open_time,open,high,low,close,volume,close_time,quote_volume,trade_count,taker_buy_base_vol,taker_buy_quote_vol
2026-03-13 16:20:00+00:00,1.0123,1.0147,1.0113,1.0124,591098.7,2026-03-13 16:24:59.999000+00:00,598847.46083,3778,331057.8,335474.02435
2026-03-13 16:25:00+00:00,1.0124,1.0133,1.0073,1.0122,2185417.7,2026-03-13 16:29:59.999000+00:00,2209433.94023,6280,1375410.0,1391213.93547
2026-03-13 16:30:00+00:00,1.0121,1.0157,1.0118,1.0136,860738.5,2026-03-13 16:34:59.999000+00:00,872985.19363,4133,569104.9,577242.01684
2026-03-13 16:35:00+00:00,1.0136,1.0168,1.0134,1.0149,750805.2,2026-03-13 16:39:59.999000+00:00,762362.01862,3625,391652.6,397677.54835
2026-03-13 16:40:00+00:00,1.015,1.0161,1.0137,1.0153,849034.4,2026-03-13 16:44:59.999000+00:00,861689.0009,2940,546851.6,555002.0684
2026-03-13 16:45:00+00:00,1.0152,1.0157,1.0132,1.0145,416244.0,2026-03-13 16:49:59.999000+00:00,422240.91523,2666,220015.1,223194.49027
2026-03-13 16:50:00+00:00,1.0146,1.0158,1.0125,1.0144,894371.3,2026-03-13 16:54:59.999000+00:00,907304.41896,3709,439735.3,446201.28234
2026-03-13 16:55:00+00:00,1.0143,1.0144,1.011,1.012,407545.9,2026-03-13 16:59:59.999000+00:00,412625.374,2526,195461.5,197897.12333
2026-03-13 17:00:00+00:00,1.0119,1.0132,1.0089,1.0102,670840.2,2026-03-13 17:04:59.999000+00:00,677920.3413,3445,330047.3,333502.76679
2026-03-13 17:05:00+00:00,1.0103,1.0139,1.01,1.0137,524333.9,2026-03-13 17:09:59.999000+00:00,530563.99436,3371,268546.0,271767.86992
2026-03-13 17:10:00+00:00,1.0136,1.0136,1.009,1.0098,635939.1,2026-03-13 17:14:59.999000+00:00,642763.84794,3376,238541.5,241071.59074
2026-03-13 17:15:00+00:00,1.0099,1.0102,1.0065,1.0089,1252908.6,2026-03-13 17:19:59.999000+00:00,1263563.41191,4876,529608.4,534245.24383
2026-03-13 17:20:00+00:00,1.0089,1.0094,1.006,1.0065,1050324.6,2026-03-13 17:24:59.999000+00:00,1058283.12079,3787,394227.5,397239.80915
2026-03-13 17:25:00+00:00,1.0066,1.007,1.0018,1.0027,2160735.6,2026-03-13 17:29:59.999000+00:00,2169477.91383,5900,704016.5,706867.55399
2026-03-13 17:30:00+00:00,1.0026,1.0029,1.0003,1.0017,1307120.7,2026-03-13 17:34:59.999000+00:00,1309184.56107,4121,417493.1,418221.8849
2026-03-13 17:35:00+00:00,1.0017,1.0029,0.9975,1.0004,1909215.5,2026-03-13 17:39:59.999000+00:00,1909191.3828,5879,791003.6,791406.02555
2026-03-13 17:40:00+00:00,1.0005,1.0006,0.9952,0.997,1502732.2,2026-03-13 17:44:59.999000+00:00,1499175.14009,5717,598602.0,597257.5204
2026-03-13 17:45:00+00:00,0.9969,0.9979,0.9936,0.9951,2143571.8,2026-03-13 17:49:59.999000+00:00,2134118.05963,6149,673471.9,670542.99591
2026-03-13 17:50:00+00:00,0.995,0.9978,0.993,0.9969,1054663.5,2026-03-13 17:54:59.999000+00:00,1050144.68403,4994,544502.1,542271.01961
2026-03-13 17:55:00+00:00,0.997,1.0001,0.9954,0.9999,1295828.4,2026-03-13 17:59:59.999000+00:00,1292961.38844,4756,882708.9,880812.4437
2026-03-13 18:00:00+00:00,0.9998,1.0023,0.9986,1.0002,1179143.3,2026-03-13 18:04:59.999000+00:00,1179905.67839,5051,744982.4,745564.19086
2026-03-13 18:05:00+00:00,1.0003,1.0003,0.9985,0.9999,707184.1,2026-03-13 18:09:59.999000+00:00,706883.09143,3334,255105.7,254982.51709
2026-03-13 18:10:00+00:00,1.0,1.0043,0.9977,1.0033,1421015.7,2026-03-13 18:14:59.999000+00:00,1422012.59535,4503,868129.9,868837.08092
2026-03-13 18:15:00+00:00,1.0034,1.0036,0.9951,0.9997,1164355.8,2026-03-13 18:19:59.999000+00:00,1163326.23831,4720,510329.7,510134.16836
2026-03-13 18:20:00+00:00,0.9998,1.0007,0.9967,0.9979,624494.0,2026-03-13 18:24:59.999000+00:00,623554.62817,3097,320615.6,320221.2048
2026-03-13 18:25:00+00:00,0.9979,1.0015,0.9969,1.0015,657243.8,2026-03-13 18:29:59.999000+00:00,656408.04916,2448,331059.8,330883.04286
2026-03-13 18:30:00+00:00,1.0014,1.0032,1.0002,1.0024,390265.3,2026-03-13 18:34:59.999000+00:00,390848.17982,2385,212024.3,212387.20696
2026-03-13 18:35:00+00:00,1.0024,1.0045,1.0016,1.003,571551.0,2026-03-13 18:39:59.999000+00:00,573149.5804,2650,400615.2,401703.06871
2026-03-13 18:40:00+00:00,1.003,1.0047,1.0026,1.0029,322113.0,2026-03-13 18:44:59.999000+00:00,323302.29269,2003,173889.9,174529.33685
2026-03-13 18:45:00+00:00,1.0028,1.0032,0.9996,1.0012,547380.1,2026-03-13 18:49:59.999000+00:00,547809.6312,2332,316200.9,316405.11424
2026-03-13 18:50:00+00:00,1.0012,1.0012,0.9982,1.0001,355807.8,2026-03-13 18:54:59.999000+00:00,355738.70258,2059,113933.9,113919.64032
2026-03-13 18:55:00+00:00,1.0001,1.0005,0.9981,0.9992,246858.8,2026-03-13 18:59:59.999000+00:00,246691.42295,1508,68359.1,68311.71533
2026-03-13 19:00:00+00:00,0.9991,0.9996,0.9972,0.9977,475392.5,2026-03-13 19:04:59.999000+00:00,474678.86445,2635,141665.4,141472.23878
2026-03-13 19:05:00+00:00,0.9977,1.0014,0.9968,0.9994,564368.0,2026-03-13 19:09:59.999000+00:00,563879.75108,3068,248050.8,247886.57148
2026-03-13 19:10:00+00:00,0.9995,1.0008,0.9989,0.9995,501598.8,2026-03-13 19:14:59.999000+00:00,501468.71721,2094,134674.3,134650.75017
2026-03-13 19:15:00+00:00,0.9996,1.0013,0.9995,0.9996,585348.8,2026-03-13 19:19:59.999000+00:00,585564.88217,2346,277091.1,277197.68884
2026-03-13 19:20:00+00:00,0.9996,1.0014,0.997,1.0011,379051.0,2026-03-13 19:24:59.999000+00:00,378847.40331,2266,187560.6,187489.96134
2026-03-13 19:25:00+00:00,1.0011,1.0011,0.9986,0.9994,212901.3,2026-03-13 19:29:59.999000+00:00,212800.40113,1402,107079.5,107022.94143
2026-03-13 19:30:00+00:00,0.9994,1.0021,0.9994,1.0001,389836.9,2026-03-13 19:34:59.999000+00:00,390134.71432,2143,262884.9,263100.0273
2026-03-13 19:35:00+00:00,1.0001,1.0011,0.9996,1.0002,194892.5,2026-03-13 19:39:59.999000+00:00,194945.46925,1497,74907.0,74929.92043
2026-03-13 19:40:00+00:00,1.0001,1.0009,0.9993,1.0002,141420.4,2026-03-13 19:44:59.999000+00:00,141436.76795,1257,61270.8,61273.62064
2026-03-13 19:45:00+00:00,1.0003,1.0016,0.9995,1.0014,664277.2,2026-03-13 19:49:59.999000+00:00,664703.0345,2140,457805.7,458079.27603
2026-03-13 19:50:00+00:00,1.0013,1.0032,1.0008,1.0024,274614.1,2026-03-13 19:54:59.999000+00:00,275222.24951,1678,187756.2,188192.83147
2026-03-13 19:55:00+00:00,1.0024,1.0034,1.0001,1.0009,261157.0,2026-03-13 19:59:59.999000+00:00,261593.7442,1690,113501.1,113692.22303
2026-03-13 20:00:00+00:00,1.0009,1.0013,0.9987,0.9992,426880.6,2026-03-13 20:04:59.999000+00:00,426949.90676,2479,160592.5,160619.89896
2026-03-13 20:05:00+00:00,0.9993,1.0004,0.9987,0.9993,1189009.6,2026-03-13 20:09:59.999000+00:00,1188703.48938,2074,915423.3,915266.98818
2026-03-13 20:10:00+00:00,0.9992,1.002,0.999,1.0019,293240.6,2026-03-13 20:14:59.999000+00:00,293391.46599,1516,188941.8,189061.15753
2026-03-13 20:15:00+00:00,1.0019,1.0039,1.0012,1.0037,306671.7,2026-03-13 20:19:59.999000+00:00,307330.77576,1745,193283.2,193718.59656
2026-03-13 20:20:00+00:00,1.0037,1.0044,1.0026,1.004,789899.6,2026-03-13 20:24:59.999000+00:00,792734.86909,1908,490374.6,492110.09826
2026-03-13 20:25:00+00:00,1.0039,1.0039,1.0007,1.0019,414441.9,2026-03-13 20:29:59.999000+00:00,415345.03277,1648,97945.5,98170.64273
2026-03-13 20:30:00+00:00,1.0019,1.0026,1.0011,1.0018,276625.6,2026-03-13 20:34:59.999000+00:00,277174.27357,1362,172525.2,172873.65452
2026-03-13 20:35:00+00:00,1.0019,1.0021,1.0009,1.0009,137857.0,2026-03-13 20:39:59.999000+00:00,138065.99593,1022,65376.7,65480.41152
2026-03-13 20:40:00+00:00,1.0009,1.001,1.0,1.0008,155402.9,2026-03-13 20:44:59.999000+00:00,155459.37612,957,98827.8,98864.4187
2026-03-13 20:45:00+00:00,1.0007,1.0023,0.9998,1.0013,318348.9,2026-03-13 20:49:59.999000+00:00,318616.45114,1438,146631.4,146749.44417
2026-03-13 20:50:00+00:00,1.0014,1.0038,1.0008,1.0037,246112.5,2026-03-13 20:54:59.999000+00:00,246701.35867,1202,178564.5,179008.01472
2026-03-13 20:55:00+00:00,1.0037,1.0044,1.0027,1.0037,419329.9,2026-03-13 20:59:59.999000+00:00,420795.96947,1348,234737.2,235624.8213
2026-03-13 21:00:00+00:00,1.0038,1.0075,1.0038,1.0068,634876.3,2026-03-13 21:04:59.999000+00:00,638542.71718,2597,417285.1,419680.60861
2026-03-13 21:05:00+00:00,1.0067,1.0083,1.0063,1.0078,584437.5,2026-03-13 21:09:59.999000+00:00,588711.6786,2160,350469.6,353046.77087
2026-03-13 21:10:00+00:00,1.0078,1.0086,1.0058,1.0072,360408.3,2026-03-13 21:14:59.999000+00:00,363039.5375,1892,139325.7,140349.68431
2026-03-13 21:15:00+00:00,1.0071,1.0076,1.0061,1.0064,204920.1,2026-03-13 21:19:59.999000+00:00,206325.5103,1112,100701.0,101395.08425
2026-03-13 21:20:00+00:00,1.0064,1.0065,1.0044,1.0054,313340.8,2026-03-13 21:24:59.999000+00:00,314930.39502,1229,104854.6,105398.36231
2026-03-13 21:25:00+00:00,1.0054,1.0054,0.9995,1.0005,713601.5,2026-03-13 21:29:59.999000+00:00,714627.83148,2286,270764.4,271052.0675
2026-03-13 21:30:00+00:00,1.0005,1.0017,0.9991,1.0003,498526.3,2026-03-13 21:34:59.999000+00:00,498565.75044,1866,284675.2,284688.40309
2026-03-13 21:35:00+00:00,1.0003,1.0014,0.9956,0.9971,724001.6,2026-03-13 21:39:59.999000+00:00,722558.24455,2414,209056.5,208771.74345
2026-03-13 21:40:00+00:00,0.997,0.9978,0.9958,0.9971,468379.6,2026-03-13 21:44:59.999000+00:00,466937.75044,1596,159868.3,159379.57829
2026-03-13 21:45:00+00:00,0.997,0.9995,0.997,0.9989,280090.4,2026-03-13 21:49:59.999000+00:00,279721.64165,1100,197052.5,196810.49165
2026-03-13 21:50:00+00:00,0.9989,0.9995,0.9974,0.9995,159724.0,2026-03-13 21:54:59.999000+00:00,159450.58384,1143,91780.2,91627.50058
2026-03-13 21:55:00+00:00,0.9995,0.9999,0.9976,0.9977,145896.6,2026-03-13 21:59:59.999000+00:00,145758.86134,1293,43233.0,43186.29404
2026-03-13 22:00:00+00:00,0.9976,0.9985,0.9868,0.9909,3288546.5,2026-03-13 22:04:59.999000+00:00,3261782.79322,8806,795521.8,789072.79274
2026-03-13 22:05:00+00:00,0.9909,0.9924,0.9902,0.9913,543390.6,2026-03-13 22:09:59.999000+00:00,538559.97836,2391,224974.2,222986.44985
2026-03-13 22:10:00+00:00,0.9913,0.9936,0.9913,0.9921,457311.1,2026-03-13 22:14:59.999000+00:00,453968.01624,2239,207102.6,205581.25504
2026-03-13 22:15:00+00:00,0.9922,0.9922,0.9883,0.9908,688651.4,2026-03-13 22:19:59.999000+00:00,681932.36294,3367,286839.6,283994.04297
2026-03-13 22:20:00+00:00,0.9908,0.9909,0.9882,0.9888,366408.8,2026-03-13 22:24:59.999000+00:00,362565.86125,1941,198539.5,196484.10519
2026-03-13 22:25:00+00:00,0.9888,0.9894,0.9877,0.9885,485967.9,2026-03-13 22:29:59.999000+00:00,480374.92186,2123,168857.6,166916.26028
2026-03-13 22:30:00+00:00,0.9885,0.9902,0.9866,0.9901,741427.1,2026-03-13 22:34:59.999000+00:00,732530.50799,3328,350903.8,346788.28036
2026-03-13 22:35:00+00:00,0.9902,0.9922,0.9881,0.9885,521010.6,2026-03-13 22:39:59.999000+00:00,515851.37798,2793,224941.6,222746.88779
2026-03-13 22:40:00+00:00,0.9885,0.9902,0.9883,0.9897,301161.4,2026-03-13 22:44:59.999000+00:00,297947.48612,1705,179007.8,177095.31689
2026-03-13 22:45:00+00:00,0.9896,0.9905,0.9891,0.9898,326380.9,2026-03-13 22:49:59.999000+00:00,323058.52239,1630,133808.0,132450.84513
2026-03-13 22:50:00+00:00,0.9897,0.994,0.9887,0.9928,638712.9,2026-03-13 22:54:59.999000+00:00,633266.36953,2502,387562.0,384313.03799
2026-03-13 22:55:00+00:00,0.9928,0.9933,0.9915,0.993,204071.2,2026-03-13 22:59:59.999000+00:00,202541.18209,1312,112321.6,111480.27631
2026-03-13 23:00:00+00:00,0.9929,0.993,0.9911,0.9916,414116.2,2026-03-13 23:04:59.999000+00:00,410789.27954,2083,153973.9,152733.81572
2026-03-13 23:05:00+00:00,0.9916,0.9927,0.9904,0.9926,652004.3,2026-03-13 23:09:59.999000+00:00,646616.17804,2349,360311.6,357395.36172
2026-03-13 23:10:00+00:00,0.9927,0.9938,0.9919,0.9935,733327.6,2026-03-13 23:14:59.999000+00:00,728214.30126,2325,548256.0,544476.13817
2026-03-13 23:15:00+00:00,0.9934,0.9946,0.9921,0.9938,291836.8,2026-03-13 23:19:59.999000+00:00,289895.50317,1642,165615.6,164538.70561
2026-03-13 23:20:00+00:00,0.9938,0.9952,0.9928,0.9947,249216.4,2026-03-13 23:24:59.999000+00:00,247764.48804,1303,130191.0,129455.52775
2026-03-13 23:25:00+00:00,0.9948,0.9959,0.9931,0.9933,482952.0,2026-03-13 23:29:59.999000+00:00,480541.38831,2069,200443.8,199479.59373
2026-03-13 23:30:00+00:00,0.9933,0.9942,0.9927,0.9934,157514.5,2026-03-13 23:34:59.999000+00:00,156482.34229,1185,99443.3,98789.62514
2026-03-13 23:35:00+00:00,0.9934,0.995,0.9934,0.9938,235928.4,2026-03-13 23:39:59.999000+00:00,234561.03028,1176,84553.2,84060.28393
2026-03-13 23:40:00+00:00,0.9939,0.9949,0.9937,0.9947,155966.2,2026-03-13 23:44:59.999000+00:00,155094.69004,747,82763.4,82299.18354
2026-03-13 23:45:00+00:00,0.9947,0.9952,0.9935,0.9942,353071.2,2026-03-13 23:49:59.999000+00:00,351159.85127,1322,109751.2,109153.94191
2026-03-13 23:50:00+00:00,0.9942,0.9946,0.9934,0.9946,146395.7,2026-03-13 23:54:59.999000+00:00,145508.75683,800,88526.8,87994.81707
2026-03-13 23:55:00+00:00,0.9946,0.9959,0.9942,0.9952,163685.5,2026-03-13 23:59:59.999000+00:00,162882.96462,944,85563.4,85146.52664
2026-03-14 00:00:00+00:00,0.9952,0.9953,0.9924,0.993,657875.1,2026-03-14 00:04:59.999000+00:00,653698.22226,2303,310165.2,308209.47766
2026-03-14 00:05:00+00:00,0.993,0.9941,0.9926,0.9935,358253.7,2026-03-14 00:09:59.999000+00:00,355861.44286,1667,194993.0,193692.68709
2026-03-14 00:10:00+00:00,0.9935,0.994,0.9921,0.9939,346495.1,2026-03-14 00:14:59.999000+00:00,344069.90651,1633,106483.0,105764.49997
2026-03-14 00:15:00+00:00,0.9939,0.9957,0.9925,0.9934,361137.8,2026-03-14 00:19:59.999000+00:00,358965.56878,1888,183101.5,182022.8203
2026-03-14 00:20:00+00:00,0.9934,0.9953,0.993,0.993,266050.0,2026-03-14 00:24:59.999000+00:00,264487.20474,1397,132247.2,131468.90406
2026-03-14 00:25:00+00:00,0.9929,0.996,0.9921,0.9958,268388.8,2026-03-14 00:29:59.999000+00:00,266780.24888,1511,185952.3,184861.83004
2026-03-14 00:30:00+00:00,0.9958,0.9977,0.9946,0.9971,687789.6,2026-03-14 00:34:59.999000+00:00,685272.36205,2106,514511.8,512747.51188
2026-03-14 00:35:00+00:00,0.997,0.9975,0.994,0.994,432234.9,2026-03-14 00:39:59.999000+00:00,430639.72712,1678,196929.5,196192.03107
2026-03-14 00:40:00+00:00,0.9941,0.9954,0.9905,0.9906,910811.2,2026-03-14 00:44:59.999000+00:00,904083.86972,2965,286821.1,284621.27246
2026-03-14 00:45:00+00:00,0.9905,0.9919,0.9893,0.9904,849551.2,2026-03-14 00:49:59.999000+00:00,841640.15323,2804,307988.7,305201.51155
2026-03-14 00:50:00+00:00,0.9904,0.9913,0.9889,0.9895,525180.4,2026-03-14 00:54:59.999000+00:00,520125.1575,1815,131115.0,129823.01109
2026-03-14 00:55:00+00:00,0.9895,0.9904,0.9893,0.9898,176133.7,2026-03-14 00:59:59.999000+00:00,174332.21743,1129,71782.4,71053.25084
2026-03-14 01:00:00+00:00,0.9898,0.9927,0.9894,0.9916,328531.5,2026-03-14 01:04:59.999000+00:00,325537.02309,1804,161710.0,160241.78667
2026-03-14 01:05:00+00:00,0.9916,0.992,0.9911,0.9915,268637.4,2026-03-14 01:09:59.999000+00:00,266367.58613,1223,86470.2,85744.02904
2026-03-14 01:10:00+00:00,0.9915,0.9917,0.989,0.9898,224998.6,2026-03-14 01:14:59.999000+00:00,222775.32242,1297,93095.6,92169.31096
2026-03-14 01:15:00+00:00,0.9898,0.9931,0.9898,0.9929,282733.5,2026-03-14 01:19:59.999000+00:00,280441.34392,1536,155347.2,154090.52918
2026-03-14 01:20:00+00:00,0.9929,0.9958,0.9929,0.9943,707388.2,2026-03-14 01:24:59.999000+00:00,703612.46606,1923,476864.5,474370.59271
2026-03-14 01:25:00+00:00,0.9943,0.9946,0.9933,0.9934,222472.8,2026-03-14 01:29:59.999000+00:00,221156.23463,1046,66919.0,66521.28328
2026-03-14 01:30:00+00:00,0.9935,0.9941,0.9915,0.9921,479836.1,2026-03-14 01:34:59.999000+00:00,476400.7014,1970,165893.9,164702.11799
2026-03-14 01:35:00+00:00,0.9922,0.9924,0.9878,0.9914,982930.5,2026-03-14 01:39:59.999000+00:00,973171.43195,3341,522085.1,516992.60964
2026-03-14 01:40:00+00:00,0.9914,0.9924,0.9901,0.9915,992969.5,2026-03-14 01:44:59.999000+00:00,984137.65128,3498,269405.7,267064.10499
2026-03-14 01:45:00+00:00,0.9915,0.9932,0.9908,0.993,314535.3,2026-03-14 01:49:59.999000+00:00,311994.36897,1514,211363.3,209713.29165
2026-03-14 01:50:00+00:00,0.993,0.9945,0.9926,0.9939,490750.1,2026-03-14 01:54:59.999000+00:00,487567.88609,1826,352873.0,350629.11167
2026-03-14 01:55:00+00:00,0.9939,0.9946,0.9934,0.9934,319773.7,2026-03-14 01:59:59.999000+00:00,317808.48441,1186,197472.5,196258.29743
2026-03-14 02:00:00+00:00,0.9935,0.9936,0.9921,0.9931,229753.1,2026-03-14 02:04:59.999000+00:00,228104.68763,1518,98789.5,98085.86782
2026-03-14 02:05:00+00:00,0.993,0.9937,0.9906,0.9907,374740.0,2026-03-14 02:09:59.999000+00:00,371850.759,1872,129157.3,128192.18506
2026-03-14 02:10:00+00:00,0.9907,0.9908,0.9885,0.9891,744697.4,2026-03-14 02:14:59.999000+00:00,736952.25955,2505,231517.3,229076.28608
2026-03-14 02:15:00+00:00,0.9891,0.9928,0.9878,0.9927,2206854.7,2026-03-14 02:19:59.999000+00:00,2185434.07664,3688,1472735.0,1458019.60284
2026-03-14 02:20:00+00:00,0.9927,0.9927,0.9908,0.9916,659396.0,2026-03-14 02:24:59.999000+00:00,653904.64801,1893,153559.6,152230.58891
2026-03-14 02:25:00+00:00,0.9916,0.9916,0.9908,0.9911,108051.4,2026-03-14 02:29:59.999000+00:00,107096.79431,894,34050.9,33749.56722
2026-03-14 02:30:00+00:00,0.9911,0.9911,0.9894,0.9905,244177.8,2026-03-14 02:34:59.999000+00:00,241779.17569,1357,83088.1,82279.05393
2026-03-14 02:35:00+00:00,0.9906,0.9912,0.9898,0.9907,347236.2,2026-03-14 02:39:59.999000+00:00,343962.67677,1188,166698.5,165159.8013
2026-03-14 02:40:00+00:00,0.9908,0.9916,0.9902,0.9905,181427.1,2026-03-14 02:44:59.999000+00:00,179741.88193,805,56669.1,56147.9506
2026-03-14 02:45:00+00:00,0.9905,0.9922,0.9902,0.9922,152202.1,2026-03-14 02:49:59.999000+00:00,150861.91617,919,122978.8,121900.54753
2026-03-14 02:50:00+00:00,0.9922,0.9943,0.9921,0.9927,404164.5,2026-03-14 02:54:59.999000+00:00,401491.26125,1454,203256.6,201908.06356
2026-03-14 02:55:00+00:00,0.9927,0.9941,0.9926,0.9928,566887.6,2026-03-14 02:59:59.999000+00:00,563206.41927,1334,230052.6,228558.58201
2026-03-14 03:00:00+00:00,0.9928,0.9934,0.9915,0.9933,378572.1,2026-03-14 03:04:59.999000+00:00,375811.41285,1732,109853.7,109040.64619
2026-03-14 03:05:00+00:00,0.9933,0.9962,0.9928,0.9959,744844.7,2026-03-14 03:09:59.999000+00:00,741128.54889,2289,552599.0,549855.67994
2026-03-14 03:10:00+00:00,0.9958,0.9964,0.9947,0.9951,435305.8,2026-03-14 03:14:59.999000+00:00,433379.38975,1537,225530.9,224539.24096
2026-03-14 03:15:00+00:00,0.9951,0.996,0.9938,0.994,893326.6,2026-03-14 03:19:59.999000+00:00,888945.16795,2607,373321.4,371534.63165
2026-03-14 03:20:00+00:00,0.9941,0.9942,0.9928,0.9935,375255.5,2026-03-14 03:24:59.999000+00:00,372828.40209,1360,158688.7,157650.33894
2026-03-14 03:25:00+00:00,0.9935,0.9952,0.9935,0.9947,233813.1,2026-03-14 03:29:59.999000+00:00,232549.84252,1045,146533.2,145750.24975
2026-03-14 03:30:00+00:00,0.9948,0.9989,0.9948,0.9981,1055141.3,2026-03-14 03:34:59.999000+00:00,1052280.24358,2927,676611.5,674729.78876
2026-03-14 03:35:00+00:00,0.9981,0.9982,0.9965,0.9977,433680.2,2026-03-14 03:39:59.999000+00:00,432508.42985,1929,277902.3,277147.15149
2026-03-14 03:40:00+00:00,0.9977,0.9986,0.997,0.9972,417386.4,2026-03-14 03:44:59.999000+00:00,416456.99085,1380,213834.1,213356.99687
2026-03-14 03:45:00+00:00,0.9972,0.9975,0.9961,0.9964,636009.8,2026-03-14 03:49:59.999000+00:00,633998.35973,1572,401567.0,400321.42884
2026-03-14 03:50:00+00:00,0.9964,0.9978,0.9956,0.9977,258177.6,2026-03-14 03:54:59.999000+00:00,257273.0509,1002,150970.1,150467.53206
2026-03-14 03:55:00+00:00,0.9977,0.9977,0.9971,0.9974,215440.7,2026-03-14 03:59:59.999000+00:00,214891.79016,814,97353.1,97104.68972
2026-03-14 04:00:00+00:00,0.9975,0.9996,0.9963,0.999,712019.7,2026-03-14 04:04:59.999000+00:00,710524.06358,2171,446208.0,445288.73322
2026-03-14 04:05:00+00:00,0.999,1.0006,0.9982,0.9996,920935.9,2026-03-14 04:09:59.999000+00:00,920639.66665,2109,649866.7,649677.78149
2026-03-14 04:10:00+00:00,0.9995,0.9999,0.9984,0.999,455198.4,2026-03-14 04:14:59.999000+00:00,454782.28389,1697,240168.5,239967.39403
2026-03-14 04:15:00+00:00,0.9991,0.9992,0.9961,0.9977,877828.3,2026-03-14 04:19:59.999000+00:00,875444.63466,2777,347288.0,346241.30263
2026-03-14 04:20:00+00:00,0.9977,0.998,0.9957,0.9957,962121.2,2026-03-14 04:24:59.999000+00:00,959355.34742,2027,480612.5,479420.7619
2026-03-14 04:25:00+00:00,0.9957,0.9987,0.9957,0.9986,472016.8,2026-03-14 04:29:59.999000+00:00,470709.18911,1721,301533.7,300631.68462
2026-03-14 04:30:00+00:00,0.9986,1.001,0.9981,1.0006,375366.4,2026-03-14 04:34:59.999000+00:00,375129.40842,1638,226259.5,226117.60541
2026-03-14 04:35:00+00:00,1.0006,1.0029,1.0003,1.002,842910.0,2026-03-14 04:39:59.999000+00:00,844272.34596,2842,460329.5,461128.68132
2026-03-14 04:40:00+00:00,1.0019,1.0022,1.0011,1.0013,360079.1,2026-03-14 04:44:59.999000+00:00,360697.5303,1241,181507.2,181819.31423
2026-03-14 04:45:00+00:00,1.0013,1.0022,1.0008,1.002,324983.9,2026-03-14 04:49:59.999000+00:00,325568.21119,1343,185524.5,185855.55208
2026-03-14 04:50:00+00:00,1.0021,1.0026,0.9943,0.9955,1259013.2,2026-03-14 04:54:59.999000+00:00,1256253.27004,4310,381463.6,380598.35072
2026-03-14 04:55:00+00:00,0.9954,0.9959,0.9935,0.9939,888332.6,2026-03-14 04:59:59.999000+00:00,883195.63381,2368,470361.9,467632.47994
2026-03-14 05:00:00+00:00,0.9939,0.995,0.9935,0.9937,425632.8,2026-03-14 05:04:59.999000+00:00,423150.73191,2092,210886.6,209672.84886
2026-03-14 05:05:00+00:00,0.9936,0.9962,0.9919,0.9952,864821.7,2026-03-14 05:09:59.999000+00:00,859662.17126,3416,370358.7,368295.29694
2026-03-14 05:10:00+00:00,0.9953,0.9956,0.9944,0.9946,354789.8,2026-03-14 05:14:59.999000+00:00,353027.08917,1587,203899.4,202880.50176
2026-03-14 05:15:00+00:00,0.9946,0.9957,0.9938,0.995,365061.7,2026-03-14 05:19:59.999000+00:00,363150.99803,1805,214680.0,213552.28908
2026-03-14 05:20:00+00:00,0.9951,0.9954,0.994,0.9945,232416.1,2026-03-14 05:24:59.999000+00:00,231189.30662,1253,116938.5,116314.2295
2026-03-14 05:25:00+00:00,0.9945,0.9948,0.9922,0.9924,311113.2,2026-03-14 05:29:59.999000+00:00,309194.85594,1308,114272.0,113610.17039
2026-03-14 05:30:00+00:00,0.9924,0.9928,0.99,0.9908,693991.0,2026-03-14 05:34:59.999000+00:00,688162.41188,2542,314159.3,311502.70018
2026-03-14 05:35:00+00:00,0.9909,0.9922,0.9894,0.9921,548794.7,2026-03-14 05:39:59.999000+00:00,543805.19756,2411,272893.7,270469.4221
2026-03-14 05:40:00+00:00,0.9921,0.9929,0.9914,0.9924,273798.6,2026-03-14 05:44:59.999000+00:00,271619.08894,1302,124622.3,123640.76056
2026-03-14 05:45:00+00:00,0.9924,0.993,0.9919,0.9929,454820.5,2026-03-14 05:49:59.999000+00:00,451369.19809,1502,288479.6,286292.4418
2026-03-14 05:50:00+00:00,0.9928,0.9929,0.9917,0.9923,255356.4,2026-03-14 05:54:59.999000+00:00,253370.89062,1167,110378.3,109516.69456
2026-03-14 05:55:00+00:00,0.9923,0.9931,0.9923,0.9926,190045.0,2026-03-14 05:59:59.999000+00:00,188671.10509,790,80982.2,80398.08999
2026-03-14 06:00:00+00:00,0.9926,0.9926,0.9902,0.9902,395181.3,2026-03-14 06:04:59.999000+00:00,391775.67134,1891,103392.4,102509.67905
2026-03-14 06:05:00+00:00,0.9901,0.991,0.9898,0.9905,270448.8,2026-03-14 06:09:59.999000+00:00,267888.26405,1316,148108.0,146707.22107
2026-03-14 06:10:00+00:00,0.9906,0.9909,0.9898,0.9905,250967.4,2026-03-14 06:14:59.999000+00:00,248574.71048,1162,115664.9,114566.89646
2026-03-14 06:15:00+00:00,0.9906,0.9907,0.9877,0.9885,704647.3,2026-03-14 06:19:59.999000+00:00,696761.52529,2586,203117.7,200798.06915
2026-03-14 06:20:00+00:00,0.9885,0.9887,0.9828,0.9842,1607169.4,2026-03-14 06:24:59.999000+00:00,1583013.72709,4461,431781.0,425401.87151
2026-03-14 06:25:00+00:00,0.9843,0.9857,0.983,0.9847,1008109.0,2026-03-14 06:29:59.999000+00:00,992594.13454,2961,450817.5,443923.64888
2026-03-14 06:30:00+00:00,0.9847,0.9852,0.9838,0.9848,492610.7,2026-03-14 06:34:59.999000+00:00,484993.39022,2114,217188.6,213854.59383
2026-03-14 06:35:00+00:00,0.9849,0.9865,0.9814,0.9827,2031741.5,2026-03-14 06:39:59.999000+00:00,1997692.76322,4697,739304.5,726933.38317
2026-03-14 06:40:00+00:00,0.9827,0.9846,0.9806,0.9832,1207310.5,2026-03-14 06:44:59.999000+00:00,1185843.7044,3982,606525.5,595832.0192
2026-03-14 06:45:00+00:00,0.9833,0.9877,0.9831,0.9869,738013.3,2026-03-14 06:49:59.999000+00:00,727436.33859,3345,450648.5,444082.86384
2026-03-14 06:50:00+00:00,0.9869,0.987,0.9856,0.9856,284458.0,2026-03-14 06:54:59.999000+00:00,280556.42913,1238,129521.6,127745.88046
2026-03-14 06:55:00+00:00,0.9856,0.9872,0.9855,0.9867,310037.0,2026-03-14 06:59:59.999000+00:00,305842.90727,1131,182790.6,180300.43894
2026-03-14 07:00:00+00:00,0.9868,0.9887,0.9864,0.9865,488149.5,2026-03-14 07:04:59.999000+00:00,482199.87284,2077,289748.7,286205.65083
2026-03-14 07:05:00+00:00,0.9864,0.9883,0.9858,0.9883,468040.2,2026-03-14 07:09:59.999000+00:00,461897.5345,1428,312100.2,307997.60855
2026-03-14 07:10:00+00:00,0.9882,0.9897,0.9882,0.9896,483991.9,2026-03-14 07:14:59.999000+00:00,478679.96708,1424,257694.7,254897.18449
2026-03-14 07:15:00+00:00,0.9896,0.9901,0.9887,0.9893,440340.8,2026-03-14 07:19:59.999000+00:00,435667.47203,1232,230628.3,228202.24095
2026-03-14 07:20:00+00:00,0.9893,0.9893,0.9876,0.9883,260669.2,2026-03-14 07:24:59.999000+00:00,257655.0059,1072,122769.8,121335.33006
2026-03-14 07:25:00+00:00,0.9884,0.9896,0.988,0.9883,191731.8,2026-03-14 07:29:59.999000+00:00,189544.32099,774,95524.8,94439.42028
2026-03-14 07:30:00+00:00,0.9883,0.9883,0.9857,0.9865,353473.0,2026-03-14 07:34:59.999000+00:00,348914.20655,1340,134556.6,132820.92522
2026-03-14 07:35:00+00:00,0.9865,0.9866,0.9846,0.9853,306553.3,2026-03-14 07:39:59.999000+00:00,302084.64826,1228,140261.4,138203.7215
2026-03-14 07:40:00+00:00,0.9853,0.9853,0.9837,0.9849,652563.1,2026-03-14 07:44:59.999000+00:00,642387.32041,1781,291326.0,286819.75066
2026-03-14 07:45:00+00:00,0.9849,0.9853,0.9833,0.9846,307407.5,2026-03-14 07:49:59.999000+00:00,302599.40989,1353,146472.8,144236.73101
2026-03-14 07:50:00+00:00,0.9847,0.9859,0.9845,0.9851,257891.0,2026-03-14 07:54:59.999000+00:00,254060.06028,1096,151319.9,149075.30723
2026-03-14 07:55:00+00:00,0.9852,0.9863,0.9852,0.9861,171148.1,2026-03-14 07:59:59.999000+00:00,168695.08793,824,103788.1,102303.61403
2026-03-14 08:00:00+00:00,0.9861,0.9865,0.9851,0.9864,347507.2,2026-03-14 08:04:59.999000+00:00,342586.31286,1471,243717.3,240281.95103
2026-03-14 08:05:00+00:00,0.9864,0.9868,0.9851,0.9851,279807.3,2026-03-14 08:09:59.999000+00:00,275925.12077,1464,122137.1,120455.60394
2026-03-14 08:10:00+00:00,0.9852,0.9865,0.985,0.9865,143282.0,2026-03-14 08:14:59.999000+00:00,141265.74339,1055,97093.7,95730.94351
2026-03-14 08:15:00+00:00,0.9865,0.9879,0.9855,0.986,679716.0,2026-03-14 08:19:59.999000+00:00,670987.00456,1604,296110.5,292321.3015
2026-03-14 08:20:00+00:00,0.9861,0.9872,0.9854,0.986,166766.8,2026-03-14 08:24:59.999000+00:00,164491.24403,906,90755.4,89517.12968
2026-03-14 08:25:00+00:00,0.9861,0.9868,0.9857,0.9866,294786.9,2026-03-14 08:29:59.999000+00:00,290732.77722,1030,134265.6,132419.93746
2026-03-14 08:30:00+00:00,0.9866,0.9869,0.9851,0.9868,227190.8,2026-03-14 08:34:59.999000+00:00,223997.99422,1125,170512.1,168110.78922
2026-03-14 08:35:00+00:00,0.9867,0.9867,0.984,0.9852,274682.8,2026-03-14 08:39:59.999000+00:00,270577.5744,1289,135464.2,133430.09434
2026-03-14 08:40:00+00:00,0.9852,0.9863,0.9849,0.9849,198975.3,2026-03-14 08:44:59.999000+00:00,196062.76429,982,119968.8,118211.68371
2026-03-14 08:45:00+00:00,0.985,0.9852,0.9841,0.9842,145397.2,2026-03-14 08:49:59.999000+00:00,143180.66709,826,93014.5,91599.05363
2026-03-14 08:50:00+00:00,0.9842,0.9856,0.9841,0.9854,140157.4,2026-03-14 08:54:59.999000+00:00,138063.48725,731,91499.2,90132.43414
2026-03-14 08:55:00+00:00,0.9854,0.9854,0.9845,0.9848,124384.1,2026-03-14 08:59:59.999000+00:00,122497.22368,652,43914.5,43248.65126
2026-03-14 09:00:00+00:00,0.9848,0.9867,0.9846,0.9864,367768.7,2026-03-14 09:04:59.999000+00:00,362415.69351,1623,258038.4,254313.04911
2026-03-14 09:05:00+00:00,0.9864,0.9872,0.9857,0.9863,365564.1,2026-03-14 09:09:59.999000+00:00,360650.69823,1411,229396.4,226329.46101
2026-03-14 09:10:00+00:00,0.9863,0.9863,0.9853,0.986,228545.0,2026-03-14 09:14:59.999000+00:00,225295.64995,1050,106204.8,104694.54416
2026-03-14 09:15:00+00:00,0.9861,0.9863,0.9842,0.9857,346849.3,2026-03-14 09:19:59.999000+00:00,341728.40397,1397,224298.0,220970.28027
2026-03-14 09:20:00+00:00,0.9856,0.9857,0.9848,0.9857,184656.4,2026-03-14 09:24:59.999000+00:00,181930.68992,705,80126.9,78944.9353
2026-03-14 09:25:00+00:00,0.9857,0.9866,0.9856,0.9865,234874.4,2026-03-14 09:29:59.999000+00:00,231651.52891,874,170594.9,168249.35704
2026-03-14 09:30:00+00:00,0.9865,0.9875,0.9855,0.9857,367275.4,2026-03-14 09:34:59.999000+00:00,362262.95319,1282,172609.1,170261.37608
2026-03-14 09:35:00+00:00,0.9857,0.9865,0.9847,0.9859,386868.4,2026-03-14 09:39:59.999000+00:00,381312.63107,1492,200208.5,197341.39503
2026-03-14 09:40:00+00:00,0.9858,0.9861,0.9857,0.986,44081.6,2026-03-14 09:44:59.999000+00:00,43460.14369,313,28022.8,27628.01165
2026-03-14 09:45:00+00:00,0.9861,0.9861,0.9813,0.9819,912514.2,2026-03-14 09:49:59.999000+00:00,896893.20289,2764,294209.6,289060.02161
2026-03-14 09:50:00+00:00,0.9819,0.9849,0.9817,0.983,493778.0,2026-03-14 09:54:59.999000+00:00,485433.81843,1554,262601.2,258140.45847
2026-03-14 09:55:00+00:00,0.9831,0.9844,0.983,0.9837,257129.8,2026-03-14 09:59:59.999000+00:00,252951.37024,921,116407.2,114509.81701
2026-03-14 10:00:00+00:00,0.9837,0.9841,0.9826,0.9827,519618.4,2026-03-14 10:04:59.999000+00:00,510940.72425,1700,310154.0,305002.38212
2026-03-14 10:05:00+00:00,0.9827,0.9839,0.9825,0.9828,262932.1,2026-03-14 10:09:59.999000+00:00,258497.90582,1144,121429.1,119393.8499
2026-03-14 10:10:00+00:00,0.9829,0.9831,0.9815,0.9831,264483.8,2026-03-14 10:14:59.999000+00:00,259832.32078,1211,117621.5,115546.2571
2026-03-14 10:15:00+00:00,0.983,0.9831,0.9791,0.9815,1073245.5,2026-03-14 10:19:59.999000+00:00,1052380.12068,2387,242744.3,238070.97332
2026-03-14 10:20:00+00:00,0.9816,0.9822,0.9799,0.9803,894270.8,2026-03-14 10:24:59.999000+00:00,876943.57343,1903,217662.9,213453.74047
2026-03-14 10:25:00+00:00,0.9804,0.9809,0.9795,0.9804,284719.7,2026-03-14 10:29:59.999000+00:00,279038.92609,1173,130869.5,128258.60694
2026-03-14 10:30:00+00:00,0.9803,0.9806,0.9783,0.9804,1314449.1,2026-03-14 10:34:59.999000+00:00,1287291.04835,2279,836600.9,819361.03005
2026-03-14 10:35:00+00:00,0.9803,0.9804,0.9792,0.9798,442076.8,2026-03-14 10:39:59.999000+00:00,433143.36338,1415,201248.7,197201.05533
2026-03-14 10:40:00+00:00,0.9799,0.9808,0.979,0.9806,402169.0,2026-03-14 10:44:59.999000+00:00,394110.00503,1160,190757.5,186949.43297
2026-03-14 10:45:00+00:00,0.9806,0.9809,0.9801,0.9805,296953.9,2026-03-14 10:49:59.999000+00:00,291170.77703,877,119415.4,117093.08867
2026-03-14 10:50:00+00:00,0.9805,0.9814,0.9804,0.9813,281074.0,2026-03-14 10:54:59.999000+00:00,275758.37549,785,209046.8,205093.15264
2026-03-14 10:55:00+00:00,0.9813,0.9818,0.9804,0.9808,303538.9,2026-03-14 10:59:59.999000+00:00,297852.50768,798,158243.9,155306.20268
2026-03-14 11:00:00+00:00,0.9808,0.9823,0.9806,0.9822,327705.4,2026-03-14 11:04:59.999000+00:00,321648.84686,1531,188167.7,184692.62331
2026-03-14 11:05:00+00:00,0.9821,0.983,0.9817,0.9822,320874.4,2026-03-14 11:09:59.999000+00:00,315181.37634,1499,163061.6,160175.33635
2026-03-14 11:10:00+00:00,0.9821,0.9829,0.9818,0.9826,320960.7,2026-03-14 11:14:59.999000+00:00,315307.09599,1219,192937.7,189560.92286
2026-03-14 11:15:00+00:00,0.9826,0.9829,0.9816,0.9816,240538.0,2026-03-14 11:19:59.999000+00:00,236272.75961,990,96208.7,94517.43085
2026-03-14 11:20:00+00:00,0.9817,0.9827,0.9809,0.9827,316517.0,2026-03-14 11:24:59.999000+00:00,310764.80758,1069,212514.8,208667.54123
2026-03-14 11:25:00+00:00,0.9827,0.9844,0.9826,0.9838,352680.7,2026-03-14 11:29:59.999000+00:00,346922.73713,1220,237909.8,234008.43743
2026-03-14 11:30:00+00:00,0.9838,0.9849,0.9833,0.9848,203998.2,2026-03-14 11:34:59.999000+00:00,200727.15282,970,123101.7,121143.19991
2026-03-14 11:35:00+00:00,0.9848,0.9859,0.9844,0.9858,269014.9,2026-03-14 11:39:59.999000+00:00,265022.57961,1066,165943.8,163486.91152
2026-03-14 11:40:00+00:00,0.9857,0.9864,0.9853,0.9861,216015.9,2026-03-14 11:44:59.999000+00:00,212950.21298,918,146490.8,144417.02263
2026-03-14 11:45:00+00:00,0.9861,0.987,0.9854,0.9867,483280.7,2026-03-14 11:49:59.999000+00:00,476749.0057,1340,232709.4,229552.47028
2026-03-14 11:50:00+00:00,0.9866,0.9872,0.9863,0.9866,162259.9,2026-03-14 11:54:59.999000+00:00,160103.09827,713,90944.1,89740.54184
2026-03-14 11:55:00+00:00,0.9865,0.9866,0.9851,0.9859,228185.5,2026-03-14 11:59:59.999000+00:00,224939.73431,873,40768.0,40181.50625
2026-03-14 12:00:00+00:00,0.9858,0.9866,0.9843,0.985,489954.8,2026-03-14 12:04:59.999000+00:00,482867.23983,2140,262323.1,258557.21994
2026-03-14 12:05:00+00:00,0.9849,0.9865,0.9849,0.9852,288234.1,2026-03-14 12:09:59.999000+00:00,284115.97101,1383,136856.6,134905.50283
2026-03-14 12:10:00+00:00,0.9851,0.986,0.9844,0.9858,223199.3,2026-03-14 12:14:59.999000+00:00,219862.89541,1272,124828.6,122980.709
2026-03-14 12:15:00+00:00,0.9857,0.9864,0.9852,0.9857,163684.7,2026-03-14 12:19:59.999000+00:00,161344.79768,1048,95324.1,93959.37621
2026-03-14 12:20:00+00:00,0.9856,0.986,0.9852,0.986,142070.9,2026-03-14 12:24:59.999000+00:00,140023.69746,823,64596.5,63670.84669
2026-03-14 12:25:00+00:00,0.9859,0.9861,0.984,0.9842,251872.0,2026-03-14 12:29:59.999000+00:00,247988.25345,1013,82792.1,81523.13129
2026-03-14 12:30:00+00:00,0.9842,0.9851,0.9839,0.9846,216975.1,2026-03-14 12:34:59.999000+00:00,213609.91654,1028,138459.5,136310.83426
2026-03-14 12:35:00+00:00,0.9845,0.9845,0.9824,0.9827,326432.7,2026-03-14 12:39:59.999000+00:00,320923.96501,1183,86448.7,84983.33879
2026-03-14 12:40:00+00:00,0.9827,0.9833,0.9818,0.9829,268157.8,2026-03-14 12:44:59.999000+00:00,263502.1388,1092,144532.2,142025.92188
2026-03-14 12:45:00+00:00,0.9828,0.985,0.9828,0.9847,329005.9,2026-03-14 12:49:59.999000+00:00,323805.23033,1120,213011.1,209631.06138
2026-03-14 12:50:00+00:00,0.9846,0.985,0.9832,0.9844,251528.6,2026-03-14 12:54:59.999000+00:00,247507.85213,1124,86406.3,85031.24888
2026-03-14 12:55:00+00:00,0.9844,0.9848,0.9837,0.9847,170252.5,2026-03-14 12:59:59.999000+00:00,167575.17719,718,99379.4,97819.49802
2026-03-14 13:00:00+00:00,0.9847,0.9848,0.9829,0.9848,501179.5,2026-03-14 13:04:59.999000+00:00,493060.56511,1581,159592.1,157028.93772
2026-03-14 13:05:00+00:00,0.9849,0.9852,0.9841,0.9847,320719.6,2026-03-14 13:09:59.999000+00:00,315809.28869,1338,208838.2,205645.70582
2026-03-14 13:10:00+00:00,0.9846,0.9864,0.9846,0.9861,326906.4,2026-03-14 13:14:59.999000+00:00,322162.98879,1132,206136.8,203165.02159
2026-03-14 13:15:00+00:00,0.9862,0.9882,0.9861,0.9882,375525.0,2026-03-14 13:19:59.999000+00:00,370771.58681,1502,244294.9,241216.29414
2026-03-14 13:20:00+00:00,0.9882,0.9895,0.9878,0.9894,453289.6,2026-03-14 13:24:59.999000+00:00,448017.03973,1295,280087.6,276816.24667
2026-03-14 13:25:00+00:00,0.9894,0.9922,0.9893,0.9918,2510317.6,2026-03-14 13:29:59.999000+00:00,2487611.73245,3375,1608529.0,1593910.62663
2026-03-14 13:30:00+00:00,0.9918,0.9937,0.9916,0.9932,1036514.4,2026-03-14 13:34:59.999000+00:00,1029227.96608,1982,467550.3,464234.42399
2026-03-14 13:35:00+00:00,0.9932,0.9932,0.99,0.9914,720717.4,2026-03-14 13:39:59.999000+00:00,714523.56599,1705,195896.2,194122.18589
2026-03-14 13:40:00+00:00,0.9914,0.9918,0.9908,0.9911,359531.8,2026-03-14 13:44:59.999000+00:00,356408.75553,926,290797.4,288275.23532
2026-03-14 13:45:00+00:00,0.9911,0.9911,0.9889,0.9911,442910.6,2026-03-14 13:49:59.999000+00:00,438462.79863,1483,174059.7,172313.24363
2026-03-14 13:50:00+00:00,0.9911,0.9911,0.9901,0.9907,134196.5,2026-03-14 13:54:59.999000+00:00,132930.13828,611,100035.9,99090.91814
2026-03-14 13:55:00+00:00,0.9907,0.9916,0.9895,0.9899,512162.5,2026-03-14 13:59:59.999000+00:00,507245.30489,1058,237165.0,234930.18333
2026-03-14 14:00:00+00:00,0.99,0.9926,0.99,0.9925,336250.2,2026-03-14 14:04:59.999000+00:00,333302.47569,1410,231768.1,229760.27372
2026-03-14 14:05:00+00:00,0.9925,0.9931,0.9909,0.9909,569393.8,2026-03-14 14:09:59.999000+00:00,564973.29381,1921,324595.6,322075.48498
2026-03-14 14:10:00+00:00,0.9909,0.9909,0.9883,0.9896,1104336.3,2026-03-14 14:14:59.999000+00:00,1092867.96427,2660,451236.9,446535.45592
2026-03-14 14:15:00+00:00,0.9897,0.9924,0.9888,0.9906,439805.6,2026-03-14 14:19:59.999000+00:00,435699.36401,1684,283254.3,280654.78177
2026-03-14 14:20:00+00:00,0.9907,0.9911,0.9889,0.9896,378617.0,2026-03-14 14:24:59.999000+00:00,374704.7116,1303,213033.1,210814.33211
2026-03-14 14:25:00+00:00,0.9895,0.9917,0.9895,0.9916,190839.7,2026-03-14 14:29:59.999000+00:00,189073.41692,1056,115713.5,114621.78679
2026-03-14 14:30:00+00:00,0.9917,0.9924,0.9889,0.9905,291897.7,2026-03-14 14:34:59.999000+00:00,289239.69505,1540,120686.7,119569.41354
2026-03-14 14:35:00+00:00,0.9905,0.9906,0.9887,0.9887,280427.3,2026-03-14 14:39:59.999000+00:00,277504.57918,1219,120444.6,119193.21678
2026-03-14 14:40:00+00:00,0.9888,0.9888,0.9845,0.9851,1811147.1,2026-03-14 14:44:59.999000+00:00,1786872.02103,3274,432417.7,426528.80935
2026-03-14 14:45:00+00:00,0.9851,0.9857,0.9798,0.9832,3082167.4,2026-03-14 14:49:59.999000+00:00,3029675.56904,4939,1012781.7,995608.34055
2026-03-14 14:50:00+00:00,0.9832,0.9846,0.9826,0.9839,668471.6,2026-03-14 14:54:59.999000+00:00,657556.94552,1746,352736.1,346950.57308
2026-03-14 14:55:00+00:00,0.9839,0.9846,0.9832,0.9838,496480.1,2026-03-14 14:59:59.999000+00:00,488482.24708,1316,263090.5,258841.60669
2026-03-14 15:00:00+00:00,0.9839,0.9864,0.9829,0.9854,1050482.7,2026-03-14 15:04:59.999000+00:00,1034246.89818,2710,698692.3,687843.17609
2026-03-14 15:05:00+00:00,0.9853,0.9859,0.9845,0.9849,312708.0,2026-03-14 15:09:59.999000+00:00,308068.67566,1299,137466.2,135429.78449
2026-03-14 15:10:00+00:00,0.9849,0.9854,0.9841,0.9848,246259.5,2026-03-14 15:14:59.999000+00:00,242519.62425,1148,116445.8,114681.51109
2026-03-14 15:15:00+00:00,0.9849,0.9851,0.9828,0.984,415621.8,2026-03-14 15:19:59.999000+00:00,408840.25627,1597,163398.6,160743.08426
2026-03-14 15:20:00+00:00,0.984,0.9849,0.9836,0.984,139577.2,2026-03-14 15:24:59.999000+00:00,137363.2264,698,103922.0,102272.9086
2026-03-14 15:25:00+00:00,0.9841,0.9853,0.984,0.9845,152376.8,2026-03-14 15:29:59.999000+00:00,150015.48572,915,60332.4,59399.19234
2026-03-14 15:30:00+00:00,0.9845,0.9845,0.982,0.9833,354972.9,2026-03-14 15:34:59.999000+00:00,348989.42376,1678,147205.9,144724.10585
2026-03-14 15:35:00+00:00,0.9834,0.9838,0.9816,0.9833,276118.4,2026-03-14 15:39:59.999000+00:00,271376.88036,1273,145089.4,142616.05241
2026-03-14 15:40:00+00:00,0.9832,0.9838,0.983,0.9836,141508.1,2026-03-14 15:44:59.999000+00:00,139148.46385,620,59555.3,58561.69256
2026-03-14 15:45:00+00:00,0.9836,0.9851,0.9836,0.9847,217445.6,2026-03-14 15:49:59.999000+00:00,214044.24872,965,149326.7,146991.02151
2026-03-14 15:50:00+00:00,0.9848,0.9877,0.9848,0.9875,800765.8,2026-03-14 15:54:59.999000+00:00,790341.64752,1710,624104.9,615952.17879
2026-03-14 15:55:00+00:00,0.9875,0.9876,0.9868,0.9868,174477.0,2026-03-14 15:59:59.999000+00:00,172257.05555,679,70793.7,69894.82518
2026-03-14 16:00:00+00:00,0.9868,0.987,0.9856,0.9868,660403.9,2026-03-14 16:04:59.999000+00:00,651426.5931,1623,449210.4,443127.56348
2026-03-14 16:05:00+00:00,0.9868,0.9868,0.9842,0.9863,412225.4,2026-03-14 16:09:59.999000+00:00,406128.91501,1873,150295.8,148069.15151
2026-03-14 16:10:00+00:00,0.9864,0.9875,0.9862,0.9869,328990.8,2026-03-14 16:14:59.999000+00:00,324651.97704,1203,218498.6,215603.97562
2026-03-14 16:15:00+00:00,0.987,0.9897,0.9869,0.9892,449960.2,2026-03-14 16:19:59.999000+00:00,444658.84433,1461,334016.6,330096.01337
2026-03-14 16:20:00+00:00,0.9892,0.9895,0.9887,0.9894,230196.2,2026-03-14 16:24:59.999000+00:00,227691.16449,712,132388.4,130951.26971
2026-03-14 16:25:00+00:00,0.9893,0.9918,0.9889,0.9913,923296.4,2026-03-14 16:29:59.999000+00:00,914763.87087,1937,627298.6,621511.99603
2026-03-14 16:30:00+00:00,0.9913,0.9937,0.9913,0.9935,596342.0,2026-03-14 16:34:59.999000+00:00,591879.60567,1576,328830.3,326330.58827
2026-03-14 16:35:00+00:00,0.9934,0.9959,0.9931,0.9939,814914.7,2026-03-14 16:39:59.999000+00:00,810549.27032,2056,507457.8,504709.63335
2026-03-14 16:40:00+00:00,0.9939,0.9958,0.9937,0.9944,541179.8,2026-03-14 16:44:59.999000+00:00,538266.37194,1378,275318.8,273854.32937
2026-03-14 16:45:00+00:00,0.9944,0.9946,0.9934,0.9938,380499.0,2026-03-14 16:49:59.999000+00:00,378233.43008,1405,159469.7,158528.73853
2026-03-14 16:50:00+00:00,0.9939,0.9957,0.9938,0.9952,293239.5,2026-03-14 16:54:59.999000+00:00,291801.20192,1206,195453.3,194478.60753
2026-03-14 16:55:00+00:00,0.9951,0.9965,0.9947,0.9956,316246.4,2026-03-14 16:59:59.999000+00:00,314891.77549,1169,250332.2,249270.68043
2026-03-14 17:00:00+00:00,0.9955,0.9958,0.9923,0.9927,733555.2,2026-03-14 17:04:59.999000+00:00,729254.49179,2300,225257.6,224026.21234
2026-03-14 17:05:00+00:00,0.9927,0.9931,0.9918,0.9928,561098.2,2026-03-14 17:09:59.999000+00:00,556963.72465,1653,241655.8,239883.67182
2026-03-14 17:10:00+00:00,0.9929,0.9933,0.992,0.9925,251372.1,2026-03-14 17:14:59.999000+00:00,249498.28561,995,134382.5,133383.76893
2026-03-14 17:15:00+00:00,0.9926,0.993,0.9909,0.992,363342.4,2026-03-14 17:19:59.999000+00:00,360337.81695,1425,160110.5,158823.40831
2026-03-14 17:20:00+00:00,0.9919,0.9926,0.9917,0.9923,203596.3,2026-03-14 17:24:59.999000+00:00,201986.11467,661,118083.3,117158.93205
2026-03-14 17:25:00+00:00,0.9923,0.9935,0.9922,0.9935,199774.4,2026-03-14 17:29:59.999000+00:00,198335.22036,721,110193.9,109403.38055
2026-03-14 17:30:00+00:00,0.9935,0.9944,0.9918,0.9919,284992.4,2026-03-14 17:34:59.999000+00:00,283167.26573,1242,122441.1,121673.81907
2026-03-14 17:35:00+00:00,0.9918,0.9928,0.9912,0.9916,352748.7,2026-03-14 17:39:59.999000+00:00,349917.47232,1147,219801.5,218049.63133
2026-03-14 17:40:00+00:00,0.9917,0.9929,0.9916,0.9924,226968.6,2026-03-14 17:44:59.999000+00:00,225174.99167,837,81140.0,80507.28069
2026-03-14 17:45:00+00:00,0.9924,0.9924,0.9907,0.9909,142837.4,2026-03-14 17:49:59.999000+00:00,141591.45855,929,49522.5,49085.26056
2026-03-14 17:50:00+00:00,0.9909,0.9909,0.9893,0.9895,222175.8,2026-03-14 17:54:59.999000+00:00,219948.4578,950,67566.1,66887.40203
2026-03-14 17:55:00+00:00,0.9895,0.991,0.9894,0.9902,158852.2,2026-03-14 17:59:59.999000+00:00,157328.90056,813,90085.4,89224.1597
2026-03-14 18:00:00+00:00,0.9902,0.9902,0.9877,0.989,389179.9,2026-03-14 18:04:59.999000+00:00,384863.5251,1769,157257.2,155511.06792
2026-03-14 18:05:00+00:00,0.9891,0.9894,0.9887,0.9891,170235.6,2026-03-14 18:09:59.999000+00:00,168373.15847,887,91805.7,90800.47484
2026-03-14 18:10:00+00:00,0.9892,0.9893,0.9884,0.9884,119872.8,2026-03-14 18:14:59.999000+00:00,118548.13463,737,59170.8,58520.41549
2026-03-14 18:15:00+00:00,0.9883,0.989,0.9875,0.9881,375868.3,2026-03-14 18:19:59.999000+00:00,371410.85256,1254,218206.1,215638.43791
2026-03-14 18:20:00+00:00,0.9881,0.9887,0.9874,0.9884,219135.5,2026-03-14 18:24:59.999000+00:00,216517.14659,937,143649.0,141934.7255
2026-03-14 18:25:00+00:00,0.9884,0.9892,0.9883,0.9889,119789.4,2026-03-14 18:29:59.999000+00:00,118454.0183,770,83334.5,82408.50834
2026-03-14 18:30:00+00:00,0.989,0.991,0.9889,0.9907,311686.9,2026-03-14 18:34:59.999000+00:00,308628.82823,1256,210313.8,208243.85797
2026-03-14 18:35:00+00:00,0.9906,0.9906,0.9893,0.9896,281484.9,2026-03-14 18:39:59.999000+00:00,278628.78454,1153,133253.3,131886.05441
2026-03-14 18:40:00+00:00,0.9895,0.9911,0.9893,0.9896,248078.3,2026-03-14 18:44:59.999000+00:00,245696.16853,1130,141692.7,140335.4393
2026-03-14 18:45:00+00:00,0.9897,0.9904,0.9892,0.9901,133569.1,2026-03-14 18:49:59.999000+00:00,132202.56251,770,86831.6,85948.29729
2026-03-14 18:50:00+00:00,0.9901,0.9902,0.9891,0.9894,170303.5,2026-03-14 18:54:59.999000+00:00,168514.77052,726,46509.0,46024.4217
2026-03-14 18:55:00+00:00,0.9894,0.9915,0.9892,0.9897,420851.2,2026-03-14 18:59:59.999000+00:00,416693.15291,1150,272469.8,269735.08437
2026-03-14 19:00:00+00:00,0.9897,0.99,0.9876,0.9883,560491.7,2026-03-14 19:04:59.999000+00:00,554251.87155,2060,197976.4,195729.71388
2026-03-14 19:05:00+00:00,0.9883,0.9886,0.988,0.9883,165014.4,2026-03-14 19:09:59.999000+00:00,163085.13913,767,100207.2,99039.05482
2026-03-14 19:10:00+00:00,0.9884,0.9886,0.9879,0.9882,145247.0,2026-03-14 19:14:59.999000+00:00,143531.76053,738,64879.5,64118.38601
2026-03-14 19:15:00+00:00,0.9883,0.9888,0.9874,0.9876,168202.8,2026-03-14 19:19:59.999000+00:00,166195.84409,965,66799.1,66014.96209
2026-03-14 19:20:00+00:00,0.9875,0.9878,0.9866,0.9873,239477.2,2026-03-14 19:24:59.999000+00:00,236406.88612,1101,89718.7,88572.74081
2026-03-14 19:25:00+00:00,0.9873,0.9873,0.9868,0.9871,80281.0,2026-03-14 19:29:59.999000+00:00,79241.71011,564,37123.9,36643.86663
2026-03-14 19:30:00+00:00,0.9871,0.9876,0.987,0.9872,102967.5,2026-03-14 19:34:59.999000+00:00,101665.66317,577,70344.3,69456.22585
2026-03-14 19:35:00+00:00,0.9872,0.9876,0.9864,0.9873,176360.6,2026-03-14 19:39:59.999000+00:00,174079.15008,714,110231.8,108802.52793
2026-03-14 19:40:00+00:00,0.9872,0.9882,0.987,0.9881,228390.1,2026-03-14 19:44:59.999000+00:00,225595.76066,821,162170.1,160191.56649
2026-03-14 19:45:00+00:00,0.9882,0.9885,0.9875,0.9875,249472.9,2026-03-14 19:49:59.999000+00:00,246436.70971,784,107662.3,106357.57177
2026-03-14 19:50:00+00:00,0.9876,0.9878,0.9866,0.9871,204738.4,2026-03-14 19:54:59.999000+00:00,202101.58849,648,104614.5,103281.96985
2026-03-14 19:55:00+00:00,0.9871,0.9871,0.986,0.9865,136253.4,2026-03-14 19:59:59.999000+00:00,134401.05529,689,49721.6,49042.51826
2026-03-14 20:00:00+00:00,0.9865,0.9866,0.9853,0.9855,288046.7,2026-03-14 20:04:59.999000+00:00,283982.54269,1277,140286.7,138315.67618
2026-03-14 20:05:00+00:00,0.9855,0.9874,0.985,0.9868,660636.0,2026-03-14 20:09:59.999000+00:00,651582.30091,2235,412430.7,406777.9246
2026-03-14 20:10:00+00:00,0.9868,0.9872,0.9856,0.9861,184768.3,2026-03-14 20:14:59.999000+00:00,182272.08421,941,77968.8,76906.24104
2026-03-14 20:15:00+00:00,0.9861,0.9863,0.9851,0.9863,177035.3,2026-03-14 20:19:59.999000+00:00,174509.76347,973,104136.9,102661.15435
2026-03-14 20:20:00+00:00,0.9864,0.9866,0.9855,0.9862,161609.8,2026-03-14 20:24:59.999000+00:00,159363.31877,829,79285.7,78181.8611
2026-03-14 20:25:00+00:00,0.9862,0.9863,0.9857,0.9857,56539.5,2026-03-14 20:29:59.999000+00:00,55750.37322,381,32417.2,31967.27042
2026-03-14 20:30:00+00:00,0.9857,0.9861,0.9855,0.9858,207067.8,2026-03-14 20:34:59.999000+00:00,204116.95022,723,110926.5,109346.15217
2026-03-14 20:35:00+00:00,0.9859,0.9864,0.9856,0.986,158485.1,2026-03-14 20:39:59.999000+00:00,156277.58602,567,97434.2,96074.68674
2026-03-14 20:40:00+00:00,0.986,0.9879,0.9857,0.9874,443443.5,2026-03-14 20:44:59.999000+00:00,437566.09446,1303,213608.8,210774.17404
2026-03-14 20:45:00+00:00,0.9874,0.9881,0.9866,0.9871,542297.6,2026-03-14 20:49:59.999000+00:00,535406.81053,1374,291494.2,287799.38463
2026-03-14 20:50:00+00:00,0.9872,0.9877,0.9868,0.9874,106873.2,2026-03-14 20:54:59.999000+00:00,105508.67111,578,57543.5,56814.56695
2026-03-14 20:55:00+00:00,0.9874,0.9882,0.9872,0.9876,243538.4,2026-03-14 20:59:59.999000+00:00,240566.96821,829,158128.7,156199.34141
2026-03-14 21:00:00+00:00,0.9876,0.9884,0.9866,0.9882,229744.3,2026-03-14 21:04:59.999000+00:00,226904.64321,1238,132464.1,130849.55497
2026-03-14 21:05:00+00:00,0.9882,0.9882,0.9866,0.9869,178733.1,2026-03-14 21:09:59.999000+00:00,176446.70095,922,84230.5,83143.75092
2026-03-14 21:10:00+00:00,0.9869,0.988,0.9862,0.9872,312587.3,2026-03-14 21:14:59.999000+00:00,308557.63559,1246,193482.9,190981.21723
2026-03-14 21:15:00+00:00,0.9872,0.9878,0.9863,0.9863,232373.1,2026-03-14 21:19:59.999000+00:00,229382.19699,952,77970.4,76965.92529
2026-03-14 21:20:00+00:00,0.9863,0.9881,0.9863,0.9877,119310.8,2026-03-14 21:24:59.999000+00:00,117804.27799,634,102842.9,101544.66287
2026-03-14 21:25:00+00:00,0.9877,0.9881,0.9874,0.9879,54291.8,2026-03-14 21:29:59.999000+00:00,53627.63024,421,25989.7,25673.04407
2026-03-14 21:30:00+00:00,0.9879,0.9891,0.9879,0.989,164000.6,2026-03-14 21:34:59.999000+00:00,162131.12485,696,136853.5,135288.04515
2026-03-14 21:35:00+00:00,0.989,0.9907,0.989,0.9903,265738.9,2026-03-14 21:39:59.999000+00:00,263016.68587,934,212706.7,210537.50685
2026-03-14 21:40:00+00:00,0.9904,0.9908,0.9899,0.9902,150423.4,2026-03-14 21:44:59.999000+00:00,148962.88115,729,83724.0,82914.09618
2026-03-14 21:45:00+00:00,0.9903,0.9914,0.99,0.9911,151871.9,2026-03-14 21:49:59.999000+00:00,150477.29968,678,119253.4,118162.60108
2026-03-14 21:50:00+00:00,0.9911,0.9932,0.991,0.9926,305894.5,2026-03-14 21:54:59.999000+00:00,303525.29768,1130,243745.6,241855.66334
2026-03-14 21:55:00+00:00,0.9927,0.9936,0.9919,0.9925,289618.3,2026-03-14 21:59:59.999000+00:00,287494.85707,1121,126116.7,125195.94344
2026-03-14 22:00:00+00:00,0.9925,0.9928,0.9908,0.992,398226.0,2026-03-14 22:04:59.999000+00:00,395040.80704,2057,202780.5,201152.60915
2026-03-14 22:05:00+00:00,0.9921,0.9935,0.9914,0.9918,240434.6,2026-03-14 22:09:59.999000+00:00,238615.0962,1285,132566.5,131574.78061
2026-03-14 22:10:00+00:00,0.9918,0.9925,0.9912,0.9913,175543.8,2026-03-14 22:14:59.999000+00:00,174090.31833,859,63883.0,63363.05505
2026-03-14 22:15:00+00:00,0.9914,0.9918,0.9908,0.9918,168396.7,2026-03-14 22:19:59.999000+00:00,166946.29003,891,134282.4,133128.35553
2026-03-14 22:20:00+00:00,0.9918,0.9926,0.9911,0.9925,256025.7,2026-03-14 22:24:59.999000+00:00,253912.11166,758,186648.4,185112.35134
2026-03-14 22:25:00+00:00,0.9926,0.9936,0.9922,0.9922,195719.1,2026-03-14 22:29:59.999000+00:00,194355.973,717,84552.2,83954.88188
2026-03-14 22:30:00+00:00,0.9923,0.9935,0.9923,0.9926,193921.6,2026-03-14 22:34:59.999000+00:00,192522.75501,806,122049.2,121165.9978
2026-03-14 22:35:00+00:00,0.9926,0.9937,0.9925,0.9936,111347.8,2026-03-14 22:39:59.999000+00:00,110590.57694,648,80973.1,80419.88929
2026-03-14 22:40:00+00:00,0.9935,0.994,0.9931,0.9933,190757.4,2026-03-14 22:44:59.999000+00:00,189515.72421,643,120736.0,119953.74887
2026-03-14 22:45:00+00:00,0.9933,0.9933,0.9919,0.992,141997.6,2026-03-14 22:49:59.999000+00:00,140948.84697,744,43226.0,42910.40619
2026-03-14 22:50:00+00:00,0.9921,0.9925,0.9915,0.9922,154368.4,2026-03-14 22:54:59.999000+00:00,153135.78142,552,56603.3,56154.26263
2026-03-14 22:55:00+00:00,0.9921,0.9929,0.992,0.9923,132232.3,2026-03-14 22:59:59.999000+00:00,131227.64482,612,70210.1,69672.3711
2026-03-14 23:00:00+00:00,0.9923,0.9979,0.9922,0.9976,617087.7,2026-03-14 23:04:59.999000+00:00,614478.29087,2487,421800.1,419981.18039
2026-03-14 23:05:00+00:00,0.9976,1.0019,0.9976,1.0001,1252605.1,2026-03-14 23:09:59.999000+00:00,1252799.70285,3687,834033.8,834045.21819
2026-03-14 23:10:00+00:00,1.0001,1.0004,0.9958,0.9977,1020474.8,2026-03-14 23:14:59.999000+00:00,1018852.39311,2770,371085.0,370418.34581
2026-03-14 23:15:00+00:00,0.9979,0.998,0.9948,0.9967,451171.8,2026-03-14 23:19:59.999000+00:00,449406.86432,1987,183580.4,182876.77144
2026-03-14 23:20:00+00:00,0.9967,0.999,0.9967,0.9986,625290.5,2026-03-14 23:24:59.999000+00:00,623827.96536,1405,497928.8,496664.9693
2026-03-14 23:25:00+00:00,0.9985,1.0005,0.9976,0.9997,350501.3,2026-03-14 23:29:59.999000+00:00,350233.63313,1411,236681.2,236495.07223
2026-03-14 23:30:00+00:00,0.9998,1.0028,0.9995,1.0004,1128047.9,2026-03-14 23:34:59.999000+00:00,1129378.37584,2518,782800.7,783900.1773
2026-03-14 23:35:00+00:00,1.0005,1.0023,1.0003,1.0014,503221.9,2026-03-14 23:39:59.999000+00:00,503896.36989,1543,346032.5,346512.67001
2026-03-14 23:40:00+00:00,1.0014,1.0019,0.9996,0.9999,348104.8,2026-03-14 23:44:59.999000+00:00,348213.31048,1202,173155.8,173222.14383
2026-03-14 23:45:00+00:00,0.9999,1.0013,0.9995,1.0,570245.1,2026-03-14 23:49:59.999000+00:00,570415.85924,1388,397992.2,398078.7354
2026-03-14 23:50:00+00:00,1.0,1.0004,0.9993,1.0002,363078.3,2026-03-14 23:54:59.999000+00:00,363026.42279,928,201239.8,201221.67838
2026-03-14 23:55:00+00:00,1.0003,1.0013,1.0002,1.0005,256155.9,2026-03-14 23:59:59.999000+00:00,256321.09346,1002,151318.9,151422.84185
2026-03-15 00:00:00+00:00,1.0006,1.0016,0.9977,0.9984,684505.0,2026-03-15 00:04:59.999000+00:00,684126.22774,2133,319295.0,319222.59277
2026-03-15 00:05:00+00:00,0.9984,0.9996,0.9975,0.9984,521116.5,2026-03-15 00:09:59.999000+00:00,520438.13663,2021,224147.1,223891.42594
2026-03-15 00:10:00+00:00,0.9984,0.9989,0.9974,0.9989,316724.8,2026-03-15 00:14:59.999000+00:00,316150.49121,1425,124645.0,124442.26556
2026-03-15 00:15:00+00:00,0.9989,0.9989,0.9968,0.9977,317223.4,2026-03-15 00:19:59.999000+00:00,316422.12316,1652,156984.5,156581.73007
2026-03-15 00:20:00+00:00,0.9976,0.9976,0.995,0.9963,448994.2,2026-03-15 00:24:59.999000+00:00,447089.12915,1700,152608.9,151943.01818
2026-03-15 00:25:00+00:00,0.9962,0.9989,0.996,0.9966,511319.3,2026-03-15 00:29:59.999000+00:00,510000.50745,1844,286656.5,285929.10425
2026-03-15 00:30:00+00:00,0.9966,0.9967,0.995,0.9957,310269.5,2026-03-15 00:34:59.999000+00:00,309005.99344,1349,112123.3,111681.67903
2026-03-15 00:35:00+00:00,0.9957,0.9966,0.9948,0.9966,262084.1,2026-03-15 00:39:59.999000+00:00,260946.12133,1188,142524.7,141918.64852
2026-03-15 00:40:00+00:00,0.9966,0.9978,0.9964,0.9977,155525.9,2026-03-15 00:44:59.999000+00:00,155096.69164,808,107599.6,107304.99595
2026-03-15 00:45:00+00:00,0.9976,0.9976,0.9958,0.9966,177003.7,2026-03-15 00:49:59.999000+00:00,176393.18448,995,79011.1,78741.34071
2026-03-15 00:50:00+00:00,0.9966,0.9991,0.9966,0.999,229867.9,2026-03-15 00:54:59.999000+00:00,229414.41287,968,155619.9,155304.8689
2026-03-15 00:55:00+00:00,0.9991,0.9998,0.9987,0.9994,210576.4,2026-03-15 00:59:59.999000+00:00,210419.34344,858,91284.5,91224.90195
2026-03-15 01:00:00+00:00,0.9994,1.0018,0.9987,1.0011,477214.4,2026-03-15 01:04:59.999000+00:00,477397.08277,1886,285668.0,285761.74852
2026-03-15 01:05:00+00:00,1.0011,1.0024,1.0007,1.0016,438474.0,2026-03-15 01:09:59.999000+00:00,439188.00768,1672,202930.6,203262.90426
2026-03-15 01:10:00+00:00,1.0016,1.0017,0.9982,1.0004,495326.3,2026-03-15 01:14:59.999000+00:00,495238.50305,1836,149870.7,149829.02682
2026-03-15 01:15:00+00:00,1.0005,1.0043,1.0004,1.0031,861704.6,2026-03-15 01:19:59.999000+00:00,864282.74238,2272,585023.5,586728.19165
2026-03-15 01:20:00+00:00,1.003,1.003,1.0007,1.0018,268049.1,2026-03-15 01:24:59.999000+00:00,268484.27732,1239,129952.8,130148.70333
2026-03-15 01:25:00+00:00,1.0019,1.0046,1.0019,1.0031,302664.6,2026-03-15 01:29:59.999000+00:00,303609.04351,1195,184604.1,185187.26165
2026-03-15 01:30:00+00:00,1.0031,1.0038,1.0012,1.0019,277211.6,2026-03-15 01:34:59.999000+00:00,277856.92794,1580,130636.6,130942.64888
2026-03-15 01:35:00+00:00,1.002,1.0029,1.0014,1.0027,312499.0,2026-03-15 01:39:59.999000+00:00,313220.09578,1320,151962.1,152293.26258
2026-03-15 01:40:00+00:00,1.0028,1.0032,1.0013,1.0014,240802.1,2026-03-15 01:44:59.999000+00:00,241309.00615,963,109557.5,109805.86079
2026-03-15 01:45:00+00:00,1.0014,1.0018,1.0003,1.0006,221984.5,2026-03-15 01:49:59.999000+00:00,222205.67902,1038,87695.4,87780.07466
2026-03-15 01:50:00+00:00,1.0007,1.0014,1.0,1.0003,254470.6,2026-03-15 01:54:59.999000+00:00,254689.02866,1099,130860.1,130973.98608
2026-03-15 01:55:00+00:00,1.0003,1.0005,0.9991,1.0,194765.6,2026-03-15 01:59:59.999000+00:00,194735.93952,1032,93602.6,93584.31391
2026-03-15 02:00:00+00:00,1.0001,1.0086,1.0001,1.0039,1331596.7,2026-03-15 02:04:59.999000+00:00,1338028.8357,4934,829701.6,833591.88815
2026-03-15 02:05:00+00:00,1.0038,1.0074,1.0033,1.0072,640811.6,2026-03-15 02:09:59.999000+00:00,644188.24402,2844,408376.8,410567.69012
2026-03-15 02:10:00+00:00,1.0071,1.008,1.0061,1.0073,614522.2,2026-03-15 02:14:59.999000+00:00,618881.03437,1986,288513.8,290585.90855
2026-03-15 02:15:00+00:00,1.0074,1.0095,1.0071,1.0093,648043.7,2026-03-15 02:19:59.999000+00:00,653261.16508,2139,427635.9,431095.18665
2026-03-15 02:20:00+00:00,1.0093,1.0099,1.0053,1.0059,409132.2,2026-03-15 02:24:59.999000+00:00,412484.55204,1780,158219.7,159544.5415
2026-03-15 02:25:00+00:00,1.0059,1.0076,1.005,1.0057,466129.8,2026-03-15 02:29:59.999000+00:00,469000.77721,1424,277978.6,279724.72197
2026-03-15 02:30:00+00:00,1.0057,1.0064,1.0052,1.0056,289077.8,2026-03-15 02:34:59.999000+00:00,290695.26258,1320,159399.5,160292.18905
2026-03-15 02:35:00+00:00,1.0056,1.0079,1.0045,1.0079,492894.6,2026-03-15 02:39:59.999000+00:00,495753.78757,1639,222558.2,223931.6132
2026-03-15 02:40:00+00:00,1.0079,1.0131,1.0073,1.0128,1146621.2,2026-03-15 02:44:59.999000+00:00,1158321.51391,3568,638976.6,645544.14876
2026-03-15 02:45:00+00:00,1.0129,1.018,1.012,1.0173,1894127.9,2026-03-15 02:49:59.999000+00:00,1921686.82502,6288,1169058.0,1186297.02881
2026-03-15 02:50:00+00:00,1.0173,1.0173,1.0129,1.0143,929175.3,2026-03-15 02:54:59.999000+00:00,942840.23829,3394,387887.0,393540.65272
2026-03-15 02:55:00+00:00,1.0143,1.0143,1.0116,1.0121,1107301.1,2026-03-15 02:59:59.999000+00:00,1121273.59051,2734,529208.4,535895.65117
2026-03-15 03:00:00+00:00,1.0121,1.0146,1.012,1.0132,554696.8,2026-03-15 03:04:59.999000+00:00,562147.5922,2287,310738.6,314906.64705
2026-03-15 03:05:00+00:00,1.0132,1.0134,1.0121,1.0126,418516.7,2026-03-15 03:09:59.999000+00:00,423788.01185,1640,188499.0,190874.55356
2026-03-15 03:10:00+00:00,1.0126,1.0161,1.0123,1.0155,473337.0,2026-03-15 03:14:59.999000+00:00,480200.5944,1588,369868.6,375203.15057
2026-03-15 03:15:00+00:00,1.0156,1.0159,1.0113,1.0124,830631.6,2026-03-15 03:19:59.999000+00:00,841457.15565,2925,333719.7,337960.47929
2026-03-15 03:20:00+00:00,1.0125,1.0139,1.0121,1.0131,514334.1,2026-03-15 03:24:59.999000+00:00,521160.97821,1598,302079.9,306100.53894
2026-03-15 03:25:00+00:00,1.0131,1.0133,1.0096,1.0106,581523.0,2026-03-15 03:29:59.999000+00:00,587847.46036,2031,140017.4,141564.20647
2026-03-15 03:30:00+00:00,1.0107,1.0112,1.0087,1.0107,608698.8,2026-03-15 03:34:59.999000+00:00,614935.95449,2176,356882.4,360580.46307
2026-03-15 03:35:00+00:00,1.0106,1.0121,1.0099,1.0104,373311.6,2026-03-15 03:39:59.999000+00:00,377422.96828,1549,233511.9,236077.66514
2026-03-15 03:40:00+00:00,1.0105,1.0109,1.0088,1.0098,565554.0,2026-03-15 03:44:59.999000+00:00,571174.82055,1718,311014.9,314116.86137
2026-03-15 03:45:00+00:00,1.0098,1.01,1.0065,1.0085,966712.7,2026-03-15 03:49:59.999000+00:00,974381.94749,2606,449972.0,453569.27495
2026-03-15 03:50:00+00:00,1.0086,1.0096,1.0078,1.0095,283700.8,2026-03-15 03:54:59.999000+00:00,286161.08232,1097,154757.0,156121.73725
2026-03-15 03:55:00+00:00,1.0095,1.0121,1.0092,1.0116,515478.9,2026-03-15 03:59:59.999000+00:00,521082.80098,1432,330846.9,334366.21851
2026-03-15 04:00:00+00:00,1.0117,1.0135,1.0115,1.0135,572884.7,2026-03-15 04:04:59.999000+00:00,579967.5814,2181,318933.9,322873.98677
2026-03-15 04:05:00+00:00,1.0136,1.0157,1.013,1.0133,651674.1,2026-03-15 04:09:59.999000+00:00,661064.36364,2569,307666.3,312073.72017
2026-03-15 04:10:00+00:00,1.0132,1.0133,1.0115,1.0128,400107.5,2026-03-15 04:14:59.999000+00:00,405053.63214,1567,198665.9,201113.53332
2026-03-15 04:15:00+00:00,1.0129,1.017,1.0128,1.015,796252.8,2026-03-15 04:19:59.999000+00:00,808353.70216,2698,496881.2,504315.62943
2026-03-15 04:20:00+00:00,1.015,1.0161,1.0123,1.0129,924415.7,2026-03-15 04:24:59.999000+00:00,937321.18449,2410,362408.5,367540.98758
2026-03-15 04:25:00+00:00,1.0128,1.0133,1.0071,1.0079,2365331.6,2026-03-15 04:29:59.999000+00:00,2388684.80146,4825,780287.9,787294.62189
2026-03-15 04:30:00+00:00,1.008,1.0084,1.0043,1.0048,886535.3,2026-03-15 04:34:59.999000+00:00,891970.9924,3252,399332.6,401861.47213
2026-03-15 04:35:00+00:00,1.0049,1.0061,1.0034,1.006,703074.9,2026-03-15 04:39:59.999000+00:00,706215.23468,2093,371651.8,373311.30788
2026-03-15 04:40:00+00:00,1.006,1.0067,1.0041,1.0066,440615.7,2026-03-15 04:44:59.999000+00:00,442842.61023,1654,260434.4,261724.01999
2026-03-15 04:45:00+00:00,1.0066,1.0066,1.0043,1.0046,477045.3,2026-03-15 04:49:59.999000+00:00,479528.68217,1567,239188.7,240422.21347
2026-03-15 04:50:00+00:00,1.0047,1.0067,1.0047,1.0062,334088.5,2026-03-15 04:54:59.999000+00:00,336003.21932,1226,238486.0,239849.50531
2026-03-15 04:55:00+00:00,1.0062,1.0075,1.0055,1.0075,286242.0,2026-03-15 04:59:59.999000+00:00,288113.51153,1204,162780.1,163853.41509
2026-03-15 05:00:00+00:00,1.0076,1.0082,1.0065,1.0065,398225.8,2026-03-15 05:04:59.999000+00:00,401227.652,1790,215751.3,217392.23529
2026-03-15 05:05:00+00:00,1.0064,1.0076,1.0052,1.0073,479509.8,2026-03-15 05:09:59.999000+00:00,482573.18286,1699,192009.2,193268.93788
2026-03-15 05:10:00+00:00,1.0073,1.0078,1.005,1.0056,386829.3,2026-03-15 05:14:59.999000+00:00,389177.96893,1725,164012.0,165034.6168
2026-03-15 05:15:00+00:00,1.0057,1.0145,1.005,1.0106,1964418.3,2026-03-15 05:19:59.999000+00:00,1984080.44355,4746,1360708.8,1373694.80085
2026-03-15 05:20:00+00:00,1.0106,1.0131,1.0096,1.0124,795521.6,2026-03-15 05:24:59.999000+00:00,804244.22969,2379,454833.8,459807.29582
2026-03-15 05:25:00+00:00,1.0124,1.0126,1.0088,1.0091,490901.9,2026-03-15 05:29:59.999000+00:00,495884.18538,1542,205323.3,207389.22477
2026-03-15 05:30:00+00:00,1.0091,1.01,1.0074,1.0085,373075.8,2026-03-15 05:34:59.999000+00:00,376353.98573,1571,155255.6,156660.84945
2026-03-15 05:35:00+00:00,1.0086,1.0102,1.0074,1.0099,457732.3,2026-03-15 05:39:59.999000+00:00,461547.56186,1762,314101.2,316751.56322
2026-03-15 05:40:00+00:00,1.0098,1.011,1.0088,1.0096,426350.4,2026-03-15 05:44:59.999000+00:00,430713.92777,1601,180114.7,181964.13746
2026-03-15 05:45:00+00:00,1.0096,1.0099,1.0071,1.0072,548406.4,2026-03-15 05:49:59.999000+00:00,553116.13095,1704,187738.4,189426.70711
2026-03-15 05:50:00+00:00,1.0071,1.0078,1.0055,1.0065,403983.8,2026-03-15 05:54:59.999000+00:00,406581.7256,1560,181825.1,183006.84396
2026-03-15 05:55:00+00:00,1.0065,1.0072,1.0056,1.0057,175051.2,2026-03-15 05:59:59.999000+00:00,176163.60119,792,78686.8,79209.02526
2026-03-15 06:00:00+00:00,1.0058,1.0069,1.0047,1.0063,385775.3,2026-03-15 06:04:59.999000+00:00,388014.50034,1859,228154.0,229497.74955
2026-03-15 06:05:00+00:00,1.0063,1.0067,1.0056,1.0063,216749.2,2026-03-15 06:09:59.999000+00:00,218081.96021,1210,103054.6,103690.42776
2026-03-15 06:10:00+00:00,1.0063,1.0063,1.0041,1.005,310106.1,2026-03-15 06:14:59.999000+00:00,311670.99637,1293,132771.3,133419.96962
2026-03-15 06:15:00+00:00,1.0051,1.0057,1.0021,1.0022,706243.5,2026-03-15 06:19:59.999000+00:00,708728.95539,1913,309376.9,310472.94481
2026-03-15 06:20:00+00:00,1.0023,1.0025,1.0012,1.0019,453691.4,2026-03-15 06:24:59.999000+00:00,454488.26949,1461,183279.2,183613.16752
2026-03-15 06:25:00+00:00,1.0019,1.0026,1.0008,1.0012,279676.8,2026-03-15 06:29:59.999000+00:00,280211.75835,1119,127248.7,127497.12393
2026-03-15 06:30:00+00:00,1.0013,1.0014,0.9981,0.9995,1106306.4,2026-03-15 06:34:59.999000+00:00,1105780.71428,2976,368253.1,368081.2579
2026-03-15 06:35:00+00:00,0.9995,0.9998,0.9976,0.9981,493295.5,2026-03-15 06:39:59.999000+00:00,492558.107,1701,177571.6,177336.48524
2026-03-15 06:40:00+00:00,0.9981,0.999,0.9977,0.9986,442311.0,2026-03-15 06:44:59.999000+00:00,441629.05582,1520,168688.7,168435.41599
2026-03-15 06:45:00+00:00,0.9986,1.0006,0.9986,1.0005,452392.0,2026-03-15 06:49:59.999000+00:00,452372.71355,1451,354989.5,354989.97789
2026-03-15 06:50:00+00:00,1.0004,1.0017,1.0001,1.0015,396554.6,2026-03-15 06:54:59.999000+00:00,396954.89077,1324,239436.6,239686.06903
2026-03-15 06:55:00+00:00,1.0015,1.0017,1.0006,1.0017,290333.0,2026-03-15 06:59:59.999000+00:00,290675.84999,1033,173487.2,173692.38284
2026-03-15 07:00:00+00:00,1.0017,1.0022,1.0003,1.0021,313848.6,2026-03-15 07:04:59.999000+00:00,314314.28874,1525,180881.8,181154.21862
2026-03-15 07:05:00+00:00,1.0021,1.0025,0.9995,0.9995,340140.0,2026-03-15 07:09:59.999000+00:00,340542.18263,1496,153868.5,154064.27611
2026-03-15 07:10:00+00:00,0.9995,1.0045,0.9995,1.0023,679093.2,2026-03-15 07:14:59.999000+00:00,681090.68646,2508,452463.2,453760.97719
2026-03-15 07:15:00+00:00,1.0023,1.0033,1.0019,1.0022,311923.7,2026-03-15 07:19:59.999000+00:00,312655.81849,1152,100222.9,100464.34059
2026-03-15 07:20:00+00:00,1.0021,1.0028,1.0015,1.0023,199420.8,2026-03-15 07:24:59.999000+00:00,199858.37291,957,113785.0,114037.36724
2026-03-15 07:25:00+00:00,1.0023,1.0023,1.0005,1.0005,216017.3,2026-03-15 07:29:59.999000+00:00,216265.45752,888,114372.2,114494.23948
2026-03-15 07:30:00+00:00,1.0005,1.0006,0.9986,1.0002,440853.0,2026-03-15 07:34:59.999000+00:00,440695.2976,1431,186668.7,186638.85371
2026-03-15 07:35:00+00:00,1.0001,1.0003,0.9995,0.9998,198933.7,2026-03-15 07:39:59.999000+00:00,198921.85988,705,91817.0,91811.35498
2026-03-15 07:40:00+00:00,0.9998,1.0005,0.9992,0.9995,246723.7,2026-03-15 07:44:59.999000+00:00,246710.05084,946,128703.1,128699.60403
2026-03-15 07:45:00+00:00,0.9994,1.0023,0.9993,1.0016,357039.2,2026-03-15 07:49:59.999000+00:00,357273.46773,1143,210284.1,210377.0909
2026-03-15 07:50:00+00:00,1.0016,1.0038,1.0015,1.0032,366273.2,2026-03-15 07:54:59.999000+00:00,367253.95909,1126,200338.5,200834.30817
2026-03-15 07:55:00+00:00,1.0031,1.0031,1.0016,1.0022,227756.2,2026-03-15 07:59:59.999000+00:00,228274.36111,910,76158.4,76336.17258
2026-03-15 08:00:00+00:00,1.0022,1.0028,1.0011,1.0015,350683.5,2026-03-15 08:04:59.999000+00:00,351317.94461,1552,199283.8,199631.71893
2026-03-15 08:05:00+00:00,1.0014,1.0021,1.0004,1.0004,245900.8,2026-03-15 08:09:59.999000+00:00,246250.85944,1282,111433.0,111597.18245
2026-03-15 08:10:00+00:00,1.0004,1.002,1.0,1.0012,903127.0,2026-03-15 08:14:59.999000+00:00,903962.39375,2425,626450.5,627058.66145
2026-03-15 08:15:00+00:00,1.0013,1.003,1.0011,1.0025,337285.7,2026-03-15 08:19:59.999000+00:00,338004.98377,1424,215848.8,216296.88635
2026-03-15 08:20:00+00:00,1.0025,1.0029,1.002,1.0028,276389.0,2026-03-15 08:24:59.999000+00:00,277054.75329,981,172810.1,173234.62592
2026-03-15 08:25:00+00:00,1.0027,1.0027,1.0008,1.0008,273884.8,2026-03-15 08:29:59.999000+00:00,274398.84193,1061,122168.3,122408.82918
2026-03-15 08:30:00+00:00,1.0008,1.0016,1.0002,1.0012,247479.8,2026-03-15 08:34:59.999000+00:00,247723.59243,997,141066.0,141214.33267
2026-03-15 08:35:00+00:00,1.0012,1.0014,1.0003,1.0014,187490.5,2026-03-15 08:39:59.999000+00:00,187656.18375,847,99915.3,100009.7353
2026-03-15 08:40:00+00:00,1.0014,1.0017,1.0004,1.0016,156302.5,2026-03-15 08:44:59.999000+00:00,156468.81789,747,108742.5,108866.17161
2026-03-15 08:45:00+00:00,1.0017,1.0049,1.0017,1.0031,626055.9,2026-03-15 08:49:59.999000+00:00,628449.76101,2018,369663.3,371046.14145
2026-03-15 08:50:00+00:00,1.0031,1.0046,1.0029,1.0034,358620.0,2026-03-15 08:54:59.999000+00:00,359963.65054,1097,249722.8,250664.15564
2026-03-15 08:55:00+00:00,1.0035,1.0052,1.0034,1.005,235478.7,2026-03-15 08:59:59.999000+00:00,236393.17126,1347,179508.4,180199.82793
2026-03-15 09:00:00+00:00,1.0051,1.0084,1.0046,1.0067,1071677.3,2026-03-15 09:04:59.999000+00:00,1078543.7382,3835,638738.8,642949.19186
2026-03-15 09:05:00+00:00,1.0066,1.008,1.0061,1.0076,759776.5,2026-03-15 09:09:59.999000+00:00,765155.92753,2634,422746.1,425740.49652
2026-03-15 09:10:00+00:00,1.0076,1.0076,1.0043,1.0046,458917.7,2026-03-15 09:14:59.999000+00:00,461589.05003,1821,217332.4,218607.66128
2026-03-15 09:15:00+00:00,1.0046,1.0063,1.0043,1.0052,344928.6,2026-03-15 09:19:59.999000+00:00,346831.01907,1381,141998.9,142772.39056
2026-03-15 09:20:00+00:00,1.0052,1.0065,1.0043,1.0051,284850.2,2026-03-15 09:24:59.999000+00:00,286383.71392,1160,141823.3,142556.51736
2026-03-15 09:25:00+00:00,1.0052,1.0058,1.0037,1.0046,231003.8,2026-03-15 09:29:59.999000+00:00,232052.96244,991,97196.7,97640.62492
2026-03-15 09:30:00+00:00,1.0046,1.005,1.0035,1.0047,409956.0,2026-03-15 09:34:59.999000+00:00,411602.27134,1172,353961.1,355379.37808
2026-03-15 09:35:00+00:00,1.0046,1.0053,1.0038,1.0048,168468.2,2026-03-15 09:39:59.999000+00:00,169213.35228,916,113417.5,113919.78954
2026-03-15 09:40:00+00:00,1.0048,1.0052,1.0024,1.0028,306442.6,2026-03-15 09:44:59.999000+00:00,307525.42232,1262,78453.6,78766.16128
2026-03-15 09:45:00+00:00,1.0028,1.0033,1.001,1.0013,223188.4,2026-03-15 09:49:59.999000+00:00,223635.06463,1019,89790.7,89998.75533
2026-03-15 09:50:00+00:00,1.0013,1.0021,1.0002,1.002,329038.2,2026-03-15 09:54:59.999000+00:00,329377.05697,1364,142257.2,142442.38608
2026-03-15 09:55:00+00:00,1.0021,1.0026,1.0018,1.002,118584.0,2026-03-15 09:59:59.999000+00:00,118845.20828,541,59558.5,59694.75051
2026-03-15 10:00:00+00:00,1.002,1.0032,1.0016,1.002,329390.1,2026-03-15 10:04:59.999000+00:00,330184.73033,1411,193746.7,194210.16043
2026-03-15 10:05:00+00:00,1.0021,1.0035,1.0019,1.0035,184636.5,2026-03-15 10:09:59.999000+00:00,185148.15571,1068,102698.9,102997.1321
2026-03-15 10:10:00+00:00,1.0035,1.0055,1.0033,1.0051,372290.7,2026-03-15 10:14:59.999000+00:00,373886.82853,1273,194679.8,195531.25388
2026-03-15 10:15:00+00:00,1.0051,1.0073,1.005,1.0067,560236.6,2026-03-15 10:19:59.999000+00:00,563643.68917,1719,259133.5,260726.73701
2026-03-15 10:20:00+00:00,1.0068,1.0075,1.0051,1.0057,307340.6,2026-03-15 10:24:59.999000+00:00,309275.27472,1077,126956.2,127800.87299
2026-03-15 10:25:00+00:00,1.0058,1.0063,1.005,1.0053,289776.0,2026-03-15 10:29:59.999000+00:00,291433.39747,881,223129.7,224416.4704
2026-03-15 10:30:00+00:00,1.0054,1.0054,1.0043,1.0044,143762.4,2026-03-15 10:34:59.999000+00:00,144435.77361,696,77129.1,77490.24576
2026-03-15 10:35:00+00:00,1.0043,1.0061,1.003,1.0041,296596.9,2026-03-15 10:39:59.999000+00:00,297971.36609,1207,198821.0,199762.72399
2026-03-15 10:40:00+00:00,1.004,1.0044,1.0036,1.004,161505.6,2026-03-15 10:44:59.999000+00:00,162151.94157,672,72405.3,72699.99933
2026-03-15 10:45:00+00:00,1.0041,1.0043,1.0034,1.004,154767.8,2026-03-15 10:49:59.999000+00:00,155367.57274,760,62897.7,63142.7106
2026-03-15 10:50:00+00:00,1.0041,1.0049,1.0033,1.0038,411822.1,2026-03-15 10:54:59.999000+00:00,413501.88891,1043,122914.2,123439.5154
2026-03-15 10:55:00+00:00,1.0038,1.004,1.0032,1.0032,83615.0,2026-03-15 10:59:59.999000+00:00,83923.79506,489,38356.4,38501.51442
2026-03-15 11:00:00+00:00,1.0033,1.0033,1.0016,1.0018,482345.2,2026-03-15 11:04:59.999000+00:00,483390.58456,1557,301347.6,302014.00981
2026-03-15 11:05:00+00:00,1.0018,1.0026,1.0007,1.001,259776.5,2026-03-15 11:09:59.999000+00:00,260224.5906,1236,128613.0,128849.44237
2026-03-15 11:10:00+00:00,1.001,1.0021,1.0007,1.0007,294292.4,2026-03-15 11:14:59.999000+00:00,294686.47486,1139,149575.3,149784.60237
2026-03-15 11:15:00+00:00,1.0008,1.002,1.0008,1.0017,290307.4,2026-03-15 11:19:59.999000+00:00,290758.58417,1186,200440.2,200753.57153
2026-03-15 11:20:00+00:00,1.0017,1.003,1.0017,1.0028,160942.6,2026-03-15 11:24:59.999000+00:00,161345.94625,711,110122.5,110400.7234
2026-03-15 11:25:00+00:00,1.0028,1.0029,1.0014,1.0018,205728.9,2026-03-15 11:29:59.999000+00:00,206163.62895,666,70078.3,70226.04472
2026-03-15 11:30:00+00:00,1.0018,1.0034,1.0018,1.0026,299803.1,2026-03-15 11:34:59.999000+00:00,300586.58682,774,198694.7,199223.94896
2026-03-15 11:35:00+00:00,1.0026,1.0028,1.0016,1.0016,306535.4,2026-03-15 11:39:59.999000+00:00,307210.17022,943,135703.9,136010.92975
2026-03-15 11:40:00+00:00,1.0015,1.0029,1.0011,1.0027,430907.5,2026-03-15 11:44:59.999000+00:00,431656.02571,899,322072.4,322658.64706
2026-03-15 11:45:00+00:00,1.0027,1.0047,1.0025,1.0036,511280.0,2026-03-15 11:49:59.999000+00:00,513321.48951,1468,314916.0,316184.2907
2026-03-15 11:50:00+00:00,1.0036,1.0048,1.0034,1.0037,184567.9,2026-03-15 11:54:59.999000+00:00,185311.79345,750,99314.9,99709.76903
2026-03-15 11:55:00+00:00,1.0036,1.0039,1.0027,1.0038,243048.2,2026-03-15 11:59:59.999000+00:00,243865.34663,707,139711.4,140176.58138
2026-03-15 12:00:00+00:00,1.0039,1.0039,1.0018,1.0033,476520.1,2026-03-15 12:04:59.999000+00:00,477813.37183,1562,215958.1,216522.4255
2026-03-15 12:05:00+00:00,1.0033,1.0038,1.0019,1.0036,260590.1,2026-03-15 12:09:59.999000+00:00,261259.63211,1274,124392.9,124710.19041
2026-03-15 12:10:00+00:00,1.0037,1.0042,1.0022,1.0026,258803.7,2026-03-15 12:14:59.999000+00:00,259649.21882,1273,127244.1,127684.69958
2026-03-15 12:15:00+00:00,1.0027,1.0037,1.0018,1.0034,141740.6,2026-03-15 12:19:59.999000+00:00,142138.97274,1137,90210.1,90472.56262
2026-03-15 12:20:00+00:00,1.0034,1.0043,1.0021,1.0025,175132.8,2026-03-15 12:24:59.999000+00:00,175690.56092,991,73827.0,74054.33311
2026-03-15 12:25:00+00:00,1.0025,1.005,1.0024,1.0049,381648.1,2026-03-15 12:29:59.999000+00:00,383018.88037,910,326408.3,327581.61049
2026-03-15 12:30:00+00:00,1.0049,1.0062,1.0049,1.0059,358760.1,2026-03-15 12:34:59.999000+00:00,360759.63855,1132,194608.8,195690.78471
2026-03-15 12:35:00+00:00,1.006,1.0062,1.0044,1.0045,315191.8,2026-03-15 12:39:59.999000+00:00,316854.29781,1103,74757.1,75155.53569
2026-03-15 12:40:00+00:00,1.0045,1.0047,1.0024,1.003,459056.7,2026-03-15 12:44:59.999000+00:00,460629.86469,1554,242048.4,242869.80767
2026-03-15 12:45:00+00:00,1.0031,1.0044,1.0027,1.0028,210997.7,2026-03-15 12:49:59.999000+00:00,211765.20882,962,103328.4,103726.47537
2026-03-15 12:50:00+00:00,1.0028,1.0038,1.0022,1.0031,282855.2,2026-03-15 12:54:59.999000+00:00,283692.3986,960,167314.9,167843.35206
2026-03-15 12:55:00+00:00,1.0032,1.0041,1.003,1.0035,113070.7,2026-03-15 12:59:59.999000+00:00,113462.41043,711,77545.3,77809.51457
2026-03-15 13:00:00+00:00,1.0036,1.0057,1.0036,1.0048,323989.7,2026-03-15 13:04:59.999000+00:00,325478.32765,1488,187068.9,187927.10149
2026-03-15 13:05:00+00:00,1.0047,1.0047,0.9976,0.9981,1660824.2,2026-03-15 13:09:59.999000+00:00,1660958.82947,4384,429241.9,429112.93587
2026-03-15 13:10:00+00:00,0.9982,0.9984,0.9937,0.9972,2544150.3,2026-03-15 13:14:59.999000+00:00,2533771.85102,6550,1123229.0,1118906.08265
2026-03-15 13:15:00+00:00,0.9972,0.9972,0.9921,0.9946,1754629.7,2026-03-15 13:19:59.999000+00:00,1744682.19267,5531,613890.1,610369.6374
2026-03-15 13:20:00+00:00,0.9947,0.9964,0.9932,0.9962,706450.9,2026-03-15 13:24:59.999000+00:00,702691.8103,2349,346786.1,344994.95302
2026-03-15 13:25:00+00:00,0.9961,0.9978,0.9953,0.9968,685895.9,2026-03-15 13:29:59.999000+00:00,683663.65755,2320,368255.3,367095.96449
2026-03-15 13:30:00+00:00,0.9968,0.9983,0.9954,0.996,1135611.5,2026-03-15 13:34:59.999000+00:00,1131409.13974,3037,575783.5,573564.37541
2026-03-15 13:35:00+00:00,0.996,0.9973,0.9926,0.9927,728298.2,2026-03-15 13:39:59.999000+00:00,724597.8183,3229,308405.3,306810.39243
2026-03-15 13:40:00+00:00,0.9927,0.9965,0.9925,0.9965,832555.4,2026-03-15 13:44:59.999000+00:00,827479.53321,2594,452652.4,450025.18927
2026-03-15 13:45:00+00:00,0.9965,0.9976,0.9953,0.9963,371237.7,2026-03-15 13:49:59.999000+00:00,369961.00978,1549,209615.4,208899.79126
2026-03-15 13:50:00+00:00,0.9963,0.9993,0.9962,0.9989,337755.0,2026-03-15 13:54:59.999000+00:00,336994.04258,1407,203252.0,202826.87878
2026-03-15 13:55:00+00:00,0.9988,1.0018,0.9985,1.0013,466954.0,2026-03-15 13:59:59.999000+00:00,466878.40587,1649,256521.8,256519.73046
2026-03-15 14:00:00+00:00,1.0013,1.0024,0.9997,1.0021,808096.5,2026-03-15 14:04:59.999000+00:00,809137.2471,2352,566805.0,567632.66369
2026-03-15 14:05:00+00:00,1.0022,1.0045,1.0017,1.0043,857370.9,2026-03-15 14:09:59.999000+00:00,860170.89321,2105,425389.3,426778.08205
2026-03-15 14:10:00+00:00,1.0042,1.0044,1.0021,1.0028,337438.8,2026-03-15 14:14:59.999000+00:00,338494.2732,1275,141127.0,141539.87003
2026-03-15 14:15:00+00:00,1.0029,1.0029,0.9999,1.0008,587847.0,2026-03-15 14:19:59.999000+00:00,588461.45087,1706,134900.2,135012.84214
2026-03-15 14:20:00+00:00,1.0008,1.0018,0.9992,0.9998,517637.8,2026-03-15 14:24:59.999000+00:00,517915.96324,1533,330387.3,330640.92235
2026-03-15 14:25:00+00:00,0.9998,1.0008,0.9995,1.0002,241553.1,2026-03-15 14:29:59.999000+00:00,241608.82727,796,171929.8,171970.50703
2026-03-15 14:30:00+00:00,1.0002,1.0005,0.9992,0.9999,320036.3,2026-03-15 14:34:59.999000+00:00,319913.92647,1353,117314.6,117280.66812
2026-03-15 14:35:00+00:00,0.9999,1.0005,0.9968,0.9982,558383.7,2026-03-15 14:39:59.999000+00:00,557406.41153,2279,335191.2,334662.82756
2026-03-15 14:40:00+00:00,0.9983,1.0016,0.9982,1.0012,405673.4,2026-03-15 14:44:59.999000+00:00,405732.11914,1553,300990.9,301020.60769
2026-03-15 14:45:00+00:00,1.0012,1.0022,1.0,1.0008,691317.0,2026-03-15 14:49:59.999000+00:00,692056.28162,1534,262471.1,262759.70642
2026-03-15 14:50:00+00:00,1.0009,1.0035,1.0008,1.0032,712467.1,2026-03-15 14:54:59.999000+00:00,714425.29827,1395,346024.9,346972.99536
2026-03-15 14:55:00+00:00,1.0032,1.0039,1.0024,1.0038,337279.3,2026-03-15 14:59:59.999000+00:00,338407.27648,1050,250153.2,251011.5503
2026-03-15 15:00:00+00:00,1.0038,1.0048,1.0031,1.0038,449064.7,2026-03-15 15:04:59.999000+00:00,450885.45732,1624,256718.0,257764.50769
2026-03-15 15:05:00+00:00,1.0037,1.0039,1.0004,1.0015,419495.2,2026-03-15 15:09:59.999000+00:00,420279.8874,1612,267290.1,267728.96452
2026-03-15 15:10:00+00:00,1.0015,1.0022,1.0006,1.0006,177691.2,2026-03-15 15:14:59.999000+00:00,177913.02191,755,73829.1,73934.24902
2026-03-15 15:15:00+00:00,1.0007,1.0017,0.9982,1.0,559306.8,2026-03-15 15:19:59.999000+00:00,558999.9181,1722,174963.3,174890.95307
2026-03-15 15:20:00+00:00,0.9999,0.9999,0.9985,0.9995,188676.0,2026-03-15 15:24:59.999000+00:00,188485.39453,807,99040.8,98942.22278
2026-03-15 15:25:00+00:00,0.9995,0.9998,0.9959,0.9964,519519.9,2026-03-15 15:29:59.999000+00:00,518279.9593,1739,183807.1,183376.25539
2026-03-15 15:30:00+00:00,0.9964,0.9983,0.9949,0.9975,754912.2,2026-03-15 15:34:59.999000+00:00,752295.73615,2409,405470.2,404108.28382
2026-03-15 15:35:00+00:00,0.9974,0.9987,0.997,0.9972,205760.0,2026-03-15 15:39:59.999000+00:00,205306.16463,1026,96608.9,96406.12628
2026-03-15 15:40:00+00:00,0.9971,0.9988,0.9971,0.9988,125729.3,2026-03-15 15:44:59.999000+00:00,125427.24073,584,94640.4,94412.92894
2026-03-15 15:45:00+00:00,0.9989,0.9994,0.9982,0.9992,114181.0,2026-03-15 15:49:59.999000+00:00,114056.7151,648,38711.8,38674.30804
2026-03-15 15:50:00+00:00,0.9992,1.0007,0.999,1.0005,271976.3,2026-03-15 15:54:59.999000+00:00,271986.98226,949,200005.3,200034.82129
2026-03-15 15:55:00+00:00,1.0006,1.0011,0.9991,0.9999,176929.7,2026-03-15 15:59:59.999000+00:00,176997.87513,825,57058.3,57073.34817
2026-03-15 16:00:00+00:00,0.9999,1.0021,0.9989,1.0021,425999.4,2026-03-15 16:04:59.999000+00:00,426126.49281,1746,275132.4,275245.52961
2026-03-15 16:05:00+00:00,1.0021,1.0036,1.0021,1.0034,540761.3,2026-03-15 16:09:59.999000+00:00,542419.00502,1810,306539.9,307480.02952
2026-03-15 16:10:00+00:00,1.0034,1.0034,1.0023,1.0032,256100.0,2026-03-15 16:14:59.999000+00:00,256777.72385,1193,73799.6,74005.75001
2026-03-15 16:15:00+00:00,1.0032,1.0043,0.9987,1.0019,825919.1,2026-03-15 16:19:59.999000+00:00,826664.54204,2998,361985.2,362256.54181
2026-03-15 16:20:00+00:00,1.0018,1.0018,0.9993,0.9997,192483.8,2026-03-15 16:24:59.999000+00:00,192545.5495,1066,103099.4,103118.91907
2026-03-15 16:25:00+00:00,0.9998,1.0012,0.9991,1.0012,257432.3,2026-03-15 16:29:59.999000+00:00,257445.04395,1066,174615.0,174631.04374
2026-03-15 16:30:00+00:00,1.0011,1.0013,0.9984,1.0,461963.1,2026-03-15 16:34:59.999000+00:00,461919.19517,2225,291460.8,291463.31669
2026-03-15 16:35:00+00:00,0.9999,1.003,0.9996,1.0021,367616.5,2026-03-15 16:39:59.999000+00:00,368183.32182,1441,258801.1,259198.40296
2026-03-15 16:40:00+00:00,1.0021,1.0036,1.0005,1.0007,250925.9,2026-03-15 16:44:59.999000+00:00,251512.33159,1138,118233.5,118496.17879
2026-03-15 16:45:00+00:00,1.0008,1.0014,0.9998,1.0,218736.1,2026-03-15 16:49:59.999000+00:00,218833.5352,981,98606.1,98668.68649
2026-03-15 16:50:00+00:00,1.0,1.0002,0.9971,0.9995,778424.0,2026-03-15 16:54:59.999000+00:00,776891.06685,1895,480656.6,479559.96475
2026-03-15 16:55:00+00:00,0.9995,0.9998,0.9978,0.9983,306372.2,2026-03-15 16:59:59.999000+00:00,305893.6169,1198,104465.2,104302.57115
2026-03-15 17:00:00+00:00,0.9984,1.0018,0.9982,1.0013,317723.5,2026-03-15 17:04:59.999000+00:00,317720.44115,1775,163618.3,163616.87965
2026-03-15 17:05:00+00:00,1.0012,1.0028,1.001,1.0019,490982.1,2026-03-15 17:09:59.999000+00:00,491968.02458,1827,190575.5,190961.84446
2026-03-15 17:10:00+00:00,1.0018,1.0018,0.9998,1.0008,260489.8,2026-03-15 17:14:59.999000+00:00,260751.23997,1181,116807.8,116913.66178
2026-03-15 17:15:00+00:00,1.0009,1.0018,1.0001,1.0016,307896.2,2026-03-15 17:19:59.999000+00:00,308102.88775,1129,161993.3,162100.3832
2026-03-15 17:20:00+00:00,1.0017,1.002,1.0003,1.0009,320381.5,2026-03-15 17:24:59.999000+00:00,320688.60858,1003,95053.9,95133.19409
2026-03-15 17:25:00+00:00,1.0009,1.0011,0.9998,0.9999,115195.6,2026-03-15 17:29:59.999000+00:00,115236.67155,511,50583.4,50601.41534
2026-03-15 17:30:00+00:00,1.0,1.0002,0.9989,0.9994,289516.2,2026-03-15 17:34:59.999000+00:00,289412.67823,1112,170851.7,170788.54089
2026-03-15 17:35:00+00:00,0.9995,1.0005,0.9988,0.9991,193196.9,2026-03-15 17:39:59.999000+00:00,193143.75707,986,109436.5,109409.85275
2026-03-15 17:40:00+00:00,0.9991,0.9999,0.999,0.9991,130363.8,2026-03-15 17:44:59.999000+00:00,130282.1877,609,98892.4,98830.21831
2026-03-15 17:45:00+00:00,0.9992,1.0005,0.9989,1.0004,363844.0,2026-03-15 17:49:59.999000+00:00,363760.31819,1369,250727.1,250675.88964
2026-03-15 17:50:00+00:00,1.0004,1.0142,1.0,1.0103,3012702.2,2026-03-15 17:54:59.999000+00:00,3039979.04873,7350,2250531.3,2270842.16735
2026-03-15 17:55:00+00:00,1.0103,1.0112,1.0074,1.009,851041.5,2026-03-15 17:59:59.999000+00:00,858539.97658,2645,272518.0,274910.12028
2026-03-15 18:00:00+00:00,1.0091,1.0102,1.0076,1.0077,787758.3,2026-03-15 18:04:59.999000+00:00,794921.03159,2554,243794.1,245981.74816
2026-03-15 18:05:00+00:00,1.0078,1.0095,1.0066,1.0092,453374.2,2026-03-15 18:09:59.999000+00:00,457208.54815,1948,261087.7,263335.25075
2026-03-15 18:10:00+00:00,1.0091,1.0104,1.0078,1.0085,407577.7,2026-03-15 18:14:59.999000+00:00,411289.6577,1889,174117.6,175704.44265
2026-03-15 18:15:00+00:00,1.0086,1.0086,1.0067,1.0077,427800.0,2026-03-15 18:19:59.999000+00:00,431030.28952,1663,255921.2,257868.6179
2026-03-15 18:20:00+00:00,1.0077,1.0081,1.006,1.006,827489.0,2026-03-15 18:24:59.999000+00:00,833463.2016,1747,355595.3,358228.16203
2026-03-15 18:25:00+00:00,1.0061,1.0064,1.0056,1.0063,343803.2,2026-03-15 18:29:59.999000+00:00,345882.30674,1060,168699.2,169719.21687
2026-03-15 18:30:00+00:00,1.0064,1.0096,1.0064,1.0088,441829.9,2026-03-15 18:34:59.999000+00:00,445540.97616,1897,226068.4,227902.12397
2026-03-15 18:35:00+00:00,1.0089,1.0098,1.0078,1.0079,147355.2,2026-03-15 18:39:59.999000+00:00,148676.28908,1057,57378.6,57896.70234
2026-03-15 18:40:00+00:00,1.0079,1.0087,1.0079,1.0079,200523.4,2026-03-15 18:44:59.999000+00:00,202159.41371,823,63923.6,64452.09955
2026-03-15 18:45:00+00:00,1.008,1.0082,1.0001,1.0006,794214.0,2026-03-15 18:49:59.999000+00:00,796492.70961,3331,320001.4,320739.79501
2026-03-15 18:50:00+00:00,1.0006,1.0014,1.0002,1.0009,581584.3,2026-03-15 18:54:59.999000+00:00,582054.7194,1745,358715.6,359029.51318
2026-03-15 18:55:00+00:00,1.001,1.0011,0.9992,1.0007,368596.7,2026-03-15 18:59:59.999000+00:00,368681.10693,1549,148892.4,148946.15645
2026-03-15 19:00:00+00:00,1.0008,1.0032,1.0006,1.0032,659301.0,2026-03-15 19:04:59.999000+00:00,660748.81314,2487,453920.1,454922.035
2026-03-15 19:05:00+00:00,1.0031,1.0033,1.0018,1.0023,284322.3,2026-03-15 19:09:59.999000+00:00,285052.27741,1385,154195.2,154595.23211
2026-03-15 19:10:00+00:00,1.0023,1.0053,1.0004,1.0043,438278.0,2026-03-15 19:14:59.999000+00:00,439371.17442,2078,299995.9,300697.34013
2026-03-15 19:15:00+00:00,1.0043,1.0046,1.0022,1.0033,250159.1,2026-03-15 19:19:59.999000+00:00,250984.51827,1206,128980.7,129410.5362
2026-03-15 19:20:00+00:00,1.0033,1.0035,1.0025,1.0035,136930.5,2026-03-15 19:24:59.999000+00:00,137341.09077,752,60820.0,61004.44584
2026-03-15 19:25:00+00:00,1.0036,1.0055,1.0032,1.0043,153378.8,2026-03-15 19:29:59.999000+00:00,154080.9323,890,57073.4,57322.97671
2026-03-15 19:30:00+00:00,1.0043,1.0051,1.0031,1.005,465572.6,2026-03-15 19:34:59.999000+00:00,467504.37199,1408,251675.0,252738.31726
2026-03-15 19:35:00+00:00,1.0051,1.0056,1.0038,1.0038,320077.0,2026-03-15 19:39:59.999000+00:00,321589.42543,1079,100006.5,100480.87403
2026-03-15 19:40:00+00:00,1.0039,1.005,1.0038,1.004,244606.8,2026-03-15 19:44:59.999000+00:00,245657.98478,864,113568.0,114057.87616
2026-03-15 19:45:00+00:00,1.004,1.0043,1.0032,1.004,159754.8,2026-03-15 19:49:59.999000+00:00,160339.53109,751,56504.6,56714.02981
2026-03-15 19:50:00+00:00,1.0041,1.0053,1.0035,1.0046,192840.6,2026-03-15 19:54:59.999000+00:00,193700.25285,978,92925.0,93333.48713
2026-03-15 19:55:00+00:00,1.0046,1.0066,1.0043,1.0056,126897.6,2026-03-15 19:59:59.999000+00:00,127631.81286,1063,56606.6,56926.14353
2026-03-15 20:00:00+00:00,1.0056,1.0057,1.0036,1.0047,211300.7,2026-03-15 20:04:59.999000+00:00,212269.47603,1218,99791.9,100257.98481
2026-03-15 20:05:00+00:00,1.0047,1.0049,1.0032,1.0036,230674.8,2026-03-15 20:09:59.999000+00:00,231583.98052,974,82230.5,82563.05772
2026-03-15 20:10:00+00:00,1.0037,1.0038,1.0024,1.0027,231833.0,2026-03-15 20:14:59.999000+00:00,232573.98907,781,122292.9,122668.42177
2026-03-15 20:15:00+00:00,1.0028,1.0034,1.0017,1.0018,303016.3,2026-03-15 20:19:59.999000+00:00,303823.7915,1121,105444.2,105744.01032
2026-03-15 20:20:00+00:00,1.0018,1.0029,1.0016,1.0023,195802.8,2026-03-15 20:24:59.999000+00:00,196234.72706,782,121280.3,121552.53042
2026-03-15 20:25:00+00:00,1.0023,1.0024,1.0007,1.0021,592900.5,2026-03-15 20:29:59.999000+00:00,593748.11507,1299,257081.6,257519.3762
2026-03-15 20:30:00+00:00,1.0021,1.0095,1.002,1.0068,790968.8,2026-03-15 20:34:59.999000+00:00,796362.6556,3691,424724.5,427548.66748
2026-03-15 20:35:00+00:00,1.0069,1.0119,1.0064,1.0106,883111.9,2026-03-15 20:39:59.999000+00:00,891514.7034,3158,599092.5,604847.85144
2026-03-15 20:40:00+00:00,1.0106,1.0113,1.0069,1.0077,631390.2,2026-03-15 20:44:59.999000+00:00,636703.89919,2238,277500.6,279860.07841
2026-03-15 20:45:00+00:00,1.0076,1.0084,1.0059,1.0069,365241.5,2026-03-15 20:49:59.999000+00:00,367651.16219,1371,114232.7,114984.38793
2026-03-15 20:50:00+00:00,1.0069,1.0076,1.0061,1.0067,252484.5,2026-03-15 20:54:59.999000+00:00,254234.84441,1008,130737.0,131663.2799
2026-03-15 20:55:00+00:00,1.0068,1.0073,1.0061,1.0061,236501.1,2026-03-15 20:59:59.999000+00:00,238051.56122,762,53973.0,54338.6149
2026-03-15 21:00:00+00:00,1.0061,1.0069,1.0045,1.0048,306958.1,2026-03-15 21:04:59.999000+00:00,308684.76611,1521,146478.5,147307.31338
2026-03-15 21:05:00+00:00,1.0048,1.0055,1.0029,1.0033,350204.3,2026-03-15 21:09:59.999000+00:00,351558.87379,1651,157388.4,158014.62282
2026-03-15 21:10:00+00:00,1.0034,1.0034,1.0022,1.0026,299842.4,2026-03-15 21:14:59.999000+00:00,300692.19103,1160,109624.8,109932.19905
2026-03-15 21:15:00+00:00,1.0027,1.0053,1.0027,1.0045,368596.8,2026-03-15 21:19:59.999000+00:00,370200.2279,1134,307592.2,308937.73261
2026-03-15 21:20:00+00:00,1.0044,1.0067,1.0044,1.006,244200.1,2026-03-15 21:24:59.999000+00:00,245681.36614,798,81202.0,81691.77451
2026-03-15 21:25:00+00:00,1.0061,1.0086,1.0058,1.0058,314946.0,2026-03-15 21:29:59.999000+00:00,317313.45177,1155,132266.3,133291.3213
2026-03-15 21:30:00+00:00,1.0058,1.0106,1.0057,1.0095,640397.4,2026-03-15 21:34:59.999000+00:00,646066.82985,1853,298984.0,301585.81128
2026-03-15 21:35:00+00:00,1.0095,1.0155,1.0092,1.013,952978.4,2026-03-15 21:39:59.999000+00:00,965238.62116,3384,533516.6,540495.6292
2026-03-15 21:40:00+00:00,1.013,1.0148,1.0117,1.0141,453847.3,2026-03-15 21:44:59.999000+00:00,459925.9438,2140,239711.1,242959.76252
2026-03-15 21:45:00+00:00,1.014,1.0164,1.0124,1.0134,496861.1,2026-03-15 21:49:59.999000+00:00,504205.62904,2590,252383.3,256147.64365
2026-03-15 21:50:00+00:00,1.0133,1.0143,1.0123,1.0139,238593.7,2026-03-15 21:54:59.999000+00:00,241749.6024,1460,112313.5,113826.96092
2026-03-15 21:55:00+00:00,1.0139,1.0151,1.0126,1.0151,427598.0,2026-03-15 21:59:59.999000+00:00,433816.40867,1605,155002.5,157243.53979
2026-03-15 22:00:00+00:00,1.0151,1.0226,1.0132,1.0199,2677637.8,2026-03-15 22:04:59.999000+00:00,2727672.62454,9062,1578252.5,1608212.41739
2026-03-15 22:05:00+00:00,1.0199,1.02,1.0124,1.0129,936690.8,2026-03-15 22:09:59.999000+00:00,951106.8213,5138,296923.6,301585.64504
2026-03-15 22:10:00+00:00,1.0129,1.013,1.0084,1.0092,1046676.0,2026-03-15 22:14:59.999000+00:00,1057210.68757,4316,466238.7,470850.01605
2026-03-15 22:15:00+00:00,1.0092,1.0098,1.0064,1.0075,641924.2,2026-03-15 22:19:59.999000+00:00,646977.02696,4031,250185.7,252185.26996
2026-03-15 22:20:00+00:00,1.0075,1.0099,1.0069,1.0087,441359.6,2026-03-15 22:24:59.999000+00:00,445136.56941,2049,309928.0,312543.62981
2026-03-15 22:25:00+00:00,1.0087,1.0109,1.0086,1.0107,348362.7,2026-03-15 22:29:59.999000+00:00,351880.09051,1654,218830.0,221038.44757
2026-03-15 22:30:00+00:00,1.0107,1.0214,1.0106,1.0188,1891694.1,2026-03-15 22:34:59.999000+00:00,1923549.98348,7456,1154150.4,1173563.30743
2026-03-15 22:35:00+00:00,1.0188,1.0217,1.0167,1.0206,728583.5,2026-03-15 22:39:59.999000+00:00,742435.65578,3694,299500.1,305258.14811
2026-03-15 22:40:00+00:00,1.0207,1.0265,1.02,1.0235,2936613.5,2026-03-15 22:44:59.999000+00:00,3007816.93539,8592,1911290.0,1958030.056
2026-03-15 22:45:00+00:00,1.0234,1.0284,1.0233,1.0268,1325387.9,2026-03-15 22:49:59.999000+00:00,1360155.0742,5921,709057.9,727718.66212
2026-03-15 22:50:00+00:00,1.0267,1.0334,1.0264,1.0277,2609594.5,2026-03-15 22:54:59.999000+00:00,2687932.22534,8091,1347188.2,1388026.96857
2026-03-15 22:55:00+00:00,1.0277,1.0297,1.0265,1.029,839993.6,2026-03-15 22:59:59.999000+00:00,863400.94632,3229,365907.1,376129.01788
2026-03-15 23:00:00+00:00,1.029,1.0306,1.0274,1.0303,1438123.2,2026-03-15 23:04:59.999000+00:00,1479352.45504,6265,783115.9,805563.06346
2026-03-15 23:05:00+00:00,1.0303,1.0318,1.0257,1.0275,1681279.9,2026-03-15 23:09:59.999000+00:00,1729285.5581,6934,971031.9,998933.87069
2026-03-15 23:10:00+00:00,1.0274,1.0283,1.0222,1.0245,968009.7,2026-03-15 23:14:59.999000+00:00,991829.39477,5163,300490.0,307965.99762
2026-03-15 23:15:00+00:00,1.0245,1.0274,1.0192,1.0217,1684625.1,2026-03-15 23:19:59.999000+00:00,1722954.79999,6248,744559.0,762014.76759
2026-03-15 23:20:00+00:00,1.0217,1.023,1.0147,1.0169,1985020.5,2026-03-15 23:24:59.999000+00:00,2022737.74598,6464,611239.3,622312.37559
2026-03-15 23:25:00+00:00,1.0169,1.0177,1.0145,1.0153,892132.9,2026-03-15 23:29:59.999000+00:00,906585.74808,3133,461562.7,469099.31783
2026-03-15 23:30:00+00:00,1.0153,1.0161,1.0127,1.016,906306.7,2026-03-15 23:34:59.999000+00:00,919721.92295,3621,379932.9,385583.51419
2026-03-15 23:35:00+00:00,1.016,1.0184,1.0147,1.0161,586013.7,2026-03-15 23:39:59.999000+00:00,595647.47359,3068,316074.9,321308.55704
2026-03-15 23:40:00+00:00,1.0161,1.02,1.0155,1.0185,668485.5,2026-03-15 23:44:59.999000+00:00,680270.06958,3217,341946.5,348025.85779
2026-03-15 23:45:00+00:00,1.0186,1.0217,1.0186,1.0209,622950.9,2026-03-15 23:49:59.999000+00:00,635629.22816,3086,309513.6,315808.82693
2026-03-15 23:50:00+00:00,1.0209,1.0211,1.018,1.02,559898.8,2026-03-15 23:54:59.999000+00:00,570697.05088,2160,188848.7,192521.98012
2026-03-15 23:55:00+00:00,1.0199,1.0234,1.0199,1.0232,498703.1,2026-03-15 23:59:59.999000+00:00,509697.3183,2012,386021.8,394540.86701
2026-03-16 00:00:00+00:00,1.0233,1.0294,1.0231,1.0252,2102404.2,2026-03-16 00:04:59.999000+00:00,2157397.39655,7151,1200501.2,1231812.77823
2026-03-16 00:05:00+00:00,1.0252,1.0269,1.0244,1.0262,510838.5,2026-03-16 00:09:59.999000+00:00,524018.09051,2874,213907.9,219440.3329
2026-03-16 00:10:00+00:00,1.0262,1.0269,1.0213,1.022,997344.4,2026-03-16 00:14:59.999000+00:00,1020543.57944,3564,190094.6,194564.79242
2026-03-16 00:15:00+00:00,1.022,1.0249,1.0186,1.0193,639184.4,2026-03-16 00:19:59.999000+00:00,652955.69209,3117,255388.2,260917.54058
2026-03-16 00:20:00+00:00,1.0193,1.0202,1.018,1.0187,534658.9,2026-03-16 00:24:59.999000+00:00,544894.97021,2214,224351.5,228612.26727
2026-03-16 00:25:00+00:00,1.0188,1.019,1.0156,1.0166,590113.4,2026-03-16 00:29:59.999000+00:00,600209.54537,1772,234256.4,238288.03457
2026-03-16 00:30:00+00:00,1.0167,1.0187,1.0166,1.0185,482434.1,2026-03-16 00:34:59.999000+00:00,490859.15114,2131,259798.6,264348.00864
2026-03-16 00:35:00+00:00,1.0184,1.0196,1.0177,1.0177,518059.4,2026-03-16 00:39:59.999000+00:00,527797.99253,2075,199775.6,203535.75642
2026-03-16 00:40:00+00:00,1.0177,1.0191,1.0155,1.0184,363948.6,2026-03-16 00:44:59.999000+00:00,370206.52162,1785,144082.8,146636.6156
2026-03-16 00:45:00+00:00,1.0183,1.022,1.0183,1.0212,314350.0,2026-03-16 00:49:59.999000+00:00,320668.23727,1955,185698.4,189438.99531
2026-03-16 00:50:00+00:00,1.0211,1.0218,1.0199,1.0206,201935.7,2026-03-16 00:54:59.999000+00:00,206143.79682,1340,82511.1,84231.97226
2026-03-16 00:55:00+00:00,1.0206,1.0222,1.0201,1.0209,211100.8,2026-03-16 00:59:59.999000+00:00,215580.652,1191,95518.1,97537.57379
2026-03-16 01:00:00+00:00,1.0209,1.0221,1.0164,1.0168,549057.3,2026-03-16 01:04:59.999000+00:00,559685.47949,2973,222548.1,226948.99596
2026-03-16 01:05:00+00:00,1.0169,1.0185,1.0157,1.0167,912824.1,2026-03-16 01:09:59.999000+00:00,928277.051,2872,354437.8,360412.92044
2026-03-16 01:10:00+00:00,1.0167,1.0176,1.0138,1.0142,575506.5,2026-03-16 01:14:59.999000+00:00,584405.30743,2683,308017.2,312881.56549
2026-03-16 01:15:00+00:00,1.0143,1.0181,1.0143,1.0179,318049.7,2026-03-16 01:19:59.999000+00:00,322999.72792,2027,205189.9,208380.90551
2026-03-16 01:20:00+00:00,1.018,1.023,1.0177,1.0219,595978.1,2026-03-16 01:24:59.999000+00:00,608344.06384,2380,275358.0,281041.23782
2026-03-16 01:25:00+00:00,1.0219,1.0223,1.0197,1.0216,470679.1,2026-03-16 01:29:59.999000+00:00,480679.32261,2122,311921.5,318578.77027
2026-03-16 01:30:00+00:00,1.0216,1.0216,1.0166,1.0195,558011.5,2026-03-16 01:34:59.999000+00:00,568656.38472,2657,216350.9,220409.25842
2026-03-16 01:35:00+00:00,1.0196,1.0223,1.0191,1.0196,380561.5,2026-03-16 01:39:59.999000+00:00,388453.68821,2605,175973.5,179631.72441
2026-03-16 01:40:00+00:00,1.0195,1.0213,1.0192,1.02,259330.0,2026-03-16 01:44:59.999000+00:00,264559.02151,1878,148806.6,151807.27717
2026-03-16 01:45:00+00:00,1.0201,1.0221,1.0201,1.0216,150985.3,2026-03-16 01:49:59.999000+00:00,154215.52615,1194,66319.5,67731.2927
2026-03-16 01:50:00+00:00,1.0217,1.0277,1.0217,1.027,731031.2,2026-03-16 01:54:59.999000+00:00,749302.32272,3101,350102.2,358847.84141
2026-03-16 01:55:00+00:00,1.0269,1.0274,1.023,1.0233,639740.5,2026-03-16 01:59:59.999000+00:00,655851.35788,2099,199774.1,204865.23029
2026-03-16 02:00:00+00:00,1.0233,1.0238,1.0214,1.0234,347308.2,2026-03-16 02:04:59.999000+00:00,355087.65269,2594,191983.1,196299.9271
2026-03-16 02:05:00+00:00,1.0234,1.0234,1.0207,1.0224,263038.3,2026-03-16 02:09:59.999000+00:00,268858.18868,2004,144672.8,147883.0003
2026-03-16 02:10:00+00:00,1.0224,1.0224,1.019,1.0197,365387.1,2026-03-16 02:14:59.999000+00:00,372759.33416,1911,206571.2,210749.47314
2026-03-16 02:15:00+00:00,1.0198,1.0208,1.016,1.016,738532.2,2026-03-16 02:19:59.999000+00:00,751530.5386,2429,411535.1,418818.6634
2026-03-16 02:20:00+00:00,1.0161,1.0173,1.0143,1.0169,640754.1,2026-03-16 02:24:59.999000+00:00,650622.66858,2149,329580.4,334669.94579
2026-03-16 02:25:00+00:00,1.0169,1.0171,1.0141,1.0158,317763.1,2026-03-16 02:29:59.999000+00:00,322629.02705,1671,119463.0,121279.29198
2026-03-16 02:30:00+00:00,1.0158,1.018,1.0157,1.0178,351803.7,2026-03-16 02:34:59.999000+00:00,357680.85199,1558,253320.8,257569.66528
2026-03-16 02:35:00+00:00,1.0178,1.0197,1.0175,1.0188,245511.6,2026-03-16 02:39:59.999000+00:00,250060.80238,1441,175993.9,179267.00505
2026-03-16 02:40:00+00:00,1.0187,1.0198,1.0183,1.0192,215923.1,2026-03-16 02:44:59.999000+00:00,220018.74219,955,139004.9,141654.00018
2026-03-16 02:45:00+00:00,1.0193,1.0206,1.0185,1.019,258672.1,2026-03-16 02:49:59.999000+00:00,263754.39045,1459,119101.5,121471.45927
2026-03-16 02:50:00+00:00,1.0191,1.022,1.0191,1.0214,279693.2,2026-03-16 02:54:59.999000+00:00,285553.15968,1345,183133.8,186946.71106
2026-03-16 02:55:00+00:00,1.0214,1.0249,1.0214,1.0216,424336.9,2026-03-16 02:59:59.999000+00:00,434214.45781,1943,188405.0,192765.10955
2026-03-16 03:00:00+00:00,1.0216,1.0244,1.0187,1.0243,413325.1,2026-03-16 03:04:59.999000+00:00,422129.4345,2548,256160.3,261655.49637
2026-03-16 03:05:00+00:00,1.0243,1.0245,1.0215,1.0243,412292.4,2026-03-16 03:09:59.999000+00:00,421824.09089,2090,235039.7,240502.81018
2026-03-16 03:10:00+00:00,1.0243,1.0259,1.0228,1.0237,529920.4,2026-03-16 03:14:59.999000+00:00,542857.46026,2265,196558.8,201430.26209
2026-03-16 03:15:00+00:00,1.0237,1.0244,1.0216,1.0232,230734.4,2026-03-16 03:19:59.999000+00:00,236094.28502,2232,114941.8,117619.28242
2026-03-16 03:20:00+00:00,1.0231,1.0317,1.0226,1.0312,1828881.1,2026-03-16 03:24:59.999000+00:00,1880368.09343,5930,1384489.6,1423402.68276
2026-03-16 03:25:00+00:00,1.0312,1.0317,1.0271,1.0307,966880.0,2026-03-16 03:29:59.999000+00:00,995711.80763,4004,533566.1,549438.78819
2026-03-16 03:30:00+00:00,1.0307,1.0496,1.0307,1.0477,6327048.6,2026-03-16 03:34:59.999000+00:00,6589697.76464,19830,4021429.9,4189637.04385
2026-03-16 03:35:00+00:00,1.0476,1.0491,1.0415,1.0462,3306931.9,2026-03-16 03:39:59.999000+00:00,3458574.8474,11769,1793416.6,1876050.50537
2026-03-16 03:40:00+00:00,1.0463,1.0474,1.0374,1.0394,2978442.4,2026-03-16 03:44:59.999000+00:00,3106169.51357,8550,1024106.7,1067914.13328
2026-03-16 03:45:00+00:00,1.0393,1.0408,1.0352,1.0376,1433416.6,2026-03-16 03:49:59.999000+00:00,1488073.67357,5709,757997.0,787058.71124
2026-03-16 03:50:00+00:00,1.0377,1.043,1.0375,1.0421,1310847.9,2026-03-16 03:54:59.999000+00:00,1364928.12698,4142,960847.7,1000510.81909
2026-03-16 03:55:00+00:00,1.0421,1.0421,1.0398,1.0407,510279.7,2026-03-16 03:59:59.999000+00:00,531142.1055,2365,206615.8,215101.25063
2026-03-16 04:00:00+00:00,1.0408,1.0439,1.0408,1.0431,1500918.5,2026-03-16 04:04:59.999000+00:00,1565377.94935,4356,1157060.4,1206756.972
2026-03-16 04:05:00+00:00,1.043,1.0491,1.0428,1.0468,2901244.5,2026-03-16 04:09:59.999000+00:00,3038191.76782,6652,1467993.7,1536664.69827
2026-03-16 04:10:00+00:00,1.0468,1.0488,1.0463,1.0484,1002109.8,2026-03-16 04:14:59.999000+00:00,1050096.63772,3085,270306.6,283239.04164
2026-03-16 04:15:00+00:00,1.0485,1.0514,1.047,1.0473,1767645.6,2026-03-16 04:19:59.999000+00:00,1854635.83615,5136,964189.7,1011985.44363
2026-03-16 04:20:00+00:00,1.0473,1.0491,1.0439,1.0456,1286207.6,2026-03-16 04:24:59.999000+00:00,1345672.1794,4627,620027.5,648704.08953
2026-03-16 04:25:00+00:00,1.0456,1.0456,1.0417,1.0442,1098419.9,2026-03-16 04:29:59.999000+00:00,1146604.6329,3927,503539.8,525583.96789
2026-03-16 04:30:00+00:00,1.0442,1.0455,1.0403,1.0441,758342.1,2026-03-16 04:34:59.999000+00:00,791326.02317,4166,404285.7,422062.20418
2026-03-16 04:35:00+00:00,1.0441,1.0473,1.0425,1.0454,1372172.0,2026-03-16 04:39:59.999000+00:00,1432784.98812,5282,791692.6,826706.75384
2026-03-16 04:40:00+00:00,1.0453,1.0464,1.0427,1.0455,496444.0,2026-03-16 04:44:59.999000+00:00,518497.989,3201,236257.3,246776.82171
2026-03-16 04:45:00+00:00,1.0456,1.0501,1.045,1.0499,663609.0,2026-03-16 04:49:59.999000+00:00,695317.07975,4097,391320.4,410051.97065
2026-03-16 04:50:00+00:00,1.0499,1.0535,1.0474,1.0527,1091625.3,2026-03-16 04:54:59.999000+00:00,1145986.3319,4993,584846.0,614123.28168
2026-03-16 04:55:00+00:00,1.0528,1.0563,1.0501,1.0523,3234547.7,2026-03-16 04:59:59.999000+00:00,3406241.85883,9213,1748949.0,1842173.94126
2026-03-16 05:00:00+00:00,1.0524,1.0545,1.0502,1.0517,1222938.5,2026-03-16 05:04:59.999000+00:00,1286950.25581,5824,628974.0,662023.55359
2026-03-16 05:05:00+00:00,1.0517,1.0526,1.0502,1.0521,1297738.7,2026-03-16 05:09:59.999000+00:00,1364317.23212,5141,479724.6,504452.56377
2026-03-16 05:10:00+00:00,1.0521,1.0578,1.052,1.0525,1703831.5,2026-03-16 05:14:59.999000+00:00,1798370.94741,6397,1068923.1,1128234.56032
2026-03-16 05:15:00+00:00,1.0525,1.0549,1.0512,1.0539,823299.5,2026-03-16 05:19:59.999000+00:00,866797.40882,4215,465474.4,490177.15321
2026-03-16 05:20:00+00:00,1.0539,1.0557,1.0525,1.0547,771075.9,2026-03-16 05:24:59.999000+00:00,812669.39039,3494,364433.1,384098.77153
2026-03-16 05:25:00+00:00,1.0547,1.0596,1.0537,1.0575,2572822.7,2026-03-16 05:29:59.999000+00:00,2718466.85501,6070,1679629.4,1774369.28112
2026-03-16 05:30:00+00:00,1.0575,1.0578,1.0539,1.0572,1107084.5,2026-03-16 05:34:59.999000+00:00,1169111.95735,4508,474655.1,501320.74463
2026-03-16 05:35:00+00:00,1.0573,1.0621,1.0546,1.0595,1904976.0,2026-03-16 05:39:59.999000+00:00,2015901.85338,5781,1116486.6,1182390.21755
2026-03-16 05:40:00+00:00,1.0596,1.0612,1.0581,1.0606,1156055.5,2026-03-16 05:44:59.999000+00:00,1225103.67834,5226,737962.6,782068.88567
2026-03-16 05:45:00+00:00,1.0606,1.064,1.0599,1.0613,1066721.6,2026-03-16 05:49:59.999000+00:00,1132788.62249,5572,678704.6,720846.74905
2026-03-16 05:50:00+00:00,1.0613,1.0678,1.0587,1.0652,1846770.1,2026-03-16 05:54:59.999000+00:00,1964188.52739,6280,1344356.4,1429951.18386
2026-03-16 05:55:00+00:00,1.0652,1.0698,1.0631,1.0642,1559413.7,2026-03-16 05:59:59.999000+00:00,1663939.61447,6999,831339.5,887219.04903
2026-03-16 06:00:00+00:00,1.0642,1.0654,1.0608,1.0608,1518409.6,2026-03-16 06:04:59.999000+00:00,1613777.39018,6537,611823.3,650367.93821
2026-03-16 06:05:00+00:00,1.0608,1.0614,1.0544,1.0545,1708941.3,2026-03-16 06:09:59.999000+00:00,1807771.2489,7236,602375.6,637592.26903
2026-03-16 06:10:00+00:00,1.0546,1.0569,1.0521,1.0565,1699695.7,2026-03-16 06:14:59.999000+00:00,1792201.79119,6203,866701.4,914347.04423
2026-03-16 06:15:00+00:00,1.0566,1.0636,1.0559,1.0633,1309911.4,2026-03-16 06:19:59.999000+00:00,1388336.04187,5635,908082.1,962543.33453
2026-03-16 06:20:00+00:00,1.0632,1.0637,1.0592,1.062,813656.4,2026-03-16 06:24:59.999000+00:00,863810.03428,3835,306639.3,325594.53725
2026-03-16 06:25:00+00:00,1.0619,1.0619,1.0583,1.0599,460471.4,2026-03-16 06:29:59.999000+00:00,488231.92421,3345,230846.4,244762.68636
2026-03-16 06:30:00+00:00,1.0598,1.0601,1.0553,1.0555,530258.8,2026-03-16 06:34:59.999000+00:00,560954.81603,3246,171088.6,181032.228
2026-03-16 06:35:00+00:00,1.0554,1.0606,1.0554,1.0597,571174.7,2026-03-16 06:39:59.999000+00:00,604171.10762,3490,385987.8,408217.8495
2026-03-16 06:40:00+00:00,1.0596,1.0607,1.0588,1.0597,497729.8,2026-03-16 06:44:59.999000+00:00,527517.60147,2359,174993.9,185467.03164
2026-03-16 06:45:00+00:00,1.0597,1.061,1.0571,1.0571,237103.3,2026-03-16 06:49:59.999000+00:00,251162.39394,2235,154078.4,163250.63305
2026-03-16 06:50:00+00:00,1.0572,1.0594,1.0564,1.0592,545890.7,2026-03-16 06:54:59.999000+00:00,577468.54169,2673,139302.8,147405.9152
2026-03-16 06:55:00+00:00,1.0593,1.0609,1.0587,1.0598,298774.0,2026-03-16 06:59:59.999000+00:00,316626.49924,2283,183475.4,194445.7607
2026-03-16 07:00:00+00:00,1.0599,1.0678,1.0598,1.0671,1125070.9,2026-03-16 07:04:59.999000+00:00,1197231.0449,5738,638799.8,679719.11127
2026-03-16 07:05:00+00:00,1.0671,1.0688,1.0643,1.0677,1029686.3,2026-03-16 07:09:59.999000+00:00,1098673.45476,4357,583695.1,622985.20422
2026-03-16 07:10:00+00:00,1.0677,1.0693,1.0657,1.0665,587141.3,2026-03-16 07:14:59.999000+00:00,626801.46106,3363,304176.0,324748.84982
2026-03-16 07:15:00+00:00,1.0665,1.0679,1.0633,1.0669,1012765.5,2026-03-16 07:19:59.999000+00:00,1079632.91073,4496,584202.3,622860.88731
2026-03-16 07:20:00+00:00,1.0669,1.069,1.0655,1.0659,461370.1,2026-03-16 07:24:59.999000+00:00,492307.75897,2721,209144.9,223233.23456
2026-03-16 07:25:00+00:00,1.0659,1.0679,1.0643,1.0665,593303.8,2026-03-16 07:29:59.999000+00:00,632599.40332,3098,345768.4,368666.37661
2026-03-16 07:30:00+00:00,1.0665,1.0699,1.0663,1.0681,488662.0,2026-03-16 07:34:59.999000+00:00,522074.52556,2972,225411.0,240801.88079
2026-03-16 07:35:00+00:00,1.0681,1.0703,1.0676,1.0683,1011987.3,2026-03-16 07:39:59.999000+00:00,1081619.3304,4667,543073.6,580505.4768
2026-03-16 07:40:00+00:00,1.0682,1.0716,1.0676,1.0701,1006623.6,2026-03-16 07:44:59.999000+00:00,1076804.68519,4346,559590.3,598829.24548
2026-03-16 07:45:00+00:00,1.0701,1.0712,1.0666,1.0674,1071648.2,2026-03-16 07:49:59.999000+00:00,1145922.09981,4521,538124.6,575606.05906
2026-03-16 07:50:00+00:00,1.0674,1.0696,1.0668,1.069,1075256.3,2026-03-16 07:54:59.999000+00:00,1148488.74521,3859,528294.2,564299.06023
2026-03-16 07:55:00+00:00,1.069,1.0711,1.0667,1.0674,772437.2,2026-03-16 07:59:59.999000+00:00,825396.24497,3058,509006.4,543885.29209
2026-03-16 08:00:00+00:00,1.0675,1.075,1.0673,1.0739,1441389.1,2026-03-16 08:04:59.999000+00:00,1544659.06599,6491,931993.1,998673.83545
2026-03-16 08:05:00+00:00,1.074,1.0775,1.0725,1.0767,1792097.9,2026-03-16 08:09:59.999000+00:00,1927561.59429,5653,1202707.9,1293486.60975
2026-03-16 08:10:00+00:00,1.0767,1.0779,1.0698,1.0703,1078429.6,2026-03-16 08:14:59.999000+00:00,1159535.68623,4829,460203.1,494893.33879
2026-03-16 08:15:00+00:00,1.0704,1.0708,1.0643,1.0686,2032941.3,2026-03-16 08:19:59.999000+00:00,2168392.87578,6483,877372.7,936132.12916
2026-03-16 08:20:00+00:00,1.0686,1.0689,1.0581,1.0656,5555916.9,2026-03-16 08:24:59.999000+00:00,5906624.27961,9116,1474449.6,1568611.94441
2026-03-16 08:25:00+00:00,1.0655,1.0655,1.0595,1.0595,1064049.4,2026-03-16 08:29:59.999000+00:00,1129635.79977,4812,402491.6,427217.95101
2026-03-16 08:30:00+00:00,1.0594,1.0606,1.054,1.0558,2033239.0,2026-03-16 08:34:59.999000+00:00,2149311.04165,7079,970297.6,1026340.14266
2026-03-16 08:35:00+00:00,1.0559,1.0588,1.0548,1.055,893223.4,2026-03-16 08:39:59.999000+00:00,944630.48751,4930,547595.7,579250.05107
2026-03-16 08:40:00+00:00,1.055,1.0585,1.0529,1.053,993633.0,2026-03-16 08:44:59.999000+00:00,1049630.51228,5112,366550.3,387397.86247
2026-03-16 08:45:00+00:00,1.0531,1.0572,1.0524,1.0545,933435.7,2026-03-16 08:49:59.999000+00:00,984801.89542,4810,588611.4,621014.76072
2026-03-16 08:50:00+00:00,1.0546,1.0557,1.0467,1.0524,2322316.6,2026-03-16 08:54:59.999000+00:00,2438990.81136,7382,830352.6,872397.82308
2026-03-16 08:55:00+00:00,1.0525,1.0526,1.0491,1.0495,413024.9,2026-03-16 08:59:59.999000+00:00,433967.42607,2846,151072.6,158709.09011
2026-03-16 09:00:00+00:00,1.0494,1.0549,1.0494,1.0544,1429196.9,2026-03-16 09:04:59.999000+00:00,1504684.30974,5792,850500.4,895449.45185
2026-03-16 09:05:00+00:00,1.0544,1.0549,1.0523,1.0548,631628.1,2026-03-16 09:09:59.999000+00:00,665557.94705,3861,262516.7,276657.07827
2026-03-16 09:10:00+00:00,1.0549,1.0567,1.0533,1.0555,777730.5,2026-03-16 09:14:59.999000+00:00,820751.82738,3804,564943.0,596187.28714
2026-03-16 09:15:00+00:00,1.0555,1.0585,1.0551,1.0556,885223.5,2026-03-16 09:19:59.999000+00:00,935489.8536,4561,592858.7,626596.91171
2026-03-16 09:20:00+00:00,1.0557,1.0595,1.0548,1.0586,477839.4,2026-03-16 09:24:59.999000+00:00,504886.75833,3021,295092.9,311858.22193
2026-03-16 09:25:00+00:00,1.0586,1.0594,1.0553,1.0561,687058.4,2026-03-16 09:29:59.999000+00:00,726104.27349,3465,282961.0,299114.60818
2026-03-16 09:30:00+00:00,1.0561,1.0581,1.0546,1.0553,531709.2,2026-03-16 09:34:59.999000+00:00,561431.87452,2870,318196.4,335945.89588
2026-03-16 09:35:00+00:00,1.0553,1.0571,1.0552,1.0554,248825.1,2026-03-16 09:39:59.999000+00:00,262806.91359,2228,103120.7,108915.26018
2026-03-16 09:40:00+00:00,1.0555,1.0587,1.0555,1.0581,435339.6,2026-03-16 09:44:59.999000+00:00,460377.46497,2390,304340.1,321890.90678
2026-03-16 09:45:00+00:00,1.0581,1.0617,1.0581,1.0605,645854.1,2026-03-16 09:49:59.999000+00:00,684792.39911,4268,371051.4,393418.99429
2026-03-16 09:50:00+00:00,1.0605,1.0614,1.0597,1.0604,519497.4,2026-03-16 09:54:59.999000+00:00,551008.16538,2372,161011.8,170781.02091
2026-03-16 09:55:00+00:00,1.0604,1.0607,1.058,1.0581,247421.5,2026-03-16 09:59:59.999000+00:00,262087.17249,1588,95378.9,101045.34901
2026-03-16 10:00:00+00:00,1.0581,1.0612,1.0575,1.0598,665049.6,2026-03-16 10:04:59.999000+00:00,704692.20643,3878,375299.9,397681.83602
2026-03-16 10:05:00+00:00,1.0598,1.0612,1.0576,1.0589,416628.0,2026-03-16 10:09:59.999000+00:00,441259.7252,2870,164008.4,173759.41284
2026-03-16 10:10:00+00:00,1.059,1.0593,1.0576,1.059,237383.3,2026-03-16 10:14:59.999000+00:00,251280.33981,2072,125368.0,132696.51732
2026-03-16 10:15:00+00:00,1.059,1.0607,1.0587,1.059,338728.4,2026-03-16 10:19:59.999000+00:00,358912.69995,2618,165378.9,175241.97335
2026-03-16 10:20:00+00:00,1.0591,1.0602,1.0557,1.0567,606789.3,2026-03-16 10:24:59.999000+00:00,642004.93308,2817,273788.1,289867.98071
2026-03-16 10:25:00+00:00,1.0566,1.0576,1.056,1.0572,323174.1,2026-03-16 10:29:59.999000+00:00,341555.19221,1815,192293.8,203248.34776
2026-03-16 10:30:00+00:00,1.0572,1.0572,1.052,1.0526,821367.9,2026-03-16 10:34:59.999000+00:00,866048.84907,3403,266546.8,281057.46885
2026-03-16 10:35:00+00:00,1.0527,1.0527,1.0485,1.0523,1512028.2,2026-03-16 10:39:59.999000+00:00,1588548.57434,4312,685167.5,719977.39331
2026-03-16 10:40:00+00:00,1.0522,1.0542,1.052,1.053,533195.1,2026-03-16 10:44:59.999000+00:00,561513.25323,2432,332204.6,349907.75994
2026-03-16 10:45:00+00:00,1.0529,1.0555,1.0522,1.0555,470101.7,2026-03-16 10:49:59.999000+00:00,495333.7681,2447,316967.0,334032.43358
2026-03-16 10:50:00+00:00,1.0554,1.0577,1.055,1.0566,614928.0,2026-03-16 10:54:59.999000+00:00,649525.57401,2942,333812.6,352635.75869
2026-03-16 10:55:00+00:00,1.0565,1.0605,1.0562,1.059,1516321.4,2026-03-16 10:59:59.999000+00:00,1604707.16029,5257,1094008.9,1157624.41488
2026-03-16 11:00:00+00:00,1.0589,1.0602,1.058,1.0591,952423.8,2026-03-16 11:04:59.999000+00:00,1008723.57931,3865,538952.3,570883.97619
2026-03-16 11:05:00+00:00,1.0592,1.0617,1.0575,1.0578,650270.9,2026-03-16 11:09:59.999000+00:00,688872.26578,2995,267090.1,282884.06397
2026-03-16 11:10:00+00:00,1.0579,1.0586,1.0531,1.0538,649370.5,2026-03-16 11:14:59.999000+00:00,685357.69113,3268,170658.5,180249.22978
2026-03-16 11:15:00+00:00,1.0537,1.0554,1.0522,1.0527,551468.7,2026-03-16 11:19:59.999000+00:00,580817.0701,2700,149079.9,157063.94245
2026-03-16 11:20:00+00:00,1.0527,1.0527,1.0476,1.0483,1319712.5,2026-03-16 11:24:59.999000+00:00,1385510.2124,4187,277106.6,290954.34424
2026-03-16 11:25:00+00:00,1.0483,1.0494,1.0461,1.0471,717078.7,2026-03-16 11:29:59.999000+00:00,751052.36755,3061,316089.9,331095.77876
2026-03-16 11:30:00+00:00,1.047,1.049,1.0461,1.0484,631323.0,2026-03-16 11:34:59.999000+00:00,661344.79261,2939,350276.0,366986.46381
2026-03-16 11:35:00+00:00,1.0484,1.0484,1.0455,1.0469,679411.7,2026-03-16 11:39:59.999000+00:00,711117.18806,2970,197562.7,206805.30598
2026-03-16 11:40:00+00:00,1.0469,1.0493,1.0465,1.0489,502274.1,2026-03-16 11:44:59.999000+00:00,526495.07288,2604,257758.4,270198.86378
2026-03-16 11:45:00+00:00,1.0488,1.0511,1.0485,1.0491,512122.3,2026-03-16 11:49:59.999000+00:00,537740.71266,2415,307056.9,322440.86289
2026-03-16 11:50:00+00:00,1.0492,1.0499,1.0467,1.0483,307624.4,2026-03-16 11:54:59.999000+00:00,322489.1172,1792,139362.1,146075.81831
2026-03-16 11:55:00+00:00,1.0484,1.0503,1.0479,1.0487,283909.9,2026-03-16 11:59:59.999000+00:00,297903.00928,1473,150260.2,157676.3321
2026-03-16 12:00:00+00:00,1.0487,1.0526,1.0472,1.0481,1552015.5,2026-03-16 12:04:59.999000+00:00,1629110.13084,4398,954269.7,1001597.75026
2026-03-16 12:05:00+00:00,1.0481,1.0502,1.0458,1.0469,1072519.8,2026-03-16 12:09:59.999000+00:00,1123624.50486,3933,439607.0,460729.89789
2026-03-16 12:10:00+00:00,1.0468,1.0474,1.0434,1.0466,1113218.4,2026-03-16 12:14:59.999000+00:00,1163673.04928,4494,443886.3,464226.52318
2026-03-16 12:15:00+00:00,1.0465,1.0489,1.0448,1.0483,693213.2,2026-03-16 12:19:59.999000+00:00,725973.36562,3254,383274.7,401503.54285
2026-03-16 12:20:00+00:00,1.0483,1.0501,1.0454,1.0485,1326652.5,2026-03-16 12:24:59.999000+00:00,1390430.23605,4356,734970.1,770396.28157
2026-03-16 12:25:00+00:00,1.0485,1.0499,1.046,1.0489,1137265.0,2026-03-16 12:29:59.999000+00:00,1191886.69691,4405,573354.3,600953.8071
2026-03-16 12:30:00+00:00,1.0489,1.0505,1.047,1.0487,1306400.8,2026-03-16 12:34:59.999000+00:00,1370502.95287,4536,786228.1,824906.96966
2026-03-16 12:35:00+00:00,1.0488,1.0494,1.0449,1.0489,776777.4,2026-03-16 12:39:59.999000+00:00,813808.78151,3523,450544.7,472093.24342
2026-03-16 12:40:00+00:00,1.049,1.0497,1.0469,1.0482,433976.6,2026-03-16 12:44:59.999000+00:00,455049.40356,2290,181705.8,190540.8107
2026-03-16 12:45:00+00:00,1.0482,1.05,1.0474,1.0489,337245.9,2026-03-16 12:49:59.999000+00:00,353662.3447,1858,159798.5,167614.37424
2026-03-16 12:50:00+00:00,1.049,1.0499,1.0452,1.0458,411510.0,2026-03-16 12:54:59.999000+00:00,431118.0562,1854,222260.7,232964.72447
2026-03-16 12:55:00+00:00,1.0458,1.0485,1.0457,1.047,309284.9,2026-03-16 12:59:59.999000+00:00,323869.94553,1543,159615.6,167125.5667
2026-03-16 13:00:00+00:00,1.047,1.0475,1.0442,1.0447,445856.8,2026-03-16 13:04:59.999000+00:00,466235.07414,2365,183183.0,191616.06305
2026-03-16 13:05:00+00:00,1.0448,1.0458,1.0425,1.044,1015635.0,2026-03-16 13:09:59.999000+00:00,1060268.82079,2880,480536.5,501747.52098
2026-03-16 13:10:00+00:00,1.0441,1.0485,1.0438,1.0477,610060.3,2026-03-16 13:14:59.999000+00:00,638698.77003,2893,372763.8,390281.58173
2026-03-16 13:15:00+00:00,1.0476,1.0488,1.0444,1.0457,536158.1,2026-03-16 13:19:59.999000+00:00,560871.39189,2717,206278.0,215838.44231
2026-03-16 13:20:00+00:00,1.0458,1.0487,1.0451,1.0476,587016.5,2026-03-16 13:24:59.999000+00:00,614824.12591,2457,295622.3,309596.36611
2026-03-16 13:25:00+00:00,1.0476,1.0486,1.0469,1.0474,211697.5,2026-03-16 13:29:59.999000+00:00,221781.14337,1579,96083.7,100664.26147
2026-03-16 13:30:00+00:00,1.0473,1.0554,1.045,1.0545,1726027.5,2026-03-16 13:34:59.999000+00:00,1813549.14909,6715,1036358.0,1089387.0309
2026-03-16 13:35:00+00:00,1.0545,1.0574,1.0521,1.0556,2611914.4,2026-03-16 13:39:59.999000+00:00,2755826.51534,8783,1472748.0,1554157.33775
2026-03-16 13:40:00+00:00,1.0556,1.058,1.045,1.0471,2196507.9,2026-03-16 13:44:59.999000+00:00,2310665.16338,9962,909637.1,957935.86471
2026-03-16 13:45:00+00:00,1.047,1.0536,1.0466,1.0497,1765915.7,2026-03-16 13:49:59.999000+00:00,1856145.27136,8461,1221034.6,1283481.41716
2026-03-16 13:50:00+00:00,1.0497,1.052,1.0449,1.0452,1440545.1,2026-03-16 13:54:59.999000+00:00,1508603.16746,5614,484980.9,508096.19134
2026-03-16 13:55:00+00:00,1.0453,1.0516,1.0453,1.0516,728531.3,2026-03-16 13:59:59.999000+00:00,763869.3061,3871,429757.9,450755.71503
2026-03-16 14:00:00+00:00,1.0517,1.0554,1.0476,1.0529,1495304.9,2026-03-16 14:04:59.999000+00:00,1573781.34162,6860,898883.0,946235.2138
2026-03-16 14:05:00+00:00,1.0529,1.0573,1.0512,1.0557,918656.6,2026-03-16 14:09:59.999000+00:00,969182.80249,4996,528700.3,557873.93961
2026-03-16 14:10:00+00:00,1.0557,1.0573,1.0504,1.0534,1447947.8,2026-03-16 14:14:59.999000+00:00,1525804.52935,5310,584563.9,616112.95898
2026-03-16 14:15:00+00:00,1.0535,1.0546,1.049,1.0494,1975080.8,2026-03-16 14:19:59.999000+00:00,2077694.34302,4443,1411685.3,1485111.4488
2026-03-16 14:20:00+00:00,1.0493,1.055,1.0492,1.0527,532693.0,2026-03-16 14:24:59.999000+00:00,560629.68191,3782,272963.9,287273.85982
2026-03-16 14:25:00+00:00,1.0528,1.0528,1.0452,1.0453,1148286.6,2026-03-16 14:29:59.999000+00:00,1205199.11854,4951,290735.3,305131.03851
2026-03-16 14:30:00+00:00,1.0454,1.0459,1.0359,1.0434,4336706.4,2026-03-16 14:34:59.999000+00:00,4510698.70529,13844,1946934.9,2026266.22572
2026-03-16 14:35:00+00:00,1.0434,1.0457,1.0377,1.0382,1304408.7,2026-03-16 14:39:59.999000+00:00,1358306.13947,6559,571432.1,595473.187
2026-03-16 14:40:00+00:00,1.0381,1.0416,1.0352,1.0396,1958419.1,2026-03-16 14:44:59.999000+00:00,2033138.27635,7742,990837.2,1028839.85134
2026-03-16 14:45:00+00:00,1.0396,1.0412,1.0371,1.0371,1784236.1,2026-03-16 14:49:59.999000+00:00,1853621.84669,6164,755778.4,785415.08951
2026-03-16 14:50:00+00:00,1.0371,1.043,1.0337,1.0426,2702032.3,2026-03-16 14:54:59.999000+00:00,2800736.97793,7991,1567937.9,1625290.97427
2026-03-16 14:55:00+00:00,1.0425,1.0498,1.0417,1.0477,1589981.9,2026-03-16 14:59:59.999000+00:00,1662652.02834,6284,971891.2,1016151.11718
2026-03-16 15:00:00+00:00,1.0478,1.0497,1.0456,1.0469,1509917.4,2026-03-16 15:04:59.999000+00:00,1581761.0585,6046,535608.6,561172.872
2026-03-16 15:05:00+00:00,1.0469,1.049,1.0437,1.049,1089821.4,2026-03-16 15:09:59.999000+00:00,1140946.35501,5298,549759.0,575653.69601
2026-03-16 15:10:00+00:00,1.0491,1.0517,1.0458,1.0481,720981.2,2026-03-16 15:14:59.999000+00:00,755813.85262,4293,353882.5,371097.33441
2026-03-16 15:15:00+00:00,1.048,1.0547,1.0455,1.0523,1934904.6,2026-03-16 15:19:59.999000+00:00,2034902.96034,5832,1412085.2,1485881.01409
2026-03-16 15:20:00+00:00,1.0523,1.0526,1.0493,1.05,598497.1,2026-03-16 15:24:59.999000+00:00,629032.39003,3403,349158.4,366986.06221
2026-03-16 15:25:00+00:00,1.0501,1.0506,1.0481,1.0506,457457.2,2026-03-16 15:29:59.999000+00:00,480150.37651,2459,281939.0,295932.39011
2026-03-16 15:30:00+00:00,1.0507,1.0539,1.0474,1.0489,905088.5,2026-03-16 15:34:59.999000+00:00,950459.53024,4162,402888.7,423245.73137
2026-03-16 15:35:00+00:00,1.0489,1.05,1.0464,1.0483,620946.7,2026-03-16 15:39:59.999000+00:00,650761.75843,3295,288725.5,302580.04144
2026-03-16 15:40:00+00:00,1.0482,1.049,1.0458,1.047,760001.3,2026-03-16 15:44:59.999000+00:00,796249.76328,3026,456329.4,478187.09872
2026-03-16 15:45:00+00:00,1.047,1.0504,1.047,1.0487,467169.0,2026-03-16 15:49:59.999000+00:00,489946.25803,2420,291295.0,305485.79666
2026-03-16 15:50:00+00:00,1.0487,1.0489,1.0432,1.0456,744743.1,2026-03-16 15:54:59.999000+00:00,778700.95094,3943,282067.0,294922.43
2026-03-16 15:55:00+00:00,1.0456,1.0465,1.0447,1.0459,470849.0,2026-03-16 15:59:59.999000+00:00,492211.74798,2486,247206.3,258429.9122
2026-03-16 16:00:00+00:00,1.0459,1.048,1.0452,1.0469,647978.4,2026-03-16 16:04:59.999000+00:00,678370.4354,3517,280099.2,293189.33745
2026-03-16 16:05:00+00:00,1.0468,1.0495,1.0455,1.0474,536032.0,2026-03-16 16:09:59.999000+00:00,561290.42762,3198,263003.3,275455.74068
2026-03-16 16:10:00+00:00,1.0473,1.0495,1.0464,1.0483,434010.9,2026-03-16 16:14:59.999000+00:00,454737.6646,2394,300169.1,314515.77252
2026-03-16 16:15:00+00:00,1.0483,1.0522,1.0483,1.0512,950859.4,2026-03-16 16:19:59.999000+00:00,998792.6374,3780,679332.6,713659.08643
2026-03-16 16:20:00+00:00,1.0512,1.0542,1.0502,1.0533,924042.5,2026-03-16 16:24:59.999000+00:00,972231.93648,3327,482697.8,507947.23907
2026-03-16 16:25:00+00:00,1.0532,1.0557,1.0524,1.0545,550969.8,2026-03-16 16:29:59.999000+00:00,580849.51754,2972,366748.2,386682.40157
2026-03-16 16:30:00+00:00,1.0546,1.0566,1.0522,1.0553,824395.9,2026-03-16 16:34:59.999000+00:00,869477.08939,3977,373692.3,394150.33363
2026-03-16 16:35:00+00:00,1.0552,1.0579,1.0529,1.0549,456713.0,2026-03-16 16:39:59.999000+00:00,482043.85163,2947,250109.6,263982.67183
2026-03-16 16:40:00+00:00,1.0549,1.059,1.0549,1.0573,585030.3,2026-03-16 16:44:59.999000+00:00,618629.19095,3400,360922.3,381731.49756
2026-03-16 16:45:00+00:00,1.0572,1.0584,1.0534,1.0552,496610.6,2026-03-16 16:49:59.999000+00:00,524255.46896,3081,207688.1,219257.05215
2026-03-16 16:50:00+00:00,1.0551,1.06,1.0543,1.0582,692397.5,2026-03-16 16:54:59.999000+00:00,732458.91128,3631,367768.4,389208.13895
2026-03-16 16:55:00+00:00,1.0583,1.0589,1.0559,1.0564,453534.1,2026-03-16 16:59:59.999000+00:00,479471.59351,2597,210979.4,223071.98023
2026-03-16 17:00:00+00:00,1.0564,1.0592,1.0541,1.0561,650946.5,2026-03-16 17:04:59.999000+00:00,687627.97392,4017,318610.9,336535.41885
2026-03-16 17:05:00+00:00,1.0562,1.0578,1.0536,1.0556,1829352.5,2026-03-16 17:09:59.999000+00:00,1930100.87458,4104,860948.6,908654.58442
2026-03-16 17:10:00+00:00,1.0556,1.058,1.055,1.0553,547728.8,2026-03-16 17:14:59.999000+00:00,578961.81084,2595,296832.7,313759.45808
2026-03-16 17:15:00+00:00,1.0552,1.0552,1.0521,1.0534,509234.3,2026-03-16 17:19:59.999000+00:00,536537.83394,2520,220149.6,232032.89904
2026-03-16 17:20:00+00:00,1.0534,1.0549,1.052,1.0534,309291.5,2026-03-16 17:24:59.999000+00:00,325830.11597,1820,138457.7,145879.9498
2026-03-16 17:25:00+00:00,1.0534,1.0545,1.0507,1.0517,274111.5,2026-03-16 17:29:59.999000+00:00,288469.60338,1827,104537.7,110023.28625
2026-03-16 17:30:00+00:00,1.0516,1.0557,1.0507,1.0525,606194.5,2026-03-16 17:34:59.999000+00:00,638530.47298,2956,435160.4,458511.36663
2026-03-16 17:35:00+00:00,1.0525,1.0577,1.0525,1.0568,513257.2,2026-03-16 17:39:59.999000+00:00,541856.27628,3199,326459.9,344642.65946
2026-03-16 17:40:00+00:00,1.0568,1.0573,1.0547,1.0551,351741.9,2026-03-16 17:44:59.999000+00:00,371471.26055,2128,163958.4,173156.15364
2026-03-16 17:45:00+00:00,1.0551,1.0578,1.0518,1.053,561524.2,2026-03-16 17:49:59.999000+00:00,592475.2288,3295,233137.9,246026.91011
2026-03-16 17:50:00+00:00,1.0529,1.0541,1.0506,1.0538,597858.9,2026-03-16 17:54:59.999000+00:00,629373.21165,2327,392624.0,413321.88656
2026-03-16 17:55:00+00:00,1.0537,1.0554,1.0528,1.055,194896.6,2026-03-16 17:59:59.999000+00:00,205552.20419,1136,104057.8,109731.0485
2026-03-16 18:00:00+00:00,1.0549,1.0566,1.0524,1.0551,3112429.7,2026-03-16 18:04:59.999000+00:00,3282286.01731,4935,1429525.0,1508076.4482
2026-03-16 18:05:00+00:00,1.0551,1.0611,1.0543,1.0604,941814.8,2026-03-16 18:09:59.999000+00:00,996334.35687,4596,619920.2,655874.76287
2026-03-16 18:10:00+00:00,1.0603,1.0625,1.0586,1.0613,854172.1,2026-03-16 18:14:59.999000+00:00,906060.93289,4326,487873.9,517564.67968
2026-03-16 18:15:00+00:00,1.0612,1.0648,1.0604,1.0634,1042946.8,2026-03-16 18:19:59.999000+00:00,1108797.78924,3938,676201.6,718917.28114
2026-03-16 18:20:00+00:00,1.0634,1.0648,1.0621,1.0624,762459.3,2026-03-16 18:24:59.999000+00:00,810765.37112,3357,272176.5,289474.42189
2026-03-16 18:25:00+00:00,1.0624,1.0647,1.0606,1.0608,450818.6,2026-03-16 18:29:59.999000+00:00,478917.69446,2698,189822.4,201647.04248
2026-03-16 18:30:00+00:00,1.0608,1.061,1.0594,1.06,457457.9,2026-03-16 18:34:59.999000+00:00,485014.34871,2597,220596.4,233893.94726
2026-03-16 18:35:00+00:00,1.0601,1.0604,1.0551,1.0564,698521.4,2026-03-16 18:39:59.999000+00:00,738500.20079,2884,258745.6,273501.89407
2026-03-16 18:40:00+00:00,1.0564,1.0591,1.0564,1.0583,507388.7,2026-03-16 18:44:59.999000+00:00,536785.0228,2438,357948.8,378700.62328
2026-03-16 18:45:00+00:00,1.0584,1.0584,1.0555,1.058,338096.1,2026-03-16 18:49:59.999000+00:00,357384.31374,2107,202810.1,214378.90812
2026-03-16 18:50:00+00:00,1.058,1.058,1.0553,1.0562,442551.4,2026-03-16 18:54:59.999000+00:00,467562.86105,2235,208039.0,219790.79901
2026-03-16 18:55:00+00:00,1.0562,1.0569,1.0538,1.0547,399149.7,2026-03-16 18:59:59.999000+00:00,421416.86047,2000,142486.6,150465.39374
2026-03-16 19:00:00+00:00,1.0547,1.056,1.052,1.0544,746173.3,2026-03-16 19:04:59.999000+00:00,786353.21383,3354,321697.9,339143.05969
2026-03-16 19:05:00+00:00,1.0544,1.0618,1.0537,1.0618,817034.4,2026-03-16 19:09:59.999000+00:00,863497.31722,3388,540172.1,571150.89606
2026-03-16 19:10:00+00:00,1.0617,1.0641,1.0583,1.0617,822010.3,2026-03-16 19:14:59.999000+00:00,872216.08244,4569,383048.5,406448.00793
2026-03-16 19:15:00+00:00,1.0617,1.0636,1.0586,1.0592,430759.6,2026-03-16 19:19:59.999000+00:00,457198.43538,3233,189147.6,200801.89515
2026-03-16 19:20:00+00:00,1.0591,1.0604,1.0586,1.0599,338835.9,2026-03-16 19:24:59.999000+00:00,358941.59778,1879,207799.0,220145.35995
2026-03-16 19:25:00+00:00,1.06,1.0622,1.0589,1.0618,456270.9,2026-03-16 19:29:59.999000+00:00,483836.58703,2395,292013.4,309760.0524
2026-03-16 19:30:00+00:00,1.0618,1.0627,1.0604,1.0607,334642.3,2026-03-16 19:34:59.999000+00:00,355217.80653,2094,178489.5,189486.87365
2026-03-16 19:35:00+00:00,1.0608,1.0611,1.0592,1.06,317222.5,2026-03-16 19:39:59.999000+00:00,336231.68645,1879,102016.6,108137.76794
2026-03-16 19:40:00+00:00,1.0601,1.0612,1.0594,1.0601,173655.0,2026-03-16 19:44:59.999000+00:00,184103.75058,1314,93890.4,99539.63268
2026-03-16 19:45:00+00:00,1.06,1.0603,1.0561,1.0569,554772.5,2026-03-16 19:49:59.999000+00:00,586954.43449,2904,192324.7,203498.47457
2026-03-16 19:50:00+00:00,1.057,1.0587,1.0563,1.0568,444689.9,2026-03-16 19:54:59.999000+00:00,470184.57984,2088,146913.1,155369.89209
2026-03-16 19:55:00+00:00,1.0568,1.0607,1.0565,1.0604,481021.5,2026-03-16 19:59:59.999000+00:00,509219.16118,2387,355153.1,375999.15648
2026-03-16 20:00:00+00:00,1.0604,1.0608,1.0581,1.0596,489351.1,2026-03-16 20:04:59.999000+00:00,518291.77144,2186,313474.0,332001.82644
2026-03-16 20:05:00+00:00,1.0595,1.0596,1.0575,1.0579,288322.6,2026-03-16 20:09:59.999000+00:00,305213.73595,1730,108158.1,114497.70044
2026-03-16 20:10:00+00:00,1.058,1.0597,1.0568,1.0582,309925.7,2026-03-16 20:14:59.999000+00:00,327910.76162,1722,127066.0,134446.9958
2026-03-16 20:15:00+00:00,1.0582,1.0597,1.0561,1.0561,296169.1,2026-03-16 20:19:59.999000+00:00,313302.18472,1783,123819.6,131010.06721
2026-03-16 20:20:00+00:00,1.0561,1.058,1.0557,1.0571,374080.8,2026-03-16 20:24:59.999000+00:00,395371.4235,1538,160157.5,169325.87399
2026-03-16 20:25:00+00:00,1.0572,1.0619,1.0567,1.0604,381226.5,2026-03-16 20:29:59.999000+00:00,404074.90604,1846,252235.1,267384.26713
2026-03-16 20:30:00+00:00,1.0604,1.0621,1.0602,1.0617,271248.9,2026-03-16 20:34:59.999000+00:00,287853.35392,1585,159078.8,168816.66895
2026-03-16 20:35:00+00:00,1.0618,1.0625,1.0604,1.0622,350755.2,2026-03-16 20:39:59.999000+00:00,372321.91578,1644,203223.6,215737.38341
2026-03-16 20:40:00+00:00,1.0622,1.0623,1.0582,1.0596,278969.9,2026-03-16 20:44:59.999000+00:00,295607.38721,1526,137255.0,145394.65732
2026-03-16 20:45:00+00:00,1.0596,1.0606,1.0591,1.0604,166614.4,2026-03-16 20:49:59.999000+00:00,176563.33739,1081,113911.6,120711.50071
2026-03-16 20:50:00+00:00,1.0603,1.0624,1.0603,1.0621,187156.6,2026-03-16 20:54:59.999000+00:00,198681.57805,1460,91567.9,97206.86849
2026-03-16 20:55:00+00:00,1.0621,1.0629,1.0613,1.0627,367258.6,2026-03-16 20:59:59.999000+00:00,390008.88114,1359,292348.0,310461.23293
2026-03-16 21:00:00+00:00,1.0627,1.0664,1.0607,1.0653,897070.3,2026-03-16 21:04:59.999000+00:00,954016.79071,3560,456356.7,485517.62734
2026-03-16 21:05:00+00:00,1.0652,1.0656,1.0597,1.0619,615199.7,2026-03-16 21:09:59.999000+00:00,653249.11192,3061,216493.9,229921.71953
2026-03-16 21:10:00+00:00,1.0618,1.068,1.0618,1.0654,1956969.1,2026-03-16 21:14:59.999000+00:00,2085934.44351,3670,1346503.3,1435350.22786
2026-03-16 21:15:00+00:00,1.0653,1.0671,1.0636,1.0642,498349.1,2026-03-16 21:19:59.999000+00:00,530767.90915,1825,196891.0,209756.06082
2026-03-16 21:20:00+00:00,1.0642,1.067,1.0615,1.0655,981541.6,2026-03-16 21:24:59.999000+00:00,1043924.83815,2730,585915.2,623153.41971
2026-03-16 21:25:00+00:00,1.0656,1.0664,1.0616,1.0625,322768.4,2026-03-16 21:29:59.999000+00:00,343203.71764,1450,99694.0,105982.87377
2026-03-16 21:30:00+00:00,1.0625,1.0678,1.0617,1.0671,276678.4,2026-03-16 21:34:59.999000+00:00,294454.23189,1713,150938.8,160659.1363
2026-03-16 21:35:00+00:00,1.067,1.075,1.0663,1.0706,1483345.0,2026-03-16 21:39:59.999000+00:00,1589724.69487,5445,738150.7,791101.10593
2026-03-16 21:40:00+00:00,1.0706,1.0716,1.0683,1.0707,545239.0,2026-03-16 21:44:59.999000+00:00,583463.08184,2501,247858.9,265281.83367
2026-03-16 21:45:00+00:00,1.0707,1.0726,1.0692,1.0725,733285.1,2026-03-16 21:49:59.999000+00:00,785551.73322,2588,474014.0,507870.2416
2026-03-16 21:50:00+00:00,1.0725,1.0744,1.0715,1.0723,313432.7,2026-03-16 21:54:59.999000+00:00,336314.6155,1877,191912.7,205922.85369
2026-03-16 21:55:00+00:00,1.0723,1.0723,1.0677,1.0681,698813.2,2026-03-16 21:59:59.999000+00:00,747137.74704,2911,191232.9,204538.83059
2026-03-16 22:00:00+00:00,1.0682,1.076,1.0681,1.0752,1005841.1,2026-03-16 22:04:59.999000+00:00,1079511.55424,3464,806088.4,865237.97155
2026-03-16 22:05:00+00:00,1.0751,1.0841,1.0751,1.0838,2174927.8,2026-03-16 22:09:59.999000+00:00,2349596.37582,9110,1380263.8,1491010.91409
2026-03-16 22:10:00+00:00,1.0837,1.0839,1.0777,1.0801,1254598.2,2026-03-16 22:14:59.999000+00:00,1354949.36297,4856,704729.2,761271.30746
2026-03-16 22:15:00+00:00,1.08,1.081,1.0767,1.0803,947403.9,2026-03-16 22:19:59.999000+00:00,1022409.70007,3804,499528.2,539072.88801
2026-03-16 22:20:00+00:00,1.0802,1.0802,1.0753,1.077,742753.8,2026-03-16 22:24:59.999000+00:00,800113.0526,3767,315182.1,339554.12937
2026-03-16 22:25:00+00:00,1.077,1.0788,1.0753,1.0772,770197.2,2026-03-16 22:29:59.999000+00:00,829266.99853,2970,347580.4,374260.11372
2026-03-16 22:30:00+00:00,1.0772,1.0821,1.0767,1.079,701809.7,2026-03-16 22:34:59.999000+00:00,757938.72612,3036,455564.2,491931.18618
2026-03-16 22:35:00+00:00,1.079,1.0811,1.0785,1.0802,302297.8,2026-03-16 22:39:59.999000+00:00,326346.76359,1884,170704.7,184247.63936
2026-03-16 22:40:00+00:00,1.0801,1.0806,1.0782,1.08,387190.8,2026-03-16 22:44:59.999000+00:00,417952.15809,2098,141049.5,152259.74225
2026-03-16 22:45:00+00:00,1.0801,1.0814,1.079,1.0802,271533.8,2026-03-16 22:49:59.999000+00:00,293343.79597,1788,169771.8,183418.62839
2026-03-16 22:50:00+00:00,1.0802,1.0802,1.0777,1.079,477281.3,2026-03-16 22:54:59.999000+00:00,514871.70086,2318,263842.3,284606.57976
2026-03-16 22:55:00+00:00,1.0791,1.0796,1.0771,1.0779,720731.3,2026-03-16 22:59:59.999000+00:00,776931.65681,2084,367538.6,396250.07662
2026-03-16 23:00:00+00:00,1.0779,1.0781,1.0687,1.0692,1728720.3,2026-03-16 23:04:59.999000+00:00,1854165.50789,5616,469390.7,503895.97473
2026-03-16 23:05:00+00:00,1.0691,1.0717,1.0604,1.0629,3055484.9,2026-03-16 23:09:59.999000+00:00,3254098.13292,7232,842006.0,898290.71853
2026-03-16 23:10:00+00:00,1.0629,1.0678,1.0629,1.0671,917433.4,2026-03-16 23:14:59.999000+00:00,977518.29916,3924,569941.5,607292.25897
2026-03-16 23:15:00+00:00,1.0671,1.07,1.0664,1.0669,601083.3,2026-03-16 23:19:59.999000+00:00,641962.06923,2949,315614.8,337200.96606
2026-03-16 23:20:00+00:00,1.0669,1.07,1.0667,1.0673,410186.0,2026-03-16 23:24:59.999000+00:00,438205.58108,1868,179883.8,192224.78409
2026-03-16 23:25:00+00:00,1.0672,1.0715,1.0672,1.0711,383006.5,2026-03-16 23:29:59.999000+00:00,409577.06483,1933,231881.0,247982.14585
2026-03-16 23:30:00+00:00,1.0712,1.076,1.0711,1.0737,822518.9,2026-03-16 23:34:59.999000+00:00,882831.71564,3185,623235.4,668842.34686
2026-03-16 23:35:00+00:00,1.0737,1.074,1.0715,1.0732,417454.5,2026-03-16 23:39:59.999000+00:00,447901.62363,2395,193060.2,207137.48416
2026-03-16 23:40:00+00:00,1.0732,1.0754,1.072,1.0748,415455.9,2026-03-16 23:44:59.999000+00:00,446063.81839,1839,188237.5,202063.24099
2026-03-16 23:45:00+00:00,1.0749,1.0767,1.0729,1.0743,468726.8,2026-03-16 23:49:59.999000+00:00,503930.91793,2294,165805.1,178261.25669
2026-03-16 23:50:00+00:00,1.0743,1.0748,1.0686,1.0714,596841.9,2026-03-16 23:54:59.999000+00:00,639232.23754,2615,215747.7,231183.12602
2026-03-16 23:55:00+00:00,1.0714,1.0743,1.0712,1.0728,515037.5,2026-03-16 23:59:59.999000+00:00,552624.51757,2065,211205.4,226563.58044
2026-03-17 00:00:00+00:00,1.0729,1.0729,1.0669,1.0701,1365154.7,2026-03-17 00:04:59.999000+00:00,1460704.38576,5095,480120.3,513715.54327
2026-03-17 00:05:00+00:00,1.07,1.0756,1.0696,1.0735,1089418.7,2026-03-17 00:09:59.999000+00:00,1168216.99422,4856,666479.6,714777.207
2026-03-17 00:10:00+00:00,1.0735,1.0828,1.0735,1.08,2123425.2,2026-03-17 00:14:59.999000+00:00,2290777.17334,8019,1373931.9,1482498.91274
2026-03-17 00:15:00+00:00,1.0799,1.0799,1.0685,1.0693,1744162.9,2026-03-17 00:19:59.999000+00:00,1873205.92413,7610,819234.5,879981.21155
2026-03-17 00:20:00+00:00,1.0693,1.0693,1.0606,1.0617,1843169.9,2026-03-17 00:24:59.999000+00:00,1962505.37384,5954,736320.0,783993.09826
2026-03-17 00:25:00+00:00,1.0617,1.065,1.0594,1.0649,1163917.1,2026-03-17 00:29:59.999000+00:00,1235294.34231,4615,587038.6,623179.52188
2026-03-17 00:30:00+00:00,1.0649,1.0677,1.0607,1.063,1860148.7,2026-03-17 00:34:59.999000+00:00,1979351.00319,6257,1023239.2,1089337.82266
2026-03-17 00:35:00+00:00,1.063,1.0654,1.0575,1.0582,989464.5,2026-03-17 00:39:59.999000+00:00,1049306.67952,4586,452890.9,480352.63913
2026-03-17 00:40:00+00:00,1.0581,1.0581,1.0548,1.0559,1762292.8,2026-03-17 00:44:59.999000+00:00,1862013.03465,5071,667795.2,705751.81074
2026-03-17 00:45:00+00:00,1.0559,1.0579,1.0552,1.0561,707231.4,2026-03-17 00:49:59.999000+00:00,747030.0996,2960,440765.1,465611.21631
2026-03-17 00:50:00+00:00,1.0562,1.0563,1.053,1.0549,657181.8,2026-03-17 00:54:59.999000+00:00,692981.037,3190,308513.6,325341.91825
2026-03-17 00:55:00+00:00,1.055,1.0596,1.0539,1.0596,821866.4,2026-03-17 00:59:59.999000+00:00,868253.25962,2982,432889.5,457492.90334
2026-03-17 01:00:00+00:00,1.0596,1.0604,1.0531,1.0542,1134454.8,2026-03-17 01:04:59.999000+00:00,1199603.38317,4243,373406.3,394877.773
2026-03-17 01:05:00+00:00,1.0543,1.0623,1.0515,1.0598,1852564.0,2026-03-17 01:09:59.999000+00:00,1957224.75994,6572,1034291.4,1093445.12817
2026-03-17 01:10:00+00:00,1.0599,1.0661,1.0586,1.06,3370653.4,2026-03-17 01:14:59.999000+00:00,3582106.12103,9114,2082546.9,2213646.05154
2026-03-17 01:15:00+00:00,1.06,1.0609,1.0561,1.0602,1379647.7,2026-03-17 01:19:59.999000+00:00,1460503.39131,4648,627606.0,664276.84728
2026-03-17 01:20:00+00:00,1.0601,1.0607,1.0531,1.055,903328.9,2026-03-17 01:24:59.999000+00:00,953589.88592,3678,386724.9,408149.54912
2026-03-17 01:25:00+00:00,1.055,1.0589,1.0547,1.0581,1047830.2,2026-03-17 01:29:59.999000+00:00,1107022.25105,3446,663870.4,701364.34969
2026-03-17 01:30:00+00:00,1.0582,1.0586,1.0537,1.0577,946073.3,2026-03-17 01:34:59.999000+00:00,999261.71067,4051,429736.8,454014.51165
2026-03-17 01:35:00+00:00,1.0577,1.0597,1.0546,1.0561,1248226.6,2026-03-17 01:39:59.999000+00:00,1319352.65414,5242,684141.4,723268.05111
2026-03-17 01:40:00+00:00,1.0562,1.0579,1.0511,1.056,1450244.3,2026-03-17 01:44:59.999000+00:00,1529120.46143,4453,836407.9,882274.72846
2026-03-17 01:45:00+00:00,1.0559,1.0583,1.0542,1.0546,459734.5,2026-03-17 01:49:59.999000+00:00,485587.80504,2673,263315.6,278145.06745
2026-03-17 01:50:00+00:00,1.0547,1.0564,1.0488,1.0505,1343786.6,2026-03-17 01:54:59.999000+00:00,1413456.50677,4725,429805.4,452466.80433
2026-03-17 01:55:00+00:00,1.0506,1.0554,1.0506,1.0552,534295.7,2026-03-17 01:59:59.999000+00:00,563142.28768,2443,271001.7,285488.04796
2026-03-17 02:00:00+00:00,1.0551,1.0561,1.0531,1.0545,458855.3,2026-03-17 02:04:59.999000+00:00,483969.02319,2738,248962.9,262610.22944
2026-03-17 02:05:00+00:00,1.0545,1.0548,1.0459,1.0466,1565020.2,2026-03-17 02:09:59.999000+00:00,1640861.47709,5163,440233.4,461515.33689
2026-03-17 02:10:00+00:00,1.0467,1.0514,1.0464,1.0499,1247111.5,2026-03-17 02:14:59.999000+00:00,1308632.19288,3716,479483.7,502966.42342
2026-03-17 02:15:00+00:00,1.05,1.0524,1.0497,1.05,447356.7,2026-03-17 02:19:59.999000+00:00,470153.85025,2532,272165.7,286022.76451
2026-03-17 02:20:00+00:00,1.0499,1.0518,1.0497,1.051,371898.2,2026-03-17 02:24:59.999000+00:00,390912.56849,1890,242934.9,255380.5388
2026-03-17 02:25:00+00:00,1.051,1.0526,1.051,1.0518,455779.3,2026-03-17 02:29:59.999000+00:00,479390.42321,1996,282760.5,297435.91501
2026-03-17 02:30:00+00:00,1.0518,1.0545,1.0508,1.0542,389057.5,2026-03-17 02:34:59.999000+00:00,409452.13526,2427,229028.1,241083.51968
2026-03-17 02:35:00+00:00,1.0543,1.0584,1.054,1.0571,758639.4,2026-03-17 02:39:59.999000+00:00,801580.78345,3202,458070.0,484086.95226
2026-03-17 02:40:00+00:00,1.0572,1.0578,1.0551,1.057,447748.3,2026-03-17 02:44:59.999000+00:00,473067.97169,2559,269098.7,284293.29608
2026-03-17 02:45:00+00:00,1.0569,1.0594,1.0548,1.0556,838944.8,2026-03-17 02:49:59.999000+00:00,886649.26317,3666,373588.2,394908.09699
2026-03-17 02:50:00+00:00,1.0556,1.057,1.0549,1.0557,319994.9,2026-03-17 02:54:59.999000+00:00,337866.54973,1968,161174.1,170202.63024
2026-03-17 02:55:00+00:00,1.0557,1.0558,1.0531,1.0533,385466.9,2026-03-17 02:59:59.999000+00:00,406377.46695,2220,218603.5,230462.14876
2026-03-17 03:00:00+00:00,1.0532,1.0535,1.0501,1.0502,587769.9,2026-03-17 03:04:59.999000+00:00,618290.33022,3269,199649.7,210032.52699
2026-03-17 03:05:00+00:00,1.0502,1.0512,1.0484,1.0494,669248.5,2026-03-17 03:09:59.999000+00:00,702400.41283,3207,294361.6,308964.04183
2026-03-17 03:10:00+00:00,1.0493,1.0496,1.0444,1.0451,980755.0,2026-03-17 03:14:59.999000+00:00,1026149.14178,4470,380964.6,398716.20004
2026-03-17 03:15:00+00:00,1.045,1.0453,1.0419,1.044,1188660.1,2026-03-17 03:19:59.999000+00:00,1240339.12752,4920,543833.1,567495.49566
2026-03-17 03:20:00+00:00,1.0439,1.044,1.0396,1.0429,1312308.7,2026-03-17 03:24:59.999000+00:00,1366663.90053,4525,483212.1,503354.23079
2026-03-17 03:25:00+00:00,1.0429,1.0454,1.0422,1.0442,870464.5,2026-03-17 03:29:59.999000+00:00,908889.3894,3338,558807.2,583562.68257
2026-03-17 03:30:00+00:00,1.0442,1.0443,1.0376,1.0391,1643130.4,2026-03-17 03:34:59.999000+00:00,1708722.58722,5995,484178.8,503762.69176
2026-03-17 03:35:00+00:00,1.0391,1.0408,1.0371,1.0404,734117.3,2026-03-17 03:39:59.999000+00:00,762889.78058,3628,370686.8,385225.24906
2026-03-17 03:40:00+00:00,1.0404,1.0404,1.0356,1.0367,1084125.7,2026-03-17 03:44:59.999000+00:00,1124401.97249,4693,417004.5,432465.25009
2026-03-17 03:45:00+00:00,1.0367,1.0379,1.0341,1.0359,1525497.1,2026-03-17 03:49:59.999000+00:00,1580107.24534,5698,683871.9,708573.15664
2026-03-17 03:50:00+00:00,1.036,1.0397,1.0355,1.0372,1492135.4,2026-03-17 03:54:59.999000+00:00,1548618.20558,4552,969817.4,1006577.79275
2026-03-17 03:55:00+00:00,1.0371,1.0405,1.0356,1.0394,738890.3,2026-03-17 03:59:59.999000+00:00,767224.79043,3433,453134.0,470576.25004
2026-03-17 04:00:00+00:00,1.0394,1.0425,1.0374,1.0388,1153336.9,2026-03-17 04:04:59.999000+00:00,1200043.04559,4786,533938.0,555490.9924
2026-03-17 04:05:00+00:00,1.0389,1.0415,1.0381,1.0405,429190.0,2026-03-17 04:09:59.999000+00:00,446238.37691,2989,274096.2,285021.98179
2026-03-17 04:10:00+00:00,1.0406,1.0414,1.0395,1.0413,398622.3,2026-03-17 04:14:59.999000+00:00,414765.87863,2246,264804.3,275555.1086
2026-03-17 04:15:00+00:00,1.0414,1.042,1.0348,1.0352,716593.6,2026-03-17 04:19:59.999000+00:00,743870.89816,3372,285314.3,296119.57466
2026-03-17 04:20:00+00:00,1.0352,1.036,1.0286,1.032,2241168.5,2026-03-17 04:24:59.999000+00:00,2311608.52737,6665,800435.0,825621.55988
2026-03-17 04:25:00+00:00,1.0319,1.0334,1.0305,1.0312,663620.2,2026-03-17 04:29:59.999000+00:00,684544.8038,2899,292290.8,301581.27802
2026-03-17 04:30:00+00:00,1.0312,1.0321,1.0269,1.0287,1712559.5,2026-03-17 04:34:59.999000+00:00,1761950.01479,5859,569911.6,586423.94653
2026-03-17 04:35:00+00:00,1.0287,1.0292,1.0251,1.0255,1057734.0,2026-03-17 04:39:59.999000+00:00,1086421.21727,4360,339259.1,348531.90261
2026-03-17 04:40:00+00:00,1.0256,1.0299,1.0238,1.0269,1235294.7,2026-03-17 04:44:59.999000+00:00,1268280.99301,5385,657630.4,675549.80546
2026-03-17 04:45:00+00:00,1.0268,1.0313,1.0263,1.0305,774699.4,2026-03-17 04:49:59.999000+00:00,797864.2969,3708,442316.9,455473.84696
2026-03-17 04:50:00+00:00,1.0304,1.0311,1.0291,1.0307,394744.9,2026-03-17 04:54:59.999000+00:00,406569.70899,2122,160342.5,165175.47812
2026-03-17 04:55:00+00:00,1.0306,1.0313,1.0299,1.0303,591814.1,2026-03-17 04:59:59.999000+00:00,609964.41758,2144,270520.7,278854.0544
2026-03-17 05:00:00+00:00,1.0303,1.0311,1.0274,1.031,526511.1,2026-03-17 05:04:59.999000+00:00,541876.61998,2650,224835.7,231449.52286
2026-03-17 05:05:00+00:00,1.0311,1.0334,1.031,1.0315,879237.4,2026-03-17 05:09:59.999000+00:00,907640.24381,3195,463318.8,478323.91343
2026-03-17 05:10:00+00:00,1.0316,1.0339,1.0306,1.0315,338854.0,2026-03-17 05:14:59.999000+00:00,349787.51083,2075,198967.0,205413.88175
2026-03-17 05:15:00+00:00,1.0315,1.0343,1.0315,1.0328,442292.2,2026-03-17 05:19:59.999000+00:00,456901.24385,2213,232455.7,240117.38556
2026-03-17 05:20:00+00:00,1.0328,1.0328,1.0295,1.031,493800.3,2026-03-17 05:24:59.999000+00:00,509122.60027,1883,117734.8,121391.2896
2026-03-17 05:25:00+00:00,1.0311,1.0329,1.0304,1.0306,265660.7,2026-03-17 05:29:59.999000+00:00,274079.32483,1567,155131.3,160059.53393
2026-03-17 05:30:00+00:00,1.0306,1.0311,1.0287,1.0292,349275.0,2026-03-17 05:34:59.999000+00:00,359743.25966,2269,160356.3,165200.84167
2026-03-17 05:35:00+00:00,1.0292,1.0298,1.0261,1.0269,1315617.5,2026-03-17 05:39:59.999000+00:00,1351555.67077,4312,507863.0,521866.51767
2026-03-17 05:40:00+00:00,1.0269,1.0284,1.0243,1.0248,958185.6,2026-03-17 05:44:59.999000+00:00,983464.69277,3710,539817.5,554247.05832
2026-03-17 05:45:00+00:00,1.0248,1.027,1.0233,1.0245,1385795.1,2026-03-17 05:49:59.999000+00:00,1419765.01109,4355,769961.4,789000.50955
2026-03-17 05:50:00+00:00,1.0244,1.0287,1.0244,1.0282,587689.8,2026-03-17 05:54:59.999000+00:00,603737.76607,2943,426170.6,437798.41559
2026-03-17 05:55:00+00:00,1.0282,1.029,1.0263,1.0278,315196.5,2026-03-17 05:59:59.999000+00:00,323866.75286,2159,152939.1,157147.46527
2026-03-17 06:00:00+00:00,1.0279,1.0287,1.0235,1.0241,751773.8,2026-03-17 06:04:59.999000+00:00,770889.36815,3709,372242.2,381700.9257
2026-03-17 06:05:00+00:00,1.0241,1.0252,1.0212,1.0247,1968015.4,2026-03-17 06:09:59.999000+00:00,2013202.85899,5290,670389.5,685989.78837
2026-03-17 06:10:00+00:00,1.0247,1.0291,1.0238,1.0284,1219684.3,2026-03-17 06:14:59.999000+00:00,1253211.99097,4039,583747.3,599680.27318
2026-03-17 06:15:00+00:00,1.0284,1.03,1.0282,1.0288,517203.6,2026-03-17 06:19:59.999000+00:00,532259.7324,2672,357052.1,367453.34964
2026-03-17 06:20:00+00:00,1.0287,1.0324,1.0282,1.0304,581676.4,2026-03-17 06:24:59.999000+00:00,599620.33441,2940,428003.0,441220.76748
2026-03-17 06:25:00+00:00,1.0304,1.0306,1.0286,1.0297,473763.3,2026-03-17 06:29:59.999000+00:00,487848.61749,2306,287284.2,295863.82078
2026-03-17 06:30:00+00:00,1.0296,1.0312,1.0287,1.0312,597168.3,2026-03-17 06:34:59.999000+00:00,615115.40634,2650,397654.2,409654.83234
2026-03-17 06:35:00+00:00,1.0312,1.0319,1.0301,1.0314,254405.1,2026-03-17 06:39:59.999000+00:00,262286.01342,1984,182909.6,188583.13379
2026-03-17 06:40:00+00:00,1.0314,1.0315,1.0259,1.0269,633039.2,2026-03-17 06:44:59.999000+00:00,651111.73745,2893,181028.8,186241.533
2026-03-17 06:45:00+00:00,1.0268,1.0278,1.0255,1.0265,868965.2,2026-03-17 06:49:59.999000+00:00,892251.02113,2849,384160.3,394556.87373
2026-03-17 06:50:00+00:00,1.0265,1.0284,1.0263,1.0265,219600.8,2026-03-17 06:54:59.999000+00:00,225553.00846,1327,124619.2,127989.32612
2026-03-17 06:55:00+00:00,1.0264,1.0277,1.0264,1.0272,321138.4,2026-03-17 06:59:59.999000+00:00,329833.82364,1264,106730.9,109637.38386
2026-03-17 07:00:00+00:00,1.0272,1.0304,1.027,1.03,620437.3,2026-03-17 07:04:59.999000+00:00,638247.28147,2554,383458.2,394422.22139
2026-03-17 07:05:00+00:00,1.03,1.0333,1.0297,1.0325,852509.8,2026-03-17 07:09:59.999000+00:00,879518.02904,3084,541524.5,558655.43315
2026-03-17 07:10:00+00:00,1.0325,1.034,1.0322,1.0333,391048.6,2026-03-17 07:14:59.999000+00:00,404057.56998,2030,207391.5,214303.23565
2026-03-17 07:15:00+00:00,1.0334,1.0372,1.0331,1.0369,1037499.3,2026-03-17 07:19:59.999000+00:00,1073378.48386,3548,641336.9,663602.34298
2026-03-17 07:20:00+00:00,1.0368,1.0371,1.0338,1.0339,672550.0,2026-03-17 07:24:59.999000+00:00,696309.53939,2215,399918.5,414049.55935
2026-03-17 07:25:00+00:00,1.0339,1.0352,1.0338,1.0346,345442.0,2026-03-17 07:29:59.999000+00:00,357354.60756,1423,145906.7,150942.73074
2026-03-17 07:30:00+00:00,1.0347,1.035,1.0325,1.0333,390572.0,2026-03-17 07:34:59.999000+00:00,403844.11163,1664,175250.9,181238.45858
2026-03-17 07:35:00+00:00,1.0334,1.0343,1.0319,1.0331,247921.2,2026-03-17 07:39:59.999000+00:00,256136.79083,1746,151926.1,156984.38082
2026-03-17 07:40:00+00:00,1.0331,1.0344,1.0318,1.0331,249788.7,2026-03-17 07:44:59.999000+00:00,258051.05299,1558,176779.5,182611.54183
2026-03-17 07:45:00+00:00,1.0332,1.0339,1.0321,1.0321,305284.6,2026-03-17 07:49:59.999000+00:00,315342.96467,1513,151029.3,156037.80942
2026-03-17 07:50:00+00:00,1.0321,1.0321,1.0306,1.0313,288614.3,2026-03-17 07:54:59.999000+00:00,297578.48946,1630,119873.1,123604.42412
2026-03-17 07:55:00+00:00,1.0314,1.0321,1.0308,1.0313,138099.9,2026-03-17 07:59:59.999000+00:00,142438.43838,1115,81029.1,83574.28181
2026-03-17 08:00:00+00:00,1.0313,1.0343,1.031,1.0322,725345.2,2026-03-17 08:04:59.999000+00:00,748857.80026,3069,459352.6,474226.94821
2026-03-17 08:05:00+00:00,1.0322,1.0324,1.0295,1.0295,600847.2,2026-03-17 08:09:59.999000+00:00,619216.88383,2419,298621.2,307716.06558
2026-03-17 08:10:00+00:00,1.0296,1.0307,1.0259,1.0301,930538.9,2026-03-17 08:14:59.999000+00:00,956423.76783,2880,246756.7,253808.95848
2026-03-17 08:15:00+00:00,1.0301,1.0314,1.0272,1.0307,423615.3,2026-03-17 08:19:59.999000+00:00,436094.71662,2203,242414.1,249623.49347
2026-03-17 08:20:00+00:00,1.0307,1.0315,1.0279,1.0286,350769.6,2026-03-17 08:24:59.999000+00:00,361269.64856,1950,197366.1,203315.76409
2026-03-17 08:25:00+00:00,1.0286,1.0303,1.0286,1.0292,259677.8,2026-03-17 08:29:59.999000+00:00,267331.13038,1375,93058.2,95805.42332
2026-03-17 08:30:00+00:00,1.0293,1.0303,1.029,1.0299,367765.5,2026-03-17 08:34:59.999000+00:00,378675.59624,1829,184204.1,189676.97863
2026-03-17 08:35:00+00:00,1.03,1.0301,1.027,1.0277,601240.0,2026-03-17 08:39:59.999000+00:00,618269.79929,2187,246255.5,253217.88881
2026-03-17 08:40:00+00:00,1.0277,1.0311,1.0274,1.0299,686827.6,2026-03-17 08:44:59.999000+00:00,707043.6678,2386,490824.0,505197.32937
2026-03-17 08:45:00+00:00,1.0299,1.0307,1.0292,1.0303,351195.6,2026-03-17 08:49:59.999000+00:00,361708.71378,1603,182451.5,187927.31289
2026-03-17 08:50:00+00:00,1.0303,1.0311,1.0294,1.0301,430223.8,2026-03-17 08:54:59.999000+00:00,443335.00515,1643,185210.1,190876.89853
2026-03-17 08:55:00+00:00,1.0301,1.0313,1.0261,1.0278,988076.2,2026-03-17 08:59:59.999000+00:00,1015894.36973,2920,325593.0,334842.31192
2026-03-17 09:00:00+00:00,1.0278,1.0287,1.0248,1.0249,893773.0,2026-03-17 09:04:59.999000+00:00,917685.32237,3099,305052.6,313361.06529
2026-03-17 09:05:00+00:00,1.0249,1.0258,1.0234,1.024,1079581.3,2026-03-17 09:09:59.999000+00:00,1105809.18665,3335,480586.1,492300.26376
2026-03-17 09:10:00+00:00,1.024,1.0265,1.024,1.0259,415761.7,2026-03-17 09:14:59.999000+00:00,426422.54965,1908,274385.8,281419.78238
2026-03-17 09:15:00+00:00,1.0258,1.029,1.024,1.0287,664334.3,2026-03-17 09:19:59.999000+00:00,681276.61168,2591,331088.5,339628.12226
2026-03-17 09:20:00+00:00,1.0287,1.0288,1.0266,1.0268,388717.9,2026-03-17 09:24:59.999000+00:00,399488.50296,2011,206498.3,212209.38996
2026-03-17 09:25:00+00:00,1.0269,1.0308,1.0265,1.0287,1565866.5,2026-03-17 09:29:59.999000+00:00,1610518.21062,4047,737217.4,758243.79639
2026-03-17 09:30:00+00:00,1.0287,1.0287,1.0261,1.0268,684463.6,2026-03-17 09:34:59.999000+00:00,703111.24371,2593,388189.8,398787.70944
2026-03-17 09:35:00+00:00,1.0269,1.028,1.0266,1.0273,389077.9,2026-03-17 09:39:59.999000+00:00,399668.52633,2111,261889.6,269012.16269
2026-03-17 09:40:00+00:00,1.0273,1.0278,1.0259,1.0276,328184.4,2026-03-17 09:44:59.999000+00:00,337057.46172,1589,131205.5,134749.10038
2026-03-17 09:45:00+00:00,1.0276,1.0281,1.0266,1.0267,162697.9,2026-03-17 09:49:59.999000+00:00,167119.16458,1301,55441.5,56953.96881
2026-03-17 09:50:00+00:00,1.0267,1.0273,1.024,1.0244,691154.7,2026-03-17 09:54:59.999000+00:00,708536.72085,2266,156017.3,160037.88661
2026-03-17 09:55:00+00:00,1.0244,1.0248,1.0218,1.024,2601633.4,2026-03-17 09:59:59.999000+00:00,2662320.6813,3088,407640.2,417167.76082
2026-03-17 10:00:00+00:00,1.0239,1.024,1.0205,1.0213,956093.0,2026-03-17 10:04:59.999000+00:00,976967.17971,3286,419163.8,428304.904
2026-03-17 10:05:00+00:00,1.0213,1.0213,1.0179,1.0205,2209344.2,2026-03-17 10:09:59.999000+00:00,2252420.44572,5592,835399.0,851694.12847
2026-03-17 10:10:00+00:00,1.0204,1.0241,1.0204,1.0241,602807.7,2026-03-17 10:14:59.999000+00:00,616670.8155,2943,349303.4,357337.41934
2026-03-17 10:15:00+00:00,1.0241,1.0244,1.0198,1.0241,824343.0,2026-03-17 10:19:59.999000+00:00,842779.80564,3265,432610.0,442374.15657
2026-03-17 10:20:00+00:00,1.024,1.0257,1.0233,1.0253,711594.5,2026-03-17 10:24:59.999000+00:00,728943.04081,1883,371865.8,380987.26198
2026-03-17 10:25:00+00:00,1.0252,1.0264,1.0229,1.0231,460200.1,2026-03-17 10:29:59.999000+00:00,471640.46816,1615,232390.5,238272.77243
2026-03-17 10:30:00+00:00,1.0231,1.0243,1.021,1.0243,1332733.1,2026-03-17 10:34:59.999000+00:00,1362311.44188,3188,570379.6,583350.14777
2026-03-17 10:35:00+00:00,1.0242,1.0247,1.0214,1.0242,529966.9,2026-03-17 10:39:59.999000+00:00,542274.79465,2134,380776.7,389596.64523
2026-03-17 10:40:00+00:00,1.0242,1.0242,1.0219,1.023,296350.0,2026-03-17 10:44:59.999000+00:00,303178.12575,1517,183901.6,188141.90783
2026-03-17 10:45:00+00:00,1.023,1.0238,1.0223,1.0224,264347.6,2026-03-17 10:49:59.999000+00:00,270412.56031,1317,128132.9,131090.32405
2026-03-17 10:50:00+00:00,1.0223,1.0233,1.0214,1.022,334134.4,2026-03-17 10:54:59.999000+00:00,341532.07694,1884,156984.7,160483.30933
2026-03-17 10:55:00+00:00,1.022,1.023,1.0218,1.0228,336398.9,2026-03-17 10:59:59.999000+00:00,343963.68722,1216,133327.5,136319.60359
2026-03-17 11:00:00+00:00,1.0229,1.0253,1.0229,1.0249,548836.1,2026-03-17 11:04:59.999000+00:00,562070.96217,2397,278975.5,285717.50595
2026-03-17 11:05:00+00:00,1.0249,1.026,1.0243,1.0256,476803.1,2026-03-17 11:09:59.999000+00:00,488851.20751,2181,262546.4,269205.79341
2026-03-17 11:10:00+00:00,1.0255,1.0263,1.0247,1.0256,406254.8,2026-03-17 11:14:59.999000+00:00,416674.80728,1771,208485.5,213842.16638
2026-03-17 11:15:00+00:00,1.0256,1.0282,1.0249,1.0275,1149022.9,2026-03-17 11:19:59.999000+00:00,1179901.95341,3304,827241.5,849542.87368
2026-03-17 11:20:00+00:00,1.0275,1.0277,1.026,1.027,274308.9,2026-03-17 11:24:59.999000+00:00,281698.6678,1545,153127.9,157252.08783
2026-03-17 11:25:00+00:00,1.027,1.0279,1.026,1.0265,540632.5,2026-03-17 11:29:59.999000+00:00,555233.49878,1692,178491.0,183360.46323
2026-03-17 11:30:00+00:00,1.0265,1.0267,1.0245,1.0262,414173.0,2026-03-17 11:34:59.999000+00:00,424767.10511,2187,281762.8,288956.81058
2026-03-17 11:35:00+00:00,1.0262,1.0277,1.0252,1.0274,457759.2,2026-03-17 11:39:59.999000+00:00,469955.34567,1912,313199.6,321550.45606
2026-03-17 11:40:00+00:00,1.0275,1.0281,1.0273,1.0276,252433.9,2026-03-17 11:44:59.999000+00:00,259411.24757,1269,170065.6,174768.56138
2026-03-17 11:45:00+00:00,1.0277,1.028,1.0264,1.0273,400244.5,2026-03-17 11:49:59.999000+00:00,411164.38649,1875,176046.4,180851.72729
2026-03-17 11:50:00+00:00,1.0274,1.0282,1.0259,1.0266,906018.6,2026-03-17 11:54:59.999000+00:00,930634.37465,2476,602963.6,619358.71487
2026-03-17 11:55:00+00:00,1.0266,1.0266,1.0241,1.0248,508930.8,2026-03-17 11:59:59.999000+00:00,521796.51616,1763,172041.2,176389.84967
2026-03-17 12:00:00+00:00,1.0248,1.0248,1.0224,1.0235,754125.3,2026-03-17 12:04:59.999000+00:00,771851.93242,2898,209792.5,214662.67451
2026-03-17 12:05:00+00:00,1.0234,1.0242,1.0228,1.0238,305656.6,2026-03-17 12:09:59.999000+00:00,312826.09363,1750,108332.8,110868.99277
2026-03-17 12:10:00+00:00,1.0239,1.0248,1.0219,1.0221,591314.3,2026-03-17 12:14:59.999000+00:00,604836.55905,2198,215766.5,220712.25078
2026-03-17 12:15:00+00:00,1.0222,1.0245,1.0202,1.0241,1000095.0,2026-03-17 12:19:59.999000+00:00,1021521.6316,3484,424186.6,433352.51597
2026-03-17 12:20:00+00:00,1.024,1.0245,1.0189,1.0191,946191.9,2026-03-17 12:24:59.999000+00:00,966865.64033,3432,324349.5,331529.79117
2026-03-17 12:25:00+00:00,1.0192,1.0199,1.0147,1.0162,2633690.0,2026-03-17 12:29:59.999000+00:00,2677033.70933,6345,885583.3,900240.879
2026-03-17 12:30:00+00:00,1.0161,1.0162,1.0135,1.0146,1185656.9,2026-03-17 12:34:59.999000+00:00,1203316.6549,3661,448026.0,454662.22967
2026-03-17 12:35:00+00:00,1.0146,1.0147,1.0088,1.0128,2723808.1,2026-03-17 12:39:59.999000+00:00,2754445.61504,6798,909707.0,920153.50908
2026-03-17 12:40:00+00:00,1.0127,1.0132,1.0108,1.0132,668235.0,2026-03-17 12:44:59.999000+00:00,676300.64335,2654,295713.8,299290.25304
2026-03-17 12:45:00+00:00,1.0131,1.0131,1.0108,1.0119,616993.4,2026-03-17 12:49:59.999000+00:00,624410.2666,2625,260495.0,263638.2707
2026-03-17 12:50:00+00:00,1.0119,1.0125,1.0104,1.0125,770313.7,2026-03-17 12:54:59.999000+00:00,778960.16711,2643,425512.3,430335.48032
2026-03-17 12:55:00+00:00,1.0124,1.0141,1.0112,1.0124,636784.9,2026-03-17 12:59:59.999000+00:00,644849.6744,2499,272626.7,276105.98583
2026-03-17 13:00:00+00:00,1.0124,1.0147,1.0119,1.0147,466103.2,2026-03-17 13:04:59.999000+00:00,472343.62612,2437,293766.9,297728.343
2026-03-17 13:05:00+00:00,1.0147,1.0159,1.0142,1.0147,525307.4,2026-03-17 13:09:59.999000+00:00,533256.53728,2194,291799.0,296242.56898
2026-03-17 13:10:00+00:00,1.0147,1.0168,1.0147,1.0168,522309.4,2026-03-17 13:14:59.999000+00:00,530753.18064,2247,316758.9,321904.53204
2026-03-17 13:15:00+00:00,1.0168,1.0173,1.0155,1.0167,311251.1,2026-03-17 13:19:59.999000+00:00,316314.8699,1809,104748.8,106455.85815
2026-03-17 13:20:00+00:00,1.0167,1.0172,1.0145,1.0153,716520.1,2026-03-17 13:24:59.999000+00:00,727778.00785,2189,215115.7,218627.23048
2026-03-17 13:25:00+00:00,1.0153,1.0163,1.0147,1.0161,280344.0,2026-03-17 13:29:59.999000+00:00,284628.54919,1518,142148.1,144329.80311
2026-03-17 13:30:00+00:00,1.0161,1.0235,1.0156,1.0198,2161253.5,2026-03-17 13:34:59.999000+00:00,2205826.88881,7034,1027142.2,1048491.67845
2026-03-17 13:35:00+00:00,1.0198,1.0219,1.0182,1.0219,878137.5,2026-03-17 13:39:59.999000+00:00,895581.37136,4272,360793.4,368046.69062
2026-03-17 13:40:00+00:00,1.022,1.0232,1.0177,1.0184,1144460.1,2026-03-17 13:44:59.999000+00:00,1167058.382,4437,444706.7,453659.42737
2026-03-17 13:45:00+00:00,1.0184,1.0208,1.0159,1.017,1687116.4,2026-03-17 13:49:59.999000+00:00,1717525.96371,5338,676279.9,688598.6989
2026-03-17 13:50:00+00:00,1.017,1.0173,1.0124,1.017,1552115.4,2026-03-17 13:54:59.999000+00:00,1575221.89043,5891,599513.2,608575.64416
2026-03-17 13:55:00+00:00,1.017,1.0185,1.0159,1.0177,835302.2,2026-03-17 13:59:59.999000+00:00,849857.9115,2676,537345.3,546717.05579
2026-03-17 14:00:00+00:00,1.0177,1.0178,1.0125,1.0149,882282.2,2026-03-17 14:04:59.999000+00:00,895419.46103,4588,387042.7,392841.4624
2026-03-17 14:05:00+00:00,1.015,1.0198,1.0138,1.0194,1015637.4,2026-03-17 14:09:59.999000+00:00,1033072.07563,3574,551911.5,561425.39942
2026-03-17 14:10:00+00:00,1.0195,1.0216,1.018,1.02,797341.6,2026-03-17 14:14:59.999000+00:00,813202.51168,2804,508340.4,518505.9457
2026-03-17 14:15:00+00:00,1.02,1.0212,1.0166,1.0208,1446007.0,2026-03-17 14:19:59.999000+00:00,1473196.85058,3461,479170.7,488438.30901
2026-03-17 14:20:00+00:00,1.0208,1.0225,1.0198,1.0206,609602.5,2026-03-17 14:24:59.999000+00:00,622396.61873,2427,288796.8,294884.47331
2026-03-17 14:25:00+00:00,1.0206,1.0232,1.018,1.0205,720669.0,2026-03-17 14:29:59.999000+00:00,735465.65479,3060,279408.3,285187.29247
2026-03-17 14:30:00+00:00,1.0206,1.0224,1.0198,1.0212,568168.1,2026-03-17 14:34:59.999000+00:00,580085.19303,2717,304697.5,311099.53153
2026-03-17 14:35:00+00:00,1.0213,1.0245,1.0204,1.0221,889484.9,2026-03-17 14:39:59.999000+00:00,909681.14129,3547,521112.5,533020.42389
2026-03-17 14:40:00+00:00,1.0221,1.0231,1.021,1.0226,591846.7,2026-03-17 14:44:59.999000+00:00,604940.31922,2539,308543.7,315399.55413
2026-03-17 14:45:00+00:00,1.0225,1.0255,1.0219,1.0237,969114.6,2026-03-17 14:49:59.999000+00:00,992447.52566,3411,504800.4,516935.7182
2026-03-17 14:50:00+00:00,1.0238,1.0244,1.0213,1.0232,652491.5,2026-03-17 14:54:59.999000+00:00,667749.4898,2553,320315.5,327884.2279
2026-03-17 14:55:00+00:00,1.0232,1.0255,1.0232,1.0255,681513.0,2026-03-17 14:59:59.999000+00:00,698260.99821,2031,434789.8,445430.70314
2026-03-17 15:00:00+00:00,1.0255,1.0322,1.0255,1.0296,2126520.8,2026-03-17 15:04:59.999000+00:00,2189247.25119,7171,1131356.6,1164448.50558
2026-03-17 15:05:00+00:00,1.0296,1.0299,1.0229,1.0231,1638079.9,2026-03-17 15:09:59.999000+00:00,1681345.32805,5598,643629.3,660785.47569
2026-03-17 15:10:00+00:00,1.023,1.0241,1.0193,1.0215,1342735.9,2026-03-17 15:14:59.999000+00:00,1371813.7806,4885,622062.0,635511.30069
2026-03-17 15:15:00+00:00,1.0214,1.0236,1.0197,1.0224,490661.9,2026-03-17 15:19:59.999000+00:00,501439.3548,2907,245554.3,250967.01945
2026-03-17 15:20:00+00:00,1.0224,1.0236,1.0188,1.0205,522105.9,2026-03-17 15:24:59.999000+00:00,532832.02887,2782,214007.7,218408.78081
2026-03-17 15:25:00+00:00,1.0204,1.0204,1.0188,1.0191,412956.6,2026-03-17 15:29:59.999000+00:00,421082.83251,1834,170330.1,173693.86589
2026-03-17 15:30:00+00:00,1.0191,1.0203,1.0164,1.0187,722179.2,2026-03-17 15:34:59.999000+00:00,735687.30083,2755,238580.7,243176.73944
2026-03-17 15:35:00+00:00,1.0186,1.019,1.0137,1.0187,1421209.6,2026-03-17 15:39:59.999000+00:00,1444112.23832,4937,659000.5,669842.51059
2026-03-17 15:40:00+00:00,1.0186,1.0188,1.0153,1.0177,566248.0,2026-03-17 15:44:59.999000+00:00,575961.24043,2460,312010.2,317405.282
2026-03-17 15:45:00+00:00,1.0176,1.0186,1.0161,1.0173,360819.4,2026-03-17 15:49:59.999000+00:00,367057.4077,2037,153162.5,155825.39761
2026-03-17 15:50:00+00:00,1.0174,1.0211,1.0174,1.0205,442309.5,2026-03-17 15:54:59.999000+00:00,451220.68731,2427,270416.2,275862.08056
2026-03-17 15:55:00+00:00,1.0205,1.0211,1.0197,1.0209,408530.4,2026-03-17 15:59:59.999000+00:00,416804.19736,1547,226455.2,231046.86582
2026-03-17 16:00:00+00:00,1.021,1.0226,1.0203,1.0213,522509.7,2026-03-17 16:04:59.999000+00:00,533676.68762,2380,275094.8,280996.69228
2026-03-17 16:05:00+00:00,1.0213,1.0254,1.0209,1.0252,702646.4,2026-03-17 16:09:59.999000+00:00,719314.88062,3039,395449.1,404778.16958
2026-03-17 16:10:00+00:00,1.0253,1.026,1.0224,1.0228,414272.2,2026-03-17 16:14:59.999000+00:00,424357.27465,2033,138008.4,141387.31533
2026-03-17 16:15:00+00:00,1.0229,1.0268,1.0222,1.0265,380656.1,2026-03-17 16:19:59.999000+00:00,390122.50613,2420,157916.3,161848.52693
2026-03-17 16:20:00+00:00,1.0265,1.0285,1.0248,1.028,621721.3,2026-03-17 16:24:59.999000+00:00,638244.24347,2657,301565.1,309668.53488
2026-03-17 16:25:00+00:00,1.0281,1.0287,1.024,1.0242,599012.7,2026-03-17 16:29:59.999000+00:00,615033.53221,2431,188192.8,193221.29911
2026-03-17 16:30:00+00:00,1.0242,1.0251,1.0209,1.0227,656213.2,2026-03-17 16:34:59.999000+00:00,671184.02983,3074,340138.5,347871.77464
2026-03-17 16:35:00+00:00,1.0228,1.0233,1.0204,1.0227,275665.9,2026-03-17 16:39:59.999000+00:00,281666.89785,1786,135305.6,138256.12171
2026-03-17 16:40:00+00:00,1.0228,1.024,1.0219,1.0231,210747.6,2026-03-17 16:44:59.999000+00:00,215577.18093,1406,110672.9,113218.03979
2026-03-17 16:45:00+00:00,1.0232,1.0242,1.0215,1.0235,198440.2,2026-03-17 16:49:59.999000+00:00,203011.80887,1611,123366.5,126215.83053
2026-03-17 16:50:00+00:00,1.0235,1.0268,1.0234,1.0257,522753.5,2026-03-17 16:54:59.999000+00:00,536163.40688,1815,240051.2,246213.41373
2026-03-17 16:55:00+00:00,1.0257,1.0262,1.0238,1.0243,223503.1,2026-03-17 16:59:59.999000+00:00,229040.30937,954,121066.1,124056.17177
2026-03-17 17:00:00+00:00,1.0244,1.0281,1.0244,1.0271,440016.5,2026-03-17 17:04:59.999000+00:00,451930.44192,2164,306940.3,315231.53887
2026-03-17 17:05:00+00:00,1.027,1.0274,1.0256,1.0261,257026.6,2026-03-17 17:09:59.999000+00:00,263855.60092,1675,126461.2,129826.0218
2026-03-17 17:10:00+00:00,1.0262,1.0264,1.0226,1.0258,296310.6,2026-03-17 17:14:59.999000+00:00,303649.66058,1887,139811.9,143276.52588
2026-03-17 17:15:00+00:00,1.0258,1.0267,1.0248,1.0266,203850.5,2026-03-17 17:19:59.999000+00:00,209094.42894,1282,94044.5,96476.2394
2026-03-17 17:20:00+00:00,1.0265,1.0284,1.0265,1.0274,578141.3,2026-03-17 17:24:59.999000+00:00,594055.42559,2112,279231.0,286902.3731
2026-03-17 17:25:00+00:00,1.0274,1.0275,1.0255,1.0274,153246.2,2026-03-17 17:29:59.999000+00:00,157297.75017,1052,58608.7,60163.59095
2026-03-17 17:30:00+00:00,1.0274,1.0288,1.0262,1.0264,387558.9,2026-03-17 17:34:59.999000+00:00,398267.99184,1813,197614.5,203056.50981
2026-03-17 17:35:00+00:00,1.0265,1.0284,1.0262,1.0277,207260.8,2026-03-17 17:39:59.999000+00:00,212962.15513,1251,98719.5,101427.87739
2026-03-17 17:40:00+00:00,1.0277,1.0289,1.0275,1.0276,288217.5,2026-03-17 17:44:59.999000+00:00,296332.20251,1272,122177.9,125603.29654
2026-03-17 17:45:00+00:00,1.0277,1.0299,1.0262,1.0296,320340.6,2026-03-17 17:49:59.999000+00:00,329251.07803,1745,185578.9,190813.31176
2026-03-17 17:50:00+00:00,1.0295,1.0314,1.0294,1.0298,680445.3,2026-03-17 17:54:59.999000+00:00,700985.98084,2346,439798.8,453045.39029
2026-03-17 17:55:00+00:00,1.0297,1.0304,1.0278,1.0302,330212.0,2026-03-17 17:59:59.999000+00:00,339818.01739,1607,199631.2,205489.70446
2026-03-17 18:00:00+00:00,1.0302,1.0319,1.0287,1.0315,312486.6,2026-03-17 18:04:59.999000+00:00,322017.72584,2001,216320.9,222977.43512
2026-03-17 18:05:00+00:00,1.0315,1.0324,1.0304,1.0323,337140.4,2026-03-17 18:09:59.999000+00:00,347718.66819,1827,192703.3,198764.59489
2026-03-17 18:10:00+00:00,1.0323,1.034,1.0301,1.0306,535204.6,2026-03-17 18:14:59.999000+00:00,552681.32385,2354,257348.1,265785.63857
2026-03-17 18:15:00+00:00,1.0306,1.0317,1.0291,1.0316,253789.5,2026-03-17 18:19:59.999000+00:00,261461.21936,1588,110752.4,114105.5172
2026-03-17 18:20:00+00:00,1.0316,1.0324,1.0296,1.0296,210928.0,2026-03-17 18:24:59.999000+00:00,217518.59282,1457,69853.0,72039.0674
2026-03-17 18:25:00+00:00,1.0297,1.0305,1.0283,1.0293,452464.6,2026-03-17 18:29:59.999000+00:00,465644.36586,1744,255158.6,262639.194
2026-03-17 18:30:00+00:00,1.0292,1.0343,1.0292,1.0337,409424.7,2026-03-17 18:34:59.999000+00:00,422758.82707,2164,280024.0,289124.57072
2026-03-17 18:35:00+00:00,1.0336,1.0375,1.0336,1.0365,715487.3,2026-03-17 18:39:59.999000+00:00,740944.40278,2562,383299.1,396921.40825
2026-03-17 18:40:00+00:00,1.0364,1.0369,1.0357,1.0359,316917.4,2026-03-17 18:44:59.999000+00:00,328391.22627,1471,139008.4,144058.56059
2026-03-17 18:45:00+00:00,1.0358,1.0365,1.035,1.0357,182778.2,2026-03-17 18:49:59.999000+00:00,189320.29086,1237,79360.5,82203.0328
2026-03-17 18:50:00+00:00,1.0356,1.0369,1.0345,1.0363,562804.5,2026-03-17 18:54:59.999000+00:00,583086.03039,1599,432842.7,448525.30288
2026-03-17 18:55:00+00:00,1.0362,1.0363,1.0331,1.036,456786.7,2026-03-17 18:59:59.999000+00:00,472579.72246,1889,215167.0,222617.68285
2026-03-17 19:00:00+00:00,1.0359,1.0386,1.0351,1.0354,428976.0,2026-03-17 19:04:59.999000+00:00,444747.59758,2342,227490.3,235880.04052
2026-03-17 19:05:00+00:00,1.0355,1.0374,1.0351,1.0366,316178.8,2026-03-17 19:09:59.999000+00:00,327701.93912,1666,165968.5,172024.75861
2026-03-17 19:10:00+00:00,1.0366,1.0379,1.0352,1.0353,476211.1,2026-03-17 19:14:59.999000+00:00,493814.68089,1311,303060.3,314348.96626
2026-03-17 19:15:00+00:00,1.0352,1.0366,1.0346,1.0347,611656.1,2026-03-17 19:19:59.999000+00:00,633543.47118,1627,354547.5,367292.05077
2026-03-17 19:20:00+00:00,1.0346,1.0356,1.0331,1.0338,361464.3,2026-03-17 19:24:59.999000+00:00,373764.63947,1923,150683.3,155813.499
2026-03-17 19:25:00+00:00,1.0338,1.0346,1.0315,1.0336,314581.0,2026-03-17 19:29:59.999000+00:00,324944.7143,1860,147445.9,152340.78198
2026-03-17 19:30:00+00:00,1.0337,1.0342,1.0327,1.033,444240.7,2026-03-17 19:34:59.999000+00:00,459020.52212,1572,323741.2,334519.52026
2026-03-17 19:35:00+00:00,1.033,1.0372,1.033,1.0362,416678.1,2026-03-17 19:39:59.999000+00:00,431341.40304,1739,208097.6,215428.52735
2026-03-17 19:40:00+00:00,1.0362,1.0362,1.0341,1.0354,313655.0,2026-03-17 19:44:59.999000+00:00,324633.80061,1440,147759.7,152932.8733
2026-03-17 19:45:00+00:00,1.0354,1.0356,1.0313,1.0335,535892.0,2026-03-17 19:49:59.999000+00:00,553718.11765,2304,266501.5,275386.15957
2026-03-17 19:50:00+00:00,1.0335,1.0335,1.0262,1.031,2959363.3,2026-03-17 19:54:59.999000+00:00,3044808.39169,3913,612281.5,630034.77892
2026-03-17 19:55:00+00:00,1.031,1.031,1.0283,1.0285,790929.2,2026-03-17 19:59:59.999000+00:00,814075.99647,2520,325909.1,335419.18966
2026-03-17 20:00:00+00:00,1.0286,1.0305,1.0284,1.0284,389012.9,2026-03-17 20:04:59.999000+00:00,400441.99852,2389,103423.3,106478.62309
2026-03-17 20:05:00+00:00,1.0285,1.0298,1.0268,1.0283,699898.8,2026-03-17 20:09:59.999000+00:00,719585.20596,2536,253667.2,260861.6685
2026-03-17 20:10:00+00:00,1.0283,1.029,1.0267,1.0267,377969.0,2026-03-17 20:14:59.999000+00:00,388632.15924,1775,171430.3,176325.42947
2026-03-17 20:15:00+00:00,1.0267,1.0286,1.0267,1.0279,260914.9,2026-03-17 20:19:59.999000+00:00,268150.32415,1264,105799.5,108737.28322
2026-03-17 20:20:00+00:00,1.0279,1.0339,1.0279,1.0337,302961.0,2026-03-17 20:24:59.999000+00:00,312431.39138,1380,222638.6,229578.64671
2026-03-17 20:25:00+00:00,1.0338,1.0351,1.0332,1.0341,447478.8,2026-03-17 20:29:59.999000+00:00,462915.19363,1464,328654.6,340044.33271
2026-03-17 20:30:00+00:00,1.0341,1.0347,1.0322,1.0323,334539.2,2026-03-17 20:34:59.999000+00:00,345820.57693,1350,100082.2,103451.47205
2026-03-17 20:35:00+00:00,1.0324,1.034,1.0318,1.0333,165916.0,2026-03-17 20:39:59.999000+00:00,171340.91032,1041,88945.1,91849.0221
2026-03-17 20:40:00+00:00,1.0332,1.0334,1.0319,1.0333,286616.6,2026-03-17 20:44:59.999000+00:00,295947.48006,1367,171870.0,177474.25555
2026-03-17 20:45:00+00:00,1.0332,1.0339,1.032,1.0339,178010.4,2026-03-17 20:49:59.999000+00:00,183857.83695,1053,89078.0,91995.25421
2026-03-17 20:50:00+00:00,1.0339,1.0345,1.0327,1.0333,160136.6,2026-03-17 20:54:59.999000+00:00,165527.16317,1020,84960.3,87814.0326
2026-03-17 20:55:00+00:00,1.0333,1.034,1.0331,1.0332,199065.2,2026-03-17 20:59:59.999000+00:00,205753.11409,945,138891.6,143568.90838
2026-03-17 21:00:00+00:00,1.0332,1.0347,1.0331,1.0337,504732.7,2026-03-17 21:04:59.999000+00:00,521979.69436,1478,325543.0,336713.12454
2026-03-17 21:05:00+00:00,1.0337,1.0344,1.0327,1.0335,213083.2,2026-03-17 21:09:59.999000+00:00,220202.89459,1299,82171.6,84924.40728
2026-03-17 21:10:00+00:00,1.0335,1.0395,1.0332,1.0379,1048504.5,2026-03-17 21:14:59.999000+00:00,1086110.712,2838,765650.4,792947.28891
2026-03-17 21:15:00+00:00,1.0378,1.0382,1.0366,1.0374,441064.4,2026-03-17 21:19:59.999000+00:00,457672.51627,1514,279950.9,290534.50428
2026-03-17 21:20:00+00:00,1.0374,1.038,1.0366,1.0377,254974.0,2026-03-17 21:24:59.999000+00:00,264452.81749,1095,95388.6,98944.73371
2026-03-17 21:25:00+00:00,1.0376,1.0379,1.0354,1.0363,178530.3,2026-03-17 21:29:59.999000+00:00,185035.96903,976,98133.9,101697.08685
2026-03-17 21:30:00+00:00,1.0363,1.0367,1.0345,1.0361,233041.0,2026-03-17 21:34:59.999000+00:00,241366.90703,1346,130702.3,135374.09525
2026-03-17 21:35:00+00:00,1.0362,1.0387,1.0358,1.0378,238631.0,2026-03-17 21:39:59.999000+00:00,247539.18864,1387,143035.6,148395.2761
2026-03-17 21:40:00+00:00,1.0377,1.0404,1.0368,1.0395,559979.5,2026-03-17 21:44:59.999000+00:00,581777.82744,2012,300441.6,312137.19423
2026-03-17 21:45:00+00:00,1.0395,1.0402,1.0383,1.0389,186151.3,2026-03-17 21:49:59.999000+00:00,193456.71399,1322,49139.3,51076.74493
2026-03-17 21:50:00+00:00,1.039,1.039,1.0369,1.037,169793.5,2026-03-17 21:54:59.999000+00:00,176194.9767,1049,61909.3,64239.76129
2026-03-17 21:55:00+00:00,1.037,1.0383,1.0361,1.0383,219874.3,2026-03-17 21:59:59.999000+00:00,228044.6969,1271,163378.6,169458.68735
2026-03-17 22:00:00+00:00,1.0383,1.0425,1.0377,1.042,791237.2,2026-03-17 22:04:59.999000+00:00,823722.15543,3370,498928.5,519480.78278
2026-03-17 22:05:00+00:00,1.0421,1.0432,1.0393,1.0403,673966.5,2026-03-17 22:09:59.999000+00:00,702002.88033,2908,329001.1,342721.06578
2026-03-17 22:10:00+00:00,1.0404,1.0414,1.0387,1.0398,571554.6,2026-03-17 22:14:59.999000+00:00,594434.72815,2293,282605.7,293967.51811
2026-03-17 22:15:00+00:00,1.0397,1.0407,1.0386,1.0388,190785.8,2026-03-17 22:19:59.999000+00:00,198358.20926,1458,91382.1,95005.2104
2026-03-17 22:20:00+00:00,1.0387,1.0397,1.0379,1.0385,165419.1,2026-03-17 22:24:59.999000+00:00,171818.87057,1116,86959.8,90334.00505
2026-03-17 22:25:00+00:00,1.0384,1.0388,1.0375,1.0382,245026.6,2026-03-17 22:29:59.999000+00:00,254332.2837,1177,110651.8,114852.31559
2026-03-17 22:30:00+00:00,1.0381,1.0383,1.0343,1.036,582582.9,2026-03-17 22:34:59.999000+00:00,603356.42662,2537,155604.2,161167.27342
2026-03-17 22:35:00+00:00,1.036,1.0366,1.0304,1.0322,878479.3,2026-03-17 22:39:59.999000+00:00,906943.40319,3287,274913.9,283855.46359
2026-03-17 22:40:00+00:00,1.0322,1.0348,1.0312,1.0342,671461.6,2026-03-17 22:44:59.999000+00:00,693688.81369,2163,407367.4,420960.62503
2026-03-17 22:45:00+00:00,1.0342,1.0362,1.0334,1.035,474059.5,2026-03-17 22:49:59.999000+00:00,490534.89463,1776,270189.3,279662.96404
2026-03-17 22:50:00+00:00,1.0349,1.0365,1.0342,1.0364,283549.9,2026-03-17 22:54:59.999000+00:00,293576.44267,1328,187312.0,193933.17988
2026-03-17 22:55:00+00:00,1.0363,1.0375,1.0354,1.0369,175980.7,2026-03-17 22:59:59.999000+00:00,182440.24938,1113,113335.1,117503.35862
2026-03-17 23:00:00+00:00,1.0368,1.0373,1.0347,1.0355,268218.6,2026-03-17 23:04:59.999000+00:00,277872.69748,1706,123971.2,128446.54342
2026-03-17 23:05:00+00:00,1.0354,1.0363,1.0346,1.0352,338610.2,2026-03-17 23:09:59.999000+00:00,350528.43342,1706,119377.7,123599.66704
2026-03-17 23:10:00+00:00,1.0353,1.0366,1.0344,1.0346,416739.1,2026-03-17 23:14:59.999000+00:00,431455.99108,1403,318722.9,329977.01794
2026-03-17 23:15:00+00:00,1.0347,1.0353,1.0333,1.0348,251382.0,2026-03-17 23:19:59.999000+00:00,260015.9004,1357,114014.7,117947.38382
2026-03-17 23:20:00+00:00,1.0347,1.0351,1.0302,1.0327,549737.7,2026-03-17 23:24:59.999000+00:00,567354.37594,2425,277980.9,286935.47465
2026-03-17 23:25:00+00:00,1.0326,1.0333,1.0319,1.0328,177826.5,2026-03-17 23:29:59.999000+00:00,183637.31905,1055,115174.6,118944.18654
2026-03-17 23:30:00+00:00,1.0328,1.0328,1.031,1.0321,362768.3,2026-03-17 23:34:59.999000+00:00,374245.09289,1490,194745.9,200926.02099
2026-03-17 23:35:00+00:00,1.032,1.0321,1.0297,1.0304,322143.4,2026-03-17 23:39:59.999000+00:00,332043.24418,1517,92987.0,95863.70343
2026-03-17 23:40:00+00:00,1.0303,1.0304,1.0271,1.028,484435.5,2026-03-17 23:44:59.999000+00:00,498402.39059,1849,167248.9,172095.80555
2026-03-17 23:45:00+00:00,1.028,1.0296,1.0279,1.0293,377838.7,2026-03-17 23:49:59.999000+00:00,388706.74351,1785,212635.6,218769.99795
2026-03-17 23:50:00+00:00,1.0293,1.0295,1.0282,1.0282,237422.5,2026-03-17 23:54:59.999000+00:00,244235.58212,1089,147403.0,151626.73721
2026-03-17 23:55:00+00:00,1.0282,1.029,1.0281,1.0286,154906.7,2026-03-17 23:59:59.999000+00:00,159323.81842,977,85271.7,87703.71926
2026-03-18 00:00:00+00:00,1.0287,1.0334,1.0284,1.0317,1231481.6,2026-03-18 00:04:59.999000+00:00,1269924.39906,4164,807177.6,832313.64862
2026-03-18 00:05:00+00:00,1.0317,1.032,1.0284,1.0301,530012.0,2026-03-18 00:09:59.999000+00:00,546027.15871,2527,202967.2,209076.88502
2026-03-18 00:10:00+00:00,1.0302,1.0302,1.028,1.0282,275060.1,2026-03-18 00:14:59.999000+00:00,283120.35167,1657,87774.4,90357.66503
2026-03-18 00:15:00+00:00,1.0282,1.0291,1.0233,1.0256,1114894.1,2026-03-18 00:19:59.999000+00:00,1143679.97674,3975,372656.6,382206.413
2026-03-18 00:20:00+00:00,1.0256,1.0263,1.0193,1.0209,2325003.8,2026-03-18 00:24:59.999000+00:00,2375198.97558,4439,494685.8,505711.89601
2026-03-18 00:25:00+00:00,1.0208,1.0236,1.0208,1.0228,588306.0,2026-03-18 00:29:59.999000+00:00,601386.87062,2163,384635.0,393207.76078
2026-03-18 00:30:00+00:00,1.0227,1.0232,1.0207,1.0219,767147.0,2026-03-18 00:34:59.999000+00:00,783842.85044,3071,450168.8,460008.10733
2026-03-18 00:35:00+00:00,1.022,1.0223,1.0199,1.0203,469641.5,2026-03-18 00:39:59.999000+00:00,479554.52987,2346,179554.4,183340.36808
2026-03-18 00:40:00+00:00,1.0202,1.0232,1.02,1.0232,330325.5,2026-03-18 00:44:59.999000+00:00,337510.50966,1795,244871.0,250221.23615
2026-03-18 00:45:00+00:00,1.0233,1.0268,1.0233,1.0256,498909.6,2026-03-18 00:49:59.999000+00:00,511587.94565,2660,294033.2,301471.0852
2026-03-18 00:50:00+00:00,1.0256,1.028,1.0247,1.0257,407627.7,2026-03-18 00:54:59.999000+00:00,418453.5154,1875,212196.1,217881.71487
2026-03-18 00:55:00+00:00,1.0257,1.0268,1.0242,1.0253,221984.6,2026-03-18 00:59:59.999000+00:00,227666.11169,1276,106695.8,109412.57205
2026-03-18 01:00:00+00:00,1.0253,1.0296,1.025,1.0279,318502.2,2026-03-18 01:04:59.999000+00:00,327375.95452,2231,127667.9,131195.2572
2026-03-18 01:05:00+00:00,1.0279,1.029,1.0263,1.0278,438739.4,2026-03-18 01:09:59.999000+00:00,450740.60139,1794,249808.8,256604.86967
2026-03-18 01:10:00+00:00,1.0278,1.0282,1.025,1.0272,222137.4,2026-03-18 01:14:59.999000+00:00,228018.49726,1558,88367.7,90709.56427
2026-03-18 01:15:00+00:00,1.0272,1.0279,1.0257,1.0273,181403.0,2026-03-18 01:19:59.999000+00:00,186303.94374,1199,61327.9,62986.87559
2026-03-18 01:20:00+00:00,1.0273,1.0292,1.0268,1.0272,222691.4,2026-03-18 01:24:59.999000+00:00,228955.98293,1332,70640.5,72635.25046
2026-03-18 01:25:00+00:00,1.0273,1.0285,1.0263,1.0282,230421.1,2026-03-18 01:29:59.999000+00:00,236778.74484,1259,155507.9,159809.31588
2026-03-18 01:30:00+00:00,1.0281,1.0322,1.0278,1.0319,527095.7,2026-03-18 01:34:59.999000+00:00,543237.51493,2551,339761.4,350136.52426
2026-03-18 01:35:00+00:00,1.0318,1.0319,1.0301,1.0309,454918.4,2026-03-18 01:39:59.999000+00:00,468995.70219,2035,209704.5,216185.21681
2026-03-18 01:40:00+00:00,1.0308,1.0335,1.0308,1.0311,516626.5,2026-03-18 01:44:59.999000+00:00,533284.4129,1768,171467.8,177015.71453
2026-03-18 01:45:00+00:00,1.0311,1.0328,1.0304,1.0319,302736.5,2026-03-18 01:49:59.999000+00:00,312336.50827,1609,137122.0,141481.09572
2026-03-18 01:50:00+00:00,1.0319,1.0321,1.0292,1.0298,218202.3,2026-03-18 01:54:59.999000+00:00,224901.11179,1572,54075.5,55750.81974
2026-03-18 01:55:00+00:00,1.0298,1.031,1.0298,1.0304,95605.3,2026-03-18 01:59:59.999000+00:00,98512.62646,980,67412.9,69463.20372
2026-03-18 02:00:00+00:00,1.0303,1.0325,1.0297,1.0314,304313.5,2026-03-18 02:04:59.999000+00:00,313945.25991,1805,143127.0,147657.5708
2026-03-18 02:05:00+00:00,1.0314,1.0363,1.0314,1.0363,480104.3,2026-03-18 02:09:59.999000+00:00,496613.31751,2303,397715.8,411405.36912
2026-03-18 02:10:00+00:00,1.0363,1.0376,1.0342,1.036,780925.6,2026-03-18 02:14:59.999000+00:00,808871.31242,2989,468778.6,485481.17088
2026-03-18 02:15:00+00:00,1.0359,1.0376,1.0355,1.037,265738.6,2026-03-18 02:19:59.999000+00:00,275458.39816,1779,162145.9,168070.51463
2026-03-18 02:20:00+00:00,1.0371,1.0373,1.0346,1.0355,398409.2,2026-03-18 02:24:59.999000+00:00,412664.07328,1620,192168.6,198968.01318
2026-03-18 02:25:00+00:00,1.0355,1.0356,1.0344,1.0355,275409.2,2026-03-18 02:29:59.999000+00:00,284998.29951,1220,150393.4,155647.7749
2026-03-18 02:30:00+00:00,1.0354,1.0408,1.0346,1.0388,872116.7,2026-03-18 02:34:59.999000+00:00,904686.88019,3100,413617.1,429397.90411
2026-03-18 02:35:00+00:00,1.0388,1.0406,1.0373,1.0393,450591.9,2026-03-18 02:39:59.999000+00:00,468207.62265,2277,202541.5,210480.80913
2026-03-18 02:40:00+00:00,1.0393,1.0403,1.0386,1.0396,262048.8,2026-03-18 02:44:59.999000+00:00,272346.3596,1575,146196.1,151945.67656
2026-03-18 02:45:00+00:00,1.0396,1.0404,1.0376,1.0378,270836.5,2026-03-18 02:49:59.999000+00:00,281493.50561,1604,103771.3,107873.75979
2026-03-18 02:50:00+00:00,1.0378,1.0392,1.0368,1.0372,335884.1,2026-03-18 02:54:59.999000+00:00,348637.94286,1391,69032.5,71651.1475
2026-03-18 02:55:00+00:00,1.0371,1.0373,1.0356,1.0357,256299.5,2026-03-18 02:59:59.999000+00:00,265643.19101,1384,161755.0,167669.31317
2026-03-18 03:00:00+00:00,1.0357,1.0391,1.0357,1.0387,307293.0,2026-03-18 03:04:59.999000+00:00,318737.05665,1734,239057.1,247945.08277
2026-03-18 03:05:00+00:00,1.0386,1.0393,1.0358,1.0372,365263.2,2026-03-18 03:09:59.999000+00:00,379113.25264,1965,102028.6,105895.95882
2026-03-18 03:10:00+00:00,1.0372,1.0391,1.0369,1.0381,261077.1,2026-03-18 03:14:59.999000+00:00,271026.56721,1511,185263.1,192325.15492
2026-03-18 03:15:00+00:00,1.0382,1.0394,1.0379,1.0386,536301.7,2026-03-18 03:19:59.999000+00:00,557085.18556,1514,217890.8,226379.01429
2026-03-18 03:20:00+00:00,1.0387,1.0437,1.0385,1.0431,790355.3,2026-03-18 03:24:59.999000+00:00,823473.10069,2858,458441.7,477665.89114
2026-03-18 03:25:00+00:00,1.043,1.0468,1.0428,1.0458,1589962.1,2026-03-18 03:29:59.999000+00:00,1661392.78489,4187,1036017.4,1082522.77044
2026-03-18 03:30:00+00:00,1.0458,1.0486,1.045,1.047,852408.6,2026-03-18 03:34:59.999000+00:00,892207.60325,3516,574226.6,601194.55516
2026-03-18 03:35:00+00:00,1.0469,1.0485,1.0441,1.0447,591634.3,2026-03-18 03:39:59.999000+00:00,618979.51211,2707,244789.0,256122.11966
2026-03-18 03:40:00+00:00,1.0447,1.0458,1.0442,1.0456,534488.6,2026-03-18 03:44:59.999000+00:00,558606.30472,1761,367730.3,384342.08122
2026-03-18 03:45:00+00:00,1.0457,1.0457,1.0433,1.0438,354257.9,2026-03-18 03:49:59.999000+00:00,369997.3369,1595,120177.1,125508.08735
2026-03-18 03:50:00+00:00,1.0439,1.0456,1.0433,1.0452,232825.1,2026-03-18 03:54:59.999000+00:00,243105.47946,1256,126093.6,131679.94864
2026-03-18 03:55:00+00:00,1.0451,1.0466,1.045,1.0454,526938.9,2026-03-18 03:59:59.999000+00:00,551152.00209,1304,121305.7,126893.73143
2026-03-18 04:00:00+00:00,1.0455,1.0456,1.0417,1.0433,466829.7,2026-03-18 04:04:59.999000+00:00,487197.87395,2349,160464.9,167491.53974
2026-03-18 04:05:00+00:00,1.0433,1.0435,1.0422,1.0426,393635.5,2026-03-18 04:09:59.999000+00:00,410455.65293,1918,229940.6,239759.72703
2026-03-18 04:10:00+00:00,1.0426,1.0432,1.0422,1.0429,285258.9,2026-03-18 04:14:59.999000+00:00,297427.64772,1492,171285.5,178598.98869
2026-03-18 04:15:00+00:00,1.043,1.0433,1.0394,1.0409,876705.7,2026-03-18 04:19:59.999000+00:00,912283.4325,2611,303942.6,316241.42714
2026-03-18 04:20:00+00:00,1.0408,1.0418,1.039,1.0392,437397.7,2026-03-18 04:24:59.999000+00:00,454821.20609,1668,166294.0,172906.38394
2026-03-18 04:25:00+00:00,1.0392,1.0397,1.036,1.0368,730944.5,2026-03-18 04:29:59.999000+00:00,758400.78881,2111,218761.6,226967.00651
2026-03-18 04:30:00+00:00,1.0368,1.0369,1.0332,1.0347,1152445.5,2026-03-18 04:34:59.999000+00:00,1192288.85786,2987,659341.2,681984.63958
2026-03-18 04:35:00+00:00,1.0346,1.0368,1.0342,1.0365,633155.6,2026-03-18 04:39:59.999000+00:00,655977.02382,1858,503702.3,521891.25682
2026-03-18 04:40:00+00:00,1.0364,1.0368,1.0357,1.0363,255528.8,2026-03-18 04:44:59.999000+00:00,264760.35839,1168,107979.0,111895.25883
2026-03-18 04:45:00+00:00,1.0363,1.0391,1.0337,1.0339,1767337.6,2026-03-18 04:49:59.999000+00:00,1831218.24362,3996,822449.2,852285.30991
2026-03-18 04:50:00+00:00,1.034,1.0352,1.0338,1.0348,327057.6,2026-03-18 04:54:59.999000+00:00,338323.01135,1847,199438.9,206310.6742
2026-03-18 04:55:00+00:00,1.0348,1.0376,1.0348,1.0374,234833.7,2026-03-18 04:59:59.999000+00:00,243319.29014,1348,170505.4,176673.52836
2026-03-18 05:00:00+00:00,1.0374,1.0421,1.0374,1.0405,1342089.5,2026-03-18 05:04:59.999000+00:00,1396648.61774,3650,935536.3,973550.54345
2026-03-18 05:05:00+00:00,1.0405,1.0456,1.0405,1.0449,889222.8,2026-03-18 05:09:59.999000+00:00,927723.93458,2872,585782.8,611298.36765
2026-03-18 05:10:00+00:00,1.0449,1.0491,1.0448,1.0471,752284.4,2026-03-18 05:14:59.999000+00:00,788157.34511,3699,445261.6,466445.1269
2026-03-18 05:15:00+00:00,1.0471,1.0487,1.0456,1.0465,612880.9,2026-03-18 05:19:59.999000+00:00,641820.82089,2365,376685.2,394522.66132
2026-03-18 05:20:00+00:00,1.0465,1.0467,1.0435,1.0443,441404.8,2026-03-18 05:24:59.999000+00:00,461145.96544,1813,209111.0,218494.03034
2026-03-18 05:25:00+00:00,1.0443,1.0443,1.0418,1.042,699937.0,2026-03-18 05:29:59.999000+00:00,729747.96123,1772,474136.1,494314.75207
2026-03-18 05:30:00+00:00,1.042,1.0441,1.0401,1.0402,621508.8,2026-03-18 05:34:59.999000+00:00,647732.5799,2022,256103.9,267014.32099
2026-03-18 05:35:00+00:00,1.0401,1.0411,1.0389,1.0409,394949.2,2026-03-18 05:39:59.999000+00:00,410709.70151,1716,214627.4,223209.26075
2026-03-18 05:40:00+00:00,1.0409,1.0409,1.038,1.0385,317704.0,2026-03-18 05:44:59.999000+00:00,330015.6669,1487,172741.6,179427.52266
2026-03-18 05:45:00+00:00,1.0385,1.0404,1.0381,1.0381,417474.6,2026-03-18 05:49:59.999000+00:00,433757.19414,1794,301848.3,313643.54144
2026-03-18 05:50:00+00:00,1.038,1.038,1.033,1.0336,955635.0,2026-03-18 05:54:59.999000+00:00,989283.18293,2830,177096.3,183493.60129
2026-03-18 05:55:00+00:00,1.0336,1.0344,1.0318,1.0338,677489.5,2026-03-18 05:59:59.999000+00:00,699884.79978,2652,472088.0,487738.24429
2026-03-18 06:00:00+00:00,1.0337,1.0357,1.0331,1.034,502647.1,2026-03-18 06:04:59.999000+00:00,519920.58532,2415,331336.4,342722.45322
2026-03-18 06:05:00+00:00,1.0341,1.0358,1.0335,1.0358,327277.2,2026-03-18 06:09:59.999000+00:00,338548.80789,1926,242331.2,250690.52874
2026-03-18 06:10:00+00:00,1.0357,1.0364,1.0345,1.0356,550690.9,2026-03-18 06:14:59.999000+00:00,570246.94792,2010,368877.4,381987.67201
2026-03-18 06:15:00+00:00,1.0356,1.039,1.0341,1.0386,788652.8,2026-03-18 06:19:59.999000+00:00,818067.13784,2667,520258.1,539652.34669
2026-03-18 06:20:00+00:00,1.0385,1.0423,1.037,1.0417,439763.1,2026-03-18 06:24:59.999000+00:00,457200.84526,2021,290638.2,302183.73829
2026-03-18 06:25:00+00:00,1.0417,1.0423,1.0402,1.0403,385994.7,2026-03-18 06:29:59.999000+00:00,401934.72034,1220,112567.7,117223.02621
2026-03-18 06:30:00+00:00,1.0404,1.0407,1.0379,1.0379,263026.4,2026-03-18 06:34:59.999000+00:00,273484.39902,1471,109537.0,113913.23614
2026-03-18 06:35:00+00:00,1.0378,1.0385,1.0347,1.0351,295037.0,2026-03-18 06:39:59.999000+00:00,305948.40218,1644,194838.3,202098.38869
2026-03-18 06:40:00+00:00,1.0352,1.0359,1.0338,1.0354,377498.2,2026-03-18 06:44:59.999000+00:00,390663.75149,1374,193347.6,200106.20476
2026-03-18 06:45:00+00:00,1.0354,1.0372,1.0348,1.0353,265062.4,2026-03-18 06:49:59.999000+00:00,274616.22795,1181,138167.6,143175.16359
2026-03-18 06:50:00+00:00,1.0353,1.0366,1.0353,1.0361,132888.1,2026-03-18 06:54:59.999000+00:00,137669.79241,757,75653.0,78366.15295
2026-03-18 06:55:00+00:00,1.0362,1.0362,1.0325,1.0327,289777.9,2026-03-18 06:59:59.999000+00:00,299530.0115,1215,91700.0,94770.13991
2026-03-18 07:00:00+00:00,1.0328,1.0328,1.0286,1.0294,994817.0,2026-03-18 07:04:59.999000+00:00,1024714.97698,3119,237391.6,244556.97949
2026-03-18 07:05:00+00:00,1.0295,1.0301,1.0254,1.0254,833189.6,2026-03-18 07:09:59.999000+00:00,856376.63336,2720,353119.7,363031.92344
2026-03-18 07:10:00+00:00,1.0254,1.0282,1.0254,1.0279,403519.8,2026-03-18 07:14:59.999000+00:00,414518.96614,1929,248099.5,254855.47368
2026-03-18 07:15:00+00:00,1.028,1.0286,1.0268,1.0269,291678.7,2026-03-18 07:19:59.999000+00:00,299756.86022,1315,117078.6,120334.75013
2026-03-18 07:20:00+00:00,1.0268,1.0275,1.0259,1.0274,570634.5,2026-03-18 07:24:59.999000+00:00,585807.38272,1520,311182.1,319474.86145
2026-03-18 07:25:00+00:00,1.0274,1.0275,1.0246,1.0262,557760.4,2026-03-18 07:29:59.999000+00:00,572220.54952,2105,328805.4,337346.39761
2026-03-18 07:30:00+00:00,1.0263,1.0265,1.0233,1.0237,1288543.2,2026-03-18 07:34:59.999000+00:00,1320314.69379,3035,446526.8,457356.39345
2026-03-18 07:35:00+00:00,1.0236,1.0248,1.0218,1.0225,1531697.6,2026-03-18 07:39:59.999000+00:00,1567692.92134,3550,808116.4,827272.42076
2026-03-18 07:40:00+00:00,1.0225,1.0249,1.0221,1.0225,608310.8,2026-03-18 07:44:59.999000+00:00,622677.08768,2143,314798.3,322228.10964
2026-03-18 07:45:00+00:00,1.0226,1.025,1.0221,1.0245,364114.2,2026-03-18 07:49:59.999000+00:00,372748.51114,1877,216657.3,221805.94284
2026-03-18 07:50:00+00:00,1.0245,1.0271,1.0244,1.0268,328837.8,2026-03-18 07:54:59.999000+00:00,337343.36067,1605,203455.0,208730.29828
2026-03-18 07:55:00+00:00,1.0268,1.0279,1.0262,1.0276,361319.9,2026-03-18 07:59:59.999000+00:00,371024.50366,1257,174944.6,179669.71913
2026-03-18 08:00:00+00:00,1.0276,1.0324,1.0276,1.0305,1053806.3,2026-03-18 08:04:59.999000+00:00,1085252.74493,3586,589951.6,607624.73797
2026-03-18 08:05:00+00:00,1.0304,1.0323,1.0301,1.0302,730082.9,2026-03-18 08:09:59.999000+00:00,752998.68885,2443,512492.9,528630.05277
2026-03-18 08:10:00+00:00,1.0302,1.0323,1.0294,1.0314,485107.8,2026-03-18 08:14:59.999000+00:00,500328.53189,1993,164992.5,170165.29682
2026-03-18 08:15:00+00:00,1.0314,1.0321,1.0286,1.0298,401015.4,2026-03-18 08:19:59.999000+00:00,413100.08192,1861,141470.4,145727.35304
2026-03-18 08:20:00+00:00,1.0299,1.0313,1.0296,1.0313,166610.2,2026-03-18 08:24:59.999000+00:00,171665.03842,1096,80968.6,83438.06673
2026-03-18 08:25:00+00:00,1.0313,1.0316,1.0295,1.0301,300760.9,2026-03-18 08:29:59.999000+00:00,309888.05476,1480,171569.8,176749.09465
2026-03-18 08:30:00+00:00,1.0302,1.0302,1.0273,1.0284,370769.2,2026-03-18 08:34:59.999000+00:00,381384.2962,2217,168242.2,173061.51392
2026-03-18 08:35:00+00:00,1.0284,1.0292,1.0265,1.0288,446930.0,2026-03-18 08:39:59.999000+00:00,459359.50701,1843,302900.8,311362.72376
2026-03-18 08:40:00+00:00,1.0288,1.0288,1.027,1.0274,277250.0,2026-03-18 08:44:59.999000+00:00,284926.18213,1266,117241.1,120483.09815
2026-03-18 08:45:00+00:00,1.0274,1.0276,1.0265,1.0268,218159.9,2026-03-18 08:49:59.999000+00:00,224035.57293,1237,121480.3,124759.90919
2026-03-18 08:50:00+00:00,1.0267,1.028,1.025,1.0252,564336.5,2026-03-18 08:54:59.999000+00:00,579421.89638,1782,306271.8,314528.98128
2026-03-18 08:55:00+00:00,1.0252,1.0261,1.0247,1.0259,252223.2,2026-03-18 08:59:59.999000+00:00,258657.91763,1237,124970.6,128166.6425
2026-03-18 09:00:00+00:00,1.0259,1.0272,1.0247,1.0264,391360.1,2026-03-18 09:04:59.999000+00:00,401569.02088,1815,193497.8,198595.5634
2026-03-18 09:05:00+00:00,1.0263,1.0278,1.0258,1.0271,252109.6,2026-03-18 09:09:59.999000+00:00,258852.33518,1483,145477.5,149373.54533
2026-03-18 09:10:00+00:00,1.0271,1.0276,1.0257,1.0261,159043.8,2026-03-18 09:14:59.999000+00:00,163255.90593,1150,65063.8,66786.06801
2026-03-18 09:15:00+00:00,1.0261,1.0278,1.0254,1.0276,305951.1,2026-03-18 09:19:59.999000+00:00,314135.61676,1395,126098.5,129489.53378
2026-03-18 09:20:00+00:00,1.0275,1.0292,1.0274,1.0284,588806.0,2026-03-18 09:24:59.999000+00:00,605527.33628,1460,244908.7,251830.33074
2026-03-18 09:25:00+00:00,1.0284,1.0295,1.0276,1.0287,162343.9,2026-03-18 09:29:59.999000+00:00,166989.50077,1031,84273.4,86694.89526
2026-03-18 09:30:00+00:00,1.0288,1.0308,1.0286,1.0295,247829.9,2026-03-18 09:34:59.999000+00:00,255202.1336,1347,148297.5,152698.65109
2026-03-18 09:35:00+00:00,1.0295,1.032,1.0291,1.031,304946.7,2026-03-18 09:39:59.999000+00:00,314378.40247,1640,148257.2,152840.9128
2026-03-18 09:40:00+00:00,1.031,1.0312,1.0292,1.0295,421293.0,2026-03-18 09:44:59.999000+00:00,433965.16306,1365,132546.0,136575.76911
2026-03-18 09:45:00+00:00,1.0296,1.0301,1.0289,1.0294,229030.1,2026-03-18 09:49:59.999000+00:00,235770.53079,1123,84651.6,87146.21244
2026-03-18 09:50:00+00:00,1.0294,1.0295,1.027,1.0287,233570.0,2026-03-18 09:54:59.999000+00:00,240114.16202,1233,120265.1,123627.57951
2026-03-18 09:55:00+00:00,1.0288,1.031,1.0285,1.0308,463039.2,2026-03-18 09:59:59.999000+00:00,476717.33649,1506,218047.9,224509.12598
2026-03-18 10:00:00+00:00,1.0308,1.0313,1.0261,1.0263,593374.9,2026-03-18 10:04:59.999000+00:00,610347.717,2243,180652.4,185785.36021
2026-03-18 10:05:00+00:00,1.0263,1.0265,1.0244,1.0265,423759.0,2026-03-18 10:09:59.999000+00:00,434481.43712,1767,253659.8,260084.72824
2026-03-18 10:10:00+00:00,1.0266,1.0291,1.0266,1.0276,326259.7,2026-03-18 10:14:59.999000+00:00,335466.71764,1605,155664.1,160079.82944
2026-03-18 10:15:00+00:00,1.0277,1.0283,1.0264,1.0265,470630.4,2026-03-18 10:19:59.999000+00:00,483521.79704,1570,209130.9,214863.8742
2026-03-18 10:20:00+00:00,1.0264,1.027,1.0257,1.0269,263680.5,2026-03-18 10:24:59.999000+00:00,270615.65147,907,73218.3,75144.73416
2026-03-18 10:25:00+00:00,1.027,1.0274,1.0262,1.0266,194275.3,2026-03-18 10:29:59.999000+00:00,199503.69587,998,76764.6,78832.76713
2026-03-18 10:30:00+00:00,1.0266,1.0279,1.026,1.0262,247529.2,2026-03-18 10:34:59.999000+00:00,254177.8901,1309,139428.9,143181.73205
2026-03-18 10:35:00+00:00,1.0262,1.0262,1.0234,1.0236,472830.2,2026-03-18 10:39:59.999000+00:00,484344.24405,1915,202054.8,206979.87871
2026-03-18 10:40:00+00:00,1.0236,1.0243,1.0214,1.0218,939332.0,2026-03-18 10:44:59.999000+00:00,960816.82564,2291,262706.3,268715.13267
2026-03-18 10:45:00+00:00,1.0218,1.0221,1.0191,1.021,1550166.9,2026-03-18 10:49:59.999000+00:00,1581655.70126,3508,479665.6,489514.40271
2026-03-18 10:50:00+00:00,1.0209,1.024,1.0207,1.0237,346998.2,2026-03-18 10:54:59.999000+00:00,354994.34332,1512,253622.2,259464.41943
2026-03-18 10:55:00+00:00,1.0237,1.0259,1.0227,1.0251,325468.0,2026-03-18 10:59:59.999000+00:00,333316.59806,1276,123111.9,126132.30946
2026-03-18 11:00:00+00:00,1.0251,1.0252,1.0201,1.0216,604144.3,2026-03-18 11:04:59.999000+00:00,617820.38457,2773,205362.6,209922.07387
2026-03-18 11:05:00+00:00,1.0217,1.024,1.0202,1.024,524739.7,2026-03-18 11:09:59.999000+00:00,536147.17937,2433,183866.2,187943.36946
2026-03-18 11:10:00+00:00,1.024,1.0277,1.024,1.0262,536376.7,2026-03-18 11:14:59.999000+00:00,550466.8842,2705,290744.7,298385.9877
2026-03-18 11:15:00+00:00,1.0262,1.0281,1.0261,1.0272,341518.3,2026-03-18 11:19:59.999000+00:00,350832.16526,1747,147768.3,151814.55148
2026-03-18 11:20:00+00:00,1.0271,1.0271,1.0243,1.0243,125604.0,2026-03-18 11:24:59.999000+00:00,128873.07003,834,44099.1,45242.21492
2026-03-18 11:25:00+00:00,1.0244,1.0246,1.0162,1.0169,1318108.1,2026-03-18 11:29:59.999000+00:00,1342972.70434,4341,299629.1,305605.6952
2026-03-18 11:30:00+00:00,1.0169,1.0177,1.0044,1.0061,6756216.4,2026-03-18 11:34:59.999000+00:00,6822243.8082,17153,2735980.0,2761878.0306
2026-03-18 11:35:00+00:00,1.006,1.006,0.9953,0.9983,6369791.0,2026-03-18 11:39:59.999000+00:00,6371669.94621,15506,2463109.0,2463462.52209
2026-03-18 11:40:00+00:00,0.9982,1.0045,0.997,1.0043,1851665.0,2026-03-18 11:44:59.999000+00:00,1853803.36653,6800,1059347.8,1060912.75589
2026-03-18 11:45:00+00:00,1.0044,1.005,1.0024,1.0034,1152364.8,2026-03-18 11:49:59.999000+00:00,1156563.29395,4189,487618.0,489518.00636
2026-03-18 11:50:00+00:00,1.0033,1.0045,1.0013,1.0026,580344.0,2026-03-18 11:54:59.999000+00:00,582146.7586,3020,345567.1,346675.26955
2026-03-18 11:55:00+00:00,1.0027,1.0039,1.0009,1.0022,1226149.4,2026-03-18 11:59:59.999000+00:00,1228790.06577,3171,672115.6,673659.02801
2026-03-18 12:00:00+00:00,1.0022,1.0039,0.9993,1.0023,1631789.1,2026-03-18 12:04:59.999000+00:00,1634495.5474,5672,692504.0,693879.28289
2026-03-18 12:05:00+00:00,1.0023,1.0031,0.999,0.9996,1482622.2,2026-03-18 12:09:59.999000+00:00,1483590.10154,4895,481765.0,482100.12357
2026-03-18 12:10:00+00:00,0.9996,1.0022,0.9983,1.002,1602842.4,2026-03-18 12:14:59.999000+00:00,1602636.33359,4488,840574.7,840662.32278
2026-03-18 12:15:00+00:00,1.002,1.0045,1.0011,1.0021,1057929.1,2026-03-18 12:19:59.999000+00:00,1060837.90504,3624,502352.9,503854.20728
2026-03-18 12:20:00+00:00,1.0021,1.0043,1.0002,1.0026,554415.3,2026-03-18 12:24:59.999000+00:00,555905.53791,2946,316603.5,317409.62535
2026-03-18 12:25:00+00:00,1.0025,1.0044,1.0017,1.0042,521292.5,2026-03-18 12:29:59.999000+00:00,522972.64624,2429,249507.2,250282.02194
2026-03-18 12:30:00+00:00,1.0041,1.0041,0.9876,0.9904,6008616.3,2026-03-18 12:34:59.999000+00:00,5960832.19837,14336,2442949.2,2423056.22524
2026-03-18 12:35:00+00:00,0.9905,0.9948,0.9897,0.9926,1213304.5,2026-03-18 12:39:59.999000+00:00,1204337.35041,5176,604570.1,600136.6061
2026-03-18 12:40:00+00:00,0.9926,0.9942,0.9909,0.9934,807489.9,2026-03-18 12:44:59.999000+00:00,801652.00863,3985,441772.2,438546.89742
2026-03-18 12:45:00+00:00,0.9934,0.9938,0.9895,0.9914,1010218.4,2026-03-18 12:49:59.999000+00:00,1001163.62034,4590,526927.0,522227.54866
2026-03-18 12:50:00+00:00,0.9913,0.9923,0.9884,0.9917,1030322.5,2026-03-18 12:54:59.999000+00:00,1020523.71993,3674,653428.1,647201.48383
2026-03-18 12:55:00+00:00,0.9917,0.9933,0.99,0.99,1023313.1,2026-03-18 12:59:59.999000+00:00,1015265.36724,2780,664502.3,659424.29856
2026-03-18 13:00:00+00:00,0.9901,0.9918,0.9831,0.9902,3583342.5,2026-03-18 13:04:59.999000+00:00,3536176.85527,9473,1397890.2,1379768.27103
2026-03-18 13:05:00+00:00,0.9901,0.9926,0.9896,0.991,951536.9,2026-03-18 13:09:59.999000+00:00,943000.81174,3663,392916.6,389531.00041
2026-03-18 13:10:00+00:00,0.991,0.9918,0.9896,0.9916,681361.4,2026-03-18 13:14:59.999000+00:00,675061.00543,2521,394953.1,391354.14285
2026-03-18 13:15:00+00:00,0.9915,0.9916,0.9869,0.9875,855853.9,2026-03-18 13:19:59.999000+00:00,846292.09705,3079,396718.4,392236.63924
2026-03-18 13:20:00+00:00,0.9876,0.992,0.9871,0.9901,651100.4,2026-03-18 13:24:59.999000+00:00,644193.29308,2602,418983.0,414515.98714
2026-03-18 13:25:00+00:00,0.9901,0.9915,0.9892,0.991,402368.9,2026-03-18 13:29:59.999000+00:00,398542.196,1771,191953.0,190120.3936
2026-03-18 13:30:00+00:00,0.9911,0.9914,0.9889,0.9914,1009221.7,2026-03-18 13:34:59.999000+00:00,999293.5132,3939,416802.4,412666.57193
2026-03-18 13:35:00+00:00,0.9915,0.9981,0.991,0.994,2045652.6,2026-03-18 13:39:59.999000+00:00,2035572.19818,6995,1035432.6,1030286.25621
2026-03-18 13:40:00+00:00,0.9941,0.9957,0.9923,0.9936,782605.4,2026-03-18 13:44:59.999000+00:00,777620.25071,3805,476531.6,473551.35907
2026-03-18 13:45:00+00:00,0.9937,0.9964,0.9915,0.992,809476.7,2026-03-18 13:49:59.999000+00:00,803904.00173,3947,415551.9,412673.93462
2026-03-18 13:50:00+00:00,0.992,0.9942,0.9909,0.9925,534905.2,2026-03-18 13:54:59.999000+00:00,530735.72353,2884,262661.6,260672.82316
2026-03-18 13:55:00+00:00,0.9925,0.9932,0.9897,0.9919,507215.4,2026-03-18 13:59:59.999000+00:00,502664.82852,2778,220696.8,218694.19942
2026-03-18 14:00:00+00:00,0.992,0.9926,0.9876,0.9905,1363312.8,2026-03-18 14:04:59.999000+00:00,1350140.29316,5133,506746.0,501964.7246
2026-03-18 14:05:00+00:00,0.9905,0.9927,0.9886,0.9914,597149.0,2026-03-18 14:09:59.999000+00:00,591605.28511,3742,303093.5,300302.63136
2026-03-18 14:10:00+00:00,0.9915,0.9915,0.987,0.9872,593810.8,2026-03-18 14:14:59.999000+00:00,587188.11498,2948,182466.6,180514.08445
2026-03-18 14:15:00+00:00,0.9871,0.9891,0.986,0.9873,627473.8,2026-03-18 14:19:59.999000+00:00,619729.38601,3062,275621.4,272244.0621
2026-03-18 14:20:00+00:00,0.9873,0.9883,0.9859,0.9874,463715.1,2026-03-18 14:24:59.999000+00:00,457672.94621,2307,186802.4,184415.59075
2026-03-18 14:25:00+00:00,0.9875,0.9877,0.9801,0.9812,2160761.5,2026-03-18 14:29:59.999000+00:00,2122544.67002,5891,626194.8,614840.56729
2026-03-18 14:30:00+00:00,0.9813,0.9834,0.9787,0.9809,1947963.1,2026-03-18 14:34:59.999000+00:00,1911814.41605,5745,890284.4,874122.12927
2026-03-18 14:35:00+00:00,0.9809,0.9831,0.9796,0.9806,627553.8,2026-03-18 14:39:59.999000+00:00,615841.55162,3245,361419.2,354748.71966
2026-03-18 14:40:00+00:00,0.9807,0.981,0.9756,0.9767,1688738.3,2026-03-18 14:44:59.999000+00:00,1651339.31259,5046,515508.8,504227.49521
2026-03-18 14:45:00+00:00,0.9768,0.9793,0.9763,0.9792,750817.2,2026-03-18 14:49:59.999000+00:00,733898.27409,3275,432326.3,422641.38087
2026-03-18 14:50:00+00:00,0.9792,0.9798,0.9722,0.9745,1879677.9,2026-03-18 14:54:59.999000+00:00,1833741.23697,5522,693419.1,676962.41332
2026-03-18 14:55:00+00:00,0.9744,0.977,0.9717,0.9741,1863035.3,2026-03-18 14:59:59.999000+00:00,1814536.96483,4985,814791.0,793930.82081
2026-03-18 15:00:00+00:00,0.974,0.9785,0.9683,0.977,3365136.5,2026-03-18 15:04:59.999000+00:00,3273839.96779,10414,1267686.0,1234857.95552
2026-03-18 15:05:00+00:00,0.977,0.9814,0.9763,0.978,1676142.0,2026-03-18 15:09:59.999000+00:00,1640709.11785,5367,857454.2,839613.31816
2026-03-18 15:10:00+00:00,0.978,0.978,0.9723,0.9741,790702.2,2026-03-18 15:14:59.999000+00:00,770759.56413,3649,265242.6,258546.9117
2026-03-18 15:15:00+00:00,0.974,0.9778,0.9735,0.9772,1221147.5,2026-03-18 15:19:59.999000+00:00,1191257.01297,3840,669812.3,653279.82477
2026-03-18 15:20:00+00:00,0.9772,0.9796,0.9771,0.9785,548203.5,2026-03-18 15:24:59.999000+00:00,536301.85509,2775,272244.1,266317.38104
2026-03-18 15:25:00+00:00,0.9785,0.9796,0.9776,0.9789,427300.4,2026-03-18 15:29:59.999000+00:00,418211.90659,2197,263959.7,258349.33813
2026-03-18 15:30:00+00:00,0.9789,0.9824,0.9781,0.9805,905886.8,2026-03-18 15:34:59.999000+00:00,888427.11536,3432,459361.3,450602.54941
2026-03-18 15:35:00+00:00,0.9804,0.981,0.9787,0.9787,478186.8,2026-03-18 15:39:59.999000+00:00,468532.74675,2074,241981.5,237148.5057
2026-03-18 15:40:00+00:00,0.9787,0.9797,0.9779,0.9782,389324.4,2026-03-18 15:44:59.999000+00:00,381028.26704,1816,173510.6,169812.78462
2026-03-18 15:45:00+00:00,0.9782,0.9789,0.9764,0.9779,663391.0,2026-03-18 15:49:59.999000+00:00,648562.32228,2351,243919.9,238486.45106
2026-03-18 15:50:00+00:00,0.978,0.9796,0.9776,0.9787,479314.5,2026-03-18 15:54:59.999000+00:00,469163.4352,1951,296665.1,290409.11377
2026-03-18 15:55:00+00:00,0.9788,0.9792,0.9775,0.9775,549475.9,2026-03-18 15:59:59.999000+00:00,537675.71338,1933,298090.2,291727.14977
2026-03-18 16:00:00+00:00,0.9775,0.9781,0.975,0.9763,1313490.2,2026-03-18 16:04:59.999000+00:00,1282495.09962,3928,723693.9,706556.16103
2026-03-18 16:05:00+00:00,0.9764,0.9766,0.9749,0.9757,504542.2,2026-03-18 16:09:59.999000+00:00,492307.3022,2208,269900.6,263366.31496
2026-03-18 16:10:00+00:00,0.9757,0.9771,0.9745,0.9748,603908.2,2026-03-18 16:14:59.999000+00:00,589163.19161,2630,208004.6,203005.40595
2026-03-18 16:15:00+00:00,0.9748,0.9753,0.9726,0.9742,615333.5,2026-03-18 16:19:59.999000+00:00,599400.47446,2287,223779.6,218048.93765
2026-03-18 16:20:00+00:00,0.9742,0.9752,0.9726,0.973,479902.5,2026-03-18 16:24:59.999000+00:00,467311.43679,2047,125086.3,121841.67372
2026-03-18 16:25:00+00:00,0.973,0.9744,0.9714,0.9732,507141.3,2026-03-18 16:29:59.999000+00:00,493550.04392,2448,257445.9,250589.81083
2026-03-18 16:30:00+00:00,0.9731,0.9755,0.9719,0.9724,480446.9,2026-03-18 16:34:59.999000+00:00,468101.3958,2573,269685.5,262778.16021
2026-03-18 16:35:00+00:00,0.9723,0.9749,0.9708,0.9743,554938.6,2026-03-18 16:39:59.999000+00:00,539797.29343,2857,270134.7,262784.08804
2026-03-18 16:40:00+00:00,0.9744,0.9753,0.9737,0.9751,272655.5,2026-03-18 16:44:59.999000+00:00,265776.82526,1407,115836.1,112913.59499
2026-03-18 16:45:00+00:00,0.9751,0.9759,0.9742,0.9757,287636.3,2026-03-18 16:49:59.999000+00:00,280378.70887,1516,125831.6,122675.10289
2026-03-18 16:50:00+00:00,0.9757,0.9786,0.9756,0.9773,488620.5,2026-03-18 16:54:59.999000+00:00,477662.31014,2238,339506.9,331914.22726
2026-03-18 16:55:00+00:00,0.9773,0.9774,0.9742,0.9745,369769.9,2026-03-18 16:59:59.999000+00:00,360705.89301,2195,173443.7,169180.32435
2026-03-18 17:00:00+00:00,0.9746,0.9751,0.9727,0.974,571072.5,2026-03-18 17:04:59.999000+00:00,556024.06257,2763,198449.6,193233.61027
2026-03-18 17:05:00+00:00,0.974,0.9743,0.972,0.9733,682123.0,2026-03-18 17:09:59.999000+00:00,663525.6584,2231,202348.5,196827.41081
2026-03-18 17:10:00+00:00,0.9734,0.9748,0.9731,0.9733,247359.3,2026-03-18 17:14:59.999000+00:00,240951.8267,1481,141571.2,137906.0263
2026-03-18 17:15:00+00:00,0.9734,0.9744,0.9718,0.9744,357693.4,2026-03-18 17:19:59.999000+00:00,348020.42306,1785,163555.1,159162.78079
2026-03-18 17:20:00+00:00,0.9745,0.9789,0.9744,0.9787,666718.0,2026-03-18 17:24:59.999000+00:00,651176.94892,2748,471098.6,460104.6847
2026-03-18 17:25:00+00:00,0.9787,0.9797,0.9767,0.9795,627050.8,2026-03-18 17:29:59.999000+00:00,613577.97514,1945,345334.5,338012.17392
2026-03-18 17:30:00+00:00,0.9795,0.9795,0.9774,0.9789,514442.0,2026-03-18 17:34:59.999000+00:00,503294.72561,2361,202142.6,197770.42345
2026-03-18 17:35:00+00:00,0.979,0.9845,0.979,0.9837,1348437.6,2026-03-18 17:39:59.999000+00:00,1325125.78081,4314,732401.8,719662.73626
2026-03-18 17:40:00+00:00,0.9836,0.9837,0.9798,0.9809,929001.3,2026-03-18 17:44:59.999000+00:00,911632.01613,2998,494233.5,484998.62572
2026-03-18 17:45:00+00:00,0.9809,0.982,0.9799,0.9807,394697.3,2026-03-18 17:49:59.999000+00:00,387221.30509,2078,164920.6,161805.70571
2026-03-18 17:50:00+00:00,0.9806,0.9806,0.9788,0.9795,335966.9,2026-03-18 17:54:59.999000+00:00,329096.29515,1700,137679.3,134856.08294
2026-03-18 17:55:00+00:00,0.9795,0.98,0.9777,0.9784,811444.4,2026-03-18 17:59:59.999000+00:00,794140.25898,2004,321043.6,314177.67557
2026-03-18 18:00:00+00:00,0.9785,0.9868,0.9785,0.9864,1496467.8,2026-03-18 18:04:59.999000+00:00,1472128.32157,6745,816147.7,802849.51617
2026-03-18 18:05:00+00:00,0.9863,0.9887,0.9856,0.9864,1229890.6,2026-03-18 18:09:59.999000+00:00,1214029.71418,4376,647705.1,639460.77821
2026-03-18 18:10:00+00:00,0.9863,0.9887,0.9853,0.9859,941058.2,2026-03-18 18:14:59.999000+00:00,928952.9336,3495,481459.5,475301.37447
2026-03-18 18:15:00+00:00,0.9859,0.986,0.9796,0.981,1223511.4,2026-03-18 18:19:59.999000+00:00,1201818.01154,4321,568702.7,558629.69024
2026-03-18 18:20:00+00:00,0.9811,0.982,0.9791,0.981,772736.7,2026-03-18 18:24:59.999000+00:00,757619.69186,2769,411809.2,403772.96269
2026-03-18 18:25:00+00:00,0.9809,0.9822,0.9799,0.9821,408033.3,2026-03-18 18:29:59.999000+00:00,400313.51948,1716,276707.1,271508.23002
2026-03-18 18:30:00+00:00,0.9821,0.986,0.9799,0.98,650188.5,2026-03-18 18:34:59.999000+00:00,639176.00534,3566,259100.1,254776.95195
2026-03-18 18:35:00+00:00,0.9801,0.9839,0.9792,0.9812,542878.9,2026-03-18 18:39:59.999000+00:00,532770.19396,3285,239848.5,235444.08043
2026-03-18 18:40:00+00:00,0.9813,0.9836,0.9803,0.9822,312329.0,2026-03-18 18:44:59.999000+00:00,306694.33959,1967,178112.0,174900.1496
2026-03-18 18:45:00+00:00,0.9822,0.9822,0.9783,0.9802,478138.6,2026-03-18 18:49:59.999000+00:00,468715.54376,2163,135169.1,132520.15447
2026-03-18 18:50:00+00:00,0.9801,0.9807,0.9739,0.9741,1008602.9,2026-03-18 18:54:59.999000+00:00,985572.93445,3817,203966.6,199464.55758
2026-03-18 18:55:00+00:00,0.9741,0.9759,0.9721,0.9749,1117166.9,2026-03-18 18:59:59.999000+00:00,1088122.36883,3472,619935.8,603997.49173
2026-03-18 19:00:00+00:00,0.9749,0.9796,0.9748,0.9796,559187.7,2026-03-18 19:04:59.999000+00:00,546585.42084,3236,313144.3,306115.37089
2026-03-18 19:05:00+00:00,0.9797,0.9812,0.9777,0.9811,312451.4,2026-03-18 19:09:59.999000+00:00,306055.56874,2107,172096.3,168591.26562
2026-03-18 19:10:00+00:00,0.981,0.9812,0.9787,0.9793,188097.6,2026-03-18 19:14:59.999000+00:00,184315.30211,1357,78422.8,76830.49311
2026-03-18 19:15:00+00:00,0.9794,0.9822,0.9792,0.9818,370806.5,2026-03-18 19:19:59.999000+00:00,363834.90113,1757,187511.8,183940.4038
2026-03-18 19:20:00+00:00,0.9818,0.9818,0.9793,0.9793,210459.3,2026-03-18 19:24:59.999000+00:00,206456.30466,1306,112276.3,110152.37453
2026-03-18 19:25:00+00:00,0.9793,0.9803,0.9783,0.9796,214079.9,2026-03-18 19:29:59.999000+00:00,209632.34385,1259,136284.8,133456.32417
2026-03-18 19:30:00+00:00,0.9797,0.9814,0.9778,0.9785,359936.4,2026-03-18 19:34:59.999000+00:00,352499.44441,2171,161933.3,158614.86079
2026-03-18 19:35:00+00:00,0.9784,0.9807,0.9772,0.9795,708216.6,2026-03-18 19:39:59.999000+00:00,693658.81524,2116,381104.1,373267.0631
2026-03-18 19:40:00+00:00,0.9795,0.98,0.9778,0.9785,282485.9,2026-03-18 19:44:59.999000+00:00,276451.53228,1537,92970.8,90984.00615
2026-03-18 19:45:00+00:00,0.9786,0.9786,0.9762,0.9775,464368.2,2026-03-18 19:49:59.999000+00:00,453895.97376,1823,187205.0,182945.02353
2026-03-18 19:50:00+00:00,0.9775,0.979,0.9764,0.9788,304427.1,2026-03-18 19:54:59.999000+00:00,297610.76536,1668,143286.7,140111.70334
2026-03-18 19:55:00+00:00,0.9787,0.9788,0.9767,0.9775,460398.4,2026-03-18 19:59:59.999000+00:00,450349.7558,1309,105648.8,103354.47581
2026-03-18 20:00:00+00:00,0.9774,0.9781,0.9751,0.976,596821.4,2026-03-18 20:04:59.999000+00:00,582852.80396,2452,170808.7,166808.0369
2026-03-18 20:05:00+00:00,0.976,0.9761,0.9695,0.9696,1763796.6,2026-03-18 20:09:59.999000+00:00,1713786.10226,4960,515223.8,500439.63528
2026-03-18 20:10:00+00:00,0.9696,0.9744,0.9662,0.9733,1966752.0,2026-03-18 20:14:59.999000+00:00,1906199.52508,5974,755492.2,732810.25688
2026-03-18 20:15:00+00:00,0.9733,0.9754,0.9725,0.9727,665261.3,2026-03-18 20:19:59.999000+00:00,648089.7812,2658,374974.2,365291.48606
2026-03-18 20:20:00+00:00,0.9727,0.9736,0.9723,0.9735,260162.0,2026-03-18 20:24:59.999000+00:00,253148.04709,1262,130496.8,126981.38817
2026-03-18 20:25:00+00:00,0.9734,0.9755,0.9732,0.9741,197460.6,2026-03-18 20:29:59.999000+00:00,192405.90936,1212,139665.9,136102.52047
2026-03-18 20:30:00+00:00,0.9742,0.9787,0.974,0.9782,506867.0,2026-03-18 20:34:59.999000+00:00,495167.14223,2365,323623.8,316153.69775
2026-03-18 20:35:00+00:00,0.9782,0.9801,0.9775,0.9799,603191.3,2026-03-18 20:39:59.999000+00:00,590495.51476,1981,367333.5,359638.83728
2026-03-18 20:40:00+00:00,0.9799,0.9801,0.9776,0.9776,146605.2,2026-03-18 20:44:59.999000+00:00,143455.43168,1097,36684.8,35892.89104
2026-03-18 20:45:00+00:00,0.9777,0.9816,0.9768,0.9809,554486.5,2026-03-18 20:49:59.999000+00:00,543122.15874,1841,420185.7,411641.81793
2026-03-18 20:50:00+00:00,0.9808,0.9812,0.9795,0.9804,440693.9,2026-03-18 20:54:59.999000+00:00,431937.40989,1607,184155.4,180515.08855
2026-03-18 20:55:00+00:00,0.9804,0.9809,0.9794,0.9794,117261.5,2026-03-18 20:59:59.999000+00:00,114964.61909,727,53302.2,52261.76626
2026-03-18 21:00:00+00:00,0.9793,0.9818,0.9789,0.9817,294891.2,2026-03-18 21:04:59.999000+00:00,289110.66346,1376,157603.8,154487.79965
2026-03-18 21:05:00+00:00,0.9817,0.9835,0.9816,0.983,538392.2,2026-03-18 21:09:59.999000+00:00,529029.3502,2039,379498.2,372921.61193
2026-03-18 21:10:00+00:00,0.9829,0.9856,0.9829,0.984,578105.8,2026-03-18 21:14:59.999000+00:00,569143.0407,2479,357715.2,352173.87584
2026-03-18 21:15:00+00:00,0.984,0.9848,0.9831,0.9847,331462.6,2026-03-18 21:19:59.999000+00:00,326081.68687,1416,178042.8,175156.14603
2026-03-18 21:20:00+00:00,0.9847,0.9869,0.9845,0.9861,471613.7,2026-03-18 21:24:59.999000+00:00,464825.46575,1494,339177.8,334276.96357
2026-03-18 21:25:00+00:00,0.9861,0.9868,0.9854,0.9857,316148.7,2026-03-18 21:29:59.999000+00:00,311767.17892,978,130240.4,128432.74519
2026-03-18 21:30:00+00:00,0.9857,0.9864,0.9854,0.986,240602.3,2026-03-18 21:34:59.999000+00:00,237201.24418,1001,101906.4,100467.49708
2026-03-18 21:35:00+00:00,0.9859,0.9881,0.9853,0.9879,478297.7,2026-03-18 21:39:59.999000+00:00,471904.5126,1666,243205.9,240002.24909
2026-03-18 21:40:00+00:00,0.9878,0.9892,0.9871,0.9875,402883.6,2026-03-18 21:44:59.999000+00:00,398161.3408,1482,288925.8,285570.38188
2026-03-18 21:45:00+00:00,0.9875,0.9882,0.9868,0.9876,209881.1,2026-03-18 21:49:59.999000+00:00,207257.32239,1199,84704.0,83650.04125
2026-03-18 21:50:00+00:00,0.9875,0.9883,0.9868,0.9877,193217.5,2026-03-18 21:54:59.999000+00:00,190796.62807,1107,91180.3,90044.52894
2026-03-18 21:55:00+00:00,0.9876,0.9886,0.987,0.9871,259180.1,2026-03-18 21:59:59.999000+00:00,255992.70312,1396,101936.7,100686.85413
2026-03-18 22:00:00+00:00,0.9872,0.9872,0.9842,0.985,388527.9,2026-03-18 22:04:59.999000+00:00,382892.15668,2610,165275.2,162874.156
2026-03-18 22:05:00+00:00,0.9849,0.9854,0.9826,0.9843,521284.1,2026-03-18 22:09:59.999000+00:00,512795.09778,2391,185714.6,182716.63969
2026-03-18 22:10:00+00:00,0.9843,0.9847,0.9825,0.9831,241553.8,2026-03-18 22:14:59.999000+00:00,237547.02119,1604,114362.1,112464.54617
2026-03-18 22:15:00+00:00,0.9832,0.9849,0.9826,0.9848,248614.4,2026-03-18 22:19:59.999000+00:00,244597.59454,1360,136015.2,133807.24417
2026-03-18 22:20:00+00:00,0.9849,0.9859,0.9835,0.9852,178764.2,2026-03-18 22:24:59.999000+00:00,176104.86955,1195,86381.2,85101.01513
2026-03-18 22:25:00+00:00,0.9852,0.9856,0.9839,0.9855,156552.7,2026-03-18 22:29:59.999000+00:00,154206.71799,894,92328.1,90957.46077
2026-03-18 22:30:00+00:00,0.9856,0.9864,0.985,0.9855,287476.6,2026-03-18 22:34:59.999000+00:00,283333.2732,1512,128534.8,126678.56402
2026-03-18 22:35:00+00:00,0.9855,0.9865,0.9853,0.9859,140078.4,2026-03-18 22:39:59.999000+00:00,138107.79606,1019,67296.2,66356.55217
2026-03-18 22:40:00+00:00,0.986,0.9861,0.9844,0.985,148483.6,2026-03-18 22:44:59.999000+00:00,146274.78181,921,41656.4,41034.48792
2026-03-18 22:45:00+00:00,0.9851,0.9855,0.984,0.985,214976.8,2026-03-18 22:49:59.999000+00:00,211667.30409,1184,95059.0,93614.40636
2026-03-18 22:50:00+00:00,0.985,0.9853,0.9839,0.9842,50995.6,2026-03-18 22:54:59.999000+00:00,50208.70359,619,22900.3,22548.4798
2026-03-18 22:55:00+00:00,0.9842,0.9852,0.9842,0.9851,142689.9,2026-03-18 22:59:59.999000+00:00,140491.43666,822,78312.1,77111.60424
2026-03-18 23:00:00+00:00,0.9851,0.9869,0.9838,0.9844,225749.3,2026-03-18 23:04:59.999000+00:00,222412.48357,1983,122329.8,120532.20445
2026-03-18 23:05:00+00:00,0.9844,0.9869,0.9837,0.9865,237137.5,2026-03-18 23:09:59.999000+00:00,233607.24977,1524,170760.9,168226.25286
2026-03-18 23:10:00+00:00,0.9864,0.9866,0.984,0.984,403623.9,2026-03-18 23:14:59.999000+00:00,397721.64423,1862,78061.4,76916.11099
2026-03-18 23:15:00+00:00,0.984,0.985,0.9834,0.985,197736.5,2026-03-18 23:19:59.999000+00:00,194575.23872,1247,125337.6,123322.65273
2026-03-18 23:20:00+00:00,0.985,0.9855,0.9827,0.9835,268453.4,2026-03-18 23:24:59.999000+00:00,264103.08848,1746,91325.4,89850.77344
2026-03-18 23:25:00+00:00,0.9836,0.9855,0.983,0.9851,188642.4,2026-03-18 23:29:59.999000+00:00,185706.72711,1217,123488.9,121576.54396
2026-03-18 23:30:00+00:00,0.9851,0.9875,0.9848,0.9863,436022.9,2026-03-18 23:34:59.999000+00:00,430066.20604,2378,241366.7,238090.7637
2026-03-18 23:35:00+00:00,0.9863,0.9877,0.9854,0.9875,180383.1,2026-03-18 23:39:59.999000+00:00,177959.99171,1270,117613.6,116050.15148
2026-03-18 23:40:00+00:00,0.9875,0.9877,0.9854,0.9856,220042.4,2026-03-18 23:44:59.999000+00:00,217017.67304,1758,82213.2,81079.74541
2026-03-18 23:45:00+00:00,0.9856,0.9878,0.9841,0.9878,447411.2,2026-03-18 23:49:59.999000+00:00,441098.35235,2294,260767.7,257135.16117
2026-03-18 23:50:00+00:00,0.9878,0.9879,0.985,0.9858,379443.4,2026-03-18 23:54:59.999000+00:00,374131.60545,1869,118369.7,116748.79527
2026-03-18 23:55:00+00:00,0.9858,0.9876,0.9858,0.9876,226989.7,2026-03-18 23:59:59.999000+00:00,224033.83733,1268,177533.2,175237.46922
2026-03-19 00:00:00+00:00,0.9875,0.9885,0.9857,0.9872,931902.8,2026-03-19 00:04:59.999000+00:00,919566.2023,3316,335407.9,331056.9554
2026-03-19 00:05:00+00:00,0.9872,0.9881,0.9862,0.9863,376318.5,2026-03-19 00:09:59.999000+00:00,371505.98511,2175,183057.1,180731.35346
2026-03-19 00:10:00+00:00,0.9862,0.9876,0.9842,0.9874,542983.6,2026-03-19 00:14:59.999000+00:00,535141.25567,2254,196395.9,193612.1752
2026-03-19 00:15:00+00:00,0.9874,0.9877,0.9856,0.9861,223277.5,2026-03-19 00:19:59.999000+00:00,220263.25939,1436,128341.2,126591.81599
2026-03-19 00:20:00+00:00,0.9861,0.9863,0.9843,0.9852,312528.9,2026-03-19 00:24:59.999000+00:00,307907.46585,1554,119430.4,117650.48153
2026-03-19 00:25:00+00:00,0.9852,0.9873,0.9844,0.9871,426181.6,2026-03-19 00:29:59.999000+00:00,420018.95394,1638,275187.9,271286.22568
2026-03-19 00:30:00+00:00,0.9871,0.9871,0.9843,0.9844,330828.3,2026-03-19 00:34:59.999000+00:00,326106.1071,1468,97917.7,96529.77791
2026-03-19 00:35:00+00:00,0.9844,0.9855,0.983,0.9851,427573.7,2026-03-19 00:39:59.999000+00:00,420821.5546,2103,199881.0,196767.17032
2026-03-19 00:40:00+00:00,0.9851,0.9857,0.9835,0.9836,256771.0,2026-03-19 00:44:59.999000+00:00,252853.12571,1247,167637.8,165103.48697
2026-03-19 00:45:00+00:00,0.9835,0.9846,0.9831,0.9831,325855.7,2026-03-19 00:49:59.999000+00:00,320528.3777,1367,128503.5,126396.48981
2026-03-19 00:50:00+00:00,0.983,0.9835,0.9812,0.9828,407845.9,2026-03-19 00:54:59.999000+00:00,400659.53482,1823,153658.2,150976.96515
2026-03-19 00:55:00+00:00,0.9829,0.983,0.9809,0.9817,509020.1,2026-03-19 00:59:59.999000+00:00,499742.52379,1768,213814.8,209911.39756
2026-03-19 01:00:00+00:00,0.9817,0.9835,0.9808,0.9811,354143.3,2026-03-19 01:04:59.999000+00:00,347799.40752,1908,198114.1,194590.72519
2026-03-19 01:05:00+00:00,0.9812,0.983,0.9808,0.9809,409844.1,2026-03-19 01:09:59.999000+00:00,402345.91052,2108,266232.2,261372.35983
2026-03-19 01:10:00+00:00,0.9809,0.9813,0.9802,0.9809,601083.6,2026-03-19 01:14:59.999000+00:00,589485.72772,1950,180925.7,177463.04705
2026-03-19 01:15:00+00:00,0.981,0.9823,0.9808,0.9808,436556.1,2026-03-19 01:19:59.999000+00:00,428501.68679,1793,120961.0,118722.54323
2026-03-19 01:20:00+00:00,0.9808,0.9824,0.9806,0.981,301159.9,2026-03-19 01:24:59.999000+00:00,295455.73459,1260,162641.6,159585.65549
2026-03-19 01:25:00+00:00,0.9811,0.9825,0.9803,0.9824,374780.8,2026-03-19 01:29:59.999000+00:00,367858.61552,1179,118783.6,116573.04668
2026-03-19 01:30:00+00:00,0.9824,0.9838,0.9818,0.9837,212937.6,2026-03-19 01:34:59.999000+00:00,209288.18102,1585,121087.6,119022.55225
2026-03-19 01:35:00+00:00,0.9836,0.9844,0.9826,0.9839,178171.3,2026-03-19 01:39:59.999000+00:00,175264.28078,1316,92759.8,91258.57418
2026-03-19 01:40:00+00:00,0.9838,0.9844,0.9828,0.9842,182048.9,2026-03-19 01:44:59.999000+00:00,179104.86847,1106,108068.9,106330.9747
2026-03-19 01:45:00+00:00,0.9842,0.9846,0.9833,0.9843,271576.3,2026-03-19 01:49:59.999000+00:00,267290.95914,1147,206272.5,203028.57083
2026-03-19 01:50:00+00:00,0.9842,0.9843,0.9805,0.9809,856705.9,2026-03-19 01:54:59.999000+00:00,841072.17244,2041,433859.6,425864.47349
2026-03-19 01:55:00+00:00,0.9808,0.981,0.9787,0.9788,710449.9,2026-03-19 01:59:59.999000+00:00,696096.38157,1768,350151.0,343143.85667
2026-03-19 02:00:00+00:00,0.9789,0.9793,0.9752,0.9783,915404.7,2026-03-19 02:04:59.999000+00:00,894981.828,3211,402053.4,393104.29676
2026-03-19 02:05:00+00:00,0.9782,0.981,0.9772,0.9781,553490.5,2026-03-19 02:09:59.999000+00:00,541993.70685,2302,248584.8,243378.83903
2026-03-19 02:10:00+00:00,0.9782,0.9814,0.9782,0.9808,384250.6,2026-03-19 02:14:59.999000+00:00,376583.219,1596,256320.8,251226.20104
2026-03-19 02:15:00+00:00,0.9807,0.9822,0.9802,0.9806,316158.0,2026-03-19 02:19:59.999000+00:00,310271.17471,1691,191862.5,188325.9262
2026-03-19 02:20:00+00:00,0.9806,0.9825,0.9806,0.9812,180417.6,2026-03-19 02:24:59.999000+00:00,177102.43594,1220,99182.7,97356.44959
2026-03-19 02:25:00+00:00,0.9812,0.9818,0.9805,0.9818,121461.6,2026-03-19 02:29:59.999000+00:00,119150.58698,987,45561.1,44702.61405
2026-03-19 02:30:00+00:00,0.9818,0.9822,0.9806,0.9816,158153.6,2026-03-19 02:34:59.999000+00:00,155188.19767,1158,68886.4,67608.00686
2026-03-19 02:35:00+00:00,0.9816,0.9822,0.9803,0.9804,129852.9,2026-03-19 02:39:59.999000+00:00,127393.46027,965,53274.9,52273.17223
2026-03-19 02:40:00+00:00,0.9803,0.9816,0.9801,0.9809,161759.7,2026-03-19 02:44:59.999000+00:00,158622.43414,872,75218.4,73757.24926
2026-03-19 02:45:00+00:00,0.9809,0.9811,0.9801,0.9802,198597.0,2026-03-19 02:49:59.999000+00:00,194721.32517,978,71066.9,69679.93415
2026-03-19 02:50:00+00:00,0.9802,0.9816,0.9798,0.9799,220130.9,2026-03-19 02:54:59.999000+00:00,215832.39758,1278,131839.8,129271.23749
2026-03-19 02:55:00+00:00,0.9799,0.9802,0.979,0.9793,137847.2,2026-03-19 02:59:59.999000+00:00,135023.46441,896,42180.3,41314.22888
2026-03-19 03:00:00+00:00,0.9793,0.9808,0.9793,0.98,326312.3,2026-03-19 03:04:59.999000+00:00,319808.91994,1664,256038.0,250928.83779
2026-03-19 03:05:00+00:00,0.98,0.9823,0.9791,0.9822,277319.8,2026-03-19 03:09:59.999000+00:00,271942.23996,1560,232869.8,228363.68679
2026-03-19 03:10:00+00:00,0.9822,0.9842,0.9822,0.984,349208.3,2026-03-19 03:14:59.999000+00:00,343370.48108,1733,202439.9,199049.33564
2026-03-19 03:15:00+00:00,0.9839,0.9934,0.9839,0.9917,2186643.4,2026-03-19 03:19:59.999000+00:00,2163074.37755,6065,1495471.5,1478816.28199
2026-03-19 03:20:00+00:00,0.9918,0.9923,0.9891,0.9911,749680.1,2026-03-19 03:24:59.999000+00:00,742676.00368,3171,420471.5,416538.9558
2026-03-19 03:25:00+00:00,0.991,0.9945,0.9905,0.9933,879654.5,2026-03-19 03:29:59.999000+00:00,873260.79676,2824,537018.4,533095.79332
2026-03-19 03:30:00+00:00,0.9933,0.9938,0.9896,0.99,482025.8,2026-03-19 03:34:59.999000+00:00,477738.28362,2277,184084.5,182444.0462
2026-03-19 03:35:00+00:00,0.99,0.99,0.9872,0.9878,574500.4,2026-03-19 03:39:59.999000+00:00,567740.03724,2241,231850.3,229124.2303
2026-03-19 03:40:00+00:00,0.9879,0.9884,0.9858,0.986,356936.1,2026-03-19 03:44:59.999000+00:00,352169.54143,1624,101980.2,100645.48807
2026-03-19 03:45:00+00:00,0.986,0.9888,0.9851,0.9888,247036.8,2026-03-19 03:49:59.999000+00:00,243750.87005,1676,139486.3,137676.00611
2026-03-19 03:50:00+00:00,0.9887,0.989,0.9873,0.9884,157261.5,2026-03-19 03:54:59.999000+00:00,155443.59479,1130,89008.8,87985.119
2026-03-19 03:55:00+00:00,0.9883,0.9886,0.9868,0.9875,223401.0,2026-03-19 03:59:59.999000+00:00,220667.66727,1145,128071.5,126524.30297
2026-03-19 04:00:00+00:00,0.9876,0.9881,0.9862,0.987,423589.5,2026-03-19 04:04:59.999000+00:00,418115.11459,2151,230060.0,227095.85039
2026-03-19 04:05:00+00:00,0.9869,0.987,0.981,0.9829,957200.9,2026-03-19 04:09:59.999000+00:00,941283.32147,3686,280661.0,275968.19723
2026-03-19 04:10:00+00:00,0.9828,0.9832,0.9813,0.9827,334290.6,2026-03-19 04:14:59.999000+00:00,328389.63833,1836,110407.1,108417.91919
2026-03-19 04:15:00+00:00,0.9827,0.984,0.9823,0.9837,236773.8,2026-03-19 04:19:59.999000+00:00,232778.76941,1510,136732.5,134449.24565
2026-03-19 04:20:00+00:00,0.9837,0.984,0.9822,0.9825,228087.6,2026-03-19 04:24:59.999000+00:00,224182.70609,1231,59502.1,58510.43484
2026-03-19 04:25:00+00:00,0.9825,0.9826,0.9803,0.9816,406148.2,2026-03-19 04:29:59.999000+00:00,398498.60948,1738,138410.4,135794.43398
2026-03-19 04:30:00+00:00,0.9815,0.9822,0.9808,0.9818,345290.6,2026-03-19 04:34:59.999000+00:00,338914.20423,1589,193544.8,189983.32912
2026-03-19 04:35:00+00:00,0.9819,0.9826,0.9807,0.9817,179438.5,2026-03-19 04:39:59.999000+00:00,176189.15977,1147,106318.8,104394.73655
2026-03-19 04:40:00+00:00,0.9816,0.9824,0.9798,0.9819,324619.4,2026-03-19 04:44:59.999000+00:00,318392.68134,1488,143904.3,141149.1411
2026-03-19 04:45:00+00:00,0.9819,0.982,0.9803,0.9813,140592.0,2026-03-19 04:49:59.999000+00:00,137929.81983,1060,81186.8,79644.7433
2026-03-19 04:50:00+00:00,0.9813,0.982,0.9809,0.9815,162142.9,2026-03-19 04:54:59.999000+00:00,159154.65553,816,113958.3,111861.12473
2026-03-19 04:55:00+00:00,0.9815,0.9828,0.9808,0.9808,194042.8,2026-03-19 04:59:59.999000+00:00,190542.54861,1086,93263.3,91572.18829
2026-03-19 05:00:00+00:00,0.9809,0.9822,0.9804,0.9815,245494.3,2026-03-19 05:04:59.999000+00:00,240913.30255,1703,155661.6,152745.27396
2026-03-19 05:05:00+00:00,0.9815,0.9819,0.9805,0.9808,158888.0,2026-03-19 05:09:59.999000+00:00,155921.58817,1271,67448.5,66194.63816
2026-03-19 05:10:00+00:00,0.9807,0.9809,0.9795,0.9803,192137.4,2026-03-19 05:14:59.999000+00:00,188312.85913,1024,70896.0,69487.18152
2026-03-19 05:15:00+00:00,0.9803,0.9814,0.9803,0.9811,63851.9,2026-03-19 05:19:59.999000+00:00,62625.57102,759,40724.9,39942.85737
2026-03-19 05:20:00+00:00,0.981,0.9814,0.9794,0.9798,331796.6,2026-03-19 05:24:59.999000+00:00,325140.87104,1158,43913.6,43059.1046
2026-03-19 05:25:00+00:00,0.9797,0.9798,0.9757,0.9762,782982.4,2026-03-19 05:29:59.999000+00:00,765565.56009,2545,177631.7,173596.17851
2026-03-19 05:30:00+00:00,0.9762,0.9762,0.9734,0.9737,769014.9,2026-03-19 05:34:59.999000+00:00,749824.01069,2698,212258.2,207009.39182
2026-03-19 05:35:00+00:00,0.9738,0.9757,0.9729,0.9754,291035.1,2026-03-19 05:39:59.999000+00:00,283524.69534,1891,177179.8,172633.94567
2026-03-19 05:40:00+00:00,0.9754,0.9771,0.975,0.9758,213219.4,2026-03-19 05:44:59.999000+00:00,208222.28833,1284,128140.5,125147.0256
2026-03-19 05:45:00+00:00,0.9758,0.977,0.9748,0.9765,197444.1,2026-03-19 05:49:59.999000+00:00,192743.78024,1207,59035.4,57634.06194
2026-03-19 05:50:00+00:00,0.9765,0.9769,0.9757,0.9765,123663.9,2026-03-19 05:54:59.999000+00:00,120742.54905,889,59227.9,57827.5654
2026-03-19 05:55:00+00:00,0.9764,0.9774,0.9764,0.9771,205441.3,2026-03-19 05:59:59.999000+00:00,200714.32831,992,148798.6,145379.542
2026-03-19 06:00:00+00:00,0.9772,0.9775,0.9745,0.9748,375757.0,2026-03-19 06:04:59.999000+00:00,366667.7851,2239,179612.9,175269.75461
2026-03-19 06:05:00+00:00,0.9748,0.9781,0.9733,0.9754,506320.5,2026-03-19 06:09:59.999000+00:00,493763.26615,2445,267392.9,260703.99354
2026-03-19 06:10:00+00:00,0.9753,0.9763,0.9749,0.975,329170.0,2026-03-19 06:14:59.999000+00:00,321118.28743,1548,149481.1,145840.92925
2026-03-19 06:15:00+00:00,0.975,0.9772,0.9745,0.9748,437098.1,2026-03-19 06:19:59.999000+00:00,426543.38353,1886,241116.9,235339.22216
2026-03-19 06:20:00+00:00,0.9748,0.9759,0.9732,0.9738,257361.6,2026-03-19 06:24:59.999000+00:00,250745.76786,1351,81480.8,79419.44324
2026-03-19 06:25:00+00:00,0.9739,0.9757,0.9735,0.9735,204453.3,2026-03-19 06:29:59.999000+00:00,199263.46892,1239,104192.7,101569.85067
2026-03-19 06:30:00+00:00,0.9735,0.9742,0.972,0.9721,421605.8,2026-03-19 06:34:59.999000+00:00,410202.42256,1933,114584.0,111526.8764
2026-03-19 06:35:00+00:00,0.9721,0.9752,0.9705,0.975,449538.7,2026-03-19 06:39:59.999000+00:00,437007.84184,2392,275812.2,268188.35091
2026-03-19 06:40:00+00:00,0.975,0.9754,0.9735,0.9745,188616.0,2026-03-19 06:44:59.999000+00:00,183750.25023,1172,53334.4,51959.44111
2026-03-19 06:45:00+00:00,0.9744,0.9759,0.9742,0.9747,244324.2,2026-03-19 06:49:59.999000+00:00,238217.04477,1414,93159.9,90846.60172
2026-03-19 06:50:00+00:00,0.9746,0.9749,0.9705,0.9713,1630863.3,2026-03-19 06:54:59.999000+00:00,1584865.98031,2838,507887.6,493463.85892
2026-03-19 06:55:00+00:00,0.9712,0.9715,0.9697,0.9713,919725.4,2026-03-19 06:59:59.999000+00:00,892717.69495,2336,455887.5,442519.44063
2026-03-19 07:00:00+00:00,0.9712,0.9722,0.9688,0.9712,916187.6,2026-03-19 07:04:59.999000+00:00,889300.50236,3555,363571.7,352959.60142
2026-03-19 07:05:00+00:00,0.9713,0.9719,0.9678,0.969,572228.9,2026-03-19 07:09:59.999000+00:00,554866.75827,2643,200314.2,194273.8012
2026-03-19 07:10:00+00:00,0.9691,0.9694,0.9622,0.9636,3178616.3,2026-03-19 07:14:59.999000+00:00,3067815.63466,7326,1285209.9,1240286.23823
2026-03-19 07:15:00+00:00,0.9637,0.9648,0.9588,0.9602,3172237.4,2026-03-19 07:19:59.999000+00:00,3047723.16682,6897,1490242.1,1431953.20381
2026-03-19 07:20:00+00:00,0.9603,0.9605,0.9528,0.9561,3781374.1,2026-03-19 07:24:59.999000+00:00,3616072.9162,7825,1829195.4,1748953.4082
2026-03-19 07:25:00+00:00,0.9561,0.9618,0.9556,0.9595,1825787.1,2026-03-19 07:29:59.999000+00:00,1752355.73074,4428,861958.6,826894.37588
2026-03-19 07:30:00+00:00,0.9594,0.9619,0.9585,0.9611,833073.0,2026-03-19 07:34:59.999000+00:00,800313.99677,3239,558642.9,536741.20338
2026-03-19 07:35:00+00:00,0.9612,0.9658,0.9611,0.9648,826551.8,2026-03-19 07:39:59.999000+00:00,796537.36371,3463,411990.2,396940.83831
2026-03-19 07:40:00+00:00,0.9649,0.9665,0.9628,0.963,434530.0,2026-03-19 07:44:59.999000+00:00,419136.30043,2125,199697.9,192664.06519
2026-03-19 07:45:00+00:00,0.963,0.9639,0.961,0.9617,503270.6,2026-03-19 07:49:59.999000+00:00,484380.68667,2386,231674.3,222996.52783
2026-03-19 07:50:00+00:00,0.9618,0.964,0.9609,0.9635,374608.6,2026-03-19 07:54:59.999000+00:00,360526.04833,1992,228632.7,220063.36585
2026-03-19 07:55:00+00:00,0.9636,0.9647,0.962,0.9623,481029.0,2026-03-19 07:59:59.999000+00:00,463463.24606,1744,274607.7,264638.59129
2026-03-19 08:00:00+00:00,0.9622,0.9642,0.9612,0.9613,1068066.5,2026-03-19 08:04:59.999000+00:00,1028223.84151,3723,372855.2,359020.20073
2026-03-19 08:05:00+00:00,0.9613,0.9627,0.9609,0.9611,669953.1,2026-03-19 08:09:59.999000+00:00,644134.86168,2748,201115.4,193378.51313
2026-03-19 08:10:00+00:00,0.9612,0.9624,0.9604,0.961,878838.5,2026-03-19 08:14:59.999000+00:00,844734.10571,2667,326289.7,313696.45452
2026-03-19 08:15:00+00:00,0.9609,0.9615,0.9593,0.9601,467922.2,2026-03-19 08:19:59.999000+00:00,449614.53792,2028,231030.2,222015.13354
2026-03-19 08:20:00+00:00,0.9601,0.9616,0.9584,0.9605,465529.9,2026-03-19 08:24:59.999000+00:00,446954.48671,2062,257320.1,247063.79332
2026-03-19 08:25:00+00:00,0.9604,0.9604,0.9568,0.9569,740061.0,2026-03-19 08:29:59.999000+00:00,708819.79966,2186,156122.3,149530.28981
2026-03-19 08:30:00+00:00,0.9569,0.9583,0.9557,0.956,2080004.8,2026-03-19 08:34:59.999000+00:00,1990630.11354,3514,979885.9,937992.53963
2026-03-19 08:35:00+00:00,0.9559,0.9591,0.9559,0.9587,427273.1,2026-03-19 08:39:59.999000+00:00,409226.15436,1866,273642.8,262098.33644
2026-03-19 08:40:00+00:00,0.9586,0.9637,0.9585,0.9604,809273.9,2026-03-19 08:44:59.999000+00:00,777864.81894,3008,494946.9,475654.389
2026-03-19 08:45:00+00:00,0.9603,0.9611,0.9599,0.9606,259659.9,2026-03-19 08:49:59.999000+00:00,249391.96808,1501,155412.4,149276.20176
2026-03-19 08:50:00+00:00,0.9606,0.9614,0.959,0.9601,263920.4,2026-03-19 08:54:59.999000+00:00,253422.5752,1515,126996.6,121942.32245
2026-03-19 08:55:00+00:00,0.96,0.9602,0.9586,0.9592,211297.3,2026-03-19 08:59:59.999000+00:00,202699.63525,1169,73061.7,70084.48008
2026-03-19 09:00:00+00:00,0.9592,0.9608,0.9587,0.9598,554018.5,2026-03-19 09:04:59.999000+00:00,531716.91703,2356,282734.7,271356.64117
2026-03-19 09:05:00+00:00,0.9598,0.9602,0.9579,0.9589,267568.6,2026-03-19 09:09:59.999000+00:00,256612.17122,1683,102880.8,98671.40825
2026-03-19 09:10:00+00:00,0.9589,0.9593,0.9568,0.9583,389926.2,2026-03-19 09:14:59.999000+00:00,373534.79264,1797,160060.7,153367.49173
2026-03-19 09:15:00+00:00,0.9582,0.9582,0.9568,0.9581,239117.7,2026-03-19 09:19:59.999000+00:00,228961.30687,1428,91190.6,87322.84019
2026-03-19 09:20:00+00:00,0.9581,0.9654,0.9577,0.9618,1841314.1,2026-03-19 09:24:59.999000+00:00,1772688.84328,4328,1192077.9,1147595.2412
2026-03-19 09:25:00+00:00,0.9618,0.9632,0.96,0.9617,815016.0,2026-03-19 09:29:59.999000+00:00,783466.72833,2826,354348.4,340681.98606
2026-03-19 09:30:00+00:00,0.9616,0.9632,0.9604,0.9612,723217.7,2026-03-19 09:34:59.999000+00:00,695757.3651,2278,340645.5,327755.4007
2026-03-19 09:35:00+00:00,0.9613,0.965,0.9613,0.9634,410766.0,2026-03-19 09:39:59.999000+00:00,395562.88333,1729,252783.1,243473.04204
2026-03-19 09:40:00+00:00,0.9634,0.9658,0.9627,0.9653,491953.8,2026-03-19 09:44:59.999000+00:00,474568.00853,1952,359420.0,346722.81078
2026-03-19 09:45:00+00:00,0.9652,0.9668,0.9645,0.966,731357.0,2026-03-19 09:49:59.999000+00:00,706502.86756,2272,370983.3,358394.61406
2026-03-19 09:50:00+00:00,0.9661,0.9673,0.9642,0.9645,339698.9,2026-03-19 09:54:59.999000+00:00,327919.27189,1966,180069.9,173836.56713
2026-03-19 09:55:00+00:00,0.9644,0.9677,0.9641,0.9665,331676.5,2026-03-19 09:59:59.999000+00:00,320567.68559,1617,189751.2,183380.10205
2026-03-19 10:00:00+00:00,0.9664,0.9673,0.9653,0.9656,429533.0,2026-03-19 10:04:59.999000+00:00,415053.07025,2042,240203.3,232144.90172
2026-03-19 10:05:00+00:00,0.9655,0.9661,0.9647,0.9647,168538.6,2026-03-19 10:09:59.999000+00:00,162736.83011,1218,53499.1,51662.37386
2026-03-19 10:10:00+00:00,0.9647,0.9655,0.9642,0.9652,230221.2,2026-03-19 10:14:59.999000+00:00,222098.25304,1273,116777.3,112664.77572
2026-03-19 10:15:00+00:00,0.9652,0.9659,0.965,0.9654,212809.5,2026-03-19 10:19:59.999000+00:00,205458.54782,1567,120921.6,116751.69685
2026-03-19 10:20:00+00:00,0.9654,0.9661,0.964,0.9652,201192.5,2026-03-19 10:24:59.999000+00:00,194126.79806,1344,81340.7,78500.12379
2026-03-19 10:25:00+00:00,0.9652,0.9663,0.9647,0.9649,100792.5,2026-03-19 10:29:59.999000+00:00,97331.61133,836,56184.0,54254.47299
2026-03-19 10:30:00+00:00,0.9649,0.9652,0.9629,0.9636,191407.1,2026-03-19 10:34:59.999000+00:00,184466.79051,1344,87825.6,84637.84728
2026-03-19 10:35:00+00:00,0.9637,0.9641,0.9626,0.9634,196980.5,2026-03-19 10:39:59.999000+00:00,189749.05657,1141,87010.8,83826.13497
2026-03-19 10:40:00+00:00,0.9633,0.9634,0.9612,0.9626,377557.5,2026-03-19 10:44:59.999000+00:00,363281.51741,1418,177699.8,170992.7962
2026-03-19 10:45:00+00:00,0.9625,0.9634,0.9621,0.9633,201660.6,2026-03-19 10:49:59.999000+00:00,194178.28476,1126,128183.9,123439.4937
2026-03-19 10:50:00+00:00,0.9632,0.964,0.9622,0.9635,317925.6,2026-03-19 10:54:59.999000+00:00,306223.88042,1231,185466.0,178650.01757
2026-03-19 10:55:00+00:00,0.9635,0.9638,0.9628,0.963,182798.1,2026-03-19 10:59:59.999000+00:00,176075.65776,799,68478.1,65968.37369
2026-03-19 11:00:00+00:00,0.963,0.9646,0.9626,0.9634,551962.4,2026-03-19 11:04:59.999000+00:00,531852.508,2103,312902.9,301529.01362
2026-03-19 11:05:00+00:00,0.9634,0.9637,0.9623,0.9628,349406.9,2026-03-19 11:09:59.999000+00:00,336490.97366,1313,105651.9,101757.69195
2026-03-19 11:10:00+00:00,0.9628,0.964,0.9624,0.9625,176293.6,2026-03-19 11:14:59.999000+00:00,169793.40783,1216,58972.4,56800.9354
2026-03-19 11:15:00+00:00,0.9625,0.9628,0.9611,0.9621,263336.1,2026-03-19 11:19:59.999000+00:00,253332.58989,1196,125397.6,120651.71279
2026-03-19 11:20:00+00:00,0.9621,0.9628,0.9619,0.9623,227242.8,2026-03-19 11:24:59.999000+00:00,218687.50986,1038,128007.6,123195.71417
2026-03-19 11:25:00+00:00,0.9622,0.9635,0.9622,0.963,180067.5,2026-03-19 11:29:59.999000+00:00,173395.74004,944,102568.1,98762.17844
2026-03-19 11:30:00+00:00,0.963,0.9641,0.9621,0.9623,202915.8,2026-03-19 11:34:59.999000+00:00,195439.59077,1236,118785.8,114419.21728
2026-03-19 11:35:00+00:00,0.9622,0.9622,0.9599,0.9599,500349.9,2026-03-19 11:39:59.999000+00:00,480926.35213,1862,181389.6,174361.52735
2026-03-19 11:40:00+00:00,0.96,0.9606,0.9597,0.9606,235764.9,2026-03-19 11:44:59.999000+00:00,226380.97403,1177,114615.9,110057.44402
2026-03-19 11:45:00+00:00,0.9606,0.9612,0.9601,0.9607,135128.3,2026-03-19 11:49:59.999000+00:00,129810.72872,1023,73283.7,70400.45792
2026-03-19 11:50:00+00:00,0.9607,0.9612,0.9603,0.9605,162921.0,2026-03-19 11:54:59.999000+00:00,156523.26693,825,66676.5,64063.20679
2026-03-19 11:55:00+00:00,0.9604,0.9609,0.9599,0.9604,176369.9,2026-03-19 11:59:59.999000+00:00,169367.72212,1046,96397.8,92577.45762
2026-03-19 12:00:00+00:00,0.9603,0.9603,0.9576,0.9583,479350.5,2026-03-19 12:04:59.999000+00:00,459749.41044,2335,162337.6,155688.17499
2026-03-19 12:05:00+00:00,0.9583,0.9587,0.9564,0.9577,934171.7,2026-03-19 12:09:59.999000+00:00,894528.80089,4171,395997.9,379210.10765
2026-03-19 12:10:00+00:00,0.9577,0.9599,0.9577,0.9596,702540.6,2026-03-19 12:14:59.999000+00:00,673517.462,2386,334761.6,320959.94006
2026-03-19 12:15:00+00:00,0.9595,0.9597,0.9566,0.9569,340083.7,2026-03-19 12:19:59.999000+00:00,325824.05667,1683,171667.2,164451.84187
2026-03-19 12:20:00+00:00,0.9568,0.9574,0.9558,0.9565,427212.1,2026-03-19 12:24:59.999000+00:00,408646.13083,1551,247538.2,236803.02356
2026-03-19 12:25:00+00:00,0.9565,0.9568,0.9537,0.9546,710480.8,2026-03-19 12:29:59.999000+00:00,678496.57754,2195,189636.5,181109.36746
2026-03-19 12:30:00+00:00,0.9546,0.9553,0.9535,0.9541,938357.8,2026-03-19 12:34:59.999000+00:00,895408.21046,2682,294806.6,281359.97551
2026-03-19 12:35:00+00:00,0.9542,0.9563,0.9542,0.9554,352234.4,2026-03-19 12:39:59.999000+00:00,336448.85025,1713,233376.5,222903.38194
2026-03-19 12:40:00+00:00,0.9553,0.956,0.9543,0.9544,231415.1,2026-03-19 12:44:59.999000+00:00,221092.5459,1298,137997.8,131855.34714
2026-03-19 12:45:00+00:00,0.9544,0.9547,0.951,0.9522,1123234.7,2026-03-19 12:49:59.999000+00:00,1070275.10459,3113,407089.1,387924.09542
2026-03-19 12:50:00+00:00,0.9523,0.9525,0.9455,0.9486,3223070.6,2026-03-19 12:54:59.999000+00:00,3056583.24005,7643,1006377.1,954562.62931
2026-03-19 12:55:00+00:00,0.9486,0.9505,0.9466,0.9468,674721.4,2026-03-19 12:59:59.999000+00:00,639969.84107,2927,378697.9,359243.81137
2026-03-19 13:00:00+00:00,0.9467,0.9502,0.945,0.95,1978261.1,2026-03-19 13:04:59.999000+00:00,1873648.59836,5825,925277.0,876761.73893
2026-03-19 13:05:00+00:00,0.9501,0.9505,0.9478,0.9487,538821.3,2026-03-19 13:09:59.999000+00:00,511443.61422,2857,220283.1,209095.51646
2026-03-19 13:10:00+00:00,0.9486,0.9486,0.9413,0.9422,4413703.7,2026-03-19 13:14:59.999000+00:00,4166743.27993,6107,637190.1,600903.65372
2026-03-19 13:15:00+00:00,0.9421,0.9475,0.9416,0.9469,1820872.7,2026-03-19 13:19:59.999000+00:00,1720181.73416,5114,754521.9,712844.61253
2026-03-19 13:20:00+00:00,0.947,0.9506,0.9459,0.9468,710161.3,2026-03-19 13:24:59.999000+00:00,673135.94168,3032,270801.3,256683.49688
2026-03-19 13:25:00+00:00,0.9468,0.9479,0.946,0.9476,435141.0,2026-03-19 13:29:59.999000+00:00,412053.72371,2096,253651.4,240175.90296
2026-03-19 13:30:00+00:00,0.9476,0.9494,0.9461,0.9479,825459.0,2026-03-19 13:34:59.999000+00:00,782025.21096,4516,585503.5,554696.45823
2026-03-19 13:35:00+00:00,0.9479,0.9485,0.9452,0.9464,585579.8,2026-03-19 13:39:59.999000+00:00,554564.67626,4345,327120.3,309829.64009
2026-03-19 13:40:00+00:00,0.9463,0.9569,0.9453,0.9546,1986303.7,2026-03-19 13:44:59.999000+00:00,1892276.09267,6950,1307816.8,1246404.11705
2026-03-19 13:45:00+00:00,0.9546,0.9558,0.9513,0.9556,639886.4,2026-03-19 13:49:59.999000+00:00,609954.90393,4101,408989.9,389919.54227
2026-03-19 13:50:00+00:00,0.9557,0.9573,0.9527,0.9569,850438.0,2026-03-19 13:54:59.999000+00:00,811969.66068,3537,459861.9,439186.07326
2026-03-19 13:55:00+00:00,0.957,0.957,0.9525,0.9541,552527.2,2026-03-19 13:59:59.999000+00:00,527254.01663,2519,168536.5,160854.40965
2026-03-19 14:00:00+00:00,0.9542,0.9577,0.9513,0.9521,763434.0,2026-03-19 14:04:59.999000+00:00,728783.7174,4231,352651.5,336578.09573
2026-03-19 14:05:00+00:00,0.9522,0.954,0.9496,0.9501,598132.3,2026-03-19 14:09:59.999000+00:00,569153.90063,3369,292616.6,278458.96151
2026-03-19 14:10:00+00:00,0.9502,0.9535,0.9497,0.9498,332073.3,2026-03-19 14:14:59.999000+00:00,316013.28501,2733,184313.2,175431.36713
2026-03-19 14:15:00+00:00,0.9498,0.9514,0.9491,0.9495,511776.1,2026-03-19 14:19:59.999000+00:00,486306.92803,2373,327287.5,311009.35535
2026-03-19 14:20:00+00:00,0.9495,0.9503,0.9475,0.9496,573523.1,2026-03-19 14:24:59.999000+00:00,544033.14685,2483,298764.7,283457.14243
2026-03-19 14:25:00+00:00,0.9496,0.9506,0.9463,0.9474,596334.7,2026-03-19 14:29:59.999000+00:00,565387.90385,2298,338652.2,321118.57116
2026-03-19 14:30:00+00:00,0.9474,0.9505,0.9467,0.9495,534604.3,2026-03-19 14:34:59.999000+00:00,507113.38752,2766,374039.2,354805.61992
2026-03-19 14:35:00+00:00,0.9495,0.9509,0.9468,0.9484,2809709.4,2026-03-19 14:39:59.999000+00:00,2667994.4577,3389,2453632.5,2330395.7317
2026-03-19 14:40:00+00:00,0.9483,0.9498,0.9475,0.9491,1355342.0,2026-03-19 14:44:59.999000+00:00,1285120.88375,2986,982504.3,931540.38592
2026-03-19 14:45:00+00:00,0.949,0.951,0.9487,0.951,417255.8,2026-03-19 14:49:59.999000+00:00,396284.69097,2395,273552.5,259821.01212
2026-03-19 14:50:00+00:00,0.951,0.9556,0.9502,0.9537,1120707.2,2026-03-19 14:54:59.999000+00:00,1068499.09959,3586,645621.4,615483.11518
2026-03-19 14:55:00+00:00,0.9537,0.9537,0.9516,0.9519,269074.7,2026-03-19 14:59:59.999000+00:00,256301.27017,1696,132812.7,126504.41768
2026-03-19 15:00:00+00:00,0.9518,0.9542,0.9511,0.9539,473440.8,2026-03-19 15:04:59.999000+00:00,451048.75503,2614,250592.5,238786.65735
2026-03-19 15:05:00+00:00,0.9539,0.9562,0.9515,0.9519,902697.7,2026-03-19 15:09:59.999000+00:00,861305.21433,3562,398579.2,380410.72881
2026-03-19 15:10:00+00:00,0.9519,0.9526,0.9497,0.9508,403899.6,2026-03-19 15:14:59.999000+00:00,384086.76,2010,152922.0,145429.46614
2026-03-19 15:15:00+00:00,0.9508,0.9528,0.9455,0.9461,694006.0,2026-03-19 15:19:59.999000+00:00,658442.76616,2940,204253.3,193921.43778
2026-03-19 15:20:00+00:00,0.9461,0.9466,0.9433,0.9436,522410.1,2026-03-19 15:24:59.999000+00:00,493690.88794,2756,195564.9,184857.01886
2026-03-19 15:25:00+00:00,0.9437,0.9449,0.9427,0.9432,471089.8,2026-03-19 15:29:59.999000+00:00,444467.72971,2071,167727.0,158272.88883
2026-03-19 15:30:00+00:00,0.9432,0.9442,0.9421,0.9428,892591.5,2026-03-19 15:34:59.999000+00:00,841808.86749,2957,309899.2,292345.87374
2026-03-19 15:35:00+00:00,0.9427,0.9459,0.9413,0.9441,798509.4,2026-03-19 15:39:59.999000+00:00,753270.49488,3036,274294.4,258890.39981
2026-03-19 15:40:00+00:00,0.9442,0.9451,0.9413,0.9415,1152405.2,2026-03-19 15:44:59.999000+00:00,1086359.25337,3673,496282.0,468006.09005
2026-03-19 15:45:00+00:00,0.9416,0.946,0.9368,0.945,3587500.2,2026-03-19 15:49:59.999000+00:00,3375378.67545,7718,1964141.7,1848955.52373
2026-03-19 15:50:00+00:00,0.9451,0.9475,0.9447,0.9467,803907.7,2026-03-19 15:54:59.999000+00:00,760686.77392,3610,456478.4,431943.86381
2026-03-19 15:55:00+00:00,0.9467,0.9494,0.9457,0.9481,1002015.6,2026-03-19 15:59:59.999000+00:00,950057.93879,3445,675122.7,640224.35634
2026-03-19 16:00:00+00:00,0.9481,0.9495,0.9462,0.947,1133804.6,2026-03-19 16:04:59.999000+00:00,1074533.62124,3620,471666.6,447095.48643
2026-03-19 16:05:00+00:00,0.9469,0.9481,0.9457,0.9462,450542.4,2026-03-19 16:09:59.999000+00:00,426581.70313,2649,145001.9,137305.52751
2026-03-19 16:10:00+00:00,0.9463,0.9465,0.944,0.9451,1088716.3,2026-03-19 16:14:59.999000+00:00,1028853.28652,3187,300280.3,283736.03248
2026-03-19 16:15:00+00:00,0.9452,0.9458,0.9426,0.9435,654617.6,2026-03-19 16:19:59.999000+00:00,618009.06512,2852,314419.5,296869.9054
2026-03-19 16:20:00+00:00,0.9436,0.9454,0.9425,0.9434,636142.8,2026-03-19 16:24:59.999000+00:00,600371.80222,2564,379519.0,358186.14491
2026-03-19 16:25:00+00:00,0.9435,0.9457,0.9426,0.9434,354572.6,2026-03-19 16:29:59.999000+00:00,334671.89125,2018,170291.9,160745.53224
2026-03-19 16:30:00+00:00,0.9434,0.9436,0.941,0.9424,448862.3,2026-03-19 16:34:59.999000+00:00,422974.95202,2266,183517.1,172938.01078
2026-03-19 16:35:00+00:00,0.9424,0.9449,0.9414,0.9448,589559.9,2026-03-19 16:39:59.999000+00:00,555931.73776,2238,398485.5,375697.33792
2026-03-19 16:40:00+00:00,0.9448,0.9462,0.944,0.9444,395621.9,2026-03-19 16:44:59.999000+00:00,373973.48584,1811,152576.8,144212.4303
2026-03-19 16:45:00+00:00,0.9445,0.9452,0.9418,0.9425,362101.6,2026-03-19 16:49:59.999000+00:00,341540.26568,1881,89504.2,84431.32367
2026-03-19 16:50:00+00:00,0.9425,0.9428,0.9398,0.9427,736001.2,2026-03-19 16:54:59.999000+00:00,692831.48344,2160,312232.5,293982.17106
2026-03-19 16:55:00+00:00,0.9428,0.9439,0.942,0.9424,185019.2,2026-03-19 16:59:59.999000+00:00,174437.76616,1438,104862.2,98878.30865
2026-03-19 17:00:00+00:00,0.9425,0.9425,0.9402,0.9402,881508.3,2026-03-19 17:04:59.999000+00:00,830055.3719,2107,196625.6,185133.22965
2026-03-19 17:05:00+00:00,0.9402,0.9408,0.9372,0.9377,647509.0,2026-03-19 17:09:59.999000+00:00,607945.66541,3165,154550.8,145114.04382
2026-03-19 17:10:00+00:00,0.9376,0.941,0.9376,0.9396,422716.2,2026-03-19 17:14:59.999000+00:00,397130.43444,2606,246197.7,231330.13584
2026-03-19 17:15:00+00:00,0.9397,0.9438,0.939,0.9436,842741.6,2026-03-19 17:19:59.999000+00:00,793570.14076,2639,586207.8,552056.50082
2026-03-19 17:20:00+00:00,0.9435,0.9479,0.9427,0.9463,872521.1,2026-03-19 17:24:59.999000+00:00,825077.69926,2731,446462.7,422227.08852
2026-03-19 17:25:00+00:00,0.9463,0.9486,0.9457,0.9476,330258.4,2026-03-19 17:29:59.999000+00:00,312885.96617,1889,206498.3,195626.3306
2026-03-19 17:30:00+00:00,0.9477,0.9484,0.9453,0.9463,317282.1,2026-03-19 17:34:59.999000+00:00,300484.20128,1933,118742.3,112444.45706
2026-03-19 17:35:00+00:00,0.9462,0.9462,0.9443,0.9445,482305.7,2026-03-19 17:39:59.999000+00:00,455841.07263,1586,201037.7,190019.10227
2026-03-19 17:40:00+00:00,0.9444,0.9456,0.9442,0.9452,218420.5,2026-03-19 17:44:59.999000+00:00,206404.91809,1100,119365.1,112810.87046
2026-03-19 17:45:00+00:00,0.9453,0.9467,0.9447,0.9465,185681.0,2026-03-19 17:49:59.999000+00:00,175612.63653,1243,68229.6,64539.61152
2026-03-19 17:50:00+00:00,0.9465,0.9514,0.9462,0.95,1439855.9,2026-03-19 17:54:59.999000+00:00,1367126.78741,3111,787985.1,748070.78401
2026-03-19 17:55:00+00:00,0.9501,0.951,0.9486,0.95,701981.3,2026-03-19 17:59:59.999000+00:00,666593.73868,1748,204310.3,194110.25231
2026-03-19 18:00:00+00:00,0.95,0.9502,0.9484,0.9488,202303.8,2026-03-19 18:04:59.999000+00:00,192069.27579,1493,70501.7,66931.06681
2026-03-19 18:05:00+00:00,0.9488,0.9499,0.9486,0.9492,223943.6,2026-03-19 18:09:59.999000+00:00,212598.39862,1498,98722.2,93722.70567
2026-03-19 18:10:00+00:00,0.9491,0.9517,0.9491,0.9502,320407.5,2026-03-19 18:14:59.999000+00:00,304459.11703,1668,188432.8,179046.12857
2026-03-19 18:15:00+00:00,0.9503,0.9513,0.9485,0.9496,282480.1,2026-03-19 18:19:59.999000+00:00,268415.55339,1620,152055.5,144502.04165
2026-03-19 18:20:00+00:00,0.9496,0.9504,0.9486,0.9487,235395.9,2026-03-19 18:24:59.999000+00:00,223474.82227,1156,147246.4,139790.22091
2026-03-19 18:25:00+00:00,0.9486,0.9486,0.9459,0.9462,235853.5,2026-03-19 18:29:59.999000+00:00,223412.29717,1213,55145.6,52249.35456
2026-03-19 18:30:00+00:00,0.9463,0.9466,0.9456,0.9461,381371.6,2026-03-19 18:34:59.999000+00:00,360825.98316,1364,151457.8,143314.35801
2026-03-19 18:35:00+00:00,0.9462,0.9475,0.9454,0.9462,172063.0,2026-03-19 18:39:59.999000+00:00,162843.13632,1112,80471.8,76161.00022
2026-03-19 18:40:00+00:00,0.9461,0.9466,0.9456,0.9464,100454.6,2026-03-19 18:44:59.999000+00:00,95031.07086,749,48216.6,45610.83023
2026-03-19 18:45:00+00:00,0.9464,0.9472,0.9459,0.9462,204165.3,2026-03-19 18:49:59.999000+00:00,193247.37695,1026,139298.0,131858.63705
2026-03-19 18:50:00+00:00,0.9462,0.9476,0.9456,0.9469,117944.9,2026-03-19 18:54:59.999000+00:00,111638.82411,853,65881.4,62353.88387
2026-03-19 18:55:00+00:00,0.9469,0.9503,0.9467,0.9492,360592.9,2026-03-19 18:59:59.999000+00:00,342286.93336,1559,213450.4,202593.58377
2026-03-19 19:00:00+00:00,0.9492,0.9544,0.9491,0.9529,540815.5,2026-03-19 19:04:59.999000+00:00,515023.31763,3707,342737.3,326381.83328
2026-03-19 19:05:00+00:00,0.953,0.9573,0.953,0.9555,2045543.4,2026-03-19 19:09:59.999000+00:00,1953622.61597,5523,1024619.4,978904.15185
2026-03-19 19:10:00+00:00,0.9554,0.9621,0.9553,0.9587,1700776.9,2026-03-19 19:14:59.999000+00:00,1631758.2292,5989,904833.3,868159.4189
2026-03-19 19:15:00+00:00,0.9587,0.9631,0.9578,0.9621,1072253.4,2026-03-19 19:19:59.999000+00:00,1029808.03639,3695,496542.9,476661.88587
2026-03-19 19:20:00+00:00,0.9622,0.9624,0.9598,0.9606,561462.7,2026-03-19 19:24:59.999000+00:00,539508.70177,2878,266089.5,255689.72114
2026-03-19 19:25:00+00:00,0.9606,0.9606,0.9565,0.9568,535100.0,2026-03-19 19:29:59.999000+00:00,512532.11132,2370,202624.2,194031.99048
2026-03-19 19:30:00+00:00,0.9568,0.9587,0.9555,0.9565,449774.9,2026-03-19 19:34:59.999000+00:00,430452.90162,2439,191605.6,183383.15579
2026-03-19 19:35:00+00:00,0.9564,0.9573,0.9546,0.9573,339812.6,2026-03-19 19:39:59.999000+00:00,324819.61046,1634,134137.1,128208.89451
2026-03-19 19:40:00+00:00,0.9573,0.9583,0.9564,0.9571,298191.3,2026-03-19 19:44:59.999000+00:00,285407.56163,1490,107481.4,102877.22015
2026-03-19 19:45:00+00:00,0.9572,0.9578,0.9563,0.9568,213642.4,2026-03-19 19:49:59.999000+00:00,204425.13446,1045,76043.7,72761.399
2026-03-19 19:50:00+00:00,0.9567,0.9568,0.954,0.9547,236093.2,2026-03-19 19:54:59.999000+00:00,225439.80998,1430,104058.4,99369.54509
2026-03-19 19:55:00+00:00,0.9548,0.9557,0.9543,0.9549,250793.9,2026-03-19 19:59:59.999000+00:00,239478.46627,1332,105873.7,101103.85022
2026-03-19 20:00:00+00:00,0.9549,0.9563,0.9539,0.9561,207613.0,2026-03-19 20:04:59.999000+00:00,198248.84953,1484,99346.6,94871.09473
2026-03-19 20:05:00+00:00,0.956,0.9569,0.9554,0.9565,281881.4,2026-03-19 20:09:59.999000+00:00,269551.38745,1244,130092.7,124394.85631
2026-03-19 20:10:00+00:00,0.9564,0.9564,0.9549,0.956,138906.8,2026-03-19 20:14:59.999000+00:00,132730.6388,997,49017.4,46839.48414
2026-03-19 20:15:00+00:00,0.9561,0.9584,0.9555,0.9573,274330.5,2026-03-19 20:19:59.999000+00:00,262505.19613,1506,174193.3,166691.783
2026-03-19 20:20:00+00:00,0.9572,0.9581,0.9564,0.9566,202834.9,2026-03-19 20:24:59.999000+00:00,194172.54545,1051,118237.5,113198.78472
2026-03-19 20:25:00+00:00,0.9566,0.9576,0.9553,0.9559,171160.4,2026-03-19 20:29:59.999000+00:00,163659.55775,994,45602.6,43623.60587
2026-03-19 20:30:00+00:00,0.9559,0.9563,0.9554,0.9558,89566.1,2026-03-19 20:34:59.999000+00:00,85612.98542,836,46556.5,44502.38309
2026-03-19 20:35:00+00:00,0.9558,0.9577,0.9557,0.9577,147434.8,2026-03-19 20:39:59.999000+00:00,141036.14843,977,89352.3,85482.55944
2026-03-19 20:40:00+00:00,0.9577,0.9593,0.9562,0.957,659085.5,2026-03-19 20:44:59.999000+00:00,631272.87631,1925,214165.4,205157.8824
2026-03-19 20:45:00+00:00,0.957,0.9581,0.9564,0.9575,147262.7,2026-03-19 20:49:59.999000+00:00,140971.09821,1012,83017.8,79468.17324
2026-03-19 20:50:00+00:00,0.9575,0.9576,0.9564,0.9567,97982.4,2026-03-19 20:54:59.999000+00:00,93755.93656,763,55543.5,53149.53014
2026-03-19 20:55:00+00:00,0.9568,0.9571,0.956,0.9568,205304.6,2026-03-19 20:59:59.999000+00:00,196368.42258,1060,106341.6,101729.65947
2026-03-19 21:00:00+00:00,0.9568,0.9588,0.9566,0.9577,269092.4,2026-03-19 21:04:59.999000+00:00,257775.41239,1439,174033.4,166748.08845
2026-03-19 21:05:00+00:00,0.9576,0.9604,0.9576,0.9604,267273.9,2026-03-19 21:09:59.999000+00:00,256305.30292,1291,207940.0,199412.62322
2026-03-19 21:10:00+00:00,0.9604,0.9622,0.9601,0.961,765838.3,2026-03-19 21:14:59.999000+00:00,736111.20502,1889,479393.7,460836.08505
2026-03-19 21:15:00+00:00,0.961,0.961,0.9594,0.9595,171236.4,2026-03-19 21:19:59.999000+00:00,164396.46005,916,60276.4,57866.20821
2026-03-19 21:20:00+00:00,0.9595,0.9605,0.9581,0.9588,332396.2,2026-03-19 21:24:59.999000+00:00,318826.24935,1350,163894.1,157242.35188
2026-03-19 21:25:00+00:00,0.9587,0.9596,0.9587,0.9595,66851.2,2026-03-19 21:29:59.999000+00:00,64124.79799,586,41715.3,40015.22621
2026-03-19 21:30:00+00:00,0.9596,0.9601,0.9578,0.9588,160858.8,2026-03-19 21:34:59.999000+00:00,154228.10208,1004,82256.7,78864.90884
2026-03-19 21:35:00+00:00,0.9587,0.9599,0.9581,0.9582,203596.3,2026-03-19 21:39:59.999000+00:00,195229.12652,745,121789.0,116785.08592
2026-03-19 21:40:00+00:00,0.9583,0.959,0.9577,0.9584,288789.5,2026-03-19 21:44:59.999000+00:00,276730.89143,1048,75157.2,72018.35714
2026-03-19 21:45:00+00:00,0.9585,0.9585,0.9574,0.9576,93390.6,2026-03-19 21:49:59.999000+00:00,89458.04989,783,39158.5,37511.22974
2026-03-19 21:50:00+00:00,0.9577,0.958,0.9572,0.9578,113201.6,2026-03-19 21:54:59.999000+00:00,108407.44619,797,58474.0,56000.9659
2026-03-19 21:55:00+00:00,0.9578,0.961,0.9578,0.9596,246507.7,2026-03-19 21:59:59.999000+00:00,236649.06141,1094,192123.7,184437.27959
2026-03-19 22:00:00+00:00,0.9596,0.9604,0.9578,0.9583,254543.5,2026-03-19 22:04:59.999000+00:00,244162.3831,1861,107776.6,103396.65311
2026-03-19 22:05:00+00:00,0.9583,0.9603,0.9577,0.9597,139135.2,2026-03-19 22:09:59.999000+00:00,133378.43554,1166,99102.5,95009.05217
2026-03-19 22:10:00+00:00,0.9598,0.9604,0.9587,0.9595,99607.1,2026-03-19 22:14:59.999000+00:00,95560.50902,1078,49771.3,47746.31124
2026-03-19 22:15:00+00:00,0.9596,0.9606,0.9583,0.9603,147950.3,2026-03-19 22:19:59.999000+00:00,141912.28254,1240,103661.1,99430.63142
2026-03-19 22:20:00+00:00,0.9602,0.9605,0.959,0.9598,118861.1,2026-03-19 22:24:59.999000+00:00,114066.93149,851,53448.4,51286.9113
2026-03-19 22:25:00+00:00,0.9598,0.9601,0.9592,0.9595,120595.3,2026-03-19 22:29:59.999000+00:00,115734.23461,677,56701.4,54415.34458
2026-03-19 22:30:00+00:00,0.9595,0.9595,0.9551,0.9573,474420.8,2026-03-19 22:34:59.999000+00:00,454106.71599,2516,148705.9,142349.90582
2026-03-19 22:35:00+00:00,0.9573,0.9574,0.9541,0.9561,711908.2,2026-03-19 22:39:59.999000+00:00,680203.46925,2892,297014.0,283806.1367
2026-03-19 22:40:00+00:00,0.9562,0.9562,0.9542,0.9552,580818.6,2026-03-19 22:44:59.999000+00:00,554513.00942,1663,360745.6,344415.79394
2026-03-19 22:45:00+00:00,0.9552,0.9564,0.9544,0.9564,252745.7,2026-03-19 22:49:59.999000+00:00,241384.95644,1475,113624.8,108533.42957
2026-03-19 22:50:00+00:00,0.9564,0.9574,0.9564,0.9571,122919.5,2026-03-19 22:54:59.999000+00:00,117610.87967,928,71786.8,68687.25542
2026-03-19 22:55:00+00:00,0.957,0.9581,0.956,0.958,209085.4,2026-03-19 22:59:59.999000+00:00,200033.29486,999,133912.3,128112.99731
2026-03-19 23:00:00+00:00,0.9581,0.9609,0.9581,0.9599,539171.1,2026-03-19 23:04:59.999000+00:00,517511.25284,2470,305905.3,293617.29685
2026-03-19 23:05:00+00:00,0.9598,0.9611,0.9595,0.9608,385532.3,2026-03-19 23:09:59.999000+00:00,370197.79923,1765,237532.7,228098.24546
2026-03-19 23:10:00+00:00,0.9608,0.9616,0.96,0.9601,403367.7,2026-03-19 23:14:59.999000+00:00,387549.08181,1773,259987.8,249798.23251
2026-03-19 23:15:00+00:00,0.9601,0.9604,0.9591,0.9593,408771.4,2026-03-19 23:19:59.999000+00:00,392341.46505,1595,144666.9,138850.83566
2026-03-19 23:20:00+00:00,0.9592,0.9593,0.9578,0.9585,196340.8,2026-03-19 23:24:59.999000+00:00,188201.39376,1252,80863.3,77505.9439
2026-03-19 23:25:00+00:00,0.9585,0.9605,0.9585,0.9602,468588.0,2026-03-19 23:29:59.999000+00:00,449669.67753,1126,192241.6,184475.06105
2026-03-19 23:30:00+00:00,0.9603,0.9613,0.9571,0.9571,533109.3,2026-03-19 23:34:59.999000+00:00,511327.52962,1963,158799.5,152384.73431
2026-03-19 23:35:00+00:00,0.957,0.958,0.9544,0.9547,557425.3,2026-03-19 23:39:59.999000+00:00,533017.13712,2221,185639.3,177549.308
2026-03-19 23:40:00+00:00,0.9546,0.9562,0.9542,0.9561,452106.8,2026-03-19 23:44:59.999000+00:00,431666.39784,1843,182807.0,174570.47914
2026-03-19 23:45:00+00:00,0.9561,0.9571,0.9551,0.9564,339212.1,2026-03-19 23:49:59.999000+00:00,324239.10043,1392,162296.6,155137.92875
2026-03-19 23:50:00+00:00,0.9564,0.958,0.9563,0.9579,169522.0,2026-03-19 23:54:59.999000+00:00,162223.28927,1073,73195.9,70048.01092
2026-03-19 23:55:00+00:00,0.9579,0.9589,0.9576,0.9579,184705.9,2026-03-19 23:59:59.999000+00:00,176999.0328,957,107455.1,102970.85891
2026-03-20 00:00:00+00:00,0.9578,0.9591,0.9576,0.9582,549273.7,2026-03-20 00:04:59.999000+00:00,526364.99377,2487,299886.2,287364.96594
2026-03-20 00:05:00+00:00,0.9583,0.9611,0.9582,0.9603,357038.8,2026-03-20 00:09:59.999000+00:00,342775.73476,1762,176156.9,169094.59838
2026-03-20 00:10:00+00:00,0.9604,0.9616,0.9604,0.9607,357679.9,2026-03-20 00:14:59.999000+00:00,343753.70332,1379,138279.3,132899.11359
2026-03-20 00:15:00+00:00,0.9608,0.9627,0.9606,0.961,389413.3,2026-03-20 00:19:59.999000+00:00,374491.89816,1775,256808.6,246999.36242
2026-03-20 00:20:00+00:00,0.961,0.9611,0.9575,0.9585,538132.7,2026-03-20 00:24:59.999000+00:00,516297.81577,1818,195294.6,187452.15694
2026-03-20 00:25:00+00:00,0.9585,0.9607,0.9585,0.9604,150003.3,2026-03-20 00:29:59.999000+00:00,143968.14898,958,105753.0,101495.7378
2026-03-20 00:30:00+00:00,0.9604,0.9611,0.9593,0.9602,223679.1,2026-03-20 00:34:59.999000+00:00,214770.68457,1174,152233.6,146182.32659
2026-03-20 00:35:00+00:00,0.9602,0.9619,0.9589,0.9617,468526.2,2026-03-20 00:39:59.999000+00:00,450001.50738,1650,302696.2,290820.89469
2026-03-20 00:40:00+00:00,0.9616,0.9621,0.9606,0.9606,235430.9,2026-03-20 00:44:59.999000+00:00,226343.10873,1157,143398.9,137868.77222
2026-03-20 00:45:00+00:00,0.9607,0.9615,0.9601,0.9614,225653.0,2026-03-20 00:49:59.999000+00:00,216825.83589,1070,156235.6,150130.54723
2026-03-20 00:50:00+00:00,0.9614,0.9625,0.9605,0.961,136766.6,2026-03-20 00:54:59.999000+00:00,131491.46871,1001,82206.2,79043.33949
2026-03-20 00:55:00+00:00,0.961,0.9614,0.9606,0.9614,104336.4,2026-03-20 00:59:59.999000+00:00,100268.35243,710,56094.1,53908.79553
2026-03-20 01:00:00+00:00,0.9615,0.9654,0.9613,0.9631,1179861.7,2026-03-20 01:04:59.999000+00:00,1137238.71797,3090,729785.4,703433.40178
2026-03-20 01:05:00+00:00,0.9631,0.9638,0.9622,0.9633,519966.3,2026-03-20 01:09:59.999000+00:00,500650.24118,1742,374346.5,360427.88
2026-03-20 01:10:00+00:00,0.9632,0.9636,0.9617,0.9628,339561.5,2026-03-20 01:14:59.999000+00:00,326910.51377,1427,199051.3,191653.77626
2026-03-20 01:15:00+00:00,0.9628,0.963,0.9607,0.9614,238613.4,2026-03-20 01:19:59.999000+00:00,229499.51552,1447,73245.3,70467.79206
2026-03-20 01:20:00+00:00,0.9613,0.9619,0.9603,0.9606,187084.4,2026-03-20 01:24:59.999000+00:00,179769.73554,1165,69710.3,66989.39315
2026-03-20 01:25:00+00:00,0.9606,0.9618,0.9601,0.961,252138.1,2026-03-20 01:29:59.999000+00:00,242239.51781,1075,119498.0,114791.43347
2026-03-20 01:30:00+00:00,0.9611,0.9638,0.961,0.9627,410093.6,2026-03-20 01:34:59.999000+00:00,394710.24511,1700,305943.4,294476.80411
2026-03-20 01:35:00+00:00,0.9626,0.966,0.9618,0.9657,280157.4,2026-03-20 01:39:59.999000+00:00,270155.53152,1587,176842.8,170573.15111
2026-03-20 01:40:00+00:00,0.9657,0.9666,0.9649,0.9653,505690.1,2026-03-20 01:44:59.999000+00:00,488396.69092,1689,290329.6,280449.96817
2026-03-20 01:45:00+00:00,0.9654,0.9659,0.9635,0.9642,254048.9,2026-03-20 01:49:59.999000+00:00,245072.7409,1385,109517.2,105684.16766
2026-03-20 01:50:00+00:00,0.9641,0.9659,0.9639,0.9653,233303.4,2026-03-20 01:54:59.999000+00:00,225057.51327,932,173755.6,167602.92455
2026-03-20 01:55:00+00:00,0.9652,0.966,0.9629,0.9636,498996.3,2026-03-20 01:59:59.999000+00:00,481148.40265,1125,54158.9,52236.79421
2026-03-20 02:00:00+00:00,0.9637,0.9643,0.9625,0.9635,233896.3,2026-03-20 02:04:59.999000+00:00,225386.6542,1615,123638.9,119143.69314
2026-03-20 02:05:00+00:00,0.9635,0.9652,0.9634,0.9642,124058.1,2026-03-20 02:09:59.999000+00:00,119640.7096,1204,54934.9,52981.16178
2026-03-20 02:10:00+00:00,0.9641,0.9645,0.9636,0.9637,94123.7,2026-03-20 02:14:59.999000+00:00,90726.40904,866,34430.4,33190.3351
2026-03-20 02:15:00+00:00,0.9637,0.9639,0.9615,0.9626,448778.4,2026-03-20 02:19:59.999000+00:00,431875.40695,1894,134170.2,129159.70416
2026-03-20 02:20:00+00:00,0.9625,0.9632,0.9611,0.9614,155725.1,2026-03-20 02:24:59.999000+00:00,149821.47568,1025,50279.5,48374.29235
2026-03-20 02:25:00+00:00,0.9615,0.9617,0.9602,0.9617,239099.3,2026-03-20 02:29:59.999000+00:00,229774.46411,1383,130511.4,125436.83462
2026-03-20 02:30:00+00:00,0.9616,0.9623,0.9586,0.9588,511091.9,2026-03-20 02:34:59.999000+00:00,490616.05487,2085,114389.0,109818.35537
2026-03-20 02:35:00+00:00,0.9589,0.9605,0.9583,0.96,161176.1,2026-03-20 02:39:59.999000+00:00,154630.2495,980,59911.2,57481.51804
2026-03-20 02:40:00+00:00,0.96,0.9635,0.9599,0.9632,155781.9,2026-03-20 02:44:59.999000+00:00,149865.02773,1015,92925.3,89398.18886
2026-03-20 02:45:00+00:00,0.9632,0.9641,0.9616,0.9641,556069.2,2026-03-20 02:49:59.999000+00:00,535398.22258,1551,219505.1,211357.4587
2026-03-20 02:50:00+00:00,0.9641,0.9656,0.9633,0.9656,232420.8,2026-03-20 02:54:59.999000+00:00,224094.50255,1082,163307.4,157457.55535
2026-03-20 02:55:00+00:00,0.9655,0.9659,0.9637,0.9638,149406.1,2026-03-20 02:59:59.999000+00:00,144160.5306,899,53872.5,51984.57873
2026-03-20 03:00:00+00:00,0.9638,0.9649,0.9626,0.963,525865.2,2026-03-20 03:04:59.999000+00:00,506792.00048,1540,376515.0,362897.80716
2026-03-20 03:05:00+00:00,0.9631,0.965,0.9631,0.964,237942.6,2026-03-20 03:09:59.999000+00:00,229424.17695,1428,141660.7,136606.56494
2026-03-20 03:10:00+00:00,0.9641,0.9649,0.9638,0.9639,256758.6,2026-03-20 03:14:59.999000+00:00,247616.11416,1083,66990.6,64606.52147
2026-03-20 03:15:00+00:00,0.9638,0.9669,0.9636,0.9664,207300.1,2026-03-20 03:19:59.999000+00:00,200152.11183,1283,134745.1,130112.78246
2026-03-20 03:20:00+00:00,0.9664,0.967,0.9653,0.966,213346.1,2026-03-20 03:24:59.999000+00:00,206120.5432,1206,116687.0,112745.91975
2026-03-20 03:25:00+00:00,0.966,0.9668,0.9651,0.9667,124585.7,2026-03-20 03:29:59.999000+00:00,120347.83116,1046,73248.1,70768.68433
2026-03-20 03:30:00+00:00,0.9667,0.9693,0.966,0.966,632365.3,2026-03-20 03:34:59.999000+00:00,611967.4357,2818,329388.5,318837.27028
2026-03-20 03:35:00+00:00,0.966,0.9666,0.9644,0.9646,207008.1,2026-03-20 03:39:59.999000+00:00,199789.90058,1154,99326.5,95867.93579
2026-03-20 03:40:00+00:00,0.9646,0.9655,0.964,0.9648,363790.7,2026-03-20 03:44:59.999000+00:00,351061.25505,1174,272592.3,263086.27076
2026-03-20 03:45:00+00:00,0.9648,0.9657,0.9639,0.9645,193458.0,2026-03-20 03:49:59.999000+00:00,186626.39558,1170,92848.9,89582.58473
2026-03-20 03:50:00+00:00,0.9646,0.9664,0.9642,0.9664,384580.7,2026-03-20 03:54:59.999000+00:00,371308.0074,1534,249575.7,240951.49764
2026-03-20 03:55:00+00:00,0.9664,0.967,0.9654,0.9655,173102.6,2026-03-20 03:59:59.999000+00:00,167231.22629,926,60785.8,58722.52104
2026-03-20 04:00:00+00:00,0.9654,0.9667,0.9646,0.9664,189425.4,2026-03-20 04:04:59.999000+00:00,182940.11827,1648,115529.1,111591.28599
2026-03-20 04:05:00+00:00,0.9663,0.9687,0.9662,0.9679,365628.2,2026-03-20 04:09:59.999000+00:00,353826.99,1611,255962.8,247675.75916
2026-03-20 04:10:00+00:00,0.9678,0.969,0.9669,0.9682,338041.2,2026-03-20 04:14:59.999000+00:00,327327.34852,1418,244313.8,236586.73427
2026-03-20 04:15:00+00:00,0.9683,0.9684,0.9669,0.9669,294103.0,2026-03-20 04:19:59.999000+00:00,284581.39735,1282,94803.6,91754.00467
2026-03-20 04:20:00+00:00,0.9669,0.9675,0.9663,0.9672,110715.6,2026-03-20 04:24:59.999000+00:00,107053.58187,780,52156.4,50431.50535
2026-03-20 04:25:00+00:00,0.9673,0.9685,0.967,0.968,133319.2,2026-03-20 04:29:59.999000+00:00,129027.12451,771,77496.0,75001.28791
2026-03-20 04:30:00+00:00,0.9681,0.9683,0.9643,0.9648,663054.6,2026-03-20 04:34:59.999000+00:00,641015.38242,2749,364773.9,352758.28731
2026-03-20 04:35:00+00:00,0.9649,0.9656,0.9643,0.9652,597323.8,2026-03-20 04:39:59.999000+00:00,576401.01264,1492,214486.1,207022.21314
2026-03-20 04:40:00+00:00,0.9651,0.9652,0.9633,0.9637,291696.4,2026-03-20 04:44:59.999000+00:00,281210.55703,1303,92901.2,89580.34498
2026-03-20 04:45:00+00:00,0.9637,0.9668,0.9632,0.9665,480822.5,2026-03-20 04:49:59.999000+00:00,463626.03114,1850,295872.2,285389.84529
2026-03-20 04:50:00+00:00,0.9664,0.9685,0.9657,0.9683,303198.3,2026-03-20 04:54:59.999000+00:00,293325.7667,1148,196432.6,190027.88553
2026-03-20 04:55:00+00:00,0.9683,0.9721,0.9682,0.9711,926137.4,2026-03-20 04:59:59.999000+00:00,898765.72162,2410,740969.7,718977.30338
2026-03-20 05:00:00+00:00,0.9711,0.9752,0.9705,0.9727,1180148.5,2026-03-20 05:04:59.999000+00:00,1148021.2052,3335,506403.0,492642.00005
2026-03-20 05:05:00+00:00,0.9727,0.9763,0.9721,0.9745,1204666.1,2026-03-20 05:09:59.999000+00:00,1173436.11315,2939,777712.5,757452.52988
2026-03-20 05:10:00+00:00,0.9745,0.9769,0.9744,0.9768,404953.1,2026-03-20 05:14:59.999000+00:00,395136.20799,2057,304554.0,297170.96206
2026-03-20 05:15:00+00:00,0.9769,0.9787,0.9762,0.978,1030300.2,2026-03-20 05:19:59.999000+00:00,1007040.39411,3249,472370.0,461722.25565
2026-03-20 05:20:00+00:00,0.978,0.9793,0.9763,0.9763,1030816.8,2026-03-20 05:24:59.999000+00:00,1008265.79187,2606,469888.5,459652.74773
2026-03-20 05:25:00+00:00,0.9763,0.9783,0.9748,0.9751,704386.9,2026-03-20 05:29:59.999000+00:00,687619.13952,2664,434781.4,424495.77488
2026-03-20 05:30:00+00:00,0.9751,0.9755,0.973,0.9754,633239.7,2026-03-20 05:34:59.999000+00:00,616859.15788,2033,291956.1,284518.08732
2026-03-20 05:35:00+00:00,0.9753,0.9798,0.9746,0.9793,854436.8,2026-03-20 05:39:59.999000+00:00,835159.05235,2708,639263.8,624760.23201
2026-03-20 05:40:00+00:00,0.9793,0.9805,0.9782,0.9791,850656.5,2026-03-20 05:44:59.999000+00:00,833256.92306,2092,421756.0,413206.56224
2026-03-20 05:45:00+00:00,0.979,0.9797,0.9777,0.9781,370524.5,2026-03-20 05:49:59.999000+00:00,362580.02624,1268,187335.0,183369.74836
2026-03-20 05:50:00+00:00,0.9781,0.9786,0.9764,0.9766,538652.5,2026-03-20 05:54:59.999000+00:00,526545.4269,1335,268304.6,262361.69943
2026-03-20 05:55:00+00:00,0.9767,0.9769,0.9749,0.9763,343473.7,2026-03-20 05:59:59.999000+00:00,335149.74446,1351,130354.2,127200.62814
2026-03-20 06:00:00+00:00,0.9763,0.9765,0.9744,0.9748,440964.2,2026-03-20 06:04:59.999000+00:00,430161.18051,1927,219167.3,213800.48005
2026-03-20 06:05:00+00:00,0.9749,0.976,0.9741,0.9754,382433.1,2026-03-20 06:09:59.999000+00:00,372810.04153,1564,229132.8,223357.32188
2026-03-20 06:10:00+00:00,0.9753,0.9764,0.9745,0.9764,269604.7,2026-03-20 06:14:59.999000+00:00,263000.19483,1256,151487.2,147787.69089
2026-03-20 06:15:00+00:00,0.9763,0.9765,0.9742,0.9742,263715.3,2026-03-20 06:19:59.999000+00:00,257216.85175,1453,76574.5,74705.81041
2026-03-20 06:20:00+00:00,0.9742,0.9749,0.9731,0.9732,509042.7,2026-03-20 06:24:59.999000+00:00,495865.57665,1512,332119.4,323549.17444
2026-03-20 06:25:00+00:00,0.9733,0.9742,0.9727,0.9742,393844.4,2026-03-20 06:29:59.999000+00:00,383338.63674,1446,173875.4,169260.44524
2026-03-20 06:30:00+00:00,0.9743,0.975,0.9717,0.973,472067.4,2026-03-20 06:34:59.999000+00:00,459469.72143,1968,255651.4,248907.1229
2026-03-20 06:35:00+00:00,0.973,0.9733,0.971,0.9711,363170.1,2026-03-20 06:39:59.999000+00:00,353066.62797,1391,156254.6,151960.17812
2026-03-20 06:40:00+00:00,0.9711,0.9721,0.9693,0.9712,531525.0,2026-03-20 06:44:59.999000+00:00,515973.91946,1976,297128.8,288456.00479
2026-03-20 06:45:00+00:00,0.9711,0.9733,0.9707,0.9712,234146.3,2026-03-20 06:49:59.999000+00:00,227667.20367,1217,126629.9,123152.6201
2026-03-20 06:50:00+00:00,0.9713,0.9723,0.9711,0.9711,154421.4,2026-03-20 06:54:59.999000+00:00,150035.25129,907,74727.1,72604.83627
2026-03-20 06:55:00+00:00,0.9711,0.9716,0.9706,0.9709,192391.3,2026-03-20 06:59:59.999000+00:00,186821.11341,1051,110373.3,107187.48742
2026-03-20 07:00:00+00:00,0.9708,0.9708,0.9614,0.9649,1825746.3,2026-03-20 07:04:59.999000+00:00,1760462.8454,5651,548523.1,528787.94667
2026-03-20 07:05:00+00:00,0.9649,0.9658,0.9627,0.964,435838.8,2026-03-20 07:09:59.999000+00:00,420244.31214,2187,221795.6,213853.7092
2026-03-20 07:10:00+00:00,0.9641,0.9641,0.9609,0.9618,1002486.7,2026-03-20 07:14:59.999000+00:00,964242.61141,2486,330647.6,318136.72469
2026-03-20 07:15:00+00:00,0.9617,0.9637,0.9609,0.9632,487439.5,2026-03-20 07:19:59.999000+00:00,469099.00757,1692,327423.1,315106.53286
2026-03-20 07:20:00+00:00,0.9631,0.9663,0.963,0.965,601616.6,2026-03-20 07:24:59.999000+00:00,580484.93339,1905,373380.8,360255.47016
2026-03-20 07:25:00+00:00,0.9649,0.9719,0.9644,0.9679,4011136.0,2026-03-20 07:29:59.999000+00:00,3885656.23724,7102,2619014.1,2536458.73028
2026-03-20 07:30:00+00:00,0.9679,0.9718,0.9667,0.9712,850182.5,2026-03-20 07:34:59.999000+00:00,823643.7069,3147,482401.1,467509.24849
2026-03-20 07:35:00+00:00,0.9712,0.9739,0.9706,0.9731,1142584.1,2026-03-20 07:39:59.999000+00:00,1111446.06462,2761,535186.0,520580.84964
2026-03-20 07:40:00+00:00,0.9731,0.974,0.9726,0.9731,310024.9,2026-03-20 07:44:59.999000+00:00,301762.22184,1658,154129.0,150019.89683
2026-03-20 07:45:00+00:00,0.9732,0.9732,0.9698,0.9699,567627.3,2026-03-20 07:49:59.999000+00:00,551571.85008,1879,163276.9,158651.47055
2026-03-20 07:50:00+00:00,0.9699,0.9711,0.9696,0.9701,419250.4,2026-03-20 07:54:59.999000+00:00,406720.42332,1316,275234.2,267013.19035
2026-03-20 07:55:00+00:00,0.9701,0.9761,0.9695,0.9751,3102494.6,2026-03-20 07:59:59.999000+00:00,3020029.75444,5458,1795232.1,1747453.54831
2026-03-20 08:00:00+00:00,0.9751,0.9753,0.972,0.9725,1424481.3,2026-03-20 08:04:59.999000+00:00,1386722.24308,3664,599708.5,583796.75433
2026-03-20 08:05:00+00:00,0.9725,0.98,0.972,0.9789,1382919.2,2026-03-20 08:09:59.999000+00:00,1350928.28257,3886,943184.8,921392.41718
2026-03-20 08:10:00+00:00,0.9789,0.9849,0.9785,0.9807,2796112.1,2026-03-20 08:14:59.999000+00:00,2745514.64298,6393,1950698.5,1914964.5701
2026-03-20 08:15:00+00:00,0.9807,0.9809,0.9779,0.9791,665658.8,2026-03-20 08:19:59.999000+00:00,652058.74685,2803,358658.3,351373.94629
2026-03-20 08:20:00+00:00,0.9791,0.9791,0.9764,0.9774,846631.6,2026-03-20 08:24:59.999000+00:00,827741.85551,2334,244394.0,238951.59762
2026-03-20 08:25:00+00:00,0.9774,0.978,0.9738,0.9743,1455521.1,2026-03-20 08:29:59.999000+00:00,1419612.44636,3220,762440.5,743686.76547
2026-03-20 08:30:00+00:00,0.9743,0.9756,0.9707,0.9753,896688.0,2026-03-20 08:34:59.999000+00:00,872332.58216,3586,493015.5,479712.31603
2026-03-20 08:35:00+00:00,0.9753,0.976,0.9734,0.9749,526520.4,2026-03-20 08:39:59.999000+00:00,513308.68659,2395,250650.2,244365.26164
2026-03-20 08:40:00+00:00,0.9749,0.9751,0.9737,0.9737,256190.2,2026-03-20 08:44:59.999000+00:00,249582.3149,1314,112780.6,109870.82671
2026-03-20 08:45:00+00:00,0.9738,0.974,0.9725,0.9734,359625.5,2026-03-20 08:49:59.999000+00:00,350099.40135,1346,266112.4,259097.31354
2026-03-20 08:50:00+00:00,0.9734,0.9743,0.9727,0.9737,285203.6,2026-03-20 08:54:59.999000+00:00,277586.48799,1280,137136.9,133479.65507
2026-03-20 08:55:00+00:00,0.9737,0.9751,0.973,0.9732,341021.5,2026-03-20 08:59:59.999000+00:00,332128.96513,1315,127652.4,124349.61898
2026-03-20 09:00:00+00:00,0.9732,0.9732,0.97,0.973,735693.4,2026-03-20 09:04:59.999000+00:00,715054.40504,2369,249826.3,242748.88076
2026-03-20 09:05:00+00:00,0.9729,0.9729,0.9712,0.9722,248635.1,2026-03-20 09:09:59.999000+00:00,241642.68404,1574,116568.3,113298.09372
2026-03-20 09:10:00+00:00,0.9723,0.9725,0.9694,0.9695,338290.8,2026-03-20 09:14:59.999000+00:00,328240.01711,1398,100628.2,97675.14961
2026-03-20 09:15:00+00:00,0.9694,0.9698,0.9665,0.9676,1107028.1,2026-03-20 09:19:59.999000+00:00,1071698.58774,3066,325688.3,315273.62046
2026-03-20 09:20:00+00:00,0.9675,0.9681,0.9654,0.9657,777304.9,2026-03-20 09:24:59.999000+00:00,751365.62458,2617,451465.6,436416.36197
2026-03-20 09:25:00+00:00,0.9657,0.9683,0.965,0.9678,429382.1,2026-03-20 09:29:59.999000+00:00,415085.23742,1918,261134.0,252519.77542
2026-03-20 09:30:00+00:00,0.9679,0.9713,0.9677,0.9705,522924.9,2026-03-20 09:34:59.999000+00:00,507061.28806,2206,337683.0,327438.05478
2026-03-20 09:35:00+00:00,0.9705,0.9719,0.9705,0.9716,332332.5,2026-03-20 09:39:59.999000+00:00,322785.00597,1429,207481.9,201543.88984
2026-03-20 09:40:00+00:00,0.9716,0.9727,0.9704,0.9722,500795.2,2026-03-20 09:44:59.999000+00:00,486564.69147,1711,297763.7,289328.63363
2026-03-20 09:45:00+00:00,0.9722,0.9722,0.9702,0.9702,316805.8,2026-03-20 09:49:59.999000+00:00,307632.26926,1531,167501.3,162651.371
2026-03-20 09:50:00+00:00,0.9702,0.9703,0.9674,0.9684,409318.5,2026-03-20 09:54:59.999000+00:00,396532.31129,1860,139220.5,134877.56427
2026-03-20 09:55:00+00:00,0.9684,0.9706,0.9684,0.9698,266209.1,2026-03-20 09:59:59.999000+00:00,258085.52175,1146,191267.9,185415.88923
2026-03-20 10:00:00+00:00,0.9698,0.9698,0.9677,0.9682,323794.8,2026-03-20 10:04:59.999000+00:00,313765.67057,1662,106121.5,102820.13733
2026-03-20 10:05:00+00:00,0.9682,0.9695,0.9666,0.9681,337520.3,2026-03-20 10:09:59.999000+00:00,326713.92452,1795,133216.6,128944.69564
2026-03-20 10:10:00+00:00,0.9681,0.9684,0.9665,0.968,397416.7,2026-03-20 10:14:59.999000+00:00,384493.22939,1641,175717.4,169998.19467
2026-03-20 10:15:00+00:00,0.968,0.971,0.9671,0.9689,332403.1,2026-03-20 10:19:59.999000+00:00,321964.76878,1858,174222.2,168779.05841
2026-03-20 10:20:00+00:00,0.9688,0.9688,0.9673,0.9684,327907.9,2026-03-20 10:24:59.999000+00:00,317425.11572,1514,188947.5,182912.41217
2026-03-20 10:25:00+00:00,0.9684,0.9696,0.9677,0.9684,456196.5,2026-03-20 10:29:59.999000+00:00,442011.45549,1286,290411.7,281414.47749
2026-03-20 10:30:00+00:00,0.9684,0.9707,0.9683,0.9706,152692.3,2026-03-20 10:34:59.999000+00:00,148065.70673,1100,100178.4,97149.68507
2026-03-20 10:35:00+00:00,0.9705,0.9722,0.9701,0.9722,304498.6,2026-03-20 10:39:59.999000+00:00,295644.95614,1413,197176.1,191475.22112
2026-03-20 10:40:00+00:00,0.9721,0.9748,0.971,0.9716,691360.1,2026-03-20 10:44:59.999000+00:00,672312.99131,2482,357986.4,348165.30647
2026-03-20 10:45:00+00:00,0.9717,0.9724,0.9715,0.972,229876.3,2026-03-20 10:49:59.999000+00:00,223408.61525,1093,99530.7,96732.67444
2026-03-20 10:50:00+00:00,0.972,0.9736,0.9715,0.9725,223063.7,2026-03-20 10:54:59.999000+00:00,216868.39543,953,134622.0,130881.01076
2026-03-20 10:55:00+00:00,0.9725,0.9728,0.9721,0.9724,130281.0,2026-03-20 10:59:59.999000+00:00,126692.02061,789,53570.6,52096.60015
2026-03-20 11:00:00+00:00,0.9725,0.9754,0.972,0.9754,283177.6,2026-03-20 11:04:59.999000+00:00,275801.62905,1572,184951.3,180146.13848
2026-03-20 11:05:00+00:00,0.9754,0.9772,0.9751,0.9759,490326.0,2026-03-20 11:09:59.999000+00:00,478618.59235,1735,296036.9,288955.17661
2026-03-20 11:10:00+00:00,0.9759,0.9777,0.9747,0.9774,410409.7,2026-03-20 11:14:59.999000+00:00,400711.42026,1856,261417.1,255274.23587
2026-03-20 11:15:00+00:00,0.9774,0.9775,0.9735,0.9742,431015.6,2026-03-20 11:19:59.999000+00:00,420043.16197,1786,112807.0,109898.0716
2026-03-20 11:20:00+00:00,0.9741,0.9752,0.9733,0.9743,240626.3,2026-03-20 11:24:59.999000+00:00,234399.72205,951,79258.6,77205.98413
2026-03-20 11:25:00+00:00,0.9743,0.9748,0.9736,0.9738,127057.8,2026-03-20 11:29:59.999000+00:00,123788.8039,655,44901.4,43743.51127
2026-03-20 11:30:00+00:00,0.9738,0.974,0.9725,0.9738,191666.7,2026-03-20 11:34:59.999000+00:00,186581.3917,1141,79290.0,77180.77286
2026-03-20 11:35:00+00:00,0.9739,0.974,0.9679,0.969,916609.8,2026-03-20 11:39:59.999000+00:00,889572.99814,3307,256973.6,249260.91295
2026-03-20 11:40:00+00:00,0.9691,0.9704,0.9686,0.9704,388557.8,2026-03-20 11:44:59.999000+00:00,376770.05079,1398,192974.3,187133.32768
2026-03-20 11:45:00+00:00,0.9703,0.9704,0.9687,0.97,371626.7,2026-03-20 11:49:59.999000+00:00,360289.61926,1261,144403.6,140006.03998
2026-03-20 11:50:00+00:00,0.97,0.9701,0.9689,0.9699,179420.4,2026-03-20 11:54:59.999000+00:00,173933.17031,887,75293.2,72990.41148
2026-03-20 11:55:00+00:00,0.9698,0.9708,0.9697,0.9708,187788.4,2026-03-20 11:59:59.999000+00:00,182235.51787,925,152368.9,147866.85023
2026-03-20 12:00:00+00:00,0.9709,0.9729,0.9708,0.9709,546027.8,2026-03-20 12:04:59.999000+00:00,530617.94859,2347,289152.9,281029.62886
2026-03-20 12:05:00+00:00,0.9709,0.9743,0.9709,0.9728,631965.3,2026-03-20 12:09:59.999000+00:00,614821.14995,2470,352841.5,343255.29315
2026-03-20 12:10:00+00:00,0.9728,0.9734,0.9701,0.9706,367355.1,2026-03-20 12:14:59.999000+00:00,356982.06496,1540,140621.0,136693.62751
2026-03-20 12:15:00+00:00,0.9706,0.9706,0.9682,0.969,290744.8,2026-03-20 12:19:59.999000+00:00,281825.03466,1338,122457.8,118695.78776
2026-03-20 12:20:00+00:00,0.969,0.9697,0.9683,0.9688,238458.9,2026-03-20 12:24:59.999000+00:00,231060.56558,1063,125421.0,121532.75067
2026-03-20 12:25:00+00:00,0.9689,0.9689,0.9662,0.9678,552364.0,2026-03-20 12:29:59.999000+00:00,534320.73486,1727,162865.9,157515.36047
2026-03-20 12:30:00+00:00,0.9677,0.9681,0.9656,0.9659,419872.0,2026-03-20 12:34:59.999000+00:00,405759.33825,1717,174271.2,168404.85925
2026-03-20 12:35:00+00:00,0.9659,0.9679,0.9656,0.9657,181424.1,2026-03-20 12:39:59.999000+00:00,175371.62501,1244,73660.9,71199.26435
2026-03-20 12:40:00+00:00,0.9657,0.9668,0.9637,0.9668,411623.6,2026-03-20 12:44:59.999000+00:00,397231.39126,1824,163510.3,157830.0456
2026-03-20 12:45:00+00:00,0.9669,0.9673,0.9646,0.9667,167105.2,2026-03-20 12:49:59.999000+00:00,161394.69621,1164,60850.9,58771.92743
2026-03-20 12:50:00+00:00,0.9666,0.9666,0.9647,0.9649,328068.0,2026-03-20 12:54:59.999000+00:00,316844.64588,1053,102266.9,98747.85202
2026-03-20 12:55:00+00:00,0.9649,0.9653,0.9644,0.965,166635.1,2026-03-20 12:59:59.999000+00:00,160784.18396,863,77297.9,74588.03212
2026-03-20 13:00:00+00:00,0.9651,0.9678,0.9647,0.9672,334429.4,2026-03-20 13:04:59.999000+00:00,323129.13057,1878,199095.3,192360.29767
2026-03-20 13:05:00+00:00,0.9671,0.9684,0.9664,0.9664,376183.3,2026-03-20 13:09:59.999000+00:00,363982.26213,1806,188747.2,182647.44167
2026-03-20 13:10:00+00:00,0.9664,0.9673,0.9649,0.9672,463821.5,2026-03-20 13:14:59.999000+00:00,447895.08963,1708,175184.8,169186.54333
2026-03-20 13:15:00+00:00,0.9672,0.9681,0.9669,0.9676,240969.5,2026-03-20 13:19:59.999000+00:00,233127.73211,1339,94381.2,91322.66659
2026-03-20 13:20:00+00:00,0.9676,0.97,0.9675,0.9698,248911.3,2026-03-20 13:24:59.999000+00:00,241100.63333,1178,180927.0,175261.39009
2026-03-20 13:25:00+00:00,0.9697,0.9726,0.9686,0.9692,579138.0,2026-03-20 13:29:59.999000+00:00,562373.02686,2100,325399.0,316027.23597
2026-03-20 13:30:00+00:00,0.9692,0.9694,0.9629,0.9649,1056434.3,2026-03-20 13:34:59.999000+00:00,1019915.04161,4913,447723.3,432118.69109
2026-03-20 13:35:00+00:00,0.9649,0.9671,0.9613,0.9634,990105.8,2026-03-20 13:39:59.999000+00:00,953901.07723,4660,437491.2,421599.73499
2026-03-20 13:40:00+00:00,0.9633,0.9699,0.9625,0.9678,737422.5,2026-03-20 13:44:59.999000+00:00,712297.6147,4271,405078.6,391274.96261
2026-03-20 13:45:00+00:00,0.9678,0.9686,0.9647,0.968,676625.7,2026-03-20 13:49:59.999000+00:00,654726.97166,3161,393214.1,380551.20271
2026-03-20 13:50:00+00:00,0.9679,0.9684,0.9628,0.9649,594507.1,2026-03-20 13:54:59.999000+00:00,573558.24591,2686,230124.4,222038.43375
2026-03-20 13:55:00+00:00,0.9649,0.9652,0.9612,0.9623,702587.3,2026-03-20 13:59:59.999000+00:00,676603.52676,2673,338017.1,325679.95885
2026-03-20 14:00:00+00:00,0.9622,0.9648,0.9566,0.9638,2117433.8,2026-03-20 14:04:59.999000+00:00,2033470.51837,6859,807123.0,775684.71898
2026-03-20 14:05:00+00:00,0.9638,0.966,0.9617,0.9646,925558.7,2026-03-20 14:09:59.999000+00:00,892752.03674,3339,371795.4,358662.35676
2026-03-20 14:10:00+00:00,0.9646,0.9673,0.9619,0.9623,750131.6,2026-03-20 14:14:59.999000+00:00,723490.72593,3348,332405.3,320705.83319
2026-03-20 14:15:00+00:00,0.9622,0.9631,0.9591,0.9609,762846.2,2026-03-20 14:19:59.999000+00:00,733068.67504,3185,329524.7,316691.18126
2026-03-20 14:20:00+00:00,0.9608,0.9631,0.9584,0.9627,1173000.3,2026-03-20 14:24:59.999000+00:00,1126158.41027,4018,562160.7,539934.37904
2026-03-20 14:25:00+00:00,0.9627,0.9656,0.9611,0.964,827834.3,2026-03-20 14:29:59.999000+00:00,797687.03556,3069,540807.2,521059.43627
2026-03-20 14:30:00+00:00,0.9639,0.97,0.9639,0.9684,946538.1,2026-03-20 14:34:59.999000+00:00,915680.78896,4016,512040.4,495409.96362
2026-03-20 14:35:00+00:00,0.9685,0.9695,0.966,0.9671,480179.6,2026-03-20 14:39:59.999000+00:00,464624.64538,2370,233632.7,226059.99304
2026-03-20 14:40:00+00:00,0.967,0.9681,0.9649,0.965,407930.6,2026-03-20 14:44:59.999000+00:00,394043.26721,1652,229130.8,221274.24671
2026-03-20 14:45:00+00:00,0.9651,0.9664,0.9642,0.9646,235960.1,2026-03-20 14:49:59.999000+00:00,227702.37147,1562,101391.3,97845.45201
2026-03-20 14:50:00+00:00,0.9646,0.9646,0.9598,0.96,630263.4,2026-03-20 14:54:59.999000+00:00,606157.34087,2328,260047.0,250044.92852
2026-03-20 14:55:00+00:00,0.9601,0.9626,0.9601,0.9605,300698.7,2026-03-20 14:59:59.999000+00:00,288978.55825,1690,141756.0,136244.7483
2026-03-20 15:00:00+00:00,0.9606,0.9628,0.957,0.9578,1084776.0,2026-03-20 15:04:59.999000+00:00,1040194.18558,3421,298164.5,286206.17839
2026-03-20 15:05:00+00:00,0.9578,0.9581,0.954,0.9543,1639777.6,2026-03-20 15:09:59.999000+00:00,1567356.06819,4145,462013.2,441537.85054
2026-03-20 15:10:00+00:00,0.9544,0.9577,0.9538,0.9572,930932.7,2026-03-20 15:14:59.999000+00:00,889640.78748,3004,617831.1,590466.62979
2026-03-20 15:15:00+00:00,0.9572,0.9585,0.9546,0.9548,627015.2,2026-03-20 15:19:59.999000+00:00,600098.53883,2532,315891.8,302430.49345
2026-03-20 15:20:00+00:00,0.9548,0.9619,0.9548,0.9593,838581.3,2026-03-20 15:24:59.999000+00:00,804057.4298,3715,432997.8,415030.71145
2026-03-20 15:25:00+00:00,0.9593,0.9595,0.9573,0.9586,546849.7,2026-03-20 15:29:59.999000+00:00,523946.31631,3049,222537.4,213252.81192
2026-03-20 15:30:00+00:00,0.9585,0.9609,0.9581,0.9596,410759.6,2026-03-20 15:34:59.999000+00:00,394196.60564,2359,255313.5,245029.89615
2026-03-20 15:35:00+00:00,0.9595,0.9607,0.9572,0.9596,817921.6,2026-03-20 15:39:59.999000+00:00,784934.27332,2720,353183.7,338914.22981
2026-03-20 15:40:00+00:00,0.9595,0.96,0.9581,0.9588,362497.6,2026-03-20 15:44:59.999000+00:00,347611.04864,2127,88502.3,84879.65494
2026-03-20 15:45:00+00:00,0.9588,0.9603,0.9575,0.959,268753.4,2026-03-20 15:49:59.999000+00:00,257749.1619,2174,97627.8,93638.91317
2026-03-20 15:50:00+00:00,0.959,0.9609,0.9579,0.9594,304042.1,2026-03-20 15:54:59.999000+00:00,291736.45159,1916,133694.8,128274.39248
2026-03-20 15:55:00+00:00,0.9594,0.9606,0.958,0.9603,384486.0,2026-03-20 15:59:59.999000+00:00,368783.21398,1749,196812.3,188772.2491
2026-03-20 16:00:00+00:00,0.9602,0.9617,0.9595,0.961,786766.6,2026-03-20 16:04:59.999000+00:00,755728.43311,3189,335197.6,321977.98836
2026-03-20 16:05:00+00:00,0.961,0.961,0.9581,0.9606,551089.0,2026-03-20 16:09:59.999000+00:00,528805.95676,2862,271766.9,260802.48518
2026-03-20 16:10:00+00:00,0.9606,0.9618,0.9594,0.9599,361236.4,2026-03-20 16:14:59.999000+00:00,347013.38445,2185,197429.4,189656.20847
2026-03-20 16:15:00+00:00,0.96,0.9628,0.9582,0.9627,435063.6,2026-03-20 16:19:59.999000+00:00,417894.43944,2525,255020.2,245064.80973
2026-03-20 16:20:00+00:00,0.9627,0.9636,0.9617,0.9617,866666.3,2026-03-20 16:24:59.999000+00:00,834575.43772,2644,541275.4,521361.44864
2026-03-20 16:25:00+00:00,0.9618,0.9631,0.9616,0.9628,247579.2,2026-03-20 16:29:59.999000+00:00,238189.95139,1677,90235.3,86813.50885
2026-03-20 16:30:00+00:00,0.9628,0.9629,0.9588,0.9613,563667.4,2026-03-20 16:34:59.999000+00:00,541701.09025,2960,166342.7,159838.4994
2026-03-20 16:35:00+00:00,0.9614,0.962,0.9596,0.9609,225147.4,2026-03-20 16:39:59.999000+00:00,216321.642,1855,62143.5,59708.71744
2026-03-20 16:40:00+00:00,0.9609,0.9618,0.9606,0.9613,195170.1,2026-03-20 16:44:59.999000+00:00,187591.24074,1630,101726.8,97777.53333
2026-03-20 16:45:00+00:00,0.9614,0.9627,0.9607,0.9611,327394.2,2026-03-20 16:49:59.999000+00:00,314825.20309,1783,146320.7,140711.60771
2026-03-20 16:50:00+00:00,0.961,0.9618,0.9594,0.9609,387099.1,2026-03-20 16:54:59.999000+00:00,371818.09487,1805,191226.1,183669.41706
2026-03-20 16:55:00+00:00,0.9609,0.9645,0.9608,0.9624,379837.5,2026-03-20 16:59:59.999000+00:00,365790.02914,1924,220904.8,212715.17866
2026-03-20 17:00:00+00:00,0.9623,0.9638,0.9623,0.9631,218735.9,2026-03-20 17:04:59.999000+00:00,210629.88126,1819,100575.0,96846.6757
2026-03-20 17:05:00+00:00,0.963,0.9636,0.9596,0.9612,357043.8,2026-03-20 17:09:59.999000+00:00,343300.20611,2819,148009.2,142286.27775
2026-03-20 17:10:00+00:00,0.9613,0.9622,0.9602,0.9606,142110.2,2026-03-20 17:14:59.999000+00:00,136564.37963,1481,62325.1,59892.07037
2026-03-20 17:15:00+00:00,0.9607,0.9626,0.9594,0.9612,196097.5,2026-03-20 17:19:59.999000+00:00,188390.33901,1757,92254.4,88644.06394
2026-03-20 17:20:00+00:00,0.9612,0.962,0.9603,0.9609,205396.5,2026-03-20 17:24:59.999000+00:00,197405.69858,1418,81342.2,78194.01725
2026-03-20 17:25:00+00:00,0.9609,0.9613,0.9596,0.9602,142453.5,2026-03-20 17:29:59.999000+00:00,136818.96766,1058,59714.1,57360.21061
2026-03-20 17:30:00+00:00,0.9602,0.9612,0.956,0.9567,406487.8,2026-03-20 17:34:59.999000+00:00,389369.27145,2147,191966.1,183848.17158
2026-03-20 17:35:00+00:00,0.9567,0.9591,0.9548,0.9587,526907.8,2026-03-20 17:39:59.999000+00:00,504344.07133,2614,283949.7,271968.16555
2026-03-20 17:40:00+00:00,0.9586,0.9593,0.9566,0.9567,220618.3,2026-03-20 17:44:59.999000+00:00,211249.70253,1459,113265.7,108462.51582
2026-03-20 17:45:00+00:00,0.9567,0.9582,0.9564,0.9573,226649.5,2026-03-20 17:49:59.999000+00:00,216945.12012,1418,141929.7,135849.55748
2026-03-20 17:50:00+00:00,0.9573,0.9597,0.9572,0.9595,252404.5,2026-03-20 17:54:59.999000+00:00,241975.05061,1248,170936.4,163873.92119
2026-03-20 17:55:00+00:00,0.9596,0.9637,0.9594,0.9626,562861.1,2026-03-20 17:59:59.999000+00:00,541274.82362,2312,343701.7,330467.35221
2026-03-20 18:00:00+00:00,0.9626,0.9631,0.9607,0.9609,580777.8,2026-03-20 18:04:59.999000+00:00,558591.98535,2948,127506.6,122657.04714
2026-03-20 18:05:00+00:00,0.9609,0.9632,0.9606,0.9623,431592.8,2026-03-20 18:09:59.999000+00:00,415042.47941,2631,136193.9,130996.75341
2026-03-20 18:10:00+00:00,0.9622,0.9631,0.9609,0.9627,176240.5,2026-03-20 18:14:59.999000+00:00,169609.94533,1371,90508.8,87112.19709
2026-03-20 18:15:00+00:00,0.9626,0.9632,0.9613,0.9619,303775.9,2026-03-20 18:19:59.999000+00:00,292283.14404,1448,113323.5,109077.95274
2026-03-20 18:20:00+00:00,0.9619,0.9624,0.958,0.9589,532474.9,2026-03-20 18:24:59.999000+00:00,510850.54024,2384,213149.5,204527.0022
2026-03-20 18:25:00+00:00,0.9589,0.96,0.9568,0.9571,344492.4,2026-03-20 18:29:59.999000+00:00,330319.70384,1626,170214.9,163233.91272
2026-03-20 18:30:00+00:00,0.9571,0.9575,0.9543,0.9543,851345.4,2026-03-20 18:34:59.999000+00:00,813411.39792,3038,318474.4,304328.50088
2026-03-20 18:35:00+00:00,0.9544,0.9549,0.9503,0.9537,1681898.0,2026-03-20 18:39:59.999000+00:00,1602317.38405,4496,762042.6,726432.52887
2026-03-20 18:40:00+00:00,0.9538,0.9557,0.9531,0.9543,529762.0,2026-03-20 18:44:59.999000+00:00,505787.4977,2100,321497.3,307017.69328
2026-03-20 18:45:00+00:00,0.9544,0.9568,0.9538,0.9547,612426.8,2026-03-20 18:49:59.999000+00:00,585074.38653,2349,290257.9,277338.42286
2026-03-20 18:50:00+00:00,0.9547,0.9571,0.954,0.9567,278225.5,2026-03-20 18:54:59.999000+00:00,265939.05287,1352,158774.3,151758.03771
2026-03-20 18:55:00+00:00,0.9566,0.9575,0.9547,0.9554,338530.2,2026-03-20 18:59:59.999000+00:00,323545.04144,1375,155880.7,148993.41882
2026-03-20 19:00:00+00:00,0.9555,0.9574,0.9555,0.9565,320849.9,2026-03-20 19:04:59.999000+00:00,306936.75844,1723,136415.3,130510.3125
2026-03-20 19:05:00+00:00,0.9565,0.957,0.9544,0.956,209419.7,2026-03-20 19:09:59.999000+00:00,200148.16192,1377,107772.9,103005.63947
2026-03-20 19:10:00+00:00,0.9561,0.9568,0.9541,0.9556,269631.9,2026-03-20 19:14:59.999000+00:00,257532.94408,1263,132260.2,126328.84825
2026-03-20 19:15:00+00:00,0.9556,0.9556,0.9536,0.9552,466513.9,2026-03-20 19:19:59.999000+00:00,445363.68828,1602,237458.2,226672.93317
2026-03-20 19:20:00+00:00,0.9551,0.9556,0.9517,0.9523,502804.0,2026-03-20 19:24:59.999000+00:00,479403.3519,1689,227159.0,216535.25255
2026-03-20 19:25:00+00:00,0.9523,0.9539,0.9519,0.9532,223136.4,2026-03-20 19:29:59.999000+00:00,212630.5588,1036,100105.5,95380.86942
2026-03-20 19:30:00+00:00,0.9533,0.955,0.9509,0.9513,302762.2,2026-03-20 19:34:59.999000+00:00,288577.24947,1590,156612.8,149282.25401
2026-03-20 19:35:00+00:00,0.9513,0.9521,0.9481,0.9508,1270299.1,2026-03-20 19:39:59.999000+00:00,1206481.35352,3202,669315.6,635824.41051
2026-03-20 19:40:00+00:00,0.9509,0.9554,0.9506,0.9554,995967.0,2026-03-20 19:44:59.999000+00:00,948712.15547,2169,523504.7,499032.74297
2026-03-20 19:45:00+00:00,0.9553,0.9562,0.9546,0.9547,662035.0,2026-03-20 19:49:59.999000+00:00,632463.0274,1929,307939.1,294178.67501
2026-03-20 19:50:00+00:00,0.9548,0.9584,0.9546,0.9576,450493.5,2026-03-20 19:54:59.999000+00:00,430907.38198,1848,222214.4,212556.74224
2026-03-20 19:55:00+00:00,0.9576,0.9584,0.9571,0.9577,424747.7,2026-03-20 19:59:59.999000+00:00,406822.81903,1511,161169.5,154380.19391
2026-03-20 20:00:00+00:00,0.9577,0.959,0.9571,0.9572,487981.4,2026-03-20 20:04:59.999000+00:00,467503.85994,1945,315966.5,302710.88917
2026-03-20 20:05:00+00:00,0.9572,0.9582,0.9566,0.9573,197691.6,2026-03-20 20:09:59.999000+00:00,189267.60842,1512,86264.7,82597.90219
2026-03-20 20:10:00+00:00,0.9572,0.9587,0.9571,0.9582,206932.0,2026-03-20 20:14:59.999000+00:00,198252.70499,1285,124004.0,118807.14039
2026-03-20 20:15:00+00:00,0.9581,0.9585,0.9557,0.9565,307185.6,2026-03-20 20:19:59.999000+00:00,294105.00468,1450,72989.7,69858.08877
2026-03-20 20:20:00+00:00,0.9565,0.9565,0.9545,0.9558,206489.9,2026-03-20 20:24:59.999000+00:00,197287.81501,842,73905.5,70601.20735
2026-03-20 20:25:00+00:00,0.9558,0.9558,0.9543,0.9551,126502.2,2026-03-20 20:29:59.999000+00:00,120807.10787,791,68550.6,65463.49803
2026-03-20 20:30:00+00:00,0.9552,0.9554,0.9511,0.9521,643895.4,2026-03-20 20:34:59.999000+00:00,613465.43431,2175,126734.2,120679.64701
2026-03-20 20:35:00+00:00,0.9522,0.9546,0.9515,0.9537,316731.7,2026-03-20 20:39:59.999000+00:00,301715.81914,1355,130185.9,124023.34762
2026-03-20 20:40:00+00:00,0.9536,0.9555,0.9534,0.9551,922649.8,2026-03-20 20:44:59.999000+00:00,880924.48133,2010,787743.9,752134.55851
2026-03-20 20:45:00+00:00,0.9552,0.9568,0.9548,0.9567,297106.5,2026-03-20 20:49:59.999000+00:00,283958.37394,1290,178353.3,170455.74539
2026-03-20 20:50:00+00:00,0.9568,0.9583,0.9568,0.9575,185603.2,2026-03-20 20:54:59.999000+00:00,177752.02533,989,130449.2,124930.3324
2026-03-20 20:55:00+00:00,0.9574,0.9579,0.9569,0.9579,114411.8,2026-03-20 20:59:59.999000+00:00,109528.78958,623,45518.7,43577.69811
2026-03-20 21:00:00+00:00,0.9578,0.9582,0.9571,0.9579,240813.8,2026-03-20 21:04:59.999000+00:00,230612.32907,1003,87531.0,83824.36849
2026-03-20 21:05:00+00:00,0.9578,0.958,0.9565,0.9565,141319.9,2026-03-20 21:09:59.999000+00:00,135264.61836,920,71663.4,68591.37888
2026-03-20 21:10:00+00:00,0.9564,0.9575,0.9542,0.9572,478312.7,2026-03-20 21:14:59.999000+00:00,457112.47696,1577,347383.4,332007.58518
2026-03-20 21:15:00+00:00,0.9573,0.9662,0.9568,0.9655,1528747.8,2026-03-20 21:19:59.999000+00:00,1471640.02169,4465,1074677.8,1034168.85718
2026-03-20 21:20:00+00:00,0.9655,0.9661,0.9619,0.963,948480.2,2026-03-20 21:24:59.999000+00:00,914004.53386,2740,226892.1,218627.91207
2026-03-20 21:25:00+00:00,0.963,0.9645,0.962,0.964,554802.9,2026-03-20 21:29:59.999000+00:00,534586.52919,1421,417458.8,402313.73935
2026-03-20 21:30:00+00:00,0.964,0.9668,0.9629,0.9659,624907.4,2026-03-20 21:34:59.999000+00:00,603177.27115,2077,357694.5,345316.98805
2026-03-20 21:35:00+00:00,0.9659,0.9682,0.9648,0.9654,852817.4,2026-03-20 21:39:59.999000+00:00,824035.95572,2492,436450.3,421740.22833
2026-03-20 21:40:00+00:00,0.9654,0.9654,0.9624,0.9628,246639.4,2026-03-20 21:44:59.999000+00:00,237617.21343,1251,101829.1,98106.3254
2026-03-20 21:45:00+00:00,0.9627,0.965,0.9626,0.9646,812986.6,2026-03-20 21:49:59.999000+00:00,783904.28357,2517,591990.5,570858.73582
2026-03-20 21:50:00+00:00,0.9646,0.9655,0.9637,0.9646,134719.1,2026-03-20 21:54:59.999000+00:00,129978.60855,906,65633.7,63324.02227
2026-03-20 21:55:00+00:00,0.9645,0.966,0.9642,0.9655,343937.9,2026-03-20 21:59:59.999000+00:00,331952.69118,943,273811.7,264281.85623
2026-03-20 22:00:00+00:00,0.9655,0.9713,0.9655,0.9706,941958.9,2026-03-20 22:04:59.999000+00:00,912101.62582,3616,571305.5,553083.7011
2026-03-20 22:05:00+00:00,0.9706,0.9712,0.9691,0.9693,438453.0,2026-03-20 22:09:59.999000+00:00,425450.76022,2211,209527.9,203340.09046
2026-03-20 22:10:00+00:00,0.9693,0.9709,0.9679,0.9688,331233.7,2026-03-20 22:14:59.999000+00:00,320957.86502,1716,171280.8,165962.89332
2026-03-20 22:15:00+00:00,0.9688,0.9695,0.968,0.9684,538345.0,2026-03-20 22:19:59.999000+00:00,521474.89693,1817,201910.5,195641.71591
2026-03-20 22:20:00+00:00,0.9684,0.9691,0.9671,0.9675,265865.7,2026-03-20 22:24:59.999000+00:00,257269.04965,1406,163174.9,157880.57684
2026-03-20 22:25:00+00:00,0.9675,0.9683,0.9673,0.9679,199222.6,2026-03-20 22:29:59.999000+00:00,192809.16392,1113,118846.4,115018.1218
2026-03-20 22:30:00+00:00,0.9679,0.9684,0.9671,0.9671,199448.3,2026-03-20 22:34:59.999000+00:00,193033.72944,1244,85012.7,82282.70202
2026-03-20 22:35:00+00:00,0.9671,0.9693,0.9671,0.9691,349519.8,2026-03-20 22:39:59.999000+00:00,338393.73254,1357,229009.4,221705.72318
2026-03-20 22:40:00+00:00,0.969,0.9692,0.967,0.9676,331238.7,2026-03-20 22:44:59.999000+00:00,320612.51193,1490,154408.0,149469.46916
2026-03-20 22:45:00+00:00,0.9676,0.9689,0.9672,0.9689,260948.5,2026-03-20 22:49:59.999000+00:00,252571.65906,1310,116064.9,112325.62886
2026-03-20 22:50:00+00:00,0.9689,0.9697,0.9677,0.968,176297.8,2026-03-20 22:54:59.999000+00:00,170784.73158,1259,84184.4,81555.36865
2026-03-20 22:55:00+00:00,0.968,0.9686,0.9675,0.9675,90965.9,2026-03-20 22:59:59.999000+00:00,88069.32006,695,51475.3,49838.38993
2026-03-20 23:00:00+00:00,0.9676,0.9679,0.9648,0.9653,440676.2,2026-03-20 23:04:59.999000+00:00,425786.98327,1901,217967.0,210656.83884
2026-03-20 23:05:00+00:00,0.9652,0.9652,0.963,0.9631,297923.0,2026-03-20 23:09:59.999000+00:00,287112.02543,1823,109956.6,105967.11711
2026-03-20 23:10:00+00:00,0.9632,0.964,0.9625,0.9626,243153.4,2026-03-20 23:14:59.999000+00:00,234189.07788,1473,128460.5,123734.82739
2026-03-20 23:15:00+00:00,0.9626,0.964,0.961,0.9639,310540.9,2026-03-20 23:19:59.999000+00:00,298871.87042,1685,178943.2,172263.11504
2026-03-20 23:20:00+00:00,0.9638,0.9641,0.9634,0.9639,207308.8,2026-03-20 23:24:59.999000+00:00,199803.64851,685,122034.8,117623.41704
2026-03-20 23:25:00+00:00,0.964,0.9646,0.9634,0.9641,84974.9,2026-03-20 23:29:59.999000+00:00,81921.52259,625,44258.8,42663.89523
2026-03-20 23:30:00+00:00,0.9641,0.9655,0.9637,0.9647,185611.3,2026-03-20 23:34:59.999000+00:00,179057.25005,871,130096.6,125505.07432
2026-03-20 23:35:00+00:00,0.9647,0.9656,0.9646,0.965,88250.6,2026-03-20 23:39:59.999000+00:00,85176.73584,615,42477.9,40997.11809
2026-03-20 23:40:00+00:00,0.9649,0.9661,0.9648,0.9652,114699.1,2026-03-20 23:44:59.999000+00:00,110729.38084,732,79953.1,77186.42814
2026-03-20 23:45:00+00:00,0.9653,0.9682,0.9653,0.9679,1243816.6,2026-03-20 23:49:59.999000+00:00,1202950.65237,3661,1074810.9,1039484.839
2026-03-20 23:50:00+00:00,0.9679,0.968,0.9666,0.9667,272998.4,2026-03-20 23:54:59.999000+00:00,264077.99178,727,111184.8,107567.68689
2026-03-20 23:55:00+00:00,0.9667,0.9678,0.9667,0.9676,112995.4,2026-03-20 23:59:59.999000+00:00,109293.61433,568,88542.8,85640.91474
2026-03-21 00:00:00+00:00,0.9675,0.968,0.9671,0.9671,429382.8,2026-03-21 00:04:59.999000+00:00,415474.82451,1663,203436.4,196849.25841
2026-03-21 00:05:00+00:00,0.9671,0.9678,0.9665,0.967,258319.8,2026-03-21 00:09:59.999000+00:00,249824.99563,1488,155218.3,150109.95296
2026-03-21 00:10:00+00:00,0.967,0.968,0.9664,0.9679,244420.5,2026-03-21 00:14:59.999000+00:00,236356.47243,1292,161857.0,156525.48552
2026-03-21 00:15:00+00:00,0.968,0.9688,0.9669,0.9688,333587.0,2026-03-21 00:19:59.999000+00:00,322785.95851,1593,178558.0,172789.70837
2026-03-21 00:20:00+00:00,0.9688,0.9708,0.9686,0.9692,569866.3,2026-03-21 00:24:59.999000+00:00,552462.79274,1420,169772.3,164563.89222
2026-03-21 00:25:00+00:00,0.9692,0.9699,0.9685,0.9686,173323.4,2026-03-21 00:29:59.999000+00:00,168022.16286,565,113404.0,109943.40545
2026-03-21 00:30:00+00:00,0.9686,0.9694,0.9677,0.9689,328954.1,2026-03-21 00:34:59.999000+00:00,318548.28419,977,169637.0,164286.3603
2026-03-21 00:35:00+00:00,0.9688,0.9698,0.9687,0.9689,236470.2,2026-03-21 00:39:59.999000+00:00,229166.95703,830,157714.5,152846.00313
2026-03-21 00:40:00+00:00,0.9688,0.9688,0.9668,0.9671,201370.4,2026-03-21 00:44:59.999000+00:00,194827.9306,847,63181.5,61122.87734
2026-03-21 00:45:00+00:00,0.9671,0.9672,0.9658,0.9663,141844.4,2026-03-21 00:49:59.999000+00:00,137087.56629,752,73030.2,70583.44885
2026-03-21 00:50:00+00:00,0.9664,0.9677,0.9664,0.9673,136398.3,2026-03-21 00:54:59.999000+00:00,131890.556,641,79199.9,76579.90941
2026-03-21 00:55:00+00:00,0.9672,0.9682,0.9672,0.9679,81402.7,2026-03-21 00:59:59.999000+00:00,78787.49362,505,59206.9,57305.03353
2026-03-21 01:00:00+00:00,0.9679,0.9697,0.9679,0.9686,241459.1,2026-03-21 01:04:59.999000+00:00,233916.86516,1225,139260.5,134898.67169
2026-03-21 01:05:00+00:00,0.9687,0.9701,0.9686,0.9695,199217.4,2026-03-21 01:09:59.999000+00:00,193146.67037,953,112314.4,108890.04527
2026-03-21 01:10:00+00:00,0.9696,0.9712,0.9681,0.9682,239932.2,2026-03-21 01:14:59.999000+00:00,232655.57011,1355,118668.7,115113.00275
2026-03-21 01:15:00+00:00,0.9682,0.9684,0.9664,0.9668,166700.1,2026-03-21 01:19:59.999000+00:00,161246.60909,927,60205.3,58214.07218
2026-03-21 01:20:00+00:00,0.9668,0.9678,0.9665,0.9668,430002.8,2026-03-21 01:24:59.999000+00:00,415912.40739,935,319485.2,309029.93234
2026-03-21 01:25:00+00:00,0.9667,0.9672,0.966,0.9661,174753.1,2026-03-21 01:29:59.999000+00:00,168933.44662,598,72028.9,69638.93315
2026-03-21 01:30:00+00:00,0.966,0.9663,0.9633,0.9646,769744.8,2026-03-21 01:34:59.999000+00:00,742351.90392,2735,204657.5,197486.04656
2026-03-21 01:35:00+00:00,0.9646,0.9654,0.9646,0.9652,152159.7,2026-03-21 01:39:59.999000+00:00,146820.00254,928,69762.8,67315.78698
2026-03-21 01:40:00+00:00,0.9652,0.9653,0.9638,0.964,122244.5,2026-03-21 01:44:59.999000+00:00,117910.23331,798,57600.5,55559.90726
2026-03-21 01:45:00+00:00,0.964,0.9653,0.9632,0.9643,164817.2,2026-03-21 01:49:59.999000+00:00,158909.86427,1055,70162.7,67646.87639
2026-03-21 01:50:00+00:00,0.9643,0.9651,0.9639,0.9642,105090.6,2026-03-21 01:54:59.999000+00:00,101347.99069,537,29067.1,28035.63389
2026-03-21 01:55:00+00:00,0.9642,0.9649,0.9639,0.964,67519.0,2026-03-21 01:59:59.999000+00:00,65114.27848,536,29137.6,28100.98705
2026-03-21 02:00:00+00:00,0.9639,0.9648,0.9628,0.9637,336964.2,2026-03-21 02:04:59.999000+00:00,324734.35877,1627,172494.3,166274.3471
2026-03-21 02:05:00+00:00,0.9638,0.9646,0.9633,0.9642,168149.3,2026-03-21 02:09:59.999000+00:00,162094.03084,901,64386.7,62066.47566
2026-03-21 02:10:00+00:00,0.9642,0.9643,0.9628,0.9634,155142.7,2026-03-21 02:14:59.999000+00:00,149510.22596,643,24683.3,23781.86459
2026-03-21 02:15:00+00:00,0.9633,0.9654,0.9633,0.9649,205432.7,2026-03-21 02:19:59.999000+00:00,198133.37439,840,75784.7,73082.26249
2026-03-21 02:20:00+00:00,0.965,0.9658,0.9648,0.9654,145399.9,2026-03-21 02:24:59.999000+00:00,140350.1306,607,60408.3,58308.20256
2026-03-21 02:25:00+00:00,0.9655,0.9675,0.9654,0.9668,226425.4,2026-03-21 02:29:59.999000+00:00,218807.90282,748,146453.9,141519.24221
2026-03-21 02:30:00+00:00,0.9668,0.9672,0.9664,0.9671,165556.0,2026-03-21 02:34:59.999000+00:00,160060.35886,1017,76179.8,73644.9829
2026-03-21 02:35:00+00:00,0.9671,0.9674,0.966,0.9674,163095.0,2026-03-21 02:39:59.999000+00:00,157652.19493,741,85600.3,82751.25008
2026-03-21 02:40:00+00:00,0.9674,0.969,0.9674,0.9686,353880.6,2026-03-21 02:44:59.999000+00:00,342747.63702,1047,236497.5,229047.57744
2026-03-21 02:45:00+00:00,0.9687,0.9692,0.9681,0.9687,216134.2,2026-03-21 02:49:59.999000+00:00,209370.31035,863,101863.6,98668.3165
2026-03-21 02:50:00+00:00,0.9687,0.9696,0.9684,0.9691,192780.3,2026-03-21 02:54:59.999000+00:00,186801.91674,730,98679.4,95621.71335
2026-03-21 02:55:00+00:00,0.969,0.969,0.9677,0.9681,121060.0,2026-03-21 02:59:59.999000+00:00,117227.23571,659,46418.6,44948.20928
2026-03-21 03:00:00+00:00,0.968,0.9684,0.9663,0.9664,154111.7,2026-03-21 03:04:59.999000+00:00,149083.71851,1111,64183.3,62098.09453
2026-03-21 03:05:00+00:00,0.9664,0.9672,0.9664,0.9671,121366.6,2026-03-21 03:09:59.999000+00:00,117325.05171,638,101468.7,98084.38417
2026-03-21 03:10:00+00:00,0.9671,0.9679,0.9661,0.9665,91028.4,2026-03-21 03:14:59.999000+00:00,88036.82156,806,34449.9,33316.99625
2026-03-21 03:15:00+00:00,0.9664,0.9664,0.9656,0.9659,116912.7,2026-03-21 03:19:59.999000+00:00,112943.95571,725,45353.9,43817.91148
2026-03-21 03:20:00+00:00,0.966,0.9666,0.9655,0.9662,179597.7,2026-03-21 03:24:59.999000+00:00,173469.17153,664,31512.8,30445.40364
2026-03-21 03:25:00+00:00,0.9662,0.9671,0.9661,0.9663,79665.7,2026-03-21 03:29:59.999000+00:00,77011.68476,603,29942.3,28948.48118
2026-03-21 03:30:00+00:00,0.9662,0.9664,0.9656,0.9661,88177.1,2026-03-21 03:34:59.999000+00:00,85177.2452,563,54655.1,52794.53352
2026-03-21 03:35:00+00:00,0.966,0.9666,0.9658,0.9663,99162.5,2026-03-21 03:39:59.999000+00:00,95809.0975,492,65932.2,63702.08164
2026-03-21 03:40:00+00:00,0.9664,0.967,0.9664,0.9667,85481.6,2026-03-21 03:44:59.999000+00:00,82638.12011,446,60608.6,58592.45827
2026-03-21 03:45:00+00:00,0.9666,0.9668,0.9663,0.9663,103327.6,2026-03-21 03:49:59.999000+00:00,99876.63466,471,23923.1,23125.19815
2026-03-21 03:50:00+00:00,0.9662,0.9669,0.9657,0.9661,73927.6,2026-03-21 03:54:59.999000+00:00,71428.67522,576,41559.8,40154.80836
2026-03-21 03:55:00+00:00,0.966,0.9665,0.9658,0.9661,108494.8,2026-03-21 03:59:59.999000+00:00,104815.85499,564,38187.0,36893.33517
2026-03-21 04:00:00+00:00,0.9661,0.9677,0.9661,0.9676,188621.7,2026-03-21 04:04:59.999000+00:00,182382.67074,1137,144552.6,139773.20873
2026-03-21 04:05:00+00:00,0.9677,0.9692,0.9674,0.9678,245729.5,2026-03-21 04:09:59.999000+00:00,237995.58723,1248,109521.8,106071.48396
2026-03-21 04:10:00+00:00,0.9678,0.9681,0.9669,0.9671,180084.2,2026-03-21 04:14:59.999000+00:00,174237.37375,786,66772.1,64606.33141
2026-03-21 04:15:00+00:00,0.9671,0.9683,0.9669,0.9671,145064.1,2026-03-21 04:19:59.999000+00:00,140362.1688,869,77290.5,74793.80713
2026-03-21 04:20:00+00:00,0.9671,0.9677,0.9668,0.9673,58505.0,2026-03-21 04:24:59.999000+00:00,56586.14699,526,30379.4,29383.32816
2026-03-21 04:25:00+00:00,0.9673,0.9684,0.9673,0.9674,85818.3,2026-03-21 04:29:59.999000+00:00,83057.66078,669,35935.1,34781.36061
2026-03-21 04:30:00+00:00,0.9673,0.9673,0.9638,0.9643,327739.0,2026-03-21 04:34:59.999000+00:00,316161.98267,1475,68814.2,66367.69266
2026-03-21 04:35:00+00:00,0.9642,0.9648,0.9638,0.9645,261636.9,2026-03-21 04:39:59.999000+00:00,252311.96422,761,69596.2,67112.8546
2026-03-21 04:40:00+00:00,0.9646,0.9649,0.9643,0.9648,141444.9,2026-03-21 04:44:59.999000+00:00,136426.6969,682,79607.0,76782.09908
2026-03-21 04:45:00+00:00,0.9647,0.965,0.9642,0.9643,112313.5,2026-03-21 04:49:59.999000+00:00,108343.227,561,44052.0,42498.17792
2026-03-21 04:50:00+00:00,0.9644,0.9649,0.9642,0.9645,126123.0,2026-03-21 04:54:59.999000+00:00,121640.90864,543,49521.7,47765.73128
2026-03-21 04:55:00+00:00,0.9646,0.9651,0.9646,0.9647,47359.7,2026-03-21 04:59:59.999000+00:00,45695.91209,361,30288.7,29224.5709
2026-03-21 05:00:00+00:00,0.9647,0.9671,0.9646,0.9662,252824.6,2026-03-21 05:04:59.999000+00:00,244261.25456,1217,160447.9,155008.75852
2026-03-21 05:05:00+00:00,0.9662,0.9669,0.9661,0.9664,222430.8,2026-03-21 05:09:59.999000+00:00,214960.92017,812,58715.5,56742.85496
2026-03-21 05:10:00+00:00,0.9665,0.9665,0.966,0.9663,83220.7,2026-03-21 05:14:59.999000+00:00,80405.1761,507,45468.4,43930.57221
2026-03-21 05:15:00+00:00,0.9663,0.9675,0.9663,0.9672,112992.2,2026-03-21 05:19:59.999000+00:00,109275.93918,692,70381.9,68066.95955
2026-03-21 05:20:00+00:00,0.9672,0.9687,0.9671,0.9682,136223.9,2026-03-21 05:24:59.999000+00:00,131861.65582,705,99725.5,96531.48445
2026-03-21 05:25:00+00:00,0.9682,0.9687,0.9681,0.9687,111798.3,2026-03-21 05:29:59.999000+00:00,108250.47769,558,77573.0,75111.97618
2026-03-21 05:30:00+00:00,0.9687,0.9708,0.9686,0.9706,505378.9,2026-03-21 05:34:59.999000+00:00,490051.67582,1585,311660.7,302218.9796
2026-03-21 05:35:00+00:00,0.9706,0.9713,0.9686,0.9686,297033.7,2026-03-21 05:39:59.999000+00:00,288319.33319,1122,168554.1,163654.93645
2026-03-21 05:40:00+00:00,0.9686,0.969,0.9681,0.9682,195818.6,2026-03-21 05:44:59.999000+00:00,189648.74033,914,67221.2,65106.21597
2026-03-21 05:45:00+00:00,0.9682,0.9688,0.9678,0.9679,112002.2,2026-03-21 05:49:59.999000+00:00,108436.54856,652,57888.5,56046.28351
2026-03-21 05:50:00+00:00,0.9679,0.9681,0.9673,0.968,78065.0,2026-03-21 05:54:59.999000+00:00,75543.86867,441,48794.9,47219.6489
2026-03-21 05:55:00+00:00,0.968,0.9683,0.9676,0.9677,58627.1,2026-03-21 05:59:59.999000+00:00,56749.98851,373,28251.9,27346.66962
2026-03-21 06:00:00+00:00,0.9676,0.9685,0.9669,0.9672,214572.1,2026-03-21 06:04:59.999000+00:00,207615.99597,1159,143963.2,139297.11362
2026-03-21 06:05:00+00:00,0.9672,0.9679,0.9671,0.9671,158986.4,2026-03-21 06:09:59.999000+00:00,153805.17769,984,118386.3,114528.52702
2026-03-21 06:10:00+00:00,0.9671,0.9673,0.9665,0.9667,184791.0,2026-03-21 06:14:59.999000+00:00,178676.13351,816,106446.0,102929.52512
2026-03-21 06:15:00+00:00,0.9667,0.9678,0.9666,0.9675,172581.5,2026-03-21 06:19:59.999000+00:00,166905.16938,781,108978.0,105389.76595
2026-03-21 06:20:00+00:00,0.9675,0.9679,0.9667,0.9679,71540.8,2026-03-21 06:24:59.999000+00:00,69195.64064,525,36453.7,35260.79813
2026-03-21 06:25:00+00:00,0.9678,0.9689,0.9672,0.9688,204683.7,2026-03-21 06:29:59.999000+00:00,198138.88385,814,109108.0,105633.84383
2026-03-21 06:30:00+00:00,0.9688,0.9701,0.9681,0.9693,507837.7,2026-03-21 06:34:59.999000+00:00,492217.96209,1298,330939.4,320780.58964
2026-03-21 06:35:00+00:00,0.9693,0.9694,0.9682,0.9682,140114.3,2026-03-21 06:39:59.999000+00:00,135759.18048,593,38747.8,37547.77249
2026-03-21 06:40:00+00:00,0.9682,0.9692,0.9682,0.9683,102624.5,2026-03-21 06:44:59.999000+00:00,99417.45596,692,61811.6,59880.81718
2026-03-21 06:45:00+00:00,0.9682,0.9682,0.9669,0.9673,208973.4,2026-03-21 06:49:59.999000+00:00,202195.55053,937,55524.4,53721.22013
2026-03-21 06:50:00+00:00,0.9673,0.9676,0.9668,0.9669,109935.8,2026-03-21 06:54:59.999000+00:00,106341.18905,492,57425.3,55549.6418
2026-03-21 06:55:00+00:00,0.9668,0.967,0.9664,0.9669,322760.1,2026-03-21 06:59:59.999000+00:00,312008.88079,528,246531.4,238324.76556
2026-03-21 07:00:00+00:00,0.9668,0.9679,0.9667,0.9675,249894.4,2026-03-21 07:04:59.999000+00:00,241723.52255,1049,103119.3,99737.21301
2026-03-21 07:05:00+00:00,0.9676,0.9677,0.9662,0.9662,125503.0,2026-03-21 07:09:59.999000+00:00,121318.81285,929,34576.8,33427.17958
2026-03-21 07:10:00+00:00,0.9662,0.9664,0.9647,0.965,475295.9,2026-03-21 07:14:59.999000+00:00,458818.02754,1678,147040.5,141964.63842
2026-03-21 07:15:00+00:00,0.9649,0.9679,0.9646,0.9673,611232.1,2026-03-21 07:19:59.999000+00:00,590757.69145,1660,467254.1,451672.22639
2026-03-21 07:20:00+00:00,0.9673,0.9677,0.9665,0.967,116709.0,2026-03-21 07:24:59.999000+00:00,112861.43418,691,59070.6,57123.87819
2026-03-21 07:25:00+00:00,0.9669,0.9676,0.9667,0.9668,166779.3,2026-03-21 07:29:59.999000+00:00,161302.43761,1071,101723.2,98386.68321
2026-03-21 07:30:00+00:00,0.9667,0.9671,0.9656,0.9657,113218.4,2026-03-21 07:34:59.999000+00:00,109395.20787,698,39866.6,38521.92774
2026-03-21 07:35:00+00:00,0.9657,0.9657,0.9636,0.9637,327594.8,2026-03-21 07:39:59.999000+00:00,315912.04042,1158,194339.4,187397.06315
2026-03-21 07:40:00+00:00,0.9637,0.9642,0.9634,0.9635,263696.3,2026-03-21 07:44:59.999000+00:00,254164.5225,950,126904.9,122327.60965
2026-03-21 07:45:00+00:00,0.9634,0.9636,0.9611,0.9627,787321.5,2026-03-21 07:49:59.999000+00:00,757603.91243,2009,318364.7,306462.94987
2026-03-21 07:50:00+00:00,0.9628,0.9633,0.9618,0.9633,324243.2,2026-03-21 07:54:59.999000+00:00,312087.51719,1135,232350.7,223638.4969
2026-03-21 07:55:00+00:00,0.9633,0.9634,0.9625,0.9629,110447.9,2026-03-21 07:59:59.999000+00:00,106340.71256,607,37588.5,36191.61724
2026-03-21 08:00:00+00:00,0.9629,0.9635,0.9625,0.9632,221288.5,2026-03-21 08:04:59.999000+00:00,213089.96399,1152,135498.5,130484.59727
2026-03-21 08:05:00+00:00,0.9631,0.9639,0.9629,0.9631,167415.0,2026-03-21 08:09:59.999000+00:00,161275.84698,1059,87049.5,83860.63277
2026-03-21 08:10:00+00:00,0.9631,0.964,0.963,0.9634,132946.4,2026-03-21 08:14:59.999000+00:00,128084.46154,863,98193.3,94599.6918
2026-03-21 08:15:00+00:00,0.9633,0.9636,0.9623,0.9625,269508.2,2026-03-21 08:19:59.999000+00:00,259492.69301,1047,162312.0,156279.76095
2026-03-21 08:20:00+00:00,0.9626,0.9634,0.9624,0.963,222969.6,2026-03-21 08:24:59.999000+00:00,214678.65313,819,110186.4,106096.19749
2026-03-21 08:25:00+00:00,0.963,0.9631,0.9625,0.9629,185233.4,2026-03-21 08:29:59.999000+00:00,178346.00012,627,96893.6,93292.61514
2026-03-21 08:30:00+00:00,0.9628,0.9642,0.9622,0.9638,474887.0,2026-03-21 08:34:59.999000+00:00,457397.22517,1320,269648.2,259834.87198
2026-03-21 08:35:00+00:00,0.9638,0.9641,0.9636,0.9639,146432.0,2026-03-21 08:39:59.999000+00:00,141142.08842,663,80543.1,77634.49672
2026-03-21 08:40:00+00:00,0.964,0.9646,0.9637,0.9646,143597.7,2026-03-21 08:44:59.999000+00:00,138458.48173,609,108392.0,104507.84839
2026-03-21 08:45:00+00:00,0.9645,0.965,0.9638,0.9642,140454.3,2026-03-21 08:49:59.999000+00:00,135466.96675,741,94655.5,91297.45105
2026-03-21 08:50:00+00:00,0.9642,0.9645,0.9635,0.9639,227532.2,2026-03-21 08:54:59.999000+00:00,219367.68239,752,119791.7,115494.11741
2026-03-21 08:55:00+00:00,0.9639,0.9644,0.9638,0.9644,58333.6,2026-03-21 08:59:59.999000+00:00,56234.09467,319,29015.4,27973.44957
2026-03-21 09:00:00+00:00,0.9643,0.9662,0.9639,0.966,278351.7,2026-03-21 09:04:59.999000+00:00,268639.19411,1076,210807.6,203473.16689
2026-03-21 09:05:00+00:00,0.9659,0.9679,0.9659,0.9665,490843.9,2026-03-21 09:09:59.999000+00:00,474630.7869,1839,309383.3,299142.17208
2026-03-21 09:10:00+00:00,0.9665,0.9667,0.9658,0.9665,154668.8,2026-03-21 09:14:59.999000+00:00,149446.13631,749,86202.8,83291.6124
2026-03-21 09:15:00+00:00,0.9664,0.9664,0.9647,0.9649,262397.9,2026-03-21 09:19:59.999000+00:00,253300.86982,947,106180.3,102474.35329
2026-03-21 09:20:00+00:00,0.965,0.9652,0.9647,0.965,107328.0,2026-03-21 09:24:59.999000+00:00,103558.68537,489,39210.2,37834.2846
2026-03-21 09:25:00+00:00,0.9649,0.965,0.9643,0.9644,82013.8,2026-03-21 09:29:59.999000+00:00,79109.27284,435,28894.4,27871.62975
2026-03-21 09:30:00+00:00,0.9644,0.9644,0.9628,0.9632,192024.3,2026-03-21 09:34:59.999000+00:00,184987.43457,847,76755.8,73932.049
2026-03-21 09:35:00+00:00,0.9632,0.9638,0.9627,0.9635,227435.1,2026-03-21 09:39:59.999000+00:00,219057.5922,855,89616.9,86325.33402
2026-03-21 09:40:00+00:00,0.9635,0.9638,0.9629,0.9631,421325.6,2026-03-21 09:44:59.999000+00:00,405953.37709,622,65409.5,63010.98714
2026-03-21 09:45:00+00:00,0.9631,0.9635,0.9625,0.9631,146836.4,2026-03-21 09:49:59.999000+00:00,141409.25892,673,73078.6,70378.76417
2026-03-21 09:50:00+00:00,0.9631,0.9639,0.9623,0.963,284281.9,2026-03-21 09:54:59.999000+00:00,273774.86884,766,96511.5,92949.96144
2026-03-21 09:55:00+00:00,0.9629,0.9641,0.9628,0.9637,76509.1,2026-03-21 09:59:59.999000+00:00,73716.51252,443,64677.3,62321.4032
2026-03-21 10:00:00+00:00,0.9637,0.9641,0.9628,0.9635,309610.7,2026-03-21 10:04:59.999000+00:00,298318.50379,1073,129698.1,124984.2855
2026-03-21 10:05:00+00:00,0.9635,0.9635,0.9621,0.9628,164663.3,2026-03-21 10:09:59.999000+00:00,158511.41913,1000,71936.0,69238.29524
2026-03-21 10:10:00+00:00,0.9629,0.9629,0.9608,0.961,421912.8,2026-03-21 10:14:59.999000+00:00,405762.78792,1167,146326.4,140761.95618
2026-03-21 10:15:00+00:00,0.961,0.9614,0.9598,0.9604,514530.4,2026-03-21 10:19:59.999000+00:00,494206.23614,1255,148050.2,142227.06845
2026-03-21 10:20:00+00:00,0.9604,0.9609,0.96,0.9607,281901.4,2026-03-21 10:24:59.999000+00:00,270734.67084,774,141839.3,136221.61312
2026-03-21 10:25:00+00:00,0.9606,0.961,0.9603,0.9609,150193.4,2026-03-21 10:29:59.999000+00:00,144280.56763,741,66722.9,64098.2575
2026-03-21 10:30:00+00:00,0.9609,0.9615,0.9608,0.9609,242247.1,2026-03-21 10:34:59.999000+00:00,232836.13301,672,140582.8,135116.91202
2026-03-21 10:35:00+00:00,0.961,0.9618,0.961,0.9618,138785.4,2026-03-21 10:39:59.999000+00:00,133436.64269,548,104667.4,100634.49592
2026-03-21 10:40:00+00:00,0.9617,0.9625,0.9616,0.9623,217416.6,2026-03-21 10:44:59.999000+00:00,209163.38291,717,135118.6,129992.61971
2026-03-21 10:45:00+00:00,0.9623,0.9623,0.9609,0.9613,116263.7,2026-03-21 10:49:59.999000+00:00,111795.58361,626,28042.4,26957.40201
2026-03-21 10:50:00+00:00,0.9613,0.9616,0.9613,0.9615,50580.1,2026-03-21 10:54:59.999000+00:00,48632.73969,359,28271.1,27183.08373
2026-03-21 10:55:00+00:00,0.9614,0.9618,0.9614,0.9618,67244.4,2026-03-21 10:59:59.999000+00:00,64666.57859,321,56028.5,53880.93209
2026-03-21 11:00:00+00:00,0.9618,0.9618,0.9614,0.9617,167653.8,2026-03-21 11:04:59.999000+00:00,161209.11679,628,102489.6,98551.75254
2026-03-21 11:05:00+00:00,0.9616,0.9616,0.9609,0.9612,123677.4,2026-03-21 11:09:59.999000+00:00,118887.34418,816,58999.8,56713.79254
2026-03-21 11:10:00+00:00,0.9611,0.9613,0.9601,0.9605,122157.7,2026-03-21 11:14:59.999000+00:00,117369.69714,581,34231.1,32890.71743
2026-03-21 11:15:00+00:00,0.9604,0.9612,0.96,0.961,265253.8,2026-03-21 11:19:59.999000+00:00,254765.69147,871,83281.9,80009.16923
2026-03-21 11:20:00+00:00,0.961,0.9614,0.9608,0.9613,119702.2,2026-03-21 11:24:59.999000+00:00,115053.68574,393,96776.7,93019.5988
2026-03-21 11:25:00+00:00,0.9613,0.9626,0.9613,0.9621,151472.7,2026-03-21 11:29:59.999000+00:00,145716.73598,628,99670.0,95877.67466
2026-03-21 11:30:00+00:00,0.962,0.962,0.9603,0.9609,76014.5,2026-03-21 11:34:59.999000+00:00,73049.33305,635,42391.7,40735.43806
2026-03-21 11:35:00+00:00,0.9609,0.9614,0.9605,0.9609,107231.9,2026-03-21 11:39:59.999000+00:00,103048.59285,618,50222.1,48261.92848
2026-03-21 11:40:00+00:00,0.9609,0.9615,0.9606,0.9608,164878.7,2026-03-21 11:44:59.999000+00:00,158459.55324,647,76229.7,73267.59123
2026-03-21 11:45:00+00:00,0.9608,0.9612,0.9603,0.9608,149761.2,2026-03-21 11:49:59.999000+00:00,143867.09672,619,42114.6,40458.61981
2026-03-21 11:50:00+00:00,0.9607,0.9608,0.96,0.96,173025.6,2026-03-21 11:54:59.999000+00:00,166152.35045,566,118066.5,113376.18198
2026-03-21 11:55:00+00:00,0.96,0.9608,0.96,0.9605,89113.7,2026-03-21 11:59:59.999000+00:00,85584.70373,452,42712.3,41022.32095
2026-03-21 12:00:00+00:00,0.9605,0.9615,0.9602,0.9614,283394.7,2026-03-21 12:04:59.999000+00:00,272212.31146,1183,199038.7,191193.89523
2026-03-21 12:05:00+00:00,0.9614,0.9615,0.9591,0.9605,220984.8,2026-03-21 12:09:59.999000+00:00,212162.62924,1285,64986.2,62402.59466
2026-03-21 12:10:00+00:00,0.9606,0.9613,0.9603,0.9611,185956.5,2026-03-21 12:14:59.999000+00:00,178675.51643,871,142094.9,136541.79749
2026-03-21 12:15:00+00:00,0.9611,0.9611,0.9604,0.9609,118590.8,2026-03-21 12:19:59.999000+00:00,113936.16946,700,65216.5,62653.60021
2026-03-21 12:20:00+00:00,0.9609,0.962,0.9609,0.9613,227144.3,2026-03-21 12:24:59.999000+00:00,218408.9883,721,137132.5,131874.88576
2026-03-21 12:25:00+00:00,0.9613,0.9618,0.9611,0.9614,251253.7,2026-03-21 12:29:59.999000+00:00,241564.61591,613,142552.3,137066.05913
2026-03-21 12:30:00+00:00,0.9613,0.9614,0.9602,0.9604,156852.0,2026-03-21 12:34:59.999000+00:00,150688.61331,697,42120.5,40460.72526
2026-03-21 12:35:00+00:00,0.9604,0.9617,0.9604,0.9615,134223.6,2026-03-21 12:39:59.999000+00:00,129037.57111,691,51813.4,49802.13784
2026-03-21 12:40:00+00:00,0.9614,0.9614,0.9606,0.9607,75293.6,2026-03-21 12:44:59.999000+00:00,72363.25773,400,13128.4,12619.02577
2026-03-21 12:45:00+00:00,0.9606,0.9611,0.9596,0.96,146061.4,2026-03-21 12:49:59.999000+00:00,140273.86609,880,48714.0,46795.67893
2026-03-21 12:50:00+00:00,0.9599,0.9605,0.9597,0.9604,55528.2,2026-03-21 12:54:59.999000+00:00,53321.35819,410,33218.3,31898.26641
2026-03-21 12:55:00+00:00,0.9603,0.961,0.9603,0.961,89852.3,2026-03-21 12:59:59.999000+00:00,86330.25666,416,66653.8,64040.68764
2026-03-21 13:00:00+00:00,0.9609,0.9615,0.9609,0.9609,113186.1,2026-03-21 13:04:59.999000+00:00,108800.21085,675,36391.3,34986.32758
2026-03-21 13:05:00+00:00,0.961,0.9611,0.9607,0.961,152276.9,2026-03-21 13:09:59.999000+00:00,146318.29668,859,93759.5,90093.21026
2026-03-21 13:10:00+00:00,0.961,0.9612,0.9609,0.961,118790.1,2026-03-21 13:14:59.999000+00:00,114161.81633,511,62984.2,60531.44956
2026-03-21 13:15:00+00:00,0.9609,0.9615,0.9605,0.9612,258038.6,2026-03-21 13:19:59.999000+00:00,247985.42987,905,90079.3,86568.01494
2026-03-21 13:20:00+00:00,0.9612,0.9612,0.9603,0.9606,207589.7,2026-03-21 13:24:59.999000+00:00,199441.98676,724,126875.9,121898.50775
2026-03-21 13:25:00+00:00,0.9605,0.9607,0.9592,0.9596,149844.5,2026-03-21 13:29:59.999000+00:00,143858.78621,620,30857.2,29631.93405
2026-03-21 13:30:00+00:00,0.9595,0.9603,0.9588,0.9598,415139.0,2026-03-21 13:34:59.999000+00:00,398313.55741,1325,244041.8,234167.15339
2026-03-21 13:35:00+00:00,0.9598,0.9599,0.9583,0.9583,235096.9,2026-03-21 13:39:59.999000+00:00,225461.56147,835,81666.5,78328.95854
2026-03-21 13:40:00+00:00,0.9584,0.9594,0.9583,0.959,217208.8,2026-03-21 13:44:59.999000+00:00,208301.98397,729,146694.8,140675.44013
2026-03-21 13:45:00+00:00,0.959,0.9594,0.9584,0.9593,170410.7,2026-03-21 13:49:59.999000+00:00,163387.92427,756,88443.4,84803.88525
2026-03-21 13:50:00+00:00,0.9593,0.9607,0.9592,0.9605,255169.9,2026-03-21 13:54:59.999000+00:00,244990.95374,647,213219.4,204712.02727
2026-03-21 13:55:00+00:00,0.9606,0.9606,0.96,0.9601,166325.0,2026-03-21 13:59:59.999000+00:00,159727.45157,530,47124.2,45256.68165
2026-03-21 14:00:00+00:00,0.96,0.961,0.96,0.9608,209308.5,2026-03-21 14:04:59.999000+00:00,201048.65669,962,152885.8,146852.75557
2026-03-21 14:05:00+00:00,0.9609,0.9619,0.9604,0.9618,593790.6,2026-03-21 14:09:59.999000+00:00,570626.32055,1212,265191.8,254908.00983
2026-03-21 14:10:00+00:00,0.9618,0.968,0.9618,0.9658,1310314.8,2026-03-21 14:14:59.999000+00:00,1264846.28367,3856,756252.6,730258.86063
2026-03-21 14:15:00+00:00,0.9659,0.9663,0.9641,0.9658,638635.3,2026-03-21 14:19:59.999000+00:00,616519.49883,2174,324662.8,313395.48939
2026-03-21 14:20:00+00:00,0.9658,0.9658,0.9647,0.9648,319542.9,2026-03-21 14:24:59.999000+00:00,308370.36082,983,146577.2,141459.91151
2026-03-21 14:25:00+00:00,0.9648,0.9651,0.9637,0.9642,347626.9,2026-03-21 14:29:59.999000+00:00,335238.50742,1029,127237.7,122722.10217
2026-03-21 14:30:00+00:00,0.9642,0.9665,0.9641,0.9664,577052.2,2026-03-21 14:34:59.999000+00:00,557088.83717,1533,333329.7,321761.04276
2026-03-21 14:35:00+00:00,0.9664,0.9674,0.9636,0.9639,440236.5,2026-03-21 14:39:59.999000+00:00,425156.6852,1380,165318.0,159731.03067
2026-03-21 14:40:00+00:00,0.9639,0.9648,0.9639,0.9642,189855.8,2026-03-21 14:44:59.999000+00:00,183091.59353,836,96527.6,93087.05632
2026-03-21 14:45:00+00:00,0.9641,0.9642,0.9612,0.9617,258908.9,2026-03-21 14:49:59.999000+00:00,249237.08194,1454,102246.6,98416.6541
2026-03-21 14:50:00+00:00,0.9617,0.9617,0.9594,0.9612,572377.7,2026-03-21 14:54:59.999000+00:00,549949.57819,1973,135757.8,130427.74653
2026-03-21 14:55:00+00:00,0.9611,0.9611,0.9596,0.9597,691466.1,2026-03-21 14:59:59.999000+00:00,663931.01431,1233,499559.1,479660.81829
2026-03-21 15:00:00+00:00,0.9597,0.9627,0.9593,0.9624,415343.9,2026-03-21 15:04:59.999000+00:00,399023.01184,1803,276452.4,265613.55364
2026-03-21 15:05:00+00:00,0.9624,0.9628,0.9613,0.9617,497803.5,2026-03-21 15:09:59.999000+00:00,478809.51069,1303,160587.1,154444.39626
2026-03-21 15:10:00+00:00,0.9617,0.9621,0.9614,0.9621,186051.3,2026-03-21 15:14:59.999000+00:00,178914.40479,893,123249.6,118524.21495
2026-03-21 15:15:00+00:00,0.9622,0.9624,0.9595,0.9611,652206.8,2026-03-21 15:19:59.999000+00:00,626710.77313,2153,212094.4,203810.87081
2026-03-21 15:20:00+00:00,0.9611,0.9629,0.9611,0.9627,210422.6,2026-03-21 15:24:59.999000+00:00,202495.36377,859,105184.6,101208.71776
2026-03-21 15:25:00+00:00,0.9627,0.9641,0.9625,0.964,120577.6,2026-03-21 15:29:59.999000+00:00,116155.06629,728,79347.4,76443.89684
2026-03-21 15:30:00+00:00,0.964,0.9659,0.9637,0.9657,472161.6,2026-03-21 15:34:59.999000+00:00,455507.41474,1555,217071.3,209420.0387
2026-03-21 15:35:00+00:00,0.9656,0.9656,0.9632,0.9632,203407.0,2026-03-21 15:39:59.999000+00:00,196161.51455,1131,72482.2,69916.98389
2026-03-21 15:40:00+00:00,0.9632,0.9635,0.9627,0.9628,185609.8,2026-03-21 15:44:59.999000+00:00,178786.84592,959,101259.9,97539.71026
2026-03-21 15:45:00+00:00,0.9628,0.9643,0.9628,0.9643,234828.1,2026-03-21 15:49:59.999000+00:00,226271.42872,865,143878.7,138633.08717
2026-03-21 15:50:00+00:00,0.9643,0.9652,0.9638,0.9648,328881.7,2026-03-21 15:54:59.999000+00:00,317248.58485,1024,243689.8,235073.26547
2026-03-21 15:55:00+00:00,0.9648,0.9662,0.9644,0.966,235517.7,2026-03-21 15:59:59.999000+00:00,227379.46313,987,155445.6,150058.80805
2026-03-21 16:00:00+00:00,0.9661,0.9662,0.9649,0.9652,674665.7,2026-03-21 16:04:59.999000+00:00,651383.05248,2186,278627.3,269025.45962
2026-03-21 16:05:00+00:00,0.9651,0.9657,0.964,0.9641,173667.0,2026-03-21 16:09:59.999000+00:00,167566.66566,1360,67055.4,64696.92491
2026-03-21 16:10:00+00:00,0.9641,0.9646,0.9635,0.9643,229007.2,2026-03-21 16:14:59.999000+00:00,220773.45633,1177,152114.6,146654.35576
2026-03-21 16:15:00+00:00,0.9643,0.9649,0.9619,0.9619,374988.6,2026-03-21 16:19:59.999000+00:00,361187.90162,1705,81528.0,78506.85732
2026-03-21 16:20:00+00:00,0.962,0.9626,0.9614,0.9615,174186.7,2026-03-21 16:24:59.999000+00:00,167566.30284,824,55185.8,53092.03425
2026-03-21 16:25:00+00:00,0.9614,0.9618,0.9592,0.9602,526515.8,2026-03-21 16:29:59.999000+00:00,505749.79625,1848,200068.3,192195.93032
2026-03-21 16:30:00+00:00,0.9601,0.9606,0.9597,0.9605,321461.6,2026-03-21 16:34:59.999000+00:00,308676.62994,1195,199789.0,191842.45958
2026-03-21 16:35:00+00:00,0.9604,0.9618,0.96,0.9609,216803.3,2026-03-21 16:39:59.999000+00:00,208342.86484,1298,117106.8,112530.66131
2026-03-21 16:40:00+00:00,0.9609,0.9611,0.9595,0.9611,180938.6,2026-03-21 16:44:59.999000+00:00,173747.01065,1043,74843.1,71863.47551
2026-03-21 16:45:00+00:00,0.961,0.9619,0.9602,0.9614,154559.0,2026-03-21 16:49:59.999000+00:00,148582.11748,1040,92970.9,89379.6682
2026-03-21 16:50:00+00:00,0.9613,0.9614,0.9604,0.9605,90719.0,2026-03-21 16:54:59.999000+00:00,87165.40999,566,42581.1,40915.6914
2026-03-21 16:55:00+00:00,0.9605,0.9609,0.9593,0.9598,148710.5,2026-03-21 16:59:59.999000+00:00,142751.03405,1037,76727.5,73662.69686
2026-03-21 17:00:00+00:00,0.9599,0.9604,0.9591,0.96,340854.7,2026-03-21 17:04:59.999000+00:00,327119.99426,1264,111573.9,107110.07326
2026-03-21 17:05:00+00:00,0.9599,0.9603,0.9573,0.9586,783725.5,2026-03-21 17:09:59.999000+00:00,751359.99713,2292,430342.7,412740.58501
2026-03-21 17:10:00+00:00,0.9586,0.9593,0.9583,0.959,370733.8,2026-03-21 17:14:59.999000+00:00,355480.43826,1202,293315.0,281256.58745
2026-03-21 17:15:00+00:00,0.9589,0.96,0.9582,0.9596,261611.7,2026-03-21 17:19:59.999000+00:00,250966.01755,1085,148945.9,142902.43609
2026-03-21 17:20:00+00:00,0.9596,0.9612,0.9595,0.9604,255707.7,2026-03-21 17:24:59.999000+00:00,245612.45132,1119,161355.1,154990.46091
2026-03-21 17:25:00+00:00,0.9605,0.9611,0.9603,0.9604,120084.7,2026-03-21 17:29:59.999000+00:00,115361.96853,694,61942.3,59509.21967
2026-03-21 17:30:00+00:00,0.9605,0.9612,0.9604,0.9604,88738.9,2026-03-21 17:34:59.999000+00:00,85259.06914,675,52879.6,50810.06328
2026-03-21 17:35:00+00:00,0.9605,0.9609,0.9604,0.9609,133643.6,2026-03-21 17:39:59.999000+00:00,128384.07974,733,83758.7,80463.03828
2026-03-21 17:40:00+00:00,0.9609,0.9611,0.9604,0.9604,81901.0,2026-03-21 17:44:59.999000+00:00,78689.49888,580,41309.5,39690.75717
2026-03-21 17:45:00+00:00,0.9604,0.9607,0.9599,0.9602,49497.4,2026-03-21 17:49:59.999000+00:00,47532.51007,494,27961.4,26851.11507
2026-03-21 17:50:00+00:00,0.9602,0.9603,0.9592,0.9597,98260.7,2026-03-21 17:54:59.999000+00:00,94295.35428,680,54137.7,51949.028
2026-03-21 17:55:00+00:00,0.9597,0.9604,0.9592,0.9592,114093.3,2026-03-21 17:59:59.999000+00:00,109506.97863,643,39052.4,37484.34672
2026-03-21 18:00:00+00:00,0.9592,0.9602,0.9591,0.9597,216493.6,2026-03-21 18:04:59.999000+00:00,207769.38881,943,130620.1,125353.21827
2026-03-21 18:05:00+00:00,0.9598,0.9601,0.9595,0.9601,102567.9,2026-03-21 18:09:59.999000+00:00,98437.97814,682,77441.0,74324.25751
2026-03-21 18:10:00+00:00,0.96,0.9602,0.9591,0.9597,169319.6,2026-03-21 18:14:59.999000+00:00,162487.49205,933,59802.8,57393.88081
2026-03-21 18:15:00+00:00,0.9597,0.9602,0.9593,0.9599,116750.4,2026-03-21 18:19:59.999000+00:00,112058.09333,690,78730.9,75569.6982
2026-03-21 18:20:00+00:00,0.9598,0.9614,0.9598,0.9608,111671.1,2026-03-21 18:24:59.999000+00:00,107281.44928,762,86589.1,83183.31695
2026-03-21 18:25:00+00:00,0.9609,0.961,0.9602,0.9602,116610.1,2026-03-21 18:29:59.999000+00:00,112008.62562,677,55142.4,52967.17799
2026-03-21 18:30:00+00:00,0.9602,0.9619,0.9598,0.9612,137507.4,2026-03-21 18:34:59.999000+00:00,132107.14014,822,62820.7,60365.20801
2026-03-21 18:35:00+00:00,0.9612,0.9626,0.9611,0.9625,161913.6,2026-03-21 18:39:59.999000+00:00,155768.45144,978,107791.1,103707.87802
2026-03-21 18:40:00+00:00,0.9625,0.963,0.962,0.9622,167946.9,2026-03-21 18:44:59.999000+00:00,161621.46493,808,42626.4,41025.74986
2026-03-21 18:45:00+00:00,0.9623,0.9624,0.9615,0.9622,77029.6,2026-03-21 18:49:59.999000+00:00,74101.42287,575,47087.4,45298.48158
2026-03-21 18:50:00+00:00,0.9621,0.9622,0.9606,0.9611,161366.9,2026-03-21 18:54:59.999000+00:00,155151.96956,668,51951.3,49952.15262
2026-03-21 18:55:00+00:00,0.9612,0.9613,0.9608,0.9608,47433.9,2026-03-21 18:59:59.999000+00:00,45583.51771,422,21904.2,21050.59339
2026-03-21 19:00:00+00:00,0.9608,0.9614,0.9606,0.9608,376014.5,2026-03-21 19:04:59.999000+00:00,361317.10434,948,87206.2,83796.70143
2026-03-21 19:05:00+00:00,0.9609,0.9609,0.9602,0.9602,91543.9,2026-03-21 19:09:59.999000+00:00,87934.19325,651,34645.7,33279.04503
2026-03-21 19:10:00+00:00,0.9602,0.9606,0.96,0.9603,58444.5,2026-03-21 19:14:59.999000+00:00,56125.29175,458,34270.7,32911.59621
2026-03-21 19:15:00+00:00,0.9604,0.9611,0.9601,0.9611,85545.0,2026-03-21 19:19:59.999000+00:00,82171.85795,648,55398.0,53212.9136
2026-03-21 19:20:00+00:00,0.9612,0.9617,0.9607,0.9616,112358.0,2026-03-21 19:24:59.999000+00:00,108002.23562,617,87441.7,84055.78253
2026-03-21 19:25:00+00:00,0.9616,0.9619,0.9612,0.9613,88502.5,2026-03-21 19:29:59.999000+00:00,85097.97186,575,33168.8,31895.42467
2026-03-21 19:30:00+00:00,0.9614,0.9618,0.9607,0.961,131100.8,2026-03-21 19:34:59.999000+00:00,126018.39789,696,52171.9,50142.18856
2026-03-21 19:35:00+00:00,0.961,0.9614,0.9608,0.9609,105934.5,2026-03-21 19:39:59.999000+00:00,101816.51872,472,59720.2,57399.99825
2026-03-21 19:40:00+00:00,0.9608,0.9612,0.9603,0.9607,137671.0,2026-03-21 19:44:59.999000+00:00,132273.84994,588,53796.1,51692.34374
2026-03-21 19:45:00+00:00,0.9607,0.9614,0.9605,0.9605,97273.8,2026-03-21 19:49:59.999000+00:00,93453.26459,635,25370.9,24377.48047
2026-03-21 19:50:00+00:00,0.9605,0.9611,0.9604,0.9611,47283.3,2026-03-21 19:54:59.999000+00:00,45419.84773,339,40609.5,39009.52574
2026-03-21 19:55:00+00:00,0.9611,0.9616,0.9608,0.9613,62939.8,2026-03-21 19:59:59.999000+00:00,60500.57026,414,32330.4,31079.9644
2026-03-21 20:00:00+00:00,0.9613,0.962,0.961,0.9611,315273.6,2026-03-21 20:04:59.999000+00:00,303113.5228,1021,208748.1,200695.87298
2026-03-21 20:05:00+00:00,0.961,0.961,0.9599,0.9607,247528.4,2026-03-21 20:09:59.999000+00:00,237698.91605,989,147905.7,142015.72734
2026-03-21 20:10:00+00:00,0.9607,0.9613,0.9602,0.9607,238811.3,2026-03-21 20:14:59.999000+00:00,229421.17792,908,91052.5,87481.74954
2026-03-21 20:15:00+00:00,0.9608,0.9608,0.9597,0.9606,181826.6,2026-03-21 20:19:59.999000+00:00,174606.02345,891,81761.2,78518.05155
2026-03-21 20:20:00+00:00,0.9607,0.9626,0.9607,0.9622,233661.6,2026-03-21 20:24:59.999000+00:00,224801.88194,966,68236.8,65633.87864
2026-03-21 20:25:00+00:00,0.9622,0.9624,0.9617,0.9621,136077.5,2026-03-21 20:29:59.999000+00:00,130918.88247,671,62080.1,59730.04222
2026-03-21 20:30:00+00:00,0.9622,0.9627,0.9618,0.9622,273634.0,2026-03-21 20:34:59.999000+00:00,263291.86835,1026,186368.6,179322.10793
2026-03-21 20:35:00+00:00,0.9622,0.9627,0.9615,0.9622,227956.4,2026-03-21 20:39:59.999000+00:00,219289.19356,1016,102435.0,98544.39789
2026-03-21 20:40:00+00:00,0.9622,0.9625,0.9618,0.9621,108018.9,2026-03-21 20:44:59.999000+00:00,103930.95946,575,58417.7,56208.44899
2026-03-21 20:45:00+00:00,0.9622,0.9635,0.9621,0.9629,166589.3,2026-03-21 20:49:59.999000+00:00,160415.55627,810,92604.2,89175.91154
2026-03-21 20:50:00+00:00,0.9628,0.963,0.9626,0.963,41094.5,2026-03-21 20:54:59.999000+00:00,39562.52524,375,21164.8,20376.63354
2026-03-21 20:55:00+00:00,0.963,0.963,0.9625,0.9626,55912.5,2026-03-21 20:59:59.999000+00:00,53829.33309,312,9210.8,8868.21152
2026-03-21 21:00:00+00:00,0.9626,0.9631,0.9619,0.9622,260761.4,2026-03-21 21:04:59.999000+00:00,250968.4032,1022,66465.0,63970.84692
2026-03-21 21:05:00+00:00,0.9622,0.9634,0.962,0.9631,152025.8,2026-03-21 21:09:59.999000+00:00,146373.99693,822,92650.5,89202.08868
2026-03-21 21:10:00+00:00,0.9631,0.9635,0.9618,0.9624,190277.1,2026-03-21 21:14:59.999000+00:00,183203.37305,824,82866.3,79784.74001
2026-03-21 21:15:00+00:00,0.9625,0.9626,0.9617,0.9622,94831.8,2026-03-21 21:19:59.999000+00:00,91249.06285,516,40946.3,39402.33988
2026-03-21 21:20:00+00:00,0.9622,0.9626,0.9619,0.9623,55225.3,2026-03-21 21:24:59.999000+00:00,53140.67842,386,33018.9,31773.44896
2026-03-21 21:25:00+00:00,0.9622,0.9628,0.9621,0.9625,46123.9,2026-03-21 21:29:59.999000+00:00,44396.40965,337,21836.9,21018.78105
2026-03-21 21:30:00+00:00,0.9625,0.9629,0.9621,0.9629,114459.0,2026-03-21 21:34:59.999000+00:00,110161.32405,533,56998.5,54862.73673
2026-03-21 21:35:00+00:00,0.9629,0.9631,0.9627,0.9631,106175.8,2026-03-21 21:39:59.999000+00:00,102237.27169,499,83831.4,80722.32212
2026-03-21 21:40:00+00:00,0.9631,0.9632,0.9626,0.9629,141625.4,2026-03-21 21:44:59.999000+00:00,136381.72849,602,59460.6,57257.59362
2026-03-21 21:45:00+00:00,0.9629,0.9629,0.9624,0.9625,56739.9,2026-03-21 21:49:59.999000+00:00,54618.57558,454,23858.3,22966.45215
2026-03-21 21:50:00+00:00,0.9625,0.9625,0.9619,0.9624,120934.5,2026-03-21 21:54:59.999000+00:00,116359.52757,580,75533.6,72678.75102
2026-03-21 21:55:00+00:00,0.9623,0.9624,0.962,0.9621,57301.7,2026-03-21 21:59:59.999000+00:00,55135.24887,372,26741.4,25730.55464
2026-03-21 22:00:00+00:00,0.9622,0.9626,0.9593,0.9595,803672.7,2026-03-21 22:04:59.999000+00:00,772338.00766,2310,213854.6,205542.35719
2026-03-21 22:05:00+00:00,0.9596,0.9602,0.9594,0.9599,259338.5,2026-03-21 22:09:59.999000+00:00,248891.02111,1290,167398.3,160654.53343
2026-03-21 22:10:00+00:00,0.96,0.9608,0.96,0.9605,131427.0,2026-03-21 22:14:59.999000+00:00,126231.17798,855,83230.8,79940.83081
2026-03-21 22:15:00+00:00,0.9606,0.9608,0.96,0.9607,93634.4,2026-03-21 22:19:59.999000+00:00,89934.17511,586,55303.7,53118.69904
2026-03-21 22:20:00+00:00,0.9606,0.9607,0.9599,0.96,64701.3,2026-03-21 22:24:59.999000+00:00,62133.70428,400,24199.0,23240.45136
2026-03-21 22:25:00+00:00,0.9601,0.9606,0.9597,0.9603,198353.9,2026-03-21 22:29:59.999000+00:00,190415.35087,683,121529.2,116667.92714
2026-03-21 22:30:00+00:00,0.9603,0.9621,0.96,0.9616,165742.1,2026-03-21 22:34:59.999000+00:00,159287.55533,927,94725.6,91059.82108
2026-03-21 22:35:00+00:00,0.9616,0.9623,0.9612,0.9612,146293.6,2026-03-21 22:39:59.999000+00:00,140679.26068,682,71833.2,69081.91637
2026-03-21 22:40:00+00:00,0.9612,0.9615,0.9602,0.9602,97744.5,2026-03-21 22:44:59.999000+00:00,93909.1459,504,41737.4,40096.76822
2026-03-21 22:45:00+00:00,0.9602,0.961,0.9598,0.9607,166539.3,2026-03-21 22:49:59.999000+00:00,159919.13851,978,73818.4,70891.22667
2026-03-21 22:50:00+00:00,0.9606,0.9606,0.9595,0.9596,85364.2,2026-03-21 22:54:59.999000+00:00,81932.11509,617,41581.1,39909.5998
2026-03-21 22:55:00+00:00,0.9596,0.9603,0.9596,0.9598,53656.8,2026-03-21 22:59:59.999000+00:00,51508.82992,453,32343.6,31048.89896
2026-03-21 23:00:00+00:00,0.9598,0.9599,0.958,0.9584,278715.6,2026-03-21 23:04:59.999000+00:00,267174.1315,1516,95746.3,91774.6365
2026-03-21 23:05:00+00:00,0.9585,0.9588,0.9579,0.9582,147216.0,2026-03-21 23:09:59.999000+00:00,141069.7929,1205,86478.5,82868.3037
2026-03-21 23:10:00+00:00,0.9581,0.9582,0.9569,0.9577,332437.6,2026-03-21 23:14:59.999000+00:00,318290.05948,1352,94582.2,90569.43489
2026-03-21 23:15:00+00:00,0.9578,0.9587,0.9571,0.9581,208308.8,2026-03-21 23:19:59.999000+00:00,199513.03926,960,99822.9,95624.94022
2026-03-21 23:20:00+00:00,0.9581,0.9592,0.9578,0.9578,174647.4,2026-03-21 23:24:59.999000+00:00,167425.75877,922,118399.2,113513.88753
2026-03-21 23:25:00+00:00,0.9578,0.9578,0.9572,0.9574,109615.0,2026-03-21 23:29:59.999000+00:00,104960.33515,679,38343.2,36716.78426
2026-03-21 23:30:00+00:00,0.9574,0.9592,0.957,0.958,601971.9,2026-03-21 23:34:59.999000+00:00,576826.95619,2053,425560.0,407817.31595
2026-03-21 23:35:00+00:00,0.9579,0.9585,0.9576,0.9581,91816.6,2026-03-21 23:39:59.999000+00:00,87968.91863,643,55493.1,53167.21509
2026-03-21 23:40:00+00:00,0.9581,0.9592,0.9577,0.9588,88076.9,2026-03-21 23:44:59.999000+00:00,84421.98054,719,54663.3,52394.65912
2026-03-21 23:45:00+00:00,0.9588,0.9588,0.9486,0.9487,2394868.7,2026-03-21 23:49:59.999000+00:00,2282192.34459,6855,574777.7,547648.19786
2026-03-21 23:50:00+00:00,0.9487,0.949,0.9281,0.9337,11812734.9,2026-03-21 23:54:59.999000+00:00,11086416.51318,21949,4032132.3,3783709.69672
2026-03-21 23:55:00+00:00,0.9336,0.9352,0.9244,0.9323,5930318.7,2026-03-21 23:59:59.999000+00:00,5513750.81232,16947,2712826.8,2523026.41276
2026-03-22 00:00:00+00:00,0.9323,0.9323,0.9154,0.9204,8503464.3,2026-03-22 00:04:59.999000+00:00,7839842.44115,23570,3586732.7,3308502.45422
2026-03-22 00:05:00+00:00,0.9205,0.932,0.9192,0.9283,2653992.0,2026-03-22 00:09:59.999000+00:00,2455840.94697,10358,1561243.8,1444899.07303
2026-03-22 00:10:00+00:00,0.9283,0.9301,0.9243,0.9254,1083290.4,2026-03-22 00:14:59.999000+00:00,1004212.79856,6107,456592.0,423193.67866
2026-03-22 00:15:00+00:00,0.9254,0.9332,0.9242,0.9306,1391934.7,2026-03-22 00:19:59.999000+00:00,1294059.79477,6381,835617.4,777042.41015
2026-03-22 00:20:00+00:00,0.9306,0.9316,0.9277,0.9304,1217511.3,2026-03-22 00:24:59.999000+00:00,1132048.91716,4127,574159.0,533883.77594
2026-03-22 00:25:00+00:00,0.9303,0.9317,0.9282,0.9314,572833.5,2026-03-22 00:29:59.999000+00:00,532574.36349,3086,287642.5,267443.05748
2026-03-22 00:30:00+00:00,0.9315,0.9354,0.9314,0.9351,1294221.9,2026-03-22 00:34:59.999000+00:00,1208627.43866,5091,680197.9,635183.7224
2026-03-22 00:35:00+00:00,0.9352,0.9368,0.9335,0.9336,956119.3,2026-03-22 00:39:59.999000+00:00,894063.71449,3598,402629.1,376531.06429
2026-03-22 00:40:00+00:00,0.9336,0.9363,0.9321,0.9352,498266.9,2026-03-22 00:44:59.999000+00:00,465702.16829,2467,277553.4,259406.72833
2026-03-22 00:45:00+00:00,0.9352,0.9369,0.934,0.9348,410190.5,2026-03-22 00:49:59.999000+00:00,383646.85961,2134,193629.9,181091.86761
2026-03-22 00:50:00+00:00,0.9348,0.9348,0.9292,0.9309,1013668.9,2026-03-22 00:54:59.999000+00:00,943535.40594,4001,384434.0,357942.16643
2026-03-22 00:55:00+00:00,0.9309,0.9322,0.9299,0.932,480439.2,2026-03-22 00:59:59.999000+00:00,447370.69355,1895,235737.8,219524.16597
2026-03-22 01:00:00+00:00,0.932,0.9363,0.932,0.9346,1371865.3,2026-03-22 01:04:59.999000+00:00,1282081.26791,4537,841797.0,786820.93058
2026-03-22 01:05:00+00:00,0.9346,0.9354,0.9315,0.9315,675570.7,2026-03-22 01:09:59.999000+00:00,630860.10696,2657,357861.5,334305.27209
2026-03-22 01:10:00+00:00,0.9315,0.9335,0.9307,0.933,361373.1,2026-03-22 01:14:59.999000+00:00,336896.46276,2010,151140.5,140889.75514
2026-03-22 01:15:00+00:00,0.933,0.9351,0.9313,0.9337,431913.1,2026-03-22 01:19:59.999000+00:00,402998.06366,2536,190045.9,177324.03345
2026-03-22 01:20:00+00:00,0.9336,0.9345,0.9323,0.9325,265030.6,2026-03-22 01:24:59.999000+00:00,247369.93458,1578,104851.3,97878.50965
2026-03-22 01:25:00+00:00,0.9324,0.9328,0.9307,0.9314,293903.1,2026-03-22 01:29:59.999000+00:00,273939.68429,1138,75041.7,69923.89447
2026-03-22 01:30:00+00:00,0.9315,0.9334,0.9308,0.9321,363578.8,2026-03-22 01:34:59.999000+00:00,338929.12441,1959,210540.4,196282.06903
2026-03-22 01:35:00+00:00,0.9322,0.9328,0.9276,0.9288,903720.5,2026-03-22 01:39:59.999000+00:00,840279.28892,3180,316193.2,294072.77298
2026-03-22 01:40:00+00:00,0.9288,0.9308,0.9285,0.929,299879.8,2026-03-22 01:44:59.999000+00:00,278726.39581,1495,161105.1,149749.31685
2026-03-22 01:45:00+00:00,0.9291,0.9314,0.9291,0.9309,250037.2,2026-03-22 01:49:59.999000+00:00,232641.89204,1437,131255.7,122109.93659
2026-03-22 01:50:00+00:00,0.9309,0.9324,0.9305,0.9318,226534.8,2026-03-22 01:54:59.999000+00:00,211015.60476,1404,155319.3,144684.95178
2026-03-22 01:55:00+00:00,0.9319,0.9341,0.9315,0.9337,348742.8,2026-03-22 01:59:59.999000+00:00,325229.81358,1415,262853.6,245130.07534
2026-03-22 02:00:00+00:00,0.9336,0.9347,0.9333,0.9335,518160.9,2026-03-22 02:04:59.999000+00:00,483889.64436,2254,257812.0,240768.30593
2026-03-22 02:05:00+00:00,0.9334,0.934,0.9315,0.9321,412267.7,2026-03-22 02:09:59.999000+00:00,384554.7359,1965,250389.0,233536.95267
2026-03-22 02:10:00+00:00,0.9321,0.9325,0.9315,0.9319,447871.9,2026-03-22 02:14:59.999000+00:00,417391.66444,1531,185643.9,173007.42562
2026-03-22 02:15:00+00:00,0.9319,0.9333,0.9316,0.9322,263375.3,2026-03-22 02:19:59.999000+00:00,245505.21423,1414,147414.9,137400.74065
2026-03-22 02:20:00+00:00,0.9322,0.9331,0.9305,0.9324,256626.4,2026-03-22 02:24:59.999000+00:00,239152.41848,1335,151031.9,140752.54469
2026-03-22 02:25:00+00:00,0.9325,0.941,0.9324,0.9386,1701957.1,2026-03-22 02:29:59.999000+00:00,1594671.44873,4299,680450.8,637812.89609
2026-03-22 02:30:00+00:00,0.9387,0.9392,0.9346,0.936,722688.6,2026-03-22 02:34:59.999000+00:00,676804.23401,2771,298047.2,279175.31468
2026-03-22 02:35:00+00:00,0.9359,0.9361,0.9344,0.9348,315679.0,2026-03-22 02:39:59.999000+00:00,295285.38103,1510,156209.1,146121.24587
2026-03-22 02:40:00+00:00,0.9348,0.9351,0.9338,0.9346,305391.8,2026-03-22 02:44:59.999000+00:00,285360.66107,1398,158089.6,147732.02338
2026-03-22 02:45:00+00:00,0.9346,0.9367,0.9341,0.9364,340068.9,2026-03-22 02:49:59.999000+00:00,318097.09184,1412,189668.3,177431.74651
2026-03-22 02:50:00+00:00,0.9365,0.9377,0.9356,0.9376,401655.8,2026-03-22 02:54:59.999000+00:00,376142.59801,1213,195078.9,182748.20751
2026-03-22 02:55:00+00:00,0.9377,0.9387,0.9371,0.9372,460839.9,2026-03-22 02:59:59.999000+00:00,432197.28539,1520,286128.6,268363.03449
2026-03-22 03:00:00+00:00,0.9371,0.9371,0.9337,0.9345,465046.3,2026-03-22 03:04:59.999000+00:00,435163.6599,2042,169480.4,158601.51838
2026-03-22 03:05:00+00:00,0.9344,0.9354,0.934,0.9349,131873.4,2026-03-22 03:09:59.999000+00:00,123265.90688,1168,73008.4,68244.35333
2026-03-22 03:10:00+00:00,0.9349,0.9371,0.9349,0.9364,171706.5,2026-03-22 03:14:59.999000+00:00,160767.97894,1315,92804.3,86887.08598
2026-03-22 03:15:00+00:00,0.9364,0.9382,0.936,0.9381,144014.9,2026-03-22 03:19:59.999000+00:00,134940.66212,1275,95592.8,89578.20405
2026-03-22 03:20:00+00:00,0.9382,0.9387,0.9371,0.9377,227384.4,2026-03-22 03:24:59.999000+00:00,213266.29483,974,82179.0,77085.34362
2026-03-22 03:25:00+00:00,0.9378,0.9439,0.9371,0.942,1056891.2,2026-03-22 03:29:59.999000+00:00,994677.68951,3226,772454.9,727091.57452
2026-03-22 03:30:00+00:00,0.942,0.9428,0.94,0.9418,690369.9,2026-03-22 03:34:59.999000+00:00,650150.32524,2399,373639.3,351869.56241
2026-03-22 03:35:00+00:00,0.9417,0.9462,0.9416,0.9428,1708920.6,2026-03-22 03:39:59.999000+00:00,1612890.96237,4419,960205.2,906081.36035
2026-03-22 03:40:00+00:00,0.9427,0.9427,0.9399,0.9405,270774.7,2026-03-22 03:44:59.999000+00:00,254788.14519,1342,133162.1,125283.35861
2026-03-22 03:45:00+00:00,0.9404,0.9405,0.939,0.9394,384687.2,2026-03-22 03:49:59.999000+00:00,361433.80908,1369,152143.3,142946.70873
2026-03-22 03:50:00+00:00,0.9394,0.9395,0.9383,0.9383,149892.1,2026-03-22 03:54:59.999000+00:00,140724.70019,1074,79746.5,74875.28242
2026-03-22 03:55:00+00:00,0.9384,0.9387,0.9381,0.9383,160461.3,2026-03-22 03:59:59.999000+00:00,150566.65753,889,72035.9,67597.47277
2026-03-22 04:00:00+00:00,0.9383,0.9406,0.9377,0.9406,615513.1,2026-03-22 04:04:59.999000+00:00,578125.1182,2088,403290.7,378800.14101
2026-03-22 04:05:00+00:00,0.9405,0.9422,0.9403,0.9406,228589.1,2026-03-22 04:09:59.999000+00:00,215143.03181,1502,151894.0,142970.03502
2026-03-22 04:10:00+00:00,0.9407,0.9412,0.9392,0.9412,223837.3,2026-03-22 04:14:59.999000+00:00,210431.67688,1124,110596.3,103986.79817
2026-03-22 04:15:00+00:00,0.9411,0.9443,0.9411,0.9411,398664.2,2026-03-22 04:19:59.999000+00:00,375788.87461,2136,226899.7,213900.04764
2026-03-22 04:20:00+00:00,0.9411,0.9412,0.9369,0.9393,440106.2,2026-03-22 04:24:59.999000+00:00,413189.18229,2091,161700.5,151828.61801
2026-03-22 04:25:00+00:00,0.9394,0.9397,0.9381,0.9385,152623.8,2026-03-22 04:29:59.999000+00:00,143274.20528,928,66699.8,62626.74087
2026-03-22 04:30:00+00:00,0.9385,0.9419,0.9376,0.9413,479490.2,2026-03-22 04:34:59.999000+00:00,450559.56831,2306,349850.7,328792.57065
2026-03-22 04:35:00+00:00,0.9413,0.9431,0.9409,0.942,337693.8,2026-03-22 04:39:59.999000+00:00,318088.78951,1650,239121.0,225215.99196
2026-03-22 04:40:00+00:00,0.9421,0.9421,0.9409,0.9411,142416.0,2026-03-22 04:44:59.999000+00:00,134055.57398,754,70877.0,66712.91782
2026-03-22 04:45:00+00:00,0.941,0.9432,0.941,0.9421,279006.9,2026-03-22 04:49:59.999000+00:00,262897.90148,1556,145919.6,137491.80081
2026-03-22 04:50:00+00:00,0.9422,0.9426,0.9413,0.9422,239425.9,2026-03-22 04:54:59.999000+00:00,225570.41636,899,139437.0,131382.91309
2026-03-22 04:55:00+00:00,0.9422,0.9424,0.9412,0.9417,206050.3,2026-03-22 04:59:59.999000+00:00,194030.31017,820,137138.0,129135.68758
2026-03-22 05:00:00+00:00,0.9417,0.9418,0.9394,0.9408,318859.3,2026-03-22 05:04:59.999000+00:00,299865.6825,1576,142274.5,133818.2924
2026-03-22 05:05:00+00:00,0.9408,0.9413,0.9394,0.9401,170196.0,2026-03-22 05:09:59.999000+00:00,160049.91098,970,63152.6,59383.0511
2026-03-22 05:10:00+00:00,0.9401,0.9407,0.9393,0.9395,146240.0,2026-03-22 05:14:59.999000+00:00,137473.69904,933,63218.2,59431.94358
2026-03-22 05:15:00+00:00,0.9395,0.9408,0.9387,0.9399,189192.6,2026-03-22 05:19:59.999000+00:00,177732.55041,1109,92684.1,87069.97098
2026-03-22 05:20:00+00:00,0.9399,0.94,0.9384,0.9397,302299.9,2026-03-22 05:24:59.999000+00:00,283970.02265,1230,114872.4,107901.01022
2026-03-22 05:25:00+00:00,0.9398,0.9401,0.9374,0.938,228323.5,2026-03-22 05:29:59.999000+00:00,214334.60675,1051,111622.0,104777.67356
2026-03-22 05:30:00+00:00,0.9379,0.9383,0.9369,0.9369,306585.7,2026-03-22 05:34:59.999000+00:00,287423.86239,1467,141742.0,132886.53036
2026-03-22 05:35:00+00:00,0.9369,0.9375,0.9365,0.9373,320680.0,2026-03-22 05:39:59.999000+00:00,300457.16737,1091,173785.5,162831.02994
2026-03-22 05:40:00+00:00,0.9372,0.9374,0.936,0.9364,185547.3,2026-03-22 05:44:59.999000+00:00,173770.5274,873,51062.9,47829.96315
2026-03-22 05:45:00+00:00,0.9363,0.9378,0.9362,0.9368,139554.7,2026-03-22 05:49:59.999000+00:00,130755.52604,910,68503.7,64180.61484
2026-03-22 05:50:00+00:00,0.9368,0.9372,0.9363,0.937,139468.5,2026-03-22 05:54:59.999000+00:00,130652.16409,734,77294.6,72411.73176
2026-03-22 05:55:00+00:00,0.9369,0.9373,0.9368,0.937,271276.5,2026-03-22 05:59:59.999000+00:00,254204.34521,586,87315.0,81822.48791
2026-03-22 06:00:00+00:00,0.937,0.937,0.9352,0.9363,331160.8,2026-03-22 06:04:59.999000+00:00,309941.67673,1456,114060.1,106752.49202
2026-03-22 06:05:00+00:00,0.9363,0.9364,0.9336,0.9347,637985.1,2026-03-22 06:09:59.999000+00:00,596157.91357,1685,302778.3,282870.36136
2026-03-22 06:10:00+00:00,0.9346,0.9347,0.9328,0.933,361330.0,2026-03-22 06:14:59.999000+00:00,337359.16635,1408,185123.3,172874.89443
2026-03-22 06:15:00+00:00,0.933,0.9338,0.9326,0.9334,330443.8,2026-03-22 06:19:59.999000+00:00,308346.69203,1388,197504.6,184308.77589
2026-03-22 06:20:00+00:00,0.9334,0.9343,0.9332,0.9342,238031.9,2026-03-22 06:24:59.999000+00:00,222237.98231,1155,149216.5,139321.27811
2026-03-22 06:25:00+00:00,0.9342,0.9354,0.9334,0.9353,190922.7,2026-03-22 06:29:59.999000+00:00,178354.39477,887,130194.4,121640.36723
2026-03-22 06:30:00+00:00,0.9353,0.9363,0.9333,0.9338,386122.1,2026-03-22 06:34:59.999000+00:00,360724.18239,1529,130133.6,121621.27745
2026-03-22 06:35:00+00:00,0.9339,0.9357,0.9338,0.9349,480518.4,2026-03-22 06:39:59.999000+00:00,449129.88791,1425,380186.4,355330.89068
2026-03-22 06:40:00+00:00,0.935,0.935,0.9343,0.9345,62595.5,2026-03-22 06:44:59.999000+00:00,58506.76573,557,39706.9,37113.09448
2026-03-22 06:45:00+00:00,0.9344,0.9346,0.9334,0.9342,141046.0,2026-03-22 06:49:59.999000+00:00,131719.04466,928,48497.0,45294.0645
2026-03-22 06:50:00+00:00,0.9342,0.9362,0.934,0.9354,197226.3,2026-03-22 06:54:59.999000+00:00,184435.31766,939,120238.8,112436.66089
2026-03-22 06:55:00+00:00,0.9353,0.9359,0.9353,0.9356,122766.0,2026-03-22 06:59:59.999000+00:00,114848.2604,621,65638.8,61407.25702
2026-03-22 07:00:00+00:00,0.9355,0.9379,0.9351,0.9372,349104.2,2026-03-22 07:04:59.999000+00:00,327009.39267,1672,255949.6,239745.66844
2026-03-22 07:05:00+00:00,0.9372,0.9387,0.9365,0.9372,411874.3,2026-03-22 07:09:59.999000+00:00,386118.50404,1660,204962.0,192157.6853
2026-03-22 07:10:00+00:00,0.9372,0.938,0.9367,0.9371,132989.1,2026-03-22 07:14:59.999000+00:00,124666.8918,938,58424.7,54771.16884
2026-03-22 07:15:00+00:00,0.937,0.9378,0.937,0.9372,112025.6,2026-03-22 07:19:59.999000+00:00,105017.55696,786,74174.9,69535.26099
2026-03-22 07:20:00+00:00,0.9371,0.9371,0.9363,0.9363,72461.2,2026-03-22 07:24:59.999000+00:00,67879.83023,491,38014.4,35612.72852
2026-03-22 07:25:00+00:00,0.9363,0.9371,0.936,0.9363,135869.3,2026-03-22 07:29:59.999000+00:00,127234.36213,628,76603.1,71740.57185
2026-03-22 07:30:00+00:00,0.9364,0.9364,0.9335,0.9352,267013.5,2026-03-22 07:34:59.999000+00:00,249609.51673,1402,136053.4,127203.88065
2026-03-22 07:35:00+00:00,0.9352,0.9354,0.9335,0.9335,321814.5,2026-03-22 07:39:59.999000+00:00,300710.39548,1460,118937.6,111149.29648
2026-03-22 07:40:00+00:00,0.9335,0.9341,0.932,0.9332,378300.2,2026-03-22 07:44:59.999000+00:00,353041.45916,1718,131580.3,122840.85043
2026-03-22 07:45:00+00:00,0.9332,0.9335,0.9306,0.9334,959297.9,2026-03-22 07:49:59.999000+00:00,893920.45425,2644,324557.9,302679.27238
2026-03-22 07:50:00+00:00,0.9335,0.9338,0.9318,0.9319,188919.3,2026-03-22 07:54:59.999000+00:00,176219.41098,1056,95550.6,89139.06736
2026-03-22 07:55:00+00:00,0.932,0.9322,0.9281,0.9289,1296272.0,2026-03-22 07:59:59.999000+00:00,1204759.56114,3615,323701.0,300890.55819
2026-03-22 08:00:00+00:00,0.9289,0.9293,0.9243,0.9268,2875584.1,2026-03-22 08:04:59.999000+00:00,2664030.1491,6879,787245.5,729348.03173
2026-03-22 08:05:00+00:00,0.9269,0.9283,0.9247,0.9254,1300147.5,2026-03-22 08:09:59.999000+00:00,1204100.78535,3461,592823.9,549095.23598
2026-03-22 08:10:00+00:00,0.9254,0.9282,0.9249,0.9281,371829.1,2026-03-22 08:14:59.999000+00:00,344561.25466,1983,220872.6,204675.99537
2026-03-22 08:15:00+00:00,0.9282,0.9282,0.9253,0.9255,542293.1,2026-03-22 08:19:59.999000+00:00,502568.58485,2108,157971.7,146415.86961
2026-03-22 08:20:00+00:00,0.9254,0.9265,0.9222,0.9253,1023335.4,2026-03-22 08:24:59.999000+00:00,945302.21992,3357,391492.7,361719.60147
2026-03-22 08:25:00+00:00,0.9254,0.9266,0.9192,0.921,1575087.1,2026-03-22 08:29:59.999000+00:00,1452191.32119,5050,620841.5,572630.72515
2026-03-22 08:30:00+00:00,0.9211,0.9248,0.9205,0.9228,1088275.6,2026-03-22 08:34:59.999000+00:00,1003765.62786,3131,598254.3,551955.17467
2026-03-22 08:35:00+00:00,0.9228,0.9243,0.9218,0.9239,646972.8,2026-03-22 08:39:59.999000+00:00,597450.17925,1933,419176.8,387158.11987
2026-03-22 08:40:00+00:00,0.9239,0.9261,0.9234,0.9257,640574.0,2026-03-22 08:44:59.999000+00:00,592874.58311,1797,266264.0,246418.95767
2026-03-22 08:45:00+00:00,0.9257,0.9264,0.9253,0.9261,245599.7,2026-03-22 08:49:59.999000+00:00,227419.70202,1344,131186.7,121472.16302
2026-03-22 08:50:00+00:00,0.9261,0.9266,0.9245,0.9261,238751.8,2026-03-22 08:54:59.999000+00:00,220965.76226,1101,92208.4,85334.69656
2026-03-22 08:55:00+00:00,0.9261,0.927,0.9254,0.9263,297188.8,2026-03-22 08:59:59.999000+00:00,275231.29339,992,75384.8,69827.0214
2026-03-22 09:00:00+00:00,0.9263,0.9274,0.9257,0.9268,252879.3,2026-03-22 09:04:59.999000+00:00,234322.00976,1502,138766.8,128584.51667
2026-03-22 09:05:00+00:00,0.9268,0.9286,0.9266,0.9279,159478.6,2026-03-22 09:09:59.999000+00:00,147964.51691,1095,99380.7,92200.88164
2026-03-22 09:10:00+00:00,0.9279,0.9287,0.9276,0.9286,213392.1,2026-03-22 09:14:59.999000+00:00,198048.62782,933,144188.5,133819.16597
2026-03-22 09:15:00+00:00,0.9286,0.9296,0.9248,0.9254,736847.5,2026-03-22 09:19:59.999000+00:00,682984.63306,2503,311575.3,289009.05241
2026-03-22 09:20:00+00:00,0.9253,0.9264,0.9242,0.9245,653938.2,2026-03-22 09:24:59.999000+00:00,605020.99833,1405,364785.3,337522.33344
2026-03-22 09:25:00+00:00,0.9245,0.9245,0.923,0.9237,248304.5,2026-03-22 09:29:59.999000+00:00,229367.97462,1224,110990.9,102525.91129
2026-03-22 09:30:00+00:00,0.9237,0.9249,0.9233,0.9246,346290.4,2026-03-22 09:34:59.999000+00:00,320010.84902,1289,248212.0,229387.14723
2026-03-22 09:35:00+00:00,0.9247,0.9262,0.9245,0.9252,229892.1,2026-03-22 09:39:59.999000+00:00,212729.67009,1082,101562.2,93981.60329
2026-03-22 09:40:00+00:00,0.9252,0.9262,0.9251,0.9255,177047.6,2026-03-22 09:44:59.999000+00:00,163877.12499,879,81324.9,75276.78999
2026-03-22 09:45:00+00:00,0.9255,0.9258,0.925,0.9253,136204.0,2026-03-22 09:49:59.999000+00:00,126055.4846,884,60936.1,56393.70042
2026-03-22 09:50:00+00:00,0.9253,0.9262,0.9249,0.926,169358.3,2026-03-22 09:54:59.999000+00:00,156760.28411,1016,106519.8,98599.60432
2026-03-22 09:55:00+00:00,0.926,0.9267,0.9258,0.9258,129970.9,2026-03-22 09:59:59.999000+00:00,120395.48761,706,59242.4,54884.97747
2026-03-22 10:00:00+00:00,0.9258,0.9258,0.9243,0.9246,165611.8,2026-03-22 10:04:59.999000+00:00,153161.39638,1143,73620.9,68081.36436
2026-03-22 10:05:00+00:00,0.9247,0.9247,0.9223,0.9231,367451.1,2026-03-22 10:09:59.999000+00:00,339239.24089,1899,147719.0,136368.14291
2026-03-22 10:10:00+00:00,0.9231,0.924,0.9227,0.9239,251560.4,2026-03-22 10:14:59.999000+00:00,232319.9144,1028,121741.5,112432.76995
2026-03-22 10:15:00+00:00,0.924,0.9241,0.922,0.9228,423575.5,2026-03-22 10:19:59.999000+00:00,391121.87174,1393,111049.1,102546.99629
2026-03-22 10:20:00+00:00,0.9227,0.9231,0.9227,0.923,76330.3,2026-03-22 10:24:59.999000+00:00,70447.54352,689,23144.3,21360.88058
2026-03-22 10:25:00+00:00,0.923,0.9231,0.9223,0.9226,137181.4,2026-03-22 10:29:59.999000+00:00,126587.68434,734,68741.3,63433.57515
2026-03-22 10:30:00+00:00,0.9227,0.9236,0.9222,0.9222,242868.4,2026-03-22 10:34:59.999000+00:00,224198.80003,1211,125669.4,116015.14046
2026-03-22 10:35:00+00:00,0.9223,0.9223,0.9206,0.9213,596727.4,2026-03-22 10:39:59.999000+00:00,549876.71155,1660,142214.3,131057.0438
2026-03-22 10:40:00+00:00,0.9214,0.9215,0.9202,0.921,214233.6,2026-03-22 10:44:59.999000+00:00,197279.91811,1439,122516.6,112829.13448
2026-03-22 10:45:00+00:00,0.921,0.9211,0.9201,0.9203,176774.7,2026-03-22 10:49:59.999000+00:00,162757.60896,998,108496.1,99898.46095
2026-03-22 10:50:00+00:00,0.9202,0.9217,0.9201,0.9211,179169.3,2026-03-22 10:54:59.999000+00:00,164999.7409,1035,111680.2,102854.56789
2026-03-22 10:55:00+00:00,0.921,0.9218,0.9207,0.9207,128160.2,2026-03-22 10:59:59.999000+00:00,118065.14151,863,52817.0,48658.08776
2026-03-22 11:00:00+00:00,0.9207,0.9215,0.9196,0.9209,316062.7,2026-03-22 11:04:59.999000+00:00,290942.75737,1736,181263.5,166897.11772
2026-03-22 11:05:00+00:00,0.921,0.9222,0.9207,0.9219,832268.0,2026-03-22 11:09:59.999000+00:00,766795.66789,1846,498356.4,459134.33253
2026-03-22 11:10:00+00:00,0.9219,0.9219,0.9207,0.9207,149224.8,2026-03-22 11:14:59.999000+00:00,137472.92065,1099,90493.1,83366.78258
2026-03-22 11:15:00+00:00,0.9207,0.9215,0.9199,0.92,252666.9,2026-03-22 11:19:59.999000+00:00,232644.41455,1293,143578.0,132214.87456
2026-03-22 11:20:00+00:00,0.92,0.9225,0.92,0.9215,294327.5,2026-03-22 11:24:59.999000+00:00,271341.03592,1140,97670.2,90018.64223
2026-03-22 11:25:00+00:00,0.9215,0.9215,0.9183,0.9202,563725.1,2026-03-22 11:29:59.999000+00:00,518364.3068,2245,214088.0,196904.01452
2026-03-22 11:30:00+00:00,0.9202,0.9223,0.92,0.9215,270333.6,2026-03-22 11:34:59.999000+00:00,249057.6431,1344,160437.2,147795.41669
2026-03-22 11:35:00+00:00,0.9215,0.9224,0.9212,0.9224,338164.3,2026-03-22 11:39:59.999000+00:00,311665.78973,1194,120750.6,111301.63068
2026-03-22 11:40:00+00:00,0.9224,0.9225,0.9188,0.9212,843971.1,2026-03-22 11:44:59.999000+00:00,776773.62611,2986,509062.7,468631.55663
2026-03-22 11:45:00+00:00,0.9212,0.9217,0.9198,0.9211,216316.5,2026-03-22 11:49:59.999000+00:00,199167.08379,1348,135032.3,124332.03919
2026-03-22 11:50:00+00:00,0.9212,0.9212,0.9183,0.9202,435795.0,2026-03-22 11:54:59.999000+00:00,400855.93596,2010,177621.2,163394.88736
2026-03-22 11:55:00+00:00,0.9201,0.9201,0.9178,0.9184,744727.5,2026-03-22 11:59:59.999000+00:00,683964.6011,2017,244242.1,224340.20474
2026-03-22 12:00:00+00:00,0.9184,0.9194,0.9182,0.9191,403735.8,2026-03-22 12:04:59.999000+00:00,370929.15108,2201,234403.3,215357.31006
2026-03-22 12:05:00+00:00,0.9191,0.9216,0.9191,0.9209,296018.7,2026-03-22 12:09:59.999000+00:00,272388.53339,1760,159330.3,146612.36957
2026-03-22 12:10:00+00:00,0.9209,0.9212,0.9202,0.9202,138827.0,2026-03-22 12:14:59.999000+00:00,127824.53979,982,64820.0,59685.8093
2026-03-22 12:15:00+00:00,0.9203,0.9229,0.9202,0.9226,803707.8,2026-03-22 12:19:59.999000+00:00,740943.7161,2407,603717.5,556571.91237
2026-03-22 12:20:00+00:00,0.9225,0.925,0.9222,0.925,586303.2,2026-03-22 12:24:59.999000+00:00,541647.31307,1867,333644.0,308240.05729
2026-03-22 12:25:00+00:00,0.925,0.9281,0.924,0.9265,897095.3,2026-03-22 12:29:59.999000+00:00,830303.29718,2620,507455.2,469882.32453
2026-03-22 12:30:00+00:00,0.9265,0.9266,0.9251,0.9252,408029.3,2026-03-22 12:34:59.999000+00:00,377766.13597,1537,207906.6,192506.03041
2026-03-22 12:35:00+00:00,0.9252,0.9254,0.923,0.9233,315619.2,2026-03-22 12:39:59.999000+00:00,291642.56795,1309,106684.7,98580.74458
2026-03-22 12:40:00+00:00,0.9233,0.9234,0.922,0.9221,530564.9,2026-03-22 12:44:59.999000+00:00,489421.34499,1207,104183.9,96122.67356
2026-03-22 12:45:00+00:00,0.9221,0.9238,0.9215,0.9215,322814.3,2026-03-22 12:49:59.999000+00:00,297838.3519,1501,156503.4,144401.29347
2026-03-22 12:50:00+00:00,0.9215,0.9234,0.9215,0.9229,669212.0,2026-03-22 12:54:59.999000+00:00,617253.59282,1598,480082.2,442759.9975
2026-03-22 12:55:00+00:00,0.9228,0.9239,0.9227,0.9234,666256.2,2026-03-22 12:59:59.999000+00:00,615230.09523,1254,434673.3,401419.87015
2026-03-22 13:00:00+00:00,0.9235,0.9287,0.9229,0.926,863349.2,2026-03-22 13:04:59.999000+00:00,799003.70664,3363,500198.7,463038.77848
2026-03-22 13:05:00+00:00,0.926,0.9265,0.9249,0.9261,473980.4,2026-03-22 13:09:59.999000+00:00,438808.59719,1802,260203.9,240929.43079
2026-03-22 13:10:00+00:00,0.9261,0.9271,0.9255,0.9262,302660.5,2026-03-22 13:14:59.999000+00:00,280302.24664,1503,121560.2,112590.86018
2026-03-22 13:15:00+00:00,0.9263,0.9263,0.9236,0.9236,615144.7,2026-03-22 13:19:59.999000+00:00,568819.76523,1686,233555.7,215973.76385
2026-03-22 13:20:00+00:00,0.9237,0.9245,0.9229,0.9234,289703.0,2026-03-22 13:24:59.999000+00:00,267683.3494,1192,128209.6,118482.39478
2026-03-22 13:25:00+00:00,0.9234,0.9246,0.9232,0.9241,121610.6,2026-03-22 13:29:59.999000+00:00,112348.51105,838,64843.3,59905.80762
2026-03-22 13:30:00+00:00,0.9242,0.926,0.9237,0.9238,359377.6,2026-03-22 13:34:59.999000+00:00,332351.68152,1444,213578.0,197521.64179
2026-03-22 13:35:00+00:00,0.9238,0.9243,0.9223,0.9223,283987.1,2026-03-22 13:39:59.999000+00:00,262132.31919,1463,104270.2,96234.59893
2026-03-22 13:40:00+00:00,0.9223,0.9231,0.9208,0.9223,318447.4,2026-03-22 13:44:59.999000+00:00,293639.82137,1661,125810.6,116027.91721
2026-03-22 13:45:00+00:00,0.9223,0.923,0.9212,0.9224,118739.6,2026-03-22 13:49:59.999000+00:00,109483.49081,1134,60748.5,56016.62972
2026-03-22 13:50:00+00:00,0.9223,0.9231,0.9212,0.923,212714.0,2026-03-22 13:54:59.999000+00:00,196124.37307,1087,85238.3,78594.61625
2026-03-22 13:55:00+00:00,0.9229,0.9241,0.9228,0.9231,188966.1,2026-03-22 13:59:59.999000+00:00,174494.13516,920,135422.5,125049.8093
2026-03-22 14:00:00+00:00,0.9232,0.9241,0.9198,0.9208,598576.0,2026-03-22 14:04:59.999000+00:00,551687.94597,2410,248987.0,229519.09129
2026-03-22 14:05:00+00:00,0.9208,0.9217,0.9202,0.9217,279456.0,2026-03-22 14:09:59.999000+00:00,257361.51109,1250,157789.6,145312.01681
2026-03-22 14:10:00+00:00,0.9218,0.9233,0.9217,0.923,175701.7,2026-03-22 14:14:59.999000+00:00,162093.80403,1143,106041.9,97827.82595
2026-03-22 14:15:00+00:00,0.9229,0.9233,0.9218,0.922,142969.5,2026-03-22 14:19:59.999000+00:00,131876.08803,956,47872.6,44152.66666
2026-03-22 14:20:00+00:00,0.922,0.9256,0.9217,0.9247,410716.6,2026-03-22 14:24:59.999000+00:00,379304.62835,1595,227579.7,210229.51145
2026-03-22 14:25:00+00:00,0.9247,0.9249,0.9225,0.9231,522700.5,2026-03-22 14:29:59.999000+00:00,482581.76956,1540,176851.1,163295.31004
2026-03-22 14:30:00+00:00,0.9232,0.9236,0.9226,0.9227,554228.5,2026-03-22 14:34:59.999000+00:00,511744.45529,1282,278238.3,256946.00123
2026-03-22 14:35:00+00:00,0.9227,0.9251,0.9226,0.9238,2476379.4,2026-03-22 14:39:59.999000+00:00,2287319.23984,2035,2213938.4,2044858.88336
2026-03-22 14:40:00+00:00,0.9239,0.9245,0.9229,0.9236,400538.6,2026-03-22 14:44:59.999000+00:00,370021.96958,1540,181013.9,167235.03171
2026-03-22 14:45:00+00:00,0.9236,0.9236,0.9212,0.9217,224633.2,2026-03-22 14:49:59.999000+00:00,207190.17094,1152,46038.7,42465.33524
2026-03-22 14:50:00+00:00,0.9217,0.9219,0.921,0.9212,129518.3,2026-03-22 14:54:59.999000+00:00,119358.65586,953,56150.6,51744.79687
2026-03-22 14:55:00+00:00,0.9212,0.9213,0.9203,0.9212,227680.7,2026-03-22 14:59:59.999000+00:00,209683.71616,1105,80653.4,74283.24197
2026-03-22 15:00:00+00:00,0.9213,0.9238,0.9213,0.9225,270989.4,2026-03-22 15:04:59.999000+00:00,250105.09434,1708,148530.2,137083.49034
2026-03-22 15:05:00+00:00,0.9225,0.9248,0.9224,0.9241,294265.2,2026-03-22 15:09:59.999000+00:00,271896.99924,1877,151879.7,140315.20313
2026-03-22 15:10:00+00:00,0.924,0.9248,0.9234,0.9242,162997.5,2026-03-22 15:14:59.999000+00:00,150646.86812,1045,83963.2,77600.59507
2026-03-22 15:15:00+00:00,0.9242,0.9252,0.9236,0.9243,305710.1,2026-03-22 15:19:59.999000+00:00,282650.5377,1562,160402.3,148300.83305
2026-03-22 15:20:00+00:00,0.9244,0.9251,0.9227,0.9238,222537.5,2026-03-22 15:24:59.999000+00:00,205598.16382,1169,128057.0,118300.36636
2026-03-22 15:25:00+00:00,0.9237,0.9244,0.9233,0.924,185043.3,2026-03-22 15:29:59.999000+00:00,170941.78899,891,48961.1,45233.85191
2026-03-22 15:30:00+00:00,0.924,0.9244,0.923,0.923,392022.4,2026-03-22 15:34:59.999000+00:00,362085.56469,1134,103467.1,95592.85995
2026-03-22 15:35:00+00:00,0.923,0.9231,0.921,0.9218,325660.7,2026-03-22 15:39:59.999000+00:00,300238.11307,1405,155207.8,143084.09131
2026-03-22 15:40:00+00:00,0.9218,0.9237,0.9212,0.9229,804965.1,2026-03-22 15:44:59.999000+00:00,742901.6632,1571,641680.7,592287.40584
2026-03-22 15:45:00+00:00,0.9229,0.924,0.9226,0.924,246000.2,2026-03-22 15:49:59.999000+00:00,227114.09679,1008,119699.4,110524.16672
2026-03-22 15:50:00+00:00,0.9241,0.9249,0.9234,0.9244,339318.5,2026-03-22 15:54:59.999000+00:00,313640.14891,1484,138418.4,127929.97139
2026-03-22 15:55:00+00:00,0.9244,0.9255,0.9243,0.9251,275891.9,2026-03-22 15:59:59.999000+00:00,255153.3086,953,146420.4,135411.6141
2026-03-22 16:00:00+00:00,0.9252,0.9252,0.9235,0.9237,283290.0,2026-03-22 16:04:59.999000+00:00,261897.02699,1447,150628.6,139268.19363
2026-03-22 16:05:00+00:00,0.9237,0.9246,0.9231,0.9238,235420.8,2026-03-22 16:09:59.999000+00:00,217470.99769,1318,80518.1,74383.32012
2026-03-22 16:10:00+00:00,0.9238,0.9253,0.9237,0.9247,230198.0,2026-03-22 16:14:59.999000+00:00,212843.77269,1181,115157.3,106458.03835
2026-03-22 16:15:00+00:00,0.9248,0.9254,0.9239,0.9244,181832.8,2026-03-22 16:19:59.999000+00:00,168148.17438,1265,58332.1,53942.74284
2026-03-22 16:20:00+00:00,0.9244,0.9248,0.9235,0.9247,315755.8,2026-03-22 16:24:59.999000+00:00,291855.33674,953,235588.2,217754.94781
2026-03-22 16:25:00+00:00,0.9247,0.9247,0.9235,0.9239,106329.9,2026-03-22 16:29:59.999000+00:00,98241.69547,696,55550.0,51326.2724
2026-03-22 16:30:00+00:00,0.9239,0.9245,0.923,0.9235,222136.6,2026-03-22 16:34:59.999000+00:00,205214.33282,1044,72181.5,66682.89685
2026-03-22 16:35:00+00:00,0.9236,0.9246,0.9224,0.9224,157446.1,2026-03-22 16:39:59.999000+00:00,145434.99761,931,62942.5,58164.45431
2026-03-22 16:40:00+00:00,0.9224,0.9231,0.9218,0.9229,256212.7,2026-03-22 16:44:59.999000+00:00,236322.78102,1130,75384.3,69545.2607
2026-03-22 16:45:00+00:00,0.923,0.9251,0.9229,0.9241,202718.5,2026-03-22 16:49:59.999000+00:00,187311.32481,1189,125811.1,116251.4884
2026-03-22 16:50:00+00:00,0.9241,0.9247,0.9237,0.9237,128949.5,2026-03-22 16:54:59.999000+00:00,119171.47233,719,42209.7,39014.31327
2026-03-22 16:55:00+00:00,0.9236,0.9239,0.9231,0.9231,118754.5,2026-03-22 16:59:59.999000+00:00,109671.59913,620,58681.7,54197.60909
2026-03-22 17:00:00+00:00,0.9231,0.9231,0.9202,0.921,1186305.1,2026-03-22 17:04:59.999000+00:00,1092939.68393,2743,321549.7,296231.28191
2026-03-22 17:05:00+00:00,0.921,0.9211,0.9183,0.9205,1631873.1,2026-03-22 17:09:59.999000+00:00,1500714.36696,2933,229943.0,211501.87742
2026-03-22 17:10:00+00:00,0.9206,0.9206,0.9195,0.9201,303807.2,2026-03-22 17:14:59.999000+00:00,279536.9399,1197,149920.1,137942.11847
2026-03-22 17:15:00+00:00,0.9201,0.9205,0.9193,0.9202,313007.5,2026-03-22 17:19:59.999000+00:00,287952.37472,1320,125244.9,115226.23846
2026-03-22 17:20:00+00:00,0.9203,0.9217,0.9202,0.9202,357821.1,2026-03-22 17:24:59.999000+00:00,329541.73588,1595,192584.8,177375.362
2026-03-22 17:25:00+00:00,0.9202,0.9204,0.9193,0.9204,429435.2,2026-03-22 17:29:59.999000+00:00,394977.84121,1485,93285.7,85812.86151
2026-03-22 17:30:00+00:00,0.9203,0.9211,0.9195,0.9203,146220.7,2026-03-22 17:34:59.999000+00:00,134574.11928,974,73241.1,67404.17932
2026-03-22 17:35:00+00:00,0.9203,0.9203,0.9181,0.9193,641265.9,2026-03-22 17:39:59.999000+00:00,589391.02069,1861,238620.1,219322.22511
2026-03-22 17:40:00+00:00,0.9194,0.92,0.9189,0.9198,201990.2,2026-03-22 17:44:59.999000+00:00,185761.94689,906,81641.3,75074.40914
2026-03-22 17:45:00+00:00,0.9198,0.9207,0.9195,0.9196,180396.1,2026-03-22 17:49:59.999000+00:00,165976.76695,821,83369.6,76714.72369
2026-03-22 17:50:00+00:00,0.9196,0.9212,0.9196,0.9207,190996.9,2026-03-22 17:54:59.999000+00:00,175849.61747,961,95940.1,88328.23819
2026-03-22 17:55:00+00:00,0.9207,0.9214,0.9203,0.9204,189507.8,2026-03-22 17:59:59.999000+00:00,174526.08433,866,108795.4,100191.05809
2026-03-22 18:00:00+00:00,0.9204,0.9204,0.9167,0.9186,951418.8,2026-03-22 18:04:59.999000+00:00,873476.81149,3048,484402.8,444877.19997
2026-03-22 18:05:00+00:00,0.9186,0.9198,0.9184,0.9195,522393.6,2026-03-22 18:09:59.999000+00:00,480090.12814,1610,162759.1,149601.05278
2026-03-22 18:10:00+00:00,0.9195,0.9198,0.9191,0.9197,150946.5,2026-03-22 18:14:59.999000+00:00,138797.27666,1020,60313.8,55458.92673
2026-03-22 18:15:00+00:00,0.9196,0.9197,0.9186,0.9187,129581.1,2026-03-22 18:19:59.999000+00:00,119086.85662,1059,47807.7,43934.58741
2026-03-22 18:20:00+00:00,0.9187,0.919,0.918,0.9182,89909.2,2026-03-22 18:24:59.999000+00:00,82563.55728,835,28448.1,26125.15448
2026-03-22 18:25:00+00:00,0.9182,0.9196,0.9177,0.9193,313189.8,2026-03-22 18:29:59.999000+00:00,287666.54547,902,160954.8,147855.18186
2026-03-22 18:30:00+00:00,0.9194,0.9208,0.9129,0.9145,2235349.8,2026-03-22 18:34:59.999000+00:00,2046511.13367,3835,618021.1,566378.27459
2026-03-22 18:35:00+00:00,0.9146,0.9156,0.9092,0.9137,2318129.3,2026-03-22 18:39:59.999000+00:00,2114770.65349,7172,862321.9,787127.16449
2026-03-22 18:40:00+00:00,0.9137,0.9149,0.913,0.9139,541004.6,2026-03-22 18:44:59.999000+00:00,494584.49525,1800,181434.2,165866.44138
2026-03-22 18:45:00+00:00,0.9138,0.9163,0.9132,0.9158,404899.0,2026-03-22 18:49:59.999000+00:00,370448.88819,1934,255593.0,233853.89974
2026-03-22 18:50:00+00:00,0.9158,0.9163,0.9143,0.9152,386345.2,2026-03-22 18:54:59.999000+00:00,353658.46426,1460,112956.2,103429.1023
2026-03-22 18:55:00+00:00,0.9152,0.9159,0.9137,0.915,1357291.3,2026-03-22 18:59:59.999000+00:00,1241829.5155,2140,1029725.8,942188.574
2026-03-22 19:00:00+00:00,0.9149,0.9151,0.9106,0.912,738870.4,2026-03-22 19:04:59.999000+00:00,674280.54284,2812,199595.5,182164.2385
2026-03-22 19:05:00+00:00,0.912,0.9136,0.912,0.9134,381614.0,2026-03-22 19:09:59.999000+00:00,348315.78402,1697,231027.0,210870.89818
2026-03-22 19:10:00+00:00,0.9135,0.9138,0.908,0.9096,1951429.2,2026-03-22 19:14:59.999000+00:00,1776777.8462,4317,593869.2,540695.43687
2026-03-22 19:15:00+00:00,0.9096,0.9107,0.9078,0.9086,1096810.7,2026-03-22 19:19:59.999000+00:00,997535.14767,3503,548110.9,498507.33804
2026-03-22 19:20:00+00:00,0.9086,0.9103,0.9082,0.909,335584.9,2026-03-22 19:24:59.999000+00:00,305129.71816,1861,181802.5,165296.0797
2026-03-22 19:25:00+00:00,0.909,0.9098,0.9082,0.9083,260964.1,2026-03-22 19:29:59.999000+00:00,237218.68214,1379,116928.0,106288.93881
2026-03-22 19:30:00+00:00,0.9083,0.9097,0.9071,0.9097,853899.7,2026-03-22 19:34:59.999000+00:00,775306.12294,3007,507975.0,461255.57284
2026-03-22 19:35:00+00:00,0.9098,0.9119,0.9098,0.9114,525578.1,2026-03-22 19:39:59.999000+00:00,478639.1105,2089,326336.3,297215.47601
2026-03-22 19:40:00+00:00,0.9114,0.9124,0.9109,0.9116,149380.7,2026-03-22 19:44:59.999000+00:00,136177.41517,1112,69255.8,63138.76211
2026-03-22 19:45:00+00:00,0.9115,0.9121,0.9082,0.9084,367698.7,2026-03-22 19:49:59.999000+00:00,334582.52911,1960,135012.3,122860.03456
2026-03-22 19:50:00+00:00,0.9085,0.9105,0.9085,0.9097,183193.1,2026-03-22 19:54:59.999000+00:00,166587.28669,1161,100866.9,91732.91817
2026-03-22 19:55:00+00:00,0.9097,0.9105,0.9097,0.9104,185346.4,2026-03-22 19:59:59.999000+00:00,168681.26201,869,117064.7,106541.41975
2026-03-22 20:00:00+00:00,0.9104,0.9139,0.9104,0.913,582092.0,2026-03-22 20:04:59.999000+00:00,531097.11262,2283,322771.3,294426.73916
2026-03-22 20:05:00+00:00,0.913,0.9134,0.912,0.9133,253223.1,2026-03-22 20:09:59.999000+00:00,231101.49663,1492,112589.2,102747.88432
2026-03-22 20:10:00+00:00,0.9132,0.9135,0.9125,0.9133,302855.3,2026-03-22 20:14:59.999000+00:00,276506.76188,1339,168531.3,153883.63247
2026-03-22 20:15:00+00:00,0.9132,0.9141,0.9122,0.9125,322435.3,2026-03-22 20:19:59.999000+00:00,294423.8698,1242,190181.8,173667.67354
2026-03-22 20:20:00+00:00,0.9124,0.9145,0.9124,0.9126,267766.9,2026-03-22 20:24:59.999000+00:00,244627.75177,1209,159126.1,145376.98491
2026-03-22 20:25:00+00:00,0.9126,0.9126,0.9107,0.9109,229743.1,2026-03-22 20:29:59.999000+00:00,209361.49483,1086,127550.5,116221.57701
2026-03-22 20:30:00+00:00,0.9109,0.9114,0.91,0.91,190639.0,2026-03-22 20:34:59.999000+00:00,173633.16874,1082,80935.8,73722.53685
2026-03-22 20:35:00+00:00,0.91,0.91,0.9073,0.9076,536293.9,2026-03-22 20:39:59.999000+00:00,487095.06553,1965,150303.9,136522.83332
2026-03-22 20:40:00+00:00,0.9076,0.9094,0.9076,0.9089,278162.2,2026-03-22 20:44:59.999000+00:00,252718.33988,1044,99554.8,90444.05615
2026-03-22 20:45:00+00:00,0.9089,0.9089,0.9079,0.908,205491.3,2026-03-22 20:49:59.999000+00:00,186649.05715,1199,87525.6,79503.28025
2026-03-22 20:50:00+00:00,0.9081,0.9083,0.9045,0.9063,1423208.4,2026-03-22 20:54:59.999000+00:00,1289086.90702,3524,387387.4,350934.93955
2026-03-22 20:55:00+00:00,0.9063,0.9064,0.9048,0.9051,1608504.0,2026-03-22 20:59:59.999000+00:00,1456405.56015,3264,617581.1,559172.88076
2026-03-22 21:00:00+00:00,0.905,0.9062,0.9023,0.9028,1133176.0,2026-03-22 21:04:59.999000+00:00,1024285.72155,4202,271399.8,245341.22053
2026-03-22 21:05:00+00:00,0.9028,0.9046,0.8929,0.9036,6499987.5,2026-03-22 21:09:59.999000+00:00,5840768.00763,12805,2613638.3,2350214.46837
2026-03-22 21:10:00+00:00,0.9037,0.904,0.8983,0.9002,1228825.9,2026-03-22 21:14:59.999000+00:00,1106448.88289,3495,736948.3,663484.30205
2026-03-22 21:15:00+00:00,0.9003,0.9006,0.8943,0.8951,2764133.2,2026-03-22 21:19:59.999000+00:00,2479068.95211,7047,1184096.8,1061993.73454
2026-03-22 21:20:00+00:00,0.8951,0.8979,0.893,0.8974,1117590.8,2026-03-22 21:24:59.999000+00:00,1000503.64268,3336,444253.8,397817.94157
2026-03-22 21:25:00+00:00,0.8974,0.9012,0.8968,0.9004,674866.1,2026-03-22 21:29:59.999000+00:00,607064.63863,2126,369195.8,332184.45309
2026-03-22 21:30:00+00:00,0.9003,0.9009,0.8987,0.899,787667.0,2026-03-22 21:34:59.999000+00:00,708811.36026,2076,414568.3,373047.95159
2026-03-22 21:35:00+00:00,0.899,0.9022,0.8977,0.902,830403.2,2026-03-22 21:39:59.999000+00:00,746837.32216,2063,493589.4,444033.81386
2026-03-22 21:40:00+00:00,0.9021,0.9033,0.9007,0.9015,314804.8,2026-03-22 21:44:59.999000+00:00,283867.57231,1511,187275.1,168891.72725
2026-03-22 21:45:00+00:00,0.9014,0.902,0.8984,0.9002,549643.1,2026-03-22 21:49:59.999000+00:00,494777.91468,1832,348293.6,313424.48437
2026-03-22 21:50:00+00:00,0.9002,0.9017,0.8999,0.9012,183970.5,2026-03-22 21:54:59.999000+00:00,165703.36067,874,58457.1,52652.42491
2026-03-22 21:55:00+00:00,0.9011,0.9011,0.8994,0.9009,263827.3,2026-03-22 21:59:59.999000+00:00,237536.62006,1210,187463.0,168786.92727
2026-03-22 22:00:00+00:00,0.9009,0.9023,0.8951,0.9012,1442595.4,2026-03-22 22:04:59.999000+00:00,1297379.58298,5189,470887.0,423271.77446
2026-03-22 22:05:00+00:00,0.9013,0.9051,0.9004,0.9049,1044372.7,2026-03-22 22:09:59.999000+00:00,942470.61472,3680,788709.8,711739.81531
2026-03-22 22:10:00+00:00,0.9049,0.9056,0.9004,0.9009,604569.9,2026-03-22 22:14:59.999000+00:00,545724.64637,3238,295195.0,266584.11296
2026-03-22 22:15:00+00:00,0.9009,0.9053,0.9003,0.9043,891617.0,2026-03-22 22:19:59.999000+00:00,805527.46145,2947,368350.6,332733.27822
2026-03-22 22:20:00+00:00,0.9043,0.908,0.9037,0.9075,1025473.6,2026-03-22 22:24:59.999000+00:00,929079.40128,3316,679400.4,615565.79269
2026-03-22 22:25:00+00:00,0.9073,0.9115,0.9068,0.9087,1309050.8,2026-03-22 22:29:59.999000+00:00,1189178.69257,3351,577466.9,524746.71718
2026-03-22 22:30:00+00:00,0.9087,0.91,0.9077,0.9079,542303.4,2026-03-22 22:34:59.999000+00:00,492825.06863,2373,226012.5,205429.60637
2026-03-22 22:35:00+00:00,0.9079,0.9088,0.9056,0.9066,1386793.0,2026-03-22 22:39:59.999000+00:00,1258336.39452,3007,574364.6,521243.68251
2026-03-22 22:40:00+00:00,0.9066,0.9067,0.9054,0.9062,512976.7,2026-03-22 22:44:59.999000+00:00,464813.64412,1567,149599.9,135571.84124
2026-03-22 22:45:00+00:00,0.9063,0.9087,0.9062,0.9084,447484.6,2026-03-22 22:49:59.999000+00:00,406034.45173,1631,339991.0,308495.08874
2026-03-22 22:50:00+00:00,0.9084,0.9108,0.9082,0.9093,504860.1,2026-03-22 22:54:59.999000+00:00,459280.77327,1795,373142.3,339495.57172
2026-03-22 22:55:00+00:00,0.9094,0.9108,0.9092,0.9106,239713.5,2026-03-22 22:59:59.999000+00:00,218122.97403,1214,186846.4,170026.45763
2026-03-22 23:00:00+00:00,0.9107,0.9124,0.9096,0.9111,669530.1,2026-03-22 23:04:59.999000+00:00,609851.4134,2637,309952.7,282428.5447
2026-03-22 23:05:00+00:00,0.911,0.9116,0.909,0.9103,325827.3,2026-03-22 23:09:59.999000+00:00,296617.60549,1655,187481.8,170695.42976
2026-03-22 23:10:00+00:00,0.9103,0.9137,0.9097,0.9106,575350.3,2026-03-22 23:14:59.999000+00:00,524473.55324,2366,289221.1,263717.62825
2026-03-22 23:15:00+00:00,0.9106,0.9108,0.9087,0.909,471268.2,2026-03-22 23:19:59.999000+00:00,428753.25849,1592,213531.0,194285.56988
2026-03-22 23:20:00+00:00,0.909,0.9092,0.9077,0.909,396984.7,2026-03-22 23:24:59.999000+00:00,360711.28895,1454,252599.4,229529.03037
2026-03-22 23:25:00+00:00,0.909,0.9094,0.9081,0.9081,137755.7,2026-03-22 23:29:59.999000+00:00,125176.58112,879,53308.2,48444.42616
2026-03-22 23:30:00+00:00,0.9081,0.9086,0.9057,0.9063,495904.2,2026-03-22 23:34:59.999000+00:00,449867.30806,1810,230628.3,209199.21368
2026-03-22 23:35:00+00:00,0.9064,0.9077,0.9062,0.9071,174232.0,2026-03-22 23:39:59.999000+00:00,158016.29528,1211,92915.9,84256.74843
2026-03-22 23:40:00+00:00,0.9071,0.9084,0.9065,0.9075,248284.8,2026-03-22 23:44:59.999000+00:00,225314.54033,983,100943.5,91624.91535
2026-03-22 23:45:00+00:00,0.9076,0.9076,0.9048,0.905,397016.3,2026-03-22 23:49:59.999000+00:00,359775.04759,1907,97616.2,88473.87106
2026-03-22 23:50:00+00:00,0.905,0.9056,0.9028,0.9033,402886.5,2026-03-22 23:54:59.999000+00:00,364204.71014,1704,124648.8,112740.38907
2026-03-22 23:55:00+00:00,0.9034,0.9049,0.9033,0.9048,517749.2,2026-03-22 23:59:59.999000+00:00,468088.85028,1449,286349.5,258874.24289
2026-03-23 00:00:00+00:00,0.9049,0.9084,0.9048,0.9052,935122.3,2026-03-23 00:04:59.999000+00:00,847365.32442,3532,478763.1,433850.80524
2026-03-23 00:05:00+00:00,0.9052,0.9068,0.903,0.9054,541949.5,2026-03-23 00:09:59.999000+00:00,490372.91829,2726,292188.5,264323.24426
2026-03-23 00:10:00+00:00,0.9055,0.9082,0.9049,0.9055,393383.3,2026-03-23 00:14:59.999000+00:00,356660.74075,2365,160264.3,145299.66937
2026-03-23 00:15:00+00:00,0.9056,0.9066,0.9038,0.9058,331888.9,2026-03-23 00:19:59.999000+00:00,300512.70881,2124,171055.7,154899.69459
2026-03-23 00:20:00+00:00,0.9058,0.907,0.9054,0.9067,644697.7,2026-03-23 00:24:59.999000+00:00,584312.38278,1536,455965.0,413257.34073
2026-03-23 00:25:00+00:00,0.9067,0.908,0.9055,0.906,325207.3,2026-03-23 00:29:59.999000+00:00,294956.18063,1467,114602.6,103936.46307
2026-03-23 00:30:00+00:00,0.906,0.9064,0.9034,0.9037,310002.9,2026-03-23 00:34:59.999000+00:00,280443.7138,1812,101564.5,91891.12616
2026-03-23 00:35:00+00:00,0.9038,0.9043,0.9003,0.9007,848448.9,2026-03-23 00:39:59.999000+00:00,765282.13812,3600,295114.4,266268.33067
2026-03-23 00:40:00+00:00,0.9007,0.9053,0.8987,0.9047,1037236.5,2026-03-23 00:44:59.999000+00:00,935185.02113,3713,526196.4,474554.4848
2026-03-23 00:45:00+00:00,0.9047,0.9069,0.9046,0.9064,344401.5,2026-03-23 00:49:59.999000+00:00,311973.69172,2021,178081.9,161317.72802
2026-03-23 00:50:00+00:00,0.9063,0.908,0.9038,0.9042,1139226.3,2026-03-23 00:54:59.999000+00:00,1032688.85914,2810,416175.0,377162.4152
2026-03-23 00:55:00+00:00,0.9042,0.9062,0.903,0.9052,302206.3,2026-03-23 00:59:59.999000+00:00,273291.80061,2590,181226.5,163903.09482
2026-03-23 01:00:00+00:00,0.9052,0.9064,0.9031,0.9053,419292.7,2026-03-23 01:04:59.999000+00:00,379163.06597,2397,236472.9,213799.96821
2026-03-23 01:05:00+00:00,0.9052,0.9092,0.9044,0.9081,677735.8,2026-03-23 01:09:59.999000+00:00,615201.63669,2993,329193.2,298854.09742
2026-03-23 01:10:00+00:00,0.9081,0.9081,0.9064,0.9076,209059.0,2026-03-23 01:14:59.999000+00:00,189679.35456,1885,150049.9,136132.72905
2026-03-23 01:15:00+00:00,0.9076,0.9108,0.9075,0.9096,566229.0,2026-03-23 01:19:59.999000+00:00,514860.52293,2532,251560.2,228753.40684
2026-03-23 01:20:00+00:00,0.9097,0.9113,0.908,0.9106,483996.3,2026-03-23 01:24:59.999000+00:00,440437.96906,2135,222936.1,202929.82069
2026-03-23 01:25:00+00:00,0.9106,0.9108,0.9098,0.9099,194352.3,2026-03-23 01:29:59.999000+00:00,176931.47508,992,121754.2,110842.45786
2026-03-23 01:30:00+00:00,0.9099,0.9108,0.9084,0.9091,380981.0,2026-03-23 01:34:59.999000+00:00,346629.86611,1776,153686.3,139860.01662
2026-03-23 01:35:00+00:00,0.9092,0.9119,0.9086,0.9107,295549.5,2026-03-23 01:39:59.999000+00:00,269060.14905,1600,159681.2,145359.71828
2026-03-23 01:40:00+00:00,0.9108,0.911,0.9087,0.9101,246072.5,2026-03-23 01:44:59.999000+00:00,223862.43073,1315,81303.3,73981.83138
2026-03-23 01:45:00+00:00,0.9101,0.9112,0.9081,0.9084,407522.4,2026-03-23 01:49:59.999000+00:00,370784.65039,1657,156340.4,142278.98106
2026-03-23 01:50:00+00:00,0.9084,0.9102,0.9075,0.9083,503657.4,2026-03-23 01:54:59.999000+00:00,457555.52934,1835,134512.5,122236.22342
2026-03-23 01:55:00+00:00,0.9083,0.9091,0.9079,0.908,275527.7,2026-03-23 01:59:59.999000+00:00,250267.60144,1086,86340.4,78436.4606
2026-03-23 02:00:00+00:00,0.9081,0.909,0.908,0.9089,341925.9,2026-03-23 02:04:59.999000+00:00,310656.00641,1990,207711.4,188708.39983
2026-03-23 02:05:00+00:00,0.909,0.9114,0.9085,0.911,435131.3,2026-03-23 02:09:59.999000+00:00,395836.39336,2171,253736.9,230829.60203
2026-03-23 02:10:00+00:00,0.9109,0.9118,0.9065,0.9068,549301.7,2026-03-23 02:14:59.999000+00:00,499441.06623,2483,217849.2,198105.92788
2026-03-23 02:15:00+00:00,0.9068,0.9084,0.9063,0.908,200026.1,2026-03-23 02:19:59.999000+00:00,181438.44586,1523,75658.0,68643.85353
2026-03-23 02:20:00+00:00,0.908,0.9105,0.9078,0.91,345776.8,2026-03-23 02:24:59.999000+00:00,314408.10003,1708,223809.4,203531.98935
2026-03-23 02:25:00+00:00,0.91,0.9167,0.9099,0.9162,3748319.4,2026-03-23 02:29:59.999000+00:00,3425267.88323,4762,1265687.0,1157118.94319
2026-03-23 02:30:00+00:00,0.9161,0.9163,0.914,0.9147,487985.6,2026-03-23 02:34:59.999000+00:00,446524.67167,2367,253122.1,231622.65563
2026-03-23 02:35:00+00:00,0.9146,0.9152,0.9132,0.9133,353208.4,2026-03-23 02:39:59.999000+00:00,322911.88561,1683,188712.4,172536.68995
2026-03-23 02:40:00+00:00,0.9133,0.9158,0.9127,0.9127,386211.3,2026-03-23 02:44:59.999000+00:00,353023.06738,1920,270231.4,247016.14197
2026-03-23 02:45:00+00:00,0.9127,0.9129,0.912,0.9123,383500.8,2026-03-23 02:49:59.999000+00:00,349949.79926,1446,169430.6,154616.96066
2026-03-23 02:50:00+00:00,0.9122,0.9126,0.9105,0.9112,219320.8,2026-03-23 02:54:59.999000+00:00,199951.28976,1069,68157.4,62137.85031
2026-03-23 02:55:00+00:00,0.9112,0.9128,0.9104,0.9126,565358.3,2026-03-23 02:59:59.999000+00:00,515586.89687,1242,371492.8,338846.6923
2026-03-23 03:00:00+00:00,0.9126,0.9186,0.9126,0.9163,1201258.9,2026-03-23 03:04:59.999000+00:00,1100955.07448,4503,839549.4,769492.9885
2026-03-23 03:05:00+00:00,0.9163,0.9167,0.9146,0.9151,431359.0,2026-03-23 03:09:59.999000+00:00,394973.34662,1885,199982.9,183172.99772
2026-03-23 03:10:00+00:00,0.9152,0.9153,0.9125,0.9125,583035.6,2026-03-23 03:14:59.999000+00:00,532645.5589,1993,290310.5,265292.6789
2026-03-23 03:15:00+00:00,0.9126,0.9127,0.9106,0.9109,290130.8,2026-03-23 03:19:59.999000+00:00,264472.89096,1338,189042.5,172334.33299
2026-03-23 03:20:00+00:00,0.9109,0.9127,0.9107,0.9116,209722.0,2026-03-23 03:24:59.999000+00:00,191175.98347,988,122337.7,111515.49311
2026-03-23 03:25:00+00:00,0.9115,0.9119,0.9103,0.9108,217821.5,2026-03-23 03:29:59.999000+00:00,198455.7021,902,75153.3,68483.25086
2026-03-23 03:30:00+00:00,0.9109,0.9111,0.9098,0.911,206562.6,2026-03-23 03:34:59.999000+00:00,188023.80749,1362,79047.9,71955.59975
2026-03-23 03:35:00+00:00,0.911,0.9112,0.9099,0.9107,259179.7,2026-03-23 03:39:59.999000+00:00,235981.89293,1161,107118.2,97519.96685
2026-03-23 03:40:00+00:00,0.9106,0.9109,0.91,0.9105,213964.7,2026-03-23 03:44:59.999000+00:00,194805.72782,900,75949.9,69149.60413
2026-03-23 03:45:00+00:00,0.9104,0.9105,0.9094,0.9099,392111.6,2026-03-23 03:49:59.999000+00:00,356814.24995,1265,221918.3,201929.95357
2026-03-23 03:50:00+00:00,0.9098,0.9106,0.9091,0.9091,213069.3,2026-03-23 03:54:59.999000+00:00,193842.8242,1006,105758.6,96203.93609
2026-03-23 03:55:00+00:00,0.9091,0.9096,0.9086,0.9088,130540.6,2026-03-23 03:59:59.999000+00:00,118666.64691,819,49325.7,44841.82438
2026-03-23 04:00:00+00:00,0.9088,0.9097,0.9075,0.9079,264892.2,2026-03-23 04:04:59.999000+00:00,240616.7958,1738,101626.3,92316.95516
2026-03-23 04:05:00+00:00,0.908,0.9094,0.9078,0.9086,356171.5,2026-03-23 04:09:59.999000+00:00,323578.27963,1914,241364.9,219271.40908
2026-03-23 04:10:00+00:00,0.9085,0.9106,0.9084,0.9094,507350.2,2026-03-23 04:14:59.999000+00:00,461603.64653,2219,351123.4,319452.26996
2026-03-23 04:15:00+00:00,0.9094,0.9102,0.9086,0.9101,152676.6,2026-03-23 04:19:59.999000+00:00,138823.74744,1022,85878.5,78087.65346
2026-03-23 04:20:00+00:00,0.9101,0.9111,0.9098,0.91,317571.4,2026-03-23 04:24:59.999000+00:00,289102.99707,1091,110320.1,100441.96605
2026-03-23 04:25:00+00:00,0.91,0.9105,0.9093,0.9104,122778.3,2026-03-23 04:29:59.999000+00:00,111706.93319,715,66796.9,60778.61672
2026-03-23 04:30:00+00:00,0.9105,0.9109,0.9092,0.9103,160815.6,2026-03-23 04:34:59.999000+00:00,146352.74299,1232,65681.3,59779.45658
2026-03-23 04:35:00+00:00,0.9103,0.9127,0.9103,0.9126,239993.4,2026-03-23 04:39:59.999000+00:00,218843.79152,1210,132980.9,121234.53861
2026-03-23 04:40:00+00:00,0.9125,0.9132,0.9118,0.912,286395.2,2026-03-23 04:44:59.999000+00:00,261359.48718,1308,129518.6,118213.08207
2026-03-23 04:45:00+00:00,0.912,0.9137,0.9118,0.9127,225340.1,2026-03-23 04:49:59.999000+00:00,205664.97813,1202,136388.8,124495.13132
2026-03-23 04:50:00+00:00,0.9126,0.9153,0.9121,0.9151,355321.9,2026-03-23 04:54:59.999000+00:00,324713.01309,1499,222389.3,203265.87267
2026-03-23 04:55:00+00:00,0.915,0.9156,0.914,0.9147,386451.8,2026-03-23 04:59:59.999000+00:00,353519.6526,1431,231751.2,211991.03685
2026-03-23 05:00:00+00:00,0.9147,0.9176,0.9145,0.9158,638563.8,2026-03-23 05:04:59.999000+00:00,584996.83936,2799,383392.6,351266.68914
2026-03-23 05:05:00+00:00,0.9158,0.9171,0.9153,0.9159,296304.7,2026-03-23 05:09:59.999000+00:00,271473.20506,1681,220482.9,202020.55666
2026-03-23 05:10:00+00:00,0.9159,0.9174,0.9152,0.917,249781.9,2026-03-23 05:14:59.999000+00:00,228797.8264,1308,142157.2,130232.56573
2026-03-23 05:15:00+00:00,0.917,0.9174,0.9148,0.9163,273962.8,2026-03-23 05:19:59.999000+00:00,251042.03022,1576,128734.8,117955.1013
2026-03-23 05:20:00+00:00,0.9162,0.9162,0.9142,0.9142,294965.3,2026-03-23 05:24:59.999000+00:00,269837.43448,1107,152447.2,139478.80589
2026-03-23 05:25:00+00:00,0.9143,0.9145,0.9138,0.9142,277798.7,2026-03-23 05:29:59.999000+00:00,253940.35789,930,125192.1,114445.69461
2026-03-23 05:30:00+00:00,0.9142,0.9143,0.912,0.9127,421273.8,2026-03-23 05:34:59.999000+00:00,384494.48252,1537,219375.8,200189.42786
2026-03-23 05:35:00+00:00,0.9127,0.9154,0.9127,0.9136,442185.3,2026-03-23 05:39:59.999000+00:00,404201.83921,1790,275401.2,251710.5493
2026-03-23 05:40:00+00:00,0.9135,0.9136,0.9121,0.9126,195188.5,2026-03-23 05:44:59.999000+00:00,178174.11784,1038,76954.0,70258.5687
2026-03-23 05:45:00+00:00,0.9125,0.9129,0.9117,0.9122,294457.1,2026-03-23 05:49:59.999000+00:00,268627.99888,1110,115396.8,105296.52015
2026-03-23 05:50:00+00:00,0.9122,0.9137,0.9114,0.9135,279483.1,2026-03-23 05:54:59.999000+00:00,255096.45548,1368,183248.1,167262.82359
2026-03-23 05:55:00+00:00,0.9135,0.9157,0.9135,0.9147,390309.9,2026-03-23 05:59:59.999000+00:00,357085.52098,1198,251193.5,229844.18385
2026-03-23 06:00:00+00:00,0.9146,0.9146,0.9095,0.91,473324.6,2026-03-23 06:04:59.999000+00:00,431231.47362,2208,144589.3,131763.21793
2026-03-23 06:05:00+00:00,0.91,0.9101,0.9087,0.9095,352144.6,2026-03-23 06:09:59.999000+00:00,320270.46426,1633,204512.3,186000.38721
2026-03-23 06:10:00+00:00,0.9096,0.9104,0.9069,0.9083,400295.2,2026-03-23 06:14:59.999000+00:00,363743.62684,1819,166843.0,151688.30316
2026-03-23 06:15:00+00:00,0.9082,0.9099,0.908,0.9091,389500.6,2026-03-23 06:19:59.999000+00:00,354088.39648,1697,248254.1,225710.55337
2026-03-23 06:20:00+00:00,0.9091,0.9094,0.9078,0.9091,229780.9,2026-03-23 06:24:59.999000+00:00,208754.14946,1121,127901.1,116214.73087
2026-03-23 06:25:00+00:00,0.909,0.9102,0.9087,0.9098,239265.9,2026-03-23 06:29:59.999000+00:00,217640.39137,1132,157248.3,143040.5943
2026-03-23 06:30:00+00:00,0.9098,0.9098,0.9077,0.9083,261435.1,2026-03-23 06:34:59.999000+00:00,237513.13547,1210,118341.3,107501.63074
2026-03-23 06:35:00+00:00,0.9083,0.9084,0.9022,0.9032,991738.8,2026-03-23 06:39:59.999000+00:00,897505.52182,3335,322917.2,292108.11234
2026-03-23 06:40:00+00:00,0.9032,0.9059,0.8994,0.9013,3098143.3,2026-03-23 06:44:59.999000+00:00,2792917.56346,5925,1778102.3,1602817.95021
2026-03-23 06:45:00+00:00,0.9013,0.9025,0.8987,0.9003,1007100.4,2026-03-23 06:49:59.999000+00:00,907153.77494,3365,440397.8,396764.94261
2026-03-23 06:50:00+00:00,0.9003,0.9025,0.8994,0.9015,484093.9,2026-03-23 06:54:59.999000+00:00,436240.77992,1975,258690.5,233127.73778
2026-03-23 06:55:00+00:00,0.9014,0.9024,0.9,0.901,286331.0,2026-03-23 06:59:59.999000+00:00,257975.29181,1511,122091.1,110011.74717
2026-03-23 07:00:00+00:00,0.9011,0.9014,0.8975,0.8977,1143857.1,2026-03-23 07:04:59.999000+00:00,1028552.21436,3445,561927.6,505401.74472
2026-03-23 07:05:00+00:00,0.8978,0.9001,0.8948,0.8981,1170953.8,2026-03-23 07:09:59.999000+00:00,1050585.8024,4856,549048.0,492869.87946
2026-03-23 07:10:00+00:00,0.8982,0.8994,0.8973,0.8976,406052.2,2026-03-23 07:14:59.999000+00:00,364866.3813,2231,178506.6,160415.00648
2026-03-23 07:15:00+00:00,0.8976,0.8982,0.8957,0.8973,540437.7,2026-03-23 07:19:59.999000+00:00,484708.03942,2332,232853.7,208848.63022
2026-03-23 07:20:00+00:00,0.8973,0.8973,0.8903,0.8911,1282400.7,2026-03-23 07:24:59.999000+00:00,1144962.89174,4557,443073.1,395430.46636
2026-03-23 07:25:00+00:00,0.8912,0.8941,0.8911,0.8932,490682.0,2026-03-23 07:29:59.999000+00:00,437942.17938,2158,298827.3,266718.80797
2026-03-23 07:30:00+00:00,0.8931,0.8972,0.892,0.8959,580235.7,2026-03-23 07:34:59.999000+00:00,518992.43103,2831,340449.4,304546.00676
2026-03-23 07:35:00+00:00,0.8959,0.901,0.8958,0.8995,801838.7,2026-03-23 07:39:59.999000+00:00,720477.77506,3096,457498.5,411142.43896
2026-03-23 07:40:00+00:00,0.8995,0.9014,0.8989,0.9013,478064.2,2026-03-23 07:44:59.999000+00:00,430310.50785,1775,226062.4,203525.1645
2026-03-23 07:45:00+00:00,0.9013,0.9016,0.8994,0.8996,746700.1,2026-03-23 07:49:59.999000+00:00,672686.78813,2451,292443.2,263506.98694
2026-03-23 07:50:00+00:00,0.8997,0.9004,0.8991,0.8998,250965.4,2026-03-23 07:54:59.999000+00:00,225777.34491,1394,97013.6,87274.84369
2026-03-23 07:55:00+00:00,0.8998,0.9002,0.8984,0.8991,237050.7,2026-03-23 07:59:59.999000+00:00,213177.03404,1248,121316.5,109103.14901
2026-03-23 08:00:00+00:00,0.8992,0.9018,0.8987,0.9013,383342.3,2026-03-23 08:04:59.999000+00:00,345083.173,2218,181542.3,163407.73746
2026-03-23 08:05:00+00:00,0.9013,0.9036,0.9007,0.9027,509932.2,2026-03-23 08:09:59.999000+00:00,460197.55931,2812,234436.0,211572.42186
2026-03-23 08:10:00+00:00,0.9027,0.9036,0.9015,0.9028,507141.8,2026-03-23 08:14:59.999000+00:00,457744.80028,2479,168554.0,152143.99815
2026-03-23 08:15:00+00:00,0.9027,0.9035,0.8998,0.9003,418058.7,2026-03-23 08:19:59.999000+00:00,376852.31227,2347,135553.6,122220.02492
2026-03-23 08:20:00+00:00,0.9004,0.9014,0.899,0.9007,288708.8,2026-03-23 08:24:59.999000+00:00,259958.65917,1716,121185.7,109130.1748
2026-03-23 08:25:00+00:00,0.9006,0.9012,0.9003,0.9004,148392.1,2026-03-23 08:29:59.999000+00:00,133662.03551,966,62624.8,56412.0161
2026-03-23 08:30:00+00:00,0.9004,0.9018,0.8985,0.899,691216.0,2026-03-23 08:34:59.999000+00:00,622315.33519,2274,338066.8,304497.3837
2026-03-23 08:35:00+00:00,0.8991,0.8992,0.8977,0.8983,222957.4,2026-03-23 08:39:59.999000+00:00,200316.35161,1253,76436.6,68685.78108
2026-03-23 08:40:00+00:00,0.8983,0.8993,0.8969,0.8981,239347.1,2026-03-23 08:44:59.999000+00:00,214951.61464,1248,98473.8,88480.51686
2026-03-23 08:45:00+00:00,0.8982,0.8983,0.8965,0.8967,382687.3,2026-03-23 08:49:59.999000+00:00,343431.8799,1594,98458.4,88373.72249
2026-03-23 08:50:00+00:00,0.8966,0.8978,0.8961,0.8967,164443.6,2026-03-23 08:54:59.999000+00:00,147479.45093,1184,74027.4,66395.22099
2026-03-23 08:55:00+00:00,0.8967,0.8967,0.8936,0.8953,1701097.1,2026-03-23 08:59:59.999000+00:00,1522669.2451,2492,1042134.0,932762.2583
2026-03-23 09:00:00+00:00,0.8954,0.8961,0.8946,0.8947,1233398.7,2026-03-23 09:04:59.999000+00:00,1104235.6586,2608,830291.6,743341.07695
2026-03-23 09:05:00+00:00,0.8948,0.8952,0.8933,0.8947,451588.8,2026-03-23 09:09:59.999000+00:00,403755.02555,2347,163807.9,146453.43448
2026-03-23 09:10:00+00:00,0.8947,0.8968,0.8943,0.8967,814779.4,2026-03-23 09:14:59.999000+00:00,729820.16571,2290,601737.3,539057.25897
2026-03-23 09:15:00+00:00,0.8968,0.8977,0.8951,0.8962,1457463.0,2026-03-23 09:19:59.999000+00:00,1306681.7172,2634,314926.4,282387.31731
2026-03-23 09:20:00+00:00,0.8963,0.8982,0.8952,0.8954,324440.3,2026-03-23 09:24:59.999000+00:00,290954.19636,1545,162339.2,145593.74053
2026-03-23 09:25:00+00:00,0.8954,0.897,0.8944,0.8968,429591.3,2026-03-23 09:29:59.999000+00:00,384691.01064,1563,255390.0,228629.01075
2026-03-23 09:30:00+00:00,0.8968,0.8969,0.8929,0.8931,445785.2,2026-03-23 09:34:59.999000+00:00,398834.47984,1786,84923.8,75993.49852
2026-03-23 09:35:00+00:00,0.8931,0.8964,0.8914,0.8952,579522.3,2026-03-23 09:39:59.999000+00:00,517427.52293,2469,336494.5,300533.35822
2026-03-23 09:40:00+00:00,0.8951,0.8971,0.8947,0.8965,551637.2,2026-03-23 09:44:59.999000+00:00,494149.03817,1619,420965.1,377076.60759
2026-03-23 09:45:00+00:00,0.8965,0.8983,0.8964,0.8975,278573.0,2026-03-23 09:49:59.999000+00:00,250024.1764,1270,182279.5,163602.68215
2026-03-23 09:50:00+00:00,0.8976,0.8989,0.8973,0.8989,400118.2,2026-03-23 09:54:59.999000+00:00,359371.79445,995,286279.2,257152.75006
2026-03-23 09:55:00+00:00,0.8989,0.9012,0.8989,0.9006,434508.7,2026-03-23 09:59:59.999000+00:00,391161.20815,1604,296302.3,266731.16972
2026-03-23 10:00:00+00:00,0.9007,0.9033,0.9,0.9032,821461.8,2026-03-23 10:04:59.999000+00:00,740616.90393,2262,614078.0,553654.80984
2026-03-23 10:05:00+00:00,0.9032,0.9068,0.9026,0.9059,847299.4,2026-03-23 10:09:59.999000+00:00,766551.70392,3284,493833.0,446822.03734
2026-03-23 10:10:00+00:00,0.9058,0.9066,0.9048,0.9049,1023222.0,2026-03-23 10:14:59.999000+00:00,927091.33059,2344,597275.1,541205.66088
2026-03-23 10:15:00+00:00,0.9049,0.9056,0.9035,0.9038,488650.4,2026-03-23 10:19:59.999000+00:00,442150.75711,1780,257624.1,233132.65227
2026-03-23 10:20:00+00:00,0.9039,0.9039,0.9025,0.9029,378396.7,2026-03-23 10:24:59.999000+00:00,341672.65347,1477,204775.4,184910.77624
2026-03-23 10:25:00+00:00,0.903,0.903,0.9011,0.9013,516282.3,2026-03-23 10:29:59.999000+00:00,465615.52724,1265,179673.4,162046.19758
2026-03-23 10:30:00+00:00,0.9013,0.9015,0.9001,0.9003,270072.6,2026-03-23 10:34:59.999000+00:00,243306.76519,1389,70601.7,63618.51163
2026-03-23 10:35:00+00:00,0.9002,0.9009,0.899,0.8994,326698.6,2026-03-23 10:39:59.999000+00:00,293997.40566,1520,110985.2,99883.59461
2026-03-23 10:40:00+00:00,0.8994,0.9009,0.8988,0.8998,262939.3,2026-03-23 10:44:59.999000+00:00,236555.31774,1274,135381.8,121800.6209
2026-03-23 10:45:00+00:00,0.8998,0.8999,0.899,0.8995,145790.9,2026-03-23 10:49:59.999000+00:00,131124.69609,899,66678.5,59967.1736
2026-03-23 10:50:00+00:00,0.8995,0.9029,0.8995,0.9018,622433.1,2026-03-23 10:54:59.999000+00:00,561143.39681,2057,227059.3,204701.2889
2026-03-23 10:55:00+00:00,0.9017,0.9027,0.9016,0.902,109740.4,2026-03-23 10:59:59.999000+00:00,99010.52905,693,64056.4,57790.96903
2026-03-23 11:00:00+00:00,0.9021,0.9048,0.9016,0.9017,957178.3,2026-03-23 11:04:59.999000+00:00,864386.36365,2945,562374.7,507832.37432
2026-03-23 11:05:00+00:00,0.9017,0.9512,0.9017,0.9474,39780171.3,2026-03-23 11:09:59.999000+00:00,37144305.3536,64016,22173393.6,20682807.8178
2026-03-23 11:10:00+00:00,0.9475,0.9662,0.9409,0.9501,17267585.8,2026-03-23 11:14:59.999000+00:00,16458297.5776,37268,9321331.7,8881798.14679
2026-03-23 11:15:00+00:00,0.9502,0.958,0.9464,0.9467,7002472.4,2026-03-23 11:19:59.999000+00:00,6670987.68111,19529,3476411.7,3312334.16532
2026-03-23 11:20:00+00:00,0.9468,0.9489,0.9383,0.9415,3841806.5,2026-03-23 11:24:59.999000+00:00,3626026.70035,14609,1860377.0,1756374.64095
2026-03-23 11:25:00+00:00,0.9414,0.947,0.9414,0.9459,2374905.0,2026-03-23 11:29:59.999000+00:00,2242862.03096,9985,1280203.7,1208995.24522
2026-03-23 11:30:00+00:00,0.946,0.9525,0.946,0.9496,2566875.1,2026-03-23 11:34:59.999000+00:00,2438368.95771,9620,1432173.7,1360457.17379
2026-03-23 11:35:00+00:00,0.9496,0.9496,0.9441,0.9459,1899404.3,2026-03-23 11:39:59.999000+00:00,1797787.46258,9067,860159.1,814059.2709
2026-03-23 11:40:00+00:00,0.946,0.9505,0.9449,0.9478,1481548.8,2026-03-23 11:44:59.999000+00:00,1404764.13866,5902,885554.1,839623.07227
2026-03-23 11:45:00+00:00,0.9479,0.9491,0.9401,0.9473,2475600.4,2026-03-23 11:49:59.999000+00:00,2338045.22382,9517,1292126.5,1220517.51924
2026-03-23 11:50:00+00:00,0.9473,0.9491,0.9434,0.9479,998291.2,2026-03-23 11:54:59.999000+00:00,944379.86313,5187,503905.7,476757.03303
2026-03-23 11:55:00+00:00,0.948,0.9481,0.9396,0.9404,1659548.5,2026-03-23 11:59:59.999000+00:00,1562895.88838,6193,770630.2,725744.6188
2026-03-23 12:00:00+00:00,0.9404,0.9432,0.9324,0.941,4206234.7,2026-03-23 12:04:59.999000+00:00,3943920.74071,12412,2151501.1,2017232.0566
2026-03-23 12:05:00+00:00,0.9411,0.945,0.9379,0.9443,2724876.5,2026-03-23 12:09:59.999000+00:00,2563444.27761,7620,1069351.0,1006292.43001
2026-03-23 12:10:00+00:00,0.9442,0.9469,0.9393,0.9393,1645000.1,2026-03-23 12:14:59.999000+00:00,1551789.66601,6070,781747.6,737608.45187
2026-03-23 12:15:00+00:00,0.9392,0.9424,0.9381,0.9422,1212390.6,2026-03-23 12:19:59.999000+00:00,1140113.41166,4922,661046.1,621604.08317
2026-03-23 12:20:00+00:00,0.9422,0.9459,0.9415,0.9431,1111547.5,2026-03-23 12:24:59.999000+00:00,1049788.55076,4178,742588.5,701444.31511
2026-03-23 12:25:00+00:00,0.943,0.9442,0.9409,0.943,780536.1,2026-03-23 12:29:59.999000+00:00,735416.59369,2764,349820.8,329602.81884
2026-03-23 12:30:00+00:00,0.9429,0.9429,0.9397,0.942,693404.0,2026-03-23 12:34:59.999000+00:00,652751.78172,3801,295014.1,277717.71647
2026-03-23 12:35:00+00:00,0.942,0.946,0.9419,0.9427,1849559.0,2026-03-23 12:39:59.999000+00:00,1746401.48175,5482,1292019.5,1220033.68139
2026-03-23 12:40:00+00:00,0.9427,0.9509,0.9416,0.9492,2745878.9,2026-03-23 12:44:59.999000+00:00,2602530.73018,8341,1261362.6,1195550.71898
2026-03-23 12:45:00+00:00,0.9493,0.9514,0.9478,0.9481,973708.1,2026-03-23 12:49:59.999000+00:00,924185.92666,3884,605792.8,575029.88223
2026-03-23 12:50:00+00:00,0.9481,0.9499,0.9462,0.9485,682878.7,2026-03-23 12:54:59.999000+00:00,647660.68432,4193,243921.0,231339.95516
2026-03-23 12:55:00+00:00,0.9485,0.9502,0.9479,0.9499,645811.5,2026-03-23 12:59:59.999000+00:00,612946.31041,2911,321607.9,305293.54884
2026-03-23 13:00:00+00:00,0.95,0.9533,0.9456,0.9463,1639064.4,2026-03-23 13:04:59.999000+00:00,1555016.56424,7019,841290.2,798395.37694
2026-03-23 13:05:00+00:00,0.9462,0.9481,0.9451,0.9469,689075.4,2026-03-23 13:09:59.999000+00:00,652212.00269,3603,351645.3,332858.63123
2026-03-23 13:10:00+00:00,0.9468,0.9474,0.9449,0.9455,654407.8,2026-03-23 13:14:59.999000+00:00,619108.4769,2773,341144.3,322704.62687
2026-03-23 13:15:00+00:00,0.9456,0.9467,0.944,0.9442,580640.9,2026-03-23 13:19:59.999000+00:00,548875.73956,2622,212315.8,200732.4573
2026-03-23 13:20:00+00:00,0.9441,0.946,0.9437,0.9456,590496.6,2026-03-23 13:24:59.999000+00:00,558084.81606,2347,264564.6,250061.74681
2026-03-23 13:25:00+00:00,0.9456,0.9457,0.9434,0.9444,396057.5,2026-03-23 13:29:59.999000+00:00,374131.85635,1961,218408.0,206320.91904
2026-03-23 13:30:00+00:00,0.9444,0.9454,0.9408,0.9435,1343478.5,2026-03-23 13:34:59.999000+00:00,1267219.08492,5537,484899.7,457447.87503
2026-03-23 13:35:00+00:00,0.9437,0.9509,0.9424,0.9493,1831299.0,2026-03-23 13:39:59.999000+00:00,1733946.34716,6498,1306790.9,1237417.64116
2026-03-23 13:40:00+00:00,0.9493,0.9557,0.9479,0.9521,1485665.4,2026-03-23 13:44:59.999000+00:00,1414620.69382,6550,873106.2,831498.79237
2026-03-23 13:45:00+00:00,0.952,0.955,0.9509,0.9534,939923.1,2026-03-23 13:49:59.999000+00:00,895471.87297,4959,524989.8,500232.7197
2026-03-23 13:50:00+00:00,0.9533,0.9589,0.9529,0.9563,1862413.1,2026-03-23 13:54:59.999000+00:00,1781462.50969,5777,708169.8,677393.44682
2026-03-23 13:55:00+00:00,0.9563,0.9586,0.9545,0.9577,1024901.4,2026-03-23 13:59:59.999000+00:00,980460.09647,3885,453475.8,434051.43956
2026-03-23 14:00:00+00:00,0.9578,0.9612,0.9562,0.9582,2638527.5,2026-03-23 14:04:59.999000+00:00,2529885.23174,7733,1115886.8,1070099.69721
2026-03-23 14:05:00+00:00,0.9582,0.9631,0.9568,0.9628,1370402.6,2026-03-23 14:09:59.999000+00:00,1315821.6787,6450,908572.9,872550.17204
2026-03-23 14:10:00+00:00,0.9628,0.9637,0.9572,0.9582,2377906.2,2026-03-23 14:14:59.999000+00:00,2282848.65721,5635,637130.7,611797.45841
2026-03-23 14:15:00+00:00,0.9582,0.9599,0.9549,0.9551,976588.6,2026-03-23 14:19:59.999000+00:00,935245.62851,4224,438830.4,420223.53208
2026-03-23 14:20:00+00:00,0.9551,0.9573,0.9539,0.9566,1072624.3,2026-03-23 14:24:59.999000+00:00,1024898.14677,3735,597297.7,570744.69039
2026-03-23 14:25:00+00:00,0.9565,0.9578,0.9541,0.9547,717737.0,2026-03-23 14:29:59.999000+00:00,685872.96624,2975,350074.6,334566.66614
2026-03-23 14:30:00+00:00,0.9547,0.9575,0.9537,0.9553,658465.2,2026-03-23 14:34:59.999000+00:00,629041.75051,2989,316912.7,302834.45674
2026-03-23 14:35:00+00:00,0.9553,0.9611,0.9551,0.9599,990605.0,2026-03-23 14:39:59.999000+00:00,949648.72851,3149,687053.0,658649.8624
2026-03-23 14:40:00+00:00,0.96,0.961,0.9578,0.9587,957833.2,2026-03-23 14:44:59.999000+00:00,918746.9048,2634,474361.9,455082.1134
2026-03-23 14:45:00+00:00,0.9587,0.9609,0.9568,0.9587,1047350.4,2026-03-23 14:49:59.999000+00:00,1003986.25482,3071,406522.2,389746.02778
2026-03-23 14:50:00+00:00,0.9587,0.9614,0.9581,0.9608,998388.6,2026-03-23 14:54:59.999000+00:00,958109.85721,2790,697883.1,669695.85598
2026-03-23 14:55:00+00:00,0.9608,0.9651,0.9608,0.9633,1197331.8,2026-03-23 14:59:59.999000+00:00,1153497.79102,2729,726269.1,699764.20174
2026-03-23 15:00:00+00:00,0.9633,0.9707,0.9622,0.9665,2506307.0,2026-03-23 15:04:59.999000+00:00,2423404.32418,7486,1264476.6,1222846.3634
2026-03-23 15:05:00+00:00,0.9666,0.9709,0.9666,0.9688,1818989.1,2026-03-23 15:09:59.999000+00:00,1762999.1122,5552,848681.1,822455.9496
2026-03-23 15:10:00+00:00,0.9687,0.9693,0.9668,0.9687,971402.3,2026-03-23 15:14:59.999000+00:00,940360.27686,3554,479886.1,464565.18491
2026-03-23 15:15:00+00:00,0.9687,0.9696,0.9647,0.9651,993026.4,2026-03-23 15:19:59.999000+00:00,960792.94374,3708,335258.3,324517.9071
2026-03-23 15:20:00+00:00,0.9652,0.969,0.9633,0.9676,1134882.7,2026-03-23 15:24:59.999000+00:00,1096282.28147,3751,640014.4,618142.97146
2026-03-23 15:25:00+00:00,0.9675,0.9675,0.9643,0.9657,719261.3,2026-03-23 15:29:59.999000+00:00,694539.87312,2494,370579.2,357832.10315
2026-03-23 15:30:00+00:00,0.9656,0.9666,0.9616,0.9619,1193022.0,2026-03-23 15:34:59.999000+00:00,1149817.48607,3905,488525.6,471055.93613
2026-03-23 15:35:00+00:00,0.962,0.9636,0.958,0.9591,2567548.9,2026-03-23 15:39:59.999000+00:00,2466080.32248,5645,786823.2,755888.83153
2026-03-23 15:40:00+00:00,0.9591,0.9599,0.9568,0.9592,1124424.1,2026-03-23 15:44:59.999000+00:00,1077789.57036,3602,485332.4,465272.34323
2026-03-23 15:45:00+00:00,0.9591,0.9604,0.9551,0.9593,1149117.6,2026-03-23 15:49:59.999000+00:00,1100746.68653,3991,661229.9,633601.89113
2026-03-23 15:50:00+00:00,0.9593,0.9616,0.9512,0.9536,2970889.3,2026-03-23 15:54:59.999000+00:00,2835414.21617,6289,1792549.0,1710335.8441
2026-03-23 15:55:00+00:00,0.9535,0.9547,0.9506,0.9517,1890719.5,2026-03-23 15:59:59.999000+00:00,1802241.60436,5256,1169200.7,1114691.50058
2026-03-23 16:00:00+00:00,0.9517,0.9544,0.9509,0.9531,1371541.8,2026-03-23 16:04:59.999000+00:00,1306239.39056,5163,635427.7,605358.10944
2026-03-23 16:05:00+00:00,0.953,0.9559,0.9514,0.954,835259.7,2026-03-23 16:09:59.999000+00:00,796724.11019,3948,421590.0,402290.70231
2026-03-23 16:10:00+00:00,0.9539,0.9549,0.952,0.954,525042.8,2026-03-23 16:14:59.999000+00:00,500738.59494,2927,333524.8,318139.20174
2026-03-23 16:15:00+00:00,0.954,0.9553,0.9497,0.9505,766360.1,2026-03-23 16:19:59.999000+00:00,729503.5104,3052,386456.7,367922.94824
2026-03-23 16:20:00+00:00,0.9506,0.9515,0.9466,0.9485,1161163.1,2026-03-23 16:24:59.999000+00:00,1101263.04594,3970,505892.3,479909.93633
2026-03-23 16:25:00+00:00,0.9486,0.9486,0.9443,0.9451,638614.7,2026-03-23 16:29:59.999000+00:00,603790.50817,2922,199410.0,188553.53993
2026-03-23 16:30:00+00:00,0.9451,0.9495,0.9431,0.9495,643168.0,2026-03-23 16:34:59.999000+00:00,608648.8739,3760,363038.2,343632.09972
2026-03-23 16:35:00+00:00,0.9495,0.9511,0.9481,0.9491,670816.3,2026-03-23 16:39:59.999000+00:00,637210.08591,3211,363896.9,345679.57599
2026-03-23 16:40:00+00:00,0.9491,0.9506,0.9486,0.9501,318346.6,2026-03-23 16:44:59.999000+00:00,302294.75951,1818,169413.7,160880.68409
2026-03-23 16:45:00+00:00,0.9502,0.9558,0.9495,0.9555,900753.4,2026-03-23 16:49:59.999000+00:00,858334.54855,3385,576416.2,549170.79054
2026-03-23 16:50:00+00:00,0.9555,0.9562,0.9533,0.9539,396415.1,2026-03-23 16:54:59.999000+00:00,378523.10088,2233,194501.6,185729.10688
2026-03-23 16:55:00+00:00,0.9539,0.9547,0.9529,0.9542,352124.3,2026-03-23 16:59:59.999000+00:00,335922.97439,1685,163818.5,156289.75611
2026-03-23 17:00:00+00:00,0.9543,0.9577,0.9543,0.957,621095.8,2026-03-23 17:04:59.999000+00:00,593967.2513,3279,430646.4,411856.57155
2026-03-23 17:05:00+00:00,0.9571,0.9593,0.9557,0.9567,586204.4,2026-03-23 17:09:59.999000+00:00,561377.73325,3064,311054.8,297905.24319
2026-03-23 17:10:00+00:00,0.9568,0.958,0.9558,0.9559,390075.3,2026-03-23 17:14:59.999000+00:00,373323.76389,2176,166485.2,159329.88385
2026-03-23 17:15:00+00:00,0.9559,0.9573,0.9528,0.9533,694718.3,2026-03-23 17:19:59.999000+00:00,663617.93091,3246,272829.2,260705.25199
2026-03-23 17:20:00+00:00,0.9533,0.9533,0.9501,0.9515,407124.9,2026-03-23 17:24:59.999000+00:00,387470.91781,2114,129747.6,123517.99354
2026-03-23 17:25:00+00:00,0.9515,0.954,0.951,0.952,197454.6,2026-03-23 17:29:59.999000+00:00,188097.33284,1512,87152.9,83030.26561
2026-03-23 17:30:00+00:00,0.952,0.9604,0.9517,0.9597,2246764.1,2026-03-23 17:34:59.999000+00:00,2150285.89406,4993,1764164.9,1688440.39633
2026-03-23 17:35:00+00:00,0.9597,0.9649,0.9591,0.9624,1038734.6,2026-03-23 17:39:59.999000+00:00,999667.6285,4712,628502.4,604956.82414
2026-03-23 17:40:00+00:00,0.9624,0.9629,0.959,0.96,470566.7,2026-03-23 17:44:59.999000+00:00,452050.7984,2610,172185.3,165430.23914
2026-03-23 17:45:00+00:00,0.9599,0.9606,0.9589,0.9606,393714.8,2026-03-23 17:49:59.999000+00:00,377841.52623,2441,222963.0,213987.31083
2026-03-23 17:50:00+00:00,0.9605,0.9618,0.9601,0.9608,546261.6,2026-03-23 17:54:59.999000+00:00,525001.07027,2041,324138.9,311579.50072
2026-03-23 17:55:00+00:00,0.9608,0.9616,0.9605,0.9607,303949.4,2026-03-23 17:59:59.999000+00:00,292128.362,1358,179291.4,172312.37683
2026-03-23 18:00:00+00:00,0.9607,0.9629,0.9606,0.9617,366820.7,2026-03-23 18:04:59.999000+00:00,352797.43752,2309,159733.0,153626.77624
2026-03-23 18:05:00+00:00,0.9616,0.962,0.956,0.9565,739881.0,2026-03-23 18:09:59.999000+00:00,709011.07975,3438,288420.2,276226.82631
2026-03-23 18:10:00+00:00,0.9566,0.9582,0.9552,0.9553,2056296.2,2026-03-23 18:14:59.999000+00:00,1967791.29018,2979,1689521.0,1616880.17509
2026-03-23 18:15:00+00:00,0.9553,0.957,0.9551,0.9563,324074.4,2026-03-23 18:19:59.999000+00:00,309832.85668,1737,184772.9,176650.58535
2026-03-23 18:20:00+00:00,0.9564,0.9584,0.9562,0.9583,349291.8,2026-03-23 18:24:59.999000+00:00,334239.7484,1572,182233.4,174367.74154
2026-03-23 18:25:00+00:00,0.9582,0.9589,0.9563,0.9564,199543.6,2026-03-23 18:29:59.999000+00:00,191035.36706,1605,109535.2,104870.51448
2026-03-23 18:30:00+00:00,0.9564,0.959,0.9564,0.9584,269944.6,2026-03-23 18:34:59.999000+00:00,258497.21596,1805,139537.4,133629.67712
2026-03-23 18:35:00+00:00,0.9583,0.9599,0.9573,0.9589,275747.3,2026-03-23 18:39:59.999000+00:00,264333.18366,1900,148456.3,142296.68062
2026-03-23 18:40:00+00:00,0.9589,0.9598,0.9576,0.9583,255696.1,2026-03-23 18:44:59.999000+00:00,245122.28897,1314,114870.7,110120.72368
2026-03-23 18:45:00+00:00,0.9583,0.9622,0.9582,0.96,465070.9,2026-03-23 18:49:59.999000+00:00,446416.22395,2335,302133.6,290026.93413
2026-03-23 18:50:00+00:00,0.96,0.9618,0.9589,0.9618,278431.0,2026-03-23 18:54:59.999000+00:00,267384.67946,1772,133592.1,128313.09877
2026-03-23 18:55:00+00:00,0.9618,0.9631,0.9602,0.9625,336959.7,2026-03-23 18:59:59.999000+00:00,324105.83141,1850,239882.4,230726.92125
2026-03-23 19:00:00+00:00,0.9625,0.9636,0.9613,0.9635,423209.3,2026-03-23 19:04:59.999000+00:00,407237.36751,2164,248727.3,239337.67697
2026-03-23 19:05:00+00:00,0.9636,0.9664,0.9595,0.9611,1068014.5,2026-03-23 19:09:59.999000+00:00,1028490.02562,4361,571244.2,550173.23327
2026-03-23 19:10:00+00:00,0.9611,0.9614,0.9591,0.9594,361986.7,2026-03-23 19:14:59.999000+00:00,347610.93621,1828,186442.1,179072.21343
2026-03-23 19:15:00+00:00,0.9594,0.9601,0.958,0.9586,255704.3,2026-03-23 19:19:59.999000+00:00,245168.53428,1628,122328.6,117276.89409
2026-03-23 19:20:00+00:00,0.9586,0.9595,0.958,0.9594,173639.2,2026-03-23 19:24:59.999000+00:00,166459.36023,1053,95038.1,91122.77739
2026-03-23 19:25:00+00:00,0.9593,0.9594,0.9577,0.9592,198679.3,2026-03-23 19:29:59.999000+00:00,190449.0203,1121,63540.4,60920.76986
2026-03-23 19:30:00+00:00,0.9592,0.9601,0.9577,0.9578,205156.3,2026-03-23 19:34:59.999000+00:00,196831.2125,1082,107925.3,103565.41157
2026-03-23 19:35:00+00:00,0.9578,0.9588,0.9575,0.9577,166613.4,2026-03-23 19:39:59.999000+00:00,159604.8036,1115,75970.7,72778.98652
2026-03-23 19:40:00+00:00,0.9576,0.9582,0.9568,0.9581,228829.0,2026-03-23 19:44:59.999000+00:00,219107.71995,1145,112397.2,107635.85207
2026-03-23 19:45:00+00:00,0.9581,0.9596,0.9573,0.9573,172229.3,2026-03-23 19:49:59.999000+00:00,165046.62877,1208,95379.4,91398.70675
2026-03-23 19:50:00+00:00,0.9573,0.9574,0.9553,0.9564,339993.4,2026-03-23 19:54:59.999000+00:00,325077.43273,1395,93004.8,88931.41393
2026-03-23 19:55:00+00:00,0.9564,0.9566,0.9548,0.9554,411181.7,2026-03-23 19:59:59.999000+00:00,392931.5804,1528,168755.8,161301.16397
2026-03-23 20:00:00+00:00,0.9553,0.9563,0.9514,0.9527,1390324.3,2026-03-23 20:04:59.999000+00:00,1325538.85784,3566,395826.9,377261.71959
2026-03-23 20:05:00+00:00,0.9528,0.9559,0.9528,0.9558,182104.5,2026-03-23 20:09:59.999000+00:00,173831.99615,1250,118872.8,113456.53216
2026-03-23 20:10:00+00:00,0.9559,0.9591,0.9559,0.959,565891.7,2026-03-23 20:14:59.999000+00:00,542136.22453,2297,340826.3,326469.41087
2026-03-23 20:15:00+00:00,0.959,0.9595,0.9576,0.9588,299624.1,2026-03-23 20:19:59.999000+00:00,287195.86583,1328,127048.7,121800.93649
2026-03-23 20:20:00+00:00,0.9588,0.9604,0.9584,0.9585,150254.3,2026-03-23 20:24:59.999000+00:00,144144.03212,1046,76048.2,72962.03922
2026-03-23 20:25:00+00:00,0.9585,0.9586,0.9575,0.9581,142962.6,2026-03-23 20:29:59.999000+00:00,136983.79628,758,87535.9,83881.12565
2026-03-23 20:30:00+00:00,0.958,0.9599,0.9577,0.9596,141987.6,2026-03-23 20:34:59.999000+00:00,136126.988,1070,79319.0,76046.08599
2026-03-23 20:35:00+00:00,0.9596,0.9628,0.9596,0.9603,463742.6,2026-03-23 20:39:59.999000+00:00,445815.98655,1938,242070.7,232659.98246
2026-03-23 20:40:00+00:00,0.9604,0.9613,0.9597,0.9607,106236.4,2026-03-23 20:44:59.999000+00:00,102036.09994,800,72098.4,69246.53455
2026-03-23 20:45:00+00:00,0.9607,0.9607,0.9591,0.9592,80483.7,2026-03-23 20:49:59.999000+00:00,77251.00996,834,29538.8,28352.8767
2026-03-23 20:50:00+00:00,0.9591,0.9598,0.9584,0.9594,267868.8,2026-03-23 20:54:59.999000+00:00,256893.63411,937,148759.8,142669.49158
2026-03-23 20:55:00+00:00,0.9594,0.9594,0.9583,0.9584,125739.2,2026-03-23 20:59:59.999000+00:00,120569.72279,698,38836.5,37238.18286
2026-03-23 21:00:00+00:00,0.9584,0.9601,0.9579,0.958,188531.9,2026-03-23 21:04:59.999000+00:00,180812.03158,1451,88791.4,85167.05271
2026-03-23 21:05:00+00:00,0.958,0.959,0.9579,0.9579,189980.2,2026-03-23 21:09:59.999000+00:00,182077.55815,1257,109015.8,104494.96142
2026-03-23 21:10:00+00:00,0.9579,0.9581,0.9566,0.9571,287595.0,2026-03-23 21:14:59.999000+00:00,275325.8052,1315,160036.6,153214.5586
2026-03-23 21:15:00+00:00,0.9571,0.9582,0.9565,0.9565,123306.1,2026-03-23 21:19:59.999000+00:00,118029.86208,895,45593.9,43646.28332
2026-03-23 21:20:00+00:00,0.9565,0.958,0.9556,0.9571,119553.5,2026-03-23 21:24:59.999000+00:00,114381.78149,760,63328.5,60593.18095
2026-03-23 21:25:00+00:00,0.957,0.9571,0.9562,0.9564,53482.9,2026-03-23 21:29:59.999000+00:00,51154.52059,424,31066.2,29710.21774
2026-03-23 21:30:00+00:00,0.9563,0.9582,0.956,0.9574,241335.5,2026-03-23 21:34:59.999000+00:00,230983.11859,1022,130633.2,125005.4392
2026-03-23 21:35:00+00:00,0.9573,0.9579,0.9558,0.9578,239216.6,2026-03-23 21:39:59.999000+00:00,228835.51037,1052,125695.0,120227.32888
2026-03-23 21:40:00+00:00,0.9578,0.9584,0.9566,0.9568,203751.6,2026-03-23 21:44:59.999000+00:00,195083.90596,864,137743.6,131893.88913
2026-03-23 21:45:00+00:00,0.9567,0.9568,0.9556,0.9557,104343.2,2026-03-23 21:49:59.999000+00:00,99764.28462,778,48465.6,46339.34873
2026-03-23 21:50:00+00:00,0.9556,0.9576,0.9556,0.9563,239952.8,2026-03-23 21:54:59.999000+00:00,229510.58967,947,168597.2,161235.5008
2026-03-23 21:55:00+00:00,0.9563,0.9568,0.9543,0.955,235153.6,2026-03-23 21:59:59.999000+00:00,224717.69217,1156,147489.7,140971.42181
2026-03-23 22:00:00+00:00,0.955,0.9559,0.9502,0.9508,1041273.5,2026-03-23 22:04:59.999000+00:00,992889.43661,3770,417429.8,397903.91545
2026-03-23 22:05:00+00:00,0.9509,0.9532,0.9504,0.9514,693959.1,2026-03-23 22:09:59.999000+00:00,660529.73288,2503,484234.6,461014.50489
2026-03-23 22:10:00+00:00,0.9514,0.953,0.9509,0.952,347056.4,2026-03-23 22:14:59.999000+00:00,330407.19291,1570,189964.6,180858.77362
2026-03-23 22:15:00+00:00,0.952,0.9534,0.9505,0.953,207196.4,2026-03-23 22:19:59.999000+00:00,197254.8829,1381,113525.1,108061.15166
2026-03-23 22:20:00+00:00,0.9529,0.9539,0.9522,0.9529,157937.0,2026-03-23 22:24:59.999000+00:00,150496.11327,960,55518.3,52911.08101
2026-03-23 22:25:00+00:00,0.9529,0.9533,0.9523,0.9526,164148.3,2026-03-23 22:29:59.999000+00:00,156415.61506,938,59204.3,56422.65007
2026-03-23 22:30:00+00:00,0.9525,0.9526,0.9497,0.9515,398341.7,2026-03-23 22:34:59.999000+00:00,378837.53175,1766,156216.4,148569.76922
2026-03-23 22:35:00+00:00,0.9516,0.953,0.9513,0.952,176520.0,2026-03-23 22:39:59.999000+00:00,168070.46035,1233,94458.5,89936.29146
2026-03-23 22:40:00+00:00,0.9519,0.952,0.9507,0.9513,258882.4,2026-03-23 22:44:59.999000+00:00,246242.56094,1003,174861.4,166312.36193
2026-03-23 22:45:00+00:00,0.9513,0.9521,0.9503,0.9505,202212.6,2026-03-23 22:49:59.999000+00:00,192282.00968,1074,102664.7,97627.74541
2026-03-23 22:50:00+00:00,0.9505,0.9525,0.9504,0.9518,183122.1,2026-03-23 22:54:59.999000+00:00,174164.48327,914,79567.0,75692.07963
2026-03-23 22:55:00+00:00,0.9519,0.952,0.9509,0.9512,85094.8,2026-03-23 22:59:59.999000+00:00,80962.44949,700,57598.4,54800.65374
2026-03-23 23:00:00+00:00,0.9512,0.9514,0.9486,0.9494,576599.3,2026-03-23 23:04:59.999000+00:00,547578.77247,2171,195871.5,186015.28202
2026-03-23 23:05:00+00:00,0.9495,0.95,0.9465,0.9473,457092.8,2026-03-23 23:09:59.999000+00:00,433344.72841,1901,106535.0,101023.33893
2026-03-23 23:10:00+00:00,0.9472,0.9475,0.9459,0.9471,265360.6,2026-03-23 23:14:59.999000+00:00,251255.43696,1538,116467.1,110283.03368
2026-03-23 23:15:00+00:00,0.9472,0.9473,0.9457,0.9465,203205.5,2026-03-23 23:19:59.999000+00:00,192359.18496,1224,100177.2,94832.67469
2026-03-23 23:20:00+00:00,0.9466,0.9485,0.9459,0.9485,209106.2,2026-03-23 23:24:59.999000+00:00,198015.48231,1202,112751.7,106793.79391
2026-03-23 23:25:00+00:00,0.9485,0.9514,0.9482,0.9506,241397.7,2026-03-23 23:29:59.999000+00:00,229433.74977,1366,157112.2,149299.70562
2026-03-23 23:30:00+00:00,0.9505,0.9507,0.949,0.9492,215142.9,2026-03-23 23:34:59.999000+00:00,204361.15416,1262,125280.5,119005.02524
2026-03-23 23:35:00+00:00,0.9492,0.9501,0.9489,0.9501,180511.1,2026-03-23 23:39:59.999000+00:00,171350.25098,998,96110.1,91237.26176
2026-03-23 23:40:00+00:00,0.9501,0.9524,0.9501,0.9516,184672.8,2026-03-23 23:44:59.999000+00:00,175699.38403,1092,122657.0,116685.968
2026-03-23 23:45:00+00:00,0.9516,0.9518,0.9503,0.9516,208669.8,2026-03-23 23:49:59.999000+00:00,198487.67329,1171,128521.4,122264.10091
2026-03-23 23:50:00+00:00,0.9517,0.9527,0.9509,0.9525,119130.8,2026-03-23 23:54:59.999000+00:00,113388.50137,839,68176.1,64895.55755
2026-03-23 23:55:00+00:00,0.9525,0.9549,0.9523,0.9524,252163.4,2026-03-23 23:59:59.999000+00:00,240397.3941,1311,153588.7,146414.24975
2026-03-24 00:00:00+00:00,0.9524,0.9551,0.9523,0.9527,962485.7,2026-03-24 00:04:59.999000+00:00,917849.62342,3275,388986.1,370995.70481
2026-03-24 00:05:00+00:00,0.9526,0.9537,0.9515,0.9515,371864.5,2026-03-24 00:09:59.999000+00:00,354223.96342,1689,175476.9,167162.09667
2026-03-24 00:10:00+00:00,0.9515,0.9526,0.9499,0.9501,893064.6,2026-03-24 00:14:59.999000+00:00,849891.41143,1982,611243.9,581840.43326
2026-03-24 00:15:00+00:00,0.95,0.9507,0.9474,0.9501,421825.0,2026-03-24 00:19:59.999000+00:00,400174.69135,2190,146177.4,138660.7192
2026-03-24 00:20:00+00:00,0.9501,0.9508,0.9481,0.9502,607029.4,2026-03-24 00:24:59.999000+00:00,576654.38821,1874,231485.8,219909.69038
2026-03-24 00:25:00+00:00,0.9501,0.9509,0.9482,0.9488,221152.5,2026-03-24 00:29:59.999000+00:00,210001.10337,1206,110743.1,105190.50925
2026-03-24 00:30:00+00:00,0.9488,0.9495,0.9458,0.9474,442138.4,2026-03-24 00:34:59.999000+00:00,418847.03035,2153,170784.6,161743.67318
2026-03-24 00:35:00+00:00,0.9475,0.9488,0.9409,0.9449,1131129.7,2026-03-24 00:39:59.999000+00:00,1067773.80663,4361,370380.6,349627.03432
2026-03-24 00:40:00+00:00,0.9449,0.9467,0.9428,0.9428,685236.7,2026-03-24 00:44:59.999000+00:00,647706.49626,2106,367934.5,347929.32067
2026-03-24 00:45:00+00:00,0.9427,0.9464,0.9427,0.9447,273335.5,2026-03-24 00:49:59.999000+00:00,258233.80457,1484,186836.8,176495.93728
2026-03-24 00:50:00+00:00,0.9448,0.9481,0.9448,0.9471,223097.7,2026-03-24 00:54:59.999000+00:00,211042.8558,1318,152362.6,144131.71582
2026-03-24 00:55:00+00:00,0.947,0.947,0.9444,0.9445,194664.1,2026-03-24 00:59:59.999000+00:00,184125.78982,969,91774.7,86787.02695
2026-03-24 01:00:00+00:00,0.9444,0.9451,0.9434,0.9443,377054.2,2026-03-24 01:04:59.999000+00:00,355986.60469,1856,158280.8,149442.87821
2026-03-24 01:05:00+00:00,0.9444,0.9457,0.9439,0.945,324790.0,2026-03-24 01:09:59.999000+00:00,306921.37066,2011,148606.8,140424.37283
2026-03-24 01:10:00+00:00,0.945,0.9468,0.9429,0.9436,362327.8,2026-03-24 01:14:59.999000+00:00,342287.99612,1861,153363.6,144895.93804
2026-03-24 01:15:00+00:00,0.9435,0.9436,0.9413,0.9424,362392.7,2026-03-24 01:19:59.999000+00:00,341421.10311,1668,179929.8,169505.34604
2026-03-24 01:20:00+00:00,0.9424,0.9457,0.9424,0.9438,355651.5,2026-03-24 01:24:59.999000+00:00,335869.29951,1697,232131.4,219228.72235
2026-03-24 01:25:00+00:00,0.9438,0.9454,0.9435,0.9449,162063.6,2026-03-24 01:29:59.999000+00:00,153048.23514,1011,104219.4,98424.67355
2026-03-24 01:30:00+00:00,0.9448,0.9449,0.9426,0.9445,264752.2,2026-03-24 01:34:59.999000+00:00,249903.09919,1543,137466.3,129760.58285
2026-03-24 01:35:00+00:00,0.9444,0.9448,0.9386,0.939,424320.2,2026-03-24 01:39:59.999000+00:00,399337.09333,2073,148625.0,139937.2153
2026-03-24 01:40:00+00:00,0.9391,0.9403,0.9371,0.939,602654.9,2026-03-24 01:44:59.999000+00:00,565806.47682,2449,224482.5,210814.18551
2026-03-24 01:45:00+00:00,0.939,0.9395,0.9376,0.9384,543222.8,2026-03-24 01:49:59.999000+00:00,509942.41749,1835,352383.8,330845.86805
2026-03-24 01:50:00+00:00,0.9384,0.9416,0.9384,0.9413,436537.2,2026-03-24 01:54:59.999000+00:00,410466.31569,2046,266375.1,250443.7844
2026-03-24 01:55:00+00:00,0.9413,0.9414,0.9401,0.9405,134948.1,2026-03-24 01:59:59.999000+00:00,126923.04109,752,57016.9,53624.08203
2026-03-24 02:00:00+00:00,0.9404,0.9465,0.9394,0.9445,758020.5,2026-03-24 02:04:59.999000+00:00,715022.67607,3180,441486.0,416482.69134
2026-03-24 02:05:00+00:00,0.9445,0.9447,0.9431,0.9445,313808.8,2026-03-24 02:09:59.999000+00:00,296217.75645,1751,186397.5,175961.87595
2026-03-24 02:10:00+00:00,0.9444,0.9444,0.9416,0.9426,575064.2,2026-03-24 02:14:59.999000+00:00,542186.80661,1856,397776.0,375040.9275
2026-03-24 02:15:00+00:00,0.9426,0.9432,0.9409,0.9417,327954.4,2026-03-24 02:19:59.999000+00:00,308885.57791,1545,134844.3,127020.72691
2026-03-24 02:20:00+00:00,0.9417,0.9431,0.9409,0.9411,152827.1,2026-03-24 02:24:59.999000+00:00,143969.56009,1187,93687.9,88260.1841
2026-03-24 02:25:00+00:00,0.941,0.9417,0.9393,0.9412,299117.5,2026-03-24 02:29:59.999000+00:00,281320.66666,1349,170109.9,159988.99917
2026-03-24 02:30:00+00:00,0.9412,0.9428,0.9408,0.9423,316608.3,2026-03-24 02:34:59.999000+00:00,298107.18684,1506,218877.9,206100.75405
2026-03-24 02:35:00+00:00,0.9423,0.944,0.9406,0.9406,303294.3,2026-03-24 02:39:59.999000+00:00,285922.90431,1603,124311.1,117187.69402
2026-03-24 02:40:00+00:00,0.9406,0.9433,0.9387,0.943,597613.2,2026-03-24 02:44:59.999000+00:00,562697.94367,1912,372489.9,350752.30672
2026-03-24 02:45:00+00:00,0.943,0.945,0.9419,0.9438,731043.7,2026-03-24 02:49:59.999000+00:00,689954.10037,1934,341731.7,322535.74591
2026-03-24 02:50:00+00:00,0.9437,0.9437,0.9416,0.942,1089798.0,2026-03-24 02:54:59.999000+00:00,1028010.64985,1450,168780.9,159090.27266
2026-03-24 02:55:00+00:00,0.9419,0.9423,0.9404,0.9405,203106.0,2026-03-24 02:59:59.999000+00:00,191145.9015,953,104321.0,98167.03924
2026-03-24 03:00:00+00:00,0.9404,0.9418,0.9383,0.94,1534710.4,2026-03-24 03:04:59.999000+00:00,1442437.59943,3600,485407.0,456387.6347
2026-03-24 03:05:00+00:00,0.9401,0.9411,0.9383,0.939,352200.4,2026-03-24 03:09:59.999000+00:00,330957.94794,1618,164549.5,154638.23361
2026-03-24 03:10:00+00:00,0.939,0.9397,0.9379,0.9387,334341.4,2026-03-24 03:14:59.999000+00:00,313903.86713,1396,171156.2,160702.46067
2026-03-24 03:15:00+00:00,0.9388,0.9411,0.9388,0.9399,406199.4,2026-03-24 03:19:59.999000+00:00,381892.04231,1469,243781.1,229204.17322
2026-03-24 03:20:00+00:00,0.9399,0.9415,0.9396,0.9399,229599.3,2026-03-24 03:24:59.999000+00:00,215949.43661,1058,116021.3,109127.4103
2026-03-24 03:25:00+00:00,0.9399,0.9414,0.9397,0.9403,269462.9,2026-03-24 03:29:59.999000+00:00,253422.66373,947,83091.7,78125.6674
2026-03-24 03:30:00+00:00,0.9402,0.9407,0.9384,0.9389,255254.4,2026-03-24 03:34:59.999000+00:00,239791.69434,1174,138523.7,130117.07969
2026-03-24 03:35:00+00:00,0.9389,0.9398,0.938,0.9389,362740.2,2026-03-24 03:39:59.999000+00:00,340507.26919,1216,178561.1,167616.55463
2026-03-24 03:40:00+00:00,0.9389,0.9413,0.9388,0.9394,268268.0,2026-03-24 03:44:59.999000+00:00,252135.22353,1163,127282.3,119627.67142
2026-03-24 03:45:00+00:00,0.9393,0.9399,0.9386,0.9393,204556.1,2026-03-24 03:49:59.999000+00:00,192110.44307,1033,113716.5,106792.16402
2026-03-24 03:50:00+00:00,0.9392,0.942,0.9385,0.942,175659.4,2026-03-24 03:54:59.999000+00:00,165155.54013,1039,120581.8,113390.772
2026-03-24 03:55:00+00:00,0.9421,0.9426,0.941,0.9415,296890.5,2026-03-24 03:59:59.999000+00:00,279534.38007,1088,155899.6,146789.30248
2026-03-24 04:00:00+00:00,0.9415,0.9419,0.9409,0.9415,213972.8,2026-03-24 04:04:59.999000+00:00,201426.22811,1303,145794.5,137242.8948
2026-03-24 04:05:00+00:00,0.9414,0.9446,0.9412,0.9415,447825.5,2026-03-24 04:09:59.999000+00:00,422147.95983,2283,266736.2,251478.40161
2026-03-24 04:10:00+00:00,0.9415,0.9426,0.941,0.9422,394280.9,2026-03-24 04:14:59.999000+00:00,371365.85615,1392,219309.7,206604.08437
2026-03-24 04:15:00+00:00,0.9422,0.9427,0.9408,0.9416,172605.4,2026-03-24 04:19:59.999000+00:00,162521.23518,993,83484.4,78629.47393
2026-03-24 04:20:00+00:00,0.9416,0.9428,0.9416,0.9421,201705.7,2026-03-24 04:24:59.999000+00:00,190043.62031,892,120966.0,113972.95808
2026-03-24 04:25:00+00:00,0.9421,0.9422,0.9401,0.9411,515934.4,2026-03-24 04:29:59.999000+00:00,485576.0071,1295,164154.0,154465.38763
2026-03-24 04:30:00+00:00,0.941,0.941,0.9376,0.9391,492610.5,2026-03-24 04:34:59.999000+00:00,462796.1165,1949,170747.8,160424.81712
2026-03-24 04:35:00+00:00,0.9391,0.9403,0.9389,0.94,213198.1,2026-03-24 04:39:59.999000+00:00,200315.25995,952,141539.4,132995.46275
2026-03-24 04:40:00+00:00,0.9401,0.9404,0.9395,0.94,118177.9,2026-03-24 04:44:59.999000+00:00,111069.00397,672,57281.4,53830.51765
2026-03-24 04:45:00+00:00,0.9399,0.9408,0.9394,0.9396,153018.2,2026-03-24 04:49:59.999000+00:00,143852.53801,902,79273.1,74530.7149
2026-03-24 04:50:00+00:00,0.9395,0.9422,0.9387,0.9421,217086.5,2026-03-24 04:54:59.999000+00:00,204152.41825,1045,134724.9,126746.11437
2026-03-24 04:55:00+00:00,0.942,0.942,0.9405,0.9406,77751.9,2026-03-24 04:59:59.999000+00:00,73183.21281,548,34499.0,32470.68266
2026-03-24 05:00:00+00:00,0.9406,0.9407,0.9366,0.9366,613851.3,2026-03-24 05:04:59.999000+00:00,575698.97011,2213,264463.5,248048.17657
2026-03-24 05:05:00+00:00,0.9366,0.9368,0.9354,0.9363,527404.6,2026-03-24 05:09:59.999000+00:00,493681.36093,2052,263058.7,246258.29967
2026-03-24 05:10:00+00:00,0.9364,0.9378,0.9359,0.9373,335917.9,2026-03-24 05:14:59.999000+00:00,314771.68735,1665,184091.7,172522.84052
2026-03-24 05:15:00+00:00,0.9373,0.9403,0.9362,0.938,464397.9,2026-03-24 05:19:59.999000+00:00,435670.32017,2284,205013.5,192320.80604
2026-03-24 05:20:00+00:00,0.938,0.9388,0.9368,0.9383,242918.0,2026-03-24 05:24:59.999000+00:00,227791.27997,1315,114075.3,106963.10693
2026-03-24 05:25:00+00:00,0.9384,0.9403,0.9377,0.9378,148747.5,2026-03-24 05:29:59.999000+00:00,139656.82477,992,82728.0,77677.9698
2026-03-24 05:30:00+00:00,0.9377,0.9394,0.9375,0.9389,252514.6,2026-03-24 05:34:59.999000+00:00,237041.81821,1115,119865.4,112518.68654
2026-03-24 05:35:00+00:00,0.9389,0.941,0.9389,0.9402,208125.8,2026-03-24 05:39:59.999000+00:00,195663.3474,1218,155296.6,145987.65427
2026-03-24 05:40:00+00:00,0.9401,0.9416,0.9399,0.9406,234038.5,2026-03-24 05:44:59.999000+00:00,220192.90609,962,95321.8,89690.58624
2026-03-24 05:45:00+00:00,0.9407,0.942,0.9395,0.9395,231151.1,2026-03-24 05:49:59.999000+00:00,217507.94576,1031,96219.6,90538.93138
2026-03-24 05:50:00+00:00,0.9394,0.9403,0.9389,0.9395,151991.0,2026-03-24 05:54:59.999000+00:00,142827.43171,765,71574.0,67254.0004
2026-03-24 05:55:00+00:00,0.9395,0.9395,0.938,0.9387,158263.5,2026-03-24 05:59:59.999000+00:00,148534.24456,929,49304.3,46281.73516
2026-03-24 06:00:00+00:00,0.9387,0.9403,0.938,0.9398,277156.2,2026-03-24 06:04:59.999000+00:00,260225.08478,1835,138933.5,130446.02605
2026-03-24 06:05:00+00:00,0.9397,0.9419,0.9392,0.9414,426312.5,2026-03-24 06:09:59.999000+00:00,401046.316,1903,249780.8,234969.37859
2026-03-24 06:10:00+00:00,0.9413,0.9422,0.94,0.9415,369880.2,2026-03-24 06:14:59.999000+00:00,348096.94683,1520,168726.2,158801.46395
2026-03-24 06:15:00+00:00,0.9415,0.9416,0.9391,0.9393,351582.0,2026-03-24 06:19:59.999000+00:00,330517.0393,1356,203404.8,191209.67491
2026-03-24 06:20:00+00:00,0.9392,0.9417,0.9388,0.9392,251966.6,2026-03-24 06:24:59.999000+00:00,236883.51529,1241,120000.9,112834.02418
2026-03-24 06:25:00+00:00,0.9392,0.9405,0.939,0.9404,185438.5,2026-03-24 06:29:59.999000+00:00,174275.94573,1002,123629.1,116198.55527
2026-03-24 06:30:00+00:00,0.9404,0.9429,0.9404,0.9416,448636.7,2026-03-24 06:34:59.999000+00:00,422384.69225,1589,312557.3,294268.49547
2026-03-24 06:35:00+00:00,0.9417,0.9422,0.9404,0.9408,168540.4,2026-03-24 06:39:59.999000+00:00,158648.34021,991,101325.1,95393.2476
2026-03-24 06:40:00+00:00,0.9407,0.9417,0.9402,0.9411,163215.6,2026-03-24 06:44:59.999000+00:00,153587.41073,923,108036.2,101683.82625
2026-03-24 06:45:00+00:00,0.9412,0.9428,0.941,0.9425,314164.0,2026-03-24 06:49:59.999000+00:00,296001.21596,1158,181486.9,171002.10093
2026-03-24 06:50:00+00:00,0.9424,0.9436,0.9414,0.9434,219819.5,2026-03-24 06:54:59.999000+00:00,207159.20853,1086,141227.8,133103.0081
2026-03-24 06:55:00+00:00,0.9433,0.9459,0.9432,0.9447,518020.3,2026-03-24 06:59:59.999000+00:00,489302.45661,1783,310245.2,293058.93014
2026-03-24 07:00:00+00:00,0.9447,0.9472,0.9443,0.947,512377.1,2026-03-24 07:04:59.999000+00:00,484582.21759,2049,395798.2,374352.60671
2026-03-24 07:05:00+00:00,0.947,0.9518,0.9464,0.9482,1873826.2,2026-03-24 07:09:59.999000+00:00,1778773.03298,5022,1043462.5,990627.71642
2026-03-24 07:10:00+00:00,0.9482,0.9556,0.9475,0.952,4244997.1,2026-03-24 07:14:59.999000+00:00,4038916.30215,6766,3041572.3,2894769.66686
2026-03-24 07:15:00+00:00,0.9519,0.9525,0.9499,0.9509,1052744.9,2026-03-24 07:19:59.999000+00:00,1001393.11005,2694,556198.4,529064.99815
2026-03-24 07:20:00+00:00,0.951,0.9519,0.9497,0.9503,1150555.1,2026-03-24 07:24:59.999000+00:00,1094143.61683,2179,501639.3,477044.55921
2026-03-24 07:25:00+00:00,0.9503,0.9513,0.9497,0.9504,549697.5,2026-03-24 07:29:59.999000+00:00,522404.8279,1192,300629.4,285721.24433
2026-03-24 07:30:00+00:00,0.9505,0.9531,0.9503,0.952,583663.8,2026-03-24 07:34:59.999000+00:00,555397.32659,2068,318837.6,303420.02538
2026-03-24 07:35:00+00:00,0.9519,0.9521,0.9492,0.95,638991.0,2026-03-24 07:39:59.999000+00:00,607163.18707,1719,364027.5,345854.58934
2026-03-24 07:40:00+00:00,0.95,0.9512,0.9496,0.9508,292362.8,2026-03-24 07:44:59.999000+00:00,277862.05381,1071,152836.7,145264.93456
2026-03-24 07:45:00+00:00,0.9508,0.9525,0.9502,0.952,540735.3,2026-03-24 07:49:59.999000+00:00,514409.27386,1514,265557.7,252683.79835
2026-03-24 07:50:00+00:00,0.9519,0.9544,0.9512,0.9544,585831.9,2026-03-24 07:54:59.999000+00:00,558236.58861,1839,335494.3,319758.03049
2026-03-24 07:55:00+00:00,0.9543,0.9588,0.9542,0.9573,1422207.0,2026-03-24 07:59:59.999000+00:00,1360224.70081,3360,886311.8,847785.08141
2026-03-24 08:00:00+00:00,0.9573,0.9579,0.9551,0.9563,531715.1,2026-03-24 08:04:59.999000+00:00,508620.75765,2663,305336.2,292093.62286
2026-03-24 08:05:00+00:00,0.9563,0.9585,0.9558,0.958,1078921.7,2026-03-24 08:09:59.999000+00:00,1032623.12334,2971,801705.0,767415.09236
2026-03-24 08:10:00+00:00,0.9581,0.9587,0.9563,0.9565,510837.8,2026-03-24 08:14:59.999000+00:00,488962.85756,1999,241200.0,230897.31363
2026-03-24 08:15:00+00:00,0.9566,0.9569,0.9531,0.9534,781462.5,2026-03-24 08:19:59.999000+00:00,746017.22254,2541,371049.8,354264.05848
2026-03-24 08:20:00+00:00,0.9534,0.955,0.9524,0.9547,675415.1,2026-03-24 08:24:59.999000+00:00,644132.51277,2633,424200.1,404627.97668
2026-03-24 08:25:00+00:00,0.9548,0.9554,0.9543,0.9552,154296.4,2026-03-24 08:29:59.999000+00:00,147348.09251,1080,98275.0,93849.3738
2026-03-24 08:30:00+00:00,0.9552,0.9562,0.9548,0.956,211336.1,2026-03-24 08:34:59.999000+00:00,201980.21402,1305,117100.1,111921.44732
2026-03-24 08:35:00+00:00,0.956,0.961,0.9556,0.9608,1086614.0,2026-03-24 08:39:59.999000+00:00,1042394.06144,3063,651436.0,624975.75305
2026-03-24 08:40:00+00:00,0.9607,0.961,0.9596,0.9602,290209.8,2026-03-24 08:44:59.999000+00:00,278628.18131,1345,131918.2,126652.85806
2026-03-24 08:45:00+00:00,0.9602,0.9611,0.9581,0.9581,381399.1,2026-03-24 08:49:59.999000+00:00,366274.14437,1556,165142.4,158597.55974
2026-03-24 08:50:00+00:00,0.9582,0.9591,0.9566,0.9582,461656.5,2026-03-24 08:54:59.999000+00:00,442334.36845,1950,211918.9,203051.72901
2026-03-24 08:55:00+00:00,0.9581,0.9582,0.9565,0.9571,406662.3,2026-03-24 08:59:59.999000+00:00,389263.21458,1527,219648.3,210259.4564
2026-03-24 09:00:00+00:00,0.9572,0.9575,0.9545,0.9557,721808.9,2026-03-24 09:04:59.999000+00:00,689807.84621,2199,365803.7,349541.7521
2026-03-24 09:05:00+00:00,0.9556,0.9558,0.954,0.9544,384394.1,2026-03-24 09:09:59.999000+00:00,367045.15813,1810,179073.4,170987.61566
2026-03-24 09:10:00+00:00,0.9544,0.9547,0.9514,0.9514,548524.5,2026-03-24 09:14:59.999000+00:00,522492.44897,2265,231987.4,220966.74575
2026-03-24 09:15:00+00:00,0.9515,0.9533,0.9508,0.9533,494952.7,2026-03-24 09:19:59.999000+00:00,471140.4661,1988,277143.4,263845.68468
2026-03-24 09:20:00+00:00,0.9533,0.9535,0.951,0.9518,250666.8,2026-03-24 09:24:59.999000+00:00,238612.13814,1184,133081.0,126707.1672
2026-03-24 09:25:00+00:00,0.9518,0.9534,0.9517,0.952,160831.5,2026-03-24 09:29:59.999000+00:00,153182.21698,1028,67066.1,63883.6402
2026-03-24 09:30:00+00:00,0.952,0.9532,0.9507,0.9516,276437.6,2026-03-24 09:34:59.999000+00:00,263124.90504,1449,155990.7,148484.90367
2026-03-24 09:35:00+00:00,0.9517,0.9543,0.9517,0.9541,230358.3,2026-03-24 09:39:59.999000+00:00,219603.25969,1144,163549.5,155944.35987
2026-03-24 09:40:00+00:00,0.9541,0.9573,0.9541,0.9567,478029.8,2026-03-24 09:44:59.999000+00:00,457235.12834,1804,314645.7,300959.91347
2026-03-24 09:45:00+00:00,0.9567,0.9567,0.9552,0.9558,211282.7,2026-03-24 09:49:59.999000+00:00,201932.43074,1063,107062.6,102326.81915
2026-03-24 09:50:00+00:00,0.9559,0.9567,0.9544,0.9559,361102.8,2026-03-24 09:54:59.999000+00:00,345013.06366,1409,156100.5,149166.57772
2026-03-24 09:55:00+00:00,0.9559,0.9574,0.9549,0.9562,395396.3,2026-03-24 09:59:59.999000+00:00,378060.16739,1360,223193.5,213412.50495
2026-03-24 10:00:00+00:00,0.9563,0.9563,0.9537,0.9543,457245.2,2026-03-24 10:04:59.999000+00:00,436821.832,1937,120769.1,115362.84846
2026-03-24 10:05:00+00:00,0.9543,0.9548,0.9534,0.9547,294649.2,2026-03-24 10:09:59.999000+00:00,281130.5681,1361,121969.4,116383.27096
2026-03-24 10:10:00+00:00,0.9547,0.955,0.9534,0.9545,160424.6,2026-03-24 10:14:59.999000+00:00,153128.56631,997,70945.4,67722.55007
2026-03-24 10:15:00+00:00,0.9545,0.9561,0.9533,0.9548,1043651.4,2026-03-24 10:19:59.999000+00:00,996266.65033,2459,278366.8,265706.68698
2026-03-24 10:20:00+00:00,0.9549,0.9552,0.9531,0.9534,369399.6,2026-03-24 10:24:59.999000+00:00,352499.29145,1433,152461.4,145471.49429
2026-03-24 10:25:00+00:00,0.9535,0.9536,0.9521,0.9521,245262.6,2026-03-24 10:29:59.999000+00:00,233743.91043,991,83119.8,79228.8806
2026-03-24 10:30:00+00:00,0.9522,0.9528,0.9515,0.9515,177623.6,2026-03-24 10:34:59.999000+00:00,169131.07204,1185,81231.5,77348.8548
2026-03-24 10:35:00+00:00,0.9516,0.9539,0.9511,0.9536,668986.5,2026-03-24 10:39:59.999000+00:00,637032.09197,1741,519250.1,494447.69396
2026-03-24 10:40:00+00:00,0.9535,0.9541,0.9521,0.9536,236812.0,2026-03-24 10:44:59.999000+00:00,225738.90113,1178,109207.7,104085.4766
2026-03-24 10:45:00+00:00,0.9535,0.9535,0.9525,0.9534,159075.1,2026-03-24 10:49:59.999000+00:00,151608.31291,967,75326.4,71787.29039
2026-03-24 10:50:00+00:00,0.9534,0.9538,0.9526,0.9534,133413.0,2026-03-24 10:54:59.999000+00:00,127162.23986,812,47533.5,45309.37347
2026-03-24 10:55:00+00:00,0.9534,0.9542,0.9533,0.9541,95274.8,2026-03-24 10:59:59.999000+00:00,90871.61389,741,53210.0,50756.82244
2026-03-24 11:00:00+00:00,0.9541,0.9544,0.9496,0.9502,531095.0,2026-03-24 11:04:59.999000+00:00,505158.0654,2337,210860.8,200565.30631
2026-03-24 11:05:00+00:00,0.9502,0.9542,0.9502,0.9537,391362.9,2026-03-24 11:09:59.999000+00:00,372851.32178,1590,228614.8,217768.29052
2026-03-24 11:10:00+00:00,0.9536,0.9548,0.9513,0.952,889836.2,2026-03-24 11:14:59.999000+00:00,848419.51902,1830,703148.1,670457.11347
2026-03-24 11:15:00+00:00,0.9521,0.9522,0.9477,0.9491,837204.9,2026-03-24 11:19:59.999000+00:00,794812.30806,2062,399482.8,379207.20092
2026-03-24 11:20:00+00:00,0.9492,0.9498,0.9488,0.9492,270104.8,2026-03-24 11:24:59.999000+00:00,256417.66523,1108,121738.7,115567.12925
2026-03-24 11:25:00+00:00,0.9492,0.9517,0.9488,0.9502,641297.0,2026-03-24 11:29:59.999000+00:00,609681.58286,1417,425411.4,404552.99164
2026-03-24 11:30:00+00:00,0.9502,0.9516,0.9492,0.9516,433163.7,2026-03-24 11:34:59.999000+00:00,411521.31797,1260,231195.3,219665.7213
2026-03-24 11:35:00+00:00,0.9517,0.9536,0.9507,0.9532,523776.2,2026-03-24 11:39:59.999000+00:00,498746.24875,1815,280619.7,267251.30185
2026-03-24 11:40:00+00:00,0.9532,0.9544,0.9529,0.9534,456629.5,2026-03-24 11:44:59.999000+00:00,435497.48992,1319,268703.4,256283.59438
2026-03-24 11:45:00+00:00,0.9534,0.9547,0.9524,0.9544,212991.6,2026-03-24 11:49:59.999000+00:00,203158.86811,1147,119653.1,114129.65892
2026-03-24 11:50:00+00:00,0.9544,0.9557,0.9509,0.9525,509306.8,2026-03-24 11:54:59.999000+00:00,485617.11678,2025,244241.8,232933.79454
2026-03-24 11:55:00+00:00,0.9525,0.9537,0.9522,0.9537,208186.9,2026-03-24 11:59:59.999000+00:00,198440.75188,924,108883.9,103782.25774
2026-03-24 12:00:00+00:00,0.9537,0.9539,0.9505,0.9506,408230.7,2026-03-24 12:04:59.999000+00:00,388481.72155,2058,155749.8,148237.9534
2026-03-24 12:05:00+00:00,0.9506,0.9524,0.9501,0.9524,431120.8,2026-03-24 12:09:59.999000+00:00,410006.75873,1454,322590.9,306788.95056
2026-03-24 12:10:00+00:00,0.9524,0.9538,0.9512,0.9521,264850.7,2026-03-24 12:14:59.999000+00:00,252289.49561,1316,105234.8,100239.94551
2026-03-24 12:15:00+00:00,0.9521,0.9526,0.9509,0.9518,322516.7,2026-03-24 12:19:59.999000+00:00,306906.28198,1231,156145.2,148569.92814
2026-03-24 12:20:00+00:00,0.9517,0.952,0.9503,0.951,419218.0,2026-03-24 12:24:59.999000+00:00,398624.00904,991,65933.9,62728.51041
2026-03-24 12:25:00+00:00,0.951,0.952,0.9504,0.9508,176300.6,2026-03-24 12:29:59.999000+00:00,167694.80775,738,95129.9,90492.0939
2026-03-24 12:30:00+00:00,0.9509,0.9509,0.9461,0.948,1098258.8,2026-03-24 12:34:59.999000+00:00,1041232.97009,2987,404294.9,383232.59333
2026-03-24 12:35:00+00:00,0.9479,0.9487,0.9466,0.9483,451292.6,2026-03-24 12:39:59.999000+00:00,427773.05259,1751,234872.1,222649.33056
2026-03-24 12:40:00+00:00,0.9483,0.9507,0.9483,0.9488,329317.8,2026-03-24 12:44:59.999000+00:00,312777.14123,1061,224981.4,213675.38597
2026-03-24 12:45:00+00:00,0.9489,0.9498,0.9477,0.9483,318293.4,2026-03-24 12:49:59.999000+00:00,301977.49765,1175,190824.0,181039.2269
2026-03-24 12:50:00+00:00,0.9483,0.9508,0.948,0.9489,258215.9,2026-03-24 12:54:59.999000+00:00,245065.75199,1075,107639.1,102151.13271
2026-03-24 12:55:00+00:00,0.9489,0.9489,0.9471,0.9474,530712.6,2026-03-24 12:59:59.999000+00:00,503008.05781,1232,355043.9,336505.73751
2026-03-24 13:00:00+00:00,0.9474,0.9489,0.9468,0.9473,718017.5,2026-03-24 13:04:59.999000+00:00,680273.56343,2058,315838.7,299270.29174
2026-03-24 13:05:00+00:00,0.9474,0.9485,0.9441,0.9454,527311.1,2026-03-24 13:09:59.999000+00:00,498945.77739,2899,210404.4,199114.445
2026-03-24 13:10:00+00:00,0.9454,0.9485,0.945,0.9479,256902.1,2026-03-24 13:14:59.999000+00:00,243354.15499,1600,141896.0,134414.03435
2026-03-24 13:15:00+00:00,0.948,0.9485,0.9455,0.9456,239370.5,2026-03-24 13:19:59.999000+00:00,226665.98191,1374,79982.3,75780.78161
2026-03-24 13:20:00+00:00,0.9455,0.9476,0.9454,0.947,353577.1,2026-03-24 13:24:59.999000+00:00,334692.94964,1359,164736.0,155943.48344
2026-03-24 13:25:00+00:00,0.9471,0.9497,0.947,0.9488,317235.7,2026-03-24 13:29:59.999000+00:00,300883.68651,1442,186329.0,176743.01262
2026-03-24 13:30:00+00:00,0.9489,0.9506,0.9482,0.9492,652779.8,2026-03-24 13:34:59.999000+00:00,619755.02288,3363,374379.7,355460.39172
2026-03-24 13:35:00+00:00,0.9492,0.9496,0.9433,0.9438,1117464.5,2026-03-24 13:39:59.999000+00:00,1057896.53319,3666,334559.2,316672.2674
2026-03-24 13:40:00+00:00,0.9438,0.9452,0.939,0.9399,2210017.8,2026-03-24 13:44:59.999000+00:00,2080838.15326,5450,811439.3,764336.14056
2026-03-24 13:45:00+00:00,0.9399,0.9426,0.9387,0.9404,1397093.7,2026-03-24 13:49:59.999000+00:00,1314164.59105,3862,549319.8,516819.36604
2026-03-24 13:50:00+00:00,0.9403,0.9416,0.9372,0.9394,1966667.6,2026-03-24 13:54:59.999000+00:00,1847590.06891,4732,1251112.6,1175605.32396
2026-03-24 13:55:00+00:00,0.9394,0.9411,0.9374,0.9394,1891794.9,2026-03-24 13:59:59.999000+00:00,1777615.20259,2843,1468378.5,1380013.12171
2026-03-24 14:00:00+00:00,0.9394,0.9425,0.9392,0.9413,1786163.3,2026-03-24 14:04:59.999000+00:00,1680563.14084,3861,941094.8,885987.4644
2026-03-24 14:05:00+00:00,0.9413,0.9447,0.9396,0.9426,1135305.1,2026-03-24 14:09:59.999000+00:00,1070627.61584,3256,802247.9,756746.12586
2026-03-24 14:10:00+00:00,0.9426,0.943,0.9346,0.9374,1729925.6,2026-03-24 14:14:59.999000+00:00,1621937.47198,4456,495534.9,464581.39164
2026-03-24 14:15:00+00:00,0.9373,0.9398,0.9355,0.9387,682110.4,2026-03-24 14:19:59.999000+00:00,640038.1774,2995,455027.6,427025.44297
2026-03-24 14:20:00+00:00,0.9386,0.9406,0.9371,0.9387,543117.6,2026-03-24 14:24:59.999000+00:00,509833.35845,2185,311489.1,292439.01586
2026-03-24 14:25:00+00:00,0.9387,0.9419,0.9372,0.94,631372.8,2026-03-24 14:29:59.999000+00:00,593158.79853,2459,288629.9,271125.59282
2026-03-24 14:30:00+00:00,0.94,0.9411,0.9388,0.9404,304018.0,2026-03-24 14:34:59.999000+00:00,285826.93037,1715,148712.0,139821.19694
2026-03-24 14:35:00+00:00,0.9404,0.9406,0.9382,0.9383,382642.7,2026-03-24 14:39:59.999000+00:00,359380.65546,1836,131751.3,123752.35447
2026-03-24 14:40:00+00:00,0.9382,0.9388,0.9373,0.9383,423895.7,2026-03-24 14:44:59.999000+00:00,397674.06579,1922,161818.5,151807.58381
2026-03-24 14:45:00+00:00,0.9384,0.9386,0.9349,0.935,534212.4,2026-03-24 14:49:59.999000+00:00,500314.91527,2827,260562.9,244069.04245
2026-03-24 14:50:00+00:00,0.935,0.9418,0.9305,0.9401,2733645.8,2026-03-24 14:54:59.999000+00:00,2558061.00195,8196,1282472.3,1200812.21403
2026-03-24 14:55:00+00:00,0.9401,0.9419,0.9375,0.9398,805308.8,2026-03-24 14:59:59.999000+00:00,757305.99905,3375,401811.8,377960.60505
2026-03-24 15:00:00+00:00,0.9399,0.9437,0.9399,0.9416,1371057.7,2026-03-24 15:04:59.999000+00:00,1291470.52509,4109,1007013.5,948704.1958
2026-03-24 15:05:00+00:00,0.9415,0.9437,0.9409,0.9415,545018.2,2026-03-24 15:09:59.999000+00:00,513683.43596,2624,225318.1,212371.05372
2026-03-24 15:10:00+00:00,0.9415,0.9436,0.94,0.9418,566484.3,2026-03-24 15:14:59.999000+00:00,533515.89897,2239,279469.0,263268.81009
2026-03-24 15:15:00+00:00,0.9418,0.9429,0.9409,0.942,422414.4,2026-03-24 15:19:59.999000+00:00,397865.07166,1744,269348.1,253697.49194
2026-03-24 15:20:00+00:00,0.942,0.9454,0.9408,0.9449,794018.1,2026-03-24 15:24:59.999000+00:00,749135.01986,2865,418655.4,395070.23375
2026-03-24 15:25:00+00:00,0.9448,0.946,0.9422,0.9424,555920.3,2026-03-24 15:29:59.999000+00:00,525029.2695,2126,175467.5,165807.32438
2026-03-24 15:30:00+00:00,0.9424,0.9427,0.9392,0.9408,511823.5,2026-03-24 15:34:59.999000+00:00,481544.09138,2088,131559.2,123792.69944
2026-03-24 15:35:00+00:00,0.9408,0.9452,0.9406,0.9436,513301.2,2026-03-24 15:39:59.999000+00:00,484056.07238,1921,331168.1,312341.12268
2026-03-24 15:40:00+00:00,0.9435,0.9441,0.9418,0.9422,308079.2,2026-03-24 15:44:59.999000+00:00,290549.19392,1211,162442.0,153208.93475
2026-03-24 15:45:00+00:00,0.9422,0.9422,0.9409,0.9419,149242.5,2026-03-24 15:49:59.999000+00:00,140535.62943,953,75163.4,70781.323
2026-03-24 15:50:00+00:00,0.9419,0.9436,0.9415,0.9419,207189.2,2026-03-24 15:54:59.999000+00:00,195275.72607,1084,90500.4,85296.83475
2026-03-24 15:55:00+00:00,0.9419,0.9419,0.9397,0.9405,297094.2,2026-03-24 15:59:59.999000+00:00,279473.3603,1416,169674.0,159615.02028
2026-03-24 16:00:00+00:00,0.9405,0.9407,0.9389,0.9403,398516.0,2026-03-24 16:04:59.999000+00:00,374548.65734,1962,196549.4,184749.47276
2026-03-24 16:05:00+00:00,0.9404,0.9425,0.9403,0.9413,512330.3,2026-03-24 16:09:59.999000+00:00,482288.63146,2043,242722.2,228486.66071
2026-03-24 16:10:00+00:00,0.9413,0.9429,0.9406,0.9428,209856.9,2026-03-24 16:14:59.999000+00:00,197604.86947,1261,109467.8,103090.74048
2026-03-24 16:15:00+00:00,0.9429,0.9443,0.9419,0.9433,367821.2,2026-03-24 16:19:59.999000+00:00,346893.43891,1169,146234.6,137951.09573
2026-03-24 16:20:00+00:00,0.9432,0.9432,0.94,0.9405,351117.9,2026-03-24 16:24:59.999000+00:00,330596.05858,1188,147121.7,138539.33511
2026-03-24 16:25:00+00:00,0.9404,0.9412,0.939,0.9398,369390.7,2026-03-24 16:29:59.999000+00:00,347198.46158,1526,237680.6,223414.76224
2026-03-24 16:30:00+00:00,0.9399,0.9412,0.9396,0.9406,407888.2,2026-03-24 16:34:59.999000+00:00,383613.23701,1422,96000.5,90285.38399
2026-03-24 16:35:00+00:00,0.9406,0.9406,0.9361,0.9362,548742.5,2026-03-24 16:39:59.999000+00:00,514691.52214,2330,233371.8,218920.45291
2026-03-24 16:40:00+00:00,0.9363,0.9386,0.9356,0.9386,758262.9,2026-03-24 16:44:59.999000+00:00,710410.65891,2272,387564.2,363085.22441
2026-03-24 16:45:00+00:00,0.9386,0.9393,0.9371,0.9374,381746.1,2026-03-24 16:49:59.999000+00:00,358082.11361,1474,162748.2,152704.35338
2026-03-24 16:50:00+00:00,0.9374,0.939,0.9374,0.9379,112338.8,2026-03-24 16:54:59.999000+00:00,105391.02221,690,58197.8,54595.37078
2026-03-24 16:55:00+00:00,0.9379,0.938,0.9365,0.9372,273263.7,2026-03-24 16:59:59.999000+00:00,256086.42438,933,132515.1,124193.83073
2026-03-24 17:00:00+00:00,0.9372,0.9374,0.9333,0.9338,640656.1,2026-03-24 17:04:59.999000+00:00,599281.26342,2224,193882.5,181362.77623
2026-03-24 17:05:00+00:00,0.9338,0.9338,0.9309,0.9322,1152972.5,2026-03-24 17:09:59.999000+00:00,1074754.99503,4239,525136.9,489542.54652
2026-03-24 17:10:00+00:00,0.9322,0.9347,0.9316,0.9334,824416.2,2026-03-24 17:14:59.999000+00:00,769248.38178,2080,373676.4,348783.60492
2026-03-24 17:15:00+00:00,0.9333,0.9342,0.9328,0.9331,278229.3,2026-03-24 17:19:59.999000+00:00,259714.94901,1421,126878.3,118446.63391
2026-03-24 17:20:00+00:00,0.933,0.9331,0.931,0.9312,890287.8,2026-03-24 17:24:59.999000+00:00,829650.98089,2218,277099.3,258248.13478
2026-03-24 17:25:00+00:00,0.9312,0.9314,0.9291,0.9299,1407677.9,2026-03-24 17:29:59.999000+00:00,1309143.39757,3049,688535.6,640392.07835
2026-03-24 17:30:00+00:00,0.9299,0.931,0.9282,0.9305,522409.3,2026-03-24 17:34:59.999000+00:00,485595.21487,2143,194322.9,180685.74254
2026-03-24 17:35:00+00:00,0.9306,0.9334,0.9303,0.9321,596220.0,2026-03-24 17:39:59.999000+00:00,555656.24869,2081,384029.0,357940.96305
2026-03-24 17:40:00+00:00,0.9322,0.9331,0.9282,0.929,664579.6,2026-03-24 17:44:59.999000+00:00,618118.02126,2240,243720.5,226630.77772
2026-03-24 17:45:00+00:00,0.929,0.9302,0.9282,0.9302,430990.0,2026-03-24 17:49:59.999000+00:00,400416.10739,1707,208727.5,193938.10402
2026-03-24 17:50:00+00:00,0.9303,0.9316,0.9289,0.9299,681233.3,2026-03-24 17:54:59.999000+00:00,633413.90681,1993,262949.0,244560.46612
2026-03-24 17:55:00+00:00,0.9298,0.9318,0.9286,0.9307,586704.2,2026-03-24 17:59:59.999000+00:00,545995.16774,2526,298408.1,277716.97021
2026-03-24 18:00:00+00:00,0.9307,0.9322,0.9297,0.9315,664980.2,2026-03-24 18:04:59.999000+00:00,619062.8782,2664,392926.7,365769.90118
2026-03-24 18:05:00+00:00,0.9314,0.9322,0.9303,0.9316,565174.4,2026-03-24 18:09:59.999000+00:00,526315.54552,2004,234363.7,218280.11302
2026-03-24 18:10:00+00:00,0.9315,0.9318,0.9301,0.9307,296391.1,2026-03-24 18:14:59.999000+00:00,275867.0602,1332,164210.5,152844.13087
2026-03-24 18:15:00+00:00,0.9307,0.9321,0.9296,0.9318,583939.4,2026-03-24 18:19:59.999000+00:00,543193.06539,1725,356112.4,331240.58721
2026-03-24 18:20:00+00:00,0.9318,0.9332,0.9312,0.9325,919112.1,2026-03-24 18:24:59.999000+00:00,857118.10223,1808,414902.3,386884.39892
2026-03-24 18:25:00+00:00,0.9324,0.9328,0.9318,0.9325,204217.5,2026-03-24 18:29:59.999000+00:00,190423.64557,766,95719.4,89254.69418
2026-03-24 18:30:00+00:00,0.9325,0.9348,0.9321,0.9336,458181.4,2026-03-24 18:34:59.999000+00:00,427701.20201,1733,189002.2,176452.69178
2026-03-24 18:35:00+00:00,0.9336,0.9386,0.9336,0.9384,907156.5,2026-03-24 18:39:59.999000+00:00,849437.73271,2458,510836.6,478513.08016
2026-03-24 18:40:00+00:00,0.9384,0.9384,0.9346,0.9354,749486.1,2026-03-24 18:44:59.999000+00:00,701553.38432,1939,146818.4,137420.51679
2026-03-24 18:45:00+00:00,0.9354,0.9365,0.9346,0.9355,708818.1,2026-03-24 18:49:59.999000+00:00,663210.63655,1532,454543.8,425344.5835
2026-03-24 18:50:00+00:00,0.9355,0.936,0.9342,0.9348,245527.2,2026-03-24 18:54:59.999000+00:00,229624.95969,897,78600.7,73512.68831
2026-03-24 18:55:00+00:00,0.9347,0.9349,0.9337,0.9346,129882.4,2026-03-24 18:59:59.999000+00:00,121338.95061,681,44382.8,41464.9301
2026-03-24 19:00:00+00:00,0.9346,0.9356,0.934,0.9348,492745.7,2026-03-24 19:04:59.999000+00:00,460553.63325,1774,183409.1,171467.85631
2026-03-24 19:05:00+00:00,0.9348,0.935,0.9333,0.9348,528822.6,2026-03-24 19:09:59.999000+00:00,493971.35916,1466,239247.6,223485.77408
2026-03-24 19:10:00+00:00,0.9349,0.9356,0.9346,0.9356,242824.1,2026-03-24 19:14:59.999000+00:00,227071.48447,944,146038.6,136565.95423
2026-03-24 19:15:00+00:00,0.9356,0.9365,0.935,0.9361,319350.3,2026-03-24 19:19:59.999000+00:00,298806.66054,1021,149250.6,139654.91138
2026-03-24 19:20:00+00:00,0.9361,0.9361,0.9348,0.9354,234763.7,2026-03-24 19:24:59.999000+00:00,219607.63738,751,99714.7,93272.31131
2026-03-24 19:25:00+00:00,0.9354,0.9355,0.9336,0.9342,339391.5,2026-03-24 19:29:59.999000+00:00,317091.72182,793,268437.4,250792.96081
2026-03-24 19:30:00+00:00,0.9342,0.9344,0.9319,0.9327,619911.1,2026-03-24 19:34:59.999000+00:00,578292.67223,1734,209398.4,195368.12473
2026-03-24 19:35:00+00:00,0.9326,0.9339,0.9325,0.9339,210621.3,2026-03-24 19:39:59.999000+00:00,196500.40491,869,138006.5,128750.3584
2026-03-24 19:40:00+00:00,0.9339,0.9347,0.9333,0.9335,302139.4,2026-03-24 19:44:59.999000+00:00,282161.15424,1264,127181.5,118769.70342
2026-03-24 19:45:00+00:00,0.9334,0.9336,0.9311,0.9314,468490.5,2026-03-24 19:49:59.999000+00:00,436586.07231,1407,159341.8,148493.32305
2026-03-24 19:50:00+00:00,0.9315,0.9322,0.9311,0.9317,813754.0,2026-03-24 19:54:59.999000+00:00,758017.16858,2148,302034.5,281363.19441
2026-03-24 19:55:00+00:00,0.9318,0.9322,0.931,0.9312,153997.8,2026-03-24 19:59:59.999000+00:00,143466.00561,806,37514.9,34947.12225
2026-03-24 20:00:00+00:00,0.9311,0.9329,0.9307,0.9325,332038.6,2026-03-24 20:04:59.999000+00:00,309378.03051,1646,198226.5,184704.66006
2026-03-24 20:05:00+00:00,0.9324,0.9331,0.9323,0.9328,150146.7,2026-03-24 20:09:59.999000+00:00,140038.04734,1041,61190.8,57078.65678
2026-03-24 20:10:00+00:00,0.9327,0.934,0.9322,0.934,151449.4,2026-03-24 20:14:59.999000+00:00,141294.58105,922,121474.8,113329.50715
2026-03-24 20:15:00+00:00,0.934,0.9355,0.9339,0.9355,415602.9,2026-03-24 20:19:59.999000+00:00,388501.31339,1338,302533.1,282822.41732
2026-03-24 20:20:00+00:00,0.9355,0.9477,0.9355,0.9473,2484624.5,2026-03-24 20:24:59.999000+00:00,2341448.20314,6617,1491695.8,1404941.5693
2026-03-24 20:25:00+00:00,0.9473,0.9516,0.9457,0.9478,1800178.4,2026-03-24 20:29:59.999000+00:00,1707971.28902,5302,909892.2,863354.28165
2026-03-24 20:30:00+00:00,0.9478,0.9502,0.9469,0.947,567468.6,2026-03-24 20:34:59.999000+00:00,538343.65189,2915,280225.7,265886.69076
2026-03-24 20:35:00+00:00,0.947,0.9491,0.9458,0.9483,587877.0,2026-03-24 20:39:59.999000+00:00,556845.45508,3001,257161.7,243667.57835
2026-03-24 20:40:00+00:00,0.9483,0.9484,0.9457,0.9467,364581.7,2026-03-24 20:44:59.999000+00:00,345186.24056,1844,225041.1,213068.58923
2026-03-24 20:45:00+00:00,0.9467,0.9477,0.9447,0.9468,443050.9,2026-03-24 20:49:59.999000+00:00,419178.42423,2052,185273.6,175333.85763
2026-03-24 20:50:00+00:00,0.9468,0.9489,0.9455,0.9472,315675.7,2026-03-24 20:54:59.999000+00:00,299075.64674,1657,165075.5,156396.06713
2026-03-24 20:55:00+00:00,0.9472,0.948,0.947,0.9473,375193.3,2026-03-24 20:59:59.999000+00:00,355517.89518,1016,171806.0,162833.17126
2026-03-24 21:00:00+00:00,0.9473,0.9481,0.947,0.9476,411068.0,2026-03-24 21:04:59.999000+00:00,389527.89149,1460,191187.3,181167.53372
2026-03-24 21:05:00+00:00,0.9477,0.948,0.9447,0.9453,345699.1,2026-03-24 21:09:59.999000+00:00,327053.10403,1381,72434.6,68521.86391
2026-03-24 21:10:00+00:00,0.9453,0.9455,0.9439,0.945,236938.8,2026-03-24 21:14:59.999000+00:00,223844.11421,1126,87362.2,82540.58706
2026-03-24 21:15:00+00:00,0.945,0.9457,0.9434,0.9439,257296.5,2026-03-24 21:19:59.999000+00:00,243044.08749,1066,99356.8,93874.9264
2026-03-24 21:20:00+00:00,0.9439,0.9443,0.9426,0.943,217052.3,2026-03-24 21:24:59.999000+00:00,204840.12968,822,70782.3,66809.75363
2026-03-24 21:25:00+00:00,0.943,0.9451,0.9426,0.9449,658081.9,2026-03-24 21:29:59.999000+00:00,620998.46364,1421,192854.6,182076.51199
2026-03-24 21:30:00+00:00,0.9449,0.9458,0.944,0.9441,294772.5,2026-03-24 21:34:59.999000+00:00,278446.98727,953,76958.3,72693.73565
2026-03-24 21:35:00+00:00,0.944,0.946,0.9436,0.9453,337808.0,2026-03-24 21:39:59.999000+00:00,319130.38933,1187,94595.8,89392.09687
2026-03-24 21:40:00+00:00,0.9454,0.9477,0.945,0.9462,345558.6,2026-03-24 21:44:59.999000+00:00,327015.59088,1580,126577.4,119772.03657
2026-03-24 21:45:00+00:00,0.9462,0.9481,0.9461,0.947,162927.5,2026-03-24 21:49:59.999000+00:00,154277.06352,1079,109095.1,103308.35522
2026-03-24 21:50:00+00:00,0.947,0.9471,0.945,0.9464,201463.4,2026-03-24 21:54:59.999000+00:00,190565.90562,872,126231.0,119402.37417
2026-03-24 21:55:00+00:00,0.9464,0.9485,0.9459,0.9483,202010.2,2026-03-24 21:59:59.999000+00:00,191320.59973,996,135995.2,128770.55059
2026-03-24 22:00:00+00:00,0.9483,0.949,0.9469,0.9473,332735.0,2026-03-24 22:04:59.999000+00:00,315399.97906,2078,126467.9,119897.11299
2026-03-24 22:05:00+00:00,0.9472,0.9514,0.9472,0.951,540511.7,2026-03-24 22:09:59.999000+00:00,513509.52727,2000,310805.9,295313.85908
2026-03-24 22:10:00+00:00,0.951,0.956,0.9509,0.9515,2807504.0,2026-03-24 22:14:59.999000+00:00,2676535.60233,4255,2063480.6,1967175.97925
2026-03-24 22:15:00+00:00,0.9514,0.9514,0.9486,0.9501,379459.6,2026-03-24 22:19:59.999000+00:00,360378.65524,1663,95616.2,90827.82929
2026-03-24 22:20:00+00:00,0.9501,0.9512,0.9495,0.9504,309012.1,2026-03-24 22:24:59.999000+00:00,293775.78465,989,98573.9,93694.77197
2026-03-24 22:25:00+00:00,0.9504,0.9512,0.9482,0.9487,570243.7,2026-03-24 22:29:59.999000+00:00,541758.77526,1772,266667.8,253433.52287
2026-03-24 22:30:00+00:00,0.9487,0.9493,0.9467,0.9478,411229.0,2026-03-24 22:34:59.999000+00:00,389873.92224,2205,196637.1,186455.83544
2026-03-24 22:35:00+00:00,0.9478,0.9494,0.9473,0.9481,518614.2,2026-03-24 22:39:59.999000+00:00,491923.79455,1444,398235.9,377783.15894
2026-03-24 22:40:00+00:00,0.9481,0.9488,0.9476,0.9486,137484.6,2026-03-24 22:44:59.999000+00:00,130358.06988,707,54196.4,51390.83443
2026-03-24 22:45:00+00:00,0.9485,0.9502,0.9485,0.9494,262525.1,2026-03-24 22:49:59.999000+00:00,249236.09712,1165,125389.6,119033.58093
2026-03-24 22:50:00+00:00,0.9494,0.9495,0.9481,0.9489,301664.3,2026-03-24 22:54:59.999000+00:00,286252.89696,835,103823.3,98506.83328
2026-03-24 22:55:00+00:00,0.9489,0.9503,0.9488,0.9494,119029.3,2026-03-24 22:59:59.999000+00:00,113025.15694,772,63500.4,60301.83235
2026-03-24 23:00:00+00:00,0.9494,0.9505,0.9489,0.9501,202637.4,2026-03-24 23:04:59.999000+00:00,192449.79463,1172,107776.5,102364.55394
2026-03-24 23:05:00+00:00,0.95,0.9523,0.9491,0.9518,373329.2,2026-03-24 23:09:59.999000+00:00,354893.46038,1653,205489.2,195412.85453
2026-03-24 23:10:00+00:00,0.9518,0.9526,0.9513,0.9522,163803.1,2026-03-24 23:14:59.999000+00:00,155922.22406,980,91336.3,86949.49363
2026-03-24 23:15:00+00:00,0.9521,0.9533,0.9517,0.9525,334003.1,2026-03-24 23:19:59.999000+00:00,318155.7252,1392,179251.1,170757.35599
2026-03-24 23:20:00+00:00,0.9526,0.9551,0.9515,0.9523,911193.4,2026-03-24 23:24:59.999000+00:00,868312.66882,2463,426298.8,406365.7481
2026-03-24 23:25:00+00:00,0.9522,0.9544,0.952,0.9539,511229.5,2026-03-24 23:29:59.999000+00:00,487510.63487,1395,291988.2,278532.7782
2026-03-24 23:30:00+00:00,0.9539,0.9545,0.9529,0.9535,327274.5,2026-03-24 23:34:59.999000+00:00,312112.15076,1594,161605.1,154125.00756
2026-03-24 23:35:00+00:00,0.9535,0.954,0.9528,0.9532,225537.2,2026-03-24 23:39:59.999000+00:00,215057.01547,1042,76856.6,73279.54158
2026-03-24 23:40:00+00:00,0.9532,0.9534,0.952,0.9525,154830.1,2026-03-24 23:44:59.999000+00:00,147499.4515,848,58097.8,55347.19103
2026-03-24 23:45:00+00:00,0.9524,0.9538,0.9519,0.9535,198639.0,2026-03-24 23:49:59.999000+00:00,189282.20092,1214,107531.1,102486.36282
2026-03-24 23:50:00+00:00,0.9535,0.9538,0.9532,0.9537,79481.7,2026-03-24 23:54:59.999000+00:00,75784.62401,708,37196.4,35469.00214
2026-03-24 23:55:00+00:00,0.9537,0.9537,0.9521,0.9522,271345.6,2026-03-24 23:59:59.999000+00:00,258566.71749,1048,114626.9,109224.10741
2026-03-25 00:00:00+00:00,0.9522,0.9547,0.9522,0.9539,764793.0,2026-03-25 00:04:59.999000+00:00,729337.84911,2529,456872.1,435665.53162
2026-03-25 00:05:00+00:00,0.954,0.956,0.9534,0.956,429539.7,2026-03-25 00:09:59.999000+00:00,410119.25158,1596,245402.3,234362.4191
2026-03-25 00:10:00+00:00,0.956,0.9579,0.9558,0.9562,850201.9,2026-03-25 00:14:59.999000+00:00,813553.10582,2419,611918.1,585558.37061
2026-03-25 00:15:00+00:00,0.9562,0.9564,0.9533,0.9546,706416.0,2026-03-25 00:19:59.999000+00:00,674467.66858,1808,251524.1,240097.00652
2026-03-25 00:20:00+00:00,0.9546,0.9548,0.9539,0.9539,89944.2,2026-03-25 00:24:59.999000+00:00,85828.31356,736,39658.5,37844.10547
2026-03-25 00:25:00+00:00,0.9538,0.9539,0.9525,0.9527,134743.8,2026-03-25 00:29:59.999000+00:00,128455.11072,824,51016.0,48639.8266
2026-03-25 00:30:00+00:00,0.9526,0.9545,0.9481,0.9541,1317405.4,2026-03-25 00:34:59.999000+00:00,1252857.29122,4052,525761.9,500359.05526
2026-03-25 00:35:00+00:00,0.9541,0.956,0.9541,0.9556,357995.6,2026-03-25 00:39:59.999000+00:00,341961.56794,1304,250334.0,239098.87953
2026-03-25 00:40:00+00:00,0.9557,0.9587,0.9557,0.9571,444424.2,2026-03-25 00:44:59.999000+00:00,425429.16843,1717,212155.0,203108.30471
2026-03-25 00:45:00+00:00,0.957,0.9585,0.9552,0.9553,346919.9,2026-03-25 00:49:59.999000+00:00,332188.29529,1624,141333.2,135377.85196
2026-03-25 00:50:00+00:00,0.9554,0.9563,0.9548,0.9552,509997.3,2026-03-25 00:54:59.999000+00:00,487403.85978,1487,300776.3,287476.53534
2026-03-25 00:55:00+00:00,0.9551,0.9554,0.9529,0.9538,253359.6,2026-03-25 00:59:59.999000+00:00,241661.01299,1097,59296.7,56569.28917
2026-03-25 01:00:00+00:00,0.9538,0.9555,0.9535,0.9539,928298.5,2026-03-25 01:04:59.999000+00:00,886193.02972,2973,437203.5,417415.55225
2026-03-25 01:05:00+00:00,0.9539,0.9542,0.9521,0.9538,252843.6,2026-03-25 01:09:59.999000+00:00,240947.78858,1527,144608.5,137813.97257
2026-03-25 01:10:00+00:00,0.9539,0.9567,0.9533,0.9537,364856.8,2026-03-25 01:14:59.999000+00:00,348469.15206,1680,222882.7,212906.58113
2026-03-25 01:15:00+00:00,0.9537,0.9539,0.9526,0.9527,133195.8,2026-03-25 01:19:59.999000+00:00,126950.61385,860,43254.5,41229.35851
2026-03-25 01:20:00+00:00,0.9528,0.9551,0.9528,0.9543,325217.4,2026-03-25 01:24:59.999000+00:00,310385.83575,1045,210454.4,200859.00262
2026-03-25 01:25:00+00:00,0.9543,0.9549,0.9535,0.9549,158308.5,2026-03-25 01:29:59.999000+00:00,151026.66248,744,44395.1,42354.36552
2026-03-25 01:30:00+00:00,0.9549,0.9551,0.9527,0.9532,158766.0,2026-03-25 01:34:59.999000+00:00,151427.47298,1179,65805.8,62761.9497
2026-03-25 01:35:00+00:00,0.9533,0.9541,0.9526,0.953,154747.5,2026-03-25 01:39:59.999000+00:00,147513.47972,927,88224.6,84102.40178
2026-03-25 01:40:00+00:00,0.953,0.9562,0.9528,0.9545,351176.0,2026-03-25 01:44:59.999000+00:00,335409.31089,1317,207816.2,198459.41752
2026-03-25 01:45:00+00:00,0.9545,0.9549,0.9525,0.9529,308946.0,2026-03-25 01:49:59.999000+00:00,294643.85951,1369,52159.8,49744.10766
2026-03-25 01:50:00+00:00,0.953,0.9538,0.9527,0.953,109432.7,2026-03-25 01:54:59.999000+00:00,104296.28863,752,47466.4,45241.58748
2026-03-25 01:55:00+00:00,0.953,0.9531,0.9513,0.9513,172925.8,2026-03-25 01:59:59.999000+00:00,164671.73148,929,55553.9,52917.43288
2026-03-25 02:00:00+00:00,0.9513,0.9522,0.9496,0.9516,612977.1,2026-03-25 02:04:59.999000+00:00,582839.11341,2229,254390.4,241947.1512
2026-03-25 02:05:00+00:00,0.9515,0.9524,0.9504,0.9517,245650.4,2026-03-25 02:09:59.999000+00:00,233687.68414,1348,112294.0,106844.15061
2026-03-25 02:10:00+00:00,0.9517,0.9522,0.9499,0.9506,465406.4,2026-03-25 02:14:59.999000+00:00,442387.492,1266,300029.4,285137.94722
2026-03-25 02:15:00+00:00,0.9506,0.9511,0.9495,0.9501,277677.4,2026-03-25 02:19:59.999000+00:00,263853.62126,1094,120536.3,114525.60358
2026-03-25 02:20:00+00:00,0.95,0.9508,0.9496,0.9501,160076.2,2026-03-25 02:24:59.999000+00:00,152095.1485,717,29640.4,28163.63496
2026-03-25 02:25:00+00:00,0.9501,0.9514,0.9497,0.9502,415319.7,2026-03-25 02:29:59.999000+00:00,394823.39916,1014,317921.4,302250.34949
2026-03-25 02:30:00+00:00,0.9501,0.9506,0.9495,0.95,125212.7,2026-03-25 02:34:59.999000+00:00,118944.34889,883,55540.6,52761.55809
2026-03-25 02:35:00+00:00,0.9499,0.9515,0.9493,0.9507,177206.3,2026-03-25 02:39:59.999000+00:00,168454.88167,1558,103242.2,98143.58185
2026-03-25 02:40:00+00:00,0.9507,0.9513,0.9503,0.9513,124307.0,2026-03-25 02:44:59.999000+00:00,118185.70493,741,55828.7,53080.56986
2026-03-25 02:45:00+00:00,0.9513,0.9525,0.95,0.9503,201512.6,2026-03-25 02:49:59.999000+00:00,191709.48839,927,110369.7,105036.15615
2026-03-25 02:50:00+00:00,0.9504,0.9505,0.9498,0.9499,163529.9,2026-03-25 02:54:59.999000+00:00,155360.35116,1312,74204.2,70499.27765
2026-03-25 02:55:00+00:00,0.9499,0.95,0.9487,0.9494,304749.0,2026-03-25 02:59:59.999000+00:00,289277.10141,1073,149831.6,142242.65228
2026-03-25 03:00:00+00:00,0.9494,0.95,0.9483,0.9497,590681.4,2026-03-25 03:04:59.999000+00:00,560543.33191,1528,296075.5,280991.95048
2026-03-25 03:05:00+00:00,0.9496,0.9496,0.9472,0.9475,304336.0,2026-03-25 03:09:59.999000+00:00,288587.43104,1334,110938.8,105200.14917
2026-03-25 03:10:00+00:00,0.9475,0.9475,0.9432,0.9446,1156323.1,2026-03-25 03:14:59.999000+00:00,1093014.98994,2697,277392.2,262180.60844
2026-03-25 03:15:00+00:00,0.9446,0.9458,0.944,0.9457,607344.7,2026-03-25 03:19:59.999000+00:00,573893.0231,1806,343899.5,325029.50111
2026-03-25 03:20:00+00:00,0.9457,0.9458,0.9436,0.945,264897.3,2026-03-25 03:24:59.999000+00:00,250199.00996,1011,90921.9,85861.04283
2026-03-25 03:25:00+00:00,0.945,0.9474,0.9449,0.9468,344973.1,2026-03-25 03:29:59.999000+00:00,326541.58936,915,292980.2,277370.62996
2026-03-25 03:30:00+00:00,0.9469,0.95,0.9468,0.9481,811715.0,2026-03-25 03:34:59.999000+00:00,770032.33608,1813,585876.9,555841.79587
2026-03-25 03:35:00+00:00,0.9481,0.9508,0.948,0.9499,562425.5,2026-03-25 03:39:59.999000+00:00,534258.67768,1229,387529.9,368090.82583
2026-03-25 03:40:00+00:00,0.95,0.9506,0.9496,0.9506,278458.6,2026-03-25 03:44:59.999000+00:00,264578.92652,773,152875.0,145265.94018
2026-03-25 03:45:00+00:00,0.9505,0.9518,0.9499,0.9509,328336.7,2026-03-25 03:49:59.999000+00:00,312235.27237,1183,197795.4,188109.33081
2026-03-25 03:50:00+00:00,0.9509,0.954,0.9509,0.9537,445852.7,2026-03-25 03:54:59.999000+00:00,424857.65961,1529,357893.5,341073.90131
2026-03-25 03:55:00+00:00,0.9536,0.9543,0.9527,0.953,218338.9,2026-03-25 03:59:59.999000+00:00,208220.42385,876,110217.0,105119.8514
2026-03-25 04:00:00+00:00,0.953,0.9539,0.9524,0.9539,257065.8,2026-03-25 04:04:59.999000+00:00,245047.08073,1098,155430.9,148173.21533
2026-03-25 04:05:00+00:00,0.9539,0.9554,0.9537,0.9554,329562.1,2026-03-25 04:09:59.999000+00:00,314632.79888,1427,173450.8,165608.08058
2026-03-25 04:10:00+00:00,0.9553,0.9553,0.9535,0.9536,249100.6,2026-03-25 04:14:59.999000+00:00,237717.95094,959,91936.0,87731.97327
2026-03-25 04:15:00+00:00,0.9536,0.9537,0.9528,0.9531,233417.4,2026-03-25 04:19:59.999000+00:00,222462.99615,912,106893.4,101887.54729
2026-03-25 04:20:00+00:00,0.953,0.953,0.9514,0.9526,254749.1,2026-03-25 04:24:59.999000+00:00,242542.76547,808,95904.8,91299.81343
2026-03-25 04:25:00+00:00,0.9526,0.954,0.952,0.9528,172857.1,2026-03-25 04:29:59.999000+00:00,164705.55579,734,73566.2,70098.95201
2026-03-25 04:30:00+00:00,0.9528,0.9529,0.9518,0.952,105365.3,2026-03-25 04:34:59.999000+00:00,100334.11816,646,60785.9,57881.85066
2026-03-25 04:35:00+00:00,0.9521,0.9525,0.951,0.9515,217459.2,2026-03-25 04:39:59.999000+00:00,206977.12155,827,130078.2,123815.86765
2026-03-25 04:40:00+00:00,0.9516,0.9523,0.9516,0.9518,128977.6,2026-03-25 04:44:59.999000+00:00,122780.0355,662,27239.6,25933.02193
2026-03-25 04:45:00+00:00,0.9518,0.9521,0.9515,0.9517,58441.2,2026-03-25 04:49:59.999000+00:00,55621.79403,520,30810.7,29324.47513
2026-03-25 04:50:00+00:00,0.9517,0.9531,0.9517,0.9531,127898.4,2026-03-25 04:54:59.999000+00:00,121828.90066,577,71969.4,68548.46559
2026-03-25 04:55:00+00:00,0.9531,0.9573,0.953,0.9566,520174.1,2026-03-25 04:59:59.999000+00:00,497300.68633,1765,401069.9,383430.12839
2026-03-25 05:00:00+00:00,0.9565,0.9567,0.955,0.9564,624439.7,2026-03-25 05:04:59.999000+00:00,596804.30192,1886,143542.8,137228.67216
2026-03-25 05:05:00+00:00,0.9563,0.9613,0.9522,0.9557,5283176.5,2026-03-25 05:09:59.999000+00:00,5049411.8296,9220,1747794.6,1671451.58269
2026-03-25 05:10:00+00:00,0.9557,0.9563,0.9537,0.954,913513.7,2026-03-25 05:14:59.999000+00:00,872448.60291,2639,417516.9,398757.60371
2026-03-25 05:15:00+00:00,0.954,0.954,0.9516,0.9521,647833.8,2026-03-25 05:19:59.999000+00:00,617210.36955,1764,432237.1,411823.68422
2026-03-25 05:20:00+00:00,0.9521,0.9537,0.9521,0.9531,429240.2,2026-03-25 05:24:59.999000+00:00,409086.84231,1327,294821.0,280988.8915
2026-03-25 05:25:00+00:00,0.953,0.9554,0.9525,0.9554,300514.9,2026-03-25 05:29:59.999000+00:00,286731.85266,1003,221763.5,211628.17609
2026-03-25 05:30:00+00:00,0.9554,0.9566,0.9548,0.9549,273829.9,2026-03-25 05:34:59.999000+00:00,261747.89967,1245,151045.1,144368.46373
2026-03-25 05:35:00+00:00,0.9549,0.9554,0.9544,0.9544,159217.2,2026-03-25 05:39:59.999000+00:00,152046.77423,617,62195.0,59396.67529
2026-03-25 05:40:00+00:00,0.9543,0.9545,0.9535,0.9541,201741.2,2026-03-25 05:44:59.999000+00:00,192474.3347,754,82454.7,78662.00535
2026-03-25 05:45:00+00:00,0.9541,0.9547,0.9539,0.9539,185127.7,2026-03-25 05:49:59.999000+00:00,176667.20254,724,111280.1,106194.90689
2026-03-25 05:50:00+00:00,0.9539,0.9548,0.9531,0.9536,578524.3,2026-03-25 05:54:59.999000+00:00,551819.08801,1039,255536.1,243773.13047
2026-03-25 05:55:00+00:00,0.9537,0.9541,0.953,0.9538,200328.4,2026-03-25 05:59:59.999000+00:00,190980.89588,622,111650.5,106435.00507
2026-03-25 06:00:00+00:00,0.9538,0.9541,0.9529,0.9531,343584.0,2026-03-25 06:04:59.999000+00:00,327622.75596,1185,145339.6,138572.05774
2026-03-25 06:05:00+00:00,0.9532,0.9532,0.9518,0.9524,187566.6,2026-03-25 06:09:59.999000+00:00,178675.16902,1178,58634.3,55858.20871
2026-03-25 06:10:00+00:00,0.9524,0.9529,0.9522,0.9525,114797.9,2026-03-25 06:14:59.999000+00:00,109352.37512,921,47625.7,45369.42827
2026-03-25 06:15:00+00:00,0.9524,0.9542,0.9524,0.9538,219188.1,2026-03-25 06:19:59.999000+00:00,208930.01236,991,159071.9,151637.18588
2026-03-25 06:20:00+00:00,0.9538,0.957,0.9538,0.956,453994.0,2026-03-25 06:24:59.999000+00:00,433840.03726,1597,250046.7,238971.78723
2026-03-25 06:25:00+00:00,0.956,0.9583,0.956,0.9578,581306.1,2026-03-25 06:29:59.999000+00:00,556589.32861,1584,295933.9,283357.25674
2026-03-25 06:30:00+00:00,0.9578,0.9602,0.9575,0.9601,442968.5,2026-03-25 06:34:59.999000+00:00,424611.26106,1566,324638.8,311207.42968
2026-03-25 06:35:00+00:00,0.9601,0.9611,0.9592,0.9596,651356.0,2026-03-25 06:39:59.999000+00:00,625336.87202,2309,289350.9,277857.40007
2026-03-25 06:40:00+00:00,0.9596,0.9608,0.9593,0.9608,116450.0,2026-03-25 06:44:59.999000+00:00,111795.81556,879,86675.2,83214.05837
2026-03-25 06:45:00+00:00,0.9608,0.961,0.9593,0.9593,310400.6,2026-03-25 06:49:59.999000+00:00,298039.28721,1209,102719.7,98637.91996
2026-03-25 06:50:00+00:00,0.9594,0.9604,0.9586,0.9599,270738.4,2026-03-25 06:54:59.999000+00:00,259848.6309,1044,165045.6,158416.28517
2026-03-25 06:55:00+00:00,0.96,0.9604,0.9573,0.9575,521901.1,2026-03-25 06:59:59.999000+00:00,500453.27082,1592,130863.1,125518.82124
2026-03-25 07:00:00+00:00,0.9576,0.9598,0.9571,0.9587,442861.0,2026-03-25 07:04:59.999000+00:00,424443.44439,1768,271327.5,260105.73425
2026-03-25 07:05:00+00:00,0.9588,0.9591,0.9579,0.9587,154124.7,2026-03-25 07:09:59.999000+00:00,147729.61007,913,69487.0,66600.76523
2026-03-25 07:10:00+00:00,0.9588,0.96,0.9588,0.9597,267785.7,2026-03-25 07:14:59.999000+00:00,256966.09471,981,172617.3,165645.09986
2026-03-25 07:15:00+00:00,0.9597,0.9619,0.9594,0.9605,454185.6,2026-03-25 07:19:59.999000+00:00,436473.40003,1542,271261.0,260731.2505
2026-03-25 07:20:00+00:00,0.9604,0.961,0.9595,0.96,306754.1,2026-03-25 07:24:59.999000+00:00,294603.67115,1098,165395.4,158874.03194
2026-03-25 07:25:00+00:00,0.9601,0.9603,0.9587,0.9593,409760.6,2026-03-25 07:29:59.999000+00:00,393126.20597,1007,165320.3,158611.1519
2026-03-25 07:30:00+00:00,0.9593,0.9629,0.9593,0.9618,410662.6,2026-03-25 07:34:59.999000+00:00,394920.53971,1640,252195.0,242522.0971
2026-03-25 07:35:00+00:00,0.9618,0.9643,0.9616,0.9632,797724.0,2026-03-25 07:39:59.999000+00:00,768321.74221,2097,390648.3,376278.31062
2026-03-25 07:40:00+00:00,0.9633,0.9647,0.9606,0.961,486266.0,2026-03-25 07:44:59.999000+00:00,468340.93099,1701,225902.5,217658.67805
2026-03-25 07:45:00+00:00,0.961,0.9614,0.9566,0.9588,1073217.8,2026-03-25 07:49:59.999000+00:00,1028750.70996,2978,596671.0,572013.39148
2026-03-25 07:50:00+00:00,0.9588,0.9596,0.9582,0.9588,305105.3,2026-03-25 07:54:59.999000+00:00,292555.82465,962,208575.0,199998.75463
2026-03-25 07:55:00+00:00,0.9588,0.9595,0.9579,0.9591,341713.5,2026-03-25 07:59:59.999000+00:00,327589.50938,958,222708.8,213511.45506
2026-03-25 08:00:00+00:00,0.9592,0.963,0.9592,0.9626,684547.8,2026-03-25 08:04:59.999000+00:00,657830.06134,2553,528607.4,507955.89259
2026-03-25 08:05:00+00:00,0.9626,0.9631,0.9608,0.9612,435902.0,2026-03-25 08:09:59.999000+00:00,419325.54349,2103,185014.4,177997.85423
2026-03-25 08:10:00+00:00,0.9612,0.9617,0.9607,0.961,302132.7,2026-03-25 08:14:59.999000+00:00,290392.58596,1576,144830.3,139209.67723
2026-03-25 08:15:00+00:00,0.961,0.9639,0.961,0.9634,388050.3,2026-03-25 08:19:59.999000+00:00,373684.89348,1799,263854.0,254089.14064
2026-03-25 08:20:00+00:00,0.9634,0.9643,0.9615,0.962,189564.3,2026-03-25 08:24:59.999000+00:00,182531.77003,1077,58708.2,56537.41916
2026-03-25 08:25:00+00:00,0.9621,0.9668,0.9611,0.9635,792744.1,2026-03-25 08:29:59.999000+00:00,764638.82948,2608,475873.0,459035.08818
2026-03-25 08:30:00+00:00,0.9635,0.968,0.9633,0.9664,1014959.7,2026-03-25 08:34:59.999000+00:00,980533.41741,3735,432844.9,418240.45885
2026-03-25 08:35:00+00:00,0.9663,0.9667,0.9625,0.9646,774058.2,2026-03-25 08:39:59.999000+00:00,746583.2223,2880,308660.2,297775.83238
2026-03-25 08:40:00+00:00,0.9647,0.9668,0.9646,0.9658,664921.4,2026-03-25 08:44:59.999000+00:00,642169.18111,1815,353226.7,341204.86149
2026-03-25 08:45:00+00:00,0.9657,0.9658,0.9636,0.9638,250664.5,2026-03-25 08:49:59.999000+00:00,241806.91878,1622,118911.3,114717.53706
2026-03-25 08:50:00+00:00,0.9637,0.9642,0.9625,0.9626,213929.1,2026-03-25 08:54:59.999000+00:00,206074.50764,968,44270.9,42646.7486
2026-03-25 08:55:00+00:00,0.9626,0.9634,0.9619,0.962,239824.0,2026-03-25 08:59:59.999000+00:00,230812.73355,975,91171.4,87756.1203
2026-03-25 09:00:00+00:00,0.9619,0.9624,0.9603,0.9607,796024.8,2026-03-25 09:04:59.999000+00:00,765084.32714,2449,409650.5,393721.51927
2026-03-25 09:05:00+00:00,0.9607,0.9622,0.9599,0.9617,497145.3,2026-03-25 09:09:59.999000+00:00,477814.6584,2070,338537.6,325397.09148
2026-03-25 09:10:00+00:00,0.9616,0.9631,0.9614,0.9626,652584.4,2026-03-25 09:14:59.999000+00:00,628275.07638,1548,491235.0,472970.26098
2026-03-25 09:15:00+00:00,0.9626,0.9632,0.9619,0.9624,142600.9,2026-03-25 09:19:59.999000+00:00,137247.40444,821,48463.0,46646.95101
2026-03-25 09:20:00+00:00,0.9625,0.964,0.9603,0.9612,295635.5,2026-03-25 09:24:59.999000+00:00,284404.88821,1322,161429.5,155310.43401
2026-03-25 09:25:00+00:00,0.9612,0.9618,0.9606,0.9607,309362.0,2026-03-25 09:29:59.999000+00:00,297412.44196,1106,151134.1,145305.17645
2026-03-25 09:30:00+00:00,0.9607,0.962,0.9603,0.9605,479940.0,2026-03-25 09:34:59.999000+00:00,461265.35046,1538,338116.6,324993.93754
2026-03-25 09:35:00+00:00,0.9605,0.9612,0.9602,0.9607,156782.5,2026-03-25 09:39:59.999000+00:00,150636.72514,989,96290.0,92520.29693
2026-03-25 09:40:00+00:00,0.9608,0.9614,0.9606,0.961,136667.3,2026-03-25 09:44:59.999000+00:00,131333.54296,898,62702.8,60254.05633
2026-03-25 09:45:00+00:00,0.961,0.9611,0.9582,0.9603,321427.0,2026-03-25 09:49:59.999000+00:00,308412.8329,1578,76862.7,73751.55956
2026-03-25 09:50:00+00:00,0.9603,0.9609,0.9598,0.9607,190126.3,2026-03-25 09:54:59.999000+00:00,182582.91237,807,62810.1,60331.96795
2026-03-25 09:55:00+00:00,0.9608,0.9636,0.9608,0.9624,314451.0,2026-03-25 09:59:59.999000+00:00,302599.70562,1314,236118.3,227216.20539
2026-03-25 10:00:00+00:00,0.9625,0.9636,0.9614,0.9622,495450.9,2026-03-25 10:04:59.999000+00:00,476706.65544,1634,112635.0,108423.86405
2026-03-25 10:05:00+00:00,0.9623,0.9637,0.9621,0.9627,510766.3,2026-03-25 10:09:59.999000+00:00,491735.92244,1199,266500.7,256579.79591
2026-03-25 10:10:00+00:00,0.9627,0.964,0.9626,0.9638,429491.2,2026-03-25 10:14:59.999000+00:00,413824.74551,1160,280743.1,270494.28342
2026-03-25 10:15:00+00:00,0.9637,0.9637,0.961,0.9616,682353.6,2026-03-25 10:19:59.999000+00:00,656341.13502,1706,238100.3,229014.70277
2026-03-25 10:20:00+00:00,0.9616,0.9619,0.9605,0.9608,525267.8,2026-03-25 10:24:59.999000+00:00,504929.12308,1308,255543.1,245655.90959
2026-03-25 10:25:00+00:00,0.9608,0.9621,0.9604,0.9617,182883.9,2026-03-25 10:29:59.999000+00:00,175752.37242,762,91526.6,87961.8974
2026-03-25 10:30:00+00:00,0.9616,0.9624,0.9612,0.9615,184295.6,2026-03-25 10:34:59.999000+00:00,177252.27865,955,63161.5,60755.13079
2026-03-25 10:35:00+00:00,0.9615,0.9619,0.9606,0.9606,136895.1,2026-03-25 10:39:59.999000+00:00,131573.46426,734,47924.1,46056.46543
2026-03-25 10:40:00+00:00,0.9606,0.9611,0.9602,0.9605,197402.3,2026-03-25 10:44:59.999000+00:00,189622.45405,1071,88611.5,85125.17096
2026-03-25 10:45:00+00:00,0.9605,0.9631,0.9605,0.9629,269711.1,2026-03-25 10:49:59.999000+00:00,259426.19243,1233,196441.6,188946.27796
2026-03-25 10:50:00+00:00,0.963,0.964,0.9629,0.9638,275428.0,2026-03-25 10:54:59.999000+00:00,265408.06211,967,185799.9,179053.7797
2026-03-25 10:55:00+00:00,0.9638,0.965,0.963,0.9633,765020.9,2026-03-25 10:59:59.999000+00:00,737678.53714,1313,463909.2,447332.36655
2026-03-25 11:00:00+00:00,0.9632,0.9647,0.9631,0.9633,178141.3,2026-03-25 11:04:59.999000+00:00,171721.18361,1182,84965.1,81911.00618
2026-03-25 11:05:00+00:00,0.9634,0.9653,0.9625,0.9651,517852.9,2026-03-25 11:09:59.999000+00:00,499243.70216,1280,412777.6,398005.25628
2026-03-25 11:10:00+00:00,0.9652,0.9669,0.9643,0.9662,912598.3,2026-03-25 11:14:59.999000+00:00,881196.09239,1825,610938.9,589872.77976
2026-03-25 11:15:00+00:00,0.9663,0.9696,0.9663,0.9689,1935321.8,2026-03-25 11:19:59.999000+00:00,1873423.07299,3406,1533221.1,1484165.93142
2026-03-25 11:20:00+00:00,0.9689,0.9698,0.9677,0.9685,696605.8,2026-03-25 11:24:59.999000+00:00,674775.78149,1978,228415.3,221295.87399
2026-03-25 11:25:00+00:00,0.9685,0.9707,0.9676,0.9686,652564.1,2026-03-25 11:29:59.999000+00:00,632503.80574,2076,370876.7,359553.70962
2026-03-25 11:30:00+00:00,0.9686,0.9754,0.9685,0.9714,3233905.0,2026-03-25 11:34:59.999000+00:00,3144982.253,6722,1863822.5,1812318.24433
2026-03-25 11:35:00+00:00,0.9714,0.9723,0.9689,0.9703,679897.5,2026-03-25 11:39:59.999000+00:00,659674.70687,2642,387734.6,376230.21426
2026-03-25 11:40:00+00:00,0.9704,0.9708,0.968,0.9696,691466.5,2026-03-25 11:44:59.999000+00:00,670081.84402,1720,422122.4,409033.74069
2026-03-25 11:45:00+00:00,0.9696,0.9699,0.9633,0.9642,2951287.1,2026-03-25 11:49:59.999000+00:00,2848367.07548,3953,1699920.6,1639971.24966
2026-03-25 11:50:00+00:00,0.9642,0.966,0.9641,0.9659,590708.8,2026-03-25 11:54:59.999000+00:00,570104.08805,1905,360704.2,348143.27433
2026-03-25 11:55:00+00:00,0.966,0.9672,0.9653,0.9669,488740.0,2026-03-25 11:59:59.999000+00:00,472268.39059,1441,377214.6,364536.80055
2026-03-25 12:00:00+00:00,0.967,0.9701,0.967,0.9688,960682.5,2026-03-25 12:04:59.999000+00:00,930475.50567,3235,634835.5,614871.42972
2026-03-25 12:05:00+00:00,0.9689,0.9696,0.9685,0.9691,316086.2,2026-03-25 12:09:59.999000+00:00,306315.98763,1544,151042.0,146379.48012
2026-03-25 12:10:00+00:00,0.9691,0.9712,0.9681,0.9685,896779.2,2026-03-25 12:14:59.999000+00:00,869560.10624,2757,347146.6,336696.73026
2026-03-25 12:15:00+00:00,0.9685,0.9687,0.9622,0.9642,1023318.2,2026-03-25 12:19:59.999000+00:00,987463.89014,3776,364453.2,351572.19181
2026-03-25 12:20:00+00:00,0.9641,0.9648,0.959,0.962,1278797.9,2026-03-25 12:24:59.999000+00:00,1229439.22991,4590,503867.7,484545.356
2026-03-25 12:25:00+00:00,0.962,0.9626,0.9598,0.961,801729.8,2026-03-25 12:29:59.999000+00:00,770430.47092,2563,364817.7,350690.66372
2026-03-25 12:30:00+00:00,0.961,0.9615,0.9588,0.9609,1044108.1,2026-03-25 12:34:59.999000+00:00,1002599.77146,2653,606354.3,582422.34158
2026-03-25 12:35:00+00:00,0.961,0.9625,0.9607,0.9619,1104427.9,2026-03-25 12:39:59.999000+00:00,1062006.47795,2081,601245.6,578174.00516
2026-03-25 12:40:00+00:00,0.9619,0.9632,0.9611,0.9613,499388.6,2026-03-25 12:44:59.999000+00:00,480526.36507,1606,304118.2,292634.76298
2026-03-25 12:45:00+00:00,0.9613,0.9627,0.9607,0.9627,265835.3,2026-03-25 12:49:59.999000+00:00,255719.8494,1074,160891.7,154779.723
2026-03-25 12:50:00+00:00,0.9627,0.9637,0.9613,0.9637,295631.2,2026-03-25 12:54:59.999000+00:00,284557.95025,945,203555.7,195982.38356
2026-03-25 12:55:00+00:00,0.9638,0.9701,0.9631,0.9658,1497737.0,2026-03-25 12:59:59.999000+00:00,1448139.44331,4122,874761.7,845873.79741
2026-03-25 13:00:00+00:00,0.9658,0.9686,0.9641,0.968,744065.3,2026-03-25 13:04:59.999000+00:00,719439.59095,3120,306124.6,296050.04419
2026-03-25 13:05:00+00:00,0.968,0.9691,0.9676,0.9681,518168.6,2026-03-25 13:09:59.999000+00:00,501851.18515,1779,236763.0,229325.33835
2026-03-25 13:10:00+00:00,0.9681,0.9696,0.968,0.9688,283526.4,2026-03-25 13:14:59.999000+00:00,274626.70606,1400,161521.8,156442.09611
2026-03-25 13:15:00+00:00,0.9689,0.9694,0.9672,0.9691,333545.6,2026-03-25 13:19:59.999000+00:00,323029.90657,1554,104575.4,101262.44557
2026-03-25 13:20:00+00:00,0.9691,0.9701,0.9675,0.9677,438618.9,2026-03-25 13:24:59.999000+00:00,424993.82775,1582,210273.2,203810.10085
2026-03-25 13:25:00+00:00,0.9678,0.9686,0.9673,0.9678,224298.5,2026-03-25 13:29:59.999000+00:00,217106.82262,1190,99749.8,96562.97373
2026-03-25 13:30:00+00:00,0.9677,0.972,0.9676,0.9707,722724.0,2026-03-25 13:34:59.999000+00:00,701271.64477,3612,421311.3,408901.75689
2026-03-25 13:35:00+00:00,0.9708,0.9738,0.9707,0.9717,674326.6,2026-03-25 13:39:59.999000+00:00,655513.03362,3057,245293.7,238463.36101
2026-03-25 13:40:00+00:00,0.9716,0.9729,0.9699,0.9705,622374.2,2026-03-25 13:44:59.999000+00:00,604667.80138,2875,210177.8,204271.30017
2026-03-25 13:45:00+00:00,0.9704,0.9724,0.9695,0.9699,636834.5,2026-03-25 13:49:59.999000+00:00,618301.74534,2808,289215.2,280903.2609
2026-03-25 13:50:00+00:00,0.97,0.9709,0.9666,0.9695,860164.4,2026-03-25 13:54:59.999000+00:00,833168.44929,3126,478772.7,463669.52437
2026-03-25 13:55:00+00:00,0.9696,0.9708,0.967,0.9686,590691.6,2026-03-25 13:59:59.999000+00:00,572209.6376,2157,330022.2,319642.97787
2026-03-25 14:00:00+00:00,0.9686,0.9697,0.9656,0.9672,688359.2,2026-03-25 14:04:59.999000+00:00,666098.85016,3142,315531.4,305443.15756
2026-03-25 14:05:00+00:00,0.9671,0.9687,0.9648,0.9677,678398.6,2026-03-25 14:09:59.999000+00:00,656161.65447,2822,290477.0,280984.79529
2026-03-25 14:10:00+00:00,0.9677,0.9678,0.9651,0.9671,607334.7,2026-03-25 14:14:59.999000+00:00,586843.44849,2296,262649.4,253783.25626
2026-03-25 14:15:00+00:00,0.9671,0.9691,0.9657,0.9659,399820.8,2026-03-25 14:19:59.999000+00:00,386978.81586,1547,281968.5,272931.33957
2026-03-25 14:20:00+00:00,0.966,0.9691,0.9658,0.9661,451876.3,2026-03-25 14:24:59.999000+00:00,437206.44877,1492,173816.8,168163.12732
2026-03-25 14:25:00+00:00,0.9662,0.9697,0.9662,0.968,976957.0,2026-03-25 14:29:59.999000+00:00,946115.50045,2158,734597.7,711439.97936
2026-03-25 14:30:00+00:00,0.968,0.97,0.9673,0.9676,393286.0,2026-03-25 14:34:59.999000+00:00,380980.96857,1596,193101.1,187076.89236
2026-03-25 14:35:00+00:00,0.9676,0.9682,0.9649,0.9654,483605.2,2026-03-25 14:39:59.999000+00:00,467277.94305,1648,163876.2,158373.86832
2026-03-25 14:40:00+00:00,0.9655,0.9664,0.9648,0.9657,151710.8,2026-03-25 14:44:59.999000+00:00,146470.63766,1173,72285.6,69788.91528
2026-03-25 14:45:00+00:00,0.9657,0.9671,0.9645,0.9658,321506.3,2026-03-25 14:49:59.999000+00:00,310470.31159,1457,153964.9,148699.74758
2026-03-25 14:50:00+00:00,0.9658,0.9671,0.9655,0.9657,208372.2,2026-03-25 14:54:59.999000+00:00,201415.76765,934,120227.8,116227.45688
2026-03-25 14:55:00+00:00,0.9657,0.9664,0.9618,0.9624,965820.0,2026-03-25 14:59:59.999000+00:00,930708.62059,2568,272701.4,262918.35771
2026-03-25 15:00:00+00:00,0.9625,0.9646,0.9618,0.9636,676240.8,2026-03-25 15:04:59.999000+00:00,651406.4903,2311,385032.7,370812.12066
2026-03-25 15:05:00+00:00,0.9637,0.9642,0.9564,0.9565,2254620.2,2026-03-25 15:09:59.999000+00:00,2162228.18276,5577,776848.5,745404.72427
2026-03-25 15:10:00+00:00,0.9565,0.9585,0.9543,0.9557,1291086.1,2026-03-25 15:14:59.999000+00:00,1234491.44349,3684,622190.9,595022.93282
2026-03-25 15:15:00+00:00,0.9556,0.9562,0.9502,0.9526,1423023.3,2026-03-25 15:19:59.999000+00:00,1355611.64484,4897,675285.7,643370.72885
2026-03-25 15:20:00+00:00,0.9527,0.9573,0.9526,0.9562,921934.9,2026-03-25 15:24:59.999000+00:00,880542.5126,2967,495175.2,472929.93058
2026-03-25 15:25:00+00:00,0.9562,0.9571,0.9544,0.9569,765403.8,2026-03-25 15:29:59.999000+00:00,731304.38813,1868,310876.5,297142.24618
2026-03-25 15:30:00+00:00,0.9568,0.9584,0.9561,0.9564,553723.4,2026-03-25 15:34:59.999000+00:00,530072.49108,1886,337306.9,322945.87915
2026-03-25 15:35:00+00:00,0.9565,0.9568,0.9539,0.9542,328174.2,2026-03-25 15:39:59.999000+00:00,313412.90079,1338,110805.6,105815.53397
2026-03-25 15:40:00+00:00,0.9541,0.9547,0.9528,0.9543,301660.8,2026-03-25 15:44:59.999000+00:00,287733.86054,1291,187756.5,179100.8135
2026-03-25 15:45:00+00:00,0.9542,0.9555,0.9536,0.9553,358932.2,2026-03-25 15:49:59.999000+00:00,342635.20842,1449,209000.0,199528.27883
2026-03-25 15:50:00+00:00,0.9553,0.9562,0.9544,0.9552,340938.3,2026-03-25 15:54:59.999000+00:00,325746.97222,1149,258771.4,247238.58244
2026-03-25 15:55:00+00:00,0.9553,0.9566,0.9547,0.9553,319866.1,2026-03-25 15:59:59.999000+00:00,305695.14825,1202,162750.5,155541.70994
2026-03-25 16:00:00+00:00,0.9552,0.9559,0.9537,0.9545,772879.3,2026-03-25 16:04:59.999000+00:00,737939.91299,2271,280418.5,267737.25993
2026-03-25 16:05:00+00:00,0.9545,0.9556,0.9517,0.9553,1232641.9,2026-03-25 16:09:59.999000+00:00,1175861.33186,2842,566796.2,540882.94399
2026-03-25 16:10:00+00:00,0.9553,0.9553,0.9538,0.9544,224941.8,2026-03-25 16:14:59.999000+00:00,214695.76414,1146,140840.1,134413.92943
2026-03-25 16:15:00+00:00,0.9544,0.9551,0.9534,0.9551,187551.1,2026-03-25 16:19:59.999000+00:00,178990.6509,967,104196.6,99449.9258
2026-03-25 16:20:00+00:00,0.9552,0.9572,0.9542,0.9572,456766.3,2026-03-25 16:24:59.999000+00:00,436624.70478,1514,295777.6,282764.67486
2026-03-25 16:25:00+00:00,0.9573,0.9668,0.9572,0.9645,2492274.1,2026-03-25 16:29:59.999000+00:00,2399883.26068,6641,1556407.0,1498591.56111
2026-03-25 16:30:00+00:00,0.9645,0.966,0.9625,0.9637,860619.7,2026-03-25 16:34:59.999000+00:00,829966.91859,3149,539037.8,519880.90866
2026-03-25 16:35:00+00:00,0.9636,0.966,0.9626,0.9658,715221.4,2026-03-25 16:39:59.999000+00:00,689812.27454,2063,308533.9,297581.91813
2026-03-25 16:40:00+00:00,0.9658,0.9658,0.9634,0.9637,256635.3,2026-03-25 16:44:59.999000+00:00,247465.97871,1279,99991.8,96443.36357
2026-03-25 16:45:00+00:00,0.9637,0.9639,0.9614,0.9617,472447.4,2026-03-25 16:49:59.999000+00:00,454756.72268,1680,210388.7,202521.27092
2026-03-25 16:50:00+00:00,0.9616,0.9634,0.9607,0.9629,523451.4,2026-03-25 16:54:59.999000+00:00,503304.55123,1453,211763.3,203649.19634
2026-03-25 16:55:00+00:00,0.963,0.9632,0.9609,0.9613,179427.9,2026-03-25 16:59:59.999000+00:00,172677.80758,706,89245.3,85908.12891
2026-03-25 17:00:00+00:00,0.9613,0.9632,0.9609,0.9614,391335.7,2026-03-25 17:04:59.999000+00:00,376473.88608,1775,216410.3,208225.05454
2026-03-25 17:05:00+00:00,0.9614,0.9615,0.9597,0.9601,244096.4,2026-03-25 17:09:59.999000+00:00,234404.31365,1360,74425.4,71483.12967
2026-03-25 17:10:00+00:00,0.9601,0.9607,0.959,0.9604,265943.5,2026-03-25 17:14:59.999000+00:00,255282.40408,1211,103956.5,99813.93907
2026-03-25 17:15:00+00:00,0.9604,0.9604,0.9576,0.9588,538452.7,2026-03-25 17:19:59.999000+00:00,516078.02296,1728,138546.8,132799.79427
2026-03-25 17:20:00+00:00,0.9589,0.9614,0.9582,0.9596,435582.8,2026-03-25 17:24:59.999000+00:00,418139.66663,1265,305875.0,293615.73284
2026-03-25 17:25:00+00:00,0.9596,0.9612,0.9593,0.9593,372330.6,2026-03-25 17:29:59.999000+00:00,357373.16239,1016,257494.9,247139.44492
2026-03-25 17:30:00+00:00,0.9594,0.9599,0.9585,0.9599,260018.4,2026-03-25 17:34:59.999000+00:00,249338.34761,965,130468.6,125119.58579
2026-03-25 17:35:00+00:00,0.9599,0.9608,0.9581,0.959,275010.7,2026-03-25 17:39:59.999000+00:00,263864.09983,1113,143559.8,137806.2126
2026-03-25 17:40:00+00:00,0.959,0.9605,0.9586,0.9592,509527.1,2026-03-25 17:44:59.999000+00:00,488800.75016,1465,255535.1,245186.23832
2026-03-25 17:45:00+00:00,0.9592,0.9606,0.9588,0.9597,194485.7,2026-03-25 17:49:59.999000+00:00,186685.49363,947,84200.7,80824.60615
2026-03-25 17:50:00+00:00,0.9598,0.9603,0.9575,0.9575,381111.8,2026-03-25 17:54:59.999000+00:00,365337.18962,1662,174703.9,167505.04459
2026-03-25 17:55:00+00:00,0.9574,0.9593,0.9569,0.9585,270463.2,2026-03-25 17:59:59.999000+00:00,259030.53167,1372,138917.5,133068.37566
2026-03-25 18:00:00+00:00,0.9585,0.9607,0.9585,0.9605,349420.8,2026-03-25 18:04:59.999000+00:00,335297.6502,1656,229754.8,220478.25358
2026-03-25 18:05:00+00:00,0.9604,0.9619,0.9596,0.9604,372156.6,2026-03-25 18:09:59.999000+00:00,357645.82102,1483,144417.0,138779.2706
2026-03-25 18:10:00+00:00,0.9605,0.9627,0.9604,0.9627,248172.2,2026-03-25 18:14:59.999000+00:00,238686.74052,1087,149101.9,143392.86
2026-03-25 18:15:00+00:00,0.9627,0.9652,0.9627,0.9638,576228.7,2026-03-25 18:19:59.999000+00:00,555500.39947,1952,270730.6,260974.09544
2026-03-25 18:20:00+00:00,0.9639,0.9663,0.9639,0.9641,353420.2,2026-03-25 18:24:59.999000+00:00,341133.03746,1460,160791.4,155204.57294
2026-03-25 18:25:00+00:00,0.9642,0.9646,0.9633,0.9634,188589.5,2026-03-25 18:29:59.999000+00:00,181798.18199,1121,77720.3,74923.46621
2026-03-25 18:30:00+00:00,0.9633,0.9641,0.9624,0.9634,243024.6,2026-03-25 18:34:59.999000+00:00,234064.08428,1325,126060.1,121418.54936
2026-03-25 18:35:00+00:00,0.9635,0.9637,0.9627,0.9634,134542.6,2026-03-25 18:39:59.999000+00:00,129589.64065,1008,72523.3,69854.43874
2026-03-25 18:40:00+00:00,0.9634,0.9635,0.9619,0.9623,469111.0,2026-03-25 18:44:59.999000+00:00,451644.09201,1141,90725.3,87314.95286
2026-03-25 18:45:00+00:00,0.9623,0.9636,0.9621,0.9629,247312.3,2026-03-25 18:49:59.999000+00:00,238131.00337,1126,108551.0,104519.06025
2026-03-25 18:50:00+00:00,0.9628,0.9639,0.9626,0.9638,122902.9,2026-03-25 18:54:59.999000+00:00,118377.32781,696,81652.4,78644.47786
2026-03-25 18:55:00+00:00,0.9637,0.9637,0.9588,0.9611,469509.2,2026-03-25 18:59:59.999000+00:00,450993.08459,1880,157496.8,151279.87286
2026-03-25 19:00:00+00:00,0.961,0.9642,0.96,0.9642,409260.9,2026-03-25 19:04:59.999000+00:00,393602.01019,2206,271960.4,261595.90351
2026-03-25 19:05:00+00:00,0.9643,0.9643,0.9628,0.9631,186681.4,2026-03-25 19:09:59.999000+00:00,179857.35208,1042,92997.8,89594.36087
2026-03-25 19:10:00+00:00,0.9632,0.965,0.9618,0.9645,290827.8,2026-03-25 19:14:59.999000+00:00,280111.34009,1325,139557.2,134417.27159
2026-03-25 19:15:00+00:00,0.9645,0.9648,0.9635,0.9646,192594.5,2026-03-25 19:19:59.999000+00:00,185677.28741,1257,81206.8,78290.87197
2026-03-25 19:20:00+00:00,0.9646,0.9662,0.9645,0.9655,246044.2,2026-03-25 19:24:59.999000+00:00,237513.89843,1311,161955.7,156343.9692
2026-03-25 19:25:00+00:00,0.9656,0.9666,0.9652,0.9666,187766.2,2026-03-25 19:29:59.999000+00:00,181330.72398,1161,115820.6,111854.39784
2026-03-25 19:30:00+00:00,0.9665,0.9673,0.9649,0.9659,533526.7,2026-03-25 19:34:59.999000+00:00,515636.6687,1987,190140.3,183754.41513
2026-03-25 19:35:00+00:00,0.966,0.9671,0.9639,0.9665,242178.3,2026-03-25 19:39:59.999000+00:00,233736.11354,1434,114779.8,110783.66811
2026-03-25 19:40:00+00:00,0.9665,0.9673,0.9649,0.9652,250314.9,2026-03-25 19:44:59.999000+00:00,241900.54403,1330,58950.3,56966.5651
2026-03-25 19:45:00+00:00,0.9652,0.966,0.9647,0.9656,123909.7,2026-03-25 19:49:59.999000+00:00,119614.08685,1072,52175.8,50370.6892
2026-03-25 19:50:00+00:00,0.9657,0.9668,0.9655,0.9657,150846.5,2026-03-25 19:54:59.999000+00:00,145724.81554,1137,72461.0,70005.42983
2026-03-25 19:55:00+00:00,0.9658,0.9662,0.9636,0.9662,307274.5,2026-03-25 19:59:59.999000+00:00,296385.20976,1549,133972.9,129236.56808
2026-03-25 20:00:00+00:00,0.9661,0.9664,0.9642,0.9645,325125.8,2026-03-25 20:04:59.999000+00:00,313896.21555,1989,151566.9,146323.26926
2026-03-25 20:05:00+00:00,0.9646,0.9648,0.9629,0.9631,416230.4,2026-03-25 20:09:59.999000+00:00,401209.59025,2125,96678.9,93190.05551
2026-03-25 20:10:00+00:00,0.963,0.9638,0.9626,0.9634,281286.3,2026-03-25 20:14:59.999000+00:00,270932.83034,1660,132097.7,127243.74272
2026-03-25 20:15:00+00:00,0.9635,0.9641,0.963,0.9635,196674.7,2026-03-25 20:19:59.999000+00:00,189503.70247,1115,60700.1,58486.12671
2026-03-25 20:20:00+00:00,0.9635,0.9635,0.9601,0.9605,323002.7,2026-03-25 20:24:59.999000+00:00,310569.59797,1033,99329.3,95481.79001
2026-03-25 20:25:00+00:00,0.9605,0.9607,0.9577,0.9586,829451.4,2026-03-25 20:29:59.999000+00:00,795263.47697,2041,419747.2,402426.83532
2026-03-25 20:30:00+00:00,0.9586,0.9594,0.9582,0.9586,271539.6,2026-03-25 20:34:59.999000+00:00,260365.96132,1009,137631.8,131970.69694
2026-03-25 20:35:00+00:00,0.9586,0.9617,0.9582,0.9612,626336.1,2026-03-25 20:39:59.999000+00:00,601498.48078,1720,452104.8,434211.16808
2026-03-25 20:40:00+00:00,0.9611,0.9633,0.9604,0.9631,447526.7,2026-03-25 20:44:59.999000+00:00,430467.05004,1337,302854.7,291297.34998
2026-03-25 20:45:00+00:00,0.9631,0.9638,0.9619,0.9634,572405.2,2026-03-25 20:49:59.999000+00:00,551152.62405,1827,431215.6,415226.72908
2026-03-25 20:50:00+00:00,0.9634,0.9646,0.9634,0.9642,151764.1,2026-03-25 20:54:59.999000+00:00,146294.3489,845,110199.1,106228.60289
2026-03-25 20:55:00+00:00,0.9643,0.9648,0.9637,0.9643,120008.5,2026-03-25 20:59:59.999000+00:00,115701.78122,637,69565.7,67067.41083
2026-03-25 21:00:00+00:00,0.9643,0.9644,0.962,0.9629,267619.1,2026-03-25 21:04:59.999000+00:00,257689.98249,1505,154648.9,148892.2676
2026-03-25 21:05:00+00:00,0.9628,0.9646,0.9625,0.9636,492937.6,2026-03-25 21:09:59.999000+00:00,475015.6841,1241,273293.4,263327.5756
2026-03-25 21:10:00+00:00,0.9637,0.9651,0.9635,0.9651,475288.1,2026-03-25 21:14:59.999000+00:00,458282.48366,1370,255459.0,246284.55108
2026-03-25 21:15:00+00:00,0.965,0.966,0.9639,0.966,165341.5,2026-03-25 21:19:59.999000+00:00,159536.8334,874,104098.8,100462.15614
2026-03-25 21:20:00+00:00,0.9659,0.9663,0.9637,0.9638,185780.8,2026-03-25 21:24:59.999000+00:00,179280.02912,589,122913.4,118623.46463
2026-03-25 21:25:00+00:00,0.9637,0.9638,0.9611,0.963,530659.0,2026-03-25 21:29:59.999000+00:00,510690.89734,1375,122414.9,117827.04197
2026-03-25 21:30:00+00:00,0.963,0.9641,0.9624,0.9636,168432.1,2026-03-25 21:34:59.999000+00:00,162239.32192,790,114281.8,110087.54102
2026-03-25 21:35:00+00:00,0.9635,0.9662,0.9635,0.9662,173060.2,2026-03-25 21:39:59.999000+00:00,166985.56197,918,122106.9,117819.54085
2026-03-25 21:40:00+00:00,0.9662,0.967,0.9655,0.9664,159338.6,2026-03-25 21:44:59.999000+00:00,153989.36894,863,50467.0,48769.27688
2026-03-25 21:45:00+00:00,0.9663,0.9668,0.9646,0.9646,84861.2,2026-03-25 21:49:59.999000+00:00,81971.73539,864,37238.2,35974.14801
2026-03-25 21:50:00+00:00,0.9647,0.965,0.9643,0.965,130274.4,2026-03-25 21:54:59.999000+00:00,125667.62261,580,66600.9,64251.38945
2026-03-25 21:55:00+00:00,0.965,0.9659,0.9645,0.9655,91025.9,2026-03-25 21:59:59.999000+00:00,87859.19018,740,63305.5,61105.66294
2026-03-25 22:00:00+00:00,0.9655,0.9686,0.9655,0.9682,578741.5,2026-03-25 22:04:59.999000+00:00,559947.9212,2628,320864.5,310434.64849
2026-03-25 22:05:00+00:00,0.9683,0.9683,0.9644,0.9645,296657.8,2026-03-25 22:09:59.999000+00:00,286510.1675,1670,90926.5,87824.05911
2026-03-25 22:10:00+00:00,0.9646,0.9652,0.9635,0.9645,299490.6,2026-03-25 22:14:59.999000+00:00,288808.07813,1463,101000.2,97407.56392
2026-03-25 22:15:00+00:00,0.9645,0.9663,0.964,0.9663,147555.2,2026-03-25 22:19:59.999000+00:00,142394.47725,1081,78908.9,76167.45693
2026-03-25 22:20:00+00:00,0.9662,0.967,0.9658,0.9662,186032.4,2026-03-25 22:24:59.999000+00:00,179780.59449,807,74508.9,72006.64203
2026-03-25 22:25:00+00:00,0.9662,0.9666,0.965,0.9657,249464.3,2026-03-25 22:29:59.999000+00:00,240950.96678,980,121168.9,117057.45004
2026-03-25 22:30:00+00:00,0.9656,0.9705,0.9656,0.9703,746765.4,2026-03-25 22:34:59.999000+00:00,723292.86483,2747,404833.5,392046.91243
2026-03-25 22:35:00+00:00,0.9703,0.9726,0.9693,0.9699,900534.0,2026-03-25 22:39:59.999000+00:00,874136.70066,2600,320713.4,311379.16825
2026-03-25 22:40:00+00:00,0.9699,0.9747,0.9696,0.9714,880089.8,2026-03-25 22:44:59.999000+00:00,855283.63496,3082,512600.7,498220.34919
2026-03-25 22:45:00+00:00,0.9714,0.9726,0.9703,0.9714,219173.4,2026-03-25 22:49:59.999000+00:00,212904.29147,1407,103002.5,100066.1108
2026-03-25 22:50:00+00:00,0.9715,0.9723,0.9709,0.9709,231208.9,2026-03-25 22:54:59.999000+00:00,224642.47266,1164,135805.5,131951.9399
2026-03-25 22:55:00+00:00,0.9709,0.9711,0.9699,0.971,185534.4,2026-03-25 22:59:59.999000+00:00,180054.43881,901,99417.4,96484.06595
2026-03-25 23:00:00+00:00,0.971,0.9716,0.9703,0.9706,242726.6,2026-03-25 23:04:59.999000+00:00,235647.4129,1469,108138.2,104981.05951
2026-03-25 23:05:00+00:00,0.9706,0.9707,0.9698,0.9699,157104.2,2026-03-25 23:09:59.999000+00:00,152426.38812,873,59705.1,57927.11635
2026-03-25 23:10:00+00:00,0.9698,0.9711,0.9695,0.9695,172885.1,2026-03-25 23:14:59.999000+00:00,167747.53769,907,96583.0,93720.35982
2026-03-25 23:15:00+00:00,0.9695,0.9697,0.9682,0.9689,256787.2,2026-03-25 23:19:59.999000+00:00,248813.53202,1110,85416.5,82759.335
2026-03-25 23:20:00+00:00,0.969,0.9702,0.9688,0.9702,158508.0,2026-03-25 23:24:59.999000+00:00,153692.10905,796,102720.0,99595.61307
2026-03-25 23:25:00+00:00,0.9702,0.9713,0.9685,0.9689,222500.5,2026-03-25 23:29:59.999000+00:00,215843.07969,910,76333.4,74062.58755
2026-03-25 23:30:00+00:00,0.9688,0.9689,0.9678,0.9684,206671.8,2026-03-25 23:34:59.999000+00:00,200113.21776,1260,98341.1,95220.23019
2026-03-25 23:35:00+00:00,0.9683,0.9685,0.9667,0.9667,257584.8,2026-03-25 23:39:59.999000+00:00,249191.28021,1103,170920.5,165338.70327
2026-03-25 23:40:00+00:00,0.9667,0.9673,0.9662,0.9663,175621.1,2026-03-25 23:44:59.999000+00:00,169769.10766,899,81082.0,78386.17129
2026-03-25 23:45:00+00:00,0.9664,0.9666,0.9656,0.9661,201202.2,2026-03-25 23:49:59.999000+00:00,194348.33748,854,79315.0,76623.4895
2026-03-25 23:50:00+00:00,0.9661,0.9679,0.9661,0.9679,173203.3,2026-03-25 23:54:59.999000+00:00,167489.62458,833,116006.2,112173.89904
2026-03-25 23:55:00+00:00,0.9678,0.9686,0.9673,0.9681,192779.0,2026-03-25 23:59:59.999000+00:00,186605.2452,805,127798.0,123703.56971
2026-03-26 00:00:00+00:00,0.968,0.9699,0.9678,0.9691,446062.4,2026-03-26 00:04:59.999000+00:00,432285.45342,1814,282280.9,273553.96279
2026-03-26 00:05:00+00:00,0.9691,0.9692,0.9673,0.9673,243521.0,2026-03-26 00:09:59.999000+00:00,235798.79638,1318,124469.5,120542.07436
2026-03-26 00:10:00+00:00,0.9673,0.9677,0.9667,0.9677,244517.8,2026-03-26 00:14:59.999000+00:00,236454.92501,1192,129640.3,125367.86178
2026-03-26 00:15:00+00:00,0.9677,0.9695,0.9671,0.9671,314088.2,2026-03-26 00:19:59.999000+00:00,304263.18889,1502,138480.4,134154.981
2026-03-26 00:20:00+00:00,0.9671,0.9692,0.9671,0.9686,363158.5,2026-03-26 00:24:59.999000+00:00,351655.38828,1180,156173.3,151232.06016
2026-03-26 00:25:00+00:00,0.9686,0.9691,0.9676,0.9691,111775.7,2026-03-26 00:29:59.999000+00:00,108217.96759,748,63518.7,61498.80126
2026-03-26 00:30:00+00:00,0.9691,0.9699,0.9679,0.9679,188346.0,2026-03-26 00:34:59.999000+00:00,182494.36623,1156,79797.8,77324.70939
2026-03-26 00:35:00+00:00,0.968,0.9694,0.9679,0.9679,180492.5,2026-03-26 00:39:59.999000+00:00,174855.41417,940,89744.9,86937.80538
2026-03-26 00:40:00+00:00,0.9679,0.968,0.967,0.9679,135254.3,2026-03-26 00:44:59.999000+00:00,130860.82305,775,68289.0,66072.65975
2026-03-26 00:45:00+00:00,0.9678,0.9694,0.9675,0.9689,312083.4,2026-03-26 00:49:59.999000+00:00,302142.49006,1112,111955.0,108394.71221
2026-03-26 00:50:00+00:00,0.9689,0.9691,0.9656,0.9662,254226.5,2026-03-26 00:54:59.999000+00:00,245958.79149,1194,118199.3,114361.14661
2026-03-26 00:55:00+00:00,0.9662,0.9665,0.9647,0.9662,303549.2,2026-03-26 00:59:59.999000+00:00,293096.36118,1349,130772.6,126281.89263
2026-03-26 01:00:00+00:00,0.9661,0.9677,0.9661,0.9674,257460.9,2026-03-26 01:04:59.999000+00:00,248992.28945,1488,141090.8,136446.75124
2026-03-26 01:05:00+00:00,0.9674,0.9675,0.9656,0.9662,187232.2,2026-03-26 01:09:59.999000+00:00,180977.15656,1115,96211.1,92997.98153
2026-03-26 01:10:00+00:00,0.9663,0.9667,0.9652,0.9662,159042.0,2026-03-26 01:14:59.999000+00:00,153630.50247,736,91245.6,88140.14949
2026-03-26 01:15:00+00:00,0.9662,0.9662,0.9638,0.9643,640237.2,2026-03-26 01:19:59.999000+00:00,617613.60987,1893,386594.1,372932.29576
2026-03-26 01:20:00+00:00,0.9644,0.9657,0.9643,0.9656,168361.7,2026-03-26 01:24:59.999000+00:00,162433.94959,608,130344.3,125749.8688
2026-03-26 01:25:00+00:00,0.9657,0.9677,0.9654,0.9675,224131.1,2026-03-26 01:29:59.999000+00:00,216644.09286,1002,142553.7,137805.24163
2026-03-26 01:30:00+00:00,0.9676,0.9693,0.9676,0.9688,230438.3,2026-03-26 01:34:59.999000+00:00,223201.19919,1105,180297.9,174629.94207
2026-03-26 01:35:00+00:00,0.9689,0.9692,0.9679,0.9686,154128.2,2026-03-26 01:39:59.999000+00:00,149265.71283,879,80215.0,77686.91438
2026-03-26 01:40:00+00:00,0.9687,0.9688,0.9661,0.9662,170507.9,2026-03-26 01:44:59.999000+00:00,164955.39699,1008,83283.7,80577.16864
2026-03-26 01:45:00+00:00,0.9662,0.9669,0.9653,0.9654,238863.0,2026-03-26 01:49:59.999000+00:00,230790.75603,1002,127697.5,123408.7877
2026-03-26 01:50:00+00:00,0.9654,0.9656,0.9629,0.964,1271453.5,2026-03-26 01:54:59.999000+00:00,1225287.66781,3008,394980.5,380625.60555
2026-03-26 01:55:00+00:00,0.9639,0.964,0.9621,0.9622,261609.7,2026-03-26 01:59:59.999000+00:00,251998.04987,875,87352.5,84154.78217
2026-03-26 02:00:00+00:00,0.9622,0.9624,0.9614,0.9616,311845.1,2026-03-26 02:04:59.999000+00:00,299986.21581,1474,129532.3,124617.36418
2026-03-26 02:05:00+00:00,0.9616,0.9619,0.9596,0.9599,759296.2,2026-03-26 02:09:59.999000+00:00,729276.92127,2180,401327.2,385457.46237
2026-03-26 02:10:00+00:00,0.9599,0.9608,0.9582,0.9585,523091.2,2026-03-26 02:14:59.999000+00:00,501801.84449,2003,208582.1,200158.42618
2026-03-26 02:15:00+00:00,0.9584,0.9589,0.9558,0.956,475672.8,2026-03-26 02:19:59.999000+00:00,455313.10445,1999,239709.2,229447.52525
2026-03-26 02:20:00+00:00,0.9559,0.9577,0.9559,0.9572,283730.2,2026-03-26 02:24:59.999000+00:00,271493.16129,1400,160170.0,153264.71187
2026-03-26 02:25:00+00:00,0.9573,0.959,0.9571,0.9571,323876.6,2026-03-26 02:29:59.999000+00:00,310304.93453,1286,182750.3,175097.29361
2026-03-26 02:30:00+00:00,0.9571,0.9572,0.9522,0.9553,908215.3,2026-03-26 02:34:59.999000+00:00,866912.81458,3416,441117.6,421054.04093
2026-03-26 02:35:00+00:00,0.9553,0.9558,0.9531,0.9534,420525.4,2026-03-26 02:39:59.999000+00:00,401380.06173,1900,192535.0,183801.77831
2026-03-26 02:40:00+00:00,0.9535,0.9547,0.9529,0.9544,329118.7,2026-03-26 02:44:59.999000+00:00,313996.04646,1341,184467.5,176011.8856
2026-03-26 02:45:00+00:00,0.9543,0.9562,0.9542,0.9556,364971.8,2026-03-26 02:49:59.999000+00:00,348648.36751,1307,174938.9,167103.20834
2026-03-26 02:50:00+00:00,0.9555,0.9566,0.9551,0.9556,239432.8,2026-03-26 02:54:59.999000+00:00,228840.62982,891,147606.3,141073.94519
2026-03-26 02:55:00+00:00,0.9555,0.9564,0.9555,0.9562,166160.5,2026-03-26 02:59:59.999000+00:00,158826.6059,597,121070.7,115722.55461
2026-03-26 03:00:00+00:00,0.9561,0.9561,0.9535,0.9539,343713.7,2026-03-26 03:04:59.999000+00:00,328025.11766,1388,76270.3,72797.11737
2026-03-26 03:05:00+00:00,0.9538,0.9543,0.9531,0.9543,196612.9,2026-03-26 03:09:59.999000+00:00,187482.89579,996,88849.8,84724.84898
2026-03-26 03:10:00+00:00,0.9544,0.9565,0.9541,0.9565,225705.4,2026-03-26 03:14:59.999000+00:00,215534.20257,1084,145690.9,139141.33735
2026-03-26 03:15:00+00:00,0.9565,0.9567,0.9539,0.9541,339257.0,2026-03-26 03:19:59.999000+00:00,324146.04886,1224,115616.0,110513.2233
2026-03-26 03:20:00+00:00,0.9541,0.9543,0.9509,0.9515,486751.8,2026-03-26 03:24:59.999000+00:00,463384.23196,1870,130528.8,124306.81159
2026-03-26 03:25:00+00:00,0.9515,0.9524,0.9487,0.9498,956519.7,2026-03-26 03:29:59.999000+00:00,908629.74133,2782,371930.8,353392.58062
2026-03-26 03:30:00+00:00,0.9497,0.9516,0.9492,0.951,505727.6,2026-03-26 03:34:59.999000+00:00,480614.08824,1709,338358.3,321586.12581
2026-03-26 03:35:00+00:00,0.9511,0.9523,0.9505,0.952,216153.2,2026-03-26 03:39:59.999000+00:00,205646.19667,1203,112778.0,107299.71341
2026-03-26 03:40:00+00:00,0.952,0.9526,0.9516,0.9521,204560.1,2026-03-26 03:44:59.999000+00:00,194765.12066,716,87695.3,83499.10337
2026-03-26 03:45:00+00:00,0.9521,0.9526,0.952,0.9522,160317.4,2026-03-26 03:49:59.999000+00:00,152672.60344,694,76270.1,72626.50008
2026-03-26 03:50:00+00:00,0.9522,0.9532,0.9515,0.9531,195626.0,2026-03-26 03:54:59.999000+00:00,186249.52774,826,98978.0,94254.48904
2026-03-26 03:55:00+00:00,0.9531,0.954,0.9525,0.9528,197831.5,2026-03-26 03:59:59.999000+00:00,188565.68549,738,92106.9,87793.42892
2026-03-26 04:00:00+00:00,0.9528,0.9528,0.9515,0.9516,180055.3,2026-03-26 04:04:59.999000+00:00,171434.38,1057,42826.7,40774.03557
2026-03-26 04:05:00+00:00,0.9517,0.9526,0.9509,0.9518,341004.9,2026-03-26 04:09:59.999000+00:00,324644.27379,1084,183951.0,175155.0068
2026-03-26 04:10:00+00:00,0.9518,0.9524,0.9505,0.9506,191645.2,2026-03-26 04:14:59.999000+00:00,182348.95088,932,79303.9,75467.2403
2026-03-26 04:15:00+00:00,0.9505,0.9507,0.9494,0.9499,306083.5,2026-03-26 04:19:59.999000+00:00,290830.16468,1144,96353.4,91553.52217
2026-03-26 04:20:00+00:00,0.9499,0.9512,0.9499,0.9507,134902.5,2026-03-26 04:24:59.999000+00:00,128265.84375,677,67310.5,63995.31515
2026-03-26 04:25:00+00:00,0.9506,0.9517,0.9506,0.9516,128474.2,2026-03-26 04:29:59.999000+00:00,122221.5356,652,60861.2,57899.39288
2026-03-26 04:30:00+00:00,0.9516,0.9519,0.9497,0.9499,184246.9,2026-03-26 04:34:59.999000+00:00,175184.91547,838,56566.2,53772.91893
2026-03-26 04:35:00+00:00,0.9498,0.9508,0.9498,0.9506,83409.8,2026-03-26 04:39:59.999000+00:00,79272.90827,529,31598.6,30027.85039
2026-03-26 04:40:00+00:00,0.9506,0.9507,0.9498,0.9499,202540.2,2026-03-26 04:44:59.999000+00:00,192460.52671,770,46248.7,43948.42019
2026-03-26 04:45:00+00:00,0.9498,0.9513,0.9498,0.9513,70514.9,2026-03-26 04:49:59.999000+00:00,67032.10451,592,46035.1,43759.0095
2026-03-26 04:50:00+00:00,0.9512,0.9514,0.9496,0.9496,157878.8,2026-03-26 04:54:59.999000+00:00,150053.2945,665,55803.0,53032.55788
2026-03-26 04:55:00+00:00,0.9497,0.9506,0.949,0.9504,188800.1,2026-03-26 04:59:59.999000+00:00,179278.01031,739,79422.3,75428.10052
2026-03-26 05:00:00+00:00,0.9504,0.9504,0.9494,0.9496,210574.1,2026-03-26 05:04:59.999000+00:00,200018.90037,1026,95782.1,90985.8096
2026-03-26 05:05:00+00:00,0.9496,0.9497,0.9449,0.9465,1164342.7,2026-03-26 05:09:59.999000+00:00,1102239.27329,3853,536371.1,507641.44292
2026-03-26 05:10:00+00:00,0.9466,0.9471,0.9444,0.9456,788203.1,2026-03-26 05:14:59.999000+00:00,745403.3336,2385,304853.6,288333.43075
2026-03-26 05:15:00+00:00,0.9455,0.9465,0.9449,0.9463,253981.0,2026-03-26 05:19:59.999000+00:00,240238.72223,1285,188227.2,178048.82083
2026-03-26 05:20:00+00:00,0.9463,0.9482,0.9463,0.9471,344004.6,2026-03-26 05:24:59.999000+00:00,325902.83819,1251,264659.3,250722.12799
2026-03-26 05:25:00+00:00,0.9471,0.9471,0.9446,0.9463,207434.1,2026-03-26 05:29:59.999000+00:00,196166.67527,1224,103290.8,97680.4438
2026-03-26 05:30:00+00:00,0.9462,0.9473,0.9457,0.9461,210641.5,2026-03-26 05:34:59.999000+00:00,199355.5187,1135,131435.3,124396.31561
2026-03-26 05:35:00+00:00,0.9461,0.9466,0.9451,0.9454,182575.8,2026-03-26 05:39:59.999000+00:00,172708.10956,1037,85639.4,81015.70958
2026-03-26 05:40:00+00:00,0.9454,0.9464,0.9401,0.9411,1182348.3,2026-03-26 05:44:59.999000+00:00,1114432.62826,3638,383259.0,361250.80221
2026-03-26 05:45:00+00:00,0.9411,0.9426,0.9388,0.9425,1447095.8,2026-03-26 05:49:59.999000+00:00,1361552.09199,3839,804736.7,757259.0511
2026-03-26 05:50:00+00:00,0.9424,0.9432,0.9401,0.9401,1477986.8,2026-03-26 05:54:59.999000+00:00,1391954.36097,2916,705852.5,664706.22545
2026-03-26 05:55:00+00:00,0.9401,0.9407,0.9384,0.9398,1270433.9,2026-03-26 05:59:59.999000+00:00,1193734.23611,2880,431534.3,405480.6811
2026-03-26 06:00:00+00:00,0.9397,0.9419,0.9381,0.9405,920609.4,2026-03-26 06:04:59.999000+00:00,865062.23912,3606,513546.9,482695.29532
2026-03-26 06:05:00+00:00,0.9404,0.9414,0.9393,0.9411,442580.5,2026-03-26 06:09:59.999000+00:00,416272.16914,1899,265685.8,249946.5817
2026-03-26 06:10:00+00:00,0.9411,0.9412,0.9398,0.9411,604112.2,2026-03-26 06:14:59.999000+00:00,568012.53348,1656,226022.0,212544.68389
2026-03-26 06:15:00+00:00,0.9411,0.9415,0.94,0.9409,541506.5,2026-03-26 06:19:59.999000+00:00,509406.29253,1589,269064.9,253091.12627
2026-03-26 06:20:00+00:00,0.9409,0.941,0.9388,0.9389,400525.7,2026-03-26 06:24:59.999000+00:00,376434.17813,1349,211120.9,198415.87184
2026-03-26 06:25:00+00:00,0.9389,0.9389,0.9369,0.9388,690096.6,2026-03-26 06:29:59.999000+00:00,647313.19054,1995,268729.0,252146.60103
2026-03-26 06:30:00+00:00,0.9389,0.9403,0.9388,0.9397,385267.7,2026-03-26 06:34:59.999000+00:00,361957.15313,1765,190360.9,178849.89282
2026-03-26 06:35:00+00:00,0.9396,0.9398,0.9382,0.9385,397552.1,2026-03-26 06:39:59.999000+00:00,373193.48791,1515,286830.5,269241.99348
2026-03-26 06:40:00+00:00,0.9386,0.9394,0.9377,0.9383,172487.1,2026-03-26 06:44:59.999000+00:00,161850.00975,1221,82950.1,77833.44435
2026-03-26 06:45:00+00:00,0.9384,0.9389,0.9373,0.9387,290833.3,2026-03-26 06:49:59.999000+00:00,272806.64982,1491,128462.6,120520.55995
2026-03-26 06:50:00+00:00,0.9387,0.9391,0.9379,0.9389,265756.3,2026-03-26 06:54:59.999000+00:00,249402.00078,1238,139444.6,130873.23148
2026-03-26 06:55:00+00:00,0.9389,0.9402,0.9387,0.9389,347318.1,2026-03-26 06:59:59.999000+00:00,326246.6049,1421,189970.4,178453.29745
2026-03-26 07:00:00+00:00,0.9389,0.941,0.9384,0.9402,569396.5,2026-03-26 07:04:59.999000+00:00,535174.43184,2045,347499.0,326616.51562
2026-03-26 07:05:00+00:00,0.9403,0.9405,0.9385,0.9403,243071.6,2026-03-26 07:09:59.999000+00:00,228322.14403,1896,131528.0,123546.69746
2026-03-26 07:10:00+00:00,0.9404,0.9407,0.9396,0.9398,183020.9,2026-03-26 07:14:59.999000+00:00,172067.17921,1229,127400.9,119778.14451
2026-03-26 07:15:00+00:00,0.9399,0.9402,0.9391,0.9392,239007.4,2026-03-26 07:19:59.999000+00:00,224561.37584,1115,157994.6,148446.9081
2026-03-26 07:20:00+00:00,0.9392,0.9396,0.9364,0.9386,857463.7,2026-03-26 07:24:59.999000+00:00,804533.29433,2761,463483.2,434880.32224
2026-03-26 07:25:00+00:00,0.9387,0.9387,0.9365,0.9367,212207.8,2026-03-26 07:29:59.999000+00:00,198952.04687,1120,65913.1,61821.28575
2026-03-26 07:30:00+00:00,0.9367,0.9375,0.9356,0.937,512668.9,2026-03-26 07:34:59.999000+00:00,480155.99009,1863,223828.3,209645.656
2026-03-26 07:35:00+00:00,0.9371,0.9384,0.9364,0.9381,172370.0,2026-03-26 07:39:59.999000+00:00,161615.5785,997,97751.0,91653.53085
2026-03-26 07:40:00+00:00,0.9381,0.9389,0.9376,0.9378,202636.5,2026-03-26 07:44:59.999000+00:00,190098.43088,977,97874.8,91824.31883
2026-03-26 07:45:00+00:00,0.9378,0.9397,0.9378,0.9396,144674.6,2026-03-26 07:49:59.999000+00:00,135810.44887,757,113859.6,106894.32972
2026-03-26 07:50:00+00:00,0.9396,0.9408,0.9391,0.9406,240131.0,2026-03-26 07:54:59.999000+00:00,225687.53623,904,127629.9,119973.33167
2026-03-26 07:55:00+00:00,0.9407,0.9407,0.9389,0.9395,264954.0,2026-03-26 07:59:59.999000+00:00,249040.09008,741,96133.6,90363.15673
2026-03-26 08:00:00+00:00,0.9396,0.9406,0.9387,0.9403,428633.0,2026-03-26 08:04:59.999000+00:00,402746.43833,1395,196860.8,184999.93875
2026-03-26 08:05:00+00:00,0.9403,0.9412,0.9392,0.9395,332972.5,2026-03-26 08:09:59.999000+00:00,313059.84306,1474,124309.7,116880.09085
2026-03-26 08:10:00+00:00,0.9394,0.9394,0.9378,0.9382,306639.3,2026-03-26 08:14:59.999000+00:00,287782.03422,1558,134959.9,126643.39894
2026-03-26 08:15:00+00:00,0.9382,0.9393,0.9373,0.9379,185161.4,2026-03-26 08:19:59.999000+00:00,173790.51063,1245,110783.5,103991.14376
2026-03-26 08:20:00+00:00,0.938,0.9385,0.9361,0.9371,323748.6,2026-03-26 08:24:59.999000+00:00,303317.56689,1238,121410.4,113731.22187
2026-03-26 08:25:00+00:00,0.9372,0.9379,0.936,0.9362,159975.9,2026-03-26 08:29:59.999000+00:00,149894.72578,1071,72655.3,68081.78004
2026-03-26 08:30:00+00:00,0.9362,0.9373,0.9362,0.937,158786.8,2026-03-26 08:34:59.999000+00:00,148722.76524,754,96664.4,90540.34328
2026-03-26 08:35:00+00:00,0.9369,0.9378,0.9358,0.9359,180181.4,2026-03-26 08:39:59.999000+00:00,168797.30641,1310,76550.4,71712.81268
2026-03-26 08:40:00+00:00,0.9359,0.9366,0.9345,0.9356,1106507.5,2026-03-26 08:44:59.999000+00:00,1035175.25927,2713,474914.1,444413.85774
2026-03-26 08:45:00+00:00,0.9356,0.9377,0.935,0.9365,405754.1,2026-03-26 08:49:59.999000+00:00,379909.99723,1622,241970.4,226574.85815
2026-03-26 08:50:00+00:00,0.9364,0.9375,0.9357,0.9366,330798.3,2026-03-26 08:54:59.999000+00:00,309813.33808,1026,126911.2,118861.7371
2026-03-26 08:55:00+00:00,0.9365,0.9378,0.9362,0.9374,203305.3,2026-03-26 08:59:59.999000+00:00,190507.12708,875,167277.5,156739.52866
2026-03-26 09:00:00+00:00,0.9375,0.9375,0.9359,0.937,276482.9,2026-03-26 09:04:59.999000+00:00,258977.86026,1399,133944.7,125457.0576
2026-03-26 09:05:00+00:00,0.937,0.9394,0.9364,0.9383,527551.4,2026-03-26 09:09:59.999000+00:00,494986.3199,1597,250280.8,234787.48228
2026-03-26 09:10:00+00:00,0.9384,0.9392,0.9372,0.9374,238276.9,2026-03-26 09:14:59.999000+00:00,223492.465,1088,83103.1,77956.43719
2026-03-26 09:15:00+00:00,0.9374,0.9374,0.9349,0.9354,452457.7,2026-03-26 09:19:59.999000+00:00,423264.48469,1465,123508.0,115530.98023
2026-03-26 09:20:00+00:00,0.9354,0.9368,0.9354,0.9361,232448.9,2026-03-26 09:24:59.999000+00:00,217617.14587,838,115911.9,108512.43872
2026-03-26 09:25:00+00:00,0.9361,0.9372,0.9359,0.9365,168281.5,2026-03-26 09:29:59.999000+00:00,157632.63111,842,127211.3,119163.38785
2026-03-26 09:30:00+00:00,0.9365,0.9366,0.9237,0.9247,5007584.3,2026-03-26 09:34:59.999000+00:00,4649333.94039,12365,1710458.1,1588260.2793
2026-03-26 09:35:00+00:00,0.9248,0.9281,0.9241,0.9259,1365638.4,2026-03-26 09:39:59.999000+00:00,1264446.72935,3727,526515.5,487709.24192
2026-03-26 09:40:00+00:00,0.9258,0.9273,0.9257,0.9269,571251.1,2026-03-26 09:44:59.999000+00:00,529310.08597,1844,310988.2,288171.4085
2026-03-26 09:45:00+00:00,0.9269,0.9273,0.9257,0.926,429428.8,2026-03-26 09:49:59.999000+00:00,397871.53593,1707,210435.1,194968.43446
2026-03-26 09:50:00+00:00,0.9259,0.9282,0.9259,0.9281,492645.9,2026-03-26 09:54:59.999000+00:00,456752.66548,1512,357865.9,331786.05486
2026-03-26 09:55:00+00:00,0.928,0.9293,0.9276,0.9281,828421.2,2026-03-26 09:59:59.999000+00:00,769257.63592,2066,497028.6,461533.83095
2026-03-26 10:00:00+00:00,0.9282,0.9283,0.9262,0.9264,702165.9,2026-03-26 10:04:59.999000+00:00,650985.7494,2490,180790.5,167615.98185
2026-03-26 10:05:00+00:00,0.9264,0.9267,0.9228,0.923,2155124.6,2026-03-26 10:09:59.999000+00:00,1992682.92231,4798,645379.1,597029.80724
2026-03-26 10:10:00+00:00,0.9231,0.9243,0.9225,0.9238,662020.6,2026-03-26 10:14:59.999000+00:00,611365.05374,2574,269649.7,249033.22474
2026-03-26 10:15:00+00:00,0.9238,0.9253,0.9238,0.9249,2495978.7,2026-03-26 10:19:59.999000+00:00,2307544.32031,2842,1792917.3,1657590.98283
2026-03-26 10:20:00+00:00,0.9248,0.9252,0.9238,0.9252,955974.2,2026-03-26 10:24:59.999000+00:00,883612.3987,2868,366912.7,339202.48753
2026-03-26 10:25:00+00:00,0.9253,0.9258,0.925,0.9253,192540.6,2026-03-26 10:29:59.999000+00:00,178181.88724,848,107146.4,99155.29869
2026-03-26 10:30:00+00:00,0.9254,0.9264,0.9251,0.9255,309760.1,2026-03-26 10:34:59.999000+00:00,286755.56509,1264,150854.1,139656.92233
2026-03-26 10:35:00+00:00,0.9255,0.9256,0.9227,0.9233,588712.5,2026-03-26 10:39:59.999000+00:00,544250.45324,2000,152367.2,140879.00135
2026-03-26 10:40:00+00:00,0.9233,0.924,0.9227,0.9235,219640.1,2026-03-26 10:44:59.999000+00:00,202852.16396,1304,74992.1,69261.85686
2026-03-26 10:45:00+00:00,0.9235,0.9246,0.9234,0.9241,245697.1,2026-03-26 10:49:59.999000+00:00,227037.60053,1137,144302.6,133345.71871
2026-03-26 10:50:00+00:00,0.9242,0.9247,0.9238,0.924,146443.1,2026-03-26 10:54:59.999000+00:00,135324.14226,750,68072.1,62905.26375
2026-03-26 10:55:00+00:00,0.9239,0.9249,0.9238,0.9246,170146.1,2026-03-26 10:59:59.999000+00:00,157288.94131,809,94680.2,87523.41268
2026-03-26 11:00:00+00:00,0.9247,0.9267,0.9244,0.9266,311427.7,2026-03-26 11:04:59.999000+00:00,288306.38382,1376,178479.6,165238.64812
2026-03-26 11:05:00+00:00,0.9265,0.9273,0.9249,0.9265,578094.4,2026-03-26 11:09:59.999000+00:00,535634.53554,1795,233673.9,216522.98503
2026-03-26 11:10:00+00:00,0.9265,0.9269,0.9226,0.9254,562364.5,2026-03-26 11:14:59.999000+00:00,519725.18429,2410,251971.0,232857.6533
2026-03-26 11:15:00+00:00,0.9254,0.9258,0.9239,0.9244,173162.7,2026-03-26 11:19:59.999000+00:00,160123.30887,1148,55003.6,50869.59917
2026-03-26 11:20:00+00:00,0.9243,0.9248,0.9222,0.9225,383157.7,2026-03-26 11:24:59.999000+00:00,353873.47508,1378,161615.2,149336.52641
2026-03-26 11:25:00+00:00,0.9224,0.9234,0.9207,0.9226,1052977.3,2026-03-26 11:29:59.999000+00:00,970628.41197,3144,373558.4,344437.97436
2026-03-26 11:30:00+00:00,0.9225,0.9238,0.9221,0.923,286807.7,2026-03-26 11:34:59.999000+00:00,264780.24566,1405,113868.7,105122.45438
2026-03-26 11:35:00+00:00,0.923,0.9245,0.9225,0.9245,211451.8,2026-03-26 11:39:59.999000+00:00,195268.91063,966,149641.8,138183.66624
2026-03-26 11:40:00+00:00,0.9244,0.9247,0.9237,0.9237,105037.9,2026-03-26 11:44:59.999000+00:00,97085.91303,763,41741.7,38582.0819
2026-03-26 11:45:00+00:00,0.9238,0.9247,0.9232,0.9236,184213.6,2026-03-26 11:49:59.999000+00:00,170259.87355,787,110723.0,102335.51104
2026-03-26 11:50:00+00:00,0.9236,0.9252,0.9235,0.9247,128063.5,2026-03-26 11:54:59.999000+00:00,118413.65054,618,87566.7,80971.72501
2026-03-26 11:55:00+00:00,0.9247,0.9247,0.9235,0.924,164713.1,2026-03-26 11:59:59.999000+00:00,152223.13833,717,78744.7,72770.81886
2026-03-26 12:00:00+00:00,0.9241,0.9242,0.9224,0.9234,534671.1,2026-03-26 12:04:59.999000+00:00,493576.87101,2529,258263.3,238417.34177
2026-03-26 12:05:00+00:00,0.9234,0.925,0.9224,0.9246,303731.4,2026-03-26 12:09:59.999000+00:00,280607.72485,1726,143359.5,132465.56171
2026-03-26 12:10:00+00:00,0.9245,0.9253,0.9243,0.9245,300213.7,2026-03-26 12:14:59.999000+00:00,277659.87559,1169,113818.5,105265.92805
2026-03-26 12:15:00+00:00,0.9244,0.9259,0.9243,0.9257,335770.9,2026-03-26 12:19:59.999000+00:00,310685.19288,1149,151408.0,140101.37783
2026-03-26 12:20:00+00:00,0.9258,0.9276,0.9255,0.9267,719045.4,2026-03-26 12:24:59.999000+00:00,666548.87002,1470,497074.9,460837.09905
2026-03-26 12:25:00+00:00,0.9266,0.9277,0.9264,0.9272,397733.4,2026-03-26 12:29:59.999000+00:00,368720.10552,1129,239836.7,222334.12882
2026-03-26 12:30:00+00:00,0.9272,0.9281,0.9255,0.9257,964399.4,2026-03-26 12:34:59.999000+00:00,893977.79521,2325,426197.8,395168.40949
2026-03-26 12:35:00+00:00,0.9256,0.9258,0.9237,0.9251,389669.5,2026-03-26 12:39:59.999000+00:00,360240.43761,1554,168020.9,155329.04772
2026-03-26 12:40:00+00:00,0.925,0.9258,0.9242,0.9254,217908.3,2026-03-26 12:44:59.999000+00:00,201557.94183,1104,118949.2,110033.64663
2026-03-26 12:45:00+00:00,0.9254,0.9265,0.925,0.9254,310702.9,2026-03-26 12:49:59.999000+00:00,287685.05955,1163,130367.4,120728.79781
2026-03-26 12:50:00+00:00,0.9255,0.926,0.9251,0.9259,126004.0,2026-03-26 12:54:59.999000+00:00,116634.1536,654,57822.8,53525.78665
2026-03-26 12:55:00+00:00,0.9259,0.9262,0.9256,0.9257,137124.1,2026-03-26 12:59:59.999000+00:00,126977.5558,629,85003.2,78717.05913
2026-03-26 13:00:00+00:00,0.9256,0.9272,0.9253,0.9271,612643.1,2026-03-26 13:04:59.999000+00:00,567650.71797,1613,430861.8,399215.04999
2026-03-26 13:05:00+00:00,0.9272,0.9287,0.9272,0.9283,493574.6,2026-03-26 13:09:59.999000+00:00,458032.82787,1772,321940.7,298745.20932
2026-03-26 13:10:00+00:00,0.9282,0.9291,0.9277,0.9285,243293.2,2026-03-26 13:14:59.999000+00:00,225864.65354,1041,122307.3,113553.72551
2026-03-26 13:15:00+00:00,0.9286,0.9302,0.928,0.9293,447853.4,2026-03-26 13:19:59.999000+00:00,416281.28668,1560,283670.5,263690.06529
2026-03-26 13:20:00+00:00,0.9293,0.9297,0.9288,0.9292,233048.5,2026-03-26 13:24:59.999000+00:00,216560.89788,748,92898.4,86328.74651
2026-03-26 13:25:00+00:00,0.9292,0.9294,0.927,0.9276,521402.7,2026-03-26 13:29:59.999000+00:00,483891.97788,1149,85053.4,78916.49458
2026-03-26 13:30:00+00:00,0.9276,0.9292,0.9268,0.9271,546258.3,2026-03-26 13:34:59.999000+00:00,506789.3137,2625,193323.2,179419.3417
2026-03-26 13:35:00+00:00,0.927,0.9297,0.9259,0.9268,549059.6,2026-03-26 13:39:59.999000+00:00,509287.02792,2871,265806.3,246609.42607
2026-03-26 13:40:00+00:00,0.9269,0.9307,0.9258,0.9304,486594.3,2026-03-26 13:44:59.999000+00:00,451374.76941,2140,216412.6,200863.67023
2026-03-26 13:45:00+00:00,0.9305,0.9347,0.9305,0.9316,1723162.4,2026-03-26 13:49:59.999000+00:00,1607342.39783,5371,764747.9,713381.91687
2026-03-26 13:50:00+00:00,0.9316,0.9357,0.9313,0.9337,1115267.1,2026-03-26 13:54:59.999000+00:00,1041678.28077,3484,565132.9,527847.12299
2026-03-26 13:55:00+00:00,0.9337,0.9337,0.9283,0.9301,940347.5,2026-03-26 13:59:59.999000+00:00,874882.8969,3146,157487.3,146484.07572
2026-03-26 14:00:00+00:00,0.9302,0.9313,0.9288,0.9309,923194.9,2026-03-26 14:04:59.999000+00:00,858645.63995,2682,499116.3,464310.10384
2026-03-26 14:05:00+00:00,0.9308,0.9323,0.929,0.9292,1210794.4,2026-03-26 14:09:59.999000+00:00,1126525.24159,3111,766629.6,713330.46954
2026-03-26 14:10:00+00:00,0.9293,0.9299,0.9278,0.9299,303423.5,2026-03-26 14:14:59.999000+00:00,281842.18171,1602,179722.6,166944.27582
2026-03-26 14:15:00+00:00,0.9299,0.9305,0.9277,0.9277,331812.5,2026-03-26 14:19:59.999000+00:00,308332.31843,1611,147844.3,137397.75575
2026-03-26 14:20:00+00:00,0.9277,0.9277,0.926,0.9273,465262.1,2026-03-26 14:24:59.999000+00:00,431191.36419,1718,191352.5,177349.41747
2026-03-26 14:25:00+00:00,0.9272,0.9292,0.9264,0.9277,235713.4,2026-03-26 14:29:59.999000+00:00,218713.80567,1084,90811.0,84268.18382
2026-03-26 14:30:00+00:00,0.9277,0.9313,0.9276,0.9309,1146193.3,2026-03-26 14:34:59.999000+00:00,1065219.71084,2386,745584.4,693012.72886
2026-03-26 14:35:00+00:00,0.9309,0.9309,0.9287,0.9295,305301.3,2026-03-26 14:39:59.999000+00:00,283783.38936,1459,127005.6,118065.34327
2026-03-26 14:40:00+00:00,0.9295,0.9313,0.9277,0.9284,502739.1,2026-03-26 14:44:59.999000+00:00,467038.58366,2732,216615.3,201247.25375
2026-03-26 14:45:00+00:00,0.9283,0.9288,0.9263,0.9269,287966.1,2026-03-26 14:49:59.999000+00:00,267149.486,1830,84775.5,78659.0733
2026-03-26 14:50:00+00:00,0.9269,0.9274,0.9223,0.9236,886423.0,2026-03-26 14:54:59.999000+00:00,819487.0595,2928,235468.5,217708.30356
2026-03-26 14:55:00+00:00,0.9237,0.9261,0.9227,0.9243,859640.4,2026-03-26 14:59:59.999000+00:00,794692.37338,2800,494976.5,457608.67251
2026-03-26 15:00:00+00:00,0.9243,0.9244,0.9209,0.921,1063659.8,2026-03-26 15:04:59.999000+00:00,981071.86147,2850,288996.9,266656.05447
2026-03-26 15:05:00+00:00,0.9209,0.9211,0.9152,0.9167,3356593.5,2026-03-26 15:09:59.999000+00:00,3083068.09693,7908,1140837.1,1047718.95644
2026-03-26 15:10:00+00:00,0.9167,0.9179,0.9118,0.9124,1553399.2,2026-03-26 15:14:59.999000+00:00,1420769.81501,4804,557233.2,509705.53115
2026-03-26 15:15:00+00:00,0.9125,0.9158,0.9095,0.9152,2191956.7,2026-03-26 15:19:59.999000+00:00,2001275.06268,6150,969583.3,885374.56002
2026-03-26 15:20:00+00:00,0.9152,0.9165,0.9149,0.9162,738068.1,2026-03-26 15:24:59.999000+00:00,675880.72214,2253,441009.9,403829.37611
2026-03-26 15:25:00+00:00,0.9162,0.9176,0.9158,0.9167,282653.1,2026-03-26 15:29:59.999000+00:00,259118.8576,1585,161454.0,148012.28657
2026-03-26 15:30:00+00:00,0.9166,0.9169,0.915,0.9157,326277.2,2026-03-26 15:34:59.999000+00:00,298926.17116,1769,121009.1,110880.02823
2026-03-26 15:35:00+00:00,0.9157,0.9167,0.9147,0.9159,800868.8,2026-03-26 15:39:59.999000+00:00,733100.32057,2301,365357.8,334471.92843
2026-03-26 15:40:00+00:00,0.9159,0.9168,0.9151,0.916,439988.4,2026-03-26 15:44:59.999000+00:00,402937.99007,1379,135885.6,124451.78315
2026-03-26 15:45:00+00:00,0.9161,0.9173,0.915,0.9161,925896.3,2026-03-26 15:49:59.999000+00:00,847992.81931,2685,383173.9,350994.22192
2026-03-26 15:50:00+00:00,0.9161,0.9171,0.9152,0.9157,943506.9,2026-03-26 15:54:59.999000+00:00,864144.63594,2620,364290.8,333717.03831
2026-03-26 15:55:00+00:00,0.9158,0.9158,0.9133,0.914,445334.9,2026-03-26 15:59:59.999000+00:00,407256.52853,1526,92460.2,84545.64086
2026-03-26 16:00:00+00:00,0.914,0.9159,0.9134,0.9155,612079.8,2026-03-26 16:04:59.999000+00:00,559650.63671,2179,283410.8,259107.16844
2026-03-26 16:05:00+00:00,0.9154,0.9157,0.9146,0.9156,1075642.4,2026-03-26 16:09:59.999000+00:00,984434.32449,1908,591228.3,541107.69622
2026-03-26 16:10:00+00:00,0.9156,0.9168,0.9152,0.9159,885266.9,2026-03-26 16:14:59.999000+00:00,810818.33294,1944,425494.4,389755.36708
2026-03-26 16:15:00+00:00,0.9159,0.9159,0.9124,0.9154,560523.7,2026-03-26 16:19:59.999000+00:00,512298.32053,2444,200872.7,183573.42234
2026-03-26 16:20:00+00:00,0.9154,0.9162,0.9144,0.916,320406.3,2026-03-26 16:24:59.999000+00:00,293314.01149,1447,176249.4,161369.44225
2026-03-26 16:25:00+00:00,0.9159,0.9159,0.9132,0.9132,204749.6,2026-03-26 16:29:59.999000+00:00,187160.56778,1366,98126.2,89688.67688
2026-03-26 16:30:00+00:00,0.9132,0.914,0.9121,0.9136,424932.1,2026-03-26 16:34:59.999000+00:00,387981.38991,1729,145236.0,132631.5578
2026-03-26 16:35:00+00:00,0.9137,0.914,0.9128,0.9129,199967.6,2026-03-26 16:39:59.999000+00:00,182634.12331,1137,63399.8,57907.98348
2026-03-26 16:40:00+00:00,0.9129,0.9142,0.9127,0.9141,204647.9,2026-03-26 16:44:59.999000+00:00,186933.52946,886,154936.0,141534.52186
2026-03-26 16:45:00+00:00,0.9142,0.9144,0.912,0.9132,246800.3,2026-03-26 16:49:59.999000+00:00,225436.7394,1090,91612.0,83679.76449
2026-03-26 16:50:00+00:00,0.9132,0.9134,0.912,0.9129,239300.2,2026-03-26 16:54:59.999000+00:00,218377.32295,926,89310.9,81487.50088
2026-03-26 16:55:00+00:00,0.9129,0.9131,0.9123,0.9123,138879.8,2026-03-26 16:59:59.999000+00:00,126773.96004,670,72488.8,66172.1951
2026-03-26 17:00:00+00:00,0.9123,0.9143,0.912,0.9141,387987.6,2026-03-26 17:04:59.999000+00:00,354362.66024,1733,239922.2,219131.39164
2026-03-26 17:05:00+00:00,0.9141,0.9149,0.9137,0.9145,200441.9,2026-03-26 17:09:59.999000+00:00,183235.9185,1306,128330.8,117319.84234
2026-03-26 17:10:00+00:00,0.9144,0.9144,0.9129,0.913,229468.4,2026-03-26 17:14:59.999000+00:00,209619.77545,1197,71851.9,65630.83373
2026-03-26 17:15:00+00:00,0.913,0.9143,0.913,0.914,329814.4,2026-03-26 17:19:59.999000+00:00,301379.52858,1051,107304.2,98048.94766
2026-03-26 17:20:00+00:00,0.914,0.9141,0.9131,0.9135,155226.6,2026-03-26 17:24:59.999000+00:00,141823.88931,866,100262.3,91606.31731
2026-03-26 17:25:00+00:00,0.9134,0.9147,0.9132,0.9146,124844.3,2026-03-26 17:29:59.999000+00:00,114092.59741,733,72764.5,66509.86645
2026-03-26 17:30:00+00:00,0.9147,0.9166,0.9146,0.9164,292820.0,2026-03-26 17:34:59.999000+00:00,268108.02273,1255,149090.2,136509.43843
2026-03-26 17:35:00+00:00,0.9164,0.9185,0.9155,0.9174,2261070.0,2026-03-26 17:39:59.999000+00:00,2073495.2447,2614,1834505.8,1682514.49838
2026-03-26 17:40:00+00:00,0.9173,0.9176,0.9168,0.9174,325776.5,2026-03-26 17:44:59.999000+00:00,298829.66901,1168,183755.7,168565.50576
2026-03-26 17:45:00+00:00,0.9174,0.9176,0.9133,0.9136,679454.1,2026-03-26 17:49:59.999000+00:00,622600.08928,1759,148876.8,136428.84767
2026-03-26 17:50:00+00:00,0.9136,0.915,0.9125,0.9143,630256.2,2026-03-26 17:54:59.999000+00:00,575786.47009,1578,152447.8,139328.42619
2026-03-26 17:55:00+00:00,0.9142,0.9143,0.91,0.9127,2221271.6,2026-03-26 17:59:59.999000+00:00,2023790.26808,3312,675154.6,615488.44863
2026-03-26 18:00:00+00:00,0.9126,0.9144,0.9112,0.9116,799827.4,2026-03-26 18:04:59.999000+00:00,729967.96078,2643,307369.4,280628.37208
2026-03-26 18:05:00+00:00,0.9116,0.9138,0.9102,0.913,673221.6,2026-03-26 18:09:59.999000+00:00,614277.74941,2295,327632.3,298957.88393
2026-03-26 18:10:00+00:00,0.913,0.9138,0.912,0.9137,231957.8,2026-03-26 18:14:59.999000+00:00,211764.14994,1418,91237.7,83300.41379
2026-03-26 18:15:00+00:00,0.9137,0.9137,0.9116,0.9116,505328.1,2026-03-26 18:19:59.999000+00:00,461193.47026,1699,238326.8,217569.60819
2026-03-26 18:20:00+00:00,0.9115,0.9123,0.91,0.9113,723620.9,2026-03-26 18:24:59.999000+00:00,659196.15754,2538,327056.6,297997.90176
2026-03-26 18:25:00+00:00,0.9112,0.9113,0.9084,0.9091,2307042.7,2026-03-26 18:29:59.999000+00:00,2098926.45312,2714,245625.6,223421.07868
2026-03-26 18:30:00+00:00,0.909,0.9104,0.9089,0.9098,298058.0,2026-03-26 18:34:59.999000+00:00,271154.55918,1637,153259.7,139436.32748
2026-03-26 18:35:00+00:00,0.9098,0.9129,0.9096,0.9125,655526.8,2026-03-26 18:39:59.999000+00:00,597675.40389,2165,550413.0,501840.31205
2026-03-26 18:40:00+00:00,0.9126,0.9152,0.9123,0.9149,1396537.5,2026-03-26 18:44:59.999000+00:00,1276267.22643,3863,1073985.3,981496.72376
2026-03-26 18:45:00+00:00,0.9149,0.916,0.9141,0.9145,359743.4,2026-03-26 18:49:59.999000+00:00,329148.66356,1692,259770.4,237695.71224
2026-03-26 18:50:00+00:00,0.9144,0.9148,0.9136,0.9146,286000.5,2026-03-26 18:54:59.999000+00:00,261493.16318,977,144488.8,132107.8629
2026-03-26 18:55:00+00:00,0.9145,0.9145,0.9138,0.9144,153691.1,2026-03-26 18:59:59.999000+00:00,140496.68131,695,73729.9,67401.20201
2026-03-26 19:00:00+00:00,0.9145,0.9159,0.9142,0.9143,572202.8,2026-03-26 19:04:59.999000+00:00,523698.90283,1779,409090.5,374412.40139
2026-03-26 19:05:00+00:00,0.9143,0.9148,0.9127,0.9147,305145.1,2026-03-26 19:09:59.999000+00:00,278785.45061,1721,169096.2,154504.27185
2026-03-26 19:10:00+00:00,0.9147,0.9161,0.9134,0.9154,614474.6,2026-03-26 19:14:59.999000+00:00,562342.81838,2420,429654.3,393200.69475
2026-03-26 19:15:00+00:00,0.9154,0.9155,0.9144,0.9147,286007.6,2026-03-26 19:19:59.999000+00:00,261701.59277,1182,161107.8,147413.15825
2026-03-26 19:20:00+00:00,0.9146,0.9152,0.9145,0.9145,230714.8,2026-03-26 19:24:59.999000+00:00,211048.71578,646,127365.2,116511.11783
2026-03-26 19:25:00+00:00,0.9145,0.9147,0.9127,0.9134,297893.8,2026-03-26 19:29:59.999000+00:00,272223.85873,1033,184966.5,169020.29743
2026-03-26 19:30:00+00:00,0.9134,0.9137,0.9122,0.9129,220437.4,2026-03-26 19:34:59.999000+00:00,201227.65319,1107,96887.6,88454.27124
2026-03-26 19:35:00+00:00,0.9129,0.9157,0.9128,0.9153,328649.1,2026-03-26 19:39:59.999000+00:00,300615.53107,1449,229227.7,209666.86293
2026-03-26 19:40:00+00:00,0.9153,0.9163,0.9152,0.9156,269860.4,2026-03-26 19:44:59.999000+00:00,247147.86691,922,122088.7,111810.62301
2026-03-26 19:45:00+00:00,0.9157,0.917,0.9153,0.9162,190313.2,2026-03-26 19:49:59.999000+00:00,174341.67472,944,115924.0,106193.69142
2026-03-26 19:50:00+00:00,0.9162,0.9165,0.915,0.9158,252287.4,2026-03-26 19:54:59.999000+00:00,230993.17005,911,110671.7,101343.02667
2026-03-26 19:55:00+00:00,0.9159,0.9166,0.9139,0.9143,490763.8,2026-03-26 19:59:59.999000+00:00,449115.50128,1307,115458.1,105688.61133
2026-03-26 20:00:00+00:00,0.9144,0.9147,0.9127,0.9136,337862.2,2026-03-26 20:04:59.999000+00:00,308724.35796,1275,124430.1,113699.05043
2026-03-26 20:05:00+00:00,0.9135,0.9146,0.9127,0.9145,225616.9,2026-03-26 20:09:59.999000+00:00,206130.38111,1070,128331.9,117261.71
2026-03-26 20:10:00+00:00,0.9146,0.9314,0.9146,0.9264,7049794.0,2026-03-26 20:14:59.999000+00:00,6528771.97388,16514,4381835.1,4058130.02669
2026-03-26 20:15:00+00:00,0.9265,0.9294,0.9249,0.9268,1435947.1,2026-03-26 20:19:59.999000+00:00,1331906.174,5024,652539.0,605362.78022
2026-03-26 20:20:00+00:00,0.9267,0.9316,0.9258,0.93,1077516.6,2026-03-26 20:24:59.999000+00:00,1001058.2998,3406,667086.7,619661.27013
2026-03-26 20:25:00+00:00,0.9299,0.93,0.9263,0.9289,674336.7,2026-03-26 20:29:59.999000+00:00,625745.90782,2559,325268.5,301842.51612
2026-03-26 20:30:00+00:00,0.929,0.9303,0.9266,0.9267,1035710.2,2026-03-26 20:34:59.999000+00:00,962369.64242,2194,764143.9,710300.27081
2026-03-26 20:35:00+00:00,0.9267,0.9291,0.9267,0.9289,153522.4,2026-03-26 20:39:59.999000+00:00,142432.57969,1059,87387.6,81073.61214
2026-03-26 20:40:00+00:00,0.9289,0.929,0.9277,0.9286,182629.7,2026-03-26 20:44:59.999000+00:00,169573.54561,1059,79480.2,73799.05593
2026-03-26 20:45:00+00:00,0.9286,0.929,0.9279,0.9288,198804.8,2026-03-26 20:49:59.999000+00:00,184551.74335,921,104735.0,97237.99228
2026-03-26 20:50:00+00:00,0.9288,0.9288,0.9252,0.9255,320058.1,2026-03-26 20:54:59.999000+00:00,296500.70198,1181,142612.6,132079.84976
2026-03-26 20:55:00+00:00,0.9256,0.9256,0.9244,0.9246,273106.0,2026-03-26 20:59:59.999000+00:00,252633.22206,1034,89835.6,83091.28587
2026-03-26 21:00:00+00:00,0.9245,0.9253,0.9227,0.9253,429169.7,2026-03-26 21:04:59.999000+00:00,396527.81623,1809,257096.8,237508.38674
2026-03-26 21:05:00+00:00,0.9253,0.9269,0.925,0.9261,866586.7,2026-03-26 21:09:59.999000+00:00,802740.14298,1748,458589.7,424699.35172
2026-03-26 21:10:00+00:00,0.9261,0.9272,0.925,0.9253,1211509.0,2026-03-26 21:14:59.999000+00:00,1121680.5448,2298,259201.6,240083.71436
2026-03-26 21:15:00+00:00,0.9253,0.9266,0.925,0.9266,192142.1,2026-03-26 21:19:59.999000+00:00,177885.94298,870,118813.9,110004.94197
2026-03-26 21:20:00+00:00,0.9265,0.9319,0.9262,0.9318,905240.3,2026-03-26 21:24:59.999000+00:00,841790.57199,2300,682288.5,634412.2377
2026-03-26 21:25:00+00:00,0.9317,0.9323,0.9294,0.9302,539491.6,2026-03-26 21:29:59.999000+00:00,502248.2787,1603,278909.5,259716.33829
2026-03-26 21:30:00+00:00,0.9303,0.932,0.9298,0.9319,819979.4,2026-03-26 21:34:59.999000+00:00,763182.25037,1695,663158.0,617216.25524
2026-03-26 21:35:00+00:00,0.932,0.933,0.9317,0.9321,251948.7,2026-03-26 21:39:59.999000+00:00,234906.01205,1321,141098.5,131547.8396
2026-03-26 21:40:00+00:00,0.9321,0.9326,0.9311,0.9317,178883.7,2026-03-26 21:44:59.999000+00:00,166674.75369,1119,91736.5,85477.13996
2026-03-26 21:45:00+00:00,0.9317,0.9317,0.9303,0.9313,110021.0,2026-03-26 21:49:59.999000+00:00,102430.07761,688,43416.7,40430.66837
2026-03-26 21:50:00+00:00,0.9313,0.9313,0.9289,0.9292,132715.1,2026-03-26 21:54:59.999000+00:00,123344.45206,935,36606.4,34014.16323
2026-03-26 21:55:00+00:00,0.9292,0.9295,0.9277,0.9277,396479.3,2026-03-26 21:59:59.999000+00:00,368216.88167,1507,84256.5,78255.84252
2026-03-26 22:00:00+00:00,0.9278,0.9287,0.9266,0.9266,355287.3,2026-03-26 22:04:59.999000+00:00,329551.26093,2089,150000.1,139161.52629
2026-03-26 22:05:00+00:00,0.9266,0.9281,0.9257,0.9267,194747.3,2026-03-26 22:09:59.999000+00:00,180497.08978,1453,71392.8,66179.98669
2026-03-26 22:10:00+00:00,0.9266,0.9287,0.9258,0.927,528618.2,2026-03-26 22:14:59.999000+00:00,490462.54842,1717,335833.0,311723.62828
2026-03-26 22:15:00+00:00,0.927,0.9273,0.9262,0.9267,139710.5,2026-03-26 22:19:59.999000+00:00,129461.50419,882,50030.0,46361.10538
2026-03-26 22:20:00+00:00,0.9266,0.9272,0.9231,0.9242,721467.4,2026-03-26 22:24:59.999000+00:00,667230.13682,2044,170347.2,157563.70104
2026-03-26 22:25:00+00:00,0.9241,0.9265,0.9224,0.9257,489294.4,2026-03-26 22:29:59.999000+00:00,452277.39422,2244,249343.6,230520.95755
2026-03-26 22:30:00+00:00,0.9257,0.9274,0.9247,0.9269,521345.3,2026-03-26 22:34:59.999000+00:00,483006.90487,1887,371698.7,344464.46436
2026-03-26 22:35:00+00:00,0.9268,0.9275,0.9261,0.9269,429995.7,2026-03-26 22:39:59.999000+00:00,398622.90765,1425,267553.3,248046.03827
2026-03-26 22:40:00+00:00,0.927,0.9275,0.9252,0.9255,546166.1,2026-03-26 22:44:59.999000+00:00,505846.97689,1334,160699.4,148824.15317
2026-03-26 22:45:00+00:00,0.9255,0.926,0.9241,0.9244,868127.7,2026-03-26 22:49:59.999000+00:00,802755.49591,1788,460972.8,426270.41806
2026-03-26 22:50:00+00:00,0.9245,0.9251,0.9237,0.9244,509333.2,2026-03-26 22:54:59.999000+00:00,470778.69248,1265,253634.2,234430.05779
2026-03-26 22:55:00+00:00,0.9244,0.9256,0.9242,0.9256,206945.7,2026-03-26 22:59:59.999000+00:00,191372.98892,622,142842.0,132103.26081
2026-03-26 23:00:00+00:00,0.9256,0.9276,0.9256,0.9275,311535.2,2026-03-26 23:04:59.999000+00:00,288688.39246,1354,191261.2,177244.04132
2026-03-26 23:05:00+00:00,0.9276,0.9276,0.9254,0.9255,394754.5,2026-03-26 23:09:59.999000+00:00,365711.4374,1234,176866.8,163834.44409
2026-03-26 23:10:00+00:00,0.9255,0.9271,0.9254,0.9267,365495.1,2026-03-26 23:14:59.999000+00:00,338570.60391,1392,230374.8,213380.36861
2026-03-26 23:15:00+00:00,0.9268,0.927,0.9264,0.9269,181099.2,2026-03-26 23:19:59.999000+00:00,167836.60103,724,96041.3,89006.18918
2026-03-26 23:20:00+00:00,0.9269,0.927,0.9246,0.925,367342.2,2026-03-26 23:24:59.999000+00:00,340214.861,1352,141513.0,131056.32818
2026-03-26 23:25:00+00:00,0.925,0.9256,0.9239,0.9256,458069.0,2026-03-26 23:29:59.999000+00:00,423623.65108,1160,165922.3,153439.67021
2026-03-26 23:30:00+00:00,0.9256,0.926,0.9241,0.9256,390606.5,2026-03-26 23:34:59.999000+00:00,361431.84886,1427,183874.4,170142.96666
2026-03-26 23:35:00+00:00,0.9256,0.9258,0.9238,0.9238,312568.1,2026-03-26 23:39:59.999000+00:00,289139.60145,1268,108988.6,100811.86742
2026-03-26 23:40:00+00:00,0.9238,0.9256,0.9238,0.9255,150957.0,2026-03-26 23:44:59.999000+00:00,139656.10272,851,57955.2,53614.18505
2026-03-26 23:45:00+00:00,0.9255,0.9264,0.9255,0.9262,169285.1,2026-03-26 23:49:59.999000+00:00,156755.84727,730,74883.6,69334.49449
2026-03-26 23:50:00+00:00,0.9263,0.9278,0.9261,0.9269,345147.1,2026-03-26 23:54:59.999000+00:00,319933.97104,1194,122988.8,114009.88765
2026-03-26 23:55:00+00:00,0.9268,0.927,0.9248,0.9249,196021.1,2026-03-26 23:59:59.999000+00:00,181522.40519,721,72748.9,67371.50317
2026-03-27 00:00:00+00:00,0.9249,0.9262,0.9226,0.9259,877611.5,2026-03-27 00:04:59.999000+00:00,811046.29424,2416,599706.4,554245.18376
2026-03-27 00:05:00+00:00,0.9258,0.9285,0.9257,0.9279,400613.3,2026-03-27 00:09:59.999000+00:00,371406.27532,1852,245077.7,227190.26323
2026-03-27 00:10:00+00:00,0.9278,0.9286,0.9272,0.9278,388801.6,2026-03-27 00:14:59.999000+00:00,360624.0748,1250,104324.3,96783.84591
2026-03-27 00:15:00+00:00,0.9278,0.9278,0.9263,0.9263,595100.1,2026-03-27 00:19:59.999000+00:00,551758.07366,1162,71186.4,66008.93989
2026-03-27 00:20:00+00:00,0.9264,0.9276,0.9258,0.9272,302428.0,2026-03-27 00:24:59.999000+00:00,280312.73454,1259,138092.0,127950.66291
2026-03-27 00:25:00+00:00,0.9272,0.9273,0.9256,0.9259,166296.5,2026-03-27 00:29:59.999000+00:00,154025.57145,1089,66706.1,61784.46987
2026-03-27 00:30:00+00:00,0.9259,0.9265,0.9253,0.9255,270139.5,2026-03-27 00:34:59.999000+00:00,250101.20656,1425,186227.9,172423.11472
2026-03-27 00:35:00+00:00,0.9255,0.9257,0.9228,0.9232,302862.9,2026-03-27 00:39:59.999000+00:00,279793.25576,1209,93413.7,86293.57919
2026-03-27 00:40:00+00:00,0.9232,0.926,0.923,0.9232,231997.6,2026-03-27 00:44:59.999000+00:00,214429.55759,1243,154350.1,142663.9205
2026-03-27 00:45:00+00:00,0.9232,0.9232,0.9213,0.9223,441572.7,2026-03-27 00:49:59.999000+00:00,407120.41351,1473,172455.5,159009.93253
2026-03-27 00:50:00+00:00,0.9224,0.9251,0.9223,0.9238,128689.0,2026-03-27 00:54:59.999000+00:00,118870.6524,913,87316.5,80650.89705
2026-03-27 00:55:00+00:00,0.9239,0.9254,0.9239,0.9251,76715.3,2026-03-27 00:59:59.999000+00:00,70948.37596,492,47368.0,43805.64648
2026-03-27 01:00:00+00:00,0.9251,0.9268,0.9243,0.9243,312518.6,2026-03-27 01:04:59.999000+00:00,289286.34385,1447,107933.3,99914.00194
2026-03-27 01:05:00+00:00,0.9242,0.9245,0.9225,0.9242,271520.9,2026-03-27 01:09:59.999000+00:00,250730.08969,1939,135629.2,125242.73152
2026-03-27 01:10:00+00:00,0.9242,0.9269,0.924,0.9268,327847.4,2026-03-27 01:14:59.999000+00:00,303450.87384,2565,192188.1,177902.35424
2026-03-27 01:15:00+00:00,0.9268,0.9278,0.926,0.9273,272570.7,2026-03-27 01:19:59.999000+00:00,252704.56684,1892,147813.3,137028.55297
2026-03-27 01:20:00+00:00,0.9273,0.9273,0.9259,0.9263,98126.4,2026-03-27 01:24:59.999000+00:00,90902.57206,693,49203.4,45579.48874
2026-03-27 01:25:00+00:00,0.9264,0.9268,0.9259,0.9263,97225.9,2026-03-27 01:29:59.999000+00:00,90066.55485,491,65518.3,60691.75905
2026-03-27 01:30:00+00:00,0.9263,0.9276,0.9257,0.9258,95585.9,2026-03-27 01:34:59.999000+00:00,88569.88049,742,44180.9,40946.29307
2026-03-27 01:35:00+00:00,0.9257,0.9264,0.9253,0.9254,203129.5,2026-03-27 01:39:59.999000+00:00,188062.02828,880,119716.2,110845.40738
2026-03-27 01:40:00+00:00,0.9253,0.9263,0.9253,0.926,125335.3,2026-03-27 01:44:59.999000+00:00,116050.87488,643,94187.2,87216.77697
2026-03-27 01:45:00+00:00,0.9261,0.9264,0.9254,0.9261,112419.7,2026-03-27 01:49:59.999000+00:00,104077.32909,646,39409.6,36487.20777
2026-03-27 01:50:00+00:00,0.9261,0.9271,0.9252,0.927,179142.8,2026-03-27 01:54:59.999000+00:00,165871.31075,763,92545.0,85695.83964
2026-03-27 01:55:00+00:00,0.927,0.9287,0.927,0.928,133612.8,2026-03-27 01:59:59.999000+00:00,123981.74955,777,82225.0,76300.1207
2026-03-27 02:00:00+00:00,0.928,0.9302,0.9279,0.9293,472141.7,2026-03-27 02:04:59.999000+00:00,438629.98163,1767,270422.9,251227.06554
2026-03-27 02:05:00+00:00,0.9292,0.9305,0.9286,0.9304,364292.4,2026-03-27 02:09:59.999000+00:00,338517.94678,1281,211482.5,196543.73057
2026-03-27 02:10:00+00:00,0.9304,0.9311,0.9296,0.9296,552310.3,2026-03-27 02:14:59.999000+00:00,513917.65121,1499,253731.3,236129.59344
2026-03-27 02:15:00+00:00,0.9296,0.9298,0.9286,0.9286,89064.8,2026-03-27 02:19:59.999000+00:00,82765.83224,684,42489.1,39485.4775
2026-03-27 02:20:00+00:00,0.9287,0.929,0.9279,0.9286,144268.8,2026-03-27 02:24:59.999000+00:00,133945.10195,735,83306.2,77339.61137
2026-03-27 02:25:00+00:00,0.9286,0.93,0.9284,0.9299,82076.2,2026-03-27 02:29:59.999000+00:00,76246.02452,513,59456.5,55236.07041
2026-03-27 02:30:00+00:00,0.93,0.9327,0.9299,0.9307,274541.6,2026-03-27 02:34:59.999000+00:00,255765.08269,1252,193315.2,180117.08015
2026-03-27 02:35:00+00:00,0.9307,0.9308,0.9288,0.9288,116924.1,2026-03-27 02:39:59.999000+00:00,108732.01022,686,34240.1,31841.96772
2026-03-27 02:40:00+00:00,0.9288,0.9298,0.9284,0.929,179098.7,2026-03-27 02:44:59.999000+00:00,166391.84648,932,81334.6,75567.62221
2026-03-27 02:45:00+00:00,0.9291,0.9298,0.9288,0.9291,187656.5,2026-03-27 02:49:59.999000+00:00,174410.21526,782,150354.8,139746.38039
2026-03-27 02:50:00+00:00,0.9291,0.9298,0.9291,0.9296,118368.3,2026-03-27 02:54:59.999000+00:00,110027.88416,482,78601.6,73069.90606
2026-03-27 02:55:00+00:00,0.9297,0.9298,0.9275,0.9282,106186.4,2026-03-27 02:59:59.999000+00:00,98611.26293,641,50592.7,46979.79051
2026-03-27 03:00:00+00:00,0.9282,0.9291,0.9282,0.9285,230358.3,2026-03-27 03:04:59.999000+00:00,213945.76486,1106,158517.5,147220.37808
2026-03-27 03:05:00+00:00,0.9285,0.9286,0.9244,0.9248,746041.1,2026-03-27 03:09:59.999000+00:00,690744.02653,2125,241067.5,223305.64986
2026-03-27 03:10:00+00:00,0.9249,0.9261,0.9235,0.9252,1534775.0,2026-03-27 03:14:59.999000+00:00,1419470.92243,1832,1282621.6,1186367.96652
2026-03-27 03:15:00+00:00,0.9252,0.9266,0.925,0.926,109987.0,2026-03-27 03:19:59.999000+00:00,101833.41103,801,62295.6,57677.09586
2026-03-27 03:20:00+00:00,0.926,0.9266,0.9246,0.9249,136146.2,2026-03-27 03:24:59.999000+00:00,126037.09642,762,61587.5,57013.36822
2026-03-27 03:25:00+00:00,0.925,0.9264,0.925,0.9262,53347.5,2026-03-27 03:29:59.999000+00:00,49393.04316,535,33580.6,31090.39984
2026-03-27 03:30:00+00:00,0.9262,0.9268,0.9258,0.9266,81767.8,2026-03-27 03:34:59.999000+00:00,75738.57799,671,38444.4,35609.56724
2026-03-27 03:35:00+00:00,0.9265,0.9274,0.9262,0.9273,152047.4,2026-03-27 03:39:59.999000+00:00,140921.28277,833,81655.6,75678.08633
2026-03-27 03:40:00+00:00,0.9273,0.9279,0.927,0.927,71013.5,2026-03-27 03:44:59.999000+00:00,65874.44428,501,27018.8,25066.60932
2026-03-27 03:45:00+00:00,0.927,0.9271,0.9261,0.9264,81075.0,2026-03-27 03:49:59.999000+00:00,75114.8514,544,28133.6,26065.52097
2026-03-27 03:50:00+00:00,0.9263,0.9268,0.9259,0.9267,83931.6,2026-03-27 03:54:59.999000+00:00,77763.34607,435,64428.9,59697.59214
2026-03-27 03:55:00+00:00,0.9267,0.9267,0.9255,0.9257,105666.1,2026-03-27 03:59:59.999000+00:00,97842.12952,534,46166.2,42744.23672
2026-03-27 04:00:00+00:00,0.9258,0.926,0.9188,0.9215,2627638.4,2026-03-27 04:04:59.999000+00:00,2420593.35437,4504,532190.5,490446.2247
2026-03-27 04:05:00+00:00,0.9216,0.9225,0.9194,0.9201,386695.8,2026-03-27 04:09:59.999000+00:00,356000.93587,1769,137237.3,126374.59539
2026-03-27 04:10:00+00:00,0.9201,0.9212,0.9198,0.9211,244789.2,2026-03-27 04:14:59.999000+00:00,225298.25867,1249,146499.6,134850.47484
2026-03-27 04:15:00+00:00,0.9211,0.9238,0.9206,0.9237,308991.0,2026-03-27 04:19:59.999000+00:00,284885.51316,1463,258732.7,238568.32695
2026-03-27 04:20:00+00:00,0.9238,0.9279,0.9234,0.9253,1562994.6,2026-03-27 04:24:59.999000+00:00,1447494.77136,2605,1291129.6,1195771.57727
2026-03-27 04:25:00+00:00,0.9252,0.9258,0.925,0.9253,132630.2,2026-03-27 04:29:59.999000+00:00,122731.76889,676,75183.3,69573.14594
2026-03-27 04:30:00+00:00,0.9252,0.9261,0.9245,0.9257,230034.0,2026-03-27 04:34:59.999000+00:00,212850.92169,1104,150932.8,139654.9794
2026-03-27 04:35:00+00:00,0.9258,0.9261,0.925,0.9258,187989.9,2026-03-27 04:39:59.999000+00:00,174012.23118,714,101815.2,94251.49224
2026-03-27 04:40:00+00:00,0.9258,0.927,0.9258,0.9261,384626.5,2026-03-27 04:44:59.999000+00:00,356378.96382,745,173653.6,160880.07507
2026-03-27 04:45:00+00:00,0.926,0.9265,0.9252,0.9252,115216.7,2026-03-27 04:49:59.999000+00:00,106688.58087,601,59384.4,54997.44943
2026-03-27 04:50:00+00:00,0.9251,0.9256,0.9246,0.9246,73666.7,2026-03-27 04:54:59.999000+00:00,68149.65219,449,33792.2,31266.1932
2026-03-27 04:55:00+00:00,0.9247,0.9255,0.9246,0.9253,128861.0,2026-03-27 04:59:59.999000+00:00,119210.36971,553,61414.1,56817.06425
2026-03-27 05:00:00+00:00,0.9252,0.9254,0.9244,0.9253,199428.6,2026-03-27 05:04:59.999000+00:00,184454.13273,1035,109655.0,101425.90002
2026-03-27 05:05:00+00:00,0.9254,0.9283,0.9251,0.9281,387842.9,2026-03-27 05:09:59.999000+00:00,359296.43057,1852,299569.6,277544.99669
2026-03-27 05:10:00+00:00,0.9281,0.9291,0.9272,0.9286,971234.5,2026-03-27 05:14:59.999000+00:00,901556.70485,3268,440818.5,409265.54873
2026-03-27 05:15:00+00:00,0.9286,0.9297,0.9281,0.9281,232148.8,2026-03-27 05:19:59.999000+00:00,215679.76265,1547,138391.7,128567.41151
2026-03-27 05:20:00+00:00,0.9281,0.9282,0.9263,0.9264,308315.4,2026-03-27 05:24:59.999000+00:00,285812.04513,1049,190165.6,176278.13083
2026-03-27 05:25:00+00:00,0.9264,0.9265,0.9242,0.9247,290031.4,2026-03-27 05:29:59.999000+00:00,268251.36508,1075,92423.4,85484.70386
2026-03-27 05:30:00+00:00,0.9248,0.9251,0.9235,0.9247,236705.3,2026-03-27 05:34:59.999000+00:00,218759.6256,900,100967.3,93327.68817
2026-03-27 05:35:00+00:00,0.9246,0.9264,0.9246,0.9248,193894.1,2026-03-27 05:39:59.999000+00:00,179437.60158,934,115270.0,106673.09412
2026-03-27 05:40:00+00:00,0.9248,0.9254,0.9242,0.9244,189759.1,2026-03-27 05:44:59.999000+00:00,175484.78298,739,83010.6,76764.08596
2026-03-27 05:45:00+00:00,0.9244,0.9245,0.9237,0.9242,151524.0,2026-03-27 05:49:59.999000+00:00,140039.37378,611,46169.3,42670.06206
2026-03-27 05:50:00+00:00,0.9243,0.9245,0.9237,0.924,82357.7,2026-03-27 05:54:59.999000+00:00,76103.25557,550,23675.4,21877.57662
2026-03-27 05:55:00+00:00,0.924,0.9242,0.9235,0.9235,162045.5,2026-03-27 05:59:59.999000+00:00,149721.88845,595,37818.3,34942.6941
2026-03-27 06:00:00+00:00,0.9236,0.9238,0.922,0.9221,271562.4,2026-03-27 06:04:59.999000+00:00,250626.32489,1122,75166.9,69370.59891
2026-03-27 06:05:00+00:00,0.9221,0.9235,0.9211,0.9227,596698.7,2026-03-27 06:09:59.999000+00:00,550405.25743,1748,328832.3,303395.87222
2026-03-27 06:10:00+00:00,0.9226,0.923,0.9213,0.9225,1432317.7,2026-03-27 06:14:59.999000+00:00,1320699.97516,1518,1210450.1,1116105.36272
2026-03-27 06:15:00+00:00,0.9226,0.923,0.9202,0.9208,1501287.5,2026-03-27 06:19:59.999000+00:00,1383833.24929,2240,772174.0,711835.72703
2026-03-27 06:20:00+00:00,0.9208,0.9213,0.9199,0.921,1483143.9,2026-03-27 06:24:59.999000+00:00,1365363.92204,1743,1130686.8,1040962.01408
2026-03-27 06:25:00+00:00,0.921,0.9233,0.9201,0.9221,1056705.4,2026-03-27 06:29:59.999000+00:00,973562.40159,1798,775110.0,714021.76305
2026-03-27 06:30:00+00:00,0.9222,0.9228,0.9212,0.9218,287064.2,2026-03-27 06:34:59.999000+00:00,264675.86191,1344,125721.8,115900.9648
2026-03-27 06:35:00+00:00,0.9219,0.9219,0.9204,0.9207,351584.3,2026-03-27 06:39:59.999000+00:00,323864.7266,996,149444.6,137673.69376
2026-03-27 06:40:00+00:00,0.9206,0.9214,0.9202,0.9202,179790.6,2026-03-27 06:44:59.999000+00:00,165528.82336,749,84285.5,77598.20623
2026-03-27 06:45:00+00:00,0.9202,0.9202,0.9179,0.9196,568469.5,2026-03-27 06:49:59.999000+00:00,522506.67527,1702,162759.3,149572.91179
2026-03-27 06:50:00+00:00,0.9196,0.921,0.9194,0.9206,289802.0,2026-03-27 06:54:59.999000+00:00,266702.49119,885,139821.3,128707.70875
2026-03-27 06:55:00+00:00,0.9206,0.9211,0.9202,0.9204,123554.3,2026-03-27 06:59:59.999000+00:00,113747.02795,616,53599.1,49351.82206
2026-03-27 07:00:00+00:00,0.9204,0.9208,0.9195,0.92,243164.5,2026-03-27 07:04:59.999000+00:00,223762.71547,1125,71597.2,65885.90299
2026-03-27 07:05:00+00:00,0.9201,0.9205,0.9187,0.9187,186680.9,2026-03-27 07:09:59.999000+00:00,171640.86916,1271,92129.2,84711.2282
2026-03-27 07:10:00+00:00,0.9187,0.9244,0.9187,0.923,494922.6,2026-03-27 07:14:59.999000+00:00,456414.48672,2535,327072.8,301567.84888
2026-03-27 07:15:00+00:00,0.9231,0.9233,0.9217,0.9224,171512.3,2026-03-27 07:19:59.999000+00:00,158207.96203,1332,87315.6,80544.89815
2026-03-27 07:20:00+00:00,0.9225,0.9236,0.9225,0.9227,166808.1,2026-03-27 07:24:59.999000+00:00,153987.8498,625,51571.9,47606.34794
2026-03-27 07:25:00+00:00,0.9226,0.9228,0.9222,0.9224,124870.0,2026-03-27 07:29:59.999000+00:00,115183.52879,535,75149.3,69319.69481
2026-03-27 07:30:00+00:00,0.9225,0.9231,0.9204,0.9206,209495.4,2026-03-27 07:34:59.999000+00:00,193141.02539,1151,84441.3,77873.4436
2026-03-27 07:35:00+00:00,0.9207,0.9217,0.9204,0.9206,129633.6,2026-03-27 07:39:59.999000+00:00,119388.4491,830,82562.6,76040.43552
2026-03-27 07:40:00+00:00,0.9207,0.9213,0.9191,0.9205,284827.2,2026-03-27 07:44:59.999000+00:00,262139.24215,1334,128990.3,118746.48781
2026-03-27 07:45:00+00:00,0.9206,0.9217,0.9203,0.9215,116500.7,2026-03-27 07:49:59.999000+00:00,107309.35634,768,57977.4,53401.4404
2026-03-27 07:50:00+00:00,0.9215,0.9222,0.921,0.9218,128361.9,2026-03-27 07:54:59.999000+00:00,118301.2971,808,67685.4,62383.61661
2026-03-27 07:55:00+00:00,0.9219,0.9219,0.9201,0.9216,235473.2,2026-03-27 07:59:59.999000+00:00,216828.96472,1051,85674.4,78891.45683
2026-03-27 08:00:00+00:00,0.9216,0.9239,0.9208,0.9222,454364.3,2026-03-27 08:04:59.999000+00:00,419154.27033,2158,315089.0,290692.99491
2026-03-27 08:05:00+00:00,0.9222,0.9227,0.921,0.9213,162271.5,2026-03-27 08:09:59.999000+00:00,149598.54221,1244,66502.2,61307.22323
2026-03-27 08:10:00+00:00,0.9213,0.9218,0.921,0.9215,124330.8,2026-03-27 08:14:59.999000+00:00,114567.39198,766,79113.0,72903.1482
2026-03-27 08:15:00+00:00,0.9215,0.922,0.92,0.9204,160578.8,2026-03-27 08:19:59.999000+00:00,147856.83607,1146,57734.4,53162.47299
2026-03-27 08:20:00+00:00,0.9205,0.9205,0.9187,0.9197,304112.3,2026-03-27 08:24:59.999000+00:00,279622.99424,1278,153192.6,140868.75478
2026-03-27 08:25:00+00:00,0.9197,0.92,0.9184,0.9184,199783.0,2026-03-27 08:29:59.999000+00:00,183593.87028,928,60288.8,55404.86535
2026-03-27 08:30:00+00:00,0.9184,0.9205,0.9183,0.92,1904796.3,2026-03-27 08:34:59.999000+00:00,1750856.6662,1920,453811.3,417233.90685
2026-03-27 08:35:00+00:00,0.9199,0.9201,0.9121,0.913,3286984.6,2026-03-27 08:39:59.999000+00:00,3007764.15652,7362,1431412.2,1309463.62263
2026-03-27 08:40:00+00:00,0.913,0.9143,0.9109,0.9137,1740984.5,2026-03-27 08:44:59.999000+00:00,1588909.89737,2853,1333664.1,1217108.59498
2026-03-27 08:45:00+00:00,0.9136,0.9155,0.9135,0.9151,591478.3,2026-03-27 08:49:59.999000+00:00,540954.86328,1954,334351.8,305824.67807
2026-03-27 08:50:00+00:00,0.9152,0.9194,0.9151,0.9178,589999.4,2026-03-27 08:54:59.999000+00:00,541321.16429,2109,374977.7,343976.50525
2026-03-27 08:55:00+00:00,0.9177,0.9181,0.9163,0.9165,258311.6,2026-03-27 08:59:59.999000+00:00,236907.8315,882,76327.9,70006.77107
2026-03-27 09:00:00+00:00,0.9165,0.9165,0.9141,0.9145,636088.3,2026-03-27 09:04:59.999000+00:00,582345.10073,2268,169675.6,155330.24064
2026-03-27 09:05:00+00:00,0.9144,0.9144,0.9099,0.91,1039093.8,2026-03-27 09:09:59.999000+00:00,947715.3913,2879,190299.0,173522.49219
2026-03-27 09:10:00+00:00,0.9099,0.9108,0.9061,0.9091,1438794.5,2026-03-27 09:14:59.999000+00:00,1307011.23672,4835,572255.0,519959.7518
2026-03-27 09:15:00+00:00,0.9091,0.9116,0.9088,0.9098,501646.8,2026-03-27 09:19:59.999000+00:00,456461.88658,2209,280557.7,255317.67362
2026-03-27 09:20:00+00:00,0.9097,0.9112,0.9096,0.911,228105.8,2026-03-27 09:24:59.999000+00:00,207678.532,990,154422.9,140602.13539
2026-03-27 09:25:00+00:00,0.911,0.9136,0.9109,0.9126,261785.7,2026-03-27 09:29:59.999000+00:00,238909.75637,1266,188032.8,171617.95449
2026-03-27 09:30:00+00:00,0.9126,0.9131,0.91,0.9101,244012.2,2026-03-27 09:34:59.999000+00:00,222522.24883,1370,109286.4,99708.50341
2026-03-27 09:35:00+00:00,0.9101,0.9102,0.9089,0.9096,429227.8,2026-03-27 09:39:59.999000+00:00,390414.18847,1376,105195.8,95674.21954
2026-03-27 09:40:00+00:00,0.9096,0.9099,0.9086,0.9092,198117.8,2026-03-27 09:44:59.999000+00:00,180105.24987,871,62405.6,56727.09158
2026-03-27 09:45:00+00:00,0.9091,0.9104,0.9088,0.91,371365.4,2026-03-27 09:49:59.999000+00:00,337782.31015,1257,142615.3,129734.09588
2026-03-27 09:50:00+00:00,0.9101,0.9108,0.9095,0.9104,160936.7,2026-03-27 09:54:59.999000+00:00,146485.12871,893,85443.9,77776.96154
2026-03-27 09:55:00+00:00,0.9104,0.9106,0.9092,0.9094,233008.2,2026-03-27 09:59:59.999000+00:00,211994.27098,993,100060.4,91039.54498
2026-03-27 10:00:00+00:00,0.9095,0.91,0.9074,0.9089,451549.6,2026-03-27 10:04:59.999000+00:00,410301.30324,2230,174422.2,158501.8107
2026-03-27 10:05:00+00:00,0.9089,0.9099,0.9082,0.9091,186342.2,2026-03-27 10:09:59.999000+00:00,169412.54377,1387,115280.5,104806.87508
2026-03-27 10:10:00+00:00,0.9091,0.9093,0.9085,0.9093,282058.0,2026-03-27 10:14:59.999000+00:00,256343.76567,1274,116547.8,105930.16365
2026-03-27 10:15:00+00:00,0.9093,0.9103,0.9083,0.9089,320288.9,2026-03-27 10:19:59.999000+00:00,291255.34362,1245,164436.2,149547.2615
2026-03-27 10:20:00+00:00,0.9089,0.911,0.9089,0.9103,251236.9,2026-03-27 10:24:59.999000+00:00,228614.97717,1044,159811.7,145426.99896
2026-03-27 10:25:00+00:00,0.9104,0.9112,0.9103,0.9106,136089.8,2026-03-27 10:29:59.999000+00:00,123934.43113,788,67667.0,61627.77784
2026-03-27 10:30:00+00:00,0.9107,0.9114,0.9103,0.9109,247839.2,2026-03-27 10:34:59.999000+00:00,225776.02915,958,178950.4,163034.05964
2026-03-27 10:35:00+00:00,0.911,0.911,0.8925,0.8972,8882077.9,2026-03-27 10:39:59.999000+00:00,7994716.80094,16999,2756162.8,2479390.87172
2026-03-27 10:40:00+00:00,0.8973,0.901,0.8965,0.8992,1896764.3,2026-03-27 10:44:59.999000+00:00,1705050.78431,6105,1045601.6,940168.71774
2026-03-27 10:45:00+00:00,0.8992,0.8996,0.8966,0.8989,1034952.0,2026-03-27 10:49:59.999000+00:00,929606.99445,3427,606878.3,544965.55579
2026-03-27 10:50:00+00:00,0.8988,0.9,0.8896,0.8918,3119550.7,2026-03-27 10:54:59.999000+00:00,2784058.65314,7112,960010.9,857661.79374
2026-03-27 10:55:00+00:00,0.8918,0.8918,0.8859,0.8892,4074604.7,2026-03-27 10:59:59.999000+00:00,3620775.84896,10805,1281354.2,1139130.74184
2026-03-27 11:00:00+00:00,0.8893,0.892,0.8857,0.8907,1838641.8,2026-03-27 11:04:59.999000+00:00,1635828.12069,6774,968520.6,861783.15406
2026-03-27 11:05:00+00:00,0.8906,0.8917,0.8898,0.89,743232.3,2026-03-27 11:09:59.999000+00:00,662133.91208,3231,416092.8,370721.85896
2026-03-27 11:10:00+00:00,0.8899,0.8935,0.8898,0.893,636827.1,2026-03-27 11:14:59.999000+00:00,567846.96448,2727,359784.4,320800.1703
2026-03-27 11:15:00+00:00,0.893,0.8945,0.8928,0.8939,648279.7,2026-03-27 11:19:59.999000+00:00,579361.81692,2894,269169.1,240561.36864
2026-03-27 11:20:00+00:00,0.8939,0.8942,0.8929,0.8935,250416.4,2026-03-27 11:24:59.999000+00:00,223791.4041,1428,82085.5,73362.25625
2026-03-27 11:25:00+00:00,0.8936,0.8945,0.8931,0.8935,385848.1,2026-03-27 11:29:59.999000+00:00,344831.70283,1252,127722.8,114170.83025
2026-03-27 11:30:00+00:00,0.8934,0.8958,0.8932,0.8948,368449.7,2026-03-27 11:34:59.999000+00:00,329629.33283,1675,141385.1,126500.70293
2026-03-27 11:35:00+00:00,0.8948,0.8953,0.894,0.8945,422424.3,2026-03-27 11:39:59.999000+00:00,377881.8347,1470,164584.4,147240.44867
2026-03-27 11:40:00+00:00,0.8945,0.8952,0.8936,0.8952,197204.5,2026-03-27 11:44:59.999000+00:00,176358.87122,1011,55301.4,49463.6139
2026-03-27 11:45:00+00:00,0.8951,0.8965,0.8945,0.8947,407186.4,2026-03-27 11:49:59.999000+00:00,364694.30858,1611,188967.4,169266.14537
2026-03-27 11:50:00+00:00,0.8947,0.8955,0.8934,0.8943,281095.4,2026-03-27 11:54:59.999000+00:00,251386.42048,1416,83080.2,74306.97713
2026-03-27 11:55:00+00:00,0.8943,0.895,0.8935,0.8944,222988.6,2026-03-27 11:59:59.999000+00:00,199414.74908,1068,101200.2,90507.66705
2026-03-27 12:00:00+00:00,0.8944,0.8945,0.8903,0.8903,1569566.6,2026-03-27 12:04:59.999000+00:00,1400420.55384,3818,506118.4,451373.82633
2026-03-27 12:05:00+00:00,0.8903,0.8922,0.8903,0.8904,490693.1,2026-03-27 12:09:59.999000+00:00,437211.71273,2619,194701.9,173484.37405
2026-03-27 12:10:00+00:00,0.8904,0.8915,0.8893,0.8901,586788.5,2026-03-27 12:14:59.999000+00:00,522573.8167,3201,240745.6,214406.29474
2026-03-27 12:15:00+00:00,0.89,0.8905,0.888,0.8898,556918.0,2026-03-27 12:19:59.999000+00:00,495363.57229,2801,145835.3,129753.88714
2026-03-27 12:20:00+00:00,0.8897,0.8909,0.8891,0.8896,413743.8,2026-03-27 12:24:59.999000+00:00,368224.44015,1385,161290.6,143545.96703
2026-03-27 12:25:00+00:00,0.8896,0.8901,0.8884,0.8894,338018.1,2026-03-27 12:29:59.999000+00:00,300583.69852,1202,148718.3,132243.70018
2026-03-27 12:30:00+00:00,0.8893,0.8898,0.8871,0.8878,540755.2,2026-03-27 12:34:59.999000+00:00,480510.03994,2136,205983.0,183031.6247
2026-03-27 12:35:00+00:00,0.8877,0.8907,0.8873,0.8893,376215.9,2026-03-27 12:39:59.999000+00:00,334495.12785,1803,169537.1,150719.83839
2026-03-27 12:40:00+00:00,0.8892,0.89,0.8883,0.89,192396.3,2026-03-27 12:44:59.999000+00:00,171039.39594,1171,98785.3,87823.01388
2026-03-27 12:45:00+00:00,0.8901,0.8913,0.8885,0.8887,557122.3,2026-03-27 12:49:59.999000+00:00,495843.02738,1982,245336.7,218409.5472
2026-03-27 12:50:00+00:00,0.8888,0.8904,0.8885,0.8903,290900.0,2026-03-27 12:54:59.999000+00:00,258732.33732,1269,146418.1,130283.80793
2026-03-27 12:55:00+00:00,0.8904,0.891,0.8896,0.8904,546643.0,2026-03-27 12:59:59.999000+00:00,486791.92101,1684,265623.3,236568.28853
2026-03-27 13:00:00+00:00,0.8905,0.893,0.8905,0.8922,383164.2,2026-03-27 13:04:59.999000+00:00,341792.38416,1921,198959.8,177460.75281
2026-03-27 13:05:00+00:00,0.8923,0.8923,0.8903,0.891,295669.4,2026-03-27 13:09:59.999000+00:00,263528.16202,1337,85000.9,75753.23299
2026-03-27 13:10:00+00:00,0.8909,0.8912,0.89,0.8906,234258.7,2026-03-27 13:14:59.999000+00:00,208613.39563,1191,95376.4,84933.21033
2026-03-27 13:15:00+00:00,0.8907,0.8929,0.8904,0.8922,380584.5,2026-03-27 13:19:59.999000+00:00,339195.27494,1545,257629.0,229623.33938
2026-03-27 13:20:00+00:00,0.8923,0.8942,0.8922,0.8931,755104.2,2026-03-27 13:24:59.999000+00:00,674475.54265,1896,315677.3,281981.65761
2026-03-27 13:25:00+00:00,0.893,0.894,0.8927,0.8931,473682.6,2026-03-27 13:29:59.999000+00:00,423239.95321,1560,169115.3,151132.92058
2026-03-27 13:30:00+00:00,0.8931,0.894,0.8879,0.8883,1286830.0,2026-03-27 13:34:59.999000+00:00,1145443.44099,3765,480966.2,428076.84903
2026-03-27 13:35:00+00:00,0.8884,0.8899,0.8828,0.8891,2845850.5,2026-03-27 13:39:59.999000+00:00,2520138.03357,7716,1146491.2,1015964.45517
2026-03-27 13:40:00+00:00,0.889,0.8919,0.888,0.8901,1220772.0,2026-03-27 13:44:59.999000+00:00,1086609.33518,4091,757018.8,673801.00953
2026-03-27 13:45:00+00:00,0.8901,0.8919,0.8893,0.8896,550452.1,2026-03-27 13:49:59.999000+00:00,490417.29348,2971,284046.3,253098.82907
2026-03-27 13:50:00+00:00,0.8896,0.8896,0.8866,0.8868,637432.1,2026-03-27 13:54:59.999000+00:00,565797.40295,2394,162066.9,143846.48145
2026-03-27 13:55:00+00:00,0.8867,0.8867,0.8831,0.8865,1056418.4,2026-03-27 13:59:59.999000+00:00,935042.86491,3637,444127.9,393063.43377
2026-03-27 14:00:00+00:00,0.8865,0.8899,0.8858,0.8899,918576.9,2026-03-27 14:04:59.999000+00:00,815960.67956,3760,441701.2,392394.95588
2026-03-27 14:05:00+00:00,0.8899,0.8914,0.8895,0.8907,594793.7,2026-03-27 14:09:59.999000+00:00,529741.74717,2741,273250.7,243388.26694
2026-03-27 14:10:00+00:00,0.8907,0.8925,0.8901,0.8915,433417.0,2026-03-27 14:14:59.999000+00:00,386244.00177,2057,234515.4,209023.13922
2026-03-27 14:15:00+00:00,0.8916,0.8921,0.8878,0.888,659741.4,2026-03-27 14:19:59.999000+00:00,587066.30371,2226,401706.3,357466.37044
2026-03-27 14:20:00+00:00,0.8881,0.8889,0.8845,0.8861,1571127.0,2026-03-27 14:24:59.999000+00:00,1392333.71271,3902,781750.0,692657.43547
2026-03-27 14:25:00+00:00,0.8861,0.8868,0.8837,0.8842,650455.0,2026-03-27 14:29:59.999000+00:00,575624.45834,2681,265634.4,235081.95885
2026-03-27 14:30:00+00:00,0.8842,0.8866,0.8841,0.8858,618927.1,2026-03-27 14:34:59.999000+00:00,547906.35558,2643,303816.1,268996.21065
2026-03-27 14:35:00+00:00,0.8859,0.8882,0.8852,0.8879,2391406.3,2026-03-27 14:39:59.999000+00:00,2120750.40694,3268,561497.4,498029.33707
2026-03-27 14:40:00+00:00,0.8878,0.8884,0.8861,0.8875,1459929.5,2026-03-27 14:44:59.999000+00:00,1295030.09459,2111,223914.4,198742.26863
2026-03-27 14:45:00+00:00,0.8876,0.8891,0.886,0.8891,638342.8,2026-03-27 14:49:59.999000+00:00,566557.81532,2094,203232.2,180402.02762
2026-03-27 14:50:00+00:00,0.889,0.8906,0.8881,0.8882,609133.9,2026-03-27 14:54:59.999000+00:00,541855.57763,2206,232902.0,207178.40206
2026-03-27 14:55:00+00:00,0.8883,0.892,0.8883,0.8917,1502749.8,2026-03-27 14:59:59.999000+00:00,1338522.52806,2825,1234743.5,1099818.03562
2026-03-27 15:00:00+00:00,0.8918,0.8928,0.8914,0.8925,889461.7,2026-03-27 15:04:59.999000+00:00,793396.15874,2474,402326.7,358941.53789
2026-03-27 15:05:00+00:00,0.8926,0.8942,0.8912,0.8924,694201.1,2026-03-27 15:09:59.999000+00:00,619537.85099,2703,382575.6,341454.19231
2026-03-27 15:10:00+00:00,0.8925,0.8933,0.8918,0.8921,328355.1,2026-03-27 15:14:59.999000+00:00,293007.39936,1717,187307.3,167149.1512
2026-03-27 15:15:00+00:00,0.8922,0.8927,0.8903,0.8904,553531.2,2026-03-27 15:19:59.999000+00:00,493401.3503,2104,216129.5,192678.33799
2026-03-27 15:20:00+00:00,0.8904,0.8972,0.8886,0.8926,1722606.0,2026-03-27 15:24:59.999000+00:00,1539504.2898,5344,864064.2,772075.60903
2026-03-27 15:25:00+00:00,0.8926,0.8946,0.8915,0.8942,1045386.9,2026-03-27 15:29:59.999000+00:00,933659.26928,2735,286174.6,255645.15948
2026-03-27 15:30:00+00:00,0.8943,0.8983,0.8938,0.8979,1073100.8,2026-03-27 15:34:59.999000+00:00,961711.90335,3349,551656.0,494355.11501
2026-03-27 15:35:00+00:00,0.898,0.9005,0.8968,0.8975,1330694.9,2026-03-27 15:39:59.999000+00:00,1196081.10104,3725,677332.9,608921.35951
2026-03-27 15:40:00+00:00,0.8975,0.8976,0.8956,0.896,361740.5,2026-03-27 15:44:59.999000+00:00,324281.12393,1661,182977.1,164034.546
2026-03-27 15:45:00+00:00,0.8961,0.8975,0.8947,0.8957,482074.3,2026-03-27 15:49:59.999000+00:00,431993.78025,2055,268805.4,240885.58291
2026-03-27 15:50:00+00:00,0.8957,0.8963,0.8923,0.8927,547294.3,2026-03-27 15:54:59.999000+00:00,489285.88304,1950,216711.0,193802.75038
2026-03-27 15:55:00+00:00,0.8926,0.8927,0.8897,0.8897,650325.4,2026-03-27 15:59:59.999000+00:00,579374.41262,2222,201517.1,179576.64473
2026-03-27 16:00:00+00:00,0.8898,0.8902,0.8874,0.8878,1139951.9,2026-03-27 16:04:59.999000+00:00,1013539.80997,3259,536483.5,477048.43528
2026-03-27 16:05:00+00:00,0.8878,0.8881,0.8856,0.8865,704567.7,2026-03-27 16:09:59.999000+00:00,624842.70934,3760,320385.7,284130.07014
2026-03-27 16:10:00+00:00,0.8865,0.8894,0.8865,0.8883,3486509.7,2026-03-27 16:14:59.999000+00:00,3097622.97561,4021,613453.9,544789.23484
2026-03-27 16:15:00+00:00,0.8884,0.8893,0.8871,0.8878,286410.1,2026-03-27 16:19:59.999000+00:00,254472.50807,1748,169121.9,150278.66559
