open_time,open,high,low,close,volume,close_time,quote_volume,trade_count,taker_buy_base_vol,taker_buy_quote_vol
2026-03-13 16:20:00+00:00,71373.2,71500.1,71218.8,71283.4,2867.491,2026-03-13 16:24:59.999000+00:00,204580404.3379,51805,1293.318,92307440.0931
2026-03-13 16:25:00+00:00,71283.5,71407.1,71130.6,71359.8,3686.697,2026-03-13 16:29:59.999000+00:00,262728019.7928,54937,2394.142,170639213.0045
2026-03-13 16:30:00+00:00,71359.8,71644.4,71348.5,71608.7,3519.932,2026-03-13 16:34:59.999000+00:00,251714296.7877,54867,2533.563,181176941.1248
2026-03-13 16:35:00+00:00,71608.7,71855.1,71565.9,71817.8,1906.419,2026-03-13 16:39:59.999000+00:00,136758471.1929,34958,1136.589,81538480.441
2026-03-13 16:40:00+00:00,71817.7,71843.3,71752.0,71798.1,1751.926,2026-03-13 16:44:59.999000+00:00,125800065.2892,24368,939.417,67457390.0129
2026-03-13 16:45:00+00:00,71798.0,71900.0,71723.6,71865.2,1693.399,2026-03-13 16:49:59.999000+00:00,121604056.5442,26907,997.108,71607156.2585
2026-03-13 16:50:00+00:00,71865.1,72090.2,71850.3,72011.7,2412.922,2026-03-13 16:54:59.999000+00:00,173653572.3253,33798,1547.551,111370392.9867
2026-03-13 16:55:00+00:00,72011.7,72018.9,71820.8,71846.0,983.095,2026-03-13 16:59:59.999000+00:00,70680735.3364,21202,354.401,25483240.2652
2026-03-13 17:00:00+00:00,71846.0,71900.0,71829.2,71887.7,683.658,2026-03-13 17:04:59.999000+00:00,49131923.7672,19569,395.6,28430884.9931
2026-03-13 17:05:00+00:00,71887.7,72068.4,71850.0,72036.6,1086.188,2026-03-13 17:09:59.999000+00:00,78147882.3611,27360,803.388,57806174.2593
2026-03-13 17:10:00+00:00,72036.6,72112.6,71950.0,72074.6,1168.55,2026-03-13 17:14:59.999000+00:00,84176793.5398,23370,619.815,44644082.0579
2026-03-13 17:15:00+00:00,72074.7,72215.1,71926.1,72048.3,1313.476,2026-03-13 17:19:59.999000+00:00,94684115.4825,32433,722.089,52068567.919
2026-03-13 17:20:00+00:00,72048.2,72068.9,71824.3,71849.3,1135.632,2026-03-13 17:24:59.999000+00:00,81676245.2569,26267,287.663,20686406.3257
2026-03-13 17:25:00+00:00,71849.3,71875.0,71549.8,71623.0,2398.691,2026-03-13 17:29:59.999000+00:00,171966443.5963,39680,894.723,64134921.5333
2026-03-13 17:30:00+00:00,71622.9,71658.4,71508.2,71594.2,624.211,2026-03-13 17:34:59.999000+00:00,44688712.7944,22380,330.241,23644328.6581
2026-03-13 17:35:00+00:00,71594.2,71602.1,71361.8,71421.4,1683.477,2026-03-13 17:39:59.999000+00:00,120255349.2492,28764,838.384,59882804.0582
2026-03-13 17:40:00+00:00,71421.3,71440.0,71011.6,71166.6,3442.341,2026-03-13 17:44:59.999000+00:00,245116210.3116,53208,1337.995,95274640.8948
2026-03-13 17:45:00+00:00,71166.6,71244.2,71001.8,71052.3,2272.186,2026-03-13 17:49:59.999000+00:00,161615222.1648,43511,1017.764,72400422.0733
2026-03-13 17:50:00+00:00,71052.2,71128.4,70931.0,71077.2,2701.529,2026-03-13 17:54:59.999000+00:00,191803447.5356,44296,1283.757,91156023.1595
2026-03-13 17:55:00+00:00,71077.1,71142.6,70862.3,70999.5,2062.201,2026-03-13 17:59:59.999000+00:00,146367337.2924,34345,898.726,63808173.8791
2026-03-13 18:00:00+00:00,70999.5,71086.5,70990.0,71050.5,1122.866,2026-03-13 18:04:59.999000+00:00,79757612.516,25829,674.568,47912617.559
2026-03-13 18:05:00+00:00,71050.5,71050.5,70950.0,71005.4,720.713,2026-03-13 18:09:59.999000+00:00,51168704.2502,19648,377.676,26813766.4065
2026-03-13 18:10:00+00:00,71005.6,71241.9,70893.1,71180.0,2450.893,2026-03-13 18:14:59.999000+00:00,174202825.3752,32149,1209.374,85963004.2813
2026-03-13 18:15:00+00:00,71180.1,71232.3,70811.0,71001.5,1761.233,2026-03-13 18:19:59.999000+00:00,125042414.8975,30054,1014.995,72070657.9599
2026-03-13 18:20:00+00:00,71001.6,71022.6,70828.2,70941.2,1122.762,2026-03-13 18:24:59.999000+00:00,79626568.2221,25530,663.169,47029483.6989
2026-03-13 18:25:00+00:00,70941.2,71163.8,70934.8,71163.1,608.147,2026-03-13 18:29:59.999000+00:00,43208909.493,18386,338.078,24019385.9888
2026-03-13 18:30:00+00:00,71163.1,71280.0,71144.4,71237.0,783.388,2026-03-13 18:34:59.999000+00:00,55797249.0445,21571,461.528,32872757.8824
2026-03-13 18:35:00+00:00,71236.9,71285.3,71153.5,71250.0,553.105,2026-03-13 18:39:59.999000+00:00,39389542.7792,13642,295.059,21014759.1977
2026-03-13 18:40:00+00:00,71250.0,71318.8,71164.6,71194.0,619.618,2026-03-13 18:44:59.999000+00:00,44146376.6501,18488,261.651,18641554.6512
2026-03-13 18:45:00+00:00,71194.1,71203.7,71000.1,71145.6,690.802,2026-03-13 18:49:59.999000+00:00,49109611.6341,18045,383.316,27248587.9303
2026-03-13 18:50:00+00:00,71145.5,71145.5,70971.0,71062.6,550.01,2026-03-13 18:54:59.999000+00:00,39069119.6406,16302,277.351,19699811.7525
2026-03-13 18:55:00+00:00,71062.6,71083.6,70988.5,71020.1,276.817,2026-03-13 18:59:59.999000+00:00,19665269.6601,8252,122.982,8736448.5773
2026-03-13 19:00:00+00:00,71020.0,71095.0,70973.6,70992.1,563.703,2026-03-13 19:04:59.999000+00:00,40037195.0382,17029,346.745,24627445.2866
2026-03-13 19:05:00+00:00,70992.0,71223.8,70963.0,71167.2,610.253,2026-03-13 19:09:59.999000+00:00,43402835.9795,19448,372.492,26491893.3074
2026-03-13 19:10:00+00:00,71167.2,71246.7,71165.0,71187.2,338.706,2026-03-13 19:14:59.999000+00:00,24116536.7163,10437,157.157,11189633.0202
2026-03-13 19:15:00+00:00,71187.2,71273.1,71166.8,71173.1,417.172,2026-03-13 19:19:59.999000+00:00,29717844.0048,15031,235.221,16756439.0504
2026-03-13 19:20:00+00:00,71173.2,71182.6,70995.1,71153.8,400.635,2026-03-13 19:24:59.999000+00:00,28473801.0108,16437,192.414,13674461.6776
2026-03-13 19:25:00+00:00,71153.7,71153.8,70980.0,71049.6,307.853,2026-03-13 19:29:59.999000+00:00,21871175.3377,12582,117.209,8326488.7006
2026-03-13 19:30:00+00:00,71049.7,71174.6,71049.7,71089.1,495.731,2026-03-13 19:34:59.999000+00:00,35255011.5079,15355,297.403,21149471.137
2026-03-13 19:35:00+00:00,71089.2,71100.0,71014.3,71032.3,401.659,2026-03-13 19:39:59.999000+00:00,28543758.7496,10817,136.648,9710048.311
2026-03-13 19:40:00+00:00,71032.2,71108.6,71001.0,71108.6,284.175,2026-03-13 19:44:59.999000+00:00,20189140.9081,9521,146.89,10435585.4639
2026-03-13 19:45:00+00:00,71108.5,71238.0,71076.1,71130.1,1084.714,2026-03-13 19:49:59.999000+00:00,77189216.3478,15014,746.698,53138364.6919
2026-03-13 19:50:00+00:00,71130.1,71187.0,71057.0,71170.0,454.981,2026-03-13 19:54:59.999000+00:00,32364934.5458,13359,296.211,21069888.3307
2026-03-13 19:55:00+00:00,71169.9,71226.7,71107.5,71148.0,385.167,2026-03-13 19:59:59.999000+00:00,27408902.4852,13058,223.434,15899081.1849
2026-03-13 20:00:00+00:00,71148.1,71194.0,71111.1,71139.4,289.155,2026-03-13 20:04:59.999000+00:00,20571561.8985,9739,145.848,10376011.1845
2026-03-13 20:05:00+00:00,71139.4,71243.3,71139.4,71220.8,248.982,2026-03-13 20:09:59.999000+00:00,17727243.0358,8973,144.754,10306231.8642
2026-03-13 20:10:00+00:00,71220.8,71330.9,71187.0,71313.0,347.986,2026-03-13 20:14:59.999000+00:00,24799055.0685,8961,216.202,15407858.0287
2026-03-13 20:15:00+00:00,71312.9,71447.2,71293.8,71406.5,900.996,2026-03-13 20:19:59.999000+00:00,64305274.7483,15972,600.032,42828637.3524
2026-03-13 20:20:00+00:00,71406.6,71419.6,71344.4,71386.7,307.358,2026-03-13 20:24:59.999000+00:00,21941629.2535,8644,183.32,13086996.5118
2026-03-13 20:25:00+00:00,71386.7,71386.7,71200.0,71269.2,652.835,2026-03-13 20:29:59.999000+00:00,46529323.4549,10499,163.615,11660801.3057
2026-03-13 20:30:00+00:00,71269.2,71321.9,71240.0,71276.6,366.406,2026-03-13 20:34:59.999000+00:00,26113747.7098,7093,178.845,12747219.6671
2026-03-13 20:35:00+00:00,71276.7,71281.3,71235.1,71272.7,133.919,2026-03-13 20:39:59.999000+00:00,9541913.983,4618,73.038,5204020.5923
2026-03-13 20:40:00+00:00,71272.6,71278.7,71234.5,71278.7,220.66,2026-03-13 20:44:59.999000+00:00,15723187.3162,4667,145.139,10341818.2667
2026-03-13 20:45:00+00:00,71278.7,71413.7,71227.2,71359.9,501.973,2026-03-13 20:49:59.999000+00:00,35806546.2804,10570,234.705,16736577.0855
2026-03-13 20:50:00+00:00,71359.8,71426.5,71338.7,71357.1,218.419,2026-03-13 20:54:59.999000+00:00,15590468.1237,6709,85.622,6111774.9237
2026-03-13 20:55:00+00:00,71357.1,71357.1,71284.1,71307.4,157.172,2026-03-13 20:59:59.999000+00:00,11209707.7218,5443,67.244,4795960.3344
2026-03-13 21:00:00+00:00,71307.5,71449.8,71307.5,71420.1,300.051,2026-03-13 21:04:59.999000+00:00,21414852.329,7284,156.06,11140074.4708
2026-03-13 21:05:00+00:00,71420.0,71452.1,71395.7,71410.2,153.453,2026-03-13 21:09:59.999000+00:00,10960499.2852,5187,86.467,6176057.3557
2026-03-13 21:10:00+00:00,71410.3,71442.1,71316.2,71367.6,294.086,2026-03-13 21:14:59.999000+00:00,20993246.0479,6330,115.827,8269779.2759
2026-03-13 21:15:00+00:00,71367.7,71380.9,71343.4,71380.9,117.427,2026-03-13 21:19:59.999000+00:00,8380338.1509,3308,46.378,3309803.943
2026-03-13 21:20:00+00:00,71380.9,71380.9,71304.6,71348.8,156.38,2026-03-13 21:24:59.999000+00:00,11155009.4078,3125,67.888,4842133.7591
2026-03-13 21:25:00+00:00,71348.8,71348.8,71091.7,71124.0,663.273,2026-03-13 21:29:59.999000+00:00,47223020.3511,11230,190.345,13547682.3126
2026-03-13 21:30:00+00:00,71123.9,71196.5,71115.9,71143.4,404.614,2026-03-13 21:34:59.999000+00:00,28785503.5045,6976,258.124,18362025.9436
2026-03-13 21:35:00+00:00,71143.4,71280.8,71032.2,71074.6,687.063,2026-03-13 21:39:59.999000+00:00,48901266.2362,12754,381.75,27178222.043
2026-03-13 21:40:00+00:00,71074.5,71161.3,71021.2,71082.3,347.092,2026-03-13 21:44:59.999000+00:00,24672798.327,10639,150.883,10725638.883
2026-03-13 21:45:00+00:00,71082.3,71211.6,71082.3,71139.7,181.925,2026-03-13 21:49:59.999000+00:00,12945315.1605,11671,93.792,6673230.0694
2026-03-13 21:50:00+00:00,71139.8,71182.7,71125.8,71158.3,90.242,2026-03-13 21:54:59.999000+00:00,6420782.3623,5630,50.94,3624288.0656
2026-03-13 21:55:00+00:00,71158.2,71170.0,71060.4,71063.1,129.308,2026-03-13 21:59:59.999000+00:00,9195553.9888,5806,48.707,3463915.9985
2026-03-13 22:00:00+00:00,71063.1,71150.0,70638.0,70763.4,3562.263,2026-03-13 22:04:59.999000+00:00,252356993.0706,45540,1190.492,84310295.1633
2026-03-13 22:05:00+00:00,70763.5,70819.5,70714.0,70816.4,364.662,2026-03-13 22:09:59.999000+00:00,25811060.9125,10392,188.484,13340986.8984
2026-03-13 22:10:00+00:00,70816.4,70888.0,70800.0,70810.7,252.855,2026-03-13 22:14:59.999000+00:00,17912606.0479,7787,143.604,10173032.3103
2026-03-13 22:15:00+00:00,70810.8,70811.0,70568.0,70800.0,881.801,2026-03-13 22:19:59.999000+00:00,62335404.3233,20048,373.141,26380929.9028
2026-03-13 22:20:00+00:00,70799.9,70800.0,70600.4,70623.9,557.356,2026-03-13 22:24:59.999000+00:00,39388357.9678,15145,201.872,14264854.0825
2026-03-13 22:25:00+00:00,70623.8,70660.0,70600.8,70640.7,327.272,2026-03-13 22:29:59.999000+00:00,23116544.474,10626,147.582,10424264.7172
2026-03-13 22:30:00+00:00,70640.7,70671.8,70510.8,70665.3,1156.835,2026-03-13 22:34:59.999000+00:00,81652519.4466,23392,471.629,33290431.3885
2026-03-13 22:35:00+00:00,70665.3,70724.9,70595.3,70662.9,418.898,2026-03-13 22:39:59.999000+00:00,29597775.1862,14608,227.621,16084190.1357
2026-03-13 22:40:00+00:00,70662.9,70747.0,70658.0,70682.4,514.772,2026-03-13 22:44:59.999000+00:00,36400215.7202,13267,341.943,24179924.5193
2026-03-13 22:45:00+00:00,70682.4,70760.2,70636.3,70743.2,338.365,2026-03-13 22:49:59.999000+00:00,23921529.14,11575,220.634,15599143.092
2026-03-13 22:50:00+00:00,70743.3,70781.6,70667.3,70767.5,335.597,2026-03-13 22:54:59.999000+00:00,23735115.8107,10115,231.54,16376811.1854
2026-03-13 22:55:00+00:00,70767.5,70785.8,70740.2,70785.8,150.067,2026-03-13 22:59:59.999000+00:00,10619304.163,6369,87.384,6183560.5664
2026-03-13 23:00:00+00:00,70785.7,70785.8,70658.9,70737.4,349.203,2026-03-13 23:04:59.999000+00:00,24697536.9179,9195,142.116,10049320.3109
2026-03-13 23:05:00+00:00,70737.3,70795.9,70690.1,70747.7,288.252,2026-03-13 23:09:59.999000+00:00,20393865.3973,10365,151.924,10747812.3166
2026-03-13 23:10:00+00:00,70747.6,70787.7,70694.3,70777.0,675.578,2026-03-13 23:14:59.999000+00:00,47786554.5435,14084,523.465,37027373.0393
2026-03-13 23:15:00+00:00,70777.0,70888.0,70760.5,70862.4,390.341,2026-03-13 23:19:59.999000+00:00,27651906.0509,11947,228.432,16181305.4778
2026-03-13 23:20:00+00:00,70862.5,70871.4,70819.5,70850.6,219.863,2026-03-13 23:24:59.999000+00:00,15576056.7223,6956,126.432,8957070.6254
2026-03-13 23:25:00+00:00,70850.5,70982.9,70847.8,70859.6,818.35,2026-03-13 23:29:59.999000+00:00,58033667.5366,20228,446.208,31644222.6897
2026-03-13 23:30:00+00:00,70859.7,70895.3,70819.5,70859.0,397.14,2026-03-13 23:34:59.999000+00:00,28135047.4911,7962,292.443,20717268.1215
2026-03-13 23:35:00+00:00,70859.0,70929.4,70859.0,70867.9,244.018,2026-03-13 23:39:59.999000+00:00,17300496.8167,5993,105.674,7491521.4707
2026-03-13 23:40:00+00:00,70867.9,70930.7,70867.9,70906.4,395.051,2026-03-13 23:44:59.999000+00:00,28009154.4063,8840,256.297,18170901.2963
2026-03-13 23:45:00+00:00,70906.3,70959.3,70878.3,70881.4,536.458,2026-03-13 23:49:59.999000+00:00,38049376.9235,10662,157.169,11147974.9833
2026-03-13 23:50:00+00:00,70881.4,70913.0,70866.6,70901.6,129.669,2026-03-13 23:54:59.999000+00:00,9192516.3181,4122,62.286,4415558.5023
2026-03-13 23:55:00+00:00,70901.7,70927.2,70889.8,70895.5,113.798,2026-03-13 23:59:59.999000+00:00,8069664.049,3786,59.954,4251471.668
2026-03-14 00:00:00+00:00,70895.5,70895.5,70708.9,70768.7,740.316,2026-03-14 00:04:59.999000+00:00,52399517.7133,18419,290.691,20573370.1396
2026-03-14 00:05:00+00:00,70768.6,70809.2,70749.0,70809.1,159.744,2026-03-14 00:09:59.999000+00:00,11305621.561,7301,77.567,5489813.15
2026-03-14 00:10:00+00:00,70809.2,70860.1,70783.2,70859.2,194.558,2026-03-14 00:14:59.999000+00:00,13777539.5947,7991,116.941,8281442.5651
2026-03-14 00:15:00+00:00,70859.3,70880.7,70810.0,70863.4,154.55,2026-03-14 00:19:59.999000+00:00,10948431.3999,6019,74.855,5302951.5351
2026-03-14 00:20:00+00:00,70863.3,70920.0,70840.1,70842.0,363.91,2026-03-14 00:24:59.999000+00:00,25797247.3992,8764,196.82,13953113.458
2026-03-14 00:25:00+00:00,70842.0,70872.8,70750.0,70872.8,300.269,2026-03-14 00:29:59.999000+00:00,21255044.8086,7443,190.102,13456691.4658
2026-03-14 00:30:00+00:00,70872.8,70889.7,70804.2,70863.7,159.662,2026-03-14 00:34:59.999000+00:00,11312864.2,6902,101.033,7158850.3398
2026-03-14 00:35:00+00:00,70863.7,70890.7,70753.3,70758.8,257.6,2026-03-14 00:39:59.999000+00:00,18250608.6234,7716,105.618,7484305.4643
2026-03-14 00:40:00+00:00,70758.8,70795.6,70520.9,70532.9,1973.565,2026-03-14 00:44:59.999000+00:00,139375526.7107,19714,832.32,58782944.7809
2026-03-14 00:45:00+00:00,70532.9,70658.1,70520.5,70550.0,708.142,2026-03-14 00:49:59.999000+00:00,49977824.6247,18201,410.628,28980919.3568
2026-03-14 00:50:00+00:00,70550.0,70628.3,70545.4,70619.5,445.162,2026-03-14 00:54:59.999000+00:00,31424081.6534,11334,278.074,19629590.6878
2026-03-14 00:55:00+00:00,70619.4,70679.0,70600.0,70600.0,221.873,2026-03-14 00:59:59.999000+00:00,15674368.9532,6933,115.959,8192272.3857
2026-03-14 01:00:00+00:00,70600.0,70730.0,70600.0,70712.0,260.442,2026-03-14 01:04:59.999000+00:00,18405883.3949,8427,158.419,11195191.5448
2026-03-14 01:05:00+00:00,70712.0,70723.8,70676.6,70723.7,189.373,2026-03-14 01:09:59.999000+00:00,13388760.7784,5162,124.905,8830899.6962
2026-03-14 01:10:00+00:00,70723.7,70737.8,70625.3,70656.7,278.302,2026-03-14 01:14:59.999000+00:00,19665212.9241,7742,113.787,8040695.703
2026-03-14 01:15:00+00:00,70656.7,70729.4,70656.6,70729.3,145.006,2026-03-14 01:19:59.999000+00:00,10250984.3159,4568,101.857,7200819.9086
2026-03-14 01:20:00+00:00,70729.4,70762.8,70719.7,70762.7,124.049,2026-03-14 01:24:59.999000+00:00,8775826.7029,4472,83.01,5872527.9173
2026-03-14 01:25:00+00:00,70762.8,70771.8,70727.3,70750.6,150.304,2026-03-14 01:29:59.999000+00:00,10634773.1092,4597,77.616,5491735.7631
2026-03-14 01:30:00+00:00,70750.6,70780.4,70640.7,70665.0,327.516,2026-03-14 01:34:59.999000+00:00,23156816.0633,8536,97.686,6908719.4247
2026-03-14 01:35:00+00:00,70665.0,70704.2,70436.2,70666.6,2150.542,2026-03-14 01:39:59.999000+00:00,151724658.6668,33305,924.626,65248919.5443
2026-03-14 01:40:00+00:00,70666.5,70801.8,70659.3,70780.0,635.061,2026-03-14 01:44:59.999000+00:00,44936895.5631,14592,393.729,27859602.8565
2026-03-14 01:45:00+00:00,70780.0,70854.3,70773.7,70848.1,290.805,2026-03-14 01:49:59.999000+00:00,20594181.4287,7322,164.336,11638320.9796
2026-03-14 01:50:00+00:00,70848.0,70863.6,70806.6,70863.5,286.393,2026-03-14 01:54:59.999000+00:00,20286076.9436,7727,135.829,9621568.4247
2026-03-14 01:55:00+00:00,70863.6,70872.5,70790.3,70790.3,171.949,2026-03-14 01:59:59.999000+00:00,12178374.5071,5789,73.919,5235450.7714
2026-03-14 02:00:00+00:00,70790.3,70840.0,70747.3,70839.9,162.073,2026-03-14 02:04:59.999000+00:00,11470392.6092,7023,78.643,5565946.8314
2026-03-14 02:05:00+00:00,70840.0,70870.0,70782.8,70815.2,367.969,2026-03-14 02:09:59.999000+00:00,26067167.1282,6286,295.13,20908146.8179
2026-03-14 02:10:00+00:00,70815.2,70816.0,70775.9,70816.0,129.243,2026-03-14 02:14:59.999000+00:00,9149582.6061,5327,59.562,4216549.5913
2026-03-14 02:15:00+00:00,70816.0,70847.6,70779.8,70819.0,145.446,2026-03-14 02:19:59.999000+00:00,10298334.441,4176,89.738,6353567.3113
2026-03-14 02:20:00+00:00,70818.9,70818.9,70741.9,70815.4,173.187,2026-03-14 02:24:59.999000+00:00,12259174.3037,7621,67.231,4759218.6274
2026-03-14 02:25:00+00:00,70815.5,70815.5,70743.5,70767.2,306.855,2026-03-14 02:29:59.999000+00:00,21712534.3899,3465,240.93,17046864.8247
2026-03-14 02:30:00+00:00,70767.2,70783.2,70703.8,70783.2,162.407,2026-03-14 02:34:59.999000+00:00,11487065.4075,6443,70.715,5001961.2279
2026-03-14 02:35:00+00:00,70783.2,70802.8,70690.1,70740.1,161.932,2026-03-14 02:39:59.999000+00:00,11454709.9911,5987,73.792,5220090.0634
2026-03-14 02:40:00+00:00,70740.0,70767.9,70712.5,70731.5,92.715,2026-03-14 02:44:59.999000+00:00,6558474.803,3786,48.149,3406057.6562
2026-03-14 02:45:00+00:00,70731.4,70750.2,70693.0,70750.2,122.667,2026-03-14 02:49:59.999000+00:00,8674158.8244,3872,63.747,4507874.6233
2026-03-14 02:50:00+00:00,70750.2,70825.2,70718.0,70735.7,253.109,2026-03-14 02:54:59.999000+00:00,17915763.8309,7127,143.513,10158335.9542
2026-03-14 02:55:00+00:00,70735.7,70837.3,70735.6,70749.2,277.021,2026-03-14 02:59:59.999000+00:00,19611261.3703,7755,147.403,10435780.0361
2026-03-14 03:00:00+00:00,70749.2,70847.3,70749.2,70847.2,496.134,2026-03-14 03:04:59.999000+00:00,35136449.2618,11965,324.837,23005414.6744
2026-03-14 03:05:00+00:00,70847.3,70971.3,70847.2,70965.6,591.887,2026-03-14 03:09:59.999000+00:00,41978148.6634,13968,370.097,26245745.481
2026-03-14 03:10:00+00:00,70965.6,70971.0,70927.0,70958.7,390.752,2026-03-14 03:14:59.999000+00:00,27722344.3864,6700,280.768,19919433.3628
2026-03-14 03:15:00+00:00,70958.8,71099.0,70943.7,70964.8,996.626,2026-03-14 03:19:59.999000+00:00,70784597.5977,21633,494.275,35102795.0123
2026-03-14 03:20:00+00:00,70964.8,70982.0,70916.8,70982.0,412.14,2026-03-14 03:24:59.999000+00:00,29237466.8646,7317,274.1,19444850.7924
2026-03-14 03:25:00+00:00,70982.0,71044.5,70981.7,71000.4,266.12,2026-03-14 03:29:59.999000+00:00,18897349.1288,6880,174.64,12401262.1326
2026-03-14 03:30:00+00:00,71000.5,71141.7,71000.4,71100.1,554.401,2026-03-14 03:34:59.999000+00:00,39403914.3774,13985,357.117,25382070.6605
2026-03-14 03:35:00+00:00,71100.1,71120.0,71032.0,71111.8,363.99,2026-03-14 03:39:59.999000+00:00,25867063.8899,8531,207.158,14721438.1133
2026-03-14 03:40:00+00:00,71111.8,71132.3,71084.3,71106.2,297.696,2026-03-14 03:44:59.999000+00:00,21169630.2507,7082,156.351,11118184.7425
2026-03-14 03:45:00+00:00,71106.1,71111.1,71031.3,71049.9,237.08,2026-03-14 03:49:59.999000+00:00,16846836.3113,6848,104.727,7440912.9835
2026-03-14 03:50:00+00:00,71050.0,71055.1,71027.0,71050.0,139.476,2026-03-14 03:54:59.999000+00:00,9907930.5695,3436,63.232,4491692.0951
2026-03-14 03:55:00+00:00,71050.0,71050.0,71005.1,71034.3,121.279,2026-03-14 03:59:59.999000+00:00,8613851.1565,3537,50.048,3554551.742
2026-03-14 04:00:00+00:00,71034.3,71135.9,71020.0,71095.4,279.865,2026-03-14 04:04:59.999000+00:00,19888182.7879,8703,153.624,10918522.4536
2026-03-14 04:05:00+00:00,71095.4,71166.8,71066.4,71147.6,350.06,2026-03-14 04:09:59.999000+00:00,24897046.271,9331,235.133,16723246.401
2026-03-14 04:10:00+00:00,71147.5,71177.0,71127.1,71150.1,224.213,2026-03-14 04:14:59.999000+00:00,15952080.1614,5977,123.495,8786528.6555
2026-03-14 04:15:00+00:00,71150.1,71168.0,71052.4,71099.8,324.672,2026-03-14 04:19:59.999000+00:00,23079614.4754,8689,94.533,6719800.5571
2026-03-14 04:20:00+00:00,71099.8,71100.0,71057.5,71089.3,222.672,2026-03-14 04:24:59.999000+00:00,15827992.1655,5328,103.426,7352006.267
2026-03-14 04:25:00+00:00,71089.2,71154.9,71088.2,71151.8,185.295,2026-03-14 04:29:59.999000+00:00,13177689.7761,4656,103.18,7337814.7817
2026-03-14 04:30:00+00:00,71151.9,71179.4,71080.1,71166.8,393.554,2026-03-14 04:34:59.999000+00:00,27983955.2601,7371,285.335,20287506.9164
2026-03-14 04:35:00+00:00,71166.7,71266.0,71162.0,71220.1,667.545,2026-03-14 04:39:59.999000+00:00,47540727.0172,11767,471.299,33565603.133
2026-03-14 04:40:00+00:00,71220.0,71272.3,71203.9,71236.6,243.429,2026-03-14 04:44:59.999000+00:00,17340741.531,5979,146.586,10442357.7267
2026-03-14 04:45:00+00:00,71236.6,71249.8,71196.9,71249.8,200.696,2026-03-14 04:49:59.999000+00:00,14292612.9004,5491,121.465,8650070.3468
2026-03-14 04:50:00+00:00,71249.8,71269.3,71015.3,71045.8,575.424,2026-03-14 04:54:59.999000+00:00,40919761.9114,15627,173.329,12326893.5395
2026-03-14 04:55:00+00:00,71045.7,71068.1,70977.0,70996.3,349.356,2026-03-14 04:59:59.999000+00:00,24806830.2801,8330,127.025,9019899.5196
2026-03-14 05:00:00+00:00,70996.3,71044.7,70979.8,70979.8,293.783,2026-03-14 05:04:59.999000+00:00,20862548.1573,8008,141.411,10041873.2384
2026-03-14 05:05:00+00:00,70979.8,71086.9,70935.4,71064.1,353.254,2026-03-14 05:09:59.999000+00:00,25081626.1393,9314,140.474,9976979.9133
2026-03-14 05:10:00+00:00,71064.1,71096.4,71044.2,71070.1,167.404,2026-03-14 05:14:59.999000+00:00,11896716.2432,4632,67.81,4818918.7107
2026-03-14 05:15:00+00:00,71070.1,71075.1,71013.5,71075.0,198.193,2026-03-14 05:19:59.999000+00:00,14082414.5587,5004,86.039,6113469.926
2026-03-14 05:20:00+00:00,71075.1,71119.0,71056.8,71062.0,246.781,2026-03-14 05:24:59.999000+00:00,17541849.2299,5898,91.118,6477305.7379
2026-03-14 05:25:00+00:00,71062.0,71105.9,71062.0,71076.3,116.963,2026-03-14 05:29:59.999000+00:00,8314018.4263,3568,70.026,4977478.1656
2026-03-14 05:30:00+00:00,71076.2,71082.9,70911.1,70925.3,342.366,2026-03-14 05:34:59.999000+00:00,24305327.166,9084,95.118,6751713.211
2026-03-14 05:35:00+00:00,70925.4,70971.4,70871.1,70962.8,273.965,2026-03-14 05:39:59.999000+00:00,19430077.3551,9195,107.281,7609211.6213
2026-03-14 05:40:00+00:00,70962.9,70964.1,70902.9,70962.1,252.144,2026-03-14 05:44:59.999000+00:00,17887742.792,5376,69.308,4916670.6755
2026-03-14 05:45:00+00:00,70962.1,70985.3,70935.2,70983.1,277.911,2026-03-14 05:49:59.999000+00:00,19720156.1258,5622,113.077,8023690.9127
2026-03-14 05:50:00+00:00,70983.1,71004.8,70952.6,70969.9,135.064,2026-03-14 05:54:59.999000+00:00,9586731.3076,5018,65.016,4614813.0919
2026-03-14 05:55:00+00:00,70969.8,70986.0,70957.3,70980.7,87.85,2026-03-14 05:59:59.999000+00:00,6234474.4546,2977,43.468,3084903.5011
2026-03-14 06:00:00+00:00,70980.7,70980.7,70882.3,70882.4,178.531,2026-03-14 06:04:59.999000+00:00,12662008.5846,6738,56.383,3998792.9989
2026-03-14 06:05:00+00:00,70882.4,70924.1,70882.3,70902.9,196.551,2026-03-14 06:09:59.999000+00:00,13936451.469,4685,76.984,5458334.7472
2026-03-14 06:10:00+00:00,70902.8,70902.9,70858.6,70883.1,443.573,2026-03-14 06:14:59.999000+00:00,31439386.9574,5503,283.49,20092684.7536
2026-03-14 06:15:00+00:00,70883.1,70883.2,70750.0,70790.1,815.506,2026-03-14 06:19:59.999000+00:00,57742710.0561,15578,239.0,16919978.1602
2026-03-14 06:20:00+00:00,70790.1,70833.1,70731.4,70754.3,379.752,2026-03-14 06:24:59.999000+00:00,26877483.9763,9931,139.158,9849499.5997
2026-03-14 06:25:00+00:00,70754.3,70761.8,70643.1,70669.9,915.782,2026-03-14 06:29:59.999000+00:00,64730778.6758,14241,236.633,16726108.3282
2026-03-14 06:30:00+00:00,70669.8,70709.2,70587.0,70621.1,490.346,2026-03-14 06:34:59.999000+00:00,34640137.23,13274,196.218,13862712.0759
2026-03-14 06:35:00+00:00,70621.1,70685.4,70476.0,70500.1,1385.72,2026-03-14 06:39:59.999000+00:00,97760993.4266,21099,407.367,28740193.8541
2026-03-14 06:40:00+00:00,70500.1,70571.5,70256.0,70420.6,2186.24,2026-03-14 06:44:59.999000+00:00,153896333.6859,39717,750.159,52810998.5533
2026-03-14 06:45:00+00:00,70420.7,70650.0,70383.2,70594.3,2123.977,2026-03-14 06:49:59.999000+00:00,149844600.0752,36722,1589.514,112140153.7172
2026-03-14 06:50:00+00:00,70594.3,70644.5,70580.0,70580.0,392.696,2026-03-14 06:54:59.999000+00:00,27728695.8042,10974,238.586,16847231.6003
2026-03-14 06:55:00+00:00,70580.0,70655.0,70578.1,70591.9,292.575,2026-03-14 06:59:59.999000+00:00,20661609.8159,8809,153.825,10863144.0764
2026-03-14 07:00:00+00:00,70591.9,70676.8,70557.4,70622.6,433.142,2026-03-14 07:04:59.999000+00:00,30583950.0526,11236,270.822,19124884.7051
2026-03-14 07:05:00+00:00,70622.7,70661.7,70556.3,70650.3,259.79,2026-03-14 07:09:59.999000+00:00,18342391.4966,9208,150.404,10620657.3097
2026-03-14 07:10:00+00:00,70650.3,70686.4,70625.3,70667.7,270.509,2026-03-14 07:14:59.999000+00:00,19115889.238,8933,132.704,9378119.6993
2026-03-14 07:15:00+00:00,70667.7,70668.2,70618.3,70635.1,125.73,2026-03-14 07:19:59.999000+00:00,8882314.0164,4442,49.204,3475931.4704
2026-03-14 07:20:00+00:00,70635.1,70635.1,70507.5,70549.9,374.312,2026-03-14 07:24:59.999000+00:00,26410706.1451,9084,148.799,10498764.1209
2026-03-14 07:25:00+00:00,70549.9,70649.6,70549.9,70649.6,167.979,2026-03-14 07:29:59.999000+00:00,11858739.9248,5719,111.974,7904587.9513
2026-03-14 07:30:00+00:00,70649.6,70706.0,70623.0,70632.7,261.836,2026-03-14 07:34:59.999000+00:00,18504980.2293,7616,133.53,9437381.4677
2026-03-14 07:35:00+00:00,70632.8,70632.8,70483.0,70548.7,389.09,2026-03-14 07:39:59.999000+00:00,27448595.244,10501,169.412,11948694.0963
2026-03-14 07:40:00+00:00,70548.7,70548.7,70444.0,70509.2,452.238,2026-03-14 07:44:59.999000+00:00,31879444.0258,10246,162.745,11474612.7913
2026-03-14 07:45:00+00:00,70509.3,70510.3,70444.0,70493.7,452.443,2026-03-14 07:49:59.999000+00:00,31887533.0007,10176,156.161,11007027.4667
2026-03-14 07:50:00+00:00,70493.7,70564.8,70479.1,70481.0,502.638,2026-03-14 07:54:59.999000+00:00,35444695.3971,9479,216.522,15270392.1652
2026-03-14 07:55:00+00:00,70481.1,70593.9,70481.0,70565.6,516.324,2026-03-14 07:59:59.999000+00:00,36429936.8606,6668,161.967,11426651.2741
2026-03-14 08:00:00+00:00,70565.6,70591.1,70524.7,70585.0,184.743,2026-03-14 08:04:59.999000+00:00,13035606.8709,6164,93.551,6601455.6987
2026-03-14 08:05:00+00:00,70584.9,70647.8,70584.9,70588.0,294.487,2026-03-14 08:09:59.999000+00:00,20795749.0723,7936,147.011,10381515.2425
2026-03-14 08:10:00+00:00,70587.9,70672.0,70587.9,70661.9,187.707,2026-03-14 08:14:59.999000+00:00,13258030.9028,5503,118.109,8342368.537
2026-03-14 08:15:00+00:00,70661.8,70672.9,70557.7,70575.4,172.334,2026-03-14 08:19:59.999000+00:00,12169947.828,5905,65.048,4593830.882
2026-03-14 08:20:00+00:00,70575.3,70650.0,70550.0,70632.2,176.98,2026-03-14 08:24:59.999000+00:00,12494641.1908,6070,117.52,8296390.8519
2026-03-14 08:25:00+00:00,70632.2,70653.0,70610.5,70636.9,140.671,2026-03-14 08:29:59.999000+00:00,9936042.6587,4377,59.476,4200758.6969
2026-03-14 08:30:00+00:00,70636.9,70652.4,70589.6,70643.7,84.597,2026-03-14 08:34:59.999000+00:00,5974600.9085,4316,47.707,3369413.4652
2026-03-14 08:35:00+00:00,70643.8,70643.8,70542.4,70574.2,203.258,2026-03-14 08:39:59.999000+00:00,14348269.5706,7371,94.192,6648428.8664
2026-03-14 08:40:00+00:00,70574.2,70582.2,70516.1,70519.4,198.379,2026-03-14 08:44:59.999000+00:00,13994266.5351,5919,67.212,4742051.2426
2026-03-14 08:45:00+00:00,70519.5,70561.3,70514.0,70514.0,205.852,2026-03-14 08:49:59.999000+00:00,14519579.7306,5367,114.213,8055819.6376
2026-03-14 08:50:00+00:00,70514.1,70557.2,70495.0,70553.1,229.27,2026-03-14 08:54:59.999000+00:00,16167052.7494,5322,110.164,7768246.7948
2026-03-14 08:55:00+00:00,70553.1,70560.1,70525.4,70550.6,210.791,2026-03-14 08:59:59.999000+00:00,14870722.0577,4541,74.198,5234073.5754
2026-03-14 09:00:00+00:00,70550.6,70649.4,70522.2,70645.1,276.746,2026-03-14 09:04:59.999000+00:00,19532209.6683,7307,183.985,12985242.8692
2026-03-14 09:05:00+00:00,70645.1,70681.0,70626.5,70661.1,198.489,2026-03-14 09:09:59.999000+00:00,14023416.4805,6015,130.372,9211049.3213
2026-03-14 09:10:00+00:00,70661.1,70665.1,70626.5,70665.1,139.235,2026-03-14 09:14:59.999000+00:00,9835815.1161,4170,65.455,4624116.7516
2026-03-14 09:15:00+00:00,70665.0,70707.0,70588.0,70668.6,527.608,2026-03-14 09:19:59.999000+00:00,37278220.8098,8620,268.604,18977411.8981
2026-03-14 09:20:00+00:00,70668.6,70668.7,70613.8,70659.0,129.881,2026-03-14 09:24:59.999000+00:00,9174215.4554,3768,56.744,4007860.2594
2026-03-14 09:25:00+00:00,70659.1,70669.8,70613.5,70649.6,271.06,2026-03-14 09:29:59.999000+00:00,19148025.7318,5488,159.423,11261201.4091
2026-03-14 09:30:00+00:00,70649.6,70649.6,70494.4,70546.3,475.293,2026-03-14 09:34:59.999000+00:00,33537511.6633,8164,102.952,7265075.7956
2026-03-14 09:35:00+00:00,70546.4,70595.1,70521.0,70586.5,417.356,2026-03-14 09:39:59.999000+00:00,29446745.0476,7652,163.865,11561511.4506
2026-03-14 09:40:00+00:00,70586.4,70586.4,70560.0,70582.5,40.886,2026-03-14 09:44:59.999000+00:00,2885376.8302,1892,23.61,1666200.1147
2026-03-14 09:45:00+00:00,70582.4,70582.5,70360.0,70414.6,736.811,2026-03-14 09:49:59.999000+00:00,51891772.5116,17069,262.455,18482777.8263
2026-03-14 09:50:00+00:00,70414.5,70583.6,70414.5,70472.2,649.134,2026-03-14 09:54:59.999000+00:00,45766574.6259,12614,441.106,31100984.4256
2026-03-14 09:55:00+00:00,70472.2,70517.2,70472.1,70474.7,150.281,2026-03-14 09:59:59.999000+00:00,10594451.185,4948,74.855,5277170.8371
2026-03-14 10:00:00+00:00,70474.7,70509.0,70446.2,70480.6,301.994,2026-03-14 10:04:59.999000+00:00,21286328.0732,7073,74.51,5251573.6453
2026-03-14 10:05:00+00:00,70480.5,70525.0,70480.0,70499.2,127.365,2026-03-14 10:09:59.999000+00:00,8979531.454,4287,61.549,4339357.3295
2026-03-14 10:10:00+00:00,70499.2,70530.0,70438.3,70510.1,291.584,2026-03-14 10:14:59.999000+00:00,20555815.6046,5852,53.466,3768908.0233
2026-03-14 10:15:00+00:00,70510.0,70510.1,70420.8,70432.9,186.146,2026-03-14 10:19:59.999000+00:00,13114320.2525,6622,65.175,4591855.9599
2026-03-14 10:20:00+00:00,70432.9,70459.5,70410.0,70425.1,153.925,2026-03-14 10:24:59.999000+00:00,10841590.8204,4928,83.792,5901828.2952
2026-03-14 10:25:00+00:00,70425.0,70450.1,70384.4,70431.9,350.853,2026-03-14 10:29:59.999000+00:00,24706857.6387,7039,159.136,11206422.3349
2026-03-14 10:30:00+00:00,70432.0,70453.8,70350.0,70444.3,515.383,2026-03-14 10:34:59.999000+00:00,36284850.5168,11321,253.779,17864626.3944
2026-03-14 10:35:00+00:00,70444.3,70450.2,70398.0,70450.2,223.194,2026-03-14 10:39:59.999000+00:00,15717292.9164,6706,126.333,8896185.8461
2026-03-14 10:40:00+00:00,70450.2,70518.6,70441.1,70479.8,354.819,2026-03-14 10:44:59.999000+00:00,25010301.7119,8723,168.545,11880449.9487
2026-03-14 10:45:00+00:00,70479.7,70508.4,70479.7,70500.0,198.375,2026-03-14 10:49:59.999000+00:00,13985808.2083,3078,50.669,3571845.8447
2026-03-14 10:50:00+00:00,70500.0,70525.0,70494.9,70525.0,140.526,2026-03-14 10:54:59.999000+00:00,9909024.106,3114,91.332,6440138.5305
2026-03-14 10:55:00+00:00,70525.0,70550.7,70505.6,70531.8,145.963,2026-03-14 10:59:59.999000+00:00,10294401.2053,4552,97.542,6879297.8191
2026-03-14 11:00:00+00:00,70531.8,70628.4,70521.5,70609.2,354.176,2026-03-14 11:04:59.999000+00:00,24995207.5339,9683,232.553,16411781.7093
2026-03-14 11:05:00+00:00,70609.2,70666.4,70606.1,70647.5,304.978,2026-03-14 11:09:59.999000+00:00,21541716.299,7952,154.371,10903822.009
2026-03-14 11:10:00+00:00,70647.5,70650.0,70599.9,70630.0,205.101,2026-03-14 11:14:59.999000+00:00,14484860.1756,4298,129.737,9162255.4256
2026-03-14 11:15:00+00:00,70630.1,70671.2,70626.6,70626.6,200.159,2026-03-14 11:19:59.999000+00:00,14140311.6512,4552,129.654,9159639.9376
2026-03-14 11:20:00+00:00,70626.7,70658.1,70614.5,70629.9,146.778,2026-03-14 11:24:59.999000+00:00,10366927.4715,3734,62.786,4434787.2859
2026-03-14 11:25:00+00:00,70630.0,70684.7,70629.4,70638.9,217.235,2026-03-14 11:29:59.999000+00:00,15350377.2975,5676,140.386,9920064.4406
2026-03-14 11:30:00+00:00,70638.9,70650.0,70590.0,70649.9,180.963,2026-03-14 11:34:59.999000+00:00,12778693.0569,5331,98.698,6969938.7194
2026-03-14 11:35:00+00:00,70650.0,70675.1,70642.5,70668.8,105.255,2026-03-14 11:39:59.999000+00:00,7436582.0155,3111,62.098,4387397.5015
2026-03-14 11:40:00+00:00,70668.8,70699.4,70651.9,70666.9,162.911,2026-03-14 11:44:59.999000+00:00,11513919.445,4507,104.442,7381865.2495
2026-03-14 11:45:00+00:00,70667.0,70721.0,70666.9,70698.9,271.905,2026-03-14 11:49:59.999000+00:00,19222801.426,7225,186.654,13195932.3252
2026-03-14 11:50:00+00:00,70699.0,70745.1,70683.9,70692.1,232.263,2026-03-14 11:54:59.999000+00:00,16425603.401,5689,140.835,9959962.7937
2026-03-14 11:55:00+00:00,70692.1,70705.0,70657.9,70705.0,130.418,2026-03-14 11:59:59.999000+00:00,9217331.3434,3723,70.169,4959467.739
2026-03-14 12:00:00+00:00,70705.0,70800.0,70695.9,70739.7,571.814,2026-03-14 12:04:59.999000+00:00,40462374.7172,12392,363.586,25727423.8843
2026-03-14 12:05:00+00:00,70739.7,70757.8,70708.2,70708.3,222.978,2026-03-14 12:09:59.999000+00:00,15772434.6704,5461,91.655,6483449.9473
2026-03-14 12:10:00+00:00,70708.2,70715.2,70655.7,70714.0,272.975,2026-03-14 12:14:59.999000+00:00,19296418.806,6857,92.977,6572671.617
2026-03-14 12:15:00+00:00,70714.0,70714.0,70668.0,70688.9,171.652,2026-03-14 12:19:59.999000+00:00,12132775.0645,4531,51.952,3671981.8256
2026-03-14 12:20:00+00:00,70688.8,70727.7,70688.0,70724.9,135.048,2026-03-14 12:24:59.999000+00:00,9549089.3404,4352,62.226,4399993.5877
2026-03-14 12:25:00+00:00,70724.9,70729.9,70665.0,70677.8,141.555,2026-03-14 12:29:59.999000+00:00,10007451.0235,3842,34.683,2452163.6857
2026-03-14 12:30:00+00:00,70677.8,70707.1,70635.7,70675.5,189.901,2026-03-14 12:34:59.999000+00:00,13420367.2176,5165,75.739,5352558.7251
2026-03-14 12:35:00+00:00,70675.5,70675.5,70568.0,70599.9,290.099,2026-03-14 12:39:59.999000+00:00,20480357.0703,6998,111.29,7856596.089
2026-03-14 12:40:00+00:00,70600.0,70637.6,70583.9,70601.5,145.513,2026-03-14 12:44:59.999000+00:00,10274805.7535,4874,75.067,5300536.951
2026-03-14 12:45:00+00:00,70601.5,70700.0,70601.5,70690.1,213.584,2026-03-14 12:49:59.999000+00:00,15093669.3209,4550,112.454,7946559.2011
2026-03-14 12:50:00+00:00,70690.1,70718.3,70620.7,70703.4,276.075,2026-03-14 12:54:59.999000+00:00,19509767.0909,6429,91.581,6473724.7686
2026-03-14 12:55:00+00:00,70703.4,70750.0,70663.8,70733.4,346.29,2026-03-14 12:59:59.999000+00:00,24486328.6289,5945,247.551,17504825.6782
2026-03-14 13:00:00+00:00,70733.5,70742.9,70682.0,70728.3,217.752,2026-03-14 13:04:59.999000+00:00,15396534.9232,6958,116.733,8253727.7053
2026-03-14 13:05:00+00:00,70728.2,70750.2,70661.0,70712.2,459.54,2026-03-14 13:09:59.999000+00:00,32492172.7995,8101,286.825,20281525.3097
2026-03-14 13:10:00+00:00,70712.0,70733.3,70683.3,70720.9,107.489,2026-03-14 13:14:59.999000+00:00,7600411.106,3260,62.659,4430604.5741
2026-03-14 13:15:00+00:00,70720.7,70900.0,70718.7,70876.5,762.579,2026-03-14 13:19:59.999000+00:00,54004591.8196,14137,483.519,34245523.2862
2026-03-14 13:20:00+00:00,70876.5,70881.9,70825.8,70878.1,351.091,2026-03-14 13:24:59.999000+00:00,24876537.9537,7728,195.58,13857871.7942
2026-03-14 13:25:00+00:00,70878.0,70882.8,70841.7,70870.4,299.927,2026-03-14 13:29:59.999000+00:00,21252185.2757,4881,206.291,14617336.8221
2026-03-14 13:30:00+00:00,70870.4,70878.1,70828.1,70878.1,209.092,2026-03-14 13:34:59.999000+00:00,14814324.3624,5231,118.344,8385195.9251
2026-03-14 13:35:00+00:00,70878.1,70878.1,70818.0,70835.2,269.133,2026-03-14 13:39:59.999000+00:00,19063937.3134,5677,89.833,6362881.8401
2026-03-14 13:40:00+00:00,70835.2,70841.6,70818.9,70828.7,83.279,2026-03-14 13:44:59.999000+00:00,5898822.4962,2868,37.975,2689814.0581
2026-03-14 13:45:00+00:00,70828.7,70828.7,70750.0,70785.3,242.849,2026-03-14 13:49:59.999000+00:00,17190896.8677,5619,113.998,8069691.2678
2026-03-14 13:50:00+00:00,70785.3,70814.1,70755.0,70814.1,178.005,2026-03-14 13:54:59.999000+00:00,12598753.2823,4884,94.836,6712332.8043
2026-03-14 13:55:00+00:00,70814.0,70899.0,70798.0,70813.4,315.646,2026-03-14 13:59:59.999000+00:00,22361974.5682,7329,222.632,15773698.0024
2026-03-14 14:00:00+00:00,70813.3,70914.6,70813.3,70901.7,480.741,2026-03-14 14:04:59.999000+00:00,34067646.0296,8190,244.13,17301973.7153
2026-03-14 14:05:00+00:00,70901.6,70901.7,70748.2,70748.2,261.28,2026-03-14 14:09:59.999000+00:00,18511631.8996,7889,77.446,5488033.5986
2026-03-14 14:10:00+00:00,70748.2,70761.6,70680.1,70702.6,481.963,2026-03-14 14:14:59.999000+00:00,34084544.5275,12012,157.112,11110875.1445
2026-03-14 14:15:00+00:00,70702.5,70743.4,70651.0,70721.4,241.55,2026-03-14 14:19:59.999000+00:00,17077259.5871,8159,119.072,8418594.4754
2026-03-14 14:20:00+00:00,70721.4,70779.3,70721.4,70736.5,110.625,2026-03-14 14:24:59.999000+00:00,7826594.169,4283,60.899,4308640.6066
2026-03-14 14:25:00+00:00,70736.6,70784.9,70736.5,70784.9,78.505,2026-03-14 14:29:59.999000+00:00,5555206.2173,3203,45.404,3212882.9456
2026-03-14 14:30:00+00:00,70784.9,70803.3,70693.9,70738.5,114.074,2026-03-14 14:34:59.999000+00:00,8069898.861,5457,46.752,3307787.9261
2026-03-14 14:35:00+00:00,70738.5,70747.8,70677.5,70685.0,166.456,2026-03-14 14:39:59.999000+00:00,11770096.1723,5151,53.368,3773528.8694
2026-03-14 14:40:00+00:00,70684.9,70700.1,70537.4,70569.8,621.154,2026-03-14 14:44:59.999000+00:00,43851645.6483,12814,204.8,14457338.5653
2026-03-14 14:45:00+00:00,70569.9,70623.6,70563.8,70618.7,241.268,2026-03-14 14:49:59.999000+00:00,17033448.3152,6843,146.844,10367048.8745
2026-03-14 14:50:00+00:00,70618.8,70634.5,70604.7,70617.9,110.954,2026-03-14 14:54:59.999000+00:00,7835373.0943,3691,48.781,3444802.3042
2026-03-14 14:55:00+00:00,70617.8,70633.1,70532.3,70566.8,301.071,2026-03-14 14:59:59.999000+00:00,21247045.9552,6777,131.443,9275486.5842
2026-03-14 15:00:00+00:00,70566.8,70692.5,70525.8,70623.6,501.328,2026-03-14 15:04:59.999000+00:00,35398145.7752,12068,202.631,14309129.5082
2026-03-14 15:05:00+00:00,70623.6,70634.7,70581.4,70630.7,107.984,2026-03-14 15:09:59.999000+00:00,7624775.5364,4038,54.198,3827110.415
2026-03-14 15:10:00+00:00,70630.7,70637.2,70602.1,70616.7,86.141,2026-03-14 15:14:59.999000+00:00,6083294.5674,3448,49.186,3473502.9542
2026-03-14 15:15:00+00:00,70616.7,70689.6,70616.7,70663.9,141.674,2026-03-14 15:19:59.999000+00:00,10009433.2004,5211,96.762,6836299.4763
2026-03-14 15:20:00+00:00,70663.9,70695.7,70629.9,70644.4,114.7,2026-03-14 15:24:59.999000+00:00,8105439.5047,3494,51.282,3624177.587
2026-03-14 15:25:00+00:00,70644.5,70672.6,70583.4,70630.1,374.56,2026-03-14 15:29:59.999000+00:00,26458849.7861,7736,165.528,11693962.3023
2026-03-14 15:30:00+00:00,70630.1,70630.1,70444.1,70533.0,851.136,2026-03-14 15:34:59.999000+00:00,60031416.3539,15025,480.457,33890662.7884
2026-03-14 15:35:00+00:00,70533.0,70561.3,70479.3,70531.5,163.474,2026-03-14 15:39:59.999000+00:00,11529583.7249,6669,80.697,5691494.3297
2026-03-14 15:40:00+00:00,70531.5,70531.6,70500.0,70503.2,171.954,2026-03-14 15:44:59.999000+00:00,12125174.936,4422,73.52,5184059.508
2026-03-14 15:45:00+00:00,70503.2,70524.7,70482.6,70503.3,195.731,2026-03-14 15:49:59.999000+00:00,13799669.3776,5205,84.484,5956511.7691
2026-03-14 15:50:00+00:00,70503.3,70577.7,70496.7,70558.0,226.979,2026-03-14 15:54:59.999000+00:00,16013715.8517,6208,108.486,7654032.1262
2026-03-14 15:55:00+00:00,70558.0,70575.1,70545.2,70554.6,106.423,2026-03-14 15:59:59.999000+00:00,7509405.4882,3190,60.49,4268344.9765
2026-03-14 16:00:00+00:00,70554.7,70554.7,70455.6,70508.3,473.4,2026-03-14 16:04:59.999000+00:00,33379109.8126,8610,112.086,7902462.5082
2026-03-14 16:05:00+00:00,70508.2,70610.0,70460.7,70610.0,382.982,2026-03-14 16:09:59.999000+00:00,27005268.7381,11225,278.521,19640255.319
2026-03-14 16:10:00+00:00,70609.9,70616.9,70542.8,70545.4,290.073,2026-03-14 16:14:59.999000+00:00,20473673.2643,5776,137.036,9672711.8341
2026-03-14 16:15:00+00:00,70545.4,70600.0,70531.2,70585.8,199.369,2026-03-14 16:19:59.999000+00:00,14068840.4371,4742,102.426,7228016.1199
2026-03-14 16:20:00+00:00,70585.9,70594.8,70565.1,70585.8,63.429,2026-03-14 16:24:59.999000+00:00,4476792.0977,2723,30.372,2143657.7263
2026-03-14 16:25:00+00:00,70585.8,70625.0,70584.2,70623.2,105.661,2026-03-14 16:29:59.999000+00:00,7460706.5937,2883,71.066,5017926.591
2026-03-14 16:30:00+00:00,70623.2,70652.2,70623.1,70646.4,97.485,2026-03-14 16:34:59.999000+00:00,6885766.8375,2914,65.838,4650450.8856
2026-03-14 16:35:00+00:00,70646.4,70663.3,70607.6,70607.6,116.848,2026-03-14 16:39:59.999000+00:00,8254522.4839,4131,64.43,4551799.7125
2026-03-14 16:40:00+00:00,70607.6,70637.7,70587.0,70613.7,148.169,2026-03-14 16:44:59.999000+00:00,10462250.619,4252,54.399,3841262.1576
2026-03-14 16:45:00+00:00,70613.6,70641.8,70560.0,70622.5,118.351,2026-03-14 16:49:59.999000+00:00,8355829.4225,4532,72.481,5117455.7465
2026-03-14 16:50:00+00:00,70622.4,70674.5,70622.4,70668.9,128.353,2026-03-14 16:54:59.999000+00:00,9067964.601,4899,73.194,5171165.6736
2026-03-14 16:55:00+00:00,70668.9,70669.0,70634.0,70636.7,125.493,2026-03-14 16:59:59.999000+00:00,8865836.8491,3629,59.302,4189339.1426
2026-03-14 17:00:00+00:00,70636.7,70642.4,70600.0,70600.0,84.591,2026-03-14 17:04:59.999000+00:00,5974398.3243,3454,41.311,2917800.4651
2026-03-14 17:05:00+00:00,70600.0,70634.6,70600.0,70627.5,175.454,2026-03-14 17:09:59.999000+00:00,12390306.1321,4098,102.746,7255981.0979
2026-03-14 17:10:00+00:00,70627.6,70657.2,70620.7,70657.1,86.338,2026-03-14 17:14:59.999000+00:00,6099024.7564,2995,41.918,2961025.0855
2026-03-14 17:15:00+00:00,70657.2,70683.4,70635.3,70644.6,129.654,2026-03-14 17:19:59.999000+00:00,9162029.5689,3808,74.559,5268909.9927
2026-03-14 17:20:00+00:00,70644.7,70661.5,70641.4,70660.0,71.283,2026-03-14 17:24:59.999000+00:00,5036309.7503,2113,29.141,2058875.682
2026-03-14 17:25:00+00:00,70660.0,70707.9,70659.4,70700.0,144.33,2026-03-14 17:29:59.999000+00:00,10201580.5599,4128,88.122,6228771.2223
2026-03-14 17:30:00+00:00,70699.9,70700.0,70600.0,70600.0,76.257,2026-03-14 17:34:59.999000+00:00,5387926.3821,2900,10.621,750468.3954
2026-03-14 17:35:00+00:00,70600.0,70622.7,70600.0,70611.9,87.572,2026-03-14 17:39:59.999000+00:00,6183566.5532,2710,41.695,2944135.4499
2026-03-14 17:40:00+00:00,70611.8,70630.1,70600.0,70627.9,144.839,2026-03-14 17:44:59.999000+00:00,10227499.8255,2853,86.897,6136163.9148
2026-03-14 17:45:00+00:00,70627.9,70631.3,70599.8,70605.0,98.238,2026-03-14 17:49:59.999000+00:00,6937282.1648,2989,21.989,1552783.9009
2026-03-14 17:50:00+00:00,70605.0,70605.1,70545.9,70555.3,131.581,2026-03-14 17:54:59.999000+00:00,9285260.8017,4050,52.585,3710499.0667
2026-03-14 17:55:00+00:00,70555.2,70589.8,70550.8,70586.1,62.306,2026-03-14 17:59:59.999000+00:00,4396939.4888,2187,34.065,2404026.68
2026-03-14 18:00:00+00:00,70586.2,70586.2,70515.2,70547.8,190.589,2026-03-14 18:04:59.999000+00:00,13444768.1598,5753,69.765,4921139.9974
2026-03-14 18:05:00+00:00,70547.9,70562.3,70536.0,70554.8,54.474,2026-03-14 18:09:59.999000+00:00,3842988.97,2397,32.002,2257653.6447
2026-03-14 18:10:00+00:00,70554.8,70584.9,70544.1,70544.1,78.777,2026-03-14 18:14:59.999000+00:00,5558973.4975,2543,48.94,3453595.1182
2026-03-14 18:15:00+00:00,70544.1,70567.9,70520.1,70551.1,49.202,2026-03-14 18:19:59.999000+00:00,3470965.0994,2594,31.937,2253018.3777
2026-03-14 18:20:00+00:00,70551.2,70570.1,70542.0,70562.6,81.713,2026-03-14 18:24:59.999000+00:00,5765384.3604,2354,60.261,4251818.3082
2026-03-14 18:25:00+00:00,70562.6,70595.0,70562.6,70582.6,77.336,2026-03-14 18:29:59.999000+00:00,5458640.8489,2042,39.252,2770396.5064
2026-03-14 18:30:00+00:00,70582.6,70640.1,70582.6,70634.4,93.957,2026-03-14 18:34:59.999000+00:00,6634905.321,2693,69.83,4931117.029
2026-03-14 18:35:00+00:00,70634.4,70634.5,70601.1,70601.1,44.663,2026-03-14 18:39:59.999000+00:00,3153644.9279,2112,17.647,1246020.6983
2026-03-14 18:40:00+00:00,70601.2,70638.2,70592.2,70614.9,98.847,2026-03-14 18:44:59.999000+00:00,6980018.6267,2520,40.774,2879524.0296
2026-03-14 18:45:00+00:00,70614.8,70637.6,70602.4,70634.8,82.346,2026-03-14 18:49:59.999000+00:00,5814994.6326,1981,57.269,4044136.662
2026-03-14 18:50:00+00:00,70634.8,70637.7,70621.0,70627.3,36.384,2026-03-14 18:54:59.999000+00:00,2569722.7259,1389,17.585,1241952.0893
2026-03-14 18:55:00+00:00,70627.4,70662.9,70621.0,70623.5,178.879,2026-03-14 18:59:59.999000+00:00,12636081.9666,3553,134.006,9466236.0827
2026-03-14 19:00:00+00:00,70623.5,70623.6,70552.6,70606.8,247.264,2026-03-14 19:04:59.999000+00:00,17453782.8866,6627,97.169,6858853.6642
2026-03-14 19:05:00+00:00,70606.9,70634.9,70602.0,70611.5,56.821,2026-03-14 19:09:59.999000+00:00,4012528.5688,2182,36.285,2562400.0755
2026-03-14 19:10:00+00:00,70611.6,70661.4,70604.1,70655.1,99.788,2026-03-14 19:14:59.999000+00:00,7047985.6108,2872,45.183,3191579.3699
2026-03-14 19:15:00+00:00,70655.0,70680.0,70636.0,70638.4,173.719,2026-03-14 19:19:59.999000+00:00,12274168.4386,3653,92.502,6536263.1562
2026-03-14 19:20:00+00:00,70638.3,70660.7,70623.4,70650.1,48.931,2026-03-14 19:24:59.999000+00:00,3456662.0738,2394,29.51,2084676.6739
2026-03-14 19:25:00+00:00,70650.1,70650.1,70632.7,70638.9,29.464,2026-03-14 19:29:59.999000+00:00,2081212.9631,1198,11.293,797686.6831
2026-03-14 19:30:00+00:00,70638.8,70646.2,70627.6,70627.6,53.74,2026-03-14 19:34:59.999000+00:00,3796238.6557,1507,14.684,1037286.8374
2026-03-14 19:35:00+00:00,70627.7,70645.8,70599.9,70645.8,93.337,2026-03-14 19:39:59.999000+00:00,6591381.119,2746,45.749,3230875.5471
2026-03-14 19:40:00+00:00,70645.8,70690.2,70645.7,70690.2,69.312,2026-03-14 19:44:59.999000+00:00,4898161.2732,2352,56.035,3959842.2065
2026-03-14 19:45:00+00:00,70690.2,70705.7,70662.9,70700.1,128.949,2026-03-14 19:49:59.999000+00:00,9115454.273,2970,73.139,5170126.7932
2026-03-14 19:50:00+00:00,70700.0,70700.1,70659.9,70668.5,60.713,2026-03-14 19:54:59.999000+00:00,4290987.8543,1511,15.602,1102568.0181
2026-03-14 19:55:00+00:00,70668.5,70681.2,70653.9,70664.1,39.584,2026-03-14 19:59:59.999000+00:00,2797202.3836,1427,13.318,941120.2896
2026-03-14 20:00:00+00:00,70664.1,70672.9,70626.1,70626.1,82.551,2026-03-14 20:04:59.999000+00:00,5832731.6246,2807,35.821,2530955.9812
2026-03-14 20:05:00+00:00,70626.1,70658.7,70607.7,70650.2,73.091,2026-03-14 20:09:59.999000+00:00,5162091.6912,3341,38.103,2691059.1414
2026-03-14 20:10:00+00:00,70650.2,70658.1,70630.2,70651.3,36.516,2026-03-14 20:14:59.999000+00:00,2579580.782,1600,14.712,1039298.8874
2026-03-14 20:15:00+00:00,70651.3,70706.5,70651.3,70706.5,104.232,2026-03-14 20:19:59.999000+00:00,7367598.6858,3310,71.337,5042499.3896
2026-03-14 20:20:00+00:00,70706.4,70735.0,70674.4,70674.4,232.387,2026-03-14 20:24:59.999000+00:00,16430921.7343,5337,104.089,7360471.2503
2026-03-14 20:25:00+00:00,70674.1,70716.1,70674.1,70696.4,57.03,2026-03-14 20:29:59.999000+00:00,4032176.6305,1797,38.305,2708244.3843
2026-03-14 20:30:00+00:00,70696.4,70717.3,70694.3,70717.3,126.713,2026-03-14 20:34:59.999000+00:00,8958905.4114,2211,86.442,6111515.7968
2026-03-14 20:35:00+00:00,70717.3,70728.1,70705.0,70728.0,39.366,2026-03-14 20:39:59.999000+00:00,2783819.9191,1328,21.845,1544779.6817
2026-03-14 20:40:00+00:00,70728.0,70835.0,70728.0,70806.9,379.494,2026-03-14 20:44:59.999000+00:00,26860135.9331,9072,252.237,17853145.9516
2026-03-14 20:45:00+00:00,70806.9,70822.3,70751.3,70798.6,229.185,2026-03-14 20:49:59.999000+00:00,16223980.4003,5979,93.195,6597444.0697
2026-03-14 20:50:00+00:00,70798.6,70798.6,70759.5,70777.1,176.753,2026-03-14 20:54:59.999000+00:00,12510788.7215,2941,75.32,5331265.1555
2026-03-14 20:55:00+00:00,70777.1,70800.0,70758.3,70765.3,121.15,2026-03-14 20:59:59.999000+00:00,8574892.2476,2815,40.912,2895927.7152
2026-03-14 21:00:00+00:00,70765.3,70765.3,70696.2,70721.8,201.618,2026-03-14 21:04:59.999000+00:00,14258993.26,5258,98.567,6970249.8681
2026-03-14 21:05:00+00:00,70721.8,70721.8,70658.0,70701.5,141.472,2026-03-14 21:09:59.999000+00:00,9998908.9989,3767,50.741,3586209.654
2026-03-14 21:10:00+00:00,70701.5,70702.7,70611.9,70627.2,225.101,2026-03-14 21:14:59.999000+00:00,15903928.858,4563,71.057,5020484.388
2026-03-14 21:15:00+00:00,70627.2,70683.8,70627.2,70635.1,58.125,2026-03-14 21:19:59.999000+00:00,4107011.1703,2488,33.758,2385159.5975
2026-03-14 21:20:00+00:00,70635.2,70667.8,70635.2,70635.8,72.247,2026-03-14 21:24:59.999000+00:00,5104603.3964,2171,26.17,1849148.7332
2026-03-14 21:25:00+00:00,70635.9,70656.2,70635.7,70656.1,49.754,2026-03-14 21:29:59.999000+00:00,3515084.4195,1233,27.579,1948461.3149
2026-03-14 21:30:00+00:00,70656.1,70668.6,70643.8,70646.4,76.185,2026-03-14 21:34:59.999000+00:00,5383015.8263,1875,19.114,1350571.3872
2026-03-14 21:35:00+00:00,70646.4,70676.8,70646.3,70668.6,90.126,2026-03-14 21:39:59.999000+00:00,6368388.1495,1697,61.827,4368804.8628
2026-03-14 21:40:00+00:00,70668.6,70727.4,70668.6,70704.9,130.905,2026-03-14 21:44:59.999000+00:00,9255042.6394,3739,98.167,6940051.0974
2026-03-14 21:45:00+00:00,70704.9,70759.8,70672.3,70739.4,118.484,2026-03-14 21:49:59.999000+00:00,8379571.5775,3799,55.155,3900599.4541
2026-03-14 21:50:00+00:00,70739.4,70784.6,70739.3,70743.9,133.081,2026-03-14 21:54:59.999000+00:00,9416779.9837,4116,76.488,5412291.4967
2026-03-14 21:55:00+00:00,70744.0,70773.5,70721.5,70769.6,107.117,2026-03-14 21:59:59.999000+00:00,7578428.3634,3608,61.687,4364326.1088
2026-03-14 22:00:00+00:00,70769.5,70772.7,70716.8,70759.8,136.629,2026-03-14 22:04:59.999000+00:00,9665707.0956,5693,62.272,4405166.0883
2026-03-14 22:05:00+00:00,70759.9,70762.4,70687.2,70696.0,93.165,2026-03-14 22:09:59.999000+00:00,6588894.0395,3513,24.364,1723192.1946
2026-03-14 22:10:00+00:00,70696.1,70716.3,70669.9,70670.0,112.204,2026-03-14 22:14:59.999000+00:00,7931915.4526,2860,27.065,1913491.8362
2026-03-14 22:15:00+00:00,70670.0,70717.5,70670.0,70696.4,55.356,2026-03-14 22:19:59.999000+00:00,3913198.6932,2586,34.308,2425277.1552
2026-03-14 22:20:00+00:00,70696.5,70729.7,70672.0,70729.7,83.04,2026-03-14 22:24:59.999000+00:00,5870961.7935,2357,49.855,3525123.6005
2026-03-14 22:25:00+00:00,70729.6,70736.7,70692.6,70700.0,93.884,2026-03-14 22:29:59.999000+00:00,6639067.951,2919,48.705,3444186.9696
2026-03-14 22:30:00+00:00,70700.0,70730.7,70695.9,70695.9,91.932,2026-03-14 22:34:59.999000+00:00,6500988.7647,2853,37.264,2635219.4728
2026-03-14 22:35:00+00:00,70696.0,70771.9,70696.0,70744.6,72.656,2026-03-14 22:39:59.999000+00:00,5139531.1903,2699,49.916,3530906.0745
2026-03-14 22:40:00+00:00,70744.6,70744.6,70703.0,70717.0,64.601,2026-03-14 22:44:59.999000+00:00,4568363.1152,1821,29.991,2120800.3618
2026-03-14 22:45:00+00:00,70716.9,70717.0,70664.5,70675.6,84.783,2026-03-14 22:49:59.999000+00:00,5992952.3142,2481,28.851,2039463.5342
2026-03-14 22:50:00+00:00,70675.5,70688.7,70666.0,70687.2,48.618,2026-03-14 22:54:59.999000+00:00,3436382.0804,1648,26.019,1839062.0178
2026-03-14 22:55:00+00:00,70687.2,70688.8,70661.9,70678.5,86.948,2026-03-14 22:59:59.999000+00:00,6145490.5068,2527,37.37,2641241.1733
2026-03-14 23:00:00+00:00,70678.5,70898.5,70678.5,70847.5,516.748,2026-03-14 23:04:59.999000+00:00,36591423.2224,12364,323.173,22881656.6728
2026-03-14 23:05:00+00:00,70847.6,71071.9,70847.0,70973.1,1542.98,2026-03-14 23:09:59.999000+00:00,109527975.8309,27784,984.524,69883329.7918
2026-03-14 23:10:00+00:00,70973.1,70982.6,70895.6,70965.4,439.882,2026-03-14 23:14:59.999000+00:00,31206360.1581,8884,218.936,15532009.5636
2026-03-14 23:15:00+00:00,70965.4,70971.0,70865.3,70895.4,312.856,2026-03-14 23:19:59.999000+00:00,22183578.3227,7161,141.61,10039700.3804
2026-03-14 23:20:00+00:00,70895.4,70973.5,70895.4,70957.7,210.062,2026-03-14 23:24:59.999000+00:00,14904259.9604,5329,134.7,9556930.5882
2026-03-14 23:25:00+00:00,70957.6,71026.7,70929.0,70991.8,251.56,2026-03-14 23:29:59.999000+00:00,17858507.186,5869,133.906,9506325.1491
2026-03-14 23:30:00+00:00,70991.8,71096.6,70987.0,71060.3,541.097,2026-03-14 23:34:59.999000+00:00,38444629.1302,10399,301.439,21418567.4293
2026-03-14 23:35:00+00:00,71060.3,71158.7,71056.0,71150.1,740.165,2026-03-14 23:39:59.999000+00:00,52639755.7726,11409,518.978,36910265.5946
2026-03-14 23:40:00+00:00,71150.2,71177.7,71116.5,71139.5,421.183,2026-03-14 23:44:59.999000+00:00,29965743.7893,7655,244.642,17405691.741
2026-03-14 23:45:00+00:00,71139.6,71194.1,71063.5,71127.1,530.558,2026-03-14 23:49:59.999000+00:00,37742782.2045,11186,340.389,24215545.8192
2026-03-14 23:50:00+00:00,71127.1,71168.0,71053.8,71167.9,385.408,2026-03-14 23:54:59.999000+00:00,27406040.8565,7186,197.751,14065230.0128
2026-03-14 23:55:00+00:00,71168.0,71221.9,71149.4,71174.4,382.425,2026-03-14 23:59:59.999000+00:00,27224943.7171,8681,218.598,15562087.5173
2026-03-15 00:00:00+00:00,71174.4,71174.4,71046.5,71078.0,461.645,2026-03-15 00:04:59.999000+00:00,32821479.4544,11057,162.422,11547056.2283
2026-03-15 00:05:00+00:00,71078.0,71141.7,70981.2,71019.9,393.28,2026-03-15 00:09:59.999000+00:00,27940257.4512,9306,130.22,9251294.8673
2026-03-15 00:10:00+00:00,71019.9,71064.6,70990.3,71049.9,183.996,2026-03-15 00:14:59.999000+00:00,13068277.709,5970,113.846,8085793.5133
2026-03-15 00:15:00+00:00,71049.9,71071.4,71016.4,71038.2,148.643,2026-03-15 00:19:59.999000+00:00,10560512.3434,5870,74.373,5284082.7634
2026-03-15 00:20:00+00:00,71038.1,71046.2,70958.8,71046.2,328.965,2026-03-15 00:24:59.999000+00:00,23353002.2245,9118,124.05,8806917.8847
2026-03-15 00:25:00+00:00,71046.1,71186.8,71030.5,71030.5,345.905,2026-03-15 00:29:59.999000+00:00,24597542.9489,11653,201.955,14362169.4705
2026-03-15 00:30:00+00:00,71030.5,71080.1,71016.8,71016.9,155.263,2026-03-15 00:34:59.999000+00:00,11031437.2201,5533,68.426,4861681.0632
2026-03-15 00:35:00+00:00,71016.9,71045.7,70931.6,71045.7,245.955,2026-03-15 00:39:59.999000+00:00,17455435.1045,7541,119.085,8451593.9217
2026-03-15 00:40:00+00:00,71045.7,71062.1,71010.2,71035.5,114.855,2026-03-15 00:44:59.999000+00:00,8159045.4945,5213,57.583,4090575.5766
2026-03-15 00:45:00+00:00,71035.5,71039.5,70912.8,70939.0,194.427,2026-03-15 00:49:59.999000+00:00,13797740.9093,6628,55.114,3911597.9569
2026-03-15 00:50:00+00:00,70939.0,70973.0,70939.0,70960.6,88.104,2026-03-15 00:54:59.999000+00:00,6251504.1285,3692,45.764,3247135.2562
2026-03-15 00:55:00+00:00,70960.6,70980.0,70924.5,70950.4,131.165,2026-03-15 00:59:59.999000+00:00,9306999.8557,5312,59.279,4206305.2322
2026-03-15 01:00:00+00:00,70950.5,70999.0,70941.3,70953.9,216.337,2026-03-15 01:04:59.999000+00:00,15352881.8894,6078,133.204,9453496.4155
2026-03-15 01:05:00+00:00,70953.9,70997.3,70940.3,70945.0,255.133,2026-03-15 01:09:59.999000+00:00,18107570.7487,5047,83.856,5950588.4069
2026-03-15 01:10:00+00:00,70945.0,70945.1,70841.0,70911.9,344.256,2026-03-15 01:14:59.999000+00:00,24403941.8991,8897,104.452,7404572.5301
2026-03-15 01:15:00+00:00,70911.8,70972.6,70911.8,70950.9,162.452,2026-03-15 01:19:59.999000+00:00,11524832.6432,5217,107.198,7604713.8366
2026-03-15 01:20:00+00:00,70950.9,70951.0,70867.7,70902.6,104.44,2026-03-15 01:24:59.999000+00:00,7404948.7098,4481,52.389,3714399.1656
2026-03-15 01:25:00+00:00,70902.6,70935.6,70869.2,70899.9,94.32,2026-03-15 01:29:59.999000+00:00,6687704.8418,4085,40.549,2874901.4118
2026-03-15 01:30:00+00:00,70900.0,70900.0,70815.7,70868.0,224.411,2026-03-15 01:34:59.999000+00:00,15899955.6128,7988,90.232,6393075.1884
2026-03-15 01:35:00+00:00,70867.9,70897.3,70860.1,70888.0,161.083,2026-03-15 01:39:59.999000+00:00,11417261.681,4983,103.097,7307436.8053
2026-03-15 01:40:00+00:00,70888.0,70916.0,70879.5,70896.5,92.378,2026-03-15 01:44:59.999000+00:00,6549867.7451,3056,46.887,3324315.9269
2026-03-15 01:45:00+00:00,70896.4,70904.5,70855.0,70904.5,91.41,2026-03-15 01:49:59.999000+00:00,6479776.6747,3472,55.822,3957049.1384
2026-03-15 01:50:00+00:00,70904.5,71000.0,70904.4,70961.8,234.205,2026-03-15 01:54:59.999000+00:00,16620943.5626,7208,130.542,9263895.8633
2026-03-15 01:55:00+00:00,70961.9,70990.0,70922.6,70960.8,187.251,2026-03-15 01:59:59.999000+00:00,13289447.8902,4902,68.47,4859258.8195
2026-03-15 02:00:00+00:00,70960.8,71359.4,70960.8,71159.8,1641.756,2026-03-15 02:04:59.999000+00:00,116896735.6298,32756,1086.308,77349092.2801
2026-03-15 02:05:00+00:00,71159.8,71298.0,71118.8,71242.0,565.584,2026-03-15 02:09:59.999000+00:00,40289687.8295,15908,327.065,23297622.8865
2026-03-15 02:10:00+00:00,71242.0,71285.9,71216.6,71267.9,240.924,2026-03-15 02:14:59.999000+00:00,17165486.0779,9107,147.837,10533092.4603
2026-03-15 02:15:00+00:00,71267.9,71303.0,71216.2,71287.7,419.247,2026-03-15 02:19:59.999000+00:00,29874215.7647,9565,227.744,16229692.2652
2026-03-15 02:20:00+00:00,71287.8,71300.0,71153.9,71192.1,362.304,2026-03-15 02:24:59.999000+00:00,25803674.4504,9967,88.5,6303309.4373
2026-03-15 02:25:00+00:00,71192.1,71263.6,71192.1,71232.3,135.262,2026-03-15 02:29:59.999000+00:00,9634335.8199,5104,76.684,5461778.7214
2026-03-15 02:30:00+00:00,71232.3,71232.3,71131.3,71151.6,196.071,2026-03-15 02:34:59.999000+00:00,13954455.8044,8900,68.738,4892145.6182
2026-03-15 02:35:00+00:00,71151.6,71241.8,71119.1,71237.0,218.58,2026-03-15 02:39:59.999000+00:00,15562924.8919,7765,112.643,8020351.4837
2026-03-15 02:40:00+00:00,71237.0,71385.0,71204.2,71375.2,622.555,2026-03-15 02:44:59.999000+00:00,44380868.5969,14314,394.927,28155097.845
2026-03-15 02:45:00+00:00,71375.1,71599.9,71320.5,71576.5,2082.922,2026-03-15 02:49:59.999000+00:00,148828150.281,37037,1403.643,100290986.9589
2026-03-15 02:50:00+00:00,71576.5,71590.9,71355.0,71384.3,1142.853,2026-03-15 02:54:59.999000+00:00,81645911.6789,22808,419.39,29947677.687
2026-03-15 02:55:00+00:00,71384.3,71450.0,71350.2,71404.4,476.421,2026-03-15 02:59:59.999000+00:00,34011935.298,8517,313.464,22378606.4813
2026-03-15 03:00:00+00:00,71404.3,71489.6,71398.1,71398.1,341.571,2026-03-15 03:04:59.999000+00:00,24403498.7835,11080,143.155,10227731.712
2026-03-15 03:05:00+00:00,71398.2,71428.6,71369.2,71412.2,287.185,2026-03-15 03:09:59.999000+00:00,20503600.6383,8030,127.61,9111237.0599
2026-03-15 03:10:00+00:00,71412.1,71426.9,71372.4,71405.0,244.912,2026-03-15 03:14:59.999000+00:00,17488165.852,6256,136.411,9740876.9034
2026-03-15 03:15:00+00:00,71405.0,71420.2,71271.7,71328.4,427.323,2026-03-15 03:19:59.999000+00:00,30487506.8112,13742,188.939,13480137.5708
2026-03-15 03:20:00+00:00,71328.5,71360.0,71286.8,71337.5,323.803,2026-03-15 03:24:59.999000+00:00,23095301.1284,7160,160.701,11463454.2418
2026-03-15 03:25:00+00:00,71337.6,71340.9,71280.3,71291.9,282.018,2026-03-15 03:29:59.999000+00:00,20112203.6029,6865,75.309,5370530.7358
2026-03-15 03:30:00+00:00,71291.9,71357.5,71166.3,71350.0,749.47,2026-03-15 03:34:59.999000+00:00,53399248.3127,13899,287.797,20511475.0464
2026-03-15 03:35:00+00:00,71349.9,71400.0,71317.7,71361.6,480.963,2026-03-15 03:39:59.999000+00:00,34319438.4271,8442,145.926,10413068.4867
2026-03-15 03:40:00+00:00,71361.7,71375.2,71272.9,71288.7,228.172,2026-03-15 03:44:59.999000+00:00,16271965.3467,6594,90.358,6443384.5571
2026-03-15 03:45:00+00:00,71288.7,71293.0,71212.6,71288.2,346.401,2026-03-15 03:49:59.999000+00:00,24680966.8404,7888,152.403,10859106.7416
2026-03-15 03:50:00+00:00,71288.1,71295.0,71259.6,71285.6,114.528,2026-03-15 03:54:59.999000+00:00,8163320.1411,3502,66.798,4761221.4412
2026-03-15 03:55:00+00:00,71285.7,71316.6,71238.6,71314.8,228.966,2026-03-15 03:59:59.999000+00:00,16318359.6748,5359,97.429,6945072.8937
2026-03-15 04:00:00+00:00,71314.8,71426.7,71277.1,71420.5,419.899,2026-03-15 04:04:59.999000+00:00,29961534.3825,9510,301.376,21505867.1806
2026-03-15 04:05:00+00:00,71420.4,71577.8,71420.4,71550.0,1195.862,2026-03-15 04:09:59.999000+00:00,85514014.2373,20895,827.779,59185610.7225
2026-03-15 04:10:00+00:00,71549.9,71589.0,71491.5,71551.6,338.95,2026-03-15 04:14:59.999000+00:00,24250906.2166,8947,144.716,10354339.3701
2026-03-15 04:15:00+00:00,71551.7,71629.6,71544.0,71560.7,613.624,2026-03-15 04:19:59.999000+00:00,43931013.0199,13088,369.93,26484729.8032
2026-03-15 04:20:00+00:00,71560.8,71610.7,71480.7,71504.9,331.806,2026-03-15 04:24:59.999000+00:00,23735702.3196,10037,116.998,8368814.9403
2026-03-15 04:25:00+00:00,71504.9,71520.7,71456.5,71492.1,279.759,2026-03-15 04:29:59.999000+00:00,20000124.0936,6476,168.441,12042001.9224
2026-03-15 04:30:00+00:00,71492.2,71538.1,71455.8,71466.0,160.156,2026-03-15 04:34:59.999000+00:00,11449748.227,7118,63.462,4537102.8293
2026-03-15 04:35:00+00:00,71466.0,71541.5,71416.8,71519.8,297.448,2026-03-15 04:39:59.999000+00:00,21258259.216,7880,102.978,7360357.1463
2026-03-15 04:40:00+00:00,71519.8,71548.0,71411.2,71541.8,283.028,2026-03-15 04:44:59.999000+00:00,20224801.2106,9877,143.379,10246244.8179
2026-03-15 04:45:00+00:00,71541.9,71541.9,71448.3,71494.8,202.412,2026-03-15 04:49:59.999000+00:00,14467670.0771,6693,77.976,5572952.0725
2026-03-15 04:50:00+00:00,71494.8,71516.3,71478.3,71481.1,133.416,2026-03-15 04:54:59.999000+00:00,9538660.4664,4056,86.819,6207233.3141
2026-03-15 04:55:00+00:00,71481.1,71548.0,71458.7,71546.3,200.148,2026-03-15 04:59:59.999000+00:00,14311877.0001,6567,122.977,8793549.0658
2026-03-15 05:00:00+00:00,71546.4,71546.4,71460.8,71460.8,361.842,2026-03-15 05:04:59.999000+00:00,25868488.1248,6919,213.329,15251039.2702
2026-03-15 05:05:00+00:00,71460.8,71462.3,71428.1,71455.9,130.973,2026-03-15 05:09:59.999000+00:00,9357447.1769,5367,54.0,3858109.1975
2026-03-15 05:10:00+00:00,71456.0,71500.0,71446.9,71500.0,101.594,2026-03-15 05:14:59.999000+00:00,7261279.3004,4266,53.082,3794025.5108
2026-03-15 05:15:00+00:00,71499.9,71750.0,71476.5,71640.0,1652.726,2026-03-15 05:19:59.999000+00:00,118437476.0019,29102,1138.517,81587747.4886
2026-03-15 05:20:00+00:00,71639.9,71689.0,71594.5,71658.5,386.14,2026-03-15 05:24:59.999000+00:00,27662045.3978,12367,165.023,11822021.4942
2026-03-15 05:25:00+00:00,71658.4,71658.4,71553.5,71589.3,464.089,2026-03-15 05:29:59.999000+00:00,33227835.4993,7969,155.812,11154153.999
2026-03-15 05:30:00+00:00,71589.3,71624.7,71529.0,71585.7,327.334,2026-03-15 05:34:59.999000+00:00,23431334.9223,8598,162.559,11635570.866
2026-03-15 05:35:00+00:00,71585.7,71615.1,71539.9,71611.3,380.982,2026-03-15 05:39:59.999000+00:00,27264560.4926,9698,181.423,12982761.0061
2026-03-15 05:40:00+00:00,71611.3,71650.0,71569.4,71600.0,377.222,2026-03-15 05:44:59.999000+00:00,27016845.8951,8065,176.333,12629401.9125
2026-03-15 05:45:00+00:00,71600.0,71616.6,71512.8,71534.2,487.757,2026-03-15 05:49:59.999000+00:00,34912210.5312,11089,135.926,9729571.8344
2026-03-15 05:50:00+00:00,71534.3,71569.8,71454.6,71460.9,488.935,2026-03-15 05:54:59.999000+00:00,34956693.7213,11835,218.329,15608291.4595
2026-03-15 05:55:00+00:00,71460.9,71477.2,71436.1,71448.6,246.156,2026-03-15 05:59:59.999000+00:00,17588657.0965,6232,98.691,7051557.613
2026-03-15 06:00:00+00:00,71448.5,71549.0,71432.1,71530.0,343.107,2026-03-15 06:04:59.999000+00:00,24526014.1799,8629,208.949,14937057.2312
2026-03-15 06:05:00+00:00,71530.0,71530.1,71499.9,71526.0,113.586,2026-03-15 06:09:59.999000+00:00,8123440.8931,5261,43.545,3114218.9091
2026-03-15 06:10:00+00:00,71526.0,71526.0,71460.7,71518.3,177.728,2026-03-15 06:14:59.999000+00:00,12706387.5185,6577,74.175,5303426.5677
2026-03-15 06:15:00+00:00,71518.4,71543.1,71460.2,71478.3,214.418,2026-03-15 06:19:59.999000+00:00,15332350.3351,6184,86.486,6184152.2167
2026-03-15 06:20:00+00:00,71478.4,71478.4,71414.8,71430.2,337.642,2026-03-15 06:24:59.999000+00:00,24118076.3926,4965,74.735,5338908.2867
2026-03-15 06:25:00+00:00,71430.2,71464.4,71415.9,71425.8,121.663,2026-03-15 06:29:59.999000+00:00,8691337.1877,4457,53.085,3792320.3551
2026-03-15 06:30:00+00:00,71425.8,71429.0,71343.5,71422.7,590.915,2026-03-15 06:34:59.999000+00:00,42184399.1573,11229,243.4,17376367.304
2026-03-15 06:35:00+00:00,71422.7,71422.7,71346.9,71380.0,193.68,2026-03-15 06:39:59.999000+00:00,13824095.6954,5589,71.479,5101812.3512
2026-03-15 06:40:00+00:00,71379.9,71409.8,71363.4,71376.0,240.041,2026-03-15 06:44:59.999000+00:00,17136090.8182,5289,75.715,5405260.5333
2026-03-15 06:45:00+00:00,71375.9,71401.6,71366.4,71396.3,132.269,2026-03-15 06:49:59.999000+00:00,9442193.9878,3530,65.797,4696932.2143
2026-03-15 06:50:00+00:00,71396.4,71445.1,71386.5,71415.5,104.028,2026-03-15 06:54:59.999000+00:00,7429689.131,4829,62.191,4441649.6595
2026-03-15 06:55:00+00:00,71415.4,71415.5,71375.0,71415.2,186.218,2026-03-15 06:59:59.999000+00:00,13295946.2881,5010,79.983,5710774.4313
2026-03-15 07:00:00+00:00,71415.1,71426.8,71388.0,71425.4,184.988,2026-03-15 07:04:59.999000+00:00,13209850.01,5836,108.811,7769935.7456
2026-03-15 07:05:00+00:00,71425.4,71460.1,71404.2,71409.6,223.104,2026-03-15 07:09:59.999000+00:00,15936589.2872,6243,134.383,9599230.8466
2026-03-15 07:10:00+00:00,71409.6,71626.1,71409.6,71576.8,1391.537,2026-03-15 07:14:59.999000+00:00,99595093.3233,23052,782.596,56004864.9727
2026-03-15 07:15:00+00:00,71576.8,71625.0,71570.3,71585.7,253.688,2026-03-15 07:19:59.999000+00:00,18164589.0302,6669,116.027,8307473.6202
2026-03-15 07:20:00+00:00,71585.8,71585.8,71540.0,71553.7,148.558,2026-03-15 07:24:59.999000+00:00,10631278.1464,4071,46.378,3319002.4078
2026-03-15 07:25:00+00:00,71553.7,71567.1,71526.5,71530.4,88.749,2026-03-15 07:29:59.999000+00:00,6349613.4981,3448,31.614,2261789.5058
2026-03-15 07:30:00+00:00,71530.4,71530.5,71451.9,71493.9,230.764,2026-03-15 07:34:59.999000+00:00,16496368.4234,6940,103.467,7396093.3947
2026-03-15 07:35:00+00:00,71493.8,71494.0,71423.2,71456.1,178.355,2026-03-15 07:39:59.999000+00:00,12744409.2071,5532,62.777,4485875.25
2026-03-15 07:40:00+00:00,71456.1,71456.2,71400.3,71407.9,155.384,2026-03-15 07:44:59.999000+00:00,11098468.9658,4733,63.942,4567028.1743
2026-03-15 07:45:00+00:00,71407.9,71420.0,71374.7,71401.3,227.707,2026-03-15 07:49:59.999000+00:00,16257815.4526,6543,102.237,7299552.8617
2026-03-15 07:50:00+00:00,71401.2,71407.4,71370.0,71388.3,161.736,2026-03-15 07:54:59.999000+00:00,11546160.6296,4987,85.225,6084280.2681
2026-03-15 07:55:00+00:00,71388.2,71425.0,71374.4,71420.8,169.298,2026-03-15 07:59:59.999000+00:00,12088815.9253,5372,103.902,7419444.9268
2026-03-15 08:00:00+00:00,71420.8,71489.9,71420.8,71439.1,190.22,2026-03-15 08:04:59.999000+00:00,13592346.0122,7319,90.17,6442830.2505
2026-03-15 08:05:00+00:00,71439.0,71487.5,71439.0,71450.2,111.243,2026-03-15 08:09:59.999000+00:00,7950670.3592,4591,70.846,5063272.0804
2026-03-15 08:10:00+00:00,71450.2,71590.6,71450.1,71556.7,579.386,2026-03-15 08:14:59.999000+00:00,41452762.2105,11377,335.867,24026788.1775
2026-03-15 08:15:00+00:00,71556.7,71643.7,71540.9,71603.9,322.062,2026-03-15 08:19:59.999000+00:00,23057341.0453,10641,186.706,13366728.5039
2026-03-15 08:20:00+00:00,71604.0,71615.2,71561.9,71592.6,169.014,2026-03-15 08:24:59.999000+00:00,12099965.0675,5268,68.976,4938135.6715
2026-03-15 08:25:00+00:00,71592.6,71595.0,71506.4,71541.0,275.885,2026-03-15 08:29:59.999000+00:00,19738109.3689,7417,130.91,9365537.9526
2026-03-15 08:30:00+00:00,71541.0,71545.6,71490.4,71498.0,172.457,2026-03-15 08:34:59.999000+00:00,12333694.6295,5806,50.716,3626852.3734
2026-03-15 08:35:00+00:00,71498.0,71527.6,71457.7,71527.6,108.422,2026-03-15 08:39:59.999000+00:00,7751405.6637,4870,63.606,4547439.9378
2026-03-15 08:40:00+00:00,71527.6,71535.5,71504.3,71535.5,80.512,2026-03-15 08:44:59.999000+00:00,5758195.4551,2473,43.701,3125448.0057
2026-03-15 08:45:00+00:00,71535.5,71650.0,71535.5,71592.4,565.527,2026-03-15 08:49:59.999000+00:00,40494960.1166,12580,407.565,29184030.8289
2026-03-15 08:50:00+00:00,71592.4,71592.8,71550.0,71554.9,147.609,2026-03-15 08:54:59.999000+00:00,10564933.9626,4116,74.788,5352820.7727
2026-03-15 08:55:00+00:00,71554.9,71679.9,71554.9,71674.8,295.11,2026-03-15 08:59:59.999000+00:00,21137143.6097,7810,224.075,16049524.9367
2026-03-15 09:00:00+00:00,71674.9,71850.0,71651.7,71815.6,1907.825,2026-03-15 09:04:59.999000+00:00,136934507.3039,31938,1245.234,89378155.4534
2026-03-15 09:05:00+00:00,71815.6,71880.0,71801.0,71870.1,1166.892,2026-03-15 09:09:59.999000+00:00,83826278.2499,19715,647.586,46521453.3611
2026-03-15 09:10:00+00:00,71870.1,71870.1,71773.6,71779.8,394.767,2026-03-15 09:14:59.999000+00:00,28346136.0693,10985,117.234,8417697.1845
2026-03-15 09:15:00+00:00,71779.7,71863.6,71755.0,71824.4,345.531,2026-03-15 09:19:59.999000+00:00,24814435.7695,10093,206.921,14859415.8957
2026-03-15 09:20:00+00:00,71824.5,71897.9,71780.0,71880.9,654.302,2026-03-15 09:24:59.999000+00:00,47015738.8075,9919,365.897,26297059.6998
2026-03-15 09:25:00+00:00,71881.0,71892.6,71766.1,71810.0,298.042,2026-03-15 09:29:59.999000+00:00,21403241.7677,9971,125.414,9006359.7284
2026-03-15 09:30:00+00:00,71810.1,71831.8,71750.0,71803.8,190.916,2026-03-15 09:34:59.999000+00:00,13706452.6235,6925,114.096,8191588.7196
2026-03-15 09:35:00+00:00,71803.8,71822.0,71728.6,71795.9,233.97,2026-03-15 09:39:59.999000+00:00,16793267.0257,8062,110.836,7955683.9767
2026-03-15 09:40:00+00:00,71795.8,71795.8,71674.6,71715.9,290.685,2026-03-15 09:44:59.999000+00:00,20847466.8114,8234,93.419,6700030.0952
2026-03-15 09:45:00+00:00,71715.9,71735.0,71654.3,71687.5,218.335,2026-03-15 09:49:59.999000+00:00,15654383.5746,6162,100.102,7178084.2224
2026-03-15 09:50:00+00:00,71687.4,71785.0,71687.4,71739.3,208.833,2026-03-15 09:54:59.999000+00:00,14981317.9436,6629,149.799,10746627.1946
2026-03-15 09:55:00+00:00,71739.2,71800.0,71738.9,71751.3,139.28,2026-03-15 09:59:59.999000+00:00,9996926.7193,3903,47.34,3397710.0185
2026-03-15 10:00:00+00:00,71751.3,71803.8,71715.5,71738.0,225.73,2026-03-15 10:04:59.999000+00:00,16198715.8639,7540,103.753,7446615.3025
2026-03-15 10:05:00+00:00,71738.0,71738.1,71676.0,71726.9,191.932,2026-03-15 10:09:59.999000+00:00,13762723.3709,7547,69.258,4966342.4337
2026-03-15 10:10:00+00:00,71726.9,71773.6,71696.3,71769.1,178.276,2026-03-15 10:14:59.999000+00:00,12789737.9493,5416,126.968,9109106.3674
2026-03-15 10:15:00+00:00,71769.1,71866.6,71750.0,71826.8,218.229,2026-03-15 10:19:59.999000+00:00,15672134.1081,6888,153.012,10989119.1874
2026-03-15 10:20:00+00:00,71826.7,71878.9,71784.3,71799.9,215.698,2026-03-15 10:24:59.999000+00:00,15494990.728,6960,81.442,5850528.1167
2026-03-15 10:25:00+00:00,71799.9,71825.8,71781.5,71820.4,89.483,2026-03-15 10:29:59.999000+00:00,6425506.4776,3492,55.863,4011440.8093
2026-03-15 10:30:00+00:00,71820.4,71820.4,71751.2,71787.5,102.505,2026-03-15 10:34:59.999000+00:00,7358295.1857,4644,39.928,2866199.9633
2026-03-15 10:35:00+00:00,71787.5,71828.0,71740.4,71762.9,149.279,2026-03-15 10:39:59.999000+00:00,10715310.2393,5123,78.254,5617803.6075
2026-03-15 10:40:00+00:00,71762.9,71805.7,71749.8,71788.8,150.875,2026-03-15 10:44:59.999000+00:00,10829075.1597,4816,82.025,5887613.2524
2026-03-15 10:45:00+00:00,71788.8,71789.4,71738.7,71759.9,175.398,2026-03-15 10:49:59.999000+00:00,12588432.7186,4968,58.54,4201461.6128
2026-03-15 10:50:00+00:00,71760.0,71786.8,71750.3,71780.0,120.095,2026-03-15 10:54:59.999000+00:00,8619388.0011,4688,66.846,4797652.4946
2026-03-15 10:55:00+00:00,71779.9,71779.9,71737.2,71740.6,90.817,2026-03-15 10:59:59.999000+00:00,6516076.0838,2989,43.13,3094626.3265
2026-03-15 11:00:00+00:00,71740.5,71742.6,71678.7,71688.8,225.114,2026-03-15 11:04:59.999000+00:00,16145093.3594,5656,59.804,4289274.8988
2026-03-15 11:05:00+00:00,71688.8,71735.0,71664.8,71670.4,335.438,2026-03-15 11:09:59.999000+00:00,24046848.1081,8741,177.278,12708806.0632
2026-03-15 11:10:00+00:00,71670.4,71693.6,71653.5,71671.3,231.311,2026-03-15 11:14:59.999000+00:00,16578498.421,5331,65.869,4720928.5105
2026-03-15 11:15:00+00:00,71671.4,71777.0,71671.4,71707.0,462.035,2026-03-15 11:19:59.999000+00:00,33144473.4292,7234,256.924,18429445.0663
2026-03-15 11:20:00+00:00,71706.9,71764.2,71706.9,71724.9,203.768,2026-03-15 11:24:59.999000+00:00,14617348.7561,5379,130.808,9383759.8357
2026-03-15 11:25:00+00:00,71724.9,71724.9,71612.4,71665.9,274.746,2026-03-15 11:29:59.999000+00:00,19686545.0315,6978,91.999,6592279.06
2026-03-15 11:30:00+00:00,71665.9,71710.3,71656.0,71682.8,74.804,2026-03-15 11:34:59.999000+00:00,5362581.5344,3808,44.451,3186638.7078
2026-03-15 11:35:00+00:00,71682.7,71682.8,71639.9,71640.0,133.126,2026-03-15 11:39:59.999000+00:00,9539851.6573,4378,54.613,3913557.6649
2026-03-15 11:40:00+00:00,71639.9,71740.0,71623.0,71717.0,391.591,2026-03-15 11:44:59.999000+00:00,28070013.8742,6763,303.238,21738622.4571
2026-03-15 11:45:00+00:00,71717.0,71798.4,71695.8,71759.0,328.211,2026-03-15 11:49:59.999000+00:00,23552692.4691,6516,209.12,15005992.1945
2026-03-15 11:50:00+00:00,71758.9,71850.0,71758.9,71825.6,306.749,2026-03-15 11:54:59.999000+00:00,22031703.3758,7259,189.187,13587570.7557
2026-03-15 11:55:00+00:00,71825.6,71825.6,71792.4,71800.0,161.106,2026-03-15 11:59:59.999000+00:00,11568507.019,3963,84.561,6071955.558
2026-03-15 12:00:00+00:00,71800.1,71800.1,71670.0,71733.0,250.228,2026-03-15 12:04:59.999000+00:00,17951755.7658,8519,82.03,5884985.5641
2026-03-15 12:05:00+00:00,71732.9,71737.2,71675.5,71685.4,133.888,2026-03-15 12:09:59.999000+00:00,9600046.0144,4836,49.381,3540850.7592
2026-03-15 12:10:00+00:00,71685.3,71700.0,71657.1,71671.1,161.345,2026-03-15 12:14:59.999000+00:00,11565372.8819,4571,71.386,5117393.8383
2026-03-15 12:15:00+00:00,71671.1,71730.2,71618.0,71693.7,252.338,2026-03-15 12:19:59.999000+00:00,18085804.6159,5963,99.048,7100347.9197
2026-03-15 12:20:00+00:00,71693.7,71694.0,71639.7,71665.0,166.644,2026-03-15 12:24:59.999000+00:00,11943623.0921,4849,75.336,5399818.0187
2026-03-15 12:25:00+00:00,71665.0,71680.2,71646.8,71669.4,172.935,2026-03-15 12:29:59.999000+00:00,12393780.4898,2959,105.691,7574814.4593
2026-03-15 12:30:00+00:00,71669.3,71682.0,71655.1,71656.6,72.109,2026-03-15 12:34:59.999000+00:00,5168042.7025,2451,33.649,2411620.2815
2026-03-15 12:35:00+00:00,71656.6,71700.3,71650.8,71683.5,112.546,2026-03-15 12:39:59.999000+00:00,8066995.1708,4084,51.149,3666449.2922
2026-03-15 12:40:00+00:00,71683.5,71683.6,71526.9,71540.6,661.742,2026-03-15 12:44:59.999000+00:00,47365424.9484,14307,221.902,15882645.253
2026-03-15 12:45:00+00:00,71540.6,71633.7,71532.2,71594.0,304.275,2026-03-15 12:49:59.999000+00:00,21780150.5422,7432,160.389,11479985.4798
2026-03-15 12:50:00+00:00,71594.0,71614.3,71556.2,71578.7,142.12,2026-03-15 12:54:59.999000+00:00,10174052.6228,4859,60.565,4335858.6032
2026-03-15 12:55:00+00:00,71578.7,71616.6,71565.1,71578.8,227.688,2026-03-15 12:59:59.999000+00:00,16299079.2446,4896,145.318,10402550.85
2026-03-15 13:00:00+00:00,71578.8,71650.0,71560.2,71589.7,326.976,2026-03-15 13:04:59.999000+00:00,23416278.4149,8080,132.892,9518242.4905
2026-03-15 13:05:00+00:00,71589.6,71624.5,71370.0,71382.9,1400.321,2026-03-15 13:09:59.999000+00:00,100083247.6354,25492,424.339,30322309.4975
2026-03-15 13:10:00+00:00,71382.9,71420.4,71220.1,71414.9,2145.452,2026-03-15 13:14:59.999000+00:00,153053730.9344,30679,832.483,59391975.9096
2026-03-15 13:15:00+00:00,71415.0,71415.0,71227.4,71299.9,802.552,2026-03-15 13:19:59.999000+00:00,57237530.3286,19790,354.704,25291829.281
2026-03-15 13:20:00+00:00,71300.0,71406.2,71262.3,71376.3,674.048,2026-03-15 13:24:59.999000+00:00,48079949.2016,15069,328.111,23403773.0197
2026-03-15 13:25:00+00:00,71376.3,71534.8,71355.0,71487.5,1482.689,2026-03-15 13:29:59.999000+00:00,105929238.1622,23924,1110.501,79342603.4586
2026-03-15 13:30:00+00:00,71487.5,71560.0,71355.0,71383.6,801.296,2026-03-15 13:34:59.999000+00:00,57281203.1332,17198,398.695,28507258.8494
2026-03-15 13:35:00+00:00,71383.6,71457.8,71251.2,71263.4,1051.506,2026-03-15 13:39:59.999000+00:00,75004147.9816,22574,568.429,40545146.0794
2026-03-15 13:40:00+00:00,71263.5,71463.7,71250.0,71420.6,982.335,2026-03-15 13:44:59.999000+00:00,70069038.2376,20134,728.023,51937092.6864
2026-03-15 13:45:00+00:00,71420.6,71489.3,71362.0,71434.0,417.752,2026-03-15 13:49:59.999000+00:00,29838129.431,12030,227.915,16279282.8844
2026-03-15 13:50:00+00:00,71434.1,71544.0,71427.3,71492.1,300.264,2026-03-15 13:54:59.999000+00:00,21462673.5244,7696,192.155,13736302.571
2026-03-15 13:55:00+00:00,71492.2,71600.0,71459.5,71575.3,377.597,2026-03-15 13:59:59.999000+00:00,27013222.7182,9181,250.171,17898229.507
2026-03-15 14:00:00+00:00,71575.3,71600.1,71500.0,71572.5,471.663,2026-03-15 14:04:59.999000+00:00,33745207.7622,10802,214.991,15382392.0507
2026-03-15 14:05:00+00:00,71572.4,71583.3,71517.7,71580.2,264.802,2026-03-15 14:09:59.999000+00:00,18950064.6274,5971,89.19,6382164.9287
2026-03-15 14:10:00+00:00,71580.2,71588.7,71514.6,71545.2,295.052,2026-03-15 14:14:59.999000+00:00,21111257.0178,8096,96.081,6874548.5547
2026-03-15 14:15:00+00:00,71545.1,71545.2,71414.6,71430.5,307.478,2026-03-15 14:19:59.999000+00:00,21973544.2549,9055,106.799,7631613.1791
2026-03-15 14:20:00+00:00,71430.5,71489.5,71369.5,71405.6,391.011,2026-03-15 14:24:59.999000+00:00,27926249.4334,10411,216.1,15434461.5263
2026-03-15 14:25:00+00:00,71405.7,71445.9,71405.6,71428.2,126.27,2026-03-15 14:29:59.999000+00:00,9018973.2829,4062,59.269,4233135.3018
2026-03-15 14:30:00+00:00,71428.2,71428.8,71368.0,71426.1,158.107,2026-03-15 14:34:59.999000+00:00,11288321.3771,6598,89.23,6370694.8784
2026-03-15 14:35:00+00:00,71426.1,71443.9,71311.0,71352.7,464.317,2026-03-15 14:39:59.999000+00:00,33132927.4519,12359,229.148,16350099.0928
2026-03-15 14:40:00+00:00,71352.8,71457.5,71350.7,71457.5,296.24,2026-03-15 14:44:59.999000+00:00,21154454.4814,8803,212.422,15168535.2819
2026-03-15 14:45:00+00:00,71457.6,71500.1,71400.0,71458.2,436.447,2026-03-15 14:49:59.999000+00:00,31184513.1533,8835,305.547,21831189.4065
2026-03-15 14:50:00+00:00,71458.3,71538.2,71458.2,71511.5,201.437,2026-03-15 14:54:59.999000+00:00,14405062.2444,5932,116.219,8310842.1766
2026-03-15 14:55:00+00:00,71511.5,71592.1,71492.9,71588.0,342.732,2026-03-15 14:59:59.999000+00:00,24525465.4771,7027,176.528,12631733.7
2026-03-15 15:00:00+00:00,71588.0,71590.0,71540.4,71542.6,194.126,2026-03-15 15:04:59.999000+00:00,13892699.5477,6281,91.18,6525230.3251
2026-03-15 15:05:00+00:00,71542.6,71545.0,71468.1,71478.4,336.424,2026-03-15 15:09:59.999000+00:00,24056818.1987,9315,151.062,10802069.1061
2026-03-15 15:10:00+00:00,71478.5,71547.2,71478.4,71516.6,127.333,2026-03-15 15:14:59.999000+00:00,9106607.9615,4329,83.524,5973492.6438
2026-03-15 15:15:00+00:00,71516.7,71534.5,71451.6,71512.6,315.138,2026-03-15 15:19:59.999000+00:00,22526560.8663,7706,99.975,7145946.8915
2026-03-15 15:20:00+00:00,71512.6,71560.0,71467.1,71554.8,142.753,2026-03-15 15:24:59.999000+00:00,10207878.655,4609,89.016,6365694.0503
2026-03-15 15:25:00+00:00,71554.8,71576.9,71424.8,71441.6,315.006,2026-03-15 15:29:59.999000+00:00,22524580.7123,7917,82.85,5924356.4734
2026-03-15 15:30:00+00:00,71441.6,71517.5,71375.7,71470.1,429.583,2026-03-15 15:34:59.999000+00:00,30694411.3895,12816,208.539,14900456.1806
2026-03-15 15:35:00+00:00,71470.1,71512.5,71444.6,71451.4,114.75,2026-03-15 15:39:59.999000+00:00,8201658.6865,4885,56.453,4034962.4189
2026-03-15 15:40:00+00:00,71451.3,71460.0,71435.6,71457.3,65.694,2026-03-15 15:44:59.999000+00:00,4693723.4914,2824,36.608,2615554.9577
2026-03-15 15:45:00+00:00,71457.2,71483.4,71445.3,71481.0,73.395,2026-03-15 15:49:59.999000+00:00,5244952.3012,2455,48.347,3455106.681
2026-03-15 15:50:00+00:00,71481.0,71485.7,71447.3,71447.4,73.614,2026-03-15 15:54:59.999000+00:00,5260856.515,2771,32.653,2333591.112
2026-03-15 15:55:00+00:00,71447.3,71483.8,71434.3,71444.4,105.948,2026-03-15 15:59:59.999000+00:00,7570789.3635,3762,60.808,4345373.0435
2026-03-15 16:00:00+00:00,71444.4,71517.2,71413.1,71516.8,176.728,2026-03-15 16:04:59.999000+00:00,12629167.399,6647,104.712,7483304.393
2026-03-15 16:05:00+00:00,71516.9,71556.4,71516.8,71529.9,148.512,2026-03-15 16:09:59.999000+00:00,10624270.398,5485,76.189,5450254.4846
2026-03-15 16:10:00+00:00,71529.9,71533.9,71497.0,71530.1,137.356,2026-03-15 16:14:59.999000+00:00,9823586.2484,5358,52.77,3774221.09
2026-03-15 16:15:00+00:00,71530.1,71534.9,71275.0,71425.9,1078.295,2026-03-15 16:19:59.999000+00:00,76965106.0775,23146,422.884,30175092.3887
2026-03-15 16:20:00+00:00,71425.9,71425.9,71320.0,71363.3,221.751,2026-03-15 16:24:59.999000+00:00,15824943.6405,7526,82.572,5892102.7797
2026-03-15 16:25:00+00:00,71363.3,71372.0,71300.1,71371.9,375.181,2026-03-15 16:29:59.999000+00:00,26765996.7204,8155,187.413,13371145.9538
2026-03-15 16:30:00+00:00,71371.9,71399.9,71281.1,71356.2,687.968,2026-03-15 16:34:59.999000+00:00,49083356.4176,16639,371.263,26489443.123
2026-03-15 16:35:00+00:00,71356.2,71478.4,71343.1,71429.8,326.313,2026-03-15 16:39:59.999000+00:00,23299688.8146,7718,244.919,17487136.5166
2026-03-15 16:40:00+00:00,71429.8,71453.4,71405.9,71406.0,108.865,2026-03-15 16:44:59.999000+00:00,7776247.9539,3485,46.36,3311612.4246
2026-03-15 16:45:00+00:00,71405.9,71430.1,71359.0,71359.0,95.364,2026-03-15 16:49:59.999000+00:00,6809070.5048,3612,38.33,2736998.3476
2026-03-15 16:50:00+00:00,71359.1,71397.9,71297.7,71388.3,340.635,2026-03-15 16:54:59.999000+00:00,24302019.0864,7757,108.216,7721115.9484
2026-03-15 16:55:00+00:00,71388.4,71413.2,71379.0,71405.5,128.314,2026-03-15 16:59:59.999000+00:00,9160964.2352,4010,81.887,5846273.3959
2026-03-15 17:00:00+00:00,71405.5,71450.0,71373.3,71445.1,174.011,2026-03-15 17:04:59.999000+00:00,12425507.9393,5537,91.915,6563498.6197
2026-03-15 17:05:00+00:00,71445.1,71482.6,71425.2,71473.6,160.969,2026-03-15 17:09:59.999000+00:00,11502424.3441,6048,95.111,6796468.0485
2026-03-15 17:10:00+00:00,71473.6,71473.6,71415.7,71450.1,111.29,2026-03-15 17:14:59.999000+00:00,7951106.1293,4294,61.49,4392979.1321
2026-03-15 17:15:00+00:00,71450.1,71497.3,71410.5,71497.3,203.917,2026-03-15 17:19:59.999000+00:00,14568352.8387,5356,78.839,5633240.9597
2026-03-15 17:20:00+00:00,71497.3,71508.0,71442.4,71500.1,228.688,2026-03-15 17:24:59.999000+00:00,16348191.3659,6017,137.146,9804255.0191
2026-03-15 17:25:00+00:00,71500.0,71503.3,71472.6,71477.1,84.781,2026-03-15 17:29:59.999000+00:00,6060620.4245,2612,47.181,3372808.6314
2026-03-15 17:30:00+00:00,71477.1,71508.1,71439.1,71441.6,243.353,2026-03-15 17:34:59.999000+00:00,17396332.3871,4871,157.051,11228041.9005
2026-03-15 17:35:00+00:00,71441.6,71488.9,71441.5,71488.9,105.455,2026-03-15 17:39:59.999000+00:00,7536690.9613,3867,46.921,3353363.549
2026-03-15 17:40:00+00:00,71488.8,71510.0,71480.3,71493.8,72.929,2026-03-15 17:44:59.999000+00:00,5214362.5179,2993,32.658,2334964.7842
2026-03-15 17:45:00+00:00,71493.7,71597.6,71475.5,71540.1,672.614,2026-03-15 17:49:59.999000+00:00,48111672.1754,10727,396.851,28388334.7933
2026-03-15 17:50:00+00:00,71540.0,71971.8,71499.8,71934.2,2940.886,2026-03-15 17:54:59.999000+00:00,211236776.0154,46273,2237.053,160688324.1432
2026-03-15 17:55:00+00:00,71934.2,71947.1,71751.1,71788.0,867.028,2026-03-15 17:59:59.999000+00:00,62267191.6635,16649,409.949,29438700.8107
2026-03-15 18:00:00+00:00,71787.9,71856.0,71749.2,71771.0,441.449,2026-03-15 18:04:59.999000+00:00,31688854.5948,13499,256.532,18415322.5906
2026-03-15 18:05:00+00:00,71771.0,71784.7,71722.5,71731.8,215.446,2026-03-15 18:09:59.999000+00:00,15460321.2402,7559,110.612,7937792.4226
2026-03-15 18:10:00+00:00,71731.8,71740.5,71667.4,71686.8,219.08,2026-03-15 18:14:59.999000+00:00,15707749.1737,7804,92.334,6619996.8955
2026-03-15 18:15:00+00:00,71686.8,71756.1,71652.8,71729.0,148.173,2026-03-15 18:19:59.999000+00:00,10624941.4243,6292,95.587,6854239.2812
2026-03-15 18:20:00+00:00,71729.0,71741.6,71664.0,71684.1,104.729,2026-03-15 18:24:59.999000+00:00,7508726.783,5069,40.992,2939244.4636
2026-03-15 18:25:00+00:00,71684.1,71718.3,71669.0,71696.5,94.673,2026-03-15 18:29:59.999000+00:00,6786707.3958,4329,46.888,3361223.1382
2026-03-15 18:30:00+00:00,71696.5,71800.0,71696.4,71715.1,654.463,2026-03-15 18:34:59.999000+00:00,46958870.5368,10672,487.266,34961239.4815
2026-03-15 18:35:00+00:00,71715.1,71736.5,71658.3,71658.3,99.509,2026-03-15 18:39:59.999000+00:00,7135456.7728,4570,28.152,2018792.2472
2026-03-15 18:40:00+00:00,71658.3,71693.5,71646.8,71649.9,125.301,2026-03-15 18:44:59.999000+00:00,8980022.7342,4052,62.209,4458429.5516
2026-03-15 18:45:00+00:00,71650.0,71673.2,71380.5,71385.9,1633.235,2026-03-15 18:49:59.999000+00:00,116787749.0617,30520,516.293,36914630.195
2026-03-15 18:50:00+00:00,71385.8,71445.3,71331.4,71355.0,639.171,2026-03-15 18:54:59.999000+00:00,45624093.4348,15953,300.901,21479421.6531
2026-03-15 18:55:00+00:00,71355.0,71355.1,71275.0,71346.8,478.887,2026-03-15 18:59:59.999000+00:00,34153852.6907,12179,232.004,16547139.62
2026-03-15 19:00:00+00:00,71346.7,71447.2,71302.6,71437.0,537.161,2026-03-15 19:04:59.999000+00:00,38347305.5464,16569,319.422,22804778.381
2026-03-15 19:05:00+00:00,71436.9,71436.9,71353.8,71354.0,481.94,2026-03-15 19:09:59.999000+00:00,34413779.6176,10255,206.728,14760985.0684
2026-03-15 19:10:00+00:00,71353.9,71494.7,71300.0,71450.0,487.548,2026-03-15 19:14:59.999000+00:00,34801570.5588,13281,312.606,22312828.0843
2026-03-15 19:15:00+00:00,71449.9,71450.0,71383.7,71444.9,164.535,2026-03-15 19:19:59.999000+00:00,11750922.1023,6375,84.255,6017274.6772
2026-03-15 19:20:00+00:00,71444.8,71481.6,71438.0,71468.8,107.917,2026-03-15 19:24:59.999000+00:00,7711342.4429,3948,70.497,5037446.0297
2026-03-15 19:25:00+00:00,71468.8,71514.8,71466.5,71483.1,91.729,2026-03-15 19:29:59.999000+00:00,6557832.6722,3810,54.849,3921128.8977
2026-03-15 19:30:00+00:00,71483.1,71547.7,71473.2,71498.6,110.796,2026-03-15 19:34:59.999000+00:00,7922273.7863,4476,64.235,4593090.8578
2026-03-15 19:35:00+00:00,71498.7,71498.8,71438.0,71454.3,91.479,2026-03-15 19:39:59.999000+00:00,6537613.798,3991,34.53,2467779.5393
2026-03-15 19:40:00+00:00,71454.3,71482.9,71408.9,71448.3,173.357,2026-03-15 19:44:59.999000+00:00,12386369.4091,5495,82.888,5922792.9054
2026-03-15 19:45:00+00:00,71448.3,71468.8,71419.6,71468.8,156.024,2026-03-15 19:49:59.999000+00:00,11146222.0031,2995,103.292,7378670.0428
2026-03-15 19:50:00+00:00,71468.7,71488.0,71453.3,71470.7,42.441,2026-03-15 19:54:59.999000+00:00,3033288.88,2211,23.522,1681177.8147
2026-03-15 19:55:00+00:00,71470.7,71525.0,71465.3,71515.2,125.253,2026-03-15 19:59:59.999000+00:00,8956058.5175,4362,80.342,5744606.9469
2026-03-15 20:00:00+00:00,71515.2,71515.2,71461.0,71505.6,110.435,2026-03-15 20:04:59.999000+00:00,7895220.6507,4590,54.286,3880955.4338
2026-03-15 20:05:00+00:00,71505.7,71524.7,71479.6,71493.2,69.504,2026-03-15 20:09:59.999000+00:00,4969498.3374,3009,28.211,2017037.3582
2026-03-15 20:10:00+00:00,71493.4,71507.1,71484.2,71497.0,34.573,2026-03-15 20:14:59.999000+00:00,2471816.7143,2163,19.178,1371137.3551
2026-03-15 20:15:00+00:00,71497.1,71536.4,71474.8,71474.8,105.886,2026-03-15 20:19:59.999000+00:00,7572469.9585,3932,68.2,4877573.0298
2026-03-15 20:20:00+00:00,71474.8,71490.0,71460.0,71465.3,81.622,2026-03-15 20:24:59.999000+00:00,5833697.8694,3898,24.088,1721642.9957
2026-03-15 20:25:00+00:00,71465.3,71465.4,71396.4,71449.9,129.186,2026-03-15 20:29:59.999000+00:00,9225611.7302,4836,74.347,5309293.3123
2026-03-15 20:30:00+00:00,71450.0,71714.0,71449.9,71612.9,658.271,2026-03-15 20:34:59.999000+00:00,47156906.2509,20501,408.166,29239860.0307
2026-03-15 20:35:00+00:00,71612.8,71850.0,71612.8,71817.2,729.067,2026-03-15 20:39:59.999000+00:00,52305338.4113,20208,438.863,31482419.7967
2026-03-15 20:40:00+00:00,71817.2,71899.6,71745.5,71810.0,837.51,2026-03-15 20:44:59.999000+00:00,60159028.5814,15893,522.23,37517580.2808
2026-03-15 20:45:00+00:00,71810.0,71850.0,71665.7,71760.0,474.792,2026-03-15 20:49:59.999000+00:00,34061978.1496,10812,121.185,8695470.807
2026-03-15 20:50:00+00:00,71759.9,71777.1,71738.0,71738.1,208.766,2026-03-15 20:54:59.999000+00:00,14979396.8842,5326,86.16,6182455.1819
2026-03-15 20:55:00+00:00,71738.1,71746.2,71676.0,71690.1,287.587,2026-03-15 20:59:59.999000+00:00,20626734.0103,5183,46.605,3342371.2943
2026-03-15 21:00:00+00:00,71690.0,71715.7,71625.2,71651.9,190.284,2026-03-15 21:04:59.999000+00:00,13638182.45,8779,76.415,5477268.4905
2026-03-15 21:05:00+00:00,71651.9,71664.2,71593.0,71620.4,176.616,2026-03-15 21:09:59.999000+00:00,12650698.1138,7417,74.084,5306380.9076
2026-03-15 21:10:00+00:00,71620.3,71629.5,71587.6,71606.4,112.981,2026-03-15 21:14:59.999000+00:00,8090128.2736,3480,56.532,4047902.3634
2026-03-15 21:15:00+00:00,71606.3,71694.0,71605.9,71687.3,122.304,2026-03-15 21:19:59.999000+00:00,8764230.2687,4802,87.387,6261911.0606
2026-03-15 21:20:00+00:00,71687.2,71732.3,71681.8,71690.9,120.096,2026-03-15 21:24:59.999000+00:00,8610650.5831,4393,84.79,6079422.5685
2026-03-15 21:25:00+00:00,71690.8,71777.0,71690.7,71724.8,202.162,2026-03-15 21:29:59.999000+00:00,14504403.7633,6233,103.289,7410707.4887
2026-03-15 21:30:00+00:00,71724.8,71950.0,71724.7,71937.4,992.394,2026-03-15 21:34:59.999000+00:00,71331989.4959,17084,698.458,50202407.6572
2026-03-15 21:35:00+00:00,71937.5,72200.0,71887.3,72050.1,2512.176,2026-03-15 21:39:59.999000+00:00,181058984.4118,37918,1728.888,124590558.3868
2026-03-15 21:40:00+00:00,72050.1,72103.6,71977.0,72073.7,849.44,2026-03-15 21:44:59.999000+00:00,61197915.295,21242,375.741,27070377.3612
2026-03-15 21:45:00+00:00,72073.8,72196.9,72001.3,72022.5,506.882,2026-03-15 21:49:59.999000+00:00,36546484.7204,22644,263.767,19018203.122
2026-03-15 21:50:00+00:00,72022.5,72086.6,71972.3,72009.9,313.409,2026-03-15 21:54:59.999000+00:00,22570513.9769,14926,155.384,11189715.4504
2026-03-15 21:55:00+00:00,72009.7,72090.8,71991.0,72074.6,169.639,2026-03-15 21:59:59.999000+00:00,12220660.6379,7998,84.481,6086042.2006
2026-03-15 22:00:00+00:00,72074.6,72280.0,71960.3,72192.3,1538.341,2026-03-15 22:04:59.999000+00:00,110992200.9319,40392,980.748,70769048.7245
2026-03-15 22:05:00+00:00,72192.2,72206.4,71901.5,71938.8,1079.821,2026-03-15 22:09:59.999000+00:00,77763574.9784,26669,487.978,35133736.7899
2026-03-15 22:10:00+00:00,71938.8,71962.2,71738.0,71768.1,738.277,2026-03-15 22:14:59.999000+00:00,53025953.6479,19038,339.978,24418835.9664
2026-03-15 22:15:00+00:00,71768.1,71834.3,71681.4,71762.6,625.542,2026-03-15 22:19:59.999000+00:00,44878385.3785,16242,349.367,25062861.4428
2026-03-15 22:20:00+00:00,71762.5,71919.9,71737.9,71870.6,635.877,2026-03-15 22:24:59.999000+00:00,45692080.1752,16058,417.28,29984114.6969
2026-03-15 22:25:00+00:00,71870.6,71942.8,71846.9,71896.2,312.578,2026-03-15 22:29:59.999000+00:00,22474990.5228,9810,177.98,12796810.0214
2026-03-15 22:30:00+00:00,71896.3,72213.2,71896.2,72008.6,1265.961,2026-03-15 22:34:59.999000+00:00,91237909.9068,38617,697.434,50264089.5598
2026-03-15 22:35:00+00:00,72008.2,72288.0,72000.8,72279.9,677.536,2026-03-15 22:39:59.999000+00:00,48898817.2871,20963,435.09,31401241.3679
2026-03-15 22:40:00+00:00,72279.9,72470.0,72270.2,72350.1,2436.088,2026-03-15 22:44:59.999000+00:00,176314790.804,47999,1398.045,101190853.1982
2026-03-15 22:45:00+00:00,72350.1,72509.4,72350.1,72461.4,1281.151,2026-03-15 22:49:59.999000+00:00,92829504.3636,31693,678.933,49200480.9633
2026-03-15 22:50:00+00:00,72461.3,73130.2,72457.2,72658.3,5758.619,2026-03-15 22:54:59.999000+00:00,419443358.6369,80016,3944.912,287368708.482
2026-03-15 22:55:00+00:00,72658.2,72816.6,72628.4,72715.6,841.476,2026-03-15 22:59:59.999000+00:00,61176524.1589,24513,422.501,30718000.0699
2026-03-15 23:00:00+00:00,72715.7,72941.8,72703.8,72904.4,1762.896,2026-03-15 23:04:59.999000+00:00,128396306.5201,45021,1029.553,74981012.4561
2026-03-15 23:05:00+00:00,72904.4,73199.9,72853.5,72903.6,2873.211,2026-03-15 23:09:59.999000+00:00,209828429.0051,60921,1586.569,115880039.2889
2026-03-15 23:10:00+00:00,72903.7,73013.2,72808.3,72966.6,869.855,2026-03-15 23:14:59.999000+00:00,63435734.2795,29987,404.716,29514495.8106
2026-03-15 23:15:00+00:00,72966.6,73100.0,72743.8,72854.6,1676.094,2026-03-15 23:19:59.999000+00:00,122180313.9858,42901,796.943,58114660.5458
2026-03-15 23:20:00+00:00,72854.5,72928.9,72401.0,72553.1,3443.945,2026-03-15 23:24:59.999000+00:00,250070031.3092,56003,1115.517,81019205.3668
2026-03-15 23:25:00+00:00,72553.0,72599.3,72421.6,72451.2,762.076,2026-03-15 23:29:59.999000+00:00,55276790.1607,19492,334.76,24285849.3853
2026-03-15 23:30:00+00:00,72451.3,72550.0,72376.2,72473.0,890.251,2026-03-15 23:34:59.999000+00:00,64511002.7519,24170,466.14,33780738.3831
2026-03-15 23:35:00+00:00,72473.1,72577.6,72431.5,72486.1,476.242,2026-03-15 23:39:59.999000+00:00,34525664.2933,18894,245.878,17826706.447
2026-03-15 23:40:00+00:00,72486.0,72713.2,72464.3,72669.9,1113.207,2026-03-15 23:44:59.999000+00:00,80825620.7955,26302,710.692,51593246.7679
2026-03-15 23:45:00+00:00,72669.9,72733.5,72586.0,72663.9,592.962,2026-03-15 23:49:59.999000+00:00,43092527.4558,21840,287.158,20869180.6552
2026-03-15 23:50:00+00:00,72663.9,72671.6,72514.2,72660.6,600.038,2026-03-15 23:54:59.999000+00:00,43565965.3048,20166,314.31,22820431.2912
2026-03-15 23:55:00+00:00,72660.5,72793.9,72660.5,72778.9,386.919,2026-03-15 23:59:59.999000+00:00,28145881.707,11982,224.703,16345240.1161
2026-03-16 00:00:00+00:00,72778.8,72980.1,72774.0,72905.3,1625.132,2026-03-16 00:04:59.999000+00:00,118435805.2316,39477,836.345,60949417.7479
2026-03-16 00:05:00+00:00,72905.3,72943.3,72838.5,72846.5,400.873,2026-03-16 00:09:59.999000+00:00,29223749.4047,19708,172.906,12605347.8032
2026-03-16 00:10:00+00:00,72846.5,72865.0,72667.5,72681.0,658.41,2026-03-16 00:14:59.999000+00:00,47897024.5846,23020,244.995,17821855.6085
2026-03-16 00:15:00+00:00,72681.0,72838.6,72618.8,72639.9,445.68,2026-03-16 00:19:59.999000+00:00,32413118.0958,17086,170.331,12389946.1393
2026-03-16 00:20:00+00:00,72639.9,72646.0,72502.7,72512.2,653.541,2026-03-16 00:24:59.999000+00:00,47432222.5026,19397,313.695,22767217.0783
2026-03-16 00:25:00+00:00,72512.3,72524.3,72462.9,72479.9,368.572,2026-03-16 00:29:59.999000+00:00,26717204.8946,9921,159.72,11577290.712
2026-03-16 00:30:00+00:00,72479.9,72585.9,72472.2,72579.7,393.482,2026-03-16 00:34:59.999000+00:00,28532627.0987,15400,178.708,12959641.956
2026-03-16 00:35:00+00:00,72579.8,72652.4,72506.1,72506.1,632.47,2026-03-16 00:39:59.999000+00:00,45902925.9035,16740,191.032,13865024.2173
2026-03-16 00:40:00+00:00,72506.1,72531.2,72417.9,72482.4,303.154,2026-03-16 00:44:59.999000+00:00,21970656.2961,11093,140.356,10172443.1454
2026-03-16 00:45:00+00:00,72482.3,72614.5,72480.1,72570.1,233.238,2026-03-16 00:49:59.999000+00:00,16917639.2757,10180,148.012,10736115.2319
2026-03-16 00:50:00+00:00,72570.0,72632.1,72533.1,72569.2,260.326,2026-03-16 00:54:59.999000+00:00,18893351.9344,10087,151.026,10960262.1372
2026-03-16 00:55:00+00:00,72569.3,72586.2,72482.0,72497.4,271.801,2026-03-16 00:59:59.999000+00:00,19712462.8097,9722,117.127,8494700.3022
2026-03-16 01:00:00+00:00,72497.4,72592.3,72322.8,72350.1,834.74,2026-03-16 01:04:59.999000+00:00,60466844.7998,22585,350.598,25402962.2664
2026-03-16 01:05:00+00:00,72350.0,72437.8,72343.1,72388.4,414.236,2026-03-16 01:09:59.999000+00:00,29983474.823,14653,216.652,15681511.2228
2026-03-16 01:10:00+00:00,72388.5,72445.5,72235.6,72288.3,633.809,2026-03-16 01:14:59.999000+00:00,45840291.8842,17945,294.232,21280238.4024
2026-03-16 01:15:00+00:00,72288.4,72450.0,72288.4,72436.4,471.08,2026-03-16 01:19:59.999000+00:00,34085036.7106,16312,320.09,23161527.3158
2026-03-16 01:20:00+00:00,72436.4,72584.1,72413.6,72580.1,459.636,2026-03-16 01:24:59.999000+00:00,33325416.9432,17428,292.859,21233155.2511
2026-03-16 01:25:00+00:00,72580.2,72667.5,72521.2,72616.3,629.752,2026-03-16 01:29:59.999000+00:00,45722752.776,22769,405.448,29437680.2817
2026-03-16 01:30:00+00:00,72616.3,72616.3,72451.3,72521.0,322.001,2026-03-16 01:34:59.999000+00:00,23351553.4611,16541,128.378,9310304.0761
2026-03-16 01:35:00+00:00,72521.0,72637.3,72504.0,72538.2,368.746,2026-03-16 01:39:59.999000+00:00,26765232.3311,16715,222.339,16138950.1574
2026-03-16 01:40:00+00:00,72538.1,72600.0,72460.2,72557.3,365.709,2026-03-16 01:44:59.999000+00:00,26523847.6448,13965,166.562,12081133.3291
2026-03-16 01:45:00+00:00,72557.3,72615.1,72550.0,72594.9,185.906,2026-03-16 01:49:59.999000+00:00,13494282.5432,7028,90.593,6575416.4864
2026-03-16 01:50:00+00:00,72595.0,72819.2,72595.0,72792.1,635.785,2026-03-16 01:54:59.999000+00:00,46230702.3665,20356,413.663,30079761.578
2026-03-16 01:55:00+00:00,72792.0,72792.1,72688.4,72724.1,403.335,2026-03-16 01:59:59.999000+00:00,29335683.9607,10694,111.995,8146312.3605
2026-03-16 02:00:00+00:00,72724.2,72821.3,72683.0,72820.5,360.587,2026-03-16 02:04:59.999000+00:00,26233208.4471,11777,207.115,15068939.7237
2026-03-16 02:05:00+00:00,72820.6,72823.5,72709.5,72770.9,288.178,2026-03-16 02:09:59.999000+00:00,20970045.0127,11151,130.287,9480890.218
2026-03-16 02:10:00+00:00,72770.9,72771.0,72633.1,72664.9,242.782,2026-03-16 02:14:59.999000+00:00,17648769.3907,8094,58.664,4265203.2842
2026-03-16 02:15:00+00:00,72665.0,72709.2,72537.7,72537.7,475.508,2026-03-16 02:19:59.999000+00:00,34520496.0067,14208,207.938,15093764.5015
2026-03-16 02:20:00+00:00,72537.8,72560.7,72478.0,72488.9,364.544,2026-03-16 02:24:59.999000+00:00,26433915.2329,11499,163.623,11864955.6993
2026-03-16 02:25:00+00:00,72489.2,72489.3,72350.1,72419.4,542.884,2026-03-16 02:29:59.999000+00:00,39310477.9113,14099,242.084,17528144.6063
2026-03-16 02:30:00+00:00,72419.4,72419.4,72333.0,72359.5,272.933,2026-03-16 02:34:59.999000+00:00,19751530.4879,7958,130.088,9414246.6052
2026-03-16 02:35:00+00:00,72359.5,72459.2,72359.5,72398.5,310.932,2026-03-16 02:39:59.999000+00:00,22511979.7692,10118,168.866,12226086.4593
2026-03-16 02:40:00+00:00,72398.6,72417.6,72370.2,72408.7,138.289,2026-03-16 02:44:59.999000+00:00,10011466.5562,6746,79.041,5722311.0359
2026-03-16 02:45:00+00:00,72408.6,72476.3,72385.2,72414.0,229.797,2026-03-16 02:49:59.999000+00:00,16644212.077,8599,132.853,9622679.5348
2026-03-16 02:50:00+00:00,72414.0,72527.8,72414.0,72494.5,238.668,2026-03-16 02:54:59.999000+00:00,17299887.5936,8367,159.351,11550508.5154
2026-03-16 02:55:00+00:00,72494.4,72564.8,72481.1,72481.1,198.281,2026-03-16 02:59:59.999000+00:00,14380833.6715,7026,112.629,8169076.6746
2026-03-16 03:00:00+00:00,72481.0,72547.0,72400.0,72546.9,287.691,2026-03-16 03:04:59.999000+00:00,20844902.9702,11116,122.147,8850941.1891
2026-03-16 03:05:00+00:00,72547.0,72555.0,72452.8,72550.8,120.677,2026-03-16 03:09:59.999000+00:00,8749999.5264,7127,67.058,4862465.6957
2026-03-16 03:10:00+00:00,72550.8,72558.1,72478.7,72489.7,89.568,2026-03-16 03:14:59.999000+00:00,6495485.4064,4826,43.063,3122982.0593
2026-03-16 03:15:00+00:00,72489.6,72589.1,72455.0,72567.7,265.914,2026-03-16 03:19:59.999000+00:00,19289082.3975,8821,176.911,12834517.7802
2026-03-16 03:20:00+00:00,72567.6,72835.3,72554.2,72808.6,1043.846,2026-03-16 03:24:59.999000+00:00,75904066.7475,22363,753.742,54806561.6855
2026-03-16 03:25:00+00:00,72808.6,72846.0,72700.1,72822.0,670.611,2026-03-16 03:29:59.999000+00:00,48804652.0281,18881,281.781,20510983.0299
2026-03-16 03:30:00+00:00,72821.9,73763.0,72819.0,73701.5,10026.003,2026-03-16 03:34:59.999000+00:00,735697848.7631,131995,6271.453,460190296.6357
2026-03-16 03:35:00+00:00,73701.4,74096.4,73602.3,73967.6,10252.009,2026-03-16 03:39:59.999000+00:00,757277888.2752,145907,5918.678,437233089.8697
2026-03-16 03:40:00+00:00,73967.6,74307.3,73670.7,73747.1,7726.423,2026-03-16 03:44:59.999000+00:00,571594149.5469,101565,4137.698,306086057.24
2026-03-16 03:45:00+00:00,73747.1,73864.3,73507.6,73619.1,2800.118,2026-03-16 03:49:59.999000+00:00,206226023.6608,52377,1190.44,87677172.5528
2026-03-16 03:50:00+00:00,73619.2,73720.0,73589.1,73719.9,1377.663,2026-03-16 03:54:59.999000+00:00,101494876.4009,24650,917.961,67630063.5655
2026-03-16 03:55:00+00:00,73720.0,73720.8,73521.6,73539.5,585.601,2026-03-16 03:59:59.999000+00:00,43109819.5849,17167,205.459,15126327.0418
2026-03-16 04:00:00+00:00,73539.5,73739.9,73539.4,73682.7,1252.925,2026-03-16 04:04:59.999000+00:00,92271607.4254,31345,703.978,51844281.5793
2026-03-16 04:05:00+00:00,73682.6,73770.0,73561.3,73630.7,1518.346,2026-03-16 04:09:59.999000+00:00,111893286.1913,29290,955.574,70421478.4371
2026-03-16 04:10:00+00:00,73630.8,73660.0,73551.2,73655.5,1257.861,2026-03-16 04:14:59.999000+00:00,92589182.6211,17925,682.956,50276497.8835
2026-03-16 04:15:00+00:00,73655.5,73822.7,73650.0,73778.0,1174.311,2026-03-16 04:19:59.999000+00:00,86612763.8845,20522,669.602,49387119.3146
2026-03-16 04:20:00+00:00,73778.0,74026.3,73727.6,73784.6,2897.29,2026-03-16 04:24:59.999000+00:00,213998688.4288,35358,1462.515,108016676.3243
2026-03-16 04:25:00+00:00,73784.6,73784.7,73550.8,73572.8,1931.898,2026-03-16 04:29:59.999000+00:00,142202042.8488,25946,1199.824,88303349.2269
2026-03-16 04:30:00+00:00,73572.9,73763.0,73572.8,73650.2,658.362,2026-03-16 04:34:59.999000+00:00,48486931.9966,19340,369.297,27195205.2958
2026-03-16 04:35:00+00:00,73650.1,73798.1,73600.0,73620.0,1513.668,2026-03-16 04:39:59.999000+00:00,111508781.3514,27940,964.263,71036189.0677
2026-03-16 04:40:00+00:00,73620.0,73720.0,73575.7,73593.6,1086.319,2026-03-16 04:44:59.999000+00:00,79984159.6838,16198,789.646,58139978.1967
2026-03-16 04:45:00+00:00,73593.6,74007.0,73560.5,73980.4,2281.033,2026-03-16 04:49:59.999000+00:00,168372019.4873,37630,1568.272,115755681.7288
2026-03-16 04:50:00+00:00,73980.4,74388.0,73885.9,74319.1,5199.724,2026-03-16 04:54:59.999000+00:00,385195130.4209,52213,2713.791,201129229.5735
2026-03-16 04:55:00+00:00,74319.1,74444.0,73760.0,73799.5,4338.797,2026-03-16 04:59:59.999000+00:00,320937452.2078,51251,1851.822,136982757.339
2026-03-16 05:00:00+00:00,73799.4,73863.4,73716.0,73800.3,1884.49,2026-03-16 05:04:59.999000+00:00,139059760.08,29171,955.513,70510722.591
2026-03-16 05:05:00+00:00,73800.3,73898.3,73704.5,73862.7,1519.62,2026-03-16 05:09:59.999000+00:00,112144626.1162,23740,821.551,60630508.3005
2026-03-16 05:10:00+00:00,73862.6,74062.8,73799.1,73830.0,2780.941,2026-03-16 05:14:59.999000+00:00,205669457.45,35832,1671.638,123642374.2715
2026-03-16 05:15:00+00:00,73830.1,73867.4,73751.0,73860.1,982.1,2026-03-16 05:19:59.999000+00:00,72480037.4428,17010,641.363,47330808.797
2026-03-16 05:20:00+00:00,73860.0,73938.1,73810.0,73903.8,1245.579,2026-03-16 05:24:59.999000+00:00,92011516.431,21236,694.726,51320209.8689
2026-03-16 05:25:00+00:00,73903.8,73940.7,73844.2,73874.3,644.555,2026-03-16 05:29:59.999000+00:00,47631008.793,11921,380.647,28128437.3141
2026-03-16 05:30:00+00:00,73874.4,73874.4,73677.9,73750.0,1000.759,2026-03-16 05:34:59.999000+00:00,73831786.4438,19511,502.535,37073984.1179
2026-03-16 05:35:00+00:00,73750.0,73935.8,73716.1,73911.3,553.294,2026-03-16 05:39:59.999000+00:00,40851590.2963,11485,335.427,24761036.89
2026-03-16 05:40:00+00:00,73911.2,74070.1,73908.7,74014.4,1065.037,2026-03-16 05:44:59.999000+00:00,78808975.1772,21472,596.44,44133646.2427
2026-03-16 05:45:00+00:00,74014.4,74080.1,73964.6,74046.2,1071.356,2026-03-16 05:49:59.999000+00:00,79313011.835,21997,533.175,39472033.0442
2026-03-16 05:50:00+00:00,74046.2,74118.8,73965.0,74022.2,954.455,2026-03-16 05:54:59.999000+00:00,70699993.7772,23550,496.368,36768640.461
2026-03-16 05:55:00+00:00,74022.2,74237.0,74019.6,74176.5,1489.777,2026-03-16 05:59:59.999000+00:00,110473070.5963,33805,953.275,70686191.1301
2026-03-16 06:00:00+00:00,74176.6,74181.4,73859.0,73875.1,1243.985,2026-03-16 06:04:59.999000+00:00,92045894.9098,27463,521.8,38611212.313
2026-03-16 06:05:00+00:00,73875.1,73911.6,73684.0,73687.7,1498.037,2026-03-16 06:09:59.999000+00:00,110498457.5384,24757,440.106,32468897.5089
2026-03-16 06:10:00+00:00,73687.8,73753.9,73549.7,73675.6,1821.661,2026-03-16 06:14:59.999000+00:00,134146962.8088,29127,881.637,64929049.1042
2026-03-16 06:15:00+00:00,73675.7,73796.5,73653.4,73750.0,1060.594,2026-03-16 06:19:59.999000+00:00,78179803.2224,19926,508.487,37480018.8598
2026-03-16 06:20:00+00:00,73750.0,73794.8,73659.6,73750.1,453.16,2026-03-16 06:24:59.999000+00:00,33417590.2933,12724,196.707,14504746.6346
2026-03-16 06:25:00+00:00,73750.1,73800.0,73660.3,73683.1,302.541,2026-03-16 06:29:59.999000+00:00,22301180.0364,10319,143.59,10585043.177
2026-03-16 06:30:00+00:00,73683.1,73772.0,73663.1,73687.5,200.857,2026-03-16 06:34:59.999000+00:00,14805425.0834,10747,107.704,7938866.6059
2026-03-16 06:35:00+00:00,73687.6,73818.1,73682.6,73786.1,343.792,2026-03-16 06:39:59.999000+00:00,25358395.9082,11942,224.132,16532492.652
2026-03-16 06:40:00+00:00,73786.0,73825.6,73756.8,73785.7,618.189,2026-03-16 06:44:59.999000+00:00,45612712.0824,12402,372.406,27477657.8284
2026-03-16 06:45:00+00:00,73785.8,73800.1,73704.6,73767.2,207.19,2026-03-16 06:49:59.999000+00:00,15281110.1392,8110,106.492,7854121.612
2026-03-16 06:50:00+00:00,73767.3,73789.2,73735.0,73768.2,312.621,2026-03-16 06:54:59.999000+00:00,23061522.9712,6685,108.223,7983026.5146
2026-03-16 06:55:00+00:00,73768.1,73798.0,73672.4,73680.7,247.751,2026-03-16 06:59:59.999000+00:00,18270727.8135,8360,117.923,8696621.6138
2026-03-16 07:00:00+00:00,73680.6,73874.5,73628.0,73835.0,736.197,2026-03-16 07:04:59.999000+00:00,54295689.0005,17265,398.127,29365505.6871
2026-03-16 07:05:00+00:00,73834.9,73855.6,73796.0,73829.9,355.271,2026-03-16 07:09:59.999000+00:00,26230493.2404,9549,204.185,15075332.5862
2026-03-16 07:10:00+00:00,73829.9,73886.0,73812.6,73820.0,380.114,2026-03-16 07:14:59.999000+00:00,28072565.4942,10504,213.718,15783720.6393
2026-03-16 07:15:00+00:00,73819.9,73819.9,73674.0,73714.6,379.612,2026-03-16 07:19:59.999000+00:00,27988492.9123,14249,131.498,9694778.0836
2026-03-16 07:20:00+00:00,73714.6,73747.2,73666.0,73666.0,199.886,2026-03-16 07:24:59.999000+00:00,14732783.5133,6582,90.649,6681539.9255
2026-03-16 07:25:00+00:00,73666.1,73810.0,73663.8,73800.0,751.211,2026-03-16 07:29:59.999000+00:00,55383508.7527,12716,371.009,27352760.6634
2026-03-16 07:30:00+00:00,73800.0,73836.8,73635.0,73635.0,299.863,2026-03-16 07:34:59.999000+00:00,22115053.2285,9362,96.105,7089228.1623
2026-03-16 07:35:00+00:00,73635.1,73679.5,73389.2,73442.5,1486.365,2026-03-16 07:39:59.999000+00:00,109251673.2939,29752,510.636,37543383.573
2026-03-16 07:40:00+00:00,73442.5,73561.0,73430.1,73447.9,707.118,2026-03-16 07:44:59.999000+00:00,51973499.8195,18877,325.749,23943512.3378
2026-03-16 07:45:00+00:00,73447.9,73500.0,73400.0,73432.1,679.664,2026-03-16 07:49:59.999000+00:00,49918722.6083,17801,373.86,27457980.0245
2026-03-16 07:50:00+00:00,73432.2,73448.9,73345.9,73424.4,898.108,2026-03-16 07:54:59.999000+00:00,65916464.0369,20367,479.487,35192182.9033
2026-03-16 07:55:00+00:00,73424.5,73484.6,73414.4,73427.7,458.873,2026-03-16 07:59:59.999000+00:00,33708988.5989,9499,252.03,18513905.45
2026-03-16 08:00:00+00:00,73427.8,73680.0,73427.7,73650.2,1250.774,2026-03-16 08:04:59.999000+00:00,92048824.5901,19219,710.461,52279725.9361
2026-03-16 08:05:00+00:00,73650.1,73722.5,73614.2,73667.9,492.019,2026-03-16 08:09:59.999000+00:00,36245725.3426,12208,311.023,22910827.3376
2026-03-16 08:10:00+00:00,73667.9,73755.8,73472.6,73480.1,598.599,2026-03-16 08:14:59.999000+00:00,44081531.6902,15587,241.546,17786362.6092
2026-03-16 08:15:00+00:00,73480.0,73487.7,73340.5,73437.5,812.365,2026-03-16 08:19:59.999000+00:00,59622099.259,20685,430.877,31625258.2983
2026-03-16 08:20:00+00:00,73437.5,73538.4,73364.1,73494.2,459.258,2026-03-16 08:24:59.999000+00:00,33736373.3414,14898,274.7,20182201.8657
2026-03-16 08:25:00+00:00,73494.2,73494.2,73327.9,73327.9,354.436,2026-03-16 08:29:59.999000+00:00,26008023.8312,11802,142.396,10448600.7294
2026-03-16 08:30:00+00:00,73327.9,73341.0,73192.3,73213.2,1098.384,2026-03-16 08:34:59.999000+00:00,80472978.9708,26715,472.983,34653077.0954
2026-03-16 08:35:00+00:00,73213.1,73291.8,73158.0,73167.3,741.328,2026-03-16 08:39:59.999000+00:00,54282829.2572,18898,254.016,18600733.2214
2026-03-16 08:40:00+00:00,73167.3,73260.0,72841.9,72871.4,2982.31,2026-03-16 08:44:59.999000+00:00,217869007.4131,43503,1092.308,79797952.9262
2026-03-16 08:45:00+00:00,72871.5,73125.9,72854.2,73050.2,2877.459,2026-03-16 08:49:59.999000+00:00,210037349.6943,40223,1768.345,129042669.5226
2026-03-16 08:50:00+00:00,73050.2,73179.8,72853.9,73141.1,1426.734,2026-03-16 08:54:59.999000+00:00,104159519.1281,32194,759.563,55481335.3459
2026-03-16 08:55:00+00:00,73141.1,73158.4,73082.0,73098.3,319.22,2026-03-16 08:59:59.999000+00:00,23341226.7233,10371,178.112,13023617.0456
2026-03-16 09:00:00+00:00,73098.4,73135.3,73060.5,73087.6,310.319,2026-03-16 09:04:59.999000+00:00,22683306.9825,11069,156.458,11436783.2399
2026-03-16 09:05:00+00:00,73087.7,73135.3,73030.0,73135.3,284.738,2026-03-16 09:09:59.999000+00:00,20804047.4849,10491,131.783,9629110.5592
2026-03-16 09:10:00+00:00,73135.5,73183.1,73097.7,73097.7,448.884,2026-03-16 09:14:59.999000+00:00,32835024.6761,12830,175.896,12866368.2627
2026-03-16 09:15:00+00:00,73097.8,73180.0,73097.7,73167.0,287.283,2026-03-16 09:19:59.999000+00:00,21014251.4279,10942,171.484,12543517.5814
2026-03-16 09:20:00+00:00,73167.0,73222.0,73110.0,73141.1,537.952,2026-03-16 09:24:59.999000+00:00,39357050.6699,11835,198.712,14538891.1516
2026-03-16 09:25:00+00:00,73141.1,73247.1,73140.9,73235.6,422.198,2026-03-16 09:29:59.999000+00:00,30910698.7822,12371,238.403,17453437.5812
2026-03-16 09:30:00+00:00,73235.6,73240.9,73141.2,73170.7,357.193,2026-03-16 09:34:59.999000+00:00,26144548.0294,12214,144.558,10580904.4065
2026-03-16 09:35:00+00:00,73170.7,73234.2,73151.2,73151.3,199.479,2026-03-16 09:39:59.999000+00:00,14601882.6214,7575,98.535,7212968.1667
2026-03-16 09:40:00+00:00,73151.3,73231.3,73151.3,73157.7,179.325,2026-03-16 09:44:59.999000+00:00,13125315.2969,8305,74.665,5465366.5697
2026-03-16 09:45:00+00:00,73157.6,73274.9,73151.2,73256.8,373.771,2026-03-16 09:49:59.999000+00:00,27363800.7267,11725,231.428,16944623.3107
2026-03-16 09:50:00+00:00,73256.7,73299.7,73231.9,73238.1,439.979,2026-03-16 09:54:59.999000+00:00,32236679.9369,13511,219.774,16102935.4202
2026-03-16 09:55:00+00:00,73238.1,73259.8,73200.0,73219.7,177.239,2026-03-16 09:59:59.999000+00:00,12979195.1816,5791,55.999,4101088.8446
2026-03-16 10:00:00+00:00,73219.7,73498.5,73219.6,73369.6,1352.251,2026-03-16 10:04:59.999000+00:00,99193420.7504,27501,804.865,59044915.9124
2026-03-16 10:05:00+00:00,73369.6,73369.7,73243.6,73324.5,345.069,2026-03-16 10:09:59.999000+00:00,25299295.0937,11275,180.831,13259104.5989
2026-03-16 10:10:00+00:00,73324.6,73340.0,73280.0,73298.1,264.992,2026-03-16 10:14:59.999000+00:00,19427205.2781,10486,117.804,8636458.7452
2026-03-16 10:15:00+00:00,73298.2,73374.3,73280.7,73292.8,325.252,2026-03-16 10:19:59.999000+00:00,23852603.7563,12112,193.091,14160673.571
2026-03-16 10:20:00+00:00,73292.8,73460.4,73265.0,73404.4,399.356,2026-03-16 10:24:59.999000+00:00,29297447.198,14190,184.529,13538877.6273
2026-03-16 10:25:00+00:00,73404.4,73424.0,73362.3,73402.1,285.613,2026-03-16 10:29:59.999000+00:00,20962375.1507,10291,166.947,12252870.0923
2026-03-16 10:30:00+00:00,73402.2,73402.2,73243.1,73257.8,455.677,2026-03-16 10:34:59.999000+00:00,33414004.5229,14318,187.763,13769070.9095
2026-03-16 10:35:00+00:00,73257.7,73257.8,73159.2,73194.7,544.5,2026-03-16 10:39:59.999000+00:00,39858679.5358,14603,243.592,17831797.1603
2026-03-16 10:40:00+00:00,73194.7,73267.8,73186.9,73218.8,234.046,2026-03-16 10:44:59.999000+00:00,17138043.5558,10423,111.089,8134598.1404
2026-03-16 10:45:00+00:00,73218.7,73428.6,73184.5,73415.0,442.044,2026-03-16 10:49:59.999000+00:00,32407608.1178,13879,318.792,23376179.4144
2026-03-16 10:50:00+00:00,73415.1,73666.0,73407.3,73519.1,1683.369,2026-03-16 10:54:59.999000+00:00,123754963.1643,34563,991.871,72925470.4009
2026-03-16 10:55:00+00:00,73519.1,73762.9,73519.1,73745.5,2001.784,2026-03-16 10:59:59.999000+00:00,147461437.1968,39275,1326.147,97696859.2273
2026-03-16 11:00:00+00:00,73745.5,73856.6,73655.9,73678.4,1368.5,2026-03-16 11:04:59.999000+00:00,100898416.8048,28841,873.971,64441984.5016
2026-03-16 11:05:00+00:00,73678.4,73698.1,73619.9,73622.2,523.945,2026-03-16 11:09:59.999000+00:00,38594680.3508,13742,187.796,13832990.775
2026-03-16 11:10:00+00:00,73622.2,73692.8,73561.2,73569.4,351.355,2026-03-16 11:14:59.999000+00:00,25870624.5915,11102,174.236,12830138.303
2026-03-16 11:15:00+00:00,73569.3,73710.7,73555.8,73683.6,345.899,2026-03-16 11:19:59.999000+00:00,25464885.34,11562,184.316,13570194.3153
2026-03-16 11:20:00+00:00,73683.7,73707.0,73539.8,73572.6,306.581,2026-03-16 11:24:59.999000+00:00,22562099.98,12322,135.09,9941732.4191
2026-03-16 11:25:00+00:00,73572.6,73662.5,73501.1,73519.3,435.675,2026-03-16 11:29:59.999000+00:00,32060335.6043,13258,248.308,18273698.369
2026-03-16 11:30:00+00:00,73519.2,73572.6,73466.3,73554.5,423.345,2026-03-16 11:34:59.999000+00:00,31118436.3319,11475,182.04,13382116.7998
2026-03-16 11:35:00+00:00,73554.6,73582.5,73508.1,73582.5,258.288,2026-03-16 11:39:59.999000+00:00,18993463.7711,7435,147.032,10812197.5102
2026-03-16 11:40:00+00:00,73582.4,73630.0,73554.1,73577.6,385.973,2026-03-16 11:44:59.999000+00:00,28403824.661,9236,225.483,16592312.561
2026-03-16 11:45:00+00:00,73577.5,73633.8,73550.3,73554.4,267.461,2026-03-16 11:49:59.999000+00:00,19682379.9692,9221,174.312,12827539.3399
2026-03-16 11:50:00+00:00,73554.3,73589.4,73487.4,73546.1,230.569,2026-03-16 11:54:59.999000+00:00,16955682.4685,8381,115.371,8484160.7413
2026-03-16 11:55:00+00:00,73546.1,73564.1,73500.1,73515.3,320.447,2026-03-16 11:59:59.999000+00:00,23559404.1467,7753,208.221,15307343.2277
2026-03-16 12:00:00+00:00,73515.3,73768.6,73493.8,73577.3,932.935,2026-03-16 12:04:59.999000+00:00,68690108.3457,22271,543.383,40001242.0588
2026-03-16 12:05:00+00:00,73577.3,73631.2,73442.9,73556.6,874.115,2026-03-16 12:09:59.999000+00:00,64257174.1665,21198,408.535,30032354.8424
2026-03-16 12:10:00+00:00,73556.6,73572.9,73420.4,73560.1,648.649,2026-03-16 12:14:59.999000+00:00,47679143.0987,17421,339.287,24938623.449
2026-03-16 12:15:00+00:00,73560.0,73675.2,73443.9,73657.0,865.915,2026-03-16 12:19:59.999000+00:00,63683152.4386,21206,553.488,40705420.3952
2026-03-16 12:20:00+00:00,73656.9,73761.6,73525.1,73726.8,1039.307,2026-03-16 12:24:59.999000+00:00,76568268.6099,24714,543.014,40001939.7405
2026-03-16 12:25:00+00:00,73726.7,73867.6,73618.8,73838.3,1229.601,2026-03-16 12:29:59.999000+00:00,90708346.0566,31844,708.774,52291390.2279
2026-03-16 12:30:00+00:00,73838.2,74043.0,73728.5,73878.2,2650.538,2026-03-16 12:34:59.999000+00:00,195939077.6228,49337,1689.973,124931039.1113
2026-03-16 12:35:00+00:00,73878.2,73934.8,73723.8,73773.5,880.521,2026-03-16 12:39:59.999000+00:00,64982102.9299,24129,473.915,34977084.1243
2026-03-16 12:40:00+00:00,73773.6,73820.0,73728.1,73771.9,472.583,2026-03-16 12:44:59.999000+00:00,34862573.9418,14414,267.577,19738625.764
2026-03-16 12:45:00+00:00,73772.0,73840.0,73674.3,73751.1,519.094,2026-03-16 12:49:59.999000+00:00,38278510.9696,14742,265.788,19602055.9263
2026-03-16 12:50:00+00:00,73751.1,73794.5,73711.0,73756.3,419.401,2026-03-16 12:54:59.999000+00:00,30926702.0176,11523,150.959,11132721.2355
2026-03-16 12:55:00+00:00,73756.3,73850.0,73745.8,73830.0,344.729,2026-03-16 12:59:59.999000+00:00,25447706.8142,9343,231.001,17053108.5899
2026-03-16 13:00:00+00:00,73830.0,73900.0,73812.6,73900.0,335.215,2026-03-16 13:04:59.999000+00:00,24759571.2317,10793,212.52,15697487.0888
2026-03-16 13:05:00+00:00,73899.9,73978.6,73803.7,73832.4,603.422,2026-03-16 13:09:59.999000+00:00,44598422.6213,16581,337.377,24934383.6309
2026-03-16 13:10:00+00:00,73832.4,73934.8,73800.0,73930.5,284.475,2026-03-16 13:14:59.999000+00:00,21014739.9548,10705,151.771,11212714.8091
2026-03-16 13:15:00+00:00,73930.5,73957.5,73746.3,73766.4,535.624,2026-03-16 13:19:59.999000+00:00,39556977.0834,14949,156.788,11577708.1248
2026-03-16 13:20:00+00:00,73766.4,73930.1,73748.7,73900.0,310.682,2026-03-16 13:24:59.999000+00:00,22942638.3177,10976,182.119,13449278.107
2026-03-16 13:25:00+00:00,73900.1,73923.1,73825.1,73869.2,326.26,2026-03-16 13:29:59.999000+00:00,24103624.8848,9926,144.792,10696593.2336
2026-03-16 13:30:00+00:00,73869.1,74319.0,73800.0,74284.5,3244.143,2026-03-16 13:34:59.999000+00:00,240455565.8575,59982,2412.954,178851879.5383
2026-03-16 13:35:00+00:00,74284.5,74388.5,74183.4,74300.3,2616.845,2026-03-16 13:39:59.999000+00:00,194403643.4863,59950,1459.29,108426088.0767
2026-03-16 13:40:00+00:00,74300.3,74481.5,73940.0,74045.7,3236.809,2026-03-16 13:44:59.999000+00:00,240258479.9715,65782,1408.147,104606059.167
2026-03-16 13:45:00+00:00,74045.7,74368.9,74023.2,74155.4,2270.795,2026-03-16 13:49:59.999000+00:00,168565081.8608,55618,1270.418,94305100.4287
2026-03-16 13:50:00+00:00,74155.6,74235.3,73850.1,73859.4,1633.463,2026-03-16 13:54:59.999000+00:00,120849157.6025,45702,758.384,56100812.2197
2026-03-16 13:55:00+00:00,73859.5,74075.0,73823.6,74075.0,933.135,2026-03-16 13:59:59.999000+00:00,68994422.4986,33959,480.74,35547778.2512
2026-03-16 14:00:00+00:00,74075.0,74350.3,73924.3,74190.7,2117.4,2026-03-16 14:04:59.999000+00:00,157122613.0371,52101,1372.051,101824578.5986
2026-03-16 14:05:00+00:00,74190.8,74450.0,74110.0,74323.7,1235.707,2026-03-16 14:09:59.999000+00:00,91823179.8012,38565,670.58,49837689.2431
2026-03-16 14:10:00+00:00,74323.8,74412.1,74161.8,74250.6,930.867,2026-03-16 14:14:59.999000+00:00,69158811.2389,37078,423.165,31439425.5452
2026-03-16 14:15:00+00:00,74250.9,74346.7,74114.8,74114.8,637.145,2026-03-16 14:19:59.999000+00:00,47301172.7004,34030,320.564,23799111.2724
2026-03-16 14:20:00+00:00,74114.8,74270.7,74060.0,74129.9,740.566,2026-03-16 14:24:59.999000+00:00,54914867.5385,32789,371.626,27559453.7812
2026-03-16 14:25:00+00:00,74129.9,74139.9,73550.0,73581.0,2631.392,2026-03-16 14:29:59.999000+00:00,194171403.1503,58219,902.395,66601086.0185
2026-03-16 14:30:00+00:00,73581.0,73616.8,73205.1,73405.7,6658.633,2026-03-16 14:34:59.999000+00:00,488382920.8969,95563,2425.346,177928352.5239
2026-03-16 14:35:00+00:00,73405.6,73504.2,73090.7,73137.0,2295.99,2026-03-16 14:39:59.999000+00:00,168223439.7862,56068,1054.782,77309404.1607
2026-03-16 14:40:00+00:00,73137.0,73310.6,72926.4,73106.7,4126.874,2026-03-16 14:44:59.999000+00:00,301535973.6117,72967,1631.521,119236535.4778
2026-03-16 14:45:00+00:00,73106.7,73213.7,73060.4,73083.4,1111.409,2026-03-16 14:49:59.999000+00:00,81284339.5386,36879,688.788,50375010.2621
2026-03-16 14:50:00+00:00,73083.3,73357.0,72963.1,73330.1,1430.595,2026-03-16 14:54:59.999000+00:00,104691185.9457,42121,831.073,60811528.8373
2026-03-16 14:55:00+00:00,73330.1,73551.8,73305.1,73519.8,1374.433,2026-03-16 14:59:59.999000+00:00,100925188.1492,38453,733.955,53896115.5311
2026-03-16 15:00:00+00:00,73519.8,73581.2,73350.0,73473.4,962.837,2026-03-16 15:04:59.999000+00:00,70728224.6733,36391,416.793,30619011.6187
2026-03-16 15:05:00+00:00,73473.4,73545.4,73283.4,73545.4,812.143,2026-03-16 15:09:59.999000+00:00,59611183.7178,32748,347.389,25503736.562
2026-03-16 15:10:00+00:00,73545.3,73769.0,73429.3,73636.2,1138.383,2026-03-16 15:14:59.999000+00:00,83798703.2088,33893,736.706,54238440.9851
2026-03-16 15:15:00+00:00,73636.2,73782.5,73520.6,73746.2,982.75,2026-03-16 15:19:59.999000+00:00,72379610.1512,35811,591.412,43559683.0953
2026-03-16 15:20:00+00:00,73746.3,73869.0,73713.6,73808.8,1131.815,2026-03-16 15:24:59.999000+00:00,83530985.5189,31410,531.993,39264853.178
2026-03-16 15:25:00+00:00,73808.8,73814.5,73704.0,73800.0,746.114,2026-03-16 15:29:59.999000+00:00,55037910.251,22724,333.944,24634691.9466
2026-03-16 15:30:00+00:00,73800.0,74000.0,73633.9,73675.6,1461.714,2026-03-16 15:34:59.999000+00:00,107888748.9064,39494,734.474,54227492.3433
2026-03-16 15:35:00+00:00,73675.7,73790.6,73586.7,73608.1,806.175,2026-03-16 15:39:59.999000+00:00,59384400.6714,25203,501.547,36947388.5455
2026-03-16 15:40:00+00:00,73608.0,73629.4,73456.3,73513.5,1080.782,2026-03-16 15:44:59.999000+00:00,79477916.6089,26459,502.464,36948021.3552
2026-03-16 15:45:00+00:00,73513.5,73584.1,73476.4,73495.7,977.123,2026-03-16 15:49:59.999000+00:00,71847489.6114,21251,366.781,26970630.3858
2026-03-16 15:50:00+00:00,73495.7,73501.9,73260.0,73344.3,1691.152,2026-03-16 15:54:59.999000+00:00,124048291.1776,35347,830.054,60878817.7063
2026-03-16 15:55:00+00:00,73344.4,73344.4,73141.1,73240.2,960.151,2026-03-16 15:59:59.999000+00:00,70307119.443,27158,506.139,37064518.9881
2026-03-16 16:00:00+00:00,73240.2,73315.0,73122.0,73217.2,924.599,2026-03-16 16:04:59.999000+00:00,67686390.1449,31750,455.985,33384171.143
2026-03-16 16:05:00+00:00,73217.2,73500.0,73200.0,73289.9,1014.968,2026-03-16 16:09:59.999000+00:00,74447642.7508,31240,550.425,40377103.7963
2026-03-16 16:10:00+00:00,73289.8,73360.0,73216.9,73307.7,341.33,2026-03-16 16:14:59.999000+00:00,25012097.8704,15872,194.174,14229342.8489
2026-03-16 16:15:00+00:00,73307.6,73461.5,73299.6,73407.7,774.488,2026-03-16 16:19:59.999000+00:00,56841323.0395,24766,547.828,40206105.6509
2026-03-16 16:20:00+00:00,73407.7,73456.2,73344.5,73384.9,583.982,2026-03-16 16:24:59.999000+00:00,42868084.6792,18747,316.014,23197580.1466
2026-03-16 16:25:00+00:00,73384.9,73461.5,73330.2,73388.6,602.904,2026-03-16 16:29:59.999000+00:00,44247638.307,20072,392.127,28777253.0047
2026-03-16 16:30:00+00:00,73388.6,73550.0,73289.4,73386.0,908.027,2026-03-16 16:34:59.999000+00:00,66648911.7462,28431,646.084,47420084.5407
2026-03-16 16:35:00+00:00,73385.8,73502.0,73335.6,73417.6,343.527,2026-03-16 16:39:59.999000+00:00,25219811.6944,17599,170.363,12506521.4188
2026-03-16 16:40:00+00:00,73417.7,73650.1,73404.9,73633.4,592.06,2026-03-16 16:44:59.999000+00:00,43558766.3684,20301,372.469,27403265.9538
2026-03-16 16:45:00+00:00,73633.3,73763.0,73566.2,73694.1,836.631,2026-03-16 16:49:59.999000+00:00,61624821.9863,27625,570.815,42047734.7643
2026-03-16 16:50:00+00:00,73694.1,73887.5,73682.0,73785.9,1270.394,2026-03-16 16:54:59.999000+00:00,93751430.2947,29180,813.266,60015434.5997
2026-03-16 16:55:00+00:00,73785.8,73822.0,73674.7,73726.3,434.304,2026-03-16 16:59:59.999000+00:00,32026800.9677,18142,188.83,13924732.63
2026-03-16 17:00:00+00:00,73726.4,73920.0,73654.2,73746.1,827.933,2026-03-16 17:04:59.999000+00:00,61098594.6308,28426,453.641,33477889.6805
2026-03-16 17:05:00+00:00,73746.1,73839.2,73664.2,73696.0,455.072,2026-03-16 17:09:59.999000+00:00,33553491.015,21139,215.651,15899758.3007
2026-03-16 17:10:00+00:00,73696.1,73857.5,73691.5,73801.5,308.826,2026-03-16 17:14:59.999000+00:00,22788711.5486,16472,175.645,12962008.9985
2026-03-16 17:15:00+00:00,73801.6,73856.8,73711.4,73810.6,377.175,2026-03-16 17:19:59.999000+00:00,27828945.7821,16959,179.573,13248518.2468
2026-03-16 17:20:00+00:00,73810.5,73850.0,73714.0,73746.6,258.507,2026-03-16 17:24:59.999000+00:00,19073343.3396,11767,142.397,10507022.7866
2026-03-16 17:25:00+00:00,73746.6,73796.6,73626.2,73651.7,378.066,2026-03-16 17:29:59.999000+00:00,27861248.2394,14545,150.441,11087629.1867
2026-03-16 17:30:00+00:00,73651.8,73842.6,73614.4,73630.1,354.244,2026-03-16 17:34:59.999000+00:00,26111486.7829,18459,176.276,12994933.0314
2026-03-16 17:35:00+00:00,73630.1,73933.0,73630.0,73913.3,994.031,2026-03-16 17:39:59.999000+00:00,73376737.1754,24861,703.469,51922574.6164
2026-03-16 17:40:00+00:00,73913.1,73935.6,73846.8,73862.3,801.265,2026-03-16 17:44:59.999000+00:00,59207851.8719,15177,319.159,23583893.9245
2026-03-16 17:45:00+00:00,73862.2,74066.0,73832.1,73913.6,1189.016,2026-03-16 17:49:59.999000+00:00,87931268.258,31429,751.115,55548075.0111
2026-03-16 17:50:00+00:00,73913.6,73928.9,73731.0,73920.1,556.93,2026-03-16 17:54:59.999000+00:00,41119933.1357,22285,286.534,21157638.455
2026-03-16 17:55:00+00:00,73920.2,73940.9,73871.3,73911.7,250.702,2026-03-16 17:59:59.999000+00:00,18530486.6225,10287,106.41,7865152.4017
2026-03-16 18:00:00+00:00,73911.7,73966.0,73871.6,73940.5,488.885,2026-03-16 18:04:59.999000+00:00,36136476.1222,15150,214.503,15854597.5236
2026-03-16 18:05:00+00:00,73940.6,74300.0,73917.6,74284.6,1762.233,2026-03-16 18:09:59.999000+00:00,130667992.4854,41837,1180.52,87536508.8938
2026-03-16 18:10:00+00:00,74284.5,74310.2,74122.6,74178.5,1169.667,2026-03-16 18:14:59.999000+00:00,86797020.7144,32282,659.904,48971549.0856
2026-03-16 18:15:00+00:00,74178.5,74270.1,74143.1,74143.3,777.285,2026-03-16 18:19:59.999000+00:00,57687109.1458,19803,452.83,33611551.2289
2026-03-16 18:20:00+00:00,74143.3,74214.6,74070.0,74163.0,779.014,2026-03-16 18:24:59.999000+00:00,57753368.1442,23295,320.58,23767026.454
2026-03-16 18:25:00+00:00,74163.1,74274.9,74143.2,74217.7,425.437,2026-03-16 18:29:59.999000+00:00,31565804.5832,20031,225.48,16730005.1285
2026-03-16 18:30:00+00:00,74217.7,74321.0,74145.1,74271.4,564.932,2026-03-16 18:34:59.999000+00:00,41949805.6824,18822,315.001,23393544.5557
2026-03-16 18:35:00+00:00,74271.5,74330.6,73963.9,74073.2,915.997,2026-03-16 18:39:59.999000+00:00,67914122.9861,28557,395.263,29312983.1131
2026-03-16 18:40:00+00:00,74073.2,74249.9,74043.3,74170.9,405.761,2026-03-16 18:44:59.999000+00:00,30089039.7096,17152,231.002,17128657.4568
2026-03-16 18:45:00+00:00,74171.0,74171.0,74050.8,74083.3,291.091,2026-03-16 18:49:59.999000+00:00,21567855.2734,12335,152.363,11288942.9646
2026-03-16 18:50:00+00:00,74083.3,74089.1,73926.1,73966.1,670.852,2026-03-16 18:54:59.999000+00:00,49646875.5936,18652,221.617,16398746.216
2026-03-16 18:55:00+00:00,73966.2,73970.0,73818.7,73883.0,853.4,2026-03-16 18:59:59.999000+00:00,63060606.3233,18893,345.083,25499397.7454
2026-03-16 19:00:00+00:00,73883.1,73940.0,73715.0,73828.8,840.292,2026-03-16 19:04:59.999000+00:00,62049111.4463,22332,372.166,27489206.2758
2026-03-16 19:05:00+00:00,73828.8,74215.0,73797.8,74200.1,727.312,2026-03-16 19:09:59.999000+00:00,53833355.1402,22256,454.033,33605779.1347
2026-03-16 19:10:00+00:00,74200.0,74399.9,73996.5,74136.4,1513.89,2026-03-16 19:14:59.999000+00:00,112337173.7307,48040,860.925,63888921.2115
2026-03-16 19:15:00+00:00,74136.4,74242.3,74047.2,74063.9,493.161,2026-03-16 19:19:59.999000+00:00,36576319.171,26701,241.54,17914444.4097
2026-03-16 19:20:00+00:00,74063.9,74113.0,74020.7,74062.8,216.972,2026-03-16 19:24:59.999000+00:00,16070268.0436,13865,117.573,8707812.1302
2026-03-16 19:25:00+00:00,74062.9,74129.1,73927.9,74080.6,486.727,2026-03-16 19:29:59.999000+00:00,36018305.3889,16579,175.803,13011973.8213
2026-03-16 19:30:00+00:00,74080.6,74220.0,74072.5,74150.1,262.904,2026-03-16 19:34:59.999000+00:00,19494177.2838,13344,123.493,9156783.4283
2026-03-16 19:35:00+00:00,74150.0,74154.6,74077.2,74140.3,277.953,2026-03-16 19:39:59.999000+00:00,20603316.5149,11665,134.072,9937712.3883
2026-03-16 19:40:00+00:00,74140.2,74189.2,74113.0,74113.0,203.181,2026-03-16 19:44:59.999000+00:00,15064771.4924,9303,85.416,6333302.0565
2026-03-16 19:45:00+00:00,74113.1,74121.6,73870.3,73900.0,1375.407,2026-03-16 19:49:59.999000+00:00,101692930.3377,26597,574.252,42451739.6107
2026-03-16 19:50:00+00:00,73900.0,73953.1,73806.9,73868.0,487.941,2026-03-16 19:54:59.999000+00:00,36052831.2975,16539,243.586,17998376.3855
2026-03-16 19:55:00+00:00,73868.0,73997.4,73862.8,73928.8,576.102,2026-03-16 19:59:59.999000+00:00,42583697.7924,17740,304.208,22485354.9758
2026-03-16 20:00:00+00:00,73928.8,73953.4,73870.0,73892.8,381.719,2026-03-16 20:04:59.999000+00:00,28213869.7422,11769,230.055,17003160.0116
2026-03-16 20:05:00+00:00,73892.7,73905.2,73830.8,73859.9,148.645,2026-03-16 20:09:59.999000+00:00,10980262.3498,7553,61.161,4517849.8896
2026-03-16 20:10:00+00:00,73859.9,73930.0,73819.0,73873.6,287.772,2026-03-16 20:14:59.999000+00:00,21259657.7719,9356,179.208,13241169.4836
2026-03-16 20:15:00+00:00,73873.6,73940.0,73844.0,73846.1,197.132,2026-03-16 20:19:59.999000+00:00,14567009.8785,8621,96.766,7151486.0073
2026-03-16 20:20:00+00:00,73846.1,73980.0,73835.5,73962.6,247.674,2026-03-16 20:24:59.999000+00:00,18310237.1018,8369,157.664,11656119.0078
2026-03-16 20:25:00+00:00,73962.6,74030.0,73933.7,73938.3,363.449,2026-03-16 20:29:59.999000+00:00,26888800.0812,10939,177.579,13139241.277
2026-03-16 20:30:00+00:00,73938.2,74038.7,73938.1,74009.6,182.536,2026-03-16 20:34:59.999000+00:00,13505420.6791,7939,119.818,8864697.6182
2026-03-16 20:35:00+00:00,74009.6,74080.0,73963.0,74060.8,326.617,2026-03-16 20:39:59.999000+00:00,24178922.0701,8426,221.961,16433762.6926
2026-03-16 20:40:00+00:00,74060.8,74066.0,73972.1,74004.9,148.844,2026-03-16 20:44:59.999000+00:00,11017732.0137,7289,75.552,5592419.2104
2026-03-16 20:45:00+00:00,74005.0,74053.2,74005.0,74048.9,165.616,2026-03-16 20:49:59.999000+00:00,12260574.6299,7107,104.394,7728082.8881
2026-03-16 20:50:00+00:00,74049.0,74200.0,74049.0,74126.1,799.533,2026-03-16 20:54:59.999000+00:00,59281757.0754,14793,538.025,39889754.1448
2026-03-16 20:55:00+00:00,74126.2,74200.0,74120.2,74191.5,213.766,2026-03-16 20:59:59.999000+00:00,15856008.071,7281,116.127,8613914.1355
2026-03-16 21:00:00+00:00,74191.4,74479.5,74107.4,74417.3,1766.357,2026-03-16 21:04:59.999000+00:00,131307020.7414,29294,1177.768,87568353.1397
2026-03-16 21:05:00+00:00,74417.3,74432.4,74094.3,74250.8,1118.247,2026-03-16 21:09:59.999000+00:00,83018301.5899,26040,455.256,33800542.7328
2026-03-16 21:10:00+00:00,74250.8,74358.2,74250.7,74317.5,491.213,2026-03-16 21:14:59.999000+00:00,36499293.4568,13236,314.764,23387055.5653
2026-03-16 21:15:00+00:00,74317.6,74400.0,74284.5,74396.2,451.267,2026-03-16 21:19:59.999000+00:00,33554349.2918,13454,230.163,17116044.7673
2026-03-16 21:20:00+00:00,74396.2,74434.4,74201.6,74301.6,602.186,2026-03-16 21:24:59.999000+00:00,44744846.6699,14044,217.279,16149216.7273
2026-03-16 21:25:00+00:00,74301.6,74301.6,74151.4,74237.0,326.258,2026-03-16 21:29:59.999000+00:00,24210624.6714,8588,102.485,7604768.3818
2026-03-16 21:30:00+00:00,74237.0,74455.0,74211.4,74434.5,641.967,2026-03-16 21:34:59.999000+00:00,47717342.5471,12666,413.482,30735171.3584
2026-03-16 21:35:00+00:00,74434.4,74777.7,74388.5,74490.0,4430.483,2026-03-16 21:39:59.999000+00:00,330501902.0733,60053,2702.264,201586994.6666
2026-03-16 21:40:00+00:00,74490.0,74516.7,74282.5,74399.8,1299.018,2026-03-16 21:44:59.999000+00:00,96622046.4388,23878,671.019,49915621.8177
2026-03-16 21:45:00+00:00,74399.9,74530.0,74366.5,74476.7,500.806,2026-03-16 21:49:59.999000+00:00,37283594.7433,15554,281.569,20961252.8903
2026-03-16 21:50:00+00:00,74476.6,74580.0,74418.2,74481.6,532.97,2026-03-16 21:54:59.999000+00:00,39707942.0728,16868,327.783,24421368.761
2026-03-16 21:55:00+00:00,74481.7,74491.8,74303.2,74360.3,646.92,2026-03-16 21:59:59.999000+00:00,48130215.738,14298,287.396,21380277.2592
2026-03-16 22:00:00+00:00,74360.3,74638.0,74331.8,74628.0,690.561,2026-03-16 22:04:59.999000+00:00,51450795.2096,17276,418.862,31204074.1456
2026-03-16 22:05:00+00:00,74627.9,74860.0,74620.2,74839.6,2624.571,2026-03-16 22:09:59.999000+00:00,196225053.9014,47097,1684.717,125962967.1506
2026-03-16 22:10:00+00:00,74839.6,74875.0,74738.7,74837.3,992.294,2026-03-16 22:14:59.999000+00:00,74241767.5523,25239,422.862,31640806.8373
2026-03-16 22:15:00+00:00,74837.3,74870.1,74726.3,74836.6,971.793,2026-03-16 22:19:59.999000+00:00,72710277.1335,24153,485.915,36359267.8928
2026-03-16 22:20:00+00:00,74836.6,74836.7,74575.6,74592.6,953.037,2026-03-16 22:24:59.999000+00:00,71167303.8765,27812,484.675,36190333.3643
2026-03-16 22:25:00+00:00,74592.6,74695.7,74536.9,74613.0,606.348,2026-03-16 22:29:59.999000+00:00,45239014.1856,20528,307.423,22940058.2052
2026-03-16 22:30:00+00:00,74613.1,74688.8,74571.6,74591.1,342.802,2026-03-16 22:34:59.999000+00:00,25580226.5702,14099,140.478,10482777.541
2026-03-16 22:35:00+00:00,74591.1,74743.0,74585.8,74725.1,258.995,2026-03-16 22:39:59.999000+00:00,19342115.3769,11364,158.708,11852588.7071
2026-03-16 22:40:00+00:00,74725.0,74747.1,74633.3,74725.2,508.373,2026-03-16 22:44:59.999000+00:00,37975264.5213,15729,230.901,17249086.2462
2026-03-16 22:45:00+00:00,74725.2,74830.0,74718.0,74800.0,492.16,2026-03-16 22:49:59.999000+00:00,36809112.2181,12915,256.777,19203563.2624
2026-03-16 22:50:00+00:00,74800.0,74827.9,74650.2,74674.1,561.227,2026-03-16 22:54:59.999000+00:00,41962032.4264,13045,154.597,11559490.0005
2026-03-16 22:55:00+00:00,74674.2,74722.4,74636.3,74718.9,378.446,2026-03-16 22:59:59.999000+00:00,28263417.3102,13565,148.346,11079368.4603
2026-03-16 23:00:00+00:00,74719.0,74729.5,74317.2,74350.0,1923.653,2026-03-16 23:04:59.999000+00:00,143242898.4231,31726,781.208,58169088.2882
2026-03-16 23:05:00+00:00,74350.0,74444.1,74201.1,74308.6,1449.319,2026-03-16 23:09:59.999000+00:00,107693671.1178,33306,653.595,48566758.8177
2026-03-16 23:10:00+00:00,74308.5,74418.0,74266.9,74356.1,468.664,2026-03-16 23:14:59.999000+00:00,34850130.0442,14723,236.267,17567569.2629
2026-03-16 23:15:00+00:00,74356.2,74540.3,74356.1,74453.6,737.49,2026-03-16 23:19:59.999000+00:00,54908679.263,19513,498.722,37130885.2723
2026-03-16 23:20:00+00:00,74453.6,74485.7,74403.5,74439.1,226.329,2026-03-16 23:24:59.999000+00:00,16850128.7199,8987,89.659,6675296.688
2026-03-16 23:25:00+00:00,74439.1,74584.0,74439.1,74569.1,392.211,2026-03-16 23:29:59.999000+00:00,29232950.9177,12350,244.755,18241780.5538
2026-03-16 23:30:00+00:00,74569.0,74715.1,74555.4,74691.4,607.841,2026-03-16 23:34:59.999000+00:00,45368486.9024,16843,342.807,25585671.8688
2026-03-16 23:35:00+00:00,74691.4,74718.4,74653.1,74680.6,257.298,2026-03-16 23:39:59.999000+00:00,19217313.5349,9129,130.218,9725773.2546
2026-03-16 23:40:00+00:00,74680.7,74855.2,74680.7,74835.2,611.165,2026-03-16 23:44:59.999000+00:00,45706842.3346,15821,361.126,27006600.7852
2026-03-16 23:45:00+00:00,74835.2,74880.0,74750.3,74780.6,636.882,2026-03-16 23:49:59.999000+00:00,47660965.527,18346,259.329,19408067.8441
2026-03-16 23:50:00+00:00,74780.6,74822.1,74629.2,74750.1,554.191,2026-03-16 23:54:59.999000+00:00,41406278.9252,15974,246.642,18426397.9104
2026-03-16 23:55:00+00:00,74750.0,74850.1,74727.3,74846.4,555.247,2026-03-16 23:59:59.999000+00:00,41539631.9059,12242,315.983,23637995.77
2026-03-17 00:00:00+00:00,74846.4,74848.7,74567.1,74678.5,1338.586,2026-03-17 00:04:59.999000+00:00,99975632.6405,33316,617.157,46086368.6636
2026-03-17 00:05:00+00:00,74678.5,75131.0,74678.4,74989.2,4509.306,2026-03-17 00:09:59.999000+00:00,337981392.2733,65238,3263.385,244627696.2539
2026-03-17 00:10:00+00:00,74989.3,75441.9,74989.2,75376.9,4166.258,2026-03-17 00:14:59.999000+00:00,313566358.9238,79968,2571.19,193519994.92
2026-03-17 00:15:00+00:00,75376.9,75488.0,75172.9,75200.1,2172.756,2026-03-17 00:19:59.999000+00:00,163692633.6346,58540,1084.694,81732281.304
2026-03-17 00:20:00+00:00,75200.0,75228.4,74887.0,74923.1,1701.155,2026-03-17 00:24:59.999000+00:00,127644487.6643,38127,782.082,58661958.2719
2026-03-17 00:25:00+00:00,74923.1,75048.7,74805.0,75048.7,1185.136,2026-03-17 00:29:59.999000+00:00,88776614.1323,34569,574.776,43058154.6487
2026-03-17 00:30:00+00:00,75048.6,75199.0,75029.8,75117.9,1048.452,2026-03-17 00:34:59.999000+00:00,78773346.1077,31543,472.227,35480389.0566
2026-03-17 00:35:00+00:00,75117.9,75192.8,74921.8,74962.9,813.839,2026-03-17 00:39:59.999000+00:00,61099321.8544,26907,315.529,23691648.0378
2026-03-17 00:40:00+00:00,74962.9,75050.1,74872.9,74960.9,671.199,2026-03-17 00:44:59.999000+00:00,50302700.8062,23771,298.655,22382604.6663
2026-03-17 00:45:00+00:00,74960.8,75088.0,74950.0,74980.0,299.313,2026-03-17 00:49:59.999000+00:00,22453275.7786,15159,146.265,10972426.6008
2026-03-17 00:50:00+00:00,74980.1,75017.3,74879.4,74999.3,376.819,2026-03-17 00:54:59.999000+00:00,28237093.1413,19218,183.076,13719292.1005
2026-03-17 00:55:00+00:00,74999.4,75286.1,74929.9,75283.9,603.843,2026-03-17 00:59:59.999000+00:00,45371871.2372,20448,408.187,30675238.3154
2026-03-17 01:00:00+00:00,75283.8,75385.9,75064.0,75100.0,1180.941,2026-03-17 01:04:59.999000+00:00,88861447.925,40416,567.7,42723995.3827
2026-03-17 01:05:00+00:00,75100.0,75365.0,75028.5,75295.4,745.531,2026-03-17 01:09:59.999000+00:00,56097429.4379,31343,375.432,28251814.8813
2026-03-17 01:10:00+00:00,75295.5,75957.8,75266.6,75814.0,5849.077,2026-03-17 01:14:59.999000+00:00,442811934.25,109895,3944.5,298601616.2643
2026-03-17 01:15:00+00:00,75814.1,75851.9,75575.9,75814.2,1324.582,2026-03-17 01:19:59.999000+00:00,100307745.0517,37737,609.44,46151919.3441
2026-03-17 01:20:00+00:00,75814.3,75856.5,75600.0,75728.4,877.555,2026-03-17 01:24:59.999000+00:00,66444249.8378,29039,391.959,29682699.1764
2026-03-17 01:25:00+00:00,75728.3,75988.0,75712.6,75899.9,1678.04,2026-03-17 01:29:59.999000+00:00,127316334.842,38599,903.202,68527522.9881
2026-03-17 01:30:00+00:00,75900.0,75900.1,75741.9,75851.9,810.372,2026-03-17 01:34:59.999000+00:00,61439522.5286,30021,357.018,27068986.1884
2026-03-17 01:35:00+00:00,75851.8,75998.9,75618.9,75658.9,1342.308,2026-03-17 01:39:59.999000+00:00,101753549.8352,40239,599.105,45430463.0002
2026-03-17 01:40:00+00:00,75659.0,75738.4,75466.0,75635.2,1595.677,2026-03-17 01:44:59.999000+00:00,120617434.209,40147,753.392,56951517.3654
2026-03-17 01:45:00+00:00,75635.2,75747.6,75550.0,75583.3,612.339,2026-03-17 01:49:59.999000+00:00,46324355.4776,22412,276.608,20926944.8991
2026-03-17 01:50:00+00:00,75583.2,75621.2,75417.8,75473.5,1187.712,2026-03-17 01:54:59.999000+00:00,89675612.7911,28287,453.136,34210872.9411
2026-03-17 01:55:00+00:00,75473.5,75635.4,75459.9,75584.7,568.158,2026-03-17 01:59:59.999000+00:00,42932230.772,18380,295.163,22304189.7517
2026-03-17 02:00:00+00:00,75584.6,75641.3,75523.0,75556.0,408.87,2026-03-17 02:04:59.999000+00:00,30906233.493,17823,215.086,16258252.597
2026-03-17 02:05:00+00:00,75556.1,75556.1,75144.7,75214.3,2467.253,2026-03-17 02:09:59.999000+00:00,185718481.7276,36531,1037.482,78072555.8887
2026-03-17 02:10:00+00:00,75214.3,75228.1,75090.0,75212.0,946.502,2026-03-17 02:14:59.999000+00:00,71132849.5814,22284,480.363,36098927.4453
2026-03-17 02:15:00+00:00,75212.5,75243.4,75122.0,75122.0,552.251,2026-03-17 02:19:59.999000+00:00,41520879.4162,14754,323.165,24297512.9303
2026-03-17 02:20:00+00:00,75122.1,75206.6,75077.0,75128.1,572.398,2026-03-17 02:24:59.999000+00:00,43003678.9341,19331,260.947,19606481.3865
2026-03-17 02:25:00+00:00,75128.2,75162.3,75068.0,75128.2,344.336,2026-03-17 02:29:59.999000+00:00,25863637.6089,11058,187.877,14112260.4946
2026-03-17 02:30:00+00:00,75128.3,75295.8,75080.0,75250.1,578.802,2026-03-17 02:34:59.999000+00:00,43523244.6691,19004,352.711,26525204.2487
2026-03-17 02:35:00+00:00,75250.0,75410.8,75250.0,75383.7,516.276,2026-03-17 02:39:59.999000+00:00,38891468.3804,16732,354.637,26715036.3491
2026-03-17 02:40:00+00:00,75383.8,75431.1,75322.8,75358.0,389.644,2026-03-17 02:44:59.999000+00:00,29367371.282,14224,148.776,11213990.8086
2026-03-17 02:45:00+00:00,75358.1,75381.0,75219.4,75233.9,503.224,2026-03-17 02:49:59.999000+00:00,37893095.4943,16859,247.786,18657223.8342
2026-03-17 02:50:00+00:00,75234.0,75299.2,75200.0,75239.6,353.773,2026-03-17 02:54:59.999000+00:00,26622050.6798,12784,216.827,16317482.4477
2026-03-17 02:55:00+00:00,75239.5,75243.5,75100.6,75157.3,405.054,2026-03-17 02:59:59.999000+00:00,30441545.8469,14186,201.783,15163296.2316
2026-03-17 03:00:00+00:00,75157.3,75287.9,75117.5,75241.7,354.912,2026-03-17 03:04:59.999000+00:00,26689671.8867,13683,235.602,17717928.699
2026-03-17 03:05:00+00:00,75241.6,75241.6,75115.6,75152.7,258.986,2026-03-17 03:09:59.999000+00:00,19468294.861,11469,100.335,7543226.7965
2026-03-17 03:10:00+00:00,75152.7,75152.7,74895.2,74904.8,1289.581,2026-03-17 03:14:59.999000+00:00,96702509.9525,30937,420.31,31524515.0927
2026-03-17 03:15:00+00:00,74904.9,74970.7,74875.6,74961.8,543.084,2026-03-17 03:19:59.999000+00:00,40690280.0145,17970,283.849,21267930.6876
2026-03-17 03:20:00+00:00,74961.7,74968.1,74700.3,74770.5,1161.627,2026-03-17 03:24:59.999000+00:00,86890894.7769,29975,439.894,32905661.2869
2026-03-17 03:25:00+00:00,74770.4,74893.9,74754.6,74796.2,669.335,2026-03-17 03:29:59.999000+00:00,50089591.2008,19958,463.58,34693442.51
2026-03-17 03:30:00+00:00,74796.2,74807.0,74471.3,74556.8,1953.549,2026-03-17 03:34:59.999000+00:00,145772214.6829,43644,665.31,49650857.4895
2026-03-17 03:35:00+00:00,74556.8,74626.9,74500.0,74581.2,1061.27,2026-03-17 03:39:59.999000+00:00,79136093.7464,30248,634.095,47282457.3779
2026-03-17 03:40:00+00:00,74581.2,74581.2,74292.3,74392.1,2499.67,2026-03-17 03:44:59.999000+00:00,185997281.7415,50664,919.52,68425704.3584
2026-03-17 03:45:00+00:00,74392.1,74397.4,74250.0,74273.1,1125.063,2026-03-17 03:49:59.999000+00:00,83601947.0857,32048,426.957,31729438.5872
2026-03-17 03:50:00+00:00,74273.1,74422.3,74231.6,74338.4,1020.51,2026-03-17 03:54:59.999000+00:00,75870278.1549,27632,556.917,41409677.001
2026-03-17 03:55:00+00:00,74338.3,74525.2,74257.0,74424.9,1840.904,2026-03-17 03:59:59.999000+00:00,136971772.7483,29789,1195.491,88955093.2456
2026-03-17 04:00:00+00:00,74424.9,74566.0,74389.2,74458.0,1439.342,2026-03-17 04:04:59.999000+00:00,107232077.5316,31560,734.779,54732694.7978
2026-03-17 04:05:00+00:00,74458.0,74644.9,74438.0,74585.1,1015.317,2026-03-17 04:09:59.999000+00:00,75692997.1512,21133,546.754,40764511.5163
2026-03-17 04:10:00+00:00,74585.1,74644.9,74555.0,74642.0,448.959,2026-03-17 04:14:59.999000+00:00,33494665.736,12527,269.423,20100768.3517
2026-03-17 04:15:00+00:00,74642.0,74652.2,74390.0,74434.1,754.944,2026-03-17 04:19:59.999000+00:00,56244457.9848,19655,295.912,22043985.2705
2026-03-17 04:20:00+00:00,74434.2,74453.6,74250.0,74346.8,820.461,2026-03-17 04:24:59.999000+00:00,60990670.5638,22100,392.589,29184313.0565
2026-03-17 04:25:00+00:00,74346.9,74426.7,74292.1,74390.6,736.645,2026-03-17 04:29:59.999000+00:00,54779839.8144,18853,442.431,32900141.2879
2026-03-17 04:30:00+00:00,74390.6,74473.4,74078.0,74121.2,3160.989,2026-03-17 04:34:59.999000+00:00,234420751.8457,42178,1515.748,112393889.6949
2026-03-17 04:35:00+00:00,74121.3,74159.7,73953.7,74016.7,1977.257,2026-03-17 04:39:59.999000+00:00,146475411.7733,30668,1025.559,75980758.6514
2026-03-17 04:40:00+00:00,74016.8,74212.1,73943.3,74019.5,1221.396,2026-03-17 04:44:59.999000+00:00,90456918.9385,31693,551.268,40827241.3472
2026-03-17 04:45:00+00:00,74019.4,74191.6,74007.0,74168.6,784.771,2026-03-17 04:49:59.999000+00:00,58149851.4734,15591,460.737,34141454.4406
2026-03-17 04:50:00+00:00,74168.7,74260.0,74140.6,74205.6,582.166,2026-03-17 04:54:59.999000+00:00,43202406.9204,15637,319.147,23685586.9148
2026-03-17 04:55:00+00:00,74205.6,74255.4,74159.8,74203.3,661.59,2026-03-17 04:59:59.999000+00:00,49097634.5252,14369,344.604,25572411.0987
2026-03-17 05:00:00+00:00,74203.3,74203.3,74050.0,74189.6,1129.37,2026-03-17 05:04:59.999000+00:00,83707747.404,16818,691.903,51283442.1926
2026-03-17 05:05:00+00:00,74189.5,74315.7,74189.5,74262.7,442.654,2026-03-17 05:09:59.999000+00:00,32867349.4236,14268,236.004,17524095.342
2026-03-17 05:10:00+00:00,74262.6,74350.2,74236.8,74237.5,692.987,2026-03-17 05:14:59.999000+00:00,51483629.4737,16984,316.596,23521837.7942
2026-03-17 05:15:00+00:00,74237.4,74373.1,74237.4,74316.0,520.744,2026-03-17 05:19:59.999000+00:00,38702181.7903,12941,247.63,18403689.0679
2026-03-17 05:20:00+00:00,74316.1,74316.1,74148.0,74287.0,636.423,2026-03-17 05:24:59.999000+00:00,47244983.8089,13028,276.469,20523638.2715
2026-03-17 05:25:00+00:00,74287.1,74387.5,74287.1,74364.8,345.809,2026-03-17 05:29:59.999000+00:00,25712902.6136,11159,172.97,12860816.8064
2026-03-17 05:30:00+00:00,74364.9,74428.7,74284.1,74300.0,671.386,2026-03-17 05:34:59.999000+00:00,49939389.6595,14662,268.234,19952854.2363
2026-03-17 05:35:00+00:00,74300.0,74300.0,74041.0,74091.8,1206.73,2026-03-17 05:39:59.999000+00:00,89468115.3955,26799,395.397,29311855.1962
2026-03-17 05:40:00+00:00,74091.8,74137.1,73823.2,73888.7,1671.182,2026-03-17 05:44:59.999000+00:00,123635234.5827,26351,599.459,44359711.5761
2026-03-17 05:45:00+00:00,73888.7,73990.9,73723.4,73835.7,1968.201,2026-03-17 05:49:59.999000+00:00,145301029.7661,38870,764.187,56431716.4419
2026-03-17 05:50:00+00:00,73835.7,74042.4,73835.7,74020.9,765.17,2026-03-17 05:54:59.999000+00:00,56587147.5883,17651,495.263,36624501.7025
2026-03-17 05:55:00+00:00,74020.9,74066.0,73939.0,73996.0,489.476,2026-03-17 05:59:59.999000+00:00,36218239.4409,12977,193.891,14348165.3329
2026-03-17 06:00:00+00:00,73996.0,74040.8,73840.0,73912.0,793.435,2026-03-17 06:04:59.999000+00:00,58653310.5527,21025,266.546,19707522.513
2026-03-17 06:05:00+00:00,73912.1,73930.2,73835.4,73930.2,644.966,2026-03-17 06:09:59.999000+00:00,47653341.4344,17377,219.572,16224687.9559
2026-03-17 06:10:00+00:00,73930.2,74125.0,73860.2,74107.3,668.724,2026-03-17 06:14:59.999000+00:00,49522922.5688,19875,417.354,30910225.8807
2026-03-17 06:15:00+00:00,74107.2,74143.4,74037.6,74059.2,321.474,2026-03-17 06:19:59.999000+00:00,23818872.2129,10966,149.889,11106159.6715
2026-03-17 06:20:00+00:00,74059.1,74242.0,74055.9,74158.9,669.263,2026-03-17 06:24:59.999000+00:00,49639135.1589,17507,461.499,34228900.7319
2026-03-17 06:25:00+00:00,74158.8,74223.9,74083.0,74171.2,427.931,2026-03-17 06:29:59.999000+00:00,31739639.35,11051,253.744,18823438.6533
2026-03-17 06:30:00+00:00,74171.2,74224.0,74042.0,74181.9,526.17,2026-03-17 06:34:59.999000+00:00,39016094.2433,13965,247.433,18348107.2847
2026-03-17 06:35:00+00:00,74181.8,74238.3,74167.9,74234.7,326.968,2026-03-17 06:39:59.999000+00:00,24263908.1198,10521,191.837,14236039.9373
2026-03-17 06:40:00+00:00,74234.8,74238.9,73926.0,73968.4,820.82,2026-03-17 06:44:59.999000+00:00,60808524.6913,19710,288.624,21384080.3345
2026-03-17 06:45:00+00:00,73968.5,74025.2,73907.7,73925.7,675.462,2026-03-17 06:49:59.999000+00:00,49957227.1692,15373,259.899,19225533.4965
2026-03-17 06:50:00+00:00,73925.7,74015.0,73925.6,73984.8,254.718,2026-03-17 06:54:59.999000+00:00,18844111.4057,8713,131.797,9750449.7673
2026-03-17 06:55:00+00:00,73984.8,74061.2,73982.1,74045.1,208.94,2026-03-17 06:59:59.999000+00:00,15468491.7782,7548,116.071,8593244.2277
2026-03-17 07:00:00+00:00,74045.0,74155.0,74026.3,74145.8,407.91,2026-03-17 07:04:59.999000+00:00,30228374.19,12466,297.502,22046594.6742
2026-03-17 07:05:00+00:00,74145.9,74183.6,74109.9,74155.0,224.325,2026-03-17 07:09:59.999000+00:00,16633740.7627,8321,127.01,9417965.1107
2026-03-17 07:10:00+00:00,74155.0,74320.9,74153.1,74285.8,608.811,2026-03-17 07:14:59.999000+00:00,45199000.0333,14915,435.159,32304071.4567
2026-03-17 07:15:00+00:00,74285.9,74386.0,74273.8,74359.0,858.219,2026-03-17 07:19:59.999000+00:00,63793878.2593,18542,575.947,42814509.4187
2026-03-17 07:20:00+00:00,74358.9,74415.7,74306.5,74376.7,561.402,2026-03-17 07:24:59.999000+00:00,41745901.7721,16956,276.756,20580354.1629
2026-03-17 07:25:00+00:00,74376.6,74385.5,74320.1,74357.1,333.511,2026-03-17 07:29:59.999000+00:00,24797560.2377,10452,159.645,11870158.1963
2026-03-17 07:30:00+00:00,74357.1,74357.1,74273.5,74305.4,343.938,2026-03-17 07:34:59.999000+00:00,25560907.404,10921,140.976,10477310.8985
2026-03-17 07:35:00+00:00,74305.4,74348.3,74255.4,74296.0,190.915,2026-03-17 07:39:59.999000+00:00,14184971.3781,8303,81.748,6074028.2761
2026-03-17 07:40:00+00:00,74296.0,74365.8,74280.0,74357.1,185.54,2026-03-17 07:44:59.999000+00:00,13789999.9049,8293,122.52,9106082.0497
2026-03-17 07:45:00+00:00,74357.1,74357.2,74287.7,74287.7,189.557,2026-03-17 07:49:59.999000+00:00,14087220.0971,7487,78.468,5831429.5063
2026-03-17 07:50:00+00:00,74287.8,74287.8,74199.0,74199.0,321.135,2026-03-17 07:54:59.999000+00:00,23838918.0342,9217,107.865,8006921.3673
2026-03-17 07:55:00+00:00,74199.1,74229.4,74181.6,74212.7,206.925,2026-03-17 07:59:59.999000+00:00,15354128.7619,5680,100.269,7440164.8002
2026-03-17 08:00:00+00:00,74212.8,74418.5,74212.7,74385.6,561.976,2026-03-17 08:04:59.999000+00:00,41783675.2139,17598,321.709,23918777.0048
2026-03-17 08:05:00+00:00,74385.5,74394.0,74265.8,74265.8,332.264,2026-03-17 08:09:59.999000+00:00,24699710.6991,10080,114.803,8534715.5986
2026-03-17 08:10:00+00:00,74265.8,74287.5,74129.8,74182.4,507.471,2026-03-17 08:14:59.999000+00:00,37644262.5153,12221,201.658,14958536.4137
2026-03-17 08:15:00+00:00,74182.4,74292.4,74057.5,74283.6,320.377,2026-03-17 08:19:59.999000+00:00,23757247.3238,13414,146.934,10897622.3115
2026-03-17 08:20:00+00:00,74283.7,74372.2,74215.4,74236.3,312.252,2026-03-17 08:24:59.999000+00:00,23196166.5612,10252,125.33,9311417.9071
2026-03-17 08:25:00+00:00,74236.4,74304.6,74212.6,74269.5,161.883,2026-03-17 08:29:59.999000+00:00,12020057.3471,6785,72.818,5406656.7746
2026-03-17 08:30:00+00:00,74269.6,74336.8,74188.0,74220.2,264.882,2026-03-17 08:34:59.999000+00:00,19671569.4546,9417,125.088,9292504.6124
2026-03-17 08:35:00+00:00,74220.2,74240.3,74126.5,74164.8,427.765,2026-03-17 08:39:59.999000+00:00,31731269.171,10414,134.339,9966779.7651
2026-03-17 08:40:00+00:00,74164.8,74397.9,74164.8,74355.3,469.808,2026-03-17 08:44:59.999000+00:00,34911189.2998,13683,323.069,24000641.5349
2026-03-17 08:45:00+00:00,74355.3,74385.0,74335.9,74360.7,242.035,2026-03-17 08:49:59.999000+00:00,17998575.7565,9100,144.644,10756121.9582
2026-03-17 08:50:00+00:00,74360.7,74372.7,74272.8,74291.7,141.078,2026-03-17 08:54:59.999000+00:00,10483744.4958,8077,73.635,5471489.8613
2026-03-17 08:55:00+00:00,74291.7,74329.5,74090.0,74150.0,703.152,2026-03-17 08:59:59.999000+00:00,52165555.1157,14809,271.339,20128195.9163
2026-03-17 09:00:00+00:00,74150.1,74216.8,74021.4,74046.1,432.598,2026-03-17 09:04:59.999000+00:00,32060407.6862,13220,184.081,13643788.7809
2026-03-17 09:05:00+00:00,74046.1,74088.3,73960.8,74057.7,606.817,2026-03-17 09:09:59.999000+00:00,44922089.9237,16132,277.538,20547057.591
2026-03-17 09:10:00+00:00,74057.8,74062.7,73999.8,74001.9,378.731,2026-03-17 09:14:59.999000+00:00,28033633.5415,9671,152.008,11251704.2439
2026-03-17 09:15:00+00:00,74001.8,74162.5,73943.9,74141.8,530.27,2026-03-17 09:19:59.999000+00:00,39245152.5892,15815,308.771,22855860.4495
2026-03-17 09:20:00+00:00,74141.8,74168.2,74074.5,74159.1,329.572,2026-03-17 09:24:59.999000+00:00,24427969.5715,12663,176.625,13092763.0178
2026-03-17 09:25:00+00:00,74159.0,74362.0,74136.7,74264.9,1475.434,2026-03-17 09:29:59.999000+00:00,109544203.8452,23852,853.398,63354397.5017
2026-03-17 09:30:00+00:00,74264.8,74290.7,74110.1,74132.6,337.347,2026-03-17 09:34:59.999000+00:00,25034072.8047,12439,136.481,10129028.0578
2026-03-17 09:35:00+00:00,74132.6,74200.0,74111.0,74169.2,197.103,2026-03-17 09:39:59.999000+00:00,14617872.6395,9752,119.081,8831768.246
2026-03-17 09:40:00+00:00,74169.3,74203.8,74083.2,74142.7,443.361,2026-03-17 09:44:59.999000+00:00,32873056.0155,9852,237.343,17598194.6325
2026-03-17 09:45:00+00:00,74142.6,74142.7,74074.0,74098.5,205.169,2026-03-17 09:49:59.999000+00:00,15203347.9106,7092,85.463,6332642.1547
2026-03-17 09:50:00+00:00,74098.5,74127.9,73914.1,73914.1,397.72,2026-03-17 09:54:59.999000+00:00,29434052.5212,12100,119.004,8808668.7668
2026-03-17 09:55:00+00:00,73914.1,73914.1,73791.8,73890.1,1051.737,2026-03-17 09:59:59.999000+00:00,77669436.5083,22641,442.699,32693152.3494
2026-03-17 10:00:00+00:00,73890.0,73922.2,73815.7,73871.9,456.734,2026-03-17 10:04:59.999000+00:00,33742877.7034,13564,231.961,17136746.5236
2026-03-17 10:05:00+00:00,73871.8,73871.9,73512.0,73623.0,2879.753,2026-03-17 10:09:59.999000+00:00,212080367.7771,42533,1046.983,77086014.5652
2026-03-17 10:10:00+00:00,73623.1,73729.9,73579.7,73650.1,990.302,2026-03-17 10:14:59.999000+00:00,72934624.8906,20177,507.269,37360749.396
2026-03-17 10:15:00+00:00,73650.0,73714.6,73540.0,73714.6,1686.988,2026-03-17 10:19:59.999000+00:00,124205261.3815,23967,662.343,48773445.5563
2026-03-17 10:20:00+00:00,73714.6,73737.3,73681.1,73720.7,413.613,2026-03-17 10:24:59.999000+00:00,30489276.1602,10503,217.894,16061879.273
2026-03-17 10:25:00+00:00,73720.6,73812.7,73700.0,73718.4,583.71,2026-03-17 10:29:59.999000+00:00,43048076.8778,12607,358.153,26413665.6325
2026-03-17 10:30:00+00:00,73718.4,73724.3,73600.1,73711.4,898.922,2026-03-17 10:34:59.999000+00:00,66219983.1471,14228,357.699,26350395.2885
2026-03-17 10:35:00+00:00,73711.3,73759.7,73567.1,73721.7,759.493,2026-03-17 10:39:59.999000+00:00,55957315.0139,17015,377.165,27783813.5306
2026-03-17 10:40:00+00:00,73721.7,73747.2,73615.4,73710.1,1081.619,2026-03-17 10:44:59.999000+00:00,79698529.2562,12667,824.626,60758878.5555
2026-03-17 10:45:00+00:00,73710.0,73746.1,73656.0,73656.0,428.51,2026-03-17 10:49:59.999000+00:00,31587849.5609,10315,213.647,15748433.8559
2026-03-17 10:50:00+00:00,73656.0,73730.9,73610.7,73669.4,487.108,2026-03-17 10:54:59.999000+00:00,35879437.167,12203,181.953,13400703.706
2026-03-17 10:55:00+00:00,73669.4,73746.0,73669.4,73706.1,452.482,2026-03-17 10:59:59.999000+00:00,33355961.5866,8436,150.164,11067476.2471
2026-03-17 11:00:00+00:00,73705.8,73770.2,73651.1,73768.5,405.74,2026-03-17 11:04:59.999000+00:00,29910337.1767,13205,210.443,15514420.2084
2026-03-17 11:05:00+00:00,73768.5,73909.2,73768.5,73886.6,1111.232,2026-03-17 11:09:59.999000+00:00,82073367.4313,23632,601.524,44428765.4336
2026-03-17 11:10:00+00:00,73886.5,73978.8,73858.0,73895.5,627.637,2026-03-17 11:14:59.999000+00:00,46385050.6845,13424,366.022,27052430.0928
2026-03-17 11:15:00+00:00,73895.5,74000.0,73850.0,73976.3,851.383,2026-03-17 11:19:59.999000+00:00,62936958.8132,16614,644.805,47669282.3185
2026-03-17 11:20:00+00:00,73976.3,74001.4,73875.8,73944.9,427.978,2026-03-17 11:24:59.999000+00:00,31647350.3571,13190,253.074,18715551.5729
2026-03-17 11:25:00+00:00,73944.9,74065.0,73944.9,73973.1,794.872,2026-03-17 11:29:59.999000+00:00,58821526.4974,13548,576.523,42663433.5916
2026-03-17 11:30:00+00:00,73973.0,74071.3,73904.9,74007.0,749.242,2026-03-17 11:34:59.999000+00:00,55429065.9035,16484,567.316,41973622.6685
2026-03-17 11:35:00+00:00,74007.0,74100.0,73967.5,74079.2,591.449,2026-03-17 11:39:59.999000+00:00,43799288.084,14777,378.697,28041608.8342
2026-03-17 11:40:00+00:00,74079.2,74095.4,74050.9,74083.2,367.595,2026-03-17 11:44:59.999000+00:00,27230089.8854,8850,174.925,12957512.6611
2026-03-17 11:45:00+00:00,74083.3,74230.7,74055.3,74124.4,673.653,2026-03-17 11:49:59.999000+00:00,49939238.313,15311,462.575,34295612.6574
2026-03-17 11:50:00+00:00,74124.4,74163.1,74085.1,74085.1,466.684,2026-03-17 11:54:59.999000+00:00,34592525.262,11289,239.058,17720574.2467
2026-03-17 11:55:00+00:00,74085.1,74096.0,73978.2,73997.1,466.414,2026-03-17 11:59:59.999000+00:00,34526226.5572,10684,141.949,10506569.2763
2026-03-17 12:00:00+00:00,73997.1,74044.0,73977.0,74030.6,501.383,2026-03-17 12:04:59.999000+00:00,37104601.3829,11882,229.537,16986333.6898
2026-03-17 12:05:00+00:00,74030.5,74150.0,74007.9,74111.8,417.181,2026-03-17 12:09:59.999000+00:00,30899780.9425,11878,277.351,20542385.0663
2026-03-17 12:10:00+00:00,74111.9,74145.0,74009.8,74027.6,277.82,2026-03-17 12:14:59.999000+00:00,20576266.0829,10881,124.506,9221210.6205
2026-03-17 12:15:00+00:00,74027.6,74076.0,73888.7,74076.0,650.596,2026-03-17 12:19:59.999000+00:00,48116441.0307,19282,296.899,21956122.7752
2026-03-17 12:20:00+00:00,74076.0,74115.3,73889.1,73895.7,958.085,2026-03-17 12:24:59.999000+00:00,70918897.2841,21761,579.273,42878271.9825
2026-03-17 12:25:00+00:00,73895.7,73896.8,73737.9,73764.0,1044.658,2026-03-17 12:29:59.999000+00:00,77103443.5097,21672,561.814,41464870.7458
2026-03-17 12:30:00+00:00,73764.1,73850.0,73728.0,73807.8,1456.146,2026-03-17 12:34:59.999000+00:00,107444079.9211,18887,1067.431,78765821.3267
2026-03-17 12:35:00+00:00,73807.8,73885.6,73652.4,73870.8,812.737,2026-03-17 12:39:59.999000+00:00,59949519.6578,20873,397.557,29330143.5676
2026-03-17 12:40:00+00:00,73870.7,73890.0,73793.9,73808.9,293.487,2026-03-17 12:44:59.999000+00:00,21671359.7846,11383,126.908,9370696.549
2026-03-17 12:45:00+00:00,73808.9,73808.9,73680.5,73702.1,280.074,2026-03-17 12:49:59.999000+00:00,20651732.1614,13757,136.058,10032522.779
2026-03-17 12:50:00+00:00,73702.0,73779.1,73643.5,73740.1,575.242,2026-03-17 12:54:59.999000+00:00,42392532.1623,15999,333.365,24571673.9288
2026-03-17 12:55:00+00:00,73740.1,73758.3,73650.0,73711.1,334.653,2026-03-17 12:59:59.999000+00:00,24666836.2786,11454,169.466,12491527.6484
2026-03-17 13:00:00+00:00,73711.0,73743.3,73650.0,73730.0,393.482,2026-03-17 13:04:59.999000+00:00,28997430.904,15481,253.132,18654912.8096
2026-03-17 13:05:00+00:00,73730.0,73792.0,73712.0,73746.2,315.465,2026-03-17 13:09:59.999000+00:00,23267740.7817,12264,179.275,13222444.6551
2026-03-17 13:10:00+00:00,73746.1,73828.2,73743.5,73810.9,500.182,2026-03-17 13:14:59.999000+00:00,36906131.5936,10930,307.385,22680727.2158
2026-03-17 13:15:00+00:00,73811.0,73811.0,73686.0,73771.4,441.617,2026-03-17 13:19:59.999000+00:00,32572783.6071,11917,186.971,13789072.2605
2026-03-17 13:20:00+00:00,73771.3,73850.0,73701.7,73706.9,329.465,2026-03-17 13:24:59.999000+00:00,24306723.6697,11209,195.576,14430624.1828
2026-03-17 13:25:00+00:00,73706.9,73706.9,73625.8,73677.6,513.574,2026-03-17 13:29:59.999000+00:00,37830799.945,11235,333.361,24556068.6937
2026-03-17 13:30:00+00:00,73677.6,74099.9,73646.2,73870.8,4017.573,2026-03-17 13:34:59.999000+00:00,296948826.5452,60424,2425.54,179319079.8284
2026-03-17 13:35:00+00:00,73870.8,74009.4,73766.8,74002.2,1874.549,2026-03-17 13:39:59.999000+00:00,138426862.9614,43646,923.603,68198756.4708
2026-03-17 13:40:00+00:00,74002.3,74167.2,73674.3,73681.7,2259.954,2026-03-17 13:44:59.999000+00:00,167022737.7997,44554,1073.235,79327798.6473
2026-03-17 13:45:00+00:00,73681.7,73844.0,73600.0,73746.8,1403.597,2026-03-17 13:49:59.999000+00:00,103449657.8535,37444,761.064,56095110.7247
2026-03-17 13:50:00+00:00,73746.8,73762.4,73330.3,73526.4,3782.076,2026-03-17 13:54:59.999000+00:00,277856760.386,62972,1590.345,116840983.3953
2026-03-17 13:55:00+00:00,73526.5,73638.3,73471.5,73580.6,883.646,2026-03-17 13:59:59.999000+00:00,65015586.8137,27270,428.159,31501265.0755
2026-03-17 14:00:00+00:00,73580.7,73650.0,73389.0,73517.5,886.692,2026-03-17 14:04:59.999000+00:00,65195975.6626,37604,352.685,25932831.6353
2026-03-17 14:05:00+00:00,73517.5,73769.0,73479.6,73680.5,972.032,2026-03-17 14:09:59.999000+00:00,71595843.788,31973,535.336,39430314.7313
2026-03-17 14:10:00+00:00,73680.5,73765.1,73573.7,73683.4,473.153,2026-03-17 14:14:59.999000+00:00,34862017.8944,21393,271.621,20014114.8378
2026-03-17 14:15:00+00:00,73683.3,73750.0,73486.0,73676.0,731.711,2026-03-17 14:19:59.999000+00:00,53873390.0486,29872,390.231,28736719.7318
2026-03-17 14:20:00+00:00,73676.1,73814.7,73623.2,73756.7,491.081,2026-03-17 14:24:59.999000+00:00,36221330.0549,26177,257.658,19005334.9199
2026-03-17 14:25:00+00:00,73756.7,73898.4,73657.8,73853.2,664.149,2026-03-17 14:29:59.999000+00:00,49009398.4354,26610,377.573,27863393.6031
2026-03-17 14:30:00+00:00,73853.3,74060.8,73851.3,74031.3,1029.161,2026-03-17 14:34:59.999000+00:00,76112306.724,34451,533.901,39487115.5883
2026-03-17 14:35:00+00:00,74031.4,74157.2,74015.5,74094.1,1256.066,2026-03-17 14:39:59.999000+00:00,93069357.1336,34124,597.328,44259083.9712
2026-03-17 14:40:00+00:00,74094.1,74260.1,74077.5,74198.9,1334.333,2026-03-17 14:44:59.999000+00:00,98984230.6185,37159,698.298,51802794.9207
2026-03-17 14:45:00+00:00,74198.9,74388.0,74161.0,74192.2,2178.51,2026-03-17 14:49:59.999000+00:00,161843992.2873,46797,1174.415,87254441.4801
2026-03-17 14:50:00+00:00,74192.3,74270.0,74053.9,74252.8,865.634,2026-03-17 14:54:59.999000+00:00,64189899.7051,28804,420.948,31218023.3713
2026-03-17 14:55:00+00:00,74252.8,74347.0,74230.0,74340.2,618.645,2026-03-17 14:59:59.999000+00:00,45970194.6396,19083,396.03,29428455.8522
2026-03-17 15:00:00+00:00,74340.2,74856.2,74329.5,74640.0,4611.024,2026-03-17 15:04:59.999000+00:00,344147712.0786,82820,2738.42,204322338.6508
2026-03-17 15:05:00+00:00,74640.0,74669.8,74300.7,74328.2,1694.435,2026-03-17 15:09:59.999000+00:00,126215681.8665,47484,659.32,49117028.837
2026-03-17 15:10:00+00:00,74328.3,74331.4,74043.0,74072.0,1798.184,2026-03-17 15:14:59.999000+00:00,133357450.8438,46192,784.318,58163981.8699
2026-03-17 15:15:00+00:00,74072.0,74213.7,74034.0,74200.0,722.726,2026-03-17 15:19:59.999000+00:00,53580551.3333,28226,382.325,28345255.2094
2026-03-17 15:20:00+00:00,74199.9,74250.0,73968.8,74017.0,1011.701,2026-03-17 15:24:59.999000+00:00,74932633.1583,33386,464.148,34381237.5301
2026-03-17 15:25:00+00:00,74017.0,74100.0,73935.6,74009.4,667.337,2026-03-17 15:29:59.999000+00:00,49392624.1376,24058,299.957,22203636.9778
2026-03-17 15:30:00+00:00,74009.4,74118.6,73850.0,73918.2,937.691,2026-03-17 15:34:59.999000+00:00,69369672.8889,28553,399.938,29603199.5732
2026-03-17 15:35:00+00:00,73918.2,73954.5,73616.2,73817.8,2193.124,2026-03-17 15:39:59.999000+00:00,161741817.7894,52328,1099.906,81121146.5365
2026-03-17 15:40:00+00:00,73817.7,73899.0,73710.7,73857.3,589.609,2026-03-17 15:44:59.999000+00:00,43519075.0123,23495,346.212,25557128.0513
2026-03-17 15:45:00+00:00,73857.1,73882.4,73668.2,73728.3,478.127,2026-03-17 15:49:59.999000+00:00,35284315.8698,20853,194.228,14334786.0828
2026-03-17 15:50:00+00:00,73728.4,74030.4,73728.4,73968.3,860.559,2026-03-17 15:54:59.999000+00:00,63619369.7196,27022,572.438,42317738.1253
2026-03-17 15:55:00+00:00,73968.3,73989.8,73869.0,73878.5,311.198,2026-03-17 15:59:59.999000+00:00,23002509.4288,13243,145.555,10758258.8888
2026-03-17 16:00:00+00:00,73878.5,73952.7,73826.8,73918.4,442.085,2026-03-17 16:04:59.999000+00:00,32670353.8114,19750,212.663,15716243.8529
2026-03-17 16:05:00+00:00,73918.3,74067.0,73903.5,74050.0,410.934,2026-03-17 16:09:59.999000+00:00,30412548.6188,22718,263.124,19473840.5339
2026-03-17 16:10:00+00:00,74050.0,74120.0,73925.1,73928.1,663.935,2026-03-17 16:14:59.999000+00:00,49154548.7338,22944,357.57,26479068.183
2026-03-17 16:15:00+00:00,73928.0,74199.9,73902.8,74190.0,822.596,2026-03-17 16:19:59.999000+00:00,60958722.5486,26408,346.171,25654157.9761
2026-03-17 16:20:00+00:00,74190.0,74309.4,74092.4,74295.4,855.425,2026-03-17 16:24:59.999000+00:00,63494495.5354,25268,555.921,41265421.2832
2026-03-17 16:25:00+00:00,74295.5,74314.0,74155.8,74160.0,616.695,2026-03-17 16:29:59.999000+00:00,45780829.639,21246,248.249,18429578.5684
2026-03-17 16:30:00+00:00,74160.1,74188.0,73974.0,74074.4,863.942,2026-03-17 16:34:59.999000+00:00,64011562.5644,21672,391.204,28991990.5974
2026-03-17 16:35:00+00:00,74074.5,74100.0,73944.4,74000.0,442.129,2026-03-17 16:39:59.999000+00:00,32718618.5702,17953,204.903,15162725.6631
2026-03-17 16:40:00+00:00,74000.0,74115.0,73980.0,74093.1,409.796,2026-03-17 16:44:59.999000+00:00,30342102.7374,14079,235.765,17455174.8907
2026-03-17 16:45:00+00:00,74093.1,74151.7,73966.7,74091.0,430.086,2026-03-17 16:49:59.999000+00:00,31857612.8504,17113,176.038,13039388.7362
2026-03-17 16:50:00+00:00,74091.0,74220.6,74085.6,74165.1,870.849,2026-03-17 16:54:59.999000+00:00,64601716.0041,12258,656.883,48728336.5611
2026-03-17 16:55:00+00:00,74165.1,74191.1,74051.8,74120.0,199.373,2026-03-17 16:59:59.999000+00:00,14777442.2116,8164,98.026,7265447.7619
2026-03-17 17:00:00+00:00,74120.0,74250.9,74119.9,74184.8,733.18,2026-03-17 17:04:59.999000+00:00,54422282.8001,13868,435.552,32332842.2148
2026-03-17 17:05:00+00:00,74184.8,74216.0,74126.8,74157.4,216.708,2026-03-17 17:09:59.999000+00:00,16072808.7898,12726,120.179,8913340.5698
2026-03-17 17:10:00+00:00,74157.3,74178.9,73961.5,74166.0,695.353,2026-03-17 17:14:59.999000+00:00,51518091.8192,17280,341.191,25275764.0958
2026-03-17 17:15:00+00:00,74166.0,74240.0,74120.0,74229.5,342.533,2026-03-17 17:19:59.999000+00:00,25404552.0887,12576,222.477,16498061.107
2026-03-17 17:20:00+00:00,74229.5,74405.7,74203.8,74316.0,2463.799,2026-03-17 17:24:59.999000+00:00,183017221.3663,22831,2079.118,154427755.4936
2026-03-17 17:25:00+00:00,74316.0,74331.5,74214.4,74244.1,318.62,2026-03-17 17:29:59.999000+00:00,23662878.1894,12208,104.842,7786081.3428
2026-03-17 17:30:00+00:00,74244.1,74356.7,74155.5,74196.9,304.438,2026-03-17 17:34:59.999000+00:00,22606193.522,13545,127.183,9445407.2895
2026-03-17 17:35:00+00:00,74197.0,74360.0,74196.9,74359.9,292.407,2026-03-17 17:39:59.999000+00:00,21724134.2788,10366,157.679,11713667.3301
2026-03-17 17:40:00+00:00,74360.0,74449.8,74355.2,74378.3,356.582,2026-03-17 17:44:59.999000+00:00,26527877.5846,15204,188.749,14042082.5312
2026-03-17 17:45:00+00:00,74378.3,74484.3,74317.7,74484.2,525.697,2026-03-17 17:49:59.999000+00:00,39111986.8118,18033,259.666,19322669.701
2026-03-17 17:50:00+00:00,74484.2,74555.0,74460.2,74469.8,909.472,2026-03-17 17:54:59.999000+00:00,67758185.7635,21411,466.35,34746056.6777
2026-03-17 17:55:00+00:00,74469.7,74495.8,74400.4,74480.1,559.996,2026-03-17 17:59:59.999000+00:00,41696162.7839,11436,249.416,18572518.9411
2026-03-17 18:00:00+00:00,74480.1,74601.2,74400.0,74507.7,878.177,2026-03-17 18:04:59.999000+00:00,65436093.0022,19790,550.245,41008629.7419
2026-03-17 18:05:00+00:00,74507.8,74600.0,74470.7,74579.9,444.94,2026-03-17 18:09:59.999000+00:00,33169352.6032,13641,261.096,19464882.4161
2026-03-17 18:10:00+00:00,74579.9,74633.0,74545.1,74545.1,503.325,2026-03-17 18:14:59.999000+00:00,37543896.133,11957,318.187,23734070.7035
2026-03-17 18:15:00+00:00,74545.2,74590.8,74491.9,74565.4,442.594,2026-03-17 18:19:59.999000+00:00,32987164.4662,12148,153.877,11468894.2178
2026-03-17 18:20:00+00:00,74565.5,74614.3,74413.0,74417.0,634.527,2026-03-17 18:24:59.999000+00:00,47276377.6141,17122,200.332,14927728.2188
2026-03-17 18:25:00+00:00,74416.9,74450.0,74330.8,74374.0,631.086,2026-03-17 18:29:59.999000+00:00,46939903.4557,16520,245.339,18247620.5198
2026-03-17 18:30:00+00:00,74373.9,74600.0,74366.5,74531.6,648.31,2026-03-17 18:34:59.999000+00:00,48306242.0635,16219,341.615,25447867.2433
2026-03-17 18:35:00+00:00,74531.5,74687.6,74505.5,74592.8,648.835,2026-03-17 18:39:59.999000+00:00,48399482.7929,16302,317.429,23679844.8806
2026-03-17 18:40:00+00:00,74592.8,74664.0,74564.5,74568.7,583.527,2026-03-17 18:44:59.999000+00:00,43539452.2113,14691,226.446,16896294.7249
2026-03-17 18:45:00+00:00,74568.6,74650.0,74564.5,74649.9,318.809,2026-03-17 18:49:59.999000+00:00,23788292.5436,11376,141.565,10562555.475
2026-03-17 18:50:00+00:00,74649.9,74719.2,74633.5,74715.8,510.248,2026-03-17 18:54:59.999000+00:00,38104634.613,13276,257.724,19246600.2646
2026-03-17 18:55:00+00:00,74715.8,74723.7,74528.5,74637.0,478.637,2026-03-17 18:59:59.999000+00:00,35716915.9898,14171,202.123,15083025.5077
2026-03-17 19:00:00+00:00,74637.1,74720.7,74593.8,74622.1,459.788,2026-03-17 19:04:59.999000+00:00,34321163.4551,14690,165.109,12324337.7934
2026-03-17 19:05:00+00:00,74622.1,74721.1,74600.0,74691.9,351.273,2026-03-17 19:09:59.999000+00:00,26230630.3403,10634,213.108,15914463.1729
2026-03-17 19:10:00+00:00,74691.9,74763.6,74666.5,74695.5,528.808,2026-03-17 19:14:59.999000+00:00,39511384.4176,12174,261.875,19566722.95
2026-03-17 19:15:00+00:00,74695.6,74757.0,74689.9,74689.9,458.581,2026-03-17 19:19:59.999000+00:00,34266427.7912,11734,204.346,15268462.8457
2026-03-17 19:20:00+00:00,74689.9,74736.0,74572.5,74662.1,585.889,2026-03-17 19:24:59.999000+00:00,43730433.1758,16417,288.025,21498678.9089
2026-03-17 19:25:00+00:00,74662.1,74705.4,74466.7,74586.3,644.373,2026-03-17 19:29:59.999000+00:00,48047190.5719,15522,326.261,24325724.9132
2026-03-17 19:30:00+00:00,74586.3,74594.5,74479.4,74490.3,407.674,2026-03-17 19:34:59.999000+00:00,30379624.9169,12365,108.945,8118626.9596
2026-03-17 19:35:00+00:00,74490.4,74728.9,74490.4,74670.0,589.56,2026-03-17 19:39:59.999000+00:00,44002044.6379,14005,335.878,25067174.4486
2026-03-17 19:40:00+00:00,74670.0,74682.7,74570.0,74622.8,313.234,2026-03-17 19:44:59.999000+00:00,23373902.3601,10414,150.257,11212077.6977
2026-03-17 19:45:00+00:00,74622.8,74647.4,74364.4,74519.1,735.679,2026-03-17 19:49:59.999000+00:00,54806337.7341,20338,280.285,20881827.9263
2026-03-17 19:50:00+00:00,74519.1,74519.1,74404.2,74494.0,292.551,2026-03-17 19:54:59.999000+00:00,21786031.3325,13974,126.824,9444474.33
2026-03-17 19:55:00+00:00,74494.0,74494.0,74382.7,74460.8,475.162,2026-03-17 19:59:59.999000+00:00,35376097.0025,14617,205.856,15325685.2403
2026-03-17 20:00:00+00:00,74460.8,74468.3,74373.6,74387.6,610.425,2026-03-17 20:04:59.999000+00:00,45433326.6934,15354,256.651,19102937.8308
2026-03-17 20:05:00+00:00,74387.6,74416.0,74326.3,74404.1,331.975,2026-03-17 20:09:59.999000+00:00,24692780.3892,11204,149.023,11085113.6011
2026-03-17 20:10:00+00:00,74404.1,74460.0,74325.0,74329.9,288.981,2026-03-17 20:14:59.999000+00:00,21501299.1466,9343,128.898,9590742.7662
2026-03-17 20:15:00+00:00,74330.0,74425.7,74329.9,74420.9,170.066,2026-03-17 20:19:59.999000+00:00,12650296.689,5221,99.128,7373633.0813
2026-03-17 20:20:00+00:00,74420.9,74595.5,74413.1,74577.1,327.654,2026-03-17 20:24:59.999000+00:00,24409411.7561,10091,217.149,16177902.0551
2026-03-17 20:25:00+00:00,74577.0,74648.6,74561.2,74614.9,253.438,2026-03-17 20:29:59.999000+00:00,18909166.4583,6925,168.074,12539984.4963
2026-03-17 20:30:00+00:00,74615.0,74615.0,74499.2,74510.0,154.433,2026-03-17 20:34:59.999000+00:00,11514858.2946,5776,50.416,3759343.858
2026-03-17 20:35:00+00:00,74510.0,74551.3,74473.7,74526.1,150.115,2026-03-17 20:39:59.999000+00:00,11185339.8022,5381,62.118,4628503.8023
2026-03-17 20:40:00+00:00,74526.2,74540.1,74459.1,74505.4,410.867,2026-03-17 20:44:59.999000+00:00,30608099.1666,7205,200.572,14943108.9644
2026-03-17 20:45:00+00:00,74505.7,74516.4,74437.6,74516.4,177.685,2026-03-17 20:49:59.999000+00:00,13233499.8195,6512,79.135,5894482.4821
2026-03-17 20:50:00+00:00,74516.3,74542.6,74471.7,74471.8,123.666,2026-03-17 20:54:59.999000+00:00,9214021.1783,4484,46.836,3490052.2732
2026-03-17 20:55:00+00:00,74471.8,74524.5,74469.9,74469.9,126.197,2026-03-17 20:59:59.999000+00:00,9401702.1521,4024,70.005,5215407.9608
2026-03-17 21:00:00+00:00,74470.0,74519.2,74464.4,74464.4,198.688,2026-03-17 21:04:59.999000+00:00,14800856.0786,5787,54.057,4026763.2456
2026-03-17 21:05:00+00:00,74464.4,74512.5,74413.1,74511.1,254.979,2026-03-17 21:09:59.999000+00:00,18985754.5811,6743,117.975,8785259.9448
2026-03-17 21:10:00+00:00,74511.2,74749.8,74511.1,74667.0,773.139,2026-03-17 21:14:59.999000+00:00,57728671.2072,12360,515.705,38501761.3173
2026-03-17 21:15:00+00:00,74667.0,74688.0,74583.1,74583.2,334.715,2026-03-17 21:19:59.999000+00:00,24982166.1235,7065,136.978,10224666.5629
2026-03-17 21:20:00+00:00,74583.1,74627.9,74570.1,74601.9,164.053,2026-03-17 21:24:59.999000+00:00,12238379.3323,4439,105.571,7875400.5111
2026-03-17 21:25:00+00:00,74601.9,74613.8,74521.0,74527.2,153.279,2026-03-17 21:29:59.999000+00:00,11430229.8398,3568,64.411,4803347.463
2026-03-17 21:30:00+00:00,74527.1,74607.5,74461.1,74553.4,350.051,2026-03-17 21:34:59.999000+00:00,26088273.0497,7913,242.562,18079348.316
2026-03-17 21:35:00+00:00,74553.4,74750.1,74553.4,74714.1,792.76,2026-03-17 21:39:59.999000+00:00,59208806.2504,9948,506.709,37841578.5148
2026-03-17 21:40:00+00:00,74714.1,74777.0,74700.0,74700.1,345.916,2026-03-17 21:44:59.999000+00:00,25852271.557,8561,193.44,14457631.3855
2026-03-17 21:45:00+00:00,74700.0,74748.4,74650.0,74665.3,143.436,2026-03-17 21:49:59.999000+00:00,10714528.8886,7632,63.063,4710604.5903
2026-03-17 21:50:00+00:00,74665.4,74690.5,74633.0,74654.7,129.6,2026-03-17 21:54:59.999000+00:00,9675047.565,4022,44.243,3302799.9308
2026-03-17 21:55:00+00:00,74654.8,74662.2,74614.8,74650.3,88.885,2026-03-17 21:59:59.999000+00:00,6634596.0496,4743,47.112,3516485.7643
2026-03-17 22:00:00+00:00,74650.2,74739.4,74581.3,74720.5,315.607,2026-03-17 22:04:59.999000+00:00,23561356.4384,10997,166.977,12466336.6232
2026-03-17 22:05:00+00:00,74720.6,74737.2,74521.9,74594.0,403.725,2026-03-17 22:09:59.999000+00:00,30133750.537,10844,171.014,12763841.0835
2026-03-17 22:10:00+00:00,74594.1,74616.7,74524.3,74544.7,165.839,2026-03-17 22:14:59.999000+00:00,12366539.7612,6779,62.523,4661731.5026
2026-03-17 22:15:00+00:00,74544.8,74558.0,74489.9,74489.9,314.024,2026-03-17 22:19:59.999000+00:00,23400739.2968,6075,76.048,5667024.1002
2026-03-17 22:20:00+00:00,74489.9,74510.0,74440.0,74440.0,162.712,2026-03-17 22:24:59.999000+00:00,12118056.2467,5129,65.778,4898664.6705
2026-03-17 22:25:00+00:00,74440.0,74440.1,74330.0,74330.1,264.176,2026-03-17 22:29:59.999000+00:00,19651901.1913,7945,107.381,7988244.0086
2026-03-17 22:30:00+00:00,74330.0,74356.0,74204.7,74234.7,741.327,2026-03-17 22:34:59.999000+00:00,55052346.7889,17405,328.859,24421917.7588
2026-03-17 22:35:00+00:00,74234.6,74266.0,73895.2,73931.2,1949.567,2026-03-17 22:39:59.999000+00:00,144331804.1366,30886,811.648,60073769.5711
2026-03-17 22:40:00+00:00,73931.2,74159.3,73893.5,74123.8,738.292,2026-03-17 22:44:59.999000+00:00,54663149.8251,17887,453.412,33568364.2583
2026-03-17 22:45:00+00:00,74123.8,74170.8,74097.6,74169.0,270.661,2026-03-17 22:49:59.999000+00:00,20068776.5963,8930,149.688,11098991.2937
2026-03-17 22:50:00+00:00,74168.9,74251.6,74152.2,74218.1,224.715,2026-03-17 22:54:59.999000+00:00,16677708.167,7967,140.067,10395825.783
2026-03-17 22:55:00+00:00,74218.1,74312.3,74189.6,74265.8,288.823,2026-03-17 22:59:59.999000+00:00,21443597.3668,8097,153.841,11422462.9715
2026-03-17 23:00:00+00:00,74265.8,74301.5,74177.5,74249.9,260.91,2026-03-17 23:04:59.999000+00:00,19369221.9981,10081,151.174,11223249.277
2026-03-17 23:05:00+00:00,74249.9,74312.7,74221.8,74312.7,222.17,2026-03-17 23:09:59.999000+00:00,16501668.1418,8588,144.178,10708747.0971
2026-03-17 23:10:00+00:00,74312.7,74360.0,74270.4,74278.4,198.72,2026-03-17 23:14:59.999000+00:00,14769540.7637,8324,97.012,7210420.1979
2026-03-17 23:15:00+00:00,74278.5,74292.6,74205.8,74263.9,212.581,2026-03-17 23:19:59.999000+00:00,15782404.7441,9686,91.513,6794458.5668
2026-03-17 23:20:00+00:00,74263.9,74285.2,74050.0,74178.9,388.452,2026-03-17 23:24:59.999000+00:00,28801750.6506,15678,187.203,13879109.8258
2026-03-17 23:25:00+00:00,74178.9,74187.4,74132.4,74151.6,92.853,2026-03-17 23:29:59.999000+00:00,6885475.1014,5120,35.938,2664957.5344
2026-03-17 23:30:00+00:00,74151.5,74151.5,74021.9,74076.9,260.016,2026-03-17 23:34:59.999000+00:00,19258315.1193,9644,101.367,7507353.3064
2026-03-17 23:35:00+00:00,74077.0,74116.6,74009.9,74044.7,223.184,2026-03-17 23:39:59.999000+00:00,16526853.876,9295,91.33,6762936.803
2026-03-17 23:40:00+00:00,74044.7,74044.7,73888.0,73911.2,529.813,2026-03-17 23:44:59.999000+00:00,39182608.8258,14835,210.02,15530342.0924
2026-03-17 23:45:00+00:00,73911.2,74025.7,73881.8,74000.0,474.673,2026-03-17 23:49:59.999000+00:00,35105953.6664,13849,265.09,19607216.3895
2026-03-17 23:50:00+00:00,74000.1,74018.5,73866.0,73926.2,489.738,2026-03-17 23:54:59.999000+00:00,36205887.5989,13401,203.776,15065600.7372
2026-03-17 23:55:00+00:00,73926.2,73947.8,73829.5,73872.4,350.28,2026-03-17 23:59:59.999000+00:00,25878232.7918,11355,167.244,12356316.3993
2026-03-18 00:00:00+00:00,73872.3,73993.9,73763.0,73879.8,964.795,2026-03-18 00:04:59.999000+00:00,71285168.0727,24803,487.471,36023457.2201
2026-03-18 00:05:00+00:00,73879.8,74027.8,73879.7,73955.6,373.799,2026-03-18 00:09:59.999000+00:00,27646028.6054,15468,211.828,15666568.1738
2026-03-18 00:10:00+00:00,73955.7,74000.0,73950.0,73953.5,202.817,2026-03-18 00:14:59.999000+00:00,15004426.7432,8073,127.111,9403680.8339
2026-03-18 00:15:00+00:00,73953.5,73975.8,73750.0,73848.3,531.831,2026-03-18 00:19:59.999000+00:00,39275940.8438,19854,279.39,20628661.0671
2026-03-18 00:20:00+00:00,73848.4,73909.2,73619.4,73651.6,902.303,2026-03-18 00:24:59.999000+00:00,66510930.7083,22134,313.207,23088117.1022
2026-03-18 00:25:00+00:00,73651.6,73766.0,73635.8,73736.5,595.823,2026-03-18 00:29:59.999000+00:00,43915563.384,17371,364.012,26830417.8207
2026-03-18 00:30:00+00:00,73736.4,73768.1,73626.1,73668.2,401.836,2026-03-18 00:34:59.999000+00:00,29611249.2236,14893,153.548,11316283.5332
2026-03-18 00:35:00+00:00,73668.1,73682.0,73495.3,73558.8,935.88,2026-03-18 00:39:59.999000+00:00,68848256.8131,26346,377.583,27778126.8681
2026-03-18 00:40:00+00:00,73558.8,73696.7,73492.0,73691.8,534.569,2026-03-18 00:44:59.999000+00:00,39339510.3645,17822,324.748,23899215.0003
2026-03-18 00:45:00+00:00,73691.8,73785.8,73691.8,73755.0,360.382,2026-03-18 00:49:59.999000+00:00,26578615.1851,13875,195.649,14428657.2033
2026-03-18 00:50:00+00:00,73755.0,73832.0,73744.1,73763.4,325.933,2026-03-18 00:54:59.999000+00:00,24052639.4526,10440,182.823,13491368.0354
2026-03-18 00:55:00+00:00,73763.4,73845.2,73763.4,73821.3,203.053,2026-03-18 00:59:59.999000+00:00,14985761.7577,9274,106.655,7871143.5703
2026-03-18 01:00:00+00:00,73821.3,73945.4,73780.0,73895.7,370.218,2026-03-18 01:04:59.999000+00:00,27349627.3339,16274,211.997,15660921.3206
2026-03-18 01:05:00+00:00,73895.6,73959.4,73820.1,73924.3,429.298,2026-03-18 01:09:59.999000+00:00,31721698.4844,12392,234.514,17327599.8102
2026-03-18 01:10:00+00:00,73924.3,73939.2,73800.0,73869.9,265.432,2026-03-18 01:14:59.999000+00:00,19605032.0491,10387,129.786,9586372.2201
2026-03-18 01:15:00+00:00,73869.9,73916.3,73814.0,73887.5,157.322,2026-03-18 01:19:59.999000+00:00,11621592.4509,9304,72.051,5322532.9443
2026-03-18 01:20:00+00:00,73887.5,73950.5,73879.0,73941.4,289.288,2026-03-18 01:24:59.999000+00:00,21386032.8732,9438,182.999,13528160.4794
2026-03-18 01:25:00+00:00,73941.4,74013.4,73920.1,73972.2,375.8,2026-03-18 01:29:59.999000+00:00,27799999.0762,12675,246.305,18220628.536
2026-03-18 01:30:00+00:00,73972.2,74150.0,73972.0,74114.7,658.53,2026-03-18 01:34:59.999000+00:00,48780304.6111,21111,385.509,28556382.0121
2026-03-18 01:35:00+00:00,74114.6,74156.2,74029.8,74111.2,377.003,2026-03-18 01:39:59.999000+00:00,27937438.5989,11819,198.692,14724839.5657
2026-03-18 01:40:00+00:00,74111.2,74165.0,74103.9,74104.1,190.502,2026-03-18 01:44:59.999000+00:00,14123329.1117,8221,94.579,7011860.7556
2026-03-18 01:45:00+00:00,74104.0,74167.5,74076.9,74124.0,244.311,2026-03-18 01:49:59.999000+00:00,18110851.9995,9631,117.321,8697091.0584
2026-03-18 01:50:00+00:00,74124.0,74126.5,73965.4,73985.1,277.645,2026-03-18 01:54:59.999000+00:00,20553539.5878,10617,76.326,5650231.7734
2026-03-18 01:55:00+00:00,73985.0,74050.0,73985.0,74035.2,130.71,2026-03-18 01:59:59.999000+00:00,9675298.3103,4978,83.983,6215971.8211
2026-03-18 02:00:00+00:00,74035.2,74089.0,73999.2,74020.1,245.748,2026-03-18 02:04:59.999000+00:00,18196526.6804,7775,79.421,5881149.0121
2026-03-18 02:05:00+00:00,74020.2,74218.2,74020.1,74210.6,354.013,2026-03-18 02:09:59.999000+00:00,26245008.7115,10028,253.917,18827116.1404
2026-03-18 02:10:00+00:00,74210.6,74244.2,74163.6,74241.4,396.723,2026-03-18 02:14:59.999000+00:00,29439845.2743,12167,224.058,16627402.0821
2026-03-18 02:15:00+00:00,74241.3,74258.7,74188.7,74223.7,323.701,2026-03-18 02:19:59.999000+00:00,24026738.2298,12379,142.834,10601948.2719
2026-03-18 02:20:00+00:00,74223.8,74237.2,74151.5,74192.6,145.551,2026-03-18 02:24:59.999000+00:00,10799046.9139,7097,62.154,4611920.8997
2026-03-18 02:25:00+00:00,74192.6,74192.6,74133.7,74181.8,122.905,2026-03-18 02:29:59.999000+00:00,9113757.6721,4869,62.839,4659716.9882
2026-03-18 02:30:00+00:00,74181.9,74355.2,74150.0,74275.8,345.928,2026-03-18 02:34:59.999000+00:00,25694041.1978,14066,199.028,14783466.0848
2026-03-18 02:35:00+00:00,74275.7,74321.3,74200.1,74271.6,245.017,2026-03-18 02:39:59.999000+00:00,18196705.7817,9011,102.8,7634278.5089
2026-03-18 02:40:00+00:00,74271.7,74376.0,74271.6,74370.0,271.636,2026-03-18 02:44:59.999000+00:00,20192207.2611,9424,150.252,11169102.4823
2026-03-18 02:45:00+00:00,74370.0,74437.0,74318.2,74335.6,447.218,2026-03-18 02:49:59.999000+00:00,33264022.2699,12082,197.393,14683721.8453
2026-03-18 02:50:00+00:00,74335.7,74399.0,74303.8,74316.9,260.88,2026-03-18 02:54:59.999000+00:00,19395212.9941,7680,140.074,10413998.8339
2026-03-18 02:55:00+00:00,74316.8,74336.0,74286.0,74300.0,139.324,2026-03-18 02:59:59.999000+00:00,10353195.1711,5918,50.405,3745689.4087
2026-03-18 03:00:00+00:00,74299.9,74361.4,74275.8,74313.6,205.102,2026-03-18 03:04:59.999000+00:00,15243136.4113,6757,101.86,7570802.3785
2026-03-18 03:05:00+00:00,74313.7,74345.8,74202.0,74240.3,440.434,2026-03-18 03:09:59.999000+00:00,32710852.9365,11880,155.832,11573672.1222
2026-03-18 03:10:00+00:00,74240.4,74277.7,74226.0,74231.5,184.594,2026-03-18 03:14:59.999000+00:00,13706844.165,6317,102.679,7624482.1363
2026-03-18 03:15:00+00:00,74231.5,74256.0,74227.8,74249.9,130.579,2026-03-18 03:19:59.999000+00:00,9694155.5703,4015,72.886,5410993.7235
2026-03-18 03:20:00+00:00,74249.9,74500.0,74231.0,74461.8,680.921,2026-03-18 03:24:59.999000+00:00,50659030.7956,17171,479.693,35685619.6595
2026-03-18 03:25:00+00:00,74461.7,74587.9,74436.9,74480.0,788.718,2026-03-18 03:29:59.999000+00:00,58774841.1831,21566,456.567,34024986.7071
2026-03-18 03:30:00+00:00,74480.0,74560.6,74451.0,74527.2,447.665,2026-03-18 03:34:59.999000+00:00,33353035.1405,13273,257.899,19214579.7949
2026-03-18 03:35:00+00:00,74527.3,74633.0,74425.0,74434.7,562.266,2026-03-18 03:39:59.999000+00:00,41912709.4251,15505,282.307,21048960.9762
2026-03-18 03:40:00+00:00,74434.8,74458.0,74404.5,74449.1,221.695,2026-03-18 03:44:59.999000+00:00,16501732.7508,8129,96.197,7160483.9019
2026-03-18 03:45:00+00:00,74449.2,74469.8,74404.6,74432.2,212.776,2026-03-18 03:49:59.999000+00:00,15837891.1269,6281,103.977,7739355.0189
2026-03-18 03:50:00+00:00,74432.3,74432.3,74370.0,74423.9,280.086,2026-03-18 03:54:59.999000+00:00,20836634.4971,7101,104.341,7762449.6143
2026-03-18 03:55:00+00:00,74423.9,74485.0,74414.2,74414.6,300.527,2026-03-18 03:59:59.999000+00:00,22375494.0876,7689,101.313,7543026.4288
2026-03-18 04:00:00+00:00,74414.7,74455.7,74400.0,74425.0,218.466,2026-03-18 04:04:59.999000+00:00,16260101.2983,6922,110.756,8243725.5915
2026-03-18 04:05:00+00:00,74425.0,74425.1,74356.3,74368.9,229.828,2026-03-18 04:09:59.999000+00:00,17093045.7544,7257,76.978,5725029.2467
2026-03-18 04:10:00+00:00,74368.9,74398.0,74368.9,74396.0,142.299,2026-03-18 04:14:59.999000+00:00,10584467.2958,4138,76.965,5724769.4332
2026-03-18 04:15:00+00:00,74396.0,74396.0,74306.0,74334.9,295.777,2026-03-18 04:19:59.999000+00:00,21986418.3761,8243,120.855,8983514.8952
2026-03-18 04:20:00+00:00,74334.9,74400.0,74281.7,74292.4,205.464,2026-03-18 04:24:59.999000+00:00,15274825.4051,6648,70.887,5269972.2144
2026-03-18 04:25:00+00:00,74292.3,74300.0,74210.8,74219.9,438.949,2026-03-18 04:29:59.999000+00:00,32593142.1564,10080,141.621,10516487.9158
2026-03-18 04:30:00+00:00,74219.8,74219.9,74130.0,74188.7,676.59,2026-03-18 04:34:59.999000+00:00,50183623.5873,15402,235.064,17434918.1184
2026-03-18 04:35:00+00:00,74188.8,74199.9,74132.8,74190.6,218.833,2026-03-18 04:39:59.999000+00:00,16229700.5194,7357,116.849,8666591.801
2026-03-18 04:40:00+00:00,74190.6,74198.1,74153.9,74189.3,169.396,2026-03-18 04:44:59.999000+00:00,12565897.3626,5091,92.166,6836902.764
2026-03-18 04:45:00+00:00,74189.3,74224.6,74138.0,74139.7,211.178,2026-03-18 04:49:59.999000+00:00,15667132.8335,7525,102.248,7586143.465
2026-03-18 04:50:00+00:00,74139.8,74169.9,74121.8,74128.3,162.787,2026-03-18 04:54:59.999000+00:00,12070297.9454,5060,70.926,5258942.4274
2026-03-18 04:55:00+00:00,74128.4,74151.5,74100.0,74139.6,307.453,2026-03-18 04:59:59.999000+00:00,22792902.1204,6548,105.895,7850163.1536
2026-03-18 05:00:00+00:00,74139.5,74225.4,74119.9,74141.0,496.776,2026-03-18 05:04:59.999000+00:00,36845289.5196,10501,194.533,14429443.0264
2026-03-18 05:05:00+00:00,74141.0,74232.4,74140.9,74226.4,217.387,2026-03-18 05:09:59.999000+00:00,16125991.4858,7952,127.907,9489020.4623
2026-03-18 05:10:00+00:00,74226.3,74271.0,74210.5,74244.0,204.865,2026-03-18 05:14:59.999000+00:00,15209427.336,7609,115.624,8584264.5135
2026-03-18 05:15:00+00:00,74244.0,74253.2,74193.0,74195.7,144.098,2026-03-18 05:19:59.999000+00:00,10695653.3283,6009,56.604,4201380.2537
2026-03-18 05:20:00+00:00,74195.7,74195.7,74120.4,74131.4,131.354,2026-03-18 05:24:59.999000+00:00,9739980.8908,5439,54.44,4036947.9011
2026-03-18 05:25:00+00:00,74131.4,74135.8,74005.0,74027.7,477.009,2026-03-18 05:29:59.999000+00:00,35323500.6621,10707,175.951,13028579.2121
2026-03-18 05:30:00+00:00,74027.7,74118.6,74005.0,74005.0,459.667,2026-03-18 05:34:59.999000+00:00,34054323.1023,8740,177.226,13129043.798
2026-03-18 05:35:00+00:00,74005.1,74048.3,73983.3,74043.2,251.654,2026-03-18 05:39:59.999000+00:00,18626127.5159,7404,134.27,9938715.9345
2026-03-18 05:40:00+00:00,74043.1,74044.0,73955.5,73959.2,246.639,2026-03-18 05:44:59.999000+00:00,18249990.9394,7449,99.717,7378406.2529
2026-03-18 05:45:00+00:00,73959.3,74025.5,73937.8,73953.7,456.674,2026-03-18 05:49:59.999000+00:00,33782317.0022,8965,170.328,12601180.2763
2026-03-18 05:50:00+00:00,73953.8,73974.6,73800.0,73802.3,900.637,2026-03-18 05:54:59.999000+00:00,66534997.6062,15685,380.241,28090220.3849
2026-03-18 05:55:00+00:00,73802.3,73941.2,73785.0,73911.2,739.91,2026-03-18 05:59:59.999000+00:00,54641920.4398,17825,404.603,29880522.3779
2026-03-18 06:00:00+00:00,73911.2,73995.4,73901.1,73995.4,333.812,2026-03-18 06:04:59.999000+00:00,24686098.5295,9714,160.244,11850211.504
2026-03-18 06:05:00+00:00,73995.5,74037.8,73987.4,74029.0,348.297,2026-03-18 06:09:59.999000+00:00,25778800.0474,8451,199.304,14751115.038
2026-03-18 06:10:00+00:00,74028.9,74072.1,73980.0,74049.6,307.306,2026-03-18 06:14:59.999000+00:00,22749539.7189,7643,158.485,11732718.6803
2026-03-18 06:15:00+00:00,74049.7,74063.3,73990.0,74050.4,240.588,2026-03-18 06:19:59.999000+00:00,17810906.7658,7175,126.337,9353135.9133
2026-03-18 06:20:00+00:00,74050.5,74175.0,74004.9,74151.1,454.247,2026-03-18 06:24:59.999000+00:00,33653763.7949,11167,279.463,20705735.613
2026-03-18 06:25:00+00:00,74151.1,74190.1,74126.7,74138.3,251.542,2026-03-18 06:29:59.999000+00:00,18653849.876,7483,138.761,10290083.6981
2026-03-18 06:30:00+00:00,74138.2,74176.0,74128.4,74128.5,158.732,2026-03-18 06:34:59.999000+00:00,11771307.9805,6301,93.899,6963424.1379
2026-03-18 06:35:00+00:00,74128.4,74140.3,74000.1,74029.3,255.915,2026-03-18 06:39:59.999000+00:00,18957203.724,8257,92.913,6882779.3355
2026-03-18 06:40:00+00:00,74029.2,74029.3,73962.7,74011.1,286.54,2026-03-18 06:44:59.999000+00:00,21202648.0863,7163,137.719,10190408.0869
2026-03-18 06:45:00+00:00,74011.0,74066.9,73997.5,73998.7,223.192,2026-03-18 06:49:59.999000+00:00,16523283.4456,6774,107.268,7941626.4295
2026-03-18 06:50:00+00:00,73998.7,74053.7,73998.7,74042.7,85.071,2026-03-18 06:54:59.999000+00:00,6298241.6473,3088,53.646,3971600.0069
2026-03-18 06:55:00+00:00,74042.8,74050.0,73892.0,73910.0,344.267,2026-03-18 06:59:59.999000+00:00,25459461.5374,7487,108.989,8059853.8794
2026-03-18 07:00:00+00:00,73910.1,73959.4,73890.7,73901.2,219.584,2026-03-18 07:04:59.999000+00:00,16231298.7829,6420,120.449,8903668.7527
2026-03-18 07:05:00+00:00,73901.3,73919.2,73816.0,73822.1,365.114,2026-03-18 07:09:59.999000+00:00,26967657.4001,8110,122.131,9020614.1733
2026-03-18 07:10:00+00:00,73822.0,73952.8,73822.0,73941.2,306.823,2026-03-18 07:14:59.999000+00:00,22670719.8537,8657,186.106,13751348.1774
2026-03-18 07:15:00+00:00,73941.0,73950.7,73858.7,73859.1,199.575,2026-03-18 07:19:59.999000+00:00,14748189.846,5780,85.626,6327501.8946
2026-03-18 07:20:00+00:00,73859.1,73865.8,73807.1,73859.8,251.423,2026-03-18 07:24:59.999000+00:00,18563236.1686,5119,135.169,9979891.4941
2026-03-18 07:25:00+00:00,73859.7,73864.5,73763.0,73804.6,388.676,2026-03-18 07:29:59.999000+00:00,28685834.2364,8249,168.797,12458483.7015
2026-03-18 07:30:00+00:00,73804.5,73804.6,73710.1,73717.6,423.897,2026-03-18 07:34:59.999000+00:00,31259661.0589,9657,187.183,13802805.5521
2026-03-18 07:35:00+00:00,73717.6,73789.3,73636.5,73691.0,867.909,2026-03-18 07:39:59.999000+00:00,63973414.9698,17876,363.433,26792452.1652
2026-03-18 07:40:00+00:00,73691.0,73774.2,73673.5,73673.6,494.301,2026-03-18 07:44:59.999000+00:00,36434006.1344,10519,277.298,20438466.5251
2026-03-18 07:45:00+00:00,73673.5,73794.0,73652.3,73786.5,502.125,2026-03-18 07:49:59.999000+00:00,37016525.4212,11672,248.115,18291850.3683
2026-03-18 07:50:00+00:00,73786.6,73874.6,73782.6,73865.2,440.672,2026-03-18 07:54:59.999000+00:00,32534059.5193,10241,280.007,20671715.7849
2026-03-18 07:55:00+00:00,73865.1,73869.7,73820.0,73840.0,304.019,2026-03-18 07:59:59.999000+00:00,22448035.7554,5145,206.432,15242134.4389
2026-03-18 08:00:00+00:00,73840.1,73933.3,73814.3,73918.8,516.09,2026-03-18 08:04:59.999000+00:00,38135484.9688,11541,325.451,24048508.2773
2026-03-18 08:05:00+00:00,73918.9,73985.0,73894.1,73894.1,287.209,2026-03-18 08:09:59.999000+00:00,21241284.9075,8835,163.73,12109257.7526
2026-03-18 08:10:00+00:00,73894.2,73984.7,73860.3,73969.7,395.964,2026-03-18 08:14:59.999000+00:00,29270463.4366,10738,281.208,20787116.127
2026-03-18 08:15:00+00:00,73969.6,74015.2,73922.0,73970.1,314.472,2026-03-18 08:19:59.999000+00:00,23263511.1288,8729,125.565,9289675.3535
2026-03-18 08:20:00+00:00,73970.1,74017.3,73970.0,74015.9,165.878,2026-03-18 08:24:59.999000+00:00,12274612.0725,6580,91.209,6749206.0577
2026-03-18 08:25:00+00:00,74016.0,74031.4,73952.5,73996.6,479.047,2026-03-18 08:29:59.999000+00:00,35448403.3255,9109,210.344,15564497.4601
2026-03-18 08:30:00+00:00,73996.5,74029.3,73934.4,74017.4,282.148,2026-03-18 08:34:59.999000+00:00,20874669.1856,9069,127.261,9415497.31
2026-03-18 08:35:00+00:00,74017.5,74069.3,73924.8,74061.4,434.341,2026-03-18 08:39:59.999000+00:00,32147189.713,9920,296.444,21943607.31
2026-03-18 08:40:00+00:00,74061.4,74061.5,73972.9,74039.2,133.299,2026-03-18 08:44:59.999000+00:00,9865803.8016,5653,65.686,4861202.3083
2026-03-18 08:45:00+00:00,74039.1,74051.6,73990.3,74040.0,373.203,2026-03-18 08:49:59.999000+00:00,27628167.1743,7581,132.862,9835204.648
2026-03-18 08:50:00+00:00,74040.0,74080.1,73971.1,73994.0,313.922,2026-03-18 08:54:59.999000+00:00,23242067.3566,8083,104.855,7764721.4272
2026-03-18 08:55:00+00:00,73994.0,74016.5,73972.9,74005.8,211.835,2026-03-18 08:59:59.999000+00:00,15674410.0328,5427,108.005,7991447.1128
2026-03-18 09:00:00+00:00,74005.9,74069.0,73991.1,74052.2,196.434,2026-03-18 09:04:59.999000+00:00,14540689.5187,6782,125.014,9253689.1518
2026-03-18 09:05:00+00:00,74052.2,74115.6,74042.5,74098.3,278.238,2026-03-18 09:09:59.999000+00:00,20613177.2244,6762,177.053,13116977.4815
2026-03-18 09:10:00+00:00,74098.3,74152.5,74075.0,74122.6,318.143,2026-03-18 09:14:59.999000+00:00,23580259.2584,7727,181.642,13462195.8118
2026-03-18 09:15:00+00:00,74122.6,74150.0,74090.7,74145.7,294.649,2026-03-18 09:19:59.999000+00:00,21839758.9436,6687,104.444,7741970.0581
2026-03-18 09:20:00+00:00,74145.6,74184.5,74087.5,74087.9,316.245,2026-03-18 09:24:59.999000+00:00,23445994.1114,6610,214.846,15929134.7348
2026-03-18 09:25:00+00:00,74088.0,74114.5,74071.9,74113.4,157.42,2026-03-18 09:29:59.999000+00:00,11664222.6422,4066,79.95,5923981.5748
2026-03-18 09:30:00+00:00,74113.4,74158.4,74093.4,74151.0,170.59,2026-03-18 09:34:59.999000+00:00,12645631.4327,5347,91.07,6750815.6173
2026-03-18 09:35:00+00:00,74151.0,74215.0,74114.3,74193.8,410.268,2026-03-18 09:39:59.999000+00:00,30433883.0045,9258,250.115,18554400.3727
2026-03-18 09:40:00+00:00,74193.8,74246.2,74193.8,74204.0,345.171,2026-03-18 09:44:59.999000+00:00,25617585.6742,7629,197.986,14693117.7356
2026-03-18 09:45:00+00:00,74203.9,74237.1,74158.1,74170.4,228.726,2026-03-18 09:49:59.999000+00:00,16969207.0712,5493,69.844,5182238.9795
2026-03-18 09:50:00+00:00,74170.4,74172.7,74071.1,74081.1,295.727,2026-03-18 09:54:59.999000+00:00,21916668.7211,7426,92.631,6864587.5249
2026-03-18 09:55:00+00:00,74081.1,74142.4,74077.8,74136.0,193.503,2026-03-18 09:59:59.999000+00:00,14339162.5593,5541,103.012,7633803.1491
2026-03-18 10:00:00+00:00,74136.0,74166.8,74086.0,74087.0,203.538,2026-03-18 10:04:59.999000+00:00,15089176.1447,6573,76.178,5647664.5079
2026-03-18 10:05:00+00:00,74087.0,74106.9,74051.9,74103.9,231.873,2026-03-18 10:09:59.999000+00:00,17175089.2314,6679,107.119,7934769.8675
2026-03-18 10:10:00+00:00,74103.9,74220.0,74103.9,74204.9,298.729,2026-03-18 10:14:59.999000+00:00,22163386.0623,8230,156.714,11625722.4817
2026-03-18 10:15:00+00:00,74205.0,74205.0,74161.2,74168.1,118.414,2026-03-18 10:19:59.999000+00:00,8784584.9301,5063,48.579,3603673.7221
2026-03-18 10:20:00+00:00,74168.0,74171.5,74128.1,74129.6,100.194,2026-03-18 10:24:59.999000+00:00,7429229.6498,3824,27.659,2050870.084
2026-03-18 10:25:00+00:00,74129.5,74170.4,74128.0,74135.1,139.606,2026-03-18 10:29:59.999000+00:00,10351657.5629,4484,79.958,5928794.8364
2026-03-18 10:30:00+00:00,74135.0,74166.7,74036.0,74051.7,237.436,2026-03-18 10:34:59.999000+00:00,17592606.9413,8444,79.411,5884434.212
2026-03-18 10:35:00+00:00,74051.7,74054.4,73938.4,73947.8,506.481,2026-03-18 10:39:59.999000+00:00,37467748.435,12225,176.53,13058501.4615
2026-03-18 10:40:00+00:00,73947.9,73990.0,73820.0,73837.6,675.687,2026-03-18 10:44:59.999000+00:00,49936701.2535,14809,247.009,18257096.4618
2026-03-18 10:45:00+00:00,73837.7,73896.9,73761.5,73895.0,1093.275,2026-03-18 10:49:59.999000+00:00,80715823.369,21004,591.023,43636413.2909
2026-03-18 10:50:00+00:00,73895.0,73907.0,73840.9,73866.7,277.136,2026-03-18 10:54:59.999000+00:00,20473957.0869,7151,129.21,9545965.4675
2026-03-18 10:55:00+00:00,73866.7,73897.6,73841.2,73895.0,238.878,2026-03-18 10:59:59.999000+00:00,17646661.1757,6930,127.716,9434957.8842
2026-03-18 11:00:00+00:00,73895.0,73900.0,73750.0,73790.0,539.363,2026-03-18 11:04:59.999000+00:00,39825394.9515,14410,204.24,15080034.901
2026-03-18 11:05:00+00:00,73790.1,73887.9,73680.5,73887.9,783.328,2026-03-18 11:09:59.999000+00:00,57782789.4879,18962,400.422,29544495.692
2026-03-18 11:10:00+00:00,73887.8,74034.8,73881.7,73910.2,486.877,2026-03-18 11:14:59.999000+00:00,36003187.2733,15477,267.74,19799267.9968
2026-03-18 11:15:00+00:00,73910.2,73972.6,73901.9,73940.8,209.333,2026-03-18 11:19:59.999000+00:00,15477266.9647,8046,125.753,9297362.3426
2026-03-18 11:20:00+00:00,73940.7,73953.5,73868.4,73877.2,133.939,2026-03-18 11:24:59.999000+00:00,9900197.1984,5419,68.685,5077109.1368
2026-03-18 11:25:00+00:00,73877.3,73881.6,73499.3,73555.9,2096.119,2026-03-18 11:29:59.999000+00:00,154303693.6534,33648,844.284,62139187.2269
2026-03-18 11:30:00+00:00,73555.9,73560.5,73005.0,73153.2,6694.667,2026-03-18 11:34:59.999000+00:00,490168541.054,110185,3091.794,226366257.5073
2026-03-18 11:35:00+00:00,73153.2,73163.8,72732.9,72808.1,5683.966,2026-03-18 11:39:59.999000+00:00,414428690.6615,96948,2195.33,160098804.2064
2026-03-18 11:40:00+00:00,72808.1,73088.5,72731.6,73065.7,2888.013,2026-03-18 11:44:59.999000+00:00,210674782.6301,52750,1668.501,121731585.5838
2026-03-18 11:45:00+00:00,73065.8,73110.5,72935.9,72971.4,1623.624,2026-03-18 11:49:59.999000+00:00,118581203.6607,33432,1026.554,74985307.4063
2026-03-18 11:50:00+00:00,72971.4,73103.3,72940.0,72972.0,819.263,2026-03-18 11:54:59.999000+00:00,59820819.6151,24914,405.294,29594565.0835
2026-03-18 11:55:00+00:00,72972.0,73030.9,72842.2,72906.4,1129.485,2026-03-18 11:59:59.999000+00:00,82349331.3748,25929,427.852,31194320.7703
2026-03-18 12:00:00+00:00,72906.4,72947.4,72788.8,72893.8,1620.33,2026-03-18 12:04:59.999000+00:00,118054881.6566,38027,855.406,62327472.5757
2026-03-18 12:05:00+00:00,72893.8,72905.8,72660.1,72742.4,1737.106,2026-03-18 12:09:59.999000+00:00,126374903.0646,43201,730.089,53124388.4589
2026-03-18 12:10:00+00:00,72742.4,72768.9,72613.5,72718.2,1483.108,2026-03-18 12:14:59.999000+00:00,107802242.9594,34947,696.768,50648979.3463
2026-03-18 12:15:00+00:00,72718.2,72820.0,72655.0,72714.5,1381.191,2026-03-18 12:19:59.999000+00:00,100463130.5048,35558,762.18,55441797.6436
2026-03-18 12:20:00+00:00,72714.4,72800.0,72658.8,72777.7,853.906,2026-03-18 12:24:59.999000+00:00,62119810.7482,26378,544.199,39589750.4078
2026-03-18 12:25:00+00:00,72777.7,72851.3,72747.3,72782.2,1041.757,2026-03-18 12:29:59.999000+00:00,75841775.3018,26373,527.867,38429775.5922
2026-03-18 12:30:00+00:00,72782.2,72782.2,72250.0,72351.2,5176.37,2026-03-18 12:34:59.999000+00:00,375018737.6749,85050,1769.807,128203209.3168
2026-03-18 12:35:00+00:00,72351.3,72503.7,72347.0,72419.6,2143.03,2026-03-18 12:39:59.999000+00:00,155230585.4818,46365,1381.151,100046620.159
2026-03-18 12:40:00+00:00,72419.6,72502.7,72310.2,72393.2,1728.716,2026-03-18 12:44:59.999000+00:00,125171213.591,37936,1033.883,74863875.8592
2026-03-18 12:45:00+00:00,72393.2,72405.1,72266.0,72351.1,1719.788,2026-03-18 12:49:59.999000+00:00,124371589.1726,39940,830.583,60068816.152
2026-03-18 12:50:00+00:00,72351.1,72428.9,72237.5,72408.8,1187.458,2026-03-18 12:54:59.999000+00:00,85921053.8206,34206,710.285,51400863.5641
2026-03-18 12:55:00+00:00,72408.7,72458.5,72304.6,72325.1,1041.541,2026-03-18 12:59:59.999000+00:00,75380860.9709,24265,484.514,35067868.8704
2026-03-18 13:00:00+00:00,72325.1,72409.4,72088.0,72314.9,4981.602,2026-03-18 13:04:59.999000+00:00,359707830.3313,68083,2163.042,156213209.3569
2026-03-18 13:05:00+00:00,72315.0,72425.7,72260.1,72354.7,1494.093,2026-03-18 13:09:59.999000+00:00,108092151.7577,32407,811.231,58696642.4114
2026-03-18 13:10:00+00:00,72354.6,72420.0,72268.5,72400.1,1287.038,2026-03-18 13:14:59.999000+00:00,93100237.4288,24051,563.98,40797612.5423
2026-03-18 13:15:00+00:00,72400.0,72400.1,72266.1,72309.7,918.927,2026-03-18 13:19:59.999000+00:00,66465451.7896,22427,518.946,37535238.9786
2026-03-18 13:20:00+00:00,72309.7,72500.0,72308.4,72486.9,1480.493,2026-03-18 13:24:59.999000+00:00,107247287.1101,29441,921.336,66740318.7003
2026-03-18 13:25:00+00:00,72486.9,72507.8,72412.0,72444.9,839.71,2026-03-18 13:29:59.999000+00:00,60850836.8387,16649,492.305,35674614.8413
2026-03-18 13:30:00+00:00,72445.0,72445.0,72188.8,72247.5,1580.6,2026-03-18 13:34:59.999000+00:00,114237498.6532,40537,694.906,50223259.1562
2026-03-18 13:35:00+00:00,72247.6,72509.7,72229.3,72433.9,2028.209,2026-03-18 13:39:59.999000+00:00,146838126.6538,51043,1319.273,95514121.8418
2026-03-18 13:40:00+00:00,72433.8,72547.5,72288.0,72299.4,1653.466,2026-03-18 13:44:59.999000+00:00,119749618.2822,35781,871.685,63124077.6989
2026-03-18 13:45:00+00:00,72299.3,72349.0,72160.5,72196.0,1596.966,2026-03-18 13:49:59.999000+00:00,115350792.1544,36998,768.771,55529258.9204
2026-03-18 13:50:00+00:00,72196.0,72221.5,72088.1,72114.7,1419.684,2026-03-18 13:54:59.999000+00:00,102437193.2702,34746,686.755,49553426.8819
2026-03-18 13:55:00+00:00,72114.6,72140.2,71938.6,72104.4,3696.74,2026-03-18 13:59:59.999000+00:00,266203263.1394,56349,1767.323,127258749.4904
2026-03-18 14:00:00+00:00,72104.5,72194.1,71883.2,71988.6,1964.185,2026-03-18 14:04:59.999000+00:00,141485056.7773,48751,760.964,54828015.1362
2026-03-18 14:05:00+00:00,71988.7,72138.0,71850.0,72080.1,1412.892,2026-03-18 14:09:59.999000+00:00,101734140.8682,46526,685.439,49356582.8368
2026-03-18 14:10:00+00:00,72080.0,72087.6,71826.7,71846.9,1203.619,2026-03-18 14:14:59.999000+00:00,86586499.4203,39950,628.93,45252322.645
2026-03-18 14:15:00+00:00,71846.8,71957.6,71830.0,71904.6,980.845,2026-03-18 14:19:59.999000+00:00,70515132.142,36190,543.275,39058638.2074
2026-03-18 14:20:00+00:00,71904.6,71997.7,71851.3,71972.0,645.701,2026-03-18 14:24:59.999000+00:00,46444877.6683,29444,366.2,26339528.3954
2026-03-18 14:25:00+00:00,71972.1,71993.0,71550.0,71620.7,4501.406,2026-03-18 14:29:59.999000+00:00,322751818.9075,59863,1405.69,100780891.1976
2026-03-18 14:30:00+00:00,71620.7,71777.9,71518.5,71697.3,2263.912,2026-03-18 14:34:59.999000+00:00,162202067.3287,47746,1244.136,89141655.0458
2026-03-18 14:35:00+00:00,71697.3,71842.7,71615.8,71615.9,1498.706,2026-03-18 14:39:59.999000+00:00,107510699.0929,36537,894.148,64141530.4062
2026-03-18 14:40:00+00:00,71615.9,71638.2,71444.0,71467.2,2084.319,2026-03-18 14:44:59.999000+00:00,149067495.7846,43771,975.598,69775836.3769
2026-03-18 14:45:00+00:00,71467.3,71587.5,71466.5,71562.3,1139.378,2026-03-18 14:49:59.999000+00:00,81491443.8357,32816,623.152,44569770.9991
2026-03-18 14:50:00+00:00,71562.3,71578.8,71275.0,71351.9,2885.258,2026-03-18 14:54:59.999000+00:00,205994903.7617,50709,1149.974,82109688.9983
2026-03-18 14:55:00+00:00,71351.9,71443.4,70975.1,71160.3,4759.748,2026-03-18 14:59:59.999000+00:00,338810692.6751,63195,1340.07,95467708.4128
2026-03-18 15:00:00+00:00,71160.4,71343.0,70821.2,71274.4,6002.109,2026-03-18 15:04:59.999000+00:00,426602547.1245,97483,3236.276,230060447.3442
2026-03-18 15:05:00+00:00,71274.3,71455.9,71196.3,71308.5,3675.888,2026-03-18 15:09:59.999000+00:00,262202720.2324,51527,1861.33,132779570.568
2026-03-18 15:10:00+00:00,71308.6,71308.6,70919.9,71036.4,2744.565,2026-03-18 15:14:59.999000+00:00,195100557.6136,44871,1123.565,79881049.1678
2026-03-18 15:15:00+00:00,71036.5,71219.8,70964.3,71186.0,2409.827,2026-03-18 15:19:59.999000+00:00,171384064.0474,39252,973.273,69223544.9293
2026-03-18 15:20:00+00:00,71185.9,71267.0,71162.2,71243.1,1538.466,2026-03-18 15:24:59.999000+00:00,109524127.8996,25823,767.644,54654109.0069
2026-03-18 15:25:00+00:00,71243.1,71300.0,71162.2,71260.0,1104.085,2026-03-18 15:29:59.999000+00:00,78665455.6317,24284,544.481,38794769.5922
2026-03-18 15:30:00+00:00,71260.0,71476.6,71179.9,71416.3,2100.874,2026-03-18 15:34:59.999000+00:00,149920165.8449,36264,1303.052,92988548.6724
2026-03-18 15:35:00+00:00,71416.2,71429.5,71254.9,71359.4,1805.963,2026-03-18 15:39:59.999000+00:00,128917714.1854,22671,589.601,42071288.0436
2026-03-18 15:40:00+00:00,71359.3,71389.8,71240.8,71328.3,634.118,2026-03-18 15:44:59.999000+00:00,45228279.2851,18573,377.996,26959879.2647
2026-03-18 15:45:00+00:00,71328.4,71352.2,71173.8,71320.0,658.584,2026-03-18 15:49:59.999000+00:00,46944904.9157,21480,359.631,25634386.5374
2026-03-18 15:50:00+00:00,71320.0,71412.1,71297.9,71405.8,823.644,2026-03-18 15:54:59.999000+00:00,58779530.5616,21021,398.897,28468265.2771
2026-03-18 15:55:00+00:00,71405.8,71497.0,71372.7,71436.4,1362.724,2026-03-18 15:59:59.999000+00:00,97362208.1117,23477,745.7,53275873.6282
2026-03-18 16:00:00+00:00,71436.3,71536.0,71319.8,71323.6,1508.823,2026-03-18 16:04:59.999000+00:00,107783272.3403,33412,837.192,59811140.2789
2026-03-18 16:05:00+00:00,71323.6,71346.8,71175.9,71200.1,980.868,2026-03-18 16:09:59.999000+00:00,69894482.6279,22683,399.785,28486267.7022
2026-03-18 16:10:00+00:00,71200.1,71301.0,71130.1,71214.1,1144.311,2026-03-18 16:14:59.999000+00:00,81474287.6884,26194,464.706,33090876.9474
2026-03-18 16:15:00+00:00,71214.2,71306.9,71150.0,71239.6,618.052,2026-03-18 16:19:59.999000+00:00,44033054.2251,21700,364.724,25985449.8717
2026-03-18 16:20:00+00:00,71239.7,71260.3,71139.6,71157.8,527.159,2026-03-18 16:24:59.999000+00:00,37526055.6375,19318,206.955,14732556.3127
2026-03-18 16:25:00+00:00,71157.8,71288.1,71061.4,71199.5,933.24,2026-03-18 16:29:59.999000+00:00,66423734.4743,25088,509.209,36244484.6805
2026-03-18 16:30:00+00:00,71199.5,71252.8,71075.6,71089.7,734.142,2026-03-18 16:34:59.999000+00:00,52247739.4161,24690,388.61,27659613.9908
2026-03-18 16:35:00+00:00,71089.4,71266.0,71001.8,71232.9,818.111,2026-03-18 16:39:59.999000+00:00,58175650.1074,25900,446.742,31768440.3327
2026-03-18 16:40:00+00:00,71233.0,71265.3,71155.2,71251.4,571.044,2026-03-18 16:44:59.999000+00:00,40668442.3662,16402,196.879,14023483.2574
2026-03-18 16:45:00+00:00,71251.3,71332.4,71224.4,71307.9,631.502,2026-03-18 16:49:59.999000+00:00,45008267.2183,15242,339.051,24166241.3275
2026-03-18 16:50:00+00:00,71307.9,71438.3,71290.0,71346.7,750.538,2026-03-18 16:54:59.999000+00:00,53560745.0612,18432,444.407,31716269.268
2026-03-18 16:55:00+00:00,71346.7,71372.8,71227.5,71289.5,1072.19,2026-03-18 16:59:59.999000+00:00,76449371.5337,20363,746.224,53209481.7281
2026-03-18 17:00:00+00:00,71289.5,71365.1,71164.7,71291.9,1071.225,2026-03-18 17:04:59.999000+00:00,76322847.7788,18341,396.999,28293588.3785
2026-03-18 17:05:00+00:00,71291.9,71295.0,71174.2,71231.7,348.097,2026-03-18 17:09:59.999000+00:00,24798135.201,15885,160.773,11451976.144
2026-03-18 17:10:00+00:00,71231.7,71300.0,71231.7,71256.6,197.38,2026-03-18 17:14:59.999000+00:00,14066943.0987,11523,113.196,8066994.0974
2026-03-18 17:15:00+00:00,71256.9,71320.9,71170.0,71320.9,338.627,2026-03-18 17:19:59.999000+00:00,24123536.617,13738,196.089,13969272.529
2026-03-18 17:20:00+00:00,71320.8,71461.7,71311.8,71459.4,691.773,2026-03-18 17:24:59.999000+00:00,49381711.6928,20181,410.082,29272489.4396
2026-03-18 17:25:00+00:00,71459.3,71486.0,71340.0,71446.7,445.302,2026-03-18 17:29:59.999000+00:00,31807475.4697,15425,247.7,17693123.2194
2026-03-18 17:30:00+00:00,71446.8,71456.8,71311.7,71437.9,516.298,2026-03-18 17:34:59.999000+00:00,36848655.1508,17525,208.623,14891837.8343
2026-03-18 17:35:00+00:00,71437.8,71698.0,71436.4,71663.5,1508.253,2026-03-18 17:39:59.999000+00:00,107946876.4578,30302,996.377,71307206.1859
2026-03-18 17:40:00+00:00,71663.5,71663.5,71459.7,71555.5,880.276,2026-03-18 17:44:59.999000+00:00,62992890.7552,22531,420.584,30093663.6865
2026-03-18 17:45:00+00:00,71555.4,71722.2,71549.0,71656.2,712.704,2026-03-18 17:49:59.999000+00:00,51067452.4696,21978,363.919,26073347.8772
2026-03-18 17:50:00+00:00,71656.2,71656.2,71519.0,71596.3,536.534,2026-03-18 17:54:59.999000+00:00,38399702.4562,16947,189.832,13587933.5938
2026-03-18 17:55:00+00:00,71596.3,71659.4,71530.0,71556.6,685.955,2026-03-18 17:59:59.999000+00:00,49106535.3258,17906,370.231,26506275.5098
2026-03-18 18:00:00+00:00,71556.6,71944.9,71553.3,71886.9,2843.393,2026-03-18 18:04:59.999000+00:00,204130891.9193,65222,1937.14,139063122.6773
2026-03-18 18:05:00+00:00,71886.9,71980.5,71800.0,71800.0,1228.294,2026-03-18 18:09:59.999000+00:00,88277296.0578,34125,557.552,40075560.3773
2026-03-18 18:10:00+00:00,71800.0,71900.0,71745.5,71843.8,893.278,2026-03-18 18:14:59.999000+00:00,64153445.8717,27732,353.715,25403614.6551
2026-03-18 18:15:00+00:00,71843.8,71843.8,71570.3,71615.2,1341.933,2026-03-18 18:19:59.999000+00:00,96225400.078,38805,625.818,44881587.7382
2026-03-18 18:20:00+00:00,71615.1,71678.0,71517.6,71615.5,888.947,2026-03-18 18:24:59.999000+00:00,63637951.5513,29559,477.676,34196697.2401
2026-03-18 18:25:00+00:00,71615.5,71650.0,71558.0,71649.9,347.646,2026-03-18 18:29:59.999000+00:00,24893823.4434,15975,178.09,12752683.2912
2026-03-18 18:30:00+00:00,71650.0,71814.2,71436.5,71436.5,861.166,2026-03-18 18:34:59.999000+00:00,61700118.0584,35878,322.766,23133377.5519
2026-03-18 18:35:00+00:00,71436.5,71715.7,71436.5,71544.0,577.53,2026-03-18 18:39:59.999000+00:00,41323977.2846,36285,295.26,21126537.2123
2026-03-18 18:40:00+00:00,71544.0,71662.7,71507.6,71576.2,421.691,2026-03-18 18:44:59.999000+00:00,30186722.4958,22563,248.39,17781371.4375
2026-03-18 18:45:00+00:00,71576.4,71576.4,71355.4,71370.1,671.001,2026-03-18 18:49:59.999000+00:00,47932882.1812,25979,263.696,18837714.7814
2026-03-18 18:50:00+00:00,71370.0,71438.6,71043.0,71049.2,2160.711,2026-03-18 18:54:59.999000+00:00,153859412.2316,42306,718.582,51194533.5034
2026-03-18 18:55:00+00:00,71049.1,71137.9,70904.5,71066.5,2115.95,2026-03-18 18:59:59.999000+00:00,150272048.179,45303,1087.071,77208085.0962
2026-03-18 19:00:00+00:00,71066.5,71321.1,71046.0,71321.1,1369.979,2026-03-18 19:04:59.999000+00:00,97521948.9029,39473,858.046,61080232.9644
2026-03-18 19:05:00+00:00,71321.1,71392.1,71231.2,71384.8,613.868,2026-03-18 19:09:59.999000+00:00,43775390.6172,20897,287.613,20511047.5482
2026-03-18 19:10:00+00:00,71384.8,71384.8,71252.4,71298.2,433.672,2026-03-18 19:14:59.999000+00:00,30923499.5248,16442,244.018,17398360.2561
2026-03-18 19:15:00+00:00,71298.3,71460.3,71273.8,71401.2,431.503,2026-03-18 19:19:59.999000+00:00,30796460.9918,17515,253.149,18068542.9934
2026-03-18 19:20:00+00:00,71401.2,71408.0,71251.6,71260.0,351.986,2026-03-18 19:24:59.999000+00:00,25098378.3509,17955,115.642,8246126.5974
2026-03-18 19:25:00+00:00,71260.0,71274.1,71163.5,71248.8,526.364,2026-03-18 19:29:59.999000+00:00,37490783.0256,19848,315.344,22460676.3838
2026-03-18 19:30:00+00:00,71248.9,71327.9,71052.3,71123.7,1324.628,2026-03-18 19:34:59.999000+00:00,94282055.1446,24498,602.189,42868457.1963
2026-03-18 19:35:00+00:00,71123.7,71156.8,71077.0,71077.0,584.285,2026-03-18 19:39:59.999000+00:00,41559749.0015,14034,349.47,24860632.4422
2026-03-18 19:40:00+00:00,71077.1,71110.0,70955.6,71026.6,1033.497,2026-03-18 19:44:59.999000+00:00,73400427.1097,20732,584.815,41534804.1546
2026-03-18 19:45:00+00:00,71026.5,71067.6,70962.8,70984.1,369.015,2026-03-18 19:49:59.999000+00:00,26205254.8147,14783,167.694,11908422.2867
2026-03-18 19:50:00+00:00,70984.1,71074.6,70858.3,71054.6,629.152,2026-03-18 19:54:59.999000+00:00,44652372.716,21633,279.655,19853043.3423
2026-03-18 19:55:00+00:00,71054.6,71114.6,70980.0,71030.3,548.604,2026-03-18 19:59:59.999000+00:00,38978449.529,16014,264.824,18818216.1922
2026-03-18 20:00:00+00:00,71030.3,71030.3,70886.4,70950.1,788.756,2026-03-18 20:04:59.999000+00:00,55957801.1853,21036,332.115,23560627.3353
2026-03-18 20:05:00+00:00,70950.1,70953.5,70550.0,70577.5,3961.142,2026-03-18 20:09:59.999000+00:00,280028250.0203,58102,1351.268,95516430.1079
2026-03-18 20:10:00+00:00,70577.5,70749.9,70456.0,70716.3,2238.845,2026-03-18 20:14:59.999000+00:00,157953414.6192,45155,866.257,61136508.7442
2026-03-18 20:15:00+00:00,70716.2,70850.0,70688.5,70747.0,1416.685,2026-03-18 20:19:59.999000+00:00,100294431.6396,26165,650.698,46063210.3874
2026-03-18 20:20:00+00:00,70747.1,70864.0,70734.4,70850.0,435.518,2026-03-18 20:24:59.999000+00:00,30838363.5052,13819,234.391,16595706.6521
2026-03-18 20:25:00+00:00,70850.0,70999.0,70831.7,70945.3,856.39,2026-03-18 20:29:59.999000+00:00,60720645.0775,18058,503.906,35730460.9517
2026-03-18 20:30:00+00:00,70945.4,71249.0,70913.2,71212.0,1635.037,2026-03-18 20:34:59.999000+00:00,116250937.3921,29705,1137.32,80863980.1796
2026-03-18 20:35:00+00:00,71212.0,71298.0,71088.0,71165.8,768.746,2026-03-18 20:39:59.999000+00:00,54729136.1436,20321,407.528,29019820.6861
2026-03-18 20:40:00+00:00,71165.9,71184.9,71122.4,71129.9,399.077,2026-03-18 20:44:59.999000+00:00,28396315.5803,10516,121.604,8652634.064
2026-03-18 20:45:00+00:00,71129.9,71293.1,71088.1,71246.4,364.34,2026-03-18 20:49:59.999000+00:00,25925701.0977,15235,239.321,17029651.8349
2026-03-18 20:50:00+00:00,71246.4,71264.2,71176.0,71220.2,333.844,2026-03-18 20:54:59.999000+00:00,23775390.3551,11190,132.909,9465596.3172
2026-03-18 20:55:00+00:00,71220.1,71239.2,71172.3,71172.3,166.056,2026-03-18 20:59:59.999000+00:00,11824497.2459,5378,71.225,5071704.8989
2026-03-18 21:00:00+00:00,71172.3,71301.9,71145.2,71262.4,282.853,2026-03-18 21:04:59.999000+00:00,20149748.5735,8408,152.939,10894656.4493
2026-03-18 21:05:00+00:00,71262.4,71346.5,71260.1,71314.2,432.506,2026-03-18 21:09:59.999000+00:00,30839877.7506,11606,183.286,13069384.7468
2026-03-18 21:10:00+00:00,71314.1,71438.1,71245.0,71245.0,504.172,2026-03-18 21:14:59.999000+00:00,35966444.287,12027,312.035,22262384.3597
2026-03-18 21:15:00+00:00,71245.0,71330.6,71227.4,71287.1,206.438,2026-03-18 21:19:59.999000+00:00,14714988.1485,7284,128.221,9139201.6137
2026-03-18 21:20:00+00:00,71287.1,71339.0,71260.0,71267.0,259.619,2026-03-18 21:24:59.999000+00:00,18509490.548,7241,96.613,6888425.615
2026-03-18 21:25:00+00:00,71267.1,71267.1,71201.1,71203.4,204.886,2026-03-18 21:29:59.999000+00:00,14593907.6294,6259,91.247,6499783.273
2026-03-18 21:30:00+00:00,71203.4,71237.2,71152.8,71152.8,172.969,2026-03-18 21:34:59.999000+00:00,12314718.5522,5128,60.382,4299135.0808
2026-03-18 21:35:00+00:00,71152.8,71317.7,71127.5,71309.0,233.372,2026-03-18 21:39:59.999000+00:00,16625145.1578,8187,144.443,10290955.3223
2026-03-18 21:40:00+00:00,71309.0,71378.2,71260.3,71292.5,247.272,2026-03-18 21:44:59.999000+00:00,17632507.8681,11213,100.24,7147630.7576
2026-03-18 21:45:00+00:00,71292.6,71306.0,71246.1,71297.6,301.954,2026-03-18 21:49:59.999000+00:00,21524575.6612,9921,130.804,9324535.9252
2026-03-18 21:50:00+00:00,71297.6,71300.0,71255.3,71280.0,88.748,2026-03-18 21:54:59.999000+00:00,6326452.2306,5213,41.841,2982652.8373
2026-03-18 21:55:00+00:00,71280.0,71329.7,71219.6,71219.7,223.222,2026-03-18 21:59:59.999000+00:00,15910270.8428,9891,108.808,7755559.7693
2026-03-18 22:00:00+00:00,71219.7,71233.2,71066.6,71077.0,442.092,2026-03-18 22:04:59.999000+00:00,31447135.263,14441,205.31,14602750.9521
2026-03-18 22:05:00+00:00,71076.9,71093.5,70957.9,70987.0,788.028,2026-03-18 22:09:59.999000+00:00,55961915.0916,17018,302.577,21489375.4851
2026-03-18 22:10:00+00:00,70986.9,71020.0,70920.0,70966.0,311.673,2026-03-18 22:14:59.999000+00:00,22118439.7225,11321,148.769,10557767.5868
2026-03-18 22:15:00+00:00,70966.1,71090.3,70929.8,71067.0,358.133,2026-03-18 22:19:59.999000+00:00,25439243.4466,11610,167.631,11905974.4061
2026-03-18 22:20:00+00:00,71067.0,71080.5,70964.8,71066.7,256.249,2026-03-18 22:24:59.999000+00:00,18202540.4225,8866,126.158,8960982.9379
2026-03-18 22:25:00+00:00,71066.8,71066.8,70977.6,71056.5,164.201,2026-03-18 22:29:59.999000+00:00,11660780.6913,6157,71.584,5083787.6185
2026-03-18 22:30:00+00:00,71056.5,71086.6,70937.0,71008.8,261.011,2026-03-18 22:34:59.999000+00:00,18532043.3093,11532,125.073,8880047.7636
2026-03-18 22:35:00+00:00,71008.8,71025.2,70969.9,70999.9,150.002,2026-03-18 22:39:59.999000+00:00,10650101.9811,5941,95.064,6749501.6675
2026-03-18 22:40:00+00:00,71000.0,71034.2,70899.9,71027.4,261.08,2026-03-18 22:44:59.999000+00:00,18524279.8516,9267,112.827,8007056.9737
2026-03-18 22:45:00+00:00,71027.5,71061.5,70984.6,71046.4,249.132,2026-03-18 22:49:59.999000+00:00,17693241.0569,7222,144.053,10231392.4019
2026-03-18 22:50:00+00:00,71046.4,71079.2,71006.7,71050.6,119.644,2026-03-18 22:54:59.999000+00:00,8499783.1048,5481,70.916,5038015.7849
2026-03-18 22:55:00+00:00,71050.6,71118.0,71050.5,71118.0,192.547,2026-03-18 22:59:59.999000+00:00,13687493.7527,7464,108.787,7733479.0011
2026-03-18 23:00:00+00:00,71117.9,71234.0,71024.8,71098.5,599.413,2026-03-18 23:04:59.999000+00:00,42641150.8339,18619,309.421,22011924.0945
2026-03-18 23:05:00+00:00,71098.5,71212.8,71070.8,71199.2,225.773,2026-03-18 23:09:59.999000+00:00,16063794.4914,9102,128.037,9109411.5211
2026-03-18 23:10:00+00:00,71199.1,71202.9,71115.1,71121.4,253.488,2026-03-18 23:14:59.999000+00:00,18035694.6032,8747,121.126,8617735.7168
2026-03-18 23:15:00+00:00,71121.4,71133.7,71036.3,71079.4,197.154,2026-03-18 23:19:59.999000+00:00,14013230.2013,7781,89.792,6382145.6684
2026-03-18 23:20:00+00:00,71079.5,71113.0,71058.4,71109.9,161.943,2026-03-18 23:24:59.999000+00:00,11511644.3731,9754,76.353,5427477.5956
2026-03-18 23:25:00+00:00,71109.9,71179.2,71085.3,71171.3,122.633,2026-03-18 23:29:59.999000+00:00,8724114.8839,6259,79.061,5624712.5771
2026-03-18 23:30:00+00:00,71171.4,71299.3,71171.3,71287.3,406.356,2026-03-18 23:34:59.999000+00:00,28952238.2774,12914,248.94,17736260.5396
2026-03-18 23:35:00+00:00,71287.3,71314.4,71258.3,71294.5,235.508,2026-03-18 23:39:59.999000+00:00,16790610.6834,7761,125.91,8976724.1501
2026-03-18 23:40:00+00:00,71294.5,71303.2,71234.0,71237.1,173.412,2026-03-18 23:44:59.999000+00:00,12358059.8316,7630,84.553,6025614.5512
2026-03-18 23:45:00+00:00,71237.1,71333.1,71171.7,71298.0,622.675,2026-03-18 23:49:59.999000+00:00,44376907.1333,17239,335.4,23904318.1793
2026-03-18 23:50:00+00:00,71298.1,71298.1,71193.3,71243.9,202.681,2026-03-18 23:54:59.999000+00:00,14436881.6482,9522,121.804,8676100.9133
2026-03-18 23:55:00+00:00,71244.0,71268.5,71202.9,71202.9,162.902,2026-03-18 23:59:59.999000+00:00,11604873.5579,4961,96.194,6852965.3789
2026-03-19 00:00:00+00:00,71202.9,71258.9,71134.1,71224.8,651.031,2026-03-19 00:04:59.999000+00:00,46337185.1126,18996,256.303,18243218.6103
2026-03-19 00:05:00+00:00,71224.7,71274.0,71170.3,71170.4,236.06,2026-03-19 00:09:59.999000+00:00,16813082.724,12108,136.698,9735760.661
2026-03-19 00:10:00+00:00,71170.4,71170.4,71048.4,71148.7,426.922,2026-03-19 00:14:59.999000+00:00,30354518.6328,13820,198.235,14093245.6101
2026-03-19 00:15:00+00:00,71148.7,71166.2,71087.0,71112.3,153.78,2026-03-19 00:19:59.999000+00:00,10936459.3991,8052,78.544,5585891.5306
2026-03-19 00:20:00+00:00,71112.3,71130.0,71052.1,71078.4,208.266,2026-03-19 00:24:59.999000+00:00,14805356.5423,9583,114.05,8107790.7651
2026-03-19 00:25:00+00:00,71078.3,71283.3,71062.9,71261.7,307.859,2026-03-19 00:29:59.999000+00:00,21913167.2885,11594,230.294,16391845.4029
2026-03-19 00:30:00+00:00,71261.7,71265.8,71083.0,71084.4,249.94,2026-03-19 00:34:59.999000+00:00,17790563.2875,11795,141.839,10094855.3226
2026-03-19 00:35:00+00:00,71084.4,71102.1,71014.2,71078.3,463.128,2026-03-19 00:39:59.999000+00:00,32906878.0268,14179,239.489,17016736.3657
2026-03-19 00:40:00+00:00,71078.3,71092.9,71005.5,71031.6,169.089,2026-03-19 00:44:59.999000+00:00,12011473.4486,8140,80.514,5719513.163
2026-03-19 00:45:00+00:00,71031.6,71087.2,71013.8,71013.9,216.89,2026-03-19 00:49:59.999000+00:00,15408326.7627,10089,89.186,6335888.45
2026-03-19 00:50:00+00:00,71013.8,71055.0,70950.0,71015.1,537.142,2026-03-19 00:54:59.999000+00:00,38135846.3338,15433,280.89,19943836.0085
2026-03-19 00:55:00+00:00,71015.1,71033.1,70940.0,70970.1,273.463,2026-03-19 00:59:59.999000+00:00,19411719.7213,10789,131.578,9339564.5881
2026-03-19 01:00:00+00:00,70970.0,71078.6,70962.0,70971.1,292.332,2026-03-19 01:04:59.999000+00:00,20759338.4459,13516,180.917,12847516.7112
2026-03-19 01:05:00+00:00,70971.2,71050.0,70930.0,70956.3,313.265,2026-03-19 01:09:59.999000+00:00,22237744.8218,14005,149.705,10628623.8984
2026-03-19 01:10:00+00:00,70956.4,70987.2,70939.0,70970.0,211.316,2026-03-19 01:14:59.999000+00:00,14995301.7934,10193,110.806,7862860.471
2026-03-19 01:15:00+00:00,70970.1,71048.4,70963.5,70968.7,292.541,2026-03-19 01:19:59.999000+00:00,20770862.2637,11488,136.357,9681458.0288
2026-03-19 01:20:00+00:00,70968.8,71018.2,70921.5,70948.0,161.538,2026-03-19 01:24:59.999000+00:00,11462902.5702,9370,82.499,5854329.043
2026-03-19 01:25:00+00:00,70948.0,71043.6,70932.7,71040.1,144.47,2026-03-19 01:29:59.999000+00:00,10256211.9568,7728,79.106,5616390.277
2026-03-19 01:30:00+00:00,71040.0,71080.0,70970.9,71060.5,208.832,2026-03-19 01:34:59.999000+00:00,14833012.2066,11203,117.829,8369534.1648
2026-03-19 01:35:00+00:00,71060.6,71105.3,71033.0,71062.2,278.161,2026-03-19 01:39:59.999000+00:00,19767843.5359,10438,177.055,12582853.244
2026-03-19 01:40:00+00:00,71062.2,71132.2,71009.3,71103.7,260.261,2026-03-19 01:44:59.999000+00:00,18499126.8901,8666,173.308,12319117.4711
2026-03-19 01:45:00+00:00,71103.7,71149.9,71085.6,71137.8,213.107,2026-03-19 01:49:59.999000+00:00,15156551.881,7676,113.323,8060095.2491
2026-03-19 01:50:00+00:00,71137.8,71144.9,71049.1,71137.9,154.455,2026-03-19 01:54:59.999000+00:00,10983085.2452,6580,86.576,6156440.5611
2026-03-19 01:55:00+00:00,71138.0,71147.1,71077.8,71078.5,160.991,2026-03-19 01:59:59.999000+00:00,11448336.8635,7151,91.848,6531552.345
2026-03-19 02:00:00+00:00,71078.5,71078.5,70858.4,71003.2,444.613,2026-03-19 02:04:59.999000+00:00,31545595.8431,17397,172.09,12210916.1018
2026-03-19 02:05:00+00:00,71003.1,71149.7,70940.2,71060.5,373.92,2026-03-19 02:09:59.999000+00:00,26571133.593,15606,205.11,14577497.7987
2026-03-19 02:10:00+00:00,71060.6,71183.8,71060.6,71147.0,313.303,2026-03-19 02:14:59.999000+00:00,22290667.5385,11579,186.079,13238551.0986
2026-03-19 02:15:00+00:00,71147.0,71216.0,71101.8,71113.2,300.852,2026-03-19 02:19:59.999000+00:00,21411044.6534,12180,155.28,11052150.0488
2026-03-19 02:20:00+00:00,71113.3,71214.7,71113.3,71148.4,210.06,2026-03-19 02:24:59.999000+00:00,14947832.4377,9538,125.398,8922509.3452
2026-03-19 02:25:00+00:00,71148.3,71221.0,71125.0,71221.0,294.912,2026-03-19 02:29:59.999000+00:00,20987639.0974,7428,171.336,12193221.5666
2026-03-19 02:30:00+00:00,71220.9,71226.7,71130.0,71214.1,248.762,2026-03-19 02:34:59.999000+00:00,17708722.4734,9268,110.917,7895548.9469
2026-03-19 02:35:00+00:00,71214.1,71222.2,71168.0,71172.1,137.781,2026-03-19 02:39:59.999000+00:00,9809182.5452,5844,71.698,5104532.7446
2026-03-19 02:40:00+00:00,71172.0,71218.0,71167.9,71170.2,193.697,2026-03-19 02:44:59.999000+00:00,13789771.2697,5172,117.79,8386323.6211
2026-03-19 02:45:00+00:00,71170.2,71184.4,71073.3,71073.4,248.53,2026-03-19 02:49:59.999000+00:00,17676688.2157,8490,90.022,6403884.0438
2026-03-19 02:50:00+00:00,71073.4,71091.0,71016.1,71060.4,238.09,2026-03-19 02:54:59.999000+00:00,16917724.3184,10021,111.93,7953463.9502
2026-03-19 02:55:00+00:00,71060.5,71069.1,71001.1,71020.6,176.697,2026-03-19 02:59:59.999000+00:00,12549990.6621,6531,79.318,5633480.8641
2026-03-19 03:00:00+00:00,71020.7,71096.0,71020.7,71063.5,165.488,2026-03-19 03:04:59.999000+00:00,11758070.3714,6651,105.058,7464267.5154
2026-03-19 03:05:00+00:00,71063.5,71180.2,71023.8,71164.6,216.9,2026-03-19 03:09:59.999000+00:00,15419414.4768,8172,124.494,8851099.7115
2026-03-19 03:10:00+00:00,71164.6,71208.1,71154.6,71156.2,304.839,2026-03-19 03:14:59.999000+00:00,21697011.3837,8441,109.073,7763362.8485
2026-03-19 03:15:00+00:00,71156.3,71598.3,71150.0,71543.5,2297.598,2026-03-19 03:19:59.999000+00:00,164098623.6325,38788,1613.726,115253938.3935
2026-03-19 03:20:00+00:00,71543.5,71543.5,71426.6,71455.6,883.711,2026-03-19 03:24:59.999000+00:00,63162988.8991,24946,416.709,29782961.3785
2026-03-19 03:25:00+00:00,71455.7,71550.0,71392.4,71462.3,681.919,2026-03-19 03:29:59.999000+00:00,48737557.3657,19065,367.985,26304008.835
2026-03-19 03:30:00+00:00,71462.4,71504.8,71312.7,71339.0,595.99,2026-03-19 03:34:59.999000+00:00,42550800.0389,17617,198.011,14137341.3756
2026-03-19 03:35:00+00:00,71339.1,71344.7,71245.5,71260.1,544.403,2026-03-19 03:39:59.999000+00:00,38810747.0797,15365,218.449,15573171.658
2026-03-19 03:40:00+00:00,71260.2,71288.8,71200.0,71211.8,359.405,2026-03-19 03:44:59.999000+00:00,25601125.6352,9987,147.985,10541006.2965
2026-03-19 03:45:00+00:00,71211.9,71283.7,71164.8,71270.5,559.574,2026-03-19 03:49:59.999000+00:00,39847620.9181,14962,324.069,23077448.9322
2026-03-19 03:50:00+00:00,71270.5,71270.5,71213.4,71249.1,197.713,2026-03-19 03:54:59.999000+00:00,14085881.689,7360,81.031,5772930.351
2026-03-19 03:55:00+00:00,71249.1,71249.1,71175.8,71180.0,232.704,2026-03-19 03:59:59.999000+00:00,16568770.2066,6494,61.229,4359809.387
2026-03-19 04:00:00+00:00,71180.0,71180.0,71073.5,71088.7,437.091,2026-03-19 04:04:59.999000+00:00,31085649.6365,14795,198.47,14115283.6536
2026-03-19 04:05:00+00:00,71088.8,71088.8,70688.0,70809.9,2150.052,2026-03-19 04:09:59.999000+00:00,152317471.1134,41894,780.956,55308335.5444
2026-03-19 04:10:00+00:00,70810.0,70862.2,70766.6,70835.9,616.446,2026-03-19 04:14:59.999000+00:00,43653761.4382,16335,304.861,21588891.7375
2026-03-19 04:15:00+00:00,70836.0,70908.7,70808.5,70836.0,587.164,2026-03-19 04:19:59.999000+00:00,41607465.4597,17286,319.924,22671107.4143
2026-03-19 04:20:00+00:00,70836.0,70836.0,70738.0,70741.5,320.546,2026-03-19 04:24:59.999000+00:00,22690358.3941,12258,142.74,10104276.2344
2026-03-19 04:25:00+00:00,70741.5,70741.6,70625.9,70700.0,943.041,2026-03-19 04:29:59.999000+00:00,66646878.9092,21615,389.276,27510623.8881
2026-03-19 04:30:00+00:00,70699.9,70773.7,70619.3,70765.1,732.195,2026-03-19 04:34:59.999000+00:00,51769499.9705,20069,360.546,25498803.3224
2026-03-19 04:35:00+00:00,70765.1,70807.2,70727.8,70751.0,606.144,2026-03-19 04:39:59.999000+00:00,42900613.9877,11858,346.515,24525506.3791
2026-03-19 04:40:00+00:00,70751.0,70787.7,70655.8,70756.8,349.354,2026-03-19 04:44:59.999000+00:00,24708959.0377,10933,184.832,13074331.1193
2026-03-19 04:45:00+00:00,70756.7,70764.6,70700.4,70738.8,157.713,2026-03-19 04:49:59.999000+00:00,11155856.2191,7299,77.193,5460261.9743
2026-03-19 04:50:00+00:00,70738.8,70809.7,70735.0,70791.0,163.019,2026-03-19 04:54:59.999000+00:00,11538312.7171,6527,111.768,7910908.6943
2026-03-19 04:55:00+00:00,70790.9,70848.6,70785.6,70790.7,297.293,2026-03-19 04:59:59.999000+00:00,21052893.7086,7729,187.658,13288875.5924
2026-03-19 05:00:00+00:00,70790.7,70879.0,70786.4,70838.5,337.234,2026-03-19 05:04:59.999000+00:00,23886784.3315,13273,212.023,15017155.6646
2026-03-19 05:05:00+00:00,70838.5,70844.4,70736.0,70779.8,318.696,2026-03-19 05:09:59.999000+00:00,22561947.8916,12551,107.191,7589662.2652
2026-03-19 05:10:00+00:00,70779.9,70800.1,70720.0,70779.5,205.119,2026-03-19 05:14:59.999000+00:00,14514465.5249,8429,78.297,5540370.5723
2026-03-19 05:15:00+00:00,70779.4,70853.4,70764.5,70832.1,189.493,2026-03-19 05:19:59.999000+00:00,13419750.5942,7420,108.215,7664263.246
2026-03-19 05:20:00+00:00,70832.1,70851.3,70759.1,70785.2,183.515,2026-03-19 05:24:59.999000+00:00,12994544.4224,8281,79.897,5657401.5259
2026-03-19 05:25:00+00:00,70785.2,70794.8,70643.5,70658.3,378.898,2026-03-19 05:29:59.999000+00:00,26791184.7683,10288,96.988,6857890.6394
2026-03-19 05:30:00+00:00,70658.2,70716.4,70608.1,70666.2,422.357,2026-03-19 05:34:59.999000+00:00,29845527.2158,13647,189.609,13399792.2428
2026-03-19 05:35:00+00:00,70666.2,70773.3,70666.1,70756.7,276.477,2026-03-19 05:39:59.999000+00:00,19551447.3321,10390,174.27,12323568.8394
2026-03-19 05:40:00+00:00,70756.8,70848.1,70744.3,70750.1,260.347,2026-03-19 05:44:59.999000+00:00,18434515.9875,9222,140.656,9960424.2361
2026-03-19 05:45:00+00:00,70750.2,70807.9,70683.1,70793.5,245.814,2026-03-19 05:49:59.999000+00:00,17393503.5651,10108,105.856,7490216.7601
2026-03-19 05:50:00+00:00,70793.5,70811.0,70750.0,70803.9,231.577,2026-03-19 05:54:59.999000+00:00,16392147.5444,8689,142.674,10099156.2037
2026-03-19 05:55:00+00:00,70803.8,70820.0,70759.0,70792.8,223.965,2026-03-19 05:59:59.999000+00:00,15855941.6653,6326,150.107,10626873.2579
2026-03-19 06:00:00+00:00,70792.7,70812.2,70693.9,70737.7,251.135,2026-03-19 06:04:59.999000+00:00,17769820.9729,11160,92.392,6536673.7566
2026-03-19 06:05:00+00:00,70737.6,70945.5,70681.2,70840.1,679.709,2026-03-19 06:09:59.999000+00:00,48149166.7294,16503,378.737,26830527.4834
2026-03-19 06:10:00+00:00,70840.0,70889.9,70811.0,70837.3,195.476,2026-03-19 06:14:59.999000+00:00,13849060.2542,8223,105.613,7482810.4573
2026-03-19 06:15:00+00:00,70837.2,70902.5,70825.2,70838.8,283.096,2026-03-19 06:19:59.999000+00:00,20066159.0291,7996,180.645,12804682.1748
2026-03-19 06:20:00+00:00,70838.9,70890.0,70761.2,70780.2,268.833,2026-03-19 06:24:59.999000+00:00,19037914.4042,8836,98.776,6995260.8932
2026-03-19 06:25:00+00:00,70780.2,70857.7,70686.3,70692.2,277.571,2026-03-19 06:29:59.999000+00:00,19648087.6063,9192,77.471,5485616.0233
2026-03-19 06:30:00+00:00,70692.2,70725.4,70550.6,70603.4,718.309,2026-03-19 06:34:59.999000+00:00,50732868.4671,17726,252.433,17832367.5079
2026-03-19 06:35:00+00:00,70603.4,70686.3,70522.6,70667.9,728.068,2026-03-19 06:39:59.999000+00:00,51388512.2613,19205,335.2,23663195.691
2026-03-19 06:40:00+00:00,70667.9,70696.4,70635.4,70689.3,276.035,2026-03-19 06:44:59.999000+00:00,19506347.8427,11728,170.06,12017550.4266
2026-03-19 06:45:00+00:00,70689.2,70706.3,70600.0,70611.3,212.211,2026-03-19 06:49:59.999000+00:00,14993555.3936,10819,81.047,5726752.1838
2026-03-19 06:50:00+00:00,70611.2,70634.2,70538.2,70570.5,531.459,2026-03-19 06:54:59.999000+00:00,37511061.2799,12307,176.989,12491997.3395
2026-03-19 06:55:00+00:00,70570.6,70606.6,70468.0,70552.4,1222.304,2026-03-19 06:59:59.999000+00:00,86203873.812,19266,401.391,28306559.9606
2026-03-19 07:00:00+00:00,70552.4,70570.0,70300.0,70409.0,2806.781,2026-03-19 07:04:59.999000+00:00,197600087.1858,46386,947.516,66706190.0983
2026-03-19 07:05:00+00:00,70409.0,70463.4,70177.3,70273.5,1990.671,2026-03-19 07:09:59.999000+00:00,139913994.9024,36884,636.29,44724889.4454
2026-03-19 07:10:00+00:00,70273.4,70278.1,69907.1,69940.4,5980.335,2026-03-19 07:14:59.999000+00:00,419014987.5348,88541,1662.543,116483910.0002
2026-03-19 07:15:00+00:00,69940.3,69999.0,69721.2,69792.9,3882.085,2026-03-19 07:19:59.999000+00:00,271146682.4835,67874,1388.025,96959964.19
2026-03-19 07:20:00+00:00,69792.9,69799.9,69421.1,69616.9,4549.976,2026-03-19 07:24:59.999000+00:00,316651553.0538,74509,1744.038,121361045.6693
2026-03-19 07:25:00+00:00,69616.9,69848.8,69590.8,69769.8,2973.552,2026-03-19 07:29:59.999000+00:00,207406484.5245,39795,1569.568,109472611.0875
2026-03-19 07:30:00+00:00,69769.8,69966.0,69746.5,69921.4,1515.83,2026-03-19 07:34:59.999000+00:00,105922810.6899,31173,805.026,56253946.8133
2026-03-19 07:35:00+00:00,69921.4,70145.3,69902.0,70134.6,1679.156,2026-03-19 07:39:59.999000+00:00,117601867.8674,35524,1039.467,72800977.0592
2026-03-19 07:40:00+00:00,70134.6,70199.9,70047.3,70056.2,1113.135,2026-03-19 07:44:59.999000+00:00,78042366.4652,26376,521.737,36581639.4457
2026-03-19 07:45:00+00:00,70056.2,70069.3,69958.0,70002.7,816.424,2026-03-19 07:49:59.999000+00:00,57153252.1576,22658,385.446,26983103.6955
2026-03-19 07:50:00+00:00,70002.6,70265.5,69980.1,70192.8,1049.149,2026-03-19 07:54:59.999000+00:00,73578775.2046,22943,634.8,44518962.6412
2026-03-19 07:55:00+00:00,70192.8,70270.0,70100.0,70145.1,1317.561,2026-03-19 07:59:59.999000+00:00,92510066.8706,18830,539.973,37912247.0673
2026-03-19 08:00:00+00:00,70145.0,70255.0,70056.1,70071.8,915.048,2026-03-19 08:04:59.999000+00:00,64203541.2168,27701,432.454,30343691.0416
2026-03-19 08:05:00+00:00,70071.8,70159.7,70065.1,70116.2,418.975,2026-03-19 08:09:59.999000+00:00,29372067.1764,15641,225.855,15833565.6642
2026-03-19 08:10:00+00:00,70116.2,70213.2,70074.6,70131.3,576.716,2026-03-19 08:14:59.999000+00:00,40457178.3892,16833,295.473,20729380.8628
2026-03-19 08:15:00+00:00,70131.3,70197.0,70077.7,70113.9,484.84,2026-03-19 08:19:59.999000+00:00,34009017.8853,16533,277.405,19458664.934
2026-03-19 08:20:00+00:00,70114.0,70194.6,70040.0,70154.0,366.517,2026-03-19 08:24:59.999000+00:00,25699519.1016,15293,147.8,10364727.1438
2026-03-19 08:25:00+00:00,70153.9,70153.9,70029.3,70029.3,701.524,2026-03-19 08:29:59.999000+00:00,49135103.2311,11440,224.699,15738718.6636
2026-03-19 08:30:00+00:00,70029.4,70088.0,70029.3,70029.3,1369.107,2026-03-19 08:34:59.999000+00:00,95890299.5599,12593,301.188,21096488.6553
2026-03-19 08:35:00+00:00,70029.4,70045.1,69860.3,69866.9,2769.228,2026-03-19 08:39:59.999000+00:00,193808451.025,21391,494.991,34626261.3044
2026-03-19 08:40:00+00:00,69866.9,70138.0,69864.8,69988.3,1329.639,2026-03-19 08:44:59.999000+00:00,93084898.5745,25408,744.963,52144351.0127
2026-03-19 08:45:00+00:00,69988.2,70104.3,69967.4,70084.8,455.867,2026-03-19 08:49:59.999000+00:00,31931279.2971,13389,275.15,19269786.3002
2026-03-19 08:50:00+00:00,70084.8,70100.1,69911.0,69962.0,491.753,2026-03-19 08:54:59.999000+00:00,34418075.1026,14922,201.005,14066778.0645
2026-03-19 08:55:00+00:00,69962.0,69977.0,69890.6,69957.4,365.645,2026-03-19 08:59:59.999000+00:00,25572101.6943,10312,180.926,12653822.5299
2026-03-19 09:00:00+00:00,69957.4,70135.2,69957.4,70066.9,420.006,2026-03-19 09:04:59.999000+00:00,29427810.5842,16705,264.815,18553277.1138
2026-03-19 09:05:00+00:00,70066.9,70109.9,70015.2,70070.1,324.267,2026-03-19 09:09:59.999000+00:00,22718050.3706,13267,147.568,10339421.4082
2026-03-19 09:10:00+00:00,70070.0,70092.7,69950.0,70006.9,431.402,2026-03-19 09:14:59.999000+00:00,30204149.2417,12541,176.303,12343097.9542
2026-03-19 09:15:00+00:00,70006.9,70082.0,69967.7,70081.9,245.438,2026-03-19 09:19:59.999000+00:00,17181644.0433,10348,137.031,9593121.5997
2026-03-19 09:20:00+00:00,70081.9,70433.6,70062.4,70244.2,2289.837,2026-03-19 09:24:59.999000+00:00,160959950.1653,35835,1524.454,107153880.1439
2026-03-19 09:25:00+00:00,70244.2,70311.2,70113.2,70223.8,979.621,2026-03-19 09:29:59.999000+00:00,68755593.2982,24952,557.291,39115093.4169
2026-03-19 09:30:00+00:00,70223.8,70332.6,70048.2,70167.9,1388.488,2026-03-19 09:34:59.999000+00:00,97461073.8013,26478,643.557,45184404.7329
2026-03-19 09:35:00+00:00,70168.0,70367.8,70156.0,70305.9,430.641,2026-03-19 09:39:59.999000+00:00,30261377.9662,15819,281.551,19783584.6332
2026-03-19 09:40:00+00:00,70306.0,70441.8,70288.6,70413.5,834.438,2026-03-19 09:44:59.999000+00:00,58731342.7368,18333,493.332,34724019.355
2026-03-19 09:45:00+00:00,70413.5,70524.9,70380.0,70499.9,856.823,2026-03-19 09:49:59.999000+00:00,60355069.2523,20488,539.694,38019864.114
2026-03-19 09:50:00+00:00,70500.0,70535.0,70390.0,70394.3,838.271,2026-03-19 09:54:59.999000+00:00,59064062.297,22332,464.961,32762023.2999
2026-03-19 09:55:00+00:00,70394.4,70500.0,70382.2,70463.0,411.259,2026-03-19 09:59:59.999000+00:00,28976330.0109,13268,227.458,16026258.8224
2026-03-19 10:00:00+00:00,70463.0,70499.0,70380.4,70385.7,643.07,2026-03-19 10:04:59.999000+00:00,45291993.7521,16946,320.32,22561287.3813
2026-03-19 10:05:00+00:00,70385.8,70476.4,70380.0,70387.6,333.642,2026-03-19 10:09:59.999000+00:00,23498497.1822,11066,199.463,14048666.2268
2026-03-19 10:10:00+00:00,70387.6,70419.2,70363.9,70382.1,220.883,2026-03-19 10:14:59.999000+00:00,15547431.259,7776,94.575,6657107.8482
2026-03-19 10:15:00+00:00,70382.2,70456.9,70380.5,70413.6,241.752,2026-03-19 10:19:59.999000+00:00,17022239.6589,9571,114.032,8029021.3239
2026-03-19 10:20:00+00:00,70413.6,70469.2,70324.8,70401.9,340.874,2026-03-19 10:24:59.999000+00:00,23994713.0378,11078,125.819,8858200.9935
2026-03-19 10:25:00+00:00,70401.8,70427.6,70360.0,70369.5,134.912,2026-03-19 10:29:59.999000+00:00,9496955.1365,7106,60.523,4260515.6572
2026-03-19 10:30:00+00:00,70369.5,70381.6,70285.0,70285.1,386.502,2026-03-19 10:34:59.999000+00:00,27174716.0812,9250,104.484,7346228.0166
2026-03-19 10:35:00+00:00,70285.0,70324.6,70200.0,70203.5,379.997,2026-03-19 10:39:59.999000+00:00,26690587.7482,12248,147.904,10388176.0712
2026-03-19 10:40:00+00:00,70203.5,70214.4,70149.6,70189.9,389.432,2026-03-19 10:44:59.999000+00:00,27328359.9497,10365,167.282,11738900.6425
2026-03-19 10:45:00+00:00,70189.9,70242.2,70168.8,70234.1,232.943,2026-03-19 10:49:59.999000+00:00,16352593.4919,8117,143.453,10070476.0485
2026-03-19 10:50:00+00:00,70234.1,70234.1,70115.8,70143.8,341.032,2026-03-19 10:54:59.999000+00:00,23923364.1084,10053,141.567,9930423.477
2026-03-19 10:55:00+00:00,70143.9,70149.6,70082.4,70102.0,357.733,2026-03-19 10:59:59.999000+00:00,25080226.5961,7855,175.839,12327275.613
2026-03-19 11:00:00+00:00,70102.1,70238.7,70082.8,70127.2,481.32,2026-03-19 11:04:59.999000+00:00,33765683.6257,13314,282.695,19830904.9625
2026-03-19 11:05:00+00:00,70127.3,70134.0,70077.0,70099.8,245.438,2026-03-19 11:09:59.999000+00:00,17205777.2412,8184,88.187,6182496.5854
2026-03-19 11:10:00+00:00,70099.8,70152.3,70034.8,70101.8,431.875,2026-03-19 11:14:59.999000+00:00,30270402.6556,10318,171.032,11988063.5151
2026-03-19 11:15:00+00:00,70101.7,70173.8,70086.9,70150.0,260.776,2026-03-19 11:19:59.999000+00:00,18286170.4369,9110,167.774,11764222.6276
2026-03-19 11:20:00+00:00,70149.9,70204.9,70148.7,70166.9,304.62,2026-03-19 11:24:59.999000+00:00,21375820.7342,9015,146.104,10252010.423
2026-03-19 11:25:00+00:00,70166.9,70190.0,70138.9,70163.0,195.542,2026-03-19 11:29:59.999000+00:00,13721035.8518,6394,85.616,6007567.4341
2026-03-19 11:30:00+00:00,70163.1,70214.4,70100.0,70100.0,197.681,2026-03-19 11:34:59.999000+00:00,13873230.9781,8490,82.925,5819825.9814
2026-03-19 11:35:00+00:00,70100.1,70100.1,69989.0,69989.1,862.251,2026-03-19 11:39:59.999000+00:00,60386998.3283,14956,326.69,22882729.1175
2026-03-19 11:40:00+00:00,69989.2,70017.5,69968.4,69993.4,432.653,2026-03-19 11:44:59.999000+00:00,30280318.8978,9833,201.713,14117415.0758
2026-03-19 11:45:00+00:00,69993.5,70041.2,69973.8,69980.8,307.483,2026-03-19 11:49:59.999000+00:00,21525760.593,10433,166.136,11630996.0473
2026-03-19 11:50:00+00:00,69980.8,69996.7,69924.9,69929.9,465.183,2026-03-19 11:54:59.999000+00:00,32542617.38,10094,229.68,16067865.2933
2026-03-19 11:55:00+00:00,69929.9,69934.8,69872.3,69926.8,815.482,2026-03-19 11:59:59.999000+00:00,57004885.9929,16144,471.3,32945777.5765
2026-03-19 12:00:00+00:00,69926.8,69926.8,69800.7,69814.8,756.163,2026-03-19 12:04:59.999000+00:00,52822793.6994,17468,259.162,18104163.3229
2026-03-19 12:05:00+00:00,69814.8,69814.9,69568.1,69650.0,3797.157,2026-03-19 12:09:59.999000+00:00,264527614.894,66358,1144.425,79723296.993
2026-03-19 12:10:00+00:00,69650.0,69835.9,69649.9,69773.1,1287.948,2026-03-19 12:14:59.999000+00:00,89837222.5409,27270,861.415,60081417.1647
2026-03-19 12:15:00+00:00,69773.1,69793.8,69568.0,69620.1,1037.021,2026-03-19 12:19:59.999000+00:00,72223869.6001,22073,504.987,35167515.0632
2026-03-19 12:20:00+00:00,69620.1,69717.9,69620.1,69667.3,401.092,2026-03-19 12:24:59.999000+00:00,27943172.3006,13002,258.946,18040110.434
2026-03-19 12:25:00+00:00,69667.3,69673.0,69523.9,69577.5,893.214,2026-03-19 12:29:59.999000+00:00,62143979.0062,17546,333.896,23229972.6378
2026-03-19 12:30:00+00:00,69577.5,69594.7,69512.1,69555.1,797.27,2026-03-19 12:34:59.999000+00:00,55450520.8328,19776,411.1,28593324.5759
2026-03-19 12:35:00+00:00,69555.1,69690.9,69555.1,69627.5,589.256,2026-03-19 12:39:59.999000+00:00,41031845.8527,16523,360.084,25072510.8416
2026-03-19 12:40:00+00:00,69627.6,69748.6,69580.0,69606.7,567.028,2026-03-19 12:44:59.999000+00:00,39504331.9981,16766,346.589,24149914.5227
2026-03-19 12:45:00+00:00,69606.6,69633.0,69471.4,69482.4,914.252,2026-03-19 12:49:59.999000+00:00,63566405.3176,20971,339.74,23620137.4724
2026-03-19 12:50:00+00:00,69482.3,69500.0,69069.0,69276.8,3771.508,2026-03-19 12:54:59.999000+00:00,261185203.3852,72397,1610.899,111551038.9925
2026-03-19 12:55:00+00:00,69276.9,69360.3,69245.7,69264.6,1068.477,2026-03-19 12:59:59.999000+00:00,74045849.5218,26587,583.172,40414367.4081
2026-03-19 13:00:00+00:00,69264.7,69426.5,69120.9,69395.0,2973.308,2026-03-19 13:04:59.999000+00:00,205945427.8004,60013,1859.518,128793488.0295
2026-03-19 13:05:00+00:00,69395.0,69428.1,69282.8,69362.9,790.439,2026-03-19 13:09:59.999000+00:00,54830598.3556,24077,426.092,29557465.6369
2026-03-19 13:10:00+00:00,69362.8,69368.1,69050.0,69067.4,1423.309,2026-03-19 13:14:59.999000+00:00,98407167.007,33315,505.108,34927741.7369
2026-03-19 13:15:00+00:00,69067.3,69333.1,69053.9,69299.9,1459.705,2026-03-19 13:19:59.999000+00:00,100996430.5875,38265,782.346,54129190.4481
2026-03-19 13:20:00+00:00,69299.9,69491.5,69261.5,69290.1,864.56,2026-03-19 13:24:59.999000+00:00,59967957.3215,27036,451.076,31290893.5695
2026-03-19 13:25:00+00:00,69290.1,69339.4,69258.1,69312.0,425.861,2026-03-19 13:29:59.999000+00:00,29509065.3987,14886,211.982,14689043.7307
2026-03-19 13:30:00+00:00,69311.9,69431.5,69209.3,69395.6,1208.278,2026-03-19 13:34:59.999000+00:00,83750936.6341,52071,617.237,42786358.4371
2026-03-19 13:35:00+00:00,69395.6,69424.7,69216.2,69282.6,1013.061,2026-03-19 13:39:59.999000+00:00,70229852.3008,49441,472.934,32785713.3821
2026-03-19 13:40:00+00:00,69282.7,69797.0,69223.0,69673.4,2752.277,2026-03-19 13:44:59.999000+00:00,191574787.1149,68987,1605.698,111770075.9911
2026-03-19 13:45:00+00:00,69673.3,69848.9,69514.0,69841.0,1635.848,2026-03-19 13:49:59.999000+00:00,113929134.0817,49750,888.91,61917515.0317
2026-03-19 13:50:00+00:00,69841.0,70051.0,69750.0,70041.3,2101.879,2026-03-19 13:54:59.999000+00:00,146882432.892,53057,1225.011,85615054.1155
2026-03-19 13:55:00+00:00,70041.4,70058.0,69821.2,69866.3,1293.047,2026-03-19 13:59:59.999000+00:00,90413449.1601,33841,510.259,35678118.6852
2026-03-19 14:00:00+00:00,69866.2,70144.6,69743.9,69781.9,1687.585,2026-03-19 14:04:59.999000+00:00,117983027.7071,50053,787.708,55094257.0245
2026-03-19 14:05:00+00:00,69782.0,69859.1,69559.0,69610.0,1254.976,2026-03-19 14:09:59.999000+00:00,87480936.9131,42343,496.138,34583501.2159
2026-03-19 14:10:00+00:00,69610.1,69714.4,69453.1,69478.4,1365.528,2026-03-19 14:14:59.999000+00:00,95021680.7563,38924,679.828,47312567.8391
2026-03-19 14:15:00+00:00,69478.3,69528.6,69310.6,69394.7,1312.098,2026-03-19 14:19:59.999000+00:00,91082950.4802,40250,618.498,42935910.8794
2026-03-19 14:20:00+00:00,69394.7,69485.0,69255.0,69319.6,904.061,2026-03-19 14:24:59.999000+00:00,62678851.0311,30579,484.244,33576645.4728
2026-03-19 14:25:00+00:00,69319.7,69386.0,69097.1,69134.6,1384.941,2026-03-19 14:29:59.999000+00:00,95836067.544,33147,720.475,49862447.851
2026-03-19 14:30:00+00:00,69134.7,69308.3,69065.8,69305.1,1187.106,2026-03-19 14:34:59.999000+00:00,82129024.2011,38340,727.562,50342109.8052
2026-03-19 14:35:00+00:00,69305.0,69331.5,69060.0,69130.7,1042.671,2026-03-19 14:39:59.999000+00:00,72107338.5448,35718,562.873,38929040.5305
2026-03-19 14:40:00+00:00,69130.6,69339.2,69102.0,69250.0,1169.696,2026-03-19 14:44:59.999000+00:00,81024190.5253,33602,609.268,42201679.8759
2026-03-19 14:45:00+00:00,69250.1,69298.7,69161.9,69296.6,1051.941,2026-03-19 14:49:59.999000+00:00,72818533.0044,25960,644.766,44634644.698
2026-03-19 14:50:00+00:00,69296.6,69549.7,69279.3,69454.7,1891.663,2026-03-19 14:54:59.999000+00:00,131360426.2307,38541,1244.412,86410354.3788
2026-03-19 14:55:00+00:00,69454.7,69560.1,69370.0,69450.1,1189.854,2026-03-19 14:59:59.999000+00:00,82639463.286,18450,531.164,36895059.9666
2026-03-19 15:00:00+00:00,69450.0,69734.0,69413.2,69733.6,1417.46,2026-03-19 15:04:59.999000+00:00,98659519.5239,31293,929.012,64656743.2893
2026-03-19 15:05:00+00:00,69733.7,69879.1,69638.0,69675.0,1815.973,2026-03-19 15:09:59.999000+00:00,126673389.1562,34995,699.342,48792904.7289
2026-03-19 15:10:00+00:00,69674.9,69764.3,69572.5,69664.6,931.474,2026-03-19 15:14:59.999000+00:00,64878657.6252,24766,384.368,26777255.106
2026-03-19 15:15:00+00:00,69664.6,69777.0,69320.3,69347.4,1465.215,2026-03-19 15:19:59.999000+00:00,101867123.6932,35603,559.385,38909973.6971
2026-03-19 15:20:00+00:00,69347.4,69409.6,69200.0,69220.2,1326.384,2026-03-19 15:24:59.999000+00:00,91908905.6046,34037,573.713,39754717.4589
2026-03-19 15:25:00+00:00,69220.2,69284.6,69168.0,69168.1,868.215,2026-03-19 15:29:59.999000+00:00,60092779.5178,24499,382.469,26472986.7761
2026-03-19 15:30:00+00:00,69168.0,69293.5,69162.8,69183.5,966.667,2026-03-19 15:34:59.999000+00:00,66901847.2649,25817,612.211,42371158.7022
2026-03-19 15:35:00+00:00,69183.4,69350.0,69111.5,69216.4,1948.559,2026-03-19 15:39:59.999000+00:00,134870521.2936,32930,936.022,64787645.1637
2026-03-19 15:40:00+00:00,69216.5,69225.8,68844.8,68862.4,4741.231,2026-03-19 15:44:59.999000+00:00,327000217.7418,77196,1799.429,124087679.5876
2026-03-19 15:45:00+00:00,68862.4,69249.0,68750.0,69200.2,3469.957,2026-03-19 15:49:59.999000+00:00,239161101.8084,62202,1966.654,135597843.1749
2026-03-19 15:50:00+00:00,69200.2,69419.6,69146.2,69394.1,2957.445,2026-03-19 15:54:59.999000+00:00,204861563.171,48170,1459.901,101151503.6197
2026-03-19 15:55:00+00:00,69394.1,69535.6,69296.0,69372.7,1693.275,2026-03-19 15:59:59.999000+00:00,117584098.8661,40905,925.907,64304118.2981
2026-03-19 16:00:00+00:00,69372.8,69502.6,69301.1,69332.1,1056.555,2026-03-19 16:04:59.999000+00:00,73317164.5967,32626,449.897,31219520.7234
2026-03-19 16:05:00+00:00,69332.2,69350.0,69184.2,69234.0,797.53,2026-03-19 16:09:59.999000+00:00,55254694.079,26394,314.882,21815708.5358
2026-03-19 16:10:00+00:00,69234.1,69333.0,69166.8,69307.0,752.446,2026-03-19 16:14:59.999000+00:00,52100394.5204,27976,382.172,26459945.8795
2026-03-19 16:15:00+00:00,69306.9,69348.3,69124.0,69290.9,1066.575,2026-03-19 16:19:59.999000+00:00,73852829.6869,31519,511.992,35453146.2069
2026-03-19 16:20:00+00:00,69290.8,69472.8,69276.8,69436.2,1239.588,2026-03-19 16:24:59.999000+00:00,86009962.4524,32482,632.452,43884338.5475
2026-03-19 16:25:00+00:00,69436.3,69576.8,69436.3,69497.2,1270.72,2026-03-19 16:29:59.999000+00:00,88323858.7506,25866,525.704,36542213.6012
2026-03-19 16:30:00+00:00,69497.2,69497.3,69265.2,69321.1,865.784,2026-03-19 16:34:59.999000+00:00,60078897.9464,23349,268.362,18619377.1558
2026-03-19 16:35:00+00:00,69321.1,69441.4,69225.8,69437.1,502.867,2026-03-19 16:39:59.999000+00:00,34850363.2346,20840,229.922,15936266.8975
2026-03-19 16:40:00+00:00,69437.1,69611.6,69426.9,69485.8,754.182,2026-03-19 16:44:59.999000+00:00,52446120.0955,25458,465.254,32354546.1366
2026-03-19 16:45:00+00:00,69485.7,69511.9,69350.3,69419.8,421.157,2026-03-19 16:49:59.999000+00:00,29237765.6506,21151,163.841,11374814.6939
2026-03-19 16:50:00+00:00,69419.8,69446.6,69250.0,69392.0,538.684,2026-03-19 16:54:59.999000+00:00,37345247.7254,20390,234.084,16228091.8467
2026-03-19 16:55:00+00:00,69392.0,69468.1,69361.4,69426.3,345.877,2026-03-19 16:59:59.999000+00:00,24009545.3332,14440,127.664,8862356.7053
2026-03-19 17:00:00+00:00,69426.3,69462.9,69279.8,69280.6,433.343,2026-03-19 17:04:59.999000+00:00,30052747.8809,17372,166.635,11558236.7258
2026-03-19 17:05:00+00:00,69280.5,69303.1,69065.4,69116.2,1037.846,2026-03-19 17:09:59.999000+00:00,71791141.9458,31820,416.834,28832228.4185
2026-03-19 17:10:00+00:00,69116.1,69315.5,69087.2,69194.0,718.7,2026-03-19 17:14:59.999000+00:00,49725512.9919,24095,426.816,29533375.2061
2026-03-19 17:15:00+00:00,69194.0,69419.2,69150.2,69407.6,617.726,2026-03-19 17:19:59.999000+00:00,42794285.7078,24123,367.323,25444768.6566
2026-03-19 17:20:00+00:00,69407.6,69683.5,69331.0,69583.6,1076.479,2026-03-19 17:24:59.999000+00:00,74845054.2051,33171,616.582,42870220.666
2026-03-19 17:25:00+00:00,69583.7,69723.9,69560.0,69631.2,873.128,2026-03-19 17:29:59.999000+00:00,60806665.8329,24491,466.91,32516621.5268
2026-03-19 17:30:00+00:00,69631.1,69737.0,69527.4,69591.2,748.422,2026-03-19 17:34:59.999000+00:00,52119610.8682,24079,398.376,27743988.8769
2026-03-19 17:35:00+00:00,69591.2,69591.2,69452.8,69499.7,468.43,2026-03-19 17:39:59.999000+00:00,32558160.4831,16246,172.56,11994644.1551
2026-03-19 17:40:00+00:00,69499.7,69586.3,69483.8,69550.1,178.437,2026-03-19 17:44:59.999000+00:00,12409250.3941,10072,91.171,6339911.4704
2026-03-19 17:45:00+00:00,69550.0,69671.3,69513.8,69656.3,369.371,2026-03-19 17:49:59.999000+00:00,25712041.8282,15413,247.645,17240046.1731
2026-03-19 17:50:00+00:00,69656.2,69938.1,69646.1,69819.7,1441.939,2026-03-19 17:54:59.999000+00:00,100662970.185,32185,984.359,68721813.4329
2026-03-19 17:55:00+00:00,69819.7,69857.2,69777.0,69820.0,546.004,2026-03-19 17:59:59.999000+00:00,38118467.1677,14406,274.362,19154833.4066
2026-03-19 18:00:00+00:00,69820.0,69843.8,69686.0,69727.6,389.652,2026-03-19 18:04:59.999000+00:00,27183504.2011,14443,179.294,12508067.0578
2026-03-19 18:05:00+00:00,69727.6,69799.7,69710.0,69749.6,331.299,2026-03-19 18:09:59.999000+00:00,23108194.6794,13830,199.762,13933443.5433
2026-03-19 18:10:00+00:00,69749.5,69900.0,69743.2,69800.0,459.131,2026-03-19 18:14:59.999000+00:00,32054255.9956,15304,184.26,12865422.1833
2026-03-19 18:15:00+00:00,69800.1,69884.0,69723.4,69762.5,295.708,2026-03-19 18:19:59.999000+00:00,20644963.8908,14178,138.182,9648265.6105
2026-03-19 18:20:00+00:00,69762.6,69810.0,69712.8,69733.3,242.405,2026-03-19 18:24:59.999000+00:00,16907860.4836,13055,82.395,5746690.3858
2026-03-19 18:25:00+00:00,69733.3,69733.3,69572.7,69627.6,577.952,2026-03-19 18:29:59.999000+00:00,40249365.1848,13929,151.438,10547717.3081
2026-03-19 18:30:00+00:00,69627.5,69670.3,69566.0,69624.5,401.007,2026-03-19 18:34:59.999000+00:00,27921506.9561,14204,257.075,17900317.2515
2026-03-19 18:35:00+00:00,69624.4,69732.4,69603.5,69650.0,251.498,2026-03-19 18:39:59.999000+00:00,17519666.6434,10111,144.673,10078624.1095
2026-03-19 18:40:00+00:00,69650.0,69683.1,69614.5,69683.0,171.034,2026-03-19 18:44:59.999000+00:00,11912384.3097,7075,61.362,4273915.5118
2026-03-19 18:45:00+00:00,69683.0,69699.4,69561.3,69598.0,228.15,2026-03-19 18:49:59.999000+00:00,15886431.3452,10872,81.697,5689326.7767
2026-03-19 18:50:00+00:00,69598.1,69708.2,69547.7,69676.2,209.65,2026-03-19 18:54:59.999000+00:00,14598419.8326,10356,97.659,6801153.1806
2026-03-19 18:55:00+00:00,69676.1,69822.0,69650.0,69787.5,335.64,2026-03-19 18:59:59.999000+00:00,23415086.5781,13658,210.114,14658330.8085
2026-03-19 19:00:00+00:00,69787.4,69989.8,69765.5,69974.2,930.891,2026-03-19 19:04:59.999000+00:00,65082960.4275,32416,454.891,31801714.547
2026-03-19 19:05:00+00:00,69974.3,70185.0,69962.8,70025.6,2243.15,2026-03-19 19:09:59.999000+00:00,157166370.3734,53059,1269.166,88920835.201
2026-03-19 19:10:00+00:00,70025.6,70517.3,70020.0,70316.3,3804.037,2026-03-19 19:14:59.999000+00:00,267549315.2878,68743,2487.168,174928258.5604
2026-03-19 19:15:00+00:00,70316.4,70528.8,70207.5,70503.9,1641.245,2026-03-19 19:19:59.999000+00:00,115497911.3062,47282,1086.626,76471122.6632
2026-03-19 19:20:00+00:00,70503.9,70563.5,70400.5,70486.2,1671.451,2026-03-19 19:24:59.999000+00:00,117812991.8928,44464,864.216,60916741.4282
2026-03-19 19:25:00+00:00,70486.3,70486.3,70190.9,70243.1,843.973,2026-03-19 19:29:59.999000+00:00,59340830.1486,29588,323.233,22723502.4168
2026-03-19 19:30:00+00:00,70243.1,70409.5,70122.7,70250.0,1147.504,2026-03-19 19:34:59.999000+00:00,80618707.1179,34862,548.078,38497869.528
2026-03-19 19:35:00+00:00,70250.0,70364.1,70122.0,70357.1,735.776,2026-03-19 19:39:59.999000+00:00,51669290.6767,25126,430.857,30255768.3343
2026-03-19 19:40:00+00:00,70357.0,70459.6,70303.6,70408.1,610.078,2026-03-19 19:44:59.999000+00:00,42939552.3892,20546,280.016,19708679.4872
2026-03-19 19:45:00+00:00,70408.5,70408.5,70319.7,70334.0,312.98,2026-03-19 19:49:59.999000+00:00,22021585.4058,16027,144.063,10136628.1158
2026-03-19 19:50:00+00:00,70334.0,70336.1,70138.0,70250.5,577.544,2026-03-19 19:54:59.999000+00:00,40560343.6954,21791,251.9,17692142.1584
2026-03-19 19:55:00+00:00,70250.6,70291.8,70162.2,70233.1,361.476,2026-03-19 19:59:59.999000+00:00,25383030.1784,14275,164.673,11563243.8948
2026-03-19 20:00:00+00:00,70233.0,70276.2,70161.0,70224.2,278.064,2026-03-19 20:04:59.999000+00:00,19520951.5967,11461,133.53,9374329.6758
2026-03-19 20:05:00+00:00,70224.2,70298.0,70168.9,70264.2,323.573,2026-03-19 20:09:59.999000+00:00,22730974.0421,9031,201.042,14124381.6435
2026-03-19 20:10:00+00:00,70264.2,70272.4,70160.9,70253.9,202.827,2026-03-19 20:14:59.999000+00:00,14240074.6063,7375,110.92,7786906.2716
2026-03-19 20:15:00+00:00,70253.9,70425.7,70253.9,70418.5,343.997,2026-03-19 20:19:59.999000+00:00,24197594.4585,12592,181.449,12765096.1734
2026-03-19 20:20:00+00:00,70418.6,70443.4,70321.4,70327.8,319.184,2026-03-19 20:24:59.999000+00:00,22467501.3903,8999,122.523,8624343.6549
2026-03-19 20:25:00+00:00,70327.9,70388.0,70277.8,70300.0,186.705,2026-03-19 20:29:59.999000+00:00,13132939.7938,6407,88.503,6225673.3359
2026-03-19 20:30:00+00:00,70299.9,70381.9,70279.8,70348.7,152.116,2026-03-19 20:34:59.999000+00:00,10698933.1034,5916,96.625,6795882.3849
2026-03-19 20:35:00+00:00,70348.6,70543.0,70340.1,70543.0,463.726,2026-03-19 20:39:59.999000+00:00,32676028.1049,10103,338.638,23862575.7676
2026-03-19 20:40:00+00:00,70543.0,70655.2,70457.8,70472.0,901.821,2026-03-19 20:44:59.999000+00:00,63628234.2774,18188,444.186,31346994.438
2026-03-19 20:45:00+00:00,70471.9,70493.8,70390.8,70429.3,324.3,2026-03-19 20:49:59.999000+00:00,22844975.1064,8239,145.083,10221328.7299
2026-03-19 20:50:00+00:00,70429.4,70453.4,70400.0,70446.0,238.084,2026-03-19 20:54:59.999000+00:00,16766366.1356,6030,119.365,8406120.6336
2026-03-19 20:55:00+00:00,70446.0,70480.9,70410.9,70444.3,272.565,2026-03-19 20:59:59.999000+00:00,19202613.0168,7104,203.21,14316857.9827
2026-03-19 21:00:00+00:00,70444.4,70550.0,70409.4,70517.3,216.738,2026-03-19 21:04:59.999000+00:00,15278032.7582,10222,134.967,9514269.4834
2026-03-19 21:05:00+00:00,70517.3,70626.3,70495.3,70626.2,255.145,2026-03-19 21:09:59.999000+00:00,18005241.1753,8248,146.207,10318374.7647
2026-03-19 21:10:00+00:00,70626.2,70654.4,70610.2,70647.0,357.224,2026-03-19 21:14:59.999000+00:00,25234148.8909,8029,185.617,13111882.889
2026-03-19 21:15:00+00:00,70647.1,70647.1,70557.3,70557.3,314.389,2026-03-19 21:19:59.999000+00:00,22197829.5904,7418,100.181,7073369.1806
2026-03-19 21:20:00+00:00,70557.3,70575.0,70469.4,70553.0,367.247,2026-03-19 21:24:59.999000+00:00,25899043.7259,8464,170.878,12050609.2645
2026-03-19 21:25:00+00:00,70553.0,70575.0,70493.2,70510.4,132.438,2026-03-19 21:29:59.999000+00:00,9342118.087,4421,44.776,3158723.4075
2026-03-19 21:30:00+00:00,70510.5,70550.0,70394.7,70441.8,273.473,2026-03-19 21:34:59.999000+00:00,19268798.8132,7535,116.426,8202300.9106
2026-03-19 21:35:00+00:00,70441.7,70502.4,70435.5,70443.4,160.987,2026-03-19 21:39:59.999000+00:00,11345034.9505,5322,75.704,5334809.1881
2026-03-19 21:40:00+00:00,70443.3,70480.5,70400.0,70424.8,222.895,2026-03-19 21:44:59.999000+00:00,15699481.0568,8315,96.083,6766829.5712
2026-03-19 21:45:00+00:00,70424.8,70424.8,70354.3,70375.0,222.561,2026-03-19 21:49:59.999000+00:00,15665436.9585,7769,104.662,7366515.452
2026-03-19 21:50:00+00:00,70375.0,70402.9,70331.9,70379.9,550.352,2026-03-19 21:54:59.999000+00:00,38730452.8787,11676,378.722,26651999.1768
2026-03-19 21:55:00+00:00,70380.0,70515.8,70375.9,70376.1,240.89,2026-03-19 21:59:59.999000+00:00,16970691.1947,8759,110.711,7798275.0662
2026-03-19 22:00:00+00:00,70376.0,70475.9,70330.1,70330.1,479.055,2026-03-19 22:04:59.999000+00:00,33721922.402,14231,207.116,14579445.3431
2026-03-19 22:05:00+00:00,70330.1,70407.1,70270.0,70371.4,325.491,2026-03-19 22:09:59.999000+00:00,22886559.7955,10538,139.254,9791810.9747
2026-03-19 22:10:00+00:00,70371.3,70437.0,70338.3,70410.0,153.568,2026-03-19 22:14:59.999000+00:00,10808037.305,5915,85.605,6024989.5292
2026-03-19 22:15:00+00:00,70410.0,70413.8,70324.8,70395.0,140.733,2026-03-19 22:19:59.999000+00:00,9903997.5918,6014,61.434,4322969.7211
2026-03-19 22:20:00+00:00,70395.0,70410.6,70330.0,70365.7,184.159,2026-03-19 22:24:59.999000+00:00,12959009.9045,5236,52.199,3672905.8992
2026-03-19 22:25:00+00:00,70365.6,70396.4,70342.0,70342.0,97.732,2026-03-19 22:29:59.999000+00:00,6877547.8872,4080,49.91,3512263.7946
2026-03-19 22:30:00+00:00,70342.0,70342.0,70090.1,70191.7,885.317,2026-03-19 22:34:59.999000+00:00,62135152.6217,21574,270.055,18953346.145
2026-03-19 22:35:00+00:00,70191.7,70199.9,69920.7,70004.8,1460.427,2026-03-19 22:39:59.999000+00:00,102251021.4151,29031,556.745,38972187.5814
2026-03-19 22:40:00+00:00,70004.8,70058.8,69910.2,70036.9,322.296,2026-03-19 22:44:59.999000+00:00,22557532.9947,9869,157.556,11028168.431
2026-03-19 22:45:00+00:00,70036.9,70079.9,69970.5,70079.9,344.207,2026-03-19 22:49:59.999000+00:00,24096771.9508,9233,153.682,10759204.6983
2026-03-19 22:50:00+00:00,70079.9,70143.1,70070.4,70133.3,264.45,2026-03-19 22:54:59.999000+00:00,18540284.5365,10299,162.507,11393018.3542
2026-03-19 22:55:00+00:00,70133.3,70157.0,70080.0,70157.0,241.483,2026-03-19 22:59:59.999000+00:00,16931026.05,6306,85.558,5999029.821
2026-03-19 23:00:00+00:00,70156.9,70260.0,70150.0,70237.1,362.636,2026-03-19 23:04:59.999000+00:00,25457024.754,14053,223.268,15673534.5562
2026-03-19 23:05:00+00:00,70237.1,70258.3,70188.3,70190.2,204.584,2026-03-19 23:09:59.999000+00:00,14365368.5576,9641,120.212,8441190.7132
2026-03-19 23:10:00+00:00,70190.2,70207.1,70150.0,70165.7,204.467,2026-03-19 23:14:59.999000+00:00,14348829.485,7569,88.298,6196059.052
2026-03-19 23:15:00+00:00,70165.8,70165.9,69980.0,69992.8,387.601,2026-03-19 23:19:59.999000+00:00,27157469.4353,14662,155.277,10879550.6795
2026-03-19 23:20:00+00:00,69992.8,70004.6,69931.6,70004.5,408.402,2026-03-19 23:24:59.999000+00:00,28578061.438,11530,244.447,17105851.3611
2026-03-19 23:25:00+00:00,70004.5,70145.4,70004.4,70114.8,266.829,2026-03-19 23:29:59.999000+00:00,18699340.6909,8373,183.557,12862525.3702
2026-03-19 23:30:00+00:00,70114.8,70161.5,69954.9,69955.0,278.434,2026-03-19 23:34:59.999000+00:00,19510148.6577,10524,139.143,9749989.8123
2026-03-19 23:35:00+00:00,69954.9,69985.0,69681.1,69696.1,1334.888,2026-03-19 23:39:59.999000+00:00,93227052.9421,26829,478.522,33415691.1261
2026-03-19 23:40:00+00:00,69696.2,69823.2,69677.1,69819.0,759.271,2026-03-19 23:44:59.999000+00:00,52960204.0603,19843,428.259,29871355.864
2026-03-19 23:45:00+00:00,69819.1,69850.0,69772.9,69820.1,385.323,2026-03-19 23:49:59.999000+00:00,26900857.717,10377,217.891,15212466.457
2026-03-19 23:50:00+00:00,69820.0,69903.5,69782.5,69901.0,333.147,2026-03-19 23:54:59.999000+00:00,23261983.0346,8847,148.106,10343769.4801
2026-03-19 23:55:00+00:00,69900.9,69949.6,69866.9,69887.4,282.285,2026-03-19 23:59:59.999000+00:00,19735444.328,9304,129.546,9057810.2491
2026-03-20 00:00:00+00:00,69887.4,69924.6,69801.3,69808.9,476.803,2026-03-20 00:04:59.999000+00:00,33313427.7692,14090,203.943,14250224.173
2026-03-20 00:05:00+00:00,69808.9,70002.4,69808.8,69973.0,367.287,2026-03-20 00:09:59.999000+00:00,25681177.5136,10626,286.568,20036366.8921
2026-03-20 00:10:00+00:00,69973.0,70097.4,69973.0,70050.0,355.158,2026-03-20 00:14:59.999000+00:00,24872305.7559,10593,229.511,16072232.0644
2026-03-20 00:15:00+00:00,70050.0,70148.7,70036.8,70098.3,293.058,2026-03-20 00:19:59.999000+00:00,20542261.7331,12141,195.23,13684981.4073
2026-03-20 00:20:00+00:00,70098.3,70112.0,69903.8,69965.2,285.437,2026-03-20 00:24:59.999000+00:00,19989294.6646,12429,120.204,8418912.7853
2026-03-20 00:25:00+00:00,69965.2,70093.4,69965.2,70074.9,269.979,2026-03-20 00:29:59.999000+00:00,18907651.312,10267,192.847,13505812.7288
2026-03-20 00:30:00+00:00,70074.9,70110.0,70056.4,70061.1,257.57,2026-03-20 00:34:59.999000+00:00,18051440.1789,8884,128.218,8985592.269
2026-03-20 00:35:00+00:00,70061.0,70214.9,70018.0,70205.8,514.946,2026-03-20 00:39:59.999000+00:00,36109962.9613,14884,379.696,26627426.9082
2026-03-20 00:40:00+00:00,70205.7,70238.5,70162.3,70188.4,352.258,2026-03-20 00:44:59.999000+00:00,24729341.6294,11302,183.513,12882378.8175
2026-03-20 00:45:00+00:00,70188.5,70250.0,70188.5,70205.7,279.089,2026-03-20 00:49:59.999000+00:00,19598996.1151,9810,158.891,11157837.3059
2026-03-20 00:50:00+00:00,70205.7,70280.6,70135.5,70155.3,308.726,2026-03-20 00:54:59.999000+00:00,21674014.6871,12268,157.587,11063906.2475
2026-03-20 00:55:00+00:00,70155.4,70216.1,70146.6,70159.9,329.893,2026-03-20 00:59:59.999000+00:00,23155831.6427,8178,195.877,13750093.18
2026-03-20 01:00:00+00:00,70159.9,70356.0,70150.0,70289.9,437.218,2026-03-20 01:04:59.999000+00:00,30727252.797,21549,259.35,18228426.008
2026-03-20 01:05:00+00:00,70289.9,70400.0,70289.9,70361.0,369.672,2026-03-20 01:09:59.999000+00:00,26006792.8375,14884,195.054,13722758.5641
2026-03-20 01:10:00+00:00,70361.0,70416.4,70310.1,70366.9,515.588,2026-03-20 01:14:59.999000+00:00,36281685.3971,14048,319.713,22498362.0676
2026-03-20 01:15:00+00:00,70366.9,70420.6,70313.0,70363.2,339.998,2026-03-20 01:19:59.999000+00:00,23926962.6069,11063,203.542,14324261.0763
2026-03-20 01:20:00+00:00,70363.2,70407.4,70304.5,70325.2,312.138,2026-03-20 01:24:59.999000+00:00,21960068.2343,11940,130.323,9169164.4412
2026-03-20 01:25:00+00:00,70325.2,70385.0,70319.0,70359.4,220.279,2026-03-20 01:29:59.999000+00:00,15497909.0873,8802,117.667,8278120.985
2026-03-20 01:30:00+00:00,70359.3,70488.2,70359.3,70404.8,361.37,2026-03-20 01:34:59.999000+00:00,25454386.1829,14530,209.935,14788225.1383
2026-03-20 01:35:00+00:00,70404.7,70548.0,70364.0,70528.0,433.395,2026-03-20 01:39:59.999000+00:00,30536657.1699,13918,302.792,21336132.8214
2026-03-20 01:40:00+00:00,70528.0,70563.8,70498.3,70540.4,456.771,2026-03-20 01:44:59.999000+00:00,32215770.4563,13158,237.353,16740234.1502
2026-03-20 01:45:00+00:00,70540.3,70548.0,70461.8,70510.0,298.785,2026-03-20 01:49:59.999000+00:00,21067976.8002,9806,113.733,8019433.2007
2026-03-20 01:50:00+00:00,70509.9,70510.3,70460.5,70463.7,191.425,2026-03-20 01:54:59.999000+00:00,13493325.0684,5977,94.883,6688455.0522
2026-03-20 01:55:00+00:00,70463.6,70485.6,70342.4,70370.9,321.329,2026-03-20 01:59:59.999000+00:00,22620823.6988,10048,135.589,9544425.562
2026-03-20 02:00:00+00:00,70370.8,70387.6,70275.1,70359.3,399.278,2026-03-20 02:04:59.999000+00:00,28082598.6354,12405,215.042,15125239.9299
2026-03-20 02:05:00+00:00,70359.2,70458.4,70348.5,70356.6,207.952,2026-03-20 02:09:59.999000+00:00,14641623.8292,8882,109.919,7739327.9725
2026-03-20 02:10:00+00:00,70356.6,70369.7,70316.4,70321.5,164.655,2026-03-20 02:14:59.999000+00:00,11581807.722,5754,76.746,5398120.8823
2026-03-20 02:15:00+00:00,70321.5,70321.6,70211.6,70242.4,434.429,2026-03-20 02:19:59.999000+00:00,30519296.0569,14742,179.519,12611640.1301
2026-03-20 02:20:00+00:00,70242.3,70287.7,70170.0,70209.9,264.916,2026-03-20 02:24:59.999000+00:00,18602089.2838,10377,100.249,7039814.9852
2026-03-20 02:25:00+00:00,70210.0,70216.5,70131.7,70209.9,395.671,2026-03-20 02:29:59.999000+00:00,27763869.2689,10586,149.691,10503921.2319
2026-03-20 02:30:00+00:00,70210.0,70245.4,70030.6,70052.0,557.27,2026-03-20 02:34:59.999000+00:00,39064432.0764,14754,162.827,11413882.8253
2026-03-20 02:35:00+00:00,70052.0,70127.2,70050.0,70083.5,260.186,2026-03-20 02:39:59.999000+00:00,18237405.8035,8637,146.222,10248955.9186
2026-03-20 02:40:00+00:00,70083.4,70254.4,70079.7,70238.3,255.694,2026-03-20 02:44:59.999000+00:00,17943108.7375,9913,179.342,12586075.952
2026-03-20 02:45:00+00:00,70238.3,70333.0,70186.9,70333.0,347.605,2026-03-20 02:49:59.999000+00:00,24418780.3947,10359,247.547,17390480.8453
2026-03-20 02:50:00+00:00,70333.0,70480.0,70311.6,70470.0,455.681,2026-03-20 02:54:59.999000+00:00,32072098.9625,12603,305.342,21489392.9121
2026-03-20 02:55:00+00:00,70470.0,70485.1,70373.7,70373.8,378.732,2026-03-20 02:59:59.999000+00:00,26674867.5945,9100,131.23,9244048.069
2026-03-20 03:00:00+00:00,70373.8,70449.1,70345.2,70368.7,262.448,2026-03-20 03:04:59.999000+00:00,18475650.9974,9213,147.271,10367963.171
2026-03-20 03:05:00+00:00,70368.8,70466.3,70359.9,70387.1,225.678,2026-03-20 03:09:59.999000+00:00,15889992.7206,10803,110.551,7783612.4671
2026-03-20 03:10:00+00:00,70387.1,70430.0,70376.2,70376.3,106.41,2026-03-20 03:14:59.999000+00:00,7492233.7722,5425,58.462,4116268.2939
2026-03-20 03:15:00+00:00,70376.3,70486.0,70369.6,70485.2,193.009,2026-03-20 03:19:59.999000+00:00,13592000.8372,8271,125.639,8848477.4334
2026-03-20 03:20:00+00:00,70485.1,70541.2,70453.6,70488.2,431.597,2026-03-20 03:24:59.999000+00:00,30426222.3425,13907,231.815,16342361.0108
2026-03-20 03:25:00+00:00,70488.3,70636.5,70468.0,70636.0,597.247,2026-03-20 03:29:59.999000+00:00,42145080.6376,15230,383.091,27033329.4088
2026-03-20 03:30:00+00:00,70636.0,70777.0,70636.0,70663.1,1508.824,2026-03-20 03:34:59.999000+00:00,106699918.5207,35879,865.812,61229189.0151
2026-03-20 03:35:00+00:00,70663.0,70690.2,70528.6,70575.1,381.77,2026-03-20 03:39:59.999000+00:00,26948588.3097,13028,177.75,12546098.4936
2026-03-20 03:40:00+00:00,70575.0,70635.0,70535.0,70574.0,459.293,2026-03-20 03:44:59.999000+00:00,32417730.7664,11838,170.662,12045959.5649
2026-03-20 03:45:00+00:00,70574.0,70661.3,70515.0,70601.2,381.694,2026-03-20 03:49:59.999000+00:00,26944099.0033,12849,216.086,15255911.6115
2026-03-20 03:50:00+00:00,70601.1,70750.0,70587.4,70688.0,654.171,2026-03-20 03:54:59.999000+00:00,46247086.573,15302,410.265,29000409.4131
2026-03-20 03:55:00+00:00,70688.0,70750.0,70680.0,70696.1,447.791,2026-03-20 03:59:59.999000+00:00,31665381.9007,11410,242.991,17182469.2057
2026-03-20 04:00:00+00:00,70696.1,70760.8,70664.2,70725.7,350.237,2026-03-20 04:04:59.999000+00:00,24768565.338,12876,204.31,14448751.9539
2026-03-20 04:05:00+00:00,70725.8,70931.1,70706.3,70888.6,1573.038,2026-03-20 04:09:59.999000+00:00,111467870.51,32124,1157.527,82021639.7221
2026-03-20 04:10:00+00:00,70888.6,70944.9,70855.2,70888.9,523.55,2026-03-20 04:14:59.999000+00:00,37117391.7179,14885,274.465,19458686.1965
2026-03-20 04:15:00+00:00,70888.9,70889.0,70789.0,70816.5,518.627,2026-03-20 04:19:59.999000+00:00,36733570.7673,13673,211.038,14947100.7204
2026-03-20 04:20:00+00:00,70816.5,70850.0,70792.0,70849.9,289.203,2026-03-20 04:24:59.999000+00:00,20484684.9282,7662,161.928,11469792.7757
2026-03-20 04:25:00+00:00,70849.9,70890.9,70826.7,70887.9,211.093,2026-03-20 04:29:59.999000+00:00,14957570.6326,7026,127.315,9021499.2518
2026-03-20 04:30:00+00:00,70888.0,70890.9,70567.1,70618.3,1214.563,2026-03-20 04:34:59.999000+00:00,85846116.0145,27247,401.882,28396142.0877
2026-03-20 04:35:00+00:00,70618.3,70650.0,70552.1,70568.6,574.654,2026-03-20 04:39:59.999000+00:00,40568804.577,14720,222.751,15727532.2026
2026-03-20 04:40:00+00:00,70568.5,70575.6,70520.0,70571.5,425.762,2026-03-20 04:44:59.999000+00:00,30037630.754,11589,210.412,14845205.1163
2026-03-20 04:45:00+00:00,70571.5,70722.7,70546.3,70711.5,392.352,2026-03-20 04:49:59.999000+00:00,27711742.1445,11966,242.755,17146851.779
2026-03-20 04:50:00+00:00,70711.4,70743.4,70632.0,70706.9,291.072,2026-03-20 04:54:59.999000+00:00,20578695.2441,9377,155.673,11006893.081
2026-03-20 04:55:00+00:00,70706.9,70767.3,70706.9,70743.4,261.291,2026-03-20 04:59:59.999000+00:00,18485476.5109,8280,156.403,11064611.1621
2026-03-20 05:00:00+00:00,70743.3,70817.0,70700.0,70732.4,553.47,2026-03-20 05:04:59.999000+00:00,39165236.1637,11912,378.651,26797725.1154
2026-03-20 05:05:00+00:00,70732.4,70809.8,70700.0,70809.8,325.231,2026-03-20 05:09:59.999000+00:00,23010595.2336,10255,153.186,10839439.6769
2026-03-20 05:10:00+00:00,70809.8,70820.0,70770.3,70812.9,192.622,2026-03-20 05:14:59.999000+00:00,13637297.3093,6280,98.542,6976486.0861
2026-03-20 05:15:00+00:00,70812.8,70833.8,70744.0,70778.2,168.582,2026-03-20 05:19:59.999000+00:00,11934044.3878,6394,73.195,5182045.1496
2026-03-20 05:20:00+00:00,70778.2,70797.8,70678.7,70690.6,271.29,2026-03-20 05:24:59.999000+00:00,19185873.7569,9556,98.581,6971625.2198
2026-03-20 05:25:00+00:00,70690.7,70704.8,70568.5,70595.3,428.137,2026-03-20 05:29:59.999000+00:00,30242280.1991,11090,182.407,12884935.0374
2026-03-20 05:30:00+00:00,70595.2,70616.3,70533.2,70566.4,476.697,2026-03-20 05:34:59.999000+00:00,33643886.9662,12586,207.068,14614224.249
2026-03-20 05:35:00+00:00,70566.3,70697.0,70543.8,70631.3,257.81,2026-03-20 05:39:59.999000+00:00,18207719.7338,10692,147.977,10450598.0416
2026-03-20 05:40:00+00:00,70631.2,70690.2,70617.2,70669.8,113.874,2026-03-20 05:44:59.999000+00:00,8045545.5118,5399,76.009,5370501.6891
2026-03-20 05:45:00+00:00,70669.7,70688.9,70619.0,70619.0,99.798,2026-03-20 05:49:59.999000+00:00,7049821.1706,5232,45.999,3249428.7424
2026-03-20 05:50:00+00:00,70619.0,70669.1,70539.0,70565.1,174.39,2026-03-20 05:54:59.999000+00:00,12312105.0435,7250,56.862,4014852.1577
2026-03-20 05:55:00+00:00,70565.0,70586.8,70454.8,70570.2,616.826,2026-03-20 05:59:59.999000+00:00,43500005.6668,12231,284.792,20085849.5075
2026-03-20 06:00:00+00:00,70570.3,70623.7,70481.3,70538.4,461.097,2026-03-20 06:04:59.999000+00:00,32525008.3044,14062,228.739,16135233.9797
2026-03-20 06:05:00+00:00,70538.5,70575.5,70500.0,70510.7,264.997,2026-03-20 06:09:59.999000+00:00,18690766.8346,8821,93.913,6624616.5201
2026-03-20 06:10:00+00:00,70510.8,70511.0,70463.2,70495.6,331.737,2026-03-20 06:14:59.999000+00:00,23385419.7583,9005,132.319,9327428.8544
2026-03-20 06:15:00+00:00,70495.5,70499.8,70421.7,70446.7,308.997,2026-03-20 06:19:59.999000+00:00,21771988.9328,9972,159.047,11207356.2473
2026-03-20 06:20:00+00:00,70446.8,70504.7,70400.0,70445.0,494.733,2026-03-20 06:24:59.999000+00:00,34848730.6138,12086,233.983,16482098.3079
2026-03-20 06:25:00+00:00,70445.0,70477.8,70361.7,70450.7,365.056,2026-03-20 06:29:59.999000+00:00,25703145.2896,9474,117.81,8295808.1398
2026-03-20 06:30:00+00:00,70451.1,70507.5,70376.6,70430.5,237.978,2026-03-20 06:34:59.999000+00:00,16764730.4781,10518,121.854,8584282.4549
2026-03-20 06:35:00+00:00,70430.5,70442.2,70371.0,70373.7,165.236,2026-03-20 06:39:59.999000+00:00,11633200.4497,7126,80.28,5651981.7991
2026-03-20 06:40:00+00:00,70373.6,70443.6,70307.0,70427.1,470.789,2026-03-20 06:44:59.999000+00:00,33128693.2017,14032,203.98,14356548.648
2026-03-20 06:45:00+00:00,70427.1,70470.1,70398.7,70448.7,261.447,2026-03-20 06:49:59.999000+00:00,18415083.2975,9064,172.76,12168735.8795
2026-03-20 06:50:00+00:00,70448.7,70513.7,70437.2,70464.0,275.597,2026-03-20 06:54:59.999000+00:00,19424926.5226,8284,173.066,12197970.098
2026-03-20 06:55:00+00:00,70463.9,70472.6,70429.7,70462.0,178.182,2026-03-20 06:59:59.999000+00:00,12553201.3464,7194,84.11,5925757.1622
2026-03-20 07:00:00+00:00,70461.9,70462.0,70161.0,70268.9,1282.892,2026-03-20 07:04:59.999000+00:00,90122973.4868,32335,469.586,32979527.9723
2026-03-20 07:05:00+00:00,70268.8,70382.7,70231.1,70328.8,329.737,2026-03-20 07:09:59.999000+00:00,23180594.9023,12353,202.876,14262823.8157
2026-03-20 07:10:00+00:00,70328.9,70328.9,70203.7,70244.0,327.403,2026-03-20 07:14:59.999000+00:00,23001543.2058,10937,158.095,11106939.1348
2026-03-20 07:15:00+00:00,70243.9,70347.4,70230.0,70308.9,320.936,2026-03-20 07:19:59.999000+00:00,22561183.9092,11848,180.242,12670655.6127
2026-03-20 07:20:00+00:00,70308.9,70525.1,70300.0,70464.2,638.02,2026-03-20 07:24:59.999000+00:00,44949978.6168,18801,429.164,30234768.9922
2026-03-20 07:25:00+00:00,70464.3,70516.5,70413.1,70420.7,300.701,2026-03-20 07:29:59.999000+00:00,21189076.5511,9973,160.669,11322483.4666
2026-03-20 07:30:00+00:00,70420.6,70661.8,70386.7,70608.1,792.824,2026-03-20 07:34:59.999000+00:00,55928832.4021,18508,595.336,41999402.3408
2026-03-20 07:35:00+00:00,70608.0,70733.0,70590.0,70709.9,844.726,2026-03-20 07:39:59.999000+00:00,59690064.2007,19473,561.964,39711003.1947
2026-03-20 07:40:00+00:00,70709.9,70823.0,70709.9,70819.5,926.239,2026-03-20 07:44:59.999000+00:00,65556315.2987,16220,570.705,40392853.9085
2026-03-20 07:45:00+00:00,70819.4,70900.0,70782.0,70815.1,1259.095,2026-03-20 07:49:59.999000+00:00,89186014.6079,21516,714.126,50585320.706
2026-03-20 07:50:00+00:00,70815.0,70857.7,70785.0,70840.1,459.678,2026-03-20 07:54:59.999000+00:00,32553005.3604,11513,230.577,16329054.1379
2026-03-20 07:55:00+00:00,70840.0,70860.4,70800.1,70811.9,396.362,2026-03-20 07:59:59.999000+00:00,28072489.4377,7998,163.529,11581788.9508
2026-03-20 08:00:00+00:00,70812.0,70844.0,70751.9,70774.9,586.628,2026-03-20 08:04:59.999000+00:00,41527476.7573,16062,270.013,19114731.2069
2026-03-20 08:05:00+00:00,70774.9,71128.8,70774.9,71127.1,1867.166,2026-03-20 08:09:59.999000+00:00,132563076.3908,36284,1346.333,95585805.8312
2026-03-20 08:10:00+00:00,71127.1,71342.2,71113.0,71230.7,3537.649,2026-03-20 08:14:59.999000+00:00,251976361.5494,64137,1859.179,132425740.5559
2026-03-20 08:15:00+00:00,71230.6,71238.6,71150.7,71204.0,903.759,2026-03-20 08:19:59.999000+00:00,64339200.4615,22248,361.377,25726771.3699
2026-03-20 08:20:00+00:00,71204.0,71248.1,71105.5,71209.9,724.133,2026-03-20 08:24:59.999000+00:00,51536831.9343,21715,380.075,27049722.4112
2026-03-20 08:25:00+00:00,71209.9,71258.4,71183.2,71205.6,611.469,2026-03-20 08:29:59.999000+00:00,43551094.7802,15962,303.822,21639002.0444
2026-03-20 08:30:00+00:00,71205.6,71205.6,71051.0,71193.7,1105.21,2026-03-20 08:34:59.999000+00:00,78597664.7142,23861,398.653,28351003.2407
2026-03-20 08:35:00+00:00,71193.8,71193.8,71089.0,71123.4,521.656,2026-03-20 08:39:59.999000+00:00,37102069.962,12876,255.35,18160147.6876
2026-03-20 08:40:00+00:00,71123.3,71131.0,71063.5,71068.3,408.769,2026-03-20 08:44:59.999000+00:00,29061068.8741,11844,134.566,9567117.411
2026-03-20 08:45:00+00:00,71068.3,71094.2,71007.3,71094.2,415.709,2026-03-20 08:49:59.999000+00:00,29534331.9984,12625,171.081,12155693.2825
2026-03-20 08:50:00+00:00,71094.2,71120.0,71035.8,71062.6,355.194,2026-03-20 08:54:59.999000+00:00,25247267.8591,10774,221.738,15761967.0399
2026-03-20 08:55:00+00:00,71062.5,71072.6,70969.0,71000.4,619.79,2026-03-20 08:59:59.999000+00:00,44012539.9683,12413,235.495,16722867.1703
2026-03-20 09:00:00+00:00,71000.4,71001.0,70882.5,70961.1,671.301,2026-03-20 09:04:59.999000+00:00,47613261.0473,17452,230.855,16373418.4122
2026-03-20 09:05:00+00:00,70961.1,70961.1,70833.3,70881.5,596.897,2026-03-20 09:09:59.999000+00:00,42305082.5109,14130,265.632,18825908.751
2026-03-20 09:10:00+00:00,70881.4,70918.7,70802.0,70802.3,456.551,2026-03-20 09:14:59.999000+00:00,32352256.7214,9744,261.409,18525955.8864
2026-03-20 09:15:00+00:00,70802.3,70824.8,70580.5,70611.2,1290.704,2026-03-20 09:19:59.999000+00:00,91260537.5354,28460,468.659,33139587.5666
2026-03-20 09:20:00+00:00,70611.2,70611.2,70369.6,70411.7,1679.477,2026-03-20 09:24:59.999000+00:00,118461245.7033,30886,662.79,46761990.4484
2026-03-20 09:25:00+00:00,70411.7,70522.4,70377.0,70471.1,1030.364,2026-03-20 09:29:59.999000+00:00,72608690.7811,23541,516.008,36366191.0406
2026-03-20 09:30:00+00:00,70471.1,70631.0,70469.0,70578.5,1232.11,2026-03-20 09:34:59.999000+00:00,86941859.1105,24857,595.653,42031318.213
2026-03-20 09:35:00+00:00,70578.5,70721.8,70578.5,70638.1,809.287,2026-03-20 09:39:59.999000+00:00,57190480.7213,16771,548.604,38768559.4212
2026-03-20 09:40:00+00:00,70638.1,70655.5,70558.8,70606.0,525.37,2026-03-20 09:44:59.999000+00:00,37090196.4136,15209,230.282,16256819.9008
2026-03-20 09:45:00+00:00,70606.0,70606.0,70480.5,70507.0,452.259,2026-03-20 09:49:59.999000+00:00,31893759.2575,16122,141.045,9946654.5448
2026-03-20 09:50:00+00:00,70507.1,70570.0,70430.9,70466.7,486.867,2026-03-20 09:54:59.999000+00:00,34322468.0161,16157,278.242,19617022.5534
2026-03-20 09:55:00+00:00,70466.8,70555.1,70466.8,70544.9,337.829,2026-03-20 09:59:59.999000+00:00,23823047.2201,10841,199.416,14062395.3891
2026-03-20 10:00:00+00:00,70545.0,70566.4,70386.5,70442.4,452.789,2026-03-20 10:04:59.999000+00:00,31904693.2525,14520,152.772,10766397.6628
2026-03-20 10:05:00+00:00,70442.5,70500.0,70318.4,70379.4,718.258,2026-03-20 10:09:59.999000+00:00,50556990.3896,19738,266.798,18781168.3028
2026-03-20 10:10:00+00:00,70379.4,70397.9,70253.0,70331.2,787.369,2026-03-20 10:14:59.999000+00:00,55357405.0448,20064,380.253,26736517.9472
2026-03-20 10:15:00+00:00,70331.1,70428.7,70203.0,70337.5,1003.862,2026-03-20 10:19:59.999000+00:00,70585399.6738,20664,517.896,36417620.265
2026-03-20 10:20:00+00:00,70337.4,70337.4,70175.0,70265.1,892.042,2026-03-20 10:24:59.999000+00:00,62640212.6196,20046,443.665,31152385.7912
2026-03-20 10:25:00+00:00,70265.2,70311.1,70236.2,70293.6,388.68,2026-03-20 10:29:59.999000+00:00,27312000.6788,10301,215.424,15137489.8125
2026-03-20 10:30:00+00:00,70293.5,70392.5,70266.0,70374.7,561.683,2026-03-20 10:34:59.999000+00:00,39510561.2779,15286,335.333,23587724.0918
2026-03-20 10:35:00+00:00,70374.7,70539.0,70350.2,70532.5,775.415,2026-03-20 10:39:59.999000+00:00,54632493.7473,16909,532.575,37523581.4195
2026-03-20 10:40:00+00:00,70532.4,70651.2,70472.0,70496.1,1136.85,2026-03-20 10:44:59.999000+00:00,80202557.4384,21621,600.782,42387183.5945
2026-03-20 10:45:00+00:00,70496.1,70565.8,70470.4,70544.0,425.566,2026-03-20 10:49:59.999000+00:00,30012647.6745,11069,208.932,14736019.7201
2026-03-20 10:50:00+00:00,70544.0,70617.6,70526.4,70538.9,279.928,2026-03-20 10:54:59.999000+00:00,19752461.7055,8834,161.182,11372865.3259
2026-03-20 10:55:00+00:00,70538.9,70580.9,70517.1,70580.9,242.79,2026-03-20 10:59:59.999000+00:00,17127661.3191,6003,98.328,6937022.8126
2026-03-20 11:00:00+00:00,70580.9,70671.6,70532.1,70612.2,484.573,2026-03-20 11:04:59.999000+00:00,34212152.454,12890,308.607,21791065.6516
2026-03-20 11:05:00+00:00,70612.1,70734.6,70597.8,70691.4,605.269,2026-03-20 11:09:59.999000+00:00,42784192.3788,16342,388.561,27464294.2853
2026-03-20 11:10:00+00:00,70691.4,70780.8,70632.4,70743.2,654.546,2026-03-20 11:14:59.999000+00:00,46292148.6614,17437,343.795,24315540.1222
2026-03-20 11:15:00+00:00,70743.3,70743.3,70566.0,70648.8,708.717,2026-03-20 11:19:59.999000+00:00,50044752.8659,15470,314.998,22240821.3923
2026-03-20 11:20:00+00:00,70648.8,70684.7,70594.6,70639.5,353.389,2026-03-20 11:24:59.999000+00:00,24959149.0893,10153,155.125,10955979.5869
2026-03-20 11:25:00+00:00,70639.4,70697.0,70631.0,70670.0,115.578,2026-03-20 11:29:59.999000+00:00,8167280.0105,6024,49.888,3525257.2939
2026-03-20 11:30:00+00:00,70669.9,70679.1,70639.6,70673.4,147.417,2026-03-20 11:34:59.999000+00:00,10416614.2818,6625,58.188,4111463.5282
2026-03-20 11:35:00+00:00,70673.3,70673.4,70268.6,70300.0,1907.85,2026-03-20 11:39:59.999000+00:00,134306081.9725,31139,751.232,52883813.888
2026-03-20 11:40:00+00:00,70300.0,70395.8,70293.5,70364.1,718.022,2026-03-20 11:44:59.999000+00:00,50505283.5097,16665,349.99,24619726.5574
2026-03-20 11:45:00+00:00,70364.1,70370.6,70266.0,70321.8,349.381,2026-03-20 11:49:59.999000+00:00,24567363.9561,9958,142.7,10034002.629
2026-03-20 11:50:00+00:00,70321.8,70377.5,70291.5,70377.5,244.393,2026-03-20 11:54:59.999000+00:00,17188137.5551,6768,122.648,8626661.5747
2026-03-20 11:55:00+00:00,70377.5,70441.4,70374.5,70439.9,287.35,2026-03-20 11:59:59.999000+00:00,20233048.2011,8217,174.412,12280433.2445
2026-03-20 12:00:00+00:00,70440.0,70546.3,70364.8,70451.4,880.22,2026-03-20 12:04:59.999000+00:00,62007735.2395,22102,449.371,31662299.0469
2026-03-20 12:05:00+00:00,70451.4,70638.0,70451.4,70630.6,831.844,2026-03-20 12:09:59.999000+00:00,58694409.362,19056,488.007,34434083.6482
2026-03-20 12:10:00+00:00,70630.6,70647.5,70520.7,70536.4,386.0,2026-03-20 12:14:59.999000+00:00,27243866.2291,9965,169.679,11974773.1496
2026-03-20 12:15:00+00:00,70536.4,70566.4,70506.2,70566.3,186.257,2026-03-20 12:19:59.999000+00:00,13138305.6236,8746,92.563,6529296.1665
2026-03-20 12:20:00+00:00,70566.3,70614.2,70532.0,70539.9,239.499,2026-03-20 12:24:59.999000+00:00,16901683.5204,9224,121.16,8550566.5149
2026-03-20 12:25:00+00:00,70540.0,70558.9,70384.3,70406.5,680.02,2026-03-20 12:29:59.999000+00:00,47907059.0674,15892,246.514,17364563.5786
2026-03-20 12:30:00+00:00,70406.6,70422.8,70310.3,70323.1,515.069,2026-03-20 12:34:59.999000+00:00,36237025.5666,14958,256.796,18065301.8342
2026-03-20 12:35:00+00:00,70323.1,70428.5,70314.3,70342.9,316.076,2026-03-20 12:39:59.999000+00:00,22240320.8793,10651,185.431,13047608.002
2026-03-20 12:40:00+00:00,70342.8,70358.8,70210.1,70320.0,716.831,2026-03-20 12:44:59.999000+00:00,50363787.6432,17045,281.303,19765336.2872
2026-03-20 12:45:00+00:00,70320.0,70345.8,70212.8,70295.2,433.866,2026-03-20 12:49:59.999000+00:00,30488528.996,12374,165.468,11629174.1941
2026-03-20 12:50:00+00:00,70295.2,70323.6,70236.4,70273.6,302.359,2026-03-20 12:54:59.999000+00:00,21249836.8821,10067,192.814,13550993.5541
2026-03-20 12:55:00+00:00,70273.6,70320.9,70259.0,70304.6,210.253,2026-03-20 12:59:59.999000+00:00,14779394.7991,8136,124.277,8735757.8672
2026-03-20 13:00:00+00:00,70304.7,70363.7,70270.5,70330.8,428.066,2026-03-20 13:04:59.999000+00:00,30098437.9623,14443,243.873,17146688.1185
2026-03-20 13:05:00+00:00,70330.8,70424.7,70300.6,70350.1,376.853,2026-03-20 13:09:59.999000+00:00,26520531.2539,13470,197.393,13891937.0061
2026-03-20 13:10:00+00:00,70350.1,70363.0,70200.0,70285.3,556.906,2026-03-20 13:14:59.999000+00:00,39120589.9421,15697,255.386,17938124.5785
2026-03-20 13:15:00+00:00,70285.3,70394.5,70278.2,70387.7,320.012,2026-03-20 13:19:59.999000+00:00,22513832.1715,12678,157.455,11077162.9743
2026-03-20 13:20:00+00:00,70387.7,70517.0,70385.0,70480.5,505.872,2026-03-20 13:24:59.999000+00:00,35647599.1896,12470,320.838,22607968.8816
2026-03-20 13:25:00+00:00,70480.6,70580.0,70370.8,70464.5,816.183,2026-03-20 13:29:59.999000+00:00,57534527.5099,20703,426.112,30037134.838
2026-03-20 13:30:00+00:00,70464.5,70480.0,69900.0,69990.1,3660.954,2026-03-20 13:34:59.999000+00:00,256490065.487,79158,1381.232,96759416.6482
2026-03-20 13:35:00+00:00,69990.0,70203.1,69808.0,70008.3,2165.15,2026-03-20 13:39:59.999000+00:00,151555738.3884,54703,1099.212,76961108.5436
2026-03-20 13:40:00+00:00,70008.2,70362.9,69872.9,70292.8,2498.779,2026-03-20 13:44:59.999000+00:00,175244161.229,56874,1388.878,97413785.5857
2026-03-20 13:45:00+00:00,70292.8,70355.0,70107.1,70267.6,1796.804,2026-03-20 13:49:59.999000+00:00,126248192.9294,46599,823.313,57858413.3869
2026-03-20 13:50:00+00:00,70267.7,70279.1,69900.0,69979.9,1741.746,2026-03-20 13:54:59.999000+00:00,121939997.4486,40702,677.342,47421339.5191
2026-03-20 13:55:00+00:00,69980.0,70018.8,69755.0,69831.1,2144.041,2026-03-20 13:59:59.999000+00:00,149793191.5944,40110,977.618,68309949.7755
2026-03-20 14:00:00+00:00,69831.0,69973.2,69645.0,69847.5,3331.231,2026-03-20 14:04:59.999000+00:00,232447003.4343,64410,1639.617,114443156.3238
2026-03-20 14:05:00+00:00,69847.4,69987.2,69709.0,69833.6,1742.41,2026-03-20 14:09:59.999000+00:00,121738556.2448,38889,813.568,56844114.1434
2026-03-20 14:10:00+00:00,69833.7,70085.0,69760.5,69781.2,2455.792,2026-03-20 14:14:59.999000+00:00,171662493.5493,47434,1534.594,107290592.1064
2026-03-20 14:15:00+00:00,69781.3,69856.5,69600.0,69692.8,3278.227,2026-03-20 14:19:59.999000+00:00,228530036.2743,48975,1528.618,106594366.4397
2026-03-20 14:20:00+00:00,69692.8,69813.2,69562.5,69783.8,3453.887,2026-03-20 14:24:59.999000+00:00,240621495.9755,59360,1952.115,136013995.823
2026-03-20 14:25:00+00:00,69783.7,69966.4,69690.5,69911.8,1647.809,2026-03-20 14:29:59.999000+00:00,115064757.4242,36441,946.227,66069809.8007
2026-03-20 14:30:00+00:00,69911.9,70158.0,69911.9,70147.2,3663.09,2026-03-20 14:34:59.999000+00:00,256508781.1427,49574,2686.332,188089806.0055
2026-03-20 14:35:00+00:00,70147.3,70240.0,69982.3,70162.7,1406.18,2026-03-20 14:39:59.999000+00:00,98607238.5297,42804,731.019,51265626.1748
2026-03-20 14:40:00+00:00,70162.5,70228.9,69926.3,69943.0,915.857,2026-03-20 14:44:59.999000+00:00,64177925.8471,28391,395.962,27752827.8748
2026-03-20 14:45:00+00:00,69943.1,70084.5,69859.6,69903.5,998.615,2026-03-20 14:49:59.999000+00:00,69856598.0403,30860,557.966,39034244.5037
2026-03-20 14:50:00+00:00,69903.4,69903.4,69604.4,69631.5,1471.876,2026-03-20 14:54:59.999000+00:00,102623039.1766,35970,562.6,39228308.0408
2026-03-20 14:55:00+00:00,69631.5,69787.2,69631.4,69706.0,998.389,2026-03-20 14:59:59.999000+00:00,69600105.6194,27728,519.217,36197104.899
2026-03-20 15:00:00+00:00,69705.9,69850.0,69580.0,69642.0,1664.239,2026-03-20 15:04:59.999000+00:00,115995151.936,36100,780.037,54400790.5659
2026-03-20 15:05:00+00:00,69641.9,69669.7,69450.0,69492.5,2813.364,2026-03-20 15:09:59.999000+00:00,195581435.1208,45811,712.415,49537967.7089
2026-03-20 15:10:00+00:00,69492.5,69750.0,69492.4,69737.1,1109.449,2026-03-20 15:14:59.999000+00:00,77244761.7016,31635,686.292,47784916.1316
2026-03-20 15:15:00+00:00,69737.1,69782.7,69550.4,69581.7,809.508,2026-03-20 15:19:59.999000+00:00,56410182.0534,24600,397.228,27682393.2197
2026-03-20 15:20:00+00:00,69581.7,69972.3,69568.4,69767.8,2500.392,2026-03-20 15:24:59.999000+00:00,174521474.1269,38686,1862.012,129955184.5348
2026-03-20 15:25:00+00:00,69767.7,69824.4,69667.4,69790.7,1113.415,2026-03-20 15:29:59.999000+00:00,77647948.0381,32830,641.314,44727615.8215
2026-03-20 15:30:00+00:00,69790.7,69954.7,69717.9,69887.9,788.15,2026-03-20 15:34:59.999000+00:00,55051579.449,27942,479.6,33498250.8075
2026-03-20 15:35:00+00:00,69887.9,69970.2,69758.4,69882.1,602.337,2026-03-20 15:39:59.999000+00:00,42090828.9012,28655,293.706,20524899.0575
2026-03-20 15:40:00+00:00,69882.2,69973.2,69850.0,69877.3,550.77,2026-03-20 15:44:59.999000+00:00,38500632.8968,18737,361.366,25262740.0158
2026-03-20 15:45:00+00:00,69877.2,69968.2,69779.7,69898.0,567.9,2026-03-20 15:49:59.999000+00:00,39692449.9305,22254,206.743,14450378.4897
2026-03-20 15:50:00+00:00,69897.9,69983.0,69820.0,69853.4,466.234,2026-03-20 15:54:59.999000+00:00,32592347.3825,20755,232.301,16240188.4678
2026-03-20 15:55:00+00:00,69853.4,69853.4,69726.4,69829.5,626.991,2026-03-20 15:59:59.999000+00:00,43753257.3508,19924,204.104,14242835.1097
2026-03-20 16:00:00+00:00,69829.5,70027.1,69820.0,70019.3,811.518,2026-03-20 16:04:59.999000+00:00,56750371.098,20742,543.51,38015473.3887
2026-03-20 16:05:00+00:00,70019.4,70042.4,69831.8,69922.4,657.434,2026-03-20 16:09:59.999000+00:00,45989615.357,23465,346.551,24245066.4631
2026-03-20 16:10:00+00:00,69921.5,70056.0,69907.4,69954.6,494.119,2026-03-20 16:14:59.999000+00:00,34586412.067,19768,250.141,17508821.5429
2026-03-20 16:15:00+00:00,69954.6,70080.0,69850.0,70036.8,553.366,2026-03-20 16:19:59.999000+00:00,38716412.0895,23050,332.838,23292085.7066
2026-03-20 16:20:00+00:00,70036.8,70070.0,69914.3,69961.4,472.973,2026-03-20 16:24:59.999000+00:00,33113866.9268,22434,240.482,16837445.8686
2026-03-20 16:25:00+00:00,69961.4,70008.5,69902.8,69994.0,302.366,2026-03-20 16:29:59.999000+00:00,21150929.6714,12986,131.105,9171568.6577
2026-03-20 16:30:00+00:00,69994.0,69998.8,69710.3,69831.2,948.191,2026-03-20 16:34:59.999000+00:00,66229504.5709,26497,328.207,22925792.5897
2026-03-20 16:35:00+00:00,69831.1,69872.2,69650.0,69720.1,607.358,2026-03-20 16:39:59.999000+00:00,42344272.5444,23056,293.797,20481877.7848
2026-03-20 16:40:00+00:00,69720.1,69773.5,69676.2,69739.0,378.986,2026-03-20 16:44:59.999000+00:00,26426449.0656,15762,187.876,13101356.2135
2026-03-20 16:45:00+00:00,69739.0,69827.2,69712.8,69712.9,460.153,2026-03-20 16:49:59.999000+00:00,32103420.5249,14384,270.52,18873534.58
2026-03-20 16:50:00+00:00,69712.9,69749.2,69577.0,69730.3,581.872,2026-03-20 16:54:59.999000+00:00,40528878.5973,17585,221.846,15455418.8139
2026-03-20 16:55:00+00:00,69730.2,69863.3,69725.8,69792.1,439.17,2026-03-20 16:59:59.999000+00:00,30657948.3929,15301,254.861,17790684.8354
2026-03-20 17:00:00+00:00,69792.1,69920.0,69792.1,69904.4,428.845,2026-03-20 17:04:59.999000+00:00,29959505.292,16802,301.816,21085143.655
2026-03-20 17:05:00+00:00,69904.4,69930.0,69651.4,69831.5,834.923,2026-03-20 17:09:59.999000+00:00,58268984.6321,34677,349.689,24407880.89
2026-03-20 17:10:00+00:00,69831.4,69870.9,69740.0,69774.5,269.102,2026-03-20 17:14:59.999000+00:00,18779949.625,14582,114.425,7984612.6759
2026-03-20 17:15:00+00:00,69774.4,69862.1,69731.7,69792.8,211.024,2026-03-20 17:19:59.999000+00:00,14726352.2164,14713,94.642,6604673.7009
2026-03-20 17:20:00+00:00,69792.7,69798.6,69700.0,69705.4,430.72,2026-03-20 17:24:59.999000+00:00,30043715.8313,18769,244.724,17070300.0827
2026-03-20 17:25:00+00:00,69705.4,69705.4,69602.3,69621.6,449.885,2026-03-20 17:29:59.999000+00:00,31330094.1805,15376,188.736,13143618.6328
2026-03-20 17:30:00+00:00,69621.3,69664.8,69481.8,69519.6,732.264,2026-03-20 17:34:59.999000+00:00,50927927.2263,20753,254.872,17727609.101
2026-03-20 17:35:00+00:00,69519.7,69621.2,69350.0,69590.7,2319.772,2026-03-20 17:39:59.999000+00:00,161184415.6745,39955,1178.416,81902991.5351
2026-03-20 17:40:00+00:00,69590.5,69634.3,69516.3,69541.4,451.419,2026-03-20 17:44:59.999000+00:00,31402811.0172,15575,255.58,17778917.6114
2026-03-20 17:45:00+00:00,69541.5,69649.3,69533.6,69611.5,323.117,2026-03-20 17:49:59.999000+00:00,22484893.7485,14804,166.987,11620021.4206
2026-03-20 17:50:00+00:00,69611.5,69763.5,69581.5,69756.9,562.868,2026-03-20 17:54:59.999000+00:00,39226630.4614,16687,322.851,22498980.5316
2026-03-20 17:55:00+00:00,69757.0,70035.0,69755.6,69970.8,1510.634,2026-03-20 17:59:59.999000+00:00,105599665.4601,29385,1013.961,70885768.1958
2026-03-20 18:00:00+00:00,69970.9,69986.8,69859.9,69914.8,698.191,2026-03-20 18:04:59.999000+00:00,48823727.3518,19990,400.185,27985379.2212
2026-03-20 18:05:00+00:00,69914.8,70048.9,69903.9,69955.1,520.216,2026-03-20 18:09:59.999000+00:00,36403795.489,17962,298.664,20900274.4636
2026-03-20 18:10:00+00:00,69955.2,69988.0,69866.8,69937.2,236.526,2026-03-20 18:14:59.999000+00:00,16539883.8487,10803,115.416,8070876.6597
2026-03-20 18:15:00+00:00,69937.2,69972.7,69883.3,69928.4,345.558,2026-03-20 18:19:59.999000+00:00,24161808.6264,11680,155.639,10882731.7508
2026-03-20 18:20:00+00:00,69928.4,69996.3,69687.5,69766.8,739.488,2026-03-20 18:24:59.999000+00:00,51619979.171,30003,357.738,24968026.4176
2026-03-20 18:25:00+00:00,69767.0,69841.2,69600.0,69637.3,1088.381,2026-03-20 18:29:59.999000+00:00,75846521.697,27378,401.124,27953429.9889
2026-03-20 18:30:00+00:00,69637.3,69681.3,69523.3,69658.8,1057.331,2026-03-20 18:34:59.999000+00:00,73593036.6842,25649,455.055,31675074.5135
2026-03-20 18:35:00+00:00,69658.9,69671.0,69484.0,69622.0,674.548,2026-03-20 18:39:59.999000+00:00,46932367.7641,21666,373.398,25981891.4735
2026-03-20 18:40:00+00:00,69622.1,69763.1,69612.1,69659.9,458.782,2026-03-20 18:44:59.999000+00:00,31970220.7951,15812,313.365,21836183.5765
2026-03-20 18:45:00+00:00,69659.9,69870.5,69647.1,69714.0,683.205,2026-03-20 18:49:59.999000+00:00,47671065.1904,26815,365.448,25496226.6672
2026-03-20 18:50:00+00:00,69714.0,69858.4,69688.9,69773.5,399.465,2026-03-20 18:54:59.999000+00:00,27872755.2191,21093,208.245,14528337.7274
2026-03-20 18:55:00+00:00,69773.4,69828.9,69651.7,69733.3,414.515,2026-03-20 18:59:59.999000+00:00,28901857.4915,15335,250.476,17466941.3216
2026-03-20 19:00:00+00:00,69733.6,69887.1,69733.6,69830.6,374.056,2026-03-20 19:04:59.999000+00:00,26120360.8423,19904,216.067,15087500.3243
2026-03-20 19:05:00+00:00,69830.6,69856.7,69667.0,69771.8,388.475,2026-03-20 19:09:59.999000+00:00,27097839.0848,16802,169.087,11795705.2262
2026-03-20 19:10:00+00:00,69771.9,69860.2,69662.0,69845.5,300.601,2026-03-20 19:14:59.999000+00:00,20969139.6988,14928,142.254,9923379.0402
2026-03-20 19:15:00+00:00,69845.5,69914.9,69769.7,69911.8,404.916,2026-03-20 19:19:59.999000+00:00,28286145.0155,17965,244.906,17108703.0531
2026-03-20 19:20:00+00:00,69911.7,69950.0,69756.4,69796.4,400.001,2026-03-20 19:24:59.999000+00:00,27951597.839,17149,196.738,13748960.025
2026-03-20 19:25:00+00:00,69796.4,69869.7,69744.5,69842.9,194.584,2026-03-20 19:29:59.999000+00:00,13582151.4825,9697,98.677,6887905.6887
2026-03-20 19:30:00+00:00,69843.0,69954.9,69733.2,69763.5,333.598,2026-03-20 19:34:59.999000+00:00,23301747.16,16670,128.798,8995408.957
2026-03-20 19:35:00+00:00,69763.4,69792.6,69634.8,69763.2,457.749,2026-03-20 19:39:59.999000+00:00,31904000.121,17757,210.01,14637593.3665
2026-03-20 19:40:00+00:00,69763.2,69983.0,69757.9,69968.9,323.103,2026-03-20 19:44:59.999000+00:00,22578495.772,15668,183.098,12796616.0714
2026-03-20 19:45:00+00:00,69968.9,69968.9,69867.4,69867.5,342.1,2026-03-20 19:49:59.999000+00:00,23922500.7529,14741,158.259,11066847.9444
2026-03-20 19:50:00+00:00,69867.5,70151.5,69867.5,70106.5,1057.355,2026-03-20 19:54:59.999000+00:00,74037057.2576,23128,654.732,45858976.9801
2026-03-20 19:55:00+00:00,70106.4,70161.0,70084.2,70141.9,907.673,2026-03-20 19:59:59.999000+00:00,63647135.2774,22268,489.442,34320689.9685
2026-03-20 20:00:00+00:00,70141.9,70177.1,70039.9,70089.1,557.172,2026-03-20 20:04:59.999000+00:00,39065013.4289,16654,253.157,17747715.8811
2026-03-20 20:05:00+00:00,70089.1,70177.0,70058.0,70150.1,285.403,2026-03-20 20:09:59.999000+00:00,20016771.8124,11848,157.47,11044031.8648
2026-03-20 20:10:00+00:00,70150.0,70225.0,70139.6,70165.9,481.507,2026-03-20 20:14:59.999000+00:00,33794694.1427,12102,264.07,18534290.1432
2026-03-20 20:15:00+00:00,70165.9,70166.0,69954.2,69998.9,640.849,2026-03-20 20:19:59.999000+00:00,44889339.7211,17457,214.452,15018621.1514
2026-03-20 20:20:00+00:00,69998.8,70000.0,69910.0,69984.8,362.899,2026-03-20 20:24:59.999000+00:00,25384883.2965,10115,154.998,10842114.0451
2026-03-20 20:25:00+00:00,69984.8,69997.7,69915.8,69939.4,221.783,2026-03-20 20:29:59.999000+00:00,15511747.5158,6259,89.948,6291479.6945
2026-03-20 20:30:00+00:00,69939.4,69953.2,69777.0,69791.3,396.663,2026-03-20 20:34:59.999000+00:00,27702505.111,11512,137.689,9614513.168
2026-03-20 20:35:00+00:00,69791.4,69881.0,69701.3,69832.6,676.735,2026-03-20 20:39:59.999000+00:00,47215608.5082,17074,323.781,22595694.3825
2026-03-20 20:40:00+00:00,69832.7,69926.7,69800.1,69887.7,368.256,2026-03-20 20:44:59.999000+00:00,25734580.6104,9656,230.517,16108870.0645
2026-03-20 20:45:00+00:00,69887.7,70021.6,69865.7,70000.1,539.672,2026-03-20 20:49:59.999000+00:00,37736776.5637,12911,310.253,21693677.7309
2026-03-20 20:50:00+00:00,70000.1,70063.1,69967.0,69975.6,200.033,2026-03-20 20:54:59.999000+00:00,14005902.9676,8885,97.172,6804113.8281
2026-03-20 20:55:00+00:00,69975.6,70045.8,69963.0,70019.7,151.649,2026-03-20 20:59:59.999000+00:00,10617344.8083,6094,90.696,6349742.4049
2026-03-20 21:00:00+00:00,70019.7,70054.9,69947.6,70006.3,226.371,2026-03-20 21:04:59.999000+00:00,15844495.1772,6890,80.409,5628839.937
2026-03-20 21:05:00+00:00,70006.2,70006.2,69960.0,69980.9,127.331,2026-03-20 21:09:59.999000+00:00,8910508.3802,4510,69.66,4874319.8954
2026-03-20 21:10:00+00:00,69980.9,70133.3,69900.9,70097.9,580.525,2026-03-20 21:14:59.999000+00:00,40657958.9601,12606,331.294,23203992.0977
2026-03-20 21:15:00+00:00,70097.9,70550.0,70081.1,70498.3,2728.309,2026-03-20 21:19:59.999000+00:00,191943966.1504,41851,1837.708,129320806.3835
2026-03-20 21:20:00+00:00,70498.3,70550.0,70340.0,70413.5,877.024,2026-03-20 21:24:59.999000+00:00,61770705.1102,16036,370.994,26133070.9661
2026-03-20 21:25:00+00:00,70413.5,70511.5,70354.4,70470.6,542.034,2026-03-20 21:29:59.999000+00:00,38172571.1695,11594,246.745,17379158.6914
2026-03-20 21:30:00+00:00,70470.6,70546.9,70416.0,70500.4,552.341,2026-03-20 21:34:59.999000+00:00,38941668.236,10113,397.749,28043507.8059
2026-03-20 21:35:00+00:00,70500.4,70720.6,70478.9,70510.7,1187.518,2026-03-20 21:39:59.999000+00:00,83819277.0879,21887,663.871,46873131.0627
2026-03-20 21:40:00+00:00,70510.7,70510.7,70338.5,70376.3,564.686,2026-03-20 21:44:59.999000+00:00,39750295.6093,13880,259.123,18239165.1263
2026-03-20 21:45:00+00:00,70376.3,70535.7,70369.3,70512.2,280.722,2026-03-20 21:49:59.999000+00:00,19778091.135,9895,161.123,11351771.8601
2026-03-20 21:50:00+00:00,70512.2,70573.0,70459.7,70494.2,268.504,2026-03-20 21:54:59.999000+00:00,18936480.0692,10189,145.123,10235040.5249
2026-03-20 21:55:00+00:00,70494.1,70522.0,70477.1,70498.3,194.034,2026-03-20 21:59:59.999000+00:00,13679114.294,4571,106.95,7539631.9377
2026-03-20 22:00:00+00:00,70498.3,70857.1,70495.7,70821.0,1109.006,2026-03-20 22:04:59.999000+00:00,78430558.3586,26615,673.85,47660025.9446
2026-03-20 22:05:00+00:00,70821.0,70865.2,70741.7,70761.9,725.414,2026-03-20 22:09:59.999000+00:00,51354184.2288,19924,369.595,26165334.58
2026-03-20 22:10:00+00:00,70761.9,70888.0,70703.5,70774.5,782.036,2026-03-20 22:14:59.999000+00:00,55376629.1613,15539,457.077,32376591.517
2026-03-20 22:15:00+00:00,70774.4,70842.9,70733.6,70754.0,305.58,2026-03-20 22:19:59.999000+00:00,21632724.1816,8758,96.024,6797400.8739
2026-03-20 22:20:00+00:00,70754.0,70796.5,70689.0,70692.0,241.195,2026-03-20 22:24:59.999000+00:00,17059393.6448,9026,99.991,7073073.5835
2026-03-20 22:25:00+00:00,70691.8,70722.3,70648.3,70652.5,248.49,2026-03-20 22:29:59.999000+00:00,17563400.7903,7483,81.801,5781619.1632
2026-03-20 22:30:00+00:00,70652.4,70660.1,70569.2,70612.5,304.933,2026-03-20 22:34:59.999000+00:00,21532540.6421,8870,152.142,10743685.4158
2026-03-20 22:35:00+00:00,70612.6,70733.7,70612.5,70707.5,336.284,2026-03-20 22:39:59.999000+00:00,23759135.3724,6404,242.77,17151391.3627
2026-03-20 22:40:00+00:00,70707.4,70726.4,70637.8,70662.9,255.177,2026-03-20 22:44:59.999000+00:00,18034270.4013,7048,76.092,5378012.4334
2026-03-20 22:45:00+00:00,70662.8,70751.3,70620.8,70744.2,164.445,2026-03-20 22:49:59.999000+00:00,11620639.491,6712,94.58,6684052.4449
2026-03-20 22:50:00+00:00,70744.2,70799.9,70715.4,70746.4,231.092,2026-03-20 22:54:59.999000+00:00,16351650.492,9766,115.657,8184057.4737
2026-03-20 22:55:00+00:00,70746.4,70781.8,70739.2,70739.2,114.133,2026-03-20 22:59:59.999000+00:00,8075639.0443,4466,63.033,4459992.5359
2026-03-20 23:00:00+00:00,70739.2,70739.3,70600.1,70645.6,296.294,2026-03-20 23:04:59.999000+00:00,20940056.5983,10135,95.21,6728271.0755
2026-03-20 23:05:00+00:00,70645.7,70645.7,70508.7,70540.0,477.805,2026-03-20 23:09:59.999000+00:00,33707967.4025,12039,170.349,12017547.4814
2026-03-20 23:10:00+00:00,70539.9,70567.0,70466.8,70490.4,368.763,2026-03-20 23:14:59.999000+00:00,25998199.8453,11865,145.282,10242233.5824
2026-03-20 23:15:00+00:00,70490.3,70526.3,70388.3,70493.6,572.694,2026-03-20 23:19:59.999000+00:00,40350382.3962,14408,241.205,16995816.6709
2026-03-20 23:20:00+00:00,70493.6,70517.6,70455.7,70487.7,219.192,2026-03-20 23:24:59.999000+00:00,15449988.4452,7522,98.112,6915351.7204
2026-03-20 23:25:00+00:00,70487.8,70500.0,70440.9,70447.9,175.532,2026-03-20 23:29:59.999000+00:00,12368724.3462,6465,79.724,5617763.7081
2026-03-20 23:30:00+00:00,70447.9,70485.9,70427.0,70440.5,214.578,2026-03-20 23:34:59.999000+00:00,15116176.2382,6362,130.337,9181575.5015
2026-03-20 23:35:00+00:00,70440.5,70509.7,70436.7,70465.3,118.859,2026-03-20 23:39:59.999000+00:00,8376810.4163,4559,77.337,5450561.3178
2026-03-20 23:40:00+00:00,70465.3,70513.6,70446.0,70503.5,204.63,2026-03-20 23:44:59.999000+00:00,14420437.9838,4847,81.629,5753010.6633
2026-03-20 23:45:00+00:00,70503.5,70527.1,70430.4,70527.0,176.167,2026-03-20 23:49:59.999000+00:00,12414466.1708,6632,84.954,5986641.0962
2026-03-20 23:50:00+00:00,70527.1,70566.6,70447.4,70466.6,200.001,2026-03-20 23:54:59.999000+00:00,14105736.9334,6838,106.946,7542412.0207
2026-03-20 23:55:00+00:00,70466.6,70495.4,70465.5,70472.7,82.263,2026-03-20 23:59:59.999000+00:00,5797763.6655,3702,32.626,2299291.1892
2026-03-21 00:00:00+00:00,70472.6,70537.6,70469.1,70523.6,179.649,2026-03-21 00:04:59.999000+00:00,12667380.1308,6879,82.039,5784100.0273
2026-03-21 00:05:00+00:00,70523.7,70549.3,70486.4,70489.8,254.995,2026-03-21 00:09:59.999000+00:00,17982324.8076,8062,75.739,5341023.2421
2026-03-21 00:10:00+00:00,70489.8,70559.3,70430.2,70553.8,299.027,2026-03-21 00:14:59.999000+00:00,21075523.8942,9757,158.022,11138737.5918
2026-03-21 00:15:00+00:00,70553.9,70694.8,70538.0,70694.8,426.462,2026-03-21 00:19:59.999000+00:00,30122037.0463,14457,257.466,18184066.702
2026-03-21 00:20:00+00:00,70694.8,70803.1,70633.6,70644.3,760.743,2026-03-21 00:24:59.999000+00:00,53801716.6361,17660,468.831,33161669.5847
2026-03-21 00:25:00+00:00,70644.4,70676.2,70602.9,70615.3,145.546,2026-03-21 00:29:59.999000+00:00,10282970.5875,4606,56.56,3995968.7235
2026-03-21 00:30:00+00:00,70615.3,70626.6,70563.6,70605.6,177.582,2026-03-21 00:34:59.999000+00:00,12536130.0801,5792,46.713,3297879.5182
2026-03-21 00:35:00+00:00,70605.6,70643.8,70591.6,70623.3,102.465,2026-03-21 00:39:59.999000+00:00,7235722.0599,4096,57.747,4077846.8293
2026-03-21 00:40:00+00:00,70623.3,70623.3,70536.5,70560.1,154.749,2026-03-21 00:44:59.999000+00:00,10921632.813,5867,61.754,4357970.7694
2026-03-21 00:45:00+00:00,70560.2,70575.8,70528.5,70559.8,109.67,2026-03-21 00:49:59.999000+00:00,7737305.6135,4111,37.628,2654775.8926
2026-03-21 00:50:00+00:00,70560.0,70639.8,70559.2,70639.8,100.469,2026-03-21 00:54:59.999000+00:00,7093031.9515,4810,47.641,3363612.1109
2026-03-21 00:55:00+00:00,70639.7,70699.5,70633.5,70643.9,191.961,2026-03-21 00:59:59.999000+00:00,13564384.6967,6380,105.015,7420595.7828
2026-03-21 01:00:00+00:00,70643.9,70680.0,70612.6,70612.6,156.713,2026-03-21 01:04:59.999000+00:00,11072991.2098,5320,77.001,5440503.8036
2026-03-21 01:05:00+00:00,70612.6,70692.7,70612.6,70670.1,155.84,2026-03-21 01:09:59.999000+00:00,11011155.3833,5511,74.492,5263257.0248
2026-03-21 01:10:00+00:00,70670.1,70726.8,70622.2,70636.2,158.906,2026-03-21 01:14:59.999000+00:00,11231885.4309,7095,77.32,5465541.7
2026-03-21 01:15:00+00:00,70636.3,70642.3,70537.1,70569.9,190.451,2026-03-21 01:19:59.999000+00:00,13443517.9822,6397,64.001,4516847.5853
2026-03-21 01:20:00+00:00,70570.0,70617.0,70564.4,70564.5,89.127,2026-03-21 01:24:59.999000+00:00,6291507.0754,4192,40.338,2847371.2205
2026-03-21 01:25:00+00:00,70564.4,70616.7,70562.3,70569.1,79.177,2026-03-21 01:29:59.999000+00:00,5589105.6154,3749,26.998,1905794.6375
2026-03-21 01:30:00+00:00,70569.1,70569.1,70500.4,70564.5,170.007,2026-03-21 01:34:59.999000+00:00,11989763.3063,7040,72.055,5081762.0954
2026-03-21 01:35:00+00:00,70564.4,70620.8,70564.4,70576.3,118.039,2026-03-21 01:39:59.999000+00:00,8332983.7428,5146,65.858,4649237.8988
2026-03-21 01:40:00+00:00,70576.3,70576.3,70467.9,70482.7,116.481,2026-03-21 01:44:59.999000+00:00,8214190.6615,4786,43.097,3039354.253
2026-03-21 01:45:00+00:00,70482.8,70540.0,70456.6,70474.4,178.217,2026-03-21 01:49:59.999000+00:00,12563362.9431,7991,76.236,5374432.5709
2026-03-21 01:50:00+00:00,70474.3,70498.1,70440.0,70440.1,126.43,2026-03-21 01:54:59.999000+00:00,8909033.1802,4930,37.938,2673459.6815
2026-03-21 01:55:00+00:00,70440.0,70480.0,70419.4,70430.3,198.598,2026-03-21 01:59:59.999000+00:00,13990585.729,7384,71.792,5057490.5718
2026-03-21 02:00:00+00:00,70430.4,70470.1,70403.2,70428.7,337.594,2026-03-21 02:04:59.999000+00:00,23776565.4104,9433,170.232,11989745.4462
2026-03-21 02:05:00+00:00,70428.7,70477.0,70410.0,70463.0,204.386,2026-03-21 02:09:59.999000+00:00,14398908.8727,7547,112.863,7951136.2595
2026-03-21 02:10:00+00:00,70463.0,70469.8,70437.5,70456.9,110.255,2026-03-21 02:14:59.999000+00:00,7767996.7824,3922,50.722,3573564.6378
2026-03-21 02:15:00+00:00,70456.8,70528.0,70456.8,70522.0,165.308,2026-03-21 02:19:59.999000+00:00,11654104.0157,5974,109.766,7737948.6954
2026-03-21 02:20:00+00:00,70522.1,70560.7,70511.4,70560.6,98.967,2026-03-21 02:24:59.999000+00:00,6981094.1252,3633,58.171,4103359.7083
2026-03-21 02:25:00+00:00,70560.7,70669.4,70560.6,70610.3,407.572,2026-03-21 02:29:59.999000+00:00,28782485.1675,10428,244.192,17244028.1367
2026-03-21 02:30:00+00:00,70610.4,70612.8,70533.7,70599.4,234.063,2026-03-21 02:34:59.999000+00:00,16520515.0141,7580,78.906,5569366.1717
2026-03-21 02:35:00+00:00,70599.4,70632.6,70575.8,70632.6,131.598,2026-03-21 02:39:59.999000+00:00,9291033.7401,5228,91.794,6480842.8441
2026-03-21 02:40:00+00:00,70632.6,70714.0,70632.6,70676.8,267.331,2026-03-21 02:44:59.999000+00:00,18896819.9807,8938,175.049,12373687.3768
2026-03-21 02:45:00+00:00,70676.7,70705.0,70653.2,70701.1,174.573,2026-03-21 02:49:59.999000+00:00,12339518.749,5949,96.91,6850208.0359
2026-03-21 02:50:00+00:00,70701.2,70758.2,70699.8,70736.1,230.654,2026-03-21 02:54:59.999000+00:00,16314066.3513,7428,132.733,9388134.4418
2026-03-21 02:55:00+00:00,70736.1,70736.1,70656.7,70703.7,190.082,2026-03-21 02:59:59.999000+00:00,13437309.3176,6423,73.924,5225682.2142
2026-03-21 03:00:00+00:00,70703.7,70717.5,70629.9,70629.9,197.793,2026-03-21 03:04:59.999000+00:00,13978826.8467,6702,62.531,4419515.0508
2026-03-21 03:05:00+00:00,70629.9,70720.0,70629.9,70712.9,138.897,2026-03-21 03:09:59.999000+00:00,9816996.892,4598,96.454,6816669.261
2026-03-21 03:10:00+00:00,70712.8,70752.6,70622.6,70666.1,236.645,2026-03-21 03:14:59.999000+00:00,16728805.4808,8015,106.911,7558522.5066
2026-03-21 03:15:00+00:00,70666.1,70674.2,70630.4,70645.9,108.647,2026-03-21 03:19:59.999000+00:00,7676148.4635,4674,50.343,3556798.1258
2026-03-21 03:20:00+00:00,70645.8,70658.0,70633.1,70646.0,85.926,2026-03-21 03:24:59.999000+00:00,6070249.6386,2672,37.049,2617309.555
2026-03-21 03:25:00+00:00,70646.0,70688.0,70614.2,70673.0,157.529,2026-03-21 03:29:59.999000+00:00,11129935.6658,4623,51.695,3652747.2971
2026-03-21 03:30:00+00:00,70672.9,70672.9,70614.6,70615.8,108.767,2026-03-21 03:34:59.999000+00:00,7682550.3563,3902,36.495,2577621.7728
2026-03-21 03:35:00+00:00,70615.8,70618.1,70591.0,70593.9,132.684,2026-03-21 03:39:59.999000+00:00,9367875.0751,4944,62.308,4399094.1714
2026-03-21 03:40:00+00:00,70594.0,70618.1,70593.9,70609.4,53.297,2026-03-21 03:44:59.999000+00:00,3763373.5,1789,32.146,2269813.6112
2026-03-21 03:45:00+00:00,70609.4,70617.0,70590.0,70597.4,138.247,2026-03-21 03:49:59.999000+00:00,9760328.8532,3950,24.662,1741252.657
2026-03-21 03:50:00+00:00,70597.4,70654.2,70590.0,70631.4,126.019,2026-03-21 03:54:59.999000+00:00,8899794.4252,4205,77.47,5471320.1038
2026-03-21 03:55:00+00:00,70631.4,70662.6,70620.2,70638.0,88.732,2026-03-21 03:59:59.999000+00:00,6268824.716,3589,42.848,3027167.565
2026-03-21 04:00:00+00:00,70637.9,70719.8,70631.3,70714.5,188.434,2026-03-21 04:04:59.999000+00:00,13318770.5309,7014,125.298,8856322.7518
2026-03-21 04:05:00+00:00,70714.6,70758.0,70684.8,70704.9,266.213,2026-03-21 04:09:59.999000+00:00,18828036.1575,9231,133.876,9468107.5188
2026-03-21 04:10:00+00:00,70704.9,70731.8,70685.4,70717.7,130.397,2026-03-21 04:14:59.999000+00:00,9220439.0274,5189,75.452,5335167.1302
2026-03-21 04:15:00+00:00,70717.8,70746.0,70696.2,70700.0,134.971,2026-03-21 04:19:59.999000+00:00,9545702.2025,5224,59.569,4212992.0802
2026-03-21 04:20:00+00:00,70700.1,70751.8,70681.1,70741.0,218.238,2026-03-21 04:24:59.999000+00:00,15434337.8208,5148,165.419,11698789.684
2026-03-21 04:25:00+00:00,70740.9,70798.5,70715.0,70715.0,363.508,2026-03-21 04:29:59.999000+00:00,25722031.1802,9211,218.547,15465017.2938
2026-03-21 04:30:00+00:00,70715.0,70715.0,70603.8,70617.5,232.85,2026-03-21 04:34:59.999000+00:00,16449354.342,7960,80.699,5700631.3343
2026-03-21 04:35:00+00:00,70617.6,70630.4,70591.0,70616.9,225.282,2026-03-21 04:39:59.999000+00:00,15906196.7595,5026,104.878,7404857.9799
2026-03-21 04:40:00+00:00,70616.9,70619.8,70582.9,70602.5,212.117,2026-03-21 04:44:59.999000+00:00,14974673.1579,4850,68.305,4822271.5571
2026-03-21 04:45:00+00:00,70602.5,70624.0,70598.8,70598.8,88.067,2026-03-21 04:49:59.999000+00:00,6218505.7504,3013,31.554,2228038.6173
2026-03-21 04:50:00+00:00,70598.8,70623.1,70582.7,70607.5,135.44,2026-03-21 04:54:59.999000+00:00,9561650.9624,3962,57.852,4084325.0037
2026-03-21 04:55:00+00:00,70607.6,70628.3,70592.4,70602.7,155.316,2026-03-21 04:59:59.999000+00:00,10966392.8032,3760,75.59,5337389.728
2026-03-21 05:00:00+00:00,70602.8,70670.0,70600.0,70610.0,148.339,2026-03-21 05:04:59.999000+00:00,10478720.2719,4576,74.064,5232184.9335
2026-03-21 05:05:00+00:00,70610.0,70629.8,70598.7,70611.7,92.722,2026-03-21 05:09:59.999000+00:00,6546808.3601,3662,38.681,2731202.0491
2026-03-21 05:10:00+00:00,70611.7,70612.1,70598.7,70612.0,111.257,2026-03-21 05:14:59.999000+00:00,7855174.8554,2410,55.067,3887985.0642
2026-03-21 05:15:00+00:00,70612.1,70714.0,70603.4,70683.8,188.897,2026-03-21 05:19:59.999000+00:00,13350710.8961,6770,112.073,7920325.338
2026-03-21 05:20:00+00:00,70683.9,70742.1,70663.2,70683.0,193.214,2026-03-21 05:24:59.999000+00:00,13661883.1518,6236,118.819,8401462.3148
2026-03-21 05:25:00+00:00,70683.1,70767.8,70683.1,70748.5,229.96,2026-03-21 05:29:59.999000+00:00,16266721.4097,7156,121.109,8566748.3651
2026-03-21 05:30:00+00:00,70748.5,70800.0,70679.6,70703.2,365.25,2026-03-21 05:34:59.999000+00:00,25838837.0814,10098,223.636,15821471.207
2026-03-21 05:35:00+00:00,70703.2,70760.1,70682.4,70696.5,174.077,2026-03-21 05:39:59.999000+00:00,12312799.4399,6138,86.367,6109102.5603
2026-03-21 05:40:00+00:00,70696.6,70736.1,70695.6,70735.1,103.555,2026-03-21 05:44:59.999000+00:00,7322880.2983,3993,53.525,3785097.8925
2026-03-21 05:45:00+00:00,70735.2,70738.9,70700.0,70702.2,94.425,2026-03-21 05:49:59.999000+00:00,6677603.8164,3249,30.288,2141857.8262
2026-03-21 05:50:00+00:00,70702.2,70702.2,70641.2,70670.8,185.338,2026-03-21 05:54:59.999000+00:00,13096220.0339,4336,55.4,3914620.1155
2026-03-21 05:55:00+00:00,70670.8,70689.5,70664.6,70673.9,78.136,2026-03-21 05:59:59.999000+00:00,5522355.8678,2027,29.578,2090407.6109
2026-03-21 06:00:00+00:00,70673.8,70708.9,70655.1,70678.5,150.554,2026-03-21 06:04:59.999000+00:00,10641132.8876,4809,65.099,4601588.0903
2026-03-21 06:05:00+00:00,70678.4,70715.2,70664.3,70682.2,117.715,2026-03-21 06:09:59.999000+00:00,8320754.4447,4695,66.344,4689547.0125
2026-03-21 06:10:00+00:00,70682.2,70700.0,70682.2,70687.9,56.218,2026-03-21 06:14:59.999000+00:00,3974188.079,2306,24.716,1747224.7517
2026-03-21 06:15:00+00:00,70687.9,70766.7,70676.1,70745.1,227.896,2026-03-21 06:19:59.999000+00:00,16119560.0735,6679,112.596,7963575.4219
2026-03-21 06:20:00+00:00,70745.0,70763.1,70699.2,70763.1,104.631,2026-03-21 06:24:59.999000+00:00,7399416.9799,3911,65.504,4632411.9908
2026-03-21 06:25:00+00:00,70763.0,70786.1,70715.3,70773.0,308.461,2026-03-21 06:29:59.999000+00:00,21827054.3382,7558,129.561,9167524.9707
2026-03-21 06:30:00+00:00,70773.0,70784.6,70707.6,70707.7,131.717,2026-03-21 06:34:59.999000+00:00,9317624.1065,5216,73.8,5220633.1055
2026-03-21 06:35:00+00:00,70707.7,70753.6,70704.0,70732.8,162.251,2026-03-21 06:39:59.999000+00:00,11476205.8185,5389,97.661,6907644.0347
2026-03-21 06:40:00+00:00,70732.8,70771.5,70730.0,70750.0,172.969,2026-03-21 06:44:59.999000+00:00,12237961.0792,4609,74.167,5247173.9371
2026-03-21 06:45:00+00:00,70750.0,70769.9,70716.9,70747.1,124.736,2026-03-21 06:49:59.999000+00:00,8824082.9871,3491,65.711,4648708.2853
2026-03-21 06:50:00+00:00,70747.1,70752.9,70726.3,70734.0,96.34,2026-03-21 06:54:59.999000+00:00,6815017.8575,2363,36.157,2557651.4394
2026-03-21 06:55:00+00:00,70734.1,70743.6,70725.8,70739.2,56.819,2026-03-21 06:59:59.999000+00:00,4018930.3959,1661,29.514,2087605.0437
2026-03-21 07:00:00+00:00,70739.2,70749.3,70710.3,70743.2,140.386,2026-03-21 07:04:59.999000+00:00,9929968.1792,3355,69.536,4918664.7675
2026-03-21 07:05:00+00:00,70743.2,70749.9,70697.5,70710.3,156.527,2026-03-21 07:09:59.999000+00:00,11068866.4581,3354,46.435,3283553.9942
2026-03-21 07:10:00+00:00,70710.4,70720.0,70701.0,70705.9,70.497,2026-03-21 07:14:59.999000+00:00,4984794.4259,2276,25.45,1799561.0322
2026-03-21 07:15:00+00:00,70705.9,70790.0,70705.8,70777.7,261.683,2026-03-21 07:19:59.999000+00:00,18515169.6831,5537,125.179,8855673.5357
2026-03-21 07:20:00+00:00,70777.7,70794.1,70735.4,70776.1,210.753,2026-03-21 07:24:59.999000+00:00,14913989.7514,5699,70.525,4990590.0036
2026-03-21 07:25:00+00:00,70776.1,70849.2,70770.0,70839.8,413.587,2026-03-21 07:29:59.999000+00:00,29291687.5299,9760,297.291,21054255.2294
2026-03-21 07:30:00+00:00,70839.9,70840.9,70728.4,70764.4,246.233,2026-03-21 07:34:59.999000+00:00,17427911.6849,7553,115.973,8207651.31
2026-03-21 07:35:00+00:00,70764.3,70764.4,70730.0,70733.7,100.203,2026-03-21 07:39:59.999000+00:00,7089073.5252,3747,39.579,2800051.0744
2026-03-21 07:40:00+00:00,70733.6,70752.4,70717.1,70717.2,133.848,2026-03-21 07:44:59.999000+00:00,9468433.1026,2998,50.534,3574846.2852
2026-03-21 07:45:00+00:00,70717.1,70727.8,70639.0,70717.2,252.392,2026-03-21 07:49:59.999000+00:00,17839893.0938,6970,120.668,8528980.1034
2026-03-21 07:50:00+00:00,70717.1,70717.2,70654.5,70675.1,139.023,2026-03-21 07:54:59.999000+00:00,9826146.4894,4382,46.656,3297353.4449
2026-03-21 07:55:00+00:00,70675.1,70687.4,70643.3,70687.3,164.958,2026-03-21 07:59:59.999000+00:00,11656683.4749,3636,97.101,6861578.4607
2026-03-21 08:00:00+00:00,70687.4,70687.4,70653.2,70670.3,168.571,2026-03-21 08:04:59.999000+00:00,11912061.4418,4106,66.784,4719044.8237
2026-03-21 08:05:00+00:00,70670.2,70721.7,70663.1,70663.7,220.774,2026-03-21 08:09:59.999000+00:00,15605007.8969,4935,103.871,7341884.1873
2026-03-21 08:10:00+00:00,70663.7,70708.6,70660.2,70660.9,227.092,2026-03-21 08:14:59.999000+00:00,16052492.3257,5169,87.014,6150201.9863
2026-03-21 08:15:00+00:00,70660.9,70684.9,70538.5,70586.0,530.018,2026-03-21 08:19:59.999000+00:00,37428585.307,9743,140.829,9943023.2438
2026-03-21 08:20:00+00:00,70585.9,70590.0,70471.5,70555.1,783.015,2026-03-21 08:24:59.999000+00:00,55226943.5638,14561,318.768,22483645.0623
2026-03-21 08:25:00+00:00,70555.1,70555.2,70471.0,70487.5,508.546,2026-03-21 08:29:59.999000+00:00,35855898.5409,10612,129.811,9151805.275
2026-03-21 08:30:00+00:00,70487.4,70595.7,70455.6,70570.9,487.35,2026-03-21 08:34:59.999000+00:00,34369722.1898,12307,292.902,20659154.3538
2026-03-21 08:35:00+00:00,70570.9,70596.8,70567.0,70575.9,241.989,2026-03-21 08:39:59.999000+00:00,17080207.877,6181,114.99,8116321.611
2026-03-21 08:40:00+00:00,70575.9,70600.0,70563.2,70573.3,324.555,2026-03-21 08:44:59.999000+00:00,22911052.242,4308,84.269,5948215.4282
2026-03-21 08:45:00+00:00,70573.2,70606.9,70532.3,70549.9,278.78,2026-03-21 08:49:59.999000+00:00,19676561.9898,5421,80.603,5687477.9249
2026-03-21 08:50:00+00:00,70549.9,70566.7,70539.0,70553.0,105.292,2026-03-21 08:54:59.999000+00:00,7428714.7687,3047,52.964,3736781.1355
2026-03-21 08:55:00+00:00,70553.0,70574.3,70553.0,70563.3,71.722,2026-03-21 08:59:59.999000+00:00,5061034.5777,2178,37.66,2657442.5251
2026-03-21 09:00:00+00:00,70563.3,70671.6,70537.7,70651.5,204.824,2026-03-21 09:04:59.999000+00:00,14463801.6535,7585,142.124,10036432.5017
2026-03-21 09:05:00+00:00,70651.5,70711.5,70627.8,70679.2,361.639,2026-03-21 09:09:59.999000+00:00,25561138.3534,9271,252.43,17842565.1108
2026-03-21 09:10:00+00:00,70679.2,70696.1,70644.3,70691.8,242.707,2026-03-21 09:14:59.999000+00:00,17149125.3483,4251,65.426,4623419.8169
2026-03-21 09:15:00+00:00,70691.8,70695.3,70625.1,70625.2,141.786,2026-03-21 09:19:59.999000+00:00,10018749.7931,3853,44.235,3125794.876
2026-03-21 09:20:00+00:00,70625.1,70642.5,70608.2,70608.3,183.789,2026-03-21 09:24:59.999000+00:00,12978738.8432,4091,70.308,4964954.2636
2026-03-21 09:25:00+00:00,70608.2,70611.5,70545.8,70550.1,279.293,2026-03-21 09:29:59.999000+00:00,19710666.7162,5611,104.769,7393840.4919
2026-03-21 09:30:00+00:00,70550.1,70595.3,70539.7,70595.3,133.305,2026-03-21 09:34:59.999000+00:00,9406662.3029,3649,71.73,5061793.0985
2026-03-21 09:35:00+00:00,70595.3,70650.0,70562.6,70650.0,186.042,2026-03-21 09:39:59.999000+00:00,13135862.3767,5932,119.939,8469492.9549
2026-03-21 09:40:00+00:00,70650.0,70666.2,70591.7,70610.1,133.948,2026-03-21 09:44:59.999000+00:00,9462017.1192,5007,66.383,4688914.2731
2026-03-21 09:45:00+00:00,70610.2,70629.8,70594.9,70621.7,94.441,2026-03-21 09:49:59.999000+00:00,6668852.6864,3336,57.794,4081175.9171
2026-03-21 09:50:00+00:00,70621.6,70641.2,70603.0,70625.2,70.115,2026-03-21 09:54:59.999000+00:00,4952040.046,3173,39.48,2788298.9957
2026-03-21 09:55:00+00:00,70625.1,70633.5,70610.0,70633.5,47.244,2026-03-21 09:59:59.999000+00:00,3336620.2038,1760,33.134,2340126.323
2026-03-21 10:00:00+00:00,70633.5,70666.0,70598.5,70634.0,121.965,2026-03-21 10:04:59.999000+00:00,8614289.5604,4720,64.496,4555342.3691
2026-03-21 10:05:00+00:00,70634.0,70634.0,70569.4,70633.0,310.864,2026-03-21 10:09:59.999000+00:00,21941153.8162,4625,245.485,17325310.494
2026-03-21 10:10:00+00:00,70633.1,70640.9,70577.9,70594.8,94.21,2026-03-21 10:14:59.999000+00:00,6652106.0295,3524,30.205,2132521.4718
2026-03-21 10:15:00+00:00,70594.9,70604.7,70521.2,70559.0,116.653,2026-03-21 10:19:59.999000+00:00,8230728.0356,3899,39.898,2815154.4276
2026-03-21 10:20:00+00:00,70559.0,70569.9,70523.9,70537.8,113.477,2026-03-21 10:24:59.999000+00:00,8004943.0811,3773,40.848,2881397.0652
2026-03-21 10:25:00+00:00,70537.8,70570.0,70525.7,70537.9,188.592,2026-03-21 10:29:59.999000+00:00,13304927.7328,5067,100.683,7102886.6756
2026-03-21 10:30:00+00:00,70538.0,70599.9,70537.9,70574.8,383.412,2026-03-21 10:34:59.999000+00:00,27060865.8999,7530,243.256,17168684.8861
2026-03-21 10:35:00+00:00,70574.8,70589.9,70574.7,70589.9,32.872,2026-03-21 10:39:59.999000+00:00,2320229.3139,1269,17.714,1250319.9499
2026-03-21 10:40:00+00:00,70589.9,70589.9,70551.5,70559.6,62.001,2026-03-21 10:44:59.999000+00:00,4375082.9987,1872,19.928,1406204.7641
2026-03-21 10:45:00+00:00,70559.6,70559.6,70533.0,70540.1,69.756,2026-03-21 10:49:59.999000+00:00,4920781.1188,1813,26.855,1894361.4028
2026-03-21 10:50:00+00:00,70540.1,70560.4,70540.0,70555.5,40.995,2026-03-21 10:54:59.999000+00:00,2892395.5781,1624,23.205,1637204.5888
2026-03-21 10:55:00+00:00,70555.5,70576.1,70555.5,70576.0,77.223,2026-03-21 10:59:59.999000+00:00,5449574.964,2071,35.003,2470087.7013
2026-03-21 11:00:00+00:00,70576.0,70580.4,70570.4,70580.3,53.821,2026-03-21 11:04:59.999000+00:00,3798396.8277,1586,22.485,1586860.1178
2026-03-21 11:05:00+00:00,70580.3,70580.4,70550.0,70574.2,128.154,2026-03-21 11:09:59.999000+00:00,9043479.9559,3097,80.763,5699455.1073
2026-03-21 11:10:00+00:00,70574.1,70574.1,70525.1,70525.1,371.646,2026-03-21 11:14:59.999000+00:00,26218359.0179,6655,73.499,5184692.7543
2026-03-21 11:15:00+00:00,70525.1,70565.9,70525.1,70550.7,76.576,2026-03-21 11:19:59.999000+00:00,5402024.9232,2110,50.0,3527164.999
2026-03-21 11:20:00+00:00,70550.7,70559.9,70550.7,70555.0,56.0,2026-03-21 11:24:59.999000+00:00,3951139.4641,1636,35.379,2496192.5693
2026-03-21 11:25:00+00:00,70555.1,70578.2,70555.0,70570.1,56.728,2026-03-21 11:29:59.999000+00:00,4003399.616,2016,30.134,2126576.483
2026-03-21 11:30:00+00:00,70570.0,70570.9,70536.0,70563.2,55.207,2026-03-21 11:34:59.999000+00:00,3895267.2454,2594,28.801,2032149.6137
2026-03-21 11:35:00+00:00,70563.2,70581.4,70556.4,70576.2,59.235,2026-03-21 11:39:59.999000+00:00,4180294.0873,2076,33.842,2388264.4694
2026-03-21 11:40:00+00:00,70576.2,70619.9,70575.4,70609.7,113.135,2026-03-21 11:44:59.999000+00:00,7986871.5921,3752,82.531,5826191.0274
2026-03-21 11:45:00+00:00,70609.6,70609.6,70584.4,70594.3,81.828,2026-03-21 11:49:59.999000+00:00,5776744.2428,2920,36.97,2609821.0954
2026-03-21 11:50:00+00:00,70594.4,70600.0,70574.8,70579.7,51.24,2026-03-21 11:54:59.999000+00:00,3616865.1667,2112,24.888,1756733.4484
2026-03-21 11:55:00+00:00,70579.6,70618.3,70579.6,70618.3,97.119,2026-03-21 11:59:59.999000+00:00,6856927.4775,2550,79.278,5597240.9705
2026-03-21 12:00:00+00:00,70618.2,70694.4,70618.2,70694.3,250.579,2026-03-21 12:04:59.999000+00:00,17705157.5619,6597,152.492,10774514.7854
2026-03-21 12:05:00+00:00,70694.4,70694.4,70626.0,70684.1,110.689,2026-03-21 12:09:59.999000+00:00,7820746.3982,4551,61.497,4344885.1882
2026-03-21 12:10:00+00:00,70684.0,70700.0,70684.0,70696.9,126.305,2026-03-21 12:14:59.999000+00:00,8928632.8027,3181,81.972,5794751.5209
2026-03-21 12:15:00+00:00,70697.0,70714.0,70653.3,70664.9,168.495,2026-03-21 12:19:59.999000+00:00,11909794.5103,5420,103.565,7320297.9174
2026-03-21 12:20:00+00:00,70664.9,70769.6,70656.1,70733.2,376.791,2026-03-21 12:24:59.999000+00:00,26649673.4223,10051,254.843,18023726.4926
2026-03-21 12:25:00+00:00,70733.2,70755.5,70727.4,70748.9,303.0,2026-03-21 12:29:59.999000+00:00,21435100.6526,5212,147.447,10430719.7634
2026-03-21 12:30:00+00:00,70749.0,70751.0,70687.1,70687.2,141.481,2026-03-21 12:34:59.999000+00:00,10005218.9864,4671,64.95,4592680.3045
2026-03-21 12:35:00+00:00,70687.2,70745.7,70680.1,70722.6,135.434,2026-03-21 12:39:59.999000+00:00,9576733.308,4546,95.823,6775924.1076
2026-03-21 12:40:00+00:00,70722.7,70723.0,70712.3,70723.0,52.106,2026-03-21 12:44:59.999000+00:00,3684940.6924,1489,37.751,2669754.0354
2026-03-21 12:45:00+00:00,70723.0,70727.8,70670.8,70692.1,116.522,2026-03-21 12:49:59.999000+00:00,8237149.8424,4052,51.15,3615568.672
2026-03-21 12:50:00+00:00,70692.2,70700.1,70676.7,70676.7,100.701,2026-03-21 12:54:59.999000+00:00,7118423.1663,2397,73.05,5163842.1269
2026-03-21 12:55:00+00:00,70676.7,70693.8,70676.7,70680.0,44.033,2026-03-21 12:59:59.999000+00:00,3112495.1436,1687,22.657,1601488.7174
2026-03-21 13:00:00+00:00,70680.0,70704.7,70668.5,70668.5,84.587,2026-03-21 13:04:59.999000+00:00,5979431.4225,3102,37.667,2662805.9801
2026-03-21 13:05:00+00:00,70668.5,70713.4,70668.5,70713.4,109.454,2026-03-21 13:09:59.999000+00:00,7738093.0759,3491,73.238,5177730.7426
2026-03-21 13:10:00+00:00,70713.4,70734.4,70713.1,70714.4,84.304,2026-03-21 13:14:59.999000+00:00,5962081.6343,2237,60.202,4257581.2677
2026-03-21 13:15:00+00:00,70714.3,70785.1,70714.3,70776.0,146.352,2026-03-21 13:19:59.999000+00:00,10355108.8569,4259,110.091,7789287.2929
2026-03-21 13:20:00+00:00,70776.0,70776.0,70684.6,70695.9,159.784,2026-03-21 13:24:59.999000+00:00,11298806.0194,4781,64.195,4539210.0005
2026-03-21 13:25:00+00:00,70695.9,70728.5,70695.9,70702.2,72.83,2026-03-21 13:29:59.999000+00:00,5149894.3725,2975,34.617,2447723.3154
2026-03-21 13:30:00+00:00,70702.3,70761.6,70699.8,70737.9,139.442,2026-03-21 13:34:59.999000+00:00,9863956.162,4413,77.932,5512940.2772
2026-03-21 13:35:00+00:00,70737.9,70737.9,70695.4,70695.4,106.959,2026-03-21 13:39:59.999000+00:00,7563270.9138,2671,32.138,2272552.7668
2026-03-21 13:40:00+00:00,70695.4,70699.1,70682.1,70690.1,104.68,2026-03-21 13:44:59.999000+00:00,7399884.2161,2773,46.947,3318706.9141
2026-03-21 13:45:00+00:00,70690.1,70707.3,70675.0,70699.9,154.61,2026-03-21 13:49:59.999000+00:00,10929648.602,3506,102.373,7237018.9251
2026-03-21 13:50:00+00:00,70700.0,70730.0,70699.9,70704.8,91.387,2026-03-21 13:54:59.999000+00:00,6462331.2361,2565,53.039,3750596.0841
2026-03-21 13:55:00+00:00,70704.8,70709.7,70682.2,70700.3,67.157,2026-03-21 13:59:59.999000+00:00,4747868.4361,2333,37.285,2635978.3404
2026-03-21 14:00:00+00:00,70700.3,70769.9,70700.3,70733.6,228.975,2026-03-21 14:04:59.999000+00:00,16198216.8436,6764,144.056,10190602.5997
2026-03-21 14:05:00+00:00,70733.7,70785.0,70731.2,70780.3,157.28,2026-03-21 14:09:59.999000+00:00,11130976.1255,4308,105.244,7448259.3327
2026-03-21 14:10:00+00:00,70780.4,71077.7,70773.3,70992.7,2512.085,2026-03-21 14:14:59.999000+00:00,178222646.9934,43894,1647.471,116869458.0497
2026-03-21 14:15:00+00:00,70992.7,71044.0,70888.0,70976.4,785.114,2026-03-21 14:19:59.999000+00:00,55708873.2948,19729,373.351,26494438.0372
2026-03-21 14:20:00+00:00,70976.4,70976.4,70902.7,70914.9,224.759,2026-03-21 14:24:59.999000+00:00,15942329.953,7132,83.716,5937872.3714
2026-03-21 14:25:00+00:00,70914.9,70921.8,70885.2,70890.7,288.828,2026-03-21 14:29:59.999000+00:00,20478401.1356,6288,146.343,10376090.7532
2026-03-21 14:30:00+00:00,70890.8,70959.9,70889.0,70959.7,351.292,2026-03-21 14:34:59.999000+00:00,24914630.5207,9084,227.311,16122499.1447
2026-03-21 14:35:00+00:00,70959.7,70989.0,70894.6,70898.1,234.109,2026-03-21 14:39:59.999000+00:00,16607700.5607,6707,96.265,6829586.9334
2026-03-21 14:40:00+00:00,70898.1,70930.5,70894.3,70902.6,157.586,2026-03-21 14:44:59.999000+00:00,11173963.0634,4570,74.56,5286764.8137
2026-03-21 14:45:00+00:00,70902.6,70902.7,70713.6,70763.5,569.112,2026-03-21 14:49:59.999000+00:00,40292961.6679,12617,178.977,12669137.4528
2026-03-21 14:50:00+00:00,70763.6,70763.6,70599.0,70657.3,1294.272,2026-03-21 14:54:59.999000+00:00,91442642.1182,22622,496.196,35058088.6227
2026-03-21 14:55:00+00:00,70657.3,70657.3,70550.0,70595.0,772.856,2026-03-21 14:59:59.999000+00:00,54549103.2865,17078,327.688,23127980.4047
2026-03-21 15:00:00+00:00,70595.0,70627.1,70532.0,70603.4,521.391,2026-03-21 15:04:59.999000+00:00,36803179.4294,12491,258.582,18254366.9773
2026-03-21 15:05:00+00:00,70603.5,70608.8,70531.0,70574.3,319.571,2026-03-21 15:09:59.999000+00:00,22551759.2758,9537,152.993,10796466.597
2026-03-21 15:10:00+00:00,70574.2,70613.8,70564.3,70613.7,218.973,2026-03-21 15:14:59.999000+00:00,15457310.888,5775,134.784,9514376.7022
2026-03-21 15:15:00+00:00,70613.8,70645.0,70420.0,70476.1,949.375,2026-03-21 15:19:59.999000+00:00,66928715.108,22074,325.445,22944153.8326
2026-03-21 15:20:00+00:00,70476.1,70607.1,70476.0,70595.8,322.007,2026-03-21 15:24:59.999000+00:00,22714884.0529,9347,213.766,15080152.5509
2026-03-21 15:25:00+00:00,70595.9,70637.9,70567.6,70637.9,226.568,2026-03-21 15:29:59.999000+00:00,15996283.5428,7344,140.794,9940784.5568
2026-03-21 15:30:00+00:00,70637.9,70739.0,70624.3,70729.8,478.342,2026-03-21 15:34:59.999000+00:00,33812272.6903,11012,309.079,21847422.0437
2026-03-21 15:35:00+00:00,70729.8,70729.8,70587.4,70590.4,302.723,2026-03-21 15:39:59.999000+00:00,21385816.5705,8304,70.44,4976780.5853
2026-03-21 15:40:00+00:00,70590.4,70650.0,70563.0,70590.8,199.704,2026-03-21 15:44:59.999000+00:00,14101560.5967,6316,96.776,6833996.8776
2026-03-21 15:45:00+00:00,70590.8,70644.3,70590.8,70624.6,244.201,2026-03-21 15:49:59.999000+00:00,17247402.9811,5261,74.794,5281412.4172
2026-03-21 15:50:00+00:00,70624.5,70650.0,70600.3,70620.0,126.396,2026-03-21 15:54:59.999000+00:00,8927457.5324,3853,46.808,3306106.0338
2026-03-21 15:55:00+00:00,70620.0,70637.0,70599.1,70599.1,112.232,2026-03-21 15:59:59.999000+00:00,7926996.1835,3039,30.819,2176618.3624
2026-03-21 16:00:00+00:00,70599.1,70620.2,70562.3,70594.9,171.213,2026-03-21 16:04:59.999000+00:00,12085353.3042,5596,68.943,4866639.9635
2026-03-21 16:05:00+00:00,70594.8,70615.8,70577.2,70577.3,102.055,2026-03-21 16:09:59.999000+00:00,7204978.4886,3377,52.69,3720120.1594
2026-03-21 16:10:00+00:00,70577.3,70577.3,70529.4,70530.1,179.267,2026-03-21 16:14:59.999000+00:00,12647770.0631,5166,79.976,5642507.1092
2026-03-21 16:15:00+00:00,70530.1,70607.0,70439.8,70479.4,608.15,2026-03-21 16:19:59.999000+00:00,42885917.1536,13768,250.627,17674185.9661
2026-03-21 16:20:00+00:00,70479.3,70519.9,70458.0,70489.1,174.04,2026-03-21 16:24:59.999000+00:00,12268246.146,4933,73.479,5179635.085
2026-03-21 16:25:00+00:00,70489.0,70504.7,70261.8,70391.8,1007.714,2026-03-21 16:29:59.999000+00:00,70912020.3316,19575,344.17,24216370.4555
2026-03-21 16:30:00+00:00,70391.8,70446.3,70371.7,70440.9,299.141,2026-03-21 16:34:59.999000+00:00,21063488.5058,9832,165.016,11619069.6229
2026-03-21 16:35:00+00:00,70440.8,70448.5,70384.3,70400.2,296.145,2026-03-21 16:39:59.999000+00:00,20856432.8439,7205,143.657,10117943.5633
2026-03-21 16:40:00+00:00,70400.1,70400.1,70300.0,70344.5,489.744,2026-03-21 16:44:59.999000+00:00,34449376.3012,11505,232.89,16380926.8122
2026-03-21 16:45:00+00:00,70344.4,70403.9,70333.6,70378.2,199.558,2026-03-21 16:49:59.999000+00:00,14043818.922,6449,122.884,8647945.5982
2026-03-21 16:50:00+00:00,70378.1,70381.3,70334.0,70338.6,209.204,2026-03-21 16:54:59.999000+00:00,14718982.8538,4742,98.3,6916311.4637
2026-03-21 16:55:00+00:00,70338.6,70338.6,70214.8,70274.9,659.916,2026-03-21 16:59:59.999000+00:00,46361795.1892,13957,327.946,23039226.4152
2026-03-21 17:00:00+00:00,70275.0,70334.3,70273.4,70334.2,253.181,2026-03-21 17:04:59.999000+00:00,17796775.9926,6546,140.265,9859770.0327
2026-03-21 17:05:00+00:00,70334.3,70340.0,70163.0,70221.5,481.369,2026-03-21 17:09:59.999000+00:00,33803359.5755,12445,176.91,12423016.133
2026-03-21 17:10:00+00:00,70221.5,70250.0,70179.4,70243.4,234.6,2026-03-21 17:14:59.999000+00:00,16472558.6925,7653,134.509,9444880.7566
2026-03-21 17:15:00+00:00,70243.4,70295.3,70216.4,70259.9,240.46,2026-03-21 17:19:59.999000+00:00,16892501.3488,7694,136.867,9615711.3165
2026-03-21 17:20:00+00:00,70259.9,70394.9,70259.0,70338.1,423.126,2026-03-21 17:24:59.999000+00:00,29759988.1007,9572,300.927,21165421.2895
2026-03-21 17:25:00+00:00,70338.2,70374.9,70325.0,70330.7,259.934,2026-03-21 17:29:59.999000+00:00,18285922.119,5190,173.141,12179723.3855
2026-03-21 17:30:00+00:00,70330.8,70399.0,70330.7,70363.5,179.071,2026-03-21 17:34:59.999000+00:00,12600222.3117,5684,121.949,8581051.2613
2026-03-21 17:35:00+00:00,70363.4,70390.2,70324.8,70364.9,185.498,2026-03-21 17:39:59.999000+00:00,13050969.0684,5169,107.468,7561052.4002
2026-03-21 17:40:00+00:00,70364.8,70380.0,70336.2,70359.3,195.729,2026-03-21 17:44:59.999000+00:00,13770707.3473,4525,86.244,6067643.6836
2026-03-21 17:45:00+00:00,70359.2,70385.1,70334.4,70334.7,148.036,2026-03-21 17:49:59.999000+00:00,10415364.2427,4026,58.485,4114872.1314
2026-03-21 17:50:00+00:00,70334.7,70334.8,70236.1,70283.5,248.735,2026-03-21 17:54:59.999000+00:00,17479420.952,7175,84.218,5917736.4691
2026-03-21 17:55:00+00:00,70283.5,70318.3,70280.0,70280.1,77.89,2026-03-21 17:59:59.999000+00:00,5475280.3042,3081,34.452,2421854.3516
2026-03-21 18:00:00+00:00,70280.0,70311.5,70275.0,70279.6,112.683,2026-03-21 18:04:59.999000+00:00,7921082.3307,3987,60.134,4227033.7314
2026-03-21 18:05:00+00:00,70279.6,70343.2,70261.4,70339.4,112.36,2026-03-21 18:09:59.999000+00:00,7898903.4865,3610,74.309,5224190.0883
2026-03-21 18:10:00+00:00,70339.4,70354.7,70312.1,70344.9,134.801,2026-03-21 18:14:59.999000+00:00,9481275.5156,3569,103.172,7256733.7005
2026-03-21 18:15:00+00:00,70345.0,70363.0,70319.1,70363.0,108.876,2026-03-21 18:19:59.999000+00:00,7657808.2923,4089,81.16,5708437.6117
2026-03-21 18:20:00+00:00,70363.0,70420.0,70362.9,70368.3,257.123,2026-03-21 18:24:59.999000+00:00,18098422.7445,5796,168.23,11841016.5125
2026-03-21 18:25:00+00:00,70368.3,70419.7,70335.2,70374.1,267.356,2026-03-21 18:29:59.999000+00:00,18813453.2,5473,178.625,12570001.7274
2026-03-21 18:30:00+00:00,70374.2,70442.9,70374.0,70410.3,128.413,2026-03-21 18:34:59.999000+00:00,9040712.4686,3367,87.516,6161214.0087
2026-03-21 18:35:00+00:00,70410.3,70500.0,70406.4,70460.1,326.033,2026-03-21 18:39:59.999000+00:00,22970431.3639,7998,223.843,15771677.7998
2026-03-21 18:40:00+00:00,70460.1,70504.7,70433.6,70446.4,278.534,2026-03-21 18:44:59.999000+00:00,19627493.8275,7161,159.991,11274877.8427
2026-03-21 18:45:00+00:00,70446.6,70446.6,70405.9,70422.6,139.422,2026-03-21 18:49:59.999000+00:00,9818636.1555,3779,86.691,6104933.1975
2026-03-21 18:50:00+00:00,70422.6,70422.7,70350.0,70371.2,100.619,2026-03-21 18:54:59.999000+00:00,7081318.4955,3700,40.437,2845548.7804
2026-03-21 18:55:00+00:00,70371.2,70389.9,70360.6,70360.6,49.508,2026-03-21 18:59:59.999000+00:00,3484443.2123,1737,23.583,1659826.3661
2026-03-21 19:00:00+00:00,70360.6,70406.2,70358.7,70406.1,77.347,2026-03-21 19:04:59.999000+00:00,5444050.0774,3457,46.552,3276492.3416
2026-03-21 19:05:00+00:00,70406.1,70415.0,70386.4,70391.8,104.667,2026-03-21 19:09:59.999000+00:00,7368665.4609,3293,77.001,5420982.355
2026-03-21 19:10:00+00:00,70391.8,70400.1,70375.0,70399.0,44.369,2026-03-21 19:14:59.999000+00:00,3123018.7151,1625,23.711,1668931.284
2026-03-21 19:15:00+00:00,70399.0,70402.1,70367.1,70396.5,55.459,2026-03-21 19:19:59.999000+00:00,3903300.3593,2169,40.293,2835842.1041
2026-03-21 19:20:00+00:00,70396.5,70409.1,70389.7,70395.0,50.27,2026-03-21 19:24:59.999000+00:00,3539001.6517,1735,26.468,1863330.1032
2026-03-21 19:25:00+00:00,70395.1,70417.7,70387.6,70387.7,149.356,2026-03-21 19:29:59.999000+00:00,10514827.8909,3495,48.698,3428525.037
2026-03-21 19:30:00+00:00,70387.7,70397.5,70330.0,70340.5,106.857,2026-03-21 19:34:59.999000+00:00,7517963.5778,3442,46.11,3244094.2637
2026-03-21 19:35:00+00:00,70340.4,70356.2,70300.0,70300.0,97.58,2026-03-21 19:39:59.999000+00:00,6862353.9292,3167,45.922,3229408.5093
2026-03-21 19:40:00+00:00,70300.1,70317.8,70290.5,70317.8,74.863,2026-03-21 19:44:59.999000+00:00,5263271.4114,2641,39.769,2795947.5852
2026-03-21 19:45:00+00:00,70317.8,70356.8,70317.7,70330.1,73.738,2026-03-21 19:49:59.999000+00:00,5186112.0375,2350,32.453,2282445.6766
2026-03-21 19:50:00+00:00,70330.2,70335.4,70313.9,70335.4,44.04,2026-03-21 19:54:59.999000+00:00,3096982.9789,1845,26.766,1882254.4031
2026-03-21 19:55:00+00:00,70335.4,70365.9,70322.6,70365.9,59.555,2026-03-21 19:59:59.999000+00:00,4189744.0014,2086,43.492,3059738.7282
2026-03-21 20:00:00+00:00,70365.8,70397.1,70344.4,70353.0,117.158,2026-03-21 20:04:59.999000+00:00,8244052.662,3517,65.685,4622380.7257
2026-03-21 20:05:00+00:00,70353.1,70367.1,70332.3,70366.7,68.509,2026-03-21 20:09:59.999000+00:00,4819210.0336,2643,35.694,2510943.8305
2026-03-21 20:10:00+00:00,70366.7,70406.6,70359.3,70372.0,107.049,2026-03-21 20:14:59.999000+00:00,7533837.2653,3732,65.887,4636913.1639
2026-03-21 20:15:00+00:00,70372.1,70374.3,70332.9,70370.8,66.981,2026-03-21 20:19:59.999000+00:00,4712294.1014,2281,28.983,2039177.2615
2026-03-21 20:20:00+00:00,70370.8,70459.1,70370.8,70412.7,153.926,2026-03-21 20:24:59.999000+00:00,10840263.2792,4229,108.496,7640462.1956
2026-03-21 20:25:00+00:00,70412.6,70444.0,70405.3,70425.7,80.527,2026-03-21 20:29:59.999000+00:00,5670873.3687,2902,49.505,3486232.4023
2026-03-21 20:30:00+00:00,70425.7,70460.1,70425.6,70434.9,150.086,2026-03-21 20:34:59.999000+00:00,10572711.1639,4636,108.058,7612035.5778
2026-03-21 20:35:00+00:00,70434.9,70455.9,70409.5,70444.0,124.779,2026-03-21 20:39:59.999000+00:00,8787683.2737,3480,59.294,4175927.5748
2026-03-21 20:40:00+00:00,70443.9,70445.6,70405.3,70434.5,164.307,2026-03-21 20:44:59.999000+00:00,11570549.3594,3213,108.646,7650982.8751
2026-03-21 20:45:00+00:00,70434.5,70472.9,70424.2,70424.2,227.895,2026-03-21 20:49:59.999000+00:00,16055715.5318,5225,127.326,8970634.0742
2026-03-21 20:50:00+00:00,70424.3,70433.5,70405.9,70423.1,106.696,2026-03-21 20:54:59.999000+00:00,7513483.7531,2754,39.876,2808131.0914
2026-03-21 20:55:00+00:00,70423.1,70432.5,70423.1,70432.4,32.919,2026-03-21 20:59:59.999000+00:00,2318438.7529,907,15.48,1090244.5939
2026-03-21 21:00:00+00:00,70432.5,70437.7,70377.5,70431.1,184.344,2026-03-21 21:04:59.999000+00:00,12979716.3534,4467,103.698,7301588.6943
2026-03-21 21:05:00+00:00,70431.0,70482.2,70414.0,70447.6,116.32,2026-03-21 21:09:59.999000+00:00,8195459.0288,3719,67.954,4787630.5461
2026-03-21 21:10:00+00:00,70447.5,70453.1,70331.2,70337.5,148.983,2026-03-21 21:14:59.999000+00:00,10484598.9307,4095,91.017,6404455.7337
2026-03-21 21:15:00+00:00,70337.5,70371.2,70330.3,70343.1,104.025,2026-03-21 21:19:59.999000+00:00,7318274.1709,3121,42.37,2980792.1844
2026-03-21 21:20:00+00:00,70343.0,70362.4,70320.3,70336.6,123.625,2026-03-21 21:24:59.999000+00:00,8695474.9067,2340,40.891,2876325.94
2026-03-21 21:25:00+00:00,70336.5,70340.8,70323.1,70323.3,64.651,2026-03-21 21:29:59.999000+00:00,4546960.7107,1688,29.872,2100905.6582
2026-03-21 21:30:00+00:00,70323.3,70359.9,70323.1,70323.1,98.029,2026-03-21 21:34:59.999000+00:00,6895459.2612,2827,39.3,2764401.3605
2026-03-21 21:35:00+00:00,70323.1,70336.7,70319.4,70330.2,71.829,2026-03-21 21:39:59.999000+00:00,5051505.9455,1700,30.664,2156465.5167
2026-03-21 21:40:00+00:00,70330.3,70364.6,70303.2,70314.5,113.002,2026-03-21 21:44:59.999000+00:00,7948008.3878,4639,53.577,3768330.1217
2026-03-21 21:45:00+00:00,70314.4,70334.5,70301.7,70301.7,95.41,2026-03-21 21:49:59.999000+00:00,6709049.7813,2698,57.145,4018278.4319
2026-03-21 21:50:00+00:00,70301.7,70318.7,70231.7,70315.1,148.329,2026-03-21 21:54:59.999000+00:00,10424143.6328,5484,60.808,4273312.3258
2026-03-21 21:55:00+00:00,70315.1,70327.5,70290.7,70321.6,66.08,2026-03-21 21:59:59.999000+00:00,4646106.5672,2535,35.553,2499683.5808
2026-03-21 22:00:00+00:00,70321.5,70354.9,70231.8,70280.0,249.892,2026-03-21 22:04:59.999000+00:00,17561106.6126,7922,95.958,6744172.738
2026-03-21 22:05:00+00:00,70279.9,70313.6,70249.4,70249.5,64.938,2026-03-21 22:09:59.999000+00:00,4564076.98,3337,25.767,1811055.4603
2026-03-21 22:10:00+00:00,70249.5,70289.9,70249.4,70282.9,90.103,2026-03-21 22:14:59.999000+00:00,6332161.9588,3101,36.803,2586248.8299
2026-03-21 22:15:00+00:00,70282.9,70305.8,70266.6,70278.8,105.739,2026-03-21 22:19:59.999000+00:00,7432194.7607,3681,60.555,4256217.881
2026-03-21 22:20:00+00:00,70278.8,70278.9,70249.6,70254.0,107.436,2026-03-21 22:24:59.999000+00:00,7548808.3294,2473,38.447,2701233.9779
2026-03-21 22:25:00+00:00,70253.9,70271.6,70246.2,70256.5,59.927,2026-03-21 22:29:59.999000+00:00,4210187.8716,1874,35.153,2469701.3769
2026-03-21 22:30:00+00:00,70256.5,70320.5,70226.7,70304.5,121.885,2026-03-21 22:34:59.999000+00:00,8563422.4148,4283,61.422,4315983.916
2026-03-21 22:35:00+00:00,70304.6,70344.8,70296.8,70296.8,123.512,2026-03-21 22:39:59.999000+00:00,8686358.0758,3427,63.964,4498698.0363
2026-03-21 22:40:00+00:00,70296.8,70331.4,70273.9,70273.9,65.045,2026-03-21 22:44:59.999000+00:00,4573302.2207,2446,34.771,2444858.8276
2026-03-21 22:45:00+00:00,70273.9,70277.9,70230.9,70274.3,171.514,2026-03-21 22:49:59.999000+00:00,12049879.7633,4658,58.344,4099117.0556
2026-03-21 22:50:00+00:00,70274.2,70274.2,70240.0,70255.4,109.607,2026-03-21 22:54:59.999000+00:00,7700583.4616,2695,67.637,4751859.0932
2026-03-21 22:55:00+00:00,70255.4,70279.5,70253.2,70253.2,85.228,2026-03-21 22:59:59.999000+00:00,5988453.7748,2503,32.152,2259093.9787
2026-03-21 23:00:00+00:00,70253.2,70265.5,70177.0,70216.9,386.76,2026-03-21 23:04:59.999000+00:00,27155437.8013,8175,128.331,9009668.9655
2026-03-21 23:05:00+00:00,70217.0,70237.3,70189.5,70190.5,125.038,2026-03-21 23:09:59.999000+00:00,8778744.1668,4241,55.693,3910075.5097
2026-03-21 23:10:00+00:00,70190.4,70194.1,70080.0,70118.6,770.947,2026-03-21 23:14:59.999000+00:00,54059061.8019,14073,246.369,17274747.6998
2026-03-21 23:15:00+00:00,70118.6,70191.2,70092.1,70161.6,273.49,2026-03-21 23:19:59.999000+00:00,19183357.7187,5717,156.983,11011218.8394
2026-03-21 23:20:00+00:00,70161.6,70184.1,70125.0,70125.0,198.587,2026-03-21 23:24:59.999000+00:00,13931522.4559,5186,70.896,4973640.0397
2026-03-21 23:25:00+00:00,70125.0,70125.1,70085.2,70085.8,193.234,2026-03-21 23:29:59.999000+00:00,13546777.9314,3727,91.378,6406112.5051
2026-03-21 23:30:00+00:00,70085.8,70140.5,70070.0,70106.8,193.619,2026-03-21 23:34:59.999000+00:00,13572714.1398,4862,104.299,7311646.1077
2026-03-21 23:35:00+00:00,70106.9,70143.9,70106.9,70125.8,258.512,2026-03-21 23:39:59.999000+00:00,18129460.5516,4767,94.384,6618788.7408
2026-03-21 23:40:00+00:00,70125.7,70171.7,70120.0,70125.6,170.487,2026-03-21 23:44:59.999000+00:00,11958506.6514,5116,79.558,5580467.9831
2026-03-21 23:45:00+00:00,70125.6,70125.6,69534.2,69547.0,4044.073,2026-03-21 23:49:59.999000+00:00,282218479.1336,66147,1230.357,85855556.8823
2026-03-21 23:50:00+00:00,69547.0,69644.7,68853.3,69069.0,6303.666,2026-03-21 23:54:59.999000+00:00,436316352.0864,127962,2447.526,169466051.1204
2026-03-21 23:55:00+00:00,69069.0,69142.7,68511.3,68881.5,6030.334,2026-03-21 23:59:59.999000+00:00,414680277.2984,123515,2539.436,174686757.977
2026-03-22 00:00:00+00:00,68881.5,68883.9,68189.0,68408.0,5719.507,2026-03-22 00:04:59.999000+00:00,391329415.8869,120757,2408.296,164759222.138
2026-03-22 00:05:00+00:00,68408.0,68918.0,68325.5,68810.6,3144.361,2026-03-22 00:09:59.999000+00:00,215851180.187,68442,2075.317,142451778.7642
2026-03-22 00:10:00+00:00,68810.6,68893.8,68531.2,68652.2,1832.55,2026-03-22 00:14:59.999000+00:00,125910819.6346,41907,865.324,59452455.5553
2026-03-22 00:15:00+00:00,68652.2,69028.9,68614.2,68852.9,1817.95,2026-03-22 00:19:59.999000+00:00,125178603.382,47444,1060.214,72996598.334
2026-03-22 00:20:00+00:00,68852.9,68852.9,68685.4,68813.5,1272.109,2026-03-22 00:24:59.999000+00:00,87509566.68,29920,641.849,44152343.6036
2026-03-22 00:25:00+00:00,68813.6,68868.9,68704.5,68860.3,840.732,2026-03-22 00:29:59.999000+00:00,57823871.1203,23893,364.629,25081292.4918
2026-03-22 00:30:00+00:00,68860.3,69068.4,68860.3,69050.4,1298.962,2026-03-22 00:34:59.999000+00:00,89612318.4171,37512,771.825,53244382.0267
2026-03-22 00:35:00+00:00,69050.4,69122.5,68910.9,68922.7,972.508,2026-03-22 00:39:59.999000+00:00,67127529.4683,28771,496.476,34272043.8748
2026-03-22 00:40:00+00:00,68922.6,69067.6,68914.4,69027.2,766.747,2026-03-22 00:44:59.999000+00:00,52893242.3969,20230,324.685,22398716.1716
2026-03-22 00:45:00+00:00,69027.1,69100.0,68963.8,69000.0,375.527,2026-03-22 00:49:59.999000+00:00,25920920.96,13864,203.622,14055361.5464
2026-03-22 00:50:00+00:00,69000.1,69000.1,68728.8,68818.5,1145.399,2026-03-22 00:54:59.999000+00:00,78835208.7783,35556,470.74,32397446.7974
2026-03-22 00:55:00+00:00,68818.5,68921.6,68777.9,68904.5,441.575,2026-03-22 00:59:59.999000+00:00,30407000.2361,14066,224.888,15484853.2333
2026-03-22 01:00:00+00:00,68904.5,69065.7,68904.4,68987.8,599.03,2026-03-22 01:04:59.999000+00:00,41324250.5103,22827,345.187,23812175.5509
2026-03-22 01:05:00+00:00,68987.7,69019.9,68824.6,68824.6,413.56,2026-03-22 01:09:59.999000+00:00,28504449.189,15484,178.923,12332017.473
2026-03-22 01:10:00+00:00,68824.6,68933.4,68801.0,68933.3,340.092,2026-03-22 01:14:59.999000+00:00,23421073.7431,12028,193.209,13306261.5413
2026-03-22 01:15:00+00:00,68933.3,69053.4,68865.0,69011.9,419.411,2026-03-22 01:19:59.999000+00:00,28922254.777,15977,252.986,17446891.3263
2026-03-22 01:20:00+00:00,69011.8,69058.8,68968.2,69006.0,353.952,2026-03-22 01:24:59.999000+00:00,24430784.6583,12408,182.262,12580093.9112
2026-03-22 01:25:00+00:00,69005.9,69019.3,68946.3,68989.4,220.093,2026-03-22 01:29:59.999000+00:00,15182859.0775,7439,85.2,5876927.1162
2026-03-22 01:30:00+00:00,68989.4,69039.4,68930.8,68964.8,387.674,2026-03-22 01:34:59.999000+00:00,26750409.0453,13265,261.294,18030352.6336
2026-03-22 01:35:00+00:00,68964.9,68989.5,68713.5,68814.9,845.247,2026-03-22 01:39:59.999000+00:00,58164702.9255,20867,264.286,18185604.2984
2026-03-22 01:40:00+00:00,68815.0,68873.6,68778.6,68800.8,245.994,2026-03-22 01:44:59.999000+00:00,16929655.9224,8993,123.298,8485140.8141
2026-03-22 01:45:00+00:00,68800.7,68917.6,68800.7,68888.1,189.585,2026-03-22 01:49:59.999000+00:00,13055851.2141,8024,104.412,7190284.6386
2026-03-22 01:50:00+00:00,68888.1,68943.4,68870.0,68918.7,188.808,2026-03-22 01:54:59.999000+00:00,13010686.6475,7606,103.46,7129274.077
2026-03-22 01:55:00+00:00,68918.8,68950.0,68892.9,68926.1,288.406,2026-03-22 01:59:59.999000+00:00,19878517.2546,8563,162.24,11182232.6867
2026-03-22 02:00:00+00:00,68926.0,68984.0,68906.2,68970.2,363.7,2026-03-22 02:04:59.999000+00:00,25077720.7673,9995,189.246,13048154.913
2026-03-22 02:05:00+00:00,68970.3,69026.0,68927.0,68927.0,328.052,2026-03-22 02:09:59.999000+00:00,22631755.6141,11187,188.897,13032488.0934
2026-03-22 02:10:00+00:00,68927.1,69042.6,68899.9,69007.8,264.386,2026-03-22 02:14:59.999000+00:00,18234791.3623,9159,121.557,8384458.9881
2026-03-22 02:15:00+00:00,69007.8,69057.2,68970.0,68997.5,280.241,2026-03-22 02:19:59.999000+00:00,19337868.3838,7998,123.652,8533022.6435
2026-03-22 02:20:00+00:00,68997.4,69053.1,68930.0,69053.0,233.76,2026-03-22 02:24:59.999000+00:00,16127701.9057,7255,116.102,8011826.5096
2026-03-22 02:25:00+00:00,69053.1,69377.9,69037.8,69314.7,1979.825,2026-03-22 02:29:59.999000+00:00,137075414.7421,36711,1346.752,93238167.1391
2026-03-22 02:30:00+00:00,69314.7,69328.6,69184.9,69214.7,658.376,2026-03-22 02:34:59.999000+00:00,45586426.2395,18477,287.554,19910844.8426
2026-03-22 02:35:00+00:00,69214.8,69248.1,69164.4,69181.4,323.141,2026-03-22 02:39:59.999000+00:00,22365168.1424,10939,163.356,11307057.4387
2026-03-22 02:40:00+00:00,69181.3,69215.7,69158.7,69194.9,328.247,2026-03-22 02:44:59.999000+00:00,22710201.5713,8469,121.349,8395680.0507
2026-03-22 02:45:00+00:00,69194.8,69318.4,69160.1,69268.5,592.813,2026-03-22 02:49:59.999000+00:00,41055899.5135,12993,354.659,24559814.2383
2026-03-22 02:50:00+00:00,69268.4,69300.0,69207.6,69300.0,311.487,2026-03-22 02:54:59.999000+00:00,21574967.9979,8883,193.124,13377246.0296
2026-03-22 02:55:00+00:00,69300.0,69331.1,69230.9,69237.6,301.078,2026-03-22 02:59:59.999000+00:00,20860333.5022,8937,153.337,10624925.1005
2026-03-22 03:00:00+00:00,69237.5,69237.6,69080.3,69094.2,468.991,2026-03-22 03:04:59.999000+00:00,32428476.8633,12860,148.075,10237559.126
2026-03-22 03:05:00+00:00,69094.3,69211.8,69082.9,69180.1,363.951,2026-03-22 03:09:59.999000+00:00,25170507.0356,10415,221.632,15327864.7337
2026-03-22 03:10:00+00:00,69180.0,69307.6,69180.0,69269.1,224.89,2026-03-22 03:14:59.999000+00:00,15576353.1071,7846,105.769,7325317.2565
2026-03-22 03:15:00+00:00,69269.0,69319.8,69212.6,69278.6,185.054,2026-03-22 03:19:59.999000+00:00,12818680.8579,7678,93.87,6502920.3946
2026-03-22 03:20:00+00:00,69278.6,69300.0,69216.3,69272.0,191.846,2026-03-22 03:24:59.999000+00:00,13286039.9855,7805,95.814,6635544.2235
2026-03-22 03:25:00+00:00,69271.9,69529.7,69248.4,69400.1,1053.151,2026-03-22 03:29:59.999000+00:00,73118034.4912,25242,731.293,50774821.3754
2026-03-22 03:30:00+00:00,69400.0,69494.9,69309.8,69360.2,549.005,2026-03-22 03:34:59.999000+00:00,38098791.7554,16628,270.723,18790178.898
2026-03-22 03:35:00+00:00,69360.2,69555.8,69337.1,69383.8,1217.819,2026-03-22 03:39:59.999000+00:00,84578905.2774,30582,682.816,47425453.9331
2026-03-22 03:40:00+00:00,69383.8,69383.9,69266.7,69324.0,491.818,2026-03-22 03:44:59.999000+00:00,34090564.6567,11508,139.256,9652959.5904
2026-03-22 03:45:00+00:00,69324.0,69330.1,69256.1,69288.9,339.219,2026-03-22 03:49:59.999000+00:00,23500717.8717,9347,127.288,8818055.202
2026-03-22 03:50:00+00:00,69288.9,69313.0,69230.1,69281.5,280.677,2026-03-22 03:54:59.999000+00:00,19442431.9015,7351,143.134,9915462.7783
2026-03-22 03:55:00+00:00,69281.4,69337.9,69281.4,69307.0,273.042,2026-03-22 03:59:59.999000+00:00,18924680.0348,6247,167.099,11581650.4796
2026-03-22 04:00:00+00:00,69307.1,69393.6,69273.3,69357.0,462.124,2026-03-22 04:04:59.999000+00:00,32043200.5087,12278,302.036,20944200.0824
2026-03-22 04:05:00+00:00,69357.0,69450.0,69350.5,69402.9,383.101,2026-03-22 04:09:59.999000+00:00,26590022.123,11524,201.648,13995773.0073
2026-03-22 04:10:00+00:00,69402.9,69412.7,69340.0,69410.9,219.527,2026-03-22 04:14:59.999000+00:00,15230883.4169,6224,110.038,7634665.5617
2026-03-22 04:15:00+00:00,69411.0,69493.2,69361.5,69361.6,557.626,2026-03-22 04:19:59.999000+00:00,38715088.1118,14197,273.094,18962934.0128
2026-03-22 04:20:00+00:00,69361.5,69365.0,69192.0,69229.1,720.039,2026-03-22 04:24:59.999000+00:00,49856169.0986,16138,283.629,19636774.232
2026-03-22 04:25:00+00:00,69229.0,69244.6,69183.3,69229.8,333.773,2026-03-22 04:29:59.999000+00:00,23099890.7968,9635,127.946,8854793.4334
2026-03-22 04:30:00+00:00,69229.7,69328.1,69167.0,69310.8,612.21,2026-03-22 04:34:59.999000+00:00,42389506.174,15521,440.589,30507648.0387
2026-03-22 04:35:00+00:00,69310.7,69339.6,69286.9,69301.5,232.831,2026-03-22 04:39:59.999000+00:00,16137968.4852,8127,127.003,8802669.5741
2026-03-22 04:40:00+00:00,69301.4,69315.3,69275.4,69315.3,92.848,2026-03-22 04:44:59.999000+00:00,6433643.8531,3309,43.116,2987711.0407
2026-03-22 04:45:00+00:00,69315.3,69370.8,69274.7,69302.2,261.186,2026-03-22 04:49:59.999000+00:00,18107203.3359,8301,136.654,9474626.1022
2026-03-22 04:50:00+00:00,69302.2,69314.0,69263.6,69304.4,260.383,2026-03-22 04:54:59.999000+00:00,18042387.0613,7083,80.067,5547864.1158
2026-03-22 04:55:00+00:00,69304.5,69330.2,69285.2,69313.4,165.31,2026-03-22 04:59:59.999000+00:00,11457071.1408,5117,82.857,5742545.9429
2026-03-22 05:00:00+00:00,69313.3,69317.6,69200.0,69244.0,249.179,2026-03-22 05:04:59.999000+00:00,17255737.2341,8721,115.0,7963590.9794
2026-03-22 05:05:00+00:00,69243.9,69265.4,69183.0,69197.3,171.303,2026-03-22 05:09:59.999000+00:00,11858722.051,6108,60.177,4165613.1036
2026-03-22 05:10:00+00:00,69197.2,69246.0,69180.0,69200.1,245.641,2026-03-22 05:14:59.999000+00:00,16998859.8728,5494,82.103,5681803.1937
2026-03-22 05:15:00+00:00,69200.1,69237.5,69122.1,69198.6,370.296,2026-03-22 05:19:59.999000+00:00,25614445.3075,9040,157.336,10884331.9549
2026-03-22 05:20:00+00:00,69198.5,69204.9,69139.6,69139.9,160.403,2026-03-22 05:24:59.999000+00:00,11094957.3615,5032,79.347,5488285.9401
2026-03-22 05:25:00+00:00,69139.9,69193.8,69125.4,69138.1,161.634,2026-03-22 05:29:59.999000+00:00,11178238.9992,5249,70.943,4906298.3805
2026-03-22 05:30:00+00:00,69138.2,69200.0,69132.0,69132.0,187.057,2026-03-22 05:34:59.999000+00:00,12937951.5314,6467,74.497,5152512.4837
2026-03-22 05:35:00+00:00,69132.0,69150.0,69110.0,69150.0,244.928,2026-03-22 05:39:59.999000+00:00,16931678.4781,5020,93.183,6441914.5841
2026-03-22 05:40:00+00:00,69150.0,69184.8,69150.0,69165.0,131.332,2026-03-22 05:44:59.999000+00:00,9084371.3696,3799,68.906,4766190.7767
2026-03-22 05:45:00+00:00,69165.1,69220.0,69156.0,69176.2,145.958,2026-03-22 05:49:59.999000+00:00,10096950.3355,4860,77.385,5353247.1712
2026-03-22 05:50:00+00:00,69176.1,69187.7,69123.4,69124.5,154.742,2026-03-22 05:54:59.999000+00:00,10699172.2285,4816,61.826,4274881.2673
2026-03-22 05:55:00+00:00,69124.4,69140.6,69110.1,69116.4,231.023,2026-03-22 05:59:59.999000+00:00,15969404.8131,5129,91.795,6345351.0818
2026-03-22 06:00:00+00:00,69116.3,69140.0,69031.0,69113.7,590.102,2026-03-22 06:04:59.999000+00:00,40769678.8082,12001,195.5,13505710.326
2026-03-22 06:05:00+00:00,69113.6,69113.7,69025.6,69104.4,284.103,2026-03-22 06:09:59.999000+00:00,19618512.7001,6962,136.127,9400221.0263
2026-03-22 06:10:00+00:00,69104.3,69135.0,69088.4,69096.3,191.945,2026-03-22 06:14:59.999000+00:00,13264982.0775,6695,104.31,7208505.2733
2026-03-22 06:15:00+00:00,69096.3,69138.8,69051.7,69131.8,204.843,2026-03-22 06:19:59.999000+00:00,14155343.0451,6923,116.085,8022238.3823
2026-03-22 06:20:00+00:00,69131.8,69169.2,69087.8,69124.5,225.701,2026-03-22 06:24:59.999000+00:00,15603376.7504,6294,117.863,8148295.0159
2026-03-22 06:25:00+00:00,69124.5,69200.0,69108.8,69200.0,186.744,2026-03-22 06:29:59.999000+00:00,12913954.0185,6156,126.295,8733740.1131
2026-03-22 06:30:00+00:00,69199.9,69215.2,69135.5,69139.5,123.752,2026-03-22 06:34:59.999000+00:00,8560186.9895,5207,71.079,4916851.4589
2026-03-22 06:35:00+00:00,69139.5,69179.5,69139.5,69169.6,161.05,2026-03-22 06:39:59.999000+00:00,11137748.3964,5121,78.674,5440920.7132
2026-03-22 06:40:00+00:00,69169.6,69186.2,69157.1,69165.3,90.171,2026-03-22 06:44:59.999000+00:00,6237296.45,2657,65.21,4510650.7288
2026-03-22 06:45:00+00:00,69165.3,69166.9,69113.3,69121.1,103.569,2026-03-22 06:49:59.999000+00:00,7160690.9479,4545,31.334,2166451.8984
2026-03-22 06:50:00+00:00,69121.1,69169.6,69121.1,69130.9,90.164,2026-03-22 06:54:59.999000+00:00,6234458.6828,3884,43.783,3027444.0701
2026-03-22 06:55:00+00:00,69130.8,69134.5,69114.5,69126.9,108.664,2026-03-22 06:59:59.999000+00:00,7511264.2095,2560,63.627,4398053.0538
2026-03-22 07:00:00+00:00,69126.9,69192.9,69117.4,69170.1,204.035,2026-03-22 07:04:59.999000+00:00,14109067.1867,6146,134.077,9271203.7276
2026-03-22 07:05:00+00:00,69170.0,69219.4,69117.4,69117.4,183.887,2026-03-22 07:09:59.999000+00:00,12720780.4245,6201,80.422,5563625.6439
2026-03-22 07:10:00+00:00,69117.4,69154.0,69086.9,69118.4,234.041,2026-03-22 07:14:59.999000+00:00,16177660.5184,5113,44.678,3088624.4436
2026-03-22 07:15:00+00:00,69118.3,69149.9,69116.6,69122.6,93.794,2026-03-22 07:19:59.999000+00:00,6484051.4539,3613,48.474,3351124.8153
2026-03-22 07:20:00+00:00,69122.7,69164.2,69100.8,69138.0,154.111,2026-03-22 07:24:59.999000+00:00,10654369.7631,3702,102.214,7066939.4054
2026-03-22 07:25:00+00:00,69138.1,69169.9,69134.2,69146.3,92.324,2026-03-22 07:29:59.999000+00:00,6384485.683,2986,53.726,3715169.4232
2026-03-22 07:30:00+00:00,69146.4,69146.4,69044.5,69094.4,178.354,2026-03-22 07:34:59.999000+00:00,12322446.7961,6841,63.783,4406702.7373
2026-03-22 07:35:00+00:00,69094.5,69111.7,68932.2,68963.4,684.26,2026-03-22 07:39:59.999000+00:00,47228020.8098,12067,106.772,7372413.4692
2026-03-22 07:40:00+00:00,68963.4,69000.0,68872.3,68910.1,921.394,2026-03-22 07:44:59.999000+00:00,63523700.2604,18734,349.92,24124019.5459
2026-03-22 07:45:00+00:00,68910.0,69033.9,68874.7,69028.7,481.168,2026-03-22 07:49:59.999000+00:00,33180665.5652,11927,312.889,21579402.6919
2026-03-22 07:50:00+00:00,69028.7,69060.4,68952.6,68958.4,292.83,2026-03-22 07:54:59.999000+00:00,20206919.5381,7592,131.784,9094805.3894
2026-03-22 07:55:00+00:00,68958.4,68979.4,68846.4,68884.5,523.593,2026-03-22 07:59:59.999000+00:00,36083629.1309,9484,228.199,15729678.4339
2026-03-22 08:00:00+00:00,68884.5,68884.5,68666.0,68804.8,1756.953,2026-03-22 08:04:59.999000+00:00,120809871.0255,31482,769.338,52898065.9579
2026-03-22 08:05:00+00:00,68804.8,68890.9,68794.9,68850.0,615.915,2026-03-22 08:09:59.999000+00:00,42406447.2852,16782,290.949,20032096.1887
2026-03-22 08:10:00+00:00,68850.0,68950.0,68828.8,68950.0,385.03,2026-03-22 08:14:59.999000+00:00,26528778.246,10556,233.825,16111336.5837
2026-03-22 08:15:00+00:00,68949.9,68950.0,68779.0,68784.2,522.625,2026-03-22 08:19:59.999000+00:00,35989618.3126,12507,248.704,17126053.3284
2026-03-22 08:20:00+00:00,68784.1,68853.1,68690.1,68850.0,935.406,2026-03-22 08:24:59.999000+00:00,64316987.28,21461,340.338,23404022.5358
2026-03-22 08:25:00+00:00,68850.0,68897.6,68500.1,68581.1,1604.533,2026-03-22 08:29:59.999000+00:00,110131982.0186,36520,584.631,40118871.8096
2026-03-22 08:30:00+00:00,68581.0,68724.0,68566.8,68576.1,812.141,2026-03-22 08:34:59.999000+00:00,55738976.4805,20965,402.993,27662819.9747
2026-03-22 08:35:00+00:00,68576.1,68666.9,68523.0,68653.9,451.082,2026-03-22 08:39:59.999000+00:00,30946903.1289,12031,192.177,13186321.1166
2026-03-22 08:40:00+00:00,68653.8,68750.0,68643.8,68699.2,394.707,2026-03-22 08:44:59.999000+00:00,27120816.0521,10409,236.035,16218106.464
2026-03-22 08:45:00+00:00,68699.2,68760.9,68670.0,68730.0,282.881,2026-03-22 08:49:59.999000+00:00,19440444.7003,8340,159.164,10937715.6181
2026-03-22 08:50:00+00:00,68729.9,68730.0,68644.5,68696.9,246.414,2026-03-22 08:54:59.999000+00:00,16923477.3494,6809,128.386,8816818.6109
2026-03-22 08:55:00+00:00,68696.9,68788.0,68666.2,68756.7,302.355,2026-03-22 08:59:59.999000+00:00,20786992.9722,7181,188.112,12932602.834
2026-03-22 09:00:00+00:00,68756.6,68810.0,68717.8,68717.8,261.175,2026-03-22 09:04:59.999000+00:00,17961459.3197,8868,113.885,7832702.0059
2026-03-22 09:05:00+00:00,68717.8,68836.1,68711.9,68810.1,221.428,2026-03-22 09:09:59.999000+00:00,15231733.5095,7646,135.112,9294009.2755
2026-03-22 09:10:00+00:00,68810.1,68841.9,68770.0,68826.5,198.105,2026-03-22 09:14:59.999000+00:00,13632132.7783,6573,109.113,7508287.6961
2026-03-22 09:15:00+00:00,68826.5,68862.0,68615.1,68693.5,483.848,2026-03-22 09:19:59.999000+00:00,33252522.2104,16323,196.383,13497384.7243
2026-03-22 09:20:00+00:00,68693.5,68754.8,68600.1,68639.9,305.007,2026-03-22 09:24:59.999000+00:00,20948338.1495,8786,145.004,9958984.3325
2026-03-22 09:25:00+00:00,68640.0,68655.2,68536.7,68608.1,472.389,2026-03-22 09:29:59.999000+00:00,32403066.0942,14460,173.775,11920107.6276
2026-03-22 09:30:00+00:00,68608.1,68680.4,68600.0,68653.0,368.137,2026-03-22 09:34:59.999000+00:00,25266821.4322,9473,256.461,17602440.2839
2026-03-22 09:35:00+00:00,68652.9,68734.5,68652.9,68717.4,164.542,2026-03-22 09:39:59.999000+00:00,11304101.9842,6612,85.719,5889023.377
2026-03-22 09:40:00+00:00,68717.3,68788.9,68717.3,68737.7,343.082,2026-03-22 09:44:59.999000+00:00,23590308.02,8353,235.801,16213829.221
2026-03-22 09:45:00+00:00,68737.7,68768.8,68712.4,68741.8,211.228,2026-03-22 09:49:59.999000+00:00,14521310.0845,6406,90.618,6229407.6717
2026-03-22 09:50:00+00:00,68741.7,68790.3,68720.6,68789.6,147.563,2026-03-22 09:54:59.999000+00:00,10145666.0929,5976,71.786,4935962.5144
2026-03-22 09:55:00+00:00,68789.7,68807.5,68767.6,68780.1,151.107,2026-03-22 09:59:59.999000+00:00,10394377.8263,4645,85.451,5878082.6295
2026-03-22 10:00:00+00:00,68780.1,68798.0,68723.6,68793.0,149.28,2026-03-22 10:04:59.999000+00:00,10264733.8371,5860,77.192,5307794.4914
2026-03-22 10:05:00+00:00,68792.9,68809.5,68659.7,68662.6,304.203,2026-03-22 10:09:59.999000+00:00,20900453.0757,10230,112.204,7708908.9355
2026-03-22 10:10:00+00:00,68662.6,68705.4,68633.6,68701.6,145.152,2026-03-22 10:14:59.999000+00:00,9967071.903,5602,65.345,4487232.3364
2026-03-22 10:15:00+00:00,68701.6,68703.9,68612.7,68660.2,191.864,2026-03-22 10:19:59.999000+00:00,13174227.2795,7524,79.6,5465592.863
2026-03-22 10:20:00+00:00,68660.1,68695.7,68660.1,68690.9,86.866,2026-03-22 10:24:59.999000+00:00,5965850.9833,3709,49.23,3381053.3352
2026-03-22 10:25:00+00:00,68690.9,68691.0,68661.6,68688.9,99.337,2026-03-22 10:29:59.999000+00:00,6822210.4351,2951,51.901,3564456.1548
2026-03-22 10:30:00+00:00,68688.9,68730.2,68646.8,68650.0,141.931,2026-03-22 10:34:59.999000+00:00,9750338.0479,5651,73.995,5083635.2681
2026-03-22 10:35:00+00:00,68650.1,68654.4,68576.5,68602.5,269.518,2026-03-22 10:39:59.999000+00:00,18492647.0109,8564,104.978,7202721.2147
2026-03-22 10:40:00+00:00,68602.5,68619.5,68543.0,68574.7,327.07,2026-03-22 10:44:59.999000+00:00,22428466.5718,8404,158.771,10887376.7937
2026-03-22 10:45:00+00:00,68574.7,68629.2,68560.6,68560.6,302.076,2026-03-22 10:49:59.999000+00:00,20722754.4489,6605,199.432,13681549.6261
2026-03-22 10:50:00+00:00,68560.7,68607.1,68539.5,68595.1,208.636,2026-03-22 10:54:59.999000+00:00,14306146.4472,6213,92.648,6353133.3444
2026-03-22 10:55:00+00:00,68595.1,68644.2,68595.1,68601.1,147.595,2026-03-22 10:59:59.999000+00:00,10128519.8291,5156,75.737,5197027.4588
2026-03-22 11:00:00+00:00,68601.1,68617.7,68520.4,68582.0,283.76,2026-03-22 11:04:59.999000+00:00,19455689.4128,9359,94.151,6456061.7676
2026-03-22 11:05:00+00:00,68582.1,68649.0,68572.2,68635.0,148.18,2026-03-22 11:09:59.999000+00:00,10165730.0681,5456,89.091,6112150.2288
2026-03-22 11:10:00+00:00,68635.0,68650.0,68599.9,68614.3,167.802,2026-03-22 11:14:59.999000+00:00,11516114.4861,5451,90.67,6222838.3906
2026-03-22 11:15:00+00:00,68614.4,68632.3,68560.5,68560.5,307.363,2026-03-22 11:19:59.999000+00:00,21086377.2088,6191,193.59,13281915.8524
2026-03-22 11:20:00+00:00,68560.5,68640.0,68560.5,68588.0,215.535,2026-03-22 11:24:59.999000+00:00,14786554.8452,5870,135.332,9283749.8995
2026-03-22 11:25:00+00:00,68587.9,68588.0,68339.0,68374.1,1821.703,2026-03-22 11:29:59.999000+00:00,124612245.1352,36552,604.889,41374137.8188
2026-03-22 11:30:00+00:00,68374.1,68461.7,68346.7,68426.4,583.827,2026-03-22 11:34:59.999000+00:00,39933101.8925,15567,281.494,19255877.528
2026-03-22 11:35:00+00:00,68426.4,68475.6,68400.0,68462.6,272.476,2026-03-22 11:39:59.999000+00:00,18648715.3588,7621,134.964,9238138.1856
2026-03-22 11:40:00+00:00,68462.5,68469.9,68240.1,68365.0,1307.351,2026-03-22 11:44:59.999000+00:00,89303432.345,34242,532.688,36390783.5095
2026-03-22 11:45:00+00:00,68365.0,68383.4,68229.5,68270.1,629.495,2026-03-22 11:49:59.999000+00:00,42986647.0137,16700,215.646,14727355.7915
2026-03-22 11:50:00+00:00,68270.1,68316.6,68030.0,68285.6,2072.758,2026-03-22 11:54:59.999000+00:00,141310644.3851,40166,840.088,57280694.0731
2026-03-22 11:55:00+00:00,68285.5,68285.5,68153.4,68177.0,580.4,2026-03-22 11:59:59.999000+00:00,39582839.3754,15040,247.551,16883027.7869
2026-03-22 12:00:00+00:00,68177.0,68274.4,68153.1,68177.2,634.387,2026-03-22 12:04:59.999000+00:00,43275710.6176,16705,334.838,22841850.3926
2026-03-22 12:05:00+00:00,68177.2,68274.7,68177.1,68271.9,398.06,2026-03-22 12:09:59.999000+00:00,27157225.0434,13174,236.958,16166607.5809
2026-03-22 12:10:00+00:00,68271.9,68300.0,68253.5,68271.9,365.863,2026-03-22 12:14:59.999000+00:00,24980105.192,10643,187.838,12825041.8251
2026-03-22 12:15:00+00:00,68271.9,68498.0,68270.1,68467.0,2045.242,2026-03-22 12:19:59.999000+00:00,139912869.4231,22878,1005.339,68761287.2553
2026-03-22 12:20:00+00:00,68467.0,68614.1,68415.1,68590.4,1135.342,2026-03-22 12:24:59.999000+00:00,77796466.6632,23570,632.288,43329659.1056
2026-03-22 12:25:00+00:00,68590.4,68740.5,68546.8,68614.7,996.477,2026-03-22 12:29:59.999000+00:00,68388138.4194,21960,616.825,42336403.4673
2026-03-22 12:30:00+00:00,68614.7,68635.5,68570.0,68597.4,383.741,2026-03-22 12:34:59.999000+00:00,26324966.842,11010,155.729,10682937.981
2026-03-22 12:35:00+00:00,68597.3,68602.8,68550.0,68550.0,212.346,2026-03-22 12:39:59.999000+00:00,14559631.1688,6505,76.226,5226424.3332
2026-03-22 12:40:00+00:00,68550.0,68597.0,68550.0,68567.6,201.002,2026-03-22 12:44:59.999000+00:00,13784245.0889,5229,109.363,7499778.3486
2026-03-22 12:45:00+00:00,68567.6,68662.4,68521.1,68524.9,364.747,2026-03-22 12:49:59.999000+00:00,25018030.8103,11310,194.387,13334633.6783
2026-03-22 12:50:00+00:00,68524.9,68602.1,68521.9,68597.8,325.521,2026-03-22 12:54:59.999000+00:00,22318276.8679,11606,173.11,11868759.3169
2026-03-22 12:55:00+00:00,68597.7,68646.1,68595.0,68614.5,216.245,2026-03-22 12:59:59.999000+00:00,14838945.6859,7072,118.25,8114745.798
2026-03-22 13:00:00+00:00,68614.4,68932.8,68614.4,68787.9,1678.001,2026-03-22 13:04:59.999000+00:00,115462059.0603,37913,1067.197,73430186.5258
2026-03-22 13:05:00+00:00,68787.9,68851.2,68737.6,68791.2,473.334,2026-03-22 13:09:59.999000+00:00,32559756.0493,11870,268.04,18436430.1806
2026-03-22 13:10:00+00:00,68791.2,68838.0,68737.0,68770.2,355.514,2026-03-22 13:14:59.999000+00:00,24452839.5324,9953,168.966,11621808.8806
2026-03-22 13:15:00+00:00,68770.1,68781.9,68717.0,68751.9,290.602,2026-03-22 13:19:59.999000+00:00,19979188.9425,8155,92.01,6325353.8638
2026-03-22 13:20:00+00:00,68752.0,68827.7,68711.2,68749.2,351.892,2026-03-22 13:24:59.999000+00:00,24202928.352,9153,178.713,12292706.0996
2026-03-22 13:25:00+00:00,68749.2,68791.9,68716.2,68764.2,273.989,2026-03-22 13:29:59.999000+00:00,18838503.6612,6622,132.265,9094705.9292
2026-03-22 13:30:00+00:00,68764.3,68814.6,68638.6,68647.7,390.015,2026-03-22 13:34:59.999000+00:00,26795976.1009,12848,154.236,10598003.9512
2026-03-22 13:35:00+00:00,68647.6,68670.1,68560.0,68616.9,438.205,2026-03-22 13:39:59.999000+00:00,30064303.2731,12008,193.681,13288413.0256
2026-03-22 13:40:00+00:00,68616.8,68641.3,68500.9,68593.0,581.106,2026-03-22 13:44:59.999000+00:00,39835845.1605,14732,269.237,18456659.3152
2026-03-22 13:45:00+00:00,68593.0,68649.0,68550.0,68625.4,271.682,2026-03-22 13:49:59.999000+00:00,18636327.617,9198,124.088,8512649.4336
2026-03-22 13:50:00+00:00,68625.4,68721.7,68587.8,68713.1,311.528,2026-03-22 13:54:59.999000+00:00,21384721.4858,8674,151.91,10429771.9218
2026-03-22 13:55:00+00:00,68713.1,68720.0,68653.0,68660.3,275.611,2026-03-22 13:59:59.999000+00:00,18932974.6922,7188,109.233,7503442.2926
2026-03-22 14:00:00+00:00,68660.4,68729.8,68501.0,68582.7,510.793,2026-03-22 14:04:59.999000+00:00,35048510.0,17111,225.825,15493355.9583
2026-03-22 14:05:00+00:00,68582.6,68653.0,68557.4,68652.9,190.911,2026-03-22 14:09:59.999000+00:00,13095608.3304,8135,112.65,7727668.0872
2026-03-22 14:10:00+00:00,68652.9,68786.2,68652.9,68744.1,299.778,2026-03-22 14:14:59.999000+00:00,20601701.213,9852,170.932,11746764.5679
2026-03-22 14:15:00+00:00,68744.1,68747.0,68700.0,68716.1,215.835,2026-03-22 14:19:59.999000+00:00,14833697.301,6368,95.707,6577427.5848
2026-03-22 14:20:00+00:00,68716.1,68878.2,68677.8,68814.8,639.194,2026-03-22 14:24:59.999000+00:00,43968212.5729,15342,419.944,28885293.5816
2026-03-22 14:25:00+00:00,68814.7,68818.4,68730.1,68805.5,247.773,2026-03-22 14:29:59.999000+00:00,17040143.0482,8143,139.131,9567879.7798
2026-03-22 14:30:00+00:00,68805.5,68820.0,68737.3,68769.2,210.74,2026-03-22 14:34:59.999000+00:00,14496568.6658,7006,71.989,4952238.0187
2026-03-22 14:35:00+00:00,68769.2,68888.0,68765.3,68822.8,274.959,2026-03-22 14:39:59.999000+00:00,18924573.4987,8173,176.202,12127657.382
2026-03-22 14:40:00+00:00,68822.8,68842.0,68780.5,68800.7,317.866,2026-03-22 14:44:59.999000+00:00,21873800.4551,8483,151.116,10398883.0529
2026-03-22 14:45:00+00:00,68800.6,68800.6,68654.3,68684.8,252.386,2026-03-22 14:49:59.999000+00:00,17346920.7884,8722,69.328,4765323.7426
2026-03-22 14:50:00+00:00,68684.8,68709.9,68630.6,68661.1,199.891,2026-03-22 14:54:59.999000+00:00,13727614.2054,6310,92.308,6339219.5703
2026-03-22 14:55:00+00:00,68661.1,68687.9,68600.7,68675.5,248.889,2026-03-22 14:59:59.999000+00:00,17085395.301,7973,145.259,9971644.7775
2026-03-22 15:00:00+00:00,68675.5,68785.4,68675.4,68750.3,240.915,2026-03-22 15:04:59.999000+00:00,16561377.1877,9159,130.413,8964353.9282
2026-03-22 15:05:00+00:00,68750.1,68888.0,68750.0,68818.0,640.018,2026-03-22 15:09:59.999000+00:00,44057372.819,16022,455.415,31347211.2344
2026-03-22 15:10:00+00:00,68818.1,68907.9,68809.4,68863.5,328.22,2026-03-22 15:14:59.999000+00:00,22602508.6687,8298,201.21,13855952.1212
2026-03-22 15:15:00+00:00,68863.6,69000.0,68792.7,68847.2,918.43,2026-03-22 15:19:59.999000+00:00,63285850.8118,21321,600.173,41360885.9096
2026-03-22 15:20:00+00:00,68847.1,68922.0,68766.0,68825.3,311.189,2026-03-22 15:24:59.999000+00:00,21422753.6832,11292,165.013,11360740.1258
2026-03-22 15:25:00+00:00,68825.3,68864.6,68799.5,68861.0,164.891,2026-03-22 15:29:59.999000+00:00,11350263.8086,5806,84.402,5810017.2859
2026-03-22 15:30:00+00:00,68861.1,68873.2,68801.1,68807.8,197.932,2026-03-22 15:34:59.999000+00:00,13625300.0007,6251,72.472,4988709.5256
2026-03-22 15:35:00+00:00,68807.9,68807.9,68670.0,68708.0,398.432,2026-03-22 15:39:59.999000+00:00,27383952.1511,10516,115.749,7954342.9385
2026-03-22 15:40:00+00:00,68708.0,68777.1,68673.4,68771.1,257.119,2026-03-22 15:44:59.999000+00:00,17668677.453,6955,145.881,10025557.2127
2026-03-22 15:45:00+00:00,68771.1,68784.8,68713.0,68760.8,123.127,2026-03-22 15:49:59.999000+00:00,8465328.846,4786,55.212,3795989.2056
2026-03-22 15:50:00+00:00,68760.8,68826.8,68731.3,68776.1,166.611,2026-03-22 15:54:59.999000+00:00,11459780.8103,7698,92.811,6383940.154
2026-03-22 15:55:00+00:00,68776.1,68821.2,68776.0,68814.9,184.351,2026-03-22 15:59:59.999000+00:00,12682534.1738,4573,96.745,6655617.4684
2026-03-22 16:00:00+00:00,68814.9,68852.3,68755.8,68796.7,224.088,2026-03-22 16:04:59.999000+00:00,15419281.5502,8300,114.016,7846063.6601
2026-03-22 16:05:00+00:00,68796.7,68812.9,68735.0,68736.2,197.098,2026-03-22 16:09:59.999000+00:00,13555879.2758,7505,79.741,5484753.742
2026-03-22 16:10:00+00:00,68736.1,68796.8,68724.4,68754.6,102.297,2026-03-22 16:14:59.999000+00:00,7033703.1214,5062,41.237,2835228.9726
2026-03-22 16:15:00+00:00,68754.6,68779.9,68693.9,68729.6,172.934,2026-03-22 16:19:59.999000+00:00,11887650.5966,7800,54.094,3718558.6997
2026-03-22 16:20:00+00:00,68729.6,68739.2,68684.6,68700.1,135.673,2026-03-22 16:24:59.999000+00:00,9322242.5629,5643,53.387,3668308.2721
2026-03-22 16:25:00+00:00,68700.1,68700.2,68633.9,68673.7,285.66,2026-03-22 16:29:59.999000+00:00,19617000.9997,7914,78.553,5394404.0573
2026-03-22 16:30:00+00:00,68673.8,68725.9,68627.9,68682.4,153.821,2026-03-22 16:34:59.999000+00:00,10562773.8254,6910,92.427,6346939.333
2026-03-22 16:35:00+00:00,68682.4,68743.6,68676.9,68702.8,106.361,2026-03-22 16:39:59.999000+00:00,7308262.3089,4771,56.584,3887828.473
2026-03-22 16:40:00+00:00,68702.9,68702.9,68642.7,68695.5,94.33,2026-03-22 16:44:59.999000+00:00,6478382.8864,4506,44.845,3079853.5977
2026-03-22 16:45:00+00:00,68695.5,68779.7,68695.5,68776.6,100.786,2026-03-22 16:49:59.999000+00:00,6927826.4706,4684,61.733,4243718.0165
2026-03-22 16:50:00+00:00,68776.5,68798.8,68768.7,68789.0,302.461,2026-03-22 16:54:59.999000+00:00,20804019.3968,4935,227.608,15655068.6068
2026-03-22 16:55:00+00:00,68789.0,68818.5,68761.8,68761.9,92.604,2026-03-22 16:59:59.999000+00:00,6370452.6113,3371,58.559,4028593.1272
2026-03-22 17:00:00+00:00,68761.8,68779.1,68694.4,68773.0,186.427,2026-03-22 17:04:59.999000+00:00,12814119.8207,7071,57.46,3949701.8554
2026-03-22 17:05:00+00:00,68772.9,68797.3,68750.0,68793.7,87.926,2026-03-22 17:09:59.999000+00:00,6047444.9333,3964,38.391,2640507.0803
2026-03-22 17:10:00+00:00,68793.6,68800.0,68770.3,68787.3,90.464,2026-03-22 17:14:59.999000+00:00,6222678.3136,3837,59.133,4067402.4088
2026-03-22 17:15:00+00:00,68787.4,68799.4,68744.2,68767.2,102.984,2026-03-22 17:19:59.999000+00:00,7082191.4764,4951,46.485,3196704.0999
2026-03-22 17:20:00+00:00,68767.2,68820.0,68738.0,68741.6,192.567,2026-03-22 17:24:59.999000+00:00,13245717.8234,7538,82.44,5670799.8995
2026-03-22 17:25:00+00:00,68741.6,68807.6,68718.5,68779.1,112.545,2026-03-22 17:29:59.999000+00:00,7739176.2006,5434,57.654,3964617.1791
2026-03-22 17:30:00+00:00,68779.2,68797.1,68725.0,68764.0,96.352,2026-03-22 17:34:59.999000+00:00,6626090.1233,4847,43.934,3020978.2358
2026-03-22 17:35:00+00:00,68764.1,68764.1,68642.3,68658.9,220.371,2026-03-22 17:39:59.999000+00:00,15136758.9953,8501,72.67,4991193.7634
2026-03-22 17:40:00+00:00,68658.9,68677.7,68635.0,68640.1,145.605,2026-03-22 17:44:59.999000+00:00,9996383.9295,5590,57.994,3981614.1451
2026-03-22 17:45:00+00:00,68640.0,68708.4,68639.9,68645.6,189.53,2026-03-22 17:49:59.999000+00:00,13015533.1025,5668,98.818,6786318.624
2026-03-22 17:50:00+00:00,68645.6,68698.6,68645.5,68674.1,97.504,2026-03-22 17:54:59.999000+00:00,6695898.6076,4316,66.354,4556747.4355
2026-03-22 17:55:00+00:00,68674.1,68706.5,68635.0,68635.0,169.832,2026-03-22 17:59:59.999000+00:00,11664753.1947,4884,59.596,4093694.9621
2026-03-22 18:00:00+00:00,68635.0,68635.8,68550.3,68600.0,384.626,2026-03-22 18:04:59.999000+00:00,26381949.6197,11941,167.706,11502876.7037
2026-03-22 18:05:00+00:00,68599.9,68667.5,68599.9,68661.1,108.106,2026-03-22 18:09:59.999000+00:00,7419960.4301,4934,65.394,4488173.9588
2026-03-22 18:10:00+00:00,68661.0,68690.4,68654.3,68690.4,82.283,2026-03-22 18:14:59.999000+00:00,5650411.1285,3010,55.843,3834835.3573
2026-03-22 18:15:00+00:00,68690.4,68698.0,68656.0,68681.1,74.051,2026-03-22 18:19:59.999000+00:00,5085476.9902,4353,39.949,2743484.8271
2026-03-22 18:20:00+00:00,68681.1,68689.1,68630.3,68641.6,80.382,2026-03-22 18:24:59.999000+00:00,5518325.5625,3956,38.572,2647847.6327
2026-03-22 18:25:00+00:00,68641.6,68661.3,68625.0,68661.0,75.115,2026-03-22 18:29:59.999000+00:00,5156804.7692,2719,39.857,2736273.801
2026-03-22 18:30:00+00:00,68660.9,68712.0,68430.3,68478.3,625.961,2026-03-22 18:34:59.999000+00:00,42912338.5099,16488,195.6,13414348.8998
2026-03-22 18:35:00+00:00,68478.2,68532.7,68300.1,68426.2,1144.924,2026-03-22 18:39:59.999000+00:00,78326572.9422,35009,507.377,34715642.783
2026-03-22 18:40:00+00:00,68426.1,68496.0,68407.0,68431.4,310.736,2026-03-22 18:44:59.999000+00:00,21273375.3874,8521,167.23,11449437.1885
2026-03-22 18:45:00+00:00,68431.4,68518.4,68402.6,68509.2,186.549,2026-03-22 18:49:59.999000+00:00,12772547.5383,7560,103.304,7073375.2225
2026-03-22 18:50:00+00:00,68509.1,68557.3,68489.3,68492.0,161.275,2026-03-22 18:54:59.999000+00:00,11050965.6972,6422,95.587,6550155.9879
2026-03-22 18:55:00+00:00,68492.0,68588.0,68492.0,68580.3,240.243,2026-03-22 18:59:59.999000+00:00,16468051.4832,5554,113.654,7790358.0872
2026-03-22 19:00:00+00:00,68580.2,68595.9,68380.2,68431.7,246.066,2026-03-22 19:04:59.999000+00:00,16853451.4876,11294,95.01,6509150.2433
2026-03-22 19:05:00+00:00,68431.7,68487.6,68424.1,68470.0,184.292,2026-03-22 19:09:59.999000+00:00,12616004.0224,6669,116.624,7983262.4618
2026-03-22 19:10:00+00:00,68470.0,68486.5,68241.5,68297.9,772.662,2026-03-22 19:14:59.999000+00:00,52804209.4615,18709,253.208,17303465.2296
2026-03-22 19:15:00+00:00,68297.9,68349.0,68266.6,68339.9,306.143,2026-03-22 19:19:59.999000+00:00,20914829.7218,10745,170.634,11657127.5281
2026-03-22 19:20:00+00:00,68339.9,68361.9,68287.5,68334.7,259.431,2026-03-22 19:24:59.999000+00:00,17727700.2329,8256,137.959,9427190.0776
2026-03-22 19:25:00+00:00,68334.7,68342.5,68242.8,68246.5,183.177,2026-03-22 19:29:59.999000+00:00,12512872.3549,6728,77.385,5286495.4098
2026-03-22 19:30:00+00:00,68246.4,68293.6,68181.0,68291.2,622.143,2026-03-22 19:34:59.999000+00:00,42444497.874,17102,269.919,18415194.8958
2026-03-22 19:35:00+00:00,68291.1,68357.7,68291.1,68344.9,252.73,2026-03-22 19:39:59.999000+00:00,17269517.1219,8640,153.843,10512037.5751
2026-03-22 19:40:00+00:00,68344.9,68389.1,68330.0,68355.8,121.882,2026-03-22 19:44:59.999000+00:00,8331698.7843,5203,67.868,4639403.2226
2026-03-22 19:45:00+00:00,68355.8,68373.8,68108.0,68126.2,739.0,2026-03-22 19:49:59.999000+00:00,50397533.9642,17250,296.666,20227587.3465
2026-03-22 19:50:00+00:00,68126.3,68217.6,68126.3,68180.9,313.952,2026-03-22 19:54:59.999000+00:00,21401974.0799,10798,186.832,12736036.5861
2026-03-22 19:55:00+00:00,68180.9,68200.0,68147.0,68170.6,200.036,2026-03-22 19:59:59.999000+00:00,13635739.1625,6699,118.923,8106418.512
2026-03-22 20:00:00+00:00,68170.6,68304.7,68170.6,68269.4,329.983,2026-03-22 20:04:59.999000+00:00,22523085.0138,11209,219.723,14996752.6683
2026-03-22 20:05:00+00:00,68269.3,68305.0,68247.4,68293.0,160.442,2026-03-22 20:09:59.999000+00:00,10954376.2088,6264,76.095,5195536.1171
2026-03-22 20:10:00+00:00,68293.1,68336.3,68251.8,68299.6,466.374,2026-03-22 20:14:59.999000+00:00,31851378.4356,10531,353.593,24148868.1569
2026-03-22 20:15:00+00:00,68299.7,68375.5,68299.6,68375.5,259.452,2026-03-22 20:19:59.999000+00:00,17732445.0941,6685,107.981,7379785.0845
2026-03-22 20:20:00+00:00,68375.5,68470.6,68352.8,68364.8,301.029,2026-03-22 20:24:59.999000+00:00,20593727.0629,10576,180.348,12337701.3109
2026-03-22 20:25:00+00:00,68364.7,68364.7,68242.0,68288.2,297.603,2026-03-22 20:29:59.999000+00:00,20322422.8501,8682,134.126,9158531.5674
2026-03-22 20:30:00+00:00,68288.3,68310.2,68270.0,68270.0,103.418,2026-03-22 20:34:59.999000+00:00,7062253.8065,4534,63.46,4333680.443
2026-03-22 20:35:00+00:00,68270.1,68270.1,68150.6,68199.2,275.181,2026-03-22 20:39:59.999000+00:00,18772292.9294,9961,111.807,7626761.6101
2026-03-22 20:40:00+00:00,68199.2,68338.5,68199.2,68330.6,142.78,2026-03-22 20:44:59.999000+00:00,9750735.0379,6368,92.709,6330781.453
2026-03-22 20:45:00+00:00,68330.5,68330.5,68267.2,68285.0,209.695,2026-03-22 20:49:59.999000+00:00,14320470.5449,7415,55.137,3765259.5986
2026-03-22 20:50:00+00:00,68285.0,68291.6,68044.4,68168.2,801.179,2026-03-22 20:54:59.999000+00:00,54573799.3804,19366,295.549,20131442.6201
2026-03-22 20:55:00+00:00,68168.2,68180.0,68108.6,68134.9,220.456,2026-03-22 20:59:59.999000+00:00,15023679.3129,7845,112.815,7688386.7406
2026-03-22 21:00:00+00:00,68135.0,68196.9,68048.3,68057.5,270.803,2026-03-22 21:04:59.999000+00:00,18447896.7357,11484,109.865,7485879.5613
2026-03-22 21:05:00+00:00,68057.5,68057.6,67523.0,67817.0,5901.583,2026-03-22 21:09:59.999000+00:00,399990319.9157,100547,2282.559,154668427.4137
2026-03-22 21:10:00+00:00,67816.9,67833.8,67656.9,67751.6,805.77,2026-03-22 21:14:59.999000+00:00,54580607.3005,24112,523.785,35480510.7327
2026-03-22 21:15:00+00:00,67751.5,67763.4,67320.0,67376.8,3082.285,2026-03-22 21:19:59.999000+00:00,208055640.3584,52692,1451.201,97972000.5211
2026-03-22 21:20:00+00:00,67376.8,67643.4,67300.0,67630.8,1477.241,2026-03-22 21:24:59.999000+00:00,99639226.23,32904,860.914,58076519.833
2026-03-22 21:25:00+00:00,67630.8,67830.6,67563.3,67761.6,836.786,2026-03-22 21:29:59.999000+00:00,56659025.5716,19092,565.016,38254711.8258
2026-03-22 21:30:00+00:00,67761.6,67792.4,67657.8,67691.8,522.808,2026-03-22 21:34:59.999000+00:00,35402715.4969,14311,294.583,19948117.8934
2026-03-22 21:35:00+00:00,67691.8,67908.4,67634.2,67900.1,647.996,2026-03-22 21:39:59.999000+00:00,43945961.9701,15995,409.638,27781233.5
2026-03-22 21:40:00+00:00,67900.1,67950.0,67802.1,67839.2,397.779,2026-03-22 21:44:59.999000+00:00,26996951.5514,13075,210.749,14304419.4502
2026-03-22 21:45:00+00:00,67839.2,67872.4,67717.4,67824.9,438.536,2026-03-22 21:49:59.999000+00:00,29730933.744,17793,223.085,15125133.7026
2026-03-22 21:50:00+00:00,67824.9,67854.9,67770.1,67813.0,204.434,2026-03-22 21:54:59.999000+00:00,13863275.6187,9736,97.055,6581717.3925
2026-03-22 21:55:00+00:00,67813.1,67864.5,67724.3,67864.4,215.549,2026-03-22 21:59:59.999000+00:00,14613059.0356,10902,107.845,7311984.4346
2026-03-22 22:00:00+00:00,67864.5,67915.0,67528.3,67885.8,1490.902,2026-03-22 22:04:59.999000+00:00,100943499.7963,48301,695.696,47114797.679
2026-03-22 22:05:00+00:00,67885.8,68088.7,67784.7,68088.1,1054.668,2026-03-22 22:09:59.999000+00:00,71674488.1409,33114,580.764,39472130.1964
2026-03-22 22:10:00+00:00,68088.4,68099.8,67829.0,67870.2,810.565,2026-03-22 22:14:59.999000+00:00,55081684.5765,27430,338.075,22970819.8797
2026-03-22 22:15:00+00:00,67870.1,68037.2,67820.0,67942.0,518.16,2026-03-22 22:19:59.999000+00:00,35198949.5088,20851,289.169,19644107.3247
2026-03-22 22:20:00+00:00,67942.0,68218.0,67900.0,68186.1,992.327,2026-03-22 22:24:59.999000+00:00,67578004.5405,30207,610.923,41603356.2107
2026-03-22 22:25:00+00:00,68186.1,68336.4,68113.4,68218.0,725.326,2026-03-22 22:29:59.999000+00:00,49482724.2343,24823,383.845,26188080.4335
2026-03-22 22:30:00+00:00,68218.0,68300.0,68164.0,68173.7,525.764,2026-03-22 22:34:59.999000+00:00,35876649.1201,18626,187.857,12819249.4877
2026-03-22 22:35:00+00:00,68173.8,68280.0,68101.4,68212.0,551.267,2026-03-22 22:39:59.999000+00:00,37581267.9857,17551,238.94,16290514.9701
2026-03-22 22:40:00+00:00,68211.9,68221.0,68065.0,68096.8,459.52,2026-03-22 22:44:59.999000+00:00,31321135.6654,10204,140.418,9567029.6647
2026-03-22 22:45:00+00:00,68096.7,68245.0,68096.7,68238.0,304.349,2026-03-22 22:49:59.999000+00:00,20745756.1002,11228,199.528,13600262.378
2026-03-22 22:50:00+00:00,68238.1,68376.9,68210.2,68238.3,429.293,2026-03-22 22:54:59.999000+00:00,29316637.9329,15655,260.413,17784150.6023
2026-03-22 22:55:00+00:00,68238.2,68321.5,68238.2,68301.5,251.603,2026-03-22 22:59:59.999000+00:00,17178174.572,11104,165.997,11333126.9141
2026-03-22 23:00:00+00:00,68301.5,68384.9,68222.6,68329.9,540.669,2026-03-22 23:04:59.999000+00:00,36926572.0172,20056,258.338,17644659.5461
2026-03-22 23:05:00+00:00,68329.9,68363.9,68160.8,68244.7,394.184,2026-03-22 23:09:59.999000+00:00,26906543.7784,14540,190.845,13028586.2856
2026-03-22 23:10:00+00:00,68244.8,68434.3,68238.2,68293.5,610.432,2026-03-22 23:14:59.999000+00:00,41726387.2569,18787,382.411,26144845.1942
2026-03-22 23:15:00+00:00,68293.4,68313.5,68168.0,68196.8,485.351,2026-03-22 23:19:59.999000+00:00,33123625.4124,14830,199.118,13589913.6668
2026-03-22 23:20:00+00:00,68196.8,68196.8,68094.1,68141.0,287.546,2026-03-22 23:24:59.999000+00:00,19593213.8367,12802,118.944,8104852.2166
2026-03-22 23:25:00+00:00,68141.1,68162.5,68064.5,68071.2,309.423,2026-03-22 23:29:59.999000+00:00,21073175.4124,10045,114.054,7767476.897
2026-03-22 23:30:00+00:00,68071.2,68137.2,67949.3,67983.3,444.548,2026-03-22 23:34:59.999000+00:00,30237779.6091,15691,184.779,12570058.7595
2026-03-22 23:35:00+00:00,67983.2,68065.9,67983.2,68033.7,319.795,2026-03-22 23:39:59.999000+00:00,21753526.6356,11376,166.291,11311405.3475
2026-03-22 23:40:00+00:00,68033.7,68125.5,67996.7,68093.2,232.151,2026-03-22 23:44:59.999000+00:00,15804049.7166,10391,152.261,10365877.6621
2026-03-22 23:45:00+00:00,68093.2,68113.9,67903.9,67909.8,634.134,2026-03-22 23:49:59.999000+00:00,43125250.649,22603,234.081,15922074.0613
2026-03-22 23:50:00+00:00,67909.7,67929.4,67804.1,67838.0,650.456,2026-03-22 23:54:59.999000+00:00,44137764.2537,19214,259.831,17630615.0728
2026-03-22 23:55:00+00:00,67837.9,67864.7,67812.5,67830.6,357.05,2026-03-22 23:59:59.999000+00:00,24221874.0346,9260,167.869,11388142.691
2026-03-23 00:00:00+00:00,67830.7,68000.0,67830.7,67927.3,882.485,2026-03-23 00:04:59.999000+00:00,59930804.5995,28739,604.218,41033332.2493
2026-03-23 00:05:00+00:00,67927.2,68017.9,67736.0,67931.8,531.881,2026-03-23 00:09:59.999000+00:00,36099129.9808,25300,280.303,19031357.0137
2026-03-23 00:10:00+00:00,67931.9,68093.9,67898.4,67924.3,636.097,2026-03-23 00:14:59.999000+00:00,43258228.8159,19964,385.25,26197912.3914
2026-03-23 00:15:00+00:00,67924.4,67953.8,67765.0,67862.0,552.836,2026-03-23 00:19:59.999000+00:00,37512476.7509,26064,309.773,21018099.3818
2026-03-23 00:20:00+00:00,67861.9,68013.4,67821.2,68008.6,384.638,2026-03-23 00:24:59.999000+00:00,26129913.1063,17572,226.828,15410575.109
2026-03-23 00:25:00+00:00,68008.6,68130.6,67941.7,67965.5,668.614,2026-03-23 00:29:59.999000+00:00,45493106.3843,21894,337.676,22974784.0197
2026-03-23 00:30:00+00:00,67965.5,67972.8,67764.1,67795.2,516.356,2026-03-23 00:34:59.999000+00:00,35033301.3062,22321,218.408,14819186.2282
2026-03-23 00:35:00+00:00,67795.2,67807.8,67564.8,67570.0,1193.04,2026-03-23 00:39:59.999000+00:00,80720888.4148,41465,437.748,29615638.3053
2026-03-23 00:40:00+00:00,67570.1,67708.5,67400.1,67650.9,1866.862,2026-03-23 00:44:59.999000+00:00,126025241.1102,42992,968.003,65343299.7241
2026-03-23 00:45:00+00:00,67651.0,67737.4,67627.0,67737.4,492.569,2026-03-23 00:49:59.999000+00:00,33340421.2761,22967,255.366,17285779.2542
2026-03-23 00:50:00+00:00,67737.4,67861.7,67655.1,67682.8,597.215,2026-03-23 00:54:59.999000+00:00,40472626.3575,24458,330.005,22363306.0129
2026-03-23 00:55:00+00:00,67682.8,67730.8,67586.6,67642.5,385.914,2026-03-23 00:59:59.999000+00:00,26109665.4769,18209,189.948,12851249.2395
2026-03-23 01:00:00+00:00,67642.5,67732.9,67500.0,67660.1,732.421,2026-03-23 01:04:59.999000+00:00,49506453.3271,30842,326.294,22059114.1127
2026-03-23 01:05:00+00:00,67660.0,67916.0,67608.7,67844.6,677.796,2026-03-23 01:09:59.999000+00:00,45956016.9661,30465,394.797,26767670.0511
2026-03-23 01:10:00+00:00,67844.6,67855.0,67763.4,67813.5,237.906,2026-03-23 01:14:59.999000+00:00,16134438.2854,14799,114.096,7737597.327
2026-03-23 01:15:00+00:00,67813.6,68016.6,67813.6,67972.8,673.267,2026-03-23 01:19:59.999000+00:00,45741999.1335,24214,394.472,26801134.5591
2026-03-23 01:20:00+00:00,67972.8,68093.9,67856.0,68085.1,685.539,2026-03-23 01:24:59.999000+00:00,46628165.9134,22288,434.9,29578846.9601
2026-03-23 01:25:00+00:00,68085.1,68093.9,68043.2,68054.5,379.976,2026-03-23 01:29:59.999000+00:00,25866137.3278,12551,192.365,13094441.1831
2026-03-23 01:30:00+00:00,68054.4,68127.0,67981.3,68007.1,486.56,2026-03-23 01:34:59.999000+00:00,33117143.4317,19139,239.221,16283050.2978
2026-03-23 01:35:00+00:00,68007.2,68123.2,67989.7,68072.3,331.729,2026-03-23 01:39:59.999000+00:00,22577869.3482,15877,160.152,10900271.4815
2026-03-23 01:40:00+00:00,68072.3,68081.4,67939.9,68015.6,247.411,2026-03-23 01:44:59.999000+00:00,16827897.0103,13776,91.112,6197293.2589
2026-03-23 01:45:00+00:00,68015.7,68095.4,67900.9,67910.1,267.017,2026-03-23 01:49:59.999000+00:00,18157029.2553,16401,105.642,7184933.9472
2026-03-23 01:50:00+00:00,67910.1,68007.5,67866.4,67869.7,733.835,2026-03-23 01:54:59.999000+00:00,49851960.2928,19631,302.374,20538524.3479
2026-03-23 01:55:00+00:00,67869.6,67946.6,67869.6,67875.6,296.907,2026-03-23 01:59:59.999000+00:00,20157335.0422,9465,72.614,4930351.0254
2026-03-23 02:00:00+00:00,67875.6,67943.3,67859.9,67892.9,285.84,2026-03-23 02:04:59.999000+00:00,19406995.7539,12775,175.258,11898776.7224
2026-03-23 02:05:00+00:00,67893.0,68035.2,67884.8,68016.5,353.673,2026-03-23 02:09:59.999000+00:00,24031369.2445,14778,234.27,15917603.9344
2026-03-23 02:10:00+00:00,68016.6,68050.0,67805.2,67818.7,601.472,2026-03-23 02:14:59.999000+00:00,40856731.2864,14590,232.987,15830775.6538
2026-03-23 02:15:00+00:00,67818.7,67916.5,67764.2,67900.9,261.597,2026-03-23 02:19:59.999000+00:00,17742229.857,13720,118.565,8042274.4348
2026-03-23 02:20:00+00:00,67901.2,68016.9,67882.4,67988.4,242.724,2026-03-23 02:24:59.999000+00:00,16496542.4417,12245,142.648,9694721.1615
2026-03-23 02:25:00+00:00,67988.4,68294.3,67978.8,68235.9,1402.435,2026-03-23 02:29:59.999000+00:00,95591851.8479,29384,910.596,62055909.9862
2026-03-23 02:30:00+00:00,68235.8,68253.6,68160.9,68239.7,564.864,2026-03-23 02:34:59.999000+00:00,38534660.1877,16131,388.927,26532956.8995
2026-03-23 02:35:00+00:00,68239.7,68265.6,68168.3,68177.6,310.578,2026-03-23 02:39:59.999000+00:00,21190644.7487,12639,126.909,8659382.6861
2026-03-23 02:40:00+00:00,68177.6,68375.8,68176.2,68202.7,831.421,2026-03-23 02:44:59.999000+00:00,56783927.8969,20412,531.665,36317500.3703
2026-03-23 02:45:00+00:00,68202.7,68252.1,68171.6,68187.0,328.035,2026-03-23 02:49:59.999000+00:00,22374094.3335,13224,130.422,8895588.0893
2026-03-23 02:50:00+00:00,68187.1,68221.0,68151.0,68184.9,497.365,2026-03-23 02:54:59.999000+00:00,33918692.4956,11356,234.512,15993172.3971
2026-03-23 02:55:00+00:00,68185.0,68299.7,68129.7,68282.4,521.777,2026-03-23 02:59:59.999000+00:00,35591215.9673,14524,254.728,17379152.5556
2026-03-23 03:00:00+00:00,68282.3,68555.5,68282.3,68492.0,1316.955,2026-03-23 03:04:59.999000+00:00,90147187.8854,34958,720.466,49313787.401
2026-03-23 03:05:00+00:00,68491.9,68491.9,68373.0,68375.1,521.37,2026-03-23 03:09:59.999000+00:00,35681018.0904,16202,223.069,15266017.8602
2026-03-23 03:10:00+00:00,68375.0,68408.4,68193.2,68200.0,484.565,2026-03-23 03:14:59.999000+00:00,33093096.555,18093,199.234,13607309.2723
2026-03-23 03:15:00+00:00,68200.1,68248.4,68146.3,68146.3,398.575,2026-03-23 03:19:59.999000+00:00,27178533.3659,13561,161.422,11007174.2157
2026-03-23 03:20:00+00:00,68146.4,68217.2,68140.9,68175.3,300.024,2026-03-23 03:24:59.999000+00:00,20455336.8514,10240,106.419,7254831.3702
2026-03-23 03:25:00+00:00,68175.3,68206.4,68130.0,68170.0,294.492,2026-03-23 03:29:59.999000+00:00,20074230.8582,8168,200.606,13674582.3748
2026-03-23 03:30:00+00:00,68170.1,68195.0,68112.0,68194.9,310.57,2026-03-23 03:34:59.999000+00:00,21166371.2422,10050,118.654,8087147.0201
2026-03-23 03:35:00+00:00,68194.9,68194.9,68100.0,68139.9,210.854,2026-03-23 03:39:59.999000+00:00,14365598.1522,8994,77.028,5247945.7303
2026-03-23 03:40:00+00:00,68140.0,68173.7,68059.1,68173.4,227.182,2026-03-23 03:44:59.999000+00:00,15473845.6547,8953,80.057,5453814.8696
2026-03-23 03:45:00+00:00,68173.4,68199.0,68108.2,68161.1,187.661,2026-03-23 03:49:59.999000+00:00,12790432.9992,9719,96.699,6590742.4134
2026-03-23 03:50:00+00:00,68161.0,68186.9,68030.3,68036.5,302.197,2026-03-23 03:54:59.999000+00:00,20580692.2033,9469,82.431,5614850.1848
2026-03-23 03:55:00+00:00,68036.4,68068.3,68022.6,68045.1,283.635,2026-03-23 03:59:59.999000+00:00,19299045.6286,7726,138.279,9408998.9954
2026-03-23 04:00:00+00:00,68045.2,68091.2,68011.2,68091.1,359.901,2026-03-23 04:04:59.999000+00:00,24495538.9959,11841,208.568,14195887.3934
2026-03-23 04:05:00+00:00,68091.2,68183.5,68080.1,68130.2,436.887,2026-03-23 04:09:59.999000+00:00,29763012.9494,14249,185.238,12618958.7848
2026-03-23 04:10:00+00:00,68130.3,68172.4,68115.0,68140.2,142.101,2026-03-23 04:14:59.999000+00:00,9683457.949,5916,63.112,4300544.554
2026-03-23 04:15:00+00:00,68140.2,68182.1,68083.0,68146.2,127.916,2026-03-23 04:19:59.999000+00:00,8715391.5991,8472,79.069,5387384.6839
2026-03-23 04:20:00+00:00,68146.2,68188.0,68118.1,68130.4,138.482,2026-03-23 04:24:59.999000+00:00,9438991.2747,7876,87.469,5962107.1189
2026-03-23 04:25:00+00:00,68130.5,68199.9,68107.2,68199.8,131.807,2026-03-23 04:29:59.999000+00:00,8984854.9657,7116,90.12,6143349.9979
2026-03-23 04:30:00+00:00,68199.8,68243.0,68182.6,68243.0,292.563,2026-03-23 04:34:59.999000+00:00,19958228.207,10739,168.183,11473264.2463
2026-03-23 04:35:00+00:00,68243.0,68343.1,68242.9,68326.2,392.986,2026-03-23 04:39:59.999000+00:00,26841978.8583,11991,226.397,15463105.625
2026-03-23 04:40:00+00:00,68326.2,68343.7,68222.9,68226.2,170.251,2026-03-23 04:44:59.999000+00:00,11623879.5461,7667,66.958,4571311.5696
2026-03-23 04:45:00+00:00,68226.3,68340.1,68226.3,68322.2,335.166,2026-03-23 04:49:59.999000+00:00,22890437.1088,11111,200.628,13700952.414
2026-03-23 04:50:00+00:00,68322.1,68474.5,68285.7,68443.8,857.862,2026-03-23 04:54:59.999000+00:00,58671966.9339,19549,557.101,38102247.428
2026-03-23 04:55:00+00:00,68443.8,68517.0,68404.1,68504.5,869.458,2026-03-23 04:59:59.999000+00:00,59532952.8435,15644,533.867,36555639.7482
2026-03-23 05:00:00+00:00,68504.4,68777.0,68504.4,68662.0,1983.875,2026-03-23 05:04:59.999000+00:00,136204907.5537,44727,1259.3,86455933.337
2026-03-23 05:05:00+00:00,68662.1,68725.0,68612.5,68671.1,824.24,2026-03-23 05:09:59.999000+00:00,56596060.191,20397,471.663,32385227.835
2026-03-23 05:10:00+00:00,68671.0,68748.0,68636.9,68731.2,351.856,2026-03-23 05:14:59.999000+00:00,24166550.2203,11565,171.955,11810603.1848
2026-03-23 05:15:00+00:00,68731.1,68846.6,68671.5,68787.6,794.183,2026-03-23 05:19:59.999000+00:00,54615272.6675,21758,447.334,30763776.2249
2026-03-23 05:20:00+00:00,68787.5,68787.6,68660.3,68665.7,433.543,2026-03-23 05:24:59.999000+00:00,29782062.3624,13423,173.868,11943411.0801
2026-03-23 05:25:00+00:00,68665.8,68709.6,68635.1,68659.9,285.106,2026-03-23 05:29:59.999000+00:00,19577058.3991,8429,119.373,8197368.9121
2026-03-23 05:30:00+00:00,68659.9,68660.0,68550.8,68641.1,547.085,2026-03-23 05:34:59.999000+00:00,37534040.5459,16401,254.676,17473412.8287
2026-03-23 05:35:00+00:00,68641.0,68807.1,68641.0,68664.1,762.355,2026-03-23 05:39:59.999000+00:00,52397418.3347,18963,340.158,23381121.7078
2026-03-23 05:40:00+00:00,68664.0,68664.1,68581.0,68581.1,482.001,2026-03-23 05:44:59.999000+00:00,33069400.0896,12904,183.235,12571377.4346
2026-03-23 05:45:00+00:00,68581.1,68653.2,68571.2,68581.5,629.312,2026-03-23 05:49:59.999000+00:00,43172870.9086,13576,300.998,20650811.7504
2026-03-23 05:50:00+00:00,68581.5,68741.8,68540.0,68718.0,879.089,2026-03-23 05:54:59.999000+00:00,60355773.25,17775,550.757,37815821.9715
2026-03-23 05:55:00+00:00,68717.9,68872.4,68710.6,68864.2,893.359,2026-03-23 05:59:59.999000+00:00,61488710.7079,19640,569.579,39200762.6282
2026-03-23 06:00:00+00:00,68864.1,68865.2,68689.0,68704.3,601.582,2026-03-23 06:04:59.999000+00:00,41379918.4335,14547,194.005,13342061.3754
2026-03-23 06:05:00+00:00,68704.3,68716.5,68617.4,68654.9,405.438,2026-03-23 06:09:59.999000+00:00,27839774.3204,14596,193.619,13295031.0194
2026-03-23 06:10:00+00:00,68655.0,68696.9,68530.1,68572.7,591.012,2026-03-23 06:14:59.999000+00:00,40536030.6194,16685,212.718,14590050.8343
2026-03-23 06:15:00+00:00,68572.7,68654.7,68543.1,68593.1,345.241,2026-03-23 06:19:59.999000+00:00,23681798.4607,14156,182.219,12498813.6046
2026-03-23 06:20:00+00:00,68593.0,68616.3,68468.0,68531.5,570.722,2026-03-23 06:24:59.999000+00:00,39116394.6828,16379,265.256,18182620.908
2026-03-23 06:25:00+00:00,68531.6,68610.4,68500.0,68537.2,498.004,2026-03-23 06:29:59.999000+00:00,34141938.9158,15259,269.092,18449285.7129
2026-03-23 06:30:00+00:00,68537.2,68537.2,68400.6,68407.1,533.144,2026-03-23 06:34:59.999000+00:00,36490469.4718,14791,202.446,13854197.9468
2026-03-23 06:35:00+00:00,68407.1,68411.4,68035.0,68076.8,2105.484,2026-03-23 06:39:59.999000+00:00,143582637.5812,39436,789.418,53814398.3766
2026-03-23 06:40:00+00:00,68076.8,68179.1,67661.0,67786.9,3160.064,2026-03-23 06:44:59.999000+00:00,214508138.297,63983,1330.217,90293829.0319
2026-03-23 06:45:00+00:00,67786.9,67920.0,67653.1,67770.5,1725.99,2026-03-23 06:49:59.999000+00:00,117032855.4845,40201,885.942,60075457.5269
2026-03-23 06:50:00+00:00,67770.6,67872.5,67680.0,67830.0,905.709,2026-03-23 06:54:59.999000+00:00,61396425.8546,27139,502.865,34089944.6817
2026-03-23 06:55:00+00:00,67830.0,67862.4,67729.6,67845.3,486.29,2026-03-23 06:59:59.999000+00:00,32972781.573,17614,247.853,16806084.9117
2026-03-23 07:00:00+00:00,67845.2,67855.5,67620.0,67625.1,1066.068,2026-03-23 07:04:59.999000+00:00,72183713.4594,34795,396.757,26866543.3394
2026-03-23 07:05:00+00:00,67625.1,67839.8,67456.7,67726.9,1878.776,2026-03-23 07:09:59.999000+00:00,127082914.8934,54797,933.349,63155232.466
2026-03-23 07:10:00+00:00,67726.8,67961.4,67726.8,67905.6,1109.826,2026-03-23 07:14:59.999000+00:00,75329884.7307,26359,717.641,48709425.8707
2026-03-23 07:15:00+00:00,67905.6,67958.8,67843.0,67957.9,563.715,2026-03-23 07:19:59.999000+00:00,38282903.9019,19677,256.141,17395881.313
2026-03-23 07:20:00+00:00,67957.9,67965.1,67608.5,67722.1,1089.626,2026-03-23 07:24:59.999000+00:00,73825126.9249,31160,515.764,34940474.7066
2026-03-23 07:25:00+00:00,67722.1,67801.9,67644.8,67769.8,707.457,2026-03-23 07:29:59.999000+00:00,47907166.1429,25585,333.038,22551228.1491
2026-03-23 07:30:00+00:00,67769.7,68027.2,67739.3,67948.1,1082.269,2026-03-23 07:34:59.999000+00:00,73492499.8886,30167,667.686,45347479.1767
2026-03-23 07:35:00+00:00,67948.0,68246.4,67944.9,68175.1,1389.586,2026-03-23 07:39:59.999000+00:00,94641974.2924,35077,787.856,53665518.8088
2026-03-23 07:40:00+00:00,68175.1,68307.7,68135.6,68290.9,1081.193,2026-03-23 07:44:59.999000+00:00,73772394.2198,24217,544.188,37128945.0842
2026-03-23 07:45:00+00:00,68290.9,68398.8,68285.1,68319.2,1275.79,2026-03-23 07:49:59.999000+00:00,87186768.6796,30383,612.286,41843362.3716
2026-03-23 07:50:00+00:00,68319.2,68388.0,68286.7,68385.9,677.882,2026-03-23 07:54:59.999000+00:00,46324394.9085,20262,312.326,21344642.698
2026-03-23 07:55:00+00:00,68385.9,68426.4,68250.8,68306.0,1045.556,2026-03-23 07:59:59.999000+00:00,71453313.9014,22721,512.203,35004176.1896
2026-03-23 08:00:00+00:00,68305.9,68440.0,68305.9,68408.4,539.743,2026-03-23 08:04:59.999000+00:00,36906510.9418,20771,259.574,17749044.8364
2026-03-23 08:05:00+00:00,68408.4,68547.0,68371.2,68518.5,877.927,2026-03-23 08:09:59.999000+00:00,60118112.2458,28290,547.918,37521479.2349
2026-03-23 08:10:00+00:00,68518.5,68649.9,68437.8,68622.5,1165.63,2026-03-23 08:14:59.999000+00:00,79916414.5979,36032,485.166,33266073.7898
2026-03-23 08:15:00+00:00,68622.5,68670.0,68432.9,68458.6,822.405,2026-03-23 08:19:59.999000+00:00,56362179.0406,27283,353.032,24198808.4244
2026-03-23 08:20:00+00:00,68458.7,68550.0,68414.0,68467.8,397.604,2026-03-23 08:24:59.999000+00:00,27227695.1215,17630,186.313,12758776.9729
2026-03-23 08:25:00+00:00,68467.8,68478.2,68431.9,68434.5,239.512,2026-03-23 08:29:59.999000+00:00,16396240.6599,10861,72.131,4937906.5875
2026-03-23 08:30:00+00:00,68434.4,68579.2,68370.8,68572.8,490.486,2026-03-23 08:34:59.999000+00:00,33596536.0604,20567,223.012,15277059.3692
2026-03-23 08:35:00+00:00,68572.9,68588.4,68453.3,68489.4,304.951,2026-03-23 08:39:59.999000+00:00,20898261.5377,14165,123.723,8479178.1746
2026-03-23 08:40:00+00:00,68489.4,68621.0,68476.8,68510.2,416.857,2026-03-23 08:44:59.999000+00:00,28574321.5256,15088,200.084,13715569.2685
2026-03-23 08:45:00+00:00,68510.3,68534.0,68405.3,68416.0,482.726,2026-03-23 08:49:59.999000+00:00,33052403.4613,17941,200.6,13734677.0175
2026-03-23 08:50:00+00:00,68416.1,68499.9,68365.1,68412.6,369.52,2026-03-23 08:54:59.999000+00:00,25286724.2154,13385,199.174,13631955.8059
2026-03-23 08:55:00+00:00,68412.5,68448.7,68281.6,68400.1,440.712,2026-03-23 08:59:59.999000+00:00,30132700.0072,14569,236.259,16154519.4636
2026-03-23 09:00:00+00:00,68400.2,68439.6,68268.6,68268.7,428.812,2026-03-23 09:04:59.999000+00:00,29309643.2145,17732,155.592,10635497.7469
2026-03-23 09:05:00+00:00,68268.7,68286.2,68172.3,68260.5,828.378,2026-03-23 09:09:59.999000+00:00,56511287.8068,23357,376.158,25661428.0342
2026-03-23 09:10:00+00:00,68260.6,68268.6,68210.6,68254.1,298.728,2026-03-23 09:14:59.999000+00:00,20385179.0102,11420,151.362,10328975.3557
2026-03-23 09:15:00+00:00,68254.1,68317.6,68212.2,68235.6,237.716,2026-03-23 09:19:59.999000+00:00,16227894.1614,13149,123.212,8411153.1515
2026-03-23 09:20:00+00:00,68235.7,68332.3,68160.7,68171.6,275.893,2026-03-23 09:24:59.999000+00:00,18833316.8572,13735,127.898,8732000.5981
2026-03-23 09:25:00+00:00,68171.6,68227.3,68100.8,68217.5,401.315,2026-03-23 09:29:59.999000+00:00,27350921.0942,14402,137.537,9374547.1123
2026-03-23 09:30:00+00:00,68217.5,68217.6,67980.9,67995.7,849.635,2026-03-23 09:34:59.999000+00:00,57832170.132,20258,373.254,25410676.5636
2026-03-23 09:35:00+00:00,67995.7,68107.9,67880.0,68080.0,1121.51,2026-03-23 09:39:59.999000+00:00,76227931.5871,27735,580.447,39453799.2955
2026-03-23 09:40:00+00:00,68079.9,68177.5,68027.5,68109.9,608.773,2026-03-23 09:44:59.999000+00:00,41461261.7835,17115,249.845,17016614.7468
2026-03-23 09:45:00+00:00,68109.9,68227.9,68103.7,68163.6,406.875,2026-03-23 09:49:59.999000+00:00,27737319.1829,13499,230.151,15690016.143
2026-03-23 09:50:00+00:00,68163.7,68194.9,68132.3,68147.6,144.934,2026-03-23 09:54:59.999000+00:00,9879713.7924,8533,65.435,4460522.0963
2026-03-23 09:55:00+00:00,68147.6,68305.0,68147.6,68305.0,347.693,2026-03-23 09:59:59.999000+00:00,23728491.312,11323,247.2,16870209.0884
2026-03-23 10:00:00+00:00,68304.9,68418.1,68267.3,68407.3,676.472,2026-03-23 10:04:59.999000+00:00,46225664.9198,19767,346.032,23650216.3557
2026-03-23 10:05:00+00:00,68407.3,68649.4,68407.2,68587.5,860.243,2026-03-23 10:09:59.999000+00:00,58944655.5758,24304,555.4,38057975.8346
2026-03-23 10:10:00+00:00,68587.4,68688.0,68550.8,68567.9,1037.393,2026-03-23 10:14:59.999000+00:00,71181008.5376,22080,487.638,33462410.7656
2026-03-23 10:15:00+00:00,68567.9,68593.2,68487.9,68492.1,489.805,2026-03-23 10:19:59.999000+00:00,33572754.9986,15695,223.675,15331237.9929
2026-03-23 10:20:00+00:00,68492.1,68499.9,68376.4,68412.8,486.507,2026-03-23 10:24:59.999000+00:00,33287923.4123,15808,247.319,16920274.6507
2026-03-23 10:25:00+00:00,68412.8,68466.0,68380.0,68429.6,279.989,2026-03-23 10:29:59.999000+00:00,19156642.5602,9391,93.567,6402751.2212
2026-03-23 10:30:00+00:00,68429.6,68442.3,68375.2,68388.7,237.212,2026-03-23 10:34:59.999000+00:00,16228517.3558,10379,104.009,7115392.4716
2026-03-23 10:35:00+00:00,68388.7,68456.0,68281.5,68294.1,399.771,2026-03-23 10:39:59.999000+00:00,27330038.8741,14235,113.049,7729074.0517
2026-03-23 10:40:00+00:00,68294.2,68392.9,68261.0,68382.7,305.863,2026-03-23 10:44:59.999000+00:00,20895379.7462,11040,169.355,11569790.5082
2026-03-23 10:45:00+00:00,68382.7,68412.7,68331.8,68360.7,242.925,2026-03-23 10:49:59.999000+00:00,16611093.5841,9739,138.542,9473833.8114
2026-03-23 10:50:00+00:00,68360.7,68540.8,68360.6,68475.0,557.38,2026-03-23 10:54:59.999000+00:00,38172531.8104,21358,338.917,23210152.5302
2026-03-23 10:55:00+00:00,68475.0,68547.0,68468.4,68512.2,214.654,2026-03-23 10:59:59.999000+00:00,14705018.9279,8950,119.4,8179667.6443
2026-03-23 11:00:00+00:00,68512.2,68663.8,68505.7,68535.7,1394.1,2026-03-23 11:04:59.999000+00:00,95602521.8504,27032,700.645,48045066.5634
2026-03-23 11:05:00+00:00,68535.6,71203.0,68535.6,71193.9,28894.272,2026-03-23 11:09:59.999000+00:00,2030792315.524,367265,17426.016,1224069878.6623
2026-03-23 11:10:00+00:00,71194.0,71468.0,70799.1,70931.8,11945.031,2026-03-23 11:14:59.999000+00:00,849510445.5342,163614,5762.458,409999680.9946
2026-03-23 11:15:00+00:00,70932.6,71238.0,70650.2,70693.9,5666.583,2026-03-23 11:19:59.999000+00:00,401897048.5311,99816,2364.994,167764106.0132
2026-03-23 11:20:00+00:00,70694.0,70899.9,70268.0,70526.4,6432.117,2026-03-23 11:24:59.999000+00:00,454178544.7384,95727,2926.731,206643749.644
2026-03-23 11:25:00+00:00,70526.3,70789.6,70502.9,70673.9,3016.248,2026-03-23 11:29:59.999000+00:00,213144025.6043,55930,1482.609,104764914.7194
2026-03-23 11:30:00+00:00,70674.0,71180.0,70674.0,70974.8,3606.217,2026-03-23 11:34:59.999000+00:00,255848749.3289,65620,1991.841,141321382.7605
2026-03-23 11:35:00+00:00,70974.9,70975.5,70359.8,70648.0,4958.91,2026-03-23 11:39:59.999000+00:00,350109144.4176,75575,2157.184,152268214.802
2026-03-23 11:40:00+00:00,70647.9,70769.9,70540.9,70637.2,2565.855,2026-03-23 11:44:59.999000+00:00,181339700.8917,45771,1306.984,92371036.5616
2026-03-23 11:45:00+00:00,70637.2,70668.5,70040.0,70400.6,5730.156,2026-03-23 11:49:59.999000+00:00,402741994.2748,83194,2457.057,172701260.7301
2026-03-23 11:50:00+00:00,70400.6,70560.2,70237.8,70466.9,2446.718,2026-03-23 11:54:59.999000+00:00,172124374.9578,46277,1174.972,82668117.475
2026-03-23 11:55:00+00:00,70466.8,70466.9,70006.7,70097.3,3877.673,2026-03-23 11:59:59.999000+00:00,271898706.1455,63804,1721.468,120687680.8238
2026-03-23 12:00:00+00:00,70097.2,70267.5,69644.0,69899.4,5833.389,2026-03-23 12:04:59.999000+00:00,407654809.4243,109474,2913.073,203574788.0705
2026-03-23 12:05:00+00:00,69899.5,70087.9,69750.5,70036.7,2240.092,2026-03-23 12:09:59.999000+00:00,156578030.7365,62417,1261.221,88162280.2319
2026-03-23 12:10:00+00:00,70036.7,70130.8,69951.6,69951.6,1611.523,2026-03-23 12:14:59.999000+00:00,112891964.7319,42659,831.085,58223527.1315
2026-03-23 12:15:00+00:00,69951.6,70245.1,69930.1,70231.6,1713.637,2026-03-23 12:19:59.999000+00:00,120199092.0039,49645,981.595,68855788.1059
2026-03-23 12:20:00+00:00,70231.6,70474.8,70189.1,70294.4,2262.542,2026-03-23 12:24:59.999000+00:00,159188577.8561,50507,1242.784,87443815.253
2026-03-23 12:25:00+00:00,70294.4,70374.7,70183.5,70311.8,868.543,2026-03-23 12:29:59.999000+00:00,61037332.7255,28410,445.794,31331143.6081
2026-03-23 12:30:00+00:00,70311.7,70350.0,70136.6,70277.8,1073.957,2026-03-23 12:34:59.999000+00:00,75449023.5639,43310,522.633,36720338.2956
2026-03-23 12:35:00+00:00,70277.8,70519.7,70230.2,70309.4,1454.497,2026-03-23 12:39:59.999000+00:00,102397284.4145,44669,795.21,55986392.264
2026-03-23 12:40:00+00:00,70309.4,70770.0,70235.0,70680.6,2128.582,2026-03-23 12:44:59.999000+00:00,150253002.9371,62315,1242.035,87686336.0984
2026-03-23 12:45:00+00:00,70680.5,70850.0,70618.4,70687.7,1603.12,2026-03-23 12:49:59.999000+00:00,113400959.0172,44251,921.438,65186931.0808
2026-03-23 12:50:00+00:00,70687.7,70827.6,70550.3,70620.8,943.266,2026-03-23 12:54:59.999000+00:00,66694885.2765,37525,414.741,29331701.957
2026-03-23 12:55:00+00:00,70620.9,70716.6,70550.0,70710.0,849.931,2026-03-23 12:59:59.999000+00:00,60021784.9641,25145,534.801,37767351.4186
2026-03-23 13:00:00+00:00,70710.0,70888.0,70611.1,70668.3,1558.256,2026-03-23 13:04:59.999000+00:00,110236388.7587,50147,755.196,53438996.9046
2026-03-23 13:05:00+00:00,70668.3,70700.0,70551.3,70613.6,690.525,2026-03-23 13:09:59.999000+00:00,48766086.4882,29893,302.876,21390168.4363
2026-03-23 13:10:00+00:00,70613.5,70780.0,70607.3,70712.9,455.771,2026-03-23 13:14:59.999000+00:00,32220329.709,23886,257.182,18181912.5037
2026-03-23 13:15:00+00:00,70712.9,70810.6,70712.7,70739.7,551.337,2026-03-23 13:19:59.999000+00:00,39015747.3897,24803,215.208,15229712.2812
2026-03-23 13:20:00+00:00,70739.7,70887.7,70739.6,70845.2,749.154,2026-03-23 13:24:59.999000+00:00,53064384.6573,26121,367.958,26063700.4666
2026-03-23 13:25:00+00:00,70845.1,70853.6,70744.7,70780.0,425.156,2026-03-23 13:29:59.999000+00:00,30102103.9749,21364,180.067,12748846.3638
2026-03-23 13:30:00+00:00,70779.9,70826.0,70620.0,70729.5,1463.117,2026-03-23 13:34:59.999000+00:00,103472849.3956,69353,702.312,49669542.0054
2026-03-23 13:35:00+00:00,70729.5,71149.6,70701.2,71102.7,3182.784,2026-03-23 13:39:59.999000+00:00,225844225.1486,74437,2169.482,153940621.9646
2026-03-23 13:40:00+00:00,71102.7,71388.0,70980.0,71182.2,3989.634,2026-03-23 13:44:59.999000+00:00,284059317.2331,88165,2273.7,161913189.0125
2026-03-23 13:45:00+00:00,71182.2,71289.6,70983.4,71127.8,1830.293,2026-03-23 13:49:59.999000+00:00,130170217.4842,61943,844.081,60035399.9138
2026-03-23 13:50:00+00:00,71127.9,71564.9,71091.7,71284.4,3720.027,2026-03-23 13:54:59.999000+00:00,265686288.9519,83668,2090.393,149296543.6367
2026-03-23 13:55:00+00:00,71284.5,71450.0,71176.9,71450.0,1387.712,2026-03-23 13:59:59.999000+00:00,98940859.5524,46097,737.038,52553857.3662
2026-03-23 14:00:00+00:00,71449.9,71699.9,71421.5,71508.0,3028.011,2026-03-23 14:04:59.999000+00:00,216692330.3934,77001,1790.682,128158839.2666
2026-03-23 14:05:00+00:00,71508.0,71741.1,71350.0,71658.1,2411.074,2026-03-23 14:09:59.999000+00:00,172492376.0162,69002,1186.398,84897972.4526
2026-03-23 14:10:00+00:00,71658.2,71789.8,71452.3,71484.7,2068.812,2026-03-23 14:14:59.999000+00:00,148149621.2917,59204,997.794,71460135.1882
2026-03-23 14:15:00+00:00,71484.8,71697.7,71477.5,71505.5,1257.003,2026-03-23 14:19:59.999000+00:00,89994324.511,40774,605.871,43378943.8388
2026-03-23 14:20:00+00:00,71505.5,71572.8,71352.0,71465.6,1248.86,2026-03-23 14:24:59.999000+00:00,89216388.8117,39087,492.947,35213916.998
2026-03-23 14:25:00+00:00,71465.6,71554.3,71256.4,71312.3,1663.51,2026-03-23 14:29:59.999000+00:00,118722063.1818,43513,756.225,53969666.5354
2026-03-23 14:30:00+00:00,71312.4,71370.2,71172.8,71212.1,1178.976,2026-03-23 14:34:59.999000+00:00,84040426.8477,39329,502.447,35815428.4594
2026-03-23 14:35:00+00:00,71212.1,71500.0,71202.2,71473.9,908.366,2026-03-23 14:39:59.999000+00:00,64811178.5443,36878,475.433,33923597.3846
2026-03-23 14:40:00+00:00,71474.0,71475.8,71324.2,71344.0,539.535,2026-03-23 14:44:59.999000+00:00,38517864.3822,26894,229.795,16404066.8006
2026-03-23 14:45:00+00:00,71343.9,71366.6,71131.2,71170.8,1310.862,2026-03-23 14:49:59.999000+00:00,93361240.338,40584,564.135,40180267.3024
2026-03-23 14:50:00+00:00,71170.7,71274.5,71080.9,71205.5,1663.766,2026-03-23 14:54:59.999000+00:00,118368113.3407,33801,1037.958,73844390.6297
2026-03-23 14:55:00+00:00,71205.5,71474.3,71198.7,71409.8,901.956,2026-03-23 14:59:59.999000+00:00,64367549.4585,28758,480.623,34300550.8316
2026-03-23 15:00:00+00:00,71409.8,71635.5,71402.1,71516.3,1293.514,2026-03-23 15:04:59.999000+00:00,92517544.1172,37520,721.556,51607317.9798
2026-03-23 15:05:00+00:00,71516.3,71567.7,71376.8,71408.3,595.244,2026-03-23 15:09:59.999000+00:00,42541162.9142,29041,218.463,15614542.4255
2026-03-23 15:10:00+00:00,71408.3,71413.6,71322.2,71335.1,566.824,2026-03-23 15:14:59.999000+00:00,40447725.8643,25227,258.828,18469992.3394
2026-03-23 15:15:00+00:00,71335.0,71362.2,71073.6,71085.1,1174.276,2026-03-23 15:19:59.999000+00:00,83612377.971,35583,445.158,31692094.8099
2026-03-23 15:20:00+00:00,71085.2,71100.0,70839.9,70983.3,2704.499,2026-03-23 15:24:59.999000+00:00,191973099.9384,49962,1136.196,80653196.3877
2026-03-23 15:25:00+00:00,70983.3,70985.2,70839.3,70864.1,1484.631,2026-03-23 15:29:59.999000+00:00,105261769.4092,31525,755.389,53556777.7207
2026-03-23 15:30:00+00:00,70864.1,70917.2,70739.9,70762.4,1062.114,2026-03-23 15:34:59.999000+00:00,75248676.511,30077,466.205,33034443.7865
2026-03-23 15:35:00+00:00,70762.5,70911.2,70700.0,70755.1,1632.628,2026-03-23 15:39:59.999000+00:00,115595033.1863,36069,874.311,61909881.3442
2026-03-23 15:40:00+00:00,70755.0,70786.6,70542.6,70636.6,1485.604,2026-03-23 15:44:59.999000+00:00,104947855.775,31537,740.154,52288091.3661
2026-03-23 15:45:00+00:00,70636.6,70829.8,70473.4,70780.2,1904.779,2026-03-23 15:49:59.999000+00:00,134528836.3171,43702,1150.504,81274019.8635
2026-03-23 15:50:00+00:00,70780.3,70824.9,70256.0,70317.0,4307.221,2026-03-23 15:54:59.999000+00:00,303502070.2509,64877,1504.202,105994631.3528
2026-03-23 15:55:00+00:00,70317.1,70317.1,70074.7,70112.2,3251.798,2026-03-23 15:59:59.999000+00:00,228270446.2698,62140,1584.338,111219273.0902
2026-03-23 16:00:00+00:00,70112.2,70317.2,70106.7,70217.5,2423.082,2026-03-23 16:04:59.999000+00:00,170127971.1821,58802,1441.899,101228083.0544
2026-03-23 16:05:00+00:00,70217.6,70439.5,70135.0,70367.6,1626.803,2026-03-23 16:09:59.999000+00:00,114374605.3577,39472,882.805,62066288.0327
2026-03-23 16:10:00+00:00,70367.6,70523.5,70310.4,70495.7,1188.343,2026-03-23 16:14:59.999000+00:00,83702630.8932,29629,597.208,42065715.2563
2026-03-23 16:15:00+00:00,70495.7,70532.8,70276.0,70296.2,892.084,2026-03-23 16:19:59.999000+00:00,62786077.2065,27920,428.334,30149993.9132
2026-03-23 16:20:00+00:00,70296.2,70410.8,70194.0,70396.4,1053.541,2026-03-23 16:24:59.999000+00:00,74046405.8005,37821,572.396,40232092.7214
2026-03-23 16:25:00+00:00,70396.5,70396.5,70180.0,70188.0,964.844,2026-03-23 16:29:59.999000+00:00,67795892.8518,30944,545.343,38318358.4493
2026-03-23 16:30:00+00:00,70187.9,70398.3,70100.5,70398.3,1001.242,2026-03-23 16:34:59.999000+00:00,70315602.7028,40764,596.564,41900039.795
2026-03-23 16:35:00+00:00,70398.2,70490.1,70350.0,70368.1,921.698,2026-03-23 16:39:59.999000+00:00,64911994.341,36021,559.921,39434460.678
2026-03-23 16:40:00+00:00,70368.1,70450.0,70343.8,70440.0,556.899,2026-03-23 16:44:59.999000+00:00,39202834.2206,21903,235.941,16610470.2736
2026-03-23 16:45:00+00:00,70439.9,70736.4,70403.0,70612.8,1555.743,2026-03-23 16:49:59.999000+00:00,109848925.4856,42879,891.296,62934666.7344
2026-03-23 16:50:00+00:00,70612.8,70632.5,70500.0,70566.3,655.273,2026-03-23 16:54:59.999000+00:00,46235624.128,24354,323.564,22831732.8951
2026-03-23 16:55:00+00:00,70566.4,70598.1,70465.1,70539.6,651.377,2026-03-23 16:59:59.999000+00:00,45941620.9818,21902,231.603,16334576.1984
2026-03-23 17:00:00+00:00,70539.6,70610.8,70440.3,70594.5,508.553,2026-03-23 17:04:59.999000+00:00,35876429.7345,27128,301.256,21252424.6723
2026-03-23 17:05:00+00:00,70594.6,70679.4,70500.0,70604.6,476.718,2026-03-23 17:09:59.999000+00:00,33655379.7145,25379,230.813,16296049.2381
2026-03-23 17:10:00+00:00,70604.6,70719.8,70581.5,70600.0,579.119,2026-03-23 17:14:59.999000+00:00,40921902.8331,21006,312.129,22055641.0917
2026-03-23 17:15:00+00:00,70600.1,70633.9,70450.0,70510.4,580.665,2026-03-23 17:19:59.999000+00:00,40966961.8641,19212,198.923,14034372.4137
2026-03-23 17:20:00+00:00,70510.4,70510.4,70325.6,70437.6,574.828,2026-03-23 17:24:59.999000+00:00,40470453.1133,22481,248.88,17521836.7047
2026-03-23 17:25:00+00:00,70437.5,70597.4,70410.4,70503.6,222.258,2026-03-23 17:29:59.999000+00:00,15674816.0659,15730,132.064,9314378.2104
2026-03-23 17:30:00+00:00,70503.4,70875.0,70488.6,70867.3,1065.75,2026-03-23 17:34:59.999000+00:00,75392657.4414,31282,742.842,52549510.6323
2026-03-23 17:35:00+00:00,70867.3,71053.0,70846.5,70991.2,1699.417,2026-03-23 17:39:59.999000+00:00,120586519.1138,43603,1028.405,72976236.8027
2026-03-23 17:40:00+00:00,70991.3,71014.5,70821.5,70853.1,777.993,2026-03-23 17:44:59.999000+00:00,55176326.0026,24775,354.216,25122473.4372
2026-03-23 17:45:00+00:00,70853.1,70994.0,70840.1,70983.6,538.511,2026-03-23 17:49:59.999000+00:00,38187257.6705,19100,356.505,25282323.1807
2026-03-23 17:50:00+00:00,70983.6,71089.1,70928.0,71067.2,577.471,2026-03-23 17:54:59.999000+00:00,41003603.0599,18666,314.278,22316657.298
2026-03-23 17:55:00+00:00,71067.1,71094.2,71018.9,71052.7,394.816,2026-03-23 17:59:59.999000+00:00,28055419.6949,13693,191.203,13586814.3105
2026-03-23 18:00:00+00:00,71052.6,71138.0,71013.0,71128.2,776.586,2026-03-23 18:04:59.999000+00:00,55207405.9754,20763,436.54,31034728.2846
2026-03-23 18:05:00+00:00,71128.2,71139.6,70874.0,70976.2,913.184,2026-03-23 18:09:59.999000+00:00,64845835.2635,29507,368.66,26179974.9876
2026-03-23 18:10:00+00:00,70976.2,71070.9,70939.0,70939.1,374.566,2026-03-23 18:14:59.999000+00:00,26598426.3774,15861,165.614,11761092.2651
2026-03-23 18:15:00+00:00,70939.0,71021.1,70913.0,70956.6,398.013,2026-03-23 18:19:59.999000+00:00,28245112.3565,15551,250.795,17797665.1976
2026-03-23 18:20:00+00:00,70956.6,70982.7,70845.5,70946.3,692.325,2026-03-23 18:24:59.999000+00:00,49091337.3656,16451,343.666,24369783.151
2026-03-23 18:25:00+00:00,70946.3,71009.4,70836.4,70855.1,340.933,2026-03-23 18:29:59.999000+00:00,24173866.2593,16070,198.541,14076200.1782
2026-03-23 18:30:00+00:00,70855.1,71066.7,70855.1,71044.9,369.717,2026-03-23 18:34:59.999000+00:00,26238349.4031,19891,220.692,15662104.3409
2026-03-23 18:35:00+00:00,71045.0,71138.0,70927.5,71005.3,665.65,2026-03-23 18:39:59.999000+00:00,47299974.657,22079,434.614,30885487.2202
2026-03-23 18:40:00+00:00,71005.4,71050.0,70943.2,71018.5,320.175,2026-03-23 18:44:59.999000+00:00,22728206.74,13755,131.944,9367013.0581
2026-03-23 18:45:00+00:00,71018.6,71166.0,70993.4,71096.9,864.068,2026-03-23 18:49:59.999000+00:00,61416915.4932,20471,629.172,44725134.5052
2026-03-23 18:50:00+00:00,71096.8,71110.3,70944.0,71029.5,410.236,2026-03-23 18:54:59.999000+00:00,29133591.9187,14900,169.859,12063546.1454
2026-03-23 18:55:00+00:00,71029.6,71078.9,70957.8,71040.5,246.099,2026-03-23 18:59:59.999000+00:00,17478654.4997,13855,117.083,8316069.8959
2026-03-23 19:00:00+00:00,71040.5,71096.1,70955.0,71091.2,352.87,2026-03-23 19:04:59.999000+00:00,25065357.7284,16616,143.162,10169661.886
2026-03-23 19:05:00+00:00,71091.2,71232.0,70823.3,70960.9,1436.092,2026-03-23 19:09:59.999000+00:00,101995408.6829,38479,762.141,54133169.9236
2026-03-23 19:10:00+00:00,70960.9,71006.9,70884.5,70903.2,272.69,2026-03-23 19:14:59.999000+00:00,19342646.5687,11724,133.172,9445598.4566
2026-03-23 19:15:00+00:00,70903.2,70956.7,70786.1,70929.2,456.724,2026-03-23 19:19:59.999000+00:00,32359865.5888,17737,247.8,17557542.687
2026-03-23 19:20:00+00:00,70929.3,71053.9,70861.2,71029.0,278.055,2026-03-23 19:24:59.999000+00:00,19727920.6112,12914,165.494,11743404.8938
2026-03-23 19:25:00+00:00,71028.9,71057.8,70973.0,71003.2,205.416,2026-03-23 19:29:59.999000+00:00,14588453.8713,10656,99.421,7060789.6727
2026-03-23 19:30:00+00:00,71003.2,71037.9,70937.7,70946.3,174.025,2026-03-23 19:34:59.999000+00:00,12353053.7981,8028,77.355,5491445.5543
2026-03-23 19:35:00+00:00,70946.3,70963.7,70892.7,70914.2,165.953,2026-03-23 19:39:59.999000+00:00,11769319.8377,9107,74.885,5310955.5322
2026-03-23 19:40:00+00:00,70914.2,70923.5,70825.0,70875.2,265.319,2026-03-23 19:44:59.999000+00:00,18802516.8721,8849,133.949,9492410.4983
2026-03-23 19:45:00+00:00,70875.3,70965.2,70802.9,70802.9,408.18,2026-03-23 19:49:59.999000+00:00,28928555.5985,13377,192.244,13624388.1031
2026-03-23 19:50:00+00:00,70802.9,70834.3,70692.5,70740.0,630.296,2026-03-23 19:54:59.999000+00:00,44594052.9022,16236,333.732,23613928.9832
2026-03-23 19:55:00+00:00,70739.9,70739.9,70612.5,70647.1,1063.8,2026-03-23 19:59:59.999000+00:00,75167881.1846,22895,459.935,32500208.3748
2026-03-23 20:00:00+00:00,70647.1,70707.4,70509.3,70612.4,949.744,2026-03-23 20:04:59.999000+00:00,67049956.3974,21714,416.149,29382914.5068
2026-03-23 20:05:00+00:00,70612.4,70645.0,70576.0,70645.0,222.537,2026-03-23 20:09:59.999000+00:00,15712298.3815,8836,131.562,9289021.5836
2026-03-23 20:10:00+00:00,70645.0,70771.7,70645.0,70769.1,516.778,2026-03-23 20:14:59.999000+00:00,36547711.2212,15963,339.133,23983915.0691
2026-03-23 20:15:00+00:00,70769.1,70797.3,70713.9,70713.9,176.701,2026-03-23 20:19:59.999000+00:00,12502414.1435,6594,87.154,6166529.8138
2026-03-23 20:20:00+00:00,70713.9,70799.5,70713.1,70742.8,206.077,2026-03-23 20:24:59.999000+00:00,14581205.2502,5527,157.841,11168847.0914
2026-03-23 20:25:00+00:00,70742.8,70769.0,70719.0,70768.9,125.127,2026-03-23 20:29:59.999000+00:00,8851916.9001,4103,62.921,4451291.0061
2026-03-23 20:30:00+00:00,70769.0,70860.0,70754.4,70837.9,294.627,2026-03-23 20:34:59.999000+00:00,20860925.4724,8853,153.016,10833847.7148
2026-03-23 20:35:00+00:00,70837.9,70953.5,70837.8,70874.4,509.795,2026-03-23 20:39:59.999000+00:00,36146336.5529,12973,268.235,19017929.4954
2026-03-23 20:40:00+00:00,70874.4,70920.3,70851.9,70904.3,159.832,2026-03-23 20:44:59.999000+00:00,11329114.834,4978,87.181,6179610.9584
2026-03-23 20:45:00+00:00,70904.4,70921.9,70854.0,70854.0,160.715,2026-03-23 20:49:59.999000+00:00,11392726.6131,4938,57.254,4058748.8731
2026-03-23 20:50:00+00:00,70854.0,70898.1,70829.6,70889.8,232.277,2026-03-23 20:54:59.999000+00:00,16459550.8157,4099,158.385,11223148.48
2026-03-23 20:55:00+00:00,70889.8,70889.9,70857.5,70876.6,167.059,2026-03-23 20:59:59.999000+00:00,11840720.6084,4309,81.407,5769931.1382
2026-03-23 21:00:00+00:00,70876.6,70958.8,70821.3,70821.3,226.581,2026-03-23 21:04:59.999000+00:00,16064734.7416,7237,121.547,8618542.7141
2026-03-23 21:05:00+00:00,70821.3,70888.0,70821.3,70839.1,148.204,2026-03-23 21:09:59.999000+00:00,10502715.1505,4375,48.358,3426853.2761
2026-03-23 21:10:00+00:00,70839.1,70856.2,70786.1,70791.0,141.368,2026-03-23 21:14:59.999000+00:00,10012516.8294,4282,59.326,4201768.466
2026-03-23 21:15:00+00:00,70790.9,70870.8,70790.9,70829.9,129.364,2026-03-23 21:19:59.999000+00:00,9163902.479,3465,81.227,5753747.0558
2026-03-23 21:20:00+00:00,70829.9,70889.0,70793.1,70883.4,122.499,2026-03-23 21:24:59.999000+00:00,8678122.0484,3841,74.442,5274093.5715
2026-03-23 21:25:00+00:00,70883.5,70890.6,70850.0,70858.1,87.502,2026-03-23 21:29:59.999000+00:00,6200728.2226,2370,53.366,3781601.1043
2026-03-23 21:30:00+00:00,70858.0,70960.0,70838.3,70945.1,214.736,2026-03-23 21:34:59.999000+00:00,15227133.5156,5580,118.595,8410153.8369
2026-03-23 21:35:00+00:00,70945.1,70973.0,70912.5,70963.1,124.147,2026-03-23 21:39:59.999000+00:00,8807490.0438,3468,87.19,6185805.2685
2026-03-23 21:40:00+00:00,70963.0,70976.3,70900.0,70905.4,179.45,2026-03-23 21:44:59.999000+00:00,12730615.6445,4817,78.423,5562868.9827
2026-03-23 21:45:00+00:00,70905.3,70905.4,70847.1,70876.1,71.154,2026-03-23 21:49:59.999000+00:00,5043248.0043,3615,30.885,2188985.0272
2026-03-23 21:50:00+00:00,70876.1,70949.9,70850.0,70850.0,106.031,2026-03-23 21:54:59.999000+00:00,7518301.6741,5458,53.955,3825790.407
2026-03-23 21:55:00+00:00,70850.0,70902.0,70789.9,70813.7,194.904,2026-03-23 21:59:59.999000+00:00,13807728.9606,5929,82.757,5862393.6508
2026-03-23 22:00:00+00:00,70813.9,70859.0,70528.0,70577.5,659.379,2026-03-23 22:04:59.999000+00:00,46603721.572,20165,259.93,18371584.4194
2026-03-23 22:05:00+00:00,70577.5,70710.1,70554.2,70665.0,450.923,2026-03-23 22:09:59.999000+00:00,31848279.0922,13269,292.0,20622978.0651
2026-03-23 22:10:00+00:00,70665.0,70725.0,70617.9,70685.4,144.179,2026-03-23 22:14:59.999000+00:00,10190098.4333,7156,78.466,5546381.9049
2026-03-23 22:15:00+00:00,70685.3,70685.4,70564.9,70678.0,210.102,2026-03-23 22:19:59.999000+00:00,14838309.3495,9619,94.751,6691608.8868
2026-03-23 22:20:00+00:00,70678.0,70692.3,70600.0,70650.0,137.24,2026-03-23 22:24:59.999000+00:00,9694225.1669,6962,81.033,5723658.0911
2026-03-23 22:25:00+00:00,70650.0,70654.9,70600.0,70600.0,128.32,2026-03-23 22:29:59.999000+00:00,9063063.8237,5045,55.939,3950812.0133
2026-03-23 22:30:00+00:00,70600.0,70614.5,70477.1,70573.1,478.197,2026-03-23 22:34:59.999000+00:00,33726472.4601,12956,223.716,15778642.1506
2026-03-23 22:35:00+00:00,70573.1,70669.3,70573.1,70639.8,210.553,2026-03-23 22:39:59.999000+00:00,14871771.9397,10483,139.354,9842488.9133
2026-03-23 22:40:00+00:00,70639.8,70689.4,70576.6,70689.3,219.718,2026-03-23 22:44:59.999000+00:00,15516530.7976,8744,111.387,7866319.1157
2026-03-23 22:45:00+00:00,70689.3,70767.0,70645.9,70660.5,258.715,2026-03-23 22:49:59.999000+00:00,18293007.6267,12250,162.739,11506753.4077
2026-03-23 22:50:00+00:00,70660.5,70767.3,70640.0,70738.1,222.042,2026-03-23 22:54:59.999000+00:00,15699209.3139,7798,152.167,10759663.2542
2026-03-23 22:55:00+00:00,70738.1,70772.2,70675.3,70745.1,163.926,2026-03-23 22:59:59.999000+00:00,11595645.9836,6351,106.852,7558942.5039
2026-03-23 23:00:00+00:00,70745.1,70778.5,70657.9,70698.0,200.618,2026-03-23 23:04:59.999000+00:00,14186983.2634,10919,111.674,7897138.8018
2026-03-23 23:05:00+00:00,70698.0,70740.6,70564.3,70578.1,263.621,2026-03-23 23:09:59.999000+00:00,18622355.4944,11023,135.759,9589649.3548
2026-03-23 23:10:00+00:00,70578.1,70605.0,70519.4,70521.1,289.396,2026-03-23 23:14:59.999000+00:00,20417799.5525,9805,127.122,8968368.4503
2026-03-23 23:15:00+00:00,70521.1,70540.0,70411.2,70423.2,444.704,2026-03-23 23:19:59.999000+00:00,31342086.2243,13508,163.549,11527361.7933
2026-03-23 23:20:00+00:00,70423.3,70523.0,70370.0,70515.4,566.663,2026-03-23 23:24:59.999000+00:00,39911055.5844,16607,333.545,23493429.7801
2026-03-23 23:25:00+00:00,70515.4,70678.9,70482.5,70678.7,421.506,2026-03-23 23:29:59.999000+00:00,29762101.5783,12973,252.383,17817843.5113
2026-03-23 23:30:00+00:00,70678.7,70680.0,70575.9,70600.4,215.816,2026-03-23 23:34:59.999000+00:00,15241773.9151,9154,78.219,5524993.5613
2026-03-23 23:35:00+00:00,70600.4,70670.0,70592.3,70669.8,108.922,2026-03-23 23:39:59.999000+00:00,7694243.9345,5500,60.98,4307599.7549
2026-03-23 23:40:00+00:00,70669.7,70774.9,70668.1,70732.1,327.886,2026-03-23 23:44:59.999000+00:00,23190671.9816,11688,237.307,16784159.0507
2026-03-23 23:45:00+00:00,70732.1,70799.8,70688.0,70755.5,419.116,2026-03-23 23:49:59.999000+00:00,29649979.589,13781,229.468,16232459.0876
2026-03-23 23:50:00+00:00,70755.4,70840.1,70726.7,70820.0,371.664,2026-03-23 23:54:59.999000+00:00,26311249.5994,12527,171.298,12126880.4629
2026-03-23 23:55:00+00:00,70820.1,70973.8,70820.0,70865.9,583.586,2026-03-23 23:59:59.999000+00:00,41373677.9123,15600,324.272,22988725.4763
2026-03-24 00:00:00+00:00,70866.0,71080.0,70858.5,70885.0,1648.956,2026-03-24 00:04:59.999000+00:00,117050964.2161,42726,894.824,63526732.2856
2026-03-24 00:05:00+00:00,70885.0,70932.0,70754.9,70773.7,412.777,2026-03-24 00:09:59.999000+00:00,29250627.1721,14239,211.418,14983230.2227
2026-03-24 00:10:00+00:00,70773.7,70845.1,70744.0,70747.1,383.143,2026-03-24 00:14:59.999000+00:00,27121508.7008,12469,189.683,13427463.4625
2026-03-24 00:15:00+00:00,70747.0,70795.3,70617.9,70777.1,509.268,2026-03-24 00:19:59.999000+00:00,35993584.4068,17514,262.957,18584777.3317
2026-03-24 00:20:00+00:00,70777.0,70784.1,70659.6,70730.8,296.871,2026-03-24 00:24:59.999000+00:00,20995708.6441,14706,130.035,9196852.2001
2026-03-24 00:25:00+00:00,70730.8,70795.3,70650.0,70689.9,212.693,2026-03-24 00:29:59.999000+00:00,15041390.1889,10143,107.663,7614324.5388
2026-03-24 00:30:00+00:00,70690.0,70704.3,70524.0,70623.9,897.894,2026-03-24 00:34:59.999000+00:00,63371537.767,20912,353.758,24965274.1505
2026-03-24 00:35:00+00:00,70623.9,70677.6,70377.9,70534.2,712.671,2026-03-24 00:39:59.999000+00:00,50253319.1537,22511,298.887,21077324.4085
2026-03-24 00:40:00+00:00,70534.3,70656.0,70481.6,70559.2,352.142,2026-03-24 00:44:59.999000+00:00,24856454.4479,16021,208.934,14747123.6956
2026-03-24 00:45:00+00:00,70559.1,70688.5,70550.0,70656.0,273.899,2026-03-24 00:49:59.999000+00:00,19347305.7792,10856,179.505,12678662.3306
2026-03-24 00:50:00+00:00,70656.0,70790.0,70640.2,70736.3,302.939,2026-03-24 00:54:59.999000+00:00,21420755.7343,12190,148.925,10530851.3014
2026-03-24 00:55:00+00:00,70736.3,70743.0,70641.7,70650.0,196.175,2026-03-24 00:59:59.999000+00:00,13867570.837,8081,86.979,6148632.2558
2026-03-24 01:00:00+00:00,70650.1,70683.0,70564.4,70569.9,184.611,2026-03-24 01:04:59.999000+00:00,13037617.9847,10252,72.96,5152696.7407
2026-03-24 01:05:00+00:00,70569.9,70636.7,70546.0,70584.5,312.417,2026-03-24 01:09:59.999000+00:00,22052557.7131,12464,98.803,6974176.3929
2026-03-24 01:10:00+00:00,70584.5,70681.0,70480.0,70534.1,385.968,2026-03-24 01:14:59.999000+00:00,27230798.0118,13698,203.981,14391719.7972
2026-03-24 01:15:00+00:00,70534.0,70596.2,70470.3,70582.7,241.991,2026-03-24 01:19:59.999000+00:00,17064296.1585,10087,136.11,9598424.9734
2026-03-24 01:20:00+00:00,70582.6,70771.6,70580.9,70703.3,315.167,2026-03-24 01:24:59.999000+00:00,22283795.0867,13501,203.88,14414913.9922
2026-03-24 01:25:00+00:00,70703.4,70845.7,70683.5,70796.9,285.448,2026-03-24 01:29:59.999000+00:00,20201738.2052,11513,160.5,11358525.7576
2026-03-24 01:30:00+00:00,70797.0,70839.7,70678.3,70765.4,640.24,2026-03-24 01:34:59.999000+00:00,45299045.0004,16335,410.843,29067514.8592
2026-03-24 01:35:00+00:00,70765.4,70778.7,70400.9,70421.8,527.461,2026-03-24 01:39:59.999000+00:00,37213375.5511,19836,193.607,13663245.287
2026-03-24 01:40:00+00:00,70421.8,70451.8,70232.0,70358.3,1202.627,2026-03-24 01:44:59.999000+00:00,84612693.5736,28716,454.454,31979176.4045
2026-03-24 01:45:00+00:00,70358.3,70480.0,70358.3,70416.6,367.951,2026-03-24 01:49:59.999000+00:00,25905498.9943,15635,206.206,14517979.737
2026-03-24 01:50:00+00:00,70416.5,70545.5,70410.1,70509.6,335.094,2026-03-24 01:54:59.999000+00:00,23625374.7376,14229,202.561,14280711.3671
2026-03-24 01:55:00+00:00,70509.9,70515.2,70465.2,70479.9,159.588,2026-03-24 01:59:59.999000+00:00,11248494.9302,6410,56.401,3975447.3241
2026-03-24 02:00:00+00:00,70479.9,70668.7,70403.1,70577.3,465.78,2026-03-24 02:04:59.999000+00:00,32857575.2013,17308,285.686,20155641.0556
2026-03-24 02:05:00+00:00,70577.2,70577.3,70480.0,70547.4,191.674,2026-03-24 02:09:59.999000+00:00,13517221.9371,11270,93.517,6594899.9437
2026-03-24 02:10:00+00:00,70547.3,70547.3,70396.4,70425.2,341.91,2026-03-24 02:14:59.999000+00:00,24084543.1802,11401,178.419,12566878.1337
2026-03-24 02:15:00+00:00,70425.2,70470.7,70380.0,70453.6,230.361,2026-03-24 02:19:59.999000+00:00,16222155.7613,12644,97.788,6886604.1244
2026-03-24 02:20:00+00:00,70453.7,70600.0,70442.4,70522.8,190.78,2026-03-24 02:24:59.999000+00:00,13458646.1984,13448,109.917,7753845.9815
2026-03-24 02:25:00+00:00,70522.7,70554.9,70410.0,70530.5,138.886,2026-03-24 02:29:59.999000+00:00,9789249.8799,8973,76.742,5409029.6018
2026-03-24 02:30:00+00:00,70530.5,70570.0,70477.4,70533.2,283.923,2026-03-24 02:34:59.999000+00:00,20025077.1649,10008,79.688,5620251.6138
2026-03-24 02:35:00+00:00,70533.2,70606.0,70424.6,70424.7,320.307,2026-03-24 02:39:59.999000+00:00,22601387.4193,10334,209.112,14756536.2336
2026-03-24 02:40:00+00:00,70424.7,70508.6,70329.9,70495.0,551.824,2026-03-24 02:44:59.999000+00:00,38858676.2237,13125,362.101,25501166.4696
2026-03-24 02:45:00+00:00,70495.0,70560.0,70451.1,70514.5,165.524,2026-03-24 02:49:59.999000+00:00,11673384.839,8947,94.855,6689325.5776
2026-03-24 02:50:00+00:00,70514.4,70514.4,70428.6,70457.7,156.536,2026-03-24 02:54:59.999000+00:00,11029286.255,8775,73.534,5180839.3998
2026-03-24 02:55:00+00:00,70457.8,70468.8,70391.8,70416.0,248.733,2026-03-24 02:59:59.999000+00:00,17517456.7058,8656,90.758,6391566.0006
2026-03-24 03:00:00+00:00,70416.0,70429.4,70367.4,70411.1,181.565,2026-03-24 03:04:59.999000+00:00,12782458.0525,8712,105.685,7440608.6304
2026-03-24 03:05:00+00:00,70410.8,70496.5,70362.6,70403.8,311.9,2026-03-24 03:09:59.999000+00:00,21970085.4259,11712,178.789,12594108.3582
2026-03-24 03:10:00+00:00,70403.8,70521.0,70385.9,70471.7,164.352,2026-03-24 03:14:59.999000+00:00,11578018.6413,8464,107.177,7550442.1923
2026-03-24 03:15:00+00:00,70471.8,70520.0,70445.3,70468.6,337.176,2026-03-24 03:19:59.999000+00:00,23765083.4786,7861,63.193,4454468.5671
2026-03-24 03:20:00+00:00,70468.5,70558.9,70449.5,70497.3,186.269,2026-03-24 03:24:59.999000+00:00,13133291.4359,6202,131.175,9248454.991
2026-03-24 03:25:00+00:00,70497.3,70542.1,70470.0,70506.1,179.049,2026-03-24 03:29:59.999000+00:00,12623796.1183,6598,104.521,7369142.787
2026-03-24 03:30:00+00:00,70506.2,70524.6,70414.0,70420.0,313.434,2026-03-24 03:34:59.999000+00:00,22085143.0972,9865,179.672,12660266.6407
2026-03-24 03:35:00+00:00,70420.1,70464.1,70400.0,70438.2,168.256,2026-03-24 03:39:59.999000+00:00,11848152.315,7626,62.297,4386865.3234
2026-03-24 03:40:00+00:00,70438.3,70497.9,70431.2,70459.8,117.027,2026-03-24 03:44:59.999000+00:00,8245707.2204,6343,65.109,4587597.3004
2026-03-24 03:45:00+00:00,70459.7,70489.2,70423.7,70483.2,111.446,2026-03-24 03:49:59.999000+00:00,7852850.8272,5870,48.694,3431086.636
2026-03-24 03:50:00+00:00,70483.3,70524.4,70416.5,70524.4,187.868,2026-03-24 03:54:59.999000+00:00,13237968.5071,7825,100.755,7101323.2069
2026-03-24 03:55:00+00:00,70524.4,70534.0,70485.7,70512.1,202.033,2026-03-24 03:59:59.999000+00:00,14244871.0298,5991,130.061,9170164.4198
2026-03-24 04:00:00+00:00,70512.1,70550.0,70483.6,70545.5,217.7,2026-03-24 04:04:59.999000+00:00,15352078.8737,9056,118.717,8371796.4325
2026-03-24 04:05:00+00:00,70545.5,70726.4,70531.0,70606.2,742.128,2026-03-24 04:09:59.999000+00:00,52415795.7933,23905,407.343,28771412.4468
2026-03-24 04:10:00+00:00,70606.2,70637.5,70571.7,70604.4,317.209,2026-03-24 04:14:59.999000+00:00,22395146.6438,10050,117.434,8291104.016
2026-03-24 04:15:00+00:00,70604.5,70626.7,70553.9,70579.5,162.792,2026-03-24 04:19:59.999000+00:00,11491095.7732,7350,68.623,4844264.9479
2026-03-24 04:20:00+00:00,70579.5,70600.5,70560.3,70570.2,114.093,2026-03-24 04:24:59.999000+00:00,8053164.2977,5947,41.163,2905320.6031
2026-03-24 04:25:00+00:00,70570.1,70577.6,70490.1,70494.6,226.002,2026-03-24 04:29:59.999000+00:00,15940084.6933,6198,50.893,3589816.9801
2026-03-24 04:30:00+00:00,70494.6,70494.6,70257.8,70352.8,766.089,2026-03-24 04:34:59.999000+00:00,53890669.6911,21139,248.77,17499883.6322
2026-03-24 04:35:00+00:00,70352.7,70352.7,70276.0,70327.7,206.02,2026-03-24 04:39:59.999000+00:00,14486924.382,7430,87.257,6135984.2951
2026-03-24 04:40:00+00:00,70327.6,70348.9,70265.0,70304.8,255.283,2026-03-24 04:44:59.999000+00:00,17949026.8857,7554,115.94,8152368.5429
2026-03-24 04:45:00+00:00,70304.8,70347.3,70261.9,70266.3,304.184,2026-03-24 04:49:59.999000+00:00,21385310.9564,9795,130.324,9162257.8491
2026-03-24 04:50:00+00:00,70266.3,70412.2,70214.3,70405.3,586.054,2026-03-24 04:54:59.999000+00:00,41200204.7228,15649,219.758,15451798.8367
2026-03-24 04:55:00+00:00,70405.4,70405.4,70331.1,70339.9,148.573,2026-03-24 04:59:59.999000+00:00,10454555.3467,5479,60.334,4245375.7918
2026-03-24 05:00:00+00:00,70340.0,70345.1,70157.9,70170.5,862.199,2026-03-24 05:04:59.999000+00:00,60557118.5117,18801,238.9,16776306.5876
2026-03-24 05:05:00+00:00,70170.5,70203.7,70121.0,70140.9,697.606,2026-03-24 05:09:59.999000+00:00,48943120.4224,16471,317.402,22269819.8262
2026-03-24 05:10:00+00:00,70140.9,70215.3,70125.8,70138.0,557.593,2026-03-24 05:14:59.999000+00:00,39123252.7562,13155,168.136,11798839.1264
2026-03-24 05:15:00+00:00,70138.0,70325.3,70118.5,70190.1,620.36,2026-03-24 05:19:59.999000+00:00,43543340.7631,17542,395.347,27750512.8327
2026-03-24 05:20:00+00:00,70190.1,70207.9,70075.5,70145.0,497.659,2026-03-24 05:24:59.999000+00:00,34901865.9234,14312,242.426,17002888.5558
2026-03-24 05:25:00+00:00,70144.9,70237.8,70129.9,70149.1,326.075,2026-03-24 05:29:59.999000+00:00,22882216.5202,10407,225.335,15813061.2147
2026-03-24 05:30:00+00:00,70149.2,70245.1,70115.4,70161.0,261.404,2026-03-24 05:34:59.999000+00:00,18344476.6579,10204,135.294,9495162.9481
2026-03-24 05:35:00+00:00,70161.0,70255.8,70159.7,70235.9,393.89,2026-03-24 05:39:59.999000+00:00,27657114.1414,9945,279.425,19620009.0265
2026-03-24 05:40:00+00:00,70235.9,70349.8,70235.9,70291.9,356.436,2026-03-24 05:44:59.999000+00:00,25060822.5134,10647,221.599,15580502.7643
2026-03-24 05:45:00+00:00,70291.9,70352.9,70264.1,70272.7,283.978,2026-03-24 05:49:59.999000+00:00,19967013.4924,10133,144.84,10184521.3994
2026-03-24 05:50:00+00:00,70272.6,70318.5,70240.0,70275.1,181.502,2026-03-24 05:54:59.999000+00:00,12756638.3452,8147,97.532,6855099.5504
2026-03-24 05:55:00+00:00,70275.1,70275.1,70221.5,70249.6,129.391,2026-03-24 05:59:59.999000+00:00,9088577.784,4447,48.696,3420460.4711
2026-03-24 06:00:00+00:00,70249.6,70348.7,70220.0,70327.5,294.358,2026-03-24 06:04:59.999000+00:00,20690821.9742,11055,173.69,12209501.0768
2026-03-24 06:05:00+00:00,70327.2,70380.1,70302.8,70331.8,254.829,2026-03-24 06:09:59.999000+00:00,17927760.5496,8738,126.728,8915507.8147
2026-03-24 06:10:00+00:00,70331.9,70331.9,70258.0,70327.6,161.154,2026-03-24 06:14:59.999000+00:00,11328484.4921,5500,83.164,5846180.6788
2026-03-24 06:15:00+00:00,70327.6,70396.2,70308.0,70308.1,217.579,2026-03-24 06:19:59.999000+00:00,15307488.7962,7638,108.729,7649588.2008
2026-03-24 06:20:00+00:00,70308.1,70425.1,70287.6,70328.4,383.314,2026-03-24 06:24:59.999000+00:00,26975259.8762,11670,211.342,14873588.0946
2026-03-24 06:25:00+00:00,70328.3,70360.0,70292.1,70348.6,391.575,2026-03-24 06:29:59.999000+00:00,27538033.4909,9918,255.351,17957987.8532
2026-03-24 06:30:00+00:00,70348.7,70478.6,70348.6,70425.0,520.756,2026-03-24 06:34:59.999000+00:00,36679471.4596,13528,266.57,18774873.7606
2026-03-24 06:35:00+00:00,70424.9,70457.0,70401.7,70429.9,243.923,2026-03-24 06:39:59.999000+00:00,17179480.657,6274,111.224,7833201.3797
2026-03-24 06:40:00+00:00,70429.9,70478.9,70415.3,70436.0,189.85,2026-03-24 06:44:59.999000+00:00,13374740.6718,5770,109.1,7686171.4844
2026-03-24 06:45:00+00:00,70436.1,70472.4,70415.2,70454.6,153.06,2026-03-24 06:49:59.999000+00:00,10782982.1994,6169,79.121,5574141.9596
2026-03-24 06:50:00+00:00,70455.0,70473.4,70400.0,70464.1,243.227,2026-03-24 06:54:59.999000+00:00,17130705.3113,6409,92.463,6512594.4899
2026-03-24 06:55:00+00:00,70464.1,70544.9,70455.0,70507.8,363.335,2026-03-24 06:59:59.999000+00:00,25615448.3769,8776,216.233,15243327.9444
2026-03-24 07:00:00+00:00,70507.9,70547.6,70439.8,70546.6,433.735,2026-03-24 07:04:59.999000+00:00,30575183.7961,13465,220.291,15530288.9783
2026-03-24 07:05:00+00:00,70546.6,70779.7,70541.0,70759.1,1265.362,2026-03-24 07:09:59.999000+00:00,89449239.5057,31555,741.813,52438272.6958
2026-03-24 07:10:00+00:00,70759.2,70885.1,70734.0,70794.9,1457.099,2026-03-24 07:14:59.999000+00:00,103178979.6002,27468,838.324,59364870.843
2026-03-24 07:15:00+00:00,70794.8,70941.6,70745.0,70875.7,1030.173,2026-03-24 07:19:59.999000+00:00,72971595.17,25382,539.018,38183942.327
2026-03-24 07:20:00+00:00,70875.6,71000.0,70867.3,70894.8,1073.681,2026-03-24 07:24:59.999000+00:00,76164337.4024,26889,624.682,44316177.8972
2026-03-24 07:25:00+00:00,70894.8,70925.6,70850.0,70889.8,433.909,2026-03-24 07:29:59.999000+00:00,30754941.5547,13038,184.452,13074308.6076
2026-03-24 07:30:00+00:00,70889.8,70930.8,70790.9,70896.1,1281.168,2026-03-24 07:34:59.999000+00:00,90776969.9398,21887,359.936,25506092.3575
2026-03-24 07:35:00+00:00,70896.0,70900.0,70781.5,70837.2,1019.82,2026-03-24 07:39:59.999000+00:00,72216204.6768,15273,624.835,44242240.6299
2026-03-24 07:40:00+00:00,70837.1,70897.9,70832.3,70875.8,309.248,2026-03-24 07:44:59.999000+00:00,21914407.1039,9056,172.614,12231483.2416
2026-03-24 07:45:00+00:00,70875.8,70957.8,70800.0,70931.7,486.895,2026-03-24 07:49:59.999000+00:00,34503391.4285,11347,281.263,19935041.3307
2026-03-24 07:50:00+00:00,70931.7,71052.0,70894.5,70992.7,776.71,2026-03-24 07:54:59.999000+00:00,55136930.9711,20066,426.501,30277391.5415
2026-03-24 07:55:00+00:00,70992.8,71377.5,70992.7,71255.2,3065.539,2026-03-24 07:59:59.999000+00:00,218312884.0848,42285,2133.515,151921667.1654
2026-03-24 08:00:00+00:00,71255.2,71314.3,71114.8,71138.8,1138.804,2026-03-24 08:04:59.999000+00:00,81068992.8297,29257,601.464,42816767.6964
2026-03-24 08:05:00+00:00,71138.8,71221.4,71065.1,71102.3,597.045,2026-03-24 08:09:59.999000+00:00,42477647.7931,20213,313.836,22331210.7783
2026-03-24 08:10:00+00:00,71102.3,71144.0,71049.9,71096.9,619.529,2026-03-24 08:14:59.999000+00:00,44045287.2941,14437,230.915,16415405.9911
2026-03-24 08:15:00+00:00,71097.0,71099.2,70906.9,70906.9,809.707,2026-03-24 08:19:59.999000+00:00,57495759.7662,20573,286.286,20328669.2474
2026-03-24 08:20:00+00:00,70906.9,70949.0,70823.9,70891.3,855.259,2026-03-24 08:24:59.999000+00:00,60626490.382,19673,347.112,24605522.7423
2026-03-24 08:25:00+00:00,70891.4,70912.2,70840.0,70890.1,291.303,2026-03-24 08:29:59.999000+00:00,20646816.4042,8300,149.48,10594788.945
2026-03-24 08:30:00+00:00,70890.1,70932.3,70832.2,70918.6,451.03,2026-03-24 08:34:59.999000+00:00,31971632.4471,13043,192.333,13634360.884
2026-03-24 08:35:00+00:00,70918.6,71050.0,70900.0,71043.7,631.359,2026-03-24 08:39:59.999000+00:00,44823292.8434,19194,411.041,29180480.7149
2026-03-24 08:40:00+00:00,71043.6,71046.5,70971.8,71037.2,234.963,2026-03-24 08:44:59.999000+00:00,16685212.1126,8207,131.905,9366943.4859
2026-03-24 08:45:00+00:00,71037.1,71066.6,70936.9,70936.9,333.308,2026-03-24 08:49:59.999000+00:00,23670846.6708,9683,148.224,10528992.4932
2026-03-24 08:50:00+00:00,70936.9,71017.5,70890.5,70936.4,366.077,2026-03-24 08:54:59.999000+00:00,25968994.0546,15734,139.289,9880546.412
2026-03-24 08:55:00+00:00,70936.4,70970.5,70851.0,70933.8,287.091,2026-03-24 08:59:59.999000+00:00,20357983.452,9905,166.358,11798254.0877
2026-03-24 09:00:00+00:00,70933.8,71005.5,70924.0,71005.3,326.903,2026-03-24 09:04:59.999000+00:00,23196164.9184,10897,195.907,13901354.6521
2026-03-24 09:05:00+00:00,71005.4,71009.8,70920.0,70932.8,273.089,2026-03-24 09:09:59.999000+00:00,19381728.4638,9373,138.926,9860584.2839
2026-03-24 09:10:00+00:00,70932.7,70969.5,70840.6,70840.7,366.308,2026-03-24 09:14:59.999000+00:00,25966397.9077,10713,125.22,8877452.7886
2026-03-24 09:15:00+00:00,70840.6,71004.0,70812.7,71003.9,613.519,2026-03-24 09:19:59.999000+00:00,43504596.0319,14986,406.309,28812438.1878
2026-03-24 09:20:00+00:00,71004.0,71014.2,70902.5,70929.0,250.047,2026-03-24 09:24:59.999000+00:00,17739451.1103,7435,98.273,6972081.8304
2026-03-24 09:25:00+00:00,70929.0,71006.0,70928.9,70980.1,167.114,2026-03-24 09:29:59.999000+00:00,11862016.2555,6349,96.573,6854683.25
2026-03-24 09:30:00+00:00,70980.0,71070.0,70946.5,70983.9,272.069,2026-03-24 09:34:59.999000+00:00,19318839.6349,10499,173.968,12353761.3977
2026-03-24 09:35:00+00:00,70983.9,71062.3,70983.9,71056.6,257.127,2026-03-24 09:39:59.999000+00:00,18264847.2439,8225,178.005,12644639.3156
2026-03-24 09:40:00+00:00,71056.5,71220.0,71056.5,71211.7,762.31,2026-03-24 09:44:59.999000+00:00,54247671.7564,17842,450.073,32026095.1087
2026-03-24 09:45:00+00:00,71211.6,71215.9,71150.2,71185.4,222.18,2026-03-24 09:49:59.999000+00:00,15815459.4265,8357,88.533,6302092.6368
2026-03-24 09:50:00+00:00,71185.4,71324.8,71121.0,71293.8,827.894,2026-03-24 09:54:59.999000+00:00,58987711.1221,15668,554.934,39543853.8301
2026-03-24 09:55:00+00:00,71293.8,71339.8,71270.3,71288.5,478.853,2026-03-24 09:59:59.999000+00:00,34140870.1866,11524,239.958,17107845.868
2026-03-24 10:00:00+00:00,71288.5,71296.8,71184.7,71228.8,585.886,2026-03-24 10:04:59.999000+00:00,41735544.4433,13576,271.979,19374046.507
2026-03-24 10:05:00+00:00,71228.8,71295.9,71208.4,71287.5,289.283,2026-03-24 10:09:59.999000+00:00,20614102.369,8542,131.483,9369798.304
2026-03-24 10:10:00+00:00,71287.5,71299.8,71200.5,71227.2,279.466,2026-03-24 10:14:59.999000+00:00,19909154.4462,7197,141.174,10057454.5281
2026-03-24 10:15:00+00:00,71227.2,71227.2,71103.2,71162.9,580.517,2026-03-24 10:19:59.999000+00:00,41312760.6475,13193,198.307,14112363.779
2026-03-24 10:20:00+00:00,71162.9,71215.9,71107.6,71155.1,280.691,2026-03-24 10:24:59.999000+00:00,19976948.8433,8747,130.243,9270600.7706
2026-03-24 10:25:00+00:00,71155.1,71155.2,71065.0,71077.9,241.978,2026-03-24 10:29:59.999000+00:00,17206475.8338,6949,83.075,5907833.3436
2026-03-24 10:30:00+00:00,71078.0,71120.9,71050.1,71070.1,304.953,2026-03-24 10:34:59.999000+00:00,21677641.3677,9547,141.826,10081871.8767
2026-03-24 10:35:00+00:00,71070.0,71219.3,71063.4,71205.3,365.449,2026-03-24 10:39:59.999000+00:00,26005161.1503,9465,224.971,16009200.9388
2026-03-24 10:40:00+00:00,71205.2,71249.8,71165.9,71213.5,549.797,2026-03-24 10:44:59.999000+00:00,39150222.601,12192,240.914,17154560.2964
2026-03-24 10:45:00+00:00,71213.5,71213.5,71114.9,71144.9,167.565,2026-03-24 10:49:59.999000+00:00,11923010.7385,6699,69.15,4920208.3551
2026-03-24 10:50:00+00:00,71145.0,71189.8,71130.9,71172.5,239.344,2026-03-24 10:54:59.999000+00:00,17031627.2274,7207,85.507,6084616.4439
2026-03-24 10:55:00+00:00,71172.4,71259.2,71170.0,71237.4,187.291,2026-03-24 10:59:59.999000+00:00,13339575.8197,6146,114.871,8181223.4757
2026-03-24 11:00:00+00:00,71237.4,71237.4,70937.7,70977.8,909.967,2026-03-24 11:04:59.999000+00:00,64638730.637,22898,362.114,25721122.399
2026-03-24 11:05:00+00:00,70977.8,71150.1,70977.7,71147.0,443.191,2026-03-24 11:09:59.999000+00:00,31500463.1006,11169,294.604,20940668.9489
2026-03-24 11:10:00+00:00,71147.1,71179.2,71038.7,71082.6,349.258,2026-03-24 11:14:59.999000+00:00,24835124.7984,11377,159.593,11349699.4293
2026-03-24 11:15:00+00:00,71082.6,71094.4,70916.9,70990.5,488.857,2026-03-24 11:19:59.999000+00:00,34698946.3564,13801,188.459,13376913.3694
2026-03-24 11:20:00+00:00,70990.5,71010.0,70946.5,71009.9,202.875,2026-03-24 11:24:59.999000+00:00,14400434.74,7421,105.701,7502776.1024
2026-03-24 11:25:00+00:00,71010.0,71049.9,70952.6,71035.3,209.34,2026-03-24 11:29:59.999000+00:00,14864459.7002,7437,103.732,7365982.7991
2026-03-24 11:30:00+00:00,71035.3,71154.8,71002.1,71154.7,359.927,2026-03-24 11:34:59.999000+00:00,25577208.9075,11210,239.781,17040432.7044
2026-03-24 11:35:00+00:00,71154.8,71236.0,71101.4,71192.6,480.494,2026-03-24 11:39:59.999000+00:00,34196473.4605,14546,256.755,18273674.7871
2026-03-24 11:40:00+00:00,71192.7,71301.9,71176.4,71205.5,693.327,2026-03-24 11:44:59.999000+00:00,49386781.5059,14162,421.985,30060450.9642
2026-03-24 11:45:00+00:00,71205.5,71284.5,71190.9,71244.5,411.721,2026-03-24 11:49:59.999000+00:00,29335416.4529,11225,230.982,16458090.2706
2026-03-24 11:50:00+00:00,71244.5,71249.2,70980.9,71058.3,594.874,2026-03-24 11:54:59.999000+00:00,42290929.4569,16851,248.685,17680046.7202
2026-03-24 11:55:00+00:00,71058.3,71116.4,71057.6,71116.4,251.727,2026-03-24 11:59:59.999000+00:00,17894986.088,6657,150.684,10711739.0214
2026-03-24 12:00:00+00:00,71116.4,71144.0,70975.0,70975.0,528.643,2026-03-24 12:04:59.999000+00:00,37553398.2557,12568,261.564,18576527.562
2026-03-24 12:05:00+00:00,70975.0,71019.0,70950.0,71018.0,313.177,2026-03-24 12:09:59.999000+00:00,22228443.4177,10021,156.07,11077685.059
2026-03-24 12:10:00+00:00,71018.0,71081.6,70942.0,71033.2,371.098,2026-03-24 12:14:59.999000+00:00,26348608.6018,8658,229.828,16318329.7247
2026-03-24 12:15:00+00:00,71033.2,71050.0,70958.4,71010.2,210.603,2026-03-24 12:19:59.999000+00:00,14954937.9179,9017,98.146,6969871.5745
2026-03-24 12:20:00+00:00,71010.2,71045.1,70973.7,71025.4,389.84,2026-03-24 12:24:59.999000+00:00,27685867.7572,8645,280.346,19910825.8037
2026-03-24 12:25:00+00:00,71025.5,71075.9,70995.6,71050.3,194.046,2026-03-24 12:29:59.999000+00:00,13786467.1152,5986,129.514,9201382.7065
2026-03-24 12:30:00+00:00,71050.3,71050.3,70836.9,70876.4,617.667,2026-03-24 12:34:59.999000+00:00,43797025.7051,15530,145.898,10343897.1072
2026-03-24 12:35:00+00:00,70876.5,70925.0,70822.2,70879.6,669.249,2026-03-24 12:39:59.999000+00:00,47432922.8316,15986,372.772,26422351.5523
2026-03-24 12:40:00+00:00,70879.7,70962.7,70862.0,70862.0,295.54,2026-03-24 12:44:59.999000+00:00,20959092.6891,8522,119.89,8502629.4704
2026-03-24 12:45:00+00:00,70862.0,70903.4,70834.2,70851.8,354.532,2026-03-24 12:49:59.999000+00:00,25126279.7088,9697,163.306,11573943.0222
2026-03-24 12:50:00+00:00,70851.8,70997.4,70851.5,70947.9,328.892,2026-03-24 12:54:59.999000+00:00,23323786.5187,10333,227.678,16143473.1957
2026-03-24 12:55:00+00:00,70947.9,70952.0,70895.8,70924.4,143.903,2026-03-24 12:59:59.999000+00:00,10205756.6629,7082,80.454,5705876.8441
2026-03-24 13:00:00+00:00,70924.4,71029.2,70910.1,70942.8,227.83,2026-03-24 13:04:59.999000+00:00,16169250.8831,9715,137.67,9771182.4043
2026-03-24 13:05:00+00:00,70942.8,70994.0,70610.1,70690.1,1680.215,2026-03-24 13:09:59.999000+00:00,118858491.173,37279,621.62,43973392.6165
2026-03-24 13:10:00+00:00,70690.1,70854.0,70680.1,70790.3,694.415,2026-03-24 13:14:59.999000+00:00,49139719.1624,16174,358.18,25347490.0104
2026-03-24 13:15:00+00:00,70790.2,70831.0,70572.6,70578.8,846.484,2026-03-24 13:19:59.999000+00:00,59827966.8447,21046,350.986,24809217.3695
2026-03-24 13:20:00+00:00,70578.8,70658.6,70534.9,70621.1,1211.881,2026-03-24 13:24:59.999000+00:00,85541907.9971,23728,642.253,45334540.8287
2026-03-24 13:25:00+00:00,70621.1,70680.5,70550.0,70569.9,462.724,2026-03-24 13:29:59.999000+00:00,32672993.0338,13501,220.951,15600884.5679
2026-03-24 13:30:00+00:00,70569.9,70752.8,70536.0,70694.1,1458.3,2026-03-24 13:34:59.999000+00:00,103049953.8468,45426,626.495,44270810.759
2026-03-24 13:35:00+00:00,70694.1,70726.0,70405.1,70459.2,1468.587,2026-03-24 13:39:59.999000+00:00,103575294.0512,46306,607.431,42844918.5493
2026-03-24 13:40:00+00:00,70459.2,70459.2,70192.4,70284.6,4011.884,2026-03-24 13:44:59.999000+00:00,282058735.144,63626,1624.404,114220524.0823
2026-03-24 13:45:00+00:00,70284.6,70410.6,70168.0,70211.5,1625.395,2026-03-24 13:49:59.999000+00:00,114235540.4679,40803,815.147,57297062.8462
2026-03-24 13:50:00+00:00,70211.5,70303.1,69888.0,70039.4,4770.161,2026-03-24 13:54:59.999000+00:00,334240849.4984,76842,1835.696,128645740.9613
2026-03-24 13:55:00+00:00,70039.4,70139.4,69935.0,70067.0,1487.535,2026-03-24 13:59:59.999000+00:00,104191810.6784,33648,860.855,60301775.3168
2026-03-24 14:00:00+00:00,70067.0,70267.9,70042.9,70266.1,1695.82,2026-03-24 14:04:59.999000+00:00,119028117.777,40186,980.301,68805051.2477
2026-03-24 14:05:00+00:00,70266.1,70449.0,70178.5,70284.3,1397.014,2026-03-24 14:09:59.999000+00:00,98214446.8597,35372,753.215,52962379.4589
2026-03-24 14:10:00+00:00,70284.5,70299.8,69718.0,69829.8,3569.655,2026-03-24 14:14:59.999000+00:00,249411941.3179,60490,1408.697,98400916.2936
2026-03-24 14:15:00+00:00,69829.8,69946.3,69756.0,69887.5,1963.677,2026-03-24 14:19:59.999000+00:00,137172171.0533,44905,1190.523,83163126.437
2026-03-24 14:20:00+00:00,69887.5,69981.7,69809.0,69886.5,883.695,2026-03-24 14:24:59.999000+00:00,61777894.0977,31675,432.371,30226334.2374
2026-03-24 14:25:00+00:00,69886.5,70064.9,69810.0,69970.1,1068.574,2026-03-24 14:29:59.999000+00:00,74764010.281,28545,606.847,42462272.8301
2026-03-24 14:30:00+00:00,69970.1,70104.0,69940.0,70104.0,827.89,2026-03-24 14:34:59.999000+00:00,57988363.1938,25642,467.271,32730035.7299
2026-03-24 14:35:00+00:00,70104.0,70104.0,69800.2,69800.2,913.841,2026-03-24 14:39:59.999000+00:00,63941753.8757,29652,357.723,25034104.2494
2026-03-24 14:40:00+00:00,69800.1,69865.7,69738.0,69818.9,1418.782,2026-03-24 14:44:59.999000+00:00,99014601.9726,30033,602.456,42044302.4508
2026-03-24 14:45:00+00:00,69818.8,69834.3,69567.8,69604.5,3022.624,2026-03-24 14:49:59.999000+00:00,210573125.8721,59413,1339.205,93291233.5387
2026-03-24 14:50:00+00:00,69604.4,70033.4,69467.8,69873.9,4512.411,2026-03-24 14:54:59.999000+00:00,314843628.9191,84348,2505.88,174928108.6916
2026-03-24 14:55:00+00:00,69873.9,70026.9,69671.2,69847.6,2385.3,2026-03-24 14:59:59.999000+00:00,166723712.901,51825,1291.541,90279364.9926
2026-03-24 15:00:00+00:00,69847.6,70030.0,69847.6,69962.1,1274.358,2026-03-24 15:04:59.999000+00:00,89145180.1873,42066,685.42,47952439.6926
2026-03-24 15:05:00+00:00,69962.0,70030.1,69888.0,69934.9,860.401,2026-03-24 15:09:59.999000+00:00,60204128.8864,27704,458.958,32115526.0086
2026-03-24 15:10:00+00:00,69935.0,70005.9,69818.0,69927.2,505.62,2026-03-24 15:14:59.999000+00:00,35357180.5567,24106,247.628,17318182.6932
2026-03-24 15:15:00+00:00,69927.2,69997.8,69876.9,69936.5,704.075,2026-03-24 15:19:59.999000+00:00,49237498.6817,24105,331.367,23174012.8235
2026-03-24 15:20:00+00:00,69936.4,70240.0,69881.6,70176.1,2598.152,2026-03-24 15:24:59.999000+00:00,182220417.329,43167,1590.368,111552461.1186
2026-03-24 15:25:00+00:00,70176.0,70220.0,69976.0,69997.6,1748.435,2026-03-24 15:29:59.999000+00:00,122636934.3147,27667,736.665,51677533.181
2026-03-24 15:30:00+00:00,69997.5,70047.1,69739.5,69889.9,1234.491,2026-03-24 15:34:59.999000+00:00,86231854.5526,31901,559.363,39072496.7666
2026-03-24 15:35:00+00:00,69889.9,70141.9,69876.9,70065.2,1057.575,2026-03-24 15:39:59.999000+00:00,74044245.5223,27278,627.161,43917437.8938
2026-03-24 15:40:00+00:00,70065.2,70126.0,69972.4,70022.3,521.455,2026-03-24 15:44:59.999000+00:00,36531895.569,16738,293.301,20552756.3055
2026-03-24 15:45:00+00:00,70022.2,70037.0,69923.9,70031.5,559.103,2026-03-24 15:49:59.999000+00:00,39129605.2541,15188,308.997,21623933.2521
2026-03-24 15:50:00+00:00,70031.6,70168.6,70021.1,70070.0,662.17,2026-03-24 15:54:59.999000+00:00,46418983.0368,17615,383.185,26862755.8517
2026-03-24 15:55:00+00:00,70070.1,70070.1,69822.7,69837.7,815.545,2026-03-24 15:59:59.999000+00:00,57003488.2307,21869,354.62,24785942.4131
2026-03-24 16:00:00+00:00,69837.6,69857.6,69775.5,69801.9,997.304,2026-03-24 16:04:59.999000+00:00,69623097.6962,22638,405.136,28284010.5326
2026-03-24 16:05:00+00:00,69801.8,69874.0,69760.1,69852.5,508.631,2026-03-24 16:09:59.999000+00:00,35512669.6733,17549,220.829,15418541.4499
2026-03-24 16:10:00+00:00,69852.5,69911.5,69823.4,69878.8,550.495,2026-03-24 16:14:59.999000+00:00,38460619.0605,15741,241.237,16854409.8656
2026-03-24 16:15:00+00:00,69878.8,69979.0,69822.9,69920.2,553.782,2026-03-24 16:19:59.999000+00:00,38715658.6277,15149,222.476,15553842.0906
2026-03-24 16:20:00+00:00,69920.2,69931.2,69803.6,69805.8,596.787,2026-03-24 16:24:59.999000+00:00,41692340.1032,17228,259.003,18096877.3108
2026-03-24 16:25:00+00:00,69805.9,69849.2,69593.9,69769.8,1801.423,2026-03-24 16:29:59.999000+00:00,125566718.4384,31277,845.196,58924279.1263
2026-03-24 16:30:00+00:00,69769.9,69815.6,69613.0,69701.4,911.374,2026-03-24 16:34:59.999000+00:00,63528103.4553,21760,436.406,30421658.3114
2026-03-24 16:35:00+00:00,69701.1,69706.7,69281.2,69372.5,3233.157,2026-03-24 16:39:59.999000+00:00,224611219.2037,51067,1236.629,85911974.2799
2026-03-24 16:40:00+00:00,69371.9,69537.2,69324.4,69537.1,2197.944,2026-03-24 16:44:59.999000+00:00,152608401.8117,33052,1421.622,98708973.9328
2026-03-24 16:45:00+00:00,69537.2,69594.0,69454.1,69478.0,725.552,2026-03-24 16:49:59.999000+00:00,50437388.5447,19509,337.87,23486151.053
2026-03-24 16:50:00+00:00,69478.0,69583.5,69471.0,69489.1,513.869,2026-03-24 16:54:59.999000+00:00,35729911.4717,14766,277.459,19292373.4048
2026-03-24 16:55:00+00:00,69489.0,69504.5,69387.2,69448.3,688.937,2026-03-24 16:59:59.999000+00:00,47836069.4952,16481,303.438,21068785.5166
2026-03-24 17:00:00+00:00,69448.4,69486.0,69243.5,69278.4,1180.904,2026-03-24 17:04:59.999000+00:00,81892775.6572,26457,559.557,38797012.1858
2026-03-24 17:05:00+00:00,69278.3,69278.3,69088.0,69130.3,2729.919,2026-03-24 17:09:59.999000+00:00,188793135.8991,59797,1232.231,85214862.9258
2026-03-24 17:10:00+00:00,69130.3,69233.9,69101.0,69205.2,819.603,2026-03-24 17:14:59.999000+00:00,56704228.4799,23402,447.761,30977713.4884
2026-03-24 17:15:00+00:00,69205.2,69263.9,69074.0,69085.8,850.634,2026-03-24 17:19:59.999000+00:00,58828329.8522,23084,478.368,33084231.098
2026-03-24 17:20:00+00:00,69085.8,69200.0,69082.5,69163.1,589.69,2026-03-24 17:24:59.999000+00:00,40780391.0718,18965,279.324,19316819.2641
2026-03-24 17:25:00+00:00,69163.0,69180.0,69083.8,69149.5,338.553,2026-03-24 17:29:59.999000+00:00,23404350.36,14119,172.369,11916050.4436
2026-03-24 17:30:00+00:00,69149.4,69214.9,69025.0,69096.0,732.944,2026-03-24 17:34:59.999000+00:00,50655666.5609,21130,344.422,23807883.0327
2026-03-24 17:35:00+00:00,69096.0,69305.0,69046.6,69237.6,802.128,2026-03-24 17:39:59.999000+00:00,55510401.2912,22858,458.107,31700429.2997
2026-03-24 17:40:00+00:00,69237.6,69257.1,68888.8,68911.1,2006.413,2026-03-24 17:44:59.999000+00:00,138456877.7387,32305,667.677,46090690.1343
2026-03-24 17:45:00+00:00,68911.1,69034.3,68884.5,69029.0,1222.965,2026-03-24 17:49:59.999000+00:00,84321509.5549,23442,632.856,43637775.8301
2026-03-24 17:50:00+00:00,69028.9,69126.5,68962.5,69024.2,705.262,2026-03-24 17:54:59.999000+00:00,48680744.8603,18117,398.869,27533636.168
2026-03-24 17:55:00+00:00,69024.2,69242.1,68972.4,69205.0,2055.941,2026-03-24 17:59:59.999000+00:00,142193057.6094,41616,1249.854,86455117.8647
2026-03-24 18:00:00+00:00,69205.0,69319.8,69127.4,69240.8,1563.544,2026-03-24 18:04:59.999000+00:00,108226506.5606,29035,811.538,56182201.7444
2026-03-24 18:05:00+00:00,69240.9,69300.0,69168.0,69280.5,717.337,2026-03-24 18:09:59.999000+00:00,49672548.1097,17366,383.919,26587944.3472
2026-03-24 18:10:00+00:00,69280.5,69363.1,69220.2,69331.5,570.344,2026-03-24 18:14:59.999000+00:00,39521506.268,15325,341.874,23689555.7251
2026-03-24 18:15:00+00:00,69331.5,69388.0,69239.7,69359.5,513.802,2026-03-24 18:19:59.999000+00:00,35612070.5257,19092,236.725,16408433.3075
2026-03-24 18:20:00+00:00,69359.5,69481.8,69322.3,69414.5,1316.442,2026-03-24 18:24:59.999000+00:00,91384931.2887,24789,706.176,49024986.3715
2026-03-24 18:25:00+00:00,69414.5,69451.8,69350.0,69383.5,427.988,2026-03-24 18:29:59.999000+00:00,29704105.6333,12114,201.244,13967116.4605
2026-03-24 18:30:00+00:00,69383.5,69550.0,69341.0,69478.2,762.181,2026-03-24 18:34:59.999000+00:00,52934581.0925,21803,367.635,25539242.1794
2026-03-24 18:35:00+00:00,69478.1,69724.8,69470.0,69714.3,1144.73,2026-03-24 18:39:59.999000+00:00,79700211.6792,23012,692.052,48187386.2354
2026-03-24 18:40:00+00:00,69714.3,69714.3,69450.0,69493.5,618.774,2026-03-24 18:44:59.999000+00:00,43032770.6989,20502,256.09,17806581.1298
2026-03-24 18:45:00+00:00,69493.6,69539.7,69402.9,69428.9,523.184,2026-03-24 18:49:59.999000+00:00,36338514.627,14514,206.805,14363652.165
2026-03-24 18:50:00+00:00,69429.0,69539.9,69420.0,69498.8,443.416,2026-03-24 18:54:59.999000+00:00,30801625.7845,11698,235.062,16328385.5902
2026-03-24 18:55:00+00:00,69498.9,69498.9,69389.4,69399.5,264.198,2026-03-24 18:59:59.999000+00:00,18344672.8654,9337,103.58,7191602.7607
2026-03-24 19:00:00+00:00,69399.5,69513.8,69395.9,69489.0,395.974,2026-03-24 19:04:59.999000+00:00,27505436.8905,13968,156.184,10849264.1508
2026-03-24 19:05:00+00:00,69489.0,69594.0,69464.5,69563.2,246.248,2026-03-24 19:09:59.999000+00:00,17117800.8519,10268,119.082,8278046.9408
2026-03-24 19:10:00+00:00,69563.2,69612.7,69548.7,69608.5,250.835,2026-03-24 19:14:59.999000+00:00,17454828.4492,8902,133.745,9307028.258
2026-03-24 19:15:00+00:00,69608.4,69668.8,69576.1,69631.3,245.178,2026-03-24 19:19:59.999000+00:00,17068207.0435,9102,126.268,8790749.0762
2026-03-24 19:20:00+00:00,69631.3,69631.4,69538.4,69562.6,316.473,2026-03-24 19:24:59.999000+00:00,22023570.7477,10862,106.85,7436136.2696
2026-03-24 19:25:00+00:00,69562.6,69562.8,69489.6,69510.4,222.554,2026-03-24 19:29:59.999000+00:00,15474782.9096,7569,79.557,5531851.0052
2026-03-24 19:30:00+00:00,69510.4,69510.4,69352.0,69378.2,766.979,2026-03-24 19:34:59.999000+00:00,53240398.0577,18090,268.062,18603262.1634
2026-03-24 19:35:00+00:00,69378.1,69432.6,69336.2,69397.4,306.837,2026-03-24 19:39:59.999000+00:00,21289283.1096,9076,170.006,11796134.405
2026-03-24 19:40:00+00:00,69397.5,69445.0,69376.0,69407.3,195.93,2026-03-24 19:44:59.999000+00:00,13599985.0531,7225,107.543,7464600.2129
2026-03-24 19:45:00+00:00,69407.2,69407.2,69265.1,69277.1,438.749,2026-03-24 19:49:59.999000+00:00,30407598.4225,10919,125.457,8695392.5411
2026-03-24 19:50:00+00:00,69277.0,69330.0,69226.0,69330.0,514.295,2026-03-24 19:54:59.999000+00:00,35632553.7762,12863,337.606,23391927.6683
2026-03-24 19:55:00+00:00,69330.0,69358.9,69261.6,69342.6,374.753,2026-03-24 19:59:59.999000+00:00,25971944.796,11275,194.041,13448069.7545
2026-03-24 20:00:00+00:00,69342.6,69387.2,69300.0,69300.1,353.395,2026-03-24 20:04:59.999000+00:00,24506763.2493,9631,186.769,12953174.3411
2026-03-24 20:05:00+00:00,69300.0,69329.8,69257.9,69314.5,176.313,2026-03-24 20:09:59.999000+00:00,12216936.7593,6277,102.476,7100842.8323
2026-03-24 20:10:00+00:00,69314.4,69384.6,69312.7,69384.6,95.719,2026-03-24 20:14:59.999000+00:00,6637170.5909,4651,64.978,4505514.5064
2026-03-24 20:15:00+00:00,69384.6,69499.2,69384.6,69495.4,229.846,2026-03-24 20:19:59.999000+00:00,15957656.9205,8116,168.984,11732289.3931
2026-03-24 20:20:00+00:00,69495.4,69937.7,69495.4,69926.7,2440.237,2026-03-24 20:24:59.999000+00:00,170258711.9421,56617,1374.436,95903610.154
2026-03-24 20:25:00+00:00,69926.7,70270.0,69908.2,69975.0,3834.489,2026-03-24 20:29:59.999000+00:00,268676709.8316,64714,2184.758,153101550.0116
2026-03-24 20:30:00+00:00,69974.9,70197.4,69930.7,69940.5,1561.081,2026-03-24 20:34:59.999000+00:00,109356123.3514,32145,650.473,45571815.1005
2026-03-24 20:35:00+00:00,69940.5,70121.9,69926.4,70094.6,1116.76,2026-03-24 20:39:59.999000+00:00,78191478.7917,29691,502.004,35146796.331
2026-03-24 20:40:00+00:00,70094.7,70106.5,69984.0,70027.1,747.185,2026-03-24 20:44:59.999000+00:00,52336002.8294,19474,310.847,21773637.0795
2026-03-24 20:45:00+00:00,70027.1,70069.9,69858.4,70059.1,828.922,2026-03-24 20:49:59.999000+00:00,57983773.3658,22338,335.634,23477851.0258
2026-03-24 20:50:00+00:00,70059.1,70212.5,70005.4,70030.5,836.928,2026-03-24 20:54:59.999000+00:00,58671984.2078,19388,526.411,36906362.2913
2026-03-24 20:55:00+00:00,70030.5,70114.4,70015.7,70066.6,362.019,2026-03-24 20:59:59.999000+00:00,25360337.887,9913,202.925,14216890.6219
2026-03-24 21:00:00+00:00,70066.6,70166.8,70046.9,70140.6,480.267,2026-03-24 21:04:59.999000+00:00,33672459.5566,12170,246.594,17289152.9849
2026-03-24 21:05:00+00:00,70140.6,70182.9,69963.5,69999.9,672.152,2026-03-24 21:09:59.999000+00:00,47103399.8579,14118,258.049,18083987.2608
2026-03-24 21:10:00+00:00,69999.9,70021.3,69901.0,69959.9,401.08,2026-03-24 21:14:59.999000+00:00,28062649.7087,9077,148.135,10363851.7871
2026-03-24 21:15:00+00:00,69960.0,70005.4,69903.4,69958.0,260.283,2026-03-24 21:19:59.999000+00:00,18205597.3117,6908,125.999,8813431.0174
2026-03-24 21:20:00+00:00,69957.9,69963.0,69844.3,69869.4,260.548,2026-03-24 21:24:59.999000+00:00,18217467.6168,5468,86.288,6034564.6249
2026-03-24 21:25:00+00:00,69869.5,70099.9,69869.4,70022.5,629.074,2026-03-24 21:29:59.999000+00:00,44036096.7422,12239,337.202,23600909.0804
2026-03-24 21:30:00+00:00,70022.6,70133.1,69992.0,70037.2,296.914,2026-03-24 21:34:59.999000+00:00,20800993.9189,8338,163.127,11428136.9102
2026-03-24 21:35:00+00:00,70037.1,70195.7,70012.7,70164.3,437.306,2026-03-24 21:39:59.999000+00:00,30654773.745,12321,231.396,16220541.7338
2026-03-24 21:40:00+00:00,70164.3,70386.6,70118.7,70240.1,1002.807,2026-03-24 21:44:59.999000+00:00,70477022.4498,25807,625.606,43973324.8232
2026-03-24 21:45:00+00:00,70240.1,70365.9,70180.9,70284.9,561.8,2026-03-24 21:49:59.999000+00:00,39484521.0916,24880,302.005,21227290.6427
2026-03-24 21:50:00+00:00,70284.9,70303.4,70171.0,70253.7,354.26,2026-03-24 21:54:59.999000+00:00,24875581.1821,12003,152.73,10723285.5741
2026-03-24 21:55:00+00:00,70253.7,70312.5,70164.5,70296.2,487.629,2026-03-24 21:59:59.999000+00:00,34243494.9347,12390,289.169,20305423.0016
2026-03-24 22:00:00+00:00,70296.2,70327.3,70180.0,70252.5,314.216,2026-03-24 22:04:59.999000+00:00,22073913.2915,12588,145.875,10248217.7597
2026-03-24 22:05:00+00:00,70252.6,70521.9,70243.5,70478.4,1129.238,2026-03-24 22:09:59.999000+00:00,79525571.6639,24745,795.104,55992770.568
2026-03-24 22:10:00+00:00,70478.3,70548.1,70436.5,70497.8,835.309,2026-03-24 22:14:59.999000+00:00,58893053.5972,20708,419.169,29554763.1552
2026-03-24 22:15:00+00:00,70497.7,70503.4,70364.8,70390.0,395.82,2026-03-24 22:19:59.999000+00:00,27874928.5513,15356,119.249,8398116.3383
2026-03-24 22:20:00+00:00,70390.0,70430.2,70352.0,70401.0,331.272,2026-03-24 22:24:59.999000+00:00,23317953.0788,11795,157.635,11095980.4572
2026-03-24 22:25:00+00:00,70400.9,70402.8,70143.8,70204.4,909.268,2026-03-24 22:29:59.999000+00:00,63883925.9571,20984,230.474,16200684.609
2026-03-24 22:30:00+00:00,70204.4,70283.5,70084.0,70179.4,593.238,2026-03-24 22:34:59.999000+00:00,41640134.9855,19169,273.673,19211449.8013
2026-03-24 22:35:00+00:00,70179.4,70249.0,70136.0,70217.4,240.23,2026-03-24 22:39:59.999000+00:00,16864884.7353,8576,120.231,8440291.0968
2026-03-24 22:40:00+00:00,70217.4,70285.7,70200.0,70250.1,134.995,2026-03-24 22:44:59.999000+00:00,9483428.6732,5514,72.848,5117500.2727
2026-03-24 22:45:00+00:00,70250.0,70300.0,70204.0,70299.9,255.244,2026-03-24 22:49:59.999000+00:00,17932563.2637,7867,167.231,11749216.3439
2026-03-24 22:50:00+00:00,70300.0,70359.1,70238.1,70298.8,414.484,2026-03-24 22:54:59.999000+00:00,29136722.1816,9267,223.471,15708543.8752
2026-03-24 22:55:00+00:00,70298.9,70339.0,70277.9,70277.9,155.21,2026-03-24 22:59:59.999000+00:00,10914052.8618,5540,80.374,5651789.9042
2026-03-24 23:00:00+00:00,70278.0,70324.8,70216.7,70284.7,288.679,2026-03-24 23:04:59.999000+00:00,20283364.9911,11862,124.642,8758412.5716
2026-03-24 23:05:00+00:00,70284.7,70503.4,70240.0,70493.4,716.51,2026-03-24 23:09:59.999000+00:00,50444317.5554,15811,496.167,34930523.5428
2026-03-24 23:10:00+00:00,70493.4,70555.4,70474.0,70499.9,738.541,2026-03-24 23:14:59.999000+00:00,52073281.229,12484,386.145,27227465.6262
2026-03-24 23:15:00+00:00,70499.9,70547.2,70477.0,70500.0,332.919,2026-03-24 23:19:59.999000+00:00,23474641.4254,10173,161.275,11372013.1579
2026-03-24 23:20:00+00:00,70499.9,70693.9,70464.9,70511.2,1632.369,2026-03-24 23:24:59.999000+00:00,115182218.104,27335,978.648,69055874.497
2026-03-24 23:25:00+00:00,70511.1,70729.1,70498.6,70712.0,1093.889,2026-03-24 23:29:59.999000+00:00,77294868.9533,20315,643.363,45459382.8264
2026-03-24 23:30:00+00:00,70712.1,70800.0,70681.7,70711.4,1465.865,2026-03-24 23:34:59.999000+00:00,103697844.3373,23068,872.374,61713187.3694
2026-03-24 23:35:00+00:00,70711.5,70759.2,70678.2,70732.6,361.992,2026-03-24 23:39:59.999000+00:00,25595876.6638,9427,183.397,12967737.8015
2026-03-24 23:40:00+00:00,70732.5,70760.1,70624.8,70625.5,372.679,2026-03-24 23:44:59.999000+00:00,26347175.43,9575,147.598,10436307.4522
2026-03-24 23:45:00+00:00,70625.5,70658.9,70525.0,70621.6,430.494,2026-03-24 23:49:59.999000+00:00,30385607.8187,12353,215.647,15220457.2233
2026-03-24 23:50:00+00:00,70621.5,70621.6,70546.0,70548.2,308.244,2026-03-24 23:54:59.999000+00:00,21758386.8048,6256,172.538,12179117.153
2026-03-24 23:55:00+00:00,70548.2,70562.1,70502.0,70523.9,226.222,2026-03-24 23:59:59.999000+00:00,15954108.1727,5277,102.338,7216818.0389
2026-03-25 00:00:00+00:00,70524.0,70604.2,70493.0,70594.5,443.978,2026-03-25 00:04:59.999000+00:00,31313178.6911,11119,221.813,15644823.654
2026-03-25 00:05:00+00:00,70594.5,70665.5,70522.8,70665.5,256.097,2026-03-25 00:09:59.999000+00:00,18083719.6992,10062,156.114,11024467.3008
2026-03-25 00:10:00+00:00,70665.5,70723.5,70630.0,70690.0,351.092,2026-03-25 00:14:59.999000+00:00,24813988.9111,12409,161.212,11394023.3659
2026-03-25 00:15:00+00:00,70690.1,70692.9,70531.5,70570.3,266.981,2026-03-25 00:19:59.999000+00:00,18850714.5822,10920,104.795,7399479.0675
2026-03-25 00:20:00+00:00,70570.4,70591.5,70530.1,70568.8,161.265,2026-03-25 00:24:59.999000+00:00,11378360.7828,6294,53.166,3751173.7
2026-03-25 00:25:00+00:00,70568.7,70645.8,70568.7,70630.0,227.765,2026-03-25 00:29:59.999000+00:00,16083315.846,6243,107.71,7605925.8606
2026-03-25 00:30:00+00:00,70630.0,70829.9,70422.6,70769.1,1390.562,2026-03-25 00:34:59.999000+00:00,98267633.2012,31840,898.193,63499967.5947
2026-03-25 00:35:00+00:00,70769.2,70888.0,70755.0,70863.9,970.926,2026-03-25 00:39:59.999000+00:00,68770151.6852,17735,675.211,47825896.9044
2026-03-25 00:40:00+00:00,70864.0,71028.0,70848.8,70893.7,1563.353,2026-03-25 00:44:59.999000+00:00,110898521.9121,33107,1030.756,73117824.4895
2026-03-25 00:45:00+00:00,70893.7,70962.0,70840.1,70840.2,494.827,2026-03-25 00:49:59.999000+00:00,35089274.7156,14957,228.713,16218550.6438
2026-03-25 00:50:00+00:00,70840.2,70863.5,70750.2,70841.5,489.547,2026-03-25 00:54:59.999000+00:00,34660945.9681,14715,257.057,18200338.3808
2026-03-25 00:55:00+00:00,70841.6,70900.0,70800.0,70804.3,209.092,2026-03-25 00:59:59.999000+00:00,14814468.3407,8016,107.577,7622033.0741
2026-03-25 01:00:00+00:00,70804.3,70851.9,70734.3,70780.5,627.07,2026-03-25 01:04:59.999000+00:00,44388756.0749,17673,217.378,15388211.3636
2026-03-25 01:05:00+00:00,70780.5,70820.4,70660.4,70790.7,608.823,2026-03-25 01:09:59.999000+00:00,43069447.8867,16248,356.198,25200595.2482
2026-03-25 01:10:00+00:00,70790.7,70950.0,70770.0,70770.0,619.28,2026-03-25 01:14:59.999000+00:00,43889145.6535,16703,357.078,25309368.9378
2026-03-25 01:15:00+00:00,70770.1,70782.1,70680.0,70693.6,393.747,2026-03-25 01:19:59.999000+00:00,27847376.4013,10945,144.201,10199083.2929
2026-03-25 01:20:00+00:00,70693.6,70810.5,70693.4,70693.5,413.73,2026-03-25 01:24:59.999000+00:00,29272779.6852,12510,180.291,12757403.6776
2026-03-25 01:25:00+00:00,70693.5,70738.8,70650.7,70727.1,314.989,2026-03-25 01:29:59.999000+00:00,22265963.4257,10132,124.065,8769906.7944
2026-03-25 01:30:00+00:00,70727.1,70760.9,70590.6,70619.6,606.195,2026-03-25 01:34:59.999000+00:00,42831531.5204,18823,126.845,8963422.7902
2026-03-25 01:35:00+00:00,70619.6,70692.7,70598.2,70641.6,365.533,2026-03-25 01:39:59.999000+00:00,25819373.5876,11903,156.542,11057433.8422
2026-03-25 01:40:00+00:00,70641.7,70777.0,70610.1,70707.2,301.372,2026-03-25 01:44:59.999000+00:00,21309022.2927,13041,144.449,10213184.1885
2026-03-25 01:45:00+00:00,70707.3,70769.9,70674.0,70750.2,203.483,2026-03-25 01:49:59.999000+00:00,14393248.2886,7913,127.006,8983567.1368
2026-03-25 01:50:00+00:00,70750.2,70793.6,70730.6,70741.4,139.627,2026-03-25 01:54:59.999000+00:00,9879598.6173,6556,67.089,4746951.1022
2026-03-25 01:55:00+00:00,70741.4,70754.9,70643.1,70643.1,405.266,2026-03-25 01:59:59.999000+00:00,28651797.9954,8478,96.674,6836062.8307
2026-03-25 02:00:00+00:00,70643.1,70678.9,70560.0,70617.2,336.936,2026-03-25 02:04:59.999000+00:00,23793220.6036,12771,160.914,11363207.2765
2026-03-25 02:05:00+00:00,70617.1,70617.2,70570.1,70578.2,226.442,2026-03-25 02:09:59.999000+00:00,15983892.8415,8170,83.141,5868572.9701
2026-03-25 02:10:00+00:00,70578.2,70614.4,70503.4,70573.7,447.412,2026-03-25 02:14:59.999000+00:00,31566941.0601,12556,253.672,17896855.7156
2026-03-25 02:15:00+00:00,70573.9,70618.4,70484.7,70576.7,491.038,2026-03-25 02:19:59.999000+00:00,34643392.2545,12728,227.246,16033799.1632
2026-03-25 02:20:00+00:00,70576.7,70599.0,70547.4,70558.1,251.1,2026-03-25 02:24:59.999000+00:00,17719241.2007,8046,135.819,9583904.9323
2026-03-25 02:25:00+00:00,70558.2,70637.0,70533.4,70564.4,204.259,2026-03-25 02:29:59.999000+00:00,14418107.8359,7191,106.654,7528788.348
2026-03-25 02:30:00+00:00,70564.4,70625.0,70484.7,70600.0,294.875,2026-03-25 02:34:59.999000+00:00,20803298.3992,9523,156.299,11027814.9225
2026-03-25 02:35:00+00:00,70599.9,70741.5,70585.3,70681.7,275.746,2026-03-25 02:39:59.999000+00:00,19489096.0476,9841,182.204,12877383.4307
2026-03-25 02:40:00+00:00,70681.7,70714.9,70654.5,70660.2,182.901,2026-03-25 02:44:59.999000+00:00,12929421.2405,7157,80.738,5707286.5612
2026-03-25 02:45:00+00:00,70660.1,70714.8,70584.4,70596.4,266.973,2026-03-25 02:49:59.999000+00:00,18862575.4264,8154,67.723,4785623.8874
2026-03-25 02:50:00+00:00,70596.3,70618.4,70547.7,70551.5,227.085,2026-03-25 02:54:59.999000+00:00,16028211.323,7576,115.731,8168659.3435
2026-03-25 02:55:00+00:00,70551.5,70553.3,70460.1,70500.0,460.262,2026-03-25 02:59:59.999000+00:00,32446835.6432,9922,228.391,16099054.4923
2026-03-25 03:00:00+00:00,70500.0,70541.6,70482.6,70528.5,279.722,2026-03-25 03:04:59.999000+00:00,19722675.3641,7998,125.699,8862854.5638
2026-03-25 03:05:00+00:00,70528.5,70528.6,70441.2,70467.5,377.711,2026-03-25 03:09:59.999000+00:00,26618204.8998,10994,156.829,11051804.718
2026-03-25 03:10:00+00:00,70467.3,70508.9,70378.0,70471.9,673.517,2026-03-25 03:14:59.999000+00:00,47444006.7832,13640,260.741,18366934.3705
2026-03-25 03:15:00+00:00,70471.9,70479.5,70375.0,70450.8,636.657,2026-03-25 03:19:59.999000+00:00,44834469.0679,11790,309.16,21771817.7414
2026-03-25 03:20:00+00:00,70450.7,70464.4,70396.6,70424.1,358.561,2026-03-25 03:24:59.999000+00:00,25251306.246,7495,130.927,9220311.2252
2026-03-25 03:25:00+00:00,70424.1,70521.7,70399.9,70500.1,213.076,2026-03-25 03:29:59.999000+00:00,15008736.3768,6330,120.998,8523298.34
2026-03-25 03:30:00+00:00,70500.1,70679.8,70500.1,70624.9,524.508,2026-03-25 03:34:59.999000+00:00,37034022.3865,15776,332.87,23501995.761
2026-03-25 03:35:00+00:00,70624.9,70777.9,70624.9,70735.5,506.682,2026-03-25 03:39:59.999000+00:00,35834117.9265,15299,281.03,19874198.7239
2026-03-25 03:40:00+00:00,70735.7,70751.2,70684.0,70715.5,357.295,2026-03-25 03:44:59.999000+00:00,25268630.9696,8994,214.015,15135858.7151
2026-03-25 03:45:00+00:00,70715.5,70776.4,70686.1,70695.1,255.784,2026-03-25 03:49:59.999000+00:00,18091211.286,8395,122.96,8697403.2545
2026-03-25 03:50:00+00:00,70695.1,70738.2,70681.8,70693.6,254.571,2026-03-25 03:54:59.999000+00:00,17998548.3964,8043,129.306,9141937.7677
2026-03-25 03:55:00+00:00,70693.6,70739.3,70678.7,70689.3,240.028,2026-03-25 03:59:59.999000+00:00,16971992.8148,6247,132.601,9376031.4851
2026-03-25 04:00:00+00:00,70689.2,70745.3,70659.9,70683.2,230.27,2026-03-25 04:04:59.999000+00:00,16277956.5478,7547,108.944,7701604.5152
2026-03-25 04:05:00+00:00,70683.2,70878.8,70683.1,70867.4,479.165,2026-03-25 04:09:59.999000+00:00,33922358.5897,12606,353.49,25024674.4703
2026-03-25 04:10:00+00:00,70867.4,70879.3,70805.4,70817.5,394.419,2026-03-25 04:14:59.999000+00:00,27941056.3537,9929,167.859,11891485.2001
2026-03-25 04:15:00+00:00,70817.4,70817.4,70746.0,70805.9,194.577,2026-03-25 04:19:59.999000+00:00,13773346.0674,6026,63.986,4529383.7513
2026-03-25 04:20:00+00:00,70805.9,70835.0,70742.6,70834.9,206.442,2026-03-25 04:24:59.999000+00:00,14611846.3555,6363,122.159,8647154.7115
2026-03-25 04:25:00+00:00,70834.9,70920.0,70797.2,70833.1,445.266,2026-03-25 04:29:59.999000+00:00,31551882.855,10442,226.741,16067915.8122
2026-03-25 04:30:00+00:00,70833.1,70851.0,70727.1,70733.1,253.241,2026-03-25 04:34:59.999000+00:00,17924489.7283,7055,69.14,4893845.2287
2026-03-25 04:35:00+00:00,70733.0,70765.5,70702.6,70735.5,345.678,2026-03-25 04:39:59.999000+00:00,24450024.7372,7684,158.832,11233535.9137
2026-03-25 04:40:00+00:00,70735.7,70788.5,70735.7,70739.5,152.671,2026-03-25 04:44:59.999000+00:00,10803944.987,4929,45.323,3207330.1441
2026-03-25 04:45:00+00:00,70739.5,70765.1,70691.6,70710.4,270.012,2026-03-25 04:49:59.999000+00:00,19096367.2919,6559,147.572,10437534.9631
2026-03-25 04:50:00+00:00,70710.5,70758.0,70710.5,70749.9,126.36,2026-03-25 04:54:59.999000+00:00,8937652.9697,3381,58.554,4141564.339
2026-03-25 04:55:00+00:00,70749.8,70949.3,70749.8,70938.1,489.072,2026-03-25 04:59:59.999000+00:00,34669265.7944,12853,335.304,23768024.5504
2026-03-25 05:00:00+00:00,70938.1,70963.5,70900.2,70950.1,387.485,2026-03-25 05:04:59.999000+00:00,27486632.8236,10667,217.536,15431630.9327
2026-03-25 05:05:00+00:00,70950.0,71273.9,70950.0,71175.0,2423.286,2026-03-25 05:09:59.999000+00:00,172395005.9737,52571,1393.369,99115981.9916
2026-03-25 05:10:00+00:00,71175.0,71319.9,71159.0,71209.6,1542.222,2026-03-25 05:14:59.999000+00:00,109896307.6287,28374,787.58,56125361.9961
2026-03-25 05:15:00+00:00,71209.6,71219.1,71071.1,71084.9,618.439,2026-03-25 05:19:59.999000+00:00,43992519.3425,12943,210.196,14951676.5867
2026-03-25 05:20:00+00:00,71084.9,71139.9,71073.6,71078.6,436.415,2026-03-25 05:24:59.999000+00:00,31032443.9759,9043,161.344,11473489.3331
2026-03-25 05:25:00+00:00,71078.7,71175.4,71052.0,71160.9,404.155,2026-03-25 05:29:59.999000+00:00,28741478.7986,10533,211.736,15058551.4823
2026-03-25 05:30:00+00:00,71160.8,71200.0,71076.4,71099.8,368.964,2026-03-25 05:34:59.999000+00:00,26250581.1316,10236,201.546,14340545.3762
2026-03-25 05:35:00+00:00,71099.8,71164.8,71086.2,71121.9,214.755,2026-03-25 05:39:59.999000+00:00,15275651.8642,6878,76.306,5427558.4671
2026-03-25 05:40:00+00:00,71121.9,71220.0,71112.2,71183.8,238.455,2026-03-25 05:44:59.999000+00:00,16973404.3462,6716,133.39,9495075.0802
2026-03-25 05:45:00+00:00,71183.8,71211.6,71082.4,71093.3,297.182,2026-03-25 05:49:59.999000+00:00,21143763.9251,7012,96.03,6831924.882
2026-03-25 05:50:00+00:00,71093.3,71102.2,71047.0,71092.4,378.365,2026-03-25 05:54:59.999000+00:00,26892574.9223,7144,162.039,11517675.4989
2026-03-25 05:55:00+00:00,71092.4,71092.5,71040.3,71080.1,239.078,2026-03-25 05:59:59.999000+00:00,16990393.9574,5888,104.683,7439691.3492
2026-03-25 06:00:00+00:00,71080.1,71126.0,71017.8,71031.7,304.623,2026-03-25 06:04:59.999000+00:00,21653045.7074,8608,131.806,9369706.0943
2026-03-25 06:05:00+00:00,71031.7,71038.7,70950.2,70993.9,618.702,2026-03-25 06:09:59.999000+00:00,43925126.0819,13559,232.263,16490380.0628
2026-03-25 06:10:00+00:00,70994.0,71042.9,70993.9,71042.9,181.576,2026-03-25 06:14:59.999000+00:00,12894723.3962,5317,89.067,6325153.239
2026-03-25 06:15:00+00:00,71042.9,71191.3,71042.8,71155.8,477.841,2026-03-25 06:19:59.999000+00:00,33993846.1909,11333,300.484,21376871.7253
2026-03-25 06:20:00+00:00,71155.8,71233.7,71155.7,71164.4,307.945,2026-03-25 06:24:59.999000+00:00,21924819.1355,9257,175.701,12509756.7679
2026-03-25 06:25:00+00:00,71164.3,71199.9,71161.6,71195.8,212.948,2026-03-25 06:29:59.999000+00:00,15156902.5964,5120,125.863,8958292.9711
2026-03-25 06:30:00+00:00,71195.8,71216.8,71123.8,71193.8,489.493,2026-03-25 06:34:59.999000+00:00,34843273.3389,8380,343.258,24435544.15
2026-03-25 06:35:00+00:00,71193.8,71210.7,71112.0,71141.4,389.408,2026-03-25 06:39:59.999000+00:00,27715310.0212,9816,144.564,10289281.468
2026-03-25 06:40:00+00:00,71141.3,71197.0,71137.8,71153.6,219.282,2026-03-25 06:44:59.999000+00:00,15605598.4953,5614,104.478,7434951.8291
2026-03-25 06:45:00+00:00,71153.6,71191.8,71141.3,71151.6,342.129,2026-03-25 06:49:59.999000+00:00,24347540.4728,5836,74.679,5314596.9898
2026-03-25 06:50:00+00:00,71151.6,71170.0,71100.0,71109.1,336.658,2026-03-25 06:54:59.999000+00:00,23946396.2166,7789,112.924,8033273.9366
2026-03-25 06:55:00+00:00,71109.1,71109.1,70928.5,70962.8,669.063,2026-03-25 06:59:59.999000+00:00,47509015.4835,11732,204.757,14536480.3457
2026-03-25 07:00:00+00:00,70962.8,71032.5,70916.1,71000.0,586.253,2026-03-25 07:04:59.999000+00:00,41605593.147,12899,299.864,21281454.9889
2026-03-25 07:05:00+00:00,71000.1,71035.1,70965.2,70995.2,216.157,2026-03-25 07:09:59.999000+00:00,15347904.3647,6250,81.405,5779887.0507
2026-03-25 07:10:00+00:00,70995.3,71113.1,70995.2,71105.3,231.473,2026-03-25 07:14:59.999000+00:00,16451120.4115,6824,160.729,11422684.7011
2026-03-25 07:15:00+00:00,71105.4,71121.3,71038.7,71075.3,272.166,2026-03-25 07:19:59.999000+00:00,19344942.7286,7332,80.052,5691002.5471
2026-03-25 07:20:00+00:00,71075.3,71075.4,71006.7,71008.9,149.068,2026-03-25 07:24:59.999000+00:00,10591176.1956,5708,60.471,4296681.4644
2026-03-25 07:25:00+00:00,71009.0,71045.2,71008.9,71028.9,132.016,2026-03-25 07:29:59.999000+00:00,9376628.1426,4066,67.646,4804665.1636
2026-03-25 07:30:00+00:00,71028.9,71170.4,71028.9,71140.1,287.682,2026-03-25 07:34:59.999000+00:00,20458675.6386,6848,158.798,11292005.8879
2026-03-25 07:35:00+00:00,71140.0,71185.1,71118.7,71175.0,313.387,2026-03-25 07:39:59.999000+00:00,22300834.3231,8555,214.491,15263304.88
2026-03-25 07:40:00+00:00,71174.9,71233.6,71000.0,71023.0,558.861,2026-03-25 07:44:59.999000+00:00,39759840.231,11984,304.394,21661619.9528
2026-03-25 07:45:00+00:00,71023.0,71053.2,70850.0,70940.2,994.778,2026-03-25 07:49:59.999000+00:00,70548525.4002,22272,426.794,30267790.2414
2026-03-25 07:50:00+00:00,70940.2,70940.2,70877.4,70877.5,365.417,2026-03-25 07:54:59.999000+00:00,25913708.2484,7648,129.167,9159960.9683
2026-03-25 07:55:00+00:00,70877.4,70906.6,70854.3,70900.0,383.291,2026-03-25 07:59:59.999000+00:00,27169380.4914,7773,209.807,14872655.7362
2026-03-25 08:00:00+00:00,70899.9,70980.0,70899.9,70962.6,318.792,2026-03-25 08:04:59.999000+00:00,22615305.9166,9588,184.822,13110818.7843
2026-03-25 08:05:00+00:00,70962.5,70965.9,70801.0,70819.9,661.77,2026-03-25 08:09:59.999000+00:00,46899310.5897,17801,264.617,18752280.0312
2026-03-25 08:10:00+00:00,70819.9,70833.0,70752.5,70774.6,626.274,2026-03-25 08:14:59.999000+00:00,44334562.7829,13458,223.291,15807213.6811
2026-03-25 08:15:00+00:00,70774.6,71080.0,70774.6,71068.8,758.661,2026-03-25 08:19:59.999000+00:00,53830977.8348,16199,544.547,38636965.19
2026-03-25 08:20:00+00:00,71068.9,71109.6,71006.1,71050.0,466.114,2026-03-25 08:24:59.999000+00:00,33120069.6709,11207,289.784,20590411.7714
2026-03-25 08:25:00+00:00,71050.1,71226.0,71007.8,71155.6,748.478,2026-03-25 08:29:59.999000+00:00,53245099.6685,16657,498.554,35468202.0822
2026-03-25 08:30:00+00:00,71155.7,71478.0,71142.7,71458.7,2416.603,2026-03-25 08:34:59.999000+00:00,172425118.9126,47789,1597.832,114000976.8616
2026-03-25 08:35:00+00:00,71458.8,71471.8,71259.8,71330.0,1111.924,2026-03-25 08:39:59.999000+00:00,79353712.3515,27994,496.37,35423794.7747
2026-03-25 08:40:00+00:00,71329.9,71460.0,71329.9,71438.2,783.405,2026-03-25 08:44:59.999000+00:00,55931859.3828,16491,431.519,30807977.4634
2026-03-25 08:45:00+00:00,71438.3,71438.3,71283.7,71290.7,572.022,2026-03-25 08:49:59.999000+00:00,40816065.2855,13921,256.149,18277620.6631
2026-03-25 08:50:00+00:00,71290.7,71305.2,71211.7,71219.9,377.447,2026-03-25 08:54:59.999000+00:00,26897093.9251,9139,129.261,9211693.3993
2026-03-25 08:55:00+00:00,71219.9,71258.1,71179.3,71209.1,253.62,2026-03-25 08:59:59.999000+00:00,18062220.5283,8724,136.144,9696081.2147
2026-03-25 09:00:00+00:00,71209.2,71260.1,71178.9,71215.8,334.706,2026-03-25 09:04:59.999000+00:00,23837213.2812,10973,191.513,13638979.6962
2026-03-25 09:05:00+00:00,71215.8,71330.0,71200.0,71329.9,317.23,2026-03-25 09:09:59.999000+00:00,22608687.5517,12191,196.368,13994512.2911
2026-03-25 09:10:00+00:00,71330.0,71347.2,71262.0,71290.0,340.406,2026-03-25 09:14:59.999000+00:00,24271272.2855,11295,180.906,12898796.4205
2026-03-25 09:15:00+00:00,71290.0,71361.2,71275.7,71284.3,263.861,2026-03-25 09:19:59.999000+00:00,18817047.9145,8934,148.474,10588773.3582
2026-03-25 09:20:00+00:00,71284.3,71358.9,71108.0,71191.2,604.489,2026-03-25 09:24:59.999000+00:00,43041144.3688,13259,247.582,17631347.0451
2026-03-25 09:25:00+00:00,71191.2,71275.0,71156.7,71226.7,311.984,2026-03-25 09:29:59.999000+00:00,22218481.5156,7895,120.99,8616978.2571
2026-03-25 09:30:00+00:00,71226.6,71290.2,71208.8,71222.9,280.364,2026-03-25 09:34:59.999000+00:00,19974474.2141,9664,134.119,9556413.235
2026-03-25 09:35:00+00:00,71222.8,71270.4,71188.9,71267.4,344.601,2026-03-25 09:39:59.999000+00:00,24544109.7333,10304,158.404,11282945.3071
2026-03-25 09:40:00+00:00,71267.4,71274.6,71219.1,71226.3,181.328,2026-03-25 09:44:59.999000+00:00,12919809.8987,6521,104.07,7415151.3157
2026-03-25 09:45:00+00:00,71226.4,71229.1,71058.4,71128.0,598.214,2026-03-25 09:49:59.999000+00:00,42548038.7906,15380,241.207,17153773.8759
2026-03-25 09:50:00+00:00,71128.0,71188.7,71128.0,71186.0,279.571,2026-03-25 09:54:59.999000+00:00,19893854.2056,7201,170.893,12160460.547
2026-03-25 09:55:00+00:00,71185.9,71376.0,71185.9,71301.5,646.951,2026-03-25 09:59:59.999000+00:00,46112961.647,16548,382.665,27281405.2496
2026-03-25 10:00:00+00:00,71301.4,71400.0,71250.9,71285.5,708.769,2026-03-25 10:04:59.999000+00:00,50567226.1218,17272,343.416,24501685.4924
2026-03-25 10:05:00+00:00,71285.4,71376.8,71280.0,71361.2,292.165,2026-03-25 10:09:59.999000+00:00,20842834.0871,9131,200.311,14290325.6846
2026-03-25 10:10:00+00:00,71361.3,71420.0,71350.4,71386.9,355.669,2026-03-25 10:14:59.999000+00:00,25388575.8121,9690,243.891,17410001.3234
2026-03-25 10:15:00+00:00,71386.9,71450.0,71332.7,71410.0,461.392,2026-03-25 10:19:59.999000+00:00,32947065.7537,11162,302.358,21592630.7489
2026-03-25 10:20:00+00:00,71410.0,71446.9,71350.0,71364.7,343.922,2026-03-25 10:24:59.999000+00:00,24556467.5752,9454,172.854,12341564.6113
2026-03-25 10:25:00+00:00,71364.8,71409.2,71360.2,71369.8,187.406,2026-03-25 10:29:59.999000+00:00,13376592.204,6000,100.384,7165198.4109
2026-03-25 10:30:00+00:00,71369.7,71381.5,71281.0,71322.7,337.167,2026-03-25 10:34:59.999000+00:00,24049392.6196,9655,134.06,9562083.7036
2026-03-25 10:35:00+00:00,71322.7,71376.8,71306.7,71322.9,165.229,2026-03-25 10:39:59.999000+00:00,11785813.769,5874,83.083,5926279.7364
2026-03-25 10:40:00+00:00,71322.9,71398.0,71278.7,71397.9,189.43,2026-03-25 10:44:59.999000+00:00,13511059.2899,6712,92.454,6594867.3096
2026-03-25 10:45:00+00:00,71398.0,71600.0,71396.5,71504.9,1617.669,2026-03-25 10:49:59.999000+00:00,115668372.9001,26893,1037.24,74165926.6835
2026-03-25 10:50:00+00:00,71504.9,71574.7,71488.1,71544.0,507.953,2026-03-25 10:54:59.999000+00:00,36331348.0406,11471,296.611,21214907.9758
2026-03-25 10:55:00+00:00,71544.0,71550.5,71448.4,71462.7,493.077,2026-03-25 10:59:59.999000+00:00,35246884.72,8225,221.01,15797800.8453
2026-03-25 11:00:00+00:00,71462.7,71478.6,71425.0,71467.1,290.851,2026-03-25 11:04:59.999000+00:00,20781451.6153,9109,110.782,7915732.8274
2026-03-25 11:05:00+00:00,71467.2,71517.3,71430.8,71499.9,261.235,2026-03-25 11:09:59.999000+00:00,18673120.4777,9066,141.369,10105670.5745
2026-03-25 11:10:00+00:00,71499.9,71568.0,71473.6,71559.2,431.588,2026-03-25 11:14:59.999000+00:00,30865875.7657,11034,247.837,17725086.8847
2026-03-25 11:15:00+00:00,71559.1,71660.0,71559.1,71658.2,832.901,2026-03-25 11:19:59.999000+00:00,59650804.7117,18333,500.336,35833831.0522
2026-03-25 11:20:00+00:00,71658.2,71732.8,71620.0,71657.5,1034.121,2026-03-25 11:24:59.999000+00:00,74121871.7859,21141,550.473,39457846.5164
2026-03-25 11:25:00+00:00,71657.5,71935.9,71645.1,71832.8,1975.769,2026-03-25 11:29:59.999000+00:00,141885794.4339,30707,1345.569,96630591.3131
2026-03-25 11:30:00+00:00,71832.9,71949.9,71794.9,71894.5,2208.95,2026-03-25 11:34:59.999000+00:00,158808619.3014,39914,1243.48,89401276.4947
2026-03-25 11:35:00+00:00,71894.6,71999.9,71777.4,71865.2,1677.091,2026-03-25 11:39:59.999000+00:00,120579010.1641,34610,978.367,70356648.1296
2026-03-25 11:40:00+00:00,71865.2,71899.6,71737.3,71782.2,923.511,2026-03-25 11:44:59.999000+00:00,66308633.4295,19069,482.221,34626512.7945
2026-03-25 11:45:00+00:00,71782.2,71785.8,71484.5,71561.9,1576.695,2026-03-25 11:49:59.999000+00:00,112925082.8822,30594,599.103,42902683.3098
2026-03-25 11:50:00+00:00,71561.9,71663.1,71528.4,71600.9,726.654,2026-03-25 11:54:59.999000+00:00,52019246.8278,17268,410.852,29410487.5949
2026-03-25 11:55:00+00:00,71601.0,71660.4,71594.0,71650.3,411.856,2026-03-25 11:59:59.999000+00:00,29501765.8379,9988,273.246,19572672.1234
2026-03-25 12:00:00+00:00,71650.3,71760.1,71650.3,71759.3,750.171,2026-03-25 12:04:59.999000+00:00,53795717.7633,18689,410.133,29410228.6944
2026-03-25 12:05:00+00:00,71759.3,71816.7,71730.8,71779.7,481.25,2026-03-25 12:09:59.999000+00:00,34545915.6121,12725,235.462,16902787.4575
2026-03-25 12:10:00+00:00,71779.7,71800.4,71702.8,71716.9,377.721,2026-03-25 12:14:59.999000+00:00,27102979.6729,10697,134.355,9641311.0008
2026-03-25 12:15:00+00:00,71716.9,71721.8,71247.7,71390.4,2874.497,2026-03-25 12:19:59.999000+00:00,205332633.7345,50628,1130.953,80799991.6665
2026-03-25 12:20:00+00:00,71390.4,71407.0,71085.5,71190.2,2781.74,2026-03-25 12:24:59.999000+00:00,198185502.7443,52255,1347.862,96018038.6038
2026-03-25 12:25:00+00:00,71190.1,71316.4,71099.0,71310.3,1801.746,2026-03-25 12:29:59.999000+00:00,128359413.5468,34091,934.149,66556558.259
2026-03-25 12:30:00+00:00,71310.3,71344.3,71149.9,71342.0,1314.624,2026-03-25 12:34:59.999000+00:00,93656248.9383,31982,678.482,48338590.3652
2026-03-25 12:35:00+00:00,71342.0,71374.6,71260.2,71369.4,712.69,2026-03-25 12:39:59.999000+00:00,50832485.3546,20268,421.398,30056265.0757
2026-03-25 12:40:00+00:00,71369.5,71450.0,71322.9,71327.2,935.395,2026-03-25 12:44:59.999000+00:00,66781469.5083,20588,476.98,34055280.3731
2026-03-25 12:45:00+00:00,71327.2,71339.1,71249.3,71293.3,601.598,2026-03-25 12:49:59.999000+00:00,42887852.0048,15471,260.086,18541509.6384
2026-03-25 12:50:00+00:00,71293.3,71393.0,71252.3,71393.0,369.875,2026-03-25 12:54:59.999000+00:00,26374996.2077,12568,257.849,18387648.1871
2026-03-25 12:55:00+00:00,71393.0,71933.3,71386.2,71685.4,3688.522,2026-03-25 12:59:59.999000+00:00,264470173.039,64379,2156.21,154606615.445
2026-03-25 13:00:00+00:00,71685.4,71837.0,71603.8,71700.0,1084.971,2026-03-25 13:04:59.999000+00:00,77842797.7309,28971,484.544,34764459.0767
2026-03-25 13:05:00+00:00,71700.0,71712.2,71613.7,71639.7,519.402,2026-03-25 13:09:59.999000+00:00,37218561.4628,15596,209.661,15023084.682
2026-03-25 13:10:00+00:00,71639.8,71740.0,71632.0,71675.4,302.71,2026-03-25 13:14:59.999000+00:00,21698218.5138,10681,160.641,11514964.2753
2026-03-25 13:15:00+00:00,71675.3,71675.4,71574.6,71625.3,349.237,2026-03-25 13:19:59.999000+00:00,25009105.1399,11219,143.884,10303427.0268
2026-03-25 13:20:00+00:00,71625.3,71683.5,71578.0,71597.5,359.366,2026-03-25 13:24:59.999000+00:00,25738657.9357,9320,145.986,10455675.8835
2026-03-25 13:25:00+00:00,71597.5,71611.0,71550.0,71594.2,314.998,2026-03-25 13:29:59.999000+00:00,22547729.5283,8437,127.472,9124809.9151
2026-03-25 13:30:00+00:00,71594.2,71873.4,71587.2,71723.8,1448.502,2026-03-25 13:34:59.999000+00:00,103952040.2916,47806,839.322,60233658.1841
2026-03-25 13:35:00+00:00,71723.8,71931.9,71723.8,71793.1,1142.734,2026-03-25 13:39:59.999000+00:00,82095794.0501,36465,592.575,42576711.4227
2026-03-25 13:40:00+00:00,71793.1,71921.0,71671.0,71696.4,730.6,2026-03-25 13:44:59.999000+00:00,52456029.4964,28743,321.016,23056937.4219
2026-03-25 13:45:00+00:00,71696.6,71793.7,71619.0,71625.4,594.985,2026-03-25 13:49:59.999000+00:00,42656379.852,27748,259.911,18635671.2649
2026-03-25 13:50:00+00:00,71625.5,71724.7,71473.3,71625.0,930.214,2026-03-25 13:54:59.999000+00:00,66584988.1796,35020,442.849,31702615.3802
2026-03-25 13:55:00+00:00,71625.0,71730.0,71498.4,71546.6,637.464,2026-03-25 13:59:59.999000+00:00,45658373.215,24787,260.097,18628537.273
2026-03-25 14:00:00+00:00,71546.6,71666.6,71383.2,71450.0,1331.185,2026-03-25 14:04:59.999000+00:00,95178010.1993,40792,571.228,40847101.3325
2026-03-25 14:05:00+00:00,71450.0,71575.2,71350.0,71510.0,920.182,2026-03-25 14:09:59.999000+00:00,65736231.0845,34361,407.08,29087293.6081
2026-03-25 14:10:00+00:00,71509.9,71509.9,71233.6,71364.9,1326.882,2026-03-25 14:14:59.999000+00:00,94666624.117,35221,598.308,42686922.9125
2026-03-25 14:15:00+00:00,71365.0,71510.8,71288.6,71315.3,594.503,2026-03-25 14:19:59.999000+00:00,42457866.4446,22606,341.796,24412475.0952
2026-03-25 14:20:00+00:00,71315.3,71457.8,71232.0,71253.3,646.574,2026-03-25 14:24:59.999000+00:00,46139040.2925,23821,360.066,25697189.5323
2026-03-25 14:25:00+00:00,71253.4,71468.8,71253.4,71341.2,717.806,2026-03-25 14:29:59.999000+00:00,51211375.9026,30817,412.619,29436447.643
2026-03-25 14:30:00+00:00,71341.1,71500.0,71287.8,71477.0,466.651,2026-03-25 14:34:59.999000+00:00,33327914.2203,22213,283.057,20217289.6798
2026-03-25 14:35:00+00:00,71477.0,71530.0,71271.8,71316.0,507.439,2026-03-25 14:39:59.999000+00:00,36221408.4675,21841,238.146,17003029.4033
2026-03-25 14:40:00+00:00,71316.1,71387.3,71300.1,71331.4,362.514,2026-03-25 14:44:59.999000+00:00,25861267.0365,14057,196.583,14024196.9483
2026-03-25 14:45:00+00:00,71331.4,71387.1,71250.0,71374.9,642.722,2026-03-25 14:49:59.999000+00:00,45834049.9865,19774,315.026,22465749.7156
2026-03-25 14:50:00+00:00,71374.9,71417.3,71303.1,71310.5,385.875,2026-03-25 14:54:59.999000+00:00,27543210.4895,14453,232.531,16598469.6755
2026-03-25 14:55:00+00:00,71310.6,71315.2,71190.0,71203.6,550.992,2026-03-25 14:59:59.999000+00:00,39263911.9747,16764,250.858,17877816.1671
2026-03-25 15:00:00+00:00,71203.6,71282.3,71183.8,71234.3,562.786,2026-03-25 15:04:59.999000+00:00,40084030.9586,21079,322.752,22988736.6545
2026-03-25 15:05:00+00:00,71234.3,71260.9,70851.1,70891.2,3260.422,2026-03-25 15:09:59.999000+00:00,231539173.9797,61043,1419.342,100795157.2348
2026-03-25 15:10:00+00:00,70891.1,70998.2,70704.6,70788.1,2287.53,2026-03-25 15:14:59.999000+00:00,162052313.0622,50290,914.186,64769153.9053
2026-03-25 15:15:00+00:00,70788.2,70840.5,70531.4,70662.0,3496.133,2026-03-25 15:19:59.999000+00:00,246976690.1744,68571,1644.898,116205940.7528
2026-03-25 15:20:00+00:00,70661.9,70942.0,70657.4,70903.5,1779.007,2026-03-25 15:24:59.999000+00:00,125984922.4379,38703,1161.208,82229259.4685
2026-03-25 15:25:00+00:00,70903.5,70997.0,70869.9,70986.7,811.383,2026-03-25 15:29:59.999000+00:00,57550027.3582,22420,436.562,30966316.0171
2026-03-25 15:30:00+00:00,70986.8,71078.1,70924.7,70937.3,1383.19,2026-03-25 15:34:59.999000+00:00,98204786.1613,30990,795.898,56512530.38
2026-03-25 15:35:00+00:00,70937.3,70953.3,70788.5,70832.3,792.308,2026-03-25 15:39:59.999000+00:00,56148466.3628,22501,415.304,29432386.5177
2026-03-25 15:40:00+00:00,70832.4,70883.1,70779.5,70855.1,524.455,2026-03-25 15:44:59.999000+00:00,37146997.0322,16816,292.591,20724480.5628
2026-03-25 15:45:00+00:00,70855.2,70862.5,70741.7,70857.5,714.088,2026-03-25 15:49:59.999000+00:00,50558878.3839,20984,298.59,21143116.9152
2026-03-25 15:50:00+00:00,70857.4,70924.5,70810.2,70852.9,371.397,2026-03-25 15:54:59.999000+00:00,26322302.9195,15267,222.88,15796817.5322
2026-03-25 15:55:00+00:00,70852.9,70916.8,70784.2,70792.4,522.871,2026-03-25 15:59:59.999000+00:00,37035951.5375,18885,228.017,16152847.8575
2026-03-25 16:00:00+00:00,70792.4,70867.5,70786.0,70829.8,577.239,2026-03-25 16:04:59.999000+00:00,40884124.5924,17948,348.155,24658532.4583
2026-03-25 16:05:00+00:00,70829.8,70956.0,70671.3,70933.3,2065.8,2026-03-25 16:09:59.999000+00:00,146296554.7344,29253,691.514,48980654.4973
2026-03-25 16:10:00+00:00,70933.3,70933.4,70813.6,70840.6,524.541,2026-03-25 16:14:59.999000+00:00,37173742.416,14845,200.817,14231761.6189
2026-03-25 16:15:00+00:00,70840.7,70912.8,70797.4,70905.3,443.409,2026-03-25 16:19:59.999000+00:00,31411865.189,14368,244.101,17294021.179
2026-03-25 16:20:00+00:00,70905.2,71046.4,70853.4,71046.4,763.401,2026-03-25 16:24:59.999000+00:00,54165627.2714,20768,528.374,37491141.4871
2026-03-25 16:25:00+00:00,71045.4,71742.2,71040.0,71475.3,6358.571,2026-03-25 16:29:59.999000+00:00,454067186.7924,99089,3926.735,280268160.6822
2026-03-25 16:30:00+00:00,71475.3,71500.0,71341.7,71390.1,1392.862,2026-03-25 16:34:59.999000+00:00,99492100.5016,37210,693.79,49559608.1592
2026-03-25 16:35:00+00:00,71390.0,71605.1,71358.9,71599.3,652.998,2026-03-25 16:39:59.999000+00:00,46671451.518,23321,362.895,25937923.5637
2026-03-25 16:40:00+00:00,71599.3,71599.4,71415.0,71434.5,480.417,2026-03-25 16:44:59.999000+00:00,34347771.3059,17412,180.147,12879240.3561
2026-03-25 16:45:00+00:00,71434.6,71437.8,71252.9,71300.0,914.446,2026-03-25 16:49:59.999000+00:00,65217926.2318,21352,338.679,24152240.1225
2026-03-25 16:50:00+00:00,71300.0,71380.0,71202.4,71362.1,569.931,2026-03-25 16:54:59.999000+00:00,40624067.8873,18974,238.203,16981562.2362
2026-03-25 16:55:00+00:00,71362.0,71380.0,71250.0,71290.0,281.989,2026-03-25 16:59:59.999000+00:00,20111579.64,9938,160.483,11444762.1842
2026-03-25 17:00:00+00:00,71290.0,71361.8,71232.7,71278.4,324.015,2026-03-25 17:04:59.999000+00:00,23100785.7247,15581,169.364,12075426.7714
2026-03-25 17:05:00+00:00,71278.4,71278.4,71141.5,71164.6,466.822,2026-03-25 17:09:59.999000+00:00,33233904.0865,15976,175.032,12460155.0474
2026-03-25 17:10:00+00:00,71164.6,71184.3,71052.0,71120.5,800.381,2026-03-25 17:14:59.999000+00:00,56918360.2624,19895,281.558,20022308.3595
2026-03-25 17:15:00+00:00,71120.4,71120.5,70923.1,70998.2,758.162,2026-03-25 17:19:59.999000+00:00,53829672.0829,21962,323.365,22955655.6171
2026-03-25 17:20:00+00:00,70998.2,71114.4,70962.7,71049.9,391.027,2026-03-25 17:24:59.999000+00:00,27779256.5101,15041,280.731,19943622.0012
2026-03-25 17:25:00+00:00,71050.0,71176.4,71031.7,71043.7,507.18,2026-03-25 17:29:59.999000+00:00,36062068.4048,15000,300.979,21401477.0354
2026-03-25 17:30:00+00:00,71043.7,71043.7,70916.1,70973.3,386.012,2026-03-25 17:34:59.999000+00:00,27392922.7002,14592,178.701,12681179.2472
2026-03-25 17:35:00+00:00,70973.3,71000.0,70806.7,70859.3,601.633,2026-03-25 17:39:59.999000+00:00,42641853.6567,18775,241.621,17125383.808
2026-03-25 17:40:00+00:00,70859.2,70980.8,70837.8,70883.4,419.553,2026-03-25 17:44:59.999000+00:00,29747304.3753,15885,248.362,17610185.1131
2026-03-25 17:45:00+00:00,70883.3,70948.6,70851.1,70861.9,232.075,2026-03-25 17:49:59.999000+00:00,16452775.4932,11070,130.401,9244614.6742
2026-03-25 17:50:00+00:00,70862.0,70894.2,70708.6,70764.4,761.71,2026-03-25 17:54:59.999000+00:00,53922707.5138,23759,323.411,22895374.523
2026-03-25 17:55:00+00:00,70764.3,70811.2,70676.8,70752.6,757.384,2026-03-25 17:59:59.999000+00:00,53570545.9591,22790,333.012,23554034.7395
2026-03-25 18:00:00+00:00,70752.6,70847.7,70720.0,70816.8,731.154,2026-03-25 18:04:59.999000+00:00,51742467.2806,20196,536.882,37995952.0489
2026-03-25 18:05:00+00:00,70816.8,70918.5,70808.3,70838.8,957.802,2026-03-25 18:09:59.999000+00:00,67881668.6669,21820,551.468,39085347.9635
2026-03-25 18:10:00+00:00,70838.7,70900.0,70827.3,70893.3,369.935,2026-03-25 18:14:59.999000+00:00,26215860.4632,9552,236.066,16728762.4486
2026-03-25 18:15:00+00:00,70893.2,71037.8,70893.2,70956.7,745.22,2026-03-25 18:19:59.999000+00:00,52898320.8356,19072,467.078,33154242.3852
2026-03-25 18:20:00+00:00,70956.7,71121.3,70956.6,71064.4,579.87,2026-03-25 18:24:59.999000+00:00,41204818.233,16023,355.958,25293649.5421
2026-03-25 18:25:00+00:00,71064.4,71064.4,70925.9,70935.3,309.129,2026-03-25 18:29:59.999000+00:00,21947830.3326,11082,108.484,7703862.8747
2026-03-25 18:30:00+00:00,70935.3,70979.3,70866.8,70892.4,370.743,2026-03-25 18:34:59.999000+00:00,26288430.8865,11096,153.614,10891215.8834
2026-03-25 18:35:00+00:00,70892.4,70925.4,70802.7,70835.0,298.095,2026-03-25 18:39:59.999000+00:00,21119545.3718,10167,162.614,11520742.0964
2026-03-25 18:40:00+00:00,70835.1,70837.2,70762.2,70815.8,282.693,2026-03-25 18:44:59.999000+00:00,20011979.9945,8248,129.502,9167652.2352
2026-03-25 18:45:00+00:00,70815.7,70901.4,70808.4,70873.1,186.789,2026-03-25 18:49:59.999000+00:00,13236438.3405,7060,109.166,7735619.7458
2026-03-25 18:50:00+00:00,70873.1,70946.3,70873.1,70946.2,253.903,2026-03-25 18:54:59.999000+00:00,18002685.5544,8931,158.465,11235554.7683
2026-03-25 18:55:00+00:00,70946.3,70946.3,70623.4,70786.8,856.943,2026-03-25 18:59:59.999000+00:00,60610914.2208,23709,314.024,22212738.6625
2026-03-25 19:00:00+00:00,70786.8,70973.9,70745.3,70973.9,564.985,2026-03-25 19:04:59.999000+00:00,40040694.67,19709,420.335,29792745.1503
2026-03-25 19:05:00+00:00,70973.9,70984.5,70823.8,70849.8,307.927,2026-03-25 19:09:59.999000+00:00,21836306.8024,12452,136.158,9655128.2914
2026-03-25 19:10:00+00:00,70849.8,70861.9,70741.8,70820.3,278.198,2026-03-25 19:14:59.999000+00:00,19694330.7427,12886,128.65,9107112.3401
2026-03-25 19:15:00+00:00,70820.3,70865.6,70791.4,70861.0,155.662,2026-03-25 19:19:59.999000+00:00,11024495.579,7827,91.305,6466696.5701
2026-03-25 19:20:00+00:00,70861.0,70960.5,70850.0,70936.7,239.025,2026-03-25 19:24:59.999000+00:00,16948967.9151,10713,153.979,10918922.658
2026-03-25 19:25:00+00:00,70936.7,70941.7,70854.0,70928.2,204.609,2026-03-25 19:29:59.999000+00:00,14506110.9053,8216,120.012,8507595.1307
2026-03-25 19:30:00+00:00,70928.0,70936.0,70834.5,70898.3,109.33,2026-03-25 19:34:59.999000+00:00,7749661.3085,6700,54.92,3892720.3859
2026-03-25 19:35:00+00:00,70898.3,71023.6,70850.0,71014.8,215.969,2026-03-25 19:39:59.999000+00:00,15318948.2988,9109,159.098,11285486.4141
2026-03-25 19:40:00+00:00,71014.8,71082.3,70903.0,70912.0,268.905,2026-03-25 19:44:59.999000+00:00,19097264.6458,9915,137.047,9734421.0569
2026-03-25 19:45:00+00:00,70912.0,70932.4,70851.3,70910.8,163.686,2026-03-25 19:49:59.999000+00:00,11604138.0548,7596,67.611,4793284.3342
2026-03-25 19:50:00+00:00,70910.9,70967.6,70851.8,70866.3,221.219,2026-03-25 19:54:59.999000+00:00,15682944.3456,10400,93.057,6597014.4105
2026-03-25 19:55:00+00:00,70866.3,70872.9,70741.8,70853.2,419.695,2026-03-25 19:59:59.999000+00:00,29713300.0281,11135,255.168,18063743.4319
2026-03-25 20:00:00+00:00,70853.3,70879.9,70713.1,70721.8,303.651,2026-03-25 20:04:59.999000+00:00,21487175.0334,10277,133.553,9451143.2525
2026-03-25 20:05:00+00:00,70721.8,70764.5,70649.9,70681.1,776.081,2026-03-25 20:09:59.999000+00:00,54864470.0196,15090,333.285,23561232.667
2026-03-25 20:10:00+00:00,70681.1,70748.1,70648.0,70715.0,493.929,2026-03-25 20:14:59.999000+00:00,34917291.3339,9329,273.744,19352150.4981
2026-03-25 20:15:00+00:00,70714.9,70781.9,70714.9,70773.8,125.311,2026-03-25 20:19:59.999000+00:00,8866301.3686,4472,79.101,5596860.0157
2026-03-25 20:20:00+00:00,70773.9,70773.9,70671.8,70681.8,329.559,2026-03-25 20:24:59.999000+00:00,23307550.401,6123,156.679,11082451.9915
2026-03-25 20:25:00+00:00,70681.7,70713.9,70603.0,70679.9,373.454,2026-03-25 20:29:59.999000+00:00,26390000.1679,9931,195.043,13784202.5067
2026-03-25 20:30:00+00:00,70679.9,70720.0,70667.1,70700.2,145.186,2026-03-25 20:34:59.999000+00:00,10264369.398,4792,63.305,4475630.8252
2026-03-25 20:35:00+00:00,70700.0,70822.7,70686.6,70802.2,227.366,2026-03-25 20:39:59.999000+00:00,16090993.9886,6955,168.561,11929169.9508
2026-03-25 20:40:00+00:00,70802.1,70917.0,70765.3,70917.0,296.242,2026-03-25 20:44:59.999000+00:00,20988685.9958,9168,185.895,13169827.308
2026-03-25 20:45:00+00:00,70917.1,70961.7,70859.5,70942.5,380.554,2026-03-25 20:49:59.999000+00:00,26983759.7365,9373,204.193,14478684.4679
2026-03-25 20:50:00+00:00,70942.5,71028.0,70942.4,71019.1,333.717,2026-03-25 20:54:59.999000+00:00,23692843.103,8494,216.095,15341742.3736
2026-03-25 20:55:00+00:00,71019.1,71019.8,70954.3,70970.0,197.18,2026-03-25 20:59:59.999000+00:00,13997870.8292,4174,58.827,4175547.922
2026-03-25 21:00:00+00:00,70970.0,70999.3,70907.9,70994.4,295.288,2026-03-25 21:04:59.999000+00:00,20952331.7065,8049,134.966,9576909.2069
2026-03-25 21:05:00+00:00,70994.5,71036.0,70922.0,71035.5,177.127,2026-03-25 21:09:59.999000+00:00,12570051.0784,6109,88.884,6308429.1488
2026-03-25 21:10:00+00:00,71035.6,71149.6,71029.0,71128.4,413.603,2026-03-25 21:14:59.999000+00:00,29405082.5597,8670,277.924,19759358.868
2026-03-25 21:15:00+00:00,71128.5,71145.2,71012.4,71041.9,293.147,2026-03-25 21:19:59.999000+00:00,20831947.6856,7631,101.886,7239731.4124
2026-03-25 21:20:00+00:00,71041.9,71049.3,70968.2,70982.1,175.545,2026-03-25 21:24:59.999000+00:00,12462356.0477,4753,90.722,6440347.2671
2026-03-25 21:25:00+00:00,70982.2,70982.2,70889.6,70947.0,417.304,2026-03-25 21:29:59.999000+00:00,29601957.5632,7599,127.627,9053663.6538
2026-03-25 21:30:00+00:00,70947.0,71009.9,70932.1,70967.0,161.579,2026-03-25 21:34:59.999000+00:00,11467420.7552,4019,94.718,6722725.5221
2026-03-25 21:35:00+00:00,70966.9,71038.8,70960.0,71038.7,65.714,2026-03-25 21:39:59.999000+00:00,4665056.3559,2781,43.933,3118985.9845
2026-03-25 21:40:00+00:00,71038.7,71070.3,71013.3,71024.7,120.219,2026-03-25 21:44:59.999000+00:00,8540742.5564,3424,60.518,4299383.012
2026-03-25 21:45:00+00:00,71024.8,71075.6,70929.3,70945.6,213.343,2026-03-25 21:49:59.999000+00:00,15146494.9052,6263,124.722,8853471.8553
2026-03-25 21:50:00+00:00,70945.6,71006.7,70945.6,70995.2,93.213,2026-03-25 21:54:59.999000+00:00,6616572.8979,3772,45.208,3209001.9341
2026-03-25 21:55:00+00:00,70995.2,71006.9,70967.0,71000.0,68.955,2026-03-25 21:59:59.999000+00:00,4895205.5011,2746,32.464,2304519.0694
2026-03-25 22:00:00+00:00,71000.0,71103.5,70999.2,71062.3,272.983,2026-03-25 22:04:59.999000+00:00,19397227.7044,8947,167.847,11927214.8874
2026-03-25 22:05:00+00:00,71062.2,71062.2,70942.9,70942.9,151.502,2026-03-25 22:09:59.999000+00:00,10755917.2546,7182,77.901,5530304.0528
2026-03-25 22:10:00+00:00,70942.9,71000.0,70930.0,70958.5,166.112,2026-03-25 22:14:59.999000+00:00,11788572.4209,5624,64.339,4565731.1928
2026-03-25 22:15:00+00:00,70958.5,70975.6,70907.1,70972.6,143.213,2026-03-25 22:19:59.999000+00:00,10159120.0742,4916,67.446,4784414.2317
2026-03-25 22:20:00+00:00,70973.0,71005.9,70945.1,70994.6,109.015,2026-03-25 22:24:59.999000+00:00,7737657.6068,4370,53.122,3770437.9926
2026-03-25 22:25:00+00:00,70994.5,71050.0,70990.5,71004.5,127.449,2026-03-25 22:29:59.999000+00:00,9051047.4417,4713,69.874,4962249.7229
2026-03-25 22:30:00+00:00,71004.5,71195.7,70992.7,71183.2,461.759,2026-03-25 22:34:59.999000+00:00,32842807.9193,14932,276.113,19638853.4893
2026-03-25 22:35:00+00:00,71183.2,71323.1,71143.4,71201.9,957.398,2026-03-25 22:39:59.999000+00:00,68211710.0738,19810,667.954,47590935.2934
2026-03-25 22:40:00+00:00,71201.9,71606.0,71190.0,71338.4,1702.608,2026-03-25 22:44:59.999000+00:00,121575932.4492,29232,968.128,69148020.987
2026-03-25 22:45:00+00:00,71338.5,71425.7,71322.7,71350.1,316.919,2026-03-25 22:49:59.999000+00:00,22615760.2785,10236,133.276,9511509.6461
2026-03-25 22:50:00+00:00,71350.2,71378.0,71279.6,71307.7,194.472,2026-03-25 22:54:59.999000+00:00,13870292.354,8034,73.946,5273861.7177
2026-03-25 22:55:00+00:00,71307.7,71357.8,71280.8,71330.1,175.359,2026-03-25 22:59:59.999000+00:00,12506465.9006,5762,78.581,5604265.4644
2026-03-25 23:00:00+00:00,71330.0,71412.1,71323.7,71382.0,348.877,2026-03-25 23:04:59.999000+00:00,24900871.6756,10568,194.806,13903974.5483
2026-03-25 23:05:00+00:00,71382.0,71393.8,71330.6,71352.9,222.33,2026-03-25 23:09:59.999000+00:00,15863872.4759,6622,79.185,5649925.2925
2026-03-25 23:10:00+00:00,71352.9,71397.9,71279.8,71279.8,216.631,2026-03-25 23:14:59.999000+00:00,15456941.513,6806,107.448,7668681.9899
2026-03-25 23:15:00+00:00,71279.8,71279.9,71202.9,71227.1,203.163,2026-03-25 23:19:59.999000+00:00,14474050.6968,7089,51.303,3655085.4536
2026-03-25 23:20:00+00:00,71227.1,71341.9,71200.0,71341.9,249.341,2026-03-25 23:24:59.999000+00:00,17769910.0805,7452,148.396,10574389.1519
2026-03-25 23:25:00+00:00,71341.9,71402.6,71310.8,71326.9,205.615,2026-03-25 23:29:59.999000+00:00,14674392.0562,8214,110.949,7918554.0962
2026-03-25 23:30:00+00:00,71327.0,71341.5,71260.5,71304.5,205.06,2026-03-25 23:34:59.999000+00:00,14621417.1715,8184,81.508,5811699.2142
2026-03-25 23:35:00+00:00,71304.5,71332.0,71230.0,71230.1,167.501,2026-03-25 23:39:59.999000+00:00,11938009.5327,6238,63.72,4541498.5903
2026-03-25 23:40:00+00:00,71230.0,71258.4,71155.7,71185.2,322.016,2026-03-25 23:44:59.999000+00:00,22924891.9987,8761,140.423,9996389.3902
2026-03-25 23:45:00+00:00,71185.2,71225.1,71143.5,71191.9,174.981,2026-03-25 23:49:59.999000+00:00,12456948.8219,6510,93.171,6632526.7696
2026-03-25 23:50:00+00:00,71191.9,71310.6,71191.9,71304.3,206.805,2026-03-25 23:54:59.999000+00:00,14736226.2308,6067,106.784,7609511.6785
2026-03-25 23:55:00+00:00,71304.2,71349.9,71287.8,71297.5,196.705,2026-03-25 23:59:59.999000+00:00,14027724.4245,5685,101.606,7245670.1093
2026-03-26 00:00:00+00:00,71297.5,71343.3,71206.7,71206.7,519.192,2026-03-26 00:04:59.999000+00:00,37017865.1348,11583,135.596,9668498.1853
2026-03-26 00:05:00+00:00,71206.7,71253.0,71178.4,71178.4,173.681,2026-03-26 00:09:59.999000+00:00,12371111.3433,7269,75.678,5390328.5923
2026-03-26 00:10:00+00:00,71178.4,71217.7,71139.6,71217.7,220.197,2026-03-26 00:14:59.999000+00:00,15671960.9084,7164,100.023,7119227.9019
2026-03-26 00:15:00+00:00,71217.8,71346.5,71197.3,71205.8,306.903,2026-03-26 00:19:59.999000+00:00,21880327.9725,10819,126.762,9037558.7521
2026-03-26 00:20:00+00:00,71205.7,71280.0,71194.3,71266.4,140.252,2026-03-26 00:24:59.999000+00:00,9990743.8931,6897,69.12,4923638.3703
2026-03-26 00:25:00+00:00,71266.5,71273.7,71213.1,71261.0,93.467,2026-03-26 00:29:59.999000+00:00,6658053.4525,4819,59.156,4213812.965
2026-03-26 00:30:00+00:00,71261.0,71342.3,71239.9,71266.0,337.316,2026-03-26 00:34:59.999000+00:00,24048141.2085,8965,121.847,8687112.1521
2026-03-26 00:35:00+00:00,71266.0,71372.2,71266.0,71292.2,326.069,2026-03-26 00:39:59.999000+00:00,23260175.4699,7358,168.471,12017999.6325
2026-03-26 00:40:00+00:00,71292.3,71337.2,71280.9,71316.1,154.388,2026-03-26 00:44:59.999000+00:00,11009037.8273,5034,74.591,5318866.7524
2026-03-26 00:45:00+00:00,71316.1,71408.1,71305.2,71355.5,384.728,2026-03-26 00:49:59.999000+00:00,27450612.5736,9293,166.789,11901719.9587
2026-03-26 00:50:00+00:00,71355.6,71363.0,71186.4,71187.7,507.912,2026-03-26 00:54:59.999000+00:00,36201450.0608,12917,210.648,15013437.6987
2026-03-26 00:55:00+00:00,71187.7,71266.0,71088.1,71265.8,583.789,2026-03-26 00:59:59.999000+00:00,41542785.1026,14473,296.931,21130393.5928
2026-03-26 01:00:00+00:00,71265.8,71339.9,71240.4,71258.6,210.919,2026-03-26 01:04:59.999000+00:00,15037544.4935,10705,95.316,6795260.5448
2026-03-26 01:05:00+00:00,71258.7,71270.0,71157.8,71207.9,207.445,2026-03-26 01:09:59.999000+00:00,14771399.1057,8297,74.068,5273751.6598
2026-03-26 01:10:00+00:00,71208.0,71258.0,71176.6,71231.5,180.51,2026-03-26 01:14:59.999000+00:00,12854052.5965,5908,112.045,7978390.5624
2026-03-26 01:15:00+00:00,71231.5,71231.6,71116.9,71174.6,223.354,2026-03-26 01:19:59.999000+00:00,15894414.0366,8785,104.478,7434802.7112
2026-03-26 01:20:00+00:00,71174.5,71270.2,71174.5,71270.1,111.304,2026-03-26 01:24:59.999000+00:00,7927610.2108,4467,62.654,4462430.6571
2026-03-26 01:25:00+00:00,71270.2,71341.0,71224.7,71283.7,303.031,2026-03-26 01:29:59.999000+00:00,21603636.5303,8960,140.391,10009286.0411
2026-03-26 01:30:00+00:00,71283.7,71324.6,71254.5,71287.1,140.999,2026-03-26 01:34:59.999000+00:00,10051660.358,6478,66.768,4759638.3165
2026-03-26 01:35:00+00:00,71287.2,71303.6,71237.4,71292.5,158.002,2026-03-26 01:39:59.999000+00:00,11261184.3298,6737,80.672,5749807.2257
2026-03-26 01:40:00+00:00,71292.5,71298.8,71200.0,71218.6,214.448,2026-03-26 01:44:59.999000+00:00,15275998.4355,8115,66.33,4725003.3839
2026-03-26 01:45:00+00:00,71218.7,71236.8,71181.0,71184.6,167.213,2026-03-26 01:49:59.999000+00:00,11907772.3601,5171,61.048,4347297.0661
2026-03-26 01:50:00+00:00,71184.5,71254.1,71132.8,71216.6,312.046,2026-03-26 01:54:59.999000+00:00,22217468.1553,7694,161.637,11510178.9066
2026-03-26 01:55:00+00:00,71216.6,71262.0,71200.4,71212.9,224.003,2026-03-26 01:59:59.999000+00:00,15954876.2489,4214,62.4,4444871.3198
2026-03-26 02:00:00+00:00,71212.9,71257.1,71208.9,71231.3,132.531,2026-03-26 02:04:59.999000+00:00,9439515.6526,4481,84.174,5995127.151
2026-03-26 02:05:00+00:00,71231.4,71234.3,71084.6,71108.4,424.928,2026-03-26 02:09:59.999000+00:00,30223219.2371,10475,157.155,11177064.1249
2026-03-26 02:10:00+00:00,71108.3,71129.6,71013.1,71059.9,456.717,2026-03-26 02:14:59.999000+00:00,32456361.0996,10856,169.59,12051462.1018
2026-03-26 02:15:00+00:00,71059.9,71060.0,70872.8,70904.8,733.585,2026-03-26 02:19:59.999000+00:00,52038776.3331,18982,308.066,21850873.9174
2026-03-26 02:20:00+00:00,70904.8,70970.0,70855.7,70883.7,399.118,2026-03-26 02:24:59.999000+00:00,28299462.4448,11779,182.081,12911267.6958
2026-03-26 02:25:00+00:00,70883.7,70948.0,70858.0,70858.1,342.599,2026-03-26 02:29:59.999000+00:00,24293813.6094,10349,191.757,13598207.58
2026-03-26 02:30:00+00:00,70858.1,70877.1,70640.0,70770.7,1661.618,2026-03-26 02:34:59.999000+00:00,117556268.9908,35218,653.113,46198566.8312
2026-03-26 02:35:00+00:00,70770.7,70800.0,70693.0,70760.8,584.382,2026-03-26 02:39:59.999000+00:00,41349578.9711,14589,351.205,24851265.221
2026-03-26 02:40:00+00:00,70760.8,70848.9,70759.1,70834.9,369.133,2026-03-26 02:44:59.999000+00:00,26138703.895,9549,190.429,13484749.0851
2026-03-26 02:45:00+00:00,70834.6,70865.2,70803.4,70860.7,330.308,2026-03-26 02:49:59.999000+00:00,23398282.0687,7512,210.526,14912936.2873
2026-03-26 02:50:00+00:00,70860.7,70868.0,70817.5,70840.0,152.223,2026-03-26 02:54:59.999000+00:00,10783831.8602,4357,97.427,6902012.0758
2026-03-26 02:55:00+00:00,70840.0,70888.0,70839.9,70855.0,221.266,2026-03-26 02:59:59.999000+00:00,15680078.6053,5626,134.761,9549839.8842
2026-03-26 03:00:00+00:00,70855.0,70855.1,70730.0,70752.3,336.421,2026-03-26 03:04:59.999000+00:00,23818341.3816,9163,122.283,8658108.4402
2026-03-26 03:05:00+00:00,70752.4,70820.0,70716.5,70820.0,286.916,2026-03-26 03:09:59.999000+00:00,20299994.6625,7888,156.963,11106135.6088
2026-03-26 03:10:00+00:00,70820.0,70944.9,70820.0,70944.3,261.652,2026-03-26 03:14:59.999000+00:00,18545055.1522,7045,210.099,14890621.5131
2026-03-26 03:15:00+00:00,70944.3,70944.4,70871.0,70875.6,395.885,2026-03-26 03:19:59.999000+00:00,28073041.8429,6990,168.127,11921348.3477
2026-03-26 03:20:00+00:00,70875.5,70877.6,70672.0,70726.9,407.77,2026-03-26 03:24:59.999000+00:00,28850253.291,11826,143.07,10122076.7256
2026-03-26 03:25:00+00:00,70727.0,70768.6,70650.0,70683.5,402.555,2026-03-26 03:29:59.999000+00:00,28453622.4365,10859,210.282,14863178.2664
2026-03-26 03:30:00+00:00,70683.4,70772.5,70680.0,70772.4,239.927,2026-03-26 03:34:59.999000+00:00,16969710.395,8453,132.791,9392087.0265
2026-03-26 03:35:00+00:00,70772.4,70850.0,70770.4,70837.9,291.257,2026-03-26 03:39:59.999000+00:00,20623968.6479,8041,181.799,12873433.939
2026-03-26 03:40:00+00:00,70837.9,70869.6,70813.5,70827.3,232.545,2026-03-26 03:44:59.999000+00:00,16474029.519,6948,117.681,8337266.2814
2026-03-26 03:45:00+00:00,70827.4,70854.9,70799.5,70799.6,181.071,2026-03-26 03:49:59.999000+00:00,12825120.4932,5935,66.894,4738105.0765
2026-03-26 03:50:00+00:00,70799.5,70864.9,70760.1,70864.9,139.32,2026-03-26 03:54:59.999000+00:00,9863826.1009,5331,65.896,4666266.7429
2026-03-26 03:55:00+00:00,70865.0,70885.4,70841.0,70881.9,184.479,2026-03-26 03:59:59.999000+00:00,13073171.1089,5362,107.032,7584855.7313
2026-03-26 04:00:00+00:00,70882.0,70882.0,70800.0,70800.1,138.983,2026-03-26 04:04:59.999000+00:00,9845526.1715,6692,59.438,4210552.6193
2026-03-26 04:05:00+00:00,70800.0,70826.3,70778.4,70800.1,218.116,2026-03-26 04:09:59.999000+00:00,15444217.1692,4806,49.316,3491934.8413
2026-03-26 04:10:00+00:00,70800.1,70801.8,70700.0,70713.8,314.795,2026-03-26 04:14:59.999000+00:00,22268635.8865,8041,143.184,10128723.4078
2026-03-26 04:15:00+00:00,70713.9,70737.9,70680.0,70702.7,287.719,2026-03-26 04:19:59.999000+00:00,20343982.2087,6344,154.791,10945482.8727
2026-03-26 04:20:00+00:00,70702.8,70799.3,70702.8,70768.6,183.652,2026-03-26 04:24:59.999000+00:00,12995660.8727,6190,129.001,9128192.3706
2026-03-26 04:25:00+00:00,70768.6,70838.0,70768.5,70838.0,148.189,2026-03-26 04:29:59.999000+00:00,10493915.7876,5060,87.883,6223291.7034
2026-03-26 04:30:00+00:00,70838.0,70863.7,70786.1,70800.1,229.059,2026-03-26 04:34:59.999000+00:00,16224289.2339,6112,115.599,8188153.6228
2026-03-26 04:35:00+00:00,70800.0,70847.3,70800.0,70814.5,130.846,2026-03-26 04:39:59.999000+00:00,9266673.6912,3989,64.087,4538732.9337
2026-03-26 04:40:00+00:00,70814.5,70841.8,70800.3,70809.4,254.881,2026-03-26 04:44:59.999000+00:00,18051565.4267,5456,68.967,4884405.6518
2026-03-26 04:45:00+00:00,70809.3,70847.9,70809.2,70840.1,164.417,2026-03-26 04:49:59.999000+00:00,11646124.3097,3552,114.68,8123111.9336
2026-03-26 04:50:00+00:00,70840.1,70840.1,70777.4,70785.4,204.054,2026-03-26 04:54:59.999000+00:00,14447910.4637,4184,87.422,6189809.15
2026-03-26 04:55:00+00:00,70785.3,70785.4,70724.5,70737.0,308.017,2026-03-26 04:59:59.999000+00:00,21791461.8335,6940,169.608,11998345.0942
2026-03-26 05:00:00+00:00,70737.0,70767.6,70700.0,70728.4,299.066,2026-03-26 05:04:59.999000+00:00,21151142.3763,8326,107.94,7634523.1836
2026-03-26 05:05:00+00:00,70728.4,70734.1,70435.1,70521.4,1894.5,2026-03-26 05:09:59.999000+00:00,133632691.9753,35842,628.909,44354609.1512
2026-03-26 05:10:00+00:00,70521.5,70563.9,70468.1,70527.3,703.741,2026-03-26 05:14:59.999000+00:00,49630896.0992,17023,398.139,28078983.0572
2026-03-26 05:15:00+00:00,70527.4,70560.8,70510.5,70540.7,348.756,2026-03-26 05:19:59.999000+00:00,24599926.7889,9071,164.255,11585636.0275
2026-03-26 05:20:00+00:00,70540.7,70608.8,70540.6,70587.5,291.922,2026-03-26 05:24:59.999000+00:00,20604553.7837,8629,192.333,13574835.6609
2026-03-26 05:25:00+00:00,70587.5,70587.9,70480.0,70540.8,296.46,2026-03-26 05:29:59.999000+00:00,20908960.5088,8447,145.556,10266843.606
2026-03-26 05:30:00+00:00,70540.8,70571.0,70480.0,70548.5,301.64,2026-03-26 05:34:59.999000+00:00,21271473.3884,8163,121.756,8586969.5287
2026-03-26 05:35:00+00:00,70548.6,70595.0,70525.0,70525.1,342.986,2026-03-26 05:39:59.999000+00:00,24201276.8486,9749,163.299,11522900.1337
2026-03-26 05:40:00+00:00,70525.0,70525.1,70253.0,70278.9,1717.621,2026-03-26 05:44:59.999000+00:00,120885416.7924,26112,437.514,30786562.3444
2026-03-26 05:45:00+00:00,70278.9,70344.6,70150.1,70317.6,1819.752,2026-03-26 05:49:59.999000+00:00,127837582.5505,35453,887.875,62379544.4148
2026-03-26 05:50:00+00:00,70317.6,70317.6,70077.7,70079.0,1842.376,2026-03-26 05:54:59.999000+00:00,129237171.8913,30640,619.763,43476005.787
2026-03-26 05:55:00+00:00,70079.0,70098.8,69906.2,69988.7,2527.146,2026-03-26 05:59:59.999000+00:00,176854928.2335,41394,1042.111,72924061.8326
2026-03-26 06:00:00+00:00,69988.6,70023.9,69815.4,69942.2,2031.89,2026-03-26 06:04:59.999000+00:00,142055210.9866,38544,1049.108,73350250.1451
2026-03-26 06:05:00+00:00,69942.0,70080.7,69880.0,70064.1,834.171,2026-03-26 06:09:59.999000+00:00,58386511.2878,20432,457.225,32004998.9909
2026-03-26 06:10:00+00:00,70064.1,70064.1,69944.0,70042.1,720.918,2026-03-26 06:14:59.999000+00:00,50461448.2349,14884,399.798,27983739.5154
2026-03-26 06:15:00+00:00,70042.1,70109.0,70000.0,70106.5,784.834,2026-03-26 06:19:59.999000+00:00,54972406.196,17609,472.725,33112143.0939
2026-03-26 06:20:00+00:00,70106.5,70115.8,69926.5,69934.9,820.02,2026-03-26 06:24:59.999000+00:00,57414427.5359,18194,338.009,23669612.9924
2026-03-26 06:25:00+00:00,69935.0,70026.6,69867.5,70026.1,551.529,2026-03-26 06:29:59.999000+00:00,38572918.573,12060,280.497,19621018.4753
2026-03-26 06:30:00+00:00,70026.1,70068.0,69992.1,70000.1,285.084,2026-03-26 06:34:59.999000+00:00,19964828.7668,8795,152.791,10700733.9997
2026-03-26 06:35:00+00:00,70000.0,70016.6,69950.0,69999.3,368.602,2026-03-26 06:39:59.999000+00:00,25798080.1065,9999,217.504,15223135.3956
2026-03-26 06:40:00+00:00,69999.2,70020.0,69950.0,69959.7,220.541,2026-03-26 06:44:59.999000+00:00,15433197.1527,7218,103.595,7249426.7262
2026-03-26 06:45:00+00:00,69959.8,70065.2,69956.9,70065.2,276.142,2026-03-26 06:49:59.999000+00:00,19330709.3858,7316,173.512,12146297.0589
2026-03-26 06:50:00+00:00,70065.2,70086.3,70045.6,70073.9,284.653,2026-03-26 06:54:59.999000+00:00,19944211.4273,7341,164.727,11541565.2799
2026-03-26 06:55:00+00:00,70074.0,70126.6,70043.8,70057.5,493.131,2026-03-26 06:59:59.999000+00:00,34561631.3816,10149,304.578,21348430.1056
2026-03-26 07:00:00+00:00,70057.4,70140.0,69988.0,70109.8,646.263,2026-03-26 07:04:59.999000+00:00,45281308.7073,12587,436.562,30590025.8153
2026-03-26 07:05:00+00:00,70109.8,70109.9,69980.0,70057.8,367.533,2026-03-26 07:09:59.999000+00:00,25736582.0513,10635,149.786,10488895.7509
2026-03-26 07:10:00+00:00,70057.8,70068.0,70000.0,70008.6,228.158,2026-03-26 07:14:59.999000+00:00,15978413.7201,6603,104.141,7293527.766
2026-03-26 07:15:00+00:00,70008.6,70033.4,69978.2,69978.2,205.581,2026-03-26 07:19:59.999000+00:00,14391436.6557,5852,75.235,5267061.8971
2026-03-26 07:20:00+00:00,69978.3,70065.5,69864.6,70019.8,611.92,2026-03-26 07:24:59.999000+00:00,42817490.9148,18134,297.654,20829021.0729
2026-03-26 07:25:00+00:00,70019.9,70038.5,69897.6,69934.4,313.446,2026-03-26 07:29:59.999000+00:00,21927020.5494,10490,104.968,7344205.1811
2026-03-26 07:30:00+00:00,69934.4,69937.3,69722.6,69921.5,1439.779,2026-03-26 07:34:59.999000+00:00,100538049.8204,27646,629.681,43977875.3876
2026-03-26 07:35:00+00:00,69921.5,70027.0,69895.3,70027.0,385.647,2026-03-26 07:39:59.999000+00:00,26985804.1786,11264,237.115,16591727.2544
2026-03-26 07:40:00+00:00,70027.0,70079.1,70010.0,70036.0,413.318,2026-03-26 07:44:59.999000+00:00,28951357.5897,9757,188.423,13198225.6067
2026-03-26 07:45:00+00:00,70036.0,70062.5,70014.0,70043.1,285.634,2026-03-26 07:49:59.999000+00:00,20005410.6406,7706,157.244,11013065.0628
2026-03-26 07:50:00+00:00,70043.1,70127.9,70043.1,70122.2,403.537,2026-03-26 07:54:59.999000+00:00,28284256.7638,8017,293.027,20539046.4964
2026-03-26 07:55:00+00:00,70122.1,70122.2,70047.2,70053.8,229.714,2026-03-26 07:59:59.999000+00:00,16098388.6344,5588,118.721,8320013.0995
2026-03-26 08:00:00+00:00,70053.8,70095.7,70014.8,70018.3,404.145,2026-03-26 08:04:59.999000+00:00,28311414.6312,10433,181.68,12728073.2916
2026-03-26 08:05:00+00:00,70018.3,70089.0,69987.4,70007.2,471.516,2026-03-26 08:09:59.999000+00:00,33018404.1092,10511,253.383,17742021.8106
2026-03-26 08:10:00+00:00,70007.2,70007.2,69856.0,69893.1,388.894,2026-03-26 08:14:59.999000+00:00,27191710.57,11491,156.317,10928032.3703
2026-03-26 08:15:00+00:00,69893.1,69976.7,69822.1,69854.0,468.029,2026-03-26 08:19:59.999000+00:00,32719743.8432,12163,215.738,15083679.1732
2026-03-26 08:20:00+00:00,69854.1,69897.6,69781.5,69841.5,719.354,2026-03-26 08:24:59.999000+00:00,50223658.8687,14093,370.878,25894095.3276
2026-03-26 08:25:00+00:00,69841.6,69860.1,69785.6,69785.6,464.563,2026-03-26 08:29:59.999000+00:00,32435581.773,11849,213.01,14872286.835
2026-03-26 08:30:00+00:00,69785.6,69840.0,69769.7,69832.6,297.695,2026-03-26 08:34:59.999000+00:00,20780640.3248,6232,148.169,10343179.0593
2026-03-26 08:35:00+00:00,69832.7,69894.1,69806.6,69806.6,259.458,2026-03-26 08:39:59.999000+00:00,18122585.3725,7920,133.474,9323474.5371
2026-03-26 08:40:00+00:00,69806.7,69916.3,69772.8,69903.4,695.951,2026-03-26 08:44:59.999000+00:00,48607294.0275,14446,395.06,27592520.7509
2026-03-26 08:45:00+00:00,69903.4,70012.0,69858.5,69923.1,696.139,2026-03-26 08:49:59.999000+00:00,48691616.4914,18994,367.44,25699908.0499
2026-03-26 08:50:00+00:00,69923.0,69985.4,69891.0,69930.8,380.348,2026-03-26 08:54:59.999000+00:00,26598652.678,9205,192.107,13434488.5946
2026-03-26 08:55:00+00:00,69930.9,70010.0,69921.6,69985.9,347.435,2026-03-26 08:59:59.999000+00:00,24315392.5601,7199,196.992,13786240.7268
2026-03-26 09:00:00+00:00,69986.0,69997.7,69893.4,69950.0,416.702,2026-03-26 09:04:59.999000+00:00,29142597.8177,11483,228.193,15958410.0128
2026-03-26 09:05:00+00:00,69950.0,70131.5,69937.7,70036.4,1071.036,2026-03-26 09:09:59.999000+00:00,75029822.8589,19120,590.457,41365572.5627
2026-03-26 09:10:00+00:00,70036.5,70078.9,69972.7,69996.9,345.333,2026-03-26 09:14:59.999000+00:00,24182882.7786,10564,162.556,11383552.345
2026-03-26 09:15:00+00:00,69996.9,69996.9,69835.1,69925.6,502.689,2026-03-26 09:19:59.999000+00:00,35136889.0122,13941,181.617,12693921.5313
2026-03-26 09:20:00+00:00,69925.5,69989.0,69925.0,69926.5,212.842,2026-03-26 09:24:59.999000+00:00,14889939.8928,7288,131.834,9222674.5128
2026-03-26 09:25:00+00:00,69926.6,70007.3,69909.8,69986.9,257.488,2026-03-26 09:29:59.999000+00:00,18018621.0463,7783,122.618,8580378.1654
2026-03-26 09:30:00+00:00,69987.0,69987.0,69400.1,69428.0,4688.527,2026-03-26 09:34:59.999000+00:00,326216964.5719,74207,1627.886,113244689.8984
2026-03-26 09:35:00+00:00,69428.0,69559.9,69401.5,69417.7,1484.157,2026-03-26 09:39:59.999000+00:00,103117493.4971,27542,678.051,47109335.1274
2026-03-26 09:40:00+00:00,69417.7,69499.0,69406.1,69470.0,1145.633,2026-03-26 09:44:59.999000+00:00,79579721.9191,23670,544.428,37818146.7669
2026-03-26 09:45:00+00:00,69470.1,69472.3,69366.0,69374.4,801.474,2026-03-26 09:49:59.999000+00:00,55636264.925,17649,265.154,18407216.8988
2026-03-26 09:50:00+00:00,69374.5,69568.4,69374.4,69553.7,853.816,2026-03-26 09:54:59.999000+00:00,59340648.8284,18800,533.339,37065723.4875
2026-03-26 09:55:00+00:00,69553.7,69579.5,69517.2,69537.6,456.809,2026-03-26 09:59:59.999000+00:00,31771844.4666,10203,229.915,15991019.5941
2026-03-26 10:00:00+00:00,69537.6,69566.2,69460.0,69496.5,514.013,2026-03-26 10:04:59.999000+00:00,35731269.1513,13092,235.935,16400710.6024
2026-03-26 10:05:00+00:00,69496.6,69600.0,69471.6,69516.5,540.237,2026-03-26 10:09:59.999000+00:00,37570852.562,13307,277.264,19284247.3201
2026-03-26 10:10:00+00:00,69516.5,69549.5,69469.2,69542.5,336.917,2026-03-26 10:14:59.999000+00:00,23421393.1749,8685,199.515,13870096.1034
2026-03-26 10:15:00+00:00,69542.5,69638.0,69540.1,69619.7,513.979,2026-03-26 10:19:59.999000+00:00,35775437.3628,12571,312.13,21724852.2229
2026-03-26 10:20:00+00:00,69619.7,69693.7,69595.2,69644.9,461.581,2026-03-26 10:24:59.999000+00:00,32148341.4983,9708,295.279,20566403.2831
2026-03-26 10:25:00+00:00,69645.0,69662.7,69619.8,69619.8,226.461,2026-03-26 10:29:59.999000+00:00,15772272.2417,6068,142.337,9913268.2192
2026-03-26 10:30:00+00:00,69619.8,69627.6,69555.0,69586.3,371.894,2026-03-26 10:34:59.999000+00:00,25880021.2585,8674,91.509,6367495.9296
2026-03-26 10:35:00+00:00,69586.4,69598.5,69474.4,69491.3,287.243,2026-03-26 10:39:59.999000+00:00,19975635.3543,8962,97.985,6813842.8396
2026-03-26 10:40:00+00:00,69491.3,69536.9,69463.0,69506.1,290.855,2026-03-26 10:44:59.999000+00:00,20216981.126,11082,131.867,9165681.5559
2026-03-26 10:45:00+00:00,69506.1,69534.9,69469.4,69516.4,258.714,2026-03-26 10:49:59.999000+00:00,17980629.0226,9596,124.412,8646862.2198
2026-03-26 10:50:00+00:00,69516.5,69522.5,69450.0,69464.0,282.987,2026-03-26 10:54:59.999000+00:00,19663166.1393,7744,93.33,6484613.792
2026-03-26 10:55:00+00:00,69463.9,69480.0,69417.0,69480.0,569.171,2026-03-26 10:59:59.999000+00:00,39527011.6088,11502,187.433,13016813.5671
2026-03-26 11:00:00+00:00,69480.0,69620.0,69462.4,69588.3,619.577,2026-03-26 11:04:59.999000+00:00,43087970.5074,14514,343.32,23875268.604
2026-03-26 11:05:00+00:00,69588.3,69594.0,69510.0,69582.5,326.459,2026-03-26 11:09:59.999000+00:00,22708467.6806,8668,156.136,10861065.9815
2026-03-26 11:10:00+00:00,69582.4,69587.3,69388.0,69527.5,653.038,2026-03-26 11:14:59.999000+00:00,45388387.4713,15758,258.638,17976982.9377
2026-03-26 11:15:00+00:00,69527.5,69548.5,69480.0,69501.5,186.406,2026-03-26 11:19:59.999000+00:00,12956739.4888,7317,104.599,7270724.1481
2026-03-26 11:20:00+00:00,69501.4,69516.7,69300.1,69324.4,957.745,2026-03-26 11:24:59.999000+00:00,66443168.8895,20825,375.401,26042248.9383
2026-03-26 11:25:00+00:00,69324.4,69349.8,69127.2,69281.9,3335.632,2026-03-26 11:29:59.999000+00:00,230961920.5713,52841,1200.048,83096948.3725
2026-03-26 11:30:00+00:00,69282.0,69394.4,69271.2,69329.6,830.033,2026-03-26 11:34:59.999000+00:00,57556328.1177,18658,484.965,33627002.5532
2026-03-26 11:35:00+00:00,69329.6,69405.7,69303.4,69397.0,485.889,2026-03-26 11:39:59.999000+00:00,33700615.6603,11175,261.73,18153712.4326
2026-03-26 11:40:00+00:00,69397.0,69420.1,69350.0,69353.5,272.055,2026-03-26 11:44:59.999000+00:00,18878090.9737,6956,108.577,7535064.6323
2026-03-26 11:45:00+00:00,69353.5,69399.2,69324.1,69336.0,224.376,2026-03-26 11:49:59.999000+00:00,15565456.3671,6739,117.537,8154214.0379
2026-03-26 11:50:00+00:00,69336.0,69371.7,69304.8,69349.8,381.717,2026-03-26 11:54:59.999000+00:00,26464229.7011,9400,239.054,16573786.7087
2026-03-26 11:55:00+00:00,69349.7,69349.7,69232.0,69239.3,542.436,2026-03-26 11:59:59.999000+00:00,37572053.6633,10849,271.107,18777167.6468
2026-03-26 12:00:00+00:00,69239.3,69319.9,69187.4,69298.7,929.973,2026-03-26 12:04:59.999000+00:00,64394102.4065,17315,540.387,37421389.8804
2026-03-26 12:05:00+00:00,69298.8,69339.0,69202.1,69335.6,511.236,2026-03-26 12:09:59.999000+00:00,35418622.6066,11965,241.43,16727593.3676
2026-03-26 12:10:00+00:00,69335.5,69376.0,69325.1,69340.1,371.585,2026-03-26 12:14:59.999000+00:00,25770783.1059,8485,225.895,15666326.5584
2026-03-26 12:15:00+00:00,69340.1,69363.2,69295.1,69332.9,329.99,2026-03-26 12:19:59.999000+00:00,22880104.183,7833,201.072,13941770.7542
2026-03-26 12:20:00+00:00,69333.0,69365.3,69321.0,69321.1,338.349,2026-03-26 12:24:59.999000+00:00,23464573.0244,6653,161.079,11171051.0771
2026-03-26 12:25:00+00:00,69321.2,69398.0,69300.0,69387.0,513.629,2026-03-26 12:29:59.999000+00:00,35622557.1403,10887,309.364,21455000.4851
2026-03-26 12:30:00+00:00,69387.1,69427.9,69285.0,69285.1,457.193,2026-03-26 12:34:59.999000+00:00,31712403.283,13173,224.361,15563108.3667
2026-03-26 12:35:00+00:00,69285.0,69335.3,69208.3,69301.4,471.208,2026-03-26 12:39:59.999000+00:00,32635435.1324,13034,240.706,16670158.4154
2026-03-26 12:40:00+00:00,69301.4,69358.0,69258.8,69330.0,338.736,2026-03-26 12:44:59.999000+00:00,23479674.9767,8338,203.403,14098402.7897
2026-03-26 12:45:00+00:00,69330.0,69397.5,69330.0,69360.7,255.098,2026-03-26 12:49:59.999000+00:00,17695783.5726,7758,158.336,10982915.0373
2026-03-26 12:50:00+00:00,69360.8,69398.1,69341.0,69379.6,190.908,2026-03-26 12:54:59.999000+00:00,13242566.7397,6151,107.476,7455137.5574
2026-03-26 12:55:00+00:00,69379.7,69428.0,69379.7,69395.1,455.676,2026-03-26 12:59:59.999000+00:00,31626377.5532,8869,207.675,14413780.2621
2026-03-26 13:00:00+00:00,69395.2,69444.0,69372.5,69413.0,438.135,2026-03-26 13:04:59.999000+00:00,30410525.7697,11356,269.68,18718433.0204
2026-03-26 13:05:00+00:00,69412.9,69500.0,69403.8,69460.0,624.066,2026-03-26 13:09:59.999000+00:00,43346603.6099,14243,338.794,23531578.8479
2026-03-26 13:10:00+00:00,69460.0,69460.0,69385.9,69447.0,481.997,2026-03-26 13:14:59.999000+00:00,33462372.9202,9105,269.329,18697567.3539
2026-03-26 13:15:00+00:00,69447.1,69492.1,69404.7,69433.1,480.78,2026-03-26 13:19:59.999000+00:00,33395038.299,10813,219.658,15258419.0323
2026-03-26 13:20:00+00:00,69433.0,69444.6,69390.5,69395.7,324.171,2026-03-26 13:24:59.999000+00:00,22503186.451,6069,131.414,9121918.3184
2026-03-26 13:25:00+00:00,69395.8,69406.7,69336.4,69360.0,501.561,2026-03-26 13:29:59.999000+00:00,34789377.2823,9627,183.527,12729940.4946
2026-03-26 13:30:00+00:00,69360.0,69398.8,69192.6,69222.5,1131.803,2026-03-26 13:34:59.999000+00:00,78432343.0371,31824,485.718,33661391.5172
2026-03-26 13:35:00+00:00,69222.5,69466.0,69158.9,69282.8,1078.344,2026-03-26 13:39:59.999000+00:00,74747534.2179,34579,556.291,38561271.799
2026-03-26 13:40:00+00:00,69282.7,69519.0,69230.8,69518.9,914.235,2026-03-26 13:44:59.999000+00:00,63387460.6165,24650,505.929,35081448.1423
2026-03-26 13:45:00+00:00,69519.0,69839.0,69519.0,69614.6,4912.04,2026-03-26 13:49:59.999000+00:00,342367342.0671,73574,2937.944,204781095.4062
2026-03-26 13:50:00+00:00,69614.7,69872.2,69560.3,69762.3,2798.067,2026-03-26 13:54:59.999000+00:00,195187920.5068,48289,1861.0,129824811.0568
2026-03-26 13:55:00+00:00,69762.4,69790.5,69459.0,69617.4,1851.302,2026-03-26 13:59:59.999000+00:00,128852428.4104,37830,770.014,53582940.7915
2026-03-26 14:00:00+00:00,69615.8,69697.8,69573.1,69680.4,919.637,2026-03-26 14:04:59.999000+00:00,64043548.6262,26103,474.895,33073622.1581
2026-03-26 14:05:00+00:00,69680.4,69800.0,69571.3,69616.2,913.319,2026-03-26 14:09:59.999000+00:00,63655940.3583,27743,488.509,34053503.0136
2026-03-26 14:10:00+00:00,69616.2,69640.0,69482.1,69573.3,507.523,2026-03-26 14:14:59.999000+00:00,35297365.6159,19160,220.0,15303186.7509
2026-03-26 14:15:00+00:00,69573.3,69650.0,69435.9,69447.7,484.054,2026-03-26 14:19:59.999000+00:00,33673842.863,18071,228.371,15888348.4599
2026-03-26 14:20:00+00:00,69447.8,69553.5,69374.0,69509.2,876.684,2026-03-26 14:24:59.999000+00:00,60884859.1378,24176,526.71,36585368.1782
2026-03-26 14:25:00+00:00,69509.2,69685.8,69457.6,69580.0,507.648,2026-03-26 14:29:59.999000+00:00,35335079.1716,16173,293.444,20424724.4086
2026-03-26 14:30:00+00:00,69579.9,69750.0,69579.9,69733.9,473.082,2026-03-26 14:34:59.999000+00:00,32961236.6794,17630,261.166,18195502.7404
2026-03-26 14:35:00+00:00,69734.0,69734.0,69584.1,69618.9,437.847,2026-03-26 14:39:59.999000+00:00,30487389.7348,15671,142.688,9935446.6964
2026-03-26 14:40:00+00:00,69619.0,69745.0,69454.3,69481.2,885.536,2026-03-26 14:44:59.999000+00:00,61605424.5775,30812,402.022,27973809.538
2026-03-26 14:45:00+00:00,69481.3,69507.1,69360.9,69405.7,810.746,2026-03-26 14:49:59.999000+00:00,56286169.2228,25989,369.391,25646794.9397
2026-03-26 14:50:00+00:00,69405.6,69464.6,69217.0,69289.1,928.672,2026-03-26 14:54:59.999000+00:00,64376172.3536,26463,369.032,25586412.6121
2026-03-26 14:55:00+00:00,69289.2,69541.7,69226.6,69450.1,1392.98,2026-03-26 14:59:59.999000+00:00,96709583.524,33409,909.793,63172293.3259
2026-03-26 15:00:00+00:00,69450.0,69472.6,69312.8,69312.8,542.487,2026-03-26 15:04:59.999000+00:00,37636959.7464,18716,222.608,15446892.9132
2026-03-26 15:05:00+00:00,69312.8,69389.1,69050.1,69150.0,2124.917,2026-03-26 15:09:59.999000+00:00,146962297.7033,45109,855.235,59151920.1675
2026-03-26 15:10:00+00:00,69150.0,69221.2,68806.8,68922.1,3815.067,2026-03-26 15:14:59.999000+00:00,263200944.6517,58374,1354.525,93480599.9295
2026-03-26 15:15:00+00:00,68922.1,68968.6,68553.4,68854.3,5837.893,2026-03-26 15:19:59.999000+00:00,401635411.3324,85626,2322.935,159879000.2217
2026-03-26 15:20:00+00:00,68854.4,68971.9,68817.4,68970.3,1196.182,2026-03-26 15:24:59.999000+00:00,82414887.1242,26080,699.671,48208563.4256
2026-03-26 15:25:00+00:00,68970.4,69056.3,68938.9,68998.8,1074.332,2026-03-26 15:29:59.999000+00:00,74129213.9874,23431,670.923,46292907.619
2026-03-26 15:30:00+00:00,68998.9,69040.0,68894.2,68920.9,890.76,2026-03-26 15:34:59.999000+00:00,61438914.428,22248,333.664,23015900.4363
2026-03-26 15:35:00+00:00,68920.9,68955.0,68867.0,68945.0,646.405,2026-03-26 15:39:59.999000+00:00,44541323.1787,19099,349.396,24075193.7844
2026-03-26 15:40:00+00:00,68945.1,69020.0,68888.0,68964.9,599.517,2026-03-26 15:44:59.999000+00:00,41343174.6293,16316,331.494,22860869.6383
2026-03-26 15:45:00+00:00,68964.9,69153.7,68953.5,69069.8,1037.025,2026-03-26 15:49:59.999000+00:00,71616917.0889,31104,598.509,41332145.186
2026-03-26 15:50:00+00:00,69069.7,69199.0,69040.5,69170.9,1076.503,2026-03-26 15:54:59.999000+00:00,74436290.8605,19616,648.749,44856951.1825
2026-03-26 15:55:00+00:00,69170.8,69175.2,69025.3,69054.8,435.602,2026-03-26 15:59:59.999000+00:00,30101076.6806,13371,173.637,11997320.9091
2026-03-26 16:00:00+00:00,69054.9,69054.9,68921.0,68975.3,891.745,2026-03-26 16:04:59.999000+00:00,61523576.1503,22839,394.301,27201855.2972
2026-03-26 16:05:00+00:00,68975.3,69042.6,68959.9,68980.5,364.442,2026-03-26 16:09:59.999000+00:00,25143487.7804,11927,184.53,12730396.1102
2026-03-26 16:10:00+00:00,68980.4,69010.9,68930.3,68999.2,400.818,2026-03-26 16:14:59.999000+00:00,27643871.9639,13033,210.65,14528576.4952
2026-03-26 16:15:00+00:00,68999.2,69040.3,68826.2,69017.6,1091.976,2026-03-26 16:19:59.999000+00:00,75273979.5131,27906,563.118,38822027.7691
2026-03-26 16:20:00+00:00,69017.6,69038.3,68899.5,69010.3,421.348,2026-03-26 16:24:59.999000+00:00,29062270.168,13744,234.97,16207875.0611
2026-03-26 16:25:00+00:00,69010.2,69010.2,68833.0,68858.2,518.067,2026-03-26 16:29:59.999000+00:00,35695254.4616,16472,192.14,13237655.3814
2026-03-26 16:30:00+00:00,68858.1,68950.0,68800.0,68945.0,679.659,2026-03-26 16:34:59.999000+00:00,46805176.9838,19865,364.941,25134174.17
2026-03-26 16:35:00+00:00,68945.1,68989.6,68797.8,68827.9,753.459,2026-03-26 16:39:59.999000+00:00,51901372.2051,17580,274.885,18935371.5864
2026-03-26 16:40:00+00:00,68827.9,68913.5,68799.5,68892.4,408.597,2026-03-26 16:44:59.999000+00:00,28129435.473,12436,241.94,16656758.5956
2026-03-26 16:45:00+00:00,68892.4,68937.5,68825.0,68881.2,302.404,2026-03-26 16:49:59.999000+00:00,20828735.762,11422,165.811,11421560.0381
2026-03-26 16:50:00+00:00,68881.1,68959.7,68840.5,68943.3,302.049,2026-03-26 16:54:59.999000+00:00,20811261.4792,9839,176.026,12128786.0157
2026-03-26 16:55:00+00:00,68943.2,68950.0,68881.6,68904.8,194.008,2026-03-26 16:59:59.999000+00:00,13370552.1029,7703,92.641,6384875.3988
2026-03-26 17:00:00+00:00,68904.8,69011.0,68878.6,68980.7,440.548,2026-03-26 17:04:59.999000+00:00,30378970.5172,15057,266.149,18353256.7299
2026-03-26 17:05:00+00:00,68980.8,69020.0,68923.3,68978.5,315.641,2026-03-26 17:09:59.999000+00:00,21768987.4546,10098,167.81,11573136.3458
2026-03-26 17:10:00+00:00,68978.4,68978.4,68883.8,68889.2,258.692,2026-03-26 17:14:59.999000+00:00,17827468.3382,8977,107.443,7404196.7059
2026-03-26 17:15:00+00:00,68889.2,68994.3,68880.0,68994.2,147.294,2026-03-26 17:19:59.999000+00:00,10156019.5905,7070,89.158,6147201.0111
2026-03-26 17:20:00+00:00,68994.2,69025.0,68933.6,68963.1,294.628,2026-03-26 17:24:59.999000+00:00,20323081.1751,8904,142.258,9813354.5643
2026-03-26 17:25:00+00:00,68963.1,69070.1,68953.7,69061.7,263.112,2026-03-26 17:29:59.999000+00:00,18157985.2674,7810,167.751,11577628.9774
2026-03-26 17:30:00+00:00,69061.8,69138.8,69058.1,69111.2,806.71,2026-03-26 17:34:59.999000+00:00,55749709.4791,14836,506.919,35032363.4493
2026-03-26 17:35:00+00:00,69111.3,69133.0,68981.5,68981.6,460.083,2026-03-26 17:39:59.999000+00:00,31773554.5608,10338,154.568,10672269.2354
2026-03-26 17:40:00+00:00,68981.5,68981.6,68901.4,68925.9,405.568,2026-03-26 17:44:59.999000+00:00,27956551.1605,12601,150.362,10364602.6787
2026-03-26 17:45:00+00:00,68926.0,68930.7,68664.1,68683.0,1805.081,2026-03-26 17:49:59.999000+00:00,124145592.3219,29600,822.151,56538968.8562
2026-03-26 17:50:00+00:00,68683.0,68769.3,68618.7,68734.3,1069.171,2026-03-26 17:54:59.999000+00:00,73434138.5894,23849,617.056,42383903.1641
2026-03-26 17:55:00+00:00,68734.4,68746.8,68325.2,68456.1,3858.251,2026-03-26 17:59:59.999000+00:00,264217903.2467,59426,1418.366,97132242.922
2026-03-26 18:00:00+00:00,68456.2,68581.3,68323.3,68388.8,1736.482,2026-03-26 18:04:59.999000+00:00,118870035.1747,38977,780.464,53435040.4103
2026-03-26 18:05:00+00:00,68388.8,68519.1,68236.5,68454.6,1497.922,2026-03-26 18:09:59.999000+00:00,102462720.2821,32826,703.45,48128918.209
2026-03-26 18:10:00+00:00,68454.5,68454.6,68339.4,68429.4,1019.651,2026-03-26 18:14:59.999000+00:00,69738297.9784,18590,650.963,44520965.2988
2026-03-26 18:15:00+00:00,68429.3,68429.3,68274.2,68292.3,759.551,2026-03-26 18:19:59.999000+00:00,51901518.6223,21149,239.204,16346569.3915
2026-03-26 18:20:00+00:00,68292.2,68395.7,68158.0,68289.9,1704.421,2026-03-26 18:24:59.999000+00:00,116352584.3358,38109,778.305,53141310.8564
2026-03-26 18:25:00+00:00,68290.0,68295.2,68115.8,68162.5,1232.154,2026-03-26 18:29:59.999000+00:00,83996932.3246,29453,461.264,31444626.7242
2026-03-26 18:30:00+00:00,68163.2,68280.3,68148.2,68233.4,728.129,2026-03-26 18:34:59.999000+00:00,49674008.5168,20917,366.461,25000061.7537
2026-03-26 18:35:00+00:00,68233.4,68300.0,68204.1,68289.5,398.328,2026-03-26 18:39:59.999000+00:00,27191172.3419,12909,239.963,16380984.8952
2026-03-26 18:40:00+00:00,68289.4,68328.5,68252.0,68296.9,456.893,2026-03-26 18:44:59.999000+00:00,31203320.7463,12053,231.56,15814709.5564
2026-03-26 18:45:00+00:00,68296.8,68397.3,68264.4,68386.3,859.214,2026-03-26 18:49:59.999000+00:00,58728494.1815,16552,578.648,39551283.9495
2026-03-26 18:50:00+00:00,68386.4,68451.0,68344.1,68434.7,545.481,2026-03-26 18:54:59.999000+00:00,37308698.0274,13657,313.27,21426699.1024
2026-03-26 18:55:00+00:00,68434.6,68474.5,68399.6,68457.0,478.934,2026-03-26 18:59:59.999000+00:00,32776144.7083,11132,271.842,18603446.0848
2026-03-26 19:00:00+00:00,68457.0,68467.4,68345.0,68434.1,479.258,2026-03-26 19:04:59.999000+00:00,32788414.5849,12149,218.74,14965416.3159
2026-03-26 19:05:00+00:00,68434.1,68486.0,68370.0,68472.6,243.17,2026-03-26 19:09:59.999000+00:00,16637467.5563,8966,118.141,8083367.1157
2026-03-26 19:10:00+00:00,68472.6,68476.6,68394.5,68415.3,172.568,2026-03-26 19:14:59.999000+00:00,11809322.0263,6908,77.141,5278861.4196
2026-03-26 19:15:00+00:00,68415.4,68492.7,68415.4,68478.0,199.509,2026-03-26 19:19:59.999000+00:00,13657354.7203,7507,114.26,7821741.7115
2026-03-26 19:20:00+00:00,68477.9,68547.0,68467.2,68517.1,331.045,2026-03-26 19:24:59.999000+00:00,22680001.4288,9484,188.723,12929126.3247
2026-03-26 19:25:00+00:00,68517.2,68517.2,68345.1,68400.4,272.474,2026-03-26 19:29:59.999000+00:00,18640813.0105,10830,97.701,6684067.4148
2026-03-26 19:30:00+00:00,68400.4,68426.0,68317.9,68389.3,352.84,2026-03-26 19:34:59.999000+00:00,24122397.0185,11470,114.254,7809524.753
2026-03-26 19:35:00+00:00,68389.2,68645.2,68382.8,68576.2,510.85,2026-03-26 19:39:59.999000+00:00,35017550.732,15370,323.565,22179267.786
2026-03-26 19:40:00+00:00,68576.3,68644.8,68574.6,68592.4,477.611,2026-03-26 19:44:59.999000+00:00,32769364.8401,10765,237.916,16323390.5463
2026-03-26 19:45:00+00:00,68592.4,68657.4,68560.0,68623.7,394.075,2026-03-26 19:49:59.999000+00:00,27039283.5097,10789,255.624,17539499.1108
2026-03-26 19:50:00+00:00,68623.7,68643.9,68523.5,68573.4,232.855,2026-03-26 19:54:59.999000+00:00,15970594.3965,9147,101.07,6931815.5637
2026-03-26 19:55:00+00:00,68573.4,68618.8,68456.0,68502.7,884.1,2026-03-26 19:59:59.999000+00:00,60619488.1775,12711,231.081,15841066.1474
2026-03-26 20:00:00+00:00,68502.7,68535.8,68378.5,68443.1,643.292,2026-03-26 20:04:59.999000+00:00,44043425.8452,12753,196.508,13455018.8209
2026-03-26 20:05:00+00:00,68443.2,68497.2,68408.4,68486.6,209.782,2026-03-26 20:09:59.999000+00:00,14358306.7622,8016,114.245,7819127.202
2026-03-26 20:10:00+00:00,68486.7,69466.6,68486.6,69169.2,8681.105,2026-03-26 20:14:59.999000+00:00,600362411.6794,132162,5212.15,360396549.9934
2026-03-26 20:15:00+00:00,69169.1,69270.6,69078.1,69128.2,1786.13,2026-03-26 20:19:59.999000+00:00,123548898.2637,42609,860.593,59534085.3848
2026-03-26 20:20:00+00:00,69128.3,69316.6,69030.0,69253.7,1345.891,2026-03-26 20:24:59.999000+00:00,93092636.536,33898,734.773,50820760.6162
2026-03-26 20:25:00+00:00,69253.6,69258.0,69080.0,69139.2,812.178,2026-03-26 20:29:59.999000+00:00,56150772.521,21381,301.467,20842799.2009
2026-03-26 20:30:00+00:00,69139.3,69277.3,69131.7,69131.7,685.556,2026-03-26 20:34:59.999000+00:00,47437714.6013,19093,340.639,23570913.5795
2026-03-26 20:35:00+00:00,69131.8,69231.6,69131.8,69174.3,299.977,2026-03-26 20:39:59.999000+00:00,20752358.3462,9867,174.372,12062931.811
2026-03-26 20:40:00+00:00,69174.3,69174.3,69042.4,69133.6,691.637,2026-03-26 20:44:59.999000+00:00,47794686.6448,14044,341.838,23623504.2044
2026-03-26 20:45:00+00:00,69133.5,69175.5,69091.7,69121.4,257.769,2026-03-26 20:49:59.999000+00:00,17822566.5677,7392,110.471,7638575.6597
2026-03-26 20:50:00+00:00,69121.4,69121.5,68903.9,68958.3,609.618,2026-03-26 20:54:59.999000+00:00,42060215.5295,13330,220.438,15206980.9641
2026-03-26 20:55:00+00:00,68958.2,68990.0,68900.0,68973.8,517.213,2026-03-26 20:59:59.999000+00:00,35657801.5238,11366,298.502,20579078.1594
2026-03-26 21:00:00+00:00,68973.9,68973.9,68859.0,68891.0,460.099,2026-03-26 21:04:59.999000+00:00,31700083.0576,10756,204.92,14118431.3362
2026-03-26 21:05:00+00:00,68890.9,68921.0,68868.1,68884.2,274.674,2026-03-26 21:09:59.999000+00:00,18923452.8615,6378,196.996,13572118.3282
2026-03-26 21:10:00+00:00,68884.2,68982.0,68849.8,68882.4,598.475,2026-03-26 21:14:59.999000+00:00,41231504.2217,10542,190.906,13155694.8687
2026-03-26 21:15:00+00:00,68882.5,68945.7,68850.0,68936.2,194.089,2026-03-26 21:19:59.999000+00:00,13373098.076,6729,103.015,7098820.6509
2026-03-26 21:20:00+00:00,68936.3,69213.3,68936.2,69116.1,996.987,2026-03-26 21:24:59.999000+00:00,68882484.9985,19545,677.547,46810824.9009
2026-03-26 21:25:00+00:00,69116.0,69116.0,68933.4,69051.7,602.15,2026-03-26 21:29:59.999000+00:00,41563016.9529,11814,146.834,10137383.0403
2026-03-26 21:30:00+00:00,69051.7,69100.0,68946.2,69032.6,448.246,2026-03-26 21:34:59.999000+00:00,30940006.1606,8405,142.15,9813352.5052
2026-03-26 21:35:00+00:00,69032.6,69050.3,68940.9,68963.4,251.919,2026-03-26 21:39:59.999000+00:00,17379130.418,5627,72.658,5013208.9481
2026-03-26 21:40:00+00:00,68963.4,69050.4,68921.1,68992.0,284.373,2026-03-26 21:44:59.999000+00:00,19613378.7689,8174,79.136,5458568.2338
2026-03-26 21:45:00+00:00,68992.1,68995.5,68929.7,68974.4,139.161,2026-03-26 21:49:59.999000+00:00,9597671.6621,7552,73.569,5073506.1165
2026-03-26 21:50:00+00:00,68974.5,68977.1,68870.6,68901.9,255.604,2026-03-26 21:54:59.999000+00:00,17612579.4365,10775,84.443,5818649.1358
2026-03-26 21:55:00+00:00,68901.9,68943.6,68871.3,68885.8,286.914,2026-03-26 21:59:59.999000+00:00,19766215.4396,6685,201.372,13872485.7345
2026-03-26 22:00:00+00:00,68885.8,68982.2,68863.7,68898.9,261.367,2026-03-26 22:04:59.999000+00:00,18009228.1541,11391,133.523,9200484.7605
2026-03-26 22:05:00+00:00,68898.8,69000.0,68826.6,68864.6,292.051,2026-03-26 22:09:59.999000+00:00,20124198.0778,12918,121.512,8373295.3625
2026-03-26 22:10:00+00:00,68864.5,68996.9,68861.0,68928.9,347.6,2026-03-26 22:14:59.999000+00:00,23957365.2899,11701,146.276,10084229.0124
2026-03-26 22:15:00+00:00,68928.9,68949.4,68878.8,68915.0,159.351,2026-03-26 22:19:59.999000+00:00,10981374.4881,6535,93.005,6408795.4893
2026-03-26 22:20:00+00:00,68915.0,68926.2,68644.8,68732.3,1053.978,2026-03-26 22:24:59.999000+00:00,72459392.2897,18840,297.611,20463822.7439
2026-03-26 22:25:00+00:00,68732.3,68800.0,68542.5,68718.3,1229.761,2026-03-26 22:29:59.999000+00:00,84451916.6535,27538,599.073,41145357.4078
2026-03-26 22:30:00+00:00,68718.3,68804.5,68674.5,68798.1,547.776,2026-03-26 22:34:59.999000+00:00,37651684.5174,17453,338.062,23237768.7217
2026-03-26 22:35:00+00:00,68798.0,68798.0,68750.0,68764.4,308.708,2026-03-26 22:39:59.999000+00:00,21228580.2638,9928,93.065,6399796.5331
2026-03-26 22:40:00+00:00,68764.4,68795.7,68734.5,68768.6,188.946,2026-03-26 22:44:59.999000+00:00,12992584.3957,7022,114.439,7869236.3903
2026-03-26 22:45:00+00:00,68768.6,68799.4,68739.4,68797.9,214.572,2026-03-26 22:49:59.999000+00:00,14755002.5478,6055,68.835,4734234.3563
2026-03-26 22:50:00+00:00,68797.9,68824.7,68736.5,68821.6,317.886,2026-03-26 22:54:59.999000+00:00,21867118.9205,8830,118.704,8165975.7189
2026-03-26 22:55:00+00:00,68821.5,68862.5,68796.7,68862.5,180.577,2026-03-26 22:59:59.999000+00:00,12428667.3639,5785,116.176,7995879.9053
2026-03-26 23:00:00+00:00,68862.5,68968.9,68862.4,68923.8,553.795,2026-03-26 23:04:59.999000+00:00,38169777.4373,14356,268.589,18513493.6658
2026-03-26 23:05:00+00:00,68923.8,68939.2,68815.0,68815.1,184.691,2026-03-26 23:09:59.999000+00:00,12720656.6803,7290,84.999,5854976.9516
2026-03-26 23:10:00+00:00,68815.0,68841.4,68747.5,68789.8,496.758,2026-03-26 23:14:59.999000+00:00,34171055.2056,13382,222.052,15274480.1454
2026-03-26 23:15:00+00:00,68789.8,68822.8,68757.5,68822.8,212.302,2026-03-26 23:19:59.999000+00:00,14605107.0071,7989,118.225,8132848.5834
2026-03-26 23:20:00+00:00,68822.8,68822.8,68626.3,68676.1,597.604,2026-03-26 23:24:59.999000+00:00,41056643.075,15068,217.011,14914821.1832
2026-03-26 23:25:00+00:00,68676.0,68708.5,68600.0,68708.5,451.464,2026-03-26 23:29:59.999000+00:00,30989489.4154,12984,200.709,13778803.4235
2026-03-26 23:30:00+00:00,68708.6,68711.3,68616.7,68656.6,280.372,2026-03-26 23:34:59.999000+00:00,19250982.5513,9155,82.925,5693636.6887
2026-03-26 23:35:00+00:00,68656.6,68752.3,68656.6,68679.6,246.211,2026-03-26 23:39:59.999000+00:00,16919380.0292,9016,117.512,8074954.227
2026-03-26 23:40:00+00:00,68679.6,68730.0,68675.0,68726.7,143.4,2026-03-26 23:44:59.999000+00:00,9853257.3716,5012,79.179,5440469.3757
2026-03-26 23:45:00+00:00,68726.6,68762.7,68704.1,68762.7,134.36,2026-03-26 23:49:59.999000+00:00,9234714.7628,3894,78.414,5389250.5982
2026-03-26 23:50:00+00:00,68762.8,68818.8,68750.0,68803.7,210.945,2026-03-26 23:54:59.999000+00:00,14510770.7615,6701,128.714,8854235.5541
2026-03-26 23:55:00+00:00,68803.7,68816.2,68765.4,68788.0,151.373,2026-03-26 23:59:59.999000+00:00,10413264.4239,5228,63.346,4357841.8285
2026-03-27 00:00:00+00:00,68788.1,68804.5,68643.9,68752.9,1319.948,2026-03-27 00:04:59.999000+00:00,90712772.5095,23846,532.104,36574971.2096
2026-03-27 00:05:00+00:00,68752.8,68912.9,68741.4,68904.4,500.38,2026-03-27 00:09:59.999000+00:00,34435927.0306,11176,383.587,26395334.7463
2026-03-27 00:10:00+00:00,68904.4,68942.2,68823.3,68894.2,581.872,2026-03-27 00:14:59.999000+00:00,40085794.1987,11706,230.457,15877936.5238
2026-03-27 00:15:00+00:00,68894.2,68922.9,68835.0,68879.3,344.756,2026-03-27 00:19:59.999000+00:00,23746853.0399,6147,174.628,12029054.7781
2026-03-27 00:20:00+00:00,68879.3,68888.4,68702.8,68776.8,295.292,2026-03-27 00:24:59.999000+00:00,20314154.5435,12921,133.926,9213653.9343
2026-03-27 00:25:00+00:00,68776.8,68778.1,68688.2,68689.6,256.267,2026-03-27 00:29:59.999000+00:00,17616220.7053,10431,93.582,6432904.2404
2026-03-27 00:30:00+00:00,68689.6,68728.6,68658.6,68697.6,411.972,2026-03-27 00:34:59.999000+00:00,28301132.8835,12578,152.232,10457856.9046
2026-03-27 00:35:00+00:00,68697.7,68710.7,68458.5,68570.0,1014.088,2026-03-27 00:39:59.999000+00:00,69517813.5457,22142,407.569,27942938.3644
2026-03-27 00:40:00+00:00,68569.9,68752.4,68561.0,68679.6,633.299,2026-03-27 00:44:59.999000+00:00,43493492.7381,13803,491.374,33743397.1299
2026-03-27 00:45:00+00:00,68679.7,68679.7,68561.5,68607.6,249.023,2026-03-27 00:49:59.999000+00:00,17084926.7083,7552,135.251,9278249.1879
2026-03-27 00:50:00+00:00,68607.6,68734.0,68607.5,68694.7,294.644,2026-03-27 00:54:59.999000+00:00,20232830.6105,9287,188.483,12942144.3311
2026-03-27 00:55:00+00:00,68694.6,68757.2,68694.6,68746.4,146.437,2026-03-27 00:59:59.999000+00:00,10064296.3938,6805,86.251,5927910.7662
2026-03-27 01:00:00+00:00,68746.4,68822.2,68741.2,68742.9,416.215,2026-03-27 01:04:59.999000+00:00,28622668.6862,11181,139.416,9588624.5301
2026-03-27 01:05:00+00:00,68743.0,68772.6,68654.8,68768.6,287.015,2026-03-27 01:09:59.999000+00:00,19721301.8564,8598,167.339,11498041.2807
2026-03-27 01:10:00+00:00,68768.7,68843.7,68768.6,68829.9,319.632,2026-03-27 01:14:59.999000+00:00,21995182.2151,9056,218.336,15024053.7193
2026-03-27 01:15:00+00:00,68830.0,68893.6,68794.8,68847.4,430.803,2026-03-27 01:19:59.999000+00:00,29654716.6121,10588,270.364,18610962.6884
2026-03-27 01:20:00+00:00,68847.3,68900.8,68793.3,68894.0,232.889,2026-03-27 01:24:59.999000+00:00,16034503.0208,8538,120.557,8301809.2795
2026-03-27 01:25:00+00:00,68894.0,68919.7,68860.9,68877.0,200.177,2026-03-27 01:29:59.999000+00:00,13790741.2448,7332,99.746,6871739.9671
2026-03-27 01:30:00+00:00,68877.1,68907.7,68837.2,68850.0,260.425,2026-03-27 01:34:59.999000+00:00,17938283.5129,6041,120.99,8334231.645
2026-03-27 01:35:00+00:00,68850.0,68877.5,68808.2,68837.0,154.792,2026-03-27 01:39:59.999000+00:00,10656798.0679,5259,70.91,4882120.0846
2026-03-27 01:40:00+00:00,68837.1,68882.2,68827.9,68867.6,157.625,2026-03-27 01:44:59.999000+00:00,10854114.6301,5892,87.509,6025865.4058
2026-03-27 01:45:00+00:00,68867.6,68952.1,68841.2,68939.3,236.002,2026-03-27 01:49:59.999000+00:00,16261935.6818,7717,134.286,9253425.4723
2026-03-27 01:50:00+00:00,68939.2,68940.1,68888.8,68930.1,179.86,2026-03-27 01:54:59.999000+00:00,12395824.4224,6105,91.68,6318444.0167
2026-03-27 01:55:00+00:00,68930.1,69033.3,68930.1,69016.4,532.024,2026-03-27 01:59:59.999000+00:00,36706723.1309,12132,343.768,23717474.4465
2026-03-27 02:00:00+00:00,69016.5,69094.0,69008.3,69066.0,517.425,2026-03-27 02:04:59.999000+00:00,35728264.8443,14345,247.41,17083851.4176
2026-03-27 02:05:00+00:00,69066.0,69084.7,69009.0,69084.7,287.595,2026-03-27 02:09:59.999000+00:00,19852344.4727,9181,123.029,8493030.5097
2026-03-27 02:10:00+00:00,69084.7,69142.7,69011.0,69017.7,403.861,2026-03-27 02:14:59.999000+00:00,27897148.6348,14050,198.364,13703765.7462
2026-03-27 02:15:00+00:00,69017.7,69017.8,68949.3,68963.0,183.831,2026-03-27 02:19:59.999000+00:00,12680298.1343,6957,69.512,4794729.5711
2026-03-27 02:20:00+00:00,68962.9,68998.4,68927.1,68960.0,179.971,2026-03-27 02:24:59.999000+00:00,12411442.0461,7657,74.728,5153345.04
2026-03-27 02:25:00+00:00,68960.0,68990.3,68917.7,68990.2,120.397,2026-03-27 02:29:59.999000+00:00,8301714.7207,5464,64.343,4436632.2826
2026-03-27 02:30:00+00:00,68990.3,69043.3,68969.0,68976.2,213.122,2026-03-27 02:34:59.999000+00:00,14708064.3166,8039,115.684,7983472.2948
2026-03-27 02:35:00+00:00,68976.2,68979.2,68902.3,68902.3,132.179,2026-03-27 02:39:59.999000+00:00,9112068.4859,4278,29.642,2043493.6284
2026-03-27 02:40:00+00:00,68902.3,68915.0,68815.5,68885.0,269.695,2026-03-27 02:44:59.999000+00:00,18575299.0724,9727,109.954,7573558.5288
2026-03-27 02:45:00+00:00,68884.9,68911.9,68855.5,68888.7,130.931,2026-03-27 02:49:59.999000+00:00,9018306.3752,5769,72.646,5003756.9793
2026-03-27 02:50:00+00:00,68888.8,68947.3,68888.7,68909.4,115.902,2026-03-27 02:54:59.999000+00:00,7988556.9984,4119,53.001,3652830.7114
2026-03-27 02:55:00+00:00,68909.4,68919.5,68838.6,68870.8,164.175,2026-03-27 02:59:59.999000+00:00,11307462.7639,4985,92.617,6378689.4667
2026-03-27 03:00:00+00:00,68870.8,68888.4,68820.3,68820.3,156.389,2026-03-27 03:04:59.999000+00:00,10767357.1774,4960,54.779,3771607.64
2026-03-27 03:05:00+00:00,68820.3,68820.4,68621.5,68680.5,1064.397,2026-03-27 03:09:59.999000+00:00,73125451.9634,19639,366.367,25176028.7815
2026-03-27 03:10:00+00:00,68680.4,68763.8,68630.0,68711.1,832.389,2026-03-27 03:14:59.999000+00:00,57183704.7837,14328,588.626,40438492.2541
2026-03-27 03:15:00+00:00,68711.2,68770.1,68699.4,68762.4,249.587,2026-03-27 03:19:59.999000+00:00,17154980.9702,8660,128.661,8843221.479
2026-03-27 03:20:00+00:00,68762.3,68788.4,68679.4,68708.5,159.531,2026-03-27 03:24:59.999000+00:00,10965941.796,7082,94.36,6486270.6785
2026-03-27 03:25:00+00:00,68708.6,68806.5,68708.6,68793.5,133.41,2026-03-27 03:29:59.999000+00:00,9176220.5903,5327,64.43,4431485.6038
2026-03-27 03:30:00+00:00,68793.6,68827.3,68759.9,68801.1,141.843,2026-03-27 03:34:59.999000+00:00,9758010.9222,5810,63.836,4391880.0719
2026-03-27 03:35:00+00:00,68801.1,68873.0,68787.4,68851.9,258.494,2026-03-27 03:39:59.999000+00:00,17794588.8718,10333,124.911,8598772.5029
2026-03-27 03:40:00+00:00,68851.8,68877.3,68825.0,68825.1,123.055,2026-03-27 03:44:59.999000+00:00,8472873.3331,4360,67.088,4619481.0921
2026-03-27 03:45:00+00:00,68825.1,68836.5,68792.4,68818.7,163.022,2026-03-27 03:49:59.999000+00:00,11217486.8135,5532,76.78,5283459.872
2026-03-27 03:50:00+00:00,68818.6,68828.5,68795.5,68799.4,128.248,2026-03-27 03:54:59.999000+00:00,8824747.0974,4044,66.234,4557341.292
2026-03-27 03:55:00+00:00,68799.4,68799.4,68725.8,68728.8,197.561,2026-03-27 03:59:59.999000+00:00,13581436.3232,5311,69.203,4756884.7886
2026-03-27 04:00:00+00:00,68728.8,68764.5,68353.6,68499.8,2658.614,2026-03-27 04:04:59.999000+00:00,182148562.776,44833,1114.224,76344731.7882
2026-03-27 04:05:00+00:00,68499.9,68536.4,68257.2,68296.0,1586.269,2026-03-27 04:09:59.999000+00:00,108431100.3075,33020,546.51,37359469.8032
2026-03-27 04:10:00+00:00,68295.9,68368.8,68273.5,68367.8,574.458,2026-03-27 04:14:59.999000+00:00,39246850.627,14619,327.822,22397174.4067
2026-03-27 04:15:00+00:00,68367.9,68470.9,68350.7,68461.2,533.058,2026-03-27 04:19:59.999000+00:00,36466795.3367,12308,325.781,22287173.3861
2026-03-27 04:20:00+00:00,68461.2,68530.2,68450.0,68450.0,356.165,2026-03-27 04:24:59.999000+00:00,24396336.939,9739,186.411,12768084.5913
2026-03-27 04:25:00+00:00,68450.0,68508.9,68428.1,68496.2,281.807,2026-03-27 04:29:59.999000+00:00,19294163.9089,7701,142.068,9727333.4333
2026-03-27 04:30:00+00:00,68496.2,68569.6,68463.3,68555.3,414.789,2026-03-27 04:34:59.999000+00:00,28417574.4719,10348,284.715,19506257.6737
2026-03-27 04:35:00+00:00,68555.2,68586.0,68546.3,68559.7,249.408,2026-03-27 04:39:59.999000+00:00,17101630.8274,6489,151.172,10365495.9306
2026-03-27 04:40:00+00:00,68559.6,68579.1,68536.0,68543.9,223.205,2026-03-27 04:44:59.999000+00:00,15301837.2381,5180,140.703,9646224.6998
2026-03-27 04:45:00+00:00,68543.9,68599.2,68543.8,68583.8,188.412,2026-03-27 04:49:59.999000+00:00,12919594.0726,4779,131.03,8984813.5505
2026-03-27 04:50:00+00:00,68583.7,68593.2,68544.3,68553.6,144.835,2026-03-27 04:54:59.999000+00:00,9931788.6975,3857,67.216,4609057.627
2026-03-27 04:55:00+00:00,68553.6,68598.0,68527.0,68540.2,307.861,2026-03-27 04:59:59.999000+00:00,21106967.0065,7583,94.973,6511306.6426
2026-03-27 05:00:00+00:00,68540.1,68552.9,68508.8,68542.4,274.121,2026-03-27 05:04:59.999000+00:00,18785760.4717,8112,135.735,9301938.4952
2026-03-27 05:05:00+00:00,68542.5,68700.0,68515.9,68676.6,592.022,2026-03-27 05:09:59.999000+00:00,40605109.0735,12361,434.748,29819347.9622
2026-03-27 05:10:00+00:00,68676.6,68796.9,68640.7,68773.6,597.883,2026-03-27 05:14:59.999000+00:00,41084137.2936,15187,345.053,23715016.2185
2026-03-27 05:15:00+00:00,68773.6,68830.0,68740.2,68749.1,586.356,2026-03-27 05:19:59.999000+00:00,40337670.6723,12930,303.543,20883355.8953
2026-03-27 05:20:00+00:00,68749.1,68749.2,68640.0,68646.5,326.778,2026-03-27 05:24:59.999000+00:00,22442306.0562,10310,137.488,9441845.9632
2026-03-27 05:25:00+00:00,68646.5,68646.5,68546.1,68562.6,310.275,2026-03-27 05:29:59.999000+00:00,21276039.3956,10308,130.088,8920052.4618
2026-03-27 05:30:00+00:00,68562.5,68580.0,68453.6,68542.6,408.079,2026-03-27 05:34:59.999000+00:00,27958374.4781,11346,156.129,10696988.7721
2026-03-27 05:35:00+00:00,68542.5,68668.4,68538.4,68538.4,307.999,2026-03-27 05:39:59.999000+00:00,21131805.3952,10785,170.576,11704380.6301
2026-03-27 05:40:00+00:00,68538.1,68598.6,68513.6,68564.5,212.572,2026-03-27 05:44:59.999000+00:00,14574187.9142,7635,148.507,10181521.0357
2026-03-27 05:45:00+00:00,68564.5,68587.4,68547.2,68559.4,157.941,2026-03-27 05:49:59.999000+00:00,10829196.3,5864,100.324,6878497.6044
2026-03-27 05:50:00+00:00,68559.3,68576.6,68522.9,68563.4,172.495,2026-03-27 05:54:59.999000+00:00,11824488.0733,5510,87.795,6018151.5181
2026-03-27 05:55:00+00:00,68563.4,68595.2,68563.1,68588.8,86.941,2026-03-27 05:59:59.999000+00:00,5962516.6322,3838,41.066,2816251.2086
2026-03-27 06:00:00+00:00,68588.8,68600.0,68563.2,68568.0,114.126,2026-03-27 06:04:59.999000+00:00,7826774.3689,4514,47.655,3268158.9592
2026-03-27 06:05:00+00:00,68567.9,68686.2,68530.6,68677.5,188.015,2026-03-27 06:09:59.999000+00:00,12902574.6564,7505,122.046,8376287.8488
2026-03-27 06:10:00+00:00,68677.4,68722.6,68643.0,68714.7,294.871,2026-03-27 06:14:59.999000+00:00,20253283.8618,9189,123.7,8497189.0803
2026-03-27 06:15:00+00:00,68714.7,68731.1,68670.7,68722.5,260.977,2026-03-27 06:19:59.999000+00:00,17929098.4059,8008,113.836,7821152.0517
2026-03-27 06:20:00+00:00,68722.6,68763.7,68689.0,68763.6,183.246,2026-03-27 06:24:59.999000+00:00,12593538.9298,5953,107.117,7361667.8224
2026-03-27 06:25:00+00:00,68763.6,68811.0,68704.3,68754.3,469.103,2026-03-27 06:29:59.999000+00:00,32257913.5173,10077,177.979,12238460.0593
2026-03-27 06:30:00+00:00,68754.2,68793.3,68702.6,68758.2,359.911,2026-03-27 06:34:59.999000+00:00,24742985.956,9502,178.675,12283469.4967
2026-03-27 06:35:00+00:00,68758.1,68774.6,68702.6,68702.6,134.064,2026-03-27 06:39:59.999000+00:00,9216262.6695,5034,58.672,4033636.3355
2026-03-27 06:40:00+00:00,68702.6,68732.3,68692.3,68702.9,124.006,2026-03-27 06:44:59.999000+00:00,8521273.5051,4325,64.233,4413886.9935
2026-03-27 06:45:00+00:00,68702.9,68702.9,68610.0,68666.3,272.351,2026-03-27 06:49:59.999000+00:00,18698468.0086,8051,134.394,9226710.6763
2026-03-27 06:50:00+00:00,68666.4,68683.3,68654.1,68672.9,125.553,2026-03-27 06:54:59.999000+00:00,8621538.7909,3083,72.492,4977853.0489
2026-03-27 06:55:00+00:00,68672.9,68677.4,68600.0,68621.5,271.004,2026-03-27 06:59:59.999000+00:00,18601622.6678,6021,94.736,6502147.6807
2026-03-27 07:00:00+00:00,68621.5,68659.2,68619.3,68648.5,191.981,2026-03-27 07:04:59.999000+00:00,13177888.8746,5461,119.74,8218940.8964
2026-03-27 07:05:00+00:00,68648.6,68659.5,68570.0,68579.1,248.363,2026-03-27 07:09:59.999000+00:00,17040655.1339,6396,78.349,5375666.7189
2026-03-27 07:10:00+00:00,68579.1,68882.9,68576.9,68830.6,1097.162,2026-03-27 07:14:59.999000+00:00,75488996.9737,21939,759.539,52261793.3314
2026-03-27 07:15:00+00:00,68830.5,68903.0,68770.0,68878.7,638.501,2026-03-27 07:19:59.999000+00:00,43951558.5299,13632,341.43,23506046.5142
2026-03-27 07:20:00+00:00,68878.7,68925.0,68841.6,68841.7,507.216,2026-03-27 07:24:59.999000+00:00,34937197.1925,12392,214.821,14797833.1147
2026-03-27 07:25:00+00:00,68841.6,68911.1,68840.0,68883.8,247.966,2026-03-27 07:29:59.999000+00:00,17078750.858,7427,138.007,9504997.1567
2026-03-27 07:30:00+00:00,68883.7,68918.0,68705.6,68723.3,717.2,2026-03-27 07:34:59.999000+00:00,49356704.0402,15015,313.826,21599304.5991
2026-03-27 07:35:00+00:00,68723.2,68723.3,68614.3,68623.9,686.045,2026-03-27 07:39:59.999000+00:00,47112824.9992,11949,350.482,24069457.5113
2026-03-27 07:40:00+00:00,68623.8,68633.5,68482.8,68562.5,1418.961,2026-03-27 07:44:59.999000+00:00,97279823.1502,21340,634.284,43489967.3101
2026-03-27 07:45:00+00:00,68562.5,68590.0,68502.0,68553.6,742.245,2026-03-27 07:49:59.999000+00:00,50884524.3185,13260,387.646,26574878.045
2026-03-27 07:50:00+00:00,68553.5,68599.0,68517.4,68567.9,681.159,2026-03-27 07:54:59.999000+00:00,46701011.9819,11517,402.402,27588361.3305
2026-03-27 07:55:00+00:00,68567.8,68567.9,68416.5,68501.7,1091.192,2026-03-27 07:59:59.999000+00:00,74716338.0182,17750,530.39,36315966.313
2026-03-27 08:00:00+00:00,68501.8,68619.9,68445.7,68550.1,956.198,2026-03-27 08:04:59.999000+00:00,65528553.2433,21564,594.873,40771705.3121
2026-03-27 08:05:00+00:00,68550.1,68550.1,68437.9,68452.4,364.24,2026-03-27 08:09:59.999000+00:00,24946921.8103,12150,160.868,11018002.1708
2026-03-27 08:10:00+00:00,68452.3,68472.8,68410.1,68429.5,474.364,2026-03-27 08:14:59.999000+00:00,32465737.2264,12652,207.332,14189884.913
2026-03-27 08:15:00+00:00,68429.4,68476.2,68329.4,68338.0,916.917,2026-03-27 08:19:59.999000+00:00,62701855.015,23642,300.154,20526078.2915
2026-03-27 08:20:00+00:00,68338.1,68381.9,68288.1,68339.5,816.506,2026-03-27 08:24:59.999000+00:00,55787699.4305,16142,261.142,17843956.4337
2026-03-27 08:25:00+00:00,68339.5,68361.6,68181.0,68200.9,1027.24,2026-03-27 08:29:59.999000+00:00,70114111.2019,20044,295.921,20201257.3513
2026-03-27 08:30:00+00:00,68201.0,68268.8,68170.8,68195.3,665.622,2026-03-27 08:34:59.999000+00:00,45405713.324,17059,377.519,25752976.1849
2026-03-27 08:35:00+00:00,68195.4,68209.1,67560.0,67635.4,7555.436,2026-03-27 08:39:59.999000+00:00,512241636.7142,120687,2603.507,176461225.9372
2026-03-27 08:40:00+00:00,67635.4,67790.6,67577.1,67780.5,2024.051,2026-03-27 08:44:59.999000+00:00,137023265.1128,37413,1086.457,73556422.5236
2026-03-27 08:45:00+00:00,67780.4,67842.2,67720.0,67806.3,1029.803,2026-03-27 08:49:59.999000+00:00,69800837.5371,23027,470.528,31896071.6962
2026-03-27 08:50:00+00:00,67806.3,68030.0,67796.6,67924.8,1768.363,2026-03-27 08:54:59.999000+00:00,120148818.1677,25634,1084.861,73700112.9063
2026-03-27 08:55:00+00:00,67924.8,67941.3,67866.4,67876.6,552.071,2026-03-27 08:59:59.999000+00:00,37489661.8511,12466,271.044,18406538.979
2026-03-27 09:00:00+00:00,67876.7,67906.6,67745.7,67789.0,1535.298,2026-03-27 09:04:59.999000+00:00,104148752.6663,27169,776.951,52704000.5786
2026-03-27 09:05:00+00:00,67789.0,67789.0,67621.5,67639.9,1039.287,2026-03-27 09:09:59.999000+00:00,70355225.2976,21960,402.061,27219150.9604
2026-03-27 09:10:00+00:00,67639.8,67756.5,67500.2,67709.9,1552.593,2026-03-27 09:14:59.999000+00:00,104992925.6534,30074,699.973,47349280.7811
2026-03-27 09:15:00+00:00,67710.0,67826.5,67700.6,67811.6,639.25,2026-03-27 09:19:59.999000+00:00,43321792.285,17000,394.917,26762979.3572
2026-03-27 09:20:00+00:00,67811.5,67854.4,67799.2,67822.2,437.536,2026-03-27 09:24:59.999000+00:00,29677611.9047,11346,257.253,17449013.7007
2026-03-27 09:25:00+00:00,67822.2,67912.1,67822.1,67901.5,421.371,2026-03-27 09:29:59.999000+00:00,28604850.6181,10308,286.641,19458292.3542
2026-03-27 09:30:00+00:00,67901.6,67905.5,67740.3,67755.2,759.054,2026-03-27 09:34:59.999000+00:00,51494334.4325,14839,281.668,19103293.0697
2026-03-27 09:35:00+00:00,67755.1,67800.0,67699.9,67761.5,442.764,2026-03-27 09:39:59.999000+00:00,29993358.0936,12028,206.591,13995369.622
2026-03-27 09:40:00+00:00,67761.5,67767.7,67671.0,67685.3,533.146,2026-03-27 09:44:59.999000+00:00,36096155.1779,10538,174.639,11823080.2371
2026-03-27 09:45:00+00:00,67685.3,67818.0,67685.3,67789.6,368.492,2026-03-27 09:49:59.999000+00:00,24969658.6028,11140,252.641,17119073.7717
2026-03-27 09:50:00+00:00,67789.7,67850.9,67758.8,67802.2,395.3,2026-03-27 09:54:59.999000+00:00,26802113.0556,10343,235.087,15938226.0662
2026-03-27 09:55:00+00:00,67802.2,67809.1,67632.0,67651.9,810.624,2026-03-27 09:59:59.999000+00:00,54867088.623,16358,258.211,17473542.3769
2026-03-27 10:00:00+00:00,67652.0,67735.3,67565.7,67638.4,734.331,2026-03-27 10:04:59.999000+00:00,49668484.2791,19042,319.845,21634392.012
2026-03-27 10:05:00+00:00,67638.3,67713.5,67606.5,67681.9,330.892,2026-03-27 10:09:59.999000+00:00,22389658.5852,10364,180.991,12247637.4506
2026-03-27 10:10:00+00:00,67682.0,67692.8,67607.1,67625.3,267.15,2026-03-27 10:14:59.999000+00:00,18074024.4069,8052,118.317,8004177.9135
2026-03-27 10:15:00+00:00,67625.1,67709.2,67615.8,67654.2,217.841,2026-03-27 10:19:59.999000+00:00,14737572.9957,9115,114.068,7717035.7219
2026-03-27 10:20:00+00:00,67654.2,67737.9,67650.1,67695.1,269.738,2026-03-27 10:24:59.999000+00:00,18260838.0193,9192,140.203,9491699.741
2026-03-27 10:25:00+00:00,67695.1,67737.9,67645.3,67725.5,256.691,2026-03-27 10:29:59.999000+00:00,17378498.8867,9466,131.107,8876798.0676
2026-03-27 10:30:00+00:00,67725.6,67734.3,67633.6,67649.5,335.492,2026-03-27 10:34:59.999000+00:00,22706713.5694,9895,105.523,7142697.425
2026-03-27 10:35:00+00:00,67649.6,67649.6,66770.9,66942.8,10922.844,2026-03-27 10:39:59.999000+00:00,733275341.7423,136460,3654.065,245149186.1727
2026-03-27 10:40:00+00:00,66942.8,67004.5,66720.4,66846.6,3920.131,2026-03-27 10:44:59.999000+00:00,262203170.7504,83359,1695.764,113443877.7209
2026-03-27 10:45:00+00:00,66846.7,66891.7,66709.3,66767.9,2233.322,2026-03-27 10:49:59.999000+00:00,149244011.3964,46697,1065.41,71204576.5749
2026-03-27 10:50:00+00:00,66767.9,66899.7,66508.0,66599.8,3138.259,2026-03-27 10:54:59.999000+00:00,209272179.7146,59418,1304.247,86993672.6208
2026-03-27 10:55:00+00:00,66599.2,66599.2,66257.4,66456.4,3976.262,2026-03-27 10:59:59.999000+00:00,264076175.9313,78546,1636.26,108684463.3736
2026-03-27 11:00:00+00:00,66456.4,66509.4,66175.4,66413.0,3114.208,2026-03-27 11:04:59.999000+00:00,206654307.8534,72052,1314.034,87215974.2269
2026-03-27 11:05:00+00:00,66413.1,66492.9,66356.3,66360.4,1189.888,2026-03-27 11:09:59.999000+00:00,79050541.7841,28017,665.509,44214497.2194
2026-03-27 11:10:00+00:00,66360.4,66588.0,66360.3,66574.3,1471.695,2026-03-27 11:14:59.999000+00:00,97871354.1686,32089,850.346,56545029.9193
2026-03-27 11:15:00+00:00,66574.4,66687.3,66556.4,66646.1,1691.604,2026-03-27 11:19:59.999000+00:00,112701661.6417,36812,931.354,62050791.4793
2026-03-27 11:20:00+00:00,66646.1,66713.7,66590.0,66598.8,933.517,2026-03-27 11:24:59.999000+00:00,62214896.7634,21323,426.413,28417985.4564
2026-03-27 11:25:00+00:00,66598.8,66696.0,66575.8,66673.8,528.404,2026-03-27 11:29:59.999000+00:00,35218608.5854,14754,270.838,18050933.6279
2026-03-27 11:30:00+00:00,66673.7,66715.0,66612.0,66662.1,587.596,2026-03-27 11:34:59.999000+00:00,39171381.4746,17282,300.913,20060489.6791
2026-03-27 11:35:00+00:00,66662.2,66694.6,66603.0,66670.9,611.21,2026-03-27 11:39:59.999000+00:00,40735211.9608,13771,349.04,23263625.973
2026-03-27 11:40:00+00:00,66670.8,66733.6,66656.6,66725.7,519.109,2026-03-27 11:44:59.999000+00:00,34627607.0244,14197,290.019,19346191.1644
2026-03-27 11:45:00+00:00,66725.8,66810.9,66682.6,66751.9,666.861,2026-03-27 11:49:59.999000+00:00,44519783.9885,16273,387.265,25855692.9703
2026-03-27 11:50:00+00:00,66752.0,66761.0,66625.4,66707.1,778.076,2026-03-27 11:54:59.999000+00:00,51880405.3803,18678,281.193,18749325.5822
2026-03-27 11:55:00+00:00,66707.1,66720.0,66633.9,66663.2,475.141,2026-03-27 11:59:59.999000+00:00,31676079.3062,12714,222.89,14859749.2668
2026-03-27 12:00:00+00:00,66663.3,66714.0,66593.0,66598.8,653.132,2026-03-27 12:04:59.999000+00:00,43528357.6166,15612,287.194,19142376.5963
2026-03-27 12:05:00+00:00,66598.8,66742.2,66580.0,66657.8,484.435,2026-03-27 12:09:59.999000+00:00,32289930.0631,14037,277.406,18491417.236
2026-03-27 12:10:00+00:00,66657.8,66696.6,66563.0,66603.2,568.183,2026-03-27 12:14:59.999000+00:00,37867681.8071,14749,304.685,20307684.8486
2026-03-27 12:15:00+00:00,66603.2,66683.1,66573.7,66625.6,328.182,2026-03-27 12:19:59.999000+00:00,21864189.1571,10414,123.107,8201962.8523
2026-03-27 12:20:00+00:00,66625.5,66633.7,66524.0,66567.9,419.678,2026-03-27 12:24:59.999000+00:00,27942699.942,12700,173.429,11548408.2938
2026-03-27 12:25:00+00:00,66568.0,66584.6,66481.8,66500.8,729.53,2026-03-27 12:29:59.999000+00:00,48523764.3757,17325,290.388,19314046.9005
2026-03-27 12:30:00+00:00,66500.7,66572.0,66420.0,66424.7,893.279,2026-03-27 12:34:59.999000+00:00,59395451.0524,21860,339.045,22542462.0531
2026-03-27 12:35:00+00:00,66424.7,66605.0,66388.0,66565.9,592.714,2026-03-27 12:39:59.999000+00:00,39414574.1868,18473,318.083,21153772.8106
2026-03-27 12:40:00+00:00,66565.9,66586.5,66520.0,66579.1,311.448,2026-03-27 12:44:59.999000+00:00,20728235.6778,11279,177.349,11803389.7844
2026-03-27 12:45:00+00:00,66579.1,66650.0,66446.1,66449.4,576.72,2026-03-27 12:49:59.999000+00:00,38383184.6546,17301,266.66,17751991.8984
2026-03-27 12:50:00+00:00,66449.4,66577.2,66441.8,66568.7,274.049,2026-03-27 12:54:59.999000+00:00,18227848.4567,9079,160.04,10644224.4407
2026-03-27 12:55:00+00:00,66568.7,66600.0,66541.6,66579.4,252.424,2026-03-27 12:59:59.999000+00:00,16803286.3272,7653,114.068,7593104.735
2026-03-27 13:00:00+00:00,66579.4,66699.9,66579.3,66634.4,556.96,2026-03-27 13:04:59.999000+00:00,37111004.9012,17409,324.017,21589408.7221
2026-03-27 13:05:00+00:00,66634.4,66634.4,66496.8,66528.1,348.975,2026-03-27 13:09:59.999000+00:00,23228192.4503,11332,118.321,7875727.947
2026-03-27 13:10:00+00:00,66528.1,66533.7,66479.8,66500.2,351.107,2026-03-27 13:14:59.999000+00:00,23349066.6387,11540,140.528,9345294.1694
2026-03-27 13:15:00+00:00,66500.1,66540.1,66452.0,66519.4,415.015,2026-03-27 13:19:59.999000+00:00,27600391.3724,12154,253.366,16850115.4833
2026-03-27 13:20:00+00:00,66519.4,66643.3,66519.3,66618.0,498.001,2026-03-27 13:24:59.999000+00:00,33162541.5006,14448,242.176,16127581.3433
2026-03-27 13:25:00+00:00,66617.9,66689.8,66611.4,66658.5,591.768,2026-03-27 13:29:59.999000+00:00,39442786.9425,13941,275.835,18385536.9918
2026-03-27 13:30:00+00:00,66658.6,66693.5,66309.7,66319.8,2069.056,2026-03-27 13:34:59.999000+00:00,137510488.5845,48594,770.091,51182269.2695
2026-03-27 13:35:00+00:00,66319.7,66459.7,66025.4,66411.1,3313.236,2026-03-27 13:39:59.999000+00:00,219524719.4784,71296,1371.148,90893700.7206
2026-03-27 13:40:00+00:00,66411.1,66615.2,66389.3,66467.4,2027.788,2026-03-27 13:44:59.999000+00:00,134876888.338,48633,1201.048,79889515.0488
2026-03-27 13:45:00+00:00,66467.4,66538.0,66373.7,66385.9,880.938,2026-03-27 13:49:59.999000+00:00,58533269.8794,31810,440.822,29291809.3316
2026-03-27 13:50:00+00:00,66385.8,66386.2,66181.4,66198.2,1392.867,2026-03-27 13:54:59.999000+00:00,92276926.0679,36465,632.38,41892358.0229
2026-03-27 13:55:00+00:00,66198.3,66198.3,65950.0,66153.9,2936.79,2026-03-27 13:59:59.999000+00:00,194048530.5441,59737,1144.987,75676596.1501
2026-03-27 14:00:00+00:00,66153.9,66274.4,66054.7,66271.1,1820.459,2026-03-27 14:04:59.999000+00:00,120467468.8804,42101,981.855,64978490.9878
2026-03-27 14:05:00+00:00,66271.1,66350.0,66233.8,66279.6,1163.696,2026-03-27 14:09:59.999000+00:00,77154962.8052,33547,677.932,44948863.6846
2026-03-27 14:10:00+00:00,66279.6,66375.2,66157.9,66321.0,871.274,2026-03-27 14:14:59.999000+00:00,57744900.5752,28508,430.994,28565853.0056
2026-03-27 14:15:00+00:00,66320.9,66340.6,66056.1,66088.3,857.514,2026-03-27 14:19:59.999000+00:00,56778267.7062,30195,324.236,21473911.9881
2026-03-27 14:20:00+00:00,66088.4,66095.2,65750.8,65882.5,4246.291,2026-03-27 14:24:59.999000+00:00,279834577.7568,84896,1733.072,114222253.4257
2026-03-27 14:25:00+00:00,65882.4,65926.7,65681.5,65694.3,2930.567,2026-03-27 14:29:59.999000+00:00,192701477.2188,56696,1231.363,80968518.0696
2026-03-27 14:30:00+00:00,65694.1,65890.1,65691.1,65855.5,1701.283,2026-03-27 14:34:59.999000+00:00,111931110.8411,41029,1000.47,65826979.8048
2026-03-27 14:35:00+00:00,65855.5,65991.6,65712.0,65767.8,1390.427,2026-03-27 14:39:59.999000+00:00,91580664.7477,36510,671.403,44234753.8033
2026-03-27 14:40:00+00:00,65767.7,65879.5,65742.8,65862.6,993.464,2026-03-27 14:44:59.999000+00:00,65391623.4153,24233,528.3,34772214.7892
2026-03-27 14:45:00+00:00,65862.6,65921.8,65742.2,65921.8,741.4,2026-03-27 14:49:59.999000+00:00,48820168.5044,25718,403.057,26542653.3041
2026-03-27 14:50:00+00:00,65921.7,66058.0,65908.7,65943.5,1628.365,2026-03-27 14:54:59.999000+00:00,107479511.8689,36297,886.794,58532974.8179
2026-03-27 14:55:00+00:00,65943.5,66206.3,65943.5,66162.7,2452.411,2026-03-27 14:59:59.999000+00:00,162152931.3802,33399,1216.099,80397028.8464
2026-03-27 15:00:00+00:00,66162.7,66238.0,66149.4,66194.6,1542.085,2026-03-27 15:04:59.999000+00:00,102068479.8459,24354,733.224,48533039.29
2026-03-27 15:05:00+00:00,66194.5,66248.6,66052.0,66201.2,1342.358,2026-03-27 15:09:59.999000+00:00,88801874.0165,23960,546.445,36152345.1342
2026-03-27 15:10:00+00:00,66201.3,66265.2,66160.0,66209.8,1181.061,2026-03-27 15:14:59.999000+00:00,78198779.1272,20443,583.985,38665122.9217
2026-03-27 15:15:00+00:00,66209.8,66260.0,66060.0,66060.0,1248.351,2026-03-27 15:19:59.999000+00:00,82611626.0627,20445,366.903,24283770.9884
2026-03-27 15:20:00+00:00,66060.0,66435.6,65930.3,66170.3,2461.233,2026-03-27 15:24:59.999000+00:00,162890155.8967,51638,1214.362,80395860.1054
2026-03-27 15:25:00+00:00,66170.2,66318.0,66084.7,66307.0,1741.226,2026-03-27 15:29:59.999000+00:00,115283145.6614,30835,812.97,53839473.9295
2026-03-27 15:30:00+00:00,66307.0,66498.9,66258.1,66498.9,1608.429,2026-03-27 15:34:59.999000+00:00,106790392.1167,39503,970.356,64432189.5203
2026-03-27 15:35:00+00:00,66498.9,66615.0,66401.0,66444.0,2325.016,2026-03-27 15:39:59.999000+00:00,154647733.1344,33490,1030.658,68569023.4734
2026-03-27 15:40:00+00:00,66444.0,66450.0,66301.0,66372.5,877.261,2026-03-27 15:44:59.999000+00:00,58215853.6064,21221,385.869,25605106.9144
2026-03-27 15:45:00+00:00,66372.6,66438.9,66275.1,66318.1,1093.342,2026-03-27 15:49:59.999000+00:00,72517813.79,20470,395.139,26207086.741
2026-03-27 15:50:00+00:00,66318.2,66365.7,66157.3,66184.7,887.754,2026-03-27 15:54:59.999000+00:00,58814306.8594,21958,381.307,25262052.8382
2026-03-27 15:55:00+00:00,66184.6,66184.6,66051.2,66092.0,1232.585,2026-03-27 15:59:59.999000+00:00,81486375.728,24582,420.96,27830472.0843
2026-03-27 16:00:00+00:00,66091.9,66092.0,65900.0,65922.4,1748.793,2026-03-27 16:04:59.999000+00:00,115406223.0236,33514,812.504,53618946.9264
2026-03-27 16:05:00+00:00,65922.4,65936.8,65731.8,65806.8,2467.018,2026-03-27 16:09:59.999000+00:00,162403006.0163,41978,933.012,61417639.0937
2026-03-27 16:10:00+00:00,65806.9,65980.0,65806.8,65943.3,989.285,2026-03-27 16:14:59.999000+00:00,65204568.8355,23394,588.635,38794702.2607
2026-03-27 16:15:00+00:00,65943.2,65946.8,65834.0,65844.6,388.82,2026-03-27 16:19:59.999000+00:00,25623679.2695,11361,128.587,8474343.2129
