open_time,close_time,open,high,low,close,trade_count
2026-03-13 16:20:00+00:00,2026-03-13 16:24:59.999000+00:00,89.22,89.40075583,89.10084935,89.17,300
2026-03-13 16:25:00+00:00,2026-03-13 16:29:59.999000+00:00,89.21,89.27,88.7999129,89.22487666,300
2026-03-13 16:30:00+00:00,2026-03-13 16:34:59.999000+00:00,89.23227942,89.5,89.23227942,89.4,300
2026-03-13 16:35:00+00:00,2026-03-13 16:39:59.999000+00:00,89.4,89.66,89.37,89.64,300
2026-03-13 16:40:00+00:00,2026-03-13 16:44:59.999000+00:00,89.64428248,89.66,89.52903504,89.59,300
2026-03-13 16:45:00+00:00,2026-03-13 16:49:59.999000+00:00,89.59,89.74,89.46840033,89.72,300
2026-03-13 16:50:00+00:00,2026-03-13 16:54:59.999000+00:00,89.72,89.9,89.62809406,89.77632678,300
2026-03-13 16:55:00+00:00,2026-03-13 16:59:59.999000+00:00,89.77632678,89.79,89.51388823,89.55,300
2026-03-13 17:00:00+00:00,2026-03-13 17:04:59.999000+00:00,89.56,89.63176076,89.48,89.5029714,300
2026-03-13 17:05:00+00:00,2026-03-13 17:09:59.999000+00:00,89.5,89.83,89.5,89.8,300
2026-03-13 17:10:00+00:00,2026-03-13 17:14:59.999000+00:00,89.8,89.85624913,89.66,89.85624913,300
2026-03-13 17:15:00+00:00,2026-03-13 17:19:59.999000+00:00,89.88,90.07,89.72162801,89.94052719,300
2026-03-13 17:20:00+00:00,2026-03-13 17:24:59.999000+00:00,89.92275112,89.98765813,89.6014778,89.68739403,300
2026-03-13 17:25:00+00:00,2026-03-13 17:29:59.999000+00:00,89.67202054,89.71,89.15102653,89.27093357,300
2026-03-13 17:30:00+00:00,2026-03-13 17:34:59.999000+00:00,89.27,89.43,89.23373385,89.39181596,300
2026-03-13 17:35:00+00:00,2026-03-13 17:39:59.999000+00:00,89.41,89.43,88.97248551,89.14146453,300
2026-03-13 17:40:00+00:00,2026-03-13 17:44:59.999000+00:00,89.14133151,89.17,88.74684692,88.86287474,300
2026-03-13 17:45:00+00:00,2026-03-13 17:49:59.999000+00:00,88.87,88.98801848,88.57,88.67,300
2026-03-13 17:50:00+00:00,2026-03-13 17:54:59.999000+00:00,88.67,88.88531978,88.54,88.8180343,300
2026-03-13 17:55:00+00:00,2026-03-13 17:59:59.999000+00:00,88.81814072,88.97,88.59,88.83,300
2026-03-13 18:00:00+00:00,2026-03-13 18:04:59.999000+00:00,88.82,88.85,88.53,88.72,300
2026-03-13 18:05:00+00:00,2026-03-13 18:09:59.999000+00:00,88.72,88.72,88.50891477,88.59569256,300
2026-03-13 18:10:00+00:00,2026-03-13 18:14:59.999000+00:00,88.59419654,88.95,88.45,88.92,300
2026-03-13 18:15:00+00:00,2026-03-13 18:19:59.999000+00:00,88.91,88.98,88.35,88.5,300
2026-03-13 18:20:00+00:00,2026-03-13 18:24:59.999000+00:00,88.52,88.59219451,88.30831193,88.49001774,300
2026-03-13 18:25:00+00:00,2026-03-13 18:29:59.999000+00:00,88.49001774,88.77,88.42,88.75190232,300
2026-03-13 18:30:00+00:00,2026-03-13 18:34:59.999000+00:00,88.81701694,89.04109868,88.81701694,88.92438815,300
2026-03-13 18:35:00+00:00,2026-03-13 18:39:59.999000+00:00,88.92438815,89.08170689,88.87,88.97326649,300
2026-03-13 18:40:00+00:00,2026-03-13 18:44:59.999000+00:00,88.97372302,89.07,88.8888094,88.98,300
2026-03-13 18:45:00+00:00,2026-03-13 18:49:59.999000+00:00,88.96414046,88.96414046,88.66714476,88.81,300
2026-03-13 18:50:00+00:00,2026-03-13 18:54:59.999000+00:00,88.81,88.83205318,88.66213831,88.82468999,300
2026-03-13 18:55:00+00:00,2026-03-13 18:59:59.999000+00:00,88.82457968,88.86,88.72070302,88.77,300
2026-03-13 19:00:00+00:00,2026-03-13 19:04:59.999000+00:00,88.77,88.82,88.47029991,88.50570606,300
2026-03-13 19:05:00+00:00,2026-03-13 19:09:59.999000+00:00,88.48892349,88.71588124,88.36360372,88.61167717,300
2026-03-13 19:10:00+00:00,2026-03-13 19:14:59.999000+00:00,88.61163954,88.78413795,88.60751023,88.70069808,300
2026-03-13 19:15:00+00:00,2026-03-13 19:19:59.999000+00:00,88.70061044,88.82097578,88.70061044,88.7732954,300
2026-03-13 19:20:00+00:00,2026-03-13 19:24:59.999000+00:00,88.77465904,88.92333657,88.58214058,88.92,300
2026-03-13 19:25:00+00:00,2026-03-13 19:29:59.999000+00:00,88.92897507,88.92897507,88.62564665,88.66,300
2026-03-13 19:30:00+00:00,2026-03-13 19:34:59.999000+00:00,88.66,88.88,88.61,88.63,300
2026-03-13 19:35:00+00:00,2026-03-13 19:39:59.999000+00:00,88.63,88.7,88.51,88.64,300
2026-03-13 19:40:00+00:00,2026-03-13 19:44:59.999000+00:00,88.63115218,88.77,88.6,88.76505715,300
2026-03-13 19:45:00+00:00,2026-03-13 19:49:59.999000+00:00,88.78,88.90406999,88.78,88.82096318,300
2026-03-13 19:50:00+00:00,2026-03-13 19:54:59.999000+00:00,88.8219672,88.90613379,88.74327377,88.87,300
2026-03-13 19:55:00+00:00,2026-03-13 19:59:59.999000+00:00,88.88,88.97,88.78051726,88.84,300
2026-03-13 20:00:00+00:00,2026-03-13 20:04:59.999000+00:00,88.84,88.86,88.5776344,88.6013485,300
2026-03-13 20:05:00+00:00,2026-03-13 20:09:59.999000+00:00,88.6013485,88.71,88.52,88.6958956,300
2026-03-13 20:10:00+00:00,2026-03-13 20:14:59.999000+00:00,88.6958956,88.91,88.64133438,88.91,300
2026-03-13 20:15:00+00:00,2026-03-13 20:19:59.999000+00:00,88.92,88.99,88.86253353,88.99,300
2026-03-13 20:20:00+00:00,2026-03-13 20:24:59.999000+00:00,88.98116051,89.04,88.88306769,88.96349153,300
2026-03-13 20:25:00+00:00,2026-03-13 20:29:59.999000+00:00,88.97,88.97186805,88.8,88.86,300
2026-03-13 20:30:00+00:00,2026-03-13 20:34:59.999000+00:00,88.85474055,88.93187514,88.83005426,88.90249009,300
2026-03-13 20:35:00+00:00,2026-03-13 20:39:59.999000+00:00,88.91,88.97,88.87,88.9601905,300
2026-03-13 20:40:00+00:00,2026-03-13 20:44:59.999000+00:00,88.96135404,88.96135404,88.84431822,88.91,300
2026-03-13 20:45:00+00:00,2026-03-13 20:49:59.999000+00:00,88.90479221,89.06,88.78,88.82,300
2026-03-13 20:50:00+00:00,2026-03-13 20:54:59.999000+00:00,88.81,88.85138541,88.72284574,88.84106256,300
2026-03-13 20:55:00+00:00,2026-03-13 20:59:59.999000+00:00,88.85,88.88,88.76358685,88.85248207,300
2026-03-13 21:00:00+00:00,2026-03-13 21:04:59.999000+00:00,88.85248207,89.09,88.85231439,89.05832337,300
2026-03-13 21:05:00+00:00,2026-03-13 21:09:59.999000+00:00,89.0499158,89.09,88.98858851,89.05,300
2026-03-13 21:10:00+00:00,2026-03-13 21:14:59.999000+00:00,89.04281773,89.07047448,88.86106631,88.94026909,300
2026-03-13 21:15:00+00:00,2026-03-13 21:19:59.999000+00:00,88.94,88.94647981,88.85,88.89,300
2026-03-13 21:20:00+00:00,2026-03-13 21:24:59.999000+00:00,88.89193193,88.92,88.8,88.84517465,300
2026-03-13 21:25:00+00:00,2026-03-13 21:29:59.999000+00:00,88.84385687,88.84385687,88.45,88.5,300
2026-03-13 21:30:00+00:00,2026-03-13 21:34:59.999000+00:00,88.51,88.62108616,88.45,88.53,300
2026-03-13 21:35:00+00:00,2026-03-13 21:39:59.999000+00:00,88.54,88.7157651,88.27915709,88.44,300
2026-03-13 21:40:00+00:00,2026-03-13 21:44:59.999000+00:00,88.43750675,88.64,88.39524288,88.61,300
2026-03-13 21:45:00+00:00,2026-03-13 21:49:59.999000+00:00,88.60478878,88.71,88.59,88.68,300
2026-03-13 21:50:00+00:00,2026-03-13 21:54:59.999000+00:00,88.67819188,88.69,88.54452335,88.6409077,300
2026-03-13 21:55:00+00:00,2026-03-13 21:59:59.999000+00:00,88.64273651,88.7,88.5,88.52,300
2026-03-13 22:00:00+00:00,2026-03-13 22:04:59.999000+00:00,88.52,88.61725184,87.92,88.11,300
2026-03-13 22:05:00+00:00,2026-03-13 22:09:59.999000+00:00,88.11,88.1844584,87.9758324,88.07,300
2026-03-13 22:10:00+00:00,2026-03-13 22:14:59.999000+00:00,88.07,88.21371081,88.06,88.16,300
2026-03-13 22:15:00+00:00,2026-03-13 22:19:59.999000+00:00,88.17,88.17,87.83723424,88.03212636,300
2026-03-13 22:20:00+00:00,2026-03-13 22:24:59.999000+00:00,88.03192744,88.0319687,87.78156204,87.83125683,300
2026-03-13 22:25:00+00:00,2026-03-13 22:29:59.999000+00:00,87.84,87.90658732,87.79491498,87.85,300
2026-03-13 22:30:00+00:00,2026-03-13 22:34:59.999000+00:00,87.8421254,87.92,87.7,87.92,300
2026-03-13 22:35:00+00:00,2026-03-13 22:39:59.999000+00:00,87.92,88.01122528,87.7210447,87.83,300
2026-03-13 22:40:00+00:00,2026-03-13 22:44:59.999000+00:00,87.83,87.9,87.76538396,87.85,300
2026-03-13 22:45:00+00:00,2026-03-13 22:49:59.999000+00:00,87.84,87.93,87.78,87.93,300
2026-03-13 22:50:00+00:00,2026-03-13 22:54:59.999000+00:00,87.90974675,88.04640239,87.787557,88.04,300
2026-03-13 22:55:00+00:00,2026-03-13 22:59:59.999000+00:00,88.04,88.04,87.91884669,87.96836004,300
2026-03-13 23:00:00+00:00,2026-03-13 23:04:59.999000+00:00,87.97,87.97,87.75116757,87.91625677,300
2026-03-13 23:05:00+00:00,2026-03-13 23:09:59.999000+00:00,87.91661708,87.96,87.85060011,87.96,300
2026-03-13 23:10:00+00:00,2026-03-13 23:14:59.999000+00:00,87.95676284,88.02,87.90238595,88.0025523,300
2026-03-13 23:15:00+00:00,2026-03-13 23:19:59.999000+00:00,88.0025523,88.19,87.98256988,88.16,300
2026-03-13 23:20:00+00:00,2026-03-13 23:24:59.999000+00:00,88.16,88.18,88.06233625,88.15428455,300
2026-03-13 23:25:00+00:00,2026-03-13 23:29:59.999000+00:00,88.15428455,88.21,88.06173128,88.07,300
2026-03-13 23:30:00+00:00,2026-03-13 23:34:59.999000+00:00,88.07,88.12428112,88.0,88.02690619,300
2026-03-13 23:35:00+00:00,2026-03-13 23:39:59.999000+00:00,88.04,88.15,88.03019706,88.08,300
2026-03-13 23:40:00+00:00,2026-03-13 23:44:59.999000+00:00,88.09,88.14,88.07,88.08408914,300
2026-03-13 23:45:00+00:00,2026-03-13 23:49:59.999000+00:00,88.09,88.13349088,88.01640547,88.03,300
2026-03-13 23:50:00+00:00,2026-03-13 23:54:59.999000+00:00,88.03,88.06,87.98056824,88.05,300
2026-03-13 23:55:00+00:00,2026-03-13 23:59:59.999000+00:00,88.04897567,88.15,88.04274497,88.11610813,300
2026-03-14 00:00:00+00:00,2026-03-14 00:04:59.999000+00:00,88.12,88.12,87.93,87.99,300
2026-03-14 00:05:00+00:00,2026-03-14 00:09:59.999000+00:00,87.99,88.11,87.99,88.08289769,300
2026-03-14 00:10:00+00:00,2026-03-14 00:14:59.999000+00:00,88.09,88.2,88.07883116,88.2,300
2026-03-14 00:15:00+00:00,2026-03-14 00:19:59.999000+00:00,88.19050595,88.23,88.1,88.16023965,300
2026-03-14 00:20:00+00:00,2026-03-14 00:24:59.999000+00:00,88.16160277,88.26,88.13311434,88.19501743,300
2026-03-14 00:25:00+00:00,2026-03-14 00:29:59.999000+00:00,88.19258331,88.22,88.03,88.22,300
2026-03-14 00:30:00+00:00,2026-03-14 00:34:59.999000+00:00,88.22,88.29,88.14,88.29,300
2026-03-14 00:35:00+00:00,2026-03-14 00:39:59.999000+00:00,88.28943106,88.33,88.0,88.01,300
2026-03-14 00:40:00+00:00,2026-03-14 00:44:59.999000+00:00,88.01,88.1101992,87.84287775,87.84287775,300
2026-03-14 00:45:00+00:00,2026-03-14 00:49:59.999000+00:00,87.84,87.94,87.81476156,87.8149013,300
2026-03-14 00:50:00+00:00,2026-03-14 00:54:59.999000+00:00,87.83,87.90246012,87.80964453,87.87,300
2026-03-14 00:55:00+00:00,2026-03-14 00:59:59.999000+00:00,87.88,87.96067467,87.8622074,87.90568037,300
2026-03-14 01:00:00+00:00,2026-03-14 01:04:59.999000+00:00,87.90060541,88.11,87.89,88.01947277,300
2026-03-14 01:05:00+00:00,2026-03-14 01:09:59.999000+00:00,88.02,88.07427116,87.98301199,88.07,300
2026-03-14 01:10:00+00:00,2026-03-14 01:14:59.999000+00:00,88.06066105,88.09,87.86827499,87.94834616,300
2026-03-14 01:15:00+00:00,2026-03-14 01:19:59.999000+00:00,87.95,88.04,87.91182626,88.0,300
2026-03-14 01:20:00+00:00,2026-03-14 01:24:59.999000+00:00,88.0,88.11696664,88.0,88.11696664,300
2026-03-14 01:25:00+00:00,2026-03-14 01:29:59.999000+00:00,88.11696664,88.13,88.0391256,88.05,300
2026-03-14 01:30:00+00:00,2026-03-14 01:34:59.999000+00:00,88.04354825,88.14702881,87.9,87.92,300
2026-03-14 01:35:00+00:00,2026-03-14 01:39:59.999000+00:00,87.92,88.12084687,87.76743792,88.05584025,300
2026-03-14 01:40:00+00:00,2026-03-14 01:44:59.999000+00:00,88.05584025,88.23183111,88.02375433,88.17043441,300
2026-03-14 01:45:00+00:00,2026-03-14 01:49:59.999000+00:00,88.17043441,88.29,88.17,88.29,300
2026-03-14 01:50:00+00:00,2026-03-14 01:54:59.999000+00:00,88.3,88.33008868,88.22018889,88.3,300
2026-03-14 01:55:00+00:00,2026-03-14 01:59:59.999000+00:00,88.3,88.3,88.19,88.2,300
2026-03-14 02:00:00+00:00,2026-03-14 02:04:59.999000+00:00,88.2,88.2,88.12813916,88.19,300
2026-03-14 02:05:00+00:00,2026-03-14 02:09:59.999000+00:00,88.19,88.25,88.13,88.14,300
2026-03-14 02:10:00+00:00,2026-03-14 02:14:59.999000+00:00,88.14,88.19,88.09191212,88.16,300
2026-03-14 02:15:00+00:00,2026-03-14 02:19:59.999000+00:00,88.16,88.19504718,88.10332873,88.16,300
2026-03-14 02:20:00+00:00,2026-03-14 02:24:59.999000+00:00,88.16,88.16,88.02,88.14,300
2026-03-14 02:25:00+00:00,2026-03-14 02:29:59.999000+00:00,88.16,88.16,88.06,88.0919605,300
2026-03-14 02:30:00+00:00,2026-03-14 02:34:59.999000+00:00,88.09184629,88.1,88.0,88.1,300
2026-03-14 02:35:00+00:00,2026-03-14 02:39:59.999000+00:00,88.1,88.1,87.93106204,87.97,300
2026-03-14 02:40:00+00:00,2026-03-14 02:44:59.999000+00:00,87.96629052,88.07697167,87.96591058,88.00577254,300
2026-03-14 02:45:00+00:00,2026-03-14 02:49:59.999000+00:00,88.00710974,88.07,87.97,88.07,300
2026-03-14 02:50:00+00:00,2026-03-14 02:54:59.999000+00:00,88.07,88.19,88.06,88.13900725,300
2026-03-14 02:55:00+00:00,2026-03-14 02:59:59.999000+00:00,88.13707119,88.28,88.13707119,88.18,300
2026-03-14 03:00:00+00:00,2026-03-14 03:04:59.999000+00:00,88.18,88.29124776,88.17747136,88.29123718,300
2026-03-14 03:05:00+00:00,2026-03-14 03:09:59.999000+00:00,88.29074221,88.48,88.27708951,88.48,300
2026-03-14 03:10:00+00:00,2026-03-14 03:14:59.999000+00:00,88.48,88.48,88.36833979,88.43,300
2026-03-14 03:15:00+00:00,2026-03-14 03:19:59.999000+00:00,88.43,88.54,88.35706248,88.37,300
2026-03-14 03:20:00+00:00,2026-03-14 03:24:59.999000+00:00,88.37,88.39,88.23089996,88.31294904,300
2026-03-14 03:25:00+00:00,2026-03-14 03:29:59.999000+00:00,88.31413976,88.44,88.31413976,88.38170726,300
2026-03-14 03:30:00+00:00,2026-03-14 03:34:59.999000+00:00,88.39206864,88.56061206,88.36166524,88.53317336,300
2026-03-14 03:35:00+00:00,2026-03-14 03:39:59.999000+00:00,88.53245226,88.55058885,88.39,88.52911153,300
2026-03-14 03:40:00+00:00,2026-03-14 03:44:59.999000+00:00,88.52911153,88.53,88.43190543,88.46,300
2026-03-14 03:45:00+00:00,2026-03-14 03:49:59.999000+00:00,88.45019095,88.48,88.31470195,88.32469585,300
2026-03-14 03:50:00+00:00,2026-03-14 03:54:59.999000+00:00,88.33,88.38,88.31206003,88.37,300
2026-03-14 03:55:00+00:00,2026-03-14 03:59:59.999000+00:00,88.36837154,88.37,88.30069642,88.36,300
2026-03-14 04:00:00+00:00,2026-03-14 04:04:59.999000+00:00,88.36,88.47,88.33530411,88.44214908,300
2026-03-14 04:05:00+00:00,2026-03-14 04:09:59.999000+00:00,88.43638663,88.53,88.39,88.51475946,300
2026-03-14 04:10:00+00:00,2026-03-14 04:14:59.999000+00:00,88.52,88.53447048,88.43147246,88.46789754,300
2026-03-14 04:15:00+00:00,2026-03-14 04:19:59.999000+00:00,88.46711512,88.5,88.37,88.42,300
2026-03-14 04:20:00+00:00,2026-03-14 04:24:59.999000+00:00,88.42,88.43,88.34,88.35,300
2026-03-14 04:25:00+00:00,2026-03-14 04:29:59.999000+00:00,88.34035862,88.52863609,88.27,88.5,300
2026-03-14 04:30:00+00:00,2026-03-14 04:34:59.999000+00:00,88.49,88.54190979,88.39254812,88.52311506,300
2026-03-14 04:35:00+00:00,2026-03-14 04:39:59.999000+00:00,88.52311506,88.65,88.51654952,88.58,300
2026-03-14 04:40:00+00:00,2026-03-14 04:44:59.999000+00:00,88.59,88.66,88.55175791,88.59,300
2026-03-14 04:45:00+00:00,2026-03-14 04:49:59.999000+00:00,88.58877432,88.60359136,88.51,88.60359136,300
2026-03-14 04:50:00+00:00,2026-03-14 04:54:59.999000+00:00,88.60291674,88.62,88.19640489,88.25096465,300
2026-03-14 04:55:00+00:00,2026-03-14 04:59:59.999000+00:00,88.26,88.30354545,88.16437948,88.2,300
2026-03-14 05:00:00+00:00,2026-03-14 05:04:59.999000+00:00,88.2,88.23,88.13603465,88.16085788,300
2026-03-14 05:05:00+00:00,2026-03-14 05:09:59.999000+00:00,88.17,88.28507144,88.06337047,88.22,300
2026-03-14 05:10:00+00:00,2026-03-14 05:14:59.999000+00:00,88.23,88.29,88.21831081,88.26,300
2026-03-14 05:15:00+00:00,2026-03-14 05:19:59.999000+00:00,88.25628354,88.25724578,88.11106176,88.22,300
2026-03-14 05:20:00+00:00,2026-03-14 05:24:59.999000+00:00,88.21,88.3016017,88.19020143,88.27172779,300
2026-03-14 05:25:00+00:00,2026-03-14 05:29:59.999000+00:00,88.27241041,88.35,88.23505247,88.24,300
2026-03-14 05:30:00+00:00,2026-03-14 05:34:59.999000+00:00,88.23472487,88.25,87.89768112,87.92,300
2026-03-14 05:35:00+00:00,2026-03-14 05:39:59.999000+00:00,87.91551299,88.02961631,87.84,88.01986035,300
2026-03-14 05:40:00+00:00,2026-03-14 05:44:59.999000+00:00,88.02264353,88.02286468,87.9018882,87.97476427,300
2026-03-14 05:45:00+00:00,2026-03-14 05:49:59.999000+00:00,87.9773899,88.0,87.91,87.99,300
2026-03-14 05:50:00+00:00,2026-03-14 05:54:59.999000+00:00,87.98000087,88.05281649,87.90637924,88.00678493,300
2026-03-14 05:55:00+00:00,2026-03-14 05:59:59.999000+00:00,88.01,88.05490869,88.00197866,88.03,300
2026-03-14 06:00:00+00:00,2026-03-14 06:04:59.999000+00:00,88.03,88.03,87.91929567,87.93840989,300
2026-03-14 06:05:00+00:00,2026-03-14 06:09:59.999000+00:00,87.94,88.05,87.93339758,88.00254158,300
2026-03-14 06:10:00+00:00,2026-03-14 06:14:59.999000+00:00,88.01,88.01152813,87.94937885,87.97266765,300
2026-03-14 06:15:00+00:00,2026-03-14 06:19:59.999000+00:00,87.97266765,87.98,87.67240905,87.74,300
2026-03-14 06:20:00+00:00,2026-03-14 06:24:59.999000+00:00,87.75,87.76,87.61,87.62146401,300
2026-03-14 06:25:00+00:00,2026-03-14 06:29:59.999000+00:00,87.61959058,87.65577385,87.46,87.5001485,300
2026-03-14 06:30:00+00:00,2026-03-14 06:34:59.999000+00:00,87.5001485,87.5001485,87.30198003,87.35029811,300
2026-03-14 06:35:00+00:00,2026-03-14 06:39:59.999000+00:00,87.36,87.451832,87.0,87.08334526,300
2026-03-14 06:40:00+00:00,2026-03-14 06:44:59.999000+00:00,87.08334526,87.21368785,86.91222121,87.08,300
2026-03-14 06:45:00+00:00,2026-03-14 06:49:59.999000+00:00,87.07,87.33957239,87.01397952,87.26,300
2026-03-14 06:50:00+00:00,2026-03-14 06:54:59.999000+00:00,87.26,87.31,87.17087179,87.17519829,300
2026-03-14 06:55:00+00:00,2026-03-14 06:59:59.999000+00:00,87.16090202,87.26,87.15406342,87.19567066,300
2026-03-14 07:00:00+00:00,2026-03-14 07:04:59.999000+00:00,87.19374745,87.30073785,87.17043666,87.21379283,300
2026-03-14 07:05:00+00:00,2026-03-14 07:09:59.999000+00:00,87.22,87.31,87.14,87.31,300
2026-03-14 07:10:00+00:00,2026-03-14 07:14:59.999000+00:00,87.30389109,87.37,87.28020448,87.29,300
2026-03-14 07:15:00+00:00,2026-03-14 07:19:59.999000+00:00,87.28426049,87.29171264,87.24897348,87.26,300
2026-03-14 07:20:00+00:00,2026-03-14 07:24:59.999000+00:00,87.26,87.26,87.12138055,87.16063586,300
2026-03-14 07:25:00+00:00,2026-03-14 07:29:59.999000+00:00,87.16249592,87.32750442,87.16249592,87.32144516,300
2026-03-14 07:30:00+00:00,2026-03-14 07:34:59.999000+00:00,87.32220847,87.37312601,87.25,87.28,300
2026-03-14 07:35:00+00:00,2026-03-14 07:39:59.999000+00:00,87.28,87.28,87.14831057,87.24255968,300
2026-03-14 07:40:00+00:00,2026-03-14 07:44:59.999000+00:00,87.24039709,87.26537793,87.15391696,87.23407386,300
2026-03-14 07:45:00+00:00,2026-03-14 07:49:59.999000+00:00,87.23338394,87.30593519,87.17232,87.25,300
2026-03-14 07:50:00+00:00,2026-03-14 07:54:59.999000+00:00,87.25,87.31,87.19,87.19,300
2026-03-14 07:55:00+00:00,2026-03-14 07:59:59.999000+00:00,87.19218318,87.32385811,87.19218318,87.28271729,300
2026-03-14 08:00:00+00:00,2026-03-14 08:04:59.999000+00:00,87.28271729,87.30346654,87.19,87.27,300
2026-03-14 08:05:00+00:00,2026-03-14 08:09:59.999000+00:00,87.26,87.38,87.26,87.31,300
2026-03-14 08:10:00+00:00,2026-03-14 08:14:59.999000+00:00,87.30396614,87.43,87.3,87.42000594,300
2026-03-14 08:15:00+00:00,2026-03-14 08:19:59.999000+00:00,87.41998048,87.48042047,87.28314441,87.29009275,300
2026-03-14 08:20:00+00:00,2026-03-14 08:24:59.999000+00:00,87.28666316,87.41,87.2272683,87.39332556,300
2026-03-14 08:25:00+00:00,2026-03-14 08:29:59.999000+00:00,87.39332556,87.42752138,87.32458316,87.37,300
2026-03-14 08:30:00+00:00,2026-03-14 08:34:59.999000+00:00,87.38,87.39,87.26,87.36,300
2026-03-14 08:35:00+00:00,2026-03-14 08:39:59.999000+00:00,87.36061358,87.37,87.17,87.18,300
2026-03-14 08:40:00+00:00,2026-03-14 08:44:59.999000+00:00,87.18,87.24856094,87.13,87.14721412,300
2026-03-14 08:45:00+00:00,2026-03-14 08:49:59.999000+00:00,87.1478392,87.18,87.06,87.07026654,300
2026-03-14 08:50:00+00:00,2026-03-14 08:54:59.999000+00:00,87.07,87.15498528,87.06148001,87.12,300
2026-03-14 08:55:00+00:00,2026-03-14 08:59:59.999000+00:00,87.12,87.12424628,87.03,87.09019622,300
2026-03-14 09:00:00+00:00,2026-03-14 09:04:59.999000+00:00,87.09207399,87.24,87.05494306,87.23,300
2026-03-14 09:05:00+00:00,2026-03-14 09:09:59.999000+00:00,87.23,87.26,87.1885752,87.23,300
2026-03-14 09:10:00+00:00,2026-03-14 09:14:59.999000+00:00,87.22,87.23,87.15101321,87.23,300
2026-03-14 09:15:00+00:00,2026-03-14 09:19:59.999000+00:00,87.23,87.23480103,87.07644474,87.2220682,300
2026-03-14 09:20:00+00:00,2026-03-14 09:24:59.999000+00:00,87.20565736,87.21025717,87.09,87.14698792,300
2026-03-14 09:25:00+00:00,2026-03-14 09:29:59.999000+00:00,87.14799419,87.17,87.09,87.14112944,300
2026-03-14 09:30:00+00:00,2026-03-14 09:34:59.999000+00:00,87.14577569,87.16,87.0,87.01509238,300
2026-03-14 09:35:00+00:00,2026-03-14 09:39:59.999000+00:00,87.0158001,87.11,86.95210731,87.0608831,300
2026-03-14 09:40:00+00:00,2026-03-14 09:44:59.999000+00:00,87.06369772,87.07,87.03718033,87.07,300
2026-03-14 09:45:00+00:00,2026-03-14 09:49:59.999000+00:00,87.07,87.07,86.63540114,86.67172556,300
2026-03-14 09:50:00+00:00,2026-03-14 09:54:59.999000+00:00,86.67173841,86.9,86.67173841,86.75799222,300
2026-03-14 09:55:00+00:00,2026-03-14 09:59:59.999000+00:00,86.75684503,86.85,86.75095185,86.79885151,300
2026-03-14 10:00:00+00:00,2026-03-14 10:04:59.999000+00:00,86.79736263,86.87307625,86.74411113,86.83,300
2026-03-14 10:05:00+00:00,2026-03-14 10:09:59.999000+00:00,86.83,86.87,86.76,86.76906227,300
2026-03-14 10:10:00+00:00,2026-03-14 10:14:59.999000+00:00,86.76906227,86.82228015,86.64742367,86.82228015,300
2026-03-14 10:15:00+00:00,2026-03-14 10:19:59.999000+00:00,86.82316029,86.82597341,86.64398525,86.76,300
2026-03-14 10:20:00+00:00,2026-03-14 10:24:59.999000+00:00,86.75006495,86.78,86.69137784,86.69595803,300
2026-03-14 10:25:00+00:00,2026-03-14 10:29:59.999000+00:00,86.69663985,86.73,86.64426148,86.70177747,300
2026-03-14 10:30:00+00:00,2026-03-14 10:34:59.999000+00:00,86.71,86.71,86.46,86.62,300
2026-03-14 10:35:00+00:00,2026-03-14 10:39:59.999000+00:00,86.63,86.63,86.48346225,86.58,300
2026-03-14 10:40:00+00:00,2026-03-14 10:44:59.999000+00:00,86.58,86.59437665,86.52,86.54387026,300
2026-03-14 10:45:00+00:00,2026-03-14 10:49:59.999000+00:00,86.54,86.64,86.51669066,86.61,300
2026-03-14 10:50:00+00:00,2026-03-14 10:54:59.999000+00:00,86.6048986,86.66216088,86.6,86.62612344,300
2026-03-14 10:55:00+00:00,2026-03-14 10:59:59.999000+00:00,86.62612344,86.69814185,86.5877942,86.6,300
2026-03-14 11:00:00+00:00,2026-03-14 11:04:59.999000+00:00,86.6,86.76034474,86.58,86.76034474,300
2026-03-14 11:05:00+00:00,2026-03-14 11:09:59.999000+00:00,86.7552417,86.8,86.71046302,86.75733116,300
2026-03-14 11:10:00+00:00,2026-03-14 11:14:59.999000+00:00,86.75603577,86.78,86.68554774,86.74269964,300
2026-03-14 11:15:00+00:00,2026-03-14 11:19:59.999000+00:00,86.74377055,86.75,86.67475863,86.70431137,300
2026-03-14 11:20:00+00:00,2026-03-14 11:24:59.999000+00:00,86.70342448,86.78,86.66,86.78,300
2026-03-14 11:25:00+00:00,2026-03-14 11:29:59.999000+00:00,86.78,86.91,86.78,86.86,300
2026-03-14 11:30:00+00:00,2026-03-14 11:34:59.999000+00:00,86.85463443,86.86,86.74698829,86.76,300
2026-03-14 11:35:00+00:00,2026-03-14 11:39:59.999000+00:00,86.77,86.8,86.69,86.79,300
2026-03-14 11:40:00+00:00,2026-03-14 11:44:59.999000+00:00,86.79031511,86.86,86.77141495,86.836232,300
2026-03-14 11:45:00+00:00,2026-03-14 11:49:59.999000+00:00,86.83459195,86.93,86.81,86.91500365,300
2026-03-14 11:50:00+00:00,2026-03-14 11:54:59.999000+00:00,86.92,86.95,86.89,86.91827756,300
2026-03-14 11:55:00+00:00,2026-03-14 11:59:59.999000+00:00,86.92,86.92,86.83244395,86.91,300
2026-03-14 12:00:00+00:00,2026-03-14 12:04:59.999000+00:00,86.90358428,86.988157,86.83,86.91,300
2026-03-14 12:05:00+00:00,2026-03-14 12:09:59.999000+00:00,86.91,87.02347751,86.91,86.96,300
2026-03-14 12:10:00+00:00,2026-03-14 12:14:59.999000+00:00,86.94339651,86.97176172,86.85670193,86.95,300
2026-03-14 12:15:00+00:00,2026-03-14 12:19:59.999000+00:00,86.94474051,86.95143369,86.86,86.93090907,300
2026-03-14 12:20:00+00:00,2026-03-14 12:24:59.999000+00:00,86.93190023,87.02352633,86.91803863,87.02352633,300
2026-03-14 12:25:00+00:00,2026-03-14 12:29:59.999000+00:00,87.02352633,87.03,86.91153238,86.9530493,300
2026-03-14 12:30:00+00:00,2026-03-14 12:34:59.999000+00:00,86.95296472,86.98,86.82850657,86.88085966,300
2026-03-14 12:35:00+00:00,2026-03-14 12:39:59.999000+00:00,86.88058426,86.88690296,86.74601291,86.80533673,300
2026-03-14 12:40:00+00:00,2026-03-14 12:44:59.999000+00:00,86.80504957,86.87345391,86.76,86.83517051,300
2026-03-14 12:45:00+00:00,2026-03-14 12:49:59.999000+00:00,86.8321416,87.04,86.83,87.01070227,300
2026-03-14 12:50:00+00:00,2026-03-14 12:54:59.999000+00:00,87.01122177,87.06345298,86.95236425,87.03,300
2026-03-14 12:55:00+00:00,2026-03-14 12:59:59.999000+00:00,87.01636142,87.05253969,86.95,87.05253969,300
2026-03-14 13:00:00+00:00,2026-03-14 13:04:59.999000+00:00,87.05083124,87.11,86.98858755,87.04,300
2026-03-14 13:05:00+00:00,2026-03-14 13:09:59.999000+00:00,87.04,87.06,86.97127372,87.03,300
2026-03-14 13:10:00+00:00,2026-03-14 13:14:59.999000+00:00,87.03,87.06,86.9736683,87.05324209,300
2026-03-14 13:15:00+00:00,2026-03-14 13:19:59.999000+00:00,87.05423112,87.23,87.05292587,87.23,300
2026-03-14 13:20:00+00:00,2026-03-14 13:24:59.999000+00:00,87.23,87.24,87.09,87.21,300
2026-03-14 13:25:00+00:00,2026-03-14 13:29:59.999000+00:00,87.21,87.3,87.18922162,87.26,300
2026-03-14 13:30:00+00:00,2026-03-14 13:34:59.999000+00:00,87.26,87.30327384,87.21422962,87.27220225,300
2026-03-14 13:35:00+00:00,2026-03-14 13:39:59.999000+00:00,87.27591117,87.28,87.19,87.22246867,300
2026-03-14 13:40:00+00:00,2026-03-14 13:44:59.999000+00:00,87.22260159,87.23,87.17248534,87.21335129,300
2026-03-14 13:45:00+00:00,2026-03-14 13:49:59.999000+00:00,87.21289236,87.21289236,87.02234975,87.1,300
2026-03-14 13:50:00+00:00,2026-03-14 13:54:59.999000+00:00,87.09333529,87.1,87.00855719,87.07828569,300
2026-03-14 13:55:00+00:00,2026-03-14 13:59:59.999000+00:00,87.07604405,87.09,87.02095807,87.0527557,300
2026-03-14 14:00:00+00:00,2026-03-14 14:04:59.999000+00:00,87.04613636,87.18,87.02003053,87.17,300
2026-03-14 14:05:00+00:00,2026-03-14 14:09:59.999000+00:00,87.16392574,87.18,86.97274948,86.97274948,300
2026-03-14 14:10:00+00:00,2026-03-14 14:14:59.999000+00:00,86.96570716,86.96570716,86.71,86.7650437,300
2026-03-14 14:15:00+00:00,2026-03-14 14:19:59.999000+00:00,86.76591437,86.90452253,86.76520895,86.86599327,300
2026-03-14 14:20:00+00:00,2026-03-14 14:24:59.999000+00:00,86.86667509,86.93339249,86.86345804,86.89376332,300
2026-03-14 14:25:00+00:00,2026-03-14 14:29:59.999000+00:00,86.9,86.99,86.87280982,86.98768406,300
2026-03-14 14:30:00+00:00,2026-03-14 14:34:59.999000+00:00,87.0,87.02027511,86.79,86.89,300
2026-03-14 14:35:00+00:00,2026-03-14 14:39:59.999000+00:00,86.88529432,86.91260548,86.8,86.8,300
2026-03-14 14:40:00+00:00,2026-03-14 14:44:59.999000+00:00,86.80198236,86.85,86.58,86.60141798,300
2026-03-14 14:45:00+00:00,2026-03-14 14:49:59.999000+00:00,86.6,86.77,86.6,86.74161015,300
2026-03-14 14:50:00+00:00,2026-03-14 14:54:59.999000+00:00,86.74155848,86.79,86.71,86.76932393,300
2026-03-14 14:55:00+00:00,2026-03-14 14:59:59.999000+00:00,86.76928268,86.79,86.63,86.65887839,300
2026-03-14 15:00:00+00:00,2026-03-14 15:04:59.999000+00:00,86.65887839,86.83901097,86.58095456,86.75817754,300
2026-03-14 15:05:00+00:00,2026-03-14 15:09:59.999000+00:00,86.76,86.80126071,86.72115078,86.78,300
2026-03-14 15:10:00+00:00,2026-03-14 15:14:59.999000+00:00,86.78,86.8076129,86.73250644,86.78,300
2026-03-14 15:15:00+00:00,2026-03-14 15:19:59.999000+00:00,86.79,86.87,86.77,86.85015821,300
2026-03-14 15:20:00+00:00,2026-03-14 15:24:59.999000+00:00,86.84,86.85006031,86.76,86.79148888,300
2026-03-14 15:25:00+00:00,2026-03-14 15:29:59.999000+00:00,86.79020941,86.86,86.78041753,86.81270345,300
2026-03-14 15:30:00+00:00,2026-03-14 15:34:59.999000+00:00,86.81270345,86.82,86.60553544,86.72176015,300
2026-03-14 15:35:00+00:00,2026-03-14 15:39:59.999000+00:00,86.73,86.75,86.61,86.69,300
2026-03-14 15:40:00+00:00,2026-03-14 15:44:59.999000+00:00,86.7,86.7,86.62,86.66649271,300
2026-03-14 15:45:00+00:00,2026-03-14 15:49:59.999000+00:00,86.66463614,86.70050759,86.62,86.64,300
2026-03-14 15:50:00+00:00,2026-03-14 15:54:59.999000+00:00,86.64,86.79485888,86.63,86.72169411,300
2026-03-14 15:55:00+00:00,2026-03-14 15:59:59.999000+00:00,86.72169411,86.72169411,86.67239441,86.67239441,300
2026-03-14 16:00:00+00:00,2026-03-14 16:04:59.999000+00:00,86.68,86.72717829,86.62,86.72697627,300
2026-03-14 16:05:00+00:00,2026-03-14 16:09:59.999000+00:00,86.7224663,86.76,86.57,86.75391683,300
2026-03-14 16:10:00+00:00,2026-03-14 16:14:59.999000+00:00,86.75391683,86.7652154,86.7,86.72942079,300
2026-03-14 16:15:00+00:00,2026-03-14 16:19:59.999000+00:00,86.72795959,86.8836209,86.71254742,86.85028141,300
2026-03-14 16:20:00+00:00,2026-03-14 16:24:59.999000+00:00,86.85103267,86.87,86.7933095,86.84640757,300
2026-03-14 16:25:00+00:00,2026-03-14 16:29:59.999000+00:00,86.84634984,86.93444495,86.8431259,86.86836385,300
2026-03-14 16:30:00+00:00,2026-03-14 16:34:59.999000+00:00,86.86855207,86.95091053,86.86717195,86.95091053,300
2026-03-14 16:35:00+00:00,2026-03-14 16:39:59.999000+00:00,86.95144801,87.03,86.9418373,86.95755125,300
2026-03-14 16:40:00+00:00,2026-03-14 16:44:59.999000+00:00,86.95190922,86.98135993,86.89263489,86.9,300
2026-03-14 16:45:00+00:00,2026-03-14 16:49:59.999000+00:00,86.9,87.02573114,86.85,86.99431317,300
2026-03-14 16:50:00+00:00,2026-03-14 16:54:59.999000+00:00,86.99431317,87.07,86.99304959,87.05448583,300
2026-03-14 16:55:00+00:00,2026-03-14 16:59:59.999000+00:00,87.0584563,87.05883689,86.99876278,87.02,300
2026-03-14 17:00:00+00:00,2026-03-14 17:04:59.999000+00:00,87.01,87.01493743,86.90272197,86.93,300
2026-03-14 17:05:00+00:00,2026-03-14 17:09:59.999000+00:00,86.92,87.00005344,86.92,86.99416576,300
2026-03-14 17:10:00+00:00,2026-03-14 17:14:59.999000+00:00,87.0,87.04,86.9502859,86.97,300
2026-03-14 17:15:00+00:00,2026-03-14 17:19:59.999000+00:00,86.97,87.01,86.91,86.94556505,300
2026-03-14 17:20:00+00:00,2026-03-14 17:24:59.999000+00:00,86.9508475,86.97,86.91019264,86.95882051,300
2026-03-14 17:25:00+00:00,2026-03-14 17:29:59.999000+00:00,86.96,86.99128581,86.92677569,86.99128581,300
2026-03-14 17:30:00+00:00,2026-03-14 17:34:59.999000+00:00,87.0,87.01,86.88,86.89,300
2026-03-14 17:35:00+00:00,2026-03-14 17:39:59.999000+00:00,86.88036939,86.93155923,86.87,86.87,300
2026-03-14 17:40:00+00:00,2026-03-14 17:44:59.999000+00:00,86.86791148,86.91,86.85531634,86.91,300
2026-03-14 17:45:00+00:00,2026-03-14 17:49:59.999000+00:00,86.91,86.93352683,86.85,86.88395841,300
2026-03-14 17:50:00+00:00,2026-03-14 17:54:59.999000+00:00,86.88385081,86.88385081,86.8,86.8148895,300
2026-03-14 17:55:00+00:00,2026-03-14 17:59:59.999000+00:00,86.80291919,86.88,86.77830985,86.83,300
2026-03-14 18:00:00+00:00,2026-03-14 18:04:59.999000+00:00,86.82436191,86.82884922,86.74,86.79,300
2026-03-14 18:05:00+00:00,2026-03-14 18:09:59.999000+00:00,86.79,86.85,86.78,86.84830443,300
2026-03-14 18:10:00+00:00,2026-03-14 18:14:59.999000+00:00,86.84852886,86.87,86.81174106,86.82,300
2026-03-14 18:15:00+00:00,2026-03-14 18:19:59.999000+00:00,86.81171901,86.82066227,86.73,86.81,300
2026-03-14 18:20:00+00:00,2026-03-14 18:24:59.999000+00:00,86.81,86.84,86.75,86.83354106,300
2026-03-14 18:25:00+00:00,2026-03-14 18:29:59.999000+00:00,86.84,86.9,86.83063153,86.87414983,300
2026-03-14 18:30:00+00:00,2026-03-14 18:34:59.999000+00:00,86.88,86.99,86.87,86.99,300
2026-03-14 18:35:00+00:00,2026-03-14 18:39:59.999000+00:00,86.98425576,86.99,86.88227726,86.88227726,300
2026-03-14 18:40:00+00:00,2026-03-14 18:44:59.999000+00:00,86.88149563,86.98460439,86.87,86.94,300
2026-03-14 18:45:00+00:00,2026-03-14 18:49:59.999000+00:00,86.93667803,86.97633138,86.92145922,86.96742988,300
2026-03-14 18:50:00+00:00,2026-03-14 18:54:59.999000+00:00,86.96861754,86.98240252,86.93017548,86.97,300
2026-03-14 18:55:00+00:00,2026-03-14 18:59:59.999000+00:00,86.97,87.03209145,86.96,86.97137991,300
2026-03-14 19:00:00+00:00,2026-03-14 19:04:59.999000+00:00,86.97137991,86.98,86.85,86.94026436,300
2026-03-14 19:05:00+00:00,2026-03-14 19:09:59.999000+00:00,86.96,86.96,86.87,86.90162556,300
2026-03-14 19:10:00+00:00,2026-03-14 19:14:59.999000+00:00,86.90179736,86.93,86.88125118,86.91240769,300
2026-03-14 19:15:00+00:00,2026-03-14 19:19:59.999000+00:00,86.91267156,87.03500632,86.89662951,86.95,300
2026-03-14 19:20:00+00:00,2026-03-14 19:24:59.999000+00:00,86.95,86.96368974,86.90122281,86.93642946,300
2026-03-14 19:25:00+00:00,2026-03-14 19:29:59.999000+00:00,86.93159055,86.93653785,86.89011419,86.92237185,300
2026-03-14 19:30:00+00:00,2026-03-14 19:34:59.999000+00:00,86.92084921,86.93129831,86.89290987,86.91649941,300
2026-03-14 19:35:00+00:00,2026-03-14 19:39:59.999000+00:00,86.92,86.95264422,86.86699598,86.94631543,300
2026-03-14 19:40:00+00:00,2026-03-14 19:44:59.999000+00:00,86.95,87.03,86.94,86.98230492,300
2026-03-14 19:45:00+00:00,2026-03-14 19:49:59.999000+00:00,86.99,87.00618655,86.94737915,87.0,300
2026-03-14 19:50:00+00:00,2026-03-14 19:54:59.999000+00:00,87.0,87.0,86.92,86.94,300
2026-03-14 19:55:00+00:00,2026-03-14 19:59:59.999000+00:00,86.94,86.96,86.89002264,86.95740376,300
2026-03-14 20:00:00+00:00,2026-03-14 20:04:59.999000+00:00,86.95823661,86.97716291,86.85,86.86,300
2026-03-14 20:05:00+00:00,2026-03-14 20:09:59.999000+00:00,86.85347801,86.92048971,86.82,86.89867526,300
2026-03-14 20:10:00+00:00,2026-03-14 20:14:59.999000+00:00,86.89208436,86.89229653,86.83,86.86,300
2026-03-14 20:15:00+00:00,2026-03-14 20:19:59.999000+00:00,86.86003261,86.94467263,86.82,86.94460143,300
2026-03-14 20:20:00+00:00,2026-03-14 20:24:59.999000+00:00,86.95,86.95344252,86.88,86.89531139,300
2026-03-14 20:25:00+00:00,2026-03-14 20:29:59.999000+00:00,86.89129902,86.9,86.85,86.85627351,300
2026-03-14 20:30:00+00:00,2026-03-14 20:34:59.999000+00:00,86.85452999,86.88,86.83,86.85,300
2026-03-14 20:35:00+00:00,2026-03-14 20:39:59.999000+00:00,86.86,86.89,86.83085915,86.83405817,300
2026-03-14 20:40:00+00:00,2026-03-14 20:44:59.999000+00:00,86.83405817,87.05,86.83,87.0366187,300
2026-03-14 20:45:00+00:00,2026-03-14 20:49:59.999000+00:00,87.0375714,87.09,86.98,87.08,300
2026-03-14 20:50:00+00:00,2026-03-14 20:54:59.999000+00:00,87.08,87.08,87.00826819,87.02,300
2026-03-14 20:55:00+00:00,2026-03-14 20:59:59.999000+00:00,87.02,87.06,87.02,87.04,300
2026-03-14 21:00:00+00:00,2026-03-14 21:04:59.999000+00:00,87.03026188,87.03026188,86.92,86.96,300
2026-03-14 21:05:00+00:00,2026-03-14 21:09:59.999000+00:00,86.95676822,86.95676822,86.85377157,86.88652233,300
2026-03-14 21:10:00+00:00,2026-03-14 21:14:59.999000+00:00,86.89,86.9,86.81299972,86.87896772,300
2026-03-14 21:15:00+00:00,2026-03-14 21:19:59.999000+00:00,86.87380003,86.98,86.87,86.90663637,300
2026-03-14 21:20:00+00:00,2026-03-14 21:24:59.999000+00:00,86.90663637,86.99,86.89,86.95357951,300
2026-03-14 21:25:00+00:00,2026-03-14 21:29:59.999000+00:00,86.95357951,86.96,86.90625376,86.9351963,300
2026-03-14 21:30:00+00:00,2026-03-14 21:34:59.999000+00:00,86.93555677,87.00465081,86.91,86.99261355,300
2026-03-14 21:35:00+00:00,2026-03-14 21:39:59.999000+00:00,86.99230885,87.05,86.98,87.03958637,300
2026-03-14 21:40:00+00:00,2026-03-14 21:44:59.999000+00:00,87.03503792,87.10588539,87.02217226,87.06,300
2026-03-14 21:45:00+00:00,2026-03-14 21:49:59.999000+00:00,87.05547092,87.18,87.05,87.14769441,300
2026-03-14 21:50:00+00:00,2026-03-14 21:54:59.999000+00:00,87.14769441,87.23727752,87.14060865,87.21,300
2026-03-14 21:55:00+00:00,2026-03-14 21:59:59.999000+00:00,87.20693151,87.28,87.15,87.22357972,300
2026-03-14 22:00:00+00:00,2026-03-14 22:04:59.999000+00:00,87.22174318,87.35,87.16,87.35,300
2026-03-14 22:05:00+00:00,2026-03-14 22:09:59.999000+00:00,87.35166482,87.4,87.28547147,87.33,300
2026-03-14 22:10:00+00:00,2026-03-14 22:14:59.999000+00:00,87.32,87.34205841,87.24557107,87.24557107,300
2026-03-14 22:15:00+00:00,2026-03-14 22:19:59.999000+00:00,87.24557107,87.2514456,87.19109063,87.22,300
2026-03-14 22:20:00+00:00,2026-03-14 22:24:59.999000+00:00,87.22,87.32,87.21,87.32,300
2026-03-14 22:25:00+00:00,2026-03-14 22:29:59.999000+00:00,87.33,87.35,87.24379115,87.2470788,300
2026-03-14 22:30:00+00:00,2026-03-14 22:34:59.999000+00:00,87.25,87.32,87.24344637,87.27201883,300
2026-03-14 22:35:00+00:00,2026-03-14 22:39:59.999000+00:00,87.27,87.34,87.26227949,87.32625676,300
2026-03-14 22:40:00+00:00,2026-03-14 22:44:59.999000+00:00,87.33104065,87.33104065,87.30564478,87.31013295,300
2026-03-14 22:45:00+00:00,2026-03-14 22:49:59.999000+00:00,87.3132152,87.31338204,87.17,87.2,300
2026-03-14 22:50:00+00:00,2026-03-14 22:54:59.999000+00:00,87.19857932,87.25484091,87.19465954,87.2348773,300
2026-03-14 22:55:00+00:00,2026-03-14 22:59:59.999000+00:00,87.238258,87.28,87.18566293,87.26,300
2026-03-14 23:00:00+00:00,2026-03-14 23:04:59.999000+00:00,87.25008632,87.83,87.25,87.75322007,300
2026-03-14 23:05:00+00:00,2026-03-14 23:09:59.999000+00:00,87.75855007,88.07,87.74,87.99751183,300
2026-03-14 23:10:00+00:00,2026-03-14 23:14:59.999000+00:00,87.99,88.02,87.74,87.85,300
2026-03-14 23:15:00+00:00,2026-03-14 23:19:59.999000+00:00,87.85,87.88,87.62678012,87.74,300
2026-03-14 23:20:00+00:00,2026-03-14 23:24:59.999000+00:00,87.74,87.91,87.74,87.86064161,300
2026-03-14 23:25:00+00:00,2026-03-14 23:29:59.999000+00:00,87.84353492,87.92,87.74,87.89,300
2026-03-14 23:30:00+00:00,2026-03-14 23:34:59.999000+00:00,87.8825244,88.0316571,87.84008746,87.99,300
2026-03-14 23:35:00+00:00,2026-03-14 23:39:59.999000+00:00,87.99,88.11,87.99,88.07,300
2026-03-14 23:40:00+00:00,2026-03-14 23:44:59.999000+00:00,88.07,88.12131499,88.00329464,88.02994395,300
2026-03-14 23:45:00+00:00,2026-03-14 23:49:59.999000+00:00,88.0332537,88.12,87.92,87.97,300
2026-03-14 23:50:00+00:00,2026-03-14 23:54:59.999000+00:00,87.97,88.02171566,87.88515842,88.02171566,300
2026-03-14 23:55:00+00:00,2026-03-14 23:59:59.999000+00:00,88.03531496,88.1,87.94484911,88.0,300
2026-03-15 00:00:00+00:00,2026-03-15 00:04:59.999000+00:00,88.0,88.06,87.84,87.90208792,300
2026-03-15 00:05:00+00:00,2026-03-15 00:09:59.999000+00:00,87.90242847,88.07516032,87.85316102,87.94,300
2026-03-15 00:10:00+00:00,2026-03-15 00:14:59.999000+00:00,87.94154297,88.02,87.87483815,88.02,300
2026-03-15 00:15:00+00:00,2026-03-15 00:19:59.999000+00:00,88.02,88.03,87.90829126,87.99,300
2026-03-15 00:20:00+00:00,2026-03-15 00:24:59.999000+00:00,87.99,87.99,87.78,87.92059187,300
2026-03-15 00:25:00+00:00,2026-03-15 00:29:59.999000+00:00,87.92015122,88.16,87.90521447,87.92,300
2026-03-15 00:30:00+00:00,2026-03-15 00:34:59.999000+00:00,87.90569219,87.97,87.86604299,87.88045224,300
2026-03-15 00:35:00+00:00,2026-03-15 00:39:59.999000+00:00,87.87660299,87.93,87.73,87.93,300
2026-03-15 00:40:00+00:00,2026-03-15 00:44:59.999000+00:00,87.94,88.00479271,87.89238996,87.91,300
2026-03-15 00:45:00+00:00,2026-03-15 00:49:59.999000+00:00,87.91,87.91,87.67053977,87.68,300
2026-03-15 00:50:00+00:00,2026-03-15 00:54:59.999000+00:00,87.68,87.72408338,87.65,87.71,300
2026-03-15 00:55:00+00:00,2026-03-15 00:59:59.999000+00:00,87.7076071,87.740825,87.62,87.69863893,300
2026-03-15 01:00:00+00:00,2026-03-15 01:04:59.999000+00:00,87.69608161,87.84,87.6960513,87.77,300
2026-03-15 01:05:00+00:00,2026-03-15 01:09:59.999000+00:00,87.76,87.82,87.7189027,87.76,300
2026-03-15 01:10:00+00:00,2026-03-15 01:14:59.999000+00:00,87.77,87.77,87.56,87.73560218,300
2026-03-15 01:15:00+00:00,2026-03-15 01:19:59.999000+00:00,87.73649827,87.86,87.7354912,87.82,300
2026-03-15 01:20:00+00:00,2026-03-15 01:24:59.999000+00:00,87.81394865,87.84,87.64051461,87.7335,300
2026-03-15 01:25:00+00:00,2026-03-15 01:29:59.999000+00:00,87.73,87.8,87.70252245,87.74,300
2026-03-15 01:30:00+00:00,2026-03-15 01:34:59.999000+00:00,87.73660369,87.76,87.59125166,87.67296542,300
2026-03-15 01:35:00+00:00,2026-03-15 01:39:59.999000+00:00,87.68,87.7,87.55341143,87.61,300
2026-03-15 01:40:00+00:00,2026-03-15 01:44:59.999000+00:00,87.59749652,87.65641345,87.52,87.59040825,300
2026-03-15 01:45:00+00:00,2026-03-15 01:49:59.999000+00:00,87.59005446,87.62,87.53903082,87.59,300
2026-03-15 01:50:00+00:00,2026-03-15 01:54:59.999000+00:00,87.59,87.73,87.58724719,87.66184937,300
2026-03-15 01:55:00+00:00,2026-03-15 01:59:59.999000+00:00,87.67,87.7,87.6078946,87.62669815,300
2026-03-15 02:00:00+00:00,2026-03-15 02:04:59.999000+00:00,87.62717206,88.20636413,87.62717206,87.92,300
2026-03-15 02:05:00+00:00,2026-03-15 02:09:59.999000+00:00,87.93,88.16,87.89,88.1,300
2026-03-15 02:10:00+00:00,2026-03-15 02:14:59.999000+00:00,88.08875232,88.16,88.05,88.10143185,300
2026-03-15 02:15:00+00:00,2026-03-15 02:19:59.999000+00:00,88.10087026,88.16,88.04,88.16,300
2026-03-15 02:20:00+00:00,2026-03-15 02:24:59.999000+00:00,88.16,88.19,88.01,88.03,300
2026-03-15 02:25:00+00:00,2026-03-15 02:29:59.999000+00:00,88.04,88.18,88.04,88.1112326,300
2026-03-15 02:30:00+00:00,2026-03-15 02:34:59.999000+00:00,88.11,88.11396564,87.96,88.02,300
2026-03-15 02:35:00+00:00,2026-03-15 02:39:59.999000+00:00,88.02291496,88.04,87.93176955,88.0,300
2026-03-15 02:40:00+00:00,2026-03-15 02:44:59.999000+00:00,88.01,88.26,87.93,88.22674827,300
2026-03-15 02:45:00+00:00,2026-03-15 02:49:59.999000+00:00,88.26,88.59,88.19449695,88.58,300
2026-03-15 02:50:00+00:00,2026-03-15 02:54:59.999000+00:00,88.59,88.59,88.21477647,88.2271135,300
2026-03-15 02:55:00+00:00,2026-03-15 02:59:59.999000+00:00,88.23,88.31,88.14,88.24,300
2026-03-15 03:00:00+00:00,2026-03-15 03:04:59.999000+00:00,88.24,88.38,88.20183909,88.21,300
2026-03-15 03:05:00+00:00,2026-03-15 03:09:59.999000+00:00,88.20515056,88.23,88.09701619,88.15,300
2026-03-15 03:10:00+00:00,2026-03-15 03:14:59.999000+00:00,88.13375631,88.25,88.1008101,88.16,300
2026-03-15 03:15:00+00:00,2026-03-15 03:19:59.999000+00:00,88.16,88.18,87.91,87.95668805,300
2026-03-15 03:20:00+00:00,2026-03-15 03:24:59.999000+00:00,87.956711,88.02,87.91340638,87.96,300
2026-03-15 03:25:00+00:00,2026-03-15 03:29:59.999000+00:00,87.97,87.98,87.84113524,87.85,300
2026-03-15 03:30:00+00:00,2026-03-15 03:34:59.999000+00:00,87.84365368,87.87,87.71473257,87.85,300
2026-03-15 03:35:00+00:00,2026-03-15 03:39:59.999000+00:00,87.85,87.96,87.8,87.89029513,300
2026-03-15 03:40:00+00:00,2026-03-15 03:44:59.999000+00:00,87.89029513,87.91,87.71,87.75,300
2026-03-15 03:45:00+00:00,2026-03-15 03:49:59.999000+00:00,87.75,87.75174213,87.64808312,87.72620243,300
2026-03-15 03:50:00+00:00,2026-03-15 03:54:59.999000+00:00,87.72435384,87.72504198,87.66056397,87.72,300
2026-03-15 03:55:00+00:00,2026-03-15 03:59:59.999000+00:00,87.71,87.81,87.66274208,87.80055374,300
2026-03-15 04:00:00+00:00,2026-03-15 04:04:59.999000+00:00,87.80052002,88.04,87.8,87.99,300
2026-03-15 04:05:00+00:00,2026-03-15 04:09:59.999000+00:00,87.99030862,88.18,87.99030862,88.1,300
2026-03-15 04:10:00+00:00,2026-03-15 04:14:59.999000+00:00,88.1,88.17,88.06,88.11791619,300
2026-03-15 04:15:00+00:00,2026-03-15 04:19:59.999000+00:00,88.15,88.23,88.12118391,88.13427519,300
2026-03-15 04:20:00+00:00,2026-03-15 04:24:59.999000+00:00,88.13361825,88.21,87.99,88.02,300
2026-03-15 04:25:00+00:00,2026-03-15 04:29:59.999000+00:00,88.02,88.03,87.95,87.97162948,300
2026-03-15 04:30:00+00:00,2026-03-15 04:34:59.999000+00:00,87.98,88.03,87.9,87.93,300
2026-03-15 04:35:00+00:00,2026-03-15 04:39:59.999000+00:00,87.93242423,88.14,87.93,88.12523626,300
2026-03-15 04:40:00+00:00,2026-03-15 04:44:59.999000+00:00,88.12548344,88.18,87.98,88.18,300
2026-03-15 04:45:00+00:00,2026-03-15 04:49:59.999000+00:00,88.17947051,88.18592847,88.06233729,88.13712931,300
2026-03-15 04:50:00+00:00,2026-03-15 04:54:59.999000+00:00,88.14,88.23,88.13781226,88.19,300
2026-03-15 04:55:00+00:00,2026-03-15 04:59:59.999000+00:00,88.19,88.28,88.15315658,88.28,300
2026-03-15 05:00:00+00:00,2026-03-15 05:04:59.999000+00:00,88.27,88.28,88.1572544,88.1572544,300
2026-03-15 05:05:00+00:00,2026-03-15 05:09:59.999000+00:00,88.15458557,88.17,88.07569581,88.10941774,300
2026-03-15 05:10:00+00:00,2026-03-15 05:14:59.999000+00:00,88.10690305,88.1426808,88.06227535,88.13,300
2026-03-15 05:15:00+00:00,2026-03-15 05:19:59.999000+00:00,88.12275648,88.59,88.06,88.44,300
2026-03-15 05:20:00+00:00,2026-03-15 05:24:59.999000+00:00,88.43634905,88.54,88.37,88.49707696,300
2026-03-15 05:25:00+00:00,2026-03-15 05:29:59.999000+00:00,88.5,88.5,88.24537483,88.28290254,300
2026-03-15 05:30:00+00:00,2026-03-15 05:34:59.999000+00:00,88.29,88.45,88.23,88.39502245,300
2026-03-15 05:35:00+00:00,2026-03-15 05:39:59.999000+00:00,88.39230482,88.52,88.31568354,88.52,300
2026-03-15 05:40:00+00:00,2026-03-15 05:44:59.999000+00:00,88.52,88.56288112,88.4,88.44012338,300
2026-03-15 05:45:00+00:00,2026-03-15 05:49:59.999000+00:00,88.44012338,88.47034349,88.34098972,88.36,300
2026-03-15 05:50:00+00:00,2026-03-15 05:54:59.999000+00:00,88.34382784,88.39,88.24119319,88.37,300
2026-03-15 05:55:00+00:00,2026-03-15 05:59:59.999000+00:00,88.36251747,88.39,88.27,88.27,300
2026-03-15 06:00:00+00:00,2026-03-15 06:04:59.999000+00:00,88.26197496,88.46,88.25749635,88.42122813,300
2026-03-15 06:05:00+00:00,2026-03-15 06:09:59.999000+00:00,88.42121692,88.45212532,88.36,88.45,300
2026-03-15 06:10:00+00:00,2026-03-15 06:14:59.999000+00:00,88.44103773,88.44269388,88.33880881,88.40119677,300
2026-03-15 06:15:00+00:00,2026-03-15 06:19:59.999000+00:00,88.40255657,88.54,88.37389507,88.44004682,300
2026-03-15 06:20:00+00:00,2026-03-15 06:24:59.999000+00:00,88.43168388,88.43168388,88.33,88.36445533,300
2026-03-15 06:25:00+00:00,2026-03-15 06:29:59.999000+00:00,88.37,88.49274426,88.31178735,88.33,300
2026-03-15 06:30:00+00:00,2026-03-15 06:34:59.999000+00:00,88.32182891,88.33,88.17,88.24,300
2026-03-15 06:35:00+00:00,2026-03-15 06:39:59.999000+00:00,88.24,88.24063105,88.09,88.17,300
2026-03-15 06:40:00+00:00,2026-03-15 06:44:59.999000+00:00,88.16617139,88.22149897,88.14615322,88.190216,300
2026-03-15 06:45:00+00:00,2026-03-15 06:49:59.999000+00:00,88.1866832,88.25,88.18433723,88.22987159,300
2026-03-15 06:50:00+00:00,2026-03-15 06:54:59.999000+00:00,88.22980707,88.33,88.20161594,88.31,300
2026-03-15 06:55:00+00:00,2026-03-15 06:59:59.999000+00:00,88.31,88.3120069,88.27309509,88.31,300
2026-03-15 07:00:00+00:00,2026-03-15 07:04:59.999000+00:00,88.30220678,88.36,88.22663031,88.36,300
2026-03-15 07:05:00+00:00,2026-03-15 07:09:59.999000+00:00,88.3601665,88.36310563,88.2,88.21,300
2026-03-15 07:10:00+00:00,2026-03-15 07:14:59.999000+00:00,88.21,88.49,88.2,88.37058753,300
2026-03-15 07:15:00+00:00,2026-03-15 07:19:59.999000+00:00,88.36,88.40042731,88.32111039,88.35644772,300
2026-03-15 07:20:00+00:00,2026-03-15 07:24:59.999000+00:00,88.36,88.43,88.3567337,88.42305129,300
2026-03-15 07:25:00+00:00,2026-03-15 07:29:59.999000+00:00,88.43,88.45,88.35240106,88.36,300
2026-03-15 07:30:00+00:00,2026-03-15 07:34:59.999000+00:00,88.36,88.36,88.22,88.25,300
2026-03-15 07:35:00+00:00,2026-03-15 07:39:59.999000+00:00,88.25,88.26,88.17106526,88.18,300
2026-03-15 07:40:00+00:00,2026-03-15 07:44:59.999000+00:00,88.18,88.19,88.14294531,88.14294531,300
2026-03-15 07:45:00+00:00,2026-03-15 07:49:59.999000+00:00,88.15,88.19,88.1,88.17924519,300
2026-03-15 07:50:00+00:00,2026-03-15 07:54:59.999000+00:00,88.17668496,88.17720395,88.07,88.1122094,300
2026-03-15 07:55:00+00:00,2026-03-15 07:59:59.999000+00:00,88.12,88.18,88.10037271,88.18,300
2026-03-15 08:00:00+00:00,2026-03-15 08:04:59.999000+00:00,88.18093381,88.3,88.11,88.13,300
2026-03-15 08:05:00+00:00,2026-03-15 08:09:59.999000+00:00,88.13,88.22184721,88.10094595,88.10094595,300
2026-03-15 08:10:00+00:00,2026-03-15 08:14:59.999000+00:00,88.1,88.32,88.09,88.25837223,300
2026-03-15 08:15:00+00:00,2026-03-15 08:19:59.999000+00:00,88.26,88.4,88.24380351,88.39,300
2026-03-15 08:20:00+00:00,2026-03-15 08:24:59.999000+00:00,88.39,88.42,88.3321575,88.40295598,300
2026-03-15 08:25:00+00:00,2026-03-15 08:29:59.999000+00:00,88.40307426,88.41,88.27492341,88.28370332,300
2026-03-15 08:30:00+00:00,2026-03-15 08:34:59.999000+00:00,88.29,88.31,88.23,88.24,300
2026-03-15 08:35:00+00:00,2026-03-15 08:39:59.999000+00:00,88.24,88.25,88.2,88.25,300
2026-03-15 08:40:00+00:00,2026-03-15 08:44:59.999000+00:00,88.25,88.31,88.23,88.31,300
2026-03-15 08:45:00+00:00,2026-03-15 08:49:59.999000+00:00,88.30097978,88.48,88.30097978,88.38080667,300
2026-03-15 08:50:00+00:00,2026-03-15 08:54:59.999000+00:00,88.38154257,88.41,88.3443414,88.35881158,300
2026-03-15 08:55:00+00:00,2026-03-15 08:59:59.999000+00:00,88.35881291,88.44,88.34242587,88.44,300
2026-03-15 09:00:00+00:00,2026-03-15 09:04:59.999000+00:00,88.44,88.73,88.4335184,88.68362034,300
2026-03-15 09:05:00+00:00,2026-03-15 09:09:59.999000+00:00,88.68362034,88.83,88.60967525,88.82036499,300
2026-03-15 09:10:00+00:00,2026-03-15 09:14:59.999000+00:00,88.82036499,88.82242823,88.66,88.71,300
2026-03-15 09:15:00+00:00,2026-03-15 09:19:59.999000+00:00,88.71,88.79,88.64884949,88.72420487,300
2026-03-15 09:20:00+00:00,2026-03-15 09:24:59.999000+00:00,88.72382621,88.8,88.6,88.72240953,300
2026-03-15 09:25:00+00:00,2026-03-15 09:29:59.999000+00:00,88.73,88.75,88.55291535,88.58,300
2026-03-15 09:30:00+00:00,2026-03-15 09:34:59.999000+00:00,88.57079185,88.61,88.51140289,88.56,300
2026-03-15 09:35:00+00:00,2026-03-15 09:39:59.999000+00:00,88.56,88.56,88.47,88.54,300
2026-03-15 09:40:00+00:00,2026-03-15 09:44:59.999000+00:00,88.53214034,88.56,88.42286518,88.46,300
2026-03-15 09:45:00+00:00,2026-03-15 09:49:59.999000+00:00,88.46,88.51,88.37,88.37,300
2026-03-15 09:50:00+00:00,2026-03-15 09:54:59.999000+00:00,88.37,88.55302891,88.37,88.5,300
2026-03-15 09:55:00+00:00,2026-03-15 09:59:59.999000+00:00,88.49544215,88.55,88.48,88.49228817,300
2026-03-15 10:00:00+00:00,2026-03-15 10:04:59.999000+00:00,88.49199268,88.55,88.46564227,88.49,300
2026-03-15 10:05:00+00:00,2026-03-15 10:09:59.999000+00:00,88.48,88.48,88.3431651,88.42,300
2026-03-15 10:10:00+00:00,2026-03-15 10:14:59.999000+00:00,88.43,88.52,88.4094923,88.51,300
2026-03-15 10:15:00+00:00,2026-03-15 10:19:59.999000+00:00,88.51385375,88.64,88.46041869,88.5858631,300
2026-03-15 10:20:00+00:00,2026-03-15 10:24:59.999000+00:00,88.58485645,88.66007657,88.5,88.56,300
2026-03-15 10:25:00+00:00,2026-03-15 10:29:59.999000+00:00,88.55710153,88.56,88.51990822,88.53,300
2026-03-15 10:30:00+00:00,2026-03-15 10:34:59.999000+00:00,88.52105149,88.53,88.44,88.48,300
2026-03-15 10:35:00+00:00,2026-03-15 10:39:59.999000+00:00,88.48106289,88.55590688,88.44,88.46597379,300
2026-03-15 10:40:00+00:00,2026-03-15 10:44:59.999000+00:00,88.46775522,88.48,88.43710771,88.48,300
2026-03-15 10:45:00+00:00,2026-03-15 10:49:59.999000+00:00,88.47687354,88.49,88.41377082,88.4599016,300
2026-03-15 10:50:00+00:00,2026-03-15 10:54:59.999000+00:00,88.46,88.49936705,88.4255856,88.46,300
2026-03-15 10:55:00+00:00,2026-03-15 10:59:59.999000+00:00,88.46,88.46,88.38765065,88.43,300
2026-03-15 11:00:00+00:00,2026-03-15 11:04:59.999000+00:00,88.42428981,88.43,88.34,88.35,300
2026-03-15 11:05:00+00:00,2026-03-15 11:09:59.999000+00:00,88.34028634,88.39193929,88.27060559,88.27060559,300
2026-03-15 11:10:00+00:00,2026-03-15 11:14:59.999000+00:00,88.28,88.34369766,88.25348448,88.31,300
2026-03-15 11:15:00+00:00,2026-03-15 11:19:59.999000+00:00,88.32,88.4,88.27102754,88.28,300
2026-03-15 11:20:00+00:00,2026-03-15 11:24:59.999000+00:00,88.28,88.33,88.25050055,88.28,300
2026-03-15 11:25:00+00:00,2026-03-15 11:29:59.999000+00:00,88.28,88.28,88.2033168,88.22790381,300
2026-03-15 11:30:00+00:00,2026-03-15 11:34:59.999000+00:00,88.22754882,88.28009415,88.22157978,88.26634354,300
2026-03-15 11:35:00+00:00,2026-03-15 11:39:59.999000+00:00,88.27,88.27,88.23177919,88.24276301,300
2026-03-15 11:40:00+00:00,2026-03-15 11:44:59.999000+00:00,88.2410641,88.36426153,88.23,88.36162818,300
2026-03-15 11:45:00+00:00,2026-03-15 11:49:59.999000+00:00,88.36156934,88.58,88.34728041,88.48,300
2026-03-15 11:50:00+00:00,2026-03-15 11:54:59.999000+00:00,88.48,88.63176533,88.47182483,88.53,300
2026-03-15 11:55:00+00:00,2026-03-15 11:59:59.999000+00:00,88.53,88.53228045,88.49,88.51558295,300
2026-03-15 12:00:00+00:00,2026-03-15 12:04:59.999000+00:00,88.5136517,88.52,88.31858491,88.4,300
2026-03-15 12:05:00+00:00,2026-03-15 12:09:59.999000+00:00,88.40001241,88.41,88.26732036,88.28667052,300
2026-03-15 12:10:00+00:00,2026-03-15 12:14:59.999000+00:00,88.28683226,88.3,88.22,88.29,300
2026-03-15 12:15:00+00:00,2026-03-15 12:19:59.999000+00:00,88.29192323,88.30956855,88.21103116,88.25382567,300
2026-03-15 12:20:00+00:00,2026-03-15 12:24:59.999000+00:00,88.26,88.29261132,88.23030213,88.28,300
2026-03-15 12:25:00+00:00,2026-03-15 12:29:59.999000+00:00,88.28,88.39,88.27117931,88.37,300
2026-03-15 12:30:00+00:00,2026-03-15 12:34:59.999000+00:00,88.36676349,88.39,88.31,88.37,300
2026-03-15 12:35:00+00:00,2026-03-15 12:39:59.999000+00:00,88.37,88.41,88.32,88.39,300
2026-03-15 12:40:00+00:00,2026-03-15 12:44:59.999000+00:00,88.38,88.38,88.14293674,88.17,300
2026-03-15 12:45:00+00:00,2026-03-15 12:49:59.999000+00:00,88.16,88.27194409,88.16,88.19627319,300
2026-03-15 12:50:00+00:00,2026-03-15 12:54:59.999000+00:00,88.1970988,88.26,88.1970988,88.25,300
2026-03-15 12:55:00+00:00,2026-03-15 12:59:59.999000+00:00,88.25,88.3,88.20211536,88.21,300
2026-03-15 13:00:00+00:00,2026-03-15 13:04:59.999000+00:00,88.22,88.35351413,88.21316552,88.26743037,300
2026-03-15 13:05:00+00:00,2026-03-15 13:09:59.999000+00:00,88.2662681,88.27,87.79,87.8,300
2026-03-15 13:10:00+00:00,2026-03-15 13:14:59.999000+00:00,87.79603126,87.83751701,87.57279404,87.78,300
2026-03-15 13:15:00+00:00,2026-03-15 13:19:59.999000+00:00,87.79,87.84,87.57256398,87.71113029,300
2026-03-15 13:20:00+00:00,2026-03-15 13:24:59.999000+00:00,87.70580768,87.81,87.60138224,87.76,300
2026-03-15 13:25:00+00:00,2026-03-15 13:29:59.999000+00:00,87.77,87.94,87.7,87.85658749,300
2026-03-15 13:30:00+00:00,2026-03-15 13:34:59.999000+00:00,87.85682174,87.91416931,87.59,87.64,300
2026-03-15 13:35:00+00:00,2026-03-15 13:39:59.999000+00:00,87.63,87.71,87.37415809,87.37415809,300
2026-03-15 13:40:00+00:00,2026-03-15 13:44:59.999000+00:00,87.37399454,87.52,87.32901606,87.51036309,300
2026-03-15 13:45:00+00:00,2026-03-15 13:49:59.999000+00:00,87.52,87.64286449,87.45,87.57508894,300
2026-03-15 13:50:00+00:00,2026-03-15 13:54:59.999000+00:00,87.55954852,87.71,87.54,87.67450857,300
2026-03-15 13:55:00+00:00,2026-03-15 13:59:59.999000+00:00,87.68,87.8239502,87.66,87.815399,300
2026-03-15 14:00:00+00:00,2026-03-15 14:04:59.999000+00:00,87.81082039,87.84390847,87.65750121,87.79948472,300
2026-03-15 14:05:00+00:00,2026-03-15 14:09:59.999000+00:00,87.79948472,87.87220351,87.72,87.84,300
2026-03-15 14:10:00+00:00,2026-03-15 14:14:59.999000+00:00,87.84,87.85,87.74,87.78371103,300
2026-03-15 14:15:00+00:00,2026-03-15 14:19:59.999000+00:00,87.78666676,87.78666676,87.61,87.61185372,300
2026-03-15 14:20:00+00:00,2026-03-15 14:24:59.999000+00:00,87.61388707,87.7,87.55778712,87.62330245,300
2026-03-15 14:25:00+00:00,2026-03-15 14:29:59.999000+00:00,87.62298482,87.71035121,87.62021448,87.68282736,300
2026-03-15 14:30:00+00:00,2026-03-15 14:34:59.999000+00:00,87.68280034,87.74,87.61370784,87.70110515,300
2026-03-15 14:35:00+00:00,2026-03-15 14:39:59.999000+00:00,87.70114627,87.71,87.53,87.5965044,300
2026-03-15 14:40:00+00:00,2026-03-15 14:44:59.999000+00:00,87.59402495,87.85073449,87.59386399,87.82238394,300
2026-03-15 14:45:00+00:00,2026-03-15 14:49:59.999000+00:00,87.82219985,87.89,87.73748541,87.78536701,300
2026-03-15 14:50:00+00:00,2026-03-15 14:54:59.999000+00:00,87.78587518,87.95,87.78,87.9,300
2026-03-15 14:55:00+00:00,2026-03-15 14:59:59.999000+00:00,87.9,87.96,87.84782492,87.92706554,300
2026-03-15 15:00:00+00:00,2026-03-15 15:04:59.999000+00:00,87.93,88.01,87.89698771,87.95,300
2026-03-15 15:05:00+00:00,2026-03-15 15:09:59.999000+00:00,87.95,87.95,87.82,87.85,300
2026-03-15 15:10:00+00:00,2026-03-15 15:14:59.999000+00:00,87.85,87.94403824,87.84,87.89315094,300
2026-03-15 15:15:00+00:00,2026-03-15 15:19:59.999000+00:00,87.89130342,87.95,87.79492066,87.92,300
2026-03-15 15:20:00+00:00,2026-03-15 15:24:59.999000+00:00,87.91884659,87.99,87.86,87.98369081,300
2026-03-15 15:25:00+00:00,2026-03-15 15:29:59.999000+00:00,87.98930691,88.08,87.79,87.81734239,300
2026-03-15 15:30:00+00:00,2026-03-15 15:34:59.999000+00:00,87.82175227,87.97442623,87.73,87.88,300
2026-03-15 15:35:00+00:00,2026-03-15 15:39:59.999000+00:00,87.87593524,87.97,87.87036433,87.87736059,300
2026-03-15 15:40:00+00:00,2026-03-15 15:44:59.999000+00:00,87.88,87.9,87.83465041,87.9,300
2026-03-15 15:45:00+00:00,2026-03-15 15:49:59.999000+00:00,87.9,87.94,87.85037024,87.92164985,300
2026-03-15 15:50:00+00:00,2026-03-15 15:54:59.999000+00:00,87.93,87.97140793,87.9007593,87.94802703,300
2026-03-15 15:55:00+00:00,2026-03-15 15:59:59.999000+00:00,87.95,88.0,87.85245776,87.85281739,300
2026-03-15 16:00:00+00:00,2026-03-15 16:04:59.999000+00:00,87.86,87.88201085,87.76164901,87.87242594,300
2026-03-15 16:05:00+00:00,2026-03-15 16:09:59.999000+00:00,87.88,88.0,87.87246468,87.95596169,300
2026-03-15 16:10:00+00:00,2026-03-15 16:14:59.999000+00:00,87.95389134,87.99,87.87,87.95326994,300
2026-03-15 16:15:00+00:00,2026-03-15 16:19:59.999000+00:00,87.95,88.0,87.59618704,87.74153455,300
2026-03-15 16:20:00+00:00,2026-03-15 16:24:59.999000+00:00,87.74117764,87.74117764,87.59,87.63242798,300
2026-03-15 16:25:00+00:00,2026-03-15 16:29:59.999000+00:00,87.64,87.68140733,87.58730248,87.67067206,300
2026-03-15 16:30:00+00:00,2026-03-15 16:34:59.999000+00:00,87.67067206,87.67210663,87.52290416,87.57,300
2026-03-15 16:35:00+00:00,2026-03-15 16:39:59.999000+00:00,87.57,87.72436879,87.53397681,87.68250965,300
2026-03-15 16:40:00+00:00,2026-03-15 16:44:59.999000+00:00,87.69,87.77,87.65,87.66,300
2026-03-15 16:45:00+00:00,2026-03-15 16:49:59.999000+00:00,87.6572919,87.73,87.61211208,87.61223188,300
2026-03-15 16:50:00+00:00,2026-03-15 16:54:59.999000+00:00,87.6105597,87.6105597,87.42,87.58939499,300
2026-03-15 16:55:00+00:00,2026-03-15 16:59:59.999000+00:00,87.58939499,87.59431138,87.48,87.51,300
2026-03-15 17:00:00+00:00,2026-03-15 17:04:59.999000+00:00,87.5,87.68,87.46,87.65,300
2026-03-15 17:05:00+00:00,2026-03-15 17:09:59.999000+00:00,87.65,87.76,87.64,87.74733358,300
2026-03-15 17:10:00+00:00,2026-03-15 17:14:59.999000+00:00,87.74735392,87.74735392,87.63,87.68360328,300
2026-03-15 17:15:00+00:00,2026-03-15 17:19:59.999000+00:00,87.6903366,87.78,87.65277893,87.78,300
2026-03-15 17:20:00+00:00,2026-03-15 17:24:59.999000+00:00,87.77257147,87.84,87.75,87.83,300
2026-03-15 17:25:00+00:00,2026-03-15 17:29:59.999000+00:00,87.83,87.87,87.76632743,87.77,300
2026-03-15 17:30:00+00:00,2026-03-15 17:34:59.999000+00:00,87.7626436,87.82,87.72775005,87.74,300
2026-03-15 17:35:00+00:00,2026-03-15 17:39:59.999000+00:00,87.73156961,87.84,87.73156961,87.78,300
2026-03-15 17:40:00+00:00,2026-03-15 17:44:59.999000+00:00,87.78,87.91,87.77447696,87.89,300
2026-03-15 17:45:00+00:00,2026-03-15 17:49:59.999000+00:00,87.88983048,87.97,87.85297005,87.96002647,300
2026-03-15 17:50:00+00:00,2026-03-15 17:54:59.999000+00:00,87.96,88.74024208,87.92425358,88.73264699,300
2026-03-15 17:55:00+00:00,2026-03-15 17:59:59.999000+00:00,88.70479737,88.73,88.37563109,88.38742094,300
2026-03-15 18:00:00+00:00,2026-03-15 18:04:59.999000+00:00,88.3871525,88.58,88.35447094,88.49,300
2026-03-15 18:05:00+00:00,2026-03-15 18:09:59.999000+00:00,88.48168536,88.56,88.4,88.5,300
2026-03-15 18:10:00+00:00,2026-03-15 18:14:59.999000+00:00,88.5,88.56,88.37823532,88.5,300
2026-03-15 18:15:00+00:00,2026-03-15 18:19:59.999000+00:00,88.50443085,88.57,88.42,88.57,300
2026-03-15 18:20:00+00:00,2026-03-15 18:24:59.999000+00:00,88.56582985,88.59,88.5,88.55,300
2026-03-15 18:25:00+00:00,2026-03-15 18:29:59.999000+00:00,88.55,88.60340608,88.44,88.5,300
2026-03-15 18:30:00+00:00,2026-03-15 18:34:59.999000+00:00,88.49,88.63829416,88.49,88.5,300
2026-03-15 18:35:00+00:00,2026-03-15 18:39:59.999000+00:00,88.51,88.53,88.43,88.48,300
2026-03-15 18:40:00+00:00,2026-03-15 18:44:59.999000+00:00,88.47,88.55,88.47,88.52,300
2026-03-15 18:45:00+00:00,2026-03-15 18:49:59.999000+00:00,88.52,88.54,87.99,88.04,300
2026-03-15 18:50:00+00:00,2026-03-15 18:54:59.999000+00:00,88.02339181,88.07,87.85,87.92093547,300
2026-03-15 18:55:00+00:00,2026-03-15 18:59:59.999000+00:00,87.92093547,87.93,87.79667752,87.86,300
2026-03-15 19:00:00+00:00,2026-03-15 19:04:59.999000+00:00,87.86,88.02453013,87.77,88.0,300
2026-03-15 19:05:00+00:00,2026-03-15 19:09:59.999000+00:00,88.0,88.01191599,87.8560784,87.88,300
2026-03-15 19:10:00+00:00,2026-03-15 19:14:59.999000+00:00,87.88,88.10962109,87.78713337,88.08,300
2026-03-15 19:15:00+00:00,2026-03-15 19:19:59.999000+00:00,88.07,88.08,87.93183807,88.03,300
2026-03-15 19:20:00+00:00,2026-03-15 19:24:59.999000+00:00,88.03,88.15,87.99392924,88.13190655,300
2026-03-15 19:25:00+00:00,2026-03-15 19:29:59.999000+00:00,88.13079175,88.24036794,88.1,88.17,300
2026-03-15 19:30:00+00:00,2026-03-15 19:34:59.999000+00:00,88.16,88.20649401,88.0714215,88.16,300
2026-03-15 19:35:00+00:00,2026-03-15 19:39:59.999000+00:00,88.17,88.18,88.03217012,88.04272723,300
2026-03-15 19:40:00+00:00,2026-03-15 19:44:59.999000+00:00,88.04272723,88.12254917,88.04272723,88.08,300
2026-03-15 19:45:00+00:00,2026-03-15 19:49:59.999000+00:00,88.08,88.1,88.0201652,88.05,300
2026-03-15 19:50:00+00:00,2026-03-15 19:54:59.999000+00:00,88.04054693,88.06469648,87.94522515,88.05365124,300
2026-03-15 19:55:00+00:00,2026-03-15 19:59:59.999000+00:00,88.05061282,88.19,88.04409969,88.13808661,300
2026-03-15 20:00:00+00:00,2026-03-15 20:04:59.999000+00:00,88.14,88.15,88.04,88.14,300
2026-03-15 20:05:00+00:00,2026-03-15 20:09:59.999000+00:00,88.13037827,88.19,88.05550451,88.09,300
2026-03-15 20:10:00+00:00,2026-03-15 20:14:59.999000+00:00,88.09,88.11,88.0,88.03,300
2026-03-15 20:15:00+00:00,2026-03-15 20:19:59.999000+00:00,88.02614754,88.13369754,87.99,88.00377081,300
2026-03-15 20:20:00+00:00,2026-03-15 20:24:59.999000+00:00,88.01,88.11,87.99538072,88.08,300
2026-03-15 20:25:00+00:00,2026-03-15 20:29:59.999000+00:00,88.08,88.12,87.92473987,88.09,300
2026-03-15 20:30:00+00:00,2026-03-15 20:34:59.999000+00:00,88.07852936,88.59,88.07852936,88.5,300
2026-03-15 20:35:00+00:00,2026-03-15 20:39:59.999000+00:00,88.5,88.96581705,88.5,88.8679524,300
2026-03-15 20:40:00+00:00,2026-03-15 20:44:59.999000+00:00,88.87,88.96,88.68,88.78,300
2026-03-15 20:45:00+00:00,2026-03-15 20:49:59.999000+00:00,88.78,88.86,88.67,88.76502072,300
2026-03-15 20:50:00+00:00,2026-03-15 20:54:59.999000+00:00,88.7649145,88.81,88.68,88.72090595,300
2026-03-15 20:55:00+00:00,2026-03-15 20:59:59.999000+00:00,88.72012052,88.78,88.69566435,88.71032028,300
2026-03-15 21:00:00+00:00,2026-03-15 21:04:59.999000+00:00,88.70900389,88.88,88.67,88.71366101,300
2026-03-15 21:05:00+00:00,2026-03-15 21:09:59.999000+00:00,88.71494885,88.78529856,88.61003533,88.65135316,300
2026-03-15 21:10:00+00:00,2026-03-15 21:14:59.999000+00:00,88.65120812,88.66,88.53,88.55375339,300
2026-03-15 21:15:00+00:00,2026-03-15 21:19:59.999000+00:00,88.56,88.74379964,88.55089799,88.71,300
2026-03-15 21:20:00+00:00,2026-03-15 21:24:59.999000+00:00,88.71,88.84,88.70503305,88.76,300
2026-03-15 21:25:00+00:00,2026-03-15 21:29:59.999000+00:00,88.76,88.94,88.76,88.79213596,300
2026-03-15 21:30:00+00:00,2026-03-15 21:34:59.999000+00:00,88.79207343,89.66001181,88.78932072,89.52,300
2026-03-15 21:35:00+00:00,2026-03-15 21:39:59.999000+00:00,89.50116038,90.08961988,89.46,89.77002244,300
2026-03-15 21:40:00+00:00,2026-03-15 21:44:59.999000+00:00,89.77,89.88635073,89.622557,89.71,300
2026-03-15 21:45:00+00:00,2026-03-15 21:49:59.999000+00:00,89.71,90.25267889,89.70223394,89.85,300
2026-03-15 21:50:00+00:00,2026-03-15 21:54:59.999000+00:00,89.85,89.88,89.71230914,89.85,300
2026-03-15 21:55:00+00:00,2026-03-15 21:59:59.999000+00:00,89.85,89.99,89.83743867,89.96,300
2026-03-15 22:00:00+00:00,2026-03-15 22:04:59.999000+00:00,89.96,90.96769257,89.80885839,90.94574754,300
2026-03-15 22:05:00+00:00,2026-03-15 22:09:59.999000+00:00,90.9560056,90.97,90.22278739,90.27,300
2026-03-15 22:10:00+00:00,2026-03-15 22:14:59.999000+00:00,90.27,90.29,89.96393266,90.07,300
2026-03-15 22:15:00+00:00,2026-03-15 22:19:59.999000+00:00,90.06749686,90.31621209,89.92025653,90.18921323,300
2026-03-15 22:20:00+00:00,2026-03-15 22:24:59.999000+00:00,90.19,90.35,90.17136568,90.29031574,300
2026-03-15 22:25:00+00:00,2026-03-15 22:29:59.999000+00:00,90.3,90.46,90.26,90.39,300
2026-03-15 22:30:00+00:00,2026-03-15 22:34:59.999000+00:00,90.39,91.42744736,90.39,91.05,300
2026-03-15 22:35:00+00:00,2026-03-15 22:39:59.999000+00:00,91.05,91.56832924,91.02534392,91.55439666,300
2026-03-15 22:40:00+00:00,2026-03-15 22:44:59.999000+00:00,91.54473819,92.50022768,91.48599002,91.98,300
2026-03-15 22:45:00+00:00,2026-03-15 22:49:59.999000+00:00,91.98,92.47793122,91.97109301,92.17,300
2026-03-15 22:50:00+00:00,2026-03-15 22:54:59.999000+00:00,92.18,92.90766449,92.16942896,92.38143642,300
2026-03-15 22:55:00+00:00,2026-03-15 22:59:59.999000+00:00,92.39,92.6660122,92.36622945,92.6,300
2026-03-15 23:00:00+00:00,2026-03-15 23:04:59.999000+00:00,92.63,92.94,92.63,92.73,300
2026-03-15 23:05:00+00:00,2026-03-15 23:09:59.999000+00:00,92.72613022,93.2017365,92.71511396,92.83,300
2026-03-15 23:10:00+00:00,2026-03-15 23:14:59.999000+00:00,92.81721292,92.93,92.48,92.66,300
2026-03-15 23:15:00+00:00,2026-03-15 23:19:59.999000+00:00,92.66,93.03722101,92.33540209,92.47369094,300
2026-03-15 23:20:00+00:00,2026-03-15 23:24:59.999000+00:00,92.47297036,92.6890384,92.1,92.22,300
2026-03-15 23:25:00+00:00,2026-03-15 23:29:59.999000+00:00,92.22,92.27,91.78943271,91.78943271,300
2026-03-15 23:30:00+00:00,2026-03-15 23:34:59.999000+00:00,91.78,91.99,91.59371686,91.87455964,300
2026-03-15 23:35:00+00:00,2026-03-15 23:39:59.999000+00:00,91.87455964,92.02806085,91.73,91.78367898,300
2026-03-15 23:40:00+00:00,2026-03-15 23:44:59.999000+00:00,91.8,92.25,91.76,92.23662842,300
2026-03-15 23:45:00+00:00,2026-03-15 23:49:59.999000+00:00,92.23270352,92.38573802,92.08635162,92.27,300
2026-03-15 23:50:00+00:00,2026-03-15 23:54:59.999000+00:00,92.27,92.27,91.96,92.06596742,300
2026-03-15 23:55:00+00:00,2026-03-15 23:59:59.999000+00:00,92.05951066,92.37,92.04518409,92.28876916,300
2026-03-16 00:00:00+00:00,2026-03-16 00:04:59.999000+00:00,92.29,92.92996679,92.2826571,92.92996679,300
2026-03-16 00:05:00+00:00,2026-03-16 00:09:59.999000+00:00,92.92415974,93.03423827,92.67071925,92.67071925,300
2026-03-16 00:10:00+00:00,2026-03-16 00:14:59.999000+00:00,92.67,92.71,92.3037978,92.32,300
2026-03-16 00:15:00+00:00,2026-03-16 00:19:59.999000+00:00,92.32,92.69,92.25486249,92.29090095,300
2026-03-16 00:20:00+00:00,2026-03-16 00:24:59.999000+00:00,92.29032279,92.3,92.00797094,92.08,300
2026-03-16 00:25:00+00:00,2026-03-16 00:29:59.999000+00:00,92.09,92.13373876,91.92576168,91.95,300
2026-03-16 00:30:00+00:00,2026-03-16 00:34:59.999000+00:00,91.94158002,92.19220775,91.94158002,92.18529334,300
2026-03-16 00:35:00+00:00,2026-03-16 00:39:59.999000+00:00,92.21,92.37615434,92.03829967,92.03829967,300
2026-03-16 00:40:00+00:00,2026-03-16 00:44:59.999000+00:00,92.03306619,92.10481043,91.86,92.04,300
2026-03-16 00:45:00+00:00,2026-03-16 00:49:59.999000+00:00,92.04062699,92.27,92.04056156,92.17767604,300
2026-03-16 00:50:00+00:00,2026-03-16 00:54:59.999000+00:00,92.18,92.2,92.01790613,92.14,300
2026-03-16 00:55:00+00:00,2026-03-16 00:59:59.999000+00:00,92.119405,92.15048725,91.98071555,91.98245529,300
2026-03-16 01:00:00+00:00,2026-03-16 01:04:59.999000+00:00,91.99,92.12,91.67,91.71,300
2026-03-16 01:05:00+00:00,2026-03-16 01:09:59.999000+00:00,91.72,91.91912041,91.71422252,91.87409317,300
2026-03-16 01:10:00+00:00,2026-03-16 01:14:59.999000+00:00,91.89,92.01040938,91.53639043,91.57,300
2026-03-16 01:15:00+00:00,2026-03-16 01:19:59.999000+00:00,91.56002982,91.75765893,91.48,91.74176281,300
2026-03-16 01:20:00+00:00,2026-03-16 01:24:59.999000+00:00,91.7424533,92.14,91.73224066,92.05,300
2026-03-16 01:25:00+00:00,2026-03-16 01:29:59.999000+00:00,92.06,92.11,91.89286551,91.95,300
2026-03-16 01:30:00+00:00,2026-03-16 01:34:59.999000+00:00,91.95,91.95,91.53427345,91.56,300
2026-03-16 01:35:00+00:00,2026-03-16 01:39:59.999000+00:00,91.55,91.78384183,91.54701601,91.66,300
2026-03-16 01:40:00+00:00,2026-03-16 01:44:59.999000+00:00,91.64,91.76,91.59071546,91.72,300
2026-03-16 01:45:00+00:00,2026-03-16 01:49:59.999000+00:00,91.73,91.87014504,91.68392081,91.77497763,300
2026-03-16 01:50:00+00:00,2026-03-16 01:54:59.999000+00:00,91.78,92.23,91.77556887,92.19105514,300
2026-03-16 01:55:00+00:00,2026-03-16 01:59:59.999000+00:00,92.18379055,92.19377458,92.0012104,92.07,300
2026-03-16 02:00:00+00:00,2026-03-16 02:04:59.999000+00:00,92.08,92.24,92.02,92.23,300
2026-03-16 02:05:00+00:00,2026-03-16 02:09:59.999000+00:00,92.24,92.26194531,92.04,92.18541429,300
2026-03-16 02:10:00+00:00,2026-03-16 02:14:59.999000+00:00,92.18541429,92.18589207,91.91,91.92,300
2026-03-16 02:15:00+00:00,2026-03-16 02:19:59.999000+00:00,91.95592091,92.03,91.7362519,91.7362519,300
2026-03-16 02:20:00+00:00,2026-03-16 02:24:59.999000+00:00,91.72810007,91.77,91.53062234,91.54,300
2026-03-16 02:25:00+00:00,2026-03-16 02:29:59.999000+00:00,91.54042998,91.57,91.1700863,91.3,300
2026-03-16 02:30:00+00:00,2026-03-16 02:34:59.999000+00:00,91.30033395,91.31,91.15,91.28,300
2026-03-16 02:35:00+00:00,2026-03-16 02:39:59.999000+00:00,91.28,91.4703979,91.27,91.36422318,300
2026-03-16 02:40:00+00:00,2026-03-16 02:44:59.999000+00:00,91.36566087,91.41859152,91.3,91.38568894,300
2026-03-16 02:45:00+00:00,2026-03-16 02:49:59.999000+00:00,91.39,91.56,91.38424021,91.45,300
2026-03-16 02:50:00+00:00,2026-03-16 02:54:59.999000+00:00,91.44400693,91.59443045,91.44400693,91.56,300
2026-03-16 02:55:00+00:00,2026-03-16 02:59:59.999000+00:00,91.55025842,91.63,91.45416259,91.45416259,300
2026-03-16 03:00:00+00:00,2026-03-16 03:04:59.999000+00:00,91.46,91.48,91.25,91.48,300
2026-03-16 03:05:00+00:00,2026-03-16 03:09:59.999000+00:00,91.49,91.57309181,91.32419425,91.54558788,300
2026-03-16 03:10:00+00:00,2026-03-16 03:14:59.999000+00:00,91.54557023,91.58,91.46377398,91.50081734,300
2026-03-16 03:15:00+00:00,2026-03-16 03:19:59.999000+00:00,91.49624141,91.64,91.40660649,91.64,300
2026-03-16 03:20:00+00:00,2026-03-16 03:24:59.999000+00:00,91.64,92.23122244,91.6,92.20357863,300
2026-03-16 03:25:00+00:00,2026-03-16 03:29:59.999000+00:00,92.19924597,92.27,91.96750778,92.09793303,300
2026-03-16 03:30:00+00:00,2026-03-16 03:34:59.999000+00:00,92.09785211,93.73755791,92.09785211,93.69751415,300
2026-03-16 03:35:00+00:00,2026-03-16 03:39:59.999000+00:00,93.69173027,93.84340533,93.34,93.6,300
2026-03-16 03:40:00+00:00,2026-03-16 03:44:59.999000+00:00,93.58949113,93.93096239,93.05589248,93.23,300
2026-03-16 03:45:00+00:00,2026-03-16 03:49:59.999000+00:00,93.25,93.45,92.97085457,93.09,300
2026-03-16 03:50:00+00:00,2026-03-16 03:54:59.999000+00:00,93.1,93.30861503,93.06713577,93.28246726,300
2026-03-16 03:55:00+00:00,2026-03-16 03:59:59.999000+00:00,93.3,93.3,93.11,93.15,300
2026-03-16 04:00:00+00:00,2026-03-16 04:04:59.999000+00:00,93.15,93.46420214,93.15,93.39084052,300
2026-03-16 04:05:00+00:00,2026-03-16 04:09:59.999000+00:00,93.39084052,93.57,93.32,93.40508023,300
2026-03-16 04:10:00+00:00,2026-03-16 04:14:59.999000+00:00,93.41,93.41,93.22822567,93.32095531,300
2026-03-16 04:15:00+00:00,2026-03-16 04:19:59.999000+00:00,93.33,93.57485461,93.29606065,93.36,300
2026-03-16 04:20:00+00:00,2026-03-16 04:24:59.999000+00:00,93.36208206,93.69,93.21,93.29,300
2026-03-16 04:25:00+00:00,2026-03-16 04:29:59.999000+00:00,93.29,93.29,92.92,93.04,300
2026-03-16 04:30:00+00:00,2026-03-16 04:34:59.999000+00:00,93.04,93.23978638,92.93814636,93.06045951,300
2026-03-16 04:35:00+00:00,2026-03-16 04:39:59.999000+00:00,93.03770769,93.29242809,92.94,93.10942233,300
2026-03-16 04:40:00+00:00,2026-03-16 04:44:59.999000+00:00,93.10415759,93.17,92.95085983,93.09,300
2026-03-16 04:45:00+00:00,2026-03-16 04:49:59.999000+00:00,93.09,93.61,93.05210217,93.59,300
2026-03-16 04:50:00+00:00,2026-03-16 04:54:59.999000+00:00,93.60093841,93.94159975,93.51,93.94159975,300
2026-03-16 04:55:00+00:00,2026-03-16 04:59:59.999000+00:00,93.93038922,94.18960191,93.43,93.61,300
2026-03-16 05:00:00+00:00,2026-03-16 05:04:59.999000+00:00,93.60241038,93.66,93.2,93.35,300
2026-03-16 05:05:00+00:00,2026-03-16 05:09:59.999000+00:00,93.34145468,93.5,93.30865829,93.43186047,300
2026-03-16 05:10:00+00:00,2026-03-16 05:14:59.999000+00:00,93.4310713,93.89920125,93.4310713,93.63,300
2026-03-16 05:15:00+00:00,2026-03-16 05:19:59.999000+00:00,93.64,93.79868164,93.53316414,93.77074556,300
2026-03-16 05:20:00+00:00,2026-03-16 05:24:59.999000+00:00,93.77265795,94.08,93.76443897,94.07674578,300
2026-03-16 05:25:00+00:00,2026-03-16 05:29:59.999000+00:00,94.06058402,94.13331632,93.94,94.11,300
2026-03-16 05:30:00+00:00,2026-03-16 05:34:59.999000+00:00,94.11,94.11,93.74,93.77512313,300
2026-03-16 05:35:00+00:00,2026-03-16 05:39:59.999000+00:00,93.77,94.12,93.70860991,94.09,300
2026-03-16 05:40:00+00:00,2026-03-16 05:44:59.999000+00:00,94.09,94.19,94.00689209,94.06,300
2026-03-16 05:45:00+00:00,2026-03-16 05:49:59.999000+00:00,94.05,94.14302677,93.96318251,94.03478606,300
2026-03-16 05:50:00+00:00,2026-03-16 05:54:59.999000+00:00,94.03140309,94.1,93.85,93.92,300
2026-03-16 05:55:00+00:00,2026-03-16 05:59:59.999000+00:00,93.93,94.29,93.91570078,93.99794511,300
2026-03-16 06:00:00+00:00,2026-03-16 06:04:59.999000+00:00,94.02,94.02,93.51123074,93.53004233,300
2026-03-16 06:05:00+00:00,2026-03-16 06:09:59.999000+00:00,93.53,93.61,93.31,93.32,300
2026-03-16 06:10:00+00:00,2026-03-16 06:14:59.999000+00:00,93.32,93.45,93.14053709,93.29,300
2026-03-16 06:15:00+00:00,2026-03-16 06:19:59.999000+00:00,93.3,93.64,93.28,93.63,300
2026-03-16 06:20:00+00:00,2026-03-16 06:24:59.999000+00:00,93.62912465,93.62912465,93.42,93.49,300
2026-03-16 06:25:00+00:00,2026-03-16 06:29:59.999000+00:00,93.49,93.5314626,93.39,93.41326543,300
2026-03-16 06:30:00+00:00,2026-03-16 06:34:59.999000+00:00,93.40163235,93.6,93.4,93.5,300
2026-03-16 06:35:00+00:00,2026-03-16 06:39:59.999000+00:00,93.50128893,93.63,93.5,93.55636759,300
2026-03-16 06:40:00+00:00,2026-03-16 06:44:59.999000+00:00,93.56,93.6629582,93.552391,93.60097429,300
2026-03-16 06:45:00+00:00,2026-03-16 06:49:59.999000+00:00,93.6,93.60474003,93.41493955,93.46751958,300
2026-03-16 06:50:00+00:00,2026-03-16 06:54:59.999000+00:00,93.45,93.58,93.44,93.53549279,300
2026-03-16 06:55:00+00:00,2026-03-16 06:59:59.999000+00:00,93.53549279,93.62,93.37,93.38126772,300
2026-03-16 07:00:00+00:00,2026-03-16 07:04:59.999000+00:00,93.38126772,93.63599022,93.32151283,93.59,300
2026-03-16 07:05:00+00:00,2026-03-16 07:09:59.999000+00:00,93.6,93.68,93.54192183,93.65,300
2026-03-16 07:10:00+00:00,2026-03-16 07:14:59.999000+00:00,93.65,93.77,93.6317029,93.68134385,299
2026-03-16 07:15:00+00:00,2026-03-16 07:19:59.999000+00:00,93.68,93.68,93.43,93.62123653,300
2026-03-16 07:20:00+00:00,2026-03-16 07:24:59.999000+00:00,93.61,93.62150492,93.50065701,93.5034311,300
2026-03-16 07:25:00+00:00,2026-03-16 07:29:59.999000+00:00,93.49766806,93.76595365,93.45337171,93.74848781,300
2026-03-16 07:30:00+00:00,2026-03-16 07:34:59.999000+00:00,93.74256308,93.83132787,93.615787,93.69,300
2026-03-16 07:35:00+00:00,2026-03-16 07:39:59.999000+00:00,93.69,93.79,93.32,93.32404378,300
2026-03-16 07:40:00+00:00,2026-03-16 07:44:59.999000+00:00,93.32506189,93.6,93.30212119,93.51311027,300
2026-03-16 07:45:00+00:00,2026-03-16 07:49:59.999000+00:00,93.52,93.61,93.46272781,93.46489162,300
2026-03-16 07:50:00+00:00,2026-03-16 07:54:59.999000+00:00,93.46448929,93.52,93.4,93.47561192,300
2026-03-16 07:55:00+00:00,2026-03-16 07:59:59.999000+00:00,93.47516313,93.66,93.47516313,93.54,300
2026-03-16 08:00:00+00:00,2026-03-16 08:04:59.999000+00:00,93.54,93.94836562,93.54,93.92573579,300
2026-03-16 08:05:00+00:00,2026-03-16 08:09:59.999000+00:00,93.93,93.98069712,93.87,93.9,300
2026-03-16 08:10:00+00:00,2026-03-16 08:14:59.999000+00:00,93.88338851,93.92676789,93.53986343,93.56,300
2026-03-16 08:15:00+00:00,2026-03-16 08:19:59.999000+00:00,93.56,93.64033835,93.26,93.55555764,300
2026-03-16 08:20:00+00:00,2026-03-16 08:24:59.999000+00:00,93.55989178,93.69462841,93.41,93.67,300
2026-03-16 08:25:00+00:00,2026-03-16 08:29:59.999000+00:00,93.67,93.67,93.26,93.29021816,300
2026-03-16 08:30:00+00:00,2026-03-16 08:34:59.999000+00:00,93.28336337,93.30601369,92.91,93.0,300
2026-03-16 08:35:00+00:00,2026-03-16 08:39:59.999000+00:00,92.99123665,93.15,92.8130069,92.82,300
2026-03-16 08:40:00+00:00,2026-03-16 08:44:59.999000+00:00,92.82140177,93.00892848,92.76815644,92.76815644,300
2026-03-16 08:45:00+00:00,2026-03-16 08:49:59.999000+00:00,92.67303286,92.95398098,92.60217444,92.890202,299
2026-03-16 08:50:00+00:00,2026-03-16 08:54:59.999000+00:00,92.88534864,93.00134593,92.55,92.97112315,300
2026-03-16 08:55:00+00:00,2026-03-16 08:59:59.999000+00:00,92.97,92.97394391,92.78166871,92.84,300
2026-03-16 09:00:00+00:00,2026-03-16 09:04:59.999000+00:00,92.83335779,92.94,92.71055121,92.79106439,300
2026-03-16 09:05:00+00:00,2026-03-16 09:09:59.999000+00:00,92.8,92.89,92.7,92.89,300
2026-03-16 09:10:00+00:00,2026-03-16 09:14:59.999000+00:00,92.9,93.0,92.83,92.92,300
2026-03-16 09:15:00+00:00,2026-03-16 09:19:59.999000+00:00,92.92,93.01,92.87183588,92.93439422,300
2026-03-16 09:20:00+00:00,2026-03-16 09:24:59.999000+00:00,92.93233786,93.03,92.82,92.98165787,300
2026-03-16 09:25:00+00:00,2026-03-16 09:29:59.999000+00:00,92.98289355,93.19901804,92.98289355,93.08133395,300
2026-03-16 09:30:00+00:00,2026-03-16 09:34:59.999000+00:00,93.09,93.22655077,93.02750689,93.02750689,300
2026-03-16 09:35:00+00:00,2026-03-16 09:39:59.999000+00:00,93.03,93.1615328,93.03,93.06,300
2026-03-16 09:40:00+00:00,2026-03-16 09:44:59.999000+00:00,93.06,93.18,93.03039269,93.06,300
2026-03-16 09:45:00+00:00,2026-03-16 09:49:59.999000+00:00,93.06,93.42,93.06,93.42,300
2026-03-16 09:50:00+00:00,2026-03-16 09:54:59.999000+00:00,93.41397949,93.43,93.3,93.32,300
2026-03-16 09:55:00+00:00,2026-03-16 09:59:59.999000+00:00,93.31593068,93.33,93.22,93.28417551,300
2026-03-16 10:00:00+00:00,2026-03-16 10:04:59.999000+00:00,93.28151188,93.52,93.27,93.44,300
2026-03-16 10:05:00+00:00,2026-03-16 10:09:59.999000+00:00,93.42314683,93.46176089,93.22980158,93.39,300
2026-03-16 10:10:00+00:00,2026-03-16 10:14:59.999000+00:00,93.39538444,93.48,93.34,93.46031488,300
2026-03-16 10:15:00+00:00,2026-03-16 10:19:59.999000+00:00,93.46505732,93.57,93.43,93.43827402,300
2026-03-16 10:20:00+00:00,2026-03-16 10:24:59.999000+00:00,93.43200212,93.72,93.41112586,93.53,300
2026-03-16 10:25:00+00:00,2026-03-16 10:29:59.999000+00:00,93.53,93.61,93.46304557,93.51,300
2026-03-16 10:30:00+00:00,2026-03-16 10:34:59.999000+00:00,93.50190476,93.50388136,93.36,93.4,300
2026-03-16 10:35:00+00:00,2026-03-16 10:39:59.999000+00:00,93.39,93.4,93.27,93.36635194,300
2026-03-16 10:40:00+00:00,2026-03-16 10:44:59.999000+00:00,93.37,93.48,93.32,93.39154762,300
2026-03-16 10:45:00+00:00,2026-03-16 10:49:59.999000+00:00,93.38555475,93.68080895,93.33,93.68080895,300
2026-03-16 10:50:00+00:00,2026-03-16 10:54:59.999000+00:00,93.68375407,93.81,93.63407601,93.74457337,300
2026-03-16 10:55:00+00:00,2026-03-16 10:59:59.999000+00:00,93.75,93.92155645,93.75,93.86512294,300
2026-03-16 11:00:00+00:00,2026-03-16 11:04:59.999000+00:00,93.86512294,93.94,93.71,93.72,300
2026-03-16 11:05:00+00:00,2026-03-16 11:09:59.999000+00:00,93.73,93.85,93.73,93.78642294,300
2026-03-16 11:10:00+00:00,2026-03-16 11:14:59.999000+00:00,93.78,93.87,93.71,93.74,300
2026-03-16 11:15:00+00:00,2026-03-16 11:19:59.999000+00:00,93.73,93.87,93.71646633,93.85186683,300
2026-03-16 11:20:00+00:00,2026-03-16 11:24:59.999000+00:00,93.84416478,93.84416478,93.61,93.62,300
2026-03-16 11:25:00+00:00,2026-03-16 11:29:59.999000+00:00,93.62,93.7,93.49494795,93.56,300
2026-03-16 11:30:00+00:00,2026-03-16 11:34:59.999000+00:00,93.56,93.72089864,93.49801939,93.7,300
2026-03-16 11:35:00+00:00,2026-03-16 11:39:59.999000+00:00,93.7,93.75,93.64,93.73,300
2026-03-16 11:40:00+00:00,2026-03-16 11:44:59.999000+00:00,93.73,93.78007043,93.6677337,93.78,300
2026-03-16 11:45:00+00:00,2026-03-16 11:49:59.999000+00:00,93.78,93.9,93.78,93.82198147,300
2026-03-16 11:50:00+00:00,2026-03-16 11:54:59.999000+00:00,93.81538359,93.84487542,93.67,93.71,300
2026-03-16 11:55:00+00:00,2026-03-16 11:59:59.999000+00:00,93.72,93.76,93.68102589,93.71,300
2026-03-16 12:00:00+00:00,2026-03-16 12:04:59.999000+00:00,93.70640404,94.11028391,93.70603114,93.79145248,300
2026-03-16 12:05:00+00:00,2026-03-16 12:09:59.999000+00:00,93.79145248,93.9,93.63533274,93.67953502,300
2026-03-16 12:10:00+00:00,2026-03-16 12:14:59.999000+00:00,93.67890889,93.75,93.41080278,93.74421085,300
2026-03-16 12:15:00+00:00,2026-03-16 12:19:59.999000+00:00,93.73452021,94.02163928,93.61,94.02163928,300
2026-03-16 12:20:00+00:00,2026-03-16 12:24:59.999000+00:00,94.00596916,94.1,93.73,93.95509905,300
2026-03-16 12:25:00+00:00,2026-03-16 12:29:59.999000+00:00,93.95348278,94.07,93.75,94.00115718,300
2026-03-16 12:30:00+00:00,2026-03-16 12:34:59.999000+00:00,93.99800473,94.12344327,93.83215409,93.91067367,300
2026-03-16 12:35:00+00:00,2026-03-16 12:39:59.999000+00:00,93.9109091,93.99,93.68635104,93.84980344,300
2026-03-16 12:40:00+00:00,2026-03-16 12:44:59.999000+00:00,93.84798307,93.94,93.74057705,93.77042838,300
2026-03-16 12:45:00+00:00,2026-03-16 12:49:59.999000+00:00,93.77042838,93.8811855,93.69288448,93.74516283,300
2026-03-16 12:50:00+00:00,2026-03-16 12:54:59.999000+00:00,93.74517107,93.82169979,93.65058355,93.68,300
2026-03-16 12:55:00+00:00,2026-03-16 12:59:59.999000+00:00,93.6846334,93.77,93.652366,93.72,300
2026-03-16 13:00:00+00:00,2026-03-16 13:04:59.999000+00:00,93.72,93.87,93.71651373,93.79,300
2026-03-16 13:05:00+00:00,2026-03-16 13:09:59.999000+00:00,93.8,93.97,93.55,93.60880414,300
2026-03-16 13:10:00+00:00,2026-03-16 13:14:59.999000+00:00,93.61229324,93.84135491,93.50722577,93.83,300
2026-03-16 13:15:00+00:00,2026-03-16 13:19:59.999000+00:00,93.83,93.89,93.7,93.73722732,300
2026-03-16 13:20:00+00:00,2026-03-16 13:24:59.999000+00:00,93.73438635,94.05,93.71,93.97,300
2026-03-16 13:25:00+00:00,2026-03-16 13:29:59.999000+00:00,93.97,94.09,93.93091837,94.06,300
2026-03-16 13:30:00+00:00,2026-03-16 13:34:59.999000+00:00,94.07,95.06,93.96,94.99124741,300
2026-03-16 13:35:00+00:00,2026-03-16 13:39:59.999000+00:00,94.96314394,94.99,94.55894329,94.79,300
2026-03-16 13:40:00+00:00,2026-03-16 13:44:59.999000+00:00,94.77314454,94.94,93.72,93.91,300
2026-03-16 13:45:00+00:00,2026-03-16 13:49:59.999000+00:00,93.91,94.5129066,93.88,93.95,300
2026-03-16 13:50:00+00:00,2026-03-16 13:54:59.999000+00:00,93.95,94.04,93.48718997,93.49235554,300
2026-03-16 13:55:00+00:00,2026-03-16 13:59:59.999000+00:00,93.48044799,93.74,93.4,93.6,300
2026-03-16 14:00:00+00:00,2026-03-16 14:04:59.999000+00:00,93.61,94.09,93.51,93.93,300
2026-03-16 14:05:00+00:00,2026-03-16 14:09:59.999000+00:00,93.92569212,94.4,93.80162051,94.27,300
2026-03-16 14:10:00+00:00,2026-03-16 14:14:59.999000+00:00,94.27,94.48,94.06425093,94.33628901,300
2026-03-16 14:15:00+00:00,2026-03-16 14:19:59.999000+00:00,94.33615313,94.48,94.13847136,94.13847136,300
2026-03-16 14:20:00+00:00,2026-03-16 14:24:59.999000+00:00,94.11940119,94.38042001,93.88468619,93.98,299
2026-03-16 14:25:00+00:00,2026-03-16 14:29:59.999000+00:00,93.99,93.99,93.19,93.22017524,300
2026-03-16 14:30:00+00:00,2026-03-16 14:34:59.999000+00:00,93.19,93.19,92.4668907,92.84,300
2026-03-16 14:35:00+00:00,2026-03-16 14:39:59.999000+00:00,92.85,92.99,92.47,92.53023209,300
2026-03-16 14:40:00+00:00,2026-03-16 14:44:59.999000+00:00,92.50370336,92.75,92.33,92.62,300
2026-03-16 14:45:00+00:00,2026-03-16 14:49:59.999000+00:00,92.62,92.92,92.61244035,92.73140675,300
2026-03-16 14:50:00+00:00,2026-03-16 14:54:59.999000+00:00,92.71438177,93.18,92.53756627,93.1636608,300
2026-03-16 14:55:00+00:00,2026-03-16 14:59:59.999000+00:00,93.14632737,93.56,93.09,93.56,300
2026-03-16 15:00:00+00:00,2026-03-16 15:04:59.999000+00:00,93.58,93.69,93.37522527,93.47618947,300
2026-03-16 15:05:00+00:00,2026-03-16 15:09:59.999000+00:00,93.47275954,93.58,93.11684592,93.51,300
2026-03-16 15:10:00+00:00,2026-03-16 15:14:59.999000+00:00,93.55,93.89853806,93.42,93.65,300
2026-03-16 15:15:00+00:00,2026-03-16 15:19:59.999000+00:00,93.64,93.98,93.51458485,93.96851255,300
2026-03-16 15:20:00+00:00,2026-03-16 15:24:59.999000+00:00,93.97,94.0718927,93.79138912,93.93686595,300
2026-03-16 15:25:00+00:00,2026-03-16 15:29:59.999000+00:00,93.93689116,93.94,93.75750072,93.93469742,300
2026-03-16 15:30:00+00:00,2026-03-16 15:34:59.999000+00:00,94.04,94.25162307,93.76036068,93.84618513,300
2026-03-16 15:35:00+00:00,2026-03-16 15:39:59.999000+00:00,93.84618513,94.04,93.67,93.77702733,300
2026-03-16 15:40:00+00:00,2026-03-16 15:44:59.999000+00:00,93.77702733,93.89,93.6,93.67865933,300
2026-03-16 15:45:00+00:00,2026-03-16 15:49:59.999000+00:00,93.66016793,93.88990667,93.61,93.65647109,300
2026-03-16 15:50:00+00:00,2026-03-16 15:54:59.999000+00:00,93.66,93.67,93.14199915,93.3,300
2026-03-16 15:55:00+00:00,2026-03-16 15:59:59.999000+00:00,93.29002967,93.29002967,93.04597715,93.14,300
2026-03-16 16:00:00+00:00,2026-03-16 16:04:59.999000+00:00,93.14,93.37072193,93.10468529,93.28991329,300
2026-03-16 16:05:00+00:00,2026-03-16 16:09:59.999000+00:00,93.28369731,93.5961018,93.24,93.3,300
2026-03-16 16:10:00+00:00,2026-03-16 16:14:59.999000+00:00,93.29588903,93.39,93.07325257,93.12,300
2026-03-16 16:15:00+00:00,2026-03-16 16:19:59.999000+00:00,93.12,93.42713221,93.10298428,93.24,300
2026-03-16 16:20:00+00:00,2026-03-16 16:24:59.999000+00:00,93.24,93.32003484,93.13526145,93.17,300
2026-03-16 16:25:00+00:00,2026-03-16 16:29:59.999000+00:00,93.17037946,93.2967173,93.09,93.28045728,300
2026-03-16 16:30:00+00:00,2026-03-16 16:34:59.999000+00:00,93.28311266,93.47,93.14,93.27536638,300
2026-03-16 16:35:00+00:00,2026-03-16 16:39:59.999000+00:00,93.27441337,93.42,93.20444297,93.4,300
2026-03-16 16:40:00+00:00,2026-03-16 16:44:59.999000+00:00,93.40689456,93.80260359,93.39755093,93.71,300
2026-03-16 16:45:00+00:00,2026-03-16 16:49:59.999000+00:00,93.71,93.71,93.41901064,93.54052029,300
2026-03-16 16:50:00+00:00,2026-03-16 16:54:59.999000+00:00,93.53324763,93.99895167,93.49,93.85444595,300
2026-03-16 16:55:00+00:00,2026-03-16 16:59:59.999000+00:00,93.85406976,93.92,93.71,93.7537225,300
2026-03-16 17:00:00+00:00,2026-03-16 17:04:59.999000+00:00,93.75342613,94.0,93.65720347,93.79095575,300
2026-03-16 17:05:00+00:00,2026-03-16 17:09:59.999000+00:00,93.79041131,93.99,93.76526469,93.84,300
2026-03-16 17:10:00+00:00,2026-03-16 17:14:59.999000+00:00,93.83,94.00023612,93.83,93.92,300
2026-03-16 17:15:00+00:00,2026-03-16 17:19:59.999000+00:00,93.92,93.98,93.72294624,93.92,300
2026-03-16 17:20:00+00:00,2026-03-16 17:24:59.999000+00:00,93.92,94.16994281,93.87,93.89627517,300
2026-03-16 17:25:00+00:00,2026-03-16 17:29:59.999000+00:00,93.9,93.98,93.65,93.66,300
2026-03-16 17:30:00+00:00,2026-03-16 17:34:59.999000+00:00,93.66,94.01705704,93.66,93.7427424,300
2026-03-16 17:35:00+00:00,2026-03-16 17:39:59.999000+00:00,93.74332803,94.13,93.73896733,94.101729,300
2026-03-16 17:40:00+00:00,2026-03-16 17:44:59.999000+00:00,94.101729,94.16,94.00089687,94.08582927,300
2026-03-16 17:45:00+00:00,2026-03-16 17:49:59.999000+00:00,94.09,94.36,94.01,94.06053817,300
2026-03-16 17:50:00+00:00,2026-03-16 17:54:59.999000+00:00,94.06040959,94.09086196,93.81,94.02,300
2026-03-16 17:55:00+00:00,2026-03-16 17:59:59.999000+00:00,94.02,94.08,93.96,94.03378195,300
2026-03-16 18:00:00+00:00,2026-03-16 18:04:59.999000+00:00,94.03,94.29074613,94.012448,94.27,300
2026-03-16 18:05:00+00:00,2026-03-16 18:09:59.999000+00:00,94.27410995,94.83542053,94.20054248,94.78457322,300
2026-03-16 18:10:00+00:00,2026-03-16 18:14:59.999000+00:00,94.78457322,94.78457322,94.44172623,94.55696234,300
2026-03-16 18:15:00+00:00,2026-03-16 18:19:59.999000+00:00,94.55649478,94.92,94.50251742,94.69496022,300
2026-03-16 18:20:00+00:00,2026-03-16 18:24:59.999000+00:00,94.7,94.91802199,94.59,94.83,300
2026-03-16 18:25:00+00:00,2026-03-16 18:29:59.999000+00:00,94.83,94.99839218,94.66,94.72769733,300
2026-03-16 18:30:00+00:00,2026-03-16 18:34:59.999000+00:00,94.73,94.97619591,94.5830661,94.95,300
2026-03-16 18:35:00+00:00,2026-03-16 18:39:59.999000+00:00,94.94806179,95.01,94.42,94.53,300
2026-03-16 18:40:00+00:00,2026-03-16 18:44:59.999000+00:00,94.53,94.84131755,94.52,94.71,300
2026-03-16 18:45:00+00:00,2026-03-16 18:49:59.999000+00:00,94.7,94.7,94.45,94.60271868,300
2026-03-16 18:50:00+00:00,2026-03-16 18:54:59.999000+00:00,94.60271868,94.62,94.34462436,94.41837749,300
2026-03-16 18:55:00+00:00,2026-03-16 18:59:59.999000+00:00,94.42,94.52,94.29643809,94.34043488,300
2026-03-16 19:00:00+00:00,2026-03-16 19:04:59.999000+00:00,94.34158667,94.47,94.15562641,94.28,300
2026-03-16 19:05:00+00:00,2026-03-16 19:09:59.999000+00:00,94.28,95.09523173,94.18694533,95.09523173,300
2026-03-16 19:10:00+00:00,2026-03-16 19:14:59.999000+00:00,95.16586933,95.42717667,94.82505276,95.16463,300
2026-03-16 19:15:00+00:00,2026-03-16 19:19:59.999000+00:00,95.15815546,95.38,94.94174126,94.98791083,300
2026-03-16 19:20:00+00:00,2026-03-16 19:24:59.999000+00:00,94.98342632,95.06351878,94.88011049,94.95281719,300
2026-03-16 19:25:00+00:00,2026-03-16 19:29:59.999000+00:00,94.95281719,95.10679907,94.72924761,95.07,300
2026-03-16 19:30:00+00:00,2026-03-16 19:34:59.999000+00:00,95.07,95.28,95.03667925,95.05117826,300
2026-03-16 19:35:00+00:00,2026-03-16 19:39:59.999000+00:00,95.06,95.11,94.95348369,95.05360453,300
2026-03-16 19:40:00+00:00,2026-03-16 19:44:59.999000+00:00,95.05435186,95.12,95.0,95.03073298,300
2026-03-16 19:45:00+00:00,2026-03-16 19:49:59.999000+00:00,95.03,95.05,94.66936956,94.86,300
2026-03-16 19:50:00+00:00,2026-03-16 19:54:59.999000+00:00,94.86,95.07,94.83282131,95.06962222,300
2026-03-16 19:55:00+00:00,2026-03-16 19:59:59.999000+00:00,95.11121926,95.44694181,95.11121926,95.18,300
2026-03-16 20:00:00+00:00,2026-03-16 20:04:59.999000+00:00,95.18,95.22,95.03222029,95.20497804,300
2026-03-16 20:05:00+00:00,2026-03-16 20:09:59.999000+00:00,95.21,95.33,95.19,95.27,300
2026-03-16 20:10:00+00:00,2026-03-16 20:14:59.999000+00:00,95.27,95.36,95.20096218,95.30735704,300
2026-03-16 20:15:00+00:00,2026-03-16 20:19:59.999000+00:00,95.31,95.58,95.27838788,95.37577057,300
2026-03-16 20:20:00+00:00,2026-03-16 20:24:59.999000+00:00,95.37366477,95.57010326,95.37027472,95.48,300
2026-03-16 20:25:00+00:00,2026-03-16 20:29:59.999000+00:00,95.48,95.82,95.44,95.71031881,300
2026-03-16 20:30:00+00:00,2026-03-16 20:34:59.999000+00:00,95.688665,95.93,95.67,95.89,300
2026-03-16 20:35:00+00:00,2026-03-16 20:39:59.999000+00:00,95.89,95.94,95.7,95.89662686,300
2026-03-16 20:40:00+00:00,2026-03-16 20:44:59.999000+00:00,95.89794528,95.90116371,95.4847301,95.5,300
2026-03-16 20:45:00+00:00,2026-03-16 20:49:59.999000+00:00,95.5,95.61,95.44766968,95.47,300
2026-03-16 20:50:00+00:00,2026-03-16 20:54:59.999000+00:00,95.47,95.82,95.47,95.8082613,300
2026-03-16 20:55:00+00:00,2026-03-16 20:59:59.999000+00:00,95.80863686,95.92,95.73328395,95.734826,300
2026-03-16 21:00:00+00:00,2026-03-16 21:04:59.999000+00:00,95.7325686,95.96,95.53,95.9,300
2026-03-16 21:05:00+00:00,2026-03-16 21:09:59.999000+00:00,95.88,95.90140993,95.44605485,95.69,300
2026-03-16 21:10:00+00:00,2026-03-16 21:14:59.999000+00:00,95.69,96.06005193,95.68,95.83578477,300
2026-03-16 21:15:00+00:00,2026-03-16 21:19:59.999000+00:00,95.8333866,96.09704462,95.8333866,95.95927187,300
2026-03-16 21:20:00+00:00,2026-03-16 21:24:59.999000+00:00,95.96,96.09736448,95.78297471,95.94146834,300
2026-03-16 21:25:00+00:00,2026-03-16 21:29:59.999000+00:00,95.95,95.95,95.63,95.75118663,300
2026-03-16 21:30:00+00:00,2026-03-16 21:34:59.999000+00:00,95.75586513,96.08,95.67331085,96.06113158,300
2026-03-16 21:35:00+00:00,2026-03-16 21:39:59.999000+00:00,96.06254916,96.82201639,95.96,96.43,300
2026-03-16 21:40:00+00:00,2026-03-16 21:44:59.999000+00:00,96.43705348,96.51,96.07,96.36,300
2026-03-16 21:45:00+00:00,2026-03-16 21:49:59.999000+00:00,96.36,96.65,96.36,96.64,300
2026-03-16 21:50:00+00:00,2026-03-16 21:54:59.999000+00:00,96.64,96.78,96.46241007,96.5346852,300
2026-03-16 21:55:00+00:00,2026-03-16 21:59:59.999000+00:00,96.55,96.55,96.12,96.12,300
2026-03-16 22:00:00+00:00,2026-03-16 22:04:59.999000+00:00,96.12,96.77221141,96.12,96.74328271,300
2026-03-16 22:05:00+00:00,2026-03-16 22:09:59.999000+00:00,96.74328271,97.63987144,96.72448312,97.56,300
2026-03-16 22:10:00+00:00,2026-03-16 22:14:59.999000+00:00,97.57,97.58,97.15,97.25013207,300
2026-03-16 22:15:00+00:00,2026-03-16 22:19:59.999000+00:00,97.25,97.32,96.92181735,97.05,300
2026-03-16 22:20:00+00:00,2026-03-16 22:24:59.999000+00:00,97.05,97.05,96.52,96.58,300
2026-03-16 22:25:00+00:00,2026-03-16 22:29:59.999000+00:00,96.59,96.64,96.23,96.45853704,300
2026-03-16 22:30:00+00:00,2026-03-16 22:34:59.999000+00:00,96.45628258,96.68100337,96.43508708,96.57,300
2026-03-16 22:35:00+00:00,2026-03-16 22:39:59.999000+00:00,96.56206226,96.73,96.56,96.72,300
2026-03-16 22:40:00+00:00,2026-03-16 22:44:59.999000+00:00,96.71038213,96.71360785,96.54623885,96.68,300
2026-03-16 22:45:00+00:00,2026-03-16 22:49:59.999000+00:00,96.67226104,96.85,96.6,96.66602504,300
2026-03-16 22:50:00+00:00,2026-03-16 22:54:59.999000+00:00,96.6625042,96.7,96.18163982,96.19,300
2026-03-16 22:55:00+00:00,2026-03-16 22:59:59.999000+00:00,96.22,96.33,96.15102169,96.33,300
2026-03-16 23:00:00+00:00,2026-03-16 23:04:59.999000+00:00,96.33,96.33109306,95.75,95.76,300
2026-03-16 23:05:00+00:00,2026-03-16 23:09:59.999000+00:00,95.76,95.94117907,95.39446001,95.46064259,300
2026-03-16 23:10:00+00:00,2026-03-16 23:14:59.999000+00:00,95.48,95.68883032,95.39,95.65,300
2026-03-16 23:15:00+00:00,2026-03-16 23:19:59.999000+00:00,95.634894,95.83,95.61,95.61266615,300
2026-03-16 23:20:00+00:00,2026-03-16 23:24:59.999000+00:00,95.6047123,95.75438746,95.57235735,95.68101928,300
2026-03-16 23:25:00+00:00,2026-03-16 23:29:59.999000+00:00,95.69,95.94,95.69,95.92,300
2026-03-16 23:30:00+00:00,2026-03-16 23:34:59.999000+00:00,95.91774675,96.08,95.88,95.97,300
2026-03-16 23:35:00+00:00,2026-03-16 23:39:59.999000+00:00,95.98,96.06203286,95.91,95.96,300
2026-03-16 23:40:00+00:00,2026-03-16 23:44:59.999000+00:00,95.96,96.29,95.96,96.29,300
2026-03-16 23:45:00+00:00,2026-03-16 23:49:59.999000+00:00,96.28231903,96.42189423,96.20507259,96.28,300
2026-03-16 23:50:00+00:00,2026-03-16 23:54:59.999000+00:00,96.28,96.32,95.95,96.12,300
2026-03-16 23:55:00+00:00,2026-03-16 23:59:59.999000+00:00,96.12,96.22,96.07456276,96.15899092,300
2026-03-17 00:00:00+00:00,2026-03-17 00:04:59.999000+00:00,96.15546577,96.15597748,95.68,95.84,300
2026-03-17 00:05:00+00:00,2026-03-17 00:09:59.999000+00:00,95.84,96.23,95.82,96.17170056,300
2026-03-17 00:10:00+00:00,2026-03-17 00:14:59.999000+00:00,96.18,96.89502054,96.18,96.7,300
2026-03-17 00:15:00+00:00,2026-03-17 00:19:59.999000+00:00,96.69,96.75,95.95,95.96150084,300
2026-03-17 00:20:00+00:00,2026-03-17 00:24:59.999000+00:00,95.97,96.0,95.44,95.49,300
2026-03-17 00:25:00+00:00,2026-03-17 00:29:59.999000+00:00,95.47637328,95.71131531,95.31,95.71131531,300
2026-03-17 00:30:00+00:00,2026-03-17 00:34:59.999000+00:00,95.71131531,96.04929936,95.63430143,95.82087279,300
2026-03-17 00:35:00+00:00,2026-03-17 00:39:59.999000+00:00,95.8174056,95.92279489,95.45663882,95.48,300
2026-03-17 00:40:00+00:00,2026-03-17 00:44:59.999000+00:00,95.48,95.55,95.31766694,95.48083154,300
2026-03-17 00:45:00+00:00,2026-03-17 00:49:59.999000+00:00,95.48083154,95.66,95.43,95.53261404,300
2026-03-17 00:50:00+00:00,2026-03-17 00:54:59.999000+00:00,95.52,95.52,95.12,95.21,300
2026-03-17 00:55:00+00:00,2026-03-17 00:59:59.999000+00:00,95.22,95.45561887,95.09377577,95.45561887,300
2026-03-17 01:00:00+00:00,2026-03-17 01:04:59.999000+00:00,95.46,95.56,94.96528344,95.02,300
2026-03-17 01:05:00+00:00,2026-03-17 01:09:59.999000+00:00,95.03,95.49146052,94.92,95.38,300
2026-03-17 01:10:00+00:00,2026-03-17 01:14:59.999000+00:00,95.37531279,96.03133219,95.27570295,95.79060423,300
2026-03-17 01:15:00+00:00,2026-03-17 01:19:59.999000+00:00,95.79402372,95.85,95.5,95.8,300
2026-03-17 01:20:00+00:00,2026-03-17 01:24:59.999000+00:00,95.79137412,95.81554015,95.31,95.46,300
2026-03-17 01:25:00+00:00,2026-03-17 01:29:59.999000+00:00,95.46,95.75,95.43819248,95.69,300
2026-03-17 01:30:00+00:00,2026-03-17 01:34:59.999000+00:00,95.7,95.81,95.5,95.8,300
2026-03-17 01:35:00+00:00,2026-03-17 01:39:59.999000+00:00,95.83,95.99075595,95.57664386,95.64,300
2026-03-17 01:40:00+00:00,2026-03-17 01:44:59.999000+00:00,95.65,95.72,95.25,95.5225445,300
2026-03-17 01:45:00+00:00,2026-03-17 01:49:59.999000+00:00,95.52623289,95.69,95.42,95.42,300
2026-03-17 01:50:00+00:00,2026-03-17 01:54:59.999000+00:00,95.43,95.56,95.28046294,95.4,300
2026-03-17 01:55:00+00:00,2026-03-17 01:59:59.999000+00:00,95.39,95.73,95.38888586,95.66087344,300
2026-03-17 02:00:00+00:00,2026-03-17 02:04:59.999000+00:00,95.66087344,95.72,95.59603888,95.61,300
2026-03-17 02:05:00+00:00,2026-03-17 02:09:59.999000+00:00,95.62,95.62,94.97,95.08712479,300
2026-03-17 02:10:00+00:00,2026-03-17 02:14:59.999000+00:00,95.09,95.17,95.00419198,95.14386823,300
2026-03-17 02:15:00+00:00,2026-03-17 02:19:59.999000+00:00,95.14385612,95.23,95.07,95.08,300
2026-03-17 02:20:00+00:00,2026-03-17 02:24:59.999000+00:00,95.07,95.16138711,94.89,94.99004346,300
2026-03-17 02:25:00+00:00,2026-03-17 02:29:59.999000+00:00,95.0,95.09,94.94548872,94.97,300
2026-03-17 02:30:00+00:00,2026-03-17 02:34:59.999000+00:00,94.99,95.22460472,94.83369106,95.19,300
2026-03-17 02:35:00+00:00,2026-03-17 02:39:59.999000+00:00,95.19,95.52409603,95.18,95.4835513,300
2026-03-17 02:40:00+00:00,2026-03-17 02:44:59.999000+00:00,95.49,95.54,95.37,95.43009615,300
2026-03-17 02:45:00+00:00,2026-03-17 02:49:59.999000+00:00,95.43,95.55,95.23472277,95.28955478,300
2026-03-17 02:50:00+00:00,2026-03-17 02:54:59.999000+00:00,95.2828434,95.42,95.22040888,95.41,300
2026-03-17 02:55:00+00:00,2026-03-17 02:59:59.999000+00:00,95.41,95.41,95.07,95.08,300
2026-03-17 03:00:00+00:00,2026-03-17 03:04:59.999000+00:00,95.09,95.24,95.03979648,95.05046396,300
2026-03-17 03:05:00+00:00,2026-03-17 03:09:59.999000+00:00,95.05046396,95.13,94.92131603,94.96518136,300
2026-03-17 03:10:00+00:00,2026-03-17 03:14:59.999000+00:00,94.97,94.9984899,94.75162645,94.77349926,300
2026-03-17 03:15:00+00:00,2026-03-17 03:19:59.999000+00:00,94.7729428,94.88,94.7000446,94.85,300
2026-03-17 03:20:00+00:00,2026-03-17 03:24:59.999000+00:00,94.84440994,94.84440994,94.49,94.62,300
2026-03-17 03:25:00+00:00,2026-03-17 03:29:59.999000+00:00,94.62275189,94.76559371,94.59,94.61681353,300
2026-03-17 03:30:00+00:00,2026-03-17 03:34:59.999000+00:00,94.61681353,94.64,94.12,94.25,300
2026-03-17 03:35:00+00:00,2026-03-17 03:39:59.999000+00:00,94.23806549,94.33,94.08664743,94.27,300
2026-03-17 03:40:00+00:00,2026-03-17 03:44:59.999000+00:00,94.28,94.28,93.88435987,94.0,300
2026-03-17 03:45:00+00:00,2026-03-17 03:49:59.999000+00:00,93.99149359,94.02,93.77379123,93.8178469,300
2026-03-17 03:50:00+00:00,2026-03-17 03:54:59.999000+00:00,93.81186681,94.03,93.66902255,93.87,300
2026-03-17 03:55:00+00:00,2026-03-17 03:59:59.999000+00:00,93.87,94.11,93.72096184,94.03,300
2026-03-17 04:00:00+00:00,2026-03-17 04:04:59.999000+00:00,94.02348167,94.22116222,93.97,94.04,300
2026-03-17 04:05:00+00:00,2026-03-17 04:09:59.999000+00:00,94.03910215,94.14770253,93.97780634,94.07,300
2026-03-17 04:10:00+00:00,2026-03-17 04:14:59.999000+00:00,94.06,94.14,93.97612141,94.13,300
2026-03-17 04:15:00+00:00,2026-03-17 04:19:59.999000+00:00,94.12,94.17,93.75,93.8018913,300
2026-03-17 04:20:00+00:00,2026-03-17 04:24:59.999000+00:00,93.80140112,93.85526135,93.47304836,93.67,300
2026-03-17 04:25:00+00:00,2026-03-17 04:29:59.999000+00:00,93.67,93.77435866,93.57510616,93.72,300
2026-03-17 04:30:00+00:00,2026-03-17 04:34:59.999000+00:00,93.72221303,93.85,93.45082721,93.55,300
2026-03-17 04:35:00+00:00,2026-03-17 04:39:59.999000+00:00,93.55688716,93.56,93.27,93.28,300
2026-03-17 04:40:00+00:00,2026-03-17 04:44:59.999000+00:00,93.29,93.5857794,93.16478494,93.41238567,300
2026-03-17 04:45:00+00:00,2026-03-17 04:49:59.999000+00:00,93.41,93.68037429,93.41,93.68037429,300
2026-03-17 04:50:00+00:00,2026-03-17 04:54:59.999000+00:00,93.68026383,93.76303434,93.65447037,93.72831732,300
2026-03-17 04:55:00+00:00,2026-03-17 04:59:59.999000+00:00,93.71832774,93.82,93.69,93.7420593,300
2026-03-17 05:00:00+00:00,2026-03-17 05:04:59.999000+00:00,93.74,93.77,93.51899264,93.75558435,300
2026-03-17 05:05:00+00:00,2026-03-17 05:09:59.999000+00:00,93.75428747,93.9,93.7,93.75248948,300
2026-03-17 05:10:00+00:00,2026-03-17 05:14:59.999000+00:00,93.75273183,93.93,93.70233637,93.75,300
2026-03-17 05:15:00+00:00,2026-03-17 05:19:59.999000+00:00,93.74830506,93.99,93.74830506,93.88214362,300
2026-03-17 05:20:00+00:00,2026-03-17 05:24:59.999000+00:00,93.88198637,93.88198637,93.73292823,93.83178888,300
2026-03-17 05:25:00+00:00,2026-03-17 05:29:59.999000+00:00,93.83206983,94.03,93.83206983,93.96079139,300
2026-03-17 05:30:00+00:00,2026-03-17 05:34:59.999000+00:00,93.96057056,94.05,93.88,93.92,300
2026-03-17 05:35:00+00:00,2026-03-17 05:39:59.999000+00:00,93.91,93.92,93.55966245,93.64,300
2026-03-17 05:40:00+00:00,2026-03-17 05:44:59.999000+00:00,93.6410225,93.7706538,93.4,93.47658535,300
2026-03-17 05:45:00+00:00,2026-03-17 05:49:59.999000+00:00,93.48,93.54,93.30236682,93.47,300
2026-03-17 05:50:00+00:00,2026-03-17 05:54:59.999000+00:00,93.4831547,93.82302434,93.48036351,93.82302434,300
2026-03-17 05:55:00+00:00,2026-03-17 05:59:59.999000+00:00,93.82,93.86,93.66654999,93.77,300
2026-03-17 06:00:00+00:00,2026-03-17 06:04:59.999000+00:00,93.75864556,93.82,93.52,93.56380971,300
2026-03-17 06:05:00+00:00,2026-03-17 06:09:59.999000+00:00,93.56409161,93.68,93.43413475,93.64,300
2026-03-17 06:10:00+00:00,2026-03-17 06:14:59.999000+00:00,93.65,94.08,93.63,94.02861796,300
2026-03-17 06:15:00+00:00,2026-03-17 06:19:59.999000+00:00,94.02847092,94.07,93.91698759,93.96144349,300
2026-03-17 06:20:00+00:00,2026-03-17 06:24:59.999000+00:00,93.95847335,94.24728517,93.95581105,94.18838911,300
2026-03-17 06:25:00+00:00,2026-03-17 06:29:59.999000+00:00,94.19,94.2,94.07035094,94.13036034,300
2026-03-17 06:30:00+00:00,2026-03-17 06:34:59.999000+00:00,94.1335674,94.19109659,93.9,94.06851882,300
2026-03-17 06:35:00+00:00,2026-03-17 06:39:59.999000+00:00,94.07,94.13,94.01,94.12092212,300
2026-03-17 06:40:00+00:00,2026-03-17 06:44:59.999000+00:00,94.12156165,94.14,93.8,93.8365032,300
2026-03-17 06:45:00+00:00,2026-03-17 06:49:59.999000+00:00,93.83622324,93.90159016,93.73162676,93.82551213,300
2026-03-17 06:50:00+00:00,2026-03-17 06:54:59.999000+00:00,93.82067287,93.97,93.82044426,93.83428066,300
2026-03-17 06:55:00+00:00,2026-03-17 06:59:59.999000+00:00,93.83271182,93.9052742,93.82286767,93.8407793,300
2026-03-17 07:00:00+00:00,2026-03-17 07:04:59.999000+00:00,93.84,94.07,93.81467862,94.04,300
2026-03-17 07:05:00+00:00,2026-03-17 07:09:59.999000+00:00,94.03,94.13,94.0,94.02603564,300
2026-03-17 07:10:00+00:00,2026-03-17 07:14:59.999000+00:00,94.02611278,94.25,94.02611278,94.24061517,300
2026-03-17 07:15:00+00:00,2026-03-17 07:19:59.999000+00:00,94.24045128,94.57721364,94.23800173,94.57,300
2026-03-17 07:20:00+00:00,2026-03-17 07:24:59.999000+00:00,94.57,94.60284862,94.43485626,94.50023054,300
2026-03-17 07:25:00+00:00,2026-03-17 07:29:59.999000+00:00,94.50209612,94.51,94.42,94.48,300
2026-03-17 07:30:00+00:00,2026-03-17 07:34:59.999000+00:00,94.49,94.5,94.4119209,94.46,300
2026-03-17 07:35:00+00:00,2026-03-17 07:39:59.999000+00:00,94.45,94.56719748,94.38485363,94.5278568,300
2026-03-17 07:40:00+00:00,2026-03-17 07:44:59.999000+00:00,94.50390261,94.59,94.4,94.46624442,300
2026-03-17 07:45:00+00:00,2026-03-17 07:49:59.999000+00:00,94.48,94.54621216,94.39285216,94.47,300
2026-03-17 07:50:00+00:00,2026-03-17 07:54:59.999000+00:00,94.46727758,94.46727758,94.31453473,94.32658223,300
2026-03-17 07:55:00+00:00,2026-03-17 07:59:59.999000+00:00,94.33,94.41449569,94.30641253,94.38,300
2026-03-17 08:00:00+00:00,2026-03-17 08:04:59.999000+00:00,94.38,94.78291433,94.37804889,94.68,300
2026-03-17 08:05:00+00:00,2026-03-17 08:09:59.999000+00:00,94.68,94.68212499,94.48,94.51301533,300
2026-03-17 08:10:00+00:00,2026-03-17 08:14:59.999000+00:00,94.51301481,94.57,94.32,94.44,300
2026-03-17 08:15:00+00:00,2026-03-17 08:19:59.999000+00:00,94.43310232,94.59,94.23397855,94.56263101,300
2026-03-17 08:20:00+00:00,2026-03-17 08:24:59.999000+00:00,94.56263101,94.66,94.45685575,94.48,300
2026-03-17 08:25:00+00:00,2026-03-17 08:29:59.999000+00:00,94.49,94.64652183,94.49,94.54,300
2026-03-17 08:30:00+00:00,2026-03-17 08:34:59.999000+00:00,94.54,94.65,94.53669741,94.56,300
2026-03-17 08:35:00+00:00,2026-03-17 08:39:59.999000+00:00,94.56,94.59,94.4248924,94.50448866,300
2026-03-17 08:40:00+00:00,2026-03-17 08:44:59.999000+00:00,94.51003441,94.80489458,94.47755495,94.76808633,300
2026-03-17 08:45:00+00:00,2026-03-17 08:49:59.999000+00:00,94.77,94.88269992,94.73422484,94.76,300
2026-03-17 08:50:00+00:00,2026-03-17 08:54:59.999000+00:00,94.76057618,94.8,94.64,94.68922776,300
2026-03-17 08:55:00+00:00,2026-03-17 08:59:59.999000+00:00,94.68314178,94.71,94.24,94.36585155,300
2026-03-17 09:00:00+00:00,2026-03-17 09:04:59.999000+00:00,94.36585155,94.43384104,94.11623367,94.13178476,300
2026-03-17 09:05:00+00:00,2026-03-17 09:09:59.999000+00:00,94.13274354,94.21104737,94.02,94.12,300
2026-03-17 09:10:00+00:00,2026-03-17 09:14:59.999000+00:00,94.12,94.17167153,94.0900484,94.13735372,300
2026-03-17 09:15:00+00:00,2026-03-17 09:19:59.999000+00:00,94.14,94.48407923,94.09,94.48407923,300
2026-03-17 09:20:00+00:00,2026-03-17 09:24:59.999000+00:00,94.48407923,94.57,94.34042741,94.53129772,300
2026-03-17 09:25:00+00:00,2026-03-17 09:29:59.999000+00:00,94.53,95.04,94.53,94.70324404,300
2026-03-17 09:30:00+00:00,2026-03-17 09:34:59.999000+00:00,94.69173703,94.77,94.53,94.58553282,300
2026-03-17 09:35:00+00:00,2026-03-17 09:39:59.999000+00:00,94.58606805,94.70371386,94.51,94.65,300
2026-03-17 09:40:00+00:00,2026-03-17 09:44:59.999000+00:00,94.65,94.7,94.47134464,94.61697064,300
2026-03-17 09:45:00+00:00,2026-03-17 09:49:59.999000+00:00,94.60751017,94.60772655,94.50668229,94.51479333,300
2026-03-17 09:50:00+00:00,2026-03-17 09:54:59.999000+00:00,94.52,94.56,93.96533902,93.96778583,300
2026-03-17 09:55:00+00:00,2026-03-17 09:59:59.999000+00:00,93.96778583,93.96778583,93.65971419,93.85738139,300
2026-03-17 10:00:00+00:00,2026-03-17 10:04:59.999000+00:00,93.85738139,94.01,93.83,93.83,300
2026-03-17 10:05:00+00:00,2026-03-17 10:09:59.999000+00:00,93.83,93.87708749,93.61787085,93.79259951,300
2026-03-17 10:10:00+00:00,2026-03-17 10:14:59.999000+00:00,93.79254179,93.98,93.76289286,93.81,300
2026-03-17 10:15:00+00:00,2026-03-17 10:19:59.999000+00:00,93.82,93.82,93.5,93.74650599,300
2026-03-17 10:20:00+00:00,2026-03-17 10:24:59.999000+00:00,93.74063823,93.77217849,93.66,93.7,300
2026-03-17 10:25:00+00:00,2026-03-17 10:29:59.999000+00:00,93.7,93.76264328,93.62,93.64,300
2026-03-17 10:30:00+00:00,2026-03-17 10:34:59.999000+00:00,93.64,93.66023615,93.47687672,93.63,300
2026-03-17 10:35:00+00:00,2026-03-17 10:39:59.999000+00:00,93.63,93.69526062,93.42,93.57,300
2026-03-17 10:40:00+00:00,2026-03-17 10:44:59.999000+00:00,93.57,93.59,93.42,93.53,300
2026-03-17 10:45:00+00:00,2026-03-17 10:49:59.999000+00:00,93.5281554,93.53311546,93.31045615,93.31045615,300
2026-03-17 10:50:00+00:00,2026-03-17 10:54:59.999000+00:00,93.31045615,93.52199283,93.21658466,93.46409344,300
2026-03-17 10:55:00+00:00,2026-03-17 10:59:59.999000+00:00,93.45628382,93.5840735,93.43,93.53,300
2026-03-17 11:00:00+00:00,2026-03-17 11:04:59.999000+00:00,93.52273253,93.55,93.34627841,93.47,300
2026-03-17 11:05:00+00:00,2026-03-17 11:09:59.999000+00:00,93.47,93.69,93.47,93.68,300
2026-03-17 11:10:00+00:00,2026-03-17 11:14:59.999000+00:00,93.68,93.71122611,93.63493159,93.71,300
2026-03-17 11:15:00+00:00,2026-03-17 11:19:59.999000+00:00,93.70728153,93.78387402,93.61,93.67,300
2026-03-17 11:20:00+00:00,2026-03-17 11:24:59.999000+00:00,93.67171316,93.75245117,93.53501042,93.73,300
2026-03-17 11:25:00+00:00,2026-03-17 11:29:59.999000+00:00,93.73,93.85009629,93.72,93.74,300
2026-03-17 11:30:00+00:00,2026-03-17 11:34:59.999000+00:00,93.73657643,93.74,93.6,93.69704668,300
2026-03-17 11:35:00+00:00,2026-03-17 11:39:59.999000+00:00,93.69546148,93.79,93.62,93.71,300
2026-03-17 11:40:00+00:00,2026-03-17 11:44:59.999000+00:00,93.71,93.75,93.66,93.75,300
2026-03-17 11:45:00+00:00,2026-03-17 11:49:59.999000+00:00,93.7413272,93.82,93.67064078,93.8,300
2026-03-17 11:50:00+00:00,2026-03-17 11:54:59.999000+00:00,93.79836971,93.8550534,93.68,93.68,300
2026-03-17 11:55:00+00:00,2026-03-17 11:59:59.999000+00:00,93.68,93.68,93.52319498,93.6,300
2026-03-17 12:00:00+00:00,2026-03-17 12:04:59.999000+00:00,93.6,93.73,93.56,93.71,300
2026-03-17 12:05:00+00:00,2026-03-17 12:09:59.999000+00:00,93.70829262,93.89598935,93.70337837,93.89,300
2026-03-17 12:10:00+00:00,2026-03-17 12:14:59.999000+00:00,93.89,94.03,93.74199069,93.81167666,300
2026-03-17 12:15:00+00:00,2026-03-17 12:19:59.999000+00:00,93.81157489,93.97,93.61,93.97,300
2026-03-17 12:20:00+00:00,2026-03-17 12:24:59.999000+00:00,93.97402808,94.03,93.56,93.56,300
2026-03-17 12:25:00+00:00,2026-03-17 12:29:59.999000+00:00,93.57,93.62,93.24,93.40293209,300
2026-03-17 12:30:00+00:00,2026-03-17 12:34:59.999000+00:00,93.40242332,93.55,93.33118025,93.49,300
2026-03-17 12:35:00+00:00,2026-03-17 12:39:59.999000+00:00,93.49,93.6,93.14,93.54,300
2026-03-17 12:40:00+00:00,2026-03-17 12:44:59.999000+00:00,93.54,93.55,93.41146485,93.49069835,300
2026-03-17 12:45:00+00:00,2026-03-17 12:49:59.999000+00:00,93.49275794,93.49275794,93.29148626,93.33824305,300
2026-03-17 12:50:00+00:00,2026-03-17 12:54:59.999000+00:00,93.33536961,93.37,93.20454416,93.36,300
2026-03-17 12:55:00+00:00,2026-03-17 12:59:59.999000+00:00,93.37,93.41,93.24048591,93.37635294,300
2026-03-17 13:00:00+00:00,2026-03-17 13:04:59.999000+00:00,93.38,93.47,93.31729677,93.47,300
2026-03-17 13:05:00+00:00,2026-03-17 13:09:59.999000+00:00,93.48,93.56042023,93.44,93.53,300
2026-03-17 13:10:00+00:00,2026-03-17 13:14:59.999000+00:00,93.53,93.66,93.53,93.66,300
2026-03-17 13:15:00+00:00,2026-03-17 13:19:59.999000+00:00,93.67,93.7,93.51356283,93.65,300
2026-03-17 13:20:00+00:00,2026-03-17 13:24:59.999000+00:00,93.64273813,93.72,93.52,93.54,300
2026-03-17 13:25:00+00:00,2026-03-17 13:29:59.999000+00:00,93.55,93.63470487,93.46204984,93.5838298,300
2026-03-17 13:30:00+00:00,2026-03-17 13:34:59.999000+00:00,93.5838298,94.41047169,93.51400217,94.07,300
2026-03-17 13:35:00+00:00,2026-03-17 13:39:59.999000+00:00,94.06,94.39060992,93.93479834,94.37,300
2026-03-17 13:40:00+00:00,2026-03-17 13:44:59.999000+00:00,94.36,94.49993177,93.85484297,93.86,300
2026-03-17 13:45:00+00:00,2026-03-17 13:49:59.999000+00:00,93.88,94.01216914,93.77503564,93.97,300
2026-03-17 13:50:00+00:00,2026-03-17 13:54:59.999000+00:00,93.96433554,93.99,93.39696002,93.73,300
2026-03-17 13:55:00+00:00,2026-03-17 13:59:59.999000+00:00,93.73,93.91719496,93.6299132,93.73,300
2026-03-17 14:00:00+00:00,2026-03-17 14:04:59.999000+00:00,93.75,93.83,93.45,93.63,300
2026-03-17 14:05:00+00:00,2026-03-17 14:09:59.999000+00:00,93.63,94.15725612,93.59628828,94.07898882,300
2026-03-17 14:10:00+00:00,2026-03-17 14:14:59.999000+00:00,94.09,94.25222079,93.93348317,94.13301163,300
2026-03-17 14:15:00+00:00,2026-03-17 14:19:59.999000+00:00,94.12013973,94.25,93.78,94.01,300
2026-03-17 14:20:00+00:00,2026-03-17 14:24:59.999000+00:00,94.02022081,94.24,93.97713325,94.11,300
2026-03-17 14:25:00+00:00,2026-03-17 14:29:59.999000+00:00,94.10583639,94.24271162,93.93207482,94.17,300
2026-03-17 14:30:00+00:00,2026-03-17 14:34:59.999000+00:00,94.16269394,94.47,94.13,94.41,300
2026-03-17 14:35:00+00:00,2026-03-17 14:39:59.999000+00:00,94.41,94.63,94.25,94.28,300
2026-03-17 14:40:00+00:00,2026-03-17 14:44:59.999000+00:00,94.3,94.46132255,94.19262309,94.40134554,300
2026-03-17 14:45:00+00:00,2026-03-17 14:49:59.999000+00:00,94.40108135,94.56030331,94.23570683,94.26,300
2026-03-17 14:50:00+00:00,2026-03-17 14:54:59.999000+00:00,94.28,94.34607415,94.05481827,94.27,300
2026-03-17 14:55:00+00:00,2026-03-17 14:59:59.999000+00:00,94.28,94.48,94.27150512,94.45,300
2026-03-17 15:00:00+00:00,2026-03-17 15:04:59.999000+00:00,94.44058958,95.08,94.44,94.87,300
2026-03-17 15:05:00+00:00,2026-03-17 15:09:59.999000+00:00,94.86,94.9,94.23767933,94.23767933,300
2026-03-17 15:10:00+00:00,2026-03-17 15:14:59.999000+00:00,94.25,94.25281791,93.86217044,93.86217044,300
2026-03-17 15:15:00+00:00,2026-03-17 15:19:59.999000+00:00,93.86199794,94.15,93.84368659,94.0704072,300
2026-03-17 15:20:00+00:00,2026-03-17 15:24:59.999000+00:00,94.08,94.19833584,93.7,93.7405736,300
2026-03-17 15:25:00+00:00,2026-03-17 15:29:59.999000+00:00,93.7131679,93.86,93.63295371,93.78,300
2026-03-17 15:30:00+00:00,2026-03-17 15:34:59.999000+00:00,93.78,93.96,93.57,93.69,300
2026-03-17 15:35:00+00:00,2026-03-17 15:39:59.999000+00:00,93.67205534,93.76,93.19,93.4901066,300
2026-03-17 15:40:00+00:00,2026-03-17 15:44:59.999000+00:00,93.49039427,93.59,93.33,93.54,300
2026-03-17 15:45:00+00:00,2026-03-17 15:49:59.999000+00:00,93.53535363,93.63,93.37,93.45647531,300
2026-03-17 15:50:00+00:00,2026-03-17 15:54:59.999000+00:00,93.4510138,93.86,93.4510138,93.79,300
2026-03-17 15:55:00+00:00,2026-03-17 15:59:59.999000+00:00,93.77797408,93.8,93.67426669,93.76874743,300
2026-03-17 16:00:00+00:00,2026-03-17 16:04:59.999000+00:00,93.77,93.89455528,93.67661979,93.82177432,300
2026-03-17 16:05:00+00:00,2026-03-17 16:09:59.999000+00:00,93.83,94.07951805,93.79,94.05,300
2026-03-17 16:10:00+00:00,2026-03-17 16:14:59.999000+00:00,94.06,94.18667163,93.97105396,93.99676048,300
2026-03-17 16:15:00+00:00,2026-03-17 16:19:59.999000+00:00,94.0,94.39,93.99,94.37711119,300
2026-03-17 16:20:00+00:00,2026-03-17 16:24:59.999000+00:00,94.38431501,94.69,94.28588175,94.68,300
2026-03-17 16:25:00+00:00,2026-03-17 16:29:59.999000+00:00,94.68424211,94.75,94.44,94.49,300
2026-03-17 16:30:00+00:00,2026-03-17 16:34:59.999000+00:00,94.48190248,94.56001354,94.22,94.34497911,300
2026-03-17 16:35:00+00:00,2026-03-17 16:39:59.999000+00:00,94.35,94.4,94.15230624,94.24,300
2026-03-17 16:40:00+00:00,2026-03-17 16:44:59.999000+00:00,94.24,94.39,94.14551997,94.35953564,300
2026-03-17 16:45:00+00:00,2026-03-17 16:49:59.999000+00:00,94.36100365,94.41295881,94.10122298,94.29193654,300
2026-03-17 16:50:00+00:00,2026-03-17 16:54:59.999000+00:00,94.28326514,94.47,94.26086037,94.38,300
2026-03-17 16:55:00+00:00,2026-03-17 16:59:59.999000+00:00,94.38091563,94.44,94.24129175,94.35,300
2026-03-17 17:00:00+00:00,2026-03-17 17:04:59.999000+00:00,94.34110317,94.68,94.34110317,94.60468793,300
2026-03-17 17:05:00+00:00,2026-03-17 17:09:59.999000+00:00,94.59639754,94.59639754,94.46569755,94.47026438,300
2026-03-17 17:10:00+00:00,2026-03-17 17:14:59.999000+00:00,94.46948882,94.47029795,94.1,94.3,300
2026-03-17 17:15:00+00:00,2026-03-17 17:19:59.999000+00:00,94.3,94.45557011,94.1787942,94.43,300
2026-03-17 17:20:00+00:00,2026-03-17 17:24:59.999000+00:00,94.44,94.65355084,94.43,94.53808682,300
2026-03-17 17:25:00+00:00,2026-03-17 17:29:59.999000+00:00,94.53238756,94.54702268,94.26,94.29303588,300
2026-03-17 17:30:00+00:00,2026-03-17 17:34:59.999000+00:00,94.29261474,94.42,94.16977935,94.19789437,300
2026-03-17 17:35:00+00:00,2026-03-17 17:39:59.999000+00:00,94.19806292,94.38,94.18865492,94.38,300
2026-03-17 17:40:00+00:00,2026-03-17 17:44:59.999000+00:00,94.38,94.50264822,94.31,94.31,300
2026-03-17 17:45:00+00:00,2026-03-17 17:49:59.999000+00:00,94.30145917,94.49,94.21655738,94.49,300
2026-03-17 17:50:00+00:00,2026-03-17 17:54:59.999000+00:00,94.48032902,94.62,94.44632869,94.46456889,300
2026-03-17 17:55:00+00:00,2026-03-17 17:59:59.999000+00:00,94.47,94.53,94.39521131,94.52,300
2026-03-17 18:00:00+00:00,2026-03-17 18:04:59.999000+00:00,94.52,94.62,94.4,94.61,300
2026-03-17 18:05:00+00:00,2026-03-17 18:09:59.999000+00:00,94.61,94.85,94.54700513,94.83,300
2026-03-17 18:10:00+00:00,2026-03-17 18:14:59.999000+00:00,94.84486196,94.99,94.81338877,94.87810686,300
2026-03-17 18:15:00+00:00,2026-03-17 18:19:59.999000+00:00,94.88,95.1,94.85,95.03,300
2026-03-17 18:20:00+00:00,2026-03-17 18:24:59.999000+00:00,95.03,95.12,94.99,95.02412291,300
2026-03-17 18:25:00+00:00,2026-03-17 18:29:59.999000+00:00,95.01561738,95.08524674,94.88543999,94.91,300
2026-03-17 18:30:00+00:00,2026-03-17 18:34:59.999000+00:00,94.91,95.52,94.88465829,95.36,300
2026-03-17 18:35:00+00:00,2026-03-17 18:39:59.999000+00:00,95.36,95.54,95.32,95.44,300
2026-03-17 18:40:00+00:00,2026-03-17 18:44:59.999000+00:00,95.45,95.54,95.27088415,95.28,300
2026-03-17 18:45:00+00:00,2026-03-17 18:49:59.999000+00:00,95.28,95.42,95.26505892,95.26505892,300
2026-03-17 18:50:00+00:00,2026-03-17 18:54:59.999000+00:00,95.27,95.30056612,95.18363137,95.23704408,300
2026-03-17 18:55:00+00:00,2026-03-17 18:59:59.999000+00:00,95.23704408,95.28,94.86452287,95.27744212,300
2026-03-17 19:00:00+00:00,2026-03-17 19:04:59.999000+00:00,95.27827237,95.44277779,95.24926217,95.32,300
2026-03-17 19:05:00+00:00,2026-03-17 19:09:59.999000+00:00,95.31919139,95.47133576,95.27,95.33189579,300
2026-03-17 19:10:00+00:00,2026-03-17 19:14:59.999000+00:00,95.33174946,95.5,95.27,95.27,300
2026-03-17 19:15:00+00:00,2026-03-17 19:19:59.999000+00:00,95.27,95.37,95.19272854,95.19272854,300
2026-03-17 19:20:00+00:00,2026-03-17 19:24:59.999000+00:00,95.19727399,95.2,94.96,95.04,300
2026-03-17 19:25:00+00:00,2026-03-17 19:29:59.999000+00:00,95.04,95.14,94.88721409,95.04070976,300
2026-03-17 19:30:00+00:00,2026-03-17 19:34:59.999000+00:00,95.04070976,95.05,94.79,94.84,300
2026-03-17 19:35:00+00:00,2026-03-17 19:39:59.999000+00:00,94.84,95.15157705,94.84,95.02,300
2026-03-17 19:40:00+00:00,2026-03-17 19:44:59.999000+00:00,95.01827014,95.04,94.88127712,94.92,300
2026-03-17 19:45:00+00:00,2026-03-17 19:49:59.999000+00:00,94.92,94.96,94.62,94.82,300
2026-03-17 19:50:00+00:00,2026-03-17 19:54:59.999000+00:00,94.82425958,94.82523252,94.57,94.78,300
2026-03-17 19:55:00+00:00,2026-03-17 19:59:59.999000+00:00,94.78,94.78,94.59,94.61189133,300
2026-03-17 20:00:00+00:00,2026-03-17 20:04:59.999000+00:00,94.62,94.74036734,94.56,94.56,300
2026-03-17 20:05:00+00:00,2026-03-17 20:09:59.999000+00:00,94.55,94.55,94.4,94.5208445,300
2026-03-17 20:10:00+00:00,2026-03-17 20:14:59.999000+00:00,94.5,94.62,94.39413819,94.41,300
2026-03-17 20:15:00+00:00,2026-03-17 20:19:59.999000+00:00,94.3903392,94.57,94.3903392,94.5,300
2026-03-17 20:20:00+00:00,2026-03-17 20:24:59.999000+00:00,94.5,94.88541372,94.49293279,94.88541372,300
2026-03-17 20:25:00+00:00,2026-03-17 20:29:59.999000+00:00,94.88539953,94.98499324,94.81,94.89590391,300
2026-03-17 20:30:00+00:00,2026-03-17 20:34:59.999000+00:00,94.89415697,94.9,94.71,94.74,300
2026-03-17 20:35:00+00:00,2026-03-17 20:39:59.999000+00:00,94.74,94.81656914,94.69,94.79358973,300
2026-03-17 20:40:00+00:00,2026-03-17 20:44:59.999000+00:00,94.7810461,94.7810461,94.62053195,94.74,300
2026-03-17 20:45:00+00:00,2026-03-17 20:49:59.999000+00:00,94.72,94.87,94.71,94.87,300
2026-03-17 20:50:00+00:00,2026-03-17 20:54:59.999000+00:00,94.89,94.94156389,94.80003922,94.82,300
2026-03-17 20:55:00+00:00,2026-03-17 20:59:59.999000+00:00,94.82,94.88,94.78,94.85,300
2026-03-17 21:00:00+00:00,2026-03-17 21:04:59.999000+00:00,94.84,94.95,94.79082168,94.85,300
2026-03-17 21:05:00+00:00,2026-03-17 21:09:59.999000+00:00,94.86,94.99100148,94.85,94.97248303,300
2026-03-17 21:10:00+00:00,2026-03-17 21:14:59.999000+00:00,94.97229945,95.41,94.9700223,95.21,300
2026-03-17 21:15:00+00:00,2026-03-17 21:19:59.999000+00:00,95.21,95.21,95.07,95.12778879,300
2026-03-17 21:20:00+00:00,2026-03-17 21:24:59.999000+00:00,95.13,95.19,95.09,95.13196038,300
2026-03-17 21:25:00+00:00,2026-03-17 21:29:59.999000+00:00,95.14,95.1703939,95.03041534,95.06,300
2026-03-17 21:30:00+00:00,2026-03-17 21:34:59.999000+00:00,95.06100487,95.06100487,94.91852383,94.97,300
2026-03-17 21:35:00+00:00,2026-03-17 21:39:59.999000+00:00,94.96,95.2,94.94752401,95.16747304,300
2026-03-17 21:40:00+00:00,2026-03-17 21:44:59.999000+00:00,95.16351344,95.33,95.10191735,95.3,300
2026-03-17 21:45:00+00:00,2026-03-17 21:49:59.999000+00:00,95.3,95.31171002,95.18,95.2322662,300
2026-03-17 21:50:00+00:00,2026-03-17 21:54:59.999000+00:00,95.2249944,95.23589896,95.12071001,95.22704253,300
2026-03-17 21:55:00+00:00,2026-03-17 21:59:59.999000+00:00,95.22704253,95.23,95.14444441,95.20694894,300
2026-03-17 22:00:00+00:00,2026-03-17 22:04:59.999000+00:00,95.21,95.46,95.08041151,95.44518435,300
2026-03-17 22:05:00+00:00,2026-03-17 22:09:59.999000+00:00,95.44910656,95.49,95.18,95.23,300
2026-03-17 22:10:00+00:00,2026-03-17 22:14:59.999000+00:00,95.23628577,95.4156726,95.15,95.4,300
2026-03-17 22:15:00+00:00,2026-03-17 22:19:59.999000+00:00,95.39097622,95.57,95.34,95.34657131,300
2026-03-17 22:20:00+00:00,2026-03-17 22:24:59.999000+00:00,95.34657131,95.37,95.26919734,95.3,300
2026-03-17 22:25:00+00:00,2026-03-17 22:29:59.999000+00:00,95.3,95.32238287,95.17177275,95.18,300
2026-03-17 22:30:00+00:00,2026-03-17 22:34:59.999000+00:00,95.18,95.19,94.91,95.01,300
2026-03-17 22:35:00+00:00,2026-03-17 22:39:59.999000+00:00,95.01,95.05127866,94.54,94.6,300
2026-03-17 22:40:00+00:00,2026-03-17 22:44:59.999000+00:00,94.59709651,94.88333335,94.53322773,94.83,300
2026-03-17 22:45:00+00:00,2026-03-17 22:49:59.999000+00:00,94.84,95.30651326,94.77,95.24111863,300
2026-03-17 22:50:00+00:00,2026-03-17 22:54:59.999000+00:00,95.24,95.44254661,95.17,95.24,300
2026-03-17 22:55:00+00:00,2026-03-17 22:59:59.999000+00:00,95.25,95.3,95.15599423,95.27169418,300
2026-03-17 23:00:00+00:00,2026-03-17 23:04:59.999000+00:00,95.27169418,95.33272725,95.17593765,95.20819299,300
2026-03-17 23:05:00+00:00,2026-03-17 23:09:59.999000+00:00,95.21000702,95.30128478,95.15540726,95.26,300
2026-03-17 23:10:00+00:00,2026-03-17 23:14:59.999000+00:00,95.25,95.38006301,95.24,95.25,300
2026-03-17 23:15:00+00:00,2026-03-17 23:19:59.999000+00:00,95.25,95.27,95.08629586,95.19,300
2026-03-17 23:20:00+00:00,2026-03-17 23:24:59.999000+00:00,95.19,95.26,94.83,94.95881121,300
2026-03-17 23:25:00+00:00,2026-03-17 23:29:59.999000+00:00,94.96,95.02,94.91156643,94.96641774,300
2026-03-17 23:30:00+00:00,2026-03-17 23:34:59.999000+00:00,94.96635509,94.96635509,94.75,94.837381,300
2026-03-17 23:35:00+00:00,2026-03-17 23:39:59.999000+00:00,94.84,94.93173093,94.8,94.88012061,300
2026-03-17 23:40:00+00:00,2026-03-17 23:44:59.999000+00:00,94.88000954,94.8858796,94.63846901,94.65,300
2026-03-17 23:45:00+00:00,2026-03-17 23:49:59.999000+00:00,94.65,94.81124777,94.65,94.78639793,300
2026-03-17 23:50:00+00:00,2026-03-17 23:54:59.999000+00:00,94.79,94.84,94.64,94.67988388,300
2026-03-17 23:55:00+00:00,2026-03-17 23:59:59.999000+00:00,94.68069892,94.72,94.55225456,94.57,300
2026-03-18 00:00:00+00:00,2026-03-18 00:04:59.999000+00:00,94.57,94.80383105,94.50837463,94.64455643,300
2026-03-18 00:05:00+00:00,2026-03-18 00:09:59.999000+00:00,94.64455643,94.88137045,94.60809174,94.71,300
2026-03-18 00:10:00+00:00,2026-03-18 00:14:59.999000+00:00,94.71,94.78,94.62,94.63,300
2026-03-18 00:15:00+00:00,2026-03-18 00:19:59.999000+00:00,94.63,94.69,94.37,94.43363695,300
2026-03-18 00:20:00+00:00,2026-03-18 00:24:59.999000+00:00,94.43346121,94.48,94.07966636,94.1,300
2026-03-18 00:25:00+00:00,2026-03-18 00:29:59.999000+00:00,94.11,94.34,94.1,94.30447404,300
2026-03-18 00:30:00+00:00,2026-03-18 00:34:59.999000+00:00,94.30372869,94.34,94.07,94.16,300
2026-03-18 00:35:00+00:00,2026-03-18 00:39:59.999000+00:00,94.15162423,94.28304775,94.07129059,94.16815123,300
2026-03-18 00:40:00+00:00,2026-03-18 00:44:59.999000+00:00,94.16583758,94.33,94.05412683,94.33,300
2026-03-18 00:45:00+00:00,2026-03-18 00:49:59.999000+00:00,94.34,94.61,94.34,94.48,300
2026-03-18 00:50:00+00:00,2026-03-18 00:54:59.999000+00:00,94.47503401,94.62780122,94.45345102,94.45944703,300
2026-03-18 00:55:00+00:00,2026-03-18 00:59:59.999000+00:00,94.47,94.59,94.43,94.48,300
2026-03-18 01:00:00+00:00,2026-03-18 01:04:59.999000+00:00,94.48,94.71,94.44,94.63,300
2026-03-18 01:05:00+00:00,2026-03-18 01:09:59.999000+00:00,94.63,94.73158852,94.54184012,94.65062695,300
2026-03-18 01:10:00+00:00,2026-03-18 01:14:59.999000+00:00,94.65,94.7,94.4172933,94.55,300
2026-03-18 01:15:00+00:00,2026-03-18 01:19:59.999000+00:00,94.55,94.64,94.45,94.56423091,300
2026-03-18 01:20:00+00:00,2026-03-18 01:24:59.999000+00:00,94.56775568,94.73180832,94.54207732,94.64153751,300
2026-03-18 01:25:00+00:00,2026-03-18 01:29:59.999000+00:00,94.64191015,94.76,94.57576152,94.69,300
2026-03-18 01:30:00+00:00,2026-03-18 01:34:59.999000+00:00,94.68,94.88469936,94.64,94.84,300
2026-03-18 01:35:00+00:00,2026-03-18 01:39:59.999000+00:00,94.8275191,94.83,94.57142063,94.6288777,300
2026-03-18 01:40:00+00:00,2026-03-18 01:44:59.999000+00:00,94.62114266,94.7519734,94.61226498,94.65077515,300
2026-03-18 01:45:00+00:00,2026-03-18 01:49:59.999000+00:00,94.66,94.75,94.53581785,94.61003946,300
2026-03-18 01:50:00+00:00,2026-03-18 01:54:59.999000+00:00,94.61832376,94.63,94.26033219,94.3,300
2026-03-18 01:55:00+00:00,2026-03-18 01:59:59.999000+00:00,94.30105776,94.42069472,94.30105776,94.36,300
2026-03-18 02:00:00+00:00,2026-03-18 02:04:59.999000+00:00,94.36,94.49,94.3440777,94.42335956,300
2026-03-18 02:05:00+00:00,2026-03-18 02:09:59.999000+00:00,94.42102881,94.84,94.42,94.82,300
2026-03-18 02:10:00+00:00,2026-03-18 02:14:59.999000+00:00,94.82186938,94.94910278,94.75773743,94.86349739,300
2026-03-18 02:15:00+00:00,2026-03-18 02:19:59.999000+00:00,94.86349739,94.90641719,94.75926643,94.81,300
2026-03-18 02:20:00+00:00,2026-03-18 02:24:59.999000+00:00,94.80284282,94.84356071,94.71,94.74458901,300
2026-03-18 02:25:00+00:00,2026-03-18 02:29:59.999000+00:00,94.74912949,94.74912949,94.59,94.68232052,300
2026-03-18 02:30:00+00:00,2026-03-18 02:34:59.999000+00:00,94.69030374,95.13,94.64527171,94.96,300
2026-03-18 02:35:00+00:00,2026-03-18 02:39:59.999000+00:00,94.94242225,95.02,94.81964355,94.94377134,300
2026-03-18 02:40:00+00:00,2026-03-18 02:44:59.999000+00:00,94.94242759,95.05395469,94.89,95.05395469,300
2026-03-18 02:45:00+00:00,2026-03-18 02:49:59.999000+00:00,95.06,95.18,94.96599818,94.98141088,300
2026-03-18 02:50:00+00:00,2026-03-18 02:54:59.999000+00:00,94.99,95.02,94.88724005,94.90752374,300
2026-03-18 02:55:00+00:00,2026-03-18 02:59:59.999000+00:00,94.9085483,94.95443839,94.86,94.88207947,300
2026-03-18 03:00:00+00:00,2026-03-18 03:04:59.999000+00:00,94.87989846,95.0,94.87989846,94.95,300
2026-03-18 03:05:00+00:00,2026-03-18 03:09:59.999000+00:00,94.96,94.99,94.76,94.84891137,300
2026-03-18 03:10:00+00:00,2026-03-18 03:14:59.999000+00:00,94.85,94.91555889,94.82094764,94.8436694,300
2026-03-18 03:15:00+00:00,2026-03-18 03:19:59.999000+00:00,94.8436694,94.8919311,94.83370754,94.85049671,300
2026-03-18 03:20:00+00:00,2026-03-18 03:24:59.999000+00:00,94.85042335,95.32,94.85042335,95.2863892,300
2026-03-18 03:25:00+00:00,2026-03-18 03:29:59.999000+00:00,95.28293319,95.48,95.25569658,95.33209469,300
2026-03-18 03:30:00+00:00,2026-03-18 03:34:59.999000+00:00,95.33209469,95.54236715,95.31737057,95.43,300
2026-03-18 03:35:00+00:00,2026-03-18 03:39:59.999000+00:00,95.43,95.59,95.22982544,95.23275084,300
2026-03-18 03:40:00+00:00,2026-03-18 03:44:59.999000+00:00,95.24,95.29,95.12310796,95.23,300
2026-03-18 03:45:00+00:00,2026-03-18 03:49:59.999000+00:00,95.22107458,95.26,95.08,95.14030469,300
2026-03-18 03:50:00+00:00,2026-03-18 03:54:59.999000+00:00,95.14,95.14,95.0091144,95.06375944,300
2026-03-18 03:55:00+00:00,2026-03-18 03:59:59.999000+00:00,95.06802255,95.10788963,94.98,95.0,300
2026-03-18 04:00:00+00:00,2026-03-18 04:04:59.999000+00:00,95.0,95.07,94.93,94.99,300
2026-03-18 04:05:00+00:00,2026-03-18 04:09:59.999000+00:00,94.99,94.99,94.78154464,94.8,300
2026-03-18 04:10:00+00:00,2026-03-18 04:14:59.999000+00:00,94.79270092,94.84,94.72,94.76412178,300
2026-03-18 04:15:00+00:00,2026-03-18 04:19:59.999000+00:00,94.76413419,94.76413419,94.4528441,94.59816629,300
2026-03-18 04:20:00+00:00,2026-03-18 04:24:59.999000+00:00,94.67,94.77,94.54886986,94.56,300
2026-03-18 04:25:00+00:00,2026-03-18 04:29:59.999000+00:00,94.55906184,94.6,94.26,94.28504966,300
2026-03-18 04:30:00+00:00,2026-03-18 04:34:59.999000+00:00,94.28476579,94.31,93.99958708,94.17119598,300
2026-03-18 04:35:00+00:00,2026-03-18 04:39:59.999000+00:00,94.17117316,94.19,94.0,94.15,300
2026-03-18 04:40:00+00:00,2026-03-18 04:44:59.999000+00:00,94.15085064,94.16,94.09,94.10420839,300
2026-03-18 04:45:00+00:00,2026-03-18 04:49:59.999000+00:00,94.11,94.19,94.07,94.1,300
2026-03-18 04:50:00+00:00,2026-03-18 04:54:59.999000+00:00,94.1,94.17,94.09383854,94.1,300
2026-03-18 04:55:00+00:00,2026-03-18 04:59:59.999000+00:00,94.11,94.13,94.04672783,94.08597843,300
2026-03-18 05:00:00+00:00,2026-03-18 05:04:59.999000+00:00,94.08215711,94.23,93.93660474,93.97695774,300
2026-03-18 05:05:00+00:00,2026-03-18 05:09:59.999000+00:00,93.98,94.14,93.8,94.12460207,300
2026-03-18 05:10:00+00:00,2026-03-18 05:14:59.999000+00:00,94.13,94.31,94.12640903,94.3,300
2026-03-18 05:15:00+00:00,2026-03-18 05:19:59.999000+00:00,94.29829235,94.31,94.23962168,94.24265782,300
2026-03-18 05:20:00+00:00,2026-03-18 05:24:59.999000+00:00,94.24,94.24,94.04,94.14,300
2026-03-18 05:25:00+00:00,2026-03-18 05:29:59.999000+00:00,94.13118208,94.15,93.99,94.08056297,300
2026-03-18 05:30:00+00:00,2026-03-18 05:34:59.999000+00:00,94.08046735,94.24,94.05,94.05,300
2026-03-18 05:35:00+00:00,2026-03-18 05:39:59.999000+00:00,94.05,94.12,93.92,94.09,300
2026-03-18 05:40:00+00:00,2026-03-18 05:44:59.999000+00:00,94.09,94.1,93.98004535,94.02,300
2026-03-18 05:45:00+00:00,2026-03-18 05:49:59.999000+00:00,94.01496907,94.13885529,94.01216244,94.07081416,300
2026-03-18 05:50:00+00:00,2026-03-18 05:54:59.999000+00:00,94.05320917,94.05320917,93.76172556,93.76172556,300
2026-03-18 05:55:00+00:00,2026-03-18 05:59:59.999000+00:00,93.77,93.9,93.68,93.87,300
2026-03-18 06:00:00+00:00,2026-03-18 06:04:59.999000+00:00,93.86,94.03,93.86,94.0,300
2026-03-18 06:05:00+00:00,2026-03-18 06:09:59.999000+00:00,94.0,94.12,94.0,94.11665889,300
2026-03-18 06:10:00+00:00,2026-03-18 06:14:59.999000+00:00,94.11807442,94.18,94.08,94.17304976,300
2026-03-18 06:15:00+00:00,2026-03-18 06:19:59.999000+00:00,94.17308848,94.27,94.07929785,94.25,300
2026-03-18 06:20:00+00:00,2026-03-18 06:24:59.999000+00:00,94.25,94.59,94.15,94.58159532,300
2026-03-18 06:25:00+00:00,2026-03-18 06:29:59.999000+00:00,94.58023351,94.6,94.36,94.37,300
2026-03-18 06:30:00+00:00,2026-03-18 06:34:59.999000+00:00,94.38,94.51798814,94.37726839,94.40301306,300
2026-03-18 06:35:00+00:00,2026-03-18 06:39:59.999000+00:00,94.40301306,94.47,94.2259127,94.24279336,300
2026-03-18 06:40:00+00:00,2026-03-18 06:44:59.999000+00:00,94.23204919,94.26,94.18,94.26,300
2026-03-18 06:45:00+00:00,2026-03-18 06:49:59.999000+00:00,94.27,94.37019204,94.26,94.30061172,300
2026-03-18 06:50:00+00:00,2026-03-18 06:54:59.999000+00:00,94.29460217,94.38,94.29168304,94.35535043,300
2026-03-18 06:55:00+00:00,2026-03-18 06:59:59.999000+00:00,94.35553889,94.37,94.15,94.18,299
2026-03-18 07:00:00+00:00,2026-03-18 07:04:59.999000+00:00,94.17,94.24146755,94.0707949,94.13642753,300
2026-03-18 07:05:00+00:00,2026-03-18 07:09:59.999000+00:00,94.14040102,94.16276681,93.95,93.95,299
2026-03-18 07:10:00+00:00,2026-03-18 07:14:59.999000+00:00,93.95,94.16,93.94,94.15498299,300
2026-03-18 07:15:00+00:00,2026-03-18 07:19:59.999000+00:00,94.16,94.2,94.0,94.0,300
2026-03-18 07:20:00+00:00,2026-03-18 07:24:59.999000+00:00,93.99741464,94.03,93.96,94.03,300
2026-03-18 07:25:00+00:00,2026-03-18 07:29:59.999000+00:00,94.02779696,94.05,93.85,93.90698631,300
2026-03-18 07:30:00+00:00,2026-03-18 07:34:59.999000+00:00,93.90698631,93.93322705,93.85,93.87153829,300
2026-03-18 07:35:00+00:00,2026-03-18 07:39:59.999000+00:00,93.87402997,93.98,93.82,93.84,300
2026-03-18 07:40:00+00:00,2026-03-18 07:44:59.999000+00:00,93.84,93.97,93.7978511,93.81858215,300
2026-03-18 07:45:00+00:00,2026-03-18 07:49:59.999000+00:00,93.82,93.97,93.77424445,93.95987834,300
2026-03-18 07:50:00+00:00,2026-03-18 07:54:59.999000+00:00,93.96054159,94.05,93.89718885,93.9,300
2026-03-18 07:55:00+00:00,2026-03-18 07:59:59.999000+00:00,93.9,93.92,93.87270092,93.89293072,300
2026-03-18 08:00:00+00:00,2026-03-18 08:04:59.999000+00:00,93.89293072,94.14207171,93.89284704,94.08122916,300
2026-03-18 08:05:00+00:00,2026-03-18 08:09:59.999000+00:00,94.08024528,94.20901277,94.0,94.01,300
2026-03-18 08:10:00+00:00,2026-03-18 08:14:59.999000+00:00,94.01,94.08209995,93.95,94.05028991,300
2026-03-18 08:15:00+00:00,2026-03-18 08:19:59.999000+00:00,94.05028991,94.1540908,93.98,94.04,300
2026-03-18 08:20:00+00:00,2026-03-18 08:24:59.999000+00:00,94.03991915,94.183168,94.03746363,94.17196675,300
2026-03-18 08:25:00+00:00,2026-03-18 08:29:59.999000+00:00,94.17177963,94.2,94.06063128,94.11408132,300
2026-03-18 08:30:00+00:00,2026-03-18 08:34:59.999000+00:00,94.12,94.14,93.98,94.13050489,300
2026-03-18 08:35:00+00:00,2026-03-18 08:39:59.999000+00:00,94.13050489,94.19,93.98352018,94.17449637,300
2026-03-18 08:40:00+00:00,2026-03-18 08:44:59.999000+00:00,94.17341896,94.1780928,94.04357434,94.15,300
2026-03-18 08:45:00+00:00,2026-03-18 08:49:59.999000+00:00,94.15,94.15515533,94.02332289,94.06,300
2026-03-18 08:50:00+00:00,2026-03-18 08:54:59.999000+00:00,94.06,94.14,94.01681159,94.01713426,300
2026-03-18 08:55:00+00:00,2026-03-18 08:59:59.999000+00:00,94.01715968,94.07384259,93.92401479,93.98369226,300
2026-03-18 09:00:00+00:00,2026-03-18 09:04:59.999000+00:00,93.98414131,94.04030574,93.88644953,94.03,300
2026-03-18 09:05:00+00:00,2026-03-18 09:09:59.999000+00:00,94.03,94.21,94.01152335,94.17,300
2026-03-18 09:10:00+00:00,2026-03-18 09:14:59.999000+00:00,94.17080682,94.3,94.14,94.22319537,300
2026-03-18 09:15:00+00:00,2026-03-18 09:19:59.999000+00:00,94.22816069,94.37,94.2,94.34501326,300
2026-03-18 09:20:00+00:00,2026-03-18 09:24:59.999000+00:00,94.34399007,94.35697184,94.1785903,94.22,300
2026-03-18 09:25:00+00:00,2026-03-18 09:29:59.999000+00:00,94.21,94.22,94.16145101,94.17178651,300
2026-03-18 09:30:00+00:00,2026-03-18 09:34:59.999000+00:00,94.17178651,94.270698,94.17178651,94.23690296,300
2026-03-18 09:35:00+00:00,2026-03-18 09:39:59.999000+00:00,94.23674185,94.37,94.16191803,94.26301778,300
2026-03-18 09:40:00+00:00,2026-03-18 09:44:59.999000+00:00,94.27,94.33,94.23051051,94.24,300
2026-03-18 09:45:00+00:00,2026-03-18 09:49:59.999000+00:00,94.25,94.30149956,94.21,94.26,300
2026-03-18 09:50:00+00:00,2026-03-18 09:54:59.999000+00:00,94.25404559,94.29011669,94.0787591,94.13155142,300
2026-03-18 09:55:00+00:00,2026-03-18 09:59:59.999000+00:00,94.13006225,94.2474923,94.11763316,94.22272862,300
2026-03-18 10:00:00+00:00,2026-03-18 10:04:59.999000+00:00,94.22,94.28,94.09,94.09,300
2026-03-18 10:05:00+00:00,2026-03-18 10:09:59.999000+00:00,94.07846839,94.15307833,94.01,94.15,300
2026-03-18 10:10:00+00:00,2026-03-18 10:14:59.999000+00:00,94.14356039,94.38,94.14356039,94.3,300
2026-03-18 10:15:00+00:00,2026-03-18 10:19:59.999000+00:00,94.3,94.3,94.22,94.24998172,300
2026-03-18 10:20:00+00:00,2026-03-18 10:24:59.999000+00:00,94.24,94.27,94.2032443,94.27,300
2026-03-18 10:25:00+00:00,2026-03-18 10:29:59.999000+00:00,94.27,94.31,94.25,94.29,300
2026-03-18 10:30:00+00:00,2026-03-18 10:34:59.999000+00:00,94.28521038,94.36,94.14,94.14091205,300
2026-03-18 10:35:00+00:00,2026-03-18 10:39:59.999000+00:00,94.14059942,94.16,93.92,93.94,300
2026-03-18 10:40:00+00:00,2026-03-18 10:44:59.999000+00:00,93.94,93.95,93.53,93.6301242,300
2026-03-18 10:45:00+00:00,2026-03-18 10:49:59.999000+00:00,93.62794475,93.67,93.47516973,93.66813889,300
2026-03-18 10:50:00+00:00,2026-03-18 10:54:59.999000+00:00,93.67,93.72,93.64,93.6553091,300
2026-03-18 10:55:00+00:00,2026-03-18 10:59:59.999000+00:00,93.66,93.81,93.63540469,93.8,300
2026-03-18 11:00:00+00:00,2026-03-18 11:04:59.999000+00:00,93.7964739,93.7964739,93.47,93.54282978,300
2026-03-18 11:05:00+00:00,2026-03-18 11:09:59.999000+00:00,93.54282978,93.74,93.4,93.74,300
2026-03-18 11:10:00+00:00,2026-03-18 11:14:59.999000+00:00,93.74,94.01,93.74,93.7968294,300
2026-03-18 11:15:00+00:00,2026-03-18 11:19:59.999000+00:00,93.8,93.96,93.78456045,93.93353968,300
2026-03-18 11:20:00+00:00,2026-03-18 11:24:59.999000+00:00,93.93181098,93.93181098,93.86104055,93.88,300
2026-03-18 11:25:00+00:00,2026-03-18 11:29:59.999000+00:00,93.88,93.89,93.27,93.27,300
2026-03-18 11:30:00+00:00,2026-03-18 11:34:59.999000+00:00,93.29,93.38028212,92.15801673,92.22496253,300
2026-03-18 11:35:00+00:00,2026-03-18 11:39:59.999000+00:00,92.22,92.37038789,91.7619931,91.8,300
2026-03-18 11:40:00+00:00,2026-03-18 11:44:59.999000+00:00,91.81,92.32,91.78549601,92.19442764,300
2026-03-18 11:45:00+00:00,2026-03-18 11:49:59.999000+00:00,92.18757507,92.2,91.9,91.92,300
2026-03-18 11:50:00+00:00,2026-03-18 11:54:59.999000+00:00,91.93,92.15,91.79381701,91.86,300
2026-03-18 11:55:00+00:00,2026-03-18 11:59:59.999000+00:00,91.86,92.08538687,91.86,91.96656054,300
2026-03-18 12:00:00+00:00,2026-03-18 12:04:59.999000+00:00,91.95651482,91.99,91.57,91.7407592,300
2026-03-18 12:05:00+00:00,2026-03-18 12:09:59.999000+00:00,91.74463351,91.76,91.48999017,91.64697096,300
2026-03-18 12:10:00+00:00,2026-03-18 12:14:59.999000+00:00,91.66,91.85,91.61,91.84720135,300
2026-03-18 12:15:00+00:00,2026-03-18 12:19:59.999000+00:00,91.86,91.96,91.62,91.66,300
2026-03-18 12:20:00+00:00,2026-03-18 12:24:59.999000+00:00,91.65,91.791784,91.50826239,91.65,300
2026-03-18 12:25:00+00:00,2026-03-18 12:29:59.999000+00:00,91.65,91.71,91.46767328,91.65344741,300
2026-03-18 12:30:00+00:00,2026-03-18 12:34:59.999000+00:00,91.64961922,91.64961922,90.29,90.66,300
2026-03-18 12:35:00+00:00,2026-03-18 12:39:59.999000+00:00,90.6563455,90.74,90.51,90.63165479,300
2026-03-18 12:40:00+00:00,2026-03-18 12:44:59.999000+00:00,90.62035883,90.70367317,90.41,90.53094087,300
2026-03-18 12:45:00+00:00,2026-03-18 12:49:59.999000+00:00,90.53515799,90.54291327,90.31,90.45045481,300
2026-03-18 12:50:00+00:00,2026-03-18 12:54:59.999000+00:00,90.45160634,90.67247655,90.33901665,90.63524074,300
2026-03-18 12:55:00+00:00,2026-03-18 12:59:59.999000+00:00,90.63053102,90.681901,90.38317631,90.38317631,300
2026-03-18 13:00:00+00:00,2026-03-18 13:04:59.999000+00:00,90.37800797,90.53653192,89.84268495,90.48619889,300
2026-03-18 13:05:00+00:00,2026-03-18 13:09:59.999000+00:00,90.45207089,90.56,90.3,90.45026633,300
2026-03-18 13:10:00+00:00,2026-03-18 13:14:59.999000+00:00,90.44644017,90.49338206,90.22105899,90.38475106,300
2026-03-18 13:15:00+00:00,2026-03-18 13:19:59.999000+00:00,90.38307749,90.38307749,90.11099546,90.25014146,300
2026-03-18 13:20:00+00:00,2026-03-18 13:24:59.999000+00:00,90.25014146,90.67,90.22266165,90.58,300
2026-03-18 13:25:00+00:00,2026-03-18 13:29:59.999000+00:00,90.57411281,90.63,90.46,90.63,300
2026-03-18 13:30:00+00:00,2026-03-18 13:34:59.999000+00:00,90.62490958,90.63,90.19933318,90.26850195,300
2026-03-18 13:35:00+00:00,2026-03-18 13:39:59.999000+00:00,90.31,90.69,90.24597674,90.44,300
2026-03-18 13:40:00+00:00,2026-03-18 13:44:59.999000+00:00,90.43693167,90.61,90.26164786,90.33,300
2026-03-18 13:45:00+00:00,2026-03-18 13:49:59.999000+00:00,90.33,90.55049111,90.22848008,90.24851008,300
2026-03-18 13:50:00+00:00,2026-03-18 13:54:59.999000+00:00,90.24648237,90.4,90.07973981,90.22788528,300
2026-03-18 13:55:00+00:00,2026-03-18 13:59:59.999000+00:00,90.22788528,90.27299074,90.0,90.2612903,300
2026-03-18 14:00:00+00:00,2026-03-18 14:04:59.999000+00:00,90.2612903,90.34,89.91657482,90.13877108,300
2026-03-18 14:05:00+00:00,2026-03-18 14:09:59.999000+00:00,90.12179125,90.32,90.00487162,90.26890829,300
2026-03-18 14:10:00+00:00,2026-03-18 14:14:59.999000+00:00,90.27098944,90.27098944,89.76,89.77,300
2026-03-18 14:15:00+00:00,2026-03-18 14:19:59.999000+00:00,89.77,89.95,89.70442646,89.81,300
2026-03-18 14:20:00+00:00,2026-03-18 14:24:59.999000+00:00,89.81,90.01,89.73875255,89.91,300
2026-03-18 14:25:00+00:00,2026-03-18 14:29:59.999000+00:00,89.91,89.95,89.44031883,89.54953357,300
2026-03-18 14:30:00+00:00,2026-03-18 14:34:59.999000+00:00,89.53,89.66,89.37367171,89.53,300
2026-03-18 14:35:00+00:00,2026-03-18 14:39:59.999000+00:00,89.52,89.7,89.41,89.41,300
2026-03-18 14:40:00+00:00,2026-03-18 14:44:59.999000+00:00,89.41619496,89.56,89.19466158,89.23,300
2026-03-18 14:45:00+00:00,2026-03-18 14:49:59.999000+00:00,89.24,89.44,89.23,89.42,300
2026-03-18 14:50:00+00:00,2026-03-18 14:54:59.999000+00:00,89.43,89.44,88.97693198,89.07,300
2026-03-18 14:55:00+00:00,2026-03-18 14:59:59.999000+00:00,89.06,89.27,88.83,88.9107508,300
2026-03-18 15:00:00+00:00,2026-03-18 15:04:59.999000+00:00,88.9107508,89.14,88.53,89.08,300
2026-03-18 15:05:00+00:00,2026-03-18 15:09:59.999000+00:00,89.07194031,89.31,88.9789335,89.18,300
2026-03-18 15:10:00+00:00,2026-03-18 15:14:59.999000+00:00,89.19,89.19,88.67090779,88.77,300
2026-03-18 15:15:00+00:00,2026-03-18 15:19:59.999000+00:00,88.77,89.02388031,88.72161906,88.94,300
2026-03-18 15:20:00+00:00,2026-03-18 15:24:59.999000+00:00,88.94,89.06,88.85,88.98,300
2026-03-18 15:25:00+00:00,2026-03-18 15:29:59.999000+00:00,88.99206711,89.26,88.90703325,89.13,300
2026-03-18 15:30:00+00:00,2026-03-18 15:34:59.999000+00:00,89.12812777,89.33,89.05112676,89.27,300
2026-03-18 15:35:00+00:00,2026-03-18 15:39:59.999000+00:00,89.27,89.27,89.05,89.23,300
2026-03-18 15:40:00+00:00,2026-03-18 15:44:59.999000+00:00,89.23,89.24,89.07407494,89.22,300
2026-03-18 15:45:00+00:00,2026-03-18 15:49:59.999000+00:00,89.20127157,89.22,88.99266848,89.17651385,300
2026-03-18 15:50:00+00:00,2026-03-18 15:54:59.999000+00:00,89.16597006,89.28109501,89.12731875,89.27,300
2026-03-18 15:55:00+00:00,2026-03-18 15:59:59.999000+00:00,89.26,89.39,89.23660168,89.31466503,300
2026-03-18 16:00:00+00:00,2026-03-18 16:04:59.999000+00:00,89.32,89.32,89.00741967,89.01,300
2026-03-18 16:05:00+00:00,2026-03-18 16:09:59.999000+00:00,89.00145899,89.06,88.77,88.85,300
2026-03-18 16:10:00+00:00,2026-03-18 16:14:59.999000+00:00,88.85,89.01,88.73418325,88.90385499,300
2026-03-18 16:15:00+00:00,2026-03-18 16:19:59.999000+00:00,88.90385499,88.96,88.81705763,88.82686648,300
2026-03-18 16:20:00+00:00,2026-03-18 16:24:59.999000+00:00,88.83,88.9303704,88.7217203,88.80351701,300
2026-03-18 16:25:00+00:00,2026-03-18 16:29:59.999000+00:00,88.80508327,88.95,88.73,88.86,300
2026-03-18 16:30:00+00:00,2026-03-18 16:34:59.999000+00:00,88.85,89.03,88.78,88.80351795,300
2026-03-18 16:35:00+00:00,2026-03-18 16:39:59.999000+00:00,88.8,88.98,88.58,88.91,300
2026-03-18 16:40:00+00:00,2026-03-18 16:44:59.999000+00:00,88.93,88.99,88.81337066,88.9824068,300
2026-03-18 16:45:00+00:00,2026-03-18 16:49:59.999000+00:00,88.98051879,89.00663563,88.79001418,88.91317981,300
2026-03-18 16:50:00+00:00,2026-03-18 16:54:59.999000+00:00,88.91335215,89.18,88.9,89.14,300
2026-03-18 16:55:00+00:00,2026-03-18 16:59:59.999000+00:00,89.13923847,89.13923847,88.87,88.93,300
2026-03-18 17:00:00+00:00,2026-03-18 17:04:59.999000+00:00,88.92,88.99,88.78,88.96,300
2026-03-18 17:05:00+00:00,2026-03-18 17:09:59.999000+00:00,88.97,88.99,88.8,88.90280481,300
2026-03-18 17:10:00+00:00,2026-03-18 17:14:59.999000+00:00,88.90217225,89.03,88.90217225,88.94,300
2026-03-18 17:15:00+00:00,2026-03-18 17:19:59.999000+00:00,88.94,89.14248493,88.92,89.13900605,300
2026-03-18 17:20:00+00:00,2026-03-18 17:24:59.999000+00:00,89.1382207,89.52,89.1382207,89.51424186,300
2026-03-18 17:25:00+00:00,2026-03-18 17:29:59.999000+00:00,89.52,89.5334942,89.31,89.42906745,300
2026-03-18 17:30:00+00:00,2026-03-18 17:34:59.999000+00:00,89.43,89.52,89.26010592,89.48077621,300
2026-03-18 17:35:00+00:00,2026-03-18 17:39:59.999000+00:00,89.48230742,90.3,89.48230742,90.27800746,300
2026-03-18 17:40:00+00:00,2026-03-18 17:44:59.999000+00:00,90.28798038,90.2952328,89.80176113,89.96879876,300
2026-03-18 17:45:00+00:00,2026-03-18 17:49:59.999000+00:00,89.97021939,90.29,89.95348377,90.02,300
2026-03-18 17:50:00+00:00,2026-03-18 17:54:59.999000+00:00,90.02,90.04,89.8354372,89.90656637,300
2026-03-18 17:55:00+00:00,2026-03-18 17:59:59.999000+00:00,89.91,89.94,89.79751526,89.88,300
2026-03-18 18:00:00+00:00,2026-03-18 18:04:59.999000+00:00,89.8761318,90.78,89.87,90.73979463,300
2026-03-18 18:05:00+00:00,2026-03-18 18:09:59.999000+00:00,90.7298229,90.7298229,90.46659788,90.61278936,300
2026-03-18 18:10:00+00:00,2026-03-18 18:14:59.999000+00:00,90.58850787,90.77323887,90.44,90.51,300
2026-03-18 18:15:00+00:00,2026-03-18 18:19:59.999000+00:00,90.50254403,90.50254403,89.81,89.9,300
2026-03-18 18:20:00+00:00,2026-03-18 18:24:59.999000+00:00,89.9,90.03,89.8,89.96,300
2026-03-18 18:25:00+00:00,2026-03-18 18:29:59.999000+00:00,89.97,90.01,89.8415688,90.01,300
2026-03-18 18:30:00+00:00,2026-03-18 18:34:59.999000+00:00,90.02,90.32,89.92312892,89.92312892,300
2026-03-18 18:35:00+00:00,2026-03-18 18:39:59.999000+00:00,89.90910036,90.27,89.89306363,90.03258224,300
2026-03-18 18:40:00+00:00,2026-03-18 18:44:59.999000+00:00,90.02980334,90.21,90.01,90.01,300
2026-03-18 18:45:00+00:00,2026-03-18 18:49:59.999000+00:00,90.00052651,90.01,89.65,89.75,300
2026-03-18 18:50:00+00:00,2026-03-18 18:54:59.999000+00:00,89.74187062,89.89,89.37589691,89.37589691,300
2026-03-18 18:55:00+00:00,2026-03-18 18:59:59.999000+00:00,89.37683024,89.58,89.33311927,89.52046886,300
2026-03-18 19:00:00+00:00,2026-03-18 19:04:59.999000+00:00,89.52248677,89.89,89.51111532,89.89,300
2026-03-18 19:05:00+00:00,2026-03-18 19:09:59.999000+00:00,89.890248,89.93,89.74173273,89.93,300
2026-03-18 19:10:00+00:00,2026-03-18 19:14:59.999000+00:00,89.93,89.94,89.713871,89.74416469,300
2026-03-18 19:15:00+00:00,2026-03-18 19:19:59.999000+00:00,89.74338071,90.02,89.71903004,89.94930091,300
2026-03-18 19:20:00+00:00,2026-03-18 19:24:59.999000+00:00,89.94514783,89.94514783,89.68,89.68,300
2026-03-18 19:25:00+00:00,2026-03-18 19:29:59.999000+00:00,89.68,89.82,89.63080816,89.8,300
2026-03-18 19:30:00+00:00,2026-03-18 19:34:59.999000+00:00,89.8,89.93,89.69,89.79836333,300
2026-03-18 19:35:00+00:00,2026-03-18 19:39:59.999000+00:00,89.79,89.81269879,89.7,89.7,300
2026-03-18 19:40:00+00:00,2026-03-18 19:44:59.999000+00:00,89.7,89.74,89.56253634,89.64045864,300
2026-03-18 19:45:00+00:00,2026-03-18 19:49:59.999000+00:00,89.66,89.67,89.49,89.5,300
2026-03-18 19:50:00+00:00,2026-03-18 19:54:59.999000+00:00,89.5,89.64,89.41645265,89.63519631,300
2026-03-18 19:55:00+00:00,2026-03-18 19:59:59.999000+00:00,89.63538508,89.71,89.54904739,89.64,300
2026-03-18 20:00:00+00:00,2026-03-18 20:04:59.999000+00:00,89.65,89.75,89.56790387,89.64,300
2026-03-18 20:05:00+00:00,2026-03-18 20:09:59.999000+00:00,89.6555072,89.66,89.05241174,89.1,300
2026-03-18 20:10:00+00:00,2026-03-18 20:14:59.999000+00:00,89.07609271,89.45180178,88.94,89.35,300
2026-03-18 20:15:00+00:00,2026-03-18 20:19:59.999000+00:00,89.35,89.51,89.30006182,89.34148609,300
2026-03-18 20:20:00+00:00,2026-03-18 20:24:59.999000+00:00,89.34521526,89.41,89.33904104,89.39007556,300
2026-03-18 20:25:00+00:00,2026-03-18 20:29:59.999000+00:00,89.39,89.53028205,89.34147385,89.47,300
2026-03-18 20:30:00+00:00,2026-03-18 20:34:59.999000+00:00,89.47,89.81,89.44683146,89.80331657,300
2026-03-18 20:35:00+00:00,2026-03-18 20:39:59.999000+00:00,89.79509402,89.91,89.68,89.89091715,300
2026-03-18 20:40:00+00:00,2026-03-18 20:44:59.999000+00:00,89.89091715,89.96,89.79764062,89.8,300
2026-03-18 20:45:00+00:00,2026-03-18 20:49:59.999000+00:00,89.81,90.03004999,89.70239979,90.01686989,300
2026-03-18 20:50:00+00:00,2026-03-18 20:54:59.999000+00:00,89.99896988,90.02372413,89.87,89.96,300
2026-03-18 20:55:00+00:00,2026-03-18 20:59:59.999000+00:00,89.97,90.05,89.94198902,89.95638455,300
2026-03-18 21:00:00+00:00,2026-03-18 21:04:59.999000+00:00,89.95638455,90.05,89.88562528,90.04,300
2026-03-18 21:05:00+00:00,2026-03-18 21:09:59.999000+00:00,90.05,90.21,90.04021311,90.20456933,300
2026-03-18 21:10:00+00:00,2026-03-18 21:14:59.999000+00:00,90.21,90.36,90.16674933,90.16674933,300
2026-03-18 21:15:00+00:00,2026-03-18 21:19:59.999000+00:00,90.16957091,90.28311332,90.11269111,90.24330253,300
2026-03-18 21:20:00+00:00,2026-03-18 21:24:59.999000+00:00,90.24329904,90.34,90.18,90.20200201,300
2026-03-18 21:25:00+00:00,2026-03-18 21:29:59.999000+00:00,90.20340679,90.23,90.12830951,90.22,300
2026-03-18 21:30:00+00:00,2026-03-18 21:34:59.999000+00:00,90.21,90.27118264,90.17057896,90.20842249,300
2026-03-18 21:35:00+00:00,2026-03-18 21:39:59.999000+00:00,90.20860456,90.56340356,90.17208205,90.4932143,300
2026-03-18 21:40:00+00:00,2026-03-18 21:44:59.999000+00:00,90.49105295,90.49105295,90.3213229,90.36,300
2026-03-18 21:45:00+00:00,2026-03-18 21:49:59.999000+00:00,90.36,90.37,90.29363958,90.31,300
2026-03-18 21:50:00+00:00,2026-03-18 21:54:59.999000+00:00,90.3,90.40194826,90.26,90.37,300
2026-03-18 21:55:00+00:00,2026-03-18 21:59:59.999000+00:00,90.37,90.54,90.37,90.40728123,300
2026-03-18 22:00:00+00:00,2026-03-18 22:04:59.999000+00:00,90.40457958,90.42,90.1914153,90.20616075,300
2026-03-18 22:05:00+00:00,2026-03-18 22:09:59.999000+00:00,90.20227398,90.24,89.95835119,90.21202573,300
2026-03-18 22:10:00+00:00,2026-03-18 22:14:59.999000+00:00,90.21419207,90.25919771,90.08028608,90.17,300
2026-03-18 22:15:00+00:00,2026-03-18 22:19:59.999000+00:00,90.17,90.39,90.08713506,90.36678342,300
2026-03-18 22:20:00+00:00,2026-03-18 22:24:59.999000+00:00,90.36067453,90.4,90.25,90.26062902,300
2026-03-18 22:25:00+00:00,2026-03-18 22:29:59.999000+00:00,90.26050574,90.27,90.17605511,90.22,300
2026-03-18 22:30:00+00:00,2026-03-18 22:34:59.999000+00:00,90.23,90.35185323,90.02768004,90.3166763,300
2026-03-18 22:35:00+00:00,2026-03-18 22:39:59.999000+00:00,90.31257603,90.37,90.11020173,90.12,300
2026-03-18 22:40:00+00:00,2026-03-18 22:44:59.999000+00:00,90.12,90.13,89.97,90.07060832,300
2026-03-18 22:45:00+00:00,2026-03-18 22:49:59.999000+00:00,90.07044884,90.09,89.93731921,89.97788944,300
2026-03-18 22:50:00+00:00,2026-03-18 22:54:59.999000+00:00,89.97583964,89.99039799,89.89,89.92413585,300
2026-03-18 22:55:00+00:00,2026-03-18 22:59:59.999000+00:00,89.93,89.98,89.90600577,89.98,300
2026-03-18 23:00:00+00:00,2026-03-18 23:04:59.999000+00:00,89.9779946,90.03508315,89.79443063,89.83,300
2026-03-18 23:05:00+00:00,2026-03-18 23:09:59.999000+00:00,89.83,89.9,89.7330538,89.85404916,300
2026-03-18 23:10:00+00:00,2026-03-18 23:14:59.999000+00:00,89.85317196,89.89,89.76008615,89.76794585,300
2026-03-18 23:15:00+00:00,2026-03-18 23:19:59.999000+00:00,89.76794585,89.78,89.66,89.74,300
2026-03-18 23:20:00+00:00,2026-03-18 23:24:59.999000+00:00,89.74,89.8,89.67963931,89.73778324,300
2026-03-18 23:25:00+00:00,2026-03-18 23:29:59.999000+00:00,89.74062126,89.92,89.73,89.88372552,300
2026-03-18 23:30:00+00:00,2026-03-18 23:34:59.999000+00:00,89.89,90.09,89.88106359,90.08,300
2026-03-18 23:35:00+00:00,2026-03-18 23:39:59.999000+00:00,90.07821364,90.12,90.03,90.10265509,300
2026-03-18 23:40:00+00:00,2026-03-18 23:44:59.999000+00:00,90.10265509,90.12,89.98,89.98,300
2026-03-18 23:45:00+00:00,2026-03-18 23:49:59.999000+00:00,89.96953232,90.03,89.84034141,90.02,300
2026-03-18 23:50:00+00:00,2026-03-18 23:54:59.999000+00:00,90.02,90.03625718,89.88,89.95,300
2026-03-18 23:55:00+00:00,2026-03-18 23:59:59.999000+00:00,89.95,90.07,89.95,90.03254555,300
2026-03-19 00:00:00+00:00,2026-03-19 00:04:59.999000+00:00,90.03187831,90.1,89.9022628,90.02141183,300
2026-03-19 00:05:00+00:00,2026-03-19 00:09:59.999000+00:00,90.00987191,90.13,89.94161845,89.95242819,300
2026-03-19 00:10:00+00:00,2026-03-19 00:14:59.999000+00:00,89.96,90.04,89.78098661,90.03908242,300
2026-03-19 00:15:00+00:00,2026-03-19 00:19:59.999000+00:00,90.03930251,90.06028181,89.87,89.94,300
2026-03-19 00:20:00+00:00,2026-03-19 00:24:59.999000+00:00,89.94,90.0,89.88,89.94,300
2026-03-19 00:25:00+00:00,2026-03-19 00:29:59.999000+00:00,89.93610232,90.26,89.92634597,90.22627113,300
2026-03-19 00:30:00+00:00,2026-03-19 00:34:59.999000+00:00,90.23066881,90.23066881,89.92,89.92024654,300
2026-03-19 00:35:00+00:00,2026-03-19 00:39:59.999000+00:00,89.91897974,90.06,89.84960393,90.05686347,300
2026-03-19 00:40:00+00:00,2026-03-19 00:44:59.999000+00:00,90.06,90.1,89.97414081,90.01,300
2026-03-19 00:45:00+00:00,2026-03-19 00:49:59.999000+00:00,90.0057094,90.19444967,89.9680973,90.08450545,300
2026-03-19 00:50:00+00:00,2026-03-19 00:54:59.999000+00:00,90.08,90.15,90.01767332,90.10520447,300
2026-03-19 00:55:00+00:00,2026-03-19 00:59:59.999000+00:00,90.11,90.12,90.01269517,90.0874809,300
2026-03-19 01:00:00+00:00,2026-03-19 01:04:59.999000+00:00,90.08277989,90.21140659,89.94733391,89.95,300
2026-03-19 01:05:00+00:00,2026-03-19 01:09:59.999000+00:00,89.95438729,90.17,89.89,90.01461934,300
2026-03-19 01:10:00+00:00,2026-03-19 01:14:59.999000+00:00,90.02,90.07,89.95,90.02,300
2026-03-19 01:15:00+00:00,2026-03-19 01:19:59.999000+00:00,90.01362476,90.18,90.01362476,90.03,300
2026-03-19 01:20:00+00:00,2026-03-19 01:24:59.999000+00:00,90.03,90.13,89.94,89.99303571,300
2026-03-19 01:25:00+00:00,2026-03-19 01:29:59.999000+00:00,89.99303571,90.15128288,89.9737092,90.15128288,300
2026-03-19 01:30:00+00:00,2026-03-19 01:34:59.999000+00:00,90.15146053,90.23,90.02296742,90.2,300
2026-03-19 01:35:00+00:00,2026-03-19 01:39:59.999000+00:00,90.2,90.25326485,90.13,90.21107707,300
2026-03-19 01:40:00+00:00,2026-03-19 01:44:59.999000+00:00,90.21525131,90.33,90.17220156,90.28,300
2026-03-19 01:45:00+00:00,2026-03-19 01:49:59.999000+00:00,90.28,90.34,90.21393649,90.32,300
2026-03-19 01:50:00+00:00,2026-03-19 01:54:59.999000+00:00,90.31,90.33,90.18292993,90.27973103,300
2026-03-19 01:55:00+00:00,2026-03-19 01:59:59.999000+00:00,90.28,90.34,90.13255755,90.13255755,300
2026-03-19 02:00:00+00:00,2026-03-19 02:04:59.999000+00:00,90.13255755,90.14,89.74961378,90.00118516,300
2026-03-19 02:05:00+00:00,2026-03-19 02:09:59.999000+00:00,90.00118516,90.25,89.9,90.09,300
2026-03-19 02:10:00+00:00,2026-03-19 02:14:59.999000+00:00,90.09,90.25,90.09,90.23104541,300
2026-03-19 02:15:00+00:00,2026-03-19 02:19:59.999000+00:00,90.23123956,90.34,90.17,90.1962987,300
2026-03-19 02:20:00+00:00,2026-03-19 02:24:59.999000+00:00,90.19479094,90.35134145,90.19,90.22902671,300
2026-03-19 02:25:00+00:00,2026-03-19 02:29:59.999000+00:00,90.22907277,90.29,90.15418861,90.29,300
2026-03-19 02:30:00+00:00,2026-03-19 02:34:59.999000+00:00,90.29,90.3,90.14525295,90.27834591,300
2026-03-19 02:35:00+00:00,2026-03-19 02:39:59.999000+00:00,90.27834591,90.31,90.20158074,90.21131646,300
2026-03-19 02:40:00+00:00,2026-03-19 02:44:59.999000+00:00,90.21270266,90.30708907,90.19215833,90.2496425,300
2026-03-19 02:45:00+00:00,2026-03-19 02:49:59.999000+00:00,90.24205273,90.24205273,90.02148211,90.02148211,300
2026-03-19 02:50:00+00:00,2026-03-19 02:54:59.999000+00:00,90.01825749,90.08,89.91503206,89.93,300
2026-03-19 02:55:00+00:00,2026-03-19 02:59:59.999000+00:00,89.93,89.96,89.88899495,89.94,300
2026-03-19 03:00:00+00:00,2026-03-19 03:04:59.999000+00:00,89.93858059,90.04351825,89.92052968,89.99,300
2026-03-19 03:05:00+00:00,2026-03-19 03:09:59.999000+00:00,89.98533,90.13,89.88,90.1203593,300
2026-03-19 03:10:00+00:00,2026-03-19 03:14:59.999000+00:00,90.11963642,90.25,90.11963642,90.2,300
2026-03-19 03:15:00+00:00,2026-03-19 03:19:59.999000+00:00,90.20345326,90.97393973,90.18,90.9031328,300
2026-03-19 03:20:00+00:00,2026-03-19 03:24:59.999000+00:00,90.9051285,91.13416984,90.69,90.9809756,300
2026-03-19 03:25:00+00:00,2026-03-19 03:29:59.999000+00:00,90.98132976,91.36,90.89034822,91.17,300
2026-03-19 03:30:00+00:00,2026-03-19 03:34:59.999000+00:00,91.21,91.31024991,91.00322432,91.13,300
2026-03-19 03:35:00+00:00,2026-03-19 03:39:59.999000+00:00,91.12850605,91.14,90.82757353,90.86,300
2026-03-19 03:40:00+00:00,2026-03-19 03:44:59.999000+00:00,90.86,90.96,90.79,90.88,300
2026-03-19 03:45:00+00:00,2026-03-19 03:49:59.999000+00:00,90.87176221,91.05,90.83,91.02,300
2026-03-19 03:50:00+00:00,2026-03-19 03:54:59.999000+00:00,91.01,91.01,90.86728826,90.9,300
2026-03-19 03:55:00+00:00,2026-03-19 03:59:59.999000+00:00,90.9,90.9,90.6818423,90.69220368,300
2026-03-19 04:00:00+00:00,2026-03-19 04:04:59.999000+00:00,90.69335,90.69335,90.41,90.53800989,300
2026-03-19 04:05:00+00:00,2026-03-19 04:09:59.999000+00:00,90.54,90.55,90.12,90.26,300
2026-03-19 04:10:00+00:00,2026-03-19 04:14:59.999000+00:00,90.2575606,90.26,90.01,90.18,300
2026-03-19 04:15:00+00:00,2026-03-19 04:19:59.999000+00:00,90.18,90.2,90.01,90.05,300
2026-03-19 04:20:00+00:00,2026-03-19 04:24:59.999000+00:00,90.05,90.07165553,89.99,89.99,300
2026-03-19 04:25:00+00:00,2026-03-19 04:29:59.999000+00:00,89.99,90.0,89.7,89.89,300
2026-03-19 04:30:00+00:00,2026-03-19 04:34:59.999000+00:00,89.89,89.94,89.76,89.85361256,300
2026-03-19 04:35:00+00:00,2026-03-19 04:39:59.999000+00:00,89.85,89.88160767,89.74035171,89.8563822,300
2026-03-19 04:40:00+00:00,2026-03-19 04:44:59.999000+00:00,89.85,89.93,89.70851681,89.91,300
2026-03-19 04:45:00+00:00,2026-03-19 04:49:59.999000+00:00,89.90544688,89.90544688,89.76053143,89.86703116,300
2026-03-19 04:50:00+00:00,2026-03-19 04:54:59.999000+00:00,89.86727595,89.97,89.82306538,89.84,300
2026-03-19 04:55:00+00:00,2026-03-19 04:59:59.999000+00:00,89.83371224,90.0,89.83371224,89.85126423,300
2026-03-19 05:00:00+00:00,2026-03-19 05:04:59.999000+00:00,89.86,89.93,89.79,89.88,300
2026-03-19 05:05:00+00:00,2026-03-19 05:09:59.999000+00:00,89.88,89.99,89.84736252,89.91,300
2026-03-19 05:10:00+00:00,2026-03-19 05:14:59.999000+00:00,89.90161396,89.90161396,89.76,89.85311869,300
2026-03-19 05:15:00+00:00,2026-03-19 05:19:59.999000+00:00,89.85311869,90.00546553,89.8462698,89.99,300
2026-03-19 05:20:00+00:00,2026-03-19 05:24:59.999000+00:00,89.99,90.07,89.89045643,89.91,300
2026-03-19 05:25:00+00:00,2026-03-19 05:29:59.999000+00:00,89.9045662,89.93,89.67,89.76,300
2026-03-19 05:30:00+00:00,2026-03-19 05:34:59.999000+00:00,89.75,89.8,89.69,89.7,300
2026-03-19 05:35:00+00:00,2026-03-19 05:39:59.999000+00:00,89.72,89.86,89.70991596,89.85,300
2026-03-19 05:40:00+00:00,2026-03-19 05:44:59.999000+00:00,89.84150335,89.96,89.74,89.75,300
2026-03-19 05:45:00+00:00,2026-03-19 05:49:59.999000+00:00,89.76,89.84036232,89.61542335,89.7818077,300
2026-03-19 05:50:00+00:00,2026-03-19 05:54:59.999000+00:00,89.76953364,89.82216883,89.68,89.74940734,300
2026-03-19 05:55:00+00:00,2026-03-19 05:59:59.999000+00:00,89.74940734,89.76,89.66,89.71,300
2026-03-19 06:00:00+00:00,2026-03-19 06:04:59.999000+00:00,89.7,89.78294816,89.53,89.5900045,300
2026-03-19 06:05:00+00:00,2026-03-19 06:09:59.999000+00:00,89.5900045,90.00015959,89.4831426,89.80383551,300
2026-03-19 06:10:00+00:00,2026-03-19 06:14:59.999000+00:00,89.80120479,89.95,89.78,89.78,300
2026-03-19 06:15:00+00:00,2026-03-19 06:19:59.999000+00:00,89.78,90.08053141,89.77,89.98480843,300
2026-03-19 06:20:00+00:00,2026-03-19 06:24:59.999000+00:00,89.98494274,90.08,89.85341613,89.8992251,300
2026-03-19 06:25:00+00:00,2026-03-19 06:29:59.999000+00:00,89.89490342,90.03,89.85170291,89.86,300
2026-03-19 06:30:00+00:00,2026-03-19 06:34:59.999000+00:00,89.86,89.91,89.63729214,89.66,300
2026-03-19 06:35:00+00:00,2026-03-19 06:39:59.999000+00:00,89.66,89.95,89.54,89.94182088,300
2026-03-19 06:40:00+00:00,2026-03-19 06:44:59.999000+00:00,89.93235098,89.96724463,89.86039224,89.91,300
2026-03-19 06:45:00+00:00,2026-03-19 06:49:59.999000+00:00,89.90541526,89.99,89.86293055,89.88,300
2026-03-19 06:50:00+00:00,2026-03-19 06:54:59.999000+00:00,89.87535012,89.91,89.76355012,89.79,300
2026-03-19 06:55:00+00:00,2026-03-19 06:59:59.999000+00:00,89.79,89.86,89.74358893,89.83,300
2026-03-19 07:00:00+00:00,2026-03-19 07:04:59.999000+00:00,89.83266024,89.91,89.62,89.8917015,300
2026-03-19 07:05:00+00:00,2026-03-19 07:09:59.999000+00:00,89.8917015,90.01,89.69805526,89.77,300
2026-03-19 07:10:00+00:00,2026-03-19 07:14:59.999000+00:00,89.7705565,89.83,89.40213272,89.40213272,300
2026-03-19 07:15:00+00:00,2026-03-19 07:19:59.999000+00:00,89.41,89.48,89.13373978,89.16684034,300
2026-03-19 07:20:00+00:00,2026-03-19 07:24:59.999000+00:00,89.13252882,89.15,88.59,88.81123378,300
2026-03-19 07:25:00+00:00,2026-03-19 07:29:59.999000+00:00,88.79425523,89.23,88.7433702,89.04,300
2026-03-19 07:30:00+00:00,2026-03-19 07:34:59.999000+00:00,89.04,89.2,88.98042832,89.11427736,300
2026-03-19 07:35:00+00:00,2026-03-19 07:39:59.999000+00:00,89.11962,89.67495452,89.11962,89.66,300
2026-03-19 07:40:00+00:00,2026-03-19 07:44:59.999000+00:00,89.65355876,89.89,89.57932479,89.59,300
2026-03-19 07:45:00+00:00,2026-03-19 07:49:59.999000+00:00,89.59,89.62,89.41561626,89.46,300
2026-03-19 07:50:00+00:00,2026-03-19 07:54:59.999000+00:00,89.45064558,89.64,89.38706544,89.54,300
2026-03-19 07:55:00+00:00,2026-03-19 07:59:59.999000+00:00,89.53465431,89.59290093,89.33,89.39150273,300
2026-03-19 08:00:00+00:00,2026-03-19 08:04:59.999000+00:00,89.38274806,89.55,89.33408861,89.33408861,300
2026-03-19 08:05:00+00:00,2026-03-19 08:09:59.999000+00:00,89.3289051,89.51,89.29202952,89.41,300
2026-03-19 08:10:00+00:00,2026-03-19 08:14:59.999000+00:00,89.41,89.58224108,89.35,89.4,300
2026-03-19 08:15:00+00:00,2026-03-19 08:19:59.999000+00:00,89.39301067,89.54,89.29629539,89.38254993,300
2026-03-19 08:20:00+00:00,2026-03-19 08:24:59.999000+00:00,89.38,89.58,89.19419071,89.43003073,300
2026-03-19 08:25:00+00:00,2026-03-19 08:29:59.999000+00:00,89.43,89.43,89.08351031,89.13,300
2026-03-19 08:30:00+00:00,2026-03-19 08:34:59.999000+00:00,89.12687844,89.26,89.0821105,89.1,300
2026-03-19 08:35:00+00:00,2026-03-19 08:39:59.999000+00:00,89.1,89.24,89.06192281,89.15778817,300
2026-03-19 08:40:00+00:00,2026-03-19 08:44:59.999000+00:00,89.15377976,89.54301592,89.1495992,89.37,300
2026-03-19 08:45:00+00:00,2026-03-19 08:49:59.999000+00:00,89.37,89.43,89.29,89.41,300
2026-03-19 08:50:00+00:00,2026-03-19 08:54:59.999000+00:00,89.41,89.49,89.26,89.40186464,300
2026-03-19 08:55:00+00:00,2026-03-19 08:59:59.999000+00:00,89.4,89.43,89.23600272,89.32,300
2026-03-19 09:00:00+00:00,2026-03-19 09:04:59.999000+00:00,89.31,89.56,89.31,89.41,300
2026-03-19 09:05:00+00:00,2026-03-19 09:09:59.999000+00:00,89.41,89.56,89.3738717,89.44410506,300
2026-03-19 09:10:00+00:00,2026-03-19 09:14:59.999000+00:00,89.44410506,89.49,89.13,89.28,300
2026-03-19 09:15:00+00:00,2026-03-19 09:19:59.999000+00:00,89.27898271,89.36,89.21,89.35,300
2026-03-19 09:20:00+00:00,2026-03-19 09:24:59.999000+00:00,89.35323608,90.0098099,89.34300713,89.67,300
2026-03-19 09:25:00+00:00,2026-03-19 09:29:59.999000+00:00,89.67,89.80698715,89.46068275,89.5817682,300
2026-03-19 09:30:00+00:00,2026-03-19 09:34:59.999000+00:00,89.58,89.75,89.56499328,89.58,300
2026-03-19 09:35:00+00:00,2026-03-19 09:39:59.999000+00:00,89.58,89.86,89.58,89.76530572,300
2026-03-19 09:40:00+00:00,2026-03-19 09:44:59.999000+00:00,89.76,89.92,89.71817301,89.84105701,300
2026-03-19 09:45:00+00:00,2026-03-19 09:49:59.999000+00:00,89.84105701,89.99,89.83,89.97,300
2026-03-19 09:50:00+00:00,2026-03-19 09:54:59.999000+00:00,89.99,90.17,89.96,90.07114802,300
2026-03-19 09:55:00+00:00,2026-03-19 09:59:59.999000+00:00,90.07114802,90.35707248,90.02969291,90.16423259,300
2026-03-19 10:00:00+00:00,2026-03-19 10:04:59.999000+00:00,90.16416582,90.19,90.03046769,90.05,300
2026-03-19 10:05:00+00:00,2026-03-19 10:09:59.999000+00:00,90.06,90.18,90.05,90.1,300
2026-03-19 10:10:00+00:00,2026-03-19 10:14:59.999000+00:00,90.10098669,90.13,90.02255712,90.11622203,300
2026-03-19 10:15:00+00:00,2026-03-19 10:19:59.999000+00:00,90.12,90.2,90.09409014,90.14,300
2026-03-19 10:20:00+00:00,2026-03-19 10:24:59.999000+00:00,90.15,90.36345842,90.02,90.33,300
2026-03-19 10:25:00+00:00,2026-03-19 10:29:59.999000+00:00,90.33,90.43,90.17,90.17,300
2026-03-19 10:30:00+00:00,2026-03-19 10:34:59.999000+00:00,90.17,90.22,90.02588618,90.04370167,300
2026-03-19 10:35:00+00:00,2026-03-19 10:39:59.999000+00:00,90.04370167,90.08,89.85,89.86070148,300
2026-03-19 10:40:00+00:00,2026-03-19 10:44:59.999000+00:00,89.86159055,89.89,89.8,89.87392704,300
2026-03-19 10:45:00+00:00,2026-03-19 10:49:59.999000+00:00,89.87901894,89.9916653,89.83780262,89.95,300
2026-03-19 10:50:00+00:00,2026-03-19 10:54:59.999000+00:00,89.95,89.95,89.82810632,89.91929665,300
2026-03-19 10:55:00+00:00,2026-03-19 10:59:59.999000+00:00,89.92081352,89.92081352,89.76,89.78,300
2026-03-19 11:00:00+00:00,2026-03-19 11:04:59.999000+00:00,89.77,90.01,89.75659259,89.82965294,300
2026-03-19 11:05:00+00:00,2026-03-19 11:09:59.999000+00:00,89.83,89.93,89.8,89.89504875,300
2026-03-19 11:10:00+00:00,2026-03-19 11:14:59.999000+00:00,89.89504875,89.92,89.80405387,89.83,300
2026-03-19 11:15:00+00:00,2026-03-19 11:19:59.999000+00:00,89.82602286,89.91,89.76,89.88395676,300
2026-03-19 11:20:00+00:00,2026-03-19 11:24:59.999000+00:00,89.89,89.94,89.84089156,89.89,300
2026-03-19 11:25:00+00:00,2026-03-19 11:29:59.999000+00:00,89.89,89.93059263,89.85367382,89.89530718,300
2026-03-19 11:30:00+00:00,2026-03-19 11:34:59.999000+00:00,89.9,89.97,89.66518321,89.67597171,300
2026-03-19 11:35:00+00:00,2026-03-19 11:39:59.999000+00:00,89.68,89.68,89.52,89.54141519,300
2026-03-19 11:40:00+00:00,2026-03-19 11:44:59.999000+00:00,89.54,89.57,89.44111762,89.50500028,300
2026-03-19 11:45:00+00:00,2026-03-19 11:49:59.999000+00:00,89.50182982,89.57054151,89.49,89.54,300
2026-03-19 11:50:00+00:00,2026-03-19 11:54:59.999000+00:00,89.54,89.65,89.51,89.52,300
2026-03-19 11:55:00+00:00,2026-03-19 11:59:59.999000+00:00,89.52,89.6,89.48509258,89.59,300
2026-03-19 12:00:00+00:00,2026-03-19 12:04:59.999000+00:00,89.59,89.59,89.39,89.39,300
2026-03-19 12:05:00+00:00,2026-03-19 12:09:59.999000+00:00,89.38054037,89.41,89.18,89.28652367,300
2026-03-19 12:10:00+00:00,2026-03-19 12:14:59.999000+00:00,89.29,89.42,89.29,89.32,300
2026-03-19 12:15:00+00:00,2026-03-19 12:19:59.999000+00:00,89.33,89.36,89.11,89.12,300
2026-03-19 12:20:00+00:00,2026-03-19 12:24:59.999000+00:00,89.13,89.24351678,89.10503237,89.13,300
2026-03-19 12:25:00+00:00,2026-03-19 12:29:59.999000+00:00,89.12,89.15,88.92,88.99,300
2026-03-19 12:30:00+00:00,2026-03-19 12:34:59.999000+00:00,88.98,89.03,88.83,88.89,300
2026-03-19 12:35:00+00:00,2026-03-19 12:39:59.999000+00:00,88.88,89.05,88.88,88.92,300
2026-03-19 12:40:00+00:00,2026-03-19 12:44:59.999000+00:00,88.93,88.96,88.78445068,88.78445068,300
2026-03-19 12:45:00+00:00,2026-03-19 12:49:59.999000+00:00,88.78,88.78088803,88.6433904,88.71,300
2026-03-19 12:50:00+00:00,2026-03-19 12:54:59.999000+00:00,88.71,88.74,88.01036615,88.18,300
2026-03-19 12:55:00+00:00,2026-03-19 12:59:59.999000+00:00,88.18,88.3,88.03384045,88.07,300
2026-03-19 13:00:00+00:00,2026-03-19 13:04:59.999000+00:00,88.07,88.23,87.69348234,88.2,300
2026-03-19 13:05:00+00:00,2026-03-19 13:09:59.999000+00:00,88.23250909,88.26,88.03056827,88.18163584,300
2026-03-19 13:10:00+00:00,2026-03-19 13:14:59.999000+00:00,88.16525012,88.16525012,87.5606474,87.63,300
2026-03-19 13:15:00+00:00,2026-03-19 13:19:59.999000+00:00,87.63,88.11444391,87.60797293,87.96320522,300
2026-03-19 13:20:00+00:00,2026-03-19 13:24:59.999000+00:00,88.0,88.36199813,87.94084103,88.0,300
2026-03-19 13:25:00+00:00,2026-03-19 13:29:59.999000+00:00,88.00540433,88.07,87.87648453,87.95,300
2026-03-19 13:30:00+00:00,2026-03-19 13:34:59.999000+00:00,87.95,88.03,87.70072898,87.89997976,300
2026-03-19 13:35:00+00:00,2026-03-19 13:39:59.999000+00:00,87.91,87.92,87.53245437,87.59,300
2026-03-19 13:40:00+00:00,2026-03-19 13:44:59.999000+00:00,87.6,88.66272706,87.57,88.48607818,300
2026-03-19 13:45:00+00:00,2026-03-19 13:49:59.999000+00:00,88.49146335,88.49146335,88.11440446,88.46,300
2026-03-19 13:50:00+00:00,2026-03-19 13:54:59.999000+00:00,88.47,88.62,88.24,88.62,300
2026-03-19 13:55:00+00:00,2026-03-19 13:59:59.999000+00:00,88.62638053,88.66,88.38657618,88.44,300
2026-03-19 14:00:00+00:00,2026-03-19 14:04:59.999000+00:00,88.46,88.76829282,88.18502466,88.21,300
2026-03-19 14:05:00+00:00,2026-03-19 14:09:59.999000+00:00,88.21,88.41,88.04,88.04,300
2026-03-19 14:10:00+00:00,2026-03-19 14:14:59.999000+00:00,88.04,88.36,87.98283172,88.01432385,300
2026-03-19 14:15:00+00:00,2026-03-19 14:19:59.999000+00:00,88.0,88.11,87.78949595,87.86644806,300
2026-03-19 14:20:00+00:00,2026-03-19 14:24:59.999000+00:00,87.86247164,88.0,87.70460288,87.89,300
2026-03-19 14:25:00+00:00,2026-03-19 14:29:59.999000+00:00,87.87695634,87.95,87.52,87.54,300
2026-03-19 14:30:00+00:00,2026-03-19 14:34:59.999000+00:00,87.54872314,87.80203176,87.51650318,87.71,300
2026-03-19 14:35:00+00:00,2026-03-19 14:39:59.999000+00:00,87.71,87.8,87.38289341,87.5,300
2026-03-19 14:40:00+00:00,2026-03-19 14:44:59.999000+00:00,87.49,87.82,87.45134493,87.69,300
2026-03-19 14:45:00+00:00,2026-03-19 14:49:59.999000+00:00,87.69,87.8447594,87.55817591,87.84143733,300
2026-03-19 14:50:00+00:00,2026-03-19 14:54:59.999000+00:00,87.8522978,88.31,87.81440139,88.18,300
2026-03-19 14:55:00+00:00,2026-03-19 14:59:59.999000+00:00,88.18,88.3,88.03341116,88.18497622,300
2026-03-19 15:00:00+00:00,2026-03-19 15:04:59.999000+00:00,88.17522126,88.42758316,88.09584808,88.42758316,300
2026-03-19 15:05:00+00:00,2026-03-19 15:09:59.999000+00:00,88.42824161,88.68524492,88.32931115,88.40243613,300
2026-03-19 15:10:00+00:00,2026-03-19 15:14:59.999000+00:00,88.39530206,88.53,88.27535214,88.41631742,300
2026-03-19 15:15:00+00:00,2026-03-19 15:19:59.999000+00:00,88.41631742,88.59,87.777156,87.81,300
2026-03-19 15:20:00+00:00,2026-03-19 15:24:59.999000+00:00,87.82,87.87,87.63999305,87.7,300
2026-03-19 15:25:00+00:00,2026-03-19 15:29:59.999000+00:00,87.73,87.89,87.71932249,87.80576435,300
2026-03-19 15:30:00+00:00,2026-03-19 15:34:59.999000+00:00,87.80009742,87.89,87.74,87.77064317,300
2026-03-19 15:35:00+00:00,2026-03-19 15:39:59.999000+00:00,87.76030905,87.95,87.64056356,87.78460731,300
2026-03-19 15:40:00+00:00,2026-03-19 15:44:59.999000+00:00,87.83,87.84,87.44888818,87.44888818,300
2026-03-19 15:45:00+00:00,2026-03-19 15:49:59.999000+00:00,87.45164087,87.69,87.13422164,87.57,300
2026-03-19 15:50:00+00:00,2026-03-19 15:54:59.999000+00:00,87.57,87.67624806,87.43333738,87.57,300
2026-03-19 15:55:00+00:00,2026-03-19 15:59:59.999000+00:00,87.58,87.77,87.47,87.57,300
2026-03-19 16:00:00+00:00,2026-03-19 16:04:59.999000+00:00,87.57,87.65,87.3921929,87.42165328,300
2026-03-19 16:05:00+00:00,2026-03-19 16:09:59.999000+00:00,87.43,87.5261247,87.36127943,87.44,300
2026-03-19 16:10:00+00:00,2026-03-19 16:14:59.999000+00:00,87.43045562,87.45375711,87.26,87.32,300
2026-03-19 16:15:00+00:00,2026-03-19 16:19:59.999000+00:00,87.33,87.42,87.02054472,87.2,300
2026-03-19 16:20:00+00:00,2026-03-19 16:24:59.999000+00:00,87.19535024,87.42,87.18251029,87.37,300
2026-03-19 16:25:00+00:00,2026-03-19 16:29:59.999000+00:00,87.37080203,87.59911855,87.34675201,87.45,300
2026-03-19 16:30:00+00:00,2026-03-19 16:34:59.999000+00:00,87.45,87.46,87.14,87.30792951,300
2026-03-19 16:35:00+00:00,2026-03-19 16:39:59.999000+00:00,87.30836952,87.46,87.15826829,87.46,300
2026-03-19 16:40:00+00:00,2026-03-19 16:44:59.999000+00:00,87.49,87.75,87.48,87.6169184,300
2026-03-19 16:45:00+00:00,2026-03-19 16:49:59.999000+00:00,87.61677291,87.67,87.48368386,87.56,300
2026-03-19 16:50:00+00:00,2026-03-19 16:54:59.999000+00:00,87.56,87.58,87.29265519,87.54,300
2026-03-19 16:55:00+00:00,2026-03-19 16:59:59.999000+00:00,87.53932097,87.67,87.50771689,87.66028177,300
2026-03-19 17:00:00+00:00,2026-03-19 17:04:59.999000+00:00,87.65298464,87.69,87.31,87.47322324,300
2026-03-19 17:05:00+00:00,2026-03-19 17:09:59.999000+00:00,87.47009612,87.5,87.16465326,87.22,300
2026-03-19 17:10:00+00:00,2026-03-19 17:14:59.999000+00:00,87.21424624,87.5,87.08558557,87.21899313,300
2026-03-19 17:15:00+00:00,2026-03-19 17:19:59.999000+00:00,87.19845956,87.5,87.06850804,87.5,300
2026-03-19 17:20:00+00:00,2026-03-19 17:24:59.999000+00:00,87.49424764,88.01,87.40092945,87.86,300
2026-03-19 17:25:00+00:00,2026-03-19 17:29:59.999000+00:00,87.87,88.05,87.84,87.88373635,300
2026-03-19 17:30:00+00:00,2026-03-19 17:34:59.999000+00:00,87.89,88.08,87.63281806,87.74,300
2026-03-19 17:35:00+00:00,2026-03-19 17:39:59.999000+00:00,87.73,87.73,87.55236633,87.58117639,300
2026-03-19 17:40:00+00:00,2026-03-19 17:44:59.999000+00:00,87.57508782,87.69038138,87.56524705,87.65509234,300
2026-03-19 17:45:00+00:00,2026-03-19 17:49:59.999000+00:00,87.65089199,87.86,87.62,87.84685047,300
2026-03-19 17:50:00+00:00,2026-03-19 17:54:59.999000+00:00,87.84540911,88.31048862,87.84,88.16,300
2026-03-19 17:55:00+00:00,2026-03-19 17:59:59.999000+00:00,88.14920663,88.20082668,88.07525855,88.09679911,300
2026-03-19 18:00:00+00:00,2026-03-19 18:04:59.999000+00:00,88.09762309,88.16,87.98169984,87.98169984,300
2026-03-19 18:05:00+00:00,2026-03-19 18:09:59.999000+00:00,87.99,88.1,87.98,88.06,300
2026-03-19 18:10:00+00:00,2026-03-19 18:14:59.999000+00:00,88.06,88.29,88.06,88.15257031,300
2026-03-19 18:15:00+00:00,2026-03-19 18:19:59.999000+00:00,88.15422443,88.2,87.77,87.83,300
2026-03-19 18:20:00+00:00,2026-03-19 18:24:59.999000+00:00,87.83,87.9,87.77,87.84295403,300
2026-03-19 18:25:00+00:00,2026-03-19 18:29:59.999000+00:00,87.84272833,87.9,87.77314685,87.78536026,300
2026-03-19 18:30:00+00:00,2026-03-19 18:34:59.999000+00:00,87.78536026,87.87014496,87.74,87.78,300
2026-03-19 18:35:00+00:00,2026-03-19 18:39:59.999000+00:00,87.79,87.93032223,87.73,87.82,300
2026-03-19 18:40:00+00:00,2026-03-19 18:44:59.999000+00:00,87.82,87.84,87.73,87.78,300
2026-03-19 18:45:00+00:00,2026-03-19 18:49:59.999000+00:00,87.77138179,87.82,87.71109413,87.72372874,300
2026-03-19 18:50:00+00:00,2026-03-19 18:54:59.999000+00:00,87.73,87.89,87.63237955,87.89,300
2026-03-19 18:55:00+00:00,2026-03-19 18:59:59.999000+00:00,87.88733969,88.14152809,87.85402579,88.10091109,300
2026-03-19 19:00:00+00:00,2026-03-19 19:04:59.999000+00:00,88.1008747,88.51,88.08311751,88.43,300
2026-03-19 19:05:00+00:00,2026-03-19 19:09:59.999000+00:00,88.42469302,88.84,88.42469302,88.80673249,300
2026-03-19 19:10:00+00:00,2026-03-19 19:14:59.999000+00:00,88.79927157,89.19184313,88.73191494,88.90948495,300
2026-03-19 19:15:00+00:00,2026-03-19 19:19:59.999000+00:00,88.90948495,89.17439294,88.75400387,89.17239486,300
2026-03-19 19:20:00+00:00,2026-03-19 19:24:59.999000+00:00,89.17144212,89.17144212,89.00564981,89.03,300
2026-03-19 19:25:00+00:00,2026-03-19 19:29:59.999000+00:00,89.01909715,89.01909715,88.63252197,88.78749761,300
2026-03-19 19:30:00+00:00,2026-03-19 19:34:59.999000+00:00,88.78840903,88.86,88.65,88.69784898,300
2026-03-19 19:35:00+00:00,2026-03-19 19:39:59.999000+00:00,88.69767848,88.93,88.48221552,88.92,300
2026-03-19 19:40:00+00:00,2026-03-19 19:44:59.999000+00:00,88.92,89.05,88.87,88.99347117,300
2026-03-19 19:45:00+00:00,2026-03-19 19:49:59.999000+00:00,88.98484717,89.06,88.84375396,88.88,300
2026-03-19 19:50:00+00:00,2026-03-19 19:54:59.999000+00:00,88.88,88.88194439,88.63367144,88.83,300
2026-03-19 19:55:00+00:00,2026-03-19 19:59:59.999000+00:00,88.84,88.88,88.65275557,88.69,300
2026-03-19 20:00:00+00:00,2026-03-19 20:04:59.999000+00:00,88.69,88.89,88.63,88.85005127,300
2026-03-19 20:05:00+00:00,2026-03-19 20:09:59.999000+00:00,88.84474723,88.90133056,88.72,88.78,300
2026-03-19 20:10:00+00:00,2026-03-19 20:14:59.999000+00:00,88.78,88.78,88.65019514,88.77,300
2026-03-19 20:15:00+00:00,2026-03-19 20:19:59.999000+00:00,88.77,88.97025351,88.75612751,88.95,300
2026-03-19 20:20:00+00:00,2026-03-19 20:24:59.999000+00:00,88.9412063,88.99,88.80225376,88.82,300
2026-03-19 20:25:00+00:00,2026-03-19 20:29:59.999000+00:00,88.83,88.9527318,88.72738348,88.76,300
2026-03-19 20:30:00+00:00,2026-03-19 20:34:59.999000+00:00,88.76,88.9,88.73514984,88.82,300
2026-03-19 20:35:00+00:00,2026-03-19 20:39:59.999000+00:00,88.82,89.03031946,88.8134696,89.03,300
2026-03-19 20:40:00+00:00,2026-03-19 20:44:59.999000+00:00,89.03,89.14,88.88,88.95,300
2026-03-19 20:45:00+00:00,2026-03-19 20:49:59.999000+00:00,88.95,89.05,88.9319419,89.02064902,300
2026-03-19 20:50:00+00:00,2026-03-19 20:54:59.999000+00:00,89.01613447,89.01613447,88.88,88.96744905,300
2026-03-19 20:55:00+00:00,2026-03-19 20:59:59.999000+00:00,88.96399346,88.99,88.92,88.94040314,300
2026-03-19 21:00:00+00:00,2026-03-19 21:04:59.999000+00:00,88.94060095,89.1,88.92,89.0,300
2026-03-19 21:05:00+00:00,2026-03-19 21:09:59.999000+00:00,88.99653846,89.20304163,88.98,89.2,300
2026-03-19 21:10:00+00:00,2026-03-19 21:14:59.999000+00:00,89.20082876,89.28,89.13181645,89.19,300
2026-03-19 21:15:00+00:00,2026-03-19 21:19:59.999000+00:00,89.19,89.19043337,89.04106195,89.04106195,300
2026-03-19 21:20:00+00:00,2026-03-19 21:24:59.999000+00:00,89.04,89.0920705,88.93200985,88.96,300
2026-03-19 21:25:00+00:00,2026-03-19 21:29:59.999000+00:00,88.96944363,89.02,88.92690292,88.99076167,300
2026-03-19 21:30:00+00:00,2026-03-19 21:34:59.999000+00:00,88.99076167,89.05187767,88.84,88.88,300
2026-03-19 21:35:00+00:00,2026-03-19 21:39:59.999000+00:00,88.87155242,88.97,88.87155242,88.8916684,300
2026-03-19 21:40:00+00:00,2026-03-19 21:44:59.999000+00:00,88.89,89.03,88.82524082,89.01,300
2026-03-19 21:45:00+00:00,2026-03-19 21:49:59.999000+00:00,89.00680191,89.03,88.96874659,89.03,300
2026-03-19 21:50:00+00:00,2026-03-19 21:54:59.999000+00:00,89.03,89.07,88.99,89.02140226,300
2026-03-19 21:55:00+00:00,2026-03-19 21:59:59.999000+00:00,89.02218522,89.19,89.02218522,89.07,300
2026-03-19 22:00:00+00:00,2026-03-19 22:04:59.999000+00:00,89.07,89.12,88.96,88.96886637,300
2026-03-19 22:05:00+00:00,2026-03-19 22:09:59.999000+00:00,88.95981319,89.11,88.85,89.04156368,300
2026-03-19 22:10:00+00:00,2026-03-19 22:14:59.999000+00:00,89.05,89.13031817,88.98060744,89.0843938,300
2026-03-19 22:15:00+00:00,2026-03-19 22:19:59.999000+00:00,89.08457451,89.11139985,88.96,89.09357825,300
2026-03-19 22:20:00+00:00,2026-03-19 22:24:59.999000+00:00,89.09414329,89.11132135,88.98,89.04,300
2026-03-19 22:25:00+00:00,2026-03-19 22:29:59.999000+00:00,89.03730738,89.07458349,88.99,89.000701,300
2026-03-19 22:30:00+00:00,2026-03-19 22:34:59.999000+00:00,89.00061893,89.00061893,88.53279901,88.64,300
2026-03-19 22:35:00+00:00,2026-03-19 22:39:59.999000+00:00,88.63595308,88.66,88.38507507,88.56448443,300
2026-03-19 22:40:00+00:00,2026-03-19 22:44:59.999000+00:00,88.56448443,88.56448443,88.37,88.51182815,300
2026-03-19 22:45:00+00:00,2026-03-19 22:49:59.999000+00:00,88.52224259,88.58515299,88.45194938,88.58485746,300
2026-03-19 22:50:00+00:00,2026-03-19 22:54:59.999000+00:00,88.6,88.71,88.56169118,88.68,300
2026-03-19 22:55:00+00:00,2026-03-19 22:59:59.999000+00:00,88.66673534,88.72350093,88.58,88.71865018,300
2026-03-19 23:00:00+00:00,2026-03-19 23:04:59.999000+00:00,88.71929197,89.11,88.71929197,89.06081141,300
2026-03-19 23:05:00+00:00,2026-03-19 23:09:59.999000+00:00,89.06509305,89.12,89.01790016,89.05,300
2026-03-19 23:10:00+00:00,2026-03-19 23:14:59.999000+00:00,89.05,89.11,89.01255051,89.01255051,300
2026-03-19 23:15:00+00:00,2026-03-19 23:19:59.999000+00:00,89.01255051,89.09,88.91517089,89.03057161,300
2026-03-19 23:20:00+00:00,2026-03-19 23:24:59.999000+00:00,89.03487945,89.07,88.79181606,88.84270637,300
2026-03-19 23:25:00+00:00,2026-03-19 23:29:59.999000+00:00,88.84270637,89.03,88.84,88.98,300
2026-03-19 23:30:00+00:00,2026-03-19 23:34:59.999000+00:00,88.98,89.05222246,88.73606847,88.73606847,300
2026-03-19 23:35:00+00:00,2026-03-19 23:39:59.999000+00:00,88.74,88.78,88.56610061,88.56610061,300
2026-03-19 23:40:00+00:00,2026-03-19 23:44:59.999000+00:00,88.57030104,88.73,88.56,88.68338372,300
2026-03-19 23:45:00+00:00,2026-03-19 23:49:59.999000+00:00,88.69,88.76,88.62024334,88.72667384,300
2026-03-19 23:50:00+00:00,2026-03-19 23:54:59.999000+00:00,88.72214056,88.84,88.68,88.83080708,300
2026-03-19 23:55:00+00:00,2026-03-19 23:59:59.999000+00:00,88.83080708,88.94,88.81,88.85,300
2026-03-20 00:00:00+00:00,2026-03-20 00:04:59.999000+00:00,88.85,88.96,88.8189513,88.88677819,300
2026-03-20 00:05:00+00:00,2026-03-20 00:09:59.999000+00:00,88.88661663,89.19315648,88.88652199,89.15,300
2026-03-20 00:10:00+00:00,2026-03-20 00:14:59.999000+00:00,89.15255361,89.37,89.15255361,89.28,300
2026-03-20 00:15:00+00:00,2026-03-20 00:19:59.999000+00:00,89.27,89.34,89.09019632,89.19158308,300
2026-03-20 00:20:00+00:00,2026-03-20 00:24:59.999000+00:00,89.19,89.19,88.87820763,88.99,300
2026-03-20 00:25:00+00:00,2026-03-20 00:29:59.999000+00:00,88.99,89.15,88.99,89.12314708,300
2026-03-20 00:30:00+00:00,2026-03-20 00:34:59.999000+00:00,89.12314708,89.26,89.09178378,89.22556872,300
2026-03-20 00:35:00+00:00,2026-03-20 00:39:59.999000+00:00,89.2156822,89.35,89.10217678,89.34,300
2026-03-20 00:40:00+00:00,2026-03-20 00:44:59.999000+00:00,89.34,89.34,89.21394031,89.23,300
2026-03-20 00:45:00+00:00,2026-03-20 00:49:59.999000+00:00,89.23,89.29,89.21069604,89.21105436,300
2026-03-20 00:50:00+00:00,2026-03-20 00:54:59.999000+00:00,89.21122555,89.35,89.16,89.25002793,300
2026-03-20 00:55:00+00:00,2026-03-20 00:59:59.999000+00:00,89.25002793,89.38,89.24428908,89.36,300
2026-03-20 01:00:00+00:00,2026-03-20 01:04:59.999000+00:00,89.37,89.67401075,89.32,89.56078238,300
2026-03-20 01:05:00+00:00,2026-03-20 01:09:59.999000+00:00,89.56160767,89.64,89.50341685,89.5612714,300
2026-03-20 01:10:00+00:00,2026-03-20 01:14:59.999000+00:00,89.56,89.59,89.45,89.52553656,300
2026-03-20 01:15:00+00:00,2026-03-20 01:19:59.999000+00:00,89.53,89.58,89.42793331,89.5033489,300
2026-03-20 01:20:00+00:00,2026-03-20 01:24:59.999000+00:00,89.4972897,89.55,89.35891489,89.37,300
2026-03-20 01:25:00+00:00,2026-03-20 01:29:59.999000+00:00,89.36,89.44,89.28,89.41,300
2026-03-20 01:30:00+00:00,2026-03-20 01:34:59.999000+00:00,89.40308439,89.51,89.36872294,89.43,300
2026-03-20 01:35:00+00:00,2026-03-20 01:39:59.999000+00:00,89.43,89.68,89.36554414,89.68,300
2026-03-20 01:40:00+00:00,2026-03-20 01:44:59.999000+00:00,89.6711945,89.75,89.57323932,89.61716818,300
2026-03-20 01:45:00+00:00,2026-03-20 01:49:59.999000+00:00,89.61,89.64,89.50412032,89.58,300
2026-03-20 01:50:00+00:00,2026-03-20 01:54:59.999000+00:00,89.59,89.61,89.51,89.53,300
2026-03-20 01:55:00+00:00,2026-03-20 01:59:59.999000+00:00,89.60369345,89.67,89.38459369,89.43,300
2026-03-20 02:00:00+00:00,2026-03-20 02:04:59.999000+00:00,89.43,89.52,89.33,89.48433722,300
2026-03-20 02:05:00+00:00,2026-03-20 02:09:59.999000+00:00,89.46685125,89.55205047,89.42230776,89.44,300
2026-03-20 02:10:00+00:00,2026-03-20 02:14:59.999000+00:00,89.44,89.46,89.32,89.33,300
2026-03-20 02:15:00+00:00,2026-03-20 02:19:59.999000+00:00,89.33,89.34,89.0952947,89.15,300
2026-03-20 02:20:00+00:00,2026-03-20 02:24:59.999000+00:00,89.15,89.2,89.04350784,89.07119732,300
2026-03-20 02:25:00+00:00,2026-03-20 02:29:59.999000+00:00,89.07119732,89.08308581,88.97144601,89.07,300
2026-03-20 02:30:00+00:00,2026-03-20 02:34:59.999000+00:00,89.07,89.11465862,88.88146964,88.88146964,300
2026-03-20 02:35:00+00:00,2026-03-20 02:39:59.999000+00:00,88.88183295,88.97,88.84156901,88.91,300
2026-03-20 02:40:00+00:00,2026-03-20 02:44:59.999000+00:00,88.91,89.23,88.91,89.1903639,300
2026-03-20 02:45:00+00:00,2026-03-20 02:49:59.999000+00:00,89.18211622,89.23,89.03,89.23,300
2026-03-20 02:50:00+00:00,2026-03-20 02:54:59.999000+00:00,89.23,89.42127618,89.21524554,89.42127618,300
2026-03-20 02:55:00+00:00,2026-03-20 02:59:59.999000+00:00,89.43,89.44367339,89.27328753,89.27328753,300
2026-03-20 03:00:00+00:00,2026-03-20 03:04:59.999000+00:00,89.26962054,89.33,89.19647681,89.21,300
2026-03-20 03:05:00+00:00,2026-03-20 03:09:59.999000+00:00,89.22,89.37,89.2,89.3,300
2026-03-20 03:10:00+00:00,2026-03-20 03:14:59.999000+00:00,89.3,89.35330286,89.27744205,89.27744205,300
2026-03-20 03:15:00+00:00,2026-03-20 03:19:59.999000+00:00,89.27750296,89.48,89.26536959,89.48,300
2026-03-20 03:20:00+00:00,2026-03-20 03:24:59.999000+00:00,89.48,89.5,89.4,89.42,300
2026-03-20 03:25:00+00:00,2026-03-20 03:29:59.999000+00:00,89.42,89.52,89.36,89.52,300
2026-03-20 03:30:00+00:00,2026-03-20 03:34:59.999000+00:00,89.52,89.67,89.48337413,89.53,300
2026-03-20 03:35:00+00:00,2026-03-20 03:39:59.999000+00:00,89.52688061,89.56,89.36,89.38125459,300
2026-03-20 03:40:00+00:00,2026-03-20 03:44:59.999000+00:00,89.38104419,89.44,89.32786004,89.36,300
2026-03-20 03:45:00+00:00,2026-03-20 03:49:59.999000+00:00,89.36,89.53640287,89.3240692,89.47161446,300
2026-03-20 03:50:00+00:00,2026-03-20 03:54:59.999000+00:00,89.47015184,89.62,89.42376739,89.60295167,300
2026-03-20 03:55:00+00:00,2026-03-20 03:59:59.999000+00:00,89.60295167,89.65,89.52590416,89.53,300
2026-03-20 04:00:00+00:00,2026-03-20 04:04:59.999000+00:00,89.52,89.580109,89.43332396,89.51,300
2026-03-20 04:05:00+00:00,2026-03-20 04:09:59.999000+00:00,89.52,89.71287909,89.50267086,89.68,300
2026-03-20 04:10:00+00:00,2026-03-20 04:14:59.999000+00:00,89.67064734,89.71,89.59321346,89.65,300
2026-03-20 04:15:00+00:00,2026-03-20 04:19:59.999000+00:00,89.65,89.65,89.47284719,89.48165381,300
2026-03-20 04:20:00+00:00,2026-03-20 04:24:59.999000+00:00,89.48189303,89.53,89.4,89.47497101,300
2026-03-20 04:25:00+00:00,2026-03-20 04:29:59.999000+00:00,89.47419524,89.59,89.45,89.59,300
2026-03-20 04:30:00+00:00,2026-03-20 04:34:59.999000+00:00,89.59,89.6,89.11642975,89.13,300
2026-03-20 04:35:00+00:00,2026-03-20 04:39:59.999000+00:00,89.12419457,89.16,88.90121387,88.91,300
2026-03-20 04:40:00+00:00,2026-03-20 04:44:59.999000+00:00,88.91,88.92,88.7,88.79,300
2026-03-20 04:45:00+00:00,2026-03-20 04:49:59.999000+00:00,88.78042749,89.05,88.76396887,89.05,300
2026-03-20 04:50:00+00:00,2026-03-20 04:54:59.999000+00:00,89.04767176,89.11,88.93338567,89.07699106,300
2026-03-20 04:55:00+00:00,2026-03-20 04:59:59.999000+00:00,89.07688156,89.34,89.07310165,89.24960255,300
2026-03-20 05:00:00+00:00,2026-03-20 05:04:59.999000+00:00,89.24232569,89.34,89.11426128,89.13,300
2026-03-20 05:05:00+00:00,2026-03-20 05:09:59.999000+00:00,89.12526532,89.24,89.0369161,89.24,300
2026-03-20 05:10:00+00:00,2026-03-20 05:14:59.999000+00:00,89.24,89.32,89.21,89.31,300
2026-03-20 05:15:00+00:00,2026-03-20 05:19:59.999000+00:00,89.3128116,89.37,89.2,89.28,300
2026-03-20 05:20:00+00:00,2026-03-20 05:24:59.999000+00:00,89.27699797,89.33,89.23,89.24511621,300
2026-03-20 05:25:00+00:00,2026-03-20 05:29:59.999000+00:00,89.24,89.29,88.94,88.98,300
2026-03-20 05:30:00+00:00,2026-03-20 05:34:59.999000+00:00,89.0,89.02,88.84,88.87,300
2026-03-20 05:35:00+00:00,2026-03-20 05:39:59.999000+00:00,88.88,89.21,88.8260224,89.18,300
2026-03-20 05:40:00+00:00,2026-03-20 05:44:59.999000+00:00,89.17664245,89.46,89.14874667,89.3848242,300
2026-03-20 05:45:00+00:00,2026-03-20 05:49:59.999000+00:00,89.38473096,89.45,89.35,89.35,300
2026-03-20 05:50:00+00:00,2026-03-20 05:54:59.999000+00:00,89.35,89.48,89.33,89.4038642,300
2026-03-20 05:55:00+00:00,2026-03-20 05:59:59.999000+00:00,89.40315383,89.45,89.24450648,89.31,300
2026-03-20 06:00:00+00:00,2026-03-20 06:04:59.999000+00:00,89.31,89.31,89.16533001,89.18350011,300
2026-03-20 06:05:00+00:00,2026-03-20 06:09:59.999000+00:00,89.1812564,89.24,89.13661287,89.14,300
2026-03-20 06:10:00+00:00,2026-03-20 06:14:59.999000+00:00,89.13611341,89.22,89.06,89.19163057,300
2026-03-20 06:15:00+00:00,2026-03-20 06:19:59.999000+00:00,89.18,89.18,89.00999786,89.04555826,300
2026-03-20 06:20:00+00:00,2026-03-20 06:24:59.999000+00:00,89.0394596,89.08,88.97214092,88.98069684,300
2026-03-20 06:25:00+00:00,2026-03-20 06:29:59.999000+00:00,88.97276492,89.02,88.89235462,88.92546708,300
2026-03-20 06:30:00+00:00,2026-03-20 06:34:59.999000+00:00,88.94178681,89.17738352,88.94178681,89.13,300
2026-03-20 06:35:00+00:00,2026-03-20 06:39:59.999000+00:00,89.13,89.13,88.99,88.99,300
2026-03-20 06:40:00+00:00,2026-03-20 06:44:59.999000+00:00,88.99103409,89.1,88.88,89.09,300
2026-03-20 06:45:00+00:00,2026-03-20 06:49:59.999000+00:00,89.09,89.18036056,89.03050146,89.07448508,300
2026-03-20 06:50:00+00:00,2026-03-20 06:54:59.999000+00:00,89.07515388,89.16,89.06291577,89.08,300
2026-03-20 06:55:00+00:00,2026-03-20 06:59:59.999000+00:00,89.08,89.08,88.99,89.04,300
2026-03-20 07:00:00+00:00,2026-03-20 07:04:59.999000+00:00,89.032952,89.03679492,88.440854,88.65502332,300
2026-03-20 07:05:00+00:00,2026-03-20 07:09:59.999000+00:00,88.65360034,88.84,88.54788022,88.75192623,300
2026-03-20 07:10:00+00:00,2026-03-20 07:14:59.999000+00:00,88.73894208,88.74,88.56265,88.6,300
2026-03-20 07:15:00+00:00,2026-03-20 07:19:59.999000+00:00,88.6,88.73280401,88.56450442,88.71238848,300
2026-03-20 07:20:00+00:00,2026-03-20 07:24:59.999000+00:00,88.71238848,89.02,88.70439646,88.9,300
2026-03-20 07:25:00+00:00,2026-03-20 07:29:59.999000+00:00,88.91,88.94,88.80047003,88.84,300
2026-03-20 07:30:00+00:00,2026-03-20 07:34:59.999000+00:00,88.84,89.21,88.77555898,89.2,300
2026-03-20 07:35:00+00:00,2026-03-20 07:39:59.999000+00:00,89.20153739,89.35,89.1755392,89.29564839,300
2026-03-20 07:40:00+00:00,2026-03-20 07:44:59.999000+00:00,89.29428522,89.44,89.29428522,89.43,300
2026-03-20 07:45:00+00:00,2026-03-20 07:49:59.999000+00:00,89.43,89.45,89.27,89.35718898,300
2026-03-20 07:50:00+00:00,2026-03-20 07:54:59.999000+00:00,89.36,89.41,89.3248962,89.36231046,300
2026-03-20 07:55:00+00:00,2026-03-20 07:59:59.999000+00:00,89.36076296,89.42,89.30341476,89.32,300
2026-03-20 08:00:00+00:00,2026-03-20 08:04:59.999000+00:00,89.32032084,89.4,89.26327629,89.32669212,300
2026-03-20 08:05:00+00:00,2026-03-20 08:09:59.999000+00:00,89.32664585,90.19588849,89.3239245,90.17,300
2026-03-20 08:10:00+00:00,2026-03-20 08:14:59.999000+00:00,90.17240887,90.41272511,90.02,90.17542174,300
2026-03-20 08:15:00+00:00,2026-03-20 08:19:59.999000+00:00,90.16502793,90.17,89.97703554,90.02609914,300
2026-03-20 08:20:00+00:00,2026-03-20 08:24:59.999000+00:00,90.03,90.03,89.80854941,89.92103302,300
2026-03-20 08:25:00+00:00,2026-03-20 08:29:59.999000+00:00,89.92015096,89.98737691,89.81262687,89.81262687,300
2026-03-20 08:30:00+00:00,2026-03-20 08:34:59.999000+00:00,89.8118451,89.83153488,89.6018757,89.77833495,300
2026-03-20 08:35:00+00:00,2026-03-20 08:39:59.999000+00:00,89.79,89.8,89.63221828,89.73464666,300
2026-03-20 08:40:00+00:00,2026-03-20 08:44:59.999000+00:00,89.73475639,89.76111409,89.66,89.70691356,300
2026-03-20 08:45:00+00:00,2026-03-20 08:49:59.999000+00:00,89.70486552,89.77,89.61528645,89.77,300
2026-03-20 08:50:00+00:00,2026-03-20 08:54:59.999000+00:00,89.77,89.84,89.72,89.74219298,300
2026-03-20 08:55:00+00:00,2026-03-20 08:59:59.999000+00:00,89.74219298,89.81536319,89.69,89.73,300
2026-03-20 09:00:00+00:00,2026-03-20 09:04:59.999000+00:00,89.73,89.73,89.43426609,89.5901368,300
2026-03-20 09:05:00+00:00,2026-03-20 09:09:59.999000+00:00,89.58798396,89.59268181,89.45110765,89.55,300
2026-03-20 09:10:00+00:00,2026-03-20 09:14:59.999000+00:00,89.56,89.57,89.281091,89.28234515,300
2026-03-20 09:15:00+00:00,2026-03-20 09:19:59.999000+00:00,89.27707535,89.27707535,88.98871262,89.02542897,300
2026-03-20 09:20:00+00:00,2026-03-20 09:24:59.999000+00:00,89.03,89.03,88.63691291,88.63691291,300
2026-03-20 09:25:00+00:00,2026-03-20 09:29:59.999000+00:00,88.65,88.8,88.58794007,88.70443475,300
2026-03-20 09:30:00+00:00,2026-03-20 09:34:59.999000+00:00,88.70294024,89.03,88.70027976,88.89153003,300
2026-03-20 09:35:00+00:00,2026-03-20 09:39:59.999000+00:00,88.89612087,89.01,88.89612087,88.94979376,300
2026-03-20 09:40:00+00:00,2026-03-20 09:44:59.999000+00:00,88.95,89.03,88.89,88.99,300
2026-03-20 09:45:00+00:00,2026-03-20 09:49:59.999000+00:00,88.99,88.99,88.84131691,88.86377135,300
2026-03-20 09:50:00+00:00,2026-03-20 09:54:59.999000+00:00,88.86429273,88.92,88.65,88.71,300
2026-03-20 09:55:00+00:00,2026-03-20 09:59:59.999000+00:00,88.71,88.92,88.70460729,88.91,300
2026-03-20 10:00:00+00:00,2026-03-20 10:04:59.999000+00:00,88.91,88.94,88.72,88.82372391,300
2026-03-20 10:05:00+00:00,2026-03-20 10:09:59.999000+00:00,88.82,88.88,88.63,88.69710005,300
2026-03-20 10:10:00+00:00,2026-03-20 10:14:59.999000+00:00,88.7,88.75046918,88.61050644,88.70626956,300
2026-03-20 10:15:00+00:00,2026-03-20 10:19:59.999000+00:00,88.70606634,88.9,88.61,88.79,300
2026-03-20 10:20:00+00:00,2026-03-20 10:24:59.999000+00:00,88.79,88.79,88.54985257,88.68,300
2026-03-20 10:25:00+00:00,2026-03-20 10:29:59.999000+00:00,88.68431892,88.7746118,88.65347556,88.77,300
2026-03-20 10:30:00+00:00,2026-03-20 10:34:59.999000+00:00,88.77,88.95389337,88.74508414,88.94,300
2026-03-20 10:35:00+00:00,2026-03-20 10:39:59.999000+00:00,88.93681766,89.21,88.89,89.21,300
2026-03-20 10:40:00+00:00,2026-03-20 10:44:59.999000+00:00,89.23,89.43,89.17440741,89.24,300
2026-03-20 10:45:00+00:00,2026-03-20 10:49:59.999000+00:00,89.23649444,89.33,89.23,89.27,300
2026-03-20 10:50:00+00:00,2026-03-20 10:54:59.999000+00:00,89.27,89.39,89.24124669,89.28000899,300
2026-03-20 10:55:00+00:00,2026-03-20 10:59:59.999000+00:00,89.28,89.28,89.23023402,89.25899284,300
2026-03-20 11:00:00+00:00,2026-03-20 11:04:59.999000+00:00,89.26,89.43,89.2,89.36,300
2026-03-20 11:05:00+00:00,2026-03-20 11:09:59.999000+00:00,89.37,89.52,89.3459454,89.45,300
2026-03-20 11:10:00+00:00,2026-03-20 11:14:59.999000+00:00,89.44503006,89.53,89.36533732,89.51,300
2026-03-20 11:15:00+00:00,2026-03-20 11:19:59.999000+00:00,89.50383998,89.51,89.21296512,89.33,300
2026-03-20 11:20:00+00:00,2026-03-20 11:24:59.999000+00:00,89.33,89.42604848,89.31833014,89.42572388,300
2026-03-20 11:25:00+00:00,2026-03-20 11:29:59.999000+00:00,89.42535786,89.44,89.3,89.3445186,300
2026-03-20 11:30:00+00:00,2026-03-20 11:34:59.999000+00:00,89.34486875,89.39,89.28808486,89.37199778,300
2026-03-20 11:35:00+00:00,2026-03-20 11:39:59.999000+00:00,89.37199778,89.37372088,88.83,88.91711506,300
2026-03-20 11:40:00+00:00,2026-03-20 11:44:59.999000+00:00,88.91623177,89.02099378,88.91623177,89.00044872,300
2026-03-20 11:45:00+00:00,2026-03-20 11:49:59.999000+00:00,89.0,89.0,88.84489881,88.91317302,300
2026-03-20 11:50:00+00:00,2026-03-20 11:54:59.999000+00:00,88.92,88.98,88.84235063,88.98,300
2026-03-20 11:55:00+00:00,2026-03-20 11:59:59.999000+00:00,88.98,89.11,88.96,89.09,300
2026-03-20 12:00:00+00:00,2026-03-20 12:04:59.999000+00:00,89.08077052,89.27,89.08077052,89.15,300
2026-03-20 12:05:00+00:00,2026-03-20 12:09:59.999000+00:00,89.14203445,89.47,89.14203445,89.38,300
2026-03-20 12:10:00+00:00,2026-03-20 12:14:59.999000+00:00,89.37325761,89.47,89.29510029,89.3,300
2026-03-20 12:15:00+00:00,2026-03-20 12:19:59.999000+00:00,89.31,89.32,89.24,89.32,300
2026-03-20 12:20:00+00:00,2026-03-20 12:24:59.999000+00:00,89.32,89.34,89.24,89.3,300
2026-03-20 12:25:00+00:00,2026-03-20 12:29:59.999000+00:00,89.3,89.33,89.11220855,89.20256799,300
2026-03-20 12:30:00+00:00,2026-03-20 12:34:59.999000+00:00,89.20142413,89.21,88.98,89.04530721,300
2026-03-20 12:35:00+00:00,2026-03-20 12:39:59.999000+00:00,89.04448641,89.28,89.03231441,89.13,300
2026-03-20 12:40:00+00:00,2026-03-20 12:44:59.999000+00:00,89.12527817,89.21,88.97,89.21,300
2026-03-20 12:45:00+00:00,2026-03-20 12:49:59.999000+00:00,89.21,89.27,89.11517971,89.24948575,300
2026-03-20 12:50:00+00:00,2026-03-20 12:54:59.999000+00:00,89.24948575,89.27,89.03208765,89.1,300
2026-03-20 12:55:00+00:00,2026-03-20 12:59:59.999000+00:00,89.09,89.11,89.05,89.08536504,300
2026-03-20 13:00:00+00:00,2026-03-20 13:04:59.999000+00:00,89.08448799,89.36,89.08448799,89.328519,300
2026-03-20 13:05:00+00:00,2026-03-20 13:09:59.999000+00:00,89.30198513,89.45624987,89.28,89.32748722,300
2026-03-20 13:10:00+00:00,2026-03-20 13:14:59.999000+00:00,89.33,89.35,89.03669296,89.18650179,300
2026-03-20 13:15:00+00:00,2026-03-20 13:19:59.999000+00:00,89.18479086,89.29,89.13345074,89.19593373,300
2026-03-20 13:20:00+00:00,2026-03-20 13:24:59.999000+00:00,89.2,89.4,89.19338885,89.39,300
2026-03-20 13:25:00+00:00,2026-03-20 13:29:59.999000+00:00,89.39,89.59,89.27,89.35,300
2026-03-20 13:30:00+00:00,2026-03-20 13:34:59.999000+00:00,89.35,89.4,88.76542974,88.84,300
2026-03-20 13:35:00+00:00,2026-03-20 13:39:59.999000+00:00,88.85,89.05,88.57095796,88.7,300
2026-03-20 13:40:00+00:00,2026-03-20 13:44:59.999000+00:00,88.68757356,89.28,88.57,89.22,300
2026-03-20 13:45:00+00:00,2026-03-20 13:49:59.999000+00:00,89.22,89.33,88.8990547,89.27090435,300
2026-03-20 13:50:00+00:00,2026-03-20 13:54:59.999000+00:00,89.27090435,89.27090435,88.80635364,88.91,300
2026-03-20 13:55:00+00:00,2026-03-20 13:59:59.999000+00:00,88.91,89.03,88.65,88.79408416,300
2026-03-20 14:00:00+00:00,2026-03-20 14:04:59.999000+00:00,88.78599509,88.99,88.55784842,88.9218502,300
2026-03-20 14:05:00+00:00,2026-03-20 14:09:59.999000+00:00,88.9045062,89.08174118,88.65073314,88.79390502,300
2026-03-20 14:10:00+00:00,2026-03-20 14:14:59.999000+00:00,88.79325908,89.04,88.54,88.58,300
2026-03-20 14:15:00+00:00,2026-03-20 14:19:59.999000+00:00,88.58,88.76,88.49003596,88.65,300
2026-03-20 14:20:00+00:00,2026-03-20 14:24:59.999000+00:00,88.65,88.92323203,88.47098886,88.89403846,300
2026-03-20 14:25:00+00:00,2026-03-20 14:29:59.999000+00:00,88.88406858,89.33116383,88.73,89.26,300
2026-03-20 14:30:00+00:00,2026-03-20 14:34:59.999000+00:00,89.25869727,89.7,89.25869727,89.58,300
2026-03-20 14:35:00+00:00,2026-03-20 14:39:59.999000+00:00,89.57016999,89.65,89.26827749,89.45155557,300
2026-03-20 14:40:00+00:00,2026-03-20 14:44:59.999000+00:00,89.45155557,89.52,89.2578645,89.3,300
2026-03-20 14:45:00+00:00,2026-03-20 14:49:59.999000+00:00,89.27184669,89.43,89.24,89.3,300
2026-03-20 14:50:00+00:00,2026-03-20 14:54:59.999000+00:00,89.29540321,89.29540321,88.87728583,88.9,300
2026-03-20 14:55:00+00:00,2026-03-20 14:59:59.999000+00:00,88.9,89.11018149,88.87,88.89411028,300
2026-03-20 15:00:00+00:00,2026-03-20 15:04:59.999000+00:00,88.8906665,89.08,88.73,88.80546333,300
2026-03-20 15:05:00+00:00,2026-03-20 15:09:59.999000+00:00,88.81,88.85,88.57,88.60560456,300
2026-03-20 15:10:00+00:00,2026-03-20 15:14:59.999000+00:00,88.61,89.0,88.605901,88.96797417,300
2026-03-20 15:15:00+00:00,2026-03-20 15:19:59.999000+00:00,88.96070486,89.0,88.60000666,88.63,300
2026-03-20 15:20:00+00:00,2026-03-20 15:24:59.999000+00:00,88.61579178,89.25955973,88.58511995,88.93089278,300
2026-03-20 15:25:00+00:00,2026-03-20 15:29:59.999000+00:00,88.93089278,89.01,88.84,88.96,300
2026-03-20 15:30:00+00:00,2026-03-20 15:34:59.999000+00:00,88.94147044,89.23,88.83,89.1020629,300
2026-03-20 15:35:00+00:00,2026-03-20 15:39:59.999000+00:00,89.10434151,89.18,88.93,89.03434955,300
2026-03-20 15:40:00+00:00,2026-03-20 15:44:59.999000+00:00,89.02823958,89.13629424,88.94,88.97,300
2026-03-20 15:45:00+00:00,2026-03-20 15:49:59.999000+00:00,88.97,89.08,88.85536445,88.97,300
2026-03-20 15:50:00+00:00,2026-03-20 15:54:59.999000+00:00,88.96131765,89.04552151,88.84,88.89,300
2026-03-20 15:55:00+00:00,2026-03-20 15:59:59.999000+00:00,88.88,88.94,88.67373388,88.91883125,300
2026-03-20 16:00:00+00:00,2026-03-20 16:04:59.999000+00:00,88.91371153,89.10209191,88.91371153,89.08,300
2026-03-20 16:05:00+00:00,2026-03-20 16:09:59.999000+00:00,89.08272457,89.08570142,88.81487189,88.97014247,300
2026-03-20 16:10:00+00:00,2026-03-20 16:14:59.999000+00:00,88.96761399,89.12,88.95109882,88.99296996,300
2026-03-20 16:15:00+00:00,2026-03-20 16:19:59.999000+00:00,88.98597205,89.18,88.76,89.15,300
2026-03-20 16:20:00+00:00,2026-03-20 16:24:59.999000+00:00,89.15034632,89.18601622,88.98727401,89.08061389,300
2026-03-20 16:25:00+00:00,2026-03-20 16:29:59.999000+00:00,89.07349048,89.07349048,88.94541635,89.03078935,300
2026-03-20 16:30:00+00:00,2026-03-20 16:34:59.999000+00:00,89.03,89.03023271,88.7062172,88.93,300
2026-03-20 16:35:00+00:00,2026-03-20 16:39:59.999000+00:00,88.93278313,89.01,88.77,88.86,300
2026-03-20 16:40:00+00:00,2026-03-20 16:44:59.999000+00:00,88.86050527,88.95,88.85,88.86,300
2026-03-20 16:45:00+00:00,2026-03-20 16:49:59.999000+00:00,88.86,88.97161428,88.75346308,88.77,300
2026-03-20 16:50:00+00:00,2026-03-20 16:54:59.999000+00:00,88.75961513,88.83,88.58,88.76,300
2026-03-20 16:55:00+00:00,2026-03-20 16:59:59.999000+00:00,88.76,89.0,88.76,88.86284948,300
2026-03-20 17:00:00+00:00,2026-03-20 17:04:59.999000+00:00,88.86293187,88.98,88.86,88.98,300
2026-03-20 17:05:00+00:00,2026-03-20 17:09:59.999000+00:00,88.98,89.0,88.65,88.91,300
2026-03-20 17:10:00+00:00,2026-03-20 17:14:59.999000+00:00,88.91,88.95,88.79536907,88.81,300
2026-03-20 17:15:00+00:00,2026-03-20 17:19:59.999000+00:00,88.82,88.9,88.68795766,88.75340738,300
2026-03-20 17:20:00+00:00,2026-03-20 17:24:59.999000+00:00,88.76,88.8,88.67017265,88.7,300
2026-03-20 17:25:00+00:00,2026-03-20 17:29:59.999000+00:00,88.69575491,88.74,88.61258106,88.63,300
2026-03-20 17:30:00+00:00,2026-03-20 17:34:59.999000+00:00,88.63,88.69,88.22625238,88.25257443,300
2026-03-20 17:35:00+00:00,2026-03-20 17:39:59.999000+00:00,88.25382602,88.49072566,88.08617839,88.45069844,300
2026-03-20 17:40:00+00:00,2026-03-20 17:44:59.999000+00:00,88.44,88.49351138,88.22575879,88.24,300
2026-03-20 17:45:00+00:00,2026-03-20 17:49:59.999000+00:00,88.24054749,88.34,88.12,88.28139794,300
2026-03-20 17:50:00+00:00,2026-03-20 17:54:59.999000+00:00,88.2767351,88.59,88.24816617,88.56,300
2026-03-20 17:55:00+00:00,2026-03-20 17:59:59.999000+00:00,88.56,88.96,88.56,88.84,300
2026-03-20 18:00:00+00:00,2026-03-20 18:04:59.999000+00:00,88.85,88.89,88.78049054,88.82163333,300
2026-03-20 18:05:00+00:00,2026-03-20 18:09:59.999000+00:00,88.81622468,88.97,88.74629923,88.81936725,300
2026-03-20 18:10:00+00:00,2026-03-20 18:14:59.999000+00:00,88.81933578,88.88239663,88.69519589,88.80358472,300
2026-03-20 18:15:00+00:00,2026-03-20 18:19:59.999000+00:00,88.80358472,88.85,88.74152306,88.79440503,300
2026-03-20 18:20:00+00:00,2026-03-20 18:24:59.999000+00:00,88.79441675,88.87,88.4845956,88.63481435,300
2026-03-20 18:25:00+00:00,2026-03-20 18:29:59.999000+00:00,88.63764742,88.78,88.51174094,88.54,300
2026-03-20 18:30:00+00:00,2026-03-20 18:34:59.999000+00:00,88.54,88.57,88.31,88.39793373,300
2026-03-20 18:35:00+00:00,2026-03-20 18:39:59.999000+00:00,88.39496645,88.39496645,88.11860595,88.25045314,300
2026-03-20 18:40:00+00:00,2026-03-20 18:44:59.999000+00:00,88.25045314,88.48,88.25045314,88.33,300
2026-03-20 18:45:00+00:00,2026-03-20 18:49:59.999000+00:00,88.34,88.66262959,88.33619726,88.46410197,300
2026-03-20 18:50:00+00:00,2026-03-20 18:54:59.999000+00:00,88.48,88.67,88.42992201,88.61,300
2026-03-20 18:55:00+00:00,2026-03-20 18:59:59.999000+00:00,88.61,88.67897558,88.43062181,88.51503269,300
2026-03-20 19:00:00+00:00,2026-03-20 19:04:59.999000+00:00,88.51356495,88.73,88.51356495,88.63,300
2026-03-20 19:05:00+00:00,2026-03-20 19:09:59.999000+00:00,88.63,88.68,88.46826914,88.57,300
2026-03-20 19:10:00+00:00,2026-03-20 19:14:59.999000+00:00,88.56423017,88.65,88.40215314,88.63736609,300
2026-03-20 19:15:00+00:00,2026-03-20 19:19:59.999000+00:00,88.63022801,88.64,88.47261578,88.56,300
2026-03-20 19:20:00+00:00,2026-03-20 19:24:59.999000+00:00,88.61,88.64,88.35,88.38,300
2026-03-20 19:25:00+00:00,2026-03-20 19:29:59.999000+00:00,88.37631148,88.58,88.37631148,88.54,300
2026-03-20 19:30:00+00:00,2026-03-20 19:34:59.999000+00:00,88.55,88.70086102,88.34,88.35,300
2026-03-20 19:35:00+00:00,2026-03-20 19:39:59.999000+00:00,88.37,88.42,88.18111798,88.38574457,300
2026-03-20 19:40:00+00:00,2026-03-20 19:44:59.999000+00:00,88.38574457,88.78,88.38428254,88.77087711,300
2026-03-20 19:45:00+00:00,2026-03-20 19:49:59.999000+00:00,88.77087711,88.77087711,88.61,88.61016677,300
2026-03-20 19:50:00+00:00,2026-03-20 19:54:59.999000+00:00,88.62,89.0,88.62,88.97742733,300
2026-03-20 19:55:00+00:00,2026-03-20 19:59:59.999000+00:00,88.98,89.01,88.91158685,88.93,300
2026-03-20 20:00:00+00:00,2026-03-20 20:04:59.999000+00:00,88.94,89.14,88.93897724,89.02353919,300
2026-03-20 20:05:00+00:00,2026-03-20 20:09:59.999000+00:00,89.02353919,89.14,88.97771096,89.122397,300
2026-03-20 20:10:00+00:00,2026-03-20 20:14:59.999000+00:00,89.12737952,89.31,89.10293054,89.19222293,300
2026-03-20 20:15:00+00:00,2026-03-20 20:19:59.999000+00:00,89.19202231,89.2,88.92883379,88.99,300
2026-03-20 20:20:00+00:00,2026-03-20 20:24:59.999000+00:00,88.99,88.99,88.8350892,88.97,300
2026-03-20 20:25:00+00:00,2026-03-20 20:29:59.999000+00:00,88.97,88.97,88.83008686,88.87,300
2026-03-20 20:30:00+00:00,2026-03-20 20:34:59.999000+00:00,88.87,88.88,88.61392841,88.66548023,300
2026-03-20 20:35:00+00:00,2026-03-20 20:39:59.999000+00:00,88.66535478,88.79,88.61331605,88.70245346,300
2026-03-20 20:40:00+00:00,2026-03-20 20:44:59.999000+00:00,88.7,88.77,88.67,88.73153645,300
2026-03-20 20:45:00+00:00,2026-03-20 20:49:59.999000+00:00,88.74,88.95,88.71,88.94,300
2026-03-20 20:50:00+00:00,2026-03-20 20:54:59.999000+00:00,88.93855724,89.07185389,88.93678239,88.97,300
2026-03-20 20:55:00+00:00,2026-03-20 20:59:59.999000+00:00,88.96,89.02,88.93,88.96678159,300
2026-03-20 21:00:00+00:00,2026-03-20 21:04:59.999000+00:00,88.96161293,89.00477511,88.87343873,89.0,300
2026-03-20 21:05:00+00:00,2026-03-20 21:09:59.999000+00:00,88.99972089,89.04,88.97,88.99,300
2026-03-20 21:10:00+00:00,2026-03-20 21:14:59.999000+00:00,89.0,89.22,88.90583522,89.21,300
2026-03-20 21:15:00+00:00,2026-03-20 21:19:59.999000+00:00,89.20791347,89.71646427,89.14178109,89.59,300
2026-03-20 21:20:00+00:00,2026-03-20 21:24:59.999000+00:00,89.63,89.72,89.49892392,89.6,300
2026-03-20 21:25:00+00:00,2026-03-20 21:29:59.999000+00:00,89.6,89.85,89.58714799,89.7305977,300
2026-03-20 21:30:00+00:00,2026-03-20 21:34:59.999000+00:00,89.73043732,89.85,89.6,89.72,300
2026-03-20 21:35:00+00:00,2026-03-20 21:39:59.999000+00:00,89.73,89.90873388,89.62494958,89.68,300
2026-03-20 21:40:00+00:00,2026-03-20 21:44:59.999000+00:00,89.68,89.68,89.4,89.45,300
2026-03-20 21:45:00+00:00,2026-03-20 21:49:59.999000+00:00,89.45,89.6,89.44,89.59,300
2026-03-20 21:50:00+00:00,2026-03-20 21:54:59.999000+00:00,89.58948486,89.66,89.53,89.56016953,300
2026-03-20 21:55:00+00:00,2026-03-20 21:59:59.999000+00:00,89.57076845,89.58041309,89.53,89.53828649,300
2026-03-20 22:00:00+00:00,2026-03-20 22:04:59.999000+00:00,89.54,90.19,89.5354275,90.13529266,300
2026-03-20 22:05:00+00:00,2026-03-20 22:09:59.999000+00:00,90.12844794,90.21,89.95256783,89.96332503,300
2026-03-20 22:10:00+00:00,2026-03-20 22:14:59.999000+00:00,89.97,90.08218645,89.85886367,89.97,300
2026-03-20 22:15:00+00:00,2026-03-20 22:19:59.999000+00:00,89.98,90.09,89.93061726,89.99676783,300
2026-03-20 22:20:00+00:00,2026-03-20 22:24:59.999000+00:00,89.99284392,90.04,89.8973749,89.91,300
2026-03-20 22:25:00+00:00,2026-03-20 22:29:59.999000+00:00,89.90702143,89.93,89.85413706,89.88,300
2026-03-20 22:30:00+00:00,2026-03-20 22:34:59.999000+00:00,89.87189272,89.9,89.81325834,89.82,300
2026-03-20 22:35:00+00:00,2026-03-20 22:39:59.999000+00:00,89.82,89.95,89.77,89.94,300
2026-03-20 22:40:00+00:00,2026-03-20 22:44:59.999000+00:00,89.93653097,89.93653097,89.83,89.91,300
2026-03-20 22:45:00+00:00,2026-03-20 22:49:59.999000+00:00,89.91,90.1,89.86311046,90.09005363,300
2026-03-20 22:50:00+00:00,2026-03-20 22:54:59.999000+00:00,90.09527235,90.20060862,90.01833683,90.05,300
2026-03-20 22:55:00+00:00,2026-03-20 22:59:59.999000+00:00,90.05,90.17,90.04516606,90.066733,300
2026-03-20 23:00:00+00:00,2026-03-20 23:04:59.999000+00:00,90.0570558,90.1,90.02,90.08663823,300
2026-03-20 23:05:00+00:00,2026-03-20 23:09:59.999000+00:00,90.09,90.09,89.8,89.93221953,300
2026-03-20 23:10:00+00:00,2026-03-20 23:14:59.999000+00:00,89.93165036,90.0,89.81715258,89.84137679,300
2026-03-20 23:15:00+00:00,2026-03-20 23:19:59.999000+00:00,89.83101201,89.9,89.68,89.9,300
2026-03-20 23:20:00+00:00,2026-03-20 23:24:59.999000+00:00,89.89,89.97095282,89.86230043,89.95547198,300
2026-03-20 23:25:00+00:00,2026-03-20 23:29:59.999000+00:00,89.95463336,90.01,89.83707714,89.85182938,300
2026-03-20 23:30:00+00:00,2026-03-20 23:34:59.999000+00:00,89.85177759,89.89,89.76,89.80233117,300
2026-03-20 23:35:00+00:00,2026-03-20 23:39:59.999000+00:00,89.81,89.91,89.78640437,89.78917014,300
2026-03-20 23:40:00+00:00,2026-03-20 23:44:59.999000+00:00,89.79,89.87,89.78,89.81,300
2026-03-20 23:45:00+00:00,2026-03-20 23:49:59.999000+00:00,89.81,89.91,89.7827868,89.91,300
2026-03-20 23:50:00+00:00,2026-03-20 23:54:59.999000+00:00,89.91,89.95,89.77,89.78,300
2026-03-20 23:55:00+00:00,2026-03-20 23:59:59.999000+00:00,89.78,89.82,89.75,89.81,300
2026-03-21 00:00:00+00:00,2026-03-21 00:04:59.999000+00:00,89.81,89.92,89.80724677,89.86,300
2026-03-21 00:05:00+00:00,2026-03-21 00:09:59.999000+00:00,89.86,89.95,89.85109365,89.91,300
2026-03-21 00:10:00+00:00,2026-03-21 00:14:59.999000+00:00,89.91,89.93,89.79103362,89.86422094,300
2026-03-21 00:15:00+00:00,2026-03-21 00:19:59.999000+00:00,89.86422094,90.03,89.82565749,90.02294801,300
2026-03-21 00:20:00+00:00,2026-03-21 00:24:59.999000+00:00,90.02248555,90.22,89.93624212,89.98117339,300
2026-03-21 00:25:00+00:00,2026-03-21 00:29:59.999000+00:00,89.97729967,90.06,89.95331747,89.96,300
2026-03-21 00:30:00+00:00,2026-03-21 00:34:59.999000+00:00,89.96,90.02,89.87,89.95,300
2026-03-21 00:35:00+00:00,2026-03-21 00:39:59.999000+00:00,89.95,90.0103582,89.91,90.01,300
2026-03-21 00:40:00+00:00,2026-03-21 00:44:59.999000+00:00,90.01,90.01,89.84,89.89,300
2026-03-21 00:45:00+00:00,2026-03-21 00:49:59.999000+00:00,89.89,89.93,89.81029583,89.87418554,300
2026-03-21 00:50:00+00:00,2026-03-21 00:54:59.999000+00:00,89.87445354,89.98002862,89.87445354,89.97,300
2026-03-21 00:55:00+00:00,2026-03-21 00:59:59.999000+00:00,89.96,90.05,89.96,89.97110627,300
2026-03-21 01:00:00+00:00,2026-03-21 01:04:59.999000+00:00,89.98,90.08,89.9635633,89.98,300
2026-03-21 01:05:00+00:00,2026-03-21 01:09:59.999000+00:00,89.98,90.16070904,89.98,90.14,300
2026-03-21 01:10:00+00:00,2026-03-21 01:14:59.999000+00:00,90.15,90.3,90.0,90.03,300
2026-03-21 01:15:00+00:00,2026-03-21 01:19:59.999000+00:00,90.02,90.05,89.93,89.96598118,300
2026-03-21 01:20:00+00:00,2026-03-21 01:24:59.999000+00:00,89.97,90.09,89.97,89.97234378,300
2026-03-21 01:25:00+00:00,2026-03-21 01:29:59.999000+00:00,89.97234378,90.03165472,89.95,89.96,300
2026-03-21 01:30:00+00:00,2026-03-21 01:34:59.999000+00:00,89.95311999,89.97,89.8648997,89.94,300
2026-03-21 01:35:00+00:00,2026-03-21 01:39:59.999000+00:00,89.94,90.06,89.94,90.05353941,300
2026-03-21 01:40:00+00:00,2026-03-21 01:44:59.999000+00:00,90.05213667,90.05213667,89.79763255,89.79763255,300
2026-03-21 01:45:00+00:00,2026-03-21 01:49:59.999000+00:00,89.79763255,89.88135761,89.69,89.81,300
2026-03-21 01:50:00+00:00,2026-03-21 01:54:59.999000+00:00,89.81015241,89.88646737,89.80786462,89.82958054,300
2026-03-21 01:55:00+00:00,2026-03-21 01:59:59.999000+00:00,89.82958054,89.9,89.80746163,89.83,300
2026-03-21 02:00:00+00:00,2026-03-21 02:04:59.999000+00:00,89.82,89.85,89.71410028,89.77,300
2026-03-21 02:05:00+00:00,2026-03-21 02:09:59.999000+00:00,89.76687302,89.93413603,89.75,89.9,300
2026-03-21 02:10:00+00:00,2026-03-21 02:14:59.999000+00:00,89.9,89.92,89.83580114,89.86,300
2026-03-21 02:15:00+00:00,2026-03-21 02:19:59.999000+00:00,89.86,89.96,89.85023177,89.94,300
2026-03-21 02:20:00+00:00,2026-03-21 02:24:59.999000+00:00,89.9355706,90.0,89.9355706,89.98,300
2026-03-21 02:25:00+00:00,2026-03-21 02:29:59.999000+00:00,89.98,90.17,89.97,90.11,300
2026-03-21 02:30:00+00:00,2026-03-21 02:34:59.999000+00:00,90.12,90.12,90.01,90.07,300
2026-03-21 02:35:00+00:00,2026-03-21 02:39:59.999000+00:00,90.07001242,90.07380827,89.96,90.05,300
2026-03-21 02:40:00+00:00,2026-03-21 02:44:59.999000+00:00,90.06,90.22020464,90.05237445,90.2149524,300
2026-03-21 02:45:00+00:00,2026-03-21 02:49:59.999000+00:00,90.22,90.30264867,90.2,90.26,300
2026-03-21 02:50:00+00:00,2026-03-21 02:54:59.999000+00:00,90.25834064,90.52108409,90.22085101,90.50369324,300
2026-03-21 02:55:00+00:00,2026-03-21 02:59:59.999000+00:00,90.50494533,90.50494533,90.35,90.42,300
2026-03-21 03:00:00+00:00,2026-03-21 03:04:59.999000+00:00,90.42,90.43250523,90.27842485,90.30368987,300
2026-03-21 03:05:00+00:00,2026-03-21 03:09:59.999000+00:00,90.29132292,90.43239606,90.28874763,90.43,300
2026-03-21 03:10:00+00:00,2026-03-21 03:14:59.999000+00:00,90.43,90.56,90.41,90.47,300
2026-03-21 03:15:00+00:00,2026-03-21 03:19:59.999000+00:00,90.47,90.47,90.30042294,90.30042294,300
2026-03-21 03:20:00+00:00,2026-03-21 03:24:59.999000+00:00,90.30003229,90.42334344,90.29077466,90.41277959,300
2026-03-21 03:25:00+00:00,2026-03-21 03:29:59.999000+00:00,90.41277959,90.52,90.3724146,90.42,300
2026-03-21 03:30:00+00:00,2026-03-21 03:34:59.999000+00:00,90.41305752,90.41350956,90.34,90.37341182,300
2026-03-21 03:35:00+00:00,2026-03-21 03:39:59.999000+00:00,90.38,90.42,90.33,90.36590785,300
2026-03-21 03:40:00+00:00,2026-03-21 03:44:59.999000+00:00,90.37,90.400028,90.31572958,90.31572958,300
2026-03-21 03:45:00+00:00,2026-03-21 03:49:59.999000+00:00,90.31712751,90.38,90.31509579,90.36,300
2026-03-21 03:50:00+00:00,2026-03-21 03:54:59.999000+00:00,90.36,90.43612984,90.32181852,90.36,300
2026-03-21 03:55:00+00:00,2026-03-21 03:59:59.999000+00:00,90.36,90.44,90.35357778,90.4,300
2026-03-21 04:00:00+00:00,2026-03-21 04:04:59.999000+00:00,90.41,90.68,90.41,90.63105281,300
2026-03-21 04:05:00+00:00,2026-03-21 04:09:59.999000+00:00,90.63225024,90.78,90.57236327,90.63,300
2026-03-21 04:10:00+00:00,2026-03-21 04:14:59.999000+00:00,90.63,90.63,90.49476666,90.52,300
2026-03-21 04:15:00+00:00,2026-03-21 04:19:59.999000+00:00,90.51,90.52341534,90.45080373,90.47,300
2026-03-21 04:20:00+00:00,2026-03-21 04:24:59.999000+00:00,90.47,90.52,90.44050803,90.47301559,300
2026-03-21 04:25:00+00:00,2026-03-21 04:29:59.999000+00:00,90.48,90.60627741,90.47390703,90.54257726,300
2026-03-21 04:30:00+00:00,2026-03-21 04:34:59.999000+00:00,90.54017176,90.54017176,90.19969527,90.23,300
2026-03-21 04:35:00+00:00,2026-03-21 04:39:59.999000+00:00,90.24,90.24,90.15326257,90.16,300
2026-03-21 04:40:00+00:00,2026-03-21 04:44:59.999000+00:00,90.17,90.18,90.11042725,90.13669583,300
2026-03-21 04:45:00+00:00,2026-03-21 04:49:59.999000+00:00,90.13678541,90.19,90.128347,90.16,300
2026-03-21 04:50:00+00:00,2026-03-21 04:54:59.999000+00:00,90.16,90.24,90.16,90.22,300
2026-03-21 04:55:00+00:00,2026-03-21 04:59:59.999000+00:00,90.22,90.2621138,90.2,90.22,300
2026-03-21 05:00:00+00:00,2026-03-21 05:04:59.999000+00:00,90.23,90.4,90.21199605,90.22,300
2026-03-21 05:05:00+00:00,2026-03-21 05:09:59.999000+00:00,90.22,90.3,90.21,90.2808243,300
2026-03-21 05:10:00+00:00,2026-03-21 05:14:59.999000+00:00,90.27886217,90.27886217,90.23055912,90.24316967,300
2026-03-21 05:15:00+00:00,2026-03-21 05:19:59.999000+00:00,90.24347537,90.4,90.24281627,90.34810013,300
2026-03-21 05:20:00+00:00,2026-03-21 05:24:59.999000+00:00,90.35,90.42603874,90.32,90.33,300
2026-03-21 05:25:00+00:00,2026-03-21 05:29:59.999000+00:00,90.33,90.39,90.32,90.38,300
2026-03-21 05:30:00+00:00,2026-03-21 05:34:59.999000+00:00,90.38011669,90.47,90.3228762,90.36,300
2026-03-21 05:35:00+00:00,2026-03-21 05:39:59.999000+00:00,90.35696758,90.43,90.18847241,90.19230869,300
2026-03-21 05:40:00+00:00,2026-03-21 05:44:59.999000+00:00,90.19230869,90.21,90.12,90.14,300
2026-03-21 05:45:00+00:00,2026-03-21 05:49:59.999000+00:00,90.14,90.15,90.05599833,90.05599833,300
2026-03-21 05:50:00+00:00,2026-03-21 05:54:59.999000+00:00,90.06,90.06063363,89.91,89.99,300
2026-03-21 05:55:00+00:00,2026-03-21 05:59:59.999000+00:00,89.99,90.0,89.91521322,89.92,300
2026-03-21 06:00:00+00:00,2026-03-21 06:04:59.999000+00:00,89.91364212,90.09,89.88906379,90.07,300
2026-03-21 06:05:00+00:00,2026-03-21 06:09:59.999000+00:00,90.07115924,90.12,90.06,90.0856487,300
2026-03-21 06:10:00+00:00,2026-03-21 06:14:59.999000+00:00,90.0856487,90.0856487,90.02512882,90.04942196,300
2026-03-21 06:15:00+00:00,2026-03-21 06:19:59.999000+00:00,90.05,90.15218864,90.01226156,90.12,300
2026-03-21 06:20:00+00:00,2026-03-21 06:24:59.999000+00:00,90.12,90.14,90.03,90.13056414,300
2026-03-21 06:25:00+00:00,2026-03-21 06:29:59.999000+00:00,90.13,90.28,90.12618451,90.23069644,300
2026-03-21 06:30:00+00:00,2026-03-21 06:34:59.999000+00:00,90.24,90.26,90.15724243,90.16,300
2026-03-21 06:35:00+00:00,2026-03-21 06:39:59.999000+00:00,90.15154447,90.2,90.12175064,90.14,300
2026-03-21 06:40:00+00:00,2026-03-21 06:44:59.999000+00:00,90.14,90.2423482,90.13696566,90.16932682,300
2026-03-21 06:45:00+00:00,2026-03-21 06:49:59.999000+00:00,90.16935404,90.16935404,90.08017598,90.12,300
2026-03-21 06:50:00+00:00,2026-03-21 06:54:59.999000+00:00,90.12,90.14020872,90.09,90.12,300
2026-03-21 06:55:00+00:00,2026-03-21 06:59:59.999000+00:00,90.12,90.12,90.09171652,90.12,300
2026-03-21 07:00:00+00:00,2026-03-21 07:04:59.999000+00:00,90.11499605,90.19,90.08,90.19,300
2026-03-21 07:05:00+00:00,2026-03-21 07:09:59.999000+00:00,90.18,90.2,90.14,90.16,300
2026-03-21 07:10:00+00:00,2026-03-21 07:14:59.999000+00:00,90.1576376,90.21285795,90.15346668,90.19881791,300
2026-03-21 07:15:00+00:00,2026-03-21 07:19:59.999000+00:00,90.2,90.34325243,90.17,90.33,300
2026-03-21 07:20:00+00:00,2026-03-21 07:24:59.999000+00:00,90.33,90.36,90.19,90.23,300
2026-03-21 07:25:00+00:00,2026-03-21 07:29:59.999000+00:00,90.23,90.36,90.22,90.35,300
2026-03-21 07:30:00+00:00,2026-03-21 07:34:59.999000+00:00,90.35,90.35,90.15,90.15026716,300
2026-03-21 07:35:00+00:00,2026-03-21 07:39:59.999000+00:00,90.14755163,90.16039157,90.08074989,90.08937508,300
2026-03-21 07:40:00+00:00,2026-03-21 07:44:59.999000+00:00,90.09,90.14,90.08,90.08,300
2026-03-21 07:45:00+00:00,2026-03-21 07:49:59.999000+00:00,90.08,90.08,89.88283247,90.01140318,300
2026-03-21 07:50:00+00:00,2026-03-21 07:54:59.999000+00:00,90.00553374,90.04,89.96,90.04,300
2026-03-21 07:55:00+00:00,2026-03-21 07:59:59.999000+00:00,90.05,90.1,90.01,90.1,300
2026-03-21 08:00:00+00:00,2026-03-21 08:04:59.999000+00:00,90.09,90.1,90.0,90.01,300
2026-03-21 08:05:00+00:00,2026-03-21 08:09:59.999000+00:00,90.01,90.05,89.96,89.96760431,300
2026-03-21 08:10:00+00:00,2026-03-21 08:14:59.999000+00:00,89.97,90.04,89.96,89.98689372,300
2026-03-21 08:15:00+00:00,2026-03-21 08:19:59.999000+00:00,89.98304422,89.99,89.86,89.87,300
2026-03-21 08:20:00+00:00,2026-03-21 08:24:59.999000+00:00,89.88,89.94,89.83031651,89.9056649,300
2026-03-21 08:25:00+00:00,2026-03-21 08:29:59.999000+00:00,89.90616515,89.94,89.81250596,89.83,300
2026-03-21 08:30:00+00:00,2026-03-21 08:34:59.999000+00:00,89.83,89.90104079,89.78695488,89.87,300
2026-03-21 08:35:00+00:00,2026-03-21 08:39:59.999000+00:00,89.87,89.91124828,89.86186795,89.89201581,300
2026-03-21 08:40:00+00:00,2026-03-21 08:44:59.999000+00:00,89.89,89.92141238,89.86,89.92,300
2026-03-21 08:45:00+00:00,2026-03-21 08:49:59.999000+00:00,89.92,89.96,89.86,89.9,300
2026-03-21 08:50:00+00:00,2026-03-21 08:54:59.999000+00:00,89.9,89.93018269,89.9,89.92,300
2026-03-21 08:55:00+00:00,2026-03-21 08:59:59.999000+00:00,89.91326826,89.99,89.91326826,89.96051543,300
2026-03-21 09:00:00+00:00,2026-03-21 09:04:59.999000+00:00,89.96051543,90.09,89.93844625,90.09,300
2026-03-21 09:05:00+00:00,2026-03-21 09:09:59.999000+00:00,90.07836789,90.12,90.04,90.09095634,300
2026-03-21 09:10:00+00:00,2026-03-21 09:14:59.999000+00:00,90.09590801,90.15,90.06,90.15,300
2026-03-21 09:15:00+00:00,2026-03-21 09:19:59.999000+00:00,90.15,90.15127695,90.03,90.04,300
2026-03-21 09:20:00+00:00,2026-03-21 09:24:59.999000+00:00,90.0309432,90.09,90.02766665,90.07241376,300
2026-03-21 09:25:00+00:00,2026-03-21 09:29:59.999000+00:00,90.08,90.12118356,90.03638382,90.09,300
2026-03-21 09:30:00+00:00,2026-03-21 09:34:59.999000+00:00,90.0821166,90.15,90.07,90.15,300
2026-03-21 09:35:00+00:00,2026-03-21 09:39:59.999000+00:00,90.14,90.28,90.13479375,90.21708653,300
2026-03-21 09:40:00+00:00,2026-03-21 09:44:59.999000+00:00,90.22,90.26,90.203554,90.25,300
2026-03-21 09:45:00+00:00,2026-03-21 09:49:59.999000+00:00,90.25,90.28,90.18,90.27,300
2026-03-21 09:50:00+00:00,2026-03-21 09:54:59.999000+00:00,90.27,90.35,90.1918492,90.19222004,300
2026-03-21 09:55:00+00:00,2026-03-21 09:59:59.999000+00:00,90.2,90.2,90.12,90.15,300
2026-03-21 10:00:00+00:00,2026-03-21 10:04:59.999000+00:00,90.15,90.2,90.07250562,90.14,300
2026-03-21 10:05:00+00:00,2026-03-21 10:09:59.999000+00:00,90.14,90.16,90.03,90.15050774,300
2026-03-21 10:10:00+00:00,2026-03-21 10:14:59.999000+00:00,90.15,90.17,90.10083125,90.14643449,300
2026-03-21 10:15:00+00:00,2026-03-21 10:19:59.999000+00:00,90.14643449,90.16,89.95,89.98416585,300
2026-03-21 10:20:00+00:00,2026-03-21 10:24:59.999000+00:00,89.98416585,89.99,89.92050922,89.95249446,300
2026-03-21 10:25:00+00:00,2026-03-21 10:29:59.999000+00:00,89.96,89.98,89.9,89.96131236,300
2026-03-21 10:30:00+00:00,2026-03-21 10:34:59.999000+00:00,89.96189029,89.99,89.94382545,89.97,300
2026-03-21 10:35:00+00:00,2026-03-21 10:39:59.999000+00:00,89.97,90.04103621,89.96752435,90.0,300
2026-03-21 10:40:00+00:00,2026-03-21 10:44:59.999000+00:00,89.99707735,90.0,89.88,89.94516969,300
2026-03-21 10:45:00+00:00,2026-03-21 10:49:59.999000+00:00,89.94516969,89.95002703,89.84,89.86,300
2026-03-21 10:50:00+00:00,2026-03-21 10:54:59.999000+00:00,89.86,89.91325001,89.86,89.91,300
2026-03-21 10:55:00+00:00,2026-03-21 10:59:59.999000+00:00,89.91,89.94,89.9,89.92726651,300
2026-03-21 11:00:00+00:00,2026-03-21 11:04:59.999000+00:00,89.93,89.94368273,89.89610517,89.94,300
2026-03-21 11:05:00+00:00,2026-03-21 11:09:59.999000+00:00,89.94,89.95114335,89.87,89.90735868,300
2026-03-21 11:10:00+00:00,2026-03-21 11:14:59.999000+00:00,89.90838883,89.90838883,89.81060755,89.82411134,300
2026-03-21 11:15:00+00:00,2026-03-21 11:19:59.999000+00:00,89.82411186,89.93,89.81096472,89.91284357,300
2026-03-21 11:20:00+00:00,2026-03-21 11:24:59.999000+00:00,89.92,89.95,89.9,89.92,300
2026-03-21 11:25:00+00:00,2026-03-21 11:29:59.999000+00:00,89.92,89.9721444,89.91537871,89.94,300
2026-03-21 11:30:00+00:00,2026-03-21 11:34:59.999000+00:00,89.94,89.94,89.78,89.82231481,300
2026-03-21 11:35:00+00:00,2026-03-21 11:39:59.999000+00:00,89.83,89.86033882,89.82,89.86,300
2026-03-21 11:40:00+00:00,2026-03-21 11:44:59.999000+00:00,89.85372075,89.95,89.85372075,89.93346847,300
2026-03-21 11:45:00+00:00,2026-03-21 11:49:59.999000+00:00,89.93343061,89.94103099,89.89381174,89.92114005,300
2026-03-21 11:50:00+00:00,2026-03-21 11:54:59.999000+00:00,89.9211374,89.94,89.84,89.84089363,300
2026-03-21 11:55:00+00:00,2026-03-21 11:59:59.999000+00:00,89.85,89.93,89.84302762,89.91,300
2026-03-21 12:00:00+00:00,2026-03-21 12:04:59.999000+00:00,89.91,90.0,89.91,90.0,300
2026-03-21 12:05:00+00:00,2026-03-21 12:09:59.999000+00:00,90.0,90.01,89.83,89.92,300
2026-03-21 12:10:00+00:00,2026-03-21 12:14:59.999000+00:00,89.91124562,89.96251993,89.91124562,89.94,300
2026-03-21 12:15:00+00:00,2026-03-21 12:19:59.999000+00:00,89.94,89.95391372,89.87707401,89.92,300
2026-03-21 12:20:00+00:00,2026-03-21 12:24:59.999000+00:00,89.92,90.06298644,89.9161257,90.01,300
2026-03-21 12:25:00+00:00,2026-03-21 12:29:59.999000+00:00,90.01,90.06,90.0,90.06,300
2026-03-21 12:30:00+00:00,2026-03-21 12:34:59.999000+00:00,90.06,90.06,89.97,90.04,300
2026-03-21 12:35:00+00:00,2026-03-21 12:39:59.999000+00:00,90.0325101,90.15,90.03040903,90.14,300
2026-03-21 12:40:00+00:00,2026-03-21 12:44:59.999000+00:00,90.14,90.14,90.10633127,90.11073535,300
2026-03-21 12:45:00+00:00,2026-03-21 12:49:59.999000+00:00,90.11073535,90.14,90.04184724,90.09248199,300
2026-03-21 12:50:00+00:00,2026-03-21 12:54:59.999000+00:00,90.09440949,90.12059218,90.06173161,90.09,300
2026-03-21 12:55:00+00:00,2026-03-21 12:59:59.999000+00:00,90.08094749,90.14,90.08094749,90.12,300
2026-03-21 13:00:00+00:00,2026-03-21 13:04:59.999000+00:00,90.12,90.16,90.05,90.05,300
2026-03-21 13:05:00+00:00,2026-03-21 13:09:59.999000+00:00,90.06,90.06065474,89.99423445,90.04,300
2026-03-21 13:10:00+00:00,2026-03-21 13:14:59.999000+00:00,90.05,90.07,90.03062137,90.05,300
2026-03-21 13:15:00+00:00,2026-03-21 13:19:59.999000+00:00,90.05,90.23,90.04256118,90.2232568,300
2026-03-21 13:20:00+00:00,2026-03-21 13:24:59.999000+00:00,90.22328625,90.23072422,90.08326318,90.12117292,300
2026-03-21 13:25:00+00:00,2026-03-21 13:29:59.999000+00:00,90.13,90.19,90.10331733,90.11,300
2026-03-21 13:30:00+00:00,2026-03-21 13:34:59.999000+00:00,90.12,90.23,90.11033348,90.17,300
2026-03-21 13:35:00+00:00,2026-03-21 13:39:59.999000+00:00,90.17,90.18,90.04045857,90.04045857,300
2026-03-21 13:40:00+00:00,2026-03-21 13:44:59.999000+00:00,90.05,90.08,90.02,90.03,300
2026-03-21 13:45:00+00:00,2026-03-21 13:49:59.999000+00:00,90.03,90.03,89.94,89.99,300
2026-03-21 13:50:00+00:00,2026-03-21 13:54:59.999000+00:00,89.99,90.0,89.93534495,89.94141472,300
2026-03-21 13:55:00+00:00,2026-03-21 13:59:59.999000+00:00,89.94,89.99,89.90550022,89.97486856,300
2026-03-21 14:00:00+00:00,2026-03-21 14:04:59.999000+00:00,89.97479661,90.02,89.96156055,89.96837474,300
2026-03-21 14:05:00+00:00,2026-03-21 14:09:59.999000+00:00,89.9683347,90.0,89.95396225,90.0,300
2026-03-21 14:10:00+00:00,2026-03-21 14:14:59.999000+00:00,90.0,90.36,89.9812114,90.27,300
2026-03-21 14:15:00+00:00,2026-03-21 14:19:59.999000+00:00,90.28,90.35048786,90.15,90.2713298,300
2026-03-21 14:20:00+00:00,2026-03-21 14:24:59.999000+00:00,90.27751027,90.27751027,90.16,90.18779944,300
2026-03-21 14:25:00+00:00,2026-03-21 14:29:59.999000+00:00,90.18816856,90.19,90.12014126,90.15756703,300
2026-03-21 14:30:00+00:00,2026-03-21 14:34:59.999000+00:00,90.16,90.25802904,90.1,90.25586328,300
2026-03-21 14:35:00+00:00,2026-03-21 14:39:59.999000+00:00,90.25,90.30212835,90.12361534,90.12361534,300
2026-03-21 14:40:00+00:00,2026-03-21 14:44:59.999000+00:00,90.13,90.17,90.08707752,90.11,300
2026-03-21 14:45:00+00:00,2026-03-21 14:49:59.999000+00:00,90.11,90.12067769,89.86334123,89.9,300
2026-03-21 14:50:00+00:00,2026-03-21 14:54:59.999000+00:00,89.9,89.91105781,89.73,89.84,300
2026-03-21 14:55:00+00:00,2026-03-21 14:59:59.999000+00:00,89.84,89.84,89.58471551,89.61265738,300
2026-03-21 15:00:00+00:00,2026-03-21 15:04:59.999000+00:00,89.61342531,89.71,89.47792446,89.65145637,300
2026-03-21 15:05:00+00:00,2026-03-21 15:09:59.999000+00:00,89.66,89.67,89.54941357,89.54941357,300
2026-03-21 15:10:00+00:00,2026-03-21 15:14:59.999000+00:00,89.54317732,89.63,89.51,89.63,300
2026-03-21 15:15:00+00:00,2026-03-21 15:19:59.999000+00:00,89.63,89.64,89.33637589,89.42363102,300
2026-03-21 15:20:00+00:00,2026-03-21 15:24:59.999000+00:00,89.41911244,89.62,89.41911244,89.6163832,300
2026-03-21 15:25:00+00:00,2026-03-21 15:29:59.999000+00:00,89.61625479,89.68,89.60079298,89.63445621,300
2026-03-21 15:30:00+00:00,2026-03-21 15:34:59.999000+00:00,89.63445621,89.88442698,89.6,89.88442698,300
2026-03-21 15:35:00+00:00,2026-03-21 15:39:59.999000+00:00,89.88482909,89.8896577,89.68372601,89.68372601,300
2026-03-21 15:40:00+00:00,2026-03-21 15:44:59.999000+00:00,89.68013703,89.76,89.6468276,89.69322844,300
2026-03-21 15:45:00+00:00,2026-03-21 15:49:59.999000+00:00,89.69209312,89.76,89.66801806,89.74510043,300
2026-03-21 15:50:00+00:00,2026-03-21 15:54:59.999000+00:00,89.74066089,89.81,89.70090991,89.76716648,300
2026-03-21 15:55:00+00:00,2026-03-21 15:59:59.999000+00:00,89.77476892,89.79,89.72694349,89.77000695,300
2026-03-21 16:00:00+00:00,2026-03-21 16:04:59.999000+00:00,89.78,89.8,89.72113247,89.78,300
2026-03-21 16:05:00+00:00,2026-03-21 16:09:59.999000+00:00,89.78,89.87,89.77403976,89.82,300
2026-03-21 16:10:00+00:00,2026-03-21 16:14:59.999000+00:00,89.82,89.86,89.78154206,89.83,300
2026-03-21 16:15:00+00:00,2026-03-21 16:19:59.999000+00:00,89.83,89.95214002,89.69626048,89.7,300
2026-03-21 16:20:00+00:00,2026-03-21 16:24:59.999000+00:00,89.70152487,89.76043111,89.67363398,89.68,300
2026-03-21 16:25:00+00:00,2026-03-21 16:29:59.999000+00:00,89.67869891,89.72,89.53030298,89.6,300
2026-03-21 16:30:00+00:00,2026-03-21 16:34:59.999000+00:00,89.61,89.67512479,89.58,89.67161038,300
2026-03-21 16:35:00+00:00,2026-03-21 16:39:59.999000+00:00,89.66733138,89.75009476,89.63,89.68339198,300
2026-03-21 16:40:00+00:00,2026-03-21 16:44:59.999000+00:00,89.7,89.7,89.57,89.67,300
2026-03-21 16:45:00+00:00,2026-03-21 16:49:59.999000+00:00,89.67,89.81,89.62941056,89.75,300
2026-03-21 16:50:00+00:00,2026-03-21 16:54:59.999000+00:00,89.75,89.75,89.69,89.69757264,300
2026-03-21 16:55:00+00:00,2026-03-21 16:59:59.999000+00:00,89.69757264,89.7,89.53866052,89.62318625,300
2026-03-21 17:00:00+00:00,2026-03-21 17:04:59.999000+00:00,89.62318625,89.65,89.56,89.61191884,300
2026-03-21 17:05:00+00:00,2026-03-21 17:09:59.999000+00:00,89.61191884,89.63,89.35176249,89.45215086,300
2026-03-21 17:10:00+00:00,2026-03-21 17:14:59.999000+00:00,89.45143848,89.5,89.42972778,89.4904525,300
2026-03-21 17:15:00+00:00,2026-03-21 17:19:59.999000+00:00,89.48926378,89.59351646,89.43348365,89.53026656,300
2026-03-21 17:20:00+00:00,2026-03-21 17:24:59.999000+00:00,89.52365139,89.64,89.51242734,89.61,300
2026-03-21 17:25:00+00:00,2026-03-21 17:29:59.999000+00:00,89.61,89.62,89.52,89.53,300
2026-03-21 17:30:00+00:00,2026-03-21 17:34:59.999000+00:00,89.53,89.58349898,89.5,89.56,300
2026-03-21 17:35:00+00:00,2026-03-21 17:39:59.999000+00:00,89.55729739,89.60094361,89.55,89.6,300
2026-03-21 17:40:00+00:00,2026-03-21 17:44:59.999000+00:00,89.59,89.61438919,89.56718579,89.58,300
2026-03-21 17:45:00+00:00,2026-03-21 17:49:59.999000+00:00,89.57810061,89.63,89.55,89.57,300
2026-03-21 17:50:00+00:00,2026-03-21 17:54:59.999000+00:00,89.57,89.58,89.48,89.55,300
2026-03-21 17:55:00+00:00,2026-03-21 17:59:59.999000+00:00,89.54906606,89.59199344,89.50788267,89.50788267,300
2026-03-21 18:00:00+00:00,2026-03-21 18:04:59.999000+00:00,89.50574383,89.58,89.5,89.55,300
2026-03-21 18:05:00+00:00,2026-03-21 18:09:59.999000+00:00,89.5479211,89.58,89.51794078,89.57,300
2026-03-21 18:10:00+00:00,2026-03-21 18:14:59.999000+00:00,89.58,89.59,89.52754163,89.57052393,300
2026-03-21 18:15:00+00:00,2026-03-21 18:19:59.999000+00:00,89.57171865,89.6,89.53,89.56,300
2026-03-21 18:20:00+00:00,2026-03-21 18:24:59.999000+00:00,89.56,89.69,89.55357076,89.66,300
2026-03-21 18:25:00+00:00,2026-03-21 18:29:59.999000+00:00,89.65370476,89.66,89.54713231,89.56,300
2026-03-21 18:30:00+00:00,2026-03-21 18:34:59.999000+00:00,89.55661078,89.72295496,89.55,89.7116453,300
2026-03-21 18:35:00+00:00,2026-03-21 18:39:59.999000+00:00,89.72,89.79,89.70233253,89.78974416,300
2026-03-21 18:40:00+00:00,2026-03-21 18:44:59.999000+00:00,89.79,89.89367061,89.77002086,89.83376446,300
2026-03-21 18:45:00+00:00,2026-03-21 18:49:59.999000+00:00,89.85,89.85,89.77913632,89.79,300
2026-03-21 18:50:00+00:00,2026-03-21 18:54:59.999000+00:00,89.78141559,89.79,89.67127169,89.71,300
2026-03-21 18:55:00+00:00,2026-03-21 18:59:59.999000+00:00,89.71,89.7503459,89.703802,89.73,300
2026-03-21 19:00:00+00:00,2026-03-21 19:04:59.999000+00:00,89.73,89.84,89.72039814,89.83,300
2026-03-21 19:05:00+00:00,2026-03-21 19:09:59.999000+00:00,89.84,89.85,89.77073426,89.79,300
2026-03-21 19:10:00+00:00,2026-03-21 19:14:59.999000+00:00,89.79216242,89.84,89.78585353,89.83,300
2026-03-21 19:15:00+00:00,2026-03-21 19:19:59.999000+00:00,89.82734952,89.85,89.78480966,89.83,300
2026-03-21 19:20:00+00:00,2026-03-21 19:24:59.999000+00:00,89.83,89.85,89.7944147,89.82547251,300
2026-03-21 19:25:00+00:00,2026-03-21 19:29:59.999000+00:00,89.82547251,89.86102196,89.80388978,89.80388978,300
2026-03-21 19:30:00+00:00,2026-03-21 19:34:59.999000+00:00,89.80330133,89.82183778,89.69,89.71,300
2026-03-21 19:35:00+00:00,2026-03-21 19:39:59.999000+00:00,89.71,89.75039694,89.64395063,89.65,300
2026-03-21 19:40:00+00:00,2026-03-21 19:44:59.999000+00:00,89.65,89.73,89.64,89.73,300
2026-03-21 19:45:00+00:00,2026-03-21 19:49:59.999000+00:00,89.72625982,89.79,89.72,89.73,300
2026-03-21 19:50:00+00:00,2026-03-21 19:54:59.999000+00:00,89.72,89.74,89.70182513,89.73,300
2026-03-21 19:55:00+00:00,2026-03-21 19:59:59.999000+00:00,89.73,89.79,89.70153941,89.73614241,300
2026-03-21 20:00:00+00:00,2026-03-21 20:04:59.999000+00:00,89.73614241,89.85,89.73035195,89.79547384,300
2026-03-21 20:05:00+00:00,2026-03-21 20:09:59.999000+00:00,89.79372435,89.81,89.72251802,89.81,300
2026-03-21 20:10:00+00:00,2026-03-21 20:14:59.999000+00:00,89.80331171,89.88319897,89.80331171,89.84,300
2026-03-21 20:15:00+00:00,2026-03-21 20:19:59.999000+00:00,89.84,89.84,89.73,89.82441819,300
2026-03-21 20:20:00+00:00,2026-03-21 20:24:59.999000+00:00,89.82446458,89.98,89.82158956,89.92,300
2026-03-21 20:25:00+00:00,2026-03-21 20:29:59.999000+00:00,89.92,89.97,89.91,89.96336372,300
2026-03-21 20:30:00+00:00,2026-03-21 20:34:59.999000+00:00,89.97,90.23285228,89.97,90.13,300
2026-03-21 20:35:00+00:00,2026-03-21 20:39:59.999000+00:00,90.14,90.19011383,90.09227917,90.12322098,300
2026-03-21 20:40:00+00:00,2026-03-21 20:44:59.999000+00:00,90.1222361,90.15,90.04263184,90.08,300
2026-03-21 20:45:00+00:00,2026-03-21 20:49:59.999000+00:00,90.08,90.14,90.06039147,90.09113296,300
2026-03-21 20:50:00+00:00,2026-03-21 20:54:59.999000+00:00,90.09265101,90.10167397,90.05316816,90.08,300
2026-03-21 20:55:00+00:00,2026-03-21 20:59:59.999000+00:00,90.09,90.1626039,90.08347297,90.11,300
2026-03-21 21:00:00+00:00,2026-03-21 21:04:59.999000+00:00,90.11,90.13278813,90.02,90.07667356,300
2026-03-21 21:05:00+00:00,2026-03-21 21:09:59.999000+00:00,90.0782366,90.17,90.05084935,90.14,300
2026-03-21 21:10:00+00:00,2026-03-21 21:14:59.999000+00:00,90.14,90.14,89.87,89.93,300
2026-03-21 21:15:00+00:00,2026-03-21 21:19:59.999000+00:00,89.92,90.0,89.91164032,89.98097305,300
2026-03-21 21:20:00+00:00,2026-03-21 21:24:59.999000+00:00,89.98097305,90.06,89.96820846,89.98,300
2026-03-21 21:25:00+00:00,2026-03-21 21:29:59.999000+00:00,89.98,90.07,89.96243928,90.02,300
2026-03-21 21:30:00+00:00,2026-03-21 21:34:59.999000+00:00,90.02,90.02,89.96,89.98080785,300
2026-03-21 21:35:00+00:00,2026-03-21 21:39:59.999000+00:00,89.97895815,90.02577553,89.97139071,90.02,300
2026-03-21 21:40:00+00:00,2026-03-21 21:44:59.999000+00:00,90.02,90.0402293,89.94579514,89.95,300
2026-03-21 21:45:00+00:00,2026-03-21 21:49:59.999000+00:00,89.94272474,90.03,89.92474807,90.01461983,300
2026-03-21 21:50:00+00:00,2026-03-21 21:54:59.999000+00:00,90.01461983,90.01461983,89.9,89.95,300
2026-03-21 21:55:00+00:00,2026-03-21 21:59:59.999000+00:00,89.95,89.95091135,89.90263659,89.95,300
2026-03-21 22:00:00+00:00,2026-03-21 22:04:59.999000+00:00,89.94284095,89.95,89.74914008,89.82,300
2026-03-21 22:05:00+00:00,2026-03-21 22:09:59.999000+00:00,89.81,89.98,89.79061264,89.8737143,300
2026-03-21 22:10:00+00:00,2026-03-21 22:14:59.999000+00:00,89.87731129,89.93,89.85,89.90398942,300
2026-03-21 22:15:00+00:00,2026-03-21 22:19:59.999000+00:00,89.9,89.93,89.85,89.9,300
2026-03-21 22:20:00+00:00,2026-03-21 22:24:59.999000+00:00,89.9,89.91013324,89.84668844,89.84668844,300
2026-03-21 22:25:00+00:00,2026-03-21 22:29:59.999000+00:00,89.85,89.89049924,89.83051007,89.83468915,300
2026-03-21 22:30:00+00:00,2026-03-21 22:34:59.999000+00:00,89.83580455,89.98,89.81,89.96,300
2026-03-21 22:35:00+00:00,2026-03-21 22:39:59.999000+00:00,89.97,90.02,89.92,89.92,300
2026-03-21 22:40:00+00:00,2026-03-21 22:44:59.999000+00:00,89.92,89.95,89.86148945,89.87,300
2026-03-21 22:45:00+00:00,2026-03-21 22:49:59.999000+00:00,89.87,89.89237407,89.81,89.89,300
2026-03-21 22:50:00+00:00,2026-03-21 22:54:59.999000+00:00,89.89088605,89.89088605,89.78,89.81,300
2026-03-21 22:55:00+00:00,2026-03-21 22:59:59.999000+00:00,89.81,89.87431847,89.80279793,89.84161028,300
2026-03-21 23:00:00+00:00,2026-03-21 23:04:59.999000+00:00,89.84006307,89.84026792,89.68922903,89.77,300
2026-03-21 23:05:00+00:00,2026-03-21 23:09:59.999000+00:00,89.77,89.79128271,89.69063381,89.70050495,300
2026-03-21 23:10:00+00:00,2026-03-21 23:14:59.999000+00:00,89.70019031,89.70019031,89.60502859,89.65869474,300
2026-03-21 23:15:00+00:00,2026-03-21 23:19:59.999000+00:00,89.657928,89.76,89.6,89.70022923,300
2026-03-21 23:20:00+00:00,2026-03-21 23:24:59.999000+00:00,89.70022923,89.76,89.67490426,89.67490426,300
2026-03-21 23:25:00+00:00,2026-03-21 23:29:59.999000+00:00,89.6734489,89.69,89.6,89.64,300
2026-03-21 23:30:00+00:00,2026-03-21 23:34:59.999000+00:00,89.64,89.74,89.6,89.69,300
2026-03-21 23:35:00+00:00,2026-03-21 23:39:59.999000+00:00,89.68012727,89.74158693,89.68012727,89.73,300
2026-03-21 23:40:00+00:00,2026-03-21 23:44:59.999000+00:00,89.73,89.79312789,89.70014926,89.76,300
2026-03-21 23:45:00+00:00,2026-03-21 23:49:59.999000+00:00,89.75055196,89.75055196,88.71218801,88.71218801,300
2026-03-21 23:50:00+00:00,2026-03-21 23:54:59.999000+00:00,88.71,88.79,87.58829018,87.77,300
2026-03-21 23:55:00+00:00,2026-03-21 23:59:59.999000+00:00,87.79,87.89909388,87.09839138,87.51,300
2026-03-22 00:00:00+00:00,2026-03-22 00:04:59.999000+00:00,87.51,87.52,86.22102138,86.51071215,300
2026-03-22 00:05:00+00:00,2026-03-22 00:09:59.999000+00:00,86.50307493,87.39688838,86.4,87.19159304,300
2026-03-22 00:10:00+00:00,2026-03-22 00:14:59.999000+00:00,87.19543812,87.29,86.7023138,86.74,300
2026-03-22 00:15:00+00:00,2026-03-22 00:19:59.999000+00:00,86.73141508,87.35019594,86.64973799,87.18439204,300
2026-03-22 00:20:00+00:00,2026-03-22 00:24:59.999000+00:00,87.17972748,87.23,86.84699635,87.1717161,300
2026-03-22 00:25:00+00:00,2026-03-22 00:29:59.999000+00:00,87.15914916,87.21312155,86.99,87.21125055,300
2026-03-22 00:30:00+00:00,2026-03-22 00:34:59.999000+00:00,87.21487532,87.53366244,87.21160937,87.53,300
2026-03-22 00:35:00+00:00,2026-03-22 00:39:59.999000+00:00,87.54,87.69,87.34200339,87.34200339,300
2026-03-22 00:40:00+00:00,2026-03-22 00:44:59.999000+00:00,87.33567384,87.58,87.29838476,87.45712948,300
2026-03-22 00:45:00+00:00,2026-03-22 00:49:59.999000+00:00,87.46,87.66,87.37,87.52854698,300
2026-03-22 00:50:00+00:00,2026-03-22 00:54:59.999000+00:00,87.52064532,87.52064532,87.01221013,87.11691971,300
2026-03-22 00:55:00+00:00,2026-03-22 00:59:59.999000+00:00,87.12033474,87.27,87.05473962,87.27,300
2026-03-22 01:00:00+00:00,2026-03-22 01:04:59.999000+00:00,87.27,87.66,87.26034957,87.51,300
2026-03-22 01:05:00+00:00,2026-03-22 01:09:59.999000+00:00,87.50231465,87.54,87.10255748,87.10255748,300
2026-03-22 01:10:00+00:00,2026-03-22 01:14:59.999000+00:00,87.09846582,87.30442367,87.03295749,87.3,300
2026-03-22 01:15:00+00:00,2026-03-22 01:19:59.999000+00:00,87.3,87.48,87.15495466,87.41361733,300
2026-03-22 01:20:00+00:00,2026-03-22 01:24:59.999000+00:00,87.41637356,87.53,87.3443382,87.36,300
2026-03-22 01:25:00+00:00,2026-03-22 01:29:59.999000+00:00,87.351324,87.39,87.29,87.32282666,300
2026-03-22 01:30:00+00:00,2026-03-22 01:34:59.999000+00:00,87.32,87.36,87.17929371,87.27223726,300
2026-03-22 01:35:00+00:00,2026-03-22 01:39:59.999000+00:00,87.27,87.30164811,86.92478912,87.04,300
2026-03-22 01:40:00+00:00,2026-03-22 01:44:59.999000+00:00,87.03822668,87.18,87.0,87.02661225,300
2026-03-22 01:45:00+00:00,2026-03-22 01:49:59.999000+00:00,87.02661225,87.25,87.01634265,87.22412803,300
2026-03-22 01:50:00+00:00,2026-03-22 01:54:59.999000+00:00,87.23,87.35782052,87.20029903,87.29500673,300
2026-03-22 01:55:00+00:00,2026-03-22 01:59:59.999000+00:00,87.31,87.43,87.3,87.39,300
2026-03-22 02:00:00+00:00,2026-03-22 02:04:59.999000+00:00,87.39,87.55659672,87.38232534,87.54,300
2026-03-22 02:05:00+00:00,2026-03-22 02:09:59.999000+00:00,87.53670933,87.63285626,87.38,87.39,300
2026-03-22 02:10:00+00:00,2026-03-22 02:14:59.999000+00:00,87.38381523,87.59,87.37363269,87.55132669,300
2026-03-22 02:15:00+00:00,2026-03-22 02:19:59.999000+00:00,87.55,87.62,87.48142147,87.5839167,300
2026-03-22 02:20:00+00:00,2026-03-22 02:24:59.999000+00:00,87.58297804,87.66144484,87.46220985,87.66,300
2026-03-22 02:25:00+00:00,2026-03-22 02:29:59.999000+00:00,87.65119663,88.40592552,87.64597253,88.27693028,300
2026-03-22 02:30:00+00:00,2026-03-22 02:34:59.999000+00:00,88.27610792,88.29,87.96,88.06551319,300
2026-03-22 02:35:00+00:00,2026-03-22 02:39:59.999000+00:00,88.06486868,88.13,87.99938424,88.03,300
2026-03-22 02:40:00+00:00,2026-03-22 02:44:59.999000+00:00,88.03,88.09,88.00846871,88.07,300
2026-03-22 02:45:00+00:00,2026-03-22 02:49:59.999000+00:00,88.06768599,88.21,88.01810409,88.11,300
2026-03-22 02:50:00+00:00,2026-03-22 02:54:59.999000+00:00,88.1,88.2,88.01218578,88.19632301,300
2026-03-22 02:55:00+00:00,2026-03-22 02:59:59.999000+00:00,88.19399705,88.27,88.09005988,88.11,300
2026-03-22 03:00:00+00:00,2026-03-22 03:04:59.999000+00:00,88.11,88.11,87.71484484,87.81325077,300
2026-03-22 03:05:00+00:00,2026-03-22 03:09:59.999000+00:00,87.81314147,87.93551266,87.76364493,87.87,300
2026-03-22 03:10:00+00:00,2026-03-22 03:14:59.999000+00:00,87.86164623,88.07,87.86164623,88.03,300
2026-03-22 03:15:00+00:00,2026-03-22 03:19:59.999000+00:00,88.02,88.18,88.00231257,88.1515439,300
2026-03-22 03:20:00+00:00,2026-03-22 03:24:59.999000+00:00,88.15312283,88.22,88.09,88.22,300
2026-03-22 03:25:00+00:00,2026-03-22 03:29:59.999000+00:00,88.22,88.77,88.19,88.64,300
2026-03-22 03:30:00+00:00,2026-03-22 03:34:59.999000+00:00,88.64,88.75,88.49270491,88.61,300
2026-03-22 03:35:00+00:00,2026-03-22 03:39:59.999000+00:00,88.60328155,89.08887748,88.56801056,88.66,300
2026-03-22 03:40:00+00:00,2026-03-22 03:44:59.999000+00:00,88.66,88.66,88.51,88.64164195,300
2026-03-22 03:45:00+00:00,2026-03-22 03:49:59.999000+00:00,88.64571931,88.65299609,88.55,88.63,300
2026-03-22 03:50:00+00:00,2026-03-22 03:54:59.999000+00:00,88.62451591,88.64,88.49244275,88.53,300
2026-03-22 03:55:00+00:00,2026-03-22 03:59:59.999000+00:00,88.54,88.63,88.51207395,88.61,300
2026-03-22 04:00:00+00:00,2026-03-22 04:04:59.999000+00:00,88.61,88.82,88.54125418,88.7870293,300
2026-03-22 04:05:00+00:00,2026-03-22 04:09:59.999000+00:00,88.79,88.97,88.77287827,88.88,300
2026-03-22 04:10:00+00:00,2026-03-22 04:14:59.999000+00:00,88.88,88.91008806,88.7,88.87,300
2026-03-22 04:15:00+00:00,2026-03-22 04:19:59.999000+00:00,88.87,89.13,88.85523097,88.86,300
2026-03-22 04:20:00+00:00,2026-03-22 04:24:59.999000+00:00,88.86,88.86,88.56132158,88.70250381,300
2026-03-22 04:25:00+00:00,2026-03-22 04:29:59.999000+00:00,88.71,88.82,88.70649733,88.74,300
2026-03-22 04:30:00+00:00,2026-03-22 04:34:59.999000+00:00,88.74,88.78399401,88.53,88.77144568,300
2026-03-22 04:35:00+00:00,2026-03-22 04:39:59.999000+00:00,88.77144568,89.06,88.76965806,88.92,300
2026-03-22 04:40:00+00:00,2026-03-22 04:44:59.999000+00:00,88.92,88.93360039,88.82152318,88.89458938,300
2026-03-22 04:45:00+00:00,2026-03-22 04:49:59.999000+00:00,88.9,89.07,88.87,88.89668065,300
2026-03-22 04:50:00+00:00,2026-03-22 04:54:59.999000+00:00,88.89584516,88.98,88.88,88.97,300
2026-03-22 04:55:00+00:00,2026-03-22 04:59:59.999000+00:00,88.97,88.98,88.90396575,88.97,300
2026-03-22 05:00:00+00:00,2026-03-22 05:04:59.999000+00:00,88.95861515,88.96,88.74943103,88.85282247,300
2026-03-22 05:05:00+00:00,2026-03-22 05:09:59.999000+00:00,88.85,88.88,88.69,88.75043374,300
2026-03-22 05:10:00+00:00,2026-03-22 05:14:59.999000+00:00,88.74908135,88.79283913,88.68490063,88.69,300
2026-03-22 05:15:00+00:00,2026-03-22 05:19:59.999000+00:00,88.69,88.77493734,88.60487767,88.7,300
2026-03-22 05:20:00+00:00,2026-03-22 05:24:59.999000+00:00,88.7,88.72,88.52551187,88.56101431,300
2026-03-22 05:25:00+00:00,2026-03-22 05:29:59.999000+00:00,88.56,88.62,88.47433231,88.51,300
2026-03-22 05:30:00+00:00,2026-03-22 05:34:59.999000+00:00,88.5,88.59,88.49014542,88.51,300
2026-03-22 05:35:00+00:00,2026-03-22 05:39:59.999000+00:00,88.51,88.56342032,88.49166539,88.53752924,300
2026-03-22 05:40:00+00:00,2026-03-22 05:44:59.999000+00:00,88.53721413,88.55,88.46197934,88.46357585,300
2026-03-22 05:45:00+00:00,2026-03-22 05:49:59.999000+00:00,88.4555838,88.57,88.4421075,88.47,300
2026-03-22 05:50:00+00:00,2026-03-22 05:54:59.999000+00:00,88.48,88.5,88.41389411,88.41389411,300
2026-03-22 05:55:00+00:00,2026-03-22 05:59:59.999000+00:00,88.41,88.44,88.39839369,88.41654604,300
2026-03-22 06:00:00+00:00,2026-03-22 06:04:59.999000+00:00,88.42,88.42,88.24,88.37216507,300
2026-03-22 06:05:00+00:00,2026-03-22 06:09:59.999000+00:00,88.37157971,88.37659218,88.18746031,88.30501866,300
2026-03-22 06:10:00+00:00,2026-03-22 06:14:59.999000+00:00,88.30508266,88.31,88.21737439,88.21737439,300
2026-03-22 06:15:00+00:00,2026-03-22 06:19:59.999000+00:00,88.22,88.27082999,88.09,88.19530771,300
2026-03-22 06:20:00+00:00,2026-03-22 06:24:59.999000+00:00,88.19691835,88.2436612,88.12242782,88.18,300
2026-03-22 06:25:00+00:00,2026-03-22 06:29:59.999000+00:00,88.18,88.2518725,88.12,88.24,300
2026-03-22 06:30:00+00:00,2026-03-22 06:34:59.999000+00:00,88.24,88.3,88.13,88.18,300
2026-03-22 06:35:00+00:00,2026-03-22 06:39:59.999000+00:00,88.17588393,88.32003031,88.17068242,88.32,300
2026-03-22 06:40:00+00:00,2026-03-22 06:44:59.999000+00:00,88.32,88.33,88.26,88.26,300
2026-03-22 06:45:00+00:00,2026-03-22 06:49:59.999000+00:00,88.26,88.26,88.11,88.11,300
2026-03-22 06:50:00+00:00,2026-03-22 06:54:59.999000+00:00,88.11,88.25,88.1029902,88.1719829,300
2026-03-22 06:55:00+00:00,2026-03-22 06:59:59.999000+00:00,88.17119228,88.17119228,88.1,88.1569652,300
2026-03-22 07:00:00+00:00,2026-03-22 07:04:59.999000+00:00,88.1569652,88.27328887,88.11332147,88.22120829,300
2026-03-22 07:05:00+00:00,2026-03-22 07:09:59.999000+00:00,88.22086558,88.26357333,88.08752362,88.08969464,300
2026-03-22 07:10:00+00:00,2026-03-22 07:14:59.999000+00:00,88.08708355,88.21,88.0515773,88.14015025,300
2026-03-22 07:15:00+00:00,2026-03-22 07:19:59.999000+00:00,88.14091786,88.26,88.13,88.20959068,300
2026-03-22 07:20:00+00:00,2026-03-22 07:24:59.999000+00:00,88.2096354,88.25067988,88.17086541,88.21157252,300
2026-03-22 07:25:00+00:00,2026-03-22 07:29:59.999000+00:00,88.21279042,88.27,88.20018504,88.21423898,300
2026-03-22 07:30:00+00:00,2026-03-22 07:34:59.999000+00:00,88.21465116,88.21465116,87.96,88.03,300
2026-03-22 07:35:00+00:00,2026-03-22 07:39:59.999000+00:00,88.03087916,88.09,87.8660149,87.8660149,300
2026-03-22 07:40:00+00:00,2026-03-22 07:44:59.999000+00:00,87.87059023,87.93,87.78,87.85,300
2026-03-22 07:45:00+00:00,2026-03-22 07:49:59.999000+00:00,87.85,87.97,87.77,87.96227011,300
2026-03-22 07:50:00+00:00,2026-03-22 07:54:59.999000+00:00,87.96227011,87.98361047,87.84,87.88,300
2026-03-22 07:55:00+00:00,2026-03-22 07:59:59.999000+00:00,87.87,87.88,87.62613492,87.64290872,300
2026-03-22 08:00:00+00:00,2026-03-22 08:04:59.999000+00:00,87.65,87.69,87.3249979,87.41,300
2026-03-22 08:05:00+00:00,2026-03-22 08:09:59.999000+00:00,87.41,87.49,87.31324631,87.32031314,300
2026-03-22 08:10:00+00:00,2026-03-22 08:14:59.999000+00:00,87.31648652,87.46,87.28140826,87.46,300
2026-03-22 08:15:00+00:00,2026-03-22 08:19:59.999000+00:00,87.46,87.46,87.09203623,87.1,300
2026-03-22 08:20:00+00:00,2026-03-22 08:24:59.999000+00:00,87.09734315,87.17,86.93,87.17,300
2026-03-22 08:25:00+00:00,2026-03-22 08:29:59.999000+00:00,87.16268433,87.3,86.81104405,87.01408039,300
2026-03-22 08:30:00+00:00,2026-03-22 08:34:59.999000+00:00,87.00405164,87.20874308,86.95943231,87.05072402,300
2026-03-22 08:35:00+00:00,2026-03-22 08:39:59.999000+00:00,87.05316,87.15,86.97619128,87.09,300
2026-03-22 08:40:00+00:00,2026-03-22 08:44:59.999000+00:00,87.09371978,87.28,87.0630583,87.19,300
2026-03-22 08:45:00+00:00,2026-03-22 08:49:59.999000+00:00,87.19,87.2620703,87.11,87.23,300
2026-03-22 08:50:00+00:00,2026-03-22 08:54:59.999000+00:00,87.23,87.28,87.16,87.26,300
2026-03-22 08:55:00+00:00,2026-03-22 08:59:59.999000+00:00,87.26,87.37291525,87.20531887,87.32157441,300
2026-03-22 09:00:00+00:00,2026-03-22 09:04:59.999000+00:00,87.32017406,87.38946342,87.28075403,87.31218373,300
2026-03-22 09:05:00+00:00,2026-03-22 09:09:59.999000+00:00,87.31218373,87.54,87.2940324,87.53,300
2026-03-22 09:10:00+00:00,2026-03-22 09:14:59.999000+00:00,87.53,87.56433543,87.45048988,87.53,300
2026-03-22 09:15:00+00:00,2026-03-22 09:19:59.999000+00:00,87.53,87.5959883,87.18272509,87.29,300
2026-03-22 09:20:00+00:00,2026-03-22 09:24:59.999000+00:00,87.28,87.4,87.25098649,87.3,300
2026-03-22 09:25:00+00:00,2026-03-22 09:29:59.999000+00:00,87.31,87.32,87.11320893,87.14,300
2026-03-22 09:30:00+00:00,2026-03-22 09:34:59.999000+00:00,87.15,87.23,87.13,87.22038031,300
2026-03-22 09:35:00+00:00,2026-03-22 09:39:59.999000+00:00,87.21594492,87.36,87.21,87.28,300
2026-03-22 09:40:00+00:00,2026-03-22 09:44:59.999000+00:00,87.28,87.4,87.28,87.32403038,300
2026-03-22 09:45:00+00:00,2026-03-22 09:49:59.999000+00:00,87.32466362,87.38,87.3,87.32172618,300
2026-03-22 09:50:00+00:00,2026-03-22 09:54:59.999000+00:00,87.31808956,87.31808956,87.17086402,87.28,300
2026-03-22 09:55:00+00:00,2026-03-22 09:59:59.999000+00:00,87.28410761,87.33,87.25334059,87.26,300
2026-03-22 10:00:00+00:00,2026-03-22 10:04:59.999000+00:00,87.26,87.38054696,87.20703358,87.37240706,300
2026-03-22 10:05:00+00:00,2026-03-22 10:09:59.999000+00:00,87.37226281,87.4,87.17913103,87.24054447,300
2026-03-22 10:10:00+00:00,2026-03-22 10:14:59.999000+00:00,87.24,87.31,87.21102557,87.30529506,300
2026-03-22 10:15:00+00:00,2026-03-22 10:19:59.999000+00:00,87.30508768,87.3820187,87.18,87.3,300
2026-03-22 10:20:00+00:00,2026-03-22 10:24:59.999000+00:00,87.3004489,87.41,87.28,87.41,300
2026-03-22 10:25:00+00:00,2026-03-22 10:29:59.999000+00:00,87.40619819,87.44,87.33,87.35810638,300
2026-03-22 10:30:00+00:00,2026-03-22 10:34:59.999000+00:00,87.36,87.44220072,87.28975315,87.29610821,300
2026-03-22 10:35:00+00:00,2026-03-22 10:39:59.999000+00:00,87.29601111,87.32,87.16,87.28,300
2026-03-22 10:40:00+00:00,2026-03-22 10:44:59.999000+00:00,87.28,87.33202285,87.2152084,87.32,300
2026-03-22 10:45:00+00:00,2026-03-22 10:49:59.999000+00:00,87.32294004,87.37,87.22223338,87.22789011,300
2026-03-22 10:50:00+00:00,2026-03-22 10:54:59.999000+00:00,87.22301651,87.37,87.2,87.3078419,300
2026-03-22 10:55:00+00:00,2026-03-22 10:59:59.999000+00:00,87.30777461,87.38342231,87.28113241,87.28168141,300
2026-03-22 11:00:00+00:00,2026-03-22 11:04:59.999000+00:00,87.27943222,87.3,87.15884752,87.29,300
2026-03-22 11:05:00+00:00,2026-03-22 11:09:59.999000+00:00,87.29,87.37,87.22666697,87.36244859,300
2026-03-22 11:10:00+00:00,2026-03-22 11:14:59.999000+00:00,87.35359352,87.36,87.28,87.28042798,300
2026-03-22 11:15:00+00:00,2026-03-22 11:19:59.999000+00:00,87.29,87.34,87.2156881,87.2158508,300
2026-03-22 11:20:00+00:00,2026-03-22 11:24:59.999000+00:00,87.22,87.4,87.21499017,87.2467311,300
2026-03-22 11:25:00+00:00,2026-03-22 11:29:59.999000+00:00,87.25,87.25,87.01,87.11,300
2026-03-22 11:30:00+00:00,2026-03-22 11:34:59.999000+00:00,87.11,87.25,87.05999426,87.12771289,300
2026-03-22 11:35:00+00:00,2026-03-22 11:39:59.999000+00:00,87.13,87.19115852,87.08,87.19115852,300
2026-03-22 11:40:00+00:00,2026-03-22 11:44:59.999000+00:00,87.18732474,87.24099163,86.92265696,87.18,300
2026-03-22 11:45:00+00:00,2026-03-22 11:49:59.999000+00:00,87.18,87.23148031,87.03565918,87.03565918,300
2026-03-22 11:50:00+00:00,2026-03-22 11:54:59.999000+00:00,87.04,87.08,86.87832146,87.00559134,300
2026-03-22 11:55:00+00:00,2026-03-22 11:59:59.999000+00:00,87.01,87.01,86.77520947,86.78,300
2026-03-22 12:00:00+00:00,2026-03-22 12:04:59.999000+00:00,86.78,86.91,86.75808102,86.80068296,300
2026-03-22 12:05:00+00:00,2026-03-22 12:09:59.999000+00:00,86.8007201,86.97,86.8007201,86.94368789,300
2026-03-22 12:10:00+00:00,2026-03-22 12:14:59.999000+00:00,86.95,86.95,86.86,86.89894912,300
2026-03-22 12:15:00+00:00,2026-03-22 12:19:59.999000+00:00,86.89361701,87.11,86.89361701,87.06,300
2026-03-22 12:20:00+00:00,2026-03-22 12:24:59.999000+00:00,87.07,87.24,87.0,87.2,300
2026-03-22 12:25:00+00:00,2026-03-22 12:29:59.999000+00:00,87.19,87.39,87.16176439,87.28,300
2026-03-22 12:30:00+00:00,2026-03-22 12:34:59.999000+00:00,87.28,87.3,87.20502786,87.24347828,300
2026-03-22 12:35:00+00:00,2026-03-22 12:39:59.999000+00:00,87.25,87.26,87.18,87.18,300
2026-03-22 12:40:00+00:00,2026-03-22 12:44:59.999000+00:00,87.18,87.24188251,87.16,87.16,300
2026-03-22 12:45:00+00:00,2026-03-22 12:49:59.999000+00:00,87.16,87.28,87.07376394,87.09,300
2026-03-22 12:50:00+00:00,2026-03-22 12:54:59.999000+00:00,87.09,87.21088436,87.070353,87.19405308,300
2026-03-22 12:55:00+00:00,2026-03-22 12:59:59.999000+00:00,87.1894607,87.2466988,87.17,87.21,300
2026-03-22 13:00:00+00:00,2026-03-22 13:04:59.999000+00:00,87.22,87.65109627,87.183861,87.45626646,300
2026-03-22 13:05:00+00:00,2026-03-22 13:09:59.999000+00:00,87.4447575,87.5,87.35883525,87.46360651,300
2026-03-22 13:10:00+00:00,2026-03-22 13:14:59.999000+00:00,87.47,87.5536057,87.37,87.44253222,300
2026-03-22 13:15:00+00:00,2026-03-22 13:19:59.999000+00:00,87.44232942,87.44448131,87.34186937,87.3902475,300
2026-03-22 13:20:00+00:00,2026-03-22 13:24:59.999000+00:00,87.41,87.53473061,87.27218049,87.32,300
2026-03-22 13:25:00+00:00,2026-03-22 13:29:59.999000+00:00,87.31730696,87.44,87.29351711,87.38376733,300
2026-03-22 13:30:00+00:00,2026-03-22 13:34:59.999000+00:00,87.39,87.48,87.25,87.27144867,300
2026-03-22 13:35:00+00:00,2026-03-22 13:39:59.999000+00:00,87.27331458,87.32,87.11,87.11106366,300
2026-03-22 13:40:00+00:00,2026-03-22 13:44:59.999000+00:00,87.12,87.17,86.97251279,87.0937959,300
2026-03-22 13:45:00+00:00,2026-03-22 13:49:59.999000+00:00,87.08931322,87.17,87.01730118,87.11634321,300
2026-03-22 13:50:00+00:00,2026-03-22 13:54:59.999000+00:00,87.12,87.27,87.09046408,87.27,300
2026-03-22 13:55:00+00:00,2026-03-22 13:59:59.999000+00:00,87.28,87.33,87.26456741,87.26467359,300
2026-03-22 14:00:00+00:00,2026-03-22 14:04:59.999000+00:00,87.27,87.36374516,86.99,87.12345899,300
2026-03-22 14:05:00+00:00,2026-03-22 14:09:59.999000+00:00,87.13,87.2,87.07831158,87.17873252,300
2026-03-22 14:10:00+00:00,2026-03-22 14:14:59.999000+00:00,87.19,87.35,87.19,87.33673939,300
2026-03-22 14:15:00+00:00,2026-03-22 14:19:59.999000+00:00,87.33673939,87.36,87.28,87.31,300
2026-03-22 14:20:00+00:00,2026-03-22 14:24:59.999000+00:00,87.31,87.55016883,87.26,87.44272517,300
2026-03-22 14:25:00+00:00,2026-03-22 14:29:59.999000+00:00,87.44,87.47,87.33,87.36,300
2026-03-22 14:30:00+00:00,2026-03-22 14:34:59.999000+00:00,87.37,87.43,87.31393526,87.34212365,300
2026-03-22 14:35:00+00:00,2026-03-22 14:39:59.999000+00:00,87.34279276,87.48,87.31269451,87.42,300
2026-03-22 14:40:00+00:00,2026-03-22 14:44:59.999000+00:00,87.42,87.43,87.3,87.35443303,300
2026-03-22 14:45:00+00:00,2026-03-22 14:49:59.999000+00:00,87.35431478,87.35431478,87.15436473,87.19,300
2026-03-22 14:50:00+00:00,2026-03-22 14:54:59.999000+00:00,87.2,87.22,87.11,87.11694944,300
2026-03-22 14:55:00+00:00,2026-03-22 14:59:59.999000+00:00,87.11558488,87.17,87.05022046,87.16,300
2026-03-22 15:00:00+00:00,2026-03-22 15:04:59.999000+00:00,87.15248441,87.3,87.14717579,87.22495104,300
2026-03-22 15:05:00+00:00,2026-03-22 15:09:59.999000+00:00,87.22537662,87.41,87.22,87.31,300
2026-03-22 15:10:00+00:00,2026-03-22 15:14:59.999000+00:00,87.31,87.37,87.3,87.31058911,300
2026-03-22 15:15:00+00:00,2026-03-22 15:19:59.999000+00:00,87.31058911,87.39,87.23442544,87.3,300
2026-03-22 15:20:00+00:00,2026-03-22 15:24:59.999000+00:00,87.29992034,87.37,87.14908883,87.23,300
2026-03-22 15:25:00+00:00,2026-03-22 15:29:59.999000+00:00,87.24,87.28,87.18901067,87.27074537,300
2026-03-22 15:30:00+00:00,2026-03-22 15:34:59.999000+00:00,87.27373404,87.31,87.22224604,87.31,300
2026-03-22 15:35:00+00:00,2026-03-22 15:39:59.999000+00:00,87.31,87.31,87.13380886,87.18,300
2026-03-22 15:40:00+00:00,2026-03-22 15:44:59.999000+00:00,87.17533466,87.32581509,87.15943701,87.32,300
2026-03-22 15:45:00+00:00,2026-03-22 15:49:59.999000+00:00,87.31657915,87.37262659,87.25,87.37248372,300
2026-03-22 15:50:00+00:00,2026-03-22 15:54:59.999000+00:00,87.39,87.54377932,87.39,87.49,300
2026-03-22 15:55:00+00:00,2026-03-22 15:59:59.999000+00:00,87.48506258,87.54,87.44835981,87.53325191,300
2026-03-22 16:00:00+00:00,2026-03-22 16:04:59.999000+00:00,87.53359846,87.58,87.41,87.54,300
2026-03-22 16:05:00+00:00,2026-03-22 16:09:59.999000+00:00,87.55,87.58,87.45667936,87.45667936,300
2026-03-22 16:10:00+00:00,2026-03-22 16:14:59.999000+00:00,87.45170689,87.55,87.42616673,87.55,300
2026-03-22 16:15:00+00:00,2026-03-22 16:19:59.999000+00:00,87.57,87.66,87.40359173,87.42,300
2026-03-22 16:20:00+00:00,2026-03-22 16:24:59.999000+00:00,87.42,87.45029786,87.32,87.39739686,300
2026-03-22 16:25:00+00:00,2026-03-22 16:29:59.999000+00:00,87.39466859,87.39466859,87.3,87.32,300
2026-03-22 16:30:00+00:00,2026-03-22 16:34:59.999000+00:00,87.31,87.36091273,87.24633713,87.29911705,300
2026-03-22 16:35:00+00:00,2026-03-22 16:39:59.999000+00:00,87.29385618,87.38,87.2406591,87.25,300
2026-03-22 16:40:00+00:00,2026-03-22 16:44:59.999000+00:00,87.25,87.3107672,87.21427483,87.3,300
2026-03-22 16:45:00+00:00,2026-03-22 16:49:59.999000+00:00,87.30086942,87.45,87.29637647,87.41,300
2026-03-22 16:50:00+00:00,2026-03-22 16:54:59.999000+00:00,87.40324064,87.50750403,87.4,87.48311868,300
2026-03-22 16:55:00+00:00,2026-03-22 16:59:59.999000+00:00,87.48336437,87.51,87.42704543,87.43001911,300
2026-03-22 17:00:00+00:00,2026-03-22 17:04:59.999000+00:00,87.43,87.43,87.28,87.36546553,300
2026-03-22 17:05:00+00:00,2026-03-22 17:09:59.999000+00:00,87.36502489,87.45,87.32177037,87.43515989,300
2026-03-22 17:10:00+00:00,2026-03-22 17:14:59.999000+00:00,87.44392955,87.47,87.36901317,87.46174934,300
2026-03-22 17:15:00+00:00,2026-03-22 17:19:59.999000+00:00,87.46181665,87.51,87.37274891,87.41,300
2026-03-22 17:20:00+00:00,2026-03-22 17:24:59.999000+00:00,87.42,87.51193393,87.36456064,87.36857686,300
2026-03-22 17:25:00+00:00,2026-03-22 17:29:59.999000+00:00,87.3683785,87.44,87.31888705,87.34,300
2026-03-22 17:30:00+00:00,2026-03-22 17:34:59.999000+00:00,87.36,87.40552084,87.27917691,87.35,300
2026-03-22 17:35:00+00:00,2026-03-22 17:39:59.999000+00:00,87.34,87.35,87.18,87.18311715,300
2026-03-22 17:40:00+00:00,2026-03-22 17:44:59.999000+00:00,87.18193663,87.26,87.16,87.23,300
2026-03-22 17:45:00+00:00,2026-03-22 17:49:59.999000+00:00,87.23,87.3,87.20694955,87.21,300
2026-03-22 17:50:00+00:00,2026-03-22 17:54:59.999000+00:00,87.21,87.3,87.21,87.26373926,300
2026-03-22 17:55:00+00:00,2026-03-22 17:59:59.999000+00:00,87.26371038,87.31084009,87.21,87.21457818,300
2026-03-22 18:00:00+00:00,2026-03-22 18:04:59.999000+00:00,87.21,87.21,87.07052737,87.1,300
2026-03-22 18:05:00+00:00,2026-03-22 18:09:59.999000+00:00,87.11,87.24184745,87.1,87.23259959,300
2026-03-22 18:10:00+00:00,2026-03-22 18:14:59.999000+00:00,87.23232203,87.27059302,87.22,87.27,300
2026-03-22 18:15:00+00:00,2026-03-22 18:19:59.999000+00:00,87.27,87.2702848,87.19575827,87.23,300
2026-03-22 18:20:00+00:00,2026-03-22 18:24:59.999000+00:00,87.24,87.25120203,87.15600976,87.1605475,300
2026-03-22 18:25:00+00:00,2026-03-22 18:29:59.999000+00:00,87.1605475,87.24,87.13572026,87.18807363,300
2026-03-22 18:30:00+00:00,2026-03-22 18:34:59.999000+00:00,87.18781157,87.27,86.85931153,86.85931153,300
2026-03-22 18:35:00+00:00,2026-03-22 18:39:59.999000+00:00,86.82222638,86.91,86.47035423,86.71,300
2026-03-22 18:40:00+00:00,2026-03-22 18:44:59.999000+00:00,86.71006249,86.85,86.68299682,86.78100228,300
2026-03-22 18:45:00+00:00,2026-03-22 18:49:59.999000+00:00,86.78,86.93,86.73,86.91110531,300
2026-03-22 18:50:00+00:00,2026-03-22 18:54:59.999000+00:00,86.91042088,86.97,86.84186806,86.88,300
2026-03-22 18:55:00+00:00,2026-03-22 18:59:59.999000+00:00,86.88,87.0,86.86,86.97367798,300
2026-03-22 19:00:00+00:00,2026-03-22 19:04:59.999000+00:00,86.96948411,86.97086901,86.6768497,86.75,300
2026-03-22 19:05:00+00:00,2026-03-22 19:09:59.999000+00:00,86.75160238,86.87,86.7455348,86.83404648,300
2026-03-22 19:10:00+00:00,2026-03-22 19:14:59.999000+00:00,86.83404596,86.86,86.62489292,86.68035489,300
2026-03-22 19:15:00+00:00,2026-03-22 19:19:59.999000+00:00,86.69,86.75,86.6,86.7,300
2026-03-22 19:20:00+00:00,2026-03-22 19:24:59.999000+00:00,86.7,86.76,86.61774693,86.68469772,300
2026-03-22 19:25:00+00:00,2026-03-22 19:29:59.999000+00:00,86.68394433,86.73,86.62008946,86.62008946,300
2026-03-22 19:30:00+00:00,2026-03-22 19:34:59.999000+00:00,86.62008946,86.77,86.5493556,86.77,300
2026-03-22 19:35:00+00:00,2026-03-22 19:39:59.999000+00:00,86.77,86.93,86.77,86.91688846,300
2026-03-22 19:40:00+00:00,2026-03-22 19:44:59.999000+00:00,86.92,86.98,86.8582276,86.92,300
2026-03-22 19:45:00+00:00,2026-03-22 19:49:59.999000+00:00,86.92,86.96,86.7,86.73,300
2026-03-22 19:50:00+00:00,2026-03-22 19:54:59.999000+00:00,86.72,86.87,86.72,86.81,300
2026-03-22 19:55:00+00:00,2026-03-22 19:59:59.999000+00:00,86.8,86.84,86.79,86.83011529,300
2026-03-22 20:00:00+00:00,2026-03-22 20:04:59.999000+00:00,86.83011529,87.06835093,86.83011529,86.97164001,300
2026-03-22 20:05:00+00:00,2026-03-22 20:09:59.999000+00:00,86.98,87.04,86.94729836,87.03212314,300
2026-03-22 20:10:00+00:00,2026-03-22 20:14:59.999000+00:00,87.03146575,87.03146575,86.91,87.01,300
2026-03-22 20:15:00+00:00,2026-03-22 20:19:59.999000+00:00,87.01,87.08,86.98708702,87.01,300
2026-03-22 20:20:00+00:00,2026-03-22 20:24:59.999000+00:00,87.01,87.15,86.983217,86.99,300
2026-03-22 20:25:00+00:00,2026-03-22 20:29:59.999000+00:00,86.99,86.99,86.85813739,86.9,300
2026-03-22 20:30:00+00:00,2026-03-22 20:34:59.999000+00:00,86.9,86.92,86.76663559,86.76663559,300
2026-03-22 20:35:00+00:00,2026-03-22 20:39:59.999000+00:00,86.77,86.80482277,86.66,86.71,300
2026-03-22 20:40:00+00:00,2026-03-22 20:44:59.999000+00:00,86.71,86.87096109,86.70129879,86.84,300
2026-03-22 20:45:00+00:00,2026-03-22 20:49:59.999000+00:00,86.85,86.85,86.76,86.77,300
2026-03-22 20:50:00+00:00,2026-03-22 20:54:59.999000+00:00,86.78,86.8,86.51682477,86.61360593,300
2026-03-22 20:55:00+00:00,2026-03-22 20:59:59.999000+00:00,86.61496642,86.61496642,86.51133741,86.55,300
2026-03-22 21:00:00+00:00,2026-03-22 21:04:59.999000+00:00,86.55,86.59,86.41,86.42175719,300
2026-03-22 21:05:00+00:00,2026-03-22 21:09:59.999000+00:00,86.42,86.42105826,85.42621296,86.03,300
2026-03-22 21:10:00+00:00,2026-03-22 21:14:59.999000+00:00,86.02376473,86.06,85.74708933,85.81758698,300
2026-03-22 21:15:00+00:00,2026-03-22 21:19:59.999000+00:00,85.82,85.85,85.34796839,85.38,300
2026-03-22 21:20:00+00:00,2026-03-22 21:24:59.999000+00:00,85.37649529,85.73,85.09,85.70233553,300
2026-03-22 21:25:00+00:00,2026-03-22 21:29:59.999000+00:00,85.70233553,85.98745969,85.61,85.92190101,300
2026-03-22 21:30:00+00:00,2026-03-22 21:34:59.999000+00:00,85.921414,85.93,85.7,85.7,300
2026-03-22 21:35:00+00:00,2026-03-22 21:39:59.999000+00:00,85.71,85.98178532,85.6,85.89,300
2026-03-22 21:40:00+00:00,2026-03-22 21:44:59.999000+00:00,85.88136711,85.99,85.78402373,85.83,300
2026-03-22 21:45:00+00:00,2026-03-22 21:49:59.999000+00:00,85.83,85.85056957,85.65,85.72,300
2026-03-22 21:50:00+00:00,2026-03-22 21:54:59.999000+00:00,85.72,85.90753178,85.68156923,85.86,300
2026-03-22 21:55:00+00:00,2026-03-22 21:59:59.999000+00:00,85.85526064,85.94063582,85.73027225,85.93737131,300
2026-03-22 22:00:00+00:00,2026-03-22 22:04:59.999000+00:00,85.94,86.03,85.46611012,85.96,300
2026-03-22 22:05:00+00:00,2026-03-22 22:09:59.999000+00:00,85.95464589,86.35193214,85.90306933,86.34,300
2026-03-22 22:10:00+00:00,2026-03-22 22:14:59.999000+00:00,86.33529462,86.34474122,85.69899262,85.75323179,300
2026-03-22 22:15:00+00:00,2026-03-22 22:19:59.999000+00:00,85.76,86.04,85.63294722,85.92344993,300
2026-03-22 22:20:00+00:00,2026-03-22 22:24:59.999000+00:00,85.92241536,86.34,85.84118782,86.3,300
2026-03-22 22:25:00+00:00,2026-03-22 22:29:59.999000+00:00,86.3,86.67,86.24,86.4537204,300
2026-03-22 22:30:00+00:00,2026-03-22 22:34:59.999000+00:00,86.45,86.61,86.42,86.42122527,300
2026-03-22 22:35:00+00:00,2026-03-22 22:39:59.999000+00:00,86.42068327,86.55598762,86.32455944,86.4,300
2026-03-22 22:40:00+00:00,2026-03-22 22:44:59.999000+00:00,86.4,86.41,86.20672716,86.2655127,300
2026-03-22 22:45:00+00:00,2026-03-22 22:49:59.999000+00:00,86.26457273,86.58,86.25540415,86.57,300
2026-03-22 22:50:00+00:00,2026-03-22 22:54:59.999000+00:00,86.57,86.72,86.51362834,86.63,300
2026-03-22 22:55:00+00:00,2026-03-22 22:59:59.999000+00:00,86.62543162,86.74,86.62525749,86.7,300
2026-03-22 23:00:00+00:00,2026-03-22 23:04:59.999000+00:00,86.7,86.82,86.61413701,86.73,300
2026-03-22 23:05:00+00:00,2026-03-22 23:09:59.999000+00:00,86.72350227,86.76,86.5,86.61,300
2026-03-22 23:10:00+00:00,2026-03-22 23:14:59.999000+00:00,86.60260319,86.99,86.6,86.8,300
2026-03-22 23:15:00+00:00,2026-03-22 23:19:59.999000+00:00,86.79232308,86.83,86.61473936,86.66,300
2026-03-22 23:20:00+00:00,2026-03-22 23:24:59.999000+00:00,86.66,86.66,86.47241382,86.52056726,300
2026-03-22 23:25:00+00:00,2026-03-22 23:29:59.999000+00:00,86.51566766,86.56,86.41,86.49,300
2026-03-22 23:30:00+00:00,2026-03-22 23:34:59.999000+00:00,86.49,86.61345053,86.400168,86.45309469,300
2026-03-22 23:35:00+00:00,2026-03-22 23:39:59.999000+00:00,86.45333418,86.52157747,86.44445309,86.49230195,300
2026-03-22 23:40:00+00:00,2026-03-22 23:44:59.999000+00:00,86.49230195,86.53,86.41,86.45414796,300
2026-03-22 23:45:00+00:00,2026-03-22 23:49:59.999000+00:00,86.46,86.46,86.26128969,86.2787027,300
2026-03-22 23:50:00+00:00,2026-03-22 23:54:59.999000+00:00,86.25821736,86.25821736,86.0,86.06,300
2026-03-22 23:55:00+00:00,2026-03-22 23:59:59.999000+00:00,86.07,86.17323789,86.06,86.17052295,300
2026-03-23 00:00:00+00:00,2026-03-23 00:04:59.999000+00:00,86.17476311,86.41596431,86.09588526,86.21675335,300
2026-03-23 00:05:00+00:00,2026-03-23 00:09:59.999000+00:00,86.21530522,86.39,86.0,86.28,300
2026-03-23 00:10:00+00:00,2026-03-23 00:14:59.999000+00:00,86.27338011,86.57,86.25163655,86.32,300
2026-03-23 00:15:00+00:00,2026-03-23 00:19:59.999000+00:00,86.3,86.34147871,86.07264667,86.20597272,300
2026-03-23 00:20:00+00:00,2026-03-23 00:24:59.999000+00:00,86.20351306,86.38,86.17,86.36770208,300
2026-03-23 00:25:00+00:00,2026-03-23 00:29:59.999000+00:00,86.37,86.47,86.19,86.22,300
2026-03-23 00:30:00+00:00,2026-03-23 00:34:59.999000+00:00,86.21,86.24490712,85.83461324,85.84586876,300
2026-03-23 00:35:00+00:00,2026-03-23 00:39:59.999000+00:00,85.87,85.91,85.55350345,85.63510201,300
2026-03-23 00:40:00+00:00,2026-03-23 00:44:59.999000+00:00,85.60558195,85.99,85.44218396,85.94803682,300
2026-03-23 00:45:00+00:00,2026-03-23 00:49:59.999000+00:00,85.94836695,86.04,85.91952561,86.01834538,300
2026-03-23 00:50:00+00:00,2026-03-23 00:54:59.999000+00:00,86.02,86.18007374,85.89,85.8924127,300
2026-03-23 00:55:00+00:00,2026-03-23 00:59:59.999000+00:00,85.9,85.99,85.75318203,85.84,300
2026-03-23 01:00:00+00:00,2026-03-23 01:04:59.999000+00:00,85.83514317,86.01,85.69515398,85.93464928,300
2026-03-23 01:05:00+00:00,2026-03-23 01:09:59.999000+00:00,85.93404852,86.37,85.88259245,86.24,300
2026-03-23 01:10:00+00:00,2026-03-23 01:14:59.999000+00:00,86.24,86.24,86.06,86.16,300
2026-03-23 01:15:00+00:00,2026-03-23 01:19:59.999000+00:00,86.16,86.47,86.15148331,86.41,300
2026-03-23 01:20:00+00:00,2026-03-23 01:24:59.999000+00:00,86.42,86.57,86.29789042,86.55836503,300
2026-03-23 01:25:00+00:00,2026-03-23 01:29:59.999000+00:00,86.55678424,86.56,86.38114821,86.4,300
2026-03-23 01:30:00+00:00,2026-03-23 01:34:59.999000+00:00,86.4,86.47,86.24332763,86.3,300
2026-03-23 01:35:00+00:00,2026-03-23 01:39:59.999000+00:00,86.29,86.48,86.29,86.41594572,300
2026-03-23 01:40:00+00:00,2026-03-23 01:44:59.999000+00:00,86.42,86.43,86.18119745,86.25,300
2026-03-23 01:45:00+00:00,2026-03-23 01:49:59.999000+00:00,86.25,86.38,86.06,86.09,300
2026-03-23 01:50:00+00:00,2026-03-23 01:54:59.999000+00:00,86.09,86.3,86.02619626,86.12098443,300
2026-03-23 01:55:00+00:00,2026-03-23 01:59:59.999000+00:00,86.12,86.19244268,86.04361532,86.04361532,300
2026-03-23 02:00:00+00:00,2026-03-23 02:04:59.999000+00:00,86.04188119,86.17,86.02008463,86.09,300
2026-03-23 02:05:00+00:00,2026-03-23 02:09:59.999000+00:00,86.11,86.39,86.11,86.3781469,300
2026-03-23 02:10:00+00:00,2026-03-23 02:14:59.999000+00:00,86.37709791,86.44,86.0,86.05,300
2026-03-23 02:15:00+00:00,2026-03-23 02:19:59.999000+00:00,86.05,86.22484217,86.0,86.1896182,300
2026-03-23 02:20:00+00:00,2026-03-23 02:24:59.999000+00:00,86.19415796,86.39,86.19415796,86.35,300
2026-03-23 02:25:00+00:00,2026-03-23 02:29:59.999000+00:00,86.34065768,86.86085183,86.33,86.8151932,300
2026-03-23 02:30:00+00:00,2026-03-23 02:34:59.999000+00:00,86.81516814,86.95,86.73013322,86.77,300
2026-03-23 02:35:00+00:00,2026-03-23 02:39:59.999000+00:00,86.77,86.82,86.60498728,86.62,300
2026-03-23 02:40:00+00:00,2026-03-23 02:44:59.999000+00:00,86.62,86.89,86.60481074,86.62937156,300
2026-03-23 02:45:00+00:00,2026-03-23 02:49:59.999000+00:00,86.62342688,86.67,86.59238894,86.6219753,300
2026-03-23 02:50:00+00:00,2026-03-23 02:54:59.999000+00:00,86.62,86.68,86.48396806,86.54,300
2026-03-23 02:55:00+00:00,2026-03-23 02:59:59.999000+00:00,86.54,86.7,86.49,86.67795942,300
2026-03-23 03:00:00+00:00,2026-03-23 03:04:59.999000+00:00,86.67131416,87.14496017,86.66831932,86.99,300
2026-03-23 03:05:00+00:00,2026-03-23 03:09:59.999000+00:00,86.99,87.07638023,86.89852632,86.89852632,300
2026-03-23 03:10:00+00:00,2026-03-23 03:14:59.999000+00:00,86.8947657,86.95917652,86.66167166,86.68541851,300
2026-03-23 03:15:00+00:00,2026-03-23 03:19:59.999000+00:00,86.68541851,86.8,86.6304678,86.65438762,300
2026-03-23 03:20:00+00:00,2026-03-23 03:24:59.999000+00:00,86.65438762,86.78075146,86.56773383,86.6005753,300
2026-03-23 03:25:00+00:00,2026-03-23 03:29:59.999000+00:00,86.61,86.64,86.5,86.56,300
2026-03-23 03:30:00+00:00,2026-03-23 03:34:59.999000+00:00,86.55479314,86.59,86.45,86.58,300
2026-03-23 03:35:00+00:00,2026-03-23 03:39:59.999000+00:00,86.59,86.59,86.40457974,86.44,300
2026-03-23 03:40:00+00:00,2026-03-23 03:44:59.999000+00:00,86.44,86.51,86.36483701,86.51,300
2026-03-23 03:45:00+00:00,2026-03-23 03:49:59.999000+00:00,86.51,86.52414889,86.40061839,86.5,300
2026-03-23 03:50:00+00:00,2026-03-23 03:54:59.999000+00:00,86.5,86.57,86.38,86.38,300
2026-03-23 03:55:00+00:00,2026-03-23 03:59:59.999000+00:00,86.38,86.42,86.35446049,86.36,300
2026-03-23 04:00:00+00:00,2026-03-23 04:04:59.999000+00:00,86.37,86.49,86.33375927,86.41460423,300
2026-03-23 04:05:00+00:00,2026-03-23 04:09:59.999000+00:00,86.42,86.53,86.39,86.40593797,300
2026-03-23 04:10:00+00:00,2026-03-23 04:14:59.999000+00:00,86.40438534,86.49342443,86.38610048,86.41,300
2026-03-23 04:15:00+00:00,2026-03-23 04:19:59.999000+00:00,86.4,86.44,86.27534379,86.38115238,300
2026-03-23 04:20:00+00:00,2026-03-23 04:24:59.999000+00:00,86.38115238,86.52,86.36,86.42243061,300
2026-03-23 04:25:00+00:00,2026-03-23 04:29:59.999000+00:00,86.42243061,86.47,86.35311109,86.47,300
2026-03-23 04:30:00+00:00,2026-03-23 04:34:59.999000+00:00,86.46532924,86.55,86.45,86.54300864,300
2026-03-23 04:35:00+00:00,2026-03-23 04:39:59.999000+00:00,86.54371287,86.75060158,86.53805472,86.71,300
2026-03-23 04:40:00+00:00,2026-03-23 04:44:59.999000+00:00,86.71,86.74,86.52,86.55,300
2026-03-23 04:45:00+00:00,2026-03-23 04:49:59.999000+00:00,86.55,86.68276406,86.54027753,86.64,300
2026-03-23 04:50:00+00:00,2026-03-23 04:54:59.999000+00:00,86.64132375,86.88,86.59965656,86.85624295,300
2026-03-23 04:55:00+00:00,2026-03-23 04:59:59.999000+00:00,86.85662942,86.88,86.78,86.88,300
2026-03-23 05:00:00+00:00,2026-03-23 05:04:59.999000+00:00,86.88,87.1537391,86.88,87.03,300
2026-03-23 05:05:00+00:00,2026-03-23 05:09:59.999000+00:00,87.02,87.16,87.00524923,87.1,300
2026-03-23 05:10:00+00:00,2026-03-23 05:14:59.999000+00:00,87.1,87.22646356,87.04931772,87.19,300
2026-03-23 05:15:00+00:00,2026-03-23 05:19:59.999000+00:00,87.2,87.28,87.07,87.20463041,300
2026-03-23 05:20:00+00:00,2026-03-23 05:24:59.999000+00:00,87.19645125,87.19645125,87.0541807,87.0541807,300
2026-03-23 05:25:00+00:00,2026-03-23 05:29:59.999000+00:00,87.05403316,87.12,87.00556117,87.05,300
2026-03-23 05:30:00+00:00,2026-03-23 05:34:59.999000+00:00,87.0401372,87.08,86.85,87.05553734,300
2026-03-23 05:35:00+00:00,2026-03-23 05:39:59.999000+00:00,87.05368595,87.22,86.98,86.98,300
2026-03-23 05:40:00+00:00,2026-03-23 05:44:59.999000+00:00,86.99,87.00086461,86.88523872,86.89,300
2026-03-23 05:45:00+00:00,2026-03-23 05:49:59.999000+00:00,86.89,86.95,86.85,86.86,300
2026-03-23 05:50:00+00:00,2026-03-23 05:54:59.999000+00:00,86.87,86.98,86.81,86.98,300
2026-03-23 05:55:00+00:00,2026-03-23 05:59:59.999000+00:00,86.99,87.23,86.98759993,87.14,300
2026-03-23 06:00:00+00:00,2026-03-23 06:04:59.999000+00:00,87.13431225,87.13431225,86.84995671,86.87,300
2026-03-23 06:05:00+00:00,2026-03-23 06:09:59.999000+00:00,86.87,86.88,86.70516355,86.72788141,300
2026-03-23 06:10:00+00:00,2026-03-23 06:14:59.999000+00:00,86.74,86.8,86.49,86.5360966,300
2026-03-23 06:15:00+00:00,2026-03-23 06:19:59.999000+00:00,86.54,86.66,86.45,86.54645889,300
2026-03-23 06:20:00+00:00,2026-03-23 06:24:59.999000+00:00,86.55,86.55,86.37,86.53341898,300
2026-03-23 06:25:00+00:00,2026-03-23 06:29:59.999000+00:00,86.52201544,86.64094095,86.49766662,86.54535282,300
2026-03-23 06:30:00+00:00,2026-03-23 06:34:59.999000+00:00,86.56,86.57,86.39074806,86.39324361,300
2026-03-23 06:35:00+00:00,2026-03-23 06:39:59.999000+00:00,86.3904008,86.41,85.73587551,85.85,300
2026-03-23 06:40:00+00:00,2026-03-23 06:44:59.999000+00:00,85.86,86.02469373,85.51,85.6164131,300
2026-03-23 06:45:00+00:00,2026-03-23 06:49:59.999000+00:00,85.62,85.83,85.44,85.61441578,300
2026-03-23 06:50:00+00:00,2026-03-23 06:54:59.999000+00:00,85.60638461,85.74,85.45601638,85.6509823,300
2026-03-23 06:55:00+00:00,2026-03-23 06:59:59.999000+00:00,85.65039799,85.70472669,85.52,85.68126436,300
2026-03-23 07:00:00+00:00,2026-03-23 07:04:59.999000+00:00,85.68126436,85.7,85.37913002,85.38115102,300
2026-03-23 07:05:00+00:00,2026-03-23 07:09:59.999000+00:00,85.36845508,85.62,85.12290952,85.45100986,300
2026-03-23 07:10:00+00:00,2026-03-23 07:14:59.999000+00:00,85.46,85.64,85.36997895,85.56,300
2026-03-23 07:15:00+00:00,2026-03-23 07:19:59.999000+00:00,85.5549416,85.63,85.4355803,85.58389327,300
2026-03-23 07:20:00+00:00,2026-03-23 07:24:59.999000+00:00,85.58004616,85.6,85.06404962,85.21021959,300
2026-03-23 07:25:00+00:00,2026-03-23 07:29:59.999000+00:00,85.21,85.34603956,85.09570955,85.31550725,300
2026-03-23 07:30:00+00:00,2026-03-23 07:34:59.999000+00:00,85.31103307,85.68,85.25098311,85.60093675,300
2026-03-23 07:35:00+00:00,2026-03-23 07:39:59.999000+00:00,85.60455041,86.04,85.58786683,85.93739363,300
2026-03-23 07:40:00+00:00,2026-03-23 07:44:59.999000+00:00,85.93884321,86.1,85.86508409,86.08010415,300
2026-03-23 07:45:00+00:00,2026-03-23 07:49:59.999000+00:00,86.09,86.18,86.0016157,86.01721622,300
2026-03-23 07:50:00+00:00,2026-03-23 07:54:59.999000+00:00,86.01,86.10489613,85.9645805,86.02544618,300
2026-03-23 07:55:00+00:00,2026-03-23 07:59:59.999000+00:00,86.02873701,86.09,85.88165987,85.94,300
2026-03-23 08:00:00+00:00,2026-03-23 08:04:59.999000+00:00,85.93,86.0704494,85.93,86.0,277
2026-03-23 08:05:00+00:00,2026-03-23 08:09:59.999000+00:00,85.99934335,86.29,85.93,86.26359232,300
2026-03-23 08:10:00+00:00,2026-03-23 08:14:59.999000+00:00,86.26262225,86.40265202,86.13189868,86.33,300
2026-03-23 08:15:00+00:00,2026-03-23 08:19:59.999000+00:00,86.34,86.41848221,86.118811,86.2,300
2026-03-23 08:20:00+00:00,2026-03-23 08:24:59.999000+00:00,86.22,86.33,86.06008707,86.25,300
2026-03-23 08:25:00+00:00,2026-03-23 08:29:59.999000+00:00,86.25042855,86.2803915,86.17151486,86.17151486,300
2026-03-23 08:30:00+00:00,2026-03-23 08:34:59.999000+00:00,86.18,86.41,86.11,86.31,300
2026-03-23 08:35:00+00:00,2026-03-23 08:39:59.999000+00:00,86.31,86.32,86.1,86.14132799,300
2026-03-23 08:40:00+00:00,2026-03-23 08:44:59.999000+00:00,86.15,86.26,86.00437412,86.08035497,300
2026-03-23 08:45:00+00:00,2026-03-23 08:49:59.999000+00:00,86.08178366,86.21,86.01886451,86.03,300
2026-03-23 08:50:00+00:00,2026-03-23 08:54:59.999000+00:00,86.03,86.17,85.99044543,86.02694236,300
2026-03-23 08:55:00+00:00,2026-03-23 08:59:59.999000+00:00,86.02758898,86.03,85.83497338,85.90242345,300
2026-03-23 09:00:00+00:00,2026-03-23 09:04:59.999000+00:00,85.90263464,85.97099524,85.67107885,85.67107885,300
2026-03-23 09:05:00+00:00,2026-03-23 09:09:59.999000+00:00,85.6546965,85.72,85.56392845,85.72,300
2026-03-23 09:10:00+00:00,2026-03-23 09:14:59.999000+00:00,85.72,85.74,85.66537625,85.73,300
2026-03-23 09:15:00+00:00,2026-03-23 09:19:59.999000+00:00,85.72584573,85.84,85.63,85.69,300
2026-03-23 09:20:00+00:00,2026-03-23 09:24:59.999000+00:00,85.69,85.88,85.64033304,85.65014734,300
2026-03-23 09:25:00+00:00,2026-03-23 09:29:59.999000+00:00,85.6502805,85.8,85.57716677,85.8,300
2026-03-23 09:30:00+00:00,2026-03-23 09:34:59.999000+00:00,85.8,85.8,85.35,85.36,300
2026-03-23 09:35:00+00:00,2026-03-23 09:39:59.999000+00:00,85.36,85.50285554,85.13,85.44912691,300
2026-03-23 09:40:00+00:00,2026-03-23 09:44:59.999000+00:00,85.45007201,85.54,85.35534303,85.45,300
2026-03-23 09:45:00+00:00,2026-03-23 09:49:59.999000+00:00,85.45,85.63,85.44059521,85.52,300
2026-03-23 09:50:00+00:00,2026-03-23 09:54:59.999000+00:00,85.53,85.59,85.47529248,85.54,300
2026-03-23 09:55:00+00:00,2026-03-23 09:59:59.999000+00:00,85.54,85.72,85.54,85.72,300
2026-03-23 10:00:00+00:00,2026-03-23 10:04:59.999000+00:00,85.71228847,85.85328216,85.61,85.85211878,300
2026-03-23 10:05:00+00:00,2026-03-23 10:09:59.999000+00:00,85.85211878,86.19427728,85.85211878,86.13703607,300
2026-03-23 10:10:00+00:00,2026-03-23 10:14:59.999000+00:00,86.1357498,86.29,86.06912631,86.0739893,300
2026-03-23 10:15:00+00:00,2026-03-23 10:19:59.999000+00:00,86.07270392,86.13080827,85.93118251,85.95,300
2026-03-23 10:20:00+00:00,2026-03-23 10:24:59.999000+00:00,85.94,85.96,85.830634,85.9,300
2026-03-23 10:25:00+00:00,2026-03-23 10:29:59.999000+00:00,85.91,85.98009963,85.85495287,85.92641782,300
2026-03-23 10:30:00+00:00,2026-03-23 10:34:59.999000+00:00,85.93,85.98,85.86,85.9,300
2026-03-23 10:35:00+00:00,2026-03-23 10:39:59.999000+00:00,85.9,85.98,85.78128938,85.80237543,300
2026-03-23 10:40:00+00:00,2026-03-23 10:44:59.999000+00:00,85.80237543,85.91,85.74,85.86,300
2026-03-23 10:45:00+00:00,2026-03-23 10:49:59.999000+00:00,85.85801098,85.86,85.67,85.72,300
2026-03-23 10:50:00+00:00,2026-03-23 10:54:59.999000+00:00,85.73,86.06,85.72,85.99,300
2026-03-23 10:55:00+00:00,2026-03-23 10:59:59.999000+00:00,85.98576654,86.1,85.98,86.0210418,300
2026-03-23 11:00:00+00:00,2026-03-23 11:04:59.999000+00:00,86.0210418,86.22,86.00813867,86.03,300
2026-03-23 11:05:00+00:00,2026-03-23 11:09:59.999000+00:00,86.03,91.16,86.02,90.65595877,300
2026-03-23 11:10:00+00:00,2026-03-23 11:14:59.999000+00:00,90.68456834,91.85637127,90.27331278,90.69988019,300
2026-03-23 11:15:00+00:00,2026-03-23 11:19:59.999000+00:00,90.68,91.43457021,90.34,90.43,300
2026-03-23 11:20:00+00:00,2026-03-23 11:24:59.999000+00:00,90.41,90.70696696,89.61,89.91,300
2026-03-23 11:25:00+00:00,2026-03-23 11:29:59.999000+00:00,89.96,90.60898557,89.94,90.3,300
2026-03-23 11:30:00+00:00,2026-03-23 11:34:59.999000+00:00,90.29,90.89500688,90.29,90.61,300
2026-03-23 11:35:00+00:00,2026-03-23 11:39:59.999000+00:00,90.61503001,90.62,89.69484464,89.89589146,300
2026-03-23 11:40:00+00:00,2026-03-23 11:44:59.999000+00:00,89.89706276,90.05,89.82,89.86,300
2026-03-23 11:45:00+00:00,2026-03-23 11:49:59.999000+00:00,89.86167977,89.96,88.94700994,89.49,300
2026-03-23 11:50:00+00:00,2026-03-23 11:54:59.999000+00:00,89.5,89.64,89.14,89.56612245,300
2026-03-23 11:55:00+00:00,2026-03-23 11:59:59.999000+00:00,89.56472007,89.56511252,88.67650874,88.72816372,300
2026-03-23 12:00:00+00:00,2026-03-23 12:04:59.999000+00:00,88.76,89.03,88.32291233,88.87244861,300
2026-03-23 12:05:00+00:00,2026-03-23 12:09:59.999000+00:00,88.86038364,89.27012276,88.66310916,89.25721217,300
2026-03-23 12:10:00+00:00,2026-03-23 12:14:59.999000+00:00,89.24334882,89.33,89.06,89.10958639,300
2026-03-23 12:15:00+00:00,2026-03-23 12:19:59.999000+00:00,89.0823529,89.46,89.05147135,89.44187299,300
2026-03-23 12:20:00+00:00,2026-03-23 12:24:59.999000+00:00,89.44321216,89.74,89.36778302,89.49,300
2026-03-23 12:25:00+00:00,2026-03-23 12:29:59.999000+00:00,89.5,89.70732045,89.3774802,89.58968875,300
2026-03-23 12:30:00+00:00,2026-03-23 12:34:59.999000+00:00,89.59506341,89.72,89.34,89.69,300
2026-03-23 12:35:00+00:00,2026-03-23 12:39:59.999000+00:00,89.7,90.09106505,89.5470048,89.6,300
2026-03-23 12:40:00+00:00,2026-03-23 12:44:59.999000+00:00,89.58364053,90.37,89.42098626,90.23644871,300
2026-03-23 12:45:00+00:00,2026-03-23 12:49:59.999000+00:00,90.24339798,90.45,90.14,90.27,300
2026-03-23 12:50:00+00:00,2026-03-23 12:54:59.999000+00:00,90.27,90.45,90.1,90.11051406,300
2026-03-23 12:55:00+00:00,2026-03-23 12:59:59.999000+00:00,90.12,90.28,90.05,90.1848539,300
2026-03-23 13:00:00+00:00,2026-03-23 13:04:59.999000+00:00,90.18372343,90.46,90.02,90.06156802,300
2026-03-23 13:05:00+00:00,2026-03-23 13:09:59.999000+00:00,90.05417941,90.07,89.88224928,89.95,300
2026-03-23 13:10:00+00:00,2026-03-23 13:14:59.999000+00:00,89.93067129,90.08,89.86,89.95,300
2026-03-23 13:15:00+00:00,2026-03-23 13:19:59.999000+00:00,89.95094444,90.2,89.95094444,90.03,300
2026-03-23 13:20:00+00:00,2026-03-23 13:24:59.999000+00:00,90.02679425,90.34,90.02123284,90.29,300
2026-03-23 13:25:00+00:00,2026-03-23 13:29:59.999000+00:00,90.29,90.29,90.06461573,90.13,300
2026-03-23 13:30:00+00:00,2026-03-23 13:34:59.999000+00:00,90.13,90.23,89.8538036,90.13,300
2026-03-23 13:35:00+00:00,2026-03-23 13:39:59.999000+00:00,90.13,90.72491379,90.11,90.63,300
2026-03-23 13:40:00+00:00,2026-03-23 13:44:59.999000+00:00,90.64,91.19082078,90.44577123,90.9170521,300
2026-03-23 13:45:00+00:00,2026-03-23 13:49:59.999000+00:00,90.90440603,91.01,90.67666576,90.92,300
2026-03-23 13:50:00+00:00,2026-03-23 13:54:59.999000+00:00,90.93,91.44,90.91486222,91.18,300
2026-03-23 13:55:00+00:00,2026-03-23 13:59:59.999000+00:00,91.17924488,91.32,90.95934104,91.29,300
2026-03-23 14:00:00+00:00,2026-03-23 14:04:59.999000+00:00,91.31,91.59,91.21798843,91.33,300
2026-03-23 14:05:00+00:00,2026-03-23 14:09:59.999000+00:00,91.34,91.56,91.09221153,91.48,300
2026-03-23 14:10:00+00:00,2026-03-23 14:14:59.999000+00:00,91.49,91.65,91.11217175,91.18,300
2026-03-23 14:15:00+00:00,2026-03-23 14:19:59.999000+00:00,91.17206531,91.63530359,91.17,91.44,300
2026-03-23 14:20:00+00:00,2026-03-23 14:24:59.999000+00:00,91.44,91.69,91.2870079,91.55801027,300
2026-03-23 14:25:00+00:00,2026-03-23 14:29:59.999000+00:00,91.55801027,91.66,91.23,91.47359552,300
2026-03-23 14:30:00+00:00,2026-03-23 14:34:59.999000+00:00,91.47318701,91.61,91.20146392,91.21,300
2026-03-23 14:35:00+00:00,2026-03-23 14:39:59.999000+00:00,91.22,91.62118518,91.22,91.49,300
2026-03-23 14:40:00+00:00,2026-03-23 14:44:59.999000+00:00,91.49,91.54,91.32127362,91.4,300
2026-03-23 14:45:00+00:00,2026-03-23 14:49:59.999000+00:00,91.38999083,91.47,91.09965731,91.15,300
2026-03-23 14:50:00+00:00,2026-03-23 14:54:59.999000+00:00,91.14,91.23600789,91.03,91.14498629,300
2026-03-23 14:55:00+00:00,2026-03-23 14:59:59.999000+00:00,91.14205266,91.59,91.14205266,91.50751655,300
2026-03-23 15:00:00+00:00,2026-03-23 15:04:59.999000+00:00,91.48855101,92.12,91.48123929,92.1,300
2026-03-23 15:05:00+00:00,2026-03-23 15:09:59.999000+00:00,92.10601413,92.23,91.99223116,91.99449731,300
2026-03-23 15:10:00+00:00,2026-03-23 15:14:59.999000+00:00,92.0,92.0,91.67314401,91.67780843,300
2026-03-23 15:15:00+00:00,2026-03-23 15:19:59.999000+00:00,91.68,91.7578876,91.39,91.41,300
2026-03-23 15:20:00+00:00,2026-03-23 15:24:59.999000+00:00,91.42,91.44036221,91.13661996,91.32704251,300
2026-03-23 15:25:00+00:00,2026-03-23 15:29:59.999000+00:00,91.33115547,91.33115547,91.04496537,91.10185676,300
2026-03-23 15:30:00+00:00,2026-03-23 15:34:59.999000+00:00,91.09680593,91.18,90.71,90.74,300
2026-03-23 15:35:00+00:00,2026-03-23 15:39:59.999000+00:00,90.74,90.93,90.52462416,90.6593141,300
2026-03-23 15:40:00+00:00,2026-03-23 15:44:59.999000+00:00,90.62271601,90.67,90.33659401,90.49,300
2026-03-23 15:45:00+00:00,2026-03-23 15:49:59.999000+00:00,90.4889733,90.78,90.25702021,90.72561082,300
2026-03-23 15:50:00+00:00,2026-03-23 15:54:59.999000+00:00,90.72035201,90.81,89.96617366,90.12,300
2026-03-23 15:55:00+00:00,2026-03-23 15:59:59.999000+00:00,90.11137475,90.11361062,89.77144921,89.92,300
2026-03-23 16:00:00+00:00,2026-03-23 16:04:59.999000+00:00,89.91614011,90.17,89.90844112,90.07597782,300
2026-03-23 16:05:00+00:00,2026-03-23 16:09:59.999000+00:00,90.07236169,90.37,90.01361321,90.2,300
2026-03-23 16:10:00+00:00,2026-03-23 16:14:59.999000+00:00,90.2,90.35,90.11,90.30328948,300
2026-03-23 16:15:00+00:00,2026-03-23 16:19:59.999000+00:00,90.27477664,90.39,90.03035157,90.03035157,300
2026-03-23 16:20:00+00:00,2026-03-23 16:24:59.999000+00:00,90.05,90.11,89.71,89.86312899,300
2026-03-23 16:25:00+00:00,2026-03-23 16:29:59.999000+00:00,89.86388987,89.86388987,89.47,89.51,300
2026-03-23 16:30:00+00:00,2026-03-23 16:34:59.999000+00:00,89.52,89.69,89.36065894,89.55011091,300
2026-03-23 16:35:00+00:00,2026-03-23 16:39:59.999000+00:00,89.58,89.97,89.57650184,89.79,300
2026-03-23 16:40:00+00:00,2026-03-23 16:44:59.999000+00:00,89.79,89.99800935,89.74120705,89.95507255,300
2026-03-23 16:45:00+00:00,2026-03-23 16:49:59.999000+00:00,89.96,90.36,89.94,90.33305473,300
2026-03-23 16:50:00+00:00,2026-03-23 16:54:59.999000+00:00,90.33261883,90.41,90.16920498,90.19060508,300
2026-03-23 16:55:00+00:00,2026-03-23 16:59:59.999000+00:00,90.2,90.32,90.14808493,90.3,300
2026-03-23 17:00:00+00:00,2026-03-23 17:04:59.999000+00:00,90.29274555,90.47,90.22233922,90.35805787,300
2026-03-23 17:05:00+00:00,2026-03-23 17:09:59.999000+00:00,90.35,90.53,90.12,90.33582416,300
2026-03-23 17:10:00+00:00,2026-03-23 17:14:59.999000+00:00,90.31644895,90.4,90.21,90.21,300
2026-03-23 17:15:00+00:00,2026-03-23 17:19:59.999000+00:00,90.2,90.24,89.88,89.94,300
2026-03-23 17:20:00+00:00,2026-03-23 17:24:59.999000+00:00,89.94,89.95,89.66015704,89.82858489,300
2026-03-23 17:25:00+00:00,2026-03-23 17:29:59.999000+00:00,89.83,90.14,89.8,89.97831702,300
2026-03-23 17:30:00+00:00,2026-03-23 17:34:59.999000+00:00,89.96745567,90.63743888,89.93855317,90.63743888,300
2026-03-23 17:35:00+00:00,2026-03-23 17:39:59.999000+00:00,90.65,91.04,90.54339153,90.84,300
2026-03-23 17:40:00+00:00,2026-03-23 17:44:59.999000+00:00,90.85,91.07,90.82,90.88,300
2026-03-23 17:45:00+00:00,2026-03-23 17:49:59.999000+00:00,90.88,91.1,90.83828087,91.1,300
2026-03-23 17:50:00+00:00,2026-03-23 17:54:59.999000+00:00,91.12,91.27,91.08207123,91.27,300
2026-03-23 17:55:00+00:00,2026-03-23 17:59:59.999000+00:00,91.26734407,91.34,91.13,91.22,300
2026-03-23 18:00:00+00:00,2026-03-23 18:04:59.999000+00:00,91.21945843,91.37,91.18071195,91.31,300
2026-03-23 18:05:00+00:00,2026-03-23 18:09:59.999000+00:00,91.30970012,91.31413437,90.88341557,91.0,300
2026-03-23 18:10:00+00:00,2026-03-23 18:14:59.999000+00:00,91.0,91.23,90.98678915,91.07661244,300
2026-03-23 18:15:00+00:00,2026-03-23 18:19:59.999000+00:00,91.08,91.24,91.06127106,91.13,300
2026-03-23 18:20:00+00:00,2026-03-23 18:24:59.999000+00:00,91.13,91.15,90.95943107,91.07,300
2026-03-23 18:25:00+00:00,2026-03-23 18:29:59.999000+00:00,91.09,91.28,91.03128858,91.2221778,300
2026-03-23 18:30:00+00:00,2026-03-23 18:34:59.999000+00:00,91.22,91.66,91.22,91.54,300
2026-03-23 18:35:00+00:00,2026-03-23 18:39:59.999000+00:00,91.54,91.73,91.38466816,91.46,300
2026-03-23 18:40:00+00:00,2026-03-23 18:44:59.999000+00:00,91.46,91.51,91.37,91.43,300
2026-03-23 18:45:00+00:00,2026-03-23 18:49:59.999000+00:00,91.42425115,91.75931679,91.42425115,91.56417187,300
2026-03-23 18:50:00+00:00,2026-03-23 18:54:59.999000+00:00,91.56417187,91.58,91.36003507,91.47,300
2026-03-23 18:55:00+00:00,2026-03-23 18:59:59.999000+00:00,91.5,91.64,91.39356839,91.59,300
2026-03-23 19:00:00+00:00,2026-03-23 19:04:59.999000+00:00,91.57809248,91.69,91.4986593,91.65,300
2026-03-23 19:05:00+00:00,2026-03-23 19:09:59.999000+00:00,91.66,91.86,91.33499314,91.54865999,300
2026-03-23 19:10:00+00:00,2026-03-23 19:14:59.999000+00:00,91.54866539,91.58,91.4336003,91.4336003,300
2026-03-23 19:15:00+00:00,2026-03-23 19:19:59.999000+00:00,91.43704776,91.48,91.23653183,91.44,300
2026-03-23 19:20:00+00:00,2026-03-23 19:24:59.999000+00:00,91.4308203,91.6,91.33104201,91.59,300
2026-03-23 19:25:00+00:00,2026-03-23 19:29:59.999000+00:00,91.58658974,91.71012092,91.57,91.65,300
2026-03-23 19:30:00+00:00,2026-03-23 19:34:59.999000+00:00,91.65,91.71,91.5545531,91.56374645,300
2026-03-23 19:35:00+00:00,2026-03-23 19:39:59.999000+00:00,91.56236499,91.64334416,91.55259275,91.59718526,300
2026-03-23 19:40:00+00:00,2026-03-23 19:44:59.999000+00:00,91.6,91.60174878,91.49,91.57,300
2026-03-23 19:45:00+00:00,2026-03-23 19:49:59.999000+00:00,91.57,91.71,91.47185483,91.51,300
2026-03-23 19:50:00+00:00,2026-03-23 19:54:59.999000+00:00,91.51,91.51,91.29,91.34,300
2026-03-23 19:55:00+00:00,2026-03-23 19:59:59.999000+00:00,91.34,91.45,91.25,91.4224292,300
2026-03-23 20:00:00+00:00,2026-03-23 20:04:59.999000+00:00,91.37453866,91.44,91.2049125,91.39,300
2026-03-23 20:05:00+00:00,2026-03-23 20:09:59.999000+00:00,91.4,91.51,91.4,91.51,300
2026-03-23 20:10:00+00:00,2026-03-23 20:14:59.999000+00:00,91.51,91.58,91.45636114,91.58,300
2026-03-23 20:15:00+00:00,2026-03-23 20:19:59.999000+00:00,91.57475855,91.72,91.56318735,91.57247949,300
2026-03-23 20:20:00+00:00,2026-03-23 20:24:59.999000+00:00,91.58,91.73,91.56661121,91.62,300
2026-03-23 20:25:00+00:00,2026-03-23 20:29:59.999000+00:00,91.62,91.62,91.49,91.52,300
2026-03-23 20:30:00+00:00,2026-03-23 20:34:59.999000+00:00,91.52,91.66,91.50137958,91.64014116,300
2026-03-23 20:35:00+00:00,2026-03-23 20:39:59.999000+00:00,91.64321956,91.91769252,91.64108159,91.81,300
2026-03-23 20:40:00+00:00,2026-03-23 20:44:59.999000+00:00,91.81,92.0,91.78,91.93704848,300
2026-03-23 20:45:00+00:00,2026-03-23 20:49:59.999000+00:00,91.93715319,91.99,91.80731759,91.80731759,300
2026-03-23 20:50:00+00:00,2026-03-23 20:54:59.999000+00:00,91.81,91.84117371,91.72427033,91.83634659,300
2026-03-23 20:55:00+00:00,2026-03-23 20:59:59.999000+00:00,91.84,91.86,91.74562554,91.75,300
2026-03-23 21:00:00+00:00,2026-03-23 21:04:59.999000+00:00,91.75,91.84,91.61421547,91.61421547,300
2026-03-23 21:05:00+00:00,2026-03-23 21:09:59.999000+00:00,91.62,91.66,91.61,91.62,300
2026-03-23 21:10:00+00:00,2026-03-23 21:14:59.999000+00:00,91.62,91.66,91.54,91.57,300
2026-03-23 21:15:00+00:00,2026-03-23 21:19:59.999000+00:00,91.58,91.65,91.55666615,91.56,300
2026-03-23 21:20:00+00:00,2026-03-23 21:24:59.999000+00:00,91.56,91.61440676,91.51383375,91.55,300
2026-03-23 21:25:00+00:00,2026-03-23 21:29:59.999000+00:00,91.55,91.57,91.47495849,91.52,300
2026-03-23 21:30:00+00:00,2026-03-23 21:34:59.999000+00:00,91.51831605,91.82,91.51127653,91.79598058,300
2026-03-23 21:35:00+00:00,2026-03-23 21:39:59.999000+00:00,91.78671804,91.93,91.77,91.9027958,300
2026-03-23 21:40:00+00:00,2026-03-23 21:44:59.999000+00:00,91.90297264,91.92,91.76,91.83,300
2026-03-23 21:45:00+00:00,2026-03-23 21:49:59.999000+00:00,91.83,91.83,91.66,91.71,300
2026-03-23 21:50:00+00:00,2026-03-23 21:54:59.999000+00:00,91.70862608,91.81,91.69511173,91.69511173,300
2026-03-23 21:55:00+00:00,2026-03-23 21:59:59.999000+00:00,91.69,91.73,91.53195068,91.59,300
2026-03-23 22:00:00+00:00,2026-03-23 22:04:59.999000+00:00,91.58,91.66,91.22651626,91.29,300
2026-03-23 22:05:00+00:00,2026-03-23 22:09:59.999000+00:00,91.29325037,91.37,91.28,91.30672889,300
2026-03-23 22:10:00+00:00,2026-03-23 22:14:59.999000+00:00,91.30672889,91.35450463,91.21015879,91.31,300
2026-03-23 22:15:00+00:00,2026-03-23 22:19:59.999000+00:00,91.31,91.73181032,91.15246267,91.73129461,300
2026-03-23 22:20:00+00:00,2026-03-23 22:24:59.999000+00:00,91.73291736,91.88,91.58910546,91.63,300
2026-03-23 22:25:00+00:00,2026-03-23 22:29:59.999000+00:00,91.63,91.65,91.56496053,91.5752284,300
2026-03-23 22:30:00+00:00,2026-03-23 22:34:59.999000+00:00,91.57602862,91.58,91.33,91.46653605,300
2026-03-23 22:35:00+00:00,2026-03-23 22:39:59.999000+00:00,91.45653102,91.6016305,91.43546688,91.45,300
2026-03-23 22:40:00+00:00,2026-03-23 22:44:59.999000+00:00,91.45,91.48,91.36,91.48,300
2026-03-23 22:45:00+00:00,2026-03-23 22:49:59.999000+00:00,91.48,91.53,91.37,91.43,300
2026-03-23 22:50:00+00:00,2026-03-23 22:54:59.999000+00:00,91.43,91.60289874,91.42876547,91.54,300
2026-03-23 22:55:00+00:00,2026-03-23 22:59:59.999000+00:00,91.56,91.56,91.43,91.49673395,300
2026-03-23 23:00:00+00:00,2026-03-23 23:04:59.999000+00:00,91.49323568,91.50089534,91.34603704,91.41,300
2026-03-23 23:05:00+00:00,2026-03-23 23:09:59.999000+00:00,91.41,91.45,91.14676145,91.14676145,300
2026-03-23 23:10:00+00:00,2026-03-23 23:14:59.999000+00:00,91.13440923,91.3,91.02,91.28495338,300
2026-03-23 23:15:00+00:00,2026-03-23 23:19:59.999000+00:00,91.28351491,91.29646826,91.11369942,91.11573633,300
2026-03-23 23:20:00+00:00,2026-03-23 23:24:59.999000+00:00,91.12,91.14,90.94834779,91.08650413,300
2026-03-23 23:25:00+00:00,2026-03-23 23:29:59.999000+00:00,91.09036825,91.37109235,91.04,91.26,300
2026-03-23 23:30:00+00:00,2026-03-23 23:34:59.999000+00:00,91.26,91.27,91.08,91.11,300
2026-03-23 23:35:00+00:00,2026-03-23 23:39:59.999000+00:00,91.11,91.23,91.10390269,91.2,300
2026-03-23 23:40:00+00:00,2026-03-23 23:44:59.999000+00:00,91.21,91.3829299,91.2,91.29172321,300
2026-03-23 23:45:00+00:00,2026-03-23 23:49:59.999000+00:00,91.29172321,91.34,91.17069333,91.29258676,300
2026-03-23 23:50:00+00:00,2026-03-23 23:54:59.999000+00:00,91.29256896,91.36,91.24003613,91.31,300
2026-03-23 23:55:00+00:00,2026-03-23 23:59:59.999000+00:00,91.3105677,91.51667654,91.3,91.4,300
2026-03-24 00:00:00+00:00,2026-03-24 00:04:59.999000+00:00,91.4,91.63330769,91.39136928,91.41,300
2026-03-24 00:05:00+00:00,2026-03-24 00:09:59.999000+00:00,91.41,91.45,91.28604445,91.31,300
2026-03-24 00:10:00+00:00,2026-03-24 00:14:59.999000+00:00,91.31,91.51,91.29281266,91.3350529,300
2026-03-24 00:15:00+00:00,2026-03-24 00:19:59.999000+00:00,91.33032451,91.35,91.07916695,91.27699969,300
2026-03-24 00:20:00+00:00,2026-03-24 00:24:59.999000+00:00,91.27197878,91.29,91.10072692,91.24430997,300
2026-03-24 00:25:00+00:00,2026-03-24 00:29:59.999000+00:00,91.24111744,91.35,90.97686421,91.03,300
2026-03-24 00:30:00+00:00,2026-03-24 00:34:59.999000+00:00,91.03,91.15,90.85919771,91.00415517,300
2026-03-24 00:35:00+00:00,2026-03-24 00:39:59.999000+00:00,91.00038189,91.12452667,90.60017402,90.89,300
2026-03-24 00:40:00+00:00,2026-03-24 00:44:59.999000+00:00,90.87,91.1,90.81416459,90.96213189,300
2026-03-24 00:45:00+00:00,2026-03-24 00:49:59.999000+00:00,90.96,91.23134623,90.95,90.96,300
2026-03-24 00:50:00+00:00,2026-03-24 00:54:59.999000+00:00,90.95,91.22500275,90.95,91.15,300
2026-03-24 00:55:00+00:00,2026-03-24 00:59:59.999000+00:00,91.15,91.18,90.95287463,90.95884526,300
2026-03-24 01:00:00+00:00,2026-03-24 01:04:59.999000+00:00,90.95710361,91.0,90.78159884,90.80569785,300
2026-03-24 01:05:00+00:00,2026-03-24 01:09:59.999000+00:00,90.80825801,90.9,90.73046958,90.83116397,300
2026-03-24 01:10:00+00:00,2026-03-24 01:14:59.999000+00:00,90.82103786,90.99671754,90.71000687,90.76069892,300
2026-03-24 01:15:00+00:00,2026-03-24 01:19:59.999000+00:00,90.77,90.78,90.61,90.76,300
2026-03-24 01:20:00+00:00,2026-03-24 01:24:59.999000+00:00,90.76,91.0,90.76,90.86,300
2026-03-24 01:25:00+00:00,2026-03-24 01:29:59.999000+00:00,90.86,91.02,90.81775689,90.95,300
2026-03-24 01:30:00+00:00,2026-03-24 01:34:59.999000+00:00,90.94901792,90.96,90.66,90.81,300
2026-03-24 01:35:00+00:00,2026-03-24 01:39:59.999000+00:00,90.79641937,90.86,90.30444559,90.30444559,300
2026-03-24 01:40:00+00:00,2026-03-24 01:44:59.999000+00:00,90.30353931,90.44,90.14,90.3,300
2026-03-24 01:45:00+00:00,2026-03-24 01:49:59.999000+00:00,90.32,90.39,90.22873817,90.29831752,300
2026-03-24 01:50:00+00:00,2026-03-24 01:54:59.999000+00:00,90.29723963,90.61091379,90.29723963,90.53,300
2026-03-24 01:55:00+00:00,2026-03-24 01:59:59.999000+00:00,90.52,90.56306603,90.35314514,90.36431593,300
2026-03-24 02:00:00+00:00,2026-03-24 02:04:59.999000+00:00,90.37,90.72651459,90.21070742,90.57132152,300
2026-03-24 02:05:00+00:00,2026-03-24 02:09:59.999000+00:00,90.56993559,90.57,90.39,90.51,300
2026-03-24 02:10:00+00:00,2026-03-24 02:14:59.999000+00:00,90.53,90.53,90.23914186,90.27,300
2026-03-24 02:15:00+00:00,2026-03-24 02:19:59.999000+00:00,90.28,90.34487695,90.20957021,90.29,300
2026-03-24 02:20:00+00:00,2026-03-24 02:24:59.999000+00:00,90.28607814,90.51,90.25,90.35,300
2026-03-24 02:25:00+00:00,2026-03-24 02:29:59.999000+00:00,90.35069824,90.41,90.2,90.35,300
2026-03-24 02:30:00+00:00,2026-03-24 02:34:59.999000+00:00,90.34,90.43,90.28464595,90.41,300
2026-03-24 02:35:00+00:00,2026-03-24 02:39:59.999000+00:00,90.41,90.54935401,90.2,90.2,300
2026-03-24 02:40:00+00:00,2026-03-24 02:44:59.999000+00:00,90.2,90.38,90.07109904,90.35,300
2026-03-24 02:45:00+00:00,2026-03-24 02:49:59.999000+00:00,90.34784712,90.41,90.22591819,90.3170141,300
2026-03-24 02:50:00+00:00,2026-03-24 02:54:59.999000+00:00,90.3104232,90.3104232,90.15,90.18,300
2026-03-24 02:55:00+00:00,2026-03-24 02:59:59.999000+00:00,90.19,90.22,90.07,90.1,300
2026-03-24 03:00:00+00:00,2026-03-24 03:04:59.999000+00:00,90.1,90.11,89.97,90.06,300
2026-03-24 03:05:00+00:00,2026-03-24 03:09:59.999000+00:00,90.06,90.14703856,89.93246052,89.96,300
2026-03-24 03:10:00+00:00,2026-03-24 03:14:59.999000+00:00,89.97,90.06,89.91687565,89.96567391,300
2026-03-24 03:15:00+00:00,2026-03-24 03:19:59.999000+00:00,89.96610787,90.1,89.96506094,90.03368122,300
2026-03-24 03:20:00+00:00,2026-03-24 03:24:59.999000+00:00,90.03249815,90.26456496,90.00419597,90.14,300
2026-03-24 03:25:00+00:00,2026-03-24 03:29:59.999000+00:00,90.15,90.26505504,90.13803806,90.2,300
2026-03-24 03:30:00+00:00,2026-03-24 03:34:59.999000+00:00,90.2,90.25,90.07373666,90.1,300
2026-03-24 03:35:00+00:00,2026-03-24 03:39:59.999000+00:00,90.09338167,90.15,89.99,90.09388435,300
2026-03-24 03:40:00+00:00,2026-03-24 03:44:59.999000+00:00,90.09186685,90.22071925,90.09186685,90.13,300
2026-03-24 03:45:00+00:00,2026-03-24 03:49:59.999000+00:00,90.13270904,90.17,90.0,90.05,300
2026-03-24 03:50:00+00:00,2026-03-24 03:54:59.999000+00:00,90.04,90.23,89.92155185,90.23,300
2026-03-24 03:55:00+00:00,2026-03-24 03:59:59.999000+00:00,90.22774977,90.31,90.22,90.3,300
2026-03-24 04:00:00+00:00,2026-03-24 04:04:59.999000+00:00,90.29639912,90.51,90.29088115,90.51,300
2026-03-24 04:05:00+00:00,2026-03-24 04:09:59.999000+00:00,90.51,90.75,90.49389427,90.60842833,300
2026-03-24 04:10:00+00:00,2026-03-24 04:14:59.999000+00:00,90.61,90.68402447,90.58,90.63208281,300
2026-03-24 04:15:00+00:00,2026-03-24 04:19:59.999000+00:00,90.64,90.64,90.49041674,90.57,300
2026-03-24 04:20:00+00:00,2026-03-24 04:24:59.999000+00:00,90.56301719,90.61,90.51083684,90.56880159,300
2026-03-24 04:25:00+00:00,2026-03-24 04:29:59.999000+00:00,90.57,90.57,90.45,90.46,300
2026-03-24 04:30:00+00:00,2026-03-24 04:34:59.999000+00:00,90.46,90.46,90.09,90.2,300
2026-03-24 04:35:00+00:00,2026-03-24 04:39:59.999000+00:00,90.19473583,90.21,90.1,90.16,300
2026-03-24 04:40:00+00:00,2026-03-24 04:44:59.999000+00:00,90.17,90.20738517,90.10196923,90.13659842,300
2026-03-24 04:45:00+00:00,2026-03-24 04:49:59.999000+00:00,90.14123621,90.24418116,90.13476687,90.17,300
2026-03-24 04:50:00+00:00,2026-03-24 04:54:59.999000+00:00,90.16822286,90.40066467,90.12,90.40066467,300
2026-03-24 04:55:00+00:00,2026-03-24 04:59:59.999000+00:00,90.39790479,90.39790479,90.28,90.29,300
2026-03-24 05:00:00+00:00,2026-03-24 05:04:59.999000+00:00,90.29,90.32,90.02268157,90.02522852,300
2026-03-24 05:05:00+00:00,2026-03-24 05:09:59.999000+00:00,90.02093038,90.08,89.94,90.0,300
2026-03-24 05:10:00+00:00,2026-03-24 05:14:59.999000+00:00,90.0,90.09,89.98263157,89.99,300
2026-03-24 05:15:00+00:00,2026-03-24 05:19:59.999000+00:00,89.99,90.34499517,89.97344566,90.13,300
2026-03-24 05:20:00+00:00,2026-03-24 05:24:59.999000+00:00,90.12135169,90.15,89.97838427,90.06310716,300
2026-03-24 05:25:00+00:00,2026-03-24 05:29:59.999000+00:00,90.06295247,90.21,90.02013498,90.0342181,300
2026-03-24 05:30:00+00:00,2026-03-24 05:34:59.999000+00:00,90.03116373,90.21,90.02443828,90.13,300
2026-03-24 05:35:00+00:00,2026-03-24 05:39:59.999000+00:00,90.13,90.25,89.99,90.05,300
2026-03-24 05:40:00+00:00,2026-03-24 05:44:59.999000+00:00,90.03512263,90.1938792,89.98464665,90.00469441,300
2026-03-24 05:45:00+00:00,2026-03-24 05:49:59.999000+00:00,90.01,90.15,89.95393979,90.06036904,300
2026-03-24 05:50:00+00:00,2026-03-24 05:54:59.999000+00:00,90.05972341,90.18,90.02584207,90.15134174,300
2026-03-24 05:55:00+00:00,2026-03-24 05:59:59.999000+00:00,90.1514957,90.17,90.05629138,90.07,300
2026-03-24 06:00:00+00:00,2026-03-24 06:04:59.999000+00:00,90.07,90.2809069,90.05581547,90.23983694,300
2026-03-24 06:05:00+00:00,2026-03-24 06:09:59.999000+00:00,90.24044436,90.39,90.21749209,90.34332667,300
2026-03-24 06:10:00+00:00,2026-03-24 06:14:59.999000+00:00,90.33570906,90.41302199,90.28756862,90.38626481,300
2026-03-24 06:15:00+00:00,2026-03-24 06:19:59.999000+00:00,90.38789742,90.41,90.27070816,90.27368815,300
2026-03-24 06:20:00+00:00,2026-03-24 06:24:59.999000+00:00,90.27352667,90.48,90.15547883,90.17,300
2026-03-24 06:25:00+00:00,2026-03-24 06:29:59.999000+00:00,90.16,90.16,90.00905008,90.08,300
2026-03-24 06:30:00+00:00,2026-03-24 06:34:59.999000+00:00,90.08,90.34775485,90.07,90.20776639,300
2026-03-24 06:35:00+00:00,2026-03-24 06:39:59.999000+00:00,90.19,90.32261193,90.18295469,90.24476949,300
2026-03-24 06:40:00+00:00,2026-03-24 06:44:59.999000+00:00,90.25,90.35017446,90.19380465,90.25,300
2026-03-24 06:45:00+00:00,2026-03-24 06:49:59.999000+00:00,90.26,90.36,90.21,90.30966258,300
2026-03-24 06:50:00+00:00,2026-03-24 06:54:59.999000+00:00,90.32,90.4023335,90.25074141,90.35428556,300
2026-03-24 06:55:00+00:00,2026-03-24 06:59:59.999000+00:00,90.36297182,90.48,90.33687118,90.43013873,300
2026-03-24 07:00:00+00:00,2026-03-24 07:04:59.999000+00:00,90.42604733,90.68,90.36,90.68,300
2026-03-24 07:05:00+00:00,2026-03-24 07:09:59.999000+00:00,90.68,91.07,90.65618859,90.92,300
2026-03-24 07:10:00+00:00,2026-03-24 07:14:59.999000+00:00,90.92355177,91.21,90.91602407,91.04994662,300
2026-03-24 07:15:00+00:00,2026-03-24 07:19:59.999000+00:00,91.04650133,91.17626506,90.94032926,91.09256472,300
2026-03-24 07:20:00+00:00,2026-03-24 07:24:59.999000+00:00,91.11,91.30311174,91.0670621,91.13650339,300
2026-03-24 07:25:00+00:00,2026-03-24 07:29:59.999000+00:00,91.13650339,91.23,91.07286599,91.15,300
2026-03-24 07:30:00+00:00,2026-03-24 07:34:59.999000+00:00,91.15,91.28,91.08044164,91.22,300
2026-03-24 07:35:00+00:00,2026-03-24 07:39:59.999000+00:00,91.22,91.22,91.04,91.07168298,300
2026-03-24 07:40:00+00:00,2026-03-24 07:44:59.999000+00:00,91.08,91.22632328,91.07,91.21,300
2026-03-24 07:45:00+00:00,2026-03-24 07:49:59.999000+00:00,91.20956675,91.27,91.07654717,91.23157687,300
2026-03-24 07:50:00+00:00,2026-03-24 07:54:59.999000+00:00,91.22479319,91.44143925,91.15333729,91.30190943,300
2026-03-24 07:55:00+00:00,2026-03-24 07:59:59.999000+00:00,91.30190943,91.85,91.29702357,91.69,300
2026-03-24 08:00:00+00:00,2026-03-24 08:04:59.999000+00:00,91.7,91.78538975,91.46738632,91.65,300
2026-03-24 08:05:00+00:00,2026-03-24 08:09:59.999000+00:00,91.65,91.83,91.62569826,91.81,300
2026-03-24 08:10:00+00:00,2026-03-24 08:14:59.999000+00:00,91.80771969,91.85112153,91.67264749,91.7,300
2026-03-24 08:15:00+00:00,2026-03-24 08:19:59.999000+00:00,91.70264119,91.72,91.37050264,91.39,300
2026-03-24 08:20:00+00:00,2026-03-24 08:24:59.999000+00:00,91.38,91.42,91.2338934,91.35,300
2026-03-24 08:25:00+00:00,2026-03-24 08:29:59.999000+00:00,91.35,91.39497466,91.30545023,91.36761591,300
2026-03-24 08:30:00+00:00,2026-03-24 08:34:59.999000+00:00,91.37,91.53,91.29581656,91.47,300
2026-03-24 08:35:00+00:00,2026-03-24 08:39:59.999000+00:00,91.47,91.78,91.44686852,91.68,300
2026-03-24 08:40:00+00:00,2026-03-24 08:44:59.999000+00:00,91.67917271,91.77,91.62594784,91.747245,300
2026-03-24 08:45:00+00:00,2026-03-24 08:49:59.999000+00:00,91.74678615,91.85,91.68064091,91.68064091,300
2026-03-24 08:50:00+00:00,2026-03-24 08:54:59.999000+00:00,91.67767203,91.89,91.55,91.59513113,300
2026-03-24 08:55:00+00:00,2026-03-24 08:59:59.999000+00:00,91.5917323,91.6,91.4328058,91.56710854,300
2026-03-24 09:00:00+00:00,2026-03-24 09:04:59.999000+00:00,91.55615174,91.58341047,91.45,91.51,300
2026-03-24 09:05:00+00:00,2026-03-24 09:09:59.999000+00:00,91.51,91.52,91.40705661,91.43,300
2026-03-24 09:10:00+00:00,2026-03-24 09:14:59.999000+00:00,91.42,91.47,91.14326974,91.16,300
2026-03-24 09:15:00+00:00,2026-03-24 09:19:59.999000+00:00,91.15343579,91.44,91.08259315,91.43,300
2026-03-24 09:20:00+00:00,2026-03-24 09:24:59.999000+00:00,91.43,91.51321436,91.2651117,91.5,300
2026-03-24 09:25:00+00:00,2026-03-24 09:29:59.999000+00:00,91.5,91.75,91.47486807,91.52,300
2026-03-24 09:30:00+00:00,2026-03-24 09:34:59.999000+00:00,91.50065924,91.76135214,91.41,91.61913088,300
2026-03-24 09:35:00+00:00,2026-03-24 09:39:59.999000+00:00,91.61913088,91.69,91.59,91.68043765,300
2026-03-24 09:40:00+00:00,2026-03-24 09:44:59.999000+00:00,91.69,91.94,91.69,91.93,300
2026-03-24 09:45:00+00:00,2026-03-24 09:49:59.999000+00:00,91.93,91.93,91.84139542,91.88,300
2026-03-24 09:50:00+00:00,2026-03-24 09:54:59.999000+00:00,91.87,92.05773078,91.72653255,92.02,300
2026-03-24 09:55:00+00:00,2026-03-24 09:59:59.999000+00:00,92.01225504,92.11301169,91.92784052,92.07207711,300
2026-03-24 10:00:00+00:00,2026-03-24 10:04:59.999000+00:00,92.07207711,92.09,91.88489918,91.98849634,300
2026-03-24 10:05:00+00:00,2026-03-24 10:09:59.999000+00:00,91.98161531,92.08352069,91.90809102,92.01224585,300
2026-03-24 10:10:00+00:00,2026-03-24 10:14:59.999000+00:00,92.01224585,92.06,91.93055498,92.01,300
2026-03-24 10:15:00+00:00,2026-03-24 10:19:59.999000+00:00,92.01,92.09,91.91478245,91.95,300
2026-03-24 10:20:00+00:00,2026-03-24 10:24:59.999000+00:00,91.96,92.18,91.85,92.10984776,300
2026-03-24 10:25:00+00:00,2026-03-24 10:29:59.999000+00:00,92.11084657,92.17,91.90554803,91.90554803,300
2026-03-24 10:30:00+00:00,2026-03-24 10:34:59.999000+00:00,91.9,91.92,91.77603445,91.78,300
2026-03-24 10:35:00+00:00,2026-03-24 10:39:59.999000+00:00,91.77932754,91.96,91.76431986,91.94856054,300
2026-03-24 10:40:00+00:00,2026-03-24 10:44:59.999000+00:00,91.94856054,91.98007543,91.77,91.83,300
2026-03-24 10:45:00+00:00,2026-03-24 10:49:59.999000+00:00,91.84,91.8430718,91.72,91.84,300
2026-03-24 10:50:00+00:00,2026-03-24 10:54:59.999000+00:00,91.84,91.87,91.69061781,91.72224214,300
2026-03-24 10:55:00+00:00,2026-03-24 10:59:59.999000+00:00,91.73,91.82,91.71219219,91.8,300
2026-03-24 11:00:00+00:00,2026-03-24 11:04:59.999000+00:00,91.79265176,91.81,91.44478322,91.47717672,300
2026-03-24 11:05:00+00:00,2026-03-24 11:09:59.999000+00:00,91.47640044,92.08,91.47640044,92.08,300
2026-03-24 11:10:00+00:00,2026-03-24 11:14:59.999000+00:00,92.07,92.13,91.69,91.71793273,300
2026-03-24 11:15:00+00:00,2026-03-24 11:19:59.999000+00:00,91.71655233,91.72,91.32761006,91.41876717,300
2026-03-24 11:20:00+00:00,2026-03-24 11:24:59.999000+00:00,91.41973185,91.55120155,91.3,91.54,300
2026-03-24 11:25:00+00:00,2026-03-24 11:29:59.999000+00:00,91.54,91.56,91.44,91.45951989,300
2026-03-24 11:30:00+00:00,2026-03-24 11:34:59.999000+00:00,91.46136183,91.64,91.39785273,91.64,300
2026-03-24 11:35:00+00:00,2026-03-24 11:39:59.999000+00:00,91.64,91.98,91.60541782,91.95,300
2026-03-24 11:40:00+00:00,2026-03-24 11:44:59.999000+00:00,91.95,91.99,91.87072547,91.89,300
2026-03-24 11:45:00+00:00,2026-03-24 11:49:59.999000+00:00,91.88412343,91.95,91.84496062,91.85134936,300
2026-03-24 11:50:00+00:00,2026-03-24 11:54:59.999000+00:00,91.86,91.88125555,91.45452318,91.57629106,300
2026-03-24 11:55:00+00:00,2026-03-24 11:59:59.999000+00:00,91.59,91.72014921,91.52902836,91.71641702,300
2026-03-24 12:00:00+00:00,2026-03-24 12:04:59.999000+00:00,91.72,91.77,91.6088673,91.60899994,300
2026-03-24 12:05:00+00:00,2026-03-24 12:09:59.999000+00:00,91.60294222,91.65469052,91.54141102,91.65,300
2026-03-24 12:10:00+00:00,2026-03-24 12:14:59.999000+00:00,91.66,91.81,91.53789102,91.69,300
2026-03-24 12:15:00+00:00,2026-03-24 12:19:59.999000+00:00,91.68913702,91.71,91.59594638,91.63096112,300
2026-03-24 12:20:00+00:00,2026-03-24 12:24:59.999000+00:00,91.63564076,91.71133048,91.59004004,91.66938352,300
2026-03-24 12:25:00+00:00,2026-03-24 12:29:59.999000+00:00,91.67483645,91.74,91.59098312,91.692006,300
2026-03-24 12:30:00+00:00,2026-03-24 12:34:59.999000+00:00,91.69281296,91.69281296,91.32,91.41,300
2026-03-24 12:35:00+00:00,2026-03-24 12:39:59.999000+00:00,91.42,91.54,91.37199594,91.5,300
2026-03-24 12:40:00+00:00,2026-03-24 12:44:59.999000+00:00,91.5,91.77,91.5,91.55,300
2026-03-24 12:45:00+00:00,2026-03-24 12:49:59.999000+00:00,91.55,91.73,91.5,91.50434561,300
2026-03-24 12:50:00+00:00,2026-03-24 12:54:59.999000+00:00,91.50090122,91.72791005,91.49742732,91.6,300
2026-03-24 12:55:00+00:00,2026-03-24 12:59:59.999000+00:00,91.59,91.6,91.50672955,91.52439585,300
2026-03-24 13:00:00+00:00,2026-03-24 13:04:59.999000+00:00,91.52439585,91.7,91.5027002,91.5603785,300
2026-03-24 13:05:00+00:00,2026-03-24 13:09:59.999000+00:00,91.56066816,91.65011639,91.18856453,91.26931378,300
2026-03-24 13:10:00+00:00,2026-03-24 13:14:59.999000+00:00,91.26156804,91.47,91.23,91.40155597,300
2026-03-24 13:15:00+00:00,2026-03-24 13:19:59.999000+00:00,91.40118182,91.46,91.18207085,91.19606179,300
2026-03-24 13:20:00+00:00,2026-03-24 13:24:59.999000+00:00,91.13874292,91.19,90.99108133,91.07108787,300
2026-03-24 13:25:00+00:00,2026-03-24 13:29:59.999000+00:00,91.07,91.18,91.0,91.09,300
2026-03-24 13:30:00+00:00,2026-03-24 13:34:59.999000+00:00,91.08003246,91.27,90.98200482,91.11,300
2026-03-24 13:35:00+00:00,2026-03-24 13:39:59.999000+00:00,91.0909223,91.11,90.62,90.66,300
2026-03-24 13:40:00+00:00,2026-03-24 13:44:59.999000+00:00,90.67,90.69,89.94,90.1612961,300
2026-03-24 13:45:00+00:00,2026-03-24 13:49:59.999000+00:00,90.14241986,90.18,89.82569623,89.88,300
2026-03-24 13:50:00+00:00,2026-03-24 13:54:59.999000+00:00,89.88,90.03,89.53706231,89.64,300
2026-03-24 13:55:00+00:00,2026-03-24 13:59:59.999000+00:00,89.64,89.86,89.58315228,89.80889316,300
2026-03-24 14:00:00+00:00,2026-03-24 14:04:59.999000+00:00,89.80832986,90.04,89.77519484,89.91,300
2026-03-24 14:05:00+00:00,2026-03-24 14:09:59.999000+00:00,89.9056674,90.16,89.74562706,89.98750321,300
2026-03-24 14:10:00+00:00,2026-03-24 14:14:59.999000+00:00,89.9737068,89.98902401,89.25,89.48,300
2026-03-24 14:15:00+00:00,2026-03-24 14:19:59.999000+00:00,89.48025709,89.56,89.3,89.51507567,300
2026-03-24 14:20:00+00:00,2026-03-24 14:24:59.999000+00:00,89.5131184,89.67,89.29297303,89.33,300
2026-03-24 14:25:00+00:00,2026-03-24 14:29:59.999000+00:00,89.32,89.56,89.16333741,89.44,300
2026-03-24 14:30:00+00:00,2026-03-24 14:34:59.999000+00:00,89.44,89.73,89.42970741,89.73,300
2026-03-24 14:35:00+00:00,2026-03-24 14:39:59.999000+00:00,89.74,89.74,89.37,89.38,300
2026-03-24 14:40:00+00:00,2026-03-24 14:44:59.999000+00:00,89.38,89.41,89.15,89.3178524,300
2026-03-24 14:45:00+00:00,2026-03-24 14:49:59.999000+00:00,89.33,89.35,88.88425814,88.88953441,300
2026-03-24 14:50:00+00:00,2026-03-24 14:54:59.999000+00:00,88.88404198,89.47126477,88.64521449,89.3,300
2026-03-24 14:55:00+00:00,2026-03-24 14:59:59.999000+00:00,89.3,89.65,89.19401602,89.50947127,300
2026-03-24 15:00:00+00:00,2026-03-24 15:04:59.999000+00:00,89.51102598,89.77379489,89.5,89.59429192,300
2026-03-24 15:05:00+00:00,2026-03-24 15:09:59.999000+00:00,89.56944383,89.68,89.49,89.55409386,300
2026-03-24 15:10:00+00:00,2026-03-24 15:14:59.999000+00:00,89.56238901,89.8,89.45727954,89.77,300
2026-03-24 15:15:00+00:00,2026-03-24 15:19:59.999000+00:00,89.77,89.88,89.70300178,89.82954675,300
2026-03-24 15:20:00+00:00,2026-03-24 15:24:59.999000+00:00,89.83001814,90.21,89.7068751,90.19295005,300
2026-03-24 15:25:00+00:00,2026-03-24 15:29:59.999000+00:00,90.18376616,90.24,89.83839462,89.85,300
2026-03-24 15:30:00+00:00,2026-03-24 15:34:59.999000+00:00,89.85,89.9,89.45861906,89.72431531,300
2026-03-24 15:35:00+00:00,2026-03-24 15:39:59.999000+00:00,89.72296806,90.19,89.71377651,90.06,300
2026-03-24 15:40:00+00:00,2026-03-24 15:44:59.999000+00:00,90.06246661,90.11,89.91,89.94,300
2026-03-24 15:45:00+00:00,2026-03-24 15:49:59.999000+00:00,89.94,90.01,89.79513344,90.0,300
2026-03-24 15:50:00+00:00,2026-03-24 15:54:59.999000+00:00,90.0,90.09,89.85243507,89.93,300
2026-03-24 15:55:00+00:00,2026-03-24 15:59:59.999000+00:00,89.92430278,89.92430278,89.63086632,89.69,300
2026-03-24 16:00:00+00:00,2026-03-24 16:04:59.999000+00:00,89.69,89.72,89.52,89.61,300
2026-03-24 16:05:00+00:00,2026-03-24 16:09:59.999000+00:00,89.61,89.74634286,89.55733994,89.74,300
2026-03-24 16:10:00+00:00,2026-03-24 16:14:59.999000+00:00,89.73748066,89.85,89.69142227,89.80502579,300
2026-03-24 16:15:00+00:00,2026-03-24 16:19:59.999000+00:00,89.80366259,89.91,89.69547691,89.85195919,300
2026-03-24 16:20:00+00:00,2026-03-24 16:24:59.999000+00:00,89.85195919,89.92,89.71125816,89.72334086,300
2026-03-24 16:25:00+00:00,2026-03-24 16:29:59.999000+00:00,89.7232988,89.73,89.48167117,89.6319558,300
2026-03-24 16:30:00+00:00,2026-03-24 16:34:59.999000+00:00,89.64,89.71079039,89.47747878,89.57,300
2026-03-24 16:35:00+00:00,2026-03-24 16:39:59.999000+00:00,89.57,89.59,89.08,89.14490445,300
2026-03-24 16:40:00+00:00,2026-03-24 16:44:59.999000+00:00,89.14490445,89.39,89.07055426,89.36,300
2026-03-24 16:45:00+00:00,2026-03-24 16:49:59.999000+00:00,89.37,89.44,89.19135432,89.22,300
2026-03-24 16:50:00+00:00,2026-03-24 16:54:59.999000+00:00,89.21590791,89.37,89.215548,89.25473149,300
2026-03-24 16:55:00+00:00,2026-03-24 16:59:59.999000+00:00,89.25307734,89.28117512,89.10035768,89.20941796,300
2026-03-24 17:00:00+00:00,2026-03-24 17:04:59.999000+00:00,89.22,89.33,88.93,88.97,300
2026-03-24 17:05:00+00:00,2026-03-24 17:09:59.999000+00:00,88.97,89.05,88.74190659,88.95,300
2026-03-24 17:10:00+00:00,2026-03-24 17:14:59.999000+00:00,88.9551956,89.13,88.88962993,89.07,300
2026-03-24 17:15:00+00:00,2026-03-24 17:19:59.999000+00:00,89.07,89.21,88.99537502,89.01,300
2026-03-24 17:20:00+00:00,2026-03-24 17:24:59.999000+00:00,89.00439749,89.18,89.00439749,89.14101054,300
2026-03-24 17:25:00+00:00,2026-03-24 17:29:59.999000+00:00,89.13697331,89.13697331,88.98363818,89.05,300
2026-03-24 17:30:00+00:00,2026-03-24 17:34:59.999000+00:00,89.05,89.11,88.79,88.89,300
2026-03-24 17:35:00+00:00,2026-03-24 17:39:59.999000+00:00,88.88787295,89.16,88.81061515,89.1,300
2026-03-24 17:40:00+00:00,2026-03-24 17:44:59.999000+00:00,89.1,89.18338041,88.6716389,88.77165058,300
2026-03-24 17:45:00+00:00,2026-03-24 17:49:59.999000+00:00,88.7500783,88.85,88.72296528,88.82101572,300
2026-03-24 17:50:00+00:00,2026-03-24 17:54:59.999000+00:00,88.8202476,89.03864032,88.81328972,88.93921588,300
2026-03-24 17:55:00+00:00,2026-03-24 17:59:59.999000+00:00,88.94,89.19,88.87035516,89.12,300
2026-03-24 18:00:00+00:00,2026-03-24 18:04:59.999000+00:00,89.12013436,89.24,88.99,89.09,300
2026-03-24 18:05:00+00:00,2026-03-24 18:09:59.999000+00:00,89.09448979,89.18,89.0492282,89.14847121,300
2026-03-24 18:10:00+00:00,2026-03-24 18:14:59.999000+00:00,89.14446876,89.17,89.04603256,89.15422027,300
2026-03-24 18:15:00+00:00,2026-03-24 18:19:59.999000+00:00,89.14976047,89.16,88.96644717,89.1457477,300
2026-03-24 18:20:00+00:00,2026-03-24 18:24:59.999000+00:00,89.15624361,89.2,89.03026541,89.1847291,300
2026-03-24 18:25:00+00:00,2026-03-24 18:29:59.999000+00:00,89.1847291,89.24,89.06,89.11200887,300
2026-03-24 18:30:00+00:00,2026-03-24 18:34:59.999000+00:00,89.11,89.31,89.05802047,89.20686341,300
2026-03-24 18:35:00+00:00,2026-03-24 18:39:59.999000+00:00,89.20686341,89.61959436,89.2054449,89.6,300
2026-03-24 18:40:00+00:00,2026-03-24 18:44:59.999000+00:00,89.61,89.62,89.04482711,89.06,300
2026-03-24 18:45:00+00:00,2026-03-24 18:49:59.999000+00:00,89.05,89.09,88.92312129,89.06,300
2026-03-24 18:50:00+00:00,2026-03-24 18:54:59.999000+00:00,89.07,89.19,89.02138082,89.04,300
2026-03-24 18:55:00+00:00,2026-03-24 18:59:59.999000+00:00,89.04,89.09,88.83488667,88.84,300
2026-03-24 19:00:00+00:00,2026-03-24 19:04:59.999000+00:00,88.84,89.06,88.84,88.87488218,300
2026-03-24 19:05:00+00:00,2026-03-24 19:09:59.999000+00:00,88.88217891,89.10162276,88.81334304,89.0983264,300
2026-03-24 19:10:00+00:00,2026-03-24 19:14:59.999000+00:00,89.09843955,89.19061143,89.06,89.19056122,300
2026-03-24 19:15:00+00:00,2026-03-24 19:19:59.999000+00:00,89.19056122,89.23955886,89.0774889,89.130126,300
2026-03-24 19:20:00+00:00,2026-03-24 19:24:59.999000+00:00,89.11278808,89.11278808,88.95416978,88.9543447,300
2026-03-24 19:25:00+00:00,2026-03-24 19:29:59.999000+00:00,88.94860457,88.96,88.86,88.88,300
2026-03-24 19:30:00+00:00,2026-03-24 19:34:59.999000+00:00,88.88355066,88.95548095,88.73604553,88.78088496,300
2026-03-24 19:35:00+00:00,2026-03-24 19:39:59.999000+00:00,88.78116461,88.86371103,88.76,88.82903553,300
2026-03-24 19:40:00+00:00,2026-03-24 19:44:59.999000+00:00,88.82904748,88.88140791,88.8,88.83492946,300
2026-03-24 19:45:00+00:00,2026-03-24 19:49:59.999000+00:00,88.83496315,88.84,88.49,88.53,300
2026-03-24 19:50:00+00:00,2026-03-24 19:54:59.999000+00:00,88.53139909,88.59,88.41216974,88.48,300
2026-03-24 19:55:00+00:00,2026-03-24 19:59:59.999000+00:00,88.49,88.56,88.40327586,88.49,300
2026-03-24 20:00:00+00:00,2026-03-24 20:04:59.999000+00:00,88.49001414,88.68,88.45,88.6361401,300
2026-03-24 20:05:00+00:00,2026-03-24 20:09:59.999000+00:00,88.62757393,88.67,88.51267355,88.62185783,300
2026-03-24 20:10:00+00:00,2026-03-24 20:14:59.999000+00:00,88.62059772,88.79282052,88.60207704,88.79282052,300
2026-03-24 20:15:00+00:00,2026-03-24 20:19:59.999000+00:00,88.79352928,88.84,88.71012613,88.82,300
2026-03-24 20:20:00+00:00,2026-03-24 20:24:59.999000+00:00,88.81946588,89.45,88.81946588,89.45,300
2026-03-24 20:25:00+00:00,2026-03-24 20:29:59.999000+00:00,89.47,90.10948911,89.46890823,89.61103319,300
2026-03-24 20:30:00+00:00,2026-03-24 20:34:59.999000+00:00,89.60577665,90.0034528,89.60577665,89.68,300
2026-03-24 20:35:00+00:00,2026-03-24 20:39:59.999000+00:00,89.68,90.05,89.63232105,89.99929581,300
2026-03-24 20:40:00+00:00,2026-03-24 20:44:59.999000+00:00,89.99881429,90.01,89.79,89.90106679,300
2026-03-24 20:45:00+00:00,2026-03-24 20:49:59.999000+00:00,89.90549432,90.08,89.65,90.05592421,300
2026-03-24 20:50:00+00:00,2026-03-24 20:54:59.999000+00:00,90.05585233,90.18,89.88214802,89.91,300
2026-03-24 20:55:00+00:00,2026-03-24 20:59:59.999000+00:00,89.93,90.03,89.92,89.98,300
2026-03-24 21:00:00+00:00,2026-03-24 21:04:59.999000+00:00,89.98,90.14,89.98,90.09789739,300
2026-03-24 21:05:00+00:00,2026-03-24 21:09:59.999000+00:00,90.09410796,90.1,89.8166442,89.86998985,300
2026-03-24 21:10:00+00:00,2026-03-24 21:14:59.999000+00:00,89.87,90.00427071,89.84769655,89.91829118,300
2026-03-24 21:15:00+00:00,2026-03-24 21:19:59.999000+00:00,89.92,89.98,89.74794557,89.82177444,300
2026-03-24 21:20:00+00:00,2026-03-24 21:24:59.999000+00:00,89.82126272,89.82876411,89.65,89.65,300
2026-03-24 21:25:00+00:00,2026-03-24 21:29:59.999000+00:00,89.65,89.98,89.65,89.96751887,300
2026-03-24 21:30:00+00:00,2026-03-24 21:34:59.999000+00:00,89.96035625,90.09,89.96,90.00219246,300
2026-03-24 21:35:00+00:00,2026-03-24 21:39:59.999000+00:00,90.00219246,90.33,89.99,90.2,300
2026-03-24 21:40:00+00:00,2026-03-24 21:44:59.999000+00:00,90.2,90.56,90.19,90.34076546,300
2026-03-24 21:45:00+00:00,2026-03-24 21:49:59.999000+00:00,90.34,90.44,90.26643328,90.34595271,300
2026-03-24 21:50:00+00:00,2026-03-24 21:54:59.999000+00:00,90.3455832,90.3455832,90.19397692,90.28,300
2026-03-24 21:55:00+00:00,2026-03-24 21:59:59.999000+00:00,90.28,90.38,90.16555232,90.33262707,300
2026-03-24 22:00:00+00:00,2026-03-24 22:04:59.999000+00:00,90.33262707,90.40623949,90.22685557,90.31043135,300
2026-03-24 22:05:00+00:00,2026-03-24 22:09:59.999000+00:00,90.31045368,90.65,90.3,90.57,300
2026-03-24 22:10:00+00:00,2026-03-24 22:14:59.999000+00:00,90.56950196,90.69230595,90.53,90.65949757,300
2026-03-24 22:15:00+00:00,2026-03-24 22:19:59.999000+00:00,90.65322545,90.65322545,90.44306212,90.5,300
2026-03-24 22:20:00+00:00,2026-03-24 22:24:59.999000+00:00,90.49237448,90.56,90.42,90.46364429,300
2026-03-24 22:25:00+00:00,2026-03-24 22:29:59.999000+00:00,90.46433899,90.5,90.21060121,90.25,300
2026-03-24 22:30:00+00:00,2026-03-24 22:34:59.999000+00:00,90.25,90.35870991,90.06,90.18916975,300
2026-03-24 22:35:00+00:00,2026-03-24 22:39:59.999000+00:00,90.19,90.28,90.14,90.2,300
2026-03-24 22:40:00+00:00,2026-03-24 22:44:59.999000+00:00,90.19,90.29,90.17795581,90.24,300
2026-03-24 22:45:00+00:00,2026-03-24 22:49:59.999000+00:00,90.24,90.34,90.19944744,90.29,300
2026-03-24 22:50:00+00:00,2026-03-24 22:54:59.999000+00:00,90.3,90.33,90.17,90.23,300
2026-03-24 22:55:00+00:00,2026-03-24 22:59:59.999000+00:00,90.23,90.32,90.22,90.27086679,300
2026-03-24 23:00:00+00:00,2026-03-24 23:04:59.999000+00:00,90.27036911,90.32,90.19,90.26,300
2026-03-24 23:05:00+00:00,2026-03-24 23:09:59.999000+00:00,90.25851135,90.45001549,90.18148504,90.41,300
2026-03-24 23:10:00+00:00,2026-03-24 23:14:59.999000+00:00,90.48,90.55595761,90.43119573,90.4606672,300
2026-03-24 23:15:00+00:00,2026-03-24 23:19:59.999000+00:00,90.47,90.57213305,90.44809828,90.48,300
2026-03-24 23:20:00+00:00,2026-03-24 23:24:59.999000+00:00,90.47241032,91.0083912,90.42153206,90.76261217,300
2026-03-24 23:25:00+00:00,2026-03-24 23:29:59.999000+00:00,90.79,91.02,90.77,90.97,300
2026-03-24 23:30:00+00:00,2026-03-24 23:34:59.999000+00:00,90.98,91.08526287,90.86212468,90.97,300
2026-03-24 23:35:00+00:00,2026-03-24 23:39:59.999000+00:00,90.97,91.09,90.92272246,91.0465019,300
2026-03-24 23:40:00+00:00,2026-03-24 23:44:59.999000+00:00,91.04363853,91.06,90.90393773,90.92,300
2026-03-24 23:45:00+00:00,2026-03-24 23:49:59.999000+00:00,90.92,90.98,90.81049007,90.92,300
2026-03-24 23:50:00+00:00,2026-03-24 23:54:59.999000+00:00,90.93,90.95,90.83687962,90.85,300
2026-03-24 23:55:00+00:00,2026-03-24 23:59:59.999000+00:00,90.85,90.85,90.74210523,90.76,300
2026-03-25 00:00:00+00:00,2026-03-25 00:04:59.999000+00:00,90.75223957,90.9,90.73554228,90.9,300
2026-03-25 00:05:00+00:00,2026-03-25 00:09:59.999000+00:00,90.89,91.05689225,90.85120633,91.05689225,300
2026-03-25 00:10:00+00:00,2026-03-25 00:14:59.999000+00:00,91.0568924,91.26,91.05,91.19570038,300
2026-03-25 00:15:00+00:00,2026-03-25 00:19:59.999000+00:00,91.19546633,91.21,90.94208703,91.09,300
2026-03-25 00:20:00+00:00,2026-03-25 00:24:59.999000+00:00,91.09,91.12,91.00163999,91.07176054,300
2026-03-25 00:25:00+00:00,2026-03-25 00:29:59.999000+00:00,91.07,91.17151536,91.06824472,91.08547707,300
2026-03-25 00:30:00+00:00,2026-03-25 00:34:59.999000+00:00,91.08489835,91.37,90.7535794,91.34,300
2026-03-25 00:35:00+00:00,2026-03-25 00:39:59.999000+00:00,91.34,91.52,91.32611667,91.44135739,300
2026-03-25 00:40:00+00:00,2026-03-25 00:44:59.999000+00:00,91.44135739,91.58,91.4,91.41,300
2026-03-25 00:45:00+00:00,2026-03-25 00:49:59.999000+00:00,91.41,91.55,91.36400987,91.36400987,300
2026-03-25 00:50:00+00:00,2026-03-25 00:54:59.999000+00:00,91.36416377,91.46,91.30905406,91.42443268,300
2026-03-25 00:55:00+00:00,2026-03-25 00:59:59.999000+00:00,91.42582532,91.46,91.27325613,91.27325613,300
2026-03-25 01:00:00+00:00,2026-03-25 01:04:59.999000+00:00,91.28,91.28,91.12906617,91.19481686,300
2026-03-25 01:05:00+00:00,2026-03-25 01:09:59.999000+00:00,91.2,91.25,91.09,91.24,300
2026-03-25 01:10:00+00:00,2026-03-25 01:14:59.999000+00:00,91.23278782,91.43096869,91.17294828,91.1740891,300
2026-03-25 01:15:00+00:00,2026-03-25 01:19:59.999000+00:00,91.17383142,91.21,91.00191621,91.02,300
2026-03-25 01:20:00+00:00,2026-03-25 01:24:59.999000+00:00,91.02,91.18147873,91.01622299,91.05209175,300
2026-03-25 01:25:00+00:00,2026-03-25 01:29:59.999000+00:00,91.05,91.18,90.9641253,91.18,300
2026-03-25 01:30:00+00:00,2026-03-25 01:34:59.999000+00:00,91.18,91.24392691,91.06311081,91.12,300
2026-03-25 01:35:00+00:00,2026-03-25 01:39:59.999000+00:00,91.12,91.18123192,91.06752334,91.11,300
2026-03-25 01:40:00+00:00,2026-03-25 01:44:59.999000+00:00,91.11015081,91.3313565,91.08,91.16624104,300
2026-03-25 01:45:00+00:00,2026-03-25 01:49:59.999000+00:00,91.17,91.18,91.04903204,91.07,300
2026-03-25 01:50:00+00:00,2026-03-25 01:54:59.999000+00:00,91.07,91.14,91.03140024,91.07,300
2026-03-25 01:55:00+00:00,2026-03-25 01:59:59.999000+00:00,91.07,91.09,90.93224906,90.93224906,300
2026-03-25 02:00:00+00:00,2026-03-25 02:04:59.999000+00:00,90.90147416,90.96,90.78,90.93,300
2026-03-25 02:05:00+00:00,2026-03-25 02:09:59.999000+00:00,90.93,91.07,90.85007117,91.01104995,300
2026-03-25 02:10:00+00:00,2026-03-25 02:14:59.999000+00:00,91.00672594,91.18,91.0005432,91.08,300
2026-03-25 02:15:00+00:00,2026-03-25 02:19:59.999000+00:00,91.08,91.12370537,90.98,91.02500798,300
2026-03-25 02:20:00+00:00,2026-03-25 02:24:59.999000+00:00,91.0250468,91.12,90.99181686,91.01,300
2026-03-25 02:25:00+00:00,2026-03-25 02:29:59.999000+00:00,91.01,91.11,90.97543151,90.99721679,300
2026-03-25 02:30:00+00:00,2026-03-25 02:34:59.999000+00:00,90.99182628,91.08,90.92609105,91.05185206,300
2026-03-25 02:35:00+00:00,2026-03-25 02:39:59.999000+00:00,91.05,91.25,91.03,91.14,300
2026-03-25 02:40:00+00:00,2026-03-25 02:44:59.999000+00:00,91.13,91.4,91.12,91.4,300
2026-03-25 02:45:00+00:00,2026-03-25 02:49:59.999000+00:00,91.42,91.47,91.18,91.21,300
2026-03-25 02:50:00+00:00,2026-03-25 02:54:59.999000+00:00,91.21,91.23,91.11441725,91.12,300
2026-03-25 02:55:00+00:00,2026-03-25 02:59:59.999000+00:00,91.11838983,91.12006891,90.99,91.09,300
2026-03-25 03:00:00+00:00,2026-03-25 03:04:59.999000+00:00,91.09,91.1,91.01,91.07,300
2026-03-25 03:05:00+00:00,2026-03-25 03:09:59.999000+00:00,91.07,91.07,90.85,90.88,300
2026-03-25 03:10:00+00:00,2026-03-25 03:14:59.999000+00:00,90.87,90.91,90.75540986,90.86,300
2026-03-25 03:15:00+00:00,2026-03-25 03:19:59.999000+00:00,90.86004611,90.91848495,90.75864629,90.87,300
2026-03-25 03:20:00+00:00,2026-03-25 03:24:59.999000+00:00,90.87,90.9,90.77603179,90.89624885,300
2026-03-25 03:25:00+00:00,2026-03-25 03:29:59.999000+00:00,90.9,90.96626833,90.87591336,90.95,300
2026-03-25 03:30:00+00:00,2026-03-25 03:34:59.999000+00:00,90.95,91.18,90.95,91.05,300
2026-03-25 03:35:00+00:00,2026-03-25 03:39:59.999000+00:00,91.06,91.23,91.05,91.19,300
2026-03-25 03:40:00+00:00,2026-03-25 03:44:59.999000+00:00,91.19,91.21,91.13,91.16,300
2026-03-25 03:45:00+00:00,2026-03-25 03:49:59.999000+00:00,91.17,91.55,91.16,91.42842624,300
2026-03-25 03:50:00+00:00,2026-03-25 03:54:59.999000+00:00,91.42499433,91.86,91.42499433,91.78778426,300
2026-03-25 03:55:00+00:00,2026-03-25 03:59:59.999000+00:00,91.78696218,91.88,91.6,91.64,300
2026-03-25 04:00:00+00:00,2026-03-25 04:04:59.999000+00:00,91.67,91.70026436,91.55,91.62,300
2026-03-25 04:05:00+00:00,2026-03-25 04:09:59.999000+00:00,91.62,91.81,91.6,91.81,300
2026-03-25 04:10:00+00:00,2026-03-25 04:14:59.999000+00:00,91.85261266,91.87107581,91.75,91.78943187,300
2026-03-25 04:15:00+00:00,2026-03-25 04:19:59.999000+00:00,91.78281233,91.8,91.70597462,91.76,300
2026-03-25 04:20:00+00:00,2026-03-25 04:24:59.999000+00:00,91.76,91.77,91.61048515,91.69,300
2026-03-25 04:25:00+00:00,2026-03-25 04:29:59.999000+00:00,91.7,91.83,91.64,91.73,300
2026-03-25 04:30:00+00:00,2026-03-25 04:34:59.999000+00:00,91.74,91.82143329,91.57,91.58,300
2026-03-25 04:35:00+00:00,2026-03-25 04:39:59.999000+00:00,91.58,91.67032941,91.57,91.6,300
2026-03-25 04:40:00+00:00,2026-03-25 04:44:59.999000+00:00,91.6,91.66,91.6,91.63232794,300
2026-03-25 04:45:00+00:00,2026-03-25 04:49:59.999000+00:00,91.63113551,91.66,91.58,91.58,300
2026-03-25 04:50:00+00:00,2026-03-25 04:54:59.999000+00:00,91.57819109,91.77,91.57819109,91.77,300
2026-03-25 04:55:00+00:00,2026-03-25 04:59:59.999000+00:00,91.77,92.08,91.77,92.02,300
2026-03-25 05:00:00+00:00,2026-03-25 05:04:59.999000+00:00,92.02,92.05073586,91.93575759,92.05,300
2026-03-25 05:05:00+00:00,2026-03-25 05:09:59.999000+00:00,92.05,92.93022082,92.04,92.63,300
2026-03-25 05:10:00+00:00,2026-03-25 05:14:59.999000+00:00,92.63,92.73,92.49,92.54,300
2026-03-25 05:15:00+00:00,2026-03-25 05:19:59.999000+00:00,92.55,92.56,92.36066736,92.4,300
2026-03-25 05:20:00+00:00,2026-03-25 05:24:59.999000+00:00,92.4,92.47,92.32405094,92.41,300
2026-03-25 05:25:00+00:00,2026-03-25 05:29:59.999000+00:00,92.40276322,92.61378471,92.28287407,92.60481763,300
2026-03-25 05:30:00+00:00,2026-03-25 05:34:59.999000+00:00,92.6,92.75082254,92.47,92.47393776,300
2026-03-25 05:35:00+00:00,2026-03-25 05:39:59.999000+00:00,92.48,92.59,92.46856434,92.46856434,300
2026-03-25 05:40:00+00:00,2026-03-25 05:44:59.999000+00:00,92.46543225,92.51,92.42,92.51,300
2026-03-25 05:45:00+00:00,2026-03-25 05:49:59.999000+00:00,92.51,92.51,92.4,92.45616076,300
2026-03-25 05:50:00+00:00,2026-03-25 05:54:59.999000+00:00,92.44813975,92.45,92.36701331,92.43524801,300
2026-03-25 05:55:00+00:00,2026-03-25 05:59:59.999000+00:00,92.43060461,92.45,92.3549194,92.37745146,300
2026-03-25 06:00:00+00:00,2026-03-25 06:04:59.999000+00:00,92.38195245,92.49,92.31790281,92.33,300
2026-03-25 06:05:00+00:00,2026-03-25 06:09:59.999000+00:00,92.34,92.36014418,92.25,92.25017785,300
2026-03-25 06:10:00+00:00,2026-03-25 06:14:59.999000+00:00,92.25,92.31056696,92.2376324,92.31056696,300
2026-03-25 06:15:00+00:00,2026-03-25 06:19:59.999000+00:00,92.31,92.42,92.29,92.33,300
2026-03-25 06:20:00+00:00,2026-03-25 06:24:59.999000+00:00,92.33,92.85,92.32,92.75335786,300
2026-03-25 06:25:00+00:00,2026-03-25 06:29:59.999000+00:00,92.73158004,92.83,92.64364681,92.75,300
2026-03-25 06:30:00+00:00,2026-03-25 06:34:59.999000+00:00,92.74075277,92.79,92.59652289,92.7,300
2026-03-25 06:35:00+00:00,2026-03-25 06:39:59.999000+00:00,92.68438912,92.7,92.5615039,92.58,300
2026-03-25 06:40:00+00:00,2026-03-25 06:44:59.999000+00:00,92.58,92.65,92.57144672,92.5921382,300
2026-03-25 06:45:00+00:00,2026-03-25 06:49:59.999000+00:00,92.58772695,92.67,92.58772695,92.61,300
2026-03-25 06:50:00+00:00,2026-03-25 06:54:59.999000+00:00,92.61,92.63,92.5233427,92.55,300
2026-03-25 06:55:00+00:00,2026-03-25 06:59:59.999000+00:00,92.55,92.55,92.32,92.34,300
2026-03-25 07:00:00+00:00,2026-03-25 07:04:59.999000+00:00,92.34,92.44,92.26,92.31152377,300
2026-03-25 07:05:00+00:00,2026-03-25 07:09:59.999000+00:00,92.32,92.36,92.28295651,92.29655645,300
2026-03-25 07:10:00+00:00,2026-03-25 07:14:59.999000+00:00,92.3,92.43,92.3,92.40071306,300
2026-03-25 07:15:00+00:00,2026-03-25 07:19:59.999000+00:00,92.41,92.41,92.30199609,92.31,300
2026-03-25 07:20:00+00:00,2026-03-25 07:24:59.999000+00:00,92.31,92.32,92.18,92.19,300
2026-03-25 07:25:00+00:00,2026-03-25 07:29:59.999000+00:00,92.18307939,92.25,92.14923765,92.15290821,300
2026-03-25 07:30:00+00:00,2026-03-25 07:34:59.999000+00:00,92.14853601,92.32,92.14129178,92.24,300
2026-03-25 07:35:00+00:00,2026-03-25 07:39:59.999000+00:00,92.24,92.36,92.18186221,92.33,300
2026-03-25 07:40:00+00:00,2026-03-25 07:44:59.999000+00:00,92.35,92.46,92.20768099,92.21,300
2026-03-25 07:45:00+00:00,2026-03-25 07:49:59.999000+00:00,92.21,92.23,91.82,91.91553671,300
2026-03-25 07:50:00+00:00,2026-03-25 07:54:59.999000+00:00,91.92,91.94,91.8306425,91.85,300
2026-03-25 07:55:00+00:00,2026-03-25 07:59:59.999000+00:00,91.85,91.86,91.73,91.77566567,300
2026-03-25 08:00:00+00:00,2026-03-25 08:04:59.999000+00:00,91.78,92.02,91.77341854,91.99274188,300
2026-03-25 08:05:00+00:00,2026-03-25 08:09:59.999000+00:00,91.99,92.04,91.82,91.83,300
2026-03-25 08:10:00+00:00,2026-03-25 08:14:59.999000+00:00,91.86,91.91,91.8003919,91.81008869,300
2026-03-25 08:15:00+00:00,2026-03-25 08:19:59.999000+00:00,91.81008869,92.18440769,91.81008869,92.18440769,300
2026-03-25 08:20:00+00:00,2026-03-25 08:24:59.999000+00:00,92.18,92.27,92.0,92.04,300
2026-03-25 08:25:00+00:00,2026-03-25 08:29:59.999000+00:00,92.05,92.26424581,91.95555523,92.16,300
2026-03-25 08:30:00+00:00,2026-03-25 08:34:59.999000+00:00,92.15335556,92.71,92.13864512,92.62,300
2026-03-25 08:35:00+00:00,2026-03-25 08:39:59.999000+00:00,92.62,92.62,92.28,92.40144193,300
2026-03-25 08:40:00+00:00,2026-03-25 08:44:59.999000+00:00,92.41,92.61,92.40866647,92.57799093,300
2026-03-25 08:45:00+00:00,2026-03-25 08:49:59.999000+00:00,92.57799093,92.6,92.41564638,92.42,300
2026-03-25 08:50:00+00:00,2026-03-25 08:54:59.999000+00:00,92.42,92.44,92.31119686,92.32,300
2026-03-25 08:55:00+00:00,2026-03-25 08:59:59.999000+00:00,92.32,92.39,92.28049783,92.32,300
2026-03-25 09:00:00+00:00,2026-03-25 09:04:59.999000+00:00,92.32,92.42038632,92.23182528,92.32808206,300
2026-03-25 09:05:00+00:00,2026-03-25 09:09:59.999000+00:00,92.32808206,92.43,92.29742031,92.42,300
2026-03-25 09:10:00+00:00,2026-03-25 09:14:59.999000+00:00,92.42,92.51,92.4,92.49638731,300
2026-03-25 09:15:00+00:00,2026-03-25 09:19:59.999000+00:00,92.49495564,92.55,92.42796088,92.5,300
2026-03-25 09:20:00+00:00,2026-03-25 09:24:59.999000+00:00,92.49235503,92.63,92.3,92.38,300
2026-03-25 09:25:00+00:00,2026-03-25 09:29:59.999000+00:00,92.38,92.45,92.35386951,92.35386951,300
2026-03-25 09:30:00+00:00,2026-03-25 09:34:59.999000+00:00,92.35231368,92.44,92.35,92.41,300
2026-03-25 09:35:00+00:00,2026-03-25 09:39:59.999000+00:00,92.40128103,92.48,92.39,92.47,300
2026-03-25 09:40:00+00:00,2026-03-25 09:44:59.999000+00:00,92.46,92.57,92.29032758,92.34088759,300
2026-03-25 09:45:00+00:00,2026-03-25 09:49:59.999000+00:00,92.35,92.35,92.11,92.23,300
2026-03-25 09:50:00+00:00,2026-03-25 09:54:59.999000+00:00,92.23,92.38,92.21108195,92.3458977,300
2026-03-25 09:55:00+00:00,2026-03-25 09:59:59.999000+00:00,92.3458977,92.61,92.3458977,92.51,300
2026-03-25 10:00:00+00:00,2026-03-25 10:04:59.999000+00:00,92.51,92.62,92.42304275,92.46,300
2026-03-25 10:05:00+00:00,2026-03-25 10:09:59.999000+00:00,92.45,92.51,92.41937232,92.49,300
2026-03-25 10:10:00+00:00,2026-03-25 10:14:59.999000+00:00,92.49,92.52,92.42574704,92.49,300
2026-03-25 10:15:00+00:00,2026-03-25 10:19:59.999000+00:00,92.49,92.53,92.41500036,92.5,300
2026-03-25 10:20:00+00:00,2026-03-25 10:24:59.999000+00:00,92.49,92.56,92.44233246,92.44845571,300
2026-03-25 10:25:00+00:00,2026-03-25 10:29:59.999000+00:00,92.45,92.59,92.45,92.53,300
2026-03-25 10:30:00+00:00,2026-03-25 10:34:59.999000+00:00,92.52,92.54,92.42,92.44,300
2026-03-25 10:35:00+00:00,2026-03-25 10:39:59.999000+00:00,92.44108565,92.49,92.40420242,92.41222491,300
2026-03-25 10:40:00+00:00,2026-03-25 10:44:59.999000+00:00,92.41222491,92.44241331,92.34763784,92.43658384,300
2026-03-25 10:45:00+00:00,2026-03-25 10:49:59.999000+00:00,92.43676482,92.58835964,92.42304005,92.49,300
2026-03-25 10:50:00+00:00,2026-03-25 10:54:59.999000+00:00,92.49,92.63,92.49,92.62130525,300
2026-03-25 10:55:00+00:00,2026-03-25 10:59:59.999000+00:00,92.62452896,92.65,92.50130167,92.60121719,300
2026-03-25 11:00:00+00:00,2026-03-25 11:04:59.999000+00:00,92.6017838,92.71,92.52148892,92.5497294,300
2026-03-25 11:05:00+00:00,2026-03-25 11:09:59.999000+00:00,92.54607888,92.58138329,92.44,92.48478392,300
2026-03-25 11:10:00+00:00,2026-03-25 11:14:59.999000+00:00,92.49,92.68771832,92.42786459,92.66,300
2026-03-25 11:15:00+00:00,2026-03-25 11:19:59.999000+00:00,92.67,92.73,92.6,92.70618932,300
2026-03-25 11:20:00+00:00,2026-03-25 11:24:59.999000+00:00,92.70618932,92.81,92.67174685,92.70935982,300
2026-03-25 11:25:00+00:00,2026-03-25 11:29:59.999000+00:00,92.71,93.13482523,92.69914895,92.98652101,300
2026-03-25 11:30:00+00:00,2026-03-25 11:34:59.999000+00:00,92.98287446,93.37,92.96415708,93.26056549,300
2026-03-25 11:35:00+00:00,2026-03-25 11:39:59.999000+00:00,93.26,93.38,93.04396758,93.15561037,300
2026-03-25 11:40:00+00:00,2026-03-25 11:44:59.999000+00:00,93.16,93.19,92.93,93.07,300
2026-03-25 11:45:00+00:00,2026-03-25 11:49:59.999000+00:00,93.08,93.1,92.68415484,92.75,300
2026-03-25 11:50:00+00:00,2026-03-25 11:54:59.999000+00:00,92.74,92.93,92.74,92.9,300
2026-03-25 11:55:00+00:00,2026-03-25 11:59:59.999000+00:00,92.9,92.95,92.81504244,92.95,300
2026-03-25 12:00:00+00:00,2026-03-25 12:04:59.999000+00:00,92.94253756,93.05,92.94253756,93.03,300
2026-03-25 12:05:00+00:00,2026-03-25 12:09:59.999000+00:00,93.03,93.22,92.99,93.18109294,300
2026-03-25 12:10:00+00:00,2026-03-25 12:14:59.999000+00:00,93.17,93.21,93.11640711,93.14,300
2026-03-25 12:15:00+00:00,2026-03-25 12:19:59.999000+00:00,93.14,93.16,92.61691095,92.67052807,300
2026-03-25 12:20:00+00:00,2026-03-25 12:24:59.999000+00:00,92.66203575,92.74,92.33987259,92.51376361,300
2026-03-25 12:25:00+00:00,2026-03-25 12:29:59.999000+00:00,92.51376361,92.62,92.43737382,92.55,300
2026-03-25 12:30:00+00:00,2026-03-25 12:34:59.999000+00:00,92.56,92.57290388,92.31,92.57,300
2026-03-25 12:35:00+00:00,2026-03-25 12:39:59.999000+00:00,92.56,92.73,92.52279803,92.71,300
2026-03-25 12:40:00+00:00,2026-03-25 12:44:59.999000+00:00,92.71,92.85,92.61911714,92.62,300
2026-03-25 12:45:00+00:00,2026-03-25 12:49:59.999000+00:00,92.61559683,92.65,92.53,92.63,300
2026-03-25 12:50:00+00:00,2026-03-25 12:54:59.999000+00:00,92.63,92.69,92.51048697,92.69,300
2026-03-25 12:55:00+00:00,2026-03-25 12:59:59.999000+00:00,92.69674579,93.37767999,92.69674579,92.99235193,300
2026-03-25 13:00:00+00:00,2026-03-25 13:04:59.999000+00:00,92.99235193,93.18,92.84101404,93.09553185,300
2026-03-25 13:05:00+00:00,2026-03-25 13:09:59.999000+00:00,93.09068445,93.12,92.97,92.99,300
2026-03-25 13:10:00+00:00,2026-03-25 13:14:59.999000+00:00,92.98207968,93.06,92.96424799,93.0403078,300
2026-03-25 13:15:00+00:00,2026-03-25 13:19:59.999000+00:00,93.05,93.05,92.87404056,93.02,300
2026-03-25 13:20:00+00:00,2026-03-25 13:24:59.999000+00:00,93.02,93.1331983,92.94,92.96848558,300
2026-03-25 13:25:00+00:00,2026-03-25 13:29:59.999000+00:00,92.96946892,92.9775702,92.89147744,92.94,300
2026-03-25 13:30:00+00:00,2026-03-25 13:34:59.999000+00:00,92.94,93.33,92.93436815,93.12418664,300
2026-03-25 13:35:00+00:00,2026-03-25 13:39:59.999000+00:00,93.12,93.37,93.0871877,93.15847867,300
2026-03-25 13:40:00+00:00,2026-03-25 13:44:59.999000+00:00,93.15847867,93.28,92.9,92.97,300
2026-03-25 13:45:00+00:00,2026-03-25 13:49:59.999000+00:00,92.96,93.18,92.93731782,92.93731782,300
2026-03-25 13:50:00+00:00,2026-03-25 13:54:59.999000+00:00,92.92478991,93.0,92.70458871,92.79,300
2026-03-25 13:55:00+00:00,2026-03-25 13:59:59.999000+00:00,92.79,92.92,92.65506933,92.7,300
2026-03-25 14:00:00+00:00,2026-03-25 14:04:59.999000+00:00,92.7,92.86340443,92.43,92.70421373,300
2026-03-25 14:05:00+00:00,2026-03-25 14:09:59.999000+00:00,92.69934354,92.69934354,92.23,92.43074556,300
2026-03-25 14:10:00+00:00,2026-03-25 14:14:59.999000+00:00,92.42140629,92.42140629,92.22,92.33,300
2026-03-25 14:15:00+00:00,2026-03-25 14:19:59.999000+00:00,92.33,92.54,92.17350376,92.17350376,300
2026-03-25 14:20:00+00:00,2026-03-25 14:24:59.999000+00:00,92.19,92.43,91.97824925,91.97824925,300
2026-03-25 14:25:00+00:00,2026-03-25 14:29:59.999000+00:00,92.0,92.34,92.0,92.17,300
2026-03-25 14:30:00+00:00,2026-03-25 14:34:59.999000+00:00,92.16,92.39,92.12,92.31,300
2026-03-25 14:35:00+00:00,2026-03-25 14:39:59.999000+00:00,92.3,92.3679166,92.04241268,92.08382937,300
2026-03-25 14:40:00+00:00,2026-03-25 14:44:59.999000+00:00,92.09,92.22,92.05,92.13,300
2026-03-25 14:45:00+00:00,2026-03-25 14:49:59.999000+00:00,92.12,92.24,92.04703786,92.18,300
2026-03-25 14:50:00+00:00,2026-03-25 14:54:59.999000+00:00,92.1757902,92.26241964,92.08282125,92.09,300
2026-03-25 14:55:00+00:00,2026-03-25 14:59:59.999000+00:00,92.09,92.12,91.87718662,91.9,300
2026-03-25 15:00:00+00:00,2026-03-25 15:04:59.999000+00:00,91.9,92.03,91.8978032,91.93411519,300
2026-03-25 15:05:00+00:00,2026-03-25 15:09:59.999000+00:00,91.94,92.0,91.44828286,91.49302322,300
2026-03-25 15:10:00+00:00,2026-03-25 15:14:59.999000+00:00,91.48845509,91.69,91.39873601,91.43269477,300
2026-03-25 15:15:00+00:00,2026-03-25 15:19:59.999000+00:00,91.43705874,91.49,90.97,91.15641819,300
2026-03-25 15:20:00+00:00,2026-03-25 15:24:59.999000+00:00,91.15136371,91.62,91.15136371,91.56,300
2026-03-25 15:25:00+00:00,2026-03-25 15:29:59.999000+00:00,91.57,91.68,91.43724084,91.66046125,300
2026-03-25 15:30:00+00:00,2026-03-25 15:34:59.999000+00:00,91.67022795,91.81,91.65511786,91.75,300
2026-03-25 15:35:00+00:00,2026-03-25 15:39:59.999000+00:00,91.74,91.77,91.51671169,91.57,300
2026-03-25 15:40:00+00:00,2026-03-25 15:44:59.999000+00:00,91.56110297,91.65,91.51,91.63,300
2026-03-25 15:45:00+00:00,2026-03-25 15:49:59.999000+00:00,91.62455464,91.74489895,91.52,91.73,300
2026-03-25 15:50:00+00:00,2026-03-25 15:54:59.999000+00:00,91.74,91.88,91.74,91.82368175,300
2026-03-25 15:55:00+00:00,2026-03-25 15:59:59.999000+00:00,91.82368175,92.01448741,91.7,91.73650568,300
2026-03-25 16:00:00+00:00,2026-03-25 16:04:59.999000+00:00,91.73664664,91.83,91.71134345,91.71421452,300
2026-03-25 16:05:00+00:00,2026-03-25 16:09:59.999000+00:00,91.72,91.86,91.57017101,91.84244426,300
2026-03-25 16:10:00+00:00,2026-03-25 16:14:59.999000+00:00,91.84431416,91.84431416,91.63035309,91.67,300
2026-03-25 16:15:00+00:00,2026-03-25 16:19:59.999000+00:00,91.66852805,91.71,91.60215699,91.70079323,300
2026-03-25 16:20:00+00:00,2026-03-25 16:24:59.999000+00:00,91.71,91.89019012,91.69,91.85,300
2026-03-25 16:25:00+00:00,2026-03-25 16:29:59.999000+00:00,91.9,92.66,91.9,92.3865069,300
2026-03-25 16:30:00+00:00,2026-03-25 16:34:59.999000+00:00,92.38267914,92.52,92.28887291,92.37011639,300
2026-03-25 16:35:00+00:00,2026-03-25 16:39:59.999000+00:00,92.3661931,92.62,92.2669754,92.61,300
2026-03-25 16:40:00+00:00,2026-03-25 16:44:59.999000+00:00,92.63,92.63,92.42987699,92.43,300
2026-03-25 16:45:00+00:00,2026-03-25 16:49:59.999000+00:00,92.43,92.44,92.2123598,92.26202296,300
2026-03-25 16:50:00+00:00,2026-03-25 16:54:59.999000+00:00,92.26,92.36,92.14167218,92.30206063,300
2026-03-25 16:55:00+00:00,2026-03-25 16:59:59.999000+00:00,92.30206063,92.34016133,92.11,92.17566283,300
2026-03-25 17:00:00+00:00,2026-03-25 17:04:59.999000+00:00,92.17656344,92.29,92.13062607,92.24021206,300
2026-03-25 17:05:00+00:00,2026-03-25 17:09:59.999000+00:00,92.24,92.24,92.05,92.06,300
2026-03-25 17:10:00+00:00,2026-03-25 17:14:59.999000+00:00,92.05365365,92.12,91.98727382,92.10605225,300
2026-03-25 17:15:00+00:00,2026-03-25 17:19:59.999000+00:00,92.09951123,92.09951123,91.9,92.00990768,300
2026-03-25 17:20:00+00:00,2026-03-25 17:24:59.999000+00:00,92.00264789,92.18,91.95,92.03,300
2026-03-25 17:25:00+00:00,2026-03-25 17:29:59.999000+00:00,92.02812539,92.29,92.02269378,92.07394177,300
2026-03-25 17:30:00+00:00,2026-03-25 17:34:59.999000+00:00,92.08,92.08,91.95039682,92.02,300
2026-03-25 17:35:00+00:00,2026-03-25 17:39:59.999000+00:00,92.02,92.07,91.75,91.89030502,300
2026-03-25 17:40:00+00:00,2026-03-25 17:44:59.999000+00:00,91.89043621,92.02253225,91.82621175,91.89250361,300
2026-03-25 17:45:00+00:00,2026-03-25 17:49:59.999000+00:00,91.89151601,91.99,91.85,91.86823765,300
2026-03-25 17:50:00+00:00,2026-03-25 17:54:59.999000+00:00,91.87066546,91.87199535,91.59653049,91.61,300
2026-03-25 17:55:00+00:00,2026-03-25 17:59:59.999000+00:00,91.60848604,91.75,91.57,91.68,300
2026-03-25 18:00:00+00:00,2026-03-25 18:04:59.999000+00:00,91.68,91.76,91.62,91.75819285,300
2026-03-25 18:05:00+00:00,2026-03-25 18:09:59.999000+00:00,91.7538198,91.93,91.73128519,91.75,300
2026-03-25 18:10:00+00:00,2026-03-25 18:14:59.999000+00:00,91.75011943,91.87,91.75,91.82569194,300
2026-03-25 18:15:00+00:00,2026-03-25 18:19:59.999000+00:00,91.85,92.07,91.84,91.96,300
2026-03-25 18:20:00+00:00,2026-03-25 18:24:59.999000+00:00,91.9537809,92.15,91.9537809,92.07777417,300
2026-03-25 18:25:00+00:00,2026-03-25 18:29:59.999000+00:00,92.07796246,92.09,91.93313133,91.99106289,300
2026-03-25 18:30:00+00:00,2026-03-25 18:34:59.999000+00:00,91.99083603,92.05129435,91.93,91.95741388,300
2026-03-25 18:35:00+00:00,2026-03-25 18:39:59.999000+00:00,91.95296485,91.9828328,91.7755942,91.81512852,300
2026-03-25 18:40:00+00:00,2026-03-25 18:44:59.999000+00:00,91.82,91.83,91.65655764,91.75,300
2026-03-25 18:45:00+00:00,2026-03-25 18:49:59.999000+00:00,91.75,91.79,91.72,91.73,300
2026-03-25 18:50:00+00:00,2026-03-25 18:54:59.999000+00:00,91.72669975,91.87,91.7220685,91.87,300
2026-03-25 18:55:00+00:00,2026-03-25 18:59:59.999000+00:00,91.87,91.87,91.44,91.66,300
2026-03-25 19:00:00+00:00,2026-03-25 19:04:59.999000+00:00,91.65,91.86069158,91.58,91.86069158,300
2026-03-25 19:05:00+00:00,2026-03-25 19:09:59.999000+00:00,91.86069158,91.90263179,91.67,91.71,300
2026-03-25 19:10:00+00:00,2026-03-25 19:14:59.999000+00:00,91.71,91.808586,91.59048527,91.8,300
2026-03-25 19:15:00+00:00,2026-03-25 19:19:59.999000+00:00,91.80130823,91.85731726,91.76,91.82,300
2026-03-25 19:20:00+00:00,2026-03-25 19:24:59.999000+00:00,91.82079711,91.95,91.78,91.82830954,300
2026-03-25 19:25:00+00:00,2026-03-25 19:29:59.999000+00:00,91.82476243,91.85,91.65,91.73,300
2026-03-25 19:30:00+00:00,2026-03-25 19:34:59.999000+00:00,91.74,91.75,91.60152777,91.73877412,300
2026-03-25 19:35:00+00:00,2026-03-25 19:39:59.999000+00:00,91.73879634,91.88,91.62848076,91.86045623,300
2026-03-25 19:40:00+00:00,2026-03-25 19:44:59.999000+00:00,91.86,91.92,91.62,91.64,300
2026-03-25 19:45:00+00:00,2026-03-25 19:49:59.999000+00:00,91.65,91.72,91.56720441,91.68,300
2026-03-25 19:50:00+00:00,2026-03-25 19:54:59.999000+00:00,91.69,91.77,91.61972525,91.65,300
2026-03-25 19:55:00+00:00,2026-03-25 19:59:59.999000+00:00,91.65,91.72,91.4,91.72,300
2026-03-25 20:00:00+00:00,2026-03-25 20:04:59.999000+00:00,91.72,91.74,91.53165967,91.55021889,300
2026-03-25 20:05:00+00:00,2026-03-25 20:09:59.999000+00:00,91.55151893,91.59,91.28,91.2865397,300
2026-03-25 20:10:00+00:00,2026-03-25 20:14:59.999000+00:00,91.28636793,91.31,91.12,91.15,300
2026-03-25 20:15:00+00:00,2026-03-25 20:19:59.999000+00:00,91.15,91.33,91.12185886,91.33,300
2026-03-25 20:20:00+00:00,2026-03-25 20:24:59.999000+00:00,91.33,91.34556205,91.20090503,91.23,300
2026-03-25 20:25:00+00:00,2026-03-25 20:29:59.999000+00:00,91.23,91.24,91.10171145,91.18060695,300
2026-03-25 20:30:00+00:00,2026-03-25 20:34:59.999000+00:00,91.18060695,91.23,91.10132475,91.18126968,300
2026-03-25 20:35:00+00:00,2026-03-25 20:39:59.999000+00:00,91.18147907,91.31,91.14444357,91.29246955,300
2026-03-25 20:40:00+00:00,2026-03-25 20:44:59.999000+00:00,91.28792274,91.47,91.21107359,91.44839003,300
2026-03-25 20:45:00+00:00,2026-03-25 20:49:59.999000+00:00,91.45,91.47,91.32637674,91.41,300
2026-03-25 20:50:00+00:00,2026-03-25 20:54:59.999000+00:00,91.41,91.54,91.41,91.51576832,300
2026-03-25 20:55:00+00:00,2026-03-25 20:59:59.999000+00:00,91.52,91.55,91.41804489,91.45005497,300
2026-03-25 21:00:00+00:00,2026-03-25 21:04:59.999000+00:00,91.45,91.46,91.31687528,91.38,300
2026-03-25 21:05:00+00:00,2026-03-25 21:09:59.999000+00:00,91.38055587,91.45,91.24461404,91.44496495,300
2026-03-25 21:10:00+00:00,2026-03-25 21:14:59.999000+00:00,91.44496495,91.56292867,91.40345482,91.55499569,300
2026-03-25 21:15:00+00:00,2026-03-25 21:19:59.999000+00:00,91.55499569,91.59,91.44757781,91.51413498,300
2026-03-25 21:20:00+00:00,2026-03-25 21:24:59.999000+00:00,91.52,91.53328242,91.37235787,91.37803159,300
2026-03-25 21:25:00+00:00,2026-03-25 21:29:59.999000+00:00,91.37803159,91.39,91.20639935,91.2134641,300
2026-03-25 21:30:00+00:00,2026-03-25 21:34:59.999000+00:00,91.2134641,91.29,91.12124624,91.27382155,300
2026-03-25 21:35:00+00:00,2026-03-25 21:39:59.999000+00:00,91.26952849,91.36,91.2130321,91.35397729,300
2026-03-25 21:40:00+00:00,2026-03-25 21:44:59.999000+00:00,91.35416931,91.42,91.28561872,91.32614534,300
2026-03-25 21:45:00+00:00,2026-03-25 21:49:59.999000+00:00,91.32614534,91.37,91.11567241,91.11567241,300
2026-03-25 21:50:00+00:00,2026-03-25 21:54:59.999000+00:00,91.11887795,91.21,91.11887795,91.20725847,300
2026-03-25 21:55:00+00:00,2026-03-25 21:59:59.999000+00:00,91.20725847,91.26,91.17467537,91.22,300
2026-03-25 22:00:00+00:00,2026-03-25 22:04:59.999000+00:00,91.22190887,91.33,91.16834607,91.25,300
2026-03-25 22:05:00+00:00,2026-03-25 22:09:59.999000+00:00,91.25,91.26,91.04445201,91.04445201,300
2026-03-25 22:10:00+00:00,2026-03-25 22:14:59.999000+00:00,91.04544318,91.13,91.03150993,91.08,300
2026-03-25 22:15:00+00:00,2026-03-25 22:19:59.999000+00:00,91.08,91.13,90.99,91.07,300
2026-03-25 22:20:00+00:00,2026-03-25 22:24:59.999000+00:00,91.07,91.17194095,91.026087,91.14602069,300
2026-03-25 22:25:00+00:00,2026-03-25 22:29:59.999000+00:00,91.14674974,91.27,91.14674974,91.22,300
2026-03-25 22:30:00+00:00,2026-03-25 22:34:59.999000+00:00,91.22,91.68161186,91.21059137,91.65,300
2026-03-25 22:35:00+00:00,2026-03-25 22:39:59.999000+00:00,91.65,91.75,91.52119401,91.52119401,300
2026-03-25 22:40:00+00:00,2026-03-25 22:44:59.999000+00:00,91.52119401,91.87559645,91.51608304,91.71,300
2026-03-25 22:45:00+00:00,2026-03-25 22:49:59.999000+00:00,91.71,91.89,91.67714291,91.73,300
2026-03-25 22:50:00+00:00,2026-03-25 22:54:59.999000+00:00,91.73584015,91.76,91.61,91.74,300
2026-03-25 22:55:00+00:00,2026-03-25 22:59:59.999000+00:00,91.74,91.79,91.65533994,91.7,300
2026-03-25 23:00:00+00:00,2026-03-25 23:04:59.999000+00:00,91.69762564,91.77,91.65104543,91.77,300
2026-03-25 23:05:00+00:00,2026-03-25 23:09:59.999000+00:00,91.77,91.79,91.69,91.75,300
2026-03-25 23:10:00+00:00,2026-03-25 23:14:59.999000+00:00,91.74,91.79,91.60184576,91.60222932,300
2026-03-25 23:15:00+00:00,2026-03-25 23:19:59.999000+00:00,91.60222932,91.61189199,91.48472338,91.60303219,300
2026-03-25 23:20:00+00:00,2026-03-25 23:24:59.999000+00:00,91.59292271,91.6732181,91.54548694,91.67053093,300
2026-03-25 23:25:00+00:00,2026-03-25 23:29:59.999000+00:00,91.67067856,91.74356198,91.65,91.68,300
2026-03-25 23:30:00+00:00,2026-03-25 23:34:59.999000+00:00,91.68,91.69,91.60531153,91.64638589,300
2026-03-25 23:35:00+00:00,2026-03-25 23:39:59.999000+00:00,91.65,91.70078173,91.54275043,91.54275043,300
2026-03-25 23:40:00+00:00,2026-03-25 23:44:59.999000+00:00,91.53,91.59,91.49,91.51,300
2026-03-25 23:45:00+00:00,2026-03-25 23:49:59.999000+00:00,91.50025401,91.59,91.43149517,91.55,300
2026-03-25 23:50:00+00:00,2026-03-25 23:54:59.999000+00:00,91.54372457,91.72,91.54372457,91.72,300
2026-03-25 23:55:00+00:00,2026-03-25 23:59:59.999000+00:00,91.71102451,91.72231384,91.64360769,91.66,300
2026-03-26 00:00:00+00:00,2026-03-26 00:04:59.999000+00:00,91.65479954,91.72,91.57587708,91.58,300
2026-03-26 00:05:00+00:00,2026-03-26 00:09:59.999000+00:00,91.57,91.6,91.48653633,91.48653633,300
2026-03-26 00:10:00+00:00,2026-03-26 00:14:59.999000+00:00,91.48,91.62,91.45,91.62,300
2026-03-26 00:15:00+00:00,2026-03-26 00:19:59.999000+00:00,91.63,91.84034158,91.61695378,91.61695378,300
2026-03-26 00:20:00+00:00,2026-03-26 00:24:59.999000+00:00,91.62,91.7,91.58668186,91.62,300
2026-03-26 00:25:00+00:00,2026-03-26 00:29:59.999000+00:00,91.62,91.73,91.53350847,91.72212864,300
2026-03-26 00:30:00+00:00,2026-03-26 00:34:59.999000+00:00,91.72,91.83,91.7,91.75034991,300
2026-03-26 00:35:00+00:00,2026-03-26 00:39:59.999000+00:00,91.76,91.8922698,91.75229923,91.84,300
2026-03-26 00:40:00+00:00,2026-03-26 00:44:59.999000+00:00,91.84,91.87,91.73,91.82,300
2026-03-26 00:45:00+00:00,2026-03-26 00:49:59.999000+00:00,91.82,91.92,91.78,91.85,300
2026-03-26 00:50:00+00:00,2026-03-26 00:54:59.999000+00:00,91.85,91.85,91.56,91.59,300
2026-03-26 00:55:00+00:00,2026-03-26 00:59:59.999000+00:00,91.59,91.65,91.46680547,91.64164107,300
2026-03-26 01:00:00+00:00,2026-03-26 01:04:59.999000+00:00,91.64166435,91.85146873,91.63729644,91.78,300
2026-03-26 01:05:00+00:00,2026-03-26 01:09:59.999000+00:00,91.79,91.8,91.68905893,91.71231676,300
2026-03-26 01:10:00+00:00,2026-03-26 01:14:59.999000+00:00,91.71431007,91.8,91.65,91.73,300
2026-03-26 01:15:00+00:00,2026-03-26 01:19:59.999000+00:00,91.73,91.73,91.57737039,91.65281773,300
2026-03-26 01:20:00+00:00,2026-03-26 01:24:59.999000+00:00,91.65685948,91.79,91.6546247,91.77,300
2026-03-26 01:25:00+00:00,2026-03-26 01:29:59.999000+00:00,91.77,91.91,91.74807886,91.81,300
2026-03-26 01:30:00+00:00,2026-03-26 01:34:59.999000+00:00,91.82,91.89,91.7705181,91.86,300
2026-03-26 01:35:00+00:00,2026-03-26 01:39:59.999000+00:00,91.85,91.9,91.78333287,91.82,300
2026-03-26 01:40:00+00:00,2026-03-26 01:44:59.999000+00:00,91.82,91.85,91.6532306,91.6927004,300
2026-03-26 01:45:00+00:00,2026-03-26 01:49:59.999000+00:00,91.69265744,91.80199015,91.678761,91.72537782,300
2026-03-26 01:50:00+00:00,2026-03-26 01:54:59.999000+00:00,91.72058945,91.79,91.67071062,91.75468819,300
2026-03-26 01:55:00+00:00,2026-03-26 01:59:59.999000+00:00,91.75323202,91.86240924,91.72,91.77930239,300
2026-03-26 02:00:00+00:00,2026-03-26 02:04:59.999000+00:00,91.776334,91.79065715,91.72,91.76258742,300
2026-03-26 02:05:00+00:00,2026-03-26 02:09:59.999000+00:00,91.76357792,91.78,91.48431697,91.52,300
2026-03-26 02:10:00+00:00,2026-03-26 02:14:59.999000+00:00,91.52,91.56,91.40028224,91.47206845,300
2026-03-26 02:15:00+00:00,2026-03-26 02:19:59.999000+00:00,91.47172285,91.47234678,91.14,91.18993121,300
2026-03-26 02:20:00+00:00,2026-03-26 02:24:59.999000+00:00,91.17533615,91.29,91.11976919,91.17,300
2026-03-26 02:25:00+00:00,2026-03-26 02:29:59.999000+00:00,91.16404308,91.33,91.16404308,91.19156936,300
2026-03-26 02:30:00+00:00,2026-03-26 02:34:59.999000+00:00,91.17091429,91.18,90.61,90.85563562,300
2026-03-26 02:35:00+00:00,2026-03-26 02:39:59.999000+00:00,90.85563562,90.87,90.64,90.68,300
2026-03-26 02:40:00+00:00,2026-03-26 02:44:59.999000+00:00,90.67,90.88,90.66081454,90.83725552,300
2026-03-26 02:45:00+00:00,2026-03-26 02:49:59.999000+00:00,90.83735824,90.91,90.77434197,90.9,300
2026-03-26 02:50:00+00:00,2026-03-26 02:54:59.999000+00:00,90.9,90.94,90.78795637,90.83,300
2026-03-26 02:55:00+00:00,2026-03-26 02:59:59.999000+00:00,90.82239267,90.91,90.81408419,90.90235131,300
2026-03-26 03:00:00+00:00,2026-03-26 03:04:59.999000+00:00,90.90078568,90.90078568,90.68,90.68,300
2026-03-26 03:05:00+00:00,2026-03-26 03:09:59.999000+00:00,90.73,90.8,90.68,90.79,300
2026-03-26 03:10:00+00:00,2026-03-26 03:14:59.999000+00:00,90.8,91.03331481,90.78973954,91.03084364,300
2026-03-26 03:15:00+00:00,2026-03-26 03:19:59.999000+00:00,91.03080736,91.03080736,90.84,90.86,300
2026-03-26 03:20:00+00:00,2026-03-26 03:24:59.999000+00:00,90.86,90.88656546,90.59843657,90.66,300
2026-03-26 03:25:00+00:00,2026-03-26 03:29:59.999000+00:00,90.66,90.75,90.54,90.61653734,300
2026-03-26 03:30:00+00:00,2026-03-26 03:34:59.999000+00:00,90.61920257,90.79,90.61920257,90.75,300
2026-03-26 03:35:00+00:00,2026-03-26 03:39:59.999000+00:00,90.75,90.88,90.75,90.88,300
2026-03-26 03:40:00+00:00,2026-03-26 03:44:59.999000+00:00,90.88,90.91908324,90.85549376,90.89415739,300
2026-03-26 03:45:00+00:00,2026-03-26 03:49:59.999000+00:00,90.89630741,90.97,90.87178761,90.91031605,300
2026-03-26 03:50:00+00:00,2026-03-26 03:54:59.999000+00:00,90.91048198,91.06348924,90.88,91.05021413,300
2026-03-26 03:55:00+00:00,2026-03-26 03:59:59.999000+00:00,91.04953104,91.1,91.0,91.0,300
2026-03-26 04:00:00+00:00,2026-03-26 04:04:59.999000+00:00,91.0,91.01,90.84177431,90.85,300
2026-03-26 04:05:00+00:00,2026-03-26 04:09:59.999000+00:00,90.84724216,90.87,90.80305814,90.82614349,300
2026-03-26 04:10:00+00:00,2026-03-26 04:14:59.999000+00:00,90.82693233,90.88,90.71745264,90.71745264,300
2026-03-26 04:15:00+00:00,2026-03-26 04:19:59.999000+00:00,90.72232928,90.76,90.63,90.66480193,300
2026-03-26 04:20:00+00:00,2026-03-26 04:24:59.999000+00:00,90.68,90.8,90.68,90.75,300
2026-03-26 04:25:00+00:00,2026-03-26 04:29:59.999000+00:00,90.75,90.84340633,90.75,90.84,300
2026-03-26 04:30:00+00:00,2026-03-26 04:34:59.999000+00:00,90.85,90.92000076,90.77198126,90.79154509,300
2026-03-26 04:35:00+00:00,2026-03-26 04:39:59.999000+00:00,90.79104872,90.88420926,90.78066715,90.86,300
2026-03-26 04:40:00+00:00,2026-03-26 04:44:59.999000+00:00,90.86,90.86,90.76192352,90.82051212,300
2026-03-26 04:45:00+00:00,2026-03-26 04:49:59.999000+00:00,90.82051212,90.93406569,90.81908144,90.92313718,300
2026-03-26 04:50:00+00:00,2026-03-26 04:54:59.999000+00:00,90.93,90.93,90.78004284,90.8,300
2026-03-26 04:55:00+00:00,2026-03-26 04:59:59.999000+00:00,90.8,90.80188722,90.72,90.75816796,300
2026-03-26 05:00:00+00:00,2026-03-26 05:04:59.999000+00:00,90.76,90.79,90.72,90.7697794,300
2026-03-26 05:05:00+00:00,2026-03-26 05:09:59.999000+00:00,90.7697794,90.77,90.35304079,90.47,300
2026-03-26 05:10:00+00:00,2026-03-26 05:14:59.999000+00:00,90.42447108,90.42447108,89.9,89.94725348,300
2026-03-26 05:15:00+00:00,2026-03-26 05:19:59.999000+00:00,89.94725348,89.97,89.87,89.93,300
2026-03-26 05:20:00+00:00,2026-03-26 05:24:59.999000+00:00,89.93680338,90.01348649,89.92574162,89.99,300
2026-03-26 05:25:00+00:00,2026-03-26 05:29:59.999000+00:00,89.99,90.01033832,89.81998787,89.98,300
2026-03-26 05:30:00+00:00,2026-03-26 05:34:59.999000+00:00,89.99,90.08,89.90048222,90.03,300
2026-03-26 05:35:00+00:00,2026-03-26 05:39:59.999000+00:00,90.02,90.07,89.94,89.96,300
2026-03-26 05:40:00+00:00,2026-03-26 05:44:59.999000+00:00,89.95,89.96588661,89.44,89.55,300
2026-03-26 05:45:00+00:00,2026-03-26 05:49:59.999000+00:00,89.56,89.58,89.25,89.5,300
2026-03-26 05:50:00+00:00,2026-03-26 05:54:59.999000+00:00,89.51,89.51,89.17135483,89.2,300
2026-03-26 05:55:00+00:00,2026-03-26 05:59:59.999000+00:00,89.18603374,89.21,89.08,89.19,300
2026-03-26 06:00:00+00:00,2026-03-26 06:04:59.999000+00:00,89.18589965,89.24,88.93031102,89.11241358,300
2026-03-26 06:05:00+00:00,2026-03-26 06:09:59.999000+00:00,89.12,89.21,88.95,89.17,300
2026-03-26 06:10:00+00:00,2026-03-26 06:14:59.999000+00:00,89.17,89.17,89.00153651,89.14493517,300
2026-03-26 06:15:00+00:00,2026-03-26 06:19:59.999000+00:00,89.15,89.17,89.06,89.13523323,300
2026-03-26 06:20:00+00:00,2026-03-26 06:24:59.999000+00:00,89.13511269,89.14227429,88.92867085,88.97,300
2026-03-26 06:25:00+00:00,2026-03-26 06:29:59.999000+00:00,88.97,89.05,88.81,89.0276812,300
2026-03-26 06:30:00+00:00,2026-03-26 06:34:59.999000+00:00,89.04,89.08671131,88.92,88.95431507,300
2026-03-26 06:35:00+00:00,2026-03-26 06:39:59.999000+00:00,88.954006,88.98,88.8606756,88.89006891,300
2026-03-26 06:40:00+00:00,2026-03-26 06:44:59.999000+00:00,88.89,88.95,88.84,88.94,300
2026-03-26 06:45:00+00:00,2026-03-26 06:49:59.999000+00:00,88.94,89.05,88.92,89.0380327,300
2026-03-26 06:50:00+00:00,2026-03-26 06:54:59.999000+00:00,89.03801146,89.05,88.98,89.0,300
2026-03-26 06:55:00+00:00,2026-03-26 06:59:59.999000+00:00,89.0,89.10993333,88.95,89.0,300
2026-03-26 07:00:00+00:00,2026-03-26 07:04:59.999000+00:00,88.99121787,89.19,88.93,89.14524145,300
2026-03-26 07:05:00+00:00,2026-03-26 07:09:59.999000+00:00,89.14258701,89.15,88.95180833,89.14,300
2026-03-26 07:10:00+00:00,2026-03-26 07:14:59.999000+00:00,89.15078144,89.16,89.05,89.08323806,300
2026-03-26 07:15:00+00:00,2026-03-26 07:19:59.999000+00:00,89.08341401,89.15299433,89.04016918,89.10876422,300
2026-03-26 07:20:00+00:00,2026-03-26 07:24:59.999000+00:00,89.11,89.31,88.94,89.02087485,300
2026-03-26 07:25:00+00:00,2026-03-26 07:29:59.999000+00:00,89.02087485,89.06,88.91151124,88.94,300
2026-03-26 07:30:00+00:00,2026-03-26 07:34:59.999000+00:00,88.94,88.96039355,88.78778083,88.94961151,300
2026-03-26 07:35:00+00:00,2026-03-26 07:39:59.999000+00:00,88.94961151,89.04489966,88.91,89.0408588,300
2026-03-26 07:40:00+00:00,2026-03-26 07:44:59.999000+00:00,89.0408588,89.1109751,88.79,88.80475872,300
2026-03-26 07:45:00+00:00,2026-03-26 07:49:59.999000+00:00,88.7915801,89.01,88.77,88.9950634,300
2026-03-26 07:50:00+00:00,2026-03-26 07:54:59.999000+00:00,89.00005754,89.14,88.9802935,89.14,300
2026-03-26 07:55:00+00:00,2026-03-26 07:59:59.999000+00:00,89.14,89.15,89.03040317,89.05,300
2026-03-26 08:00:00+00:00,2026-03-26 08:04:59.999000+00:00,89.04,89.04,88.81,88.82,300
2026-03-26 08:05:00+00:00,2026-03-26 08:09:59.999000+00:00,88.82,88.86,88.7,88.81262029,300
2026-03-26 08:10:00+00:00,2026-03-26 08:14:59.999000+00:00,88.81249616,88.83,88.64294086,88.67046979,300
2026-03-26 08:15:00+00:00,2026-03-26 08:19:59.999000+00:00,88.68,88.78,88.62,88.65,300
2026-03-26 08:20:00+00:00,2026-03-26 08:24:59.999000+00:00,88.66,88.74,88.59093572,88.64479144,300
2026-03-26 08:25:00+00:00,2026-03-26 08:29:59.999000+00:00,88.64466484,88.72,88.60497336,88.62852985,300
2026-03-26 08:30:00+00:00,2026-03-26 08:34:59.999000+00:00,88.62856144,88.75,88.61372543,88.74,300
2026-03-26 08:35:00+00:00,2026-03-26 08:39:59.999000+00:00,88.75,88.81142746,88.6438212,88.67147078,300
2026-03-26 08:40:00+00:00,2026-03-26 08:44:59.999000+00:00,88.67116624,88.72,88.61083333,88.7,300
2026-03-26 08:45:00+00:00,2026-03-26 08:49:59.999000+00:00,88.70024829,88.84852692,88.66259041,88.73,300
2026-03-26 08:50:00+00:00,2026-03-26 08:54:59.999000+00:00,88.72044319,88.85,88.7,88.79,300
2026-03-26 08:55:00+00:00,2026-03-26 08:59:59.999000+00:00,88.8,88.91,88.78,88.81758285,300
2026-03-26 09:00:00+00:00,2026-03-26 09:04:59.999000+00:00,88.81766214,88.82036697,88.64628956,88.76195564,300
2026-03-26 09:05:00+00:00,2026-03-26 09:09:59.999000+00:00,88.76125487,88.96,88.70024394,88.86,300
2026-03-26 09:10:00+00:00,2026-03-26 09:14:59.999000+00:00,88.86053019,88.93,88.81391377,88.83,300
2026-03-26 09:15:00+00:00,2026-03-26 09:19:59.999000+00:00,88.84,88.84,88.68,88.72,300
2026-03-26 09:20:00+00:00,2026-03-26 09:24:59.999000+00:00,88.72390796,88.84,88.72053779,88.77,300
2026-03-26 09:25:00+00:00,2026-03-26 09:29:59.999000+00:00,88.76433657,88.88,88.74817582,88.85056416,300
2026-03-26 09:30:00+00:00,2026-03-26 09:34:59.999000+00:00,88.84784789,88.84933592,87.70017983,87.79,300
2026-03-26 09:35:00+00:00,2026-03-26 09:39:59.999000+00:00,87.79,88.13,87.73826153,87.98863739,300
2026-03-26 09:40:00+00:00,2026-03-26 09:44:59.999000+00:00,87.99,88.1,87.94369333,88.06,300
2026-03-26 09:45:00+00:00,2026-03-26 09:49:59.999000+00:00,88.05127043,88.06,87.82835102,87.8444773,300
2026-03-26 09:50:00+00:00,2026-03-26 09:54:59.999000+00:00,87.85,88.11,87.85,88.09,300
2026-03-26 09:55:00+00:00,2026-03-26 09:59:59.999000+00:00,88.09,88.15462288,88.0537105,88.06,300
2026-03-26 10:00:00+00:00,2026-03-26 10:04:59.999000+00:00,88.06,88.0811625,87.93971366,87.96,300
2026-03-26 10:05:00+00:00,2026-03-26 10:09:59.999000+00:00,87.95026766,88.10045043,87.87,87.92353826,300
2026-03-26 10:10:00+00:00,2026-03-26 10:14:59.999000+00:00,87.91702425,88.04086946,87.82077327,87.98,300
2026-03-26 10:15:00+00:00,2026-03-26 10:19:59.999000+00:00,87.98,88.15,87.97862213,88.11097426,300
2026-03-26 10:20:00+00:00,2026-03-26 10:24:59.999000+00:00,88.11195362,88.23,88.08764058,88.22,300
2026-03-26 10:25:00+00:00,2026-03-26 10:29:59.999000+00:00,88.21,88.27,88.19616673,88.2,300
2026-03-26 10:30:00+00:00,2026-03-26 10:34:59.999000+00:00,88.19960654,88.27375765,88.04188453,88.04814513,300
2026-03-26 10:35:00+00:00,2026-03-26 10:39:59.999000+00:00,88.04814513,88.0545431,87.72546957,87.78384936,300
2026-03-26 10:40:00+00:00,2026-03-26 10:44:59.999000+00:00,87.7769055,87.87,87.71955508,87.76,300
2026-03-26 10:45:00+00:00,2026-03-26 10:49:59.999000+00:00,87.76,87.89,87.74539845,87.8407828,300
2026-03-26 10:50:00+00:00,2026-03-26 10:54:59.999000+00:00,87.8407828,87.92,87.83,87.85,300
2026-03-26 10:55:00+00:00,2026-03-26 10:59:59.999000+00:00,87.84,87.89,87.80725937,87.88,300
2026-03-26 11:00:00+00:00,2026-03-26 11:04:59.999000+00:00,87.87794486,88.0,87.83,87.93330547,300
2026-03-26 11:05:00+00:00,2026-03-26 11:09:59.999000+00:00,87.93,88.03,87.78,87.9,300
2026-03-26 11:10:00+00:00,2026-03-26 11:14:59.999000+00:00,87.9001971,87.91,87.61,87.84,300
2026-03-26 11:15:00+00:00,2026-03-26 11:19:59.999000+00:00,87.84,87.87,87.74,87.80234923,300
2026-03-26 11:20:00+00:00,2026-03-26 11:24:59.999000+00:00,87.80242032,87.84,87.48,87.48,300
2026-03-26 11:25:00+00:00,2026-03-26 11:29:59.999000+00:00,87.48,87.58,87.39133122,87.55,300
2026-03-26 11:30:00+00:00,2026-03-26 11:34:59.999000+00:00,87.55,87.67,87.53775189,87.59459941,300
2026-03-26 11:35:00+00:00,2026-03-26 11:39:59.999000+00:00,87.59275574,87.69,87.55391052,87.68059114,300
2026-03-26 11:40:00+00:00,2026-03-26 11:44:59.999000+00:00,87.67986038,87.7,87.56,87.59387871,300
2026-03-26 11:45:00+00:00,2026-03-26 11:49:59.999000+00:00,87.58956893,87.6264028,87.51,87.54043313,300
2026-03-26 11:50:00+00:00,2026-03-26 11:54:59.999000+00:00,87.5404083,87.67326527,87.5296034,87.63,300
2026-03-26 11:55:00+00:00,2026-03-26 11:59:59.999000+00:00,87.62980804,87.62980804,87.48897192,87.51116354,300
2026-03-26 12:00:00+00:00,2026-03-26 12:04:59.999000+00:00,87.51,87.55,87.4089372,87.46587162,300
2026-03-26 12:05:00+00:00,2026-03-26 12:09:59.999000+00:00,87.47,87.51131276,87.34091305,87.48,300
2026-03-26 12:10:00+00:00,2026-03-26 12:14:59.999000+00:00,87.48,87.58060849,87.4773494,87.53,300
2026-03-26 12:15:00+00:00,2026-03-26 12:19:59.999000+00:00,87.54,87.60657177,87.46026129,87.57,300
2026-03-26 12:20:00+00:00,2026-03-26 12:24:59.999000+00:00,87.57,87.7,87.54246584,87.64,300
2026-03-26 12:25:00+00:00,2026-03-26 12:29:59.999000+00:00,87.64,87.7,87.6069499,87.66,300
2026-03-26 12:30:00+00:00,2026-03-26 12:34:59.999000+00:00,87.66,87.73,87.55771467,87.55771467,300
2026-03-26 12:35:00+00:00,2026-03-26 12:39:59.999000+00:00,87.55005267,87.56,87.41637957,87.51233076,300
2026-03-26 12:40:00+00:00,2026-03-26 12:44:59.999000+00:00,87.51239,87.51289606,87.38455686,87.49224867,300
2026-03-26 12:45:00+00:00,2026-03-26 12:49:59.999000+00:00,87.4831232,87.61,87.43,87.47,300
2026-03-26 12:50:00+00:00,2026-03-26 12:54:59.999000+00:00,87.47,87.53,87.42,87.53,300
2026-03-26 12:55:00+00:00,2026-03-26 12:59:59.999000+00:00,87.53,87.57,87.50092591,87.51191538,300
2026-03-26 13:00:00+00:00,2026-03-26 13:04:59.999000+00:00,87.51051533,87.60092801,87.48,87.55938139,300
2026-03-26 13:05:00+00:00,2026-03-26 13:09:59.999000+00:00,87.6,87.73,87.56851567,87.68,300
2026-03-26 13:10:00+00:00,2026-03-26 13:14:59.999000+00:00,87.67476168,87.74,87.60036392,87.71,300
2026-03-26 13:15:00+00:00,2026-03-26 13:19:59.999000+00:00,87.72,87.84,87.68,87.76806169,300
2026-03-26 13:20:00+00:00,2026-03-26 13:24:59.999000+00:00,87.76721676,87.79,87.71132202,87.71132202,300
2026-03-26 13:25:00+00:00,2026-03-26 13:29:59.999000+00:00,87.71132202,87.75,87.67,87.74406049,300
2026-03-26 13:30:00+00:00,2026-03-26 13:34:59.999000+00:00,87.74401177,87.77,87.41,87.42,300
2026-03-26 13:35:00+00:00,2026-03-26 13:39:59.999000+00:00,87.42,87.63,87.26210093,87.36,300
2026-03-26 13:40:00+00:00,2026-03-26 13:44:59.999000+00:00,87.36,87.77413261,87.28,87.77413261,300
2026-03-26 13:45:00+00:00,2026-03-26 13:49:59.999000+00:00,87.77413261,88.16033133,87.75191713,87.84,300
2026-03-26 13:50:00+00:00,2026-03-26 13:54:59.999000+00:00,87.85,88.15,87.84269651,88.07,300
2026-03-26 13:55:00+00:00,2026-03-26 13:59:59.999000+00:00,88.07,88.08096763,87.67525916,87.86,300
2026-03-26 14:00:00+00:00,2026-03-26 14:04:59.999000+00:00,87.86,88.0,87.80121389,87.98,300
2026-03-26 14:05:00+00:00,2026-03-26 14:09:59.999000+00:00,87.9757144,88.1,87.72155478,87.77622738,300
2026-03-26 14:10:00+00:00,2026-03-26 14:14:59.999000+00:00,87.77761255,87.82,87.56304908,87.76160809,300
2026-03-26 14:15:00+00:00,2026-03-26 14:19:59.999000+00:00,87.77,87.82,87.50240144,87.50240144,300
2026-03-26 14:20:00+00:00,2026-03-26 14:24:59.999000+00:00,87.48085892,87.57,87.38157228,87.52,300
2026-03-26 14:25:00+00:00,2026-03-26 14:29:59.999000+00:00,87.51,87.75179856,87.4174485,87.54206911,300
2026-03-26 14:30:00+00:00,2026-03-26 14:34:59.999000+00:00,87.55,87.86,87.54315741,87.83904974,300
2026-03-26 14:35:00+00:00,2026-03-26 14:39:59.999000+00:00,87.83904974,87.83904974,87.6111803,87.72,300
2026-03-26 14:40:00+00:00,2026-03-26 14:44:59.999000+00:00,87.72,87.94,87.55473023,87.59,300
2026-03-26 14:45:00+00:00,2026-03-26 14:49:59.999000+00:00,87.59,87.64,87.45257009,87.52,300
2026-03-26 14:50:00+00:00,2026-03-26 14:54:59.999000+00:00,87.53,87.58,87.14,87.25,300
2026-03-26 14:55:00+00:00,2026-03-26 14:59:59.999000+00:00,87.25,87.58,87.2,87.48,300
2026-03-26 15:00:00+00:00,2026-03-26 15:04:59.999000+00:00,87.47477958,87.51,87.32107485,87.32491589,300
2026-03-26 15:05:00+00:00,2026-03-26 15:09:59.999000+00:00,87.32491589,87.41,86.95,87.08,300
2026-03-26 15:10:00+00:00,2026-03-26 15:14:59.999000+00:00,87.07,87.12,86.88182887,86.91,300
2026-03-26 15:15:00+00:00,2026-03-26 15:19:59.999000+00:00,86.89148975,87.15279147,86.70456651,87.11,300
2026-03-26 15:20:00+00:00,2026-03-26 15:24:59.999000+00:00,87.1,87.37,87.07715848,87.36,300
2026-03-26 15:25:00+00:00,2026-03-26 15:29:59.999000+00:00,87.36,87.49,87.34852457,87.4,300
2026-03-26 15:30:00+00:00,2026-03-26 15:34:59.999000+00:00,87.4,87.42,87.25165334,87.30195919,300
2026-03-26 15:35:00+00:00,2026-03-26 15:39:59.999000+00:00,87.30221354,87.34,87.23275527,87.32,300
2026-03-26 15:40:00+00:00,2026-03-26 15:44:59.999000+00:00,87.33,87.43,87.31,87.36557856,300
2026-03-26 15:45:00+00:00,2026-03-26 15:49:59.999000+00:00,87.36204663,87.58097085,87.36,87.57579464,300
2026-03-26 15:50:00+00:00,2026-03-26 15:54:59.999000+00:00,87.575247,87.72445979,87.54332076,87.60857744,300
2026-03-26 15:55:00+00:00,2026-03-26 15:59:59.999000+00:00,87.61,87.62,87.42816473,87.47229664,300
2026-03-26 16:00:00+00:00,2026-03-26 16:04:59.999000+00:00,87.47489853,87.56,87.41562049,87.52,300
2026-03-26 16:05:00+00:00,2026-03-26 16:09:59.999000+00:00,87.52,87.54633617,87.44995307,87.48,300
2026-03-26 16:10:00+00:00,2026-03-26 16:14:59.999000+00:00,87.47,87.49,87.33,87.46,300
2026-03-26 16:15:00+00:00,2026-03-26 16:19:59.999000+00:00,87.44803934,87.62165103,87.25378967,87.59,300
2026-03-26 16:20:00+00:00,2026-03-26 16:24:59.999000+00:00,87.59,87.67575724,87.4798308,87.67204443,300
2026-03-26 16:25:00+00:00,2026-03-26 16:29:59.999000+00:00,87.67204443,87.67755631,87.39853746,87.41,300
2026-03-26 16:30:00+00:00,2026-03-26 16:34:59.999000+00:00,87.41,87.47,87.3,87.45720599,300
2026-03-26 16:35:00+00:00,2026-03-26 16:39:59.999000+00:00,87.45257099,87.49,87.18356881,87.21,300
2026-03-26 16:40:00+00:00,2026-03-26 16:44:59.999000+00:00,87.21,87.25,87.12072383,87.23022558,300
2026-03-26 16:45:00+00:00,2026-03-26 16:49:59.999000+00:00,87.23660546,87.26,87.0887426,87.17,300
2026-03-26 16:50:00+00:00,2026-03-26 16:54:59.999000+00:00,87.16,87.19,87.08838557,87.16,300
2026-03-26 16:55:00+00:00,2026-03-26 16:59:59.999000+00:00,87.17031993,87.2,87.12336286,87.15,300
2026-03-26 17:00:00+00:00,2026-03-26 17:04:59.999000+00:00,87.14059048,87.34,87.06846371,87.32,300
2026-03-26 17:05:00+00:00,2026-03-26 17:09:59.999000+00:00,87.31042247,87.36511393,87.15,87.16,300
2026-03-26 17:10:00+00:00,2026-03-26 17:14:59.999000+00:00,87.16,87.16,87.02,87.02863745,300
2026-03-26 17:15:00+00:00,2026-03-26 17:19:59.999000+00:00,87.03,87.18474016,87.02095265,87.16000525,300
2026-03-26 17:20:00+00:00,2026-03-26 17:24:59.999000+00:00,87.17,87.21,87.0856136,87.16098801,300
2026-03-26 17:25:00+00:00,2026-03-26 17:29:59.999000+00:00,87.16490818,87.28153324,87.10052945,87.27,300
2026-03-26 17:30:00+00:00,2026-03-26 17:34:59.999000+00:00,87.29,87.42,87.2711557,87.41607826,300
2026-03-26 17:35:00+00:00,2026-03-26 17:39:59.999000+00:00,87.42,87.44054231,87.19199865,87.2,300
2026-03-26 17:40:00+00:00,2026-03-26 17:44:59.999000+00:00,87.2,87.2,87.1130883,87.14064681,300
2026-03-26 17:45:00+00:00,2026-03-26 17:49:59.999000+00:00,87.14064681,87.16,86.86170875,86.8824189,300
2026-03-26 17:50:00+00:00,2026-03-26 17:54:59.999000+00:00,86.89,86.95,86.74958135,86.91,300
2026-03-26 17:55:00+00:00,2026-03-26 17:59:59.999000+00:00,86.89778459,86.9,86.53,86.56282193,300
2026-03-26 18:00:00+00:00,2026-03-26 18:04:59.999000+00:00,86.57,86.77,86.49547053,86.49547053,300
2026-03-26 18:05:00+00:00,2026-03-26 18:09:59.999000+00:00,86.49170631,86.59,86.39,86.55,300
2026-03-26 18:10:00+00:00,2026-03-26 18:14:59.999000+00:00,86.56,86.56,86.34118771,86.49,300
2026-03-26 18:15:00+00:00,2026-03-26 18:19:59.999000+00:00,86.49,86.49,85.96418125,85.96717077,300
2026-03-26 18:20:00+00:00,2026-03-26 18:24:59.999000+00:00,85.98,86.07526944,85.84182569,85.96119853,300
2026-03-26 18:25:00+00:00,2026-03-26 18:29:59.999000+00:00,85.96086823,85.98,85.77596739,85.83780604,300
2026-03-26 18:30:00+00:00,2026-03-26 18:34:59.999000+00:00,85.82040855,85.9,85.68934562,85.7481445,300
2026-03-26 18:35:00+00:00,2026-03-26 18:39:59.999000+00:00,85.7481445,85.96,85.73,85.96,300
2026-03-26 18:40:00+00:00,2026-03-26 18:44:59.999000+00:00,85.95481358,85.98155257,85.86458461,85.90421751,300
2026-03-26 18:45:00+00:00,2026-03-26 18:49:59.999000+00:00,85.90414514,86.03160794,85.83198351,85.99450996,300
2026-03-26 18:50:00+00:00,2026-03-26 18:54:59.999000+00:00,85.99059039,86.0624718,85.90348784,86.05855235,300
2026-03-26 18:55:00+00:00,2026-03-26 18:59:59.999000+00:00,86.06,86.06067106,85.95,85.99,300
2026-03-26 19:00:00+00:00,2026-03-26 19:04:59.999000+00:00,85.99,86.0,85.85335378,85.96640091,300
2026-03-26 19:05:00+00:00,2026-03-26 19:09:59.999000+00:00,85.96822673,85.99,85.77215067,85.97369633,300
2026-03-26 19:10:00+00:00,2026-03-26 19:14:59.999000+00:00,85.97369633,85.99011,85.89,85.91880119,300
2026-03-26 19:15:00+00:00,2026-03-26 19:19:59.999000+00:00,85.92,85.99371452,85.89786493,85.96262264,300
2026-03-26 19:20:00+00:00,2026-03-26 19:24:59.999000+00:00,85.96593573,86.01,85.85571334,85.85571334,300
2026-03-26 19:25:00+00:00,2026-03-26 19:29:59.999000+00:00,85.85503152,85.85564269,85.49,85.58,300
2026-03-26 19:30:00+00:00,2026-03-26 19:34:59.999000+00:00,85.58,85.63,85.41618062,85.59266841,300
2026-03-26 19:35:00+00:00,2026-03-26 19:39:59.999000+00:00,85.58652663,85.81,85.58557873,85.72,300
2026-03-26 19:40:00+00:00,2026-03-26 19:44:59.999000+00:00,85.72,85.82,85.69110038,85.79315729,300
2026-03-26 19:45:00+00:00,2026-03-26 19:49:59.999000+00:00,85.79108485,85.81,85.67,85.67038495,300
2026-03-26 19:50:00+00:00,2026-03-26 19:54:59.999000+00:00,85.67,85.74,85.52,85.59,300
2026-03-26 19:55:00+00:00,2026-03-26 19:59:59.999000+00:00,85.59,85.67,85.393186,85.42,300
2026-03-26 20:00:00+00:00,2026-03-26 20:04:59.999000+00:00,85.41,85.55,85.38,85.55,300
2026-03-26 20:05:00+00:00,2026-03-26 20:09:59.999000+00:00,85.55,85.62521151,85.4364418,85.62355783,300
2026-03-26 20:10:00+00:00,2026-03-26 20:14:59.999000+00:00,85.62328237,87.02316078,85.57298857,86.55,300
2026-03-26 20:15:00+00:00,2026-03-26 20:19:59.999000+00:00,86.56,86.83,86.45,86.6,300
2026-03-26 20:20:00+00:00,2026-03-26 20:24:59.999000+00:00,86.6,86.83,86.48417761,86.73,300
2026-03-26 20:25:00+00:00,2026-03-26 20:29:59.999000+00:00,86.73,86.74,86.35343997,86.42012988,300
2026-03-26 20:30:00+00:00,2026-03-26 20:34:59.999000+00:00,86.44,86.58267822,86.43147816,86.48977004,300
2026-03-26 20:35:00+00:00,2026-03-26 20:39:59.999000+00:00,86.48997892,86.64062941,86.48997892,86.60227293,300
2026-03-26 20:40:00+00:00,2026-03-26 20:44:59.999000+00:00,86.60681875,86.61,86.48028549,86.60865874,300
2026-03-26 20:45:00+00:00,2026-03-26 20:49:59.999000+00:00,86.60917086,86.64,86.52439048,86.57051044,300
2026-03-26 20:50:00+00:00,2026-03-26 20:54:59.999000+00:00,86.57,86.57,86.17256028,86.23,300
2026-03-26 20:55:00+00:00,2026-03-26 20:59:59.999000+00:00,86.23,86.28,86.1773621,86.28,300
2026-03-26 21:00:00+00:00,2026-03-26 21:04:59.999000+00:00,86.27070324,86.3,86.14,86.25,300
2026-03-26 21:05:00+00:00,2026-03-26 21:09:59.999000+00:00,86.25,86.39,86.21986657,86.39,300
2026-03-26 21:10:00+00:00,2026-03-26 21:14:59.999000+00:00,86.39,86.65,86.38170106,86.59,300
2026-03-26 21:15:00+00:00,2026-03-26 21:19:59.999000+00:00,86.58563847,86.66,86.52767337,86.63,300
2026-03-26 21:20:00+00:00,2026-03-26 21:24:59.999000+00:00,86.63,86.87,86.6,86.82,300
2026-03-26 21:25:00+00:00,2026-03-26 21:29:59.999000+00:00,86.82450725,87.04,86.77,86.93,300
2026-03-26 21:30:00+00:00,2026-03-26 21:34:59.999000+00:00,86.92498175,87.06,86.89566032,86.97258264,300
2026-03-26 21:35:00+00:00,2026-03-26 21:39:59.999000+00:00,86.97187435,87.01,86.85,86.85114679,300
2026-03-26 21:40:00+00:00,2026-03-26 21:44:59.999000+00:00,86.86,86.99416522,86.80165134,86.9,300
2026-03-26 21:45:00+00:00,2026-03-26 21:49:59.999000+00:00,86.90060507,86.91,86.80548454,86.8689939,300
2026-03-26 21:50:00+00:00,2026-03-26 21:54:59.999000+00:00,86.87164919,86.9,86.75459475,86.83,300
2026-03-26 21:55:00+00:00,2026-03-26 21:59:59.999000+00:00,86.83,86.88,86.76174885,86.765034,300
2026-03-26 22:00:00+00:00,2026-03-26 22:04:59.999000+00:00,86.76504209,86.83,86.54803947,86.61,300
2026-03-26 22:05:00+00:00,2026-03-26 22:09:59.999000+00:00,86.6,86.73,86.43589105,86.54,300
2026-03-26 22:10:00+00:00,2026-03-26 22:14:59.999000+00:00,86.55,86.73185086,86.53,86.60096657,300
2026-03-26 22:15:00+00:00,2026-03-26 22:19:59.999000+00:00,86.60567737,86.64,86.5,86.57954888,300
2026-03-26 22:20:00+00:00,2026-03-26 22:24:59.999000+00:00,86.5804928,86.68,86.26341927,86.38,300
2026-03-26 22:25:00+00:00,2026-03-26 22:29:59.999000+00:00,86.38,86.56,86.17,86.52,300
2026-03-26 22:30:00+00:00,2026-03-26 22:34:59.999000+00:00,86.52,86.6,86.38,86.57,300
2026-03-26 22:35:00+00:00,2026-03-26 22:39:59.999000+00:00,86.56,86.6,86.49343956,86.59446235,300
2026-03-26 22:40:00+00:00,2026-03-26 22:44:59.999000+00:00,86.6,86.66,86.58584861,86.61,300
2026-03-26 22:45:00+00:00,2026-03-26 22:49:59.999000+00:00,86.60817759,86.69,86.58341108,86.6380371,300
2026-03-26 22:50:00+00:00,2026-03-26 22:54:59.999000+00:00,86.63888013,86.69370014,86.56492387,86.68593477,300
2026-03-26 22:55:00+00:00,2026-03-26 22:59:59.999000+00:00,86.6928522,86.76,86.65,86.75298227,300
2026-03-26 23:00:00+00:00,2026-03-26 23:04:59.999000+00:00,86.76,86.89,86.76,86.84,300
2026-03-26 23:05:00+00:00,2026-03-26 23:09:59.999000+00:00,86.83252747,86.85,86.6625838,86.6625838,300
2026-03-26 23:10:00+00:00,2026-03-26 23:14:59.999000+00:00,86.6625838,86.71036038,86.62590714,86.65,300
2026-03-26 23:15:00+00:00,2026-03-26 23:19:59.999000+00:00,86.65,86.76,86.6,86.76,300
2026-03-26 23:20:00+00:00,2026-03-26 23:24:59.999000+00:00,86.76,86.76159926,86.48879596,86.5260053,300
2026-03-26 23:25:00+00:00,2026-03-26 23:29:59.999000+00:00,86.52129388,86.56,86.4136288,86.56,300
2026-03-26 23:30:00+00:00,2026-03-26 23:34:59.999000+00:00,86.55215391,86.57339927,86.17,86.27359355,300
2026-03-26 23:35:00+00:00,2026-03-26 23:39:59.999000+00:00,86.28,86.42280833,86.25253215,86.25253215,300
2026-03-26 23:40:00+00:00,2026-03-26 23:44:59.999000+00:00,86.25079412,86.33,86.25,86.33,300
2026-03-26 23:45:00+00:00,2026-03-26 23:49:59.999000+00:00,86.33,86.37020568,86.27112849,86.35,300
2026-03-26 23:50:00+00:00,2026-03-26 23:54:59.999000+00:00,86.34623795,86.46,86.34623795,86.43599941,300
2026-03-26 23:55:00+00:00,2026-03-26 23:59:59.999000+00:00,86.43374206,86.5,86.39140625,86.47051927,300
2026-03-27 00:00:00+00:00,2026-03-27 00:04:59.999000+00:00,86.47067914,86.49,86.34283833,86.38952193,300
2026-03-27 00:05:00+00:00,2026-03-27 00:09:59.999000+00:00,86.36407951,86.7,86.36,86.68301088,300
2026-03-27 00:10:00+00:00,2026-03-27 00:14:59.999000+00:00,86.7,86.72815935,86.65438254,86.69,300
2026-03-27 00:15:00+00:00,2026-03-27 00:19:59.999000+00:00,86.69,86.73,86.56,86.60926977,300
2026-03-27 00:20:00+00:00,2026-03-27 00:24:59.999000+00:00,86.61068721,86.64,86.3,86.39,300
2026-03-27 00:25:00+00:00,2026-03-27 00:29:59.999000+00:00,86.39,86.4,86.25940794,86.26,300
2026-03-27 00:30:00+00:00,2026-03-27 00:34:59.999000+00:00,86.26,86.37,86.24578542,86.3315125,300
2026-03-27 00:35:00+00:00,2026-03-27 00:39:59.999000+00:00,86.33175108,86.37,86.13645966,86.21,300
2026-03-27 00:40:00+00:00,2026-03-27 00:44:59.999000+00:00,86.22,86.48,86.20334336,86.33262787,300
2026-03-27 00:45:00+00:00,2026-03-27 00:49:59.999000+00:00,86.33273988,86.33273988,86.21859064,86.28548511,300
2026-03-27 00:50:00+00:00,2026-03-27 00:54:59.999000+00:00,86.2847851,86.50284518,86.28,86.4461232,300
2026-03-27 00:55:00+00:00,2026-03-27 00:59:59.999000+00:00,86.44741552,86.55,86.44741552,86.49855044,300
2026-03-27 01:00:00+00:00,2026-03-27 01:04:59.999000+00:00,86.5,86.65,86.49919888,86.5309978,300
2026-03-27 01:05:00+00:00,2026-03-27 01:09:59.999000+00:00,86.5309978,86.58,86.39110154,86.56179568,300
2026-03-27 01:10:00+00:00,2026-03-27 01:14:59.999000+00:00,86.55856626,86.71,86.55091031,86.64,300
2026-03-27 01:15:00+00:00,2026-03-27 01:19:59.999000+00:00,86.64,86.75,86.59673112,86.65161155,300
2026-03-27 01:20:00+00:00,2026-03-27 01:24:59.999000+00:00,86.66,86.73228578,86.60900196,86.7,300
2026-03-27 01:25:00+00:00,2026-03-27 01:29:59.999000+00:00,86.7,86.77,86.67141474,86.71738057,300
2026-03-27 01:30:00+00:00,2026-03-27 01:34:59.999000+00:00,86.73,86.84,86.69,86.70198373,300
2026-03-27 01:35:00+00:00,2026-03-27 01:39:59.999000+00:00,86.71,86.72,86.58495276,86.62248987,300
2026-03-27 01:40:00+00:00,2026-03-27 01:44:59.999000+00:00,86.62195878,86.68287626,86.59,86.65720269,300
2026-03-27 01:45:00+00:00,2026-03-27 01:49:59.999000+00:00,86.65721111,86.74,86.62,86.73421852,300
2026-03-27 01:50:00+00:00,2026-03-27 01:54:59.999000+00:00,86.74,86.77072205,86.65212186,86.75,300
2026-03-27 01:55:00+00:00,2026-03-27 01:59:59.999000+00:00,86.75,86.85,86.75,86.82,300
2026-03-27 02:00:00+00:00,2026-03-27 02:04:59.999000+00:00,86.82,86.98,86.82,86.94738096,300
2026-03-27 02:05:00+00:00,2026-03-27 02:09:59.999000+00:00,86.95,86.95,86.85,86.94,300
2026-03-27 02:10:00+00:00,2026-03-27 02:14:59.999000+00:00,86.94,86.99,86.79052691,86.81407529,300
2026-03-27 02:15:00+00:00,2026-03-27 02:19:59.999000+00:00,86.81621906,86.81626292,86.65316948,86.66022532,300
2026-03-27 02:20:00+00:00,2026-03-27 02:24:59.999000+00:00,86.67,86.71724929,86.6397341,86.66294375,300
2026-03-27 02:25:00+00:00,2026-03-27 02:29:59.999000+00:00,86.66612505,86.7338298,86.61013973,86.73,300
2026-03-27 02:30:00+00:00,2026-03-27 02:34:59.999000+00:00,86.73,86.86110792,86.71053782,86.77,300
2026-03-27 02:35:00+00:00,2026-03-27 02:39:59.999000+00:00,86.76027723,86.76027723,86.64,86.65,300
2026-03-27 02:40:00+00:00,2026-03-27 02:44:59.999000+00:00,86.65,86.65,86.46825383,86.55,300
2026-03-27 02:45:00+00:00,2026-03-27 02:49:59.999000+00:00,86.57,86.63,86.56,86.61,300
2026-03-27 02:50:00+00:00,2026-03-27 02:54:59.999000+00:00,86.61,86.71,86.61,86.7,300
2026-03-27 02:55:00+00:00,2026-03-27 02:59:59.999000+00:00,86.7,86.75127258,86.57641986,86.64,300
2026-03-27 03:00:00+00:00,2026-03-27 03:04:59.999000+00:00,86.63472933,86.73,86.62,86.63244128,300
2026-03-27 03:05:00+00:00,2026-03-27 03:09:59.999000+00:00,86.6324068,86.63330937,86.30491647,86.35,300
2026-03-27 03:10:00+00:00,2026-03-27 03:14:59.999000+00:00,86.35,86.47,86.28041122,86.38,300
2026-03-27 03:15:00+00:00,2026-03-27 03:19:59.999000+00:00,86.37012299,86.46,86.3420671,86.45,300
2026-03-27 03:20:00+00:00,2026-03-27 03:24:59.999000+00:00,86.45,86.46231047,86.31358709,86.36001505,300
2026-03-27 03:25:00+00:00,2026-03-27 03:29:59.999000+00:00,86.36079593,86.45319544,86.35694972,86.43829635,300
2026-03-27 03:30:00+00:00,2026-03-27 03:34:59.999000+00:00,86.44,86.49024588,86.37099899,86.48,300
2026-03-27 03:35:00+00:00,2026-03-27 03:39:59.999000+00:00,86.48,86.56434786,86.43,86.52386448,300
2026-03-27 03:40:00+00:00,2026-03-27 03:44:59.999000+00:00,86.52486897,86.56,86.46,86.48,300
2026-03-27 03:45:00+00:00,2026-03-27 03:49:59.999000+00:00,86.47455106,86.48,86.38,86.41115403,300
2026-03-27 03:50:00+00:00,2026-03-27 03:54:59.999000+00:00,86.41115403,86.43,86.37016581,86.42469645,300
2026-03-27 03:55:00+00:00,2026-03-27 03:59:59.999000+00:00,86.42229023,86.42229023,86.32174786,86.36033839,300
2026-03-27 04:00:00+00:00,2026-03-27 04:04:59.999000+00:00,86.36,86.37743935,85.85122617,85.9722851,300
2026-03-27 04:05:00+00:00,2026-03-27 04:09:59.999000+00:00,85.9722851,86.03,85.69102291,85.75,300
2026-03-27 04:10:00+00:00,2026-03-27 04:14:59.999000+00:00,85.74,85.82,85.73,85.74,300
2026-03-27 04:15:00+00:00,2026-03-27 04:19:59.999000+00:00,85.74,85.97154323,85.73,85.97154323,300
2026-03-27 04:20:00+00:00,2026-03-27 04:24:59.999000+00:00,85.97154323,86.11,85.97154323,86.00508606,300
2026-03-27 04:25:00+00:00,2026-03-27 04:29:59.999000+00:00,86.0015081,86.05,85.98,86.00587749,300
2026-03-27 04:30:00+00:00,2026-03-27 04:34:59.999000+00:00,86.01,86.11,85.95288575,86.11,300
2026-03-27 04:35:00+00:00,2026-03-27 04:39:59.999000+00:00,86.11,86.14,86.06007834,86.09,300
2026-03-27 04:40:00+00:00,2026-03-27 04:44:59.999000+00:00,86.08693284,86.14,86.07,86.088938,300
2026-03-27 04:45:00+00:00,2026-03-27 04:49:59.999000+00:00,86.088938,86.13,86.03474174,86.04475069,300
2026-03-27 04:50:00+00:00,2026-03-27 04:54:59.999000+00:00,86.03414585,86.11,86.03,86.09,300
2026-03-27 04:55:00+00:00,2026-03-27 04:59:59.999000+00:00,86.08592978,86.15,86.08592978,86.11,300
2026-03-27 05:00:00+00:00,2026-03-27 05:04:59.999000+00:00,86.10036982,86.13030173,86.06563944,86.09,300
2026-03-27 05:05:00+00:00,2026-03-27 05:09:59.999000+00:00,86.08721568,86.36,86.08220733,86.31961455,300
2026-03-27 05:10:00+00:00,2026-03-27 05:14:59.999000+00:00,86.3161474,86.52325302,86.31461896,86.49,300
2026-03-27 05:15:00+00:00,2026-03-27 05:19:59.999000+00:00,86.49,86.72,86.49,86.53918433,300
2026-03-27 05:20:00+00:00,2026-03-27 05:24:59.999000+00:00,86.53492341,86.53492341,86.22148644,86.24,300
2026-03-27 05:25:00+00:00,2026-03-27 05:29:59.999000+00:00,86.25,86.25,85.9703824,86.07511347,300
2026-03-27 05:30:00+00:00,2026-03-27 05:34:59.999000+00:00,86.07722535,86.13,85.92,85.98980129,300
2026-03-27 05:35:00+00:00,2026-03-27 05:39:59.999000+00:00,85.98990574,86.2,85.98475307,86.00335703,300
2026-03-27 05:40:00+00:00,2026-03-27 05:44:59.999000+00:00,86.0,86.03552943,85.87627689,86.0,300
2026-03-27 05:45:00+00:00,2026-03-27 05:49:59.999000+00:00,85.99998396,86.02,85.92,85.97,300
2026-03-27 05:50:00+00:00,2026-03-27 05:54:59.999000+00:00,85.96902644,86.00282999,85.8905111,85.98,300
2026-03-27 05:55:00+00:00,2026-03-27 05:59:59.999000+00:00,85.98,86.09,85.98,86.04,300
2026-03-27 06:00:00+00:00,2026-03-27 06:04:59.999000+00:00,86.03,86.06,85.95,85.98,300
2026-03-27 06:05:00+00:00,2026-03-27 06:09:59.999000+00:00,85.98,86.11193867,85.91,86.10462809,300
2026-03-27 06:10:00+00:00,2026-03-27 06:14:59.999000+00:00,86.11,86.16,86.00323095,86.15732618,300
2026-03-27 06:15:00+00:00,2026-03-27 06:19:59.999000+00:00,86.15730546,86.21,86.09346195,86.11,300
2026-03-27 06:20:00+00:00,2026-03-27 06:24:59.999000+00:00,86.11,86.23,86.02,86.23,300
2026-03-27 06:25:00+00:00,2026-03-27 06:29:59.999000+00:00,86.23,86.34,86.14700367,86.30270049,300
2026-03-27 06:30:00+00:00,2026-03-27 06:34:59.999000+00:00,86.27369563,86.27369563,86.1634794,86.22070199,300
2026-03-27 06:35:00+00:00,2026-03-27 06:39:59.999000+00:00,86.23,86.25,86.17,86.17540907,300
2026-03-27 06:40:00+00:00,2026-03-27 06:44:59.999000+00:00,86.17529326,86.22,86.11,86.11,300
2026-03-27 06:45:00+00:00,2026-03-27 06:49:59.999000+00:00,86.10498722,86.10498722,85.89753635,86.03,300
2026-03-27 06:50:00+00:00,2026-03-27 06:54:59.999000+00:00,86.04,86.06,86.00874728,86.04888535,300
2026-03-27 06:55:00+00:00,2026-03-27 06:59:59.999000+00:00,86.03596454,86.05,85.96,86.00058851,300
2026-03-27 07:00:00+00:00,2026-03-27 07:04:59.999000+00:00,86.00058851,86.02,85.93244734,85.98582911,300
2026-03-27 07:05:00+00:00,2026-03-27 07:09:59.999000+00:00,85.98590985,86.00245432,85.75789916,85.77243531,300
2026-03-27 07:10:00+00:00,2026-03-27 07:14:59.999000+00:00,85.77,86.18,85.76219341,86.06,300
2026-03-27 07:15:00+00:00,2026-03-27 07:19:59.999000+00:00,86.07,86.19,85.98,86.15,300
2026-03-27 07:20:00+00:00,2026-03-27 07:24:59.999000+00:00,86.15,86.29,86.15,86.16587644,300
2026-03-27 07:25:00+00:00,2026-03-27 07:29:59.999000+00:00,86.16328969,86.23,86.10659255,86.22215045,300
2026-03-27 07:30:00+00:00,2026-03-27 07:34:59.999000+00:00,86.22222035,86.24278506,85.93330186,85.98,300
2026-03-27 07:35:00+00:00,2026-03-27 07:39:59.999000+00:00,85.97,86.00386053,85.86145613,85.86145613,300
2026-03-27 07:40:00+00:00,2026-03-27 07:44:59.999000+00:00,85.87,85.89,85.6404588,85.82540456,300
2026-03-27 07:45:00+00:00,2026-03-27 07:49:59.999000+00:00,85.83,85.9,85.78998177,85.9,300
2026-03-27 07:50:00+00:00,2026-03-27 07:54:59.999000+00:00,85.9,85.95,85.82950239,85.92,300
2026-03-27 07:55:00+00:00,2026-03-27 07:59:59.999000+00:00,85.92,85.92,85.78663785,85.86,300
2026-03-27 08:00:00+00:00,2026-03-27 08:04:59.999000+00:00,85.86,86.03,85.74858584,85.91403545,300
2026-03-27 08:05:00+00:00,2026-03-27 08:09:59.999000+00:00,85.90921808,85.91,85.75,85.79,299
2026-03-27 08:10:00+00:00,2026-03-27 08:14:59.999000+00:00,85.8,85.89366495,85.76902093,85.87112511,300
2026-03-27 08:15:00+00:00,2026-03-27 08:19:59.999000+00:00,85.86632662,85.95,85.79664474,85.86231012,300
2026-03-27 08:20:00+00:00,2026-03-27 08:24:59.999000+00:00,85.86,85.95,85.77065113,85.89,300
2026-03-27 08:25:00+00:00,2026-03-27 08:29:59.999000+00:00,85.89631214,85.92,85.69007821,85.69007821,300
2026-03-27 08:30:00+00:00,2026-03-27 08:34:59.999000+00:00,85.69,85.82,85.51314822,85.6,300
2026-03-27 08:35:00+00:00,2026-03-27 08:39:59.999000+00:00,85.59,85.61,84.31,84.42,300
2026-03-27 08:40:00+00:00,2026-03-27 08:44:59.999000+00:00,84.43,84.79,84.33996245,84.75,300
2026-03-27 08:45:00+00:00,2026-03-27 08:49:59.999000+00:00,84.75,84.87205617,84.71,84.81120709,300
2026-03-27 08:50:00+00:00,2026-03-27 08:54:59.999000+00:00,84.82,85.2252102,84.81284792,85.06574145,300
2026-03-27 08:55:00+00:00,2026-03-27 08:59:59.999000+00:00,85.06515119,85.11120499,85.02794054,85.05286549,300
2026-03-27 09:00:00+00:00,2026-03-27 09:04:59.999000+00:00,85.05,85.07,84.78321759,84.82,300
2026-03-27 09:05:00+00:00,2026-03-27 09:09:59.999000+00:00,84.80006922,84.82,84.54,84.54416422,300
2026-03-27 09:10:00+00:00,2026-03-27 09:14:59.999000+00:00,84.53777859,84.83,84.39,84.76,300
2026-03-27 09:15:00+00:00,2026-03-27 09:19:59.999000+00:00,84.76,84.97,84.76,84.92445387,300
2026-03-27 09:20:00+00:00,2026-03-27 09:24:59.999000+00:00,84.92,85.04,84.89234088,85.01,300
2026-03-27 09:25:00+00:00,2026-03-27 09:29:59.999000+00:00,85.00973395,85.2,85.00973395,85.11608581,300
2026-03-27 09:30:00+00:00,2026-03-27 09:34:59.999000+00:00,85.11522967,85.11522967,84.9,84.91,300
2026-03-27 09:35:00+00:00,2026-03-27 09:39:59.999000+00:00,84.91,85.01,84.84930981,84.97,300
2026-03-27 09:40:00+00:00,2026-03-27 09:44:59.999000+00:00,84.97,85.00321794,84.89,84.98,300
2026-03-27 09:45:00+00:00,2026-03-27 09:49:59.999000+00:00,84.98,85.12,84.96,85.05,300
2026-03-27 09:50:00+00:00,2026-03-27 09:54:59.999000+00:00,85.04,85.14,85.02291636,85.08405929,300
2026-03-27 09:55:00+00:00,2026-03-27 09:59:59.999000+00:00,85.08088598,85.12,84.97,85.02,300
2026-03-27 10:00:00+00:00,2026-03-27 10:04:59.999000+00:00,85.01615481,85.1,84.87942676,84.96703651,300
2026-03-27 10:05:00+00:00,2026-03-27 10:09:59.999000+00:00,84.97,85.05047911,84.92875917,84.98,300
2026-03-27 10:10:00+00:00,2026-03-27 10:14:59.999000+00:00,84.97,84.99,84.88063276,84.88063276,300
2026-03-27 10:15:00+00:00,2026-03-27 10:19:59.999000+00:00,84.88553479,84.95,84.82115827,84.84,300
2026-03-27 10:20:00+00:00,2026-03-27 10:24:59.999000+00:00,84.84,85.03279291,84.8183751,84.96,300
2026-03-27 10:25:00+00:00,2026-03-27 10:29:59.999000+00:00,84.96,85.07,84.93,85.04,300
2026-03-27 10:30:00+00:00,2026-03-27 10:34:59.999000+00:00,85.03,85.06,84.96520737,85.0,300
2026-03-27 10:35:00+00:00,2026-03-27 10:39:59.999000+00:00,85.0,85.0,82.81,83.35,300
2026-03-27 10:40:00+00:00,2026-03-27 10:44:59.999000+00:00,83.34234446,83.62,83.20846727,83.33625509,300
2026-03-27 10:45:00+00:00,2026-03-27 10:49:59.999000+00:00,83.34,83.5,83.24,83.40357057,300
2026-03-27 10:50:00+00:00,2026-03-27 10:54:59.999000+00:00,83.38330815,83.59,82.85828847,82.99492506,300
2026-03-27 10:55:00+00:00,2026-03-27 10:59:59.999000+00:00,82.99216281,82.99216281,82.62,82.94270516,300
2026-03-27 11:00:00+00:00,2026-03-27 11:04:59.999000+00:00,82.94358406,83.09,82.62389403,82.88,300
2026-03-27 11:05:00+00:00,2026-03-27 11:09:59.999000+00:00,82.87195468,83.16,82.87195468,83.04978425,300
2026-03-27 11:10:00+00:00,2026-03-27 11:14:59.999000+00:00,83.04992159,83.28,83.0414693,83.26,300
2026-03-27 11:15:00+00:00,2026-03-27 11:19:59.999000+00:00,83.26,83.35,83.19011629,83.27463159,300
2026-03-27 11:20:00+00:00,2026-03-27 11:24:59.999000+00:00,83.27495792,83.29,83.16981718,83.19580521,300
2026-03-27 11:25:00+00:00,2026-03-27 11:29:59.999000+00:00,83.21,83.37,83.19032917,83.35,300
2026-03-27 11:30:00+00:00,2026-03-27 11:34:59.999000+00:00,83.35,83.43,83.30649053,83.39,300
2026-03-27 11:35:00+00:00,2026-03-27 11:39:59.999000+00:00,83.38594464,83.45,83.32,83.44,300
2026-03-27 11:40:00+00:00,2026-03-27 11:44:59.999000+00:00,83.43375402,83.46,83.27,83.37,300
2026-03-27 11:45:00+00:00,2026-03-27 11:49:59.999000+00:00,83.36420854,83.55381912,83.32,83.43620496,300
2026-03-27 11:50:00+00:00,2026-03-27 11:54:59.999000+00:00,83.44,83.48,83.22,83.39833906,300
2026-03-27 11:55:00+00:00,2026-03-27 11:59:59.999000+00:00,83.40269666,83.43,83.29099911,83.31,300
2026-03-27 12:00:00+00:00,2026-03-27 12:04:59.999000+00:00,83.3,83.34,83.20256415,83.20256415,300
2026-03-27 12:05:00+00:00,2026-03-27 12:09:59.999000+00:00,83.20097974,83.32214242,83.1203325,83.1666814,300
2026-03-27 12:10:00+00:00,2026-03-27 12:14:59.999000+00:00,83.16601012,83.29,83.08644417,83.18,300
2026-03-27 12:15:00+00:00,2026-03-27 12:19:59.999000+00:00,83.18,83.24068755,83.07,83.19302624,300
2026-03-27 12:20:00+00:00,2026-03-27 12:24:59.999000+00:00,83.19,83.22,83.11166394,83.17,300
2026-03-27 12:25:00+00:00,2026-03-27 12:29:59.999000+00:00,83.18,83.18,83.05330087,83.10607146,300
2026-03-27 12:30:00+00:00,2026-03-27 12:34:59.999000+00:00,83.10604752,83.21,83.03,83.1,300
2026-03-27 12:35:00+00:00,2026-03-27 12:39:59.999000+00:00,83.09571248,83.2260946,83.03085886,83.15243303,300
2026-03-27 12:40:00+00:00,2026-03-27 12:44:59.999000+00:00,83.14765991,83.2430616,83.02399843,83.24233262,300
2026-03-27 12:45:00+00:00,2026-03-27 12:49:59.999000+00:00,83.23705602,83.36,82.99,82.99,300
2026-03-27 12:50:00+00:00,2026-03-27 12:54:59.999000+00:00,82.99,83.11,82.99,83.09307446,300
2026-03-27 12:55:00+00:00,2026-03-27 12:59:59.999000+00:00,83.09233992,83.11,83.02,83.03,300
2026-03-27 13:00:00+00:00,2026-03-27 13:04:59.999000+00:00,83.02663404,83.17127568,83.02663404,83.10877404,300
2026-03-27 13:05:00+00:00,2026-03-27 13:09:59.999000+00:00,83.10877404,83.11083902,82.91,82.96174414,300
2026-03-27 13:10:00+00:00,2026-03-27 13:14:59.999000+00:00,82.98,83.06,82.88164259,83.02195972,300
2026-03-27 13:15:00+00:00,2026-03-27 13:19:59.999000+00:00,83.02232933,83.25,83.0,83.22228524,300
2026-03-27 13:20:00+00:00,2026-03-27 13:24:59.999000+00:00,83.22500987,83.38021439,83.20669031,83.34,300
2026-03-27 13:25:00+00:00,2026-03-27 13:29:59.999000+00:00,83.34439467,83.46,83.34,83.36339529,300
2026-03-27 13:30:00+00:00,2026-03-27 13:34:59.999000+00:00,83.36339529,83.41,82.78,82.8,300
2026-03-27 13:35:00+00:00,2026-03-27 13:39:59.999000+00:00,82.8,83.08,82.44952174,82.98504312,300
2026-03-27 13:40:00+00:00,2026-03-27 13:44:59.999000+00:00,82.97970859,83.2,82.94537322,83.08,300
2026-03-27 13:45:00+00:00,2026-03-27 13:49:59.999000+00:00,83.08,83.24,83.04220598,83.06,300
2026-03-27 13:50:00+00:00,2026-03-27 13:54:59.999000+00:00,83.05,83.07,82.85004177,82.88,300
2026-03-27 13:55:00+00:00,2026-03-27 13:59:59.999000+00:00,82.88,82.88,82.6,82.87,300
2026-03-27 14:00:00+00:00,2026-03-27 14:04:59.999000+00:00,82.87,83.09278437,82.8001363,83.08211286,300
2026-03-27 14:05:00+00:00,2026-03-27 14:09:59.999000+00:00,83.08,83.21,83.05990581,83.14,300
2026-03-27 14:10:00+00:00,2026-03-27 14:14:59.999000+00:00,83.13703509,83.28,83.03,83.2,300
2026-03-27 14:15:00+00:00,2026-03-27 14:19:59.999000+00:00,83.21,83.21,82.87413474,82.87413474,300
2026-03-27 14:20:00+00:00,2026-03-27 14:24:59.999000+00:00,82.88,82.91,82.6,82.71428569,300
2026-03-27 14:25:00+00:00,2026-03-27 14:29:59.999000+00:00,82.7143734,82.79,82.54342396,82.58,300
2026-03-27 14:30:00+00:00,2026-03-27 14:34:59.999000+00:00,82.58,82.80314968,82.58,82.79349644,300
2026-03-27 14:35:00+00:00,2026-03-27 14:39:59.999000+00:00,82.7906693,82.92,82.72602779,82.80010374,300
2026-03-27 14:40:00+00:00,2026-03-27 14:44:59.999000+00:00,82.80010374,82.89,82.6866658,82.78,300
2026-03-27 14:45:00+00:00,2026-03-27 14:49:59.999000+00:00,82.79,82.9,82.63777812,82.9,300
2026-03-27 14:50:00+00:00,2026-03-27 14:54:59.999000+00:00,82.89,83.03048988,82.88534171,82.89405945,300
2026-03-27 14:55:00+00:00,2026-03-27 14:59:59.999000+00:00,82.89,83.14,82.89,83.11,300
2026-03-27 15:00:00+00:00,2026-03-27 15:04:59.999000+00:00,83.1093734,83.23,83.1093734,83.15730007,300
2026-03-27 15:05:00+00:00,2026-03-27 15:09:59.999000+00:00,83.15309546,83.28,83.1,83.26,300
2026-03-27 15:10:00+00:00,2026-03-27 15:14:59.999000+00:00,83.26,83.32,83.09,83.09280857,300
2026-03-27 15:15:00+00:00,2026-03-27 15:19:59.999000+00:00,83.09068489,83.23,83.03,83.08139635,300
2026-03-27 15:20:00+00:00,2026-03-27 15:24:59.999000+00:00,83.08000321,83.5807867,82.89412431,83.23988266,300
2026-03-27 15:25:00+00:00,2026-03-27 15:29:59.999000+00:00,83.24343249,83.4490997,83.12383502,83.41588812,300
2026-03-27 15:30:00+00:00,2026-03-27 15:34:59.999000+00:00,83.44,83.75411806,83.40484329,83.71,300
2026-03-27 15:35:00+00:00,2026-03-27 15:39:59.999000+00:00,83.72,83.93,83.62304219,83.67,300
2026-03-27 15:40:00+00:00,2026-03-27 15:44:59.999000+00:00,83.68,83.68,83.46898157,83.56007314,300
2026-03-27 15:45:00+00:00,2026-03-27 15:49:59.999000+00:00,83.57,83.69,83.47161515,83.62,300
2026-03-27 15:50:00+00:00,2026-03-27 15:54:59.999000+00:00,83.62,83.68,83.41,83.42,300
2026-03-27 15:55:00+00:00,2026-03-27 15:59:59.999000+00:00,83.41166156,83.42,83.2458326,83.25282812,300
2026-03-27 16:00:00+00:00,2026-03-27 16:04:59.999000+00:00,83.25282812,83.27,82.93,82.94,300
2026-03-27 16:05:00+00:00,2026-03-27 16:09:59.999000+00:00,82.94,82.96,82.73664147,82.82434049,300
2026-03-27 16:10:00+00:00,2026-03-27 16:14:59.999000+00:00,82.82434049,82.96,82.79316643,82.87,300
2026-03-27 16:15:00+00:00,2026-03-27 16:19:59.999000+00:00,82.86,82.86,82.69691528,82.69691528,114
