open_time,open,high,low,close,volume,close_time,quote_volume,trade_count,taker_buy_base_vol,taker_buy_quote_vol
2026-03-13 16:20:00+00:00,660.02,661.08,659.55,659.78,2963.23,2026-03-13 16:24:59.999000+00:00,1956534.6425,7517,1912.96,1263151.3948
2026-03-13 16:25:00+00:00,659.79,660.53,658.3,660.04,6149.63,2026-03-13 16:29:59.999000+00:00,4054757.6877,8995,3363.96,2218890.3416
2026-03-13 16:30:00+00:00,660.03,661.12,659.9,660.87,3718.26,2026-03-13 16:34:59.999000+00:00,2455931.3837,6378,2442.98,1613673.2024
2026-03-13 16:35:00+00:00,660.88,663.11,660.87,662.82,3763.39,2026-03-13 16:39:59.999000+00:00,2492128.2579,6030,2803.81,1856707.7002
2026-03-13 16:40:00+00:00,662.83,663.69,662.47,663.3,3176.13,2026-03-13 16:44:59.999000+00:00,2106606.6293,4898,1745.97,1158052.8787
2026-03-13 16:45:00+00:00,663.31,663.54,662.7,663.28,2341.73,2026-03-13 16:49:59.999000+00:00,1552917.5926,4733,1333.61,884376.2387
2026-03-13 16:50:00+00:00,663.28,663.77,662.9,663.19,2942.81,2026-03-13 16:54:59.999000+00:00,1952269.3243,4343,1532.16,1016464.6028
2026-03-13 16:55:00+00:00,663.19,663.24,661.91,662.07,1578.26,2026-03-13 16:59:59.999000+00:00,1045557.6581,3660,633.4,419572.606
2026-03-13 17:00:00+00:00,662.07,662.37,661.61,662.21,1757.21,2026-03-13 17:04:59.999000+00:00,1163239.4212,3892,1109.6,734564.9993
2026-03-13 17:05:00+00:00,662.2,663.1,661.82,663.1,1129.65,2026-03-13 17:09:59.999000+00:00,748315.5778,4147,643.21,426086.6615
2026-03-13 17:10:00+00:00,663.08,663.08,662.2,662.94,1482.16,2026-03-13 17:14:59.999000+00:00,982218.7265,3475,773.53,512637.112
2026-03-13 17:15:00+00:00,662.95,664.7,662.15,663.16,12426.84,2026-03-13 17:19:59.999000+00:00,8249765.1714,7396,3358.18,2228639.7354
2026-03-13 17:20:00+00:00,663.17,663.42,661.67,661.69,2439.5,2026-03-13 17:24:59.999000+00:00,1615928.5356,4624,667.57,442055.438
2026-03-13 17:25:00+00:00,661.69,661.83,659.15,659.87,5552.66,2026-03-13 17:29:59.999000+00:00,3665545.3978,7784,2007.04,1324808.7525
2026-03-13 17:30:00+00:00,659.87,660.55,659.51,660.1,1614.32,2026-03-13 17:34:59.999000+00:00,1065340.1744,4171,757.99,500282.8997
2026-03-13 17:35:00+00:00,660.1,660.13,658.34,658.8,3643.39,2026-03-13 17:39:59.999000+00:00,2400781.7441,5290,1572.76,1036457.8536
2026-03-13 17:40:00+00:00,658.8,658.92,656.06,656.96,7433.17,2026-03-13 17:44:59.999000+00:00,4886236.9495,9900,2758.4,1813055.3116
2026-03-13 17:45:00+00:00,656.94,657.41,655.23,655.47,5641.2,2026-03-13 17:49:59.999000+00:00,3701220.7811,9743,2397.66,1573293.8375
2026-03-13 17:50:00+00:00,655.47,656.79,653.83,656.24,10060.49,2026-03-13 17:54:59.999000+00:00,6591249.8695,11397,4421.56,2898290.4559
2026-03-13 17:55:00+00:00,656.23,656.93,652.91,656.02,19594.8,2026-03-13 17:59:59.999000+00:00,12824864.5684,11280,9569.98,6261185.3271
2026-03-13 18:00:00+00:00,656.03,656.85,655.86,656.67,3226.65,2026-03-13 18:04:59.999000+00:00,2117518.2712,6472,1513.73,993415.0378
2026-03-13 18:05:00+00:00,656.67,656.86,656.26,656.38,1870.85,2026-03-13 18:09:59.999000+00:00,1228184.8604,4351,1331.92,874377.7786
2026-03-13 18:10:00+00:00,656.38,657.44,655.47,657.26,3491.68,2026-03-13 18:14:59.999000+00:00,2292025.4405,6237,1935.1,1270348.24
2026-03-13 18:15:00+00:00,657.25,657.7,654.56,655.76,4083.79,2026-03-13 18:19:59.999000+00:00,2680405.2654,7625,2170.07,1424448.3812
2026-03-13 18:20:00+00:00,655.75,655.91,654.22,655.15,4498.87,2026-03-13 18:24:59.999000+00:00,2947551.0436,7620,2062.12,1351032.365
2026-03-13 18:25:00+00:00,655.15,657.12,655.03,657.12,1996.01,2026-03-13 18:29:59.999000+00:00,1308697.2681,4023,1451.23,951558.6321
2026-03-13 18:30:00+00:00,657.12,657.93,656.72,657.55,3264.85,2026-03-13 18:34:59.999000+00:00,2145886.6739,5023,1952.17,1283273.1536
2026-03-13 18:35:00+00:00,657.55,658.14,657.3,657.69,1351.37,2026-03-13 18:39:59.999000+00:00,888832.8039,2866,874.22,575007.2073
2026-03-13 18:40:00+00:00,657.7,658.71,657.53,657.87,1504.26,2026-03-13 18:44:59.999000+00:00,989857.546,3438,1040.32,684574.8597
2026-03-13 18:45:00+00:00,657.86,657.93,656.73,657.64,859.23,2026-03-13 18:49:59.999000+00:00,564870.9848,3152,430.07,282754.6525
2026-03-13 18:50:00+00:00,657.65,657.65,656.43,657.14,1190.8,2026-03-13 18:54:59.999000+00:00,782235.0825,2951,310.14,203760.2721
2026-03-13 18:55:00+00:00,657.14,657.33,656.58,656.88,557.51,2026-03-13 18:59:59.999000+00:00,366310.4847,1868,274.42,180318.8581
2026-03-13 19:00:00+00:00,656.88,657.0,656.21,656.34,1157.66,2026-03-13 19:04:59.999000+00:00,760136.6362,3759,493.58,324088.0664
2026-03-13 19:05:00+00:00,656.33,658.23,656.12,657.54,1607.56,2026-03-13 19:09:59.999000+00:00,1056293.9317,3887,1038.15,682193.9643
2026-03-13 19:10:00+00:00,657.54,658.12,657.53,657.67,770.75,2026-03-13 19:14:59.999000+00:00,507007.641,2114,476.64,313546.4514
2026-03-13 19:15:00+00:00,657.68,658.09,657.51,657.6,1163.47,2026-03-13 19:19:59.999000+00:00,765427.5725,2666,531.81,349858.7216
2026-03-13 19:20:00+00:00,657.59,657.69,656.33,657.68,1106.1,2026-03-13 19:24:59.999000+00:00,726823.8447,3126,575.7,378276.8777
2026-03-13 19:25:00+00:00,657.69,657.69,656.47,656.75,833.95,2026-03-13 19:29:59.999000+00:00,547857.7858,2056,278.33,182786.4339
2026-03-13 19:30:00+00:00,656.76,657.68,656.76,657.23,994.88,2026-03-13 19:34:59.999000+00:00,653985.927,2715,565.57,371775.9785
2026-03-13 19:35:00+00:00,657.24,657.3,656.88,657.0,743.43,2026-03-13 19:39:59.999000+00:00,488530.983,2006,291.73,191705.3329
2026-03-13 19:40:00+00:00,657.0,657.36,656.69,657.36,611.93,2026-03-13 19:44:59.999000+00:00,402046.9511,1648,404.33,265652.6961
2026-03-13 19:45:00+00:00,657.36,657.93,657.13,657.51,1301.69,2026-03-13 19:49:59.999000+00:00,855941.4015,2626,656.17,431450.1595
2026-03-13 19:50:00+00:00,657.5,657.7,657.03,657.33,1249.22,2026-03-13 19:54:59.999000+00:00,821257.7975,2552,710.1,466812.4986
2026-03-13 19:55:00+00:00,657.33,657.81,657.12,657.34,1020.47,2026-03-13 19:59:59.999000+00:00,670851.81,2281,599.97,394416.5322
2026-03-13 20:00:00+00:00,657.35,657.56,656.8,656.9,1237.06,2026-03-13 20:04:59.999000+00:00,812986.1683,2719,536.91,352847.9402
2026-03-13 20:05:00+00:00,656.9,657.58,656.9,657.37,790.78,2026-03-13 20:09:59.999000+00:00,519757.9313,2068,352.56,231706.4384
2026-03-13 20:10:00+00:00,657.37,658.17,657.22,658.17,669.99,2026-03-13 20:14:59.999000+00:00,440606.3822,1935,487.25,320443.0233
2026-03-13 20:15:00+00:00,658.17,658.74,658.0,658.6,1451.45,2026-03-13 20:19:59.999000+00:00,955489.6587,2561,948.58,624452.8931
2026-03-13 20:20:00+00:00,658.6,658.6,657.52,658.04,2486.97,2026-03-13 20:24:59.999000+00:00,1636352.1273,3345,606.23,398812.9777
2026-03-13 20:25:00+00:00,658.04,658.04,657.22,657.43,884.31,2026-03-13 20:29:59.999000+00:00,581492.6682,1582,213.95,140672.8525
2026-03-13 20:30:00+00:00,657.43,657.78,656.66,656.87,1833.35,2026-03-13 20:34:59.999000+00:00,1204796.1196,2751,612.48,402478.5573
2026-03-13 20:35:00+00:00,656.88,656.99,656.47,656.95,1306.0,2026-03-13 20:39:59.999000+00:00,857586.3513,2173,716.25,470324.487
2026-03-13 20:40:00+00:00,656.94,656.96,656.54,656.94,786.9,2026-03-13 20:44:59.999000+00:00,516820.6248,1470,431.27,283240.0442
2026-03-13 20:45:00+00:00,656.94,657.69,656.8,657.26,1342.68,2026-03-13 20:49:59.999000+00:00,882381.6527,2179,813.75,534732.7659
2026-03-13 20:50:00+00:00,657.25,657.67,657.02,657.41,629.42,2026-03-13 20:54:59.999000+00:00,413724.8296,1559,366.02,240578.7747
2026-03-13 20:55:00+00:00,657.41,657.42,657.12,657.41,676.35,2026-03-13 20:59:59.999000+00:00,444555.8372,1219,375.54,246828.9328
2026-03-13 21:00:00+00:00,657.41,658.56,657.41,658.41,999.27,2026-03-13 21:04:59.999000+00:00,657502.1362,2555,715.43,470729.1209
2026-03-13 21:05:00+00:00,658.4,658.8,658.33,658.64,786.07,2026-03-13 21:09:59.999000+00:00,517667.528,1720,401.03,264090.8197
2026-03-13 21:10:00+00:00,658.65,658.85,658.04,658.34,924.77,2026-03-13 21:14:59.999000+00:00,608933.4672,1849,411.37,270867.4889
2026-03-13 21:15:00+00:00,658.34,658.42,657.99,658.41,462.45,2026-03-13 21:19:59.999000+00:00,304406.5566,1256,205.41,135210.2302
2026-03-13 21:20:00+00:00,658.4,658.41,657.93,658.33,332.83,2026-03-13 21:24:59.999000+00:00,219061.1113,929,183.89,121030.0676
2026-03-13 21:25:00+00:00,658.32,658.32,656.26,656.72,1321.73,2026-03-13 21:29:59.999000+00:00,868624.3041,2291,298.58,196180.9817
2026-03-13 21:30:00+00:00,656.72,657.34,656.51,657.16,1003.19,2026-03-13 21:34:59.999000+00:00,659038.7793,1987,578.91,380351.9103
2026-03-13 21:35:00+00:00,657.15,658.05,656.38,656.56,1925.08,2026-03-13 21:39:59.999000+00:00,1265402.3111,2422,1000.96,658178.6914
2026-03-13 21:40:00+00:00,656.55,657.59,656.1,657.06,1929.51,2026-03-13 21:44:59.999000+00:00,1267567.8136,2822,926.32,608607.5743
2026-03-13 21:45:00+00:00,657.05,658.01,656.94,657.65,697.67,2026-03-13 21:49:59.999000+00:00,458733.8153,1899,442.7,291079.9033
2026-03-13 21:50:00+00:00,657.65,657.74,657.35,657.58,417.2,2026-03-13 21:54:59.999000+00:00,274323.6764,989,214.39,140968.6823
2026-03-13 21:55:00+00:00,657.59,657.64,656.9,656.97,1310.79,2026-03-13 21:59:59.999000+00:00,861486.0058,1968,644.22,423397.1378
2026-03-13 22:00:00+00:00,656.98,657.44,653.9,655.15,5160.88,2026-03-13 22:04:59.999000+00:00,3381455.7655,7600,2372.33,1554231.1263
2026-03-13 22:05:00+00:00,655.16,655.99,654.94,655.51,1859.91,2026-03-13 22:09:59.999000+00:00,1219114.1862,3193,924.56,605995.5382
2026-03-13 22:10:00+00:00,655.52,656.24,655.52,656.16,1338.15,2026-03-13 22:14:59.999000+00:00,877823.9287,2478,732.13,480243.5571
2026-03-13 22:15:00+00:00,656.17,656.21,654.51,656.02,2951.3,2026-03-13 22:19:59.999000+00:00,1934610.8018,4483,1443.32,946014.301
2026-03-13 22:20:00+00:00,656.03,656.03,654.86,654.98,2070.66,2026-03-13 22:24:59.999000+00:00,1356747.175,3092,871.33,570830.532
2026-03-13 22:25:00+00:00,654.98,655.16,654.56,654.75,1388.92,2026-03-13 22:29:59.999000+00:00,909534.4,3129,578.91,379106.0422
2026-03-13 22:30:00+00:00,654.75,655.07,653.63,654.7,2857.5,2026-03-13 22:34:59.999000+00:00,1869249.6799,4762,1496.36,978816.8045
2026-03-13 22:35:00+00:00,654.71,655.27,654.06,654.62,1409.7,2026-03-13 22:39:59.999000+00:00,922902.8426,3647,728.43,476922.095
2026-03-13 22:40:00+00:00,654.62,655.13,654.56,654.89,879.56,2026-03-13 22:44:59.999000+00:00,576023.7247,2388,511.09,334724.3729
2026-03-13 22:45:00+00:00,654.89,655.61,654.66,655.56,1697.06,2026-03-13 22:49:59.999000+00:00,1111647.9149,2552,1070.09,701011.3161
2026-03-13 22:50:00+00:00,655.57,656.29,655.08,656.24,1160.66,2026-03-13 22:54:59.999000+00:00,760917.7792,3025,749.34,491276.663
2026-03-13 22:55:00+00:00,656.23,656.24,655.65,655.66,782.7,2026-03-13 22:59:59.999000+00:00,513448.7865,1603,335.41,220033.6276
2026-03-13 23:00:00+00:00,655.66,655.66,654.6,655.43,1792.69,2026-03-13 23:04:59.999000+00:00,1174446.729,3599,850.41,557122.9783
2026-03-13 23:05:00+00:00,655.43,656.06,655.02,655.26,1275.51,2026-03-13 23:09:59.999000+00:00,836357.7171,2658,700.69,459476.2306
2026-03-13 23:10:00+00:00,655.26,655.72,654.89,655.27,1953.06,2026-03-13 23:14:59.999000+00:00,1279844.5894,3585,1340.22,878318.8848
2026-03-13 23:15:00+00:00,655.26,655.91,655.11,655.7,2064.63,2026-03-13 23:19:59.999000+00:00,1353623.3437,2651,1474.22,966638.9578
2026-03-13 23:20:00+00:00,655.71,655.75,655.05,655.2,758.24,2026-03-13 23:24:59.999000+00:00,496919.4299,2183,346.4,227029.3523
2026-03-13 23:25:00+00:00,655.2,656.09,655.19,655.61,1469.65,2026-03-13 23:29:59.999000+00:00,963700.9368,2625,628.25,411959.5837
2026-03-13 23:30:00+00:00,655.6,655.62,655.14,655.19,681.18,2026-03-13 23:34:59.999000+00:00,446473.5078,1986,296.33,194228.7811
2026-03-13 23:35:00+00:00,655.19,655.81,655.15,655.48,551.99,2026-03-13 23:39:59.999000+00:00,361802.3398,1631,277.51,181895.8037
2026-03-13 23:40:00+00:00,655.49,655.68,655.39,655.46,653.86,2026-03-13 23:44:59.999000+00:00,428616.9905,1449,278.8,182759.2693
2026-03-13 23:45:00+00:00,655.45,656.26,655.27,656.02,761.19,2026-03-13 23:49:59.999000+00:00,499261.7931,1858,437.3,286810.6628
2026-03-13 23:50:00+00:00,656.02,656.18,655.77,655.9,588.9,2026-03-13 23:54:59.999000+00:00,386273.768,1558,179.99,118054.783
2026-03-13 23:55:00+00:00,655.9,655.99,655.74,655.75,776.53,2026-03-13 23:59:59.999000+00:00,509311.5543,1331,269.73,176914.6253
2026-03-14 00:00:00+00:00,655.74,655.74,654.83,655.11,1338.8,2026-03-14 00:04:59.999000+00:00,877211.6633,3557,672.69,440725.0154
2026-03-14 00:05:00+00:00,655.11,655.69,655.05,655.69,1173.95,2026-03-14 00:09:59.999000+00:00,769256.5056,2486,638.68,418527.2416
2026-03-14 00:10:00+00:00,655.69,655.74,655.11,655.74,561.19,2026-03-14 00:14:59.999000+00:00,367793.7371,1926,201.97,132373.461
2026-03-14 00:15:00+00:00,655.74,655.97,655.27,655.67,712.25,2026-03-14 00:19:59.999000+00:00,466997.6126,1929,349.65,229251.8697
2026-03-14 00:20:00+00:00,655.67,656.31,655.63,655.79,2693.68,2026-03-14 00:24:59.999000+00:00,1767163.6873,2407,1332.48,874120.489
2026-03-14 00:25:00+00:00,655.79,655.79,654.62,655.46,1169.58,2026-03-14 00:29:59.999000+00:00,766287.1852,2259,384.8,252058.7851
2026-03-14 00:30:00+00:00,655.47,655.47,654.79,655.39,1069.66,2026-03-14 00:34:59.999000+00:00,700712.8587,2083,515.39,337629.9682
2026-03-14 00:35:00+00:00,655.38,655.55,653.8,653.81,1105.43,2026-03-14 00:39:59.999000+00:00,723748.3497,2318,329.91,216055.6943
2026-03-14 00:40:00+00:00,653.8,654.48,652.55,652.84,3554.01,2026-03-14 00:44:59.999000+00:00,2322123.6332,4828,1472.82,962504.6081
2026-03-14 00:45:00+00:00,652.84,653.75,652.78,652.87,2816.85,2026-03-14 00:49:59.999000+00:00,1839833.8609,4270,1702.27,1111886.4854
2026-03-14 00:50:00+00:00,652.86,653.21,652.58,652.91,1613.2,2026-03-14 00:54:59.999000+00:00,1053196.9579,2777,623.84,407280.5539
2026-03-14 00:55:00+00:00,652.91,653.45,652.91,653.17,909.03,2026-03-14 00:59:59.999000+00:00,593773.582,1777,540.71,353179.0562
2026-03-14 01:00:00+00:00,653.16,654.3,653.01,654.2,2164.41,2026-03-14 01:04:59.999000+00:00,1415057.7315,3453,1201.57,785588.0669
2026-03-14 01:05:00+00:00,654.2,654.47,654.04,654.46,380.71,2026-03-14 01:09:59.999000+00:00,249092.8683,1579,237.27,155236.1094
2026-03-14 01:10:00+00:00,654.47,654.47,653.75,654.08,1284.21,2026-03-14 01:14:59.999000+00:00,839924.5703,2023,862.33,563954.6053
2026-03-14 01:15:00+00:00,654.08,654.48,654.05,654.47,508.17,2026-03-14 01:19:59.999000+00:00,332513.4846,1496,258.72,169281.0212
2026-03-14 01:20:00+00:00,654.48,655.19,654.48,655.18,917.1,2026-03-14 01:24:59.999000+00:00,600594.2214,1676,770.97,504882.0527
2026-03-14 01:25:00+00:00,655.18,655.62,654.84,654.99,1230.75,2026-03-14 01:29:59.999000+00:00,806492.4772,1793,840.46,550788.5506
2026-03-14 01:30:00+00:00,655.0,655.14,654.13,654.25,894.08,2026-03-14 01:34:59.999000+00:00,585366.0717,2190,368.37,241181.9145
2026-03-14 01:35:00+00:00,654.26,654.54,652.95,654.22,2374.42,2026-03-14 01:39:59.999000+00:00,1552330.1327,4179,1050.13,686531.2436
2026-03-14 01:40:00+00:00,654.22,655.11,654.07,654.92,903.86,2026-03-14 01:44:59.999000+00:00,591788.0199,2438,491.95,322071.5587
2026-03-14 01:45:00+00:00,654.92,655.9,654.92,655.9,1413.93,2026-03-14 01:49:59.999000+00:00,926624.8473,2010,1178.02,772016.8349
2026-03-14 01:50:00+00:00,655.9,656.75,655.8,656.74,1364.85,2026-03-14 01:54:59.999000+00:00,895795.1587,2423,1008.46,661876.9755
2026-03-14 01:55:00+00:00,656.75,656.91,656.33,656.52,1582.55,2026-03-14 01:59:59.999000+00:00,1039158.9553,2056,964.71,633508.171
2026-03-14 02:00:00+00:00,656.53,656.53,656.0,656.47,1067.62,2026-03-14 02:04:59.999000+00:00,700587.9257,2272,494.97,324814.3105
2026-03-14 02:05:00+00:00,656.48,656.77,656.15,656.34,759.53,2026-03-14 02:09:59.999000+00:00,498615.0205,1804,444.18,291580.8069
2026-03-14 02:10:00+00:00,656.34,656.72,656.17,656.66,908.0,2026-03-14 02:14:59.999000+00:00,596130.1575,1665,592.59,389037.7406
2026-03-14 02:15:00+00:00,656.66,656.81,656.4,656.69,383.33,2026-03-14 02:19:59.999000+00:00,251708.9487,1027,192.3,126274.161
2026-03-14 02:20:00+00:00,656.69,656.69,656.01,656.24,701.84,2026-03-14 02:24:59.999000+00:00,460641.3911,1702,311.19,204221.1011
2026-03-14 02:25:00+00:00,656.25,656.32,655.79,656.2,550.77,2026-03-14 02:29:59.999000+00:00,361302.9054,1284,342.1,224420.2514
2026-03-14 02:30:00+00:00,656.21,656.27,655.77,656.18,402.85,2026-03-14 02:34:59.999000+00:00,264269.365,1338,218.13,143091.7803
2026-03-14 02:35:00+00:00,656.17,656.26,655.17,655.58,618.8,2026-03-14 02:39:59.999000+00:00,405756.1637,1598,266.21,174568.8613
2026-03-14 02:40:00+00:00,655.59,655.83,655.27,655.58,644.91,2026-03-14 02:44:59.999000+00:00,422773.8204,1208,200.21,131250.4632
2026-03-14 02:45:00+00:00,655.58,655.64,655.17,655.64,667.57,2026-03-14 02:49:59.999000+00:00,437492.1044,1269,436.49,286038.3785
2026-03-14 02:50:00+00:00,655.63,656.01,655.42,655.52,1103.33,2026-03-14 02:54:59.999000+00:00,723335.2981,1600,813.49,533302.483
2026-03-14 02:55:00+00:00,655.51,656.16,655.5,655.6,728.19,2026-03-14 02:59:59.999000+00:00,477589.3153,1634,410.1,268969.2741
2026-03-14 03:00:00+00:00,655.6,655.73,655.27,655.56,599.93,2026-03-14 03:04:59.999000+00:00,393256.719,1920,370.99,243182.8601
2026-03-14 03:05:00+00:00,655.56,656.4,655.55,656.4,905.22,2026-03-14 03:09:59.999000+00:00,593881.0006,2120,606.88,398132.4983
2026-03-14 03:10:00+00:00,656.39,656.4,656.05,656.09,718.67,2026-03-14 03:14:59.999000+00:00,471605.6072,1690,430.8,282697.9495
2026-03-14 03:15:00+00:00,656.1,657.07,656.08,656.33,1608.72,2026-03-14 03:19:59.999000+00:00,1056227.1322,3053,968.0,635561.334
2026-03-14 03:20:00+00:00,656.34,656.34,655.9,656.08,611.64,2026-03-14 03:24:59.999000+00:00,401280.1168,1494,295.71,194006.6562
2026-03-14 03:25:00+00:00,656.08,656.55,656.08,656.32,511.76,2026-03-14 03:29:59.999000+00:00,335917.2708,1386,319.02,209396.6792
2026-03-14 03:30:00+00:00,656.33,657.16,656.28,657.02,1195.64,2026-03-14 03:34:59.999000+00:00,785250.3621,2641,686.27,450702.5434
2026-03-14 03:35:00+00:00,657.02,657.15,656.56,657.08,655.26,2026-03-14 03:39:59.999000+00:00,430377.6305,1484,420.04,275883.8718
2026-03-14 03:40:00+00:00,657.09,657.22,656.98,657.05,665.95,2026-03-14 03:44:59.999000+00:00,437608.4108,1221,423.82,278498.8462
2026-03-14 03:45:00+00:00,657.05,657.1,656.8,656.84,452.65,2026-03-14 03:49:59.999000+00:00,297359.7567,1175,200.52,131724.7332
2026-03-14 03:50:00+00:00,656.84,657.03,656.79,656.96,645.38,2026-03-14 03:54:59.999000+00:00,423943.7143,1154,464.27,304979.2046
2026-03-14 03:55:00+00:00,656.97,657.04,656.68,656.88,357.7,2026-03-14 03:59:59.999000+00:00,234953.7096,1010,178.62,117322.5319
2026-03-14 04:00:00+00:00,656.88,657.35,656.58,657.18,975.81,2026-03-14 04:04:59.999000+00:00,641022.2425,2091,789.91,518909.7648
2026-03-14 04:05:00+00:00,657.17,657.35,656.73,657.06,760.35,2026-03-14 04:09:59.999000+00:00,499618.1574,1944,395.24,259700.9369
2026-03-14 04:10:00+00:00,657.07,657.15,656.71,656.87,653.86,2026-03-14 04:14:59.999000+00:00,429506.4371,1487,170.88,112261.9143
2026-03-14 04:15:00+00:00,656.87,656.95,656.15,656.48,737.34,2026-03-14 04:19:59.999000+00:00,484096.8745,1691,183.88,120709.2563
2026-03-14 04:20:00+00:00,656.48,656.57,656.21,656.29,268.63,2026-03-14 04:24:59.999000+00:00,176310.3948,1036,139.96,91857.7212
2026-03-14 04:25:00+00:00,656.3,656.8,656.18,656.8,414.88,2026-03-14 04:29:59.999000+00:00,272352.5497,1354,217.16,142565.1159
2026-03-14 04:30:00+00:00,656.79,657.33,656.44,657.33,484.92,2026-03-14 04:34:59.999000+00:00,318463.602,1508,351.69,230969.6096
2026-03-14 04:35:00+00:00,657.32,658.39,657.24,657.78,2439.03,2026-03-14 04:39:59.999000+00:00,1604654.7156,3010,1635.3,1075916.4915
2026-03-14 04:40:00+00:00,657.78,658.01,657.62,657.71,1113.93,2026-03-14 04:44:59.999000+00:00,732811.5631,1422,834.23,548805.3564
2026-03-14 04:45:00+00:00,657.71,657.87,657.38,657.87,369.93,2026-03-14 04:49:59.999000+00:00,243277.5322,1320,196.48,129213.1876
2026-03-14 04:50:00+00:00,657.88,658.05,655.71,655.9,2506.75,2026-03-14 04:54:59.999000+00:00,1647004.4422,3629,696.75,457706.3134
2026-03-14 04:55:00+00:00,655.89,656.16,655.27,655.47,1087.33,2026-03-14 04:59:59.999000+00:00,712772.4101,1769,688.66,451412.803
2026-03-14 05:00:00+00:00,655.47,655.69,655.27,655.4,604.31,2026-03-14 05:04:59.999000+00:00,396119.3451,2111,335.88,220163.2124
2026-03-14 05:05:00+00:00,655.39,655.97,655.0,655.73,1344.59,2026-03-14 05:09:59.999000+00:00,881337.4841,2500,525.24,344287.6751
2026-03-14 05:10:00+00:00,655.74,656.06,655.67,655.96,414.32,2026-03-14 05:14:59.999000+00:00,271709.8692,1296,331.43,217347.6549
2026-03-14 05:15:00+00:00,655.96,656.17,655.59,655.82,581.91,2026-03-14 05:19:59.999000+00:00,381644.2275,1388,267.88,175670.1555
2026-03-14 05:20:00+00:00,655.82,656.48,655.82,656.3,419.65,2026-03-14 05:24:59.999000+00:00,275339.2337,1438,299.21,196314.3216
2026-03-14 05:25:00+00:00,656.3,656.72,656.28,656.28,578.35,2026-03-14 05:29:59.999000+00:00,379685.2687,1319,320.6,210477.6239
2026-03-14 05:30:00+00:00,656.29,656.32,654.89,655.18,1679.05,2026-03-14 05:34:59.999000+00:00,1100697.0998,2635,529.53,347083.9658
2026-03-14 05:35:00+00:00,655.18,655.48,654.57,655.48,934.6,2026-03-14 05:39:59.999000+00:00,612216.9288,2119,532.0,348490.4263
2026-03-14 05:40:00+00:00,655.47,655.51,655.16,655.34,330.86,2026-03-14 05:44:59.999000+00:00,216827.686,1083,204.89,134270.3013
2026-03-14 05:45:00+00:00,655.33,655.61,655.11,655.34,717.42,2026-03-14 05:49:59.999000+00:00,470121.92,1672,354.83,232517.904
2026-03-14 05:50:00+00:00,655.35,655.76,655.08,655.56,446.31,2026-03-14 05:54:59.999000+00:00,292509.9222,1423,239.56,157015.5289
2026-03-14 05:55:00+00:00,655.56,655.64,655.33,655.61,326.55,2026-03-14 05:59:59.999000+00:00,214046.4584,966,123.93,81239.5834
2026-03-14 06:00:00+00:00,655.61,655.61,654.82,654.84,746.43,2026-03-14 06:04:59.999000+00:00,489010.5541,1967,341.07,223420.7137
2026-03-14 06:05:00+00:00,654.84,655.17,654.84,655.16,356.66,2026-03-14 06:09:59.999000+00:00,233612.2671,1221,222.6,145801.4061
2026-03-14 06:10:00+00:00,655.16,655.29,655.0,655.0,1167.11,2026-03-14 06:14:59.999000+00:00,764500.7941,1075,304.85,199707.037
2026-03-14 06:15:00+00:00,655.0,655.01,653.74,654.04,1829.05,2026-03-14 06:19:59.999000+00:00,1196939.8077,2645,514.92,336854.2483
2026-03-14 06:20:00+00:00,654.04,654.13,653.1,653.19,1425.55,2026-03-14 06:24:59.999000+00:00,931721.2903,2429,462.25,302195.9466
2026-03-14 06:25:00+00:00,653.19,653.5,652.7,653.26,1698.13,2026-03-14 06:29:59.999000+00:00,1109096.2031,2851,1133.33,740219.8152
2026-03-14 06:30:00+00:00,653.26,653.43,652.65,652.74,1067.73,2026-03-14 06:34:59.999000+00:00,697285.9872,2372,623.03,406888.0723
2026-03-14 06:35:00+00:00,652.74,653.26,651.55,651.74,4205.62,2026-03-14 06:39:59.999000+00:00,2742482.9682,5112,1324.65,863790.5436
2026-03-14 06:40:00+00:00,651.74,652.25,650.89,652.12,3048.2,2026-03-14 06:44:59.999000+00:00,1986313.0453,5005,1653.91,1077768.2039
2026-03-14 06:45:00+00:00,652.12,653.33,651.96,653.16,2224.15,2026-03-14 06:49:59.999000+00:00,1451828.6094,3992,1330.87,868644.5102
2026-03-14 06:50:00+00:00,653.16,653.21,652.62,652.75,1273.09,2026-03-14 06:54:59.999000+00:00,831228.6833,2228,616.06,402242.9392
2026-03-14 06:55:00+00:00,652.75,653.43,652.75,653.27,1348.21,2026-03-14 06:59:59.999000+00:00,880690.9113,1781,1057.41,690725.0273
2026-03-14 07:00:00+00:00,653.28,653.99,653.19,653.69,1087.96,2026-03-14 07:04:59.999000+00:00,711245.7733,2329,781.4,510809.4523
2026-03-14 07:05:00+00:00,653.69,653.82,653.19,653.82,729.71,2026-03-14 07:09:59.999000+00:00,476819.9492,2013,445.15,290868.7526
2026-03-14 07:10:00+00:00,653.82,654.45,653.81,654.23,931.16,2026-03-14 07:14:59.999000+00:00,609140.7552,1880,608.95,398350.3315
2026-03-14 07:15:00+00:00,654.23,654.24,653.82,653.96,684.06,2026-03-14 07:19:59.999000+00:00,447365.1016,1681,283.63,185480.7292
2026-03-14 07:20:00+00:00,653.95,653.96,653.13,653.3,802.61,2026-03-14 07:24:59.999000+00:00,524523.3796,1886,377.81,246937.3963
2026-03-14 07:25:00+00:00,653.3,654.04,653.29,654.03,523.7,2026-03-14 07:29:59.999000+00:00,342296.7732,1479,314.8,205768.2165
2026-03-14 07:30:00+00:00,654.03,654.18,653.56,653.7,574.77,2026-03-14 07:34:59.999000+00:00,375862.4319,1722,296.21,193718.8626
2026-03-14 07:35:00+00:00,653.7,653.72,652.81,653.14,590.45,2026-03-14 07:39:59.999000+00:00,385707.1448,1886,205.32,134125.6029
2026-03-14 07:40:00+00:00,653.14,653.15,652.35,652.53,973.53,2026-03-14 07:44:59.999000+00:00,635471.9228,2142,241.38,157575.6801
2026-03-14 07:45:00+00:00,652.53,652.67,652.14,652.46,888.75,2026-03-14 07:49:59.999000+00:00,579839.413,1628,555.24,362254.5145
2026-03-14 07:50:00+00:00,652.47,652.85,652.34,652.38,492.56,2026-03-14 07:54:59.999000+00:00,321467.5413,1703,344.54,224859.8266
2026-03-14 07:55:00+00:00,652.37,652.76,652.02,652.22,1072.47,2026-03-14 07:59:59.999000+00:00,699468.3268,1885,346.12,225748.6256
2026-03-14 08:00:00+00:00,652.23,652.53,651.99,652.37,1700.39,2026-03-14 08:04:59.999000+00:00,1109057.1634,2438,1116.1,727973.0746
2026-03-14 08:05:00+00:00,652.37,653.69,652.36,653.36,1086.24,2026-03-14 08:09:59.999000+00:00,709412.4603,2437,678.67,443187.2257
2026-03-14 08:10:00+00:00,653.35,653.59,653.12,653.48,759.35,2026-03-14 08:14:59.999000+00:00,496063.1185,1690,306.31,200104.9789
2026-03-14 08:15:00+00:00,653.48,653.8,653.13,653.37,2157.05,2026-03-14 08:19:59.999000+00:00,1409713.3654,2581,1220.68,797698.4083
2026-03-14 08:20:00+00:00,653.38,653.71,653.2,653.46,592.96,2026-03-14 08:24:59.999000+00:00,387482.4736,1400,167.13,109204.9153
2026-03-14 08:25:00+00:00,653.46,653.79,653.21,653.35,904.89,2026-03-14 08:29:59.999000+00:00,591295.0025,1954,413.24,270025.5467
2026-03-14 08:30:00+00:00,653.35,653.41,652.77,652.92,1081.58,2026-03-14 08:34:59.999000+00:00,706375.9891,1931,261.28,170612.1283
2026-03-14 08:35:00+00:00,652.92,653.01,652.13,652.34,593.18,2026-03-14 08:39:59.999000+00:00,387061.3694,1910,245.07,159924.0611
2026-03-14 08:40:00+00:00,652.34,652.36,651.78,651.82,1137.1,2026-03-14 08:44:59.999000+00:00,741406.2912,1897,268.81,175269.2168
2026-03-14 08:45:00+00:00,651.83,652.12,651.73,651.97,796.89,2026-03-14 08:49:59.999000+00:00,519531.9029,1643,433.36,282542.1991
2026-03-14 08:50:00+00:00,651.97,652.37,651.96,652.26,329.96,2026-03-14 08:54:59.999000+00:00,215208.3086,1128,160.55,104712.553
2026-03-14 08:55:00+00:00,652.27,652.27,651.9,652.04,331.27,2026-03-14 08:59:59.999000+00:00,216007.2312,1173,129.81,84637.3271
2026-03-14 09:00:00+00:00,652.04,652.7,651.88,652.7,468.76,2026-03-14 09:04:59.999000+00:00,305729.3414,1729,267.74,174627.0172
2026-03-14 09:05:00+00:00,652.69,653.32,652.69,653.32,590.23,2026-03-14 09:09:59.999000+00:00,385379.985,1739,315.72,206136.0096
2026-03-14 09:10:00+00:00,653.33,653.33,653.0,653.33,489.89,2026-03-14 09:14:59.999000+00:00,319963.3429,1473,182.02,118885.003
2026-03-14 09:15:00+00:00,653.33,653.33,652.5,652.92,767.49,2026-03-14 09:19:59.999000+00:00,501127.0321,2081,375.43,245118.2406
2026-03-14 09:20:00+00:00,652.91,652.91,652.44,652.66,413.95,2026-03-14 09:24:59.999000+00:00,270142.8278,1160,172.46,112537.4767
2026-03-14 09:25:00+00:00,652.65,652.85,652.45,652.61,287.42,2026-03-14 09:29:59.999000+00:00,187573.8006,1114,150.14,97982.9358
2026-03-14 09:30:00+00:00,652.62,652.79,652.18,652.2,598.07,2026-03-14 09:34:59.999000+00:00,390222.2443,1634,131.67,85898.0681
2026-03-14 09:35:00+00:00,652.2,652.65,651.98,652.31,906.98,2026-03-14 09:39:59.999000+00:00,591611.3772,1810,393.91,256946.8157
2026-03-14 09:40:00+00:00,652.31,652.31,652.24,652.3,149.37,2026-03-14 09:44:59.999000+00:00,97428.8178,518,54.54,35574.6033
2026-03-14 09:45:00+00:00,652.29,652.3,650.48,650.97,2187.14,2026-03-14 09:49:59.999000+00:00,1423989.2636,3500,809.73,527116.8602
2026-03-14 09:50:00+00:00,650.97,651.84,650.94,651.05,747.22,2026-03-14 09:54:59.999000+00:00,486682.5472,2052,350.75,228466.0299
2026-03-14 09:55:00+00:00,651.05,651.46,651.03,651.12,586.74,2026-03-14 09:59:59.999000+00:00,382124.9607,1486,309.81,201777.7623
2026-03-14 10:00:00+00:00,651.12,651.22,650.89,651.1,1243.88,2026-03-14 10:04:59.999000+00:00,809873.8222,2245,338.67,220497.9102
2026-03-14 10:05:00+00:00,651.1,651.24,650.74,650.86,615.1,2026-03-14 10:09:59.999000+00:00,400416.0576,1598,131.42,85564.1795
2026-03-14 10:10:00+00:00,650.86,651.18,650.63,651.18,681.95,2026-03-14 10:14:59.999000+00:00,443850.8619,1665,320.86,208840.8303
2026-03-14 10:15:00+00:00,651.17,651.17,650.33,650.78,636.38,2026-03-14 10:19:59.999000+00:00,414106.7635,1824,268.13,174476.0206
2026-03-14 10:20:00+00:00,650.78,650.92,650.66,650.69,541.87,2026-03-14 10:24:59.999000+00:00,352639.7112,1189,234.22,152429.1395
2026-03-14 10:25:00+00:00,650.7,650.86,650.57,650.76,513.91,2026-03-14 10:29:59.999000+00:00,334389.5238,1268,281.12,182912.9444
2026-03-14 10:30:00+00:00,650.76,650.77,649.97,650.63,1945.07,2026-03-14 10:34:59.999000+00:00,1264630.8693,2886,547.01,355685.4115
2026-03-14 10:35:00+00:00,650.62,650.7,650.32,650.59,574.49,2026-03-14 10:39:59.999000+00:00,373697.2829,1641,223.51,145392.3367
2026-03-14 10:40:00+00:00,650.58,650.86,650.52,650.57,589.19,2026-03-14 10:44:59.999000+00:00,383399.3361,1285,313.15,203771.653
2026-03-14 10:45:00+00:00,650.58,650.68,650.5,650.67,454.41,2026-03-14 10:49:59.999000+00:00,295637.2958,917,224.55,146092.9192
2026-03-14 10:50:00+00:00,650.67,651.18,650.67,651.17,648.8,2026-03-14 10:54:59.999000+00:00,422287.4559,1231,474.53,308856.9943
2026-03-14 10:55:00+00:00,651.18,651.36,650.82,650.94,584.31,2026-03-14 10:59:59.999000+00:00,380444.8808,1267,213.31,138880.3409
2026-03-14 11:00:00+00:00,650.94,651.87,650.86,651.83,1052.87,2026-03-14 11:04:59.999000+00:00,685838.824,2318,631.74,411508.1456
2026-03-14 11:05:00+00:00,651.82,652.22,651.82,652.08,1005.85,2026-03-14 11:09:59.999000+00:00,655807.9377,1956,614.27,400491.3774
2026-03-14 11:10:00+00:00,652.08,652.18,651.93,652.03,525.18,2026-03-14 11:14:59.999000+00:00,342461.2872,1403,212.61,138644.647
2026-03-14 11:15:00+00:00,652.04,652.11,651.94,651.99,611.12,2026-03-14 11:19:59.999000+00:00,398439.0787,974,359.23,234207.516
2026-03-14 11:20:00+00:00,651.99,652.22,651.84,652.18,1007.34,2026-03-14 11:24:59.999000+00:00,656884.5363,1013,707.66,461475.8633
2026-03-14 11:25:00+00:00,652.18,652.85,652.17,652.57,1283.08,2026-03-14 11:29:59.999000+00:00,837322.9468,1941,959.19,625927.8592
2026-03-14 11:30:00+00:00,652.58,652.67,652.3,652.67,460.92,2026-03-14 11:34:59.999000+00:00,300748.9633,1062,171.97,112211.2243
2026-03-14 11:35:00+00:00,652.66,652.8,652.54,652.8,373.85,2026-03-14 11:39:59.999000+00:00,244018.1372,1128,172.57,112641.6062
2026-03-14 11:40:00+00:00,652.79,653.47,652.76,653.39,1217.39,2026-03-14 11:44:59.999000+00:00,795245.5197,1834,864.83,564910.4893
2026-03-14 11:45:00+00:00,653.4,653.82,653.06,653.59,1240.0,2026-03-14 11:49:59.999000+00:00,810240.6648,2105,522.75,341607.9821
2026-03-14 11:50:00+00:00,653.6,653.89,653.49,653.64,1012.73,2026-03-14 11:54:59.999000+00:00,661999.9301,1600,364.37,238164.5521
2026-03-14 11:55:00+00:00,653.65,653.65,653.21,653.46,583.81,2026-03-14 11:59:59.999000+00:00,381445.3274,1187,208.81,136419.0642
2026-03-14 12:00:00+00:00,653.46,653.93,653.34,653.91,1416.0,2026-03-14 12:04:59.999000+00:00,925556.8645,2690,911.65,595875.9187
2026-03-14 12:05:00+00:00,653.91,654.61,653.52,653.53,2574.78,2026-03-14 12:09:59.999000+00:00,1684513.3814,3662,1440.27,942301.1473
2026-03-14 12:10:00+00:00,653.52,653.52,652.98,653.24,1433.64,2026-03-14 12:14:59.999000+00:00,936360.4694,2404,670.91,438158.3399
2026-03-14 12:15:00+00:00,653.25,653.25,652.73,652.93,1138.02,2026-03-14 12:19:59.999000+00:00,743094.4484,1542,576.61,376513.3099
2026-03-14 12:20:00+00:00,652.92,653.29,652.83,653.16,679.86,2026-03-14 12:24:59.999000+00:00,443961.7389,1221,229.81,150083.897
2026-03-14 12:25:00+00:00,653.16,653.3,652.84,652.92,439.49,2026-03-14 12:29:59.999000+00:00,286995.633,1047,112.94,73756.5367
2026-03-14 12:30:00+00:00,652.92,653.19,652.77,652.99,467.91,2026-03-14 12:34:59.999000+00:00,305509.8867,1217,143.55,93724.9764
2026-03-14 12:35:00+00:00,652.99,653.0,652.46,652.64,874.93,2026-03-14 12:39:59.999000+00:00,571012.7784,1656,351.21,229206.6698
2026-03-14 12:40:00+00:00,652.65,653.07,652.49,652.67,1040.29,2026-03-14 12:44:59.999000+00:00,679113.7875,1671,333.15,217465.8514
2026-03-14 12:45:00+00:00,652.68,653.46,652.67,653.46,566.34,2026-03-14 12:49:59.999000+00:00,369885.6763,1368,428.05,279553.3546
2026-03-14 12:50:00+00:00,653.45,653.89,653.35,653.85,726.44,2026-03-14 12:54:59.999000+00:00,474813.8247,1692,429.93,281016.2267
2026-03-14 12:55:00+00:00,653.85,653.86,653.21,653.49,1135.43,2026-03-14 12:59:59.999000+00:00,741984.6943,1774,477.55,312047.1943
2026-03-14 13:00:00+00:00,653.5,653.5,653.0,653.19,576.73,2026-03-14 13:04:59.999000+00:00,376711.2506,1737,263.66,172204.9711
2026-03-14 13:05:00+00:00,653.2,653.32,653.0,653.14,629.69,2026-03-14 13:09:59.999000+00:00,411278.421,1578,301.4,196856.9486
2026-03-14 13:10:00+00:00,653.14,653.19,652.85,653.07,629.02,2026-03-14 13:14:59.999000+00:00,410789.7239,1335,270.72,176792.3169
2026-03-14 13:15:00+00:00,653.07,653.93,653.07,653.93,1022.74,2026-03-14 13:19:59.999000+00:00,668403.1595,1671,784.47,512690.292
2026-03-14 13:20:00+00:00,653.93,654.13,653.34,654.12,1196.97,2026-03-14 13:24:59.999000+00:00,782511.5152,2155,678.18,443348.6449
2026-03-14 13:25:00+00:00,654.13,654.3,654.0,654.13,813.48,2026-03-14 13:29:59.999000+00:00,532125.3481,1396,591.54,386940.594
2026-03-14 13:30:00+00:00,654.14,654.49,654.08,654.49,628.69,2026-03-14 13:34:59.999000+00:00,411334.2185,1436,317.85,207955.7417
2026-03-14 13:35:00+00:00,654.48,654.49,654.02,654.12,548.65,2026-03-14 13:39:59.999000+00:00,358940.118,1390,190.8,124821.8134
2026-03-14 13:40:00+00:00,654.12,654.24,653.92,654.19,804.29,2026-03-14 13:44:59.999000+00:00,526039.8114,1276,422.97,276634.5377
2026-03-14 13:45:00+00:00,654.2,654.2,653.61,654.01,527.16,2026-03-14 13:49:59.999000+00:00,344741.6298,1604,198.11,129546.0219
2026-03-14 13:50:00+00:00,654.01,654.18,653.77,654.18,233.79,2026-03-14 13:54:59.999000+00:00,152881.3626,922,159.55,104334.9484
2026-03-14 13:55:00+00:00,654.18,654.23,653.68,653.98,420.98,2026-03-14 13:59:59.999000+00:00,275279.8886,1129,228.49,149394.5845
2026-03-14 14:00:00+00:00,653.98,654.72,653.67,654.71,1120.68,2026-03-14 14:04:59.999000+00:00,733121.303,2263,587.1,384171.5305
2026-03-14 14:05:00+00:00,654.72,654.9,653.91,653.91,1138.51,2026-03-14 14:09:59.999000+00:00,745255.4677,3172,645.44,422559.1262
2026-03-14 14:10:00+00:00,653.92,653.95,652.06,652.08,2596.58,2026-03-14 14:14:59.999000+00:00,1695191.0782,3242,819.16,534757.7968
2026-03-14 14:15:00+00:00,652.09,653.02,651.75,652.5,3210.5,2026-03-14 14:19:59.999000+00:00,2093874.904,2917,2175.51,1418760.1246
2026-03-14 14:20:00+00:00,652.51,652.86,652.44,652.82,648.64,2026-03-14 14:24:59.999000+00:00,423363.5155,1341,315.55,205934.5241
2026-03-14 14:25:00+00:00,652.83,653.36,652.79,653.36,589.09,2026-03-14 14:29:59.999000+00:00,384742.5737,1407,290.14,189485.5888
2026-03-14 14:30:00+00:00,653.37,653.6,652.65,653.17,716.98,2026-03-14 14:34:59.999000+00:00,468211.3925,1821,414.09,270392.7948
2026-03-14 14:35:00+00:00,653.17,653.29,653.03,653.04,470.26,2026-03-14 14:39:59.999000+00:00,307164.9973,1317,218.14,142485.7435
2026-03-14 14:40:00+00:00,653.04,653.14,651.91,651.98,1032.75,2026-03-14 14:44:59.999000+00:00,673856.4139,1852,386.67,252289.265
2026-03-14 14:45:00+00:00,651.98,652.51,651.92,652.51,701.07,2026-03-14 14:49:59.999000+00:00,457247.6038,1390,495.72,323320.2029
2026-03-14 14:50:00+00:00,652.51,652.7,652.4,652.64,298.96,2026-03-14 14:54:59.999000+00:00,195086.4756,1118,163.97,107001.8619
2026-03-14 14:55:00+00:00,652.63,652.69,652.23,652.29,282.14,2026-03-14 14:59:59.999000+00:00,184083.4907,932,161.71,105505.3946
2026-03-14 15:00:00+00:00,652.28,652.92,651.84,652.45,1296.69,2026-03-14 15:04:59.999000+00:00,845911.4537,2926,616.15,401943.5397
2026-03-14 15:05:00+00:00,652.45,652.69,652.17,652.69,307.66,2026-03-14 15:09:59.999000+00:00,200736.9038,1326,147.76,96404.398
2026-03-14 15:10:00+00:00,652.68,652.7,652.42,652.55,448.38,2026-03-14 15:14:59.999000+00:00,292607.2837,1288,238.11,155390.6436
2026-03-14 15:15:00+00:00,652.55,653.07,652.5,652.93,260.64,2026-03-14 15:19:59.999000+00:00,170148.9155,1299,160.28,104635.2625
2026-03-14 15:20:00+00:00,652.93,653.48,652.86,653.18,557.3,2026-03-14 15:24:59.999000+00:00,364055.4533,1547,327.12,213685.0157
2026-03-14 15:25:00+00:00,653.18,653.5,653.07,653.21,412.32,2026-03-14 15:29:59.999000+00:00,269378.3888,1190,209.65,136966.4092
2026-03-14 15:30:00+00:00,653.22,653.22,652.37,652.83,764.37,2026-03-14 15:34:59.999000+00:00,498977.4775,1994,268.17,175049.7064
2026-03-14 15:35:00+00:00,652.84,652.94,652.44,652.84,256.84,2026-03-14 15:39:59.999000+00:00,167653.8502,1024,135.45,88422.1154
2026-03-14 15:40:00+00:00,652.84,652.94,652.8,652.81,216.44,2026-03-14 15:44:59.999000+00:00,141302.2038,733,129.52,84556.0361
2026-03-14 15:45:00+00:00,652.82,653.08,652.81,652.96,408.59,2026-03-14 15:49:59.999000+00:00,266804.1135,1066,270.8,176825.3411
2026-03-14 15:50:00+00:00,652.97,653.61,652.96,653.34,530.55,2026-03-14 15:54:59.999000+00:00,346619.0421,1260,333.27,217724.1028
2026-03-14 15:55:00+00:00,653.34,653.54,653.3,653.3,343.24,2026-03-14 15:59:59.999000+00:00,224280.8266,1081,153.39,100227.1611
2026-03-14 16:00:00+00:00,653.3,653.3,652.47,652.82,775.09,2026-03-14 16:04:59.999000+00:00,505975.0507,2057,404.85,264272.9099
2026-03-14 16:05:00+00:00,652.82,652.99,652.27,652.93,712.86,2026-03-14 16:09:59.999000+00:00,465177.2401,2147,339.45,221526.4469
2026-03-14 16:10:00+00:00,652.93,653.07,652.67,652.79,470.58,2026-03-14 16:14:59.999000+00:00,307245.8053,1341,209.68,136907.5413
2026-03-14 16:15:00+00:00,652.79,653.5,652.7,653.3,507.52,2026-03-14 16:19:59.999000+00:00,331497.503,1457,321.62,210082.8056
2026-03-14 16:20:00+00:00,653.3,653.31,652.94,653.3,520.58,2026-03-14 16:24:59.999000+00:00,340006.2714,1406,267.75,174866.4499
2026-03-14 16:25:00+00:00,653.3,653.88,653.26,653.52,952.46,2026-03-14 16:29:59.999000+00:00,622530.8583,1568,449.37,293677.167
2026-03-14 16:30:00+00:00,653.52,654.52,653.52,654.19,1262.15,2026-03-14 16:34:59.999000+00:00,825578.2129,1833,1000.32,654324.7597
2026-03-14 16:35:00+00:00,654.19,654.33,653.95,653.96,453.69,2026-03-14 16:39:59.999000+00:00,296787.2456,1128,210.94,137989.7299
2026-03-14 16:40:00+00:00,653.96,654.21,653.8,653.8,582.11,2026-03-14 16:44:59.999000+00:00,380689.9106,1134,229.71,150224.6245
2026-03-14 16:45:00+00:00,653.8,653.91,653.5,653.87,486.51,2026-03-14 16:49:59.999000+00:00,318037.2799,1118,270.1,176569.2904
2026-03-14 16:50:00+00:00,653.87,654.18,653.87,654.17,430.81,2026-03-14 16:54:59.999000+00:00,281753.3067,979,165.54,108261.262
2026-03-14 16:55:00+00:00,654.17,654.2,653.94,653.97,413.8,2026-03-14 16:59:59.999000+00:00,270659.3653,865,99.54,65104.2347
2026-03-14 17:00:00+00:00,653.96,653.96,653.54,653.54,465.32,2026-03-14 17:04:59.999000+00:00,304221.7155,1448,203.0,132722.1168
2026-03-14 17:05:00+00:00,653.54,653.8,653.54,653.65,255.61,2026-03-14 17:09:59.999000+00:00,167087.2838,1070,125.79,82224.4712
2026-03-14 17:10:00+00:00,653.65,653.97,653.65,653.86,333.93,2026-03-14 17:14:59.999000+00:00,218328.3277,1169,155.3,101533.5829
2026-03-14 17:15:00+00:00,653.87,653.98,653.6,653.72,544.47,2026-03-14 17:19:59.999000+00:00,355979.6634,1185,285.52,186667.7727
2026-03-14 17:20:00+00:00,653.72,653.77,653.45,653.59,325.92,2026-03-14 17:24:59.999000+00:00,213026.4157,891,65.75,42977.5386
2026-03-14 17:25:00+00:00,653.6,654.09,653.59,653.9,937.72,2026-03-14 17:29:59.999000+00:00,613153.7001,1243,799.4,522722.7664
2026-03-14 17:30:00+00:00,653.91,653.91,653.36,653.37,275.59,2026-03-14 17:34:59.999000+00:00,180148.4631,1094,98.96,64694.6454
2026-03-14 17:35:00+00:00,653.36,653.76,653.36,653.62,220.76,2026-03-14 17:39:59.999000+00:00,144287.3382,846,160.43,104852.5768
2026-03-14 17:40:00+00:00,653.62,653.68,653.39,653.51,465.25,2026-03-14 17:44:59.999000+00:00,304051.8536,859,130.89,85542.8557
2026-03-14 17:45:00+00:00,653.52,653.54,653.26,653.33,359.54,2026-03-14 17:49:59.999000+00:00,234911.3679,1165,69.39,45336.3123
2026-03-14 17:50:00+00:00,653.33,653.33,652.7,652.81,455.69,2026-03-14 17:54:59.999000+00:00,297532.1047,1185,211.97,138385.1562
2026-03-14 17:55:00+00:00,652.8,653.15,652.8,653.01,255.02,2026-03-14 17:59:59.999000+00:00,166524.8854,931,165.75,108228.8092
2026-03-14 18:00:00+00:00,653.01,653.01,652.41,652.76,711.05,2026-03-14 18:04:59.999000+00:00,464043.1458,1905,252.74,164938.4325
2026-03-14 18:05:00+00:00,652.76,652.95,652.76,652.89,330.26,2026-03-14 18:09:59.999000+00:00,215612.0303,1062,149.1,97336.1989
2026-03-14 18:10:00+00:00,652.88,652.94,652.44,652.55,655.89,2026-03-14 18:14:59.999000+00:00,428077.1036,1319,187.43,122323.1649
2026-03-14 18:15:00+00:00,652.55,652.65,652.38,652.47,750.04,2026-03-14 18:19:59.999000+00:00,489402.8763,1254,492.1,321091.424
2026-03-14 18:20:00+00:00,652.47,652.51,652.13,652.18,1705.15,2026-03-14 18:24:59.999000+00:00,1112296.5889,2019,414.07,270097.3268
2026-03-14 18:25:00+00:00,652.19,652.5,652.18,652.42,686.11,2026-03-14 18:29:59.999000+00:00,447579.5029,1350,201.63,131532.3649
2026-03-14 18:30:00+00:00,652.41,653.1,652.35,652.85,648.98,2026-03-14 18:34:59.999000+00:00,423636.5425,1290,457.43,298596.8478
2026-03-14 18:35:00+00:00,652.85,652.86,652.64,652.81,280.11,2026-03-14 18:39:59.999000+00:00,182842.5195,914,138.66,90507.8572
2026-03-14 18:40:00+00:00,652.81,653.27,652.76,653.08,300.56,2026-03-14 18:44:59.999000+00:00,196286.9981,1080,175.66,114721.2855
2026-03-14 18:45:00+00:00,653.09,653.4,652.98,653.4,444.61,2026-03-14 18:49:59.999000+00:00,290405.4015,1139,135.73,88651.2438
2026-03-14 18:50:00+00:00,653.4,653.55,653.01,653.01,231.04,2026-03-14 18:54:59.999000+00:00,150946.2628,899,88.66,57930.7816
2026-03-14 18:55:00+00:00,653.01,653.63,652.97,653.13,1284.68,2026-03-14 18:59:59.999000+00:00,839241.2563,1341,926.44,605205.7649
2026-03-14 19:00:00+00:00,653.14,653.19,652.55,652.94,1423.44,2026-03-14 19:04:59.999000+00:00,929364.6406,2709,364.03,237695.0488
2026-03-14 19:05:00+00:00,652.95,653.07,652.9,653.0,255.93,2026-03-14 19:09:59.999000+00:00,167127.0545,1092,93.79,61245.8614
2026-03-14 19:10:00+00:00,653.01,653.23,653.0,653.22,220.33,2026-03-14 19:14:59.999000+00:00,143901.7684,780,103.6,67664.0962
2026-03-14 19:15:00+00:00,653.22,653.5,653.13,653.2,345.73,2026-03-14 19:19:59.999000+00:00,225862.2052,1018,211.67,138280.4782
2026-03-14 19:20:00+00:00,653.2,653.33,652.86,653.27,344.33,2026-03-14 19:24:59.999000+00:00,224879.6527,994,203.33,132782.5616
2026-03-14 19:25:00+00:00,653.27,653.28,653.06,653.26,211.21,2026-03-14 19:29:59.999000+00:00,137948.8173,721,135.13,88254.5278
2026-03-14 19:30:00+00:00,653.27,653.55,653.26,653.51,315.55,2026-03-14 19:34:59.999000+00:00,206196.8566,1108,174.39,113954.8801
2026-03-14 19:35:00+00:00,653.52,653.75,653.21,653.75,314.73,2026-03-14 19:39:59.999000+00:00,205653.5909,1207,166.96,109094.5151
2026-03-14 19:40:00+00:00,653.75,653.87,653.69,653.77,362.6,2026-03-14 19:44:59.999000+00:00,237066.1175,949,195.43,127769.9361
2026-03-14 19:45:00+00:00,653.77,654.0,653.77,653.93,231.87,2026-03-14 19:49:59.999000+00:00,151622.7324,907,104.1,68070.092
2026-03-14 19:50:00+00:00,653.93,653.93,653.69,653.78,227.82,2026-03-14 19:54:59.999000+00:00,148948.8503,640,105.96,69273.6893
2026-03-14 19:55:00+00:00,653.78,653.82,653.46,653.57,326.48,2026-03-14 19:59:59.999000+00:00,213381.216,918,189.67,123960.1206
2026-03-14 20:00:00+00:00,653.58,653.62,653.19,653.29,409.64,2026-03-14 20:04:59.999000+00:00,267649.2575,1321,175.0,114329.1468
2026-03-14 20:05:00+00:00,653.29,653.56,653.11,653.56,446.03,2026-03-14 20:09:59.999000+00:00,291403.1235,1221,315.6,206187.2353
2026-03-14 20:10:00+00:00,653.56,653.56,653.27,653.35,266.63,2026-03-14 20:14:59.999000+00:00,174217.8295,888,79.38,51861.1379
2026-03-14 20:15:00+00:00,653.35,653.53,653.27,653.48,283.6,2026-03-14 20:19:59.999000+00:00,185298.0054,1052,146.65,95816.1666
2026-03-14 20:20:00+00:00,653.48,653.5,653.27,653.28,362.93,2026-03-14 20:24:59.999000+00:00,237145.561,920,132.09,86308.9326
2026-03-14 20:25:00+00:00,653.27,653.28,653.27,653.27,79.78,2026-03-14 20:29:59.999000+00:00,52118.4005,397,51.99,33964.0272
2026-03-14 20:30:00+00:00,653.28,653.56,653.27,653.38,238.35,2026-03-14 20:34:59.999000+00:00,155742.1681,820,99.16,64786.8869
2026-03-14 20:35:00+00:00,653.38,653.82,653.38,653.41,482.1,2026-03-14 20:39:59.999000+00:00,315104.5286,1176,292.6,191251.5953
2026-03-14 20:40:00+00:00,653.42,654.19,653.41,654.09,758.55,2026-03-14 20:44:59.999000+00:00,495947.9356,1364,320.81,209723.4032
2026-03-14 20:45:00+00:00,654.09,654.58,653.87,654.16,799.76,2026-03-14 20:49:59.999000+00:00,523237.0692,1807,457.02,299011.1579
2026-03-14 20:50:00+00:00,654.16,654.16,653.85,653.88,214.91,2026-03-14 20:54:59.999000+00:00,140539.8524,812,75.98,49682.992
2026-03-14 20:55:00+00:00,653.89,654.05,653.85,653.85,234.32,2026-03-14 20:59:59.999000+00:00,153228.2995,667,104.56,68372.6587
2026-03-14 21:00:00+00:00,653.86,653.86,653.47,653.71,372.94,2026-03-14 21:04:59.999000+00:00,243784.6021,1423,165.02,107869.5275
2026-03-14 21:05:00+00:00,653.7,653.71,653.3,653.52,268.05,2026-03-14 21:09:59.999000+00:00,175174.7245,944,139.45,91129.2816
2026-03-14 21:10:00+00:00,653.52,653.66,653.22,653.31,355.91,2026-03-14 21:14:59.999000+00:00,232563.5938,963,106.81,69791.6011
2026-03-14 21:15:00+00:00,653.32,653.52,652.98,652.98,343.66,2026-03-14 21:19:59.999000+00:00,224523.4676,963,123.74,80848.1944
2026-03-14 21:20:00+00:00,652.98,653.43,652.98,653.3,310.5,2026-03-14 21:24:59.999000+00:00,202857.6771,782,202.2,132094.6199
2026-03-14 21:25:00+00:00,653.3,653.31,653.19,653.21,195.51,2026-03-14 21:29:59.999000+00:00,127713.035,473,102.13,66713.1745
2026-03-14 21:30:00+00:00,653.22,653.5,653.2,653.41,187.0,2026-03-14 21:34:59.999000+00:00,122179.8923,932,76.39,49909.5975
2026-03-14 21:35:00+00:00,653.41,653.9,653.38,653.89,218.08,2026-03-14 21:39:59.999000+00:00,142554.4243,873,139.01,90861.4945
2026-03-14 21:40:00+00:00,653.88,654.2,653.82,654.09,549.62,2026-03-14 21:44:59.999000+00:00,359443.452,1151,375.96,245866.3617
2026-03-14 21:45:00+00:00,654.1,654.5,653.92,654.5,291.41,2026-03-14 21:49:59.999000+00:00,190640.5102,1068,161.57,105712.4108
2026-03-14 21:50:00+00:00,654.49,654.92,654.48,654.63,644.05,2026-03-14 21:54:59.999000+00:00,421636.7601,1317,401.74,263019.7793
2026-03-14 21:55:00+00:00,654.63,654.9,654.44,654.76,623.57,2026-03-14 21:59:59.999000+00:00,408223.9085,1193,338.84,221809.2839
2026-03-14 22:00:00+00:00,654.77,655.5,654.5,654.81,1971.43,2026-03-14 22:04:59.999000+00:00,1291340.7237,4291,1524.64,998763.2886
2026-03-14 22:05:00+00:00,654.81,654.95,654.39,654.59,659.3,2026-03-14 22:09:59.999000+00:00,431581.5564,1553,355.49,232688.0769
2026-03-14 22:10:00+00:00,654.58,654.71,654.45,654.45,432.72,2026-03-14 22:14:59.999000+00:00,283269.3598,1053,207.01,135512.7777
2026-03-14 22:15:00+00:00,654.45,654.63,654.3,654.41,460.29,2026-03-14 22:19:59.999000+00:00,301222.4033,1278,298.86,195576.6643
2026-03-14 22:20:00+00:00,654.42,654.59,654.17,654.45,347.0,2026-03-14 22:24:59.999000+00:00,227052.2691,1044,166.44,108910.1
2026-03-14 22:25:00+00:00,654.46,654.65,654.38,654.54,257.59,2026-03-14 22:29:59.999000+00:00,168601.9836,794,124.18,81278.9754
2026-03-14 22:30:00+00:00,654.55,655.14,654.55,654.8,646.11,2026-03-14 22:34:59.999000+00:00,423148.5886,1379,375.19,245720.2496
2026-03-14 22:35:00+00:00,654.8,655.37,654.8,655.24,362.04,2026-03-14 22:39:59.999000+00:00,237187.6939,994,249.18,163242.8341
2026-03-14 22:40:00+00:00,655.25,655.25,654.9,655.09,256.83,2026-03-14 22:44:59.999000+00:00,168237.558,810,120.68,79048.2263
2026-03-14 22:45:00+00:00,655.09,655.12,654.6,654.71,302.94,2026-03-14 22:49:59.999000+00:00,198396.317,1055,76.69,50218.096
2026-03-14 22:50:00+00:00,654.72,654.93,654.71,654.81,229.96,2026-03-14 22:54:59.999000+00:00,150576.8012,728,144.81,94819.1065
2026-03-14 22:55:00+00:00,654.81,654.92,654.6,654.91,245.63,2026-03-14 22:59:59.999000+00:00,160837.7655,854,106.1,69471.0314
2026-03-14 23:00:00+00:00,654.91,656.56,654.89,656.31,1950.58,2026-03-14 23:04:59.999000+00:00,1279445.3032,4161,1344.12,881588.4472
2026-03-14 23:05:00+00:00,656.31,657.35,656.27,656.92,2579.13,2026-03-14 23:09:59.999000+00:00,1694236.6099,4861,1574.63,1034299.2876
2026-03-14 23:10:00+00:00,656.92,657.09,655.81,656.52,1878.89,2026-03-14 23:14:59.999000+00:00,1233220.4975,2828,653.6,428968.3621
2026-03-14 23:15:00+00:00,656.52,656.52,655.35,655.8,1685.55,2026-03-14 23:19:59.999000+00:00,1105413.9898,2806,648.28,425091.6073
2026-03-14 23:20:00+00:00,655.8,656.26,655.8,655.8,705.01,2026-03-14 23:24:59.999000+00:00,462507.7082,1504,404.88,265617.474
2026-03-14 23:25:00+00:00,655.81,656.89,655.5,656.42,1780.77,2026-03-14 23:29:59.999000+00:00,1168577.8212,2507,1082.95,710637.2741
2026-03-14 23:30:00+00:00,656.49,657.58,656.48,657.45,1480.81,2026-03-14 23:34:59.999000+00:00,973039.5113,2456,927.22,609210.3782
2026-03-14 23:35:00+00:00,657.46,657.64,657.31,657.46,1002.29,2026-03-14 23:39:59.999000+00:00,658955.513,1677,506.91,333273.5223
2026-03-14 23:40:00+00:00,657.47,657.59,657.13,657.42,715.68,2026-03-14 23:44:59.999000+00:00,470444.3091,1598,261.38,171816.2407
2026-03-14 23:45:00+00:00,657.42,657.77,657.25,657.4,858.93,2026-03-14 23:49:59.999000+00:00,564828.5275,2220,374.37,246166.2384
2026-03-14 23:50:00+00:00,657.4,657.79,657.37,657.79,496.57,2026-03-14 23:54:59.999000+00:00,326497.3012,1069,286.42,188324.3134
2026-03-14 23:55:00+00:00,657.8,657.95,657.56,657.61,1027.87,2026-03-14 23:59:59.999000+00:00,676067.6852,1431,437.79,287982.5674
2026-03-15 00:00:00+00:00,657.61,657.87,656.87,657.08,1295.75,2026-03-15 00:04:59.999000+00:00,851716.2938,3118,468.84,308175.0409
2026-03-15 00:05:00+00:00,657.08,657.47,656.5,656.7,975.06,2026-03-15 00:09:59.999000+00:00,640634.7353,2348,346.36,227570.4332
2026-03-15 00:10:00+00:00,656.69,657.06,656.57,657.06,813.11,2026-03-15 00:14:59.999000+00:00,534055.021,1911,445.55,292627.0652
2026-03-15 00:15:00+00:00,657.06,657.12,656.38,656.72,729.78,2026-03-15 00:19:59.999000+00:00,479235.4285,1788,361.68,237508.2851
2026-03-15 00:20:00+00:00,656.72,656.78,656.0,656.6,1432.19,2026-03-15 00:24:59.999000+00:00,940108.4789,2142,648.36,425573.0332
2026-03-15 00:25:00+00:00,656.6,657.45,656.39,656.4,1013.69,2026-03-15 00:29:59.999000+00:00,665950.7979,2115,574.74,377628.1065
2026-03-15 00:30:00+00:00,656.4,656.66,656.14,656.15,402.32,2026-03-15 00:34:59.999000+00:00,264061.6881,1483,196.05,128679.2029
2026-03-15 00:35:00+00:00,656.15,656.32,655.76,656.32,641.58,2026-03-15 00:39:59.999000+00:00,420846.6101,1537,336.53,220746.7611
2026-03-15 00:40:00+00:00,656.32,656.49,656.2,656.26,327.06,2026-03-15 00:44:59.999000+00:00,214650.5266,1102,174.18,114312.2367
2026-03-15 00:45:00+00:00,656.25,656.25,655.4,655.75,583.65,2026-03-15 00:49:59.999000+00:00,382715.3704,1699,187.05,122639.0555
2026-03-15 00:50:00+00:00,655.76,655.76,655.6,655.71,337.76,2026-03-15 00:54:59.999000+00:00,221472.8655,854,123.36,80886.268
2026-03-15 00:55:00+00:00,655.71,655.85,655.49,655.77,388.75,2026-03-15 00:59:59.999000+00:00,254904.0269,1107,205.56,134783.8869
2026-03-15 01:00:00+00:00,655.77,656.07,655.53,655.76,531.62,2026-03-15 01:04:59.999000+00:00,348671.9317,1691,312.51,204972.1751
2026-03-15 01:05:00+00:00,655.77,655.92,655.3,655.43,712.58,2026-03-15 01:09:59.999000+00:00,467138.2898,1737,209.96,137647.3062
2026-03-15 01:10:00+00:00,655.42,655.42,654.55,654.94,917.54,2026-03-15 01:14:59.999000+00:00,600893.3624,2417,307.22,201176.7862
2026-03-15 01:15:00+00:00,654.95,655.41,654.94,655.14,736.53,2026-03-15 01:19:59.999000+00:00,482553.9281,1512,377.31,247208.5214
2026-03-15 01:20:00+00:00,655.14,655.14,654.45,654.74,818.0,2026-03-15 01:24:59.999000+00:00,535560.4408,1393,288.17,188654.1861
2026-03-15 01:25:00+00:00,654.74,654.86,654.42,654.69,751.06,2026-03-15 01:29:59.999000+00:00,491746.6269,1073,203.2,133027.4425
2026-03-15 01:30:00+00:00,654.68,654.72,654.34,654.52,666.81,2026-03-15 01:34:59.999000+00:00,436436.1523,1598,235.6,154204.8808
2026-03-15 01:35:00+00:00,654.53,654.58,654.32,654.48,314.12,2026-03-15 01:39:59.999000+00:00,205574.7544,965,139.24,91124.0233
2026-03-15 01:40:00+00:00,654.48,654.75,654.48,654.69,261.8,2026-03-15 01:44:59.999000+00:00,171392.7399,816,152.31,99709.5091
2026-03-15 01:45:00+00:00,654.69,654.95,654.4,654.87,440.02,2026-03-15 01:49:59.999000+00:00,288073.1977,1291,243.58,159471.3651
2026-03-15 01:50:00+00:00,654.86,655.64,654.86,655.41,898.73,2026-03-15 01:54:59.999000+00:00,588928.0079,1629,663.46,434723.1862
2026-03-15 01:55:00+00:00,655.41,655.59,655.21,655.37,468.1,2026-03-15 01:59:59.999000+00:00,306814.2756,998,141.59,92795.5504
2026-03-15 02:00:00+00:00,655.36,657.96,655.36,656.78,3002.88,2026-03-15 02:04:59.999000+00:00,1972557.2145,5463,1988.84,1306201.0537
2026-03-15 02:05:00+00:00,656.78,657.62,656.63,657.21,1117.87,2026-03-15 02:09:59.999000+00:00,734647.862,2599,713.16,468717.0363
2026-03-15 02:10:00+00:00,657.21,657.83,657.17,657.63,891.73,2026-03-15 02:14:59.999000+00:00,586360.598,1761,459.97,302448.1833
2026-03-15 02:15:00+00:00,657.64,658.0,657.45,657.99,861.7,2026-03-15 02:19:59.999000+00:00,566757.1293,1959,474.14,311853.0387
2026-03-15 02:20:00+00:00,657.99,658.11,657.1,657.29,1608.91,2026-03-15 02:24:59.999000+00:00,1058117.3024,2287,704.38,463357.409
2026-03-15 02:25:00+00:00,657.29,657.53,657.28,657.43,230.07,2026-03-15 02:29:59.999000+00:00,151255.7887,977,131.9,86714.3263
2026-03-15 02:30:00+00:00,657.43,657.43,656.94,657.05,556.17,2026-03-15 02:34:59.999000+00:00,365457.4961,1641,197.33,129661.8647
2026-03-15 02:35:00+00:00,657.04,657.37,656.7,657.34,821.97,2026-03-15 02:39:59.999000+00:00,540079.8415,1864,240.69,158142.047
2026-03-15 02:40:00+00:00,657.35,658.96,657.24,658.9,1648.55,2026-03-15 02:44:59.999000+00:00,1085168.9718,2969,1030.25,678153.7705
2026-03-15 02:45:00+00:00,658.9,660.72,658.48,660.49,5401.85,2026-03-15 02:49:59.999000+00:00,3563306.7776,7402,3714.34,2449889.4211
2026-03-15 02:50:00+00:00,660.49,660.6,658.88,659.04,1441.3,2026-03-15 02:54:59.999000+00:00,950580.0471,3614,584.78,385608.3505
2026-03-15 02:55:00+00:00,659.04,659.64,658.8,659.31,2554.45,2026-03-15 02:59:59.999000+00:00,1683514.5802,2469,577.56,380639.6992
2026-03-15 03:00:00+00:00,659.31,661.24,659.31,659.9,5358.87,2026-03-15 03:04:59.999000+00:00,3539889.3326,6535,3006.88,1986201.0389
2026-03-15 03:05:00+00:00,659.9,659.99,659.42,659.64,1097.9,2026-03-15 03:09:59.999000+00:00,724219.9077,2285,718.08,473656.2766
2026-03-15 03:10:00+00:00,659.63,660.06,659.52,659.57,855.64,2026-03-15 03:14:59.999000+00:00,564509.2796,2032,445.84,294156.2188
2026-03-15 03:15:00+00:00,659.56,659.6,658.33,659.06,1537.7,2026-03-15 03:19:59.999000+00:00,1013336.8227,3458,573.93,378160.2056
2026-03-15 03:20:00+00:00,659.05,659.15,658.74,658.94,627.55,2026-03-15 03:24:59.999000+00:00,413515.4852,1360,215.94,142293.9404
2026-03-15 03:25:00+00:00,658.95,658.95,658.58,658.72,479.88,2026-03-15 03:29:59.999000+00:00,316130.6727,1437,201.28,132597.1915
2026-03-15 03:30:00+00:00,658.73,659.19,658.19,659.19,743.01,2026-03-15 03:34:59.999000+00:00,489473.8446,2008,481.61,317294.018
2026-03-15 03:35:00+00:00,659.18,659.6,659.03,659.58,528.1,2026-03-15 03:39:59.999000+00:00,348248.5374,1401,244.69,161349.9158
2026-03-15 03:40:00+00:00,659.58,659.7,658.68,658.72,538.5,2026-03-15 03:44:59.999000+00:00,354978.1191,1619,188.39,124209.4081
2026-03-15 03:45:00+00:00,658.72,658.72,657.93,658.22,1008.48,2026-03-15 03:49:59.999000+00:00,663782.0982,1867,327.91,215843.8959
2026-03-15 03:50:00+00:00,658.22,658.36,658.15,658.26,283.27,2026-03-15 03:54:59.999000+00:00,186458.0928,920,183.75,120948.9552
2026-03-15 03:55:00+00:00,658.27,658.94,658.21,658.9,463.65,2026-03-15 03:59:59.999000+00:00,305391.8829,1466,351.4,231447.1108
2026-03-15 04:00:00+00:00,658.91,659.95,658.91,659.71,880.15,2026-03-15 04:04:59.999000+00:00,580402.5222,2340,549.03,362032.0832
2026-03-15 04:05:00+00:00,659.72,660.43,659.7,660.27,1010.03,2026-03-15 04:09:59.999000+00:00,666673.0099,2331,596.5,393695.1552
2026-03-15 04:10:00+00:00,660.28,660.47,660.05,660.15,675.52,2026-03-15 04:14:59.999000+00:00,446009.6991,1466,310.96,205316.8198
2026-03-15 04:15:00+00:00,660.16,660.64,660.16,660.22,854.44,2026-03-15 04:19:59.999000+00:00,564231.6083,1718,383.78,253421.0519
2026-03-15 04:20:00+00:00,660.21,660.51,658.97,659.36,2375.85,2026-03-15 04:24:59.999000+00:00,1567089.0754,2946,653.47,431133.7162
2026-03-15 04:25:00+00:00,659.35,659.48,658.91,658.93,1148.71,2026-03-15 04:29:59.999000+00:00,757173.7507,1688,524.73,345848.827
2026-03-15 04:30:00+00:00,658.93,659.01,658.33,658.59,1092.34,2026-03-15 04:34:59.999000+00:00,719496.8254,2201,602.57,396866.6296
2026-03-15 04:35:00+00:00,658.59,659.42,658.51,659.36,673.69,2026-03-15 04:39:59.999000+00:00,443901.8613,1792,531.31,350074.5317
2026-03-15 04:40:00+00:00,659.36,659.36,658.27,659.04,1087.67,2026-03-15 04:44:59.999000+00:00,716337.8149,2407,449.42,295979.3473
2026-03-15 04:45:00+00:00,659.04,659.04,658.34,658.72,582.75,2026-03-15 04:49:59.999000+00:00,383735.7742,1408,209.31,137824.0508
2026-03-15 04:50:00+00:00,658.72,659.07,658.67,658.93,537.45,2026-03-15 04:54:59.999000+00:00,354147.5846,1254,294.69,194175.5265
2026-03-15 04:55:00+00:00,658.92,659.28,658.66,659.27,511.58,2026-03-15 04:59:59.999000+00:00,337062.3577,1411,202.93,133702.9868
2026-03-15 05:00:00+00:00,659.28,659.3,658.72,658.75,775.32,2026-03-15 05:04:59.999000+00:00,510907.5484,1751,214.24,141162.7358
2026-03-15 05:05:00+00:00,658.74,659.03,658.63,658.96,597.21,2026-03-15 05:09:59.999000+00:00,393426.1302,1466,254.79,167842.54
2026-03-15 05:10:00+00:00,658.96,658.98,658.62,658.63,337.71,2026-03-15 05:14:59.999000+00:00,222472.5931,926,139.78,92081.6598
2026-03-15 05:15:00+00:00,658.63,660.98,658.5,659.76,3816.54,2026-03-15 05:19:59.999000+00:00,2518669.5825,5474,2594.82,1712383.0921
2026-03-15 05:20:00+00:00,659.75,660.59,659.69,660.35,1657.52,2026-03-15 05:24:59.999000+00:00,1094058.6171,3047,903.55,596361.6595
2026-03-15 05:25:00+00:00,660.35,660.35,659.87,659.87,705.29,2026-03-15 05:29:59.999000+00:00,465537.7442,1523,421.13,277971.6539
2026-03-15 05:30:00+00:00,659.88,660.34,659.53,660.12,673.52,2026-03-15 05:34:59.999000+00:00,444490.1278,2072,288.21,190207.238
2026-03-15 05:35:00+00:00,660.12,660.53,659.86,660.53,605.04,2026-03-15 05:39:59.999000+00:00,399395.3484,1779,384.1,253564.9302
2026-03-15 05:40:00+00:00,660.53,660.76,660.08,660.21,897.05,2026-03-15 05:44:59.999000+00:00,592529.5043,1910,489.01,323011.7092
2026-03-15 05:45:00+00:00,660.21,660.4,659.55,659.66,1778.47,2026-03-15 05:49:59.999000+00:00,1173694.5458,2749,440.23,290547.3591
2026-03-15 05:50:00+00:00,659.65,659.95,659.61,659.71,485.88,2026-03-15 05:54:59.999000+00:00,320562.2396,1809,199.88,131866.2594
2026-03-15 05:55:00+00:00,659.7,659.73,659.41,659.41,483.75,2026-03-15 05:59:59.999000+00:00,319094.9284,1016,100.12,66043.0306
2026-03-15 06:00:00+00:00,659.41,660.05,659.34,660.02,658.24,2026-03-15 06:04:59.999000+00:00,434228.4103,1884,421.66,278173.8682
2026-03-15 06:05:00+00:00,660.03,660.03,659.52,660.0,326.75,2026-03-15 06:09:59.999000+00:00,215567.5698,1341,175.84,116006.1749
2026-03-15 06:10:00+00:00,659.99,659.99,659.39,659.7,479.83,2026-03-15 06:14:59.999000+00:00,316515.5865,1427,153.62,101322.4198
2026-03-15 06:15:00+00:00,659.71,659.86,659.48,659.49,533.86,2026-03-15 06:19:59.999000+00:00,352164.6547,1338,238.2,157135.3589
2026-03-15 06:20:00+00:00,659.5,659.5,658.74,658.81,819.48,2026-03-15 06:24:59.999000+00:00,539995.8016,1616,276.55,182222.155
2026-03-15 06:25:00+00:00,658.8,659.33,658.77,659.09,615.38,2026-03-15 06:29:59.999000+00:00,405574.7991,1474,375.05,247167.8259
2026-03-15 06:30:00+00:00,659.08,659.08,658.1,658.35,2662.85,2026-03-15 06:34:59.999000+00:00,1753092.1708,2456,439.83,289600.831
2026-03-15 06:35:00+00:00,658.35,658.35,657.84,657.94,643.64,2026-03-15 06:39:59.999000+00:00,423512.7621,1547,350.12,230371.594
2026-03-15 06:40:00+00:00,657.95,658.1,657.63,657.89,704.3,2026-03-15 06:44:59.999000+00:00,463305.2081,1560,270.65,178050.0076
2026-03-15 06:45:00+00:00,657.9,658.15,657.8,657.87,547.83,2026-03-15 06:49:59.999000+00:00,360449.4618,1022,291.37,191692.4418
2026-03-15 06:50:00+00:00,657.88,658.4,657.87,658.27,435.3,2026-03-15 06:54:59.999000+00:00,286517.1704,1330,324.66,213693.654
2026-03-15 06:55:00+00:00,658.27,658.55,658.19,658.5,314.38,2026-03-15 06:59:59.999000+00:00,206972.315,909,206.27,135799.7363
2026-03-15 07:00:00+00:00,658.5,658.74,658.23,658.74,461.55,2026-03-15 07:04:59.999000+00:00,303952.8151,1849,174.5,114910.2539
2026-03-15 07:05:00+00:00,658.73,658.9,658.19,658.19,551.22,2026-03-15 07:09:59.999000+00:00,363014.3828,1577,316.67,208555.1619
2026-03-15 07:10:00+00:00,658.2,659.73,658.19,659.42,963.54,2026-03-15 07:14:59.999000+00:00,635193.1791,2490,682.2,449680.009
2026-03-15 07:15:00+00:00,659.42,660.48,659.42,660.26,1294.02,2026-03-15 07:19:59.999000+00:00,854148.8778,2095,923.01,609212.3807
2026-03-15 07:20:00+00:00,660.27,660.33,659.7,660.0,750.68,2026-03-15 07:24:59.999000+00:00,495457.2441,1223,162.18,107040.5888
2026-03-15 07:25:00+00:00,660.0,660.13,659.85,660.01,461.42,2026-03-15 07:29:59.999000+00:00,304551.608,1175,152.14,100416.1767
2026-03-15 07:30:00+00:00,660.02,660.07,659.55,659.91,686.93,2026-03-15 07:34:59.999000+00:00,453231.8997,1711,346.63,228694.6419
2026-03-15 07:35:00+00:00,659.91,660.0,659.77,659.87,559.38,2026-03-15 07:39:59.999000+00:00,369136.059,1100,291.8,192566.7457
2026-03-15 07:40:00+00:00,659.86,659.87,659.49,659.5,443.16,2026-03-15 07:44:59.999000+00:00,292316.3983,997,137.44,90650.4691
2026-03-15 07:45:00+00:00,659.5,659.94,659.49,659.79,368.22,2026-03-15 07:49:59.999000+00:00,242891.2582,1268,265.05,174828.9751
2026-03-15 07:50:00+00:00,659.79,659.87,659.33,659.65,338.73,2026-03-15 07:54:59.999000+00:00,223415.7897,1252,175.1,115487.8853
2026-03-15 07:55:00+00:00,659.65,659.94,659.64,659.94,365.6,2026-03-15 07:59:59.999000+00:00,241218.1231,965,187.11,123450.1599
2026-03-15 08:00:00+00:00,659.94,660.72,659.66,659.8,1589.28,2026-03-15 08:04:59.999000+00:00,1049282.0223,2534,807.92,533329.193
2026-03-15 08:05:00+00:00,659.8,660.28,659.79,659.84,409.65,2026-03-15 08:09:59.999000+00:00,270371.1551,1533,194.12,128114.2825
2026-03-15 08:10:00+00:00,659.84,660.91,659.83,660.74,954.72,2026-03-15 08:14:59.999000+00:00,630684.3986,2515,631.08,416873.7462
2026-03-15 08:15:00+00:00,660.75,662.38,660.74,662.16,2768.35,2026-03-15 08:19:59.999000+00:00,1831790.744,4296,1975.98,1307439.426
2026-03-15 08:20:00+00:00,662.16,662.39,662.0,662.05,1434.82,2026-03-15 08:24:59.999000+00:00,950087.7734,2059,867.91,574677.5101
2026-03-15 08:25:00+00:00,662.04,662.21,661.69,661.69,974.47,2026-03-15 08:29:59.999000+00:00,645041.7907,2297,451.9,299126.5071
2026-03-15 08:30:00+00:00,661.69,662.1,661.55,661.89,893.67,2026-03-15 08:34:59.999000+00:00,591450.9552,1951,391.05,258807.1425
2026-03-15 08:35:00+00:00,661.89,662.39,661.77,662.38,581.49,2026-03-15 08:39:59.999000+00:00,384958.0209,1571,439.24,290795.7583
2026-03-15 08:40:00+00:00,662.38,662.74,662.21,662.67,1244.99,2026-03-15 08:44:59.999000+00:00,824704.6723,1972,832.4,551410.3235
2026-03-15 08:45:00+00:00,662.68,664.0,662.67,663.53,4682.37,2026-03-15 08:49:59.999000+00:00,3106017.513,6069,2393.82,1587957.6935
2026-03-15 08:50:00+00:00,663.54,663.81,662.95,663.25,1433.55,2026-03-15 08:54:59.999000+00:00,950870.4257,3399,687.21,455870.0758
2026-03-15 08:55:00+00:00,663.25,664.38,663.25,664.23,2656.98,2026-03-15 08:59:59.999000+00:00,1763143.4399,2811,2141.75,1421244.3543
2026-03-15 09:00:00+00:00,664.22,665.8,664.21,665.44,7750.46,2026-03-15 09:04:59.999000+00:00,5154590.6496,8622,4584.92,3049039.6559
2026-03-15 09:05:00+00:00,665.45,666.55,665.18,666.51,3371.31,2026-03-15 09:09:59.999000+00:00,2244861.9408,5570,2216.89,1476174.6269
2026-03-15 09:10:00+00:00,666.51,666.63,665.58,665.7,2451.83,2026-03-15 09:14:59.999000+00:00,1633193.8396,4615,1012.54,674496.2199
2026-03-15 09:15:00+00:00,665.7,666.22,665.53,665.81,1557.24,2026-03-15 09:19:59.999000+00:00,1036964.3833,2950,942.78,627790.968
2026-03-15 09:20:00+00:00,665.81,665.91,664.88,665.38,2029.3,2026-03-15 09:24:59.999000+00:00,1350162.7122,3058,567.39,377490.6604
2026-03-15 09:25:00+00:00,665.39,665.4,664.14,664.33,1266.44,2026-03-15 09:29:59.999000+00:00,841650.8952,2688,239.76,159303.435
2026-03-15 09:30:00+00:00,664.33,664.53,663.86,664.22,1398.09,2026-03-15 09:34:59.999000+00:00,928665.1478,3170,794.16,527545.8368
2026-03-15 09:35:00+00:00,664.21,664.21,663.53,663.91,1683.75,2026-03-15 09:39:59.999000+00:00,1117667.4546,2975,604.99,401603.3947
2026-03-15 09:40:00+00:00,663.91,664.18,663.27,663.39,951.73,2026-03-15 09:44:59.999000+00:00,631605.5937,2159,347.97,230950.3137
2026-03-15 09:45:00+00:00,663.39,663.67,662.9,663.0,1056.19,2026-03-15 09:49:59.999000+00:00,700584.3782,2111,622.04,412649.1954
2026-03-15 09:50:00+00:00,662.99,663.92,662.99,663.26,757.78,2026-03-15 09:54:59.999000+00:00,502681.8391,1934,454.43,301417.0744
2026-03-15 09:55:00+00:00,663.26,663.72,663.26,663.69,742.21,2026-03-15 09:59:59.999000+00:00,492511.6121,1318,503.96,334406.6579
2026-03-15 10:00:00+00:00,663.7,663.96,662.61,662.64,1511.67,2026-03-15 10:04:59.999000+00:00,1002920.7952,2956,398.88,264710.0111
2026-03-15 10:05:00+00:00,662.65,662.85,662.18,662.68,1723.44,2026-03-15 10:09:59.999000+00:00,1141767.2752,2868,759.0,502858.6838
2026-03-15 10:10:00+00:00,662.68,662.93,662.53,662.78,450.03,2026-03-15 10:14:59.999000+00:00,298271.5117,1887,149.05,98782.4253
2026-03-15 10:15:00+00:00,662.77,663.54,662.67,663.42,742.55,2026-03-15 10:19:59.999000+00:00,492344.3437,2011,446.91,296329.5954
2026-03-15 10:20:00+00:00,663.42,663.86,663.19,663.23,673.24,2026-03-15 10:24:59.999000+00:00,446700.3914,1777,363.12,240937.0049
2026-03-15 10:25:00+00:00,663.24,663.56,663.2,663.45,315.48,2026-03-15 10:29:59.999000+00:00,209279.669,1308,204.59,135720.9666
2026-03-15 10:30:00+00:00,663.46,663.46,662.99,663.08,541.15,2026-03-15 10:34:59.999000+00:00,358884.4908,1618,273.8,181576.9762
2026-03-15 10:35:00+00:00,663.08,663.33,662.6,662.69,703.28,2026-03-15 10:39:59.999000+00:00,466304.1142,1417,278.74,184821.72
2026-03-15 10:40:00+00:00,662.69,662.97,662.57,662.79,407.78,2026-03-15 10:44:59.999000+00:00,270255.7345,1351,188.36,124835.1119
2026-03-15 10:45:00+00:00,662.8,662.94,662.58,662.67,407.4,2026-03-15 10:49:59.999000+00:00,270015.8697,1330,153.52,101745.3324
2026-03-15 10:50:00+00:00,662.68,663.06,662.68,662.93,599.17,2026-03-15 10:54:59.999000+00:00,397187.9353,1280,272.93,180922.4151
2026-03-15 10:55:00+00:00,662.93,663.09,662.68,662.96,472.08,2026-03-15 10:59:59.999000+00:00,312943.6647,1004,147.58,97820.591
2026-03-15 11:00:00+00:00,662.96,663.09,662.74,662.78,712.05,2026-03-15 11:04:59.999000+00:00,472002.4045,1545,396.86,263062.3844
2026-03-15 11:05:00+00:00,662.78,663.04,662.36,662.36,581.88,2026-03-15 11:09:59.999000+00:00,385631.8707,1900,138.95,92096.0805
2026-03-15 11:10:00+00:00,662.36,662.59,662.1,662.36,504.7,2026-03-15 11:14:59.999000+00:00,334291.2727,1597,179.11,118633.1906
2026-03-15 11:15:00+00:00,662.37,662.91,662.03,662.03,838.33,2026-03-15 11:19:59.999000+00:00,555379.9761,2123,451.96,299432.1147
2026-03-15 11:20:00+00:00,662.04,662.48,661.93,662.01,1398.76,2026-03-15 11:24:59.999000+00:00,926253.3285,1820,697.88,462197.9234
2026-03-15 11:25:00+00:00,662.0,662.0,661.52,661.58,1054.39,2026-03-15 11:29:59.999000+00:00,697632.7006,1651,298.91,197756.2401
2026-03-15 11:30:00+00:00,661.58,661.76,661.5,661.62,814.78,2026-03-15 11:34:59.999000+00:00,539111.2702,1396,282.22,186733.6138
2026-03-15 11:35:00+00:00,661.61,661.61,660.87,660.95,1911.33,2026-03-15 11:39:59.999000+00:00,1263671.8507,2272,433.06,286294.0718
2026-03-15 11:40:00+00:00,660.94,661.06,659.7,660.8,4525.46,2026-03-15 11:44:59.999000+00:00,2988108.8911,4363,1349.69,891164.887
2026-03-15 11:45:00+00:00,660.8,661.37,660.59,660.7,2330.6,2026-03-15 11:49:59.999000+00:00,1540632.0986,4018,1168.93,772776.0091
2026-03-15 11:50:00+00:00,660.7,661.45,660.7,661.07,1953.97,2026-03-15 11:54:59.999000+00:00,1291845.2336,2868,1092.15,722056.923
2026-03-15 11:55:00+00:00,661.07,661.78,661.01,661.63,3538.65,2026-03-15 11:59:59.999000+00:00,2340836.2917,3287,1933.69,1279145.7018
2026-03-15 12:00:00+00:00,661.64,661.64,659.84,660.62,4393.42,2026-03-15 12:04:59.999000+00:00,2902136.1171,5601,1990.32,1314507.5407
2026-03-15 12:05:00+00:00,660.62,660.78,659.77,660.0,2774.91,2026-03-15 12:09:59.999000+00:00,1831893.2387,3820,1176.79,776884.2532
2026-03-15 12:10:00+00:00,660.0,660.55,660.0,660.37,1323.75,2026-03-15 12:14:59.999000+00:00,874106.1154,1952,945.07,624050.9717
2026-03-15 12:15:00+00:00,660.37,661.1,660.24,660.94,1185.19,2026-03-15 12:19:59.999000+00:00,783041.8348,2120,743.89,491480.98
2026-03-15 12:20:00+00:00,660.94,661.47,660.93,661.26,726.61,2026-03-15 12:24:59.999000+00:00,480444.4113,1287,476.16,314830.8329
2026-03-15 12:25:00+00:00,661.26,661.64,661.23,661.25,899.31,2026-03-15 12:29:59.999000+00:00,594882.3005,1368,445.58,294739.3665
2026-03-15 12:30:00+00:00,661.25,661.25,661.0,661.05,516.8,2026-03-15 12:34:59.999000+00:00,341660.0603,1111,200.31,132419.9938
2026-03-15 12:35:00+00:00,661.05,661.54,660.76,660.77,1275.55,2026-03-15 12:39:59.999000+00:00,843282.0584,2443,940.84,622021.6184
2026-03-15 12:40:00+00:00,660.77,660.77,659.8,660.07,1056.06,2026-03-15 12:44:59.999000+00:00,697275.4292,2370,518.66,342469.0234
2026-03-15 12:45:00+00:00,660.07,661.12,659.98,660.79,815.89,2026-03-15 12:49:59.999000+00:00,538955.028,2079,529.04,349461.8499
2026-03-15 12:50:00+00:00,660.8,661.12,660.8,661.11,600.21,2026-03-15 12:54:59.999000+00:00,396714.0045,1290,408.22,269815.6935
2026-03-15 12:55:00+00:00,661.12,661.98,661.11,661.97,1038.42,2026-03-15 12:59:59.999000+00:00,687045.2526,2320,660.1,436725.2988
2026-03-15 13:00:00+00:00,661.98,662.57,661.83,662.29,3173.81,2026-03-15 13:04:59.999000+00:00,2101974.7979,4617,1015.93,672856.6755
2026-03-15 13:05:00+00:00,662.28,662.3,659.0,659.18,6350.08,2026-03-15 13:09:59.999000+00:00,4193717.9744,8468,1412.1,932600.0191
2026-03-15 13:10:00+00:00,659.18,659.38,657.67,658.95,8144.05,2026-03-15 13:14:59.999000+00:00,5363161.2765,9515,3730.16,2456565.4882
2026-03-15 13:15:00+00:00,658.94,658.94,657.11,658.3,3085.26,2026-03-15 13:19:59.999000+00:00,2030271.6174,6205,971.0,638888.8916
2026-03-15 13:20:00+00:00,658.29,659.17,657.51,658.78,3236.76,2026-03-15 13:24:59.999000+00:00,2130385.7314,5106,1392.72,916671.3882
2026-03-15 13:25:00+00:00,658.78,659.6,658.61,659.24,2736.96,2026-03-15 13:29:59.999000+00:00,1803904.5423,4002,1306.72,861360.793
2026-03-15 13:30:00+00:00,659.25,659.47,657.78,658.1,3215.38,2026-03-15 13:34:59.999000+00:00,2117703.3642,4678,1013.56,667665.2645
2026-03-15 13:35:00+00:00,658.11,658.48,656.73,656.9,4024.51,2026-03-15 13:39:59.999000+00:00,2646791.2618,5497,1379.25,907146.6847
2026-03-15 13:40:00+00:00,656.9,657.8,656.64,657.8,2028.07,2026-03-15 13:44:59.999000+00:00,1332501.7557,4302,1020.33,670459.1006
2026-03-15 13:45:00+00:00,657.79,658.57,657.31,658.45,1392.37,2026-03-15 13:49:59.999000+00:00,916060.6752,3029,865.59,569517.8419
2026-03-15 13:50:00+00:00,658.44,659.18,658.15,659.07,1604.17,2026-03-15 13:54:59.999000+00:00,1056464.5898,2129,900.52,593146.8468
2026-03-15 13:55:00+00:00,659.07,659.94,658.9,659.87,909.61,2026-03-15 13:59:59.999000+00:00,599735.1981,1890,679.02,447723.1132
2026-03-15 14:00:00+00:00,659.87,660.21,659.57,660.0,1743.86,2026-03-15 14:04:59.999000+00:00,1150736.1489,2609,1322.28,872578.161
2026-03-15 14:05:00+00:00,660.0,660.27,659.73,660.14,873.2,2026-03-15 14:09:59.999000+00:00,576320.0076,2114,577.55,381182.0253
2026-03-15 14:10:00+00:00,660.15,660.2,659.57,660.06,564.36,2026-03-15 14:14:59.999000+00:00,372391.524,1748,233.09,153792.4307
2026-03-15 14:15:00+00:00,660.05,660.05,659.17,659.38,1541.47,2026-03-15 14:19:59.999000+00:00,1016473.3613,2552,681.15,449161.0305
2026-03-15 14:20:00+00:00,659.39,659.84,658.87,659.36,804.87,2026-03-15 14:24:59.999000+00:00,530729.1877,2054,405.26,267250.9152
2026-03-15 14:25:00+00:00,659.35,659.66,659.35,659.36,618.11,2026-03-15 14:29:59.999000+00:00,407655.4986,1417,223.09,147132.046
2026-03-15 14:30:00+00:00,659.36,659.64,658.97,659.55,738.67,2026-03-15 14:34:59.999000+00:00,487003.0113,1712,459.26,302792.5589
2026-03-15 14:35:00+00:00,659.56,659.59,658.36,658.75,1208.83,2026-03-15 14:39:59.999000+00:00,796289.9951,2559,429.96,283235.2465
2026-03-15 14:40:00+00:00,658.75,659.69,658.68,659.65,770.39,2026-03-15 14:44:59.999000+00:00,507832.6338,2022,482.25,317945.0244
2026-03-15 14:45:00+00:00,659.66,660.02,659.55,659.73,881.07,2026-03-15 14:49:59.999000+00:00,581335.1735,2217,513.26,338654.318
2026-03-15 14:50:00+00:00,659.73,660.51,659.73,660.11,672.18,2026-03-15 14:54:59.999000+00:00,443745.25,2072,337.21,222592.4119
2026-03-15 14:55:00+00:00,660.1,660.48,659.9,660.28,952.43,2026-03-15 14:59:59.999000+00:00,628799.5531,1641,423.8,279821.7727
2026-03-15 15:00:00+00:00,660.28,660.36,659.78,659.83,1775.12,2026-03-15 15:04:59.999000+00:00,1171587.3769,3792,440.71,290887.3417
2026-03-15 15:05:00+00:00,659.84,660.54,659.68,660.38,2933.71,2026-03-15 15:09:59.999000+00:00,1937053.3668,2501,665.13,439093.6756
2026-03-15 15:10:00+00:00,660.39,661.23,660.38,660.47,1870.58,2026-03-15 15:14:59.999000+00:00,1236047.696,2266,901.04,595431.0925
2026-03-15 15:15:00+00:00,660.47,660.68,660.0,660.52,758.25,2026-03-15 15:19:59.999000+00:00,500677.9556,1667,300.6,198477.0799
2026-03-15 15:20:00+00:00,660.51,660.76,660.23,660.76,727.59,2026-03-15 15:24:59.999000+00:00,480507.9517,1130,587.25,387823.759
2026-03-15 15:25:00+00:00,660.76,661.0,659.85,660.08,705.6,2026-03-15 15:29:59.999000+00:00,465961.4691,1760,292.41,193106.6967
2026-03-15 15:30:00+00:00,660.09,660.63,659.55,660.46,729.42,2026-03-15 15:34:59.999000+00:00,481589.0643,2103,352.21,232556.5992
2026-03-15 15:35:00+00:00,660.45,660.69,660.15,660.15,443.09,2026-03-15 15:39:59.999000+00:00,292628.1667,1228,222.85,147174.7889
2026-03-15 15:40:00+00:00,660.15,660.33,659.89,660.09,550.93,2026-03-15 15:44:59.999000+00:00,363668.8149,1266,194.92,128666.4909
2026-03-15 15:45:00+00:00,660.1,660.22,659.7,660.17,311.05,2026-03-15 15:49:59.999000+00:00,205280.4217,1106,137.9,91005.6108
2026-03-15 15:50:00+00:00,660.17,660.17,659.83,659.85,354.39,2026-03-15 15:54:59.999000+00:00,233901.9291,1129,133.85,88340.7696
2026-03-15 15:55:00+00:00,659.86,660.01,659.5,659.68,561.42,2026-03-15 15:59:59.999000+00:00,370396.106,1431,330.27,217891.3341
2026-03-15 16:00:00+00:00,659.67,659.99,659.45,659.93,920.37,2026-03-15 16:04:59.999000+00:00,607108.4021,2167,415.91,274348.9018
2026-03-15 16:05:00+00:00,659.93,660.89,659.93,660.88,1549.57,2026-03-15 16:09:59.999000+00:00,1023662.2285,2375,1267.59,837357.4022
2026-03-15 16:10:00+00:00,660.87,660.96,660.56,660.72,585.85,2026-03-15 16:14:59.999000+00:00,387097.8048,1424,247.44,163490.9358
2026-03-15 16:15:00+00:00,660.73,660.87,658.82,659.79,2154.36,2026-03-15 16:19:59.999000+00:00,1421010.5878,4375,988.82,652106.8593
2026-03-15 16:20:00+00:00,659.79,659.8,659.11,659.37,495.11,2026-03-15 16:24:59.999000+00:00,326507.0425,1497,257.34,169700.6637
2026-03-15 16:25:00+00:00,659.38,659.77,659.16,659.76,427.69,2026-03-15 16:29:59.999000+00:00,282037.1138,1205,280.09,184713.0142
2026-03-15 16:30:00+00:00,659.76,659.76,658.87,659.06,868.56,2026-03-15 16:34:59.999000+00:00,572515.5806,2302,419.95,276801.7904
2026-03-15 16:35:00+00:00,659.05,659.99,658.89,659.78,621.59,2026-03-15 16:39:59.999000+00:00,409861.4363,1889,393.87,259720.4992
2026-03-15 16:40:00+00:00,659.77,659.99,659.55,659.55,589.54,2026-03-15 16:44:59.999000+00:00,388980.3547,1272,315.23,207994.2874
2026-03-15 16:45:00+00:00,659.56,659.8,659.31,659.31,373.34,2026-03-15 16:49:59.999000+00:00,246264.5776,1309,187.28,123534.5435
2026-03-15 16:50:00+00:00,659.31,659.87,658.4,659.7,1859.45,2026-03-15 16:54:59.999000+00:00,1226035.4856,3087,1290.06,850726.9747
2026-03-15 16:55:00+00:00,659.7,659.85,658.68,658.89,2785.48,2026-03-15 16:59:59.999000+00:00,1835970.62,2937,728.94,480418.3714
2026-03-15 17:00:00+00:00,658.9,659.82,658.85,659.58,1785.06,2026-03-15 17:04:59.999000+00:00,1176783.3554,3133,665.96,439077.9191
2026-03-15 17:05:00+00:00,659.59,660.0,659.52,659.76,351.83,2026-03-15 17:09:59.999000+00:00,232138.3657,1638,228.91,151030.9842
2026-03-15 17:10:00+00:00,659.76,659.76,659.25,659.57,464.19,2026-03-15 17:14:59.999000+00:00,306148.2155,1445,166.95,110109.1926
2026-03-15 17:15:00+00:00,659.56,659.78,659.26,659.78,831.56,2026-03-15 17:19:59.999000+00:00,548444.943,1391,330.19,217768.7094
2026-03-15 17:20:00+00:00,659.77,659.88,659.54,659.82,227.53,2026-03-15 17:24:59.999000+00:00,150105.9117,944,129.44,85392.3705
2026-03-15 17:25:00+00:00,659.82,659.98,659.7,659.8,214.24,2026-03-15 17:29:59.999000+00:00,141377.5066,593,93.34,61594.5011
2026-03-15 17:30:00+00:00,659.8,660.06,659.75,659.9,506.8,2026-03-15 17:34:59.999000+00:00,334447.691,1139,405.75,267758.0795
2026-03-15 17:35:00+00:00,659.91,660.3,659.9,660.17,255.57,2026-03-15 17:39:59.999000+00:00,168723.024,809,113.41,74862.6493
2026-03-15 17:40:00+00:00,660.16,660.36,660.16,660.21,245.41,2026-03-15 17:44:59.999000+00:00,162038.4542,834,102.74,67834.6794
2026-03-15 17:45:00+00:00,660.22,660.4,659.86,660.35,989.38,2026-03-15 17:49:59.999000+00:00,653185.1617,1639,511.82,337923.2859
2026-03-15 17:50:00+00:00,660.36,663.17,660.2,662.84,4147.79,2026-03-15 17:54:59.999000+00:00,2744879.4251,7000,2705.11,1790285.6207
2026-03-15 17:55:00+00:00,662.83,663.18,661.71,661.86,1458.44,2026-03-15 17:59:59.999000+00:00,966035.7891,2953,686.08,454515.3091
2026-03-15 18:00:00+00:00,661.87,662.55,661.64,661.91,1119.1,2026-03-15 18:04:59.999000+00:00,740809.9557,2924,557.34,368961.4444
2026-03-15 18:05:00+00:00,661.91,662.23,661.49,661.82,1681.27,2026-03-15 18:09:59.999000+00:00,1113007.8516,2151,324.47,214761.6141
2026-03-15 18:10:00+00:00,661.81,661.94,661.17,661.45,742.63,2026-03-15 18:14:59.999000+00:00,491344.8956,1823,376.01,248789.1044
2026-03-15 18:15:00+00:00,661.46,661.81,661.17,661.74,719.6,2026-03-15 18:19:59.999000+00:00,475967.0648,1563,403.45,266833.1815
2026-03-15 18:20:00+00:00,661.73,661.84,661.34,661.53,516.87,2026-03-15 18:24:59.999000+00:00,341976.7704,1146,249.13,164830.6667
2026-03-15 18:25:00+00:00,661.53,661.72,661.21,661.36,409.31,2026-03-15 18:29:59.999000+00:00,270713.0204,1009,179.2,118517.6916
2026-03-15 18:30:00+00:00,661.36,662.09,661.36,661.63,772.44,2026-03-15 18:34:59.999000+00:00,511103.9915,2186,396.72,262498.8323
2026-03-15 18:35:00+00:00,661.63,661.8,661.28,661.29,451.23,2026-03-15 18:39:59.999000+00:00,298480.3798,1191,286.81,189721.1666
2026-03-15 18:40:00+00:00,661.29,661.53,661.24,661.24,255.55,2026-03-15 18:44:59.999000+00:00,169028.817,875,51.35,33962.8395
2026-03-15 18:45:00+00:00,661.25,661.32,658.71,659.07,2228.03,2026-03-15 18:49:59.999000+00:00,1469718.0172,4441,669.39,441393.6165
2026-03-15 18:50:00+00:00,659.06,659.2,658.33,658.63,1406.86,2026-03-15 18:54:59.999000+00:00,926685.9053,2460,434.62,286306.1338
2026-03-15 18:55:00+00:00,658.63,658.63,658.03,658.36,979.4,2026-03-15 18:59:59.999000+00:00,644816.603,1978,480.77,316542.7855
2026-03-15 19:00:00+00:00,658.36,659.08,658.08,659.03,1220.69,2026-03-15 19:04:59.999000+00:00,803949.6015,2931,697.09,459130.5486
2026-03-15 19:05:00+00:00,659.03,659.14,658.57,658.63,756.29,2026-03-15 19:09:59.999000+00:00,498308.5132,1774,469.8,309562.1871
2026-03-15 19:10:00+00:00,658.63,659.87,658.26,659.64,914.61,2026-03-15 19:14:59.999000+00:00,602700.0022,2591,577.05,380232.0295
2026-03-15 19:15:00+00:00,659.65,659.76,659.14,659.76,493.97,2026-03-15 19:19:59.999000+00:00,325727.7069,1478,184.68,121776.6592
2026-03-15 19:20:00+00:00,659.76,659.83,659.57,659.82,245.24,2026-03-15 19:24:59.999000+00:00,161782.3459,1086,109.71,72373.277
2026-03-15 19:25:00+00:00,659.81,660.32,659.75,659.97,414.65,2026-03-15 19:29:59.999000+00:00,273695.0386,1219,177.7,117291.3578
2026-03-15 19:30:00+00:00,659.97,660.4,659.74,660.01,632.16,2026-03-15 19:34:59.999000+00:00,417228.6744,1511,361.85,238820.1077
2026-03-15 19:35:00+00:00,660.01,660.07,659.6,659.74,408.95,2026-03-15 19:39:59.999000+00:00,269837.4332,1268,170.98,112814.872
2026-03-15 19:40:00+00:00,659.75,660.05,659.73,659.87,460.01,2026-03-15 19:44:59.999000+00:00,303543.7481,1178,211.56,139602.8456
2026-03-15 19:45:00+00:00,659.88,659.88,659.65,659.86,176.9,2026-03-15 19:49:59.999000+00:00,116706.4908,815,88.71,58524.9871
2026-03-15 19:50:00+00:00,659.86,660.1,659.76,660.07,280.32,2026-03-15 19:54:59.999000+00:00,184991.5521,958,198.96,131297.3845
2026-03-15 19:55:00+00:00,660.07,660.51,660.06,660.38,461.69,2026-03-15 19:59:59.999000+00:00,304870.3408,1004,262.48,173330.3442
2026-03-15 20:00:00+00:00,660.37,660.6,660.16,660.37,631.97,2026-03-15 20:04:59.999000+00:00,417338.4527,1817,346.69,228951.4029
2026-03-15 20:05:00+00:00,660.36,660.89,660.24,660.61,1069.02,2026-03-15 20:09:59.999000+00:00,706234.8614,1758,675.28,446106.3504
2026-03-15 20:10:00+00:00,660.61,660.7,659.98,660.13,975.66,2026-03-15 20:14:59.999000+00:00,644321.0225,1519,382.85,252841.6519
2026-03-15 20:15:00+00:00,660.12,660.68,659.66,659.66,1529.09,2026-03-15 20:19:59.999000+00:00,1009659.6913,2097,853.99,563945.3024
2026-03-15 20:20:00+00:00,659.67,660.18,659.62,660.08,370.98,2026-03-15 20:24:59.999000+00:00,244816.536,1033,247.29,163194.4022
2026-03-15 20:25:00+00:00,660.08,660.35,659.75,660.35,406.45,2026-03-15 20:29:59.999000+00:00,268257.6874,1099,328.08,216540.2163
2026-03-15 20:30:00+00:00,660.35,664.0,660.35,663.02,14067.29,2026-03-15 20:34:59.999000+00:00,9326131.3623,8338,5811.57,3851638.1718
2026-03-15 20:35:00+00:00,663.02,665.45,663.0,664.97,5364.66,2026-03-15 20:39:59.999000+00:00,3564396.6695,6594,3595.99,2389136.2632
2026-03-15 20:40:00+00:00,664.97,665.26,663.83,664.45,2093.66,2026-03-15 20:44:59.999000+00:00,1391028.2811,3726,1027.81,682869.8645
2026-03-15 20:45:00+00:00,664.46,665.03,663.9,664.23,1213.38,2026-03-15 20:49:59.999000+00:00,806007.1944,2917,417.07,277074.981
2026-03-15 20:50:00+00:00,664.23,664.35,663.97,663.97,619.88,2026-03-15 20:54:59.999000+00:00,411662.2983,1551,348.47,231418.4341
2026-03-15 20:55:00+00:00,663.97,664.33,663.89,663.9,984.45,2026-03-15 20:59:59.999000+00:00,653714.5835,1562,403.54,267968.1722
2026-03-15 21:00:00+00:00,663.9,664.54,663.61,664.16,2781.22,2026-03-15 21:04:59.999000+00:00,1847366.3504,3709,1887.94,1254107.0757
2026-03-15 21:05:00+00:00,664.16,664.28,663.44,663.66,1086.87,2026-03-15 21:09:59.999000+00:00,721602.8417,2274,570.39,378709.2847
2026-03-15 21:10:00+00:00,663.65,663.66,662.68,663.11,5663.08,2026-03-15 21:14:59.999000+00:00,3755368.3825,3176,1081.76,717378.3072
2026-03-15 21:15:00+00:00,663.11,664.02,663.09,663.97,1067.89,2026-03-15 21:19:59.999000+00:00,708489.6628,1624,907.14,601828.2363
2026-03-15 21:20:00+00:00,663.97,664.43,663.96,664.06,960.27,2026-03-15 21:24:59.999000+00:00,637796.7182,1615,489.42,325039.0823
2026-03-15 21:25:00+00:00,664.06,664.83,664.05,664.57,612.53,2026-03-15 21:29:59.999000+00:00,407063.8056,1347,366.34,243429.6445
2026-03-15 21:30:00+00:00,664.58,667.26,664.58,666.38,9306.91,2026-03-15 21:34:59.999000+00:00,6201617.9641,7359,6473.65,4314264.6267
2026-03-15 21:35:00+00:00,666.38,669.19,666.17,667.78,5407.58,2026-03-15 21:39:59.999000+00:00,3612291.6177,7157,3316.21,2215278.8264
2026-03-15 21:40:00+00:00,667.77,668.41,667.61,668.12,1543.27,2026-03-15 21:44:59.999000+00:00,1030765.0486,3359,1170.7,781903.1884
2026-03-15 21:45:00+00:00,668.12,669.26,667.36,667.52,1514.2,2026-03-15 21:49:59.999000+00:00,1012220.0352,4224,728.65,487145.5035
2026-03-15 21:50:00+00:00,667.51,667.7,667.13,667.51,649.42,2026-03-15 21:54:59.999000+00:00,433429.0749,2105,297.13,198316.879
2026-03-15 21:55:00+00:00,667.52,667.75,666.93,667.54,944.53,2026-03-15 21:59:59.999000+00:00,630306.364,2154,571.9,381627.643
2026-03-15 22:00:00+00:00,667.54,669.99,667.47,669.89,3479.03,2026-03-15 22:04:59.999000+00:00,2327076.321,8156,2108.19,1410293.2789
2026-03-15 22:05:00+00:00,669.89,669.98,667.33,667.49,3238.43,2026-03-15 22:09:59.999000+00:00,2164348.9313,5707,1465.3,979245.5832
2026-03-15 22:10:00+00:00,667.49,667.74,665.79,666.15,2144.85,2026-03-15 22:14:59.999000+00:00,1429443.5464,4334,615.74,410477.0556
2026-03-15 22:15:00+00:00,666.15,666.83,665.61,666.14,1974.3,2026-03-15 22:19:59.999000+00:00,1315032.6471,4601,1316.51,876912.4759
2026-03-15 22:20:00+00:00,666.14,667.09,665.93,666.49,1206.88,2026-03-15 22:24:59.999000+00:00,804642.949,3119,643.04,428751.4336
2026-03-15 22:25:00+00:00,666.49,667.19,666.49,667.1,469.71,2026-03-15 22:29:59.999000+00:00,313271.0056,1929,216.55,144423.346
2026-03-15 22:30:00+00:00,667.11,671.45,667.11,669.62,9751.73,2026-03-15 22:34:59.999000+00:00,6533355.4715,13804,6844.96,4585968.9571
2026-03-15 22:35:00+00:00,669.61,672.7,669.28,671.87,4806.52,2026-03-15 22:39:59.999000+00:00,3226986.46,7121,3603.99,2419965.9676
2026-03-15 22:40:00+00:00,671.88,675.33,671.88,673.85,11814.74,2026-03-15 22:44:59.999000+00:00,7960484.4168,16995,7975.44,5373839.4873
2026-03-15 22:45:00+00:00,673.85,675.66,673.76,674.92,4448.0,2026-03-15 22:49:59.999000+00:00,3001779.7308,9335,2157.29,1455890.8802
2026-03-15 22:50:00+00:00,674.92,679.55,674.92,675.85,19280.78,2026-03-15 22:54:59.999000+00:00,13062531.8137,22695,12276.26,8318596.7372
2026-03-15 22:55:00+00:00,675.85,677.77,675.67,676.84,3892.97,2026-03-15 22:59:59.999000+00:00,2633960.5213,7921,1940.56,1312968.0587
2026-03-15 23:00:00+00:00,676.85,678.24,676.7,677.7,5477.09,2026-03-15 23:04:59.999000+00:00,3710362.9524,14149,3248.6,2200843.5682
2026-03-15 23:05:00+00:00,677.7,679.25,677.46,678.22,7344.64,2026-03-15 23:09:59.999000+00:00,4982385.54,13888,3745.61,2540999.5404
2026-03-15 23:10:00+00:00,678.22,679.13,676.33,677.46,4598.85,2026-03-15 23:14:59.999000+00:00,3117499.7986,10796,2080.38,1410597.7694
2026-03-15 23:15:00+00:00,677.46,678.2,674.71,675.41,5496.44,2026-03-15 23:19:59.999000+00:00,3716818.0558,10652,1691.86,1143967.7975
2026-03-15 23:20:00+00:00,675.4,675.94,672.83,673.26,5415.28,2026-03-15 23:24:59.999000+00:00,3649750.8492,10419,1894.71,1276854.4293
2026-03-15 23:25:00+00:00,673.26,674.14,673.02,673.16,3707.93,2026-03-15 23:29:59.999000+00:00,2497980.1981,5576,1782.57,1201011.1947
2026-03-15 23:30:00+00:00,673.15,673.87,672.15,672.79,2937.81,2026-03-15 23:34:59.999000+00:00,1977279.6964,6856,1363.5,917784.0525
2026-03-15 23:35:00+00:00,672.8,673.59,672.26,672.97,2144.93,2026-03-15 23:39:59.999000+00:00,1442944.4233,5663,979.03,658692.9258
2026-03-15 23:40:00+00:00,672.97,674.71,672.69,674.15,2878.16,2026-03-15 23:44:59.999000+00:00,1939559.6592,5969,1480.9,997911.5616
2026-03-15 23:45:00+00:00,674.15,675.0,673.73,674.41,2000.06,2026-03-15 23:49:59.999000+00:00,1348692.5907,4553,899.24,606389.2988
2026-03-15 23:50:00+00:00,674.4,674.4,673.0,673.3,1961.48,2026-03-15 23:54:59.999000+00:00,1320792.8386,4581,665.74,448307.5729
2026-03-15 23:55:00+00:00,673.31,674.26,673.3,674.12,1083.35,2026-03-15 23:59:59.999000+00:00,729987.9081,2988,467.31,314902.8104
2026-03-16 00:00:00+00:00,674.12,676.8,674.12,676.55,3958.7,2026-03-16 00:04:59.999000+00:00,2675312.5644,9128,2702.25,1826034.8304
2026-03-16 00:05:00+00:00,676.54,677.0,675.95,675.95,1869.9,2026-03-16 00:09:59.999000+00:00,1265090.9351,5256,849.12,574500.7578
2026-03-16 00:10:00+00:00,675.96,676.2,674.04,674.1,3313.83,2026-03-16 00:14:59.999000+00:00,2236432.72,5604,751.18,506919.9066
2026-03-16 00:15:00+00:00,674.1,675.37,673.55,673.67,1790.71,2026-03-16 00:19:59.999000+00:00,1207845.6724,4678,772.81,521328.5153
2026-03-16 00:20:00+00:00,673.66,673.76,672.42,672.61,1931.14,2026-03-16 00:24:59.999000+00:00,1299890.5955,4129,557.71,375490.6659
2026-03-16 00:25:00+00:00,672.62,672.77,671.85,672.06,1466.62,2026-03-16 00:29:59.999000+00:00,985958.4014,2704,282.37,189834.3957
2026-03-16 00:30:00+00:00,672.06,672.67,671.67,672.63,1861.12,2026-03-16 00:34:59.999000+00:00,1250825.4096,3863,1008.55,677866.8963
2026-03-16 00:35:00+00:00,672.62,673.14,671.89,671.89,1353.08,2026-03-16 00:39:59.999000+00:00,910017.812,3612,490.35,329839.2322
2026-03-16 00:40:00+00:00,671.9,672.14,671.18,671.67,1115.79,2026-03-16 00:44:59.999000+00:00,749416.2237,3063,456.51,306624.3971
2026-03-16 00:45:00+00:00,671.66,672.9,671.66,672.39,942.65,2026-03-16 00:49:59.999000+00:00,633650.4992,3250,588.71,395725.6636
2026-03-16 00:50:00+00:00,672.39,672.96,672.07,672.5,1102.36,2026-03-16 00:54:59.999000+00:00,741404.9623,2822,618.43,415934.7531
2026-03-16 00:55:00+00:00,672.49,672.79,672.03,672.34,1707.44,2026-03-16 00:59:59.999000+00:00,1148150.486,3019,904.64,608319.6006
2026-03-16 01:00:00+00:00,672.35,673.6,671.21,671.51,5697.32,2026-03-16 01:04:59.999000+00:00,3833165.7821,8309,3108.5,2091755.4736
2026-03-16 01:05:00+00:00,671.52,672.17,671.28,671.68,922.72,2026-03-16 01:09:59.999000+00:00,619741.4638,3545,352.22,236557.831
2026-03-16 01:10:00+00:00,671.68,672.17,670.5,670.72,1698.03,2026-03-16 01:14:59.999000+00:00,1140114.1808,4547,777.58,522179.3494
2026-03-16 01:15:00+00:00,670.73,672.13,670.72,672.04,1192.43,2026-03-16 01:19:59.999000+00:00,800447.2893,3818,736.7,494570.4172
2026-03-16 01:20:00+00:00,672.03,674.44,671.92,674.06,1847.86,2026-03-16 01:24:59.999000+00:00,1244230.7159,4582,1210.2,814762.8895
2026-03-16 01:25:00+00:00,674.06,674.43,673.32,673.67,1320.12,2026-03-16 01:29:59.999000+00:00,889551.2547,3584,629.96,424573.7107
2026-03-16 01:30:00+00:00,673.67,673.67,671.87,672.49,1033.57,2026-03-16 01:34:59.999000+00:00,695091.8399,3493,399.21,268416.6024
2026-03-16 01:35:00+00:00,672.5,673.66,672.45,672.78,1112.26,2026-03-16 01:39:59.999000+00:00,748878.5424,3569,494.8,333133.6925
2026-03-16 01:40:00+00:00,672.77,673.4,672.59,673.14,587.86,2026-03-16 01:44:59.999000+00:00,395615.4018,2600,252.2,169721.4298
2026-03-16 01:45:00+00:00,673.15,674.05,673.13,673.88,460.1,2026-03-16 01:49:59.999000+00:00,309932.8636,2198,243.34,163921.3889
2026-03-16 01:50:00+00:00,673.89,677.2,673.88,676.87,3115.64,2026-03-16 01:54:59.999000+00:00,2105008.7567,6060,1906.6,1288223.7171
2026-03-16 01:55:00+00:00,676.87,676.98,676.03,676.14,2717.48,2026-03-16 01:59:59.999000+00:00,1838223.7113,3490,1425.43,964221.3654
2026-03-16 02:00:00+00:00,676.15,677.0,675.43,676.88,2117.04,2026-03-16 02:04:59.999000+00:00,1431465.5616,4609,1190.01,804732.0993
2026-03-16 02:05:00+00:00,676.88,676.95,675.65,675.97,938.8,2026-03-16 02:09:59.999000+00:00,634772.8887,3462,318.6,215418.6461
2026-03-16 02:10:00+00:00,675.97,675.97,674.57,674.76,1231.17,2026-03-16 02:14:59.999000+00:00,831113.952,2770,233.88,157894.0347
2026-03-16 02:15:00+00:00,674.77,675.11,673.75,673.75,1434.29,2026-03-16 02:19:59.999000+00:00,967166.3732,3523,637.79,430060.0456
2026-03-16 02:20:00+00:00,673.74,673.75,672.72,672.85,1734.44,2026-03-16 02:24:59.999000+00:00,1167480.9897,2877,756.3,509022.7131
2026-03-16 02:25:00+00:00,672.86,672.92,671.37,671.71,1765.25,2026-03-16 02:29:59.999000+00:00,1186073.5711,3526,624.75,419733.1238
2026-03-16 02:30:00+00:00,671.71,671.73,670.99,671.36,1281.01,2026-03-16 02:34:59.999000+00:00,860052.779,2742,641.92,430984.2966
2026-03-16 02:35:00+00:00,671.36,671.98,671.12,671.57,1076.29,2026-03-16 02:39:59.999000+00:00,722887.7842,2643,660.85,443848.3197
2026-03-16 02:40:00+00:00,671.56,672.11,671.4,672.09,757.82,2026-03-16 02:44:59.999000+00:00,509121.377,2082,563.08,378289.8112
2026-03-16 02:45:00+00:00,672.09,672.71,672.01,672.38,826.26,2026-03-16 02:49:59.999000+00:00,555581.6405,2357,513.7,345434.7023
2026-03-16 02:50:00+00:00,672.39,673.31,672.35,673.0,889.22,2026-03-16 02:54:59.999000+00:00,598318.8712,2064,428.01,288023.0955
2026-03-16 02:55:00+00:00,673.0,674.21,672.98,673.14,1646.34,2026-03-16 02:59:59.999000+00:00,1109063.4766,3013,966.89,651346.5527
2026-03-16 03:00:00+00:00,673.15,673.71,672.48,673.71,1233.77,2026-03-16 03:04:59.999000+00:00,830201.4058,3465,527.27,354842.1876
2026-03-16 03:05:00+00:00,673.72,673.96,672.8,673.83,1167.52,2026-03-16 03:09:59.999000+00:00,786093.0752,2980,689.03,463960.8448
2026-03-16 03:10:00+00:00,673.83,673.92,672.84,673.17,1038.74,2026-03-16 03:14:59.999000+00:00,699473.5207,2456,401.92,270629.4901
2026-03-16 03:15:00+00:00,673.16,674.11,672.7,673.89,1068.23,2026-03-16 03:19:59.999000+00:00,719355.0169,3055,561.91,378459.2165
2026-03-16 03:20:00+00:00,673.9,677.5,673.9,677.3,4795.15,2026-03-16 03:24:59.999000+00:00,3240509.2616,7362,3435.53,2321506.0404
2026-03-16 03:25:00+00:00,677.3,677.66,676.1,676.53,2727.12,2026-03-16 03:29:59.999000+00:00,1845422.6428,4719,1431.77,968806.4002
2026-03-16 03:30:00+00:00,676.54,685.77,676.53,684.75,25020.61,2026-03-16 03:34:59.999000+00:00,17050427.0567,28864,16553.38,11277931.4272
2026-03-16 03:35:00+00:00,684.74,685.64,682.92,684.5,11968.88,2026-03-16 03:39:59.999000+00:00,8191688.7261,16643,7001.02,4791536.9929
2026-03-16 03:40:00+00:00,684.5,686.42,681.45,682.1,9762.04,2026-03-16 03:44:59.999000+00:00,6673405.8521,13237,4239.35,2898482.3411
2026-03-16 03:45:00+00:00,682.11,682.84,680.32,680.9,4776.84,2026-03-16 03:49:59.999000+00:00,3255750.7141,9386,2276.63,1551740.194
2026-03-16 03:50:00+00:00,680.9,682.45,680.65,681.4,3733.72,2026-03-16 03:54:59.999000+00:00,2544708.1933,6218,2154.89,1468847.5055
2026-03-16 03:55:00+00:00,681.4,681.46,680.59,680.74,1604.32,2026-03-16 03:59:59.999000+00:00,1092532.0287,3598,524.97,357485.8731
2026-03-16 04:00:00+00:00,680.75,682.5,680.74,681.78,4140.07,2026-03-16 04:04:59.999000+00:00,2822606.2441,7324,2366.18,1613285.3301
2026-03-16 04:05:00+00:00,681.78,683.43,681.57,682.26,3081.86,2026-03-16 04:09:59.999000+00:00,2102845.8927,6485,1694.7,1156367.9607
2026-03-16 04:10:00+00:00,682.26,683.0,681.72,682.99,1594.82,2026-03-16 04:14:59.999000+00:00,1087958.0574,3941,564.82,385341.7365
2026-03-16 04:15:00+00:00,683.0,684.51,682.95,683.35,2469.03,2026-03-16 04:19:59.999000+00:00,1687987.7115,5488,1301.51,889772.6108
2026-03-16 04:20:00+00:00,683.35,685.55,682.57,683.22,5104.48,2026-03-16 04:24:59.999000+00:00,3490676.9418,7165,2312.42,1581753.4934
2026-03-16 04:25:00+00:00,683.19,683.2,681.8,682.21,2705.84,2026-03-16 04:29:59.999000+00:00,1846089.4274,4725,1126.43,768406.1382
2026-03-16 04:30:00+00:00,682.22,683.39,681.7,682.78,2879.61,2026-03-16 04:34:59.999000+00:00,1965089.8471,6178,1621.65,1106621.3614
2026-03-16 04:35:00+00:00,682.77,684.73,682.26,683.99,4123.1,2026-03-16 04:39:59.999000+00:00,2818025.4203,8989,2575.47,1760545.0984
2026-03-16 04:40:00+00:00,683.99,684.35,682.88,683.24,4307.44,2026-03-16 04:44:59.999000+00:00,2944048.7197,6845,2140.69,1463097.5652
2026-03-16 04:45:00+00:00,683.25,685.63,682.76,685.38,5577.94,2026-03-16 04:49:59.999000+00:00,3814339.5717,7165,2055.71,1406542.8366
2026-03-16 04:50:00+00:00,685.37,686.68,684.03,686.4,5099.64,2026-03-16 04:54:59.999000+00:00,3494220.3075,7977,2321.92,1591283.3179
2026-03-16 04:55:00+00:00,686.37,687.86,683.33,683.72,7817.7,2026-03-16 04:59:59.999000+00:00,5356757.4614,9444,3272.97,2242877.7185
2026-03-16 05:00:00+00:00,683.72,684.18,683.05,683.46,2502.59,2026-03-16 05:04:59.999000+00:00,1710761.2446,5927,1591.88,1088192.4867
2026-03-16 05:05:00+00:00,683.46,683.89,683.0,683.75,3021.69,2026-03-16 05:09:59.999000+00:00,2064773.1246,4677,1361.04,930138.7012
2026-03-16 05:10:00+00:00,683.74,685.57,683.74,684.31,2746.65,2026-03-16 05:14:59.999000+00:00,1881261.1388,5750,1640.12,1123262.3019
2026-03-16 05:15:00+00:00,684.31,684.59,683.26,684.32,1848.3,2026-03-16 05:19:59.999000+00:00,1264158.7982,4294,1040.03,711302.4031
2026-03-16 05:20:00+00:00,684.32,685.14,684.03,685.07,1454.75,2026-03-16 05:24:59.999000+00:00,995919.5108,4276,1029.13,704524.0638
2026-03-16 05:25:00+00:00,685.08,685.39,684.26,684.55,1946.05,2026-03-16 05:29:59.999000+00:00,1332606.3215,3805,685.29,469269.1314
2026-03-16 05:30:00+00:00,684.54,684.54,682.5,682.82,3737.3,2026-03-16 05:34:59.999000+00:00,2553187.3631,4430,882.86,603136.7511
2026-03-16 05:35:00+00:00,682.82,683.88,682.49,683.72,1382.24,2026-03-16 05:39:59.999000+00:00,944511.2743,2823,766.05,523413.6409
2026-03-16 05:40:00+00:00,683.72,685.28,683.6,684.99,2431.28,2026-03-16 05:44:59.999000+00:00,1664432.5434,4587,1369.82,937766.9899
2026-03-16 05:45:00+00:00,684.98,685.76,684.56,685.42,3310.84,2026-03-16 05:49:59.999000+00:00,2268853.2736,5931,1916.14,1313096.355
2026-03-16 05:50:00+00:00,685.42,685.71,684.46,684.88,2317.52,2026-03-16 05:54:59.999000+00:00,1587498.0817,4397,1138.37,779738.0933
2026-03-16 05:55:00+00:00,684.88,686.7,684.85,685.8,4767.81,2026-03-16 05:59:59.999000+00:00,3270355.5239,7838,2704.02,1854820.3845
2026-03-16 06:00:00+00:00,685.8,685.81,682.57,682.93,3729.5,2026-03-16 06:04:59.999000+00:00,2550312.3859,6266,985.99,674409.745
2026-03-16 06:05:00+00:00,682.92,683.03,681.52,681.54,3749.82,2026-03-16 06:09:59.999000+00:00,2558794.9903,5716,1774.19,1210773.3133
2026-03-16 06:10:00+00:00,681.54,681.96,680.74,681.4,3502.32,2026-03-16 06:14:59.999000+00:00,2385964.9865,4832,1338.32,911684.9552
2026-03-16 06:15:00+00:00,681.4,682.61,681.25,682.46,3047.64,2026-03-16 06:19:59.999000+00:00,2078068.336,5281,1963.56,1338925.7334
2026-03-16 06:20:00+00:00,682.46,682.46,681.7,681.78,1631.58,2026-03-16 06:24:59.999000+00:00,1112844.7517,2913,637.65,434913.8033
2026-03-16 06:25:00+00:00,681.77,681.89,680.97,681.05,1397.49,2026-03-16 06:29:59.999000+00:00,952171.0107,2677,466.79,318057.4466
2026-03-16 06:30:00+00:00,681.05,682.23,680.95,680.99,2953.7,2026-03-16 06:34:59.999000+00:00,2013465.1712,3763,1979.03,1349047.8826
2026-03-16 06:35:00+00:00,680.99,682.23,680.99,682.11,1508.31,2026-03-16 06:39:59.999000+00:00,1028137.3688,2934,765.86,521989.8804
2026-03-16 06:40:00+00:00,682.11,682.29,681.67,681.73,984.81,2026-03-16 06:44:59.999000+00:00,671565.8712,2157,384.84,262445.7656
2026-03-16 06:45:00+00:00,681.73,681.73,680.75,681.02,1090.31,2026-03-16 06:49:59.999000+00:00,742741.9045,2639,319.15,217415.6435
2026-03-16 06:50:00+00:00,681.03,681.44,680.88,680.95,993.31,2026-03-16 06:54:59.999000+00:00,676604.803,2166,290.0,197532.2347
2026-03-16 06:55:00+00:00,680.96,681.08,679.67,679.7,2398.3,2026-03-16 06:59:59.999000+00:00,1631426.7801,3352,497.01,338124.106
2026-03-16 07:00:00+00:00,679.71,681.25,679.49,681.1,3617.4,2026-03-16 07:04:59.999000+00:00,2461512.4852,4581,2336.17,1589986.5337
2026-03-16 07:05:00+00:00,681.1,681.17,680.53,680.7,1122.75,2026-03-16 07:09:59.999000+00:00,764423.8439,2725,573.5,390471.56
2026-03-16 07:10:00+00:00,680.69,681.18,680.27,680.27,1352.43,2026-03-16 07:14:59.999000+00:00,920644.7871,2834,619.71,421851.1496
2026-03-16 07:15:00+00:00,680.27,680.28,678.78,679.73,3007.3,2026-03-16 07:19:59.999000+00:00,2043267.0778,5486,1387.4,942689.5219
2026-03-16 07:20:00+00:00,679.72,680.17,679.25,679.25,1764.5,2026-03-16 07:24:59.999000+00:00,1199491.5222,2240,1126.85,766062.0388
2026-03-16 07:25:00+00:00,679.25,680.34,679.02,680.25,2985.68,2026-03-16 07:29:59.999000+00:00,2029026.4782,3656,1979.25,1345107.2131
2026-03-16 07:30:00+00:00,680.26,680.55,679.7,679.77,1615.46,2026-03-16 07:34:59.999000+00:00,1098817.2735,2726,897.69,610598.7715
2026-03-16 07:35:00+00:00,679.77,680.02,677.33,678.08,4669.16,2026-03-16 07:39:59.999000+00:00,3168622.2377,5880,1027.07,696960.8837
2026-03-16 07:40:00+00:00,678.07,678.78,677.99,678.12,2035.69,2026-03-16 07:44:59.999000+00:00,1380903.9156,3017,959.41,650773.288
2026-03-16 07:45:00+00:00,678.12,678.92,678.08,678.28,1311.09,2026-03-16 07:49:59.999000+00:00,889556.1262,2834,771.51,523453.0713
2026-03-16 07:50:00+00:00,678.28,678.67,678.0,678.6,1214.06,2026-03-16 07:54:59.999000+00:00,823515.6697,2957,608.68,412871.5676
2026-03-16 07:55:00+00:00,678.6,679.06,678.42,678.48,1625.56,2026-03-16 07:59:59.999000+00:00,1103356.1992,2543,919.63,624225.606
2026-03-16 08:00:00+00:00,678.49,680.43,678.49,680.19,2714.47,2026-03-16 08:04:59.999000+00:00,1845260.1819,4964,1827.46,1242169.3423
2026-03-16 08:05:00+00:00,680.19,681.29,680.01,681.12,2159.74,2026-03-16 08:09:59.999000+00:00,1470457.8551,3717,1245.87,848205.0852
2026-03-16 08:10:00+00:00,681.12,681.36,679.28,679.5,1437.92,2026-03-16 08:14:59.999000+00:00,978411.1032,3458,472.4,321533.6088
2026-03-16 08:15:00+00:00,679.5,679.65,678.23,679.3,2151.73,2026-03-16 08:19:59.999000+00:00,1460607.3623,4674,876.37,594914.3025
2026-03-16 08:20:00+00:00,679.31,679.67,678.59,679.39,1124.42,2026-03-16 08:24:59.999000+00:00,763646.1594,3116,532.34,361551.1677
2026-03-16 08:25:00+00:00,679.39,679.39,677.37,677.41,1942.48,2026-03-16 08:29:59.999000+00:00,1317282.0489,3497,501.68,340118.4182
2026-03-16 08:30:00+00:00,677.4,677.52,676.01,676.46,4509.06,2026-03-16 08:34:59.999000+00:00,3051582.0316,6005,2204.14,1491671.7785
2026-03-16 08:35:00+00:00,676.47,677.0,675.65,675.77,2562.83,2026-03-16 08:39:59.999000+00:00,1733589.1603,4652,748.49,506278.7669
2026-03-16 08:40:00+00:00,675.77,676.58,674.36,674.78,4396.33,2026-03-16 08:44:59.999000+00:00,2969987.4594,6384,1599.14,1080846.6447
2026-03-16 08:45:00+00:00,674.79,676.15,674.3,675.44,4347.06,2026-03-16 08:49:59.999000+00:00,2936143.4351,5880,1985.98,1341481.2952
2026-03-16 08:50:00+00:00,675.45,676.23,674.0,676.09,2788.74,2026-03-16 08:54:59.999000+00:00,1882203.9868,5483,1298.58,876625.5226
2026-03-16 08:55:00+00:00,676.09,676.09,675.39,675.46,880.37,2026-03-16 08:59:59.999000+00:00,594840.554,2094,296.53,200345.9836
2026-03-16 09:00:00+00:00,675.46,676.3,675.31,675.86,2459.69,2026-03-16 09:04:59.999000+00:00,1662440.3095,3855,1676.82,1133386.6851
2026-03-16 09:05:00+00:00,675.86,676.07,675.0,676.07,1484.77,2026-03-16 09:09:59.999000+00:00,1002978.7405,3643,767.03,518158.0474
2026-03-16 09:10:00+00:00,676.08,676.52,675.62,675.89,1219.57,2026-03-16 09:14:59.999000+00:00,824432.1283,3459,575.92,389329.1503
2026-03-16 09:15:00+00:00,675.89,676.54,675.83,676.23,1311.94,2026-03-16 09:19:59.999000+00:00,887079.5131,3539,808.58,546733.276
2026-03-16 09:20:00+00:00,676.24,676.59,675.99,676.38,1351.22,2026-03-16 09:24:59.999000+00:00,913756.8667,2611,922.57,623868.1498
2026-03-16 09:25:00+00:00,676.39,677.15,676.31,676.52,1980.08,2026-03-16 09:29:59.999000+00:00,1339921.0555,3501,1191.33,806211.1715
2026-03-16 09:30:00+00:00,676.53,676.78,675.85,675.85,1085.68,2026-03-16 09:34:59.999000+00:00,734169.5296,3277,318.44,215365.5355
2026-03-16 09:35:00+00:00,675.86,676.75,675.86,676.17,761.29,2026-03-16 09:39:59.999000+00:00,514913.239,2434,373.0,252279.0038
2026-03-16 09:40:00+00:00,676.18,676.63,675.77,675.78,728.84,2026-03-16 09:44:59.999000+00:00,492879.7516,2161,346.97,234634.8503
2026-03-16 09:45:00+00:00,675.77,677.58,675.77,677.21,1631.49,2026-03-16 09:49:59.999000+00:00,1104264.1039,3586,985.37,666961.6779
2026-03-16 09:50:00+00:00,677.21,678.11,676.92,676.98,2350.27,2026-03-16 09:54:59.999000+00:00,1592196.4685,3085,1509.34,1022607.7716
2026-03-16 09:55:00+00:00,676.99,677.08,676.57,676.78,682.37,2026-03-16 09:59:59.999000+00:00,461874.8542,1941,309.44,209454.2152
2026-03-16 10:00:00+00:00,676.79,677.82,676.78,677.21,2086.1,2026-03-16 10:04:59.999000+00:00,1413020.4371,4937,1229.22,832593.1704
2026-03-16 10:05:00+00:00,677.2,678.11,676.8,677.68,2318.53,2026-03-16 10:09:59.999000+00:00,1570475.8619,3092,869.27,588890.9065
2026-03-16 10:10:00+00:00,677.68,678.49,677.56,678.21,2497.76,2026-03-16 10:14:59.999000+00:00,1693481.5148,3790,1456.13,987221.3075
2026-03-16 10:15:00+00:00,678.21,678.49,677.88,677.88,1279.58,2026-03-16 10:19:59.999000+00:00,867854.3173,2512,556.19,377245.4875
2026-03-16 10:20:00+00:00,677.89,678.95,677.7,678.42,1214.04,2026-03-16 10:24:59.999000+00:00,823584.3602,3477,650.34,441192.3421
2026-03-16 10:25:00+00:00,678.42,678.51,677.39,677.83,4521.98,2026-03-16 10:29:59.999000+00:00,3065815.5277,3667,2639.6,1789527.5558
2026-03-16 10:30:00+00:00,677.83,677.83,675.9,675.98,3905.42,2026-03-16 10:34:59.999000+00:00,2641922.2092,3958,1522.76,1029806.3104
2026-03-16 10:35:00+00:00,675.98,676.09,675.43,675.74,1813.47,2026-03-16 10:39:59.999000+00:00,1225299.8963,3015,835.6,564587.1019
2026-03-16 10:40:00+00:00,675.73,676.0,675.59,675.77,751.83,2026-03-16 10:44:59.999000+00:00,508068.075,2442,391.94,264860.0189
2026-03-16 10:45:00+00:00,675.76,677.15,675.58,677.15,1185.5,2026-03-16 10:49:59.999000+00:00,802017.0811,3556,713.22,482538.8087
2026-03-16 10:50:00+00:00,677.14,678.03,677.07,677.61,1696.93,2026-03-16 10:54:59.999000+00:00,1149581.9027,3651,1052.03,712673.253
2026-03-16 10:55:00+00:00,677.6,679.39,677.6,679.34,6809.54,2026-03-16 10:59:59.999000+00:00,4621571.1573,7206,4745.14,3220683.9701
2026-03-16 11:00:00+00:00,679.34,679.75,679.02,679.06,2498.91,2026-03-16 11:04:59.999000+00:00,1697650.1672,4625,1468.66,997777.6223
2026-03-16 11:05:00+00:00,679.06,679.52,679.06,679.29,893.28,2026-03-16 11:09:59.999000+00:00,606807.5504,2448,435.09,295552.931
2026-03-16 11:10:00+00:00,679.29,679.86,678.32,678.36,1862.5,2026-03-16 11:14:59.999000+00:00,1264798.8054,3097,481.48,327135.1889
2026-03-16 11:15:00+00:00,678.35,679.06,678.26,678.86,888.54,2026-03-16 11:19:59.999000+00:00,603059.7179,2386,468.17,317748.182
2026-03-16 11:20:00+00:00,678.85,678.86,677.33,677.56,2461.3,2026-03-16 11:24:59.999000+00:00,1668059.6721,3182,562.71,381386.6331
2026-03-16 11:25:00+00:00,677.56,677.98,676.8,676.99,1399.39,2026-03-16 11:29:59.999000+00:00,947885.1028,2414,817.17,553565.9584
2026-03-16 11:30:00+00:00,676.99,677.48,676.59,677.37,1251.51,2026-03-16 11:34:59.999000+00:00,847330.3434,2419,684.86,463690.3695
2026-03-16 11:35:00+00:00,677.36,677.8,677.05,677.79,706.02,2026-03-16 11:39:59.999000+00:00,478196.4943,1664,392.91,266113.0518
2026-03-16 11:40:00+00:00,677.79,678.09,677.28,677.54,1100.82,2026-03-16 11:44:59.999000+00:00,746058.3549,2208,433.89,294068.1845
2026-03-16 11:45:00+00:00,677.54,678.21,677.54,677.69,555.53,2026-03-16 11:49:59.999000+00:00,376543.5819,1536,257.9,174808.9906
2026-03-16 11:50:00+00:00,677.69,677.86,677.06,677.38,1241.47,2026-03-16 11:54:59.999000+00:00,840938.4315,1860,270.16,183012.9643
2026-03-16 11:55:00+00:00,677.39,678.0,677.18,677.37,2060.68,2026-03-16 11:59:59.999000+00:00,1396022.6979,2596,867.9,588006.9366
2026-03-16 12:00:00+00:00,677.37,680.57,677.37,678.56,5417.6,2026-03-16 12:04:59.999000+00:00,3679511.5318,6234,3519.25,2390731.7701
2026-03-16 12:05:00+00:00,678.55,679.3,677.98,678.8,4972.4,2026-03-16 12:09:59.999000+00:00,3374850.3087,5977,2335.96,1585465.3452
2026-03-16 12:10:00+00:00,678.8,679.28,677.47,679.07,4539.01,2026-03-16 12:14:59.999000+00:00,3079751.2754,5698,2134.33,1448283.2139
2026-03-16 12:15:00+00:00,679.07,679.7,678.07,679.5,4494.46,2026-03-16 12:19:59.999000+00:00,3051964.0845,6227,2307.72,1567179.2869
2026-03-16 12:20:00+00:00,679.51,680.37,677.82,679.03,5495.41,2026-03-16 12:24:59.999000+00:00,3732538.2807,6766,2890.07,1962691.9737
2026-03-16 12:25:00+00:00,679.02,680.65,678.22,680.47,5037.69,2026-03-16 12:29:59.999000+00:00,3423947.5868,6513,3247.54,2207202.5105
2026-03-16 12:30:00+00:00,680.46,681.28,679.66,679.92,4626.79,2026-03-16 12:34:59.999000+00:00,3149116.5314,6436,2558.09,1741292.5529
2026-03-16 12:35:00+00:00,679.91,680.39,678.64,679.56,2737.28,2026-03-16 12:39:59.999000+00:00,1859791.2794,4490,1246.78,846965.897
2026-03-16 12:40:00+00:00,679.56,679.7,678.74,678.81,1557.03,2026-03-16 12:44:59.999000+00:00,1057660.3124,3113,508.23,345233.6876
2026-03-16 12:45:00+00:00,678.82,679.19,677.7,678.13,2340.47,2026-03-16 12:49:59.999000+00:00,1587140.7755,3136,962.06,652473.3671
2026-03-16 12:50:00+00:00,678.14,678.3,677.62,677.87,2024.38,2026-03-16 12:54:59.999000+00:00,1372372.376,3165,817.23,553983.499
2026-03-16 12:55:00+00:00,677.87,678.76,677.82,678.66,917.16,2026-03-16 12:59:59.999000+00:00,622082.6323,1904,534.06,362215.4878
2026-03-16 13:00:00+00:00,678.67,678.95,678.33,678.69,1385.34,2026-03-16 13:04:59.999000+00:00,940073.1872,2929,593.47,402709.2587
2026-03-16 13:05:00+00:00,678.68,679.35,677.77,678.21,1334.69,2026-03-16 13:09:59.999000+00:00,905707.8329,3090,567.72,385286.7772
2026-03-16 13:10:00+00:00,678.21,679.66,678.06,679.45,1171.44,2026-03-16 13:14:59.999000+00:00,795254.3179,2710,658.94,447343.6831
2026-03-16 13:15:00+00:00,679.46,679.8,677.98,678.44,3705.71,2026-03-16 13:19:59.999000+00:00,2515243.0132,4028,836.47,567731.1343
2026-03-16 13:20:00+00:00,678.45,679.83,678.34,679.63,1024.84,2026-03-16 13:24:59.999000+00:00,695972.2776,2433,581.91,395146.4576
2026-03-16 13:25:00+00:00,679.62,679.62,679.06,679.41,931.0,2026-03-16 13:29:59.999000+00:00,632473.2566,1950,331.62,225289.1045
2026-03-16 13:30:00+00:00,679.41,682.29,678.95,682.13,6722.29,2026-03-16 13:34:59.999000+00:00,4575328.3392,9250,4246.38,2890585.5754
2026-03-16 13:35:00+00:00,682.12,683.41,681.43,682.78,7244.92,2026-03-16 13:39:59.999000+00:00,4943762.0358,11403,4092.04,2792258.6555
2026-03-16 13:40:00+00:00,682.78,683.7,679.03,679.99,9129.41,2026-03-16 13:44:59.999000+00:00,6224170.2557,12379,4426.67,3019552.2219
2026-03-16 13:45:00+00:00,679.99,682.29,679.97,680.63,4727.5,2026-03-16 13:49:59.999000+00:00,3220675.966,9192,2373.17,1616957.9592
2026-03-16 13:50:00+00:00,680.64,681.08,679.0,679.01,3543.15,2026-03-16 13:54:59.999000+00:00,2408747.6921,6934,1279.73,870020.6057
2026-03-16 13:55:00+00:00,679.01,681.05,679.01,681.0,3508.85,2026-03-16 13:59:59.999000+00:00,2386232.7228,5827,2523.11,1716009.9802
2026-03-16 14:00:00+00:00,681.0,682.0,679.6,680.32,6635.95,2026-03-16 14:04:59.999000+00:00,4518883.0608,9892,4243.62,2889794.6324
2026-03-16 14:05:00+00:00,680.32,682.06,679.83,681.25,4080.31,2026-03-16 14:09:59.999000+00:00,2778029.8657,7542,2454.18,1670912.2887
2026-03-16 14:10:00+00:00,681.25,682.35,680.51,681.08,3439.65,2026-03-16 14:14:59.999000+00:00,2343481.5802,6232,2089.81,1423782.5961
2026-03-16 14:15:00+00:00,681.07,681.35,679.64,679.64,2756.07,2026-03-16 14:19:59.999000+00:00,1875545.6325,6171,1315.3,895120.3879
2026-03-16 14:20:00+00:00,679.62,680.85,679.3,679.66,2604.16,2026-03-16 14:24:59.999000+00:00,1770813.4564,5799,1244.79,846472.2832
2026-03-16 14:25:00+00:00,679.66,679.66,675.52,675.59,7771.33,2026-03-16 14:29:59.999000+00:00,5266043.2412,9510,2203.21,1493249.5669
2026-03-16 14:30:00+00:00,675.6,675.74,671.31,672.86,17962.27,2026-03-16 14:34:59.999000+00:00,12087559.9795,21611,6884.76,4632561.2473
2026-03-16 14:35:00+00:00,672.86,673.71,670.17,671.31,7673.85,2026-03-16 14:39:59.999000+00:00,5155748.0306,12279,4131.33,2776541.2948
2026-03-16 14:40:00+00:00,671.31,672.59,670.27,671.54,5570.9,2026-03-16 14:44:59.999000+00:00,3740359.7134,10625,2499.76,1678382.9934
2026-03-16 14:45:00+00:00,671.54,672.74,671.26,671.51,6227.04,2026-03-16 14:49:59.999000+00:00,4183936.715,9776,2568.31,1725769.6611
2026-03-16 14:50:00+00:00,671.51,673.26,670.81,673.05,3874.65,2026-03-16 14:54:59.999000+00:00,2604788.2564,7577,2663.98,1791342.5153
2026-03-16 14:55:00+00:00,673.04,675.21,672.81,674.68,4444.44,2026-03-16 14:59:59.999000+00:00,2995403.7575,7712,2622.23,1767197.1941
2026-03-16 15:00:00+00:00,674.69,675.25,673.71,674.58,4051.2,2026-03-16 15:04:59.999000+00:00,2732441.9874,8841,1819.65,1227449.4575
2026-03-16 15:05:00+00:00,674.58,674.92,673.42,674.77,2413.8,2026-03-16 15:09:59.999000+00:00,1627481.5332,6682,1177.07,793678.6071
2026-03-16 15:10:00+00:00,674.78,675.95,673.93,674.66,2621.43,2026-03-16 15:14:59.999000+00:00,1768759.437,6094,1625.82,1097116.5809
2026-03-16 15:15:00+00:00,674.66,676.13,673.42,676.03,2720.7,2026-03-16 15:19:59.999000+00:00,1835807.0098,6989,1582.38,1068045.3286
2026-03-16 15:20:00+00:00,676.03,676.62,675.34,675.75,3322.69,2026-03-16 15:24:59.999000+00:00,2246464.6412,6476,2104.09,1422687.3326
2026-03-16 15:25:00+00:00,675.76,675.76,674.91,675.68,1780.36,2026-03-16 15:29:59.999000+00:00,1202539.7776,4295,1008.76,681412.8793
2026-03-16 15:30:00+00:00,675.68,677.2,674.78,675.13,3876.84,2026-03-16 15:34:59.999000+00:00,2620540.0571,7566,2054.12,1389026.378
2026-03-16 15:35:00+00:00,675.13,676.01,674.19,674.61,2877.13,2026-03-16 15:39:59.999000+00:00,1942401.2739,6319,1686.41,1138671.1537
2026-03-16 15:40:00+00:00,674.6,675.04,673.75,674.38,2065.76,2026-03-16 15:44:59.999000+00:00,1393478.9336,4628,1467.83,990188.4901
2026-03-16 15:45:00+00:00,674.37,674.93,673.75,674.09,1169.66,2026-03-16 15:49:59.999000+00:00,788893.9066,3640,478.09,322465.8395
2026-03-16 15:50:00+00:00,674.1,674.1,671.43,672.21,2670.69,2026-03-16 15:54:59.999000+00:00,1796301.6156,6630,922.8,620668.6172
2026-03-16 15:55:00+00:00,672.2,672.23,671.12,671.72,1953.76,2026-03-16 15:59:59.999000+00:00,1312265.4213,4809,826.05,554843.9037
2026-03-16 16:00:00+00:00,671.72,672.64,671.32,671.93,4814.21,2026-03-16 16:04:59.999000+00:00,3235327.8428,7399,2459.59,1652940.4401
2026-03-16 16:05:00+00:00,671.93,673.89,671.87,672.58,1982.99,2026-03-16 16:09:59.999000+00:00,1334623.6207,5129,1162.25,782376.3499
2026-03-16 16:10:00+00:00,672.58,672.94,671.83,672.23,1043.22,2026-03-16 16:14:59.999000+00:00,701321.6625,3537,568.04,381865.4659
2026-03-16 16:15:00+00:00,672.22,673.81,672.17,672.9,3613.96,2026-03-16 16:19:59.999000+00:00,2432477.0018,6279,2342.02,1576362.5797
2026-03-16 16:20:00+00:00,672.91,673.3,672.57,672.75,886.45,2026-03-16 16:24:59.999000+00:00,596564.2607,2970,653.31,439664.5998
2026-03-16 16:25:00+00:00,672.75,673.26,672.31,673.14,2002.09,2026-03-16 16:29:59.999000+00:00,1346992.229,3937,1336.25,899055.5966
2026-03-16 16:30:00+00:00,673.13,674.04,672.42,673.01,1421.37,2026-03-16 16:34:59.999000+00:00,956794.0241,4417,890.15,599203.1161
2026-03-16 16:35:00+00:00,673.0,673.83,672.64,673.42,1002.43,2026-03-16 16:39:59.999000+00:00,674874.5203,3096,388.38,261487.4884
2026-03-16 16:40:00+00:00,673.43,675.43,673.37,675.24,1586.19,2026-03-16 16:44:59.999000+00:00,1070389.249,4056,1168.85,788758.57
2026-03-16 16:45:00+00:00,675.24,675.42,673.89,674.6,2044.94,2026-03-16 16:49:59.999000+00:00,1379671.5521,5318,662.0,446610.6777
2026-03-16 16:50:00+00:00,674.6,676.37,674.42,675.81,2051.32,2026-03-16 16:54:59.999000+00:00,1386136.6193,4868,1292.53,873347.1478
2026-03-16 16:55:00+00:00,675.82,676.26,675.15,675.31,1668.33,2026-03-16 16:59:59.999000+00:00,1127224.8434,4052,807.46,545575.3845
2026-03-16 17:00:00+00:00,675.32,676.54,674.71,675.36,1619.01,2026-03-16 17:04:59.999000+00:00,1093890.813,5658,647.16,437261.6644
2026-03-16 17:05:00+00:00,675.36,676.37,674.94,675.17,1942.32,2026-03-16 17:09:59.999000+00:00,1311940.0991,4762,677.22,457539.37
2026-03-16 17:10:00+00:00,675.17,676.36,674.53,675.85,4084.44,2026-03-16 17:14:59.999000+00:00,2759223.3742,5219,2236.91,1511390.8818
2026-03-16 17:15:00+00:00,675.85,675.96,675.2,675.83,736.16,2026-03-16 17:19:59.999000+00:00,497385.7593,3237,348.16,235236.0758
2026-03-16 17:20:00+00:00,675.83,676.35,675.28,675.48,968.06,2026-03-16 17:24:59.999000+00:00,654201.048,2608,554.88,374976.4164
2026-03-16 17:25:00+00:00,675.48,675.97,675.02,675.05,1362.14,2026-03-16 17:29:59.999000+00:00,920259.6071,2530,1035.36,699524.871
2026-03-16 17:30:00+00:00,675.05,677.71,675.05,675.88,3941.7,2026-03-16 17:34:59.999000+00:00,2668184.7194,5909,2989.52,2023894.0853
2026-03-16 17:35:00+00:00,675.89,677.48,675.88,677.35,1224.12,2026-03-16 17:39:59.999000+00:00,828477.9644,3894,737.27,498991.9853
2026-03-16 17:40:00+00:00,677.35,677.69,676.89,677.35,1158.18,2026-03-16 17:44:59.999000+00:00,784432.0111,2994,483.58,327534.1376
2026-03-16 17:45:00+00:00,677.35,678.92,677.25,678.15,2225.83,2026-03-16 17:49:59.999000+00:00,1509171.4914,4933,1236.31,838267.9674
2026-03-16 17:50:00+00:00,678.15,678.29,676.94,678.06,1041.32,2026-03-16 17:54:59.999000+00:00,705798.9889,3509,585.5,396880.3332
2026-03-16 17:55:00+00:00,678.05,678.44,677.78,678.31,738.42,2026-03-16 17:59:59.999000+00:00,500750.3981,1590,391.14,265257.0115
2026-03-16 18:00:00+00:00,678.32,678.65,677.77,678.21,1373.76,2026-03-16 18:04:59.999000+00:00,931753.8763,3666,600.26,407158.1924
2026-03-16 18:05:00+00:00,678.21,680.53,678.02,680.22,4057.24,2026-03-16 18:09:59.999000+00:00,2755945.3629,7459,2405.29,1633927.2055
2026-03-16 18:10:00+00:00,680.21,680.48,678.61,679.37,5309.22,2026-03-16 18:14:59.999000+00:00,3607966.304,7629,2836.13,1927754.9471
2026-03-16 18:15:00+00:00,679.37,680.48,679.14,679.19,1854.1,2026-03-16 18:19:59.999000+00:00,1260323.2049,4369,782.22,531695.1329
2026-03-16 18:20:00+00:00,679.19,680.0,678.59,679.57,1337.58,2026-03-16 18:24:59.999000+00:00,908510.718,3930,582.61,395728.2865
2026-03-16 18:25:00+00:00,679.57,680.54,679.28,679.7,1967.66,2026-03-16 18:29:59.999000+00:00,1337820.9549,4055,1142.56,776905.9971
2026-03-16 18:30:00+00:00,679.71,680.3,679.09,680.07,1749.61,2026-03-16 18:34:59.999000+00:00,1189292.0235,3773,821.65,558565.5744
2026-03-16 18:35:00+00:00,680.07,680.39,678.46,678.63,1640.8,2026-03-16 18:39:59.999000+00:00,1114536.7336,4047,490.81,333460.6535
2026-03-16 18:40:00+00:00,678.64,679.34,678.47,678.64,1153.29,2026-03-16 18:44:59.999000+00:00,782830.1727,2794,679.41,461179.8282
2026-03-16 18:45:00+00:00,678.65,678.65,677.64,678.05,1510.17,2026-03-16 18:49:59.999000+00:00,1023861.9139,3225,579.05,392542.2579
2026-03-16 18:50:00+00:00,678.06,678.12,677.26,677.57,1762.41,2026-03-16 18:54:59.999000+00:00,1194312.2551,3036,727.5,492986.6776
2026-03-16 18:55:00+00:00,677.57,677.58,677.05,677.28,1716.71,2026-03-16 18:59:59.999000+00:00,1162855.2181,2528,710.64,481372.9478
2026-03-16 19:00:00+00:00,677.27,677.8,676.25,676.88,2024.05,2026-03-16 19:04:59.999000+00:00,1370609.288,4003,852.98,577664.1704
2026-03-16 19:05:00+00:00,676.88,680.49,676.78,680.45,2156.76,2026-03-16 19:09:59.999000+00:00,1463361.677,4304,1598.78,1084833.7338
2026-03-16 19:10:00+00:00,680.41,681.51,679.16,680.26,4273.56,2026-03-16 19:14:59.999000+00:00,2906893.8152,7208,2257.88,1536005.2018
2026-03-16 19:15:00+00:00,680.25,681.36,679.54,679.77,3031.25,2026-03-16 19:19:59.999000+00:00,2063315.2638,4395,1659.62,1129749.5836
2026-03-16 19:20:00+00:00,679.76,680.12,679.46,679.85,1257.35,2026-03-16 19:24:59.999000+00:00,854772.8193,2988,686.19,466504.5062
2026-03-16 19:25:00+00:00,679.85,680.35,678.68,679.88,1651.43,2026-03-16 19:29:59.999000+00:00,1121967.7607,3607,629.34,427696.8651
2026-03-16 19:30:00+00:00,679.87,681.28,679.82,680.58,1762.61,2026-03-16 19:34:59.999000+00:00,1199537.9071,3096,1194.3,812716.4166
2026-03-16 19:35:00+00:00,680.58,680.67,679.9,680.42,1178.14,2026-03-16 19:39:59.999000+00:00,801485.1684,2551,513.92,349576.0776
2026-03-16 19:40:00+00:00,680.42,680.76,680.16,680.17,554.09,2026-03-16 19:44:59.999000+00:00,377043.1264,1751,179.81,122358.7202
2026-03-16 19:45:00+00:00,680.18,680.32,678.85,679.18,1728.4,2026-03-16 19:49:59.999000+00:00,1174113.0627,4089,579.84,393880.9028
2026-03-16 19:50:00+00:00,679.19,679.47,678.64,679.04,1072.81,2026-03-16 19:54:59.999000+00:00,728468.1264,2772,443.03,300815.1524
2026-03-16 19:55:00+00:00,679.04,679.52,677.69,678.51,5890.19,2026-03-16 19:59:59.999000+00:00,3997042.7068,7159,1773.45,1203432.2633
2026-03-16 20:00:00+00:00,678.5,678.71,677.71,677.97,1302.15,2026-03-16 20:04:59.999000+00:00,882935.0356,3470,717.72,486596.3389
2026-03-16 20:05:00+00:00,677.97,678.12,675.68,676.43,2466.18,2026-03-16 20:09:59.999000+00:00,1668647.3176,5723,1024.8,693289.1271
2026-03-16 20:10:00+00:00,676.42,676.69,676.13,676.61,577.05,2026-03-16 20:14:59.999000+00:00,390333.2355,2031,360.17,243619.135
2026-03-16 20:15:00+00:00,676.6,676.88,673.87,673.87,8211.97,2026-03-16 20:19:59.999000+00:00,5544644.7013,9809,2247.86,1517531.1969
2026-03-16 20:20:00+00:00,673.87,675.53,673.71,674.36,3004.0,2026-03-16 20:24:59.999000+00:00,2025727.5073,4747,967.95,652770.7418
2026-03-16 20:25:00+00:00,674.36,675.3,674.2,674.8,990.86,2026-03-16 20:29:59.999000+00:00,668513.7394,2770,494.8,333835.9991
2026-03-16 20:30:00+00:00,674.79,675.88,674.79,675.75,1057.68,2026-03-16 20:34:59.999000+00:00,714374.8717,2768,710.81,480085.8453
2026-03-16 20:35:00+00:00,675.75,677.15,675.58,676.75,1871.3,2026-03-16 20:39:59.999000+00:00,1265598.6859,3252,1402.85,948714.1933
2026-03-16 20:40:00+00:00,676.74,676.74,675.54,676.21,1084.99,2026-03-16 20:44:59.999000+00:00,733586.4117,2434,530.15,358395.8096
2026-03-16 20:45:00+00:00,676.21,676.69,675.9,676.07,2080.27,2026-03-16 20:49:59.999000+00:00,1406784.0542,2943,599.21,405255.9222
2026-03-16 20:50:00+00:00,676.08,677.2,676.08,676.87,1244.78,2026-03-16 20:54:59.999000+00:00,842362.9807,2550,597.71,404511.9138
2026-03-16 20:55:00+00:00,676.87,677.18,676.65,677.0,802.04,2026-03-16 20:59:59.999000+00:00,542917.6789,1727,370.43,250746.2996
2026-03-16 21:00:00+00:00,676.99,679.77,676.28,679.36,4515.8,2026-03-16 21:04:59.999000+00:00,3061768.9502,6772,2910.11,1973369.4706
2026-03-16 21:05:00+00:00,679.35,679.43,677.11,678.66,2482.75,2026-03-16 21:09:59.999000+00:00,1684315.8483,4788,1073.67,728206.5386
2026-03-16 21:10:00+00:00,678.66,680.69,678.65,678.92,4124.15,2026-03-16 21:14:59.999000+00:00,2803500.2276,4866,2389.73,1624800.5258
2026-03-16 21:15:00+00:00,678.91,679.37,678.5,679.09,1606.96,2026-03-16 21:19:59.999000+00:00,1090883.4695,3197,496.17,336846.4571
2026-03-16 21:20:00+00:00,679.1,679.27,677.66,678.48,1487.31,2026-03-16 21:24:59.999000+00:00,1008897.0472,3411,696.24,472326.0632
2026-03-16 21:25:00+00:00,678.47,678.56,677.22,677.72,674.38,2026-03-16 21:29:59.999000+00:00,457034.4679,2046,316.42,214430.2745
2026-03-16 21:30:00+00:00,677.72,679.49,677.61,679.45,1093.39,2026-03-16 21:34:59.999000+00:00,741652.4135,2590,641.06,434868.3168
2026-03-16 21:35:00+00:00,679.45,682.75,679.08,681.21,6478.22,2026-03-16 21:39:59.999000+00:00,4414363.7549,9421,3877.44,2641597.9585
2026-03-16 21:40:00+00:00,681.22,681.72,679.7,680.34,2869.36,2026-03-16 21:44:59.999000+00:00,1952616.4301,5069,1644.8,1119346.1264
2026-03-16 21:45:00+00:00,680.33,682.42,680.06,681.74,3245.96,2026-03-16 21:49:59.999000+00:00,2211001.2463,5025,2250.03,1532999.7464
2026-03-16 21:50:00+00:00,681.73,682.18,680.8,681.08,1679.61,2026-03-16 21:54:59.999000+00:00,1144542.7785,3005,883.32,601946.9797
2026-03-16 21:55:00+00:00,681.08,681.14,679.47,679.64,1269.89,2026-03-16 21:59:59.999000+00:00,863545.8265,3181,498.49,338972.3052
2026-03-16 22:00:00+00:00,679.63,682.63,679.63,682.57,2044.91,2026-03-16 22:04:59.999000+00:00,1393029.0696,4515,1346.98,917530.9611
2026-03-16 22:05:00+00:00,682.57,684.78,682.46,684.67,6513.61,2026-03-16 22:09:59.999000+00:00,4453643.6655,10290,4027.88,2754101.6233
2026-03-16 22:10:00+00:00,684.67,684.76,683.76,684.36,2258.63,2026-03-16 22:14:59.999000+00:00,1545605.251,5019,1069.75,732089.3191
2026-03-16 22:15:00+00:00,684.35,684.43,683.22,683.97,1550.66,2026-03-16 22:19:59.999000+00:00,1060497.9842,3521,736.66,503779.4359
2026-03-16 22:20:00+00:00,683.96,683.96,681.89,682.15,2571.36,2026-03-16 22:24:59.999000+00:00,1755413.3839,5009,768.02,524229.3803
2026-03-16 22:25:00+00:00,682.14,682.48,681.43,681.76,1854.22,2026-03-16 22:29:59.999000+00:00,1264616.0284,3922,1029.76,702407.4252
2026-03-16 22:30:00+00:00,681.77,682.86,681.57,682.25,1880.18,2026-03-16 22:34:59.999000+00:00,1282821.7663,3574,1147.46,782852.4566
2026-03-16 22:35:00+00:00,682.25,683.21,682.25,683.13,1070.52,2026-03-16 22:39:59.999000+00:00,731030.9768,2291,844.85,576923.5525
2026-03-16 22:40:00+00:00,683.12,683.62,682.71,683.5,1272.92,2026-03-16 22:44:59.999000+00:00,869539.0437,2533,685.64,468379.9333
2026-03-16 22:45:00+00:00,683.49,683.93,683.31,683.42,1398.92,2026-03-16 22:49:59.999000+00:00,956280.3659,2515,762.87,521501.0857
2026-03-16 22:50:00+00:00,683.42,683.48,681.05,681.25,1961.17,2026-03-16 22:54:59.999000+00:00,1338405.5591,3062,875.83,597942.1761
2026-03-16 22:55:00+00:00,681.26,681.64,681.0,681.48,1155.6,2026-03-16 22:59:59.999000+00:00,787349.834,2308,711.02,484452.7205
2026-03-16 23:00:00+00:00,681.48,681.49,678.58,678.96,3351.13,2026-03-16 23:04:59.999000+00:00,2278620.2429,5645,1054.69,717358.0321
2026-03-16 23:05:00+00:00,678.96,679.43,676.22,676.57,4790.39,2026-03-16 23:09:59.999000+00:00,3246537.1294,6396,1704.37,1155602.6781
2026-03-16 23:10:00+00:00,676.56,677.73,676.18,677.08,3073.7,2026-03-16 23:14:59.999000+00:00,2080913.6491,4551,1983.19,1342660.9486
2026-03-16 23:15:00+00:00,677.07,677.96,677.05,677.59,1839.25,2026-03-16 23:19:59.999000+00:00,1246012.3103,4132,1143.99,774996.5133
2026-03-16 23:20:00+00:00,677.59,678.18,677.4,677.6,1241.43,2026-03-16 23:24:59.999000+00:00,841367.7452,2757,714.93,484543.526
2026-03-16 23:25:00+00:00,677.6,678.95,677.59,678.84,1288.1,2026-03-16 23:29:59.999000+00:00,873873.6915,2935,889.09,603137.6372
2026-03-16 23:30:00+00:00,678.82,679.78,678.71,679.33,1338.31,2026-03-16 23:34:59.999000+00:00,908959.4198,3780,833.39,566030.0688
2026-03-16 23:35:00+00:00,679.34,680.0,679.01,679.62,1061.75,2026-03-16 23:39:59.999000+00:00,721379.0681,2460,517.87,351831.9044
2026-03-16 23:40:00+00:00,679.62,680.21,679.37,679.99,1178.18,2026-03-16 23:44:59.999000+00:00,800834.3949,2835,781.03,530836.8354
2026-03-16 23:45:00+00:00,680.0,680.49,679.58,680.38,1621.52,2026-03-16 23:49:59.999000+00:00,1102783.7993,3263,642.06,436674.3092
2026-03-16 23:50:00+00:00,680.37,680.5,678.26,678.99,1535.84,2026-03-16 23:54:59.999000+00:00,1043094.7501,3523,584.74,397154.5052
2026-03-16 23:55:00+00:00,678.99,679.83,678.79,679.7,1063.55,2026-03-16 23:59:59.999000+00:00,722586.4229,2115,513.16,348666.8218
2026-03-17 00:00:00+00:00,679.7,679.7,677.62,678.32,3093.24,2026-03-17 00:04:59.999000+00:00,2098808.1467,6267,1541.91,1046142.5065
2026-03-17 00:05:00+00:00,678.32,680.76,678.31,680.56,3484.11,2026-03-17 00:09:59.999000+00:00,2368455.5529,7198,2280.25,1550115.389
2026-03-17 00:10:00+00:00,680.55,684.28,680.55,683.26,6404.37,2026-03-17 00:14:59.999000+00:00,4371128.7868,11455,3771.32,2573928.6617
2026-03-17 00:15:00+00:00,683.25,683.6,680.81,680.96,5840.46,2026-03-17 00:19:59.999000+00:00,3985147.6028,9905,2566.46,1751638.4019
2026-03-17 00:20:00+00:00,680.96,681.06,678.83,679.16,3288.08,2026-03-17 00:24:59.999000+00:00,2236325.1215,5815,1819.69,1237786.496
2026-03-17 00:25:00+00:00,679.16,680.95,678.38,680.86,2238.22,2026-03-17 00:29:59.999000+00:00,1521010.408,4667,1607.5,1092492.3675
2026-03-17 00:30:00+00:00,680.87,683.0,680.74,681.86,6742.35,2026-03-17 00:34:59.999000+00:00,4596899.7079,8564,2851.13,1944363.109
2026-03-17 00:35:00+00:00,681.87,682.56,680.82,681.21,3537.84,2026-03-17 00:39:59.999000+00:00,2412721.4117,5805,2120.33,1446033.1654
2026-03-17 00:40:00+00:00,681.21,681.46,680.42,680.95,2220.12,2026-03-17 00:44:59.999000+00:00,1511320.6181,3745,1356.66,923497.566
2026-03-17 00:45:00+00:00,680.95,681.79,680.78,681.09,1027.72,2026-03-17 00:49:59.999000+00:00,700085.8235,3149,514.11,350207.3422
2026-03-17 00:50:00+00:00,681.09,681.38,679.67,680.77,1599.31,2026-03-17 00:54:59.999000+00:00,1088167.4121,3839,807.09,549233.3648
2026-03-17 00:55:00+00:00,680.78,682.54,680.13,682.54,1346.55,2026-03-17 00:59:59.999000+00:00,917552.9046,3733,847.05,577100.4051
2026-03-17 01:00:00+00:00,682.53,683.5,681.35,681.63,3300.33,2026-03-17 01:04:59.999000+00:00,2253154.9012,7892,2124.6,1450680.5102
2026-03-17 01:05:00+00:00,681.63,684.4,680.63,683.04,5756.48,2026-03-17 01:09:59.999000+00:00,3930068.0669,8107,3641.35,2485596.7424
2026-03-17 01:10:00+00:00,683.04,686.2,682.63,684.49,8892.1,2026-03-17 01:14:59.999000+00:00,6089488.6053,12710,5459.37,3738441.5044
2026-03-17 01:15:00+00:00,684.49,685.04,683.33,684.8,4883.64,2026-03-17 01:19:59.999000+00:00,3340830.9915,6533,1546.18,1057882.8254
2026-03-17 01:20:00+00:00,684.78,685.13,682.92,683.74,1857.07,2026-03-17 01:24:59.999000+00:00,1269695.9044,5088,725.3,495830.2994
2026-03-17 01:25:00+00:00,683.73,686.0,683.53,685.59,3188.01,2026-03-17 01:29:59.999000+00:00,2183850.4555,5594,1908.84,1307513.7582
2026-03-17 01:30:00+00:00,685.6,685.63,684.38,685.46,3809.95,2026-03-17 01:34:59.999000+00:00,2610066.4198,6918,1503.86,1030330.9627
2026-03-17 01:35:00+00:00,685.47,686.6,684.44,684.8,4206.34,2026-03-17 01:39:59.999000+00:00,2883093.7107,7225,2538.35,1740061.2598
2026-03-17 01:40:00+00:00,684.8,685.24,682.79,684.11,3574.88,2026-03-17 01:44:59.999000+00:00,2445062.2868,6257,1212.43,829298.701
2026-03-17 01:45:00+00:00,684.12,684.71,683.58,683.65,1349.76,2026-03-17 01:49:59.999000+00:00,923394.2985,4063,724.44,495615.7542
2026-03-17 01:50:00+00:00,683.66,683.95,682.37,682.9,2454.04,2026-03-17 01:54:59.999000+00:00,1675945.444,4170,1151.2,786216.0166
2026-03-17 01:55:00+00:00,682.9,684.35,682.89,684.0,1467.2,2026-03-17 01:59:59.999000+00:00,1003275.8465,3225,920.9,629706.5089
2026-03-17 02:00:00+00:00,684.01,684.29,683.33,683.59,1236.32,2026-03-17 02:04:59.999000+00:00,845307.9529,3508,645.3,441168.5256
2026-03-17 02:05:00+00:00,683.59,683.59,680.65,680.99,3611.72,2026-03-17 02:09:59.999000+00:00,2462311.4524,5610,1212.37,826424.0633
2026-03-17 02:10:00+00:00,680.98,681.24,680.53,680.99,1636.22,2026-03-17 02:14:59.999000+00:00,1114047.1112,4625,703.41,478932.2656
2026-03-17 02:15:00+00:00,681.0,681.93,680.95,680.96,1867.84,2026-03-17 02:19:59.999000+00:00,1272709.7035,3739,1404.08,956725.7081
2026-03-17 02:20:00+00:00,680.96,681.73,680.78,681.06,1706.6,2026-03-17 02:24:59.999000+00:00,1162400.4839,3176,783.39,533632.4782
2026-03-17 02:25:00+00:00,681.07,681.34,680.62,680.89,1500.25,2026-03-17 02:29:59.999000+00:00,1021368.5432,2435,692.08,471169.7925
2026-03-17 02:30:00+00:00,680.9,681.75,680.47,681.51,1651.13,2026-03-17 02:34:59.999000+00:00,1124351.2572,3372,1135.55,773304.7546
2026-03-17 02:35:00+00:00,681.52,683.11,681.52,682.96,1711.21,2026-03-17 02:39:59.999000+00:00,1167679.4487,3375,1172.23,799920.1274
2026-03-17 02:40:00+00:00,682.97,684.28,682.97,684.09,2008.27,2026-03-17 02:44:59.999000+00:00,1373009.7637,3785,1326.9,907105.7274
2026-03-17 02:45:00+00:00,684.09,684.72,683.29,683.46,2465.15,2026-03-17 02:49:59.999000+00:00,1686049.0632,4026,1363.32,932552.6257
2026-03-17 02:50:00+00:00,683.46,684.03,683.14,683.75,1349.45,2026-03-17 02:54:59.999000+00:00,922499.1151,2779,896.9,613113.9386
2026-03-17 02:55:00+00:00,683.74,683.76,682.54,682.8,936.06,2026-03-17 02:59:59.999000+00:00,639372.4166,2871,475.13,324514.6691
2026-03-17 03:00:00+00:00,682.79,683.16,682.36,682.73,1207.7,2026-03-17 03:04:59.999000+00:00,824661.7518,3390,731.03,499160.4712
2026-03-17 03:05:00+00:00,682.73,682.76,681.84,682.29,1009.06,2026-03-17 03:09:59.999000+00:00,688452.8933,3273,446.48,304622.9706
2026-03-17 03:10:00+00:00,682.28,682.28,680.88,681.11,1662.83,2026-03-17 03:14:59.999000+00:00,1133009.7398,4074,617.7,420890.9612
2026-03-17 03:15:00+00:00,681.11,681.41,680.7,681.32,1844.69,2026-03-17 03:19:59.999000+00:00,1256413.151,3334,1016.27,692237.575
2026-03-17 03:20:00+00:00,681.31,681.31,679.33,679.55,4372.58,2026-03-17 03:24:59.999000+00:00,2973547.9193,5349,1601.83,1089142.8121
2026-03-17 03:25:00+00:00,679.54,680.22,679.36,679.58,1655.96,2026-03-17 03:29:59.999000+00:00,1125680.308,3076,785.49,533993.3245
2026-03-17 03:30:00+00:00,679.57,679.57,676.87,677.32,5110.99,2026-03-17 03:34:59.999000+00:00,3465677.9069,8284,1758.5,1192264.9801
2026-03-17 03:35:00+00:00,677.32,677.71,676.22,677.37,4387.38,2026-03-17 03:39:59.999000+00:00,2970211.0329,6595,2148.33,1454404.738
2026-03-17 03:40:00+00:00,677.37,677.37,675.55,676.0,3433.22,2026-03-17 03:44:59.999000+00:00,2321116.3828,6024,1800.65,1217300.0993
2026-03-17 03:45:00+00:00,676.0,676.23,675.23,675.81,4183.79,2026-03-17 03:49:59.999000+00:00,2827240.486,6107,1651.0,1115724.7095
2026-03-17 03:50:00+00:00,675.81,676.5,675.3,675.56,2837.54,2026-03-17 03:54:59.999000+00:00,1917891.585,5056,1404.54,949407.6798
2026-03-17 03:55:00+00:00,675.57,676.38,675.05,676.13,2086.38,2026-03-17 03:59:59.999000+00:00,1410057.7314,3932,1241.8,839353.9855
2026-03-17 04:00:00+00:00,676.13,677.16,676.06,676.46,2529.03,2026-03-17 04:04:59.999000+00:00,1711138.7596,5390,1311.77,887590.4107
2026-03-17 04:05:00+00:00,676.47,677.4,676.33,677.1,1550.63,2026-03-17 04:09:59.999000+00:00,1049710.3338,3219,939.94,636291.4462
2026-03-17 04:10:00+00:00,677.1,677.46,676.77,677.2,1472.94,2026-03-17 04:14:59.999000+00:00,997363.1513,2544,802.3,543286.4978
2026-03-17 04:15:00+00:00,677.2,677.35,675.71,676.16,1903.7,2026-03-17 04:19:59.999000+00:00,1287860.6513,3696,423.91,286798.3842
2026-03-17 04:20:00+00:00,676.16,676.35,674.16,674.97,3278.16,2026-03-17 04:24:59.999000+00:00,2212560.4012,4974,947.27,639345.2461
2026-03-17 04:25:00+00:00,674.96,675.31,674.11,674.42,2498.87,2026-03-17 04:29:59.999000+00:00,1685821.91,4010,904.22,610048.3082
2026-03-17 04:30:00+00:00,674.42,674.98,672.66,673.14,4962.39,2026-03-17 04:34:59.999000+00:00,3341821.3132,6475,1902.91,1281656.1082
2026-03-17 04:35:00+00:00,673.14,673.54,672.08,672.4,3071.84,2026-03-17 04:39:59.999000+00:00,2066921.7961,5060,1486.02,999976.8215
2026-03-17 04:40:00+00:00,672.42,674.8,671.9,673.5,5876.11,2026-03-17 04:44:59.999000+00:00,3955839.8674,7403,2947.1,1984431.8568
2026-03-17 04:45:00+00:00,673.5,674.54,673.34,674.53,1592.04,2026-03-17 04:49:59.999000+00:00,1072960.019,2884,1122.99,756824.4912
2026-03-17 04:50:00+00:00,674.54,675.12,674.4,674.95,1044.39,2026-03-17 04:54:59.999000+00:00,704821.7931,2810,712.57,480891.826
2026-03-17 04:55:00+00:00,674.95,675.28,674.71,674.89,1247.38,2026-03-17 04:59:59.999000+00:00,842006.8769,2667,590.67,398699.4992
2026-03-17 05:00:00+00:00,674.89,674.99,673.78,674.88,1889.71,2026-03-17 05:04:59.999000+00:00,1274539.3013,4080,715.19,482392.6115
2026-03-17 05:05:00+00:00,674.88,675.6,674.82,675.16,1303.21,2026-03-17 05:09:59.999000+00:00,880032.4974,3219,883.85,596877.8607
2026-03-17 05:10:00+00:00,675.16,675.71,674.94,675.1,1324.06,2026-03-17 05:14:59.999000+00:00,894236.9434,2784,499.84,337582.5365
2026-03-17 05:15:00+00:00,675.1,676.47,675.1,676.06,1318.29,2026-03-17 05:19:59.999000+00:00,891078.2114,2983,775.19,523985.7437
2026-03-17 05:20:00+00:00,676.06,676.25,675.58,676.21,3127.97,2026-03-17 05:24:59.999000+00:00,2114187.4404,3293,1771.63,1197460.258
2026-03-17 05:25:00+00:00,676.22,677.2,676.22,676.84,1386.53,2026-03-17 05:29:59.999000+00:00,938594.5607,2674,1066.23,721759.431
2026-03-17 05:30:00+00:00,676.84,677.09,676.0,676.04,1518.9,2026-03-17 05:34:59.999000+00:00,1027819.2688,2704,461.06,311968.3568
2026-03-17 05:35:00+00:00,676.03,676.36,675.01,675.26,1859.96,2026-03-17 05:39:59.999000+00:00,1256449.6344,3856,1037.08,700628.4058
2026-03-17 05:40:00+00:00,675.25,676.04,674.28,674.58,3765.67,2026-03-17 05:44:59.999000+00:00,2543364.2037,4694,2232.71,1508305.8845
2026-03-17 05:45:00+00:00,674.56,675.1,673.62,674.13,2270.47,2026-03-17 05:49:59.999000+00:00,1530862.9849,4686,1239.68,835838.7413
2026-03-17 05:50:00+00:00,674.13,675.88,674.12,675.68,1835.08,2026-03-17 05:54:59.999000+00:00,1238878.5238,3809,1513.1,1021478.5631
2026-03-17 05:55:00+00:00,675.67,675.86,674.72,675.17,1308.8,2026-03-17 05:59:59.999000+00:00,883939.2807,2540,676.0,456553.4766
2026-03-17 06:00:00+00:00,675.17,675.53,673.66,673.95,1761.98,2026-03-17 06:04:59.999000+00:00,1188448.2509,4452,943.54,636397.9223
2026-03-17 06:05:00+00:00,673.95,674.26,673.52,674.06,1094.13,2026-03-17 06:09:59.999000+00:00,737275.8807,3368,597.55,402657.1983
2026-03-17 06:10:00+00:00,674.07,676.04,673.66,675.84,1890.18,2026-03-17 06:14:59.999000+00:00,1276349.3396,4137,1139.07,769213.8155
2026-03-17 06:15:00+00:00,675.83,676.06,675.28,675.49,1240.69,2026-03-17 06:19:59.999000+00:00,838363.9438,2687,783.4,529379.7973
2026-03-17 06:20:00+00:00,675.5,676.98,675.38,676.39,1688.82,2026-03-17 06:24:59.999000+00:00,1142332.3616,3265,1122.64,759371.4789
2026-03-17 06:25:00+00:00,676.39,676.78,676.05,676.56,914.79,2026-03-17 06:29:59.999000+00:00,618855.6981,1748,484.57,327823.7972
2026-03-17 06:30:00+00:00,676.55,676.76,675.24,675.94,1418.08,2026-03-17 06:34:59.999000+00:00,958626.5437,3051,594.42,401800.0221
2026-03-17 06:35:00+00:00,675.94,676.13,675.35,675.76,834.23,2026-03-17 06:39:59.999000+00:00,563670.8022,1963,308.2,208240.2652
2026-03-17 06:40:00+00:00,675.75,675.77,673.77,673.84,1341.46,2026-03-17 06:44:59.999000+00:00,904969.033,2543,321.87,217067.7603
2026-03-17 06:45:00+00:00,673.84,673.91,672.93,672.93,1805.2,2026-03-17 06:49:59.999000+00:00,1215640.0427,3010,591.34,398259.5069
2026-03-17 06:50:00+00:00,672.93,673.64,672.92,673.24,1445.05,2026-03-17 06:54:59.999000+00:00,972924.3371,2534,591.94,398542.5939
2026-03-17 06:55:00+00:00,673.24,673.68,673.18,673.38,1477.86,2026-03-17 06:59:59.999000+00:00,995258.1119,2330,597.52,402389.047
2026-03-17 07:00:00+00:00,673.39,674.43,673.3,674.15,1459.49,2026-03-17 07:04:59.999000+00:00,983647.5431,3513,727.81,490481.6988
2026-03-17 07:05:00+00:00,674.15,674.38,673.66,673.99,1044.13,2026-03-17 07:09:59.999000+00:00,703778.1193,2331,326.8,220292.6622
2026-03-17 07:10:00+00:00,673.98,674.66,673.98,674.42,986.06,2026-03-17 07:14:59.999000+00:00,665047.0615,2550,583.42,393479.7163
2026-03-17 07:15:00+00:00,674.42,675.67,674.29,675.42,3177.66,2026-03-17 07:19:59.999000+00:00,2144237.6301,4236,2206.56,1489007.8952
2026-03-17 07:20:00+00:00,675.43,675.61,675.1,675.13,1438.51,2026-03-17 07:24:59.999000+00:00,971523.4125,2601,696.42,470327.7492
2026-03-17 07:25:00+00:00,675.12,675.32,674.72,675.14,904.06,2026-03-17 07:29:59.999000+00:00,610258.5471,1810,488.21,329554.7439
2026-03-17 07:30:00+00:00,675.12,675.22,674.84,674.93,715.65,2026-03-17 07:34:59.999000+00:00,483049.2983,1843,254.78,171969.7904
2026-03-17 07:35:00+00:00,674.94,675.31,674.38,675.05,1312.4,2026-03-17 07:39:59.999000+00:00,885643.1991,2292,642.02,433207.9103
2026-03-17 07:40:00+00:00,675.04,675.48,674.79,675.11,784.06,2026-03-17 07:44:59.999000+00:00,529327.478,2089,360.88,243666.826
2026-03-17 07:45:00+00:00,675.12,675.14,674.68,674.79,753.55,2026-03-17 07:49:59.999000+00:00,508581.0841,1734,180.66,121915.804
2026-03-17 07:50:00+00:00,674.8,674.8,673.54,673.55,1921.89,2026-03-17 07:54:59.999000+00:00,1295578.8849,2876,264.36,178204.5466
2026-03-17 07:55:00+00:00,673.55,674.2,673.54,674.19,942.64,2026-03-17 07:59:59.999000+00:00,635234.5178,1551,278.42,187594.2035
2026-03-17 08:00:00+00:00,674.19,677.04,674.15,675.77,5279.22,2026-03-17 08:04:59.999000+00:00,3569017.84,6011,3546.78,2398230.6349
2026-03-17 08:05:00+00:00,675.76,675.85,674.5,675.18,4533.02,2026-03-17 08:09:59.999000+00:00,3060854.3862,4500,1332.74,900126.4368
2026-03-17 08:10:00+00:00,675.18,675.42,674.0,674.41,2519.62,2026-03-17 08:14:59.999000+00:00,1699545.3954,3464,1124.55,758428.9618
2026-03-17 08:15:00+00:00,674.4,675.24,673.43,675.15,1843.02,2026-03-17 08:19:59.999000+00:00,1242513.6523,3741,1059.78,714599.0137
2026-03-17 08:20:00+00:00,675.15,675.54,674.17,674.47,907.49,2026-03-17 08:24:59.999000+00:00,612607.8455,2669,416.63,281287.302
2026-03-17 08:25:00+00:00,674.49,674.96,674.24,674.64,570.88,2026-03-17 08:29:59.999000+00:00,385076.8896,2060,253.59,171056.9003
2026-03-17 08:30:00+00:00,674.64,675.05,674.19,674.33,701.41,2026-03-17 08:34:59.999000+00:00,473196.0486,2283,363.87,245493.2314
2026-03-17 08:35:00+00:00,674.34,674.64,674.07,674.37,810.15,2026-03-17 08:39:59.999000+00:00,546280.8783,2137,368.35,248377.8701
2026-03-17 08:40:00+00:00,674.37,675.88,674.27,675.45,1897.01,2026-03-17 08:44:59.999000+00:00,1281312.1492,3293,1272.31,859300.6418
2026-03-17 08:45:00+00:00,675.45,675.87,675.33,675.6,618.03,2026-03-17 08:49:59.999000+00:00,417577.8192,2029,387.51,261820.5091
2026-03-17 08:50:00+00:00,675.59,675.95,675.25,675.27,885.09,2026-03-17 08:54:59.999000+00:00,597946.0203,2140,391.5,264477.0059
2026-03-17 08:55:00+00:00,675.27,675.35,673.2,673.65,2419.91,2026-03-17 08:59:59.999000+00:00,1631284.9304,3679,761.42,513266.6154
2026-03-17 09:00:00+00:00,673.65,674.33,673.05,673.23,2664.55,2026-03-17 09:04:59.999000+00:00,1794603.3278,4078,810.38,545857.9765
2026-03-17 09:05:00+00:00,673.22,673.47,672.8,673.2,2059.22,2026-03-17 09:09:59.999000+00:00,1386119.8112,3326,937.98,631378.1769
2026-03-17 09:10:00+00:00,673.2,673.28,672.6,672.67,1373.37,2026-03-17 09:14:59.999000+00:00,924197.6573,2596,721.09,485276.166
2026-03-17 09:15:00+00:00,672.67,674.43,672.03,674.4,5792.29,2026-03-17 09:19:59.999000+00:00,3900011.1442,5198,3770.17,2539333.8654
2026-03-17 09:20:00+00:00,674.4,674.43,672.64,673.93,3823.95,2026-03-17 09:24:59.999000+00:00,2575125.2534,3636,889.01,598844.8416
2026-03-17 09:25:00+00:00,673.92,675.56,673.91,675.01,2441.97,2026-03-17 09:29:59.999000+00:00,1647549.6942,4676,1325.6,894318.4823
2026-03-17 09:30:00+00:00,675.01,675.12,673.86,674.12,1626.57,2026-03-17 09:34:59.999000+00:00,1096871.1055,3027,347.92,234708.2995
2026-03-17 09:35:00+00:00,674.12,674.37,673.79,673.9,978.21,2026-03-17 09:39:59.999000+00:00,659372.1197,2344,679.47,458005.5429
2026-03-17 09:40:00+00:00,673.9,674.25,673.66,674.18,786.76,2026-03-17 09:44:59.999000+00:00,530249.7771,2193,344.93,232461.6803
2026-03-17 09:45:00+00:00,674.17,674.33,673.87,673.97,491.29,2026-03-17 09:49:59.999000+00:00,331170.7079,1895,236.7,159545.7167
2026-03-17 09:50:00+00:00,673.97,674.24,672.8,672.8,1080.56,2026-03-17 09:54:59.999000+00:00,727581.7981,2627,384.7,259014.5246
2026-03-17 09:55:00+00:00,672.8,672.92,672.01,672.8,1687.44,2026-03-17 09:59:59.999000+00:00,1134560.0442,3280,550.55,370199.9888
2026-03-17 10:00:00+00:00,672.79,673.04,672.41,672.45,1056.33,2026-03-17 10:04:59.999000+00:00,710584.4622,3350,386.58,260068.9409
2026-03-17 10:05:00+00:00,672.44,672.45,670.91,671.54,3699.86,2026-03-17 10:09:59.999000+00:00,2484670.8824,5858,1164.39,781831.8237
2026-03-17 10:10:00+00:00,671.53,674.15,671.37,671.87,8822.62,2026-03-17 10:14:59.999000+00:00,5934246.0989,6435,5230.22,3519062.7983
2026-03-17 10:15:00+00:00,671.88,672.15,670.18,671.6,5120.03,2026-03-17 10:19:59.999000+00:00,3435417.0517,5956,1432.73,961599.2201
2026-03-17 10:20:00+00:00,671.59,671.81,671.36,671.61,1005.17,2026-03-17 10:24:59.999000+00:00,675050.6744,2214,623.36,418637.7211
2026-03-17 10:25:00+00:00,671.61,671.97,670.99,671.85,2286.6,2026-03-17 10:29:59.999000+00:00,1535462.0687,2944,891.57,598804.2987
2026-03-17 10:30:00+00:00,671.85,671.94,670.92,671.8,1381.48,2026-03-17 10:34:59.999000+00:00,927528.9041,3042,788.73,529600.3598
2026-03-17 10:35:00+00:00,671.8,672.06,670.64,671.57,1178.34,2026-03-17 10:39:59.999000+00:00,791109.79,3106,698.8,469132.823
2026-03-17 10:40:00+00:00,671.57,671.57,668.89,669.64,8894.34,2026-03-17 10:44:59.999000+00:00,5957874.3979,6566,2326.99,1558785.0414
2026-03-17 10:45:00+00:00,669.64,669.78,668.9,668.9,2913.22,2026-03-17 10:49:59.999000+00:00,1950075.2395,3475,968.7,648444.3987
2026-03-17 10:50:00+00:00,668.9,670.09,667.83,669.51,10018.07,2026-03-17 10:54:59.999000+00:00,6701462.0097,7394,5796.69,3878460.4703
2026-03-17 10:55:00+00:00,669.5,669.75,669.05,669.41,1563.33,2026-03-17 10:59:59.999000+00:00,1046457.0581,2333,903.03,604481.7585
2026-03-17 11:00:00+00:00,669.41,669.66,668.96,669.65,1777.07,2026-03-17 11:04:59.999000+00:00,1189438.5807,3629,1020.41,683008.0491
2026-03-17 11:05:00+00:00,669.66,670.37,669.66,670.01,1798.44,2026-03-17 11:09:59.999000+00:00,1205125.1533,3732,1161.68,778421.6269
2026-03-17 11:10:00+00:00,670.01,670.26,669.57,669.88,1508.28,2026-03-17 11:14:59.999000+00:00,1010493.5368,2661,972.33,651451.3287
2026-03-17 11:15:00+00:00,669.88,670.55,668.88,669.68,7774.95,2026-03-17 11:19:59.999000+00:00,5205739.2446,6665,2309.61,1547003.2436
2026-03-17 11:20:00+00:00,669.67,669.75,668.02,668.25,8924.01,2026-03-17 11:24:59.999000+00:00,5966691.2163,8263,2434.35,1627639.9219
2026-03-17 11:25:00+00:00,668.25,668.89,667.55,667.85,2527.56,2026-03-17 11:29:59.999000+00:00,1688961.6508,3487,1064.61,711532.4293
2026-03-17 11:30:00+00:00,667.85,668.38,667.38,668.08,2346.73,2026-03-17 11:34:59.999000+00:00,1567128.1969,3667,1222.74,816597.5612
2026-03-17 11:35:00+00:00,668.07,668.63,667.75,668.34,2351.47,2026-03-17 11:39:59.999000+00:00,1571077.4054,3305,1605.1,1072328.7823
2026-03-17 11:40:00+00:00,668.33,668.57,668.02,668.23,1649.48,2026-03-17 11:44:59.999000+00:00,1102425.5935,2575,1143.59,764295.5041
2026-03-17 11:45:00+00:00,668.23,668.56,668.0,668.13,1157.64,2026-03-17 11:49:59.999000+00:00,773643.8429,2476,606.58,405367.2906
2026-03-17 11:50:00+00:00,668.14,668.34,667.46,667.46,1043.45,2026-03-17 11:54:59.999000+00:00,696979.4392,2066,583.17,389553.3943
2026-03-17 11:55:00+00:00,667.46,667.95,667.3,667.57,1771.74,2026-03-17 11:59:59.999000+00:00,1182847.6208,2106,833.66,556518.164
2026-03-17 12:00:00+00:00,667.58,668.23,667.41,668.06,1506.81,2026-03-17 12:04:59.999000+00:00,1006190.3546,3318,837.18,559068.7957
2026-03-17 12:05:00+00:00,668.06,669.32,668.04,669.23,1475.08,2026-03-17 12:09:59.999000+00:00,986418.0689,3225,1038.03,694156.594
2026-03-17 12:10:00+00:00,669.24,669.66,668.45,668.5,2352.93,2026-03-17 12:14:59.999000+00:00,1574045.2639,3610,1425.4,953641.1381
2026-03-17 12:15:00+00:00,668.5,669.59,668.06,669.58,2256.89,2026-03-17 12:19:59.999000+00:00,1508909.3556,3995,1321.33,883442.5667
2026-03-17 12:20:00+00:00,669.58,669.62,667.7,667.71,2617.3,2026-03-17 12:24:59.999000+00:00,1750849.103,4603,1413.48,945573.933
2026-03-17 12:25:00+00:00,667.71,668.0,666.76,666.95,3162.63,2026-03-17 12:29:59.999000+00:00,2110411.6971,4427,1182.09,788894.7246
2026-03-17 12:30:00+00:00,666.95,666.97,666.07,666.07,2929.33,2026-03-17 12:34:59.999000+00:00,1952542.4306,4037,722.28,481495.388
2026-03-17 12:35:00+00:00,666.07,666.23,664.66,666.07,6900.48,2026-03-17 12:39:59.999000+00:00,4591199.4907,6932,2524.04,1679502.9529
2026-03-17 12:40:00+00:00,666.06,666.07,665.34,665.54,1154.93,2026-03-17 12:44:59.999000+00:00,768795.8092,2727,615.17,409488.7035
2026-03-17 12:45:00+00:00,665.53,665.65,665.01,665.38,1488.96,2026-03-17 12:49:59.999000+00:00,990600.7693,3077,632.23,420622.8668
2026-03-17 12:50:00+00:00,665.38,665.76,665.1,665.64,1336.56,2026-03-17 12:54:59.999000+00:00,889303.5783,2932,673.02,447815.5649
2026-03-17 12:55:00+00:00,665.64,665.78,665.12,665.4,1078.3,2026-03-17 12:59:59.999000+00:00,717535.4554,2163,618.03,411236.393
2026-03-17 13:00:00+00:00,665.39,666.04,665.19,666.03,1800.14,2026-03-17 13:04:59.999000+00:00,1198063.3204,3317,894.6,595420.1961
2026-03-17 13:05:00+00:00,666.04,666.33,665.81,665.87,1101.46,2026-03-17 13:09:59.999000+00:00,733661.9008,2460,474.35,315949.7416
2026-03-17 13:10:00+00:00,665.87,666.45,665.87,666.41,1193.22,2026-03-17 13:14:59.999000+00:00,794883.0112,2185,789.73,526078.9177
2026-03-17 13:15:00+00:00,666.41,666.82,665.83,666.6,1149.68,2026-03-17 13:19:59.999000+00:00,765970.3584,2564,573.19,381885.2543
2026-03-17 13:20:00+00:00,666.6,666.95,666.12,666.12,1187.11,2026-03-17 13:24:59.999000+00:00,791228.151,2035,730.94,487195.7037
2026-03-17 13:25:00+00:00,666.12,666.47,665.9,666.08,677.53,2026-03-17 13:29:59.999000+00:00,451356.7677,1693,397.75,264968.3119
2026-03-17 13:30:00+00:00,666.09,668.65,665.86,667.46,27797.93,2026-03-17 13:34:59.999000+00:00,18557244.4682,11722,23593.44,15750885.4978
2026-03-17 13:35:00+00:00,667.46,668.02,666.73,667.94,4175.83,2026-03-17 13:39:59.999000+00:00,2786276.6339,7066,2260.36,1508175.7445
2026-03-17 13:40:00+00:00,667.93,668.51,665.91,665.99,2974.69,2026-03-17 13:44:59.999000+00:00,1984812.1293,6218,906.34,604904.8144
2026-03-17 13:45:00+00:00,665.98,666.48,665.11,665.8,4092.45,2026-03-17 13:49:59.999000+00:00,2724765.0196,7724,1837.87,1223722.7508
2026-03-17 13:50:00+00:00,665.79,665.88,663.45,664.9,5896.95,2026-03-17 13:54:59.999000+00:00,3917631.5118,8595,1811.4,1203538.7464
2026-03-17 13:55:00+00:00,664.89,665.45,664.43,665.15,1901.04,2026-03-17 13:59:59.999000+00:00,1264359.8992,4536,1307.02,869269.7675
2026-03-17 14:00:00+00:00,665.15,665.29,663.2,664.11,2275.35,2026-03-17 14:04:59.999000+00:00,1511710.296,6580,960.3,638090.8453
2026-03-17 14:05:00+00:00,664.11,666.66,663.94,666.35,2261.31,2026-03-17 14:09:59.999000+00:00,1505090.4191,5630,1716.56,1142506.8284
2026-03-17 14:10:00+00:00,666.36,667.43,665.65,666.86,2038.12,2026-03-17 14:14:59.999000+00:00,1358600.5084,4393,1269.13,846044.8887
2026-03-17 14:15:00+00:00,666.86,667.27,665.4,666.87,1677.53,2026-03-17 14:19:59.999000+00:00,1118220.6635,5170,866.19,577434.3561
2026-03-17 14:20:00+00:00,666.87,667.61,666.37,667.23,1414.32,2026-03-17 14:24:59.999000+00:00,943703.3998,4047,583.47,389312.7695
2026-03-17 14:25:00+00:00,667.22,668.13,666.48,667.83,2256.84,2026-03-17 14:29:59.999000+00:00,1506487.7588,4400,1000.13,667579.1375
2026-03-17 14:30:00+00:00,667.84,668.76,667.64,668.43,2185.46,2026-03-17 14:34:59.999000+00:00,1460133.0684,5254,1176.03,785807.9827
2026-03-17 14:35:00+00:00,668.41,669.39,668.3,668.73,2337.55,2026-03-17 14:39:59.999000+00:00,1563792.0609,5392,1453.04,972121.262
2026-03-17 14:40:00+00:00,668.74,669.68,668.62,669.35,3289.09,2026-03-17 14:44:59.999000+00:00,2201199.801,5206,2105.65,1409312.1191
2026-03-17 14:45:00+00:00,669.36,670.27,668.69,668.89,3334.43,2026-03-17 14:49:59.999000+00:00,2233386.3617,5494,1483.23,993523.5445
2026-03-17 14:50:00+00:00,668.9,669.56,668.02,669.24,1773.82,2026-03-17 14:54:59.999000+00:00,1186407.7283,4139,823.4,550808.7857
2026-03-17 14:55:00+00:00,669.25,670.13,669.25,669.97,1253.16,2026-03-17 14:59:59.999000+00:00,839396.384,2804,764.57,512115.9903
2026-03-17 15:00:00+00:00,669.98,673.17,669.98,672.08,7769.24,2026-03-17 15:04:59.999000+00:00,5219849.0131,11418,4324.88,2905233.897
2026-03-17 15:05:00+00:00,672.08,672.75,670.25,670.38,3957.51,2026-03-17 15:09:59.999000+00:00,2658324.6029,7733,1882.83,1265152.512
2026-03-17 15:10:00+00:00,670.38,670.39,668.29,668.55,4151.77,2026-03-17 15:14:59.999000+00:00,2778832.8149,7026,1481.64,991611.4747
2026-03-17 15:15:00+00:00,668.54,669.5,668.28,669.14,1865.21,2026-03-17 15:19:59.999000+00:00,1247732.2994,5023,1036.15,693120.6556
2026-03-17 15:20:00+00:00,669.14,669.59,667.41,668.1,1700.92,2026-03-17 15:24:59.999000+00:00,1136351.9198,4700,654.1,437080.8943
2026-03-17 15:25:00+00:00,668.09,668.51,667.56,667.87,830.62,2026-03-17 15:29:59.999000+00:00,554854.2662,3186,426.21,284714.9284
2026-03-17 15:30:00+00:00,667.87,668.49,666.76,667.27,1854.79,2026-03-17 15:34:59.999000+00:00,1238720.3893,4457,975.3,651469.0418
2026-03-17 15:35:00+00:00,667.28,667.55,665.01,666.57,4691.61,2026-03-17 15:39:59.999000+00:00,3124229.5349,7216,2270.25,1511626.2602
2026-03-17 15:40:00+00:00,666.56,666.7,665.65,666.38,1191.98,2026-03-17 15:44:59.999000+00:00,794124.9566,3908,713.02,475024.8574
2026-03-17 15:45:00+00:00,666.37,666.81,666.06,666.45,1250.65,2026-03-17 15:49:59.999000+00:00,833540.6478,3579,915.6,610234.0158
2026-03-17 15:50:00+00:00,666.45,668.57,666.45,668.26,2088.56,2026-03-17 15:54:59.999000+00:00,1394819.4274,4079,1588.89,1061050.3544
2026-03-17 15:55:00+00:00,668.25,668.45,667.91,668.35,851.91,2026-03-17 15:59:59.999000+00:00,569238.6605,2255,404.11,270032.7055
2026-03-17 16:00:00+00:00,668.35,668.52,667.57,668.13,1352.8,2026-03-17 16:04:59.999000+00:00,903882.6563,3806,711.14,475164.3253
2026-03-17 16:05:00+00:00,668.12,669.13,667.85,668.97,1360.58,2026-03-17 16:09:59.999000+00:00,909548.4906,4589,880.48,588629.9699
2026-03-17 16:10:00+00:00,668.97,669.3,668.42,668.47,992.69,2026-03-17 16:14:59.999000+00:00,664052.7074,3439,567.86,379899.7537
2026-03-17 16:15:00+00:00,668.48,670.16,668.29,670.15,1354.51,2026-03-17 16:19:59.999000+00:00,906661.0774,3899,794.86,532070.3878
2026-03-17 16:20:00+00:00,670.15,671.21,669.75,671.21,1792.44,2026-03-17 16:24:59.999000+00:00,1201799.5837,4107,1107.59,742696.8128
2026-03-17 16:25:00+00:00,671.2,671.49,670.53,670.62,2353.65,2026-03-17 16:29:59.999000+00:00,1579402.8694,4157,1017.12,682613.976
2026-03-17 16:30:00+00:00,670.62,670.9,669.17,669.9,2978.54,2026-03-17 16:34:59.999000+00:00,1995321.7958,4594,1298.87,870003.8621
2026-03-17 16:35:00+00:00,669.89,670.0,669.02,669.73,916.68,2026-03-17 16:39:59.999000+00:00,613686.235,2932,443.72,297064.3741
2026-03-17 16:40:00+00:00,669.74,670.5,669.5,670.31,610.28,2026-03-17 16:44:59.999000+00:00,408879.103,2515,355.25,238023.4627
2026-03-17 16:45:00+00:00,670.31,670.64,669.58,670.41,627.5,2026-03-17 16:49:59.999000+00:00,420521.0616,2527,326.21,218611.6877
2026-03-17 16:50:00+00:00,670.42,671.37,670.39,670.94,1276.29,2026-03-17 16:54:59.999000+00:00,856518.1346,2001,587.32,394131.4817
2026-03-17 16:55:00+00:00,670.93,671.05,670.26,670.64,505.34,2026-03-17 16:59:59.999000+00:00,338887.8902,1587,234.69,157361.8965
2026-03-17 17:00:00+00:00,670.64,671.8,670.63,671.5,866.57,2026-03-17 17:04:59.999000+00:00,581806.7042,3001,545.38,366177.5435
2026-03-17 17:05:00+00:00,671.5,671.51,671.14,671.21,430.92,2026-03-17 17:09:59.999000+00:00,289288.3509,2540,151.15,101466.9907
2026-03-17 17:10:00+00:00,671.2,671.21,669.6,670.86,1099.21,2026-03-17 17:14:59.999000+00:00,737027.5953,3272,490.2,328658.2313
2026-03-17 17:15:00+00:00,670.86,671.7,670.71,671.69,665.73,2026-03-17 17:19:59.999000+00:00,446825.2875,2311,383.57,257449.5772
2026-03-17 17:20:00+00:00,671.7,672.3,671.55,671.66,1913.75,2026-03-17 17:24:59.999000+00:00,1285956.2002,3643,639.4,429632.1444
2026-03-17 17:25:00+00:00,671.66,671.69,670.93,671.07,1060.25,2026-03-17 17:29:59.999000+00:00,711723.4595,1861,387.72,260271.5264
2026-03-17 17:30:00+00:00,671.07,671.49,670.27,670.47,782.13,2026-03-17 17:34:59.999000+00:00,524733.7572,2296,235.59,158099.4935
2026-03-17 17:35:00+00:00,670.47,671.21,670.41,671.13,422.55,2026-03-17 17:39:59.999000+00:00,283495.6418,1842,257.35,172655.7961
2026-03-17 17:40:00+00:00,671.14,671.75,671.13,671.36,480.33,2026-03-17 17:44:59.999000+00:00,322497.7402,1913,198.53,133286.294
2026-03-17 17:45:00+00:00,671.36,672.23,671.02,672.21,981.02,2026-03-17 17:49:59.999000+00:00,658764.1319,2685,359.41,241401.6162
2026-03-17 17:50:00+00:00,672.19,672.58,671.97,672.19,1166.45,2026-03-17 17:54:59.999000+00:00,784108.7781,2257,691.03,464544.5632
2026-03-17 17:55:00+00:00,672.2,672.55,671.91,672.55,870.06,2026-03-17 17:59:59.999000+00:00,584928.1808,1555,639.95,430225.7057
2026-03-17 18:00:00+00:00,672.55,673.07,672.26,672.82,2107.07,2026-03-17 18:04:59.999000+00:00,1417194.8152,3298,1298.03,873072.4731
2026-03-17 18:05:00+00:00,672.82,673.4,672.53,673.28,996.06,2026-03-17 18:09:59.999000+00:00,670346.6167,2808,654.98,440806.522
2026-03-17 18:10:00+00:00,673.28,673.79,672.93,672.94,1155.86,2026-03-17 18:14:59.999000+00:00,778411.4994,2536,710.22,478332.0769
2026-03-17 18:15:00+00:00,672.93,673.5,672.7,673.1,512.31,2026-03-17 18:19:59.999000+00:00,344804.947,2285,264.83,178243.9673
2026-03-17 18:20:00+00:00,673.1,673.57,672.45,672.56,1084.36,2026-03-17 18:24:59.999000+00:00,729925.9314,2751,662.34,445881.1683
2026-03-17 18:25:00+00:00,672.56,672.74,672.07,672.21,486.33,2026-03-17 18:29:59.999000+00:00,326987.8907,2096,184.94,124341.5764
2026-03-17 18:30:00+00:00,672.2,674.39,672.2,673.94,2444.64,2026-03-17 18:34:59.999000+00:00,1647232.7554,4039,1837.87,1238389.7435
2026-03-17 18:35:00+00:00,673.94,674.64,673.7,674.14,1244.71,2026-03-17 18:39:59.999000+00:00,839075.5442,2333,965.59,650907.3217
2026-03-17 18:40:00+00:00,674.14,674.64,673.95,674.02,1034.55,2026-03-17 18:44:59.999000+00:00,697695.0977,2129,566.0,381718.5309
2026-03-17 18:45:00+00:00,674.03,674.52,674.03,674.27,848.74,2026-03-17 18:49:59.999000+00:00,572299.088,1953,323.1,217865.8471
2026-03-17 18:50:00+00:00,674.27,674.33,673.65,674.01,900.21,2026-03-17 18:54:59.999000+00:00,606728.8472,2106,312.55,210667.5136
2026-03-17 18:55:00+00:00,674.0,674.01,672.64,673.59,1094.36,2026-03-17 18:59:59.999000+00:00,736801.6339,2650,347.96,234230.7866
2026-03-17 19:00:00+00:00,673.59,673.97,672.92,673.35,1404.57,2026-03-17 19:04:59.999000+00:00,945840.0341,3425,909.05,612165.9443
2026-03-17 19:05:00+00:00,673.35,674.29,673.21,674.0,776.94,2026-03-17 19:09:59.999000+00:00,523554.0467,2252,452.25,304740.6364
2026-03-17 19:10:00+00:00,674.0,674.4,673.79,673.82,680.0,2026-03-17 19:14:59.999000+00:00,458412.8223,1798,269.46,181664.6772
2026-03-17 19:15:00+00:00,673.81,674.29,673.81,673.87,427.11,2026-03-17 19:19:59.999000+00:00,287900.9187,1649,180.94,121960.1629
2026-03-17 19:20:00+00:00,673.87,674.15,673.24,673.76,826.22,2026-03-17 19:24:59.999000+00:00,556541.6913,2222,402.81,271329.8863
2026-03-17 19:25:00+00:00,673.76,674.04,672.59,673.47,913.63,2026-03-17 19:29:59.999000+00:00,615070.8105,1984,336.36,226473.6027
2026-03-17 19:30:00+00:00,673.48,673.5,672.59,672.67,1682.6,2026-03-17 19:34:59.999000+00:00,1132360.7408,2807,795.64,535434.0291
2026-03-17 19:35:00+00:00,672.68,673.92,672.68,673.57,1107.7,2026-03-17 19:39:59.999000+00:00,745871.9664,2298,575.24,387316.7557
2026-03-17 19:40:00+00:00,673.57,673.57,672.69,673.07,884.75,2026-03-17 19:44:59.999000+00:00,595484.0198,2158,288.94,194467.7975
2026-03-17 19:45:00+00:00,673.06,673.16,671.7,672.63,1829.78,2026-03-17 19:49:59.999000+00:00,1230193.5175,3238,491.0,330229.705
2026-03-17 19:50:00+00:00,672.64,672.64,671.67,671.95,1126.25,2026-03-17 19:54:59.999000+00:00,756812.2357,2712,357.55,240257.7451
2026-03-17 19:55:00+00:00,671.94,671.97,671.31,671.71,1079.39,2026-03-17 19:59:59.999000+00:00,725032.1109,2422,435.47,292494.6038
2026-03-17 20:00:00+00:00,671.71,671.89,671.3,671.31,743.12,2026-03-17 20:04:59.999000+00:00,499124.4197,2593,356.13,239202.2597
2026-03-17 20:05:00+00:00,671.3,671.44,670.63,671.08,1433.6,2026-03-17 20:09:59.999000+00:00,961960.022,3196,405.23,271916.0578
2026-03-17 20:10:00+00:00,671.07,671.2,670.42,670.42,554.75,2026-03-17 20:14:59.999000+00:00,372192.3884,1661,164.06,110091.6984
2026-03-17 20:15:00+00:00,670.42,671.15,670.42,670.99,461.53,2026-03-17 20:19:59.999000+00:00,309571.7775,1423,193.07,129508.8241
2026-03-17 20:20:00+00:00,670.98,672.63,670.9,672.27,2192.74,2026-03-17 20:24:59.999000+00:00,1473732.9254,2331,1764.0,1185684.2807
2026-03-17 20:25:00+00:00,672.27,672.64,672.13,672.56,534.51,2026-03-17 20:29:59.999000+00:00,359419.8241,1418,285.96,192281.0545
2026-03-17 20:30:00+00:00,672.56,672.56,671.86,671.94,604.13,2026-03-17 20:34:59.999000+00:00,406162.4519,1454,78.09,52498.1977
2026-03-17 20:35:00+00:00,671.94,672.12,671.52,672.07,786.65,2026-03-17 20:39:59.999000+00:00,528443.4832,1565,244.77,164412.5693
2026-03-17 20:40:00+00:00,672.06,672.06,671.55,671.96,435.41,2026-03-17 20:44:59.999000+00:00,292506.7499,1317,199.2,133815.3984
2026-03-17 20:45:00+00:00,671.96,671.99,671.58,671.94,381.19,2026-03-17 20:49:59.999000+00:00,256085.6871,1286,158.61,106552.9607
2026-03-17 20:50:00+00:00,671.95,672.15,671.67,671.69,223.17,2026-03-17 20:54:59.999000+00:00,149960.0604,821,102.34,68768.1207
2026-03-17 20:55:00+00:00,671.7,672.07,671.69,671.83,352.11,2026-03-17 20:59:59.999000+00:00,236586.0377,1136,161.47,108482.762
2026-03-17 21:00:00+00:00,671.82,672.14,671.75,671.84,333.05,2026-03-17 21:04:59.999000+00:00,223786.2637,1412,118.16,79389.5394
2026-03-17 21:05:00+00:00,671.84,672.39,671.71,672.33,769.12,2026-03-17 21:09:59.999000+00:00,516945.4472,1817,506.08,340168.4376
2026-03-17 21:10:00+00:00,672.33,674.15,672.31,673.35,2115.87,2026-03-17 21:14:59.999000+00:00,1424453.7264,3453,1217.06,819247.3619
2026-03-17 21:15:00+00:00,673.34,673.62,673.0,673.21,713.38,2026-03-17 21:19:59.999000+00:00,480293.1418,1610,349.22,235126.7659
2026-03-17 21:20:00+00:00,673.21,673.57,673.02,673.26,251.35,2026-03-17 21:24:59.999000+00:00,169236.0782,889,142.36,95847.2042
2026-03-17 21:25:00+00:00,673.27,673.46,672.86,672.88,461.24,2026-03-17 21:29:59.999000+00:00,310466.7894,941,150.51,101309.9189
2026-03-17 21:30:00+00:00,672.88,673.32,672.46,673.13,934.59,2026-03-17 21:34:59.999000+00:00,628904.9825,1664,532.22,358197.0829
2026-03-17 21:35:00+00:00,673.12,674.0,673.04,673.81,810.29,2026-03-17 21:39:59.999000+00:00,545845.3676,1743,419.79,282779.1141
2026-03-17 21:40:00+00:00,673.81,674.29,673.72,673.95,788.52,2026-03-17 21:44:59.999000+00:00,531434.301,1557,425.72,286926.9629
2026-03-17 21:45:00+00:00,673.95,674.26,673.61,673.72,534.59,2026-03-17 21:49:59.999000+00:00,360291.9009,1357,206.48,139154.1428
2026-03-17 21:50:00+00:00,673.72,673.78,673.37,673.45,224.23,2026-03-17 21:54:59.999000+00:00,151033.7276,1008,56.26,37888.7785
2026-03-17 21:55:00+00:00,673.44,673.5,673.22,673.37,233.41,2026-03-17 21:59:59.999000+00:00,157161.5481,890,111.08,74791.0627
2026-03-17 22:00:00+00:00,673.36,674.29,672.72,674.15,1135.84,2026-03-17 22:04:59.999000+00:00,765145.3775,3372,664.3,447447.8744
2026-03-17 22:05:00+00:00,674.15,674.25,673.22,673.55,743.73,2026-03-17 22:09:59.999000+00:00,501104.4223,2095,399.86,269410.8159
2026-03-17 22:10:00+00:00,673.56,673.66,672.77,673.03,715.34,2026-03-17 22:14:59.999000+00:00,481537.4853,1905,433.51,291816.4583
2026-03-17 22:15:00+00:00,673.03,673.29,672.74,672.74,457.45,2026-03-17 22:19:59.999000+00:00,307870.089,1561,209.29,140859.3322
2026-03-17 22:20:00+00:00,672.74,672.81,672.37,672.55,579.77,2026-03-17 22:24:59.999000+00:00,389941.3301,1145,380.23,255731.7717
2026-03-17 22:25:00+00:00,672.55,672.55,671.95,671.96,428.93,2026-03-17 22:29:59.999000+00:00,288349.5782,1229,156.36,105107.7028
2026-03-17 22:30:00+00:00,671.95,671.95,670.67,670.88,1177.47,2026-03-17 22:34:59.999000+00:00,790204.9997,2522,382.25,256504.5636
2026-03-17 22:35:00+00:00,670.87,671.02,668.93,669.33,2746.25,2026-03-17 22:39:59.999000+00:00,1839175.97,3905,792.33,530554.185
2026-03-17 22:40:00+00:00,669.34,670.43,669.11,670.15,954.52,2026-03-17 22:44:59.999000+00:00,639312.3245,2134,391.19,262047.3015
2026-03-17 22:45:00+00:00,670.16,670.64,670.0,670.63,495.41,2026-03-17 22:49:59.999000+00:00,332106.3288,1615,288.62,193473.1175
2026-03-17 22:50:00+00:00,670.64,671.02,670.44,670.84,663.26,2026-03-17 22:54:59.999000+00:00,444927.677,1536,307.28,206133.4185
2026-03-17 22:55:00+00:00,670.84,671.29,670.51,671.12,1367.23,2026-03-17 22:59:59.999000+00:00,917374.1691,1270,1176.38,789319.8019
2026-03-17 23:00:00+00:00,671.12,671.29,670.49,670.92,489.29,2026-03-17 23:04:59.999000+00:00,328265.6849,2036,235.18,157780.9183
2026-03-17 23:05:00+00:00,670.93,671.3,670.8,671.26,335.19,2026-03-17 23:09:59.999000+00:00,224931.8257,1511,202.65,135993.332
2026-03-17 23:10:00+00:00,671.27,671.75,671.21,671.32,684.03,2026-03-17 23:14:59.999000+00:00,459290.2351,1605,482.12,323706.6243
2026-03-17 23:15:00+00:00,671.32,671.35,670.96,671.31,353.68,2026-03-17 23:19:59.999000+00:00,237344.6081,1674,184.34,123699.5734
2026-03-17 23:20:00+00:00,671.31,671.4,669.8,670.5,1074.78,2026-03-17 23:24:59.999000+00:00,720614.7768,2523,582.58,390575.9159
2026-03-17 23:25:00+00:00,670.51,670.63,670.18,670.55,343.48,2026-03-17 23:29:59.999000+00:00,230273.7506,991,110.45,74051.8113
2026-03-17 23:30:00+00:00,670.54,670.54,669.59,669.78,731.28,2026-03-17 23:34:59.999000+00:00,489869.6972,2096,252.34,169010.5731
2026-03-17 23:35:00+00:00,669.78,670.0,669.36,669.53,610.0,2026-03-17 23:39:59.999000+00:00,408499.9034,1445,214.98,143969.0256
2026-03-17 23:40:00+00:00,669.53,669.54,668.36,668.68,1765.35,2026-03-17 23:44:59.999000+00:00,1181031.7355,2706,447.45,299312.8374
2026-03-17 23:45:00+00:00,668.68,669.15,668.62,668.97,967.16,2026-03-17 23:49:59.999000+00:00,646832.3931,2064,753.67,504037.5331
2026-03-17 23:50:00+00:00,668.98,669.08,668.36,668.55,718.13,2026-03-17 23:54:59.999000+00:00,480166.8816,1639,315.32,210823.002
2026-03-17 23:55:00+00:00,668.56,668.73,667.81,668.51,3120.08,2026-03-17 23:59:59.999000+00:00,2085133.5877,2936,1535.47,1026203.389
2026-03-18 00:00:00+00:00,668.51,669.02,667.67,668.18,2670.05,2026-03-18 00:04:59.999000+00:00,1784511.673,4951,1106.2,739359.4713
2026-03-18 00:05:00+00:00,668.17,669.16,668.17,668.66,1016.42,2026-03-18 00:09:59.999000+00:00,679591.5664,4015,547.28,365902.8519
2026-03-18 00:10:00+00:00,668.67,669.02,668.4,668.4,722.69,2026-03-18 00:14:59.999000+00:00,483317.2112,2910,368.32,246330.2996
2026-03-18 00:15:00+00:00,668.4,668.67,666.78,668.0,1972.7,2026-03-18 00:19:59.999000+00:00,1317134.5704,5507,889.59,593931.9593
2026-03-18 00:20:00+00:00,668.0,668.35,666.39,666.53,3642.45,2026-03-18 00:24:59.999000+00:00,2431487.0549,4682,1572.63,1049915.8364
2026-03-18 00:25:00+00:00,666.53,667.46,666.35,666.89,1301.22,2026-03-18 00:29:59.999000+00:00,867895.7101,3213,523.1,348846.4176
2026-03-18 00:30:00+00:00,666.89,666.98,666.21,666.73,2891.38,2026-03-18 00:34:59.999000+00:00,1926999.4608,4059,1675.46,1116589.5796
2026-03-18 00:35:00+00:00,666.73,666.74,665.53,665.82,5060.42,2026-03-18 00:39:59.999000+00:00,3370441.1668,5099,1820.43,1212643.7175
2026-03-18 00:40:00+00:00,665.82,666.76,665.45,666.76,1284.84,2026-03-18 00:44:59.999000+00:00,855821.6246,2832,687.01,457586.1982
2026-03-18 00:45:00+00:00,666.76,667.52,666.76,667.43,1480.18,2026-03-18 00:49:59.999000+00:00,987686.9801,2779,853.75,569648.5613
2026-03-18 00:50:00+00:00,667.43,668.21,667.38,667.78,1029.43,2026-03-18 00:54:59.999000+00:00,687472.3855,2051,579.16,386741.8987
2026-03-18 00:55:00+00:00,667.79,668.31,667.75,668.16,512.84,2026-03-18 00:59:59.999000+00:00,342604.3237,1717,379.66,253628.895
2026-03-18 01:00:00+00:00,668.16,669.57,668.16,669.17,1988.34,2026-03-18 01:04:59.999000+00:00,1330322.3704,3998,1013.87,678285.8914
2026-03-18 01:05:00+00:00,669.17,669.51,668.9,669.26,851.16,2026-03-18 01:09:59.999000+00:00,569677.4462,2255,346.79,232089.1287
2026-03-18 01:10:00+00:00,669.26,669.34,668.15,668.85,1027.81,2026-03-18 01:14:59.999000+00:00,687211.5692,2451,457.63,305933.2951
2026-03-18 01:15:00+00:00,668.85,669.2,668.48,669.01,519.35,2026-03-18 01:19:59.999000+00:00,347397.4892,2300,287.41,192245.7961
2026-03-18 01:20:00+00:00,669.0,669.7,668.91,669.48,888.44,2026-03-18 01:24:59.999000+00:00,594753.7295,2086,438.73,293695.224
2026-03-18 01:25:00+00:00,669.48,669.7,669.25,669.51,540.99,2026-03-18 01:29:59.999000+00:00,362206.534,1764,273.65,183225.9072
2026-03-18 01:30:00+00:00,669.51,670.58,669.2,670.16,1429.56,2026-03-18 01:34:59.999000+00:00,957847.681,3354,836.84,560707.2533
2026-03-18 01:35:00+00:00,670.16,670.45,669.46,670.16,1093.32,2026-03-18 01:39:59.999000+00:00,732558.1526,2375,338.47,226802.0945
2026-03-18 01:40:00+00:00,670.16,670.58,669.93,669.97,540.65,2026-03-18 01:44:59.999000+00:00,362372.5739,1464,241.5,161869.0016
2026-03-18 01:45:00+00:00,669.97,670.34,669.69,670.04,810.65,2026-03-18 01:49:59.999000+00:00,543186.6269,1893,416.95,279378.0518
2026-03-18 01:50:00+00:00,670.04,670.05,669.16,669.34,609.25,2026-03-18 01:54:59.999000+00:00,407981.0635,2046,219.07,146703.1118
2026-03-18 01:55:00+00:00,669.34,669.63,669.3,669.48,472.35,2026-03-18 01:59:59.999000+00:00,316213.9732,1212,329.73,220735.0721
2026-03-18 02:00:00+00:00,669.47,669.87,669.31,669.44,527.94,2026-03-18 02:04:59.999000+00:00,353507.0165,2210,206.68,138403.2357
2026-03-18 02:05:00+00:00,669.44,671.11,669.44,671.06,818.63,2026-03-18 02:09:59.999000+00:00,548842.1301,2556,480.13,321846.183
2026-03-18 02:10:00+00:00,671.07,671.39,670.87,671.21,1526.66,2026-03-18 02:14:59.999000+00:00,1024569.5433,2681,718.7,482348.4465
2026-03-18 02:15:00+00:00,671.2,671.23,670.91,671.12,731.87,2026-03-18 02:19:59.999000+00:00,491169.9788,1937,263.31,176710.1777
2026-03-18 02:20:00+00:00,671.12,671.3,670.64,670.83,1467.14,2026-03-18 02:24:59.999000+00:00,984482.2317,2042,1089.45,731047.351
2026-03-18 02:25:00+00:00,670.83,670.85,670.49,670.74,525.95,2026-03-18 02:29:59.999000+00:00,352738.3559,1241,263.22,176539.97
2026-03-18 02:30:00+00:00,670.74,672.2,670.68,671.63,2264.53,2026-03-18 02:34:59.999000+00:00,1520680.5259,3512,1398.41,938980.812
2026-03-18 02:35:00+00:00,671.64,671.98,671.19,671.74,1319.57,2026-03-18 02:39:59.999000+00:00,886098.0277,2172,788.46,529431.9334
2026-03-18 02:40:00+00:00,671.74,672.12,671.57,671.98,669.42,2026-03-18 02:44:59.999000+00:00,449781.5605,1516,433.92,291554.3213
2026-03-18 02:45:00+00:00,671.98,672.47,671.72,671.8,783.16,2026-03-18 02:49:59.999000+00:00,526365.0971,2035,480.53,323004.1447
2026-03-18 02:50:00+00:00,671.8,672.05,671.56,671.67,680.4,2026-03-18 02:54:59.999000+00:00,457071.7652,1687,309.46,207883.7805
2026-03-18 02:55:00+00:00,671.67,671.68,671.31,671.4,480.81,2026-03-18 02:59:59.999000+00:00,322839.5829,1509,206.37,138561.7619
2026-03-18 03:00:00+00:00,671.39,671.98,671.27,671.94,799.98,2026-03-18 03:04:59.999000+00:00,537202.9112,1963,515.78,346360.4347
2026-03-18 03:05:00+00:00,671.94,671.94,671.02,671.3,990.0,2026-03-18 03:09:59.999000+00:00,664729.5837,2395,347.09,233091.5232
2026-03-18 03:10:00+00:00,671.31,671.65,671.18,671.47,628.52,2026-03-18 03:14:59.999000+00:00,422019.9632,1746,373.15,250554.307
2026-03-18 03:15:00+00:00,671.47,671.57,671.25,671.39,412.2,2026-03-18 03:19:59.999000+00:00,276751.7883,1229,312.39,209739.0764
2026-03-18 03:20:00+00:00,671.4,673.08,671.4,672.9,1192.6,2026-03-18 03:24:59.999000+00:00,801831.5562,2758,812.27,546077.7229
2026-03-18 03:25:00+00:00,672.88,674.17,672.87,673.52,2796.35,2026-03-18 03:29:59.999000+00:00,1883324.6438,3721,1763.71,1187810.8721
2026-03-18 03:30:00+00:00,673.52,675.13,673.52,674.48,4223.24,2026-03-18 03:34:59.999000+00:00,2848523.5803,4905,2538.96,1712455.4062
2026-03-18 03:35:00+00:00,674.49,674.97,673.67,673.85,1874.67,2026-03-18 03:39:59.999000+00:00,1264258.8925,3469,994.37,670580.5976
2026-03-18 03:40:00+00:00,673.85,673.91,673.32,673.71,832.5,2026-03-18 03:44:59.999000+00:00,560752.4262,1914,363.0,244518.0502
2026-03-18 03:45:00+00:00,673.68,673.88,673.15,673.31,705.11,2026-03-18 03:49:59.999000+00:00,474828.681,1864,328.86,221464.6177
2026-03-18 03:50:00+00:00,673.3,673.46,673.05,673.39,610.43,2026-03-18 03:54:59.999000+00:00,410986.719,1240,249.7,168104.5571
2026-03-18 03:55:00+00:00,673.39,673.52,673.08,673.18,359.31,2026-03-18 03:59:59.999000+00:00,241921.4029,1143,197.86,133218.4127
2026-03-18 04:00:00+00:00,673.18,673.58,673.18,673.47,837.41,2026-03-18 04:04:59.999000+00:00,563884.5929,2209,353.12,237787.3065
2026-03-18 04:05:00+00:00,673.47,673.47,672.83,672.95,1094.84,2026-03-18 04:09:59.999000+00:00,736893.6928,2125,214.61,144437.8525
2026-03-18 04:10:00+00:00,672.95,672.96,672.66,672.83,410.64,2026-03-18 04:14:59.999000+00:00,276283.2703,1359,149.39,100511.2489
2026-03-18 04:15:00+00:00,672.82,673.48,671.42,672.42,7081.2,2026-03-18 04:19:59.999000+00:00,4761200.0247,4664,4136.41,2781629.0795
2026-03-18 04:20:00+00:00,672.42,672.68,671.85,671.85,1159.3,2026-03-18 04:24:59.999000+00:00,779367.0348,1809,539.85,362899.0522
2026-03-18 04:25:00+00:00,671.85,672.05,671.33,671.38,754.67,2026-03-18 04:29:59.999000+00:00,506891.0168,1859,229.23,153972.0196
2026-03-18 04:30:00+00:00,671.38,671.38,670.56,670.97,1159.36,2026-03-18 04:34:59.999000+00:00,777894.8008,2618,416.83,279660.3905
2026-03-18 04:35:00+00:00,670.96,671.24,670.61,671.23,1377.97,2026-03-18 04:39:59.999000+00:00,924448.8774,2045,560.97,376355.0137
2026-03-18 04:40:00+00:00,671.23,671.24,670.45,670.75,858.6,2026-03-18 04:44:59.999000+00:00,575925.6881,1776,499.74,335191.74
2026-03-18 04:45:00+00:00,670.76,671.64,670.5,671.22,1416.27,2026-03-18 04:49:59.999000+00:00,950453.4265,2943,912.61,612456.5888
2026-03-18 04:50:00+00:00,671.21,672.22,671.21,671.42,2374.66,2026-03-18 04:54:59.999000+00:00,1595049.3729,3076,1002.44,673420.4906
2026-03-18 04:55:00+00:00,671.41,671.85,671.28,671.74,1287.91,2026-03-18 04:59:59.999000+00:00,864976.7421,1707,1040.03,698510.3305
2026-03-18 05:00:00+00:00,671.75,672.5,671.5,671.72,2328.46,2026-03-18 05:04:59.999000+00:00,1564614.2494,3925,794.4,533817.2587
2026-03-18 05:05:00+00:00,671.72,672.81,671.72,672.75,925.8,2026-03-18 05:09:59.999000+00:00,622394.6001,2539,654.59,440079.7937
2026-03-18 05:10:00+00:00,672.75,673.22,672.74,673.21,1468.51,2026-03-18 05:14:59.999000+00:00,988319.0123,2392,1024.74,689660.5275
2026-03-18 05:15:00+00:00,673.22,673.35,672.96,672.97,1007.76,2026-03-18 05:19:59.999000+00:00,678404.6138,1763,532.18,358260.1945
2026-03-18 05:20:00+00:00,672.97,672.97,671.75,672.11,961.47,2026-03-18 05:24:59.999000+00:00,646336.122,2321,218.68,147010.2651
2026-03-18 05:25:00+00:00,672.1,672.13,671.4,671.53,568.01,2026-03-18 05:29:59.999000+00:00,381569.3764,1710,211.76,142258.5489
2026-03-18 05:30:00+00:00,671.52,671.98,671.12,671.12,408.96,2026-03-18 05:34:59.999000+00:00,274703.9108,1696,153.58,103166.503
2026-03-18 05:35:00+00:00,671.12,671.32,670.88,671.22,602.61,2026-03-18 05:39:59.999000+00:00,404403.5707,1546,242.04,162432.3399
2026-03-18 05:40:00+00:00,671.22,671.28,670.86,670.92,861.16,2026-03-18 05:44:59.999000+00:00,577883.6627,1717,517.79,347475.5689
2026-03-18 05:45:00+00:00,670.92,671.57,670.9,671.01,818.73,2026-03-18 05:49:59.999000+00:00,549550.7254,1783,363.85,244207.1829
2026-03-18 05:50:00+00:00,671.0,671.25,669.78,669.86,1849.43,2026-03-18 05:54:59.999000+00:00,1239995.7983,3110,463.2,310602.8821
2026-03-18 05:55:00+00:00,669.87,672.34,669.77,671.02,7872.89,2026-03-18 05:59:59.999000+00:00,5283289.7445,4572,6079.69,4080209.2193
2026-03-18 06:00:00+00:00,671.03,672.21,671.02,672.06,1148.17,2026-03-18 06:04:59.999000+00:00,771238.7211,2721,519.65,349024.8384
2026-03-18 06:05:00+00:00,672.07,673.62,671.87,672.87,4286.95,2026-03-18 06:09:59.999000+00:00,2883816.4762,4262,2471.46,1662257.6389
2026-03-18 06:10:00+00:00,672.87,673.42,672.54,673.41,1073.47,2026-03-18 06:14:59.999000+00:00,722349.5155,2315,685.61,461396.9726
2026-03-18 06:15:00+00:00,673.42,674.12,673.1,673.96,2506.43,2026-03-18 06:19:59.999000+00:00,1688299.6415,3501,1337.0,900706.6422
2026-03-18 06:20:00+00:00,673.97,674.87,673.5,674.53,1490.28,2026-03-18 06:24:59.999000+00:00,1004667.8053,2809,881.33,594139.6148
2026-03-18 06:25:00+00:00,674.53,674.57,673.74,673.87,693.93,2026-03-18 06:29:59.999000+00:00,467879.8545,1900,319.03,215127.578
2026-03-18 06:30:00+00:00,673.87,674.2,673.87,673.92,451.37,2026-03-18 06:34:59.999000+00:00,304240.4088,1628,206.6,139251.2231
2026-03-18 06:35:00+00:00,673.92,674.02,673.07,673.18,641.78,2026-03-18 06:39:59.999000+00:00,432310.8311,2046,251.19,169180.0658
2026-03-18 06:40:00+00:00,673.18,673.22,672.76,673.21,751.09,2026-03-18 06:44:59.999000+00:00,505503.7251,1525,305.31,205486.7189
2026-03-18 06:45:00+00:00,673.22,673.58,673.12,673.24,986.89,2026-03-18 06:49:59.999000+00:00,664591.7138,1696,479.73,323067.537
2026-03-18 06:50:00+00:00,673.24,673.57,673.12,673.45,431.03,2026-03-18 06:54:59.999000+00:00,290203.7648,1064,268.43,180725.1839
2026-03-18 06:55:00+00:00,673.46,673.52,672.44,672.61,938.91,2026-03-18 06:59:59.999000+00:00,631665.2943,1726,467.78,314665.92
2026-03-18 07:00:00+00:00,672.61,672.64,672.07,672.49,764.14,2026-03-18 07:04:59.999000+00:00,513774.6569,2267,458.51,308272.8632
2026-03-18 07:05:00+00:00,672.5,672.74,672.12,672.14,685.89,2026-03-18 07:09:59.999000+00:00,461244.7246,1757,301.42,202705.0868
2026-03-18 07:10:00+00:00,672.14,673.47,672.11,673.28,1837.86,2026-03-18 07:14:59.999000+00:00,1236927.2459,2360,1502.94,1011577.4125
2026-03-18 07:15:00+00:00,673.27,673.56,672.73,672.74,958.06,2026-03-18 07:19:59.999000+00:00,644905.7371,1707,501.1,337313.9096
2026-03-18 07:20:00+00:00,672.74,672.74,672.37,672.56,622.62,2026-03-18 07:24:59.999000+00:00,418746.3943,1346,272.96,183575.4561
2026-03-18 07:25:00+00:00,672.55,672.63,671.89,672.15,605.32,2026-03-18 07:29:59.999000+00:00,406895.1856,1711,334.26,224685.6793
2026-03-18 07:30:00+00:00,672.15,672.2,671.79,671.82,623.93,2026-03-18 07:34:59.999000+00:00,419245.1862,1659,247.98,166629.2178
2026-03-18 07:35:00+00:00,671.82,672.22,671.41,671.47,940.22,2026-03-18 07:39:59.999000+00:00,631630.8879,2529,520.52,349676.118
2026-03-18 07:40:00+00:00,671.46,672.42,671.31,671.76,795.95,2026-03-18 07:44:59.999000+00:00,534698.9147,1937,479.21,321898.5002
2026-03-18 07:45:00+00:00,671.77,672.66,671.52,672.66,714.68,2026-03-18 07:49:59.999000+00:00,480354.3122,2103,525.87,353456.6154
2026-03-18 07:50:00+00:00,672.66,673.77,672.65,673.53,2018.35,2026-03-18 07:54:59.999000+00:00,1359056.2138,2377,1450.95,977034.5381
2026-03-18 07:55:00+00:00,673.54,673.86,673.47,673.73,602.49,2026-03-18 07:59:59.999000+00:00,405855.4485,1208,409.3,275717.9805
2026-03-18 08:00:00+00:00,673.72,674.74,673.71,674.74,2053.03,2026-03-18 08:04:59.999000+00:00,1384370.8705,3740,1149.72,775220.8564
2026-03-18 08:05:00+00:00,674.74,675.54,674.72,674.72,4243.7,2026-03-18 08:09:59.999000+00:00,2865177.1951,5065,1914.92,1292923.5481
2026-03-18 08:10:00+00:00,674.71,675.25,674.25,675.25,1782.61,2026-03-18 08:14:59.999000+00:00,1202914.4614,3341,1105.51,746113.3955
2026-03-18 08:15:00+00:00,675.24,675.7,674.63,675.26,1958.25,2026-03-18 08:19:59.999000+00:00,1322283.249,3828,842.06,568552.4694
2026-03-18 08:20:00+00:00,675.27,675.87,675.27,675.68,3653.18,2026-03-18 08:24:59.999000+00:00,2467869.8552,2641,2812.25,1899799.9009
2026-03-18 08:25:00+00:00,675.68,675.82,675.1,675.39,1863.39,2026-03-18 08:29:59.999000+00:00,1258696.5149,2593,1100.64,743477.0219
2026-03-18 08:30:00+00:00,675.39,675.39,674.31,674.59,1102.38,2026-03-18 08:34:59.999000+00:00,743793.9224,2954,472.75,318984.9708
2026-03-18 08:35:00+00:00,674.59,674.74,673.71,674.46,973.96,2026-03-18 08:39:59.999000+00:00,656707.5807,2667,430.12,290031.6743
2026-03-18 08:40:00+00:00,674.46,674.52,673.91,674.34,540.13,2026-03-18 08:44:59.999000+00:00,364128.5098,1524,320.6,216121.1195
2026-03-18 08:45:00+00:00,674.34,674.46,673.88,674.3,452.01,2026-03-18 08:49:59.999000+00:00,304753.7168,1820,255.52,172275.3947
2026-03-18 08:50:00+00:00,674.3,674.58,673.87,673.88,459.83,2026-03-18 08:54:59.999000+00:00,310042.1387,1446,184.32,124284.3908
2026-03-18 08:55:00+00:00,673.88,674.23,673.7,674.22,368.54,2026-03-18 08:59:59.999000+00:00,248376.4685,1233,218.73,147408.5971
2026-03-18 09:00:00+00:00,674.21,674.65,673.78,674.48,1099.24,2026-03-18 09:04:59.999000+00:00,741152.3639,2840,650.64,438697.6264
2026-03-18 09:05:00+00:00,674.48,674.8,674.32,674.66,519.73,2026-03-18 09:09:59.999000+00:00,350567.5693,1801,250.96,169270.9949
2026-03-18 09:10:00+00:00,674.66,674.98,674.48,674.61,488.54,2026-03-18 09:14:59.999000+00:00,329606.1309,1539,246.23,166121.2461
2026-03-18 09:15:00+00:00,674.6,674.69,674.0,674.64,1778.98,2026-03-18 09:19:59.999000+00:00,1199696.2769,2442,646.97,436336.6628
2026-03-18 09:20:00+00:00,674.64,674.71,674.11,674.14,662.57,2026-03-18 09:24:59.999000+00:00,446867.5406,1486,257.2,173474.6784
2026-03-18 09:25:00+00:00,674.14,674.48,674.03,674.13,591.28,2026-03-18 09:29:59.999000+00:00,398648.9842,1094,370.05,249477.9379
2026-03-18 09:30:00+00:00,674.13,674.71,674.13,674.71,664.22,2026-03-18 09:34:59.999000+00:00,447952.6738,1519,350.9,236630.5839
2026-03-18 09:35:00+00:00,674.7,675.17,674.33,674.99,768.24,2026-03-18 09:39:59.999000+00:00,518436.1234,2049,424.2,286256.5961
2026-03-18 09:40:00+00:00,675.0,675.27,674.89,674.98,727.06,2026-03-18 09:44:59.999000+00:00,490812.5467,1706,406.5,274415.2242
2026-03-18 09:45:00+00:00,674.99,675.3,674.95,675.25,564.58,2026-03-18 09:49:59.999000+00:00,381166.0997,1544,288.56,194808.7272
2026-03-18 09:50:00+00:00,675.24,675.52,674.71,675.27,2070.82,2026-03-18 09:54:59.999000+00:00,1398003.3989,2868,1203.48,812483.5545
2026-03-18 09:55:00+00:00,675.28,675.8,675.19,675.76,1200.27,2026-03-18 09:59:59.999000+00:00,810748.9484,2043,634.47,428591.5475
2026-03-18 10:00:00+00:00,675.75,675.83,674.95,674.96,810.57,2026-03-18 10:04:59.999000+00:00,547512.195,2342,275.44,186036.3303
2026-03-18 10:05:00+00:00,674.95,675.27,674.63,675.26,499.96,2026-03-18 10:09:59.999000+00:00,337460.7536,1844,282.47,190657.3078
2026-03-18 10:10:00+00:00,675.27,676.24,675.09,676.19,1760.98,2026-03-18 10:14:59.999000+00:00,1189931.134,3103,1120.46,757210.6099
2026-03-18 10:15:00+00:00,676.18,676.28,675.54,675.54,755.41,2026-03-18 10:19:59.999000+00:00,510621.313,1920,273.25,184699.3922
2026-03-18 10:20:00+00:00,675.54,675.68,675.2,675.41,902.55,2026-03-18 10:24:59.999000+00:00,609604.0115,1928,360.9,243766.8614
2026-03-18 10:25:00+00:00,675.42,675.91,675.42,675.63,748.46,2026-03-18 10:29:59.999000+00:00,505730.3854,1542,381.38,257680.9943
2026-03-18 10:30:00+00:00,675.63,675.94,674.71,674.72,942.66,2026-03-18 10:34:59.999000+00:00,636460.4499,2255,229.29,154838.6948
2026-03-18 10:35:00+00:00,674.71,674.76,673.06,673.32,3856.13,2026-03-18 10:39:59.999000+00:00,2597905.3863,4211,914.01,615738.1767
2026-03-18 10:40:00+00:00,673.32,673.33,671.81,671.88,3749.03,2026-03-18 10:44:59.999000+00:00,2521591.1096,4072,1059.07,712322.9775
2026-03-18 10:45:00+00:00,671.88,672.28,671.13,672.21,3174.22,2026-03-18 10:49:59.999000+00:00,2132456.0527,4241,1447.83,972607.9387
2026-03-18 10:50:00+00:00,672.21,672.47,671.96,672.11,1357.56,2026-03-18 10:54:59.999000+00:00,912548.4529,1944,405.56,272624.6379
2026-03-18 10:55:00+00:00,672.12,672.53,671.57,672.26,1992.07,2026-03-18 10:59:59.999000+00:00,1338849.5578,2717,1138.64,765379.8901
2026-03-18 11:00:00+00:00,672.26,672.26,670.62,670.85,2318.28,2026-03-18 11:04:59.999000+00:00,1556229.7593,4117,1020.88,685297.092
2026-03-18 11:05:00+00:00,670.86,671.69,670.08,671.68,2110.96,2026-03-18 11:09:59.999000+00:00,1415785.6398,4248,1136.59,762361.1169
2026-03-18 11:10:00+00:00,671.69,672.99,671.69,672.21,1612.16,2026-03-18 11:14:59.999000+00:00,1083710.3148,3341,854.64,574529.3639
2026-03-18 11:15:00+00:00,672.21,672.67,672.11,672.51,827.33,2026-03-18 11:19:59.999000+00:00,556262.7745,2245,464.07,312025.1012
2026-03-18 11:20:00+00:00,672.51,672.51,671.78,671.78,639.35,2026-03-18 11:24:59.999000+00:00,429747.6229,1685,216.76,145712.9314
2026-03-18 11:25:00+00:00,671.78,671.79,668.0,668.52,5376.39,2026-03-18 11:29:59.999000+00:00,3597813.6026,7555,1582.65,1059284.1788
2026-03-18 11:30:00+00:00,668.52,668.93,663.66,664.24,18831.67,2026-03-18 11:34:59.999000+00:00,12537048.2217,21984,7981.5,5313308.4213
2026-03-18 11:35:00+00:00,664.22,664.3,661.27,661.7,15572.6,2026-03-18 11:39:59.999000+00:00,10320117.5925,19126,7179.84,4758744.5419
2026-03-18 11:40:00+00:00,661.71,664.17,661.25,664.06,6552.1,2026-03-18 11:44:59.999000+00:00,4344184.1505,10478,4312.89,2859895.7745
2026-03-18 11:45:00+00:00,664.08,664.12,663.06,663.24,3791.78,2026-03-18 11:49:59.999000+00:00,2516152.5385,6173,1664.72,1104701.4539
2026-03-18 11:50:00+00:00,663.24,663.99,661.75,662.13,4133.81,2026-03-18 11:54:59.999000+00:00,2739075.4782,6871,1973.6,1307777.1771
2026-03-18 11:55:00+00:00,662.14,662.9,661.97,662.67,2398.22,2026-03-18 11:59:59.999000+00:00,1588652.4088,4434,1048.9,694882.9568
2026-03-18 12:00:00+00:00,662.66,662.66,660.51,661.32,10031.89,2026-03-18 12:04:59.999000+00:00,6632697.7391,11723,3904.59,2581682.0511
2026-03-18 12:05:00+00:00,661.33,661.33,659.58,660.08,6515.42,2026-03-18 12:09:59.999000+00:00,4301932.3587,9082,2152.19,1421114.6289
2026-03-18 12:10:00+00:00,660.08,661.16,659.71,661.14,3302.35,2026-03-18 12:14:59.999000+00:00,2181008.5708,5798,2223.64,1468668.9324
2026-03-18 12:15:00+00:00,661.14,661.97,660.63,661.44,3666.86,2026-03-18 12:19:59.999000+00:00,2424820.7323,6860,2624.23,1735352.7485
2026-03-18 12:20:00+00:00,661.44,661.98,660.84,661.5,2237.85,2026-03-18 12:24:59.999000+00:00,1480242.4603,4726,1160.71,767829.9129
2026-03-18 12:25:00+00:00,661.51,662.07,660.87,661.64,2978.96,2026-03-18 12:29:59.999000+00:00,1970869.9069,5216,1744.48,1154226.6927
2026-03-18 12:30:00+00:00,661.64,661.64,656.11,657.38,11536.23,2026-03-18 12:34:59.999000+00:00,7591414.5124,18017,4217.97,2774807.4139
2026-03-18 12:35:00+00:00,657.39,658.6,656.66,656.95,5374.18,2026-03-18 12:39:59.999000+00:00,3533777.2361,9153,2825.1,1857904.9683
2026-03-18 12:40:00+00:00,656.95,657.69,655.41,656.87,6254.8,2026-03-18 12:44:59.999000+00:00,4106559.1374,8163,2379.96,1562913.6513
2026-03-18 12:45:00+00:00,656.88,657.59,655.92,656.83,6646.47,2026-03-18 12:49:59.999000+00:00,4364800.328,9217,5178.8,3401068.2769
2026-03-18 12:50:00+00:00,656.83,658.03,656.17,657.6,2175.94,2026-03-18 12:54:59.999000+00:00,1430215.8766,5927,1191.58,783217.6553
2026-03-18 12:55:00+00:00,657.61,658.45,657.24,657.29,1924.93,2026-03-18 12:59:59.999000+00:00,1266278.2975,4305,1255.88,826144.5385
2026-03-18 13:00:00+00:00,657.29,657.71,654.42,657.21,7401.93,2026-03-18 13:04:59.999000+00:00,4853961.2741,12485,3064.05,2009159.1281
2026-03-18 13:05:00+00:00,657.2,658.43,657.11,657.53,5010.66,2026-03-18 13:09:59.999000+00:00,3295884.382,7597,3145.63,2069311.3108
2026-03-18 13:10:00+00:00,657.54,658.07,657.0,657.77,1790.66,2026-03-18 13:14:59.999000+00:00,1177293.9244,4341,755.56,496798.8348
2026-03-18 13:15:00+00:00,657.77,657.81,656.24,656.55,2311.03,2026-03-18 13:19:59.999000+00:00,1518169.0301,5759,743.24,488212.9779
2026-03-18 13:20:00+00:00,656.56,658.3,656.34,657.86,2902.26,2026-03-18 13:24:59.999000+00:00,1907945.0673,5477,1639.85,1078214.2932
2026-03-18 13:25:00+00:00,657.85,658.33,657.71,658.21,1821.75,2026-03-18 13:29:59.999000+00:00,1198782.613,3624,1191.87,784282.3344
2026-03-18 13:30:00+00:00,658.21,658.23,656.14,656.56,2876.58,2026-03-18 13:34:59.999000+00:00,1890114.4877,8560,958.28,629553.6175
2026-03-18 13:35:00+00:00,656.56,658.74,656.45,657.96,2956.37,2026-03-18 13:39:59.999000+00:00,1944608.8762,8765,1697.12,1116400.4953
2026-03-18 13:40:00+00:00,657.96,658.87,657.0,657.34,2250.83,2026-03-18 13:44:59.999000+00:00,1480751.3725,5602,1333.23,877082.6663
2026-03-18 13:45:00+00:00,657.35,658.29,656.59,657.22,1503.39,2026-03-18 13:49:59.999000+00:00,988140.1449,4768,949.79,624251.6204
2026-03-18 13:50:00+00:00,657.22,657.65,656.34,656.93,1371.46,2026-03-18 13:54:59.999000+00:00,901169.1699,3925,723.54,475430.9667
2026-03-18 13:55:00+00:00,656.93,657.15,655.81,657.09,2391.05,2026-03-18 13:59:59.999000+00:00,1569347.8245,4317,1290.59,847020.1701
2026-03-18 14:00:00+00:00,657.09,657.35,654.81,655.87,3203.27,2026-03-18 14:04:59.999000+00:00,2102192.075,7698,1351.07,886857.0549
2026-03-18 14:05:00+00:00,655.88,657.11,655.02,656.58,2877.39,2026-03-18 14:09:59.999000+00:00,1888108.7742,7411,1471.15,965217.5319
2026-03-18 14:10:00+00:00,656.57,656.58,654.59,654.68,1681.79,2026-03-18 14:14:59.999000+00:00,1102356.1938,5215,674.27,441921.929
2026-03-18 14:15:00+00:00,654.69,655.69,654.53,655.33,3089.47,2026-03-18 14:19:59.999000+00:00,2023968.0803,6377,1650.21,1081171.949
2026-03-18 14:20:00+00:00,655.34,655.91,654.58,655.52,2097.78,2026-03-18 14:24:59.999000+00:00,1374555.7347,5343,648.62,425031.5163
2026-03-18 14:25:00+00:00,655.52,655.66,651.67,651.89,8211.95,2026-03-18 14:29:59.999000+00:00,5362230.9145,10889,2423.89,1582589.6811
2026-03-18 14:30:00+00:00,651.88,653.24,651.26,652.47,4912.55,2026-03-18 14:34:59.999000+00:00,3204328.6945,9002,2709.07,1767131.3305
2026-03-18 14:35:00+00:00,652.48,653.34,651.98,651.98,3241.08,2026-03-18 14:39:59.999000+00:00,2115084.1537,7002,1652.99,1078885.2513
2026-03-18 14:40:00+00:00,651.98,652.11,649.58,650.01,8528.91,2026-03-18 14:44:59.999000+00:00,5548977.4613,9641,4013.75,2611713.5397
2026-03-18 14:45:00+00:00,650.02,651.21,650.01,651.21,2842.24,2026-03-18 14:49:59.999000+00:00,1848900.79,6003,1673.28,1088516.1089
2026-03-18 14:50:00+00:00,651.2,651.29,648.85,649.41,6907.85,2026-03-18 14:54:59.999000+00:00,4488052.0393,8313,2645.84,1719579.1792
2026-03-18 14:55:00+00:00,649.4,649.9,647.24,647.64,6903.17,2026-03-18 14:59:59.999000+00:00,4475952.6333,10073,2698.23,1749567.566
2026-03-18 15:00:00+00:00,647.64,649.64,645.25,649.21,12225.8,2026-03-18 15:04:59.999000+00:00,7912283.8336,16758,5793.07,3750743.78
2026-03-18 15:05:00+00:00,649.21,650.17,648.7,649.2,8376.98,2026-03-18 15:09:59.999000+00:00,5440916.7457,12179,5452.74,3541915.7585
2026-03-18 15:10:00+00:00,649.2,649.2,644.46,645.63,8281.6,2026-03-18 15:14:59.999000+00:00,5353370.3546,11211,2307.67,1492879.907
2026-03-18 15:15:00+00:00,645.64,646.67,644.9,646.12,4790.31,2026-03-18 15:19:59.999000+00:00,3094171.9023,8836,2726.88,1761571.1775
2026-03-18 15:20:00+00:00,646.13,646.71,645.2,645.92,6389.69,2026-03-18 15:24:59.999000+00:00,4127980.9785,10868,3500.05,2261683.2331
2026-03-18 15:25:00+00:00,645.92,647.05,645.51,646.54,2354.3,2026-03-18 15:29:59.999000+00:00,1522044.6031,5742,1466.97,948348.8963
2026-03-18 15:30:00+00:00,646.54,648.21,646.24,647.76,4376.63,2026-03-18 15:34:59.999000+00:00,2833561.1191,7554,3010.46,1949277.587
2026-03-18 15:35:00+00:00,647.75,648.29,647.36,648.01,3637.63,2026-03-18 15:39:59.999000+00:00,2356514.1103,5034,2247.35,1455906.1514
2026-03-18 15:40:00+00:00,648.01,648.29,647.31,647.95,2123.91,2026-03-18 15:44:59.999000+00:00,1376016.644,4072,1107.77,717687.5146
2026-03-18 15:45:00+00:00,647.94,648.09,645.91,646.76,3686.93,2026-03-18 15:49:59.999000+00:00,2385751.8807,5801,1699.68,1099760.6198
2026-03-18 15:50:00+00:00,646.76,648.09,646.58,648.02,2617.72,2026-03-18 15:54:59.999000+00:00,1694820.4886,4160,1982.06,1283241.801
2026-03-18 15:55:00+00:00,648.03,648.67,647.77,648.21,2136.15,2026-03-18 15:59:59.999000+00:00,1384753.8489,3938,1450.34,940164.3368
2026-03-18 16:00:00+00:00,648.2,648.21,646.8,646.97,4854.96,2026-03-18 16:04:59.999000+00:00,3143333.0626,8153,2392.57,1548959.529
2026-03-18 16:05:00+00:00,646.97,647.09,645.77,646.11,1796.89,2026-03-18 16:09:59.999000+00:00,1161710.2003,5400,772.36,499382.4456
2026-03-18 16:10:00+00:00,646.11,646.32,645.27,645.43,3155.51,2026-03-18 16:14:59.999000+00:00,2037458.5788,5993,1540.09,994378.7729
2026-03-18 16:15:00+00:00,645.43,646.09,644.9,645.67,2529.97,2026-03-18 16:19:59.999000+00:00,1633078.9083,5149,1039.32,670847.348
2026-03-18 16:20:00+00:00,645.67,647.47,645.0,646.76,5000.52,2026-03-18 16:24:59.999000+00:00,3232084.4865,6701,2855.42,1845875.0236
2026-03-18 16:25:00+00:00,646.76,648.18,646.32,648.0,3460.04,2026-03-18 16:29:59.999000+00:00,2240156.8895,6280,2265.68,1466989.5799
2026-03-18 16:30:00+00:00,647.99,648.7,647.26,647.41,2983.29,2026-03-18 16:34:59.999000+00:00,1933609.7741,5886,1519.01,984570.9549
2026-03-18 16:35:00+00:00,647.41,648.81,646.71,648.81,2926.72,2026-03-18 16:39:59.999000+00:00,1895677.6042,5539,1840.96,1192706.8071
2026-03-18 16:40:00+00:00,648.82,649.47,648.07,649.31,2062.08,2026-03-18 16:44:59.999000+00:00,1337924.9388,4125,1083.52,703009.4141
2026-03-18 16:45:00+00:00,649.3,649.42,648.45,648.88,1628.58,2026-03-18 16:49:59.999000+00:00,1057100.1297,3925,682.76,443186.4325
2026-03-18 16:50:00+00:00,648.88,649.39,648.35,648.94,2487.27,2026-03-18 16:54:59.999000+00:00,1614033.1452,4412,1029.53,668108.3014
2026-03-18 16:55:00+00:00,648.92,649.0,647.94,647.99,2922.64,2026-03-18 16:59:59.999000+00:00,1895426.3169,4634,1489.48,966007.4205
2026-03-18 17:00:00+00:00,647.99,648.25,646.52,647.47,2504.79,2026-03-18 17:04:59.999000+00:00,1620976.4454,5153,851.58,551118.8021
2026-03-18 17:05:00+00:00,647.48,647.81,646.67,646.9,1393.82,2026-03-18 17:09:59.999000+00:00,901934.1783,4034,607.74,393311.497
2026-03-18 17:10:00+00:00,646.9,647.27,646.67,646.74,1198.4,2026-03-18 17:14:59.999000+00:00,775368.6711,3130,613.58,396999.7446
2026-03-18 17:15:00+00:00,646.74,647.21,646.38,647.21,1327.61,2026-03-18 17:19:59.999000+00:00,858580.7677,3433,641.42,414826.8032
2026-03-18 17:20:00+00:00,647.22,648.68,647.19,648.67,2275.48,2026-03-18 17:24:59.999000+00:00,1474279.8392,4307,1326.62,859495.5067
2026-03-18 17:25:00+00:00,648.67,649.18,648.05,649.02,1512.83,2026-03-18 17:29:59.999000+00:00,981204.4261,3026,885.27,574201.6664
2026-03-18 17:30:00+00:00,649.03,649.11,647.91,648.87,1489.78,2026-03-18 17:34:59.999000+00:00,966085.3752,3084,489.36,317393.3374
2026-03-18 17:35:00+00:00,648.88,651.28,648.87,651.12,6842.27,2026-03-18 17:39:59.999000+00:00,4449413.3632,7373,4627.0,3008720.4164
2026-03-18 17:40:00+00:00,651.12,651.12,649.0,649.32,3655.09,2026-03-18 17:44:59.999000+00:00,2375021.6561,5003,1864.0,1211160.3527
2026-03-18 17:45:00+00:00,649.32,650.7,649.24,649.7,3693.98,2026-03-18 17:49:59.999000+00:00,2400337.9587,4507,1734.37,1126882.4141
2026-03-18 17:50:00+00:00,649.7,649.7,648.7,649.64,5982.03,2026-03-18 17:54:59.999000+00:00,3883408.5392,5875,2453.06,1592516.961
2026-03-18 17:55:00+00:00,649.64,650.12,649.62,649.67,3219.22,2026-03-18 17:59:59.999000+00:00,2091934.0676,3725,1935.11,1257498.7755
2026-03-18 18:00:00+00:00,649.66,652.38,649.66,652.0,8969.34,2026-03-18 18:04:59.999000+00:00,5841820.2593,13787,4579.13,2982762.2527
2026-03-18 18:05:00+00:00,651.99,652.48,651.39,651.81,2593.89,2026-03-18 18:09:59.999000+00:00,1691094.8378,6448,1137.86,741884.3068
2026-03-18 18:10:00+00:00,651.81,652.62,651.42,652.32,2275.81,2026-03-18 18:14:59.999000+00:00,1484183.9482,4922,1148.68,749132.6953
2026-03-18 18:15:00+00:00,652.31,652.31,649.1,649.65,3611.03,2026-03-18 18:19:59.999000+00:00,2349450.473,7795,1307.21,850526.1315
2026-03-18 18:20:00+00:00,649.65,649.97,648.63,649.09,2078.03,2026-03-18 18:24:59.999000+00:00,1348906.8511,5477,1051.32,682368.3341
2026-03-18 18:25:00+00:00,649.1,649.52,648.76,649.52,962.55,2026-03-18 18:29:59.999000+00:00,624780.8111,3164,574.3,372766.511
2026-03-18 18:30:00+00:00,649.52,650.7,648.59,648.67,2347.56,2026-03-18 18:34:59.999000+00:00,1525646.3297,6485,941.73,612031.5877
2026-03-18 18:35:00+00:00,648.67,650.6,648.64,649.44,1629.37,2026-03-18 18:39:59.999000+00:00,1058194.7292,5562,871.82,566164.1554
2026-03-18 18:40:00+00:00,649.45,650.45,649.31,649.95,1095.26,2026-03-18 18:44:59.999000+00:00,711740.562,3544,640.28,416107.2989
2026-03-18 18:45:00+00:00,649.95,649.95,648.57,648.94,1178.73,2026-03-18 18:49:59.999000+00:00,765301.0964,3687,597.18,387760.4647
2026-03-18 18:50:00+00:00,648.94,649.1,646.71,646.99,3177.36,2026-03-18 18:54:59.999000+00:00,2059114.3213,5694,1135.78,736271.6476
2026-03-18 18:55:00+00:00,646.99,647.6,646.55,647.38,3055.59,2026-03-18 18:59:59.999000+00:00,1977272.4351,5252,1787.95,1157061.7497
2026-03-18 19:00:00+00:00,647.38,649.36,647.29,649.36,1793.7,2026-03-18 19:04:59.999000+00:00,1162663.5737,4925,1284.87,832785.265
2026-03-18 19:05:00+00:00,649.36,649.75,648.23,649.62,2638.69,2026-03-18 19:09:59.999000+00:00,1712675.3217,5335,1120.59,727286.7864
2026-03-18 19:10:00+00:00,649.61,649.73,648.54,648.94,994.19,2026-03-18 19:14:59.999000+00:00,645288.1793,2936,493.12,320062.9942
2026-03-18 19:15:00+00:00,648.95,649.88,648.28,649.63,1520.27,2026-03-18 19:19:59.999000+00:00,986743.8069,3697,598.83,388737.1802
2026-03-18 19:20:00+00:00,649.62,649.62,648.7,648.7,736.59,2026-03-18 19:24:59.999000+00:00,478210.7658,2562,261.61,169829.4993
2026-03-18 19:25:00+00:00,648.7,649.14,648.09,649.05,966.96,2026-03-18 19:29:59.999000+00:00,627190.8275,2687,440.69,285859.9098
2026-03-18 19:30:00+00:00,649.06,649.56,648.52,649.01,1622.77,2026-03-18 19:34:59.999000+00:00,1053207.9796,3920,763.72,495648.4627
2026-03-18 19:35:00+00:00,649.01,649.02,648.45,648.45,570.54,2026-03-18 19:39:59.999000+00:00,370149.0239,2402,245.71,159405.6886
2026-03-18 19:40:00+00:00,648.45,648.64,647.54,647.89,1272.24,2026-03-18 19:44:59.999000+00:00,824413.8644,2822,301.18,195124.53
2026-03-18 19:45:00+00:00,647.89,647.89,646.8,647.0,1095.21,2026-03-18 19:49:59.999000+00:00,708942.98,3017,270.9,175345.9227
2026-03-18 19:50:00+00:00,647.01,647.79,646.5,647.76,977.96,2026-03-18 19:54:59.999000+00:00,632881.8115,2574,565.0,365662.4831
2026-03-18 19:55:00+00:00,647.76,647.93,647.45,647.66,591.43,2026-03-18 19:59:59.999000+00:00,383041.5512,1953,274.86,178017.6771
2026-03-18 20:00:00+00:00,647.67,647.71,646.8,647.08,2195.44,2026-03-18 20:04:59.999000+00:00,1420821.8232,3798,880.91,570070.6814
2026-03-18 20:05:00+00:00,647.08,647.09,644.95,645.02,9696.12,2026-03-18 20:09:59.999000+00:00,6263201.4207,9376,3175.73,2051441.8952
2026-03-18 20:10:00+00:00,645.03,646.82,643.78,646.37,5573.18,2026-03-18 20:14:59.999000+00:00,3596033.939,9577,2771.9,1788930.3917
2026-03-18 20:15:00+00:00,646.37,647.35,646.12,646.52,3808.32,2026-03-18 20:19:59.999000+00:00,2463507.6282,5356,2640.8,1708475.3847
2026-03-18 20:20:00+00:00,646.53,647.15,646.17,647.15,1163.4,2026-03-18 20:24:59.999000+00:00,752146.2435,2495,665.12,430014.7799
2026-03-18 20:25:00+00:00,647.15,648.22,647.15,647.67,1597.77,2026-03-18 20:29:59.999000+00:00,1034681.3851,2655,1191.38,771513.2119
2026-03-18 20:30:00+00:00,647.67,649.23,647.53,649.1,1633.54,2026-03-18 20:34:59.999000+00:00,1059281.2591,3473,1045.75,678092.2746
2026-03-18 20:35:00+00:00,649.08,649.59,648.79,649.35,1777.57,2026-03-18 20:39:59.999000+00:00,1154017.8012,2260,697.15,452587.3475
2026-03-18 20:40:00+00:00,649.35,649.57,649.27,649.51,491.83,2026-03-18 20:44:59.999000+00:00,319416.0429,1172,180.72,117361.0984
2026-03-18 20:45:00+00:00,649.52,650.65,648.81,650.27,1716.4,2026-03-18 20:49:59.999000+00:00,1115057.8069,3120,710.9,461987.5719
2026-03-18 20:50:00+00:00,650.26,650.36,649.81,650.09,935.36,2026-03-18 20:54:59.999000+00:00,608000.4919,1968,447.3,290753.349
2026-03-18 20:55:00+00:00,650.09,650.19,649.79,649.79,450.26,2026-03-18 20:59:59.999000+00:00,292696.0662,1074,159.31,103561.8494
2026-03-18 21:00:00+00:00,649.79,650.37,649.5,650.35,614.42,2026-03-18 21:04:59.999000+00:00,399416.6831,2066,387.37,251808.0741
2026-03-18 21:05:00+00:00,650.36,651.05,650.35,650.74,1363.79,2026-03-18 21:09:59.999000+00:00,887440.8896,2569,998.35,649680.0824
2026-03-18 21:10:00+00:00,650.73,651.5,650.73,650.73,1067.25,2026-03-18 21:14:59.999000+00:00,695011.9792,2444,664.49,432713.7546
2026-03-18 21:15:00+00:00,650.73,651.24,650.58,650.99,751.36,2026-03-18 21:19:59.999000+00:00,489100.9402,2036,297.55,193673.9404
2026-03-18 21:20:00+00:00,650.99,651.8,650.99,651.27,1008.02,2026-03-18 21:24:59.999000+00:00,656714.1086,1842,433.72,282555.5542
2026-03-18 21:25:00+00:00,651.28,651.46,650.94,651.21,912.1,2026-03-18 21:29:59.999000+00:00,593926.1235,1855,412.03,268285.4501
2026-03-18 21:30:00+00:00,651.21,651.29,650.5,650.71,878.09,2026-03-18 21:34:59.999000+00:00,571570.7792,1657,296.29,192856.5507
2026-03-18 21:35:00+00:00,650.7,651.99,650.64,651.94,1072.82,2026-03-18 21:39:59.999000+00:00,698720.6275,1914,751.74,489603.5319
2026-03-18 21:40:00+00:00,651.92,652.3,651.5,651.56,1315.74,2026-03-18 21:44:59.999000+00:00,857681.1707,2286,743.52,484707.3526
2026-03-18 21:45:00+00:00,651.57,651.9,651.4,651.83,345.58,2026-03-18 21:49:59.999000+00:00,225215.8349,1142,167.09,108889.4264
2026-03-18 21:50:00+00:00,651.82,652.21,651.64,652.09,534.9,2026-03-18 21:54:59.999000+00:00,348709.8359,1082,258.25,168352.6906
2026-03-18 21:55:00+00:00,652.1,652.46,651.93,652.16,926.93,2026-03-18 21:59:59.999000+00:00,604562.5907,1467,421.4,274838.0384
2026-03-18 22:00:00+00:00,652.15,652.28,651.05,651.11,8964.58,2026-03-18 22:04:59.999000+00:00,5842628.6029,3436,800.63,521648.1571
2026-03-18 22:05:00+00:00,651.11,651.25,650.22,650.86,1098.82,2026-03-18 22:09:59.999000+00:00,715068.3146,2808,440.04,286367.9032
2026-03-18 22:10:00+00:00,650.87,651.04,650.06,650.6,907.14,2026-03-18 22:14:59.999000+00:00,590065.6832,2485,426.1,277162.4419
2026-03-18 22:15:00+00:00,650.6,651.39,650.3,651.16,603.07,2026-03-18 22:19:59.999000+00:00,392596.1593,2107,391.14,254622.4756
2026-03-18 22:20:00+00:00,651.16,651.45,650.54,651.17,526.29,2026-03-18 22:24:59.999000+00:00,342632.6197,1805,261.61,170319.2694
2026-03-18 22:25:00+00:00,651.16,651.24,650.7,651.23,355.28,2026-03-18 22:29:59.999000+00:00,231260.5479,1305,93.28,60717.5539
2026-03-18 22:30:00+00:00,651.24,651.34,650.32,651.17,997.91,2026-03-18 22:34:59.999000+00:00,649524.0595,2570,664.74,432717.5968
2026-03-18 22:35:00+00:00,651.17,651.34,650.96,650.99,695.46,2026-03-18 22:39:59.999000+00:00,452870.6661,1609,422.45,275082.7248
2026-03-18 22:40:00+00:00,650.99,651.21,650.64,651.17,400.23,2026-03-18 22:44:59.999000+00:00,260486.2218,1132,210.37,136920.3369
2026-03-18 22:45:00+00:00,651.17,651.35,650.92,651.2,531.64,2026-03-18 22:49:59.999000+00:00,346182.2616,1458,280.14,182414.906
2026-03-18 22:50:00+00:00,651.2,651.36,650.84,651.06,455.83,2026-03-18 22:54:59.999000+00:00,296809.8987,1137,288.51,187855.9877
2026-03-18 22:55:00+00:00,651.06,651.33,650.95,651.25,373.03,2026-03-18 22:59:59.999000+00:00,242919.3157,1072,268.97,175154.4943
2026-03-18 23:00:00+00:00,651.25,652.15,650.7,651.31,1276.81,2026-03-18 23:04:59.999000+00:00,831723.2205,3268,817.0,532235.5454
2026-03-18 23:05:00+00:00,651.31,651.69,651.1,651.57,631.49,2026-03-18 23:09:59.999000+00:00,411353.0104,1780,364.41,237381.8308
2026-03-18 23:10:00+00:00,651.57,651.7,651.13,651.2,444.58,2026-03-18 23:14:59.999000+00:00,289604.3049,1549,279.31,181951.6323
2026-03-18 23:15:00+00:00,651.2,651.21,650.44,650.73,568.73,2026-03-18 23:19:59.999000+00:00,370123.7114,1559,240.1,156261.4752
2026-03-18 23:20:00+00:00,650.72,651.02,650.55,650.76,851.21,2026-03-18 23:24:59.999000+00:00,553977.0106,2080,574.58,373939.2889
2026-03-18 23:25:00+00:00,650.77,651.16,650.67,651.15,301.31,2026-03-18 23:29:59.999000+00:00,196143.4549,1031,220.74,143693.2025
2026-03-18 23:30:00+00:00,651.16,651.9,651.15,651.89,793.55,2026-03-18 23:34:59.999000+00:00,517110.9933,2518,435.72,283914.2104
2026-03-18 23:35:00+00:00,651.89,652.61,651.68,652.46,716.88,2026-03-18 23:39:59.999000+00:00,467493.6112,1737,382.08,249165.6596
2026-03-18 23:40:00+00:00,652.47,652.58,651.86,651.87,635.05,2026-03-18 23:44:59.999000+00:00,414154.9463,1624,165.69,108078.9195
2026-03-18 23:45:00+00:00,651.86,652.36,651.6,652.14,749.97,2026-03-18 23:49:59.999000+00:00,488974.7209,2355,435.26,283799.6357
2026-03-18 23:50:00+00:00,652.14,652.21,651.1,651.27,782.54,2026-03-18 23:54:59.999000+00:00,509802.0986,2052,259.32,168936.6301
2026-03-18 23:55:00+00:00,651.27,651.89,651.27,651.87,421.46,2026-03-18 23:59:59.999000+00:00,274653.6908,1182,238.05,155130.8225
2026-03-19 00:00:00+00:00,651.86,652.39,651.11,651.99,2128.97,2026-03-19 00:04:59.999000+00:00,1387184.7501,5023,996.56,649347.1399
2026-03-19 00:05:00+00:00,651.99,652.5,651.54,651.55,1560.4,2026-03-19 00:09:59.999000+00:00,1017440.2439,3578,567.97,370326.4525
2026-03-19 00:10:00+00:00,651.54,651.71,650.59,651.71,1254.84,2026-03-19 00:14:59.999000+00:00,817071.8816,3008,539.07,351004.5252
2026-03-19 00:15:00+00:00,651.7,651.82,651.04,651.14,608.04,2026-03-19 00:19:59.999000+00:00,396104.9941,2082,250.89,163444.4727
2026-03-19 00:20:00+00:00,651.14,651.24,650.66,650.95,702.6,2026-03-19 00:24:59.999000+00:00,457357.4529,1771,349.8,227702.3047
2026-03-19 00:25:00+00:00,650.95,652.19,650.87,652.05,1155.1,2026-03-19 00:29:59.999000+00:00,752678.5407,2199,783.6,510620.5165
2026-03-19 00:30:00+00:00,652.06,652.43,650.8,650.8,1816.9,2026-03-19 00:34:59.999000+00:00,1184476.7667,3073,896.77,584629.3265
2026-03-19 00:35:00+00:00,650.79,651.22,650.17,650.92,2509.71,2026-03-19 00:39:59.999000+00:00,1632982.6591,3583,1260.47,820071.4048
2026-03-19 00:40:00+00:00,650.93,651.13,650.58,650.79,369.65,2026-03-19 00:44:59.999000+00:00,240571.7741,1294,125.04,81373.7246
2026-03-19 00:45:00+00:00,650.78,651.29,650.67,650.81,492.65,2026-03-19 00:49:59.999000+00:00,320688.5659,1615,240.85,156770.8038
2026-03-19 00:50:00+00:00,650.8,651.29,650.46,651.06,800.47,2026-03-19 00:54:59.999000+00:00,521000.1259,1865,344.99,224550.1026
2026-03-19 00:55:00+00:00,651.07,651.16,650.44,651.06,1845.85,2026-03-19 00:59:59.999000+00:00,1201299.8823,2399,1012.02,658606.5089
2026-03-19 01:00:00+00:00,651.06,651.68,650.49,650.57,1458.03,2026-03-19 01:04:59.999000+00:00,949629.2489,3196,665.81,433684.2094
2026-03-19 01:05:00+00:00,650.57,651.41,650.31,650.67,916.54,2026-03-19 01:09:59.999000+00:00,596494.5226,2653,475.62,309527.6836
2026-03-19 01:10:00+00:00,650.65,651.0,650.55,650.88,593.96,2026-03-19 01:14:59.999000+00:00,386510.547,1750,206.17,134171.0174
2026-03-19 01:15:00+00:00,650.89,651.31,650.3,650.3,1376.61,2026-03-19 01:19:59.999000+00:00,895908.0021,2220,720.19,468731.3908
2026-03-19 01:20:00+00:00,650.31,650.92,650.15,650.38,605.84,2026-03-19 01:24:59.999000+00:00,394042.1608,1755,307.65,200092.6861
2026-03-19 01:25:00+00:00,650.38,651.33,650.28,651.21,646.52,2026-03-19 01:29:59.999000+00:00,420755.9215,1477,355.02,231060.6216
2026-03-19 01:30:00+00:00,651.21,651.72,650.64,651.41,1689.13,2026-03-19 01:34:59.999000+00:00,1099775.1364,3001,1072.6,698319.5412
2026-03-19 01:35:00+00:00,651.42,651.83,651.29,651.64,472.9,2026-03-19 01:39:59.999000+00:00,308098.2103,1632,299.15,194894.5096
2026-03-19 01:40:00+00:00,651.64,651.99,651.33,651.85,472.09,2026-03-19 01:44:59.999000+00:00,307688.3117,1640,251.3,163784.9211
2026-03-19 01:45:00+00:00,651.84,652.19,651.51,651.92,1671.8,2026-03-19 01:49:59.999000+00:00,1089742.6333,2443,931.25,607004.1443
2026-03-19 01:50:00+00:00,651.92,651.99,651.47,651.89,278.68,2026-03-19 01:54:59.999000+00:00,181631.2314,1174,141.34,92121.2417
2026-03-19 01:55:00+00:00,651.89,652.04,650.98,650.99,2440.22,2026-03-19 01:59:59.999000+00:00,1589217.5427,3103,567.65,369740.9521
2026-03-19 02:00:00+00:00,651.0,651.0,648.56,650.11,3688.72,2026-03-19 02:04:59.999000+00:00,2396895.1575,5385,1826.44,1186774.5806
2026-03-19 02:05:00+00:00,650.1,650.9,649.64,650.24,1330.06,2026-03-19 02:09:59.999000+00:00,864929.8368,3151,744.02,483843.1954
2026-03-19 02:10:00+00:00,650.23,651.26,650.23,651.16,873.75,2026-03-19 02:14:59.999000+00:00,568729.0482,2534,576.32,375117.7085
2026-03-19 02:15:00+00:00,651.16,651.84,651.1,651.34,1035.65,2026-03-19 02:19:59.999000+00:00,674678.775,2405,596.3,388446.448
2026-03-19 02:20:00+00:00,651.35,652.02,651.25,651.43,1219.66,2026-03-19 02:24:59.999000+00:00,794962.9957,2331,457.44,298115.8192
2026-03-19 02:25:00+00:00,651.42,651.47,650.86,651.24,1149.59,2026-03-19 02:29:59.999000+00:00,748481.807,1561,262.28,170777.9919
2026-03-19 02:30:00+00:00,651.25,651.57,650.81,651.56,601.94,2026-03-19 02:34:59.999000+00:00,391970.4634,1804,341.18,222178.6679
2026-03-19 02:35:00+00:00,651.55,651.64,651.19,651.23,396.77,2026-03-19 02:39:59.999000+00:00,258473.9008,1298,195.21,127168.7129
2026-03-19 02:40:00+00:00,651.23,651.81,651.22,651.43,447.3,2026-03-19 02:44:59.999000+00:00,291431.1042,1186,204.79,133416.0417
2026-03-19 02:45:00+00:00,651.43,651.53,650.59,650.59,771.55,2026-03-19 02:49:59.999000+00:00,502285.3724,1775,386.86,251818.3921
2026-03-19 02:50:00+00:00,650.59,650.97,650.24,650.24,808.46,2026-03-19 02:54:59.999000+00:00,525962.806,1874,345.92,225075.9889
2026-03-19 02:55:00+00:00,650.24,650.29,649.79,650.25,441.94,2026-03-19 02:59:59.999000+00:00,287255.3933,1941,151.15,98246.4108
2026-03-19 03:00:00+00:00,650.24,650.73,650.05,650.45,1039.56,2026-03-19 03:04:59.999000+00:00,676099.0565,2442,802.11,521661.1591
2026-03-19 03:05:00+00:00,650.45,651.29,650.14,651.22,2289.07,2026-03-19 03:09:59.999000+00:00,1489195.4058,3140,1333.37,867431.5962
2026-03-19 03:10:00+00:00,651.22,651.96,651.22,651.65,913.51,2026-03-19 03:14:59.999000+00:00,595306.0234,2073,470.95,306887.7451
2026-03-19 03:15:00+00:00,651.65,654.95,651.65,654.53,3999.34,2026-03-19 03:19:59.999000+00:00,2613907.5583,6427,2893.95,1891225.6924
2026-03-19 03:20:00+00:00,654.54,655.73,653.89,655.15,6135.04,2026-03-19 03:24:59.999000+00:00,4017473.1312,7305,3564.05,2334235.789
2026-03-19 03:25:00+00:00,655.16,656.18,654.81,655.46,2269.45,2026-03-19 03:29:59.999000+00:00,1487603.2942,4251,1416.68,928655.5305
2026-03-19 03:30:00+00:00,655.47,655.74,653.58,654.14,3705.55,2026-03-19 03:34:59.999000+00:00,2424645.0907,5704,1733.98,1134515.7754
2026-03-19 03:35:00+00:00,654.14,654.18,652.7,652.82,3008.92,2026-03-19 03:39:59.999000+00:00,1966125.3483,4311,872.13,569807.7619
2026-03-19 03:40:00+00:00,652.82,652.99,652.27,652.35,915.54,2026-03-19 03:44:59.999000+00:00,597516.3752,2357,486.29,317380.5767
2026-03-19 03:45:00+00:00,652.34,653.07,652.0,653.07,968.64,2026-03-19 03:49:59.999000+00:00,631917.6691,2920,529.65,345564.9453
2026-03-19 03:50:00+00:00,653.06,653.17,652.23,652.46,2125.49,2026-03-19 03:54:59.999000+00:00,1387307.3594,2828,1185.0,773442.6511
2026-03-19 03:55:00+00:00,652.46,652.46,652.01,652.23,588.5,2026-03-19 03:59:59.999000+00:00,383844.7574,1405,222.03,144818.4119
2026-03-19 04:00:00+00:00,652.22,652.43,651.66,651.9,1382.01,2026-03-19 04:04:59.999000+00:00,901041.3267,3176,795.43,518623.6009
2026-03-19 04:05:00+00:00,651.9,651.91,649.11,649.78,3667.84,2026-03-19 04:09:59.999000+00:00,2384223.0737,6684,1434.62,932325.7616
2026-03-19 04:10:00+00:00,649.77,649.78,649.34,649.38,1393.29,2026-03-19 04:14:59.999000+00:00,905015.6555,3423,643.98,418307.8731
2026-03-19 04:15:00+00:00,649.38,649.7,649.13,649.43,1091.06,2026-03-19 04:19:59.999000+00:00,708637.252,2783,455.32,295719.338
2026-03-19 04:20:00+00:00,649.44,649.55,648.89,649.1,1189.84,2026-03-19 04:24:59.999000+00:00,772485.5661,2523,523.04,339610.9352
2026-03-19 04:25:00+00:00,649.1,649.11,648.03,648.67,2240.04,2026-03-19 04:29:59.999000+00:00,1452565.2276,3628,588.51,381620.6045
2026-03-19 04:30:00+00:00,648.66,648.88,648.39,648.82,1031.51,2026-03-19 04:34:59.999000+00:00,669082.3424,2694,465.84,302157.3103
2026-03-19 04:35:00+00:00,648.83,648.96,648.5,648.67,839.59,2026-03-19 04:39:59.999000+00:00,544669.6704,1966,410.02,265999.4452
2026-03-19 04:40:00+00:00,648.68,648.82,647.85,648.69,1363.01,2026-03-19 04:44:59.999000+00:00,883617.5226,2594,444.09,287942.9255
2026-03-19 04:45:00+00:00,648.68,648.68,647.97,648.36,948.73,2026-03-19 04:49:59.999000+00:00,615100.7876,2154,324.08,210108.7746
2026-03-19 04:50:00+00:00,648.35,648.84,648.32,648.73,491.12,2026-03-19 04:54:59.999000+00:00,318583.3556,1168,303.32,196762.0057
2026-03-19 04:55:00+00:00,648.73,649.49,648.73,649.04,874.57,2026-03-19 04:59:59.999000+00:00,567772.1271,1726,619.47,402157.9754
2026-03-19 05:00:00+00:00,649.05,649.68,649.05,649.41,1134.57,2026-03-19 05:04:59.999000+00:00,736775.3678,2743,807.97,524673.8432
2026-03-19 05:05:00+00:00,649.41,649.84,649.14,649.48,852.7,2026-03-19 05:09:59.999000+00:00,553848.9231,1990,461.91,300047.7718
2026-03-19 05:10:00+00:00,649.47,649.51,648.91,649.5,558.6,2026-03-19 05:14:59.999000+00:00,362624.4628,1573,312.08,202600.4446
2026-03-19 05:15:00+00:00,649.51,650.14,649.5,649.88,557.35,2026-03-19 05:19:59.999000+00:00,362219.7965,1690,366.63,238261.0962
2026-03-19 05:20:00+00:00,649.88,650.12,649.48,649.67,447.04,2026-03-19 05:24:59.999000+00:00,290522.164,1415,154.25,100247.0836
2026-03-19 05:25:00+00:00,649.67,649.73,648.27,648.64,831.1,2026-03-19 05:29:59.999000+00:00,539411.6911,2251,223.65,145149.9553
2026-03-19 05:30:00+00:00,648.64,648.64,647.88,647.88,791.86,2026-03-19 05:34:59.999000+00:00,513331.164,2228,268.65,174160.1087
2026-03-19 05:35:00+00:00,647.89,648.64,647.89,648.64,639.54,2026-03-19 05:39:59.999000+00:00,414535.0454,1963,379.33,245882.296
2026-03-19 05:40:00+00:00,648.63,649.3,648.63,648.83,458.1,2026-03-19 05:44:59.999000+00:00,297312.9896,1756,349.3,226695.4198
2026-03-19 05:45:00+00:00,648.83,649.13,648.35,649.02,459.91,2026-03-19 05:49:59.999000+00:00,298421.9859,1973,284.08,184336.0379
2026-03-19 05:50:00+00:00,649.01,649.21,648.76,649.15,526.65,2026-03-19 05:54:59.999000+00:00,341815.3322,1477,391.42,254047.9265
2026-03-19 05:55:00+00:00,649.14,649.35,648.89,649.04,291.96,2026-03-19 05:59:59.999000+00:00,189525.7042,1236,142.91,92772.4405
2026-03-19 06:00:00+00:00,649.05,649.27,648.18,648.51,842.83,2026-03-19 06:04:59.999000+00:00,546708.2574,2758,437.18,283558.2786
2026-03-19 06:05:00+00:00,648.51,650.14,648.0,649.34,1447.7,2026-03-19 06:09:59.999000+00:00,939799.7046,3428,1040.66,675675.6144
2026-03-19 06:10:00+00:00,649.33,649.96,649.23,649.63,473.3,2026-03-19 06:14:59.999000+00:00,307452.355,1736,254.47,165305.9545
2026-03-19 06:15:00+00:00,649.63,650.5,649.51,649.72,731.05,2026-03-19 06:19:59.999000+00:00,475197.5869,2286,431.91,280756.946
2026-03-19 06:20:00+00:00,649.72,650.0,649.22,649.44,774.92,2026-03-19 06:24:59.999000+00:00,503370.3528,1887,363.52,236175.9354
2026-03-19 06:25:00+00:00,649.44,649.96,648.82,648.83,565.46,2026-03-19 06:29:59.999000+00:00,367183.2482,1771,268.05,174073.793
2026-03-19 06:30:00+00:00,648.84,648.97,648.09,648.09,811.63,2026-03-19 06:34:59.999000+00:00,526386.9048,2605,337.89,219157.1631
2026-03-19 06:35:00+00:00,648.09,648.82,647.56,648.69,1567.27,2026-03-19 06:39:59.999000+00:00,1015630.7479,3752,714.73,463205.5994
2026-03-19 06:40:00+00:00,648.68,648.9,648.4,648.76,614.33,2026-03-19 06:44:59.999000+00:00,398474.8367,2058,400.97,260088.8241
2026-03-19 06:45:00+00:00,648.76,649.4,648.67,648.85,1514.65,2026-03-19 06:49:59.999000+00:00,983029.9754,2291,887.16,575767.8284
2026-03-19 06:50:00+00:00,648.86,648.9,648.13,648.2,1163.46,2026-03-19 06:54:59.999000+00:00,754461.3797,2373,322.84,209350.5313
2026-03-19 06:55:00+00:00,648.21,648.4,647.64,648.24,1067.65,2026-03-19 06:59:59.999000+00:00,691862.3172,2520,471.68,305658.5593
2026-03-19 07:00:00+00:00,648.23,648.46,646.72,647.29,4892.84,2026-03-19 07:04:59.999000+00:00,3167859.4713,7522,1661.41,1075834.937
2026-03-19 07:05:00+00:00,647.29,648.0,646.0,646.4,4240.26,2026-03-19 07:09:59.999000+00:00,2741947.7661,5684,1334.21,863001.8527
2026-03-19 07:10:00+00:00,646.4,646.46,642.3,643.09,14727.25,2026-03-19 07:14:59.999000+00:00,9487479.9098,12835,4926.62,3173370.1852
2026-03-19 07:15:00+00:00,643.09,643.99,642.11,642.69,8110.44,2026-03-19 07:19:59.999000+00:00,5214116.7416,9563,4262.56,2740371.7057
2026-03-19 07:20:00+00:00,642.7,642.7,640.39,641.55,7573.95,2026-03-19 07:24:59.999000+00:00,4859152.5659,9613,2694.23,1728537.7986
2026-03-19 07:25:00+00:00,641.56,643.54,641.34,642.57,5687.54,2026-03-19 07:29:59.999000+00:00,3655526.7175,7206,2960.99,1903259.9281
2026-03-19 07:30:00+00:00,642.57,644.07,642.36,643.73,2578.16,2026-03-19 07:34:59.999000+00:00,1658370.5799,4751,1798.62,1156977.8481
2026-03-19 07:35:00+00:00,643.73,646.12,643.73,646.07,5191.68,2026-03-19 07:39:59.999000+00:00,3349362.3344,6546,3117.73,2011745.5782
2026-03-19 07:40:00+00:00,646.08,646.77,645.5,645.74,4224.59,2026-03-19 07:44:59.999000+00:00,2729607.1945,4424,2611.88,1687913.8658
2026-03-19 07:45:00+00:00,645.74,645.98,645.0,645.19,2813.66,2026-03-19 07:49:59.999000+00:00,1816106.7395,3746,1056.97,682300.578
2026-03-19 07:50:00+00:00,645.2,646.12,645.11,645.57,1626.64,2026-03-19 07:54:59.999000+00:00,1049976.806,3371,626.09,404141.0672
2026-03-19 07:55:00+00:00,645.57,645.97,644.68,644.91,1904.26,2026-03-19 07:59:59.999000+00:00,1228665.8044,2814,817.04,527204.6792
2026-03-19 08:00:00+00:00,644.9,645.64,644.44,644.44,3532.98,2026-03-19 08:04:59.999000+00:00,2279071.7852,5193,1747.22,1127127.5953
2026-03-19 08:05:00+00:00,644.44,645.25,644.39,644.71,1360.61,2026-03-19 08:09:59.999000+00:00,877192.3954,3934,711.22,458543.8406
2026-03-19 08:10:00+00:00,644.71,645.83,644.48,645.29,1596.8,2026-03-19 08:14:59.999000+00:00,1030390.5137,3648,966.84,623846.1433
2026-03-19 08:15:00+00:00,645.28,645.78,644.79,645.05,1216.71,2026-03-19 08:19:59.999000+00:00,785219.4524,3493,589.98,380754.6355
2026-03-19 08:20:00+00:00,645.06,645.7,643.94,645.14,1239.84,2026-03-19 08:24:59.999000+00:00,799809.3383,3633,627.74,405009.3181
2026-03-19 08:25:00+00:00,645.14,645.14,643.66,644.02,1043.29,2026-03-19 08:29:59.999000+00:00,671866.94,2827,473.36,304802.7641
2026-03-19 08:30:00+00:00,644.02,644.55,643.54,643.58,1010.84,2026-03-19 08:34:59.999000+00:00,650988.5562,2805,398.11,256389.0045
2026-03-19 08:35:00+00:00,643.58,644.49,643.35,643.53,2056.84,2026-03-19 08:39:59.999000+00:00,1324152.9834,3470,1321.89,851004.0811
2026-03-19 08:40:00+00:00,643.56,645.77,643.33,643.89,3606.67,2026-03-19 08:44:59.999000+00:00,2324759.5819,5962,1829.11,1178905.6691
2026-03-19 08:45:00+00:00,643.88,644.52,643.55,644.34,888.23,2026-03-19 08:49:59.999000+00:00,572041.4525,2756,631.21,406501.8364
2026-03-19 08:50:00+00:00,644.34,644.4,643.38,643.75,2169.82,2026-03-19 08:54:59.999000+00:00,1397203.7522,3616,974.01,627211.2961
2026-03-19 08:55:00+00:00,643.75,644.08,643.41,644.05,1092.98,2026-03-19 08:59:59.999000+00:00,703619.3086,2342,580.44,373676.8074
2026-03-19 09:00:00+00:00,644.04,644.95,643.77,644.43,1600.1,2026-03-19 09:04:59.999000+00:00,1031142.2846,4050,753.88,485823.3429
2026-03-19 09:05:00+00:00,644.43,645.0,644.26,644.61,1335.13,2026-03-19 09:09:59.999000+00:00,860592.7506,3090,630.85,406643.4544
2026-03-19 09:10:00+00:00,644.59,644.97,643.54,644.2,1622.2,2026-03-19 09:14:59.999000+00:00,1045135.374,3046,671.44,432642.014
2026-03-19 09:15:00+00:00,644.19,644.36,643.54,644.36,546.41,2026-03-19 09:19:59.999000+00:00,351834.2808,2349,228.98,147451.2373
2026-03-19 09:20:00+00:00,644.35,647.62,644.16,646.05,3983.16,2026-03-19 09:24:59.999000+00:00,2574469.8781,6737,2419.17,1563495.5935
2026-03-19 09:25:00+00:00,646.05,646.5,644.83,645.15,3369.48,2026-03-19 09:29:59.999000+00:00,2174678.3161,5444,1675.74,1081578.5173
2026-03-19 09:30:00+00:00,645.15,645.73,644.65,645.04,1332.05,2026-03-19 09:34:59.999000+00:00,859484.2377,3808,529.86,341924.1796
2026-03-19 09:35:00+00:00,645.05,646.35,645.05,645.79,1047.76,2026-03-19 09:39:59.999000+00:00,676444.0598,3053,697.67,450412.5284
2026-03-19 09:40:00+00:00,645.78,646.92,645.64,646.67,1002.26,2026-03-19 09:44:59.999000+00:00,647897.8432,2582,735.13,475198.8693
2026-03-19 09:45:00+00:00,646.67,647.6,646.49,647.57,1109.72,2026-03-19 09:49:59.999000+00:00,717975.5894,2898,654.76,423625.3854
2026-03-19 09:50:00+00:00,647.58,648.1,647.18,647.47,2543.67,2026-03-19 09:54:59.999000+00:00,1647576.5869,4362,1592.31,1031392.6282
2026-03-19 09:55:00+00:00,647.47,648.63,647.14,647.95,3567.62,2026-03-19 09:59:59.999000+00:00,2312118.3486,4715,2116.78,1371970.8241
2026-03-19 10:00:00+00:00,647.95,648.23,647.35,647.42,1011.97,2026-03-19 10:04:59.999000+00:00,655386.9229,3072,531.51,344224.7549
2026-03-19 10:05:00+00:00,647.41,647.91,647.3,647.3,1065.61,2026-03-19 10:09:59.999000+00:00,690166.7826,2320,555.72,359910.7934
2026-03-19 10:10:00+00:00,647.31,647.78,647.29,647.7,873.85,2026-03-19 10:14:59.999000+00:00,565861.795,2121,485.92,314653.4544
2026-03-19 10:15:00+00:00,647.7,648.38,647.69,648.12,1097.86,2026-03-19 10:19:59.999000+00:00,711552.6909,2663,642.56,416444.9361
2026-03-19 10:20:00+00:00,648.11,648.3,647.53,647.96,697.28,2026-03-19 10:24:59.999000+00:00,451804.805,2167,279.55,181153.2367
2026-03-19 10:25:00+00:00,647.96,648.3,647.6,647.69,547.62,2026-03-19 10:29:59.999000+00:00,354812.2985,1469,134.39,87096.8659
2026-03-19 10:30:00+00:00,647.69,647.75,646.84,647.11,737.17,2026-03-19 10:34:59.999000+00:00,477107.2951,2262,161.86,104749.0509
2026-03-19 10:35:00+00:00,647.12,647.21,646.4,646.57,751.01,2026-03-19 10:39:59.999000+00:00,485708.3272,1993,260.29,168315.9744
2026-03-19 10:40:00+00:00,646.56,646.64,646.0,646.43,1087.57,2026-03-19 10:44:59.999000+00:00,702917.5107,2094,454.06,293476.0081
2026-03-19 10:45:00+00:00,646.43,646.59,646.06,646.21,831.09,2026-03-19 10:49:59.999000+00:00,537176.1305,1565,338.14,218565.8456
2026-03-19 10:50:00+00:00,646.22,646.22,645.51,646.02,928.9,2026-03-19 10:54:59.999000+00:00,599886.7966,1949,271.67,175453.3879
2026-03-19 10:55:00+00:00,646.01,646.01,645.43,645.51,644.56,2026-03-19 10:59:59.999000+00:00,416123.9019,1369,327.7,211545.3678
2026-03-19 11:00:00+00:00,645.5,646.12,645.22,645.23,875.35,2026-03-19 11:04:59.999000+00:00,565082.2369,2559,453.88,293005.0111
2026-03-19 11:05:00+00:00,645.22,645.37,644.9,645.11,767.58,2026-03-19 11:09:59.999000+00:00,495210.4388,2352,261.31,168586.3146
2026-03-19 11:10:00+00:00,645.1,645.47,644.72,644.9,920.19,2026-03-19 11:14:59.999000+00:00,593534.2726,2464,399.73,257850.1864
2026-03-19 11:15:00+00:00,644.89,645.26,644.65,645.13,1677.2,2026-03-19 11:19:59.999000+00:00,1081749.1883,2463,1156.8,746123.7647
2026-03-19 11:20:00+00:00,645.12,645.41,644.96,645.14,1106.03,2026-03-19 11:24:59.999000+00:00,713597.6483,1934,723.73,466940.7709
2026-03-19 11:25:00+00:00,645.15,645.39,645.04,645.24,559.85,2026-03-19 11:29:59.999000+00:00,361218.7981,1552,269.26,173722.1285
2026-03-19 11:30:00+00:00,645.24,645.52,644.33,644.34,833.41,2026-03-19 11:34:59.999000+00:00,537668.9921,2079,404.98,261294.7423
2026-03-19 11:35:00+00:00,644.34,644.34,643.44,643.44,1304.15,2026-03-19 11:39:59.999000+00:00,839657.4083,2981,572.31,368489.8315
2026-03-19 11:40:00+00:00,643.44,643.87,643.37,643.84,900.99,2026-03-19 11:44:59.999000+00:00,579904.1047,1771,683.94,440201.4148
2026-03-19 11:45:00+00:00,643.85,644.0,643.67,643.86,850.76,2026-03-19 11:49:59.999000+00:00,547773.4926,2080,527.11,339390.083
2026-03-19 11:50:00+00:00,643.86,644.02,643.64,643.64,549.01,2026-03-19 11:54:59.999000+00:00,353471.0337,1519,239.04,153903.6528
2026-03-19 11:55:00+00:00,643.64,643.83,643.48,643.83,671.07,2026-03-19 11:59:59.999000+00:00,431945.3397,1416,365.32,235143.3346
2026-03-19 12:00:00+00:00,643.82,643.82,642.83,643.16,1194.61,2026-03-19 12:04:59.999000+00:00,768445.6776,3438,559.74,360049.7564
2026-03-19 12:05:00+00:00,643.15,643.16,641.48,642.17,6132.39,2026-03-19 12:09:59.999000+00:00,3938259.7526,7625,1593.74,1023616.1693
2026-03-19 12:10:00+00:00,642.17,642.85,642.05,642.57,1226.32,2026-03-19 12:14:59.999000+00:00,787874.494,3230,839.16,539135.8844
2026-03-19 12:15:00+00:00,642.57,642.8,641.62,641.67,2699.28,2026-03-19 12:19:59.999000+00:00,1732899.9012,3735,626.44,402253.0584
2026-03-19 12:20:00+00:00,641.67,642.36,641.66,641.83,776.38,2026-03-19 12:24:59.999000+00:00,498394.1392,2482,459.74,295134.2022
2026-03-19 12:25:00+00:00,641.83,641.99,640.94,641.28,2135.25,2026-03-19 12:29:59.999000+00:00,1369383.0677,4675,850.83,545617.5131
2026-03-19 12:30:00+00:00,641.28,642.12,641.15,641.96,2804.49,2026-03-19 12:34:59.999000+00:00,1799435.4831,3663,1657.87,1063821.9959
2026-03-19 12:35:00+00:00,641.97,642.75,641.8,642.06,2267.65,2026-03-19 12:39:59.999000+00:00,1456588.6522,3404,1150.31,738740.1565
2026-03-19 12:40:00+00:00,642.06,642.16,641.25,641.34,1214.68,2026-03-19 12:44:59.999000+00:00,779535.9745,2961,577.56,370655.957
2026-03-19 12:45:00+00:00,641.34,641.34,640.05,640.43,2102.23,2026-03-19 12:49:59.999000+00:00,1346975.5552,3814,864.3,553865.6507
2026-03-19 12:50:00+00:00,640.42,640.5,637.73,638.9,7644.73,2026-03-19 12:54:59.999000+00:00,4884347.9469,10723,3271.16,2089699.1061
2026-03-19 12:55:00+00:00,638.89,639.82,638.28,638.42,2395.72,2026-03-19 12:59:59.999000+00:00,1530657.9865,4781,1106.09,706775.1202
2026-03-19 13:00:00+00:00,638.42,639.28,636.83,639.27,6599.27,2026-03-19 13:04:59.999000+00:00,4209301.5137,10193,3384.43,2159122.495
2026-03-19 13:05:00+00:00,639.27,639.34,638.16,638.83,1660.81,2026-03-19 13:09:59.999000+00:00,1061098.1487,4010,880.85,562763.5617
2026-03-19 13:10:00+00:00,638.83,638.83,635.97,636.55,6220.26,2026-03-19 13:14:59.999000+00:00,3962055.816,7089,1971.13,1255611.1791
2026-03-19 13:15:00+00:00,636.54,638.25,636.15,637.72,5909.81,2026-03-19 13:19:59.999000+00:00,3764856.0295,8218,2776.27,1768901.344
2026-03-19 13:20:00+00:00,637.72,639.5,637.72,638.09,2438.51,2026-03-19 13:24:59.999000+00:00,1557009.5021,4805,1313.81,838809.6345
2026-03-19 13:25:00+00:00,638.08,638.89,637.98,638.56,1048.03,2026-03-19 13:29:59.999000+00:00,669064.4791,2828,721.47,460572.0544
2026-03-19 13:30:00+00:00,638.55,639.25,637.84,638.59,2988.51,2026-03-19 13:34:59.999000+00:00,1907986.9498,9029,1961.21,1252122.6766
2026-03-19 13:35:00+00:00,638.59,638.94,637.64,637.76,2496.12,2026-03-19 13:39:59.999000+00:00,1593127.1409,7703,1333.17,850913.4255
2026-03-19 13:40:00+00:00,637.76,641.17,637.12,640.47,6384.19,2026-03-19 13:44:59.999000+00:00,4082767.1067,10476,3782.0,2418968.2459
2026-03-19 13:45:00+00:00,640.47,641.17,639.42,641.16,3282.9,2026-03-19 13:49:59.999000+00:00,2101319.6216,7373,2291.04,1466510.3453
2026-03-19 13:50:00+00:00,641.15,641.86,640.4,641.78,2739.75,2026-03-19 13:54:59.999000+00:00,1756055.3902,6415,1606.16,1029523.049
2026-03-19 13:55:00+00:00,641.79,641.86,640.68,641.01,1590.02,2026-03-19 13:59:59.999000+00:00,1019548.0532,3532,586.03,375757.5351
2026-03-19 14:00:00+00:00,641.02,642.49,639.9,640.02,3551.14,2026-03-19 14:04:59.999000+00:00,2277137.6691,7402,1898.05,1217248.102
2026-03-19 14:05:00+00:00,640.03,641.0,639.39,639.55,3204.32,2026-03-19 14:09:59.999000+00:00,2052336.3826,5264,1086.56,695861.4571
2026-03-19 14:10:00+00:00,639.54,640.78,639.17,639.4,1668.18,2026-03-19 14:14:59.999000+00:00,1067623.8076,4462,904.96,579162.5149
2026-03-19 14:15:00+00:00,639.41,639.77,638.4,638.91,2198.79,2026-03-19 14:19:59.999000+00:00,1404962.4533,4775,726.79,464512.688
2026-03-19 14:20:00+00:00,638.93,639.36,637.84,638.29,964.92,2026-03-19 14:24:59.999000+00:00,616025.2726,4103,513.57,327878.5926
2026-03-19 14:25:00+00:00,638.3,638.7,636.62,636.81,2716.85,2026-03-19 14:29:59.999000+00:00,1731598.0918,5069,1355.89,864251.469
2026-03-19 14:30:00+00:00,636.81,637.83,636.51,637.44,2758.53,2026-03-19 14:34:59.999000+00:00,1757248.1933,5710,1676.82,1068276.5686
2026-03-19 14:35:00+00:00,637.43,637.73,635.44,636.23,2923.73,2026-03-19 14:39:59.999000+00:00,1860055.2951,5513,1301.16,827764.7781
2026-03-19 14:40:00+00:00,636.22,637.5,636.07,636.82,1710.18,2026-03-19 14:44:59.999000+00:00,1089235.1718,4519,834.54,531534.7845
2026-03-19 14:45:00+00:00,636.81,637.55,636.53,637.55,1051.69,2026-03-19 14:49:59.999000+00:00,669886.1027,3509,700.84,446424.4239
2026-03-19 14:50:00+00:00,637.56,638.92,636.87,638.07,3429.69,2026-03-19 14:54:59.999000+00:00,2187849.995,6260,1774.45,1132038.5026
2026-03-19 14:55:00+00:00,638.08,638.48,637.26,637.98,1642.08,2026-03-19 14:59:59.999000+00:00,1047601.8549,3351,949.25,605627.2886
2026-03-19 15:00:00+00:00,637.98,639.38,637.62,639.36,1935.68,2026-03-19 15:04:59.999000+00:00,1235863.445,5232,1208.56,771569.9768
2026-03-19 15:05:00+00:00,639.37,640.27,638.51,638.84,3119.95,2026-03-19 15:09:59.999000+00:00,1995564.6255,5779,1648.99,1054876.1898
2026-03-19 15:10:00+00:00,638.83,639.38,638.46,638.88,1355.95,2026-03-19 15:14:59.999000+00:00,866292.5679,3749,757.3,483815.2991
2026-03-19 15:15:00+00:00,638.87,639.45,636.09,636.19,3715.7,2026-03-19 15:19:59.999000+00:00,2369879.1609,6025,1431.02,912802.7895
2026-03-19 15:20:00+00:00,636.2,636.76,635.28,635.38,2357.27,2026-03-19 15:24:59.999000+00:00,1499118.7289,5179,1050.7,668233.4476
2026-03-19 15:25:00+00:00,635.39,636.15,635.33,635.76,2258.68,2026-03-19 15:29:59.999000+00:00,1436071.7939,3840,1064.68,677003.8458
2026-03-19 15:30:00+00:00,635.76,636.13,635.57,635.62,1243.47,2026-03-19 15:34:59.999000+00:00,790666.6106,3441,644.06,409522.9817
2026-03-19 15:35:00+00:00,635.61,636.86,635.12,636.33,1624.3,2026-03-19 15:39:59.999000+00:00,1032896.2931,4577,830.63,528216.1838
2026-03-19 15:40:00+00:00,636.34,636.43,634.56,634.6,3484.5,2026-03-19 15:44:59.999000+00:00,2213744.006,6723,1235.04,784886.1447
2026-03-19 15:45:00+00:00,634.61,637.0,634.17,636.67,4514.96,2026-03-19 15:49:59.999000+00:00,2868011.8133,8232,2780.45,1766404.24
2026-03-19 15:50:00+00:00,636.68,637.84,636.37,637.4,2512.24,2026-03-19 15:54:59.999000+00:00,1600338.9,5509,1281.02,815986.0909
2026-03-19 15:55:00+00:00,637.4,638.5,636.97,637.6,1775.19,2026-03-19 15:59:59.999000+00:00,1132270.9432,5111,1046.87,667802.0248
2026-03-19 16:00:00+00:00,637.61,637.7,635.3,635.6,3750.96,2026-03-19 16:04:59.999000+00:00,2388285.0361,5892,1125.4,716547.8237
2026-03-19 16:05:00+00:00,635.6,635.67,634.94,635.13,2701.17,2026-03-19 16:09:59.999000+00:00,1715963.4682,4560,1229.93,781340.9233
2026-03-19 16:10:00+00:00,635.14,635.31,634.35,635.0,2753.96,2026-03-19 16:14:59.999000+00:00,1748254.3998,4631,1070.08,679226.1299
2026-03-19 16:15:00+00:00,634.99,635.38,634.21,634.61,2662.44,2026-03-19 16:19:59.999000+00:00,1689799.2558,5200,1250.28,793560.0827
2026-03-19 16:20:00+00:00,634.61,635.51,634.42,635.15,2106.72,2026-03-19 16:24:59.999000+00:00,1337654.1478,4543,963.57,611771.6744
2026-03-19 16:25:00+00:00,635.16,635.99,635.16,635.48,1338.42,2026-03-19 16:29:59.999000+00:00,850596.3214,3503,667.09,423936.2997
2026-03-19 16:30:00+00:00,635.49,635.7,634.2,635.45,2705.28,2026-03-19 16:34:59.999000+00:00,1717883.342,4536,1638.44,1040542.1762
2026-03-19 16:35:00+00:00,635.44,637.47,634.87,637.39,12188.02,2026-03-19 16:39:59.999000+00:00,7750326.2772,6838,5315.58,3381571.3437
2026-03-19 16:40:00+00:00,637.39,637.4,635.21,635.86,9542.9,2026-03-19 16:44:59.999000+00:00,6070180.8193,7726,4007.64,2548829.4107
2026-03-19 16:45:00+00:00,635.87,636.13,635.01,635.28,1495.94,2026-03-19 16:49:59.999000+00:00,950800.6335,3574,964.31,612929.5587
2026-03-19 16:50:00+00:00,635.27,635.58,634.5,635.58,1573.23,2026-03-19 16:54:59.999000+00:00,998894.7296,2962,1164.72,739537.7278
2026-03-19 16:55:00+00:00,635.58,636.02,635.25,635.74,1047.18,2026-03-19 16:59:59.999000+00:00,665660.3189,2492,613.48,389966.146
2026-03-19 17:00:00+00:00,635.73,635.83,635.0,635.1,1986.04,2026-03-19 17:04:59.999000+00:00,1261927.8917,2974,652.07,414279.1934
2026-03-19 17:05:00+00:00,635.1,635.13,633.92,634.11,1298.72,2026-03-19 17:09:59.999000+00:00,823947.9957,3361,504.79,320250.2125
2026-03-19 17:10:00+00:00,634.11,634.63,633.0,633.48,8107.98,2026-03-19 17:14:59.999000+00:00,5139453.176,5642,5188.88,3289315.9962
2026-03-19 17:15:00+00:00,633.48,635.39,633.05,635.38,2254.54,2026-03-19 17:19:59.999000+00:00,1429455.4697,4578,1650.08,1046295.6032
2026-03-19 17:20:00+00:00,635.38,637.37,634.91,637.14,2276.35,2026-03-19 17:24:59.999000+00:00,1448368.2267,4587,1324.62,842756.3871
2026-03-19 17:25:00+00:00,637.13,637.86,636.88,637.48,1531.68,2026-03-19 17:29:59.999000+00:00,976144.1135,3016,826.88,527041.8527
2026-03-19 17:30:00+00:00,637.49,637.97,636.62,637.01,1653.19,2026-03-19 17:34:59.999000+00:00,1053452.9683,3088,927.42,590915.5168
2026-03-19 17:35:00+00:00,637.01,637.01,636.0,636.27,1430.38,2026-03-19 17:39:59.999000+00:00,910323.6375,2397,493.35,313907.3562
2026-03-19 17:40:00+00:00,636.27,636.6,636.0,636.27,694.0,2026-03-19 17:44:59.999000+00:00,441619.5873,1795,399.35,254117.2886
2026-03-19 17:45:00+00:00,636.27,637.0,636.0,636.96,985.6,2026-03-19 17:49:59.999000+00:00,627365.3167,2240,595.52,379111.3323
2026-03-19 17:50:00+00:00,636.96,638.79,636.88,638.25,2395.09,2026-03-19 17:54:59.999000+00:00,1527772.4648,3821,1444.66,921663.2236
2026-03-19 17:55:00+00:00,638.25,638.25,637.85,638.01,1464.84,2026-03-19 17:59:59.999000+00:00,934657.358,1698,1030.64,657628.2961
2026-03-19 18:00:00+00:00,638.02,638.02,637.23,637.32,878.63,2026-03-19 18:04:59.999000+00:00,560287.5798,2160,322.61,205735.6847
2026-03-19 18:05:00+00:00,637.32,637.43,636.85,636.97,826.12,2026-03-19 18:09:59.999000+00:00,526337.4181,2103,215.28,137149.0995
2026-03-19 18:10:00+00:00,636.98,637.97,636.97,637.26,2249.09,2026-03-19 18:14:59.999000+00:00,1433952.7598,3169,1513.76,965144.8914
2026-03-19 18:15:00+00:00,637.27,637.78,636.7,636.97,817.28,2026-03-19 18:19:59.999000+00:00,520913.4599,2383,452.31,288312.279
2026-03-19 18:20:00+00:00,636.98,637.21,636.78,636.83,713.2,2026-03-19 18:24:59.999000+00:00,454267.7423,1741,446.53,284405.6245
2026-03-19 18:25:00+00:00,636.83,636.86,636.26,636.42,749.89,2026-03-19 18:29:59.999000+00:00,477388.5522,1583,316.85,201710.8836
2026-03-19 18:30:00+00:00,636.43,636.66,635.9,636.13,913.93,2026-03-19 18:34:59.999000+00:00,581554.6397,2303,474.4,301867.0849
2026-03-19 18:35:00+00:00,636.14,636.7,635.95,636.19,535.91,2026-03-19 18:39:59.999000+00:00,340999.9567,1747,348.66,221867.5339
2026-03-19 18:40:00+00:00,636.2,636.3,635.97,636.29,311.91,2026-03-19 18:44:59.999000+00:00,198403.1598,1239,184.14,117129.4303
2026-03-19 18:45:00+00:00,636.29,636.45,636.1,636.15,562.51,2026-03-19 18:49:59.999000+00:00,357892.038,1572,260.84,165963.8165
2026-03-19 18:50:00+00:00,636.15,636.72,635.97,636.51,1005.55,2026-03-19 18:54:59.999000+00:00,639908.3298,1738,321.44,204551.736
2026-03-19 18:55:00+00:00,636.52,637.7,636.42,637.57,638.88,2026-03-19 18:59:59.999000+00:00,407067.9857,1949,479.94,305795.7066
2026-03-19 19:00:00+00:00,637.57,639.35,637.51,638.97,2592.75,2026-03-19 19:04:59.999000+00:00,1655816.3744,5452,1567.38,1000967.816
2026-03-19 19:05:00+00:00,638.98,640.7,638.97,639.72,3622.7,2026-03-19 19:09:59.999000+00:00,2318033.9302,8396,2151.0,1376292.4877
2026-03-19 19:10:00+00:00,639.71,641.8,639.14,640.3,7586.52,2026-03-19 19:14:59.999000+00:00,4858698.3006,8996,3206.55,2053870.7689
2026-03-19 19:15:00+00:00,640.29,641.75,639.65,641.6,3034.67,2026-03-19 19:19:59.999000+00:00,1943701.7559,5407,2165.08,1386659.0984
2026-03-19 19:20:00+00:00,641.61,642.14,641.16,641.91,3729.78,2026-03-19 19:24:59.999000+00:00,2393530.4428,5240,2340.89,1502249.467
2026-03-19 19:25:00+00:00,641.91,641.91,638.79,640.08,17429.17,2026-03-19 19:29:59.999000+00:00,11145536.7927,7914,7619.06,4870189.7145
2026-03-19 19:30:00+00:00,640.08,640.32,639.17,639.71,2352.73,2026-03-19 19:34:59.999000+00:00,1504924.5885,4200,1280.56,818980.3037
2026-03-19 19:35:00+00:00,639.71,640.28,638.76,640.12,1943.38,2026-03-19 19:39:59.999000+00:00,1242579.6168,3593,1200.74,767733.4975
2026-03-19 19:40:00+00:00,640.13,640.88,639.97,640.66,986.82,2026-03-19 19:44:59.999000+00:00,631955.2798,2366,431.6,276405.3738
2026-03-19 19:45:00+00:00,640.66,640.99,640.44,640.57,727.5,2026-03-19 19:49:59.999000+00:00,466063.9779,1999,321.25,205799.0291
2026-03-19 19:50:00+00:00,640.56,640.56,639.4,639.96,1062.7,2026-03-19 19:54:59.999000+00:00,680098.6034,2713,447.7,286498.678
2026-03-19 19:55:00+00:00,639.96,640.19,639.58,639.79,884.76,2026-03-19 19:59:59.999000+00:00,566154.0958,1868,469.22,300243.1785
2026-03-19 20:00:00+00:00,639.79,640.15,639.54,639.98,1235.41,2026-03-19 20:04:59.999000+00:00,790387.0331,2400,617.44,395026.3081
2026-03-19 20:05:00+00:00,639.97,640.34,639.76,640.05,683.4,2026-03-19 20:09:59.999000+00:00,437392.3133,1659,441.77,282741.1499
2026-03-19 20:10:00+00:00,640.05,640.46,639.17,640.45,1394.9,2026-03-19 20:14:59.999000+00:00,892550.5144,2446,1063.71,680717.4699
2026-03-19 20:15:00+00:00,640.46,641.23,640.29,641.0,1647.23,2026-03-19 20:19:59.999000+00:00,1055575.9228,2481,933.85,598454.9614
2026-03-19 20:20:00+00:00,641.01,642.02,640.65,640.68,3896.83,2026-03-19 20:24:59.999000+00:00,2499671.5205,3249,2880.01,1847516.8814
2026-03-19 20:25:00+00:00,640.68,641.1,640.26,640.32,596.09,2026-03-19 20:29:59.999000+00:00,381935.7328,1332,319.98,205017.683
2026-03-19 20:30:00+00:00,640.32,640.92,640.24,640.82,536.09,2026-03-19 20:34:59.999000+00:00,343390.5457,1329,374.19,239671.9199
2026-03-19 20:35:00+00:00,640.82,642.06,640.75,642.06,2024.89,2026-03-19 20:39:59.999000+00:00,1298998.6747,2472,1724.17,1106070.8183
2026-03-19 20:40:00+00:00,642.06,642.8,641.57,641.92,1720.57,2026-03-19 20:44:59.999000+00:00,1105005.5502,2639,942.11,605064.7409
2026-03-19 20:45:00+00:00,641.93,642.24,641.47,641.92,897.54,2026-03-19 20:49:59.999000+00:00,576122.1708,1810,494.6,317495.6072
2026-03-19 20:50:00+00:00,641.93,641.98,641.66,641.85,454.75,2026-03-19 20:54:59.999000+00:00,291859.2292,960,254.06,163053.2032
2026-03-19 20:55:00+00:00,641.85,641.94,641.57,641.76,652.7,2026-03-19 20:59:59.999000+00:00,418867.3189,1106,293.6,188415.5107
2026-03-19 21:00:00+00:00,641.77,642.48,641.6,642.2,1001.05,2026-03-19 21:04:59.999000+00:00,642819.8647,2056,672.35,431740.9677
2026-03-19 21:05:00+00:00,642.22,643.07,642.22,643.07,1411.42,2026-03-19 21:09:59.999000+00:00,907236.0152,2080,1018.05,654378.0805
2026-03-19 21:10:00+00:00,643.06,643.67,641.87,643.37,6391.1,2026-03-19 21:14:59.999000+00:00,4108727.6002,4080,2996.22,1926712.4589
2026-03-19 21:15:00+00:00,643.37,643.37,642.82,642.84,1185.71,2026-03-19 21:19:59.999000+00:00,762598.6941,1624,397.79,255849.539
2026-03-19 21:20:00+00:00,642.84,642.99,642.27,642.62,1269.91,2026-03-19 21:24:59.999000+00:00,816138.4164,1765,408.03,262229.2183
2026-03-19 21:25:00+00:00,642.61,642.9,642.26,642.6,531.49,2026-03-19 21:29:59.999000+00:00,341540.2818,1070,202.14,129907.4102
2026-03-19 21:30:00+00:00,642.6,642.85,642.03,642.2,578.58,2026-03-19 21:34:59.999000+00:00,371742.7368,1335,241.24,154981.1789
2026-03-19 21:35:00+00:00,642.2,642.45,641.87,641.88,502.63,2026-03-19 21:39:59.999000+00:00,322720.1142,1038,184.21,118274.8761
2026-03-19 21:40:00+00:00,641.87,642.02,641.42,641.57,769.32,2026-03-19 21:44:59.999000+00:00,493677.5335,1373,368.48,236464.9538
2026-03-19 21:45:00+00:00,641.58,641.59,641.35,641.35,276.28,2026-03-19 21:49:59.999000+00:00,177228.9587,757,128.57,82474.1489
2026-03-19 21:50:00+00:00,641.35,641.62,641.27,641.32,306.89,2026-03-19 21:54:59.999000+00:00,196843.6337,1035,217.27,139358.8947
2026-03-19 21:55:00+00:00,641.33,642.3,641.33,641.94,481.1,2026-03-19 21:59:59.999000+00:00,308917.3354,1307,177.42,113894.5491
2026-03-19 22:00:00+00:00,641.94,642.24,641.0,641.0,804.38,2026-03-19 22:04:59.999000+00:00,516069.0721,2838,336.39,215851.5524
2026-03-19 22:05:00+00:00,641.0,641.65,640.4,641.45,931.57,2026-03-19 22:09:59.999000+00:00,596951.7044,2406,298.84,191515.1261
2026-03-19 22:10:00+00:00,641.45,641.85,641.09,641.55,467.07,2026-03-19 22:14:59.999000+00:00,299588.3616,1496,221.64,142162.8811
2026-03-19 22:15:00+00:00,641.55,641.87,641.07,641.8,470.71,2026-03-19 22:19:59.999000+00:00,301918.1338,1426,276.31,177223.126
2026-03-19 22:20:00+00:00,641.79,641.88,641.34,641.6,397.67,2026-03-19 22:24:59.999000+00:00,255151.9032,987,136.27,87426.7301
2026-03-19 22:25:00+00:00,641.6,641.81,641.51,641.51,242.6,2026-03-19 22:29:59.999000+00:00,155675.3219,813,94.26,60482.1315
2026-03-19 22:30:00+00:00,641.51,641.51,639.41,639.98,1789.94,2026-03-19 22:34:59.999000+00:00,1145872.4176,3505,880.67,563616.9299
2026-03-19 22:35:00+00:00,639.98,640.04,638.63,639.33,2008.61,2026-03-19 22:39:59.999000+00:00,1283726.1527,3671,992.27,634108.6674
2026-03-19 22:40:00+00:00,639.32,639.35,638.69,639.26,510.33,2026-03-19 22:44:59.999000+00:00,326086.5903,1431,229.05,146344.4078
2026-03-19 22:45:00+00:00,639.25,639.51,639.07,639.51,818.8,2026-03-19 22:49:59.999000+00:00,523384.8887,1630,515.93,329779.9091
2026-03-19 22:50:00+00:00,639.52,639.99,639.52,639.92,770.0,2026-03-19 22:54:59.999000+00:00,492619.3314,1453,409.64,262064.0063
2026-03-19 22:55:00+00:00,639.92,640.17,639.67,640.17,782.41,2026-03-19 22:59:59.999000+00:00,500660.1968,1243,505.17,323262.6717
2026-03-19 23:00:00+00:00,640.17,641.3,640.17,641.12,1608.23,2026-03-19 23:04:59.999000+00:00,1030394.1712,3324,879.05,563198.4695
2026-03-19 23:05:00+00:00,641.12,641.29,641.02,641.1,736.54,2026-03-19 23:09:59.999000+00:00,472238.8699,1750,444.42,284939.9501
2026-03-19 23:10:00+00:00,641.09,641.3,640.91,641.12,573.53,2026-03-19 23:14:59.999000+00:00,367708.1008,1323,362.6,232472.4933
2026-03-19 23:15:00+00:00,641.12,641.12,640.06,640.14,1076.99,2026-03-19 23:19:59.999000+00:00,689876.4622,2152,672.84,430959.0156
2026-03-19 23:20:00+00:00,640.14,640.16,638.44,638.84,2165.99,2026-03-19 23:24:59.999000+00:00,1384321.545,2486,940.63,600991.2107
2026-03-19 23:25:00+00:00,638.84,639.84,638.84,639.83,1004.73,2026-03-19 23:29:59.999000+00:00,642317.2305,1535,723.98,462829.0234
2026-03-19 23:30:00+00:00,639.83,640.11,638.93,638.94,1088.13,2026-03-19 23:34:59.999000+00:00,695984.1166,3126,448.36,286791.1694
2026-03-19 23:35:00+00:00,638.94,639.15,637.98,637.99,2477.41,2026-03-19 23:39:59.999000+00:00,1582393.6681,2822,894.02,571074.1072
2026-03-19 23:40:00+00:00,637.99,638.65,637.91,638.37,1171.83,2026-03-19 23:44:59.999000+00:00,747884.736,1921,774.04,494009.4678
2026-03-19 23:45:00+00:00,638.36,638.5,638.03,638.43,837.16,2026-03-19 23:49:59.999000+00:00,534294.4839,1581,465.45,297056.5271
2026-03-19 23:50:00+00:00,638.42,638.91,638.3,638.91,460.14,2026-03-19 23:54:59.999000+00:00,293805.6537,1107,251.76,160768.9105
2026-03-19 23:55:00+00:00,638.91,639.27,638.69,638.82,679.43,2026-03-19 23:59:59.999000+00:00,434133.7203,1369,391.5,250146.2331
2026-03-20 00:00:00+00:00,638.83,639.01,638.14,638.34,1323.72,2026-03-20 00:04:59.999000+00:00,845361.9132,2443,461.51,294727.5533
2026-03-20 00:05:00+00:00,638.34,639.57,638.33,639.18,1222.34,2026-03-20 00:09:59.999000+00:00,780872.4948,2443,703.67,449533.2439
2026-03-20 00:10:00+00:00,639.19,640.07,639.19,639.71,1123.52,2026-03-20 00:14:59.999000+00:00,718741.9086,2374,680.22,435132.0216
2026-03-20 00:15:00+00:00,639.71,640.5,639.58,640.01,1396.89,2026-03-20 00:19:59.999000+00:00,894042.1826,2668,763.66,488733.9822
2026-03-20 00:20:00+00:00,640.01,640.05,638.75,639.19,1251.29,2026-03-20 00:24:59.999000+00:00,800156.9222,2446,440.77,281870.3727
2026-03-20 00:25:00+00:00,639.19,639.69,639.01,639.57,847.44,2026-03-20 00:29:59.999000+00:00,541887.7801,1817,394.82,252455.6154
2026-03-20 00:30:00+00:00,639.56,639.92,639.36,639.65,949.75,2026-03-20 00:34:59.999000+00:00,607410.6885,2010,354.56,226765.2596
2026-03-20 00:35:00+00:00,639.65,640.48,639.26,640.48,1103.95,2026-03-20 00:39:59.999000+00:00,706285.3452,2559,662.45,423836.3062
2026-03-20 00:40:00+00:00,640.48,641.82,640.38,640.73,4367.4,2026-03-20 00:44:59.999000+00:00,2800157.479,3623,3401.07,2180763.4623
2026-03-20 00:45:00+00:00,640.74,641.04,640.58,640.68,1124.8,2026-03-20 00:49:59.999000+00:00,720768.7966,1598,415.54,266277.9012
2026-03-20 00:50:00+00:00,640.68,641.17,640.13,640.32,2942.85,2026-03-20 00:54:59.999000+00:00,1884647.0517,2601,767.56,491833.4391
2026-03-20 00:55:00+00:00,640.32,640.77,640.29,640.59,818.48,2026-03-20 00:59:59.999000+00:00,524221.0959,1771,475.9,304798.2462
2026-03-20 01:00:00+00:00,640.6,642.1,640.55,641.56,1797.51,2026-03-20 01:04:59.999000+00:00,1153088.7226,4051,1091.37,700102.2035
2026-03-20 01:05:00+00:00,641.56,641.89,641.35,641.61,1159.83,2026-03-20 01:09:59.999000+00:00,744199.0326,2595,700.92,449735.6941
2026-03-20 01:10:00+00:00,641.61,641.83,640.78,641.15,1087.06,2026-03-20 01:14:59.999000+00:00,697041.8459,2242,408.73,262089.2585
2026-03-20 01:15:00+00:00,641.15,641.37,640.45,640.88,1211.1,2026-03-20 01:19:59.999000+00:00,776216.7301,2372,672.05,430699.8569
2026-03-20 01:20:00+00:00,640.89,641.12,640.46,640.78,673.93,2026-03-20 01:24:59.999000+00:00,431872.2038,1925,268.6,172127.9478
2026-03-20 01:25:00+00:00,640.78,641.25,640.69,641.12,644.15,2026-03-20 01:29:59.999000+00:00,412916.5522,1800,272.42,174608.5909
2026-03-20 01:30:00+00:00,641.12,642.3,641.12,641.66,1181.57,2026-03-20 01:34:59.999000+00:00,758375.3858,2964,738.51,474003.795
2026-03-20 01:35:00+00:00,641.66,642.98,641.42,642.92,1463.43,2026-03-20 01:39:59.999000+00:00,940025.0322,3181,1041.31,668885.9538
2026-03-20 01:40:00+00:00,642.92,643.27,642.81,643.23,1076.1,2026-03-20 01:44:59.999000+00:00,692022.1729,2253,735.94,473265.4345
2026-03-20 01:45:00+00:00,643.24,643.49,642.75,643.07,1570.79,2026-03-20 01:49:59.999000+00:00,1010213.6955,2816,663.85,426926.7879
2026-03-20 01:50:00+00:00,643.06,643.07,642.47,642.51,809.88,2026-03-20 01:54:59.999000+00:00,520502.5674,1531,273.0,175461.7788
2026-03-20 01:55:00+00:00,642.5,642.68,641.57,641.63,726.74,2026-03-20 01:59:59.999000+00:00,466539.4954,1862,208.64,133930.3613
2026-03-20 02:00:00+00:00,641.63,641.79,640.62,641.21,913.86,2026-03-20 02:04:59.999000+00:00,585930.6585,2872,445.1,285366.3626
2026-03-20 02:05:00+00:00,641.2,641.9,641.13,641.18,556.11,2026-03-20 02:09:59.999000+00:00,356748.6316,2148,359.96,230928.5314
2026-03-20 02:10:00+00:00,641.18,641.4,641.12,641.12,388.02,2026-03-20 02:14:59.999000+00:00,248820.9247,1609,203.8,130687.4899
2026-03-20 02:15:00+00:00,641.13,641.21,640.13,640.64,1563.95,2026-03-20 02:19:59.999000+00:00,1001863.6969,2916,627.6,401999.3918
2026-03-20 02:20:00+00:00,640.63,640.95,640.03,640.15,1080.18,2026-03-20 02:24:59.999000+00:00,691744.2547,1929,422.16,270342.9943
2026-03-20 02:25:00+00:00,640.15,640.24,639.79,640.17,1173.23,2026-03-20 02:29:59.999000+00:00,750854.9702,2110,446.15,285525.4795
2026-03-20 02:30:00+00:00,640.17,640.36,639.24,639.3,986.14,2026-03-20 02:34:59.999000+00:00,630708.5273,2554,338.49,216475.3767
2026-03-20 02:35:00+00:00,639.3,639.74,638.78,639.74,2011.12,2026-03-20 02:39:59.999000+00:00,1285513.726,2503,680.42,435057.2008
2026-03-20 02:40:00+00:00,639.74,641.17,639.74,641.09,959.94,2026-03-20 02:44:59.999000+00:00,615012.8501,2118,668.78,428486.0721
2026-03-20 02:45:00+00:00,641.09,641.61,640.59,641.61,1484.82,2026-03-20 02:49:59.999000+00:00,951870.0816,2494,997.3,639351.0582
2026-03-20 02:50:00+00:00,641.61,642.56,641.58,642.55,1120.97,2026-03-20 02:54:59.999000+00:00,719660.4751,1766,787.31,505419.5046
2026-03-20 02:55:00+00:00,642.56,642.78,642.17,642.22,1442.11,2026-03-20 02:59:59.999000+00:00,926633.0137,1649,750.41,482185.1301
2026-03-20 03:00:00+00:00,642.21,642.78,641.96,642.34,1716.97,2026-03-20 03:04:59.999000+00:00,1102910.6468,2217,981.25,630364.8976
2026-03-20 03:05:00+00:00,642.34,642.91,642.12,642.41,1313.79,2026-03-20 03:09:59.999000+00:00,844253.7875,2402,589.31,378720.9191
2026-03-20 03:10:00+00:00,642.41,642.57,642.09,642.1,641.52,2026-03-20 03:14:59.999000+00:00,412088.8843,1719,283.4,182055.6455
2026-03-20 03:15:00+00:00,642.1,643.15,642.05,643.15,1017.33,2026-03-20 03:19:59.999000+00:00,653803.5433,2105,697.78,448493.2094
2026-03-20 03:20:00+00:00,643.14,643.22,642.62,642.92,696.78,2026-03-20 03:24:59.999000+00:00,447991.1909,2082,276.16,177563.4968
2026-03-20 03:25:00+00:00,642.93,643.96,642.78,643.83,1471.49,2026-03-20 03:29:59.999000+00:00,946758.5533,2523,915.95,589439.8829
2026-03-20 03:30:00+00:00,643.83,644.68,643.82,644.02,3055.07,2026-03-20 03:34:59.999000+00:00,1968457.4516,4958,1849.14,1191417.3451
2026-03-20 03:35:00+00:00,644.02,644.19,643.08,643.28,938.92,2026-03-20 03:39:59.999000+00:00,604185.909,2221,377.42,242876.6387
2026-03-20 03:40:00+00:00,643.27,643.46,642.8,642.9,1094.65,2026-03-20 03:44:59.999000+00:00,703937.733,2096,206.32,132695.6805
2026-03-20 03:45:00+00:00,642.89,643.43,642.51,643.09,968.09,2026-03-20 03:49:59.999000+00:00,622414.4962,1897,454.67,292358.1541
2026-03-20 03:50:00+00:00,643.09,644.0,642.94,643.99,1708.75,2026-03-20 03:54:59.999000+00:00,1099925.0338,2838,822.03,529062.4296
2026-03-20 03:55:00+00:00,643.99,644.18,643.78,643.92,478.7,2026-03-20 03:59:59.999000+00:00,308289.1159,1538,189.74,122199.0596
2026-03-20 04:00:00+00:00,643.91,644.16,643.38,643.89,850.67,2026-03-20 04:04:59.999000+00:00,547643.9331,2677,400.11,257583.6154
2026-03-20 04:05:00+00:00,643.89,645.59,643.83,644.87,2972.04,2026-03-20 04:09:59.999000+00:00,1916450.7893,3827,2417.31,1558819.1296
2026-03-20 04:10:00+00:00,644.88,645.15,644.68,644.87,1565.46,2026-03-20 04:14:59.999000+00:00,1009663.9346,2417,700.33,451689.786
2026-03-20 04:15:00+00:00,644.87,644.93,644.44,644.62,1042.25,2026-03-20 04:19:59.999000+00:00,671940.3854,2431,543.28,350282.2996
2026-03-20 04:20:00+00:00,644.63,644.84,644.05,644.71,1608.24,2026-03-20 04:24:59.999000+00:00,1036555.4902,2207,553.06,356451.3733
2026-03-20 04:25:00+00:00,644.71,644.73,644.41,644.59,685.08,2026-03-20 04:29:59.999000+00:00,441599.5849,1330,435.54,280753.6769
2026-03-20 04:30:00+00:00,644.6,644.73,642.0,642.15,4959.46,2026-03-20 04:34:59.999000+00:00,3189659.1049,4199,1039.62,668110.8672
2026-03-20 04:35:00+00:00,642.16,642.34,641.83,642.03,1485.06,2026-03-20 04:39:59.999000+00:00,953544.0007,2033,588.35,377778.142
2026-03-20 04:40:00+00:00,642.04,642.04,641.57,641.61,1015.28,2026-03-20 04:44:59.999000+00:00,651538.224,1885,475.77,305324.6421
2026-03-20 04:45:00+00:00,641.6,642.52,641.24,642.52,1539.91,2026-03-20 04:49:59.999000+00:00,988119.8288,2520,612.36,393021.9681
2026-03-20 04:50:00+00:00,642.51,642.99,642.12,642.99,1042.76,2026-03-20 04:54:59.999000+00:00,670072.0037,1860,612.25,393441.102
2026-03-20 04:55:00+00:00,642.99,643.87,642.97,643.67,857.82,2026-03-20 04:59:59.999000+00:00,552051.7058,2006,485.37,312331.3848
2026-03-20 05:00:00+00:00,643.67,644.35,643.47,643.62,1254.63,2026-03-20 05:04:59.999000+00:00,807821.949,3041,645.28,415497.1065
2026-03-20 05:05:00+00:00,643.62,643.88,643.12,643.88,1133.5,2026-03-20 05:09:59.999000+00:00,729345.3547,2409,708.93,456158.7774
2026-03-20 05:10:00+00:00,643.88,643.88,643.43,643.69,697.73,2026-03-20 05:14:59.999000+00:00,449091.9784,1491,456.49,293807.3792
2026-03-20 05:15:00+00:00,643.7,644.15,643.29,643.61,1205.72,2026-03-20 05:19:59.999000+00:00,776015.2942,1958,555.13,357273.2163
2026-03-20 05:20:00+00:00,643.6,643.82,642.95,642.96,880.2,2026-03-20 05:24:59.999000+00:00,566186.2263,1728,290.27,186706.9949
2026-03-20 05:25:00+00:00,642.96,643.19,642.09,642.14,1044.28,2026-03-20 05:29:59.999000+00:00,671189.1751,2182,372.3,239279.9263
2026-03-20 05:30:00+00:00,642.14,642.15,641.61,641.89,1278.98,2026-03-20 05:34:59.999000+00:00,821023.996,2267,523.93,336302.7703
2026-03-20 05:35:00+00:00,641.88,643.14,641.69,642.85,1504.21,2026-03-20 05:39:59.999000+00:00,966261.0572,2856,988.76,635124.3416
2026-03-20 05:40:00+00:00,642.85,643.49,642.79,643.34,850.9,2026-03-20 05:44:59.999000+00:00,547209.8512,1784,341.41,219558.5731
2026-03-20 05:45:00+00:00,643.33,643.5,643.24,643.42,770.01,2026-03-20 05:49:59.999000+00:00,495412.172,1425,353.6,227491.3604
2026-03-20 05:50:00+00:00,643.42,643.69,642.94,642.95,1304.78,2026-03-20 05:54:59.999000+00:00,839416.2689,1718,398.8,256578.4389
2026-03-20 05:55:00+00:00,642.94,643.01,642.46,642.89,832.53,2026-03-20 05:59:59.999000+00:00,535110.3695,1537,478.88,307792.3259
2026-03-20 06:00:00+00:00,642.89,642.89,642.07,642.41,1208.97,2026-03-20 06:04:59.999000+00:00,776752.1771,2783,562.67,361548.2151
2026-03-20 06:05:00+00:00,642.41,642.61,641.96,641.96,961.99,2026-03-20 06:09:59.999000+00:00,617788.8628,2227,440.61,282944.2374
2026-03-20 06:10:00+00:00,641.97,642.11,641.67,642.11,1100.65,2026-03-20 06:14:59.999000+00:00,706569.0339,2065,468.49,300747.1169
2026-03-20 06:15:00+00:00,642.1,642.11,641.23,641.33,934.98,2026-03-20 06:19:59.999000+00:00,599807.5966,2069,382.57,245402.6907
2026-03-20 06:20:00+00:00,641.33,641.69,641.01,641.3,1052.39,2026-03-20 06:24:59.999000+00:00,674847.7538,2020,535.72,343546.995
2026-03-20 06:25:00+00:00,641.3,641.85,641.2,641.85,604.06,2026-03-20 06:29:59.999000+00:00,387524.5974,1514,464.75,298163.694
2026-03-20 06:30:00+00:00,641.85,642.28,640.96,641.65,1270.56,2026-03-20 06:34:59.999000+00:00,815344.7845,2847,752.09,482662.776
2026-03-20 06:35:00+00:00,641.65,641.8,641.38,641.38,545.35,2026-03-20 06:39:59.999000+00:00,349914.6849,1424,279.04,179044.1216
2026-03-20 06:40:00+00:00,641.38,641.85,640.9,641.81,1170.45,2026-03-20 06:44:59.999000+00:00,750681.5733,2454,712.71,457110.4532
2026-03-20 06:45:00+00:00,641.8,642.22,641.6,642.02,854.02,2026-03-20 06:49:59.999000+00:00,548239.9318,2069,469.41,301322.3452
2026-03-20 06:50:00+00:00,642.03,642.42,641.97,641.97,607.6,2026-03-20 06:54:59.999000+00:00,390219.5905,1539,396.77,254816.4742
2026-03-20 06:55:00+00:00,641.97,642.16,641.61,642.07,832.05,2026-03-20 06:59:59.999000+00:00,534090.7311,1433,351.09,225359.4695
2026-03-20 07:00:00+00:00,642.06,642.06,639.31,640.2,3666.41,2026-03-20 07:04:59.999000+00:00,2346597.9726,6404,1460.27,934535.9319
2026-03-20 07:05:00+00:00,640.2,641.23,639.93,640.96,1028.09,2026-03-20 07:09:59.999000+00:00,658442.1298,2902,751.8,481495.0055
2026-03-20 07:10:00+00:00,640.96,640.96,639.95,640.17,1040.79,2026-03-20 07:14:59.999000+00:00,666490.324,2618,568.19,363839.0022
2026-03-20 07:15:00+00:00,640.17,640.9,639.95,640.63,1508.4,2026-03-20 07:19:59.999000+00:00,965967.564,2497,665.7,426401.6791
2026-03-20 07:20:00+00:00,640.63,642.62,640.59,641.99,1969.62,2026-03-20 07:24:59.999000+00:00,1264702.1717,3170,965.25,619616.937
2026-03-20 07:25:00+00:00,641.99,642.2,641.64,641.71,562.66,2026-03-20 07:29:59.999000+00:00,361181.0539,1512,358.55,230156.2448
2026-03-20 07:30:00+00:00,641.71,643.4,641.36,643.05,2882.53,2026-03-20 07:34:59.999000+00:00,1852135.176,3871,1699.6,1092072.2725
2026-03-20 07:35:00+00:00,643.05,643.94,642.95,643.66,1870.83,2026-03-20 07:39:59.999000+00:00,1203825.9857,2870,1149.79,739845.5661
2026-03-20 07:40:00+00:00,643.65,644.3,643.65,644.2,1289.47,2026-03-20 07:44:59.999000+00:00,830332.6272,2600,793.02,510646.0356
2026-03-20 07:45:00+00:00,644.21,644.3,643.47,643.63,1527.23,2026-03-20 07:49:59.999000+00:00,983326.1001,3015,566.9,364962.4834
2026-03-20 07:50:00+00:00,643.62,643.83,643.4,643.64,929.66,2026-03-20 07:54:59.999000+00:00,598359.5639,2063,509.87,328169.2694
2026-03-20 07:55:00+00:00,643.63,643.88,643.54,643.69,672.09,2026-03-20 07:59:59.999000+00:00,432621.4351,1332,276.0,177652.6457
2026-03-20 08:00:00+00:00,643.68,643.82,643.3,643.35,1337.08,2026-03-20 08:04:59.999000+00:00,860502.6635,2785,686.36,441713.1144
2026-03-20 08:05:00+00:00,643.35,645.91,643.35,645.77,4514.04,2026-03-20 08:09:59.999000+00:00,2910983.9795,5676,2688.58,1733673.5703
2026-03-20 08:10:00+00:00,645.77,647.33,645.66,646.53,5184.7,2026-03-20 08:14:59.999000+00:00,3352134.5388,9045,3256.1,2105109.1977
2026-03-20 08:15:00+00:00,646.52,646.56,645.9,646.32,1642.35,2026-03-20 08:19:59.999000+00:00,1061311.8913,3977,867.49,560580.7312
2026-03-20 08:20:00+00:00,646.31,646.57,645.58,646.17,1829.4,2026-03-20 08:24:59.999000+00:00,1181865.7918,4171,1034.87,668589.1338
2026-03-20 08:25:00+00:00,646.17,646.51,645.94,646.07,1816.07,2026-03-20 08:29:59.999000+00:00,1173549.9287,3217,852.99,551206.5416
2026-03-20 08:30:00+00:00,646.07,646.75,645.42,646.68,1923.5,2026-03-20 08:34:59.999000+00:00,1242431.0007,4280,1179.73,762080.1464
2026-03-20 08:35:00+00:00,646.68,646.73,646.01,646.55,869.22,2026-03-20 08:39:59.999000+00:00,561743.5247,2525,542.75,350742.5158
2026-03-20 08:40:00+00:00,646.55,646.71,646.17,646.43,988.41,2026-03-20 08:44:59.999000+00:00,638961.2973,2325,543.93,351630.1003
2026-03-20 08:45:00+00:00,646.43,646.43,645.67,646.13,1101.06,2026-03-20 08:49:59.999000+00:00,711252.3163,2458,430.88,278361.2334
2026-03-20 08:50:00+00:00,646.13,646.32,645.58,645.75,863.41,2026-03-20 08:54:59.999000+00:00,557725.2726,2279,436.34,281876.0495
2026-03-20 08:55:00+00:00,645.74,646.46,645.7,646.13,1467.46,2026-03-20 08:59:59.999000+00:00,948178.3412,2396,1041.1,672693.0412
2026-03-20 09:00:00+00:00,646.14,646.15,645.12,645.62,1647.38,2026-03-20 09:04:59.999000+00:00,1063384.5342,3940,857.77,553696.6442
2026-03-20 09:05:00+00:00,645.62,645.69,644.74,645.6,1135.47,2026-03-20 09:09:59.999000+00:00,732479.538,2728,523.39,337629.1914
2026-03-20 09:10:00+00:00,645.59,645.6,644.47,644.47,1079.42,2026-03-20 09:14:59.999000+00:00,696235.0475,2325,438.43,282821.3097
2026-03-20 09:15:00+00:00,644.47,644.47,642.9,643.16,2562.13,2026-03-20 09:19:59.999000+00:00,1649389.9023,3781,873.02,561881.9371
2026-03-20 09:20:00+00:00,643.16,643.16,641.42,641.53,2569.67,2026-03-20 09:24:59.999000+00:00,1650727.3028,3969,1230.65,790613.3295
2026-03-20 09:25:00+00:00,641.53,642.11,641.18,641.68,2022.75,2026-03-20 09:29:59.999000+00:00,1298145.4976,3534,1298.26,833236.4992
2026-03-20 09:30:00+00:00,641.68,642.7,641.67,642.37,1891.26,2026-03-20 09:34:59.999000+00:00,1214721.0222,3110,1623.45,1042713.3842
2026-03-20 09:35:00+00:00,642.37,643.0,642.37,642.82,865.41,2026-03-20 09:39:59.999000+00:00,556267.5952,1950,685.48,440611.0047
2026-03-20 09:40:00+00:00,642.82,643.1,642.36,642.97,904.67,2026-03-20 09:44:59.999000+00:00,581506.0042,2315,589.8,379104.295
2026-03-20 09:45:00+00:00,642.96,642.96,641.85,641.86,1729.85,2026-03-20 09:49:59.999000+00:00,1111075.6202,2894,530.85,341020.6893
2026-03-20 09:50:00+00:00,641.85,642.15,640.73,641.04,1621.66,2026-03-20 09:54:59.999000+00:00,1040191.9934,2925,826.86,530424.8814
2026-03-20 09:55:00+00:00,641.04,641.58,641.04,641.57,1113.11,2026-03-20 09:59:59.999000+00:00,713896.4888,1656,634.27,406782.6502
2026-03-20 10:00:00+00:00,641.58,641.69,640.7,641.0,885.68,2026-03-20 10:04:59.999000+00:00,568016.6416,2569,450.38,288884.2258
2026-03-20 10:05:00+00:00,641.01,641.44,640.45,640.78,982.72,2026-03-20 10:09:59.999000+00:00,629848.566,2861,454.21,291109.6891
2026-03-20 10:10:00+00:00,640.78,640.93,640.26,640.77,1530.96,2026-03-20 10:14:59.999000+00:00,980655.2859,2710,870.99,557880.5014
2026-03-20 10:15:00+00:00,640.77,641.49,640.32,640.92,1628.56,2026-03-20 10:19:59.999000+00:00,1043931.0852,2667,1081.6,693388.7973
2026-03-20 10:20:00+00:00,640.92,640.92,640.01,640.63,1063.02,2026-03-20 10:24:59.999000+00:00,680655.18,2115,571.44,365865.7362
2026-03-20 10:25:00+00:00,640.62,641.03,640.47,640.81,611.46,2026-03-20 10:29:59.999000+00:00,391790.0245,1314,304.12,194862.9701
2026-03-20 10:30:00+00:00,640.82,641.57,640.7,641.57,775.17,2026-03-20 10:34:59.999000+00:00,496957.3142,1798,432.48,277277.9861
2026-03-20 10:35:00+00:00,641.57,642.58,641.22,642.58,1940.1,2026-03-20 10:39:59.999000+00:00,1245667.2113,2470,1448.77,930234.8619
2026-03-20 10:40:00+00:00,642.57,643.71,642.39,642.83,3185.64,2026-03-20 10:44:59.999000+00:00,2047932.7303,3459,1484.78,954623.82
2026-03-20 10:45:00+00:00,642.83,643.31,642.71,642.76,930.22,2026-03-20 10:49:59.999000+00:00,598151.8207,1881,421.72,271169.8646
2026-03-20 10:50:00+00:00,642.75,643.15,642.66,642.75,570.67,2026-03-20 10:54:59.999000+00:00,366878.2533,1289,376.0,241724.3748
2026-03-20 10:55:00+00:00,642.75,642.86,642.48,642.86,596.25,2026-03-20 10:59:59.999000+00:00,383186.4595,1052,308.06,197982.9192
2026-03-20 11:00:00+00:00,642.85,643.84,642.53,643.39,1268.2,2026-03-20 11:04:59.999000+00:00,815689.7574,2411,723.82,465513.7641
2026-03-20 11:05:00+00:00,643.4,643.85,643.29,643.64,1065.67,2026-03-20 11:09:59.999000+00:00,685843.8264,2120,473.8,304932.0409
2026-03-20 11:10:00+00:00,643.64,643.98,642.87,643.9,2056.51,2026-03-20 11:14:59.999000+00:00,1323230.4763,3222,827.52,532525.6917
2026-03-20 11:15:00+00:00,643.9,643.9,642.75,642.81,1117.15,2026-03-20 11:19:59.999000+00:00,718450.2392,2557,399.79,257086.2197
2026-03-20 11:20:00+00:00,642.81,643.07,642.51,642.82,609.55,2026-03-20 11:24:59.999000+00:00,391773.1146,1580,349.82,224836.2111
2026-03-20 11:25:00+00:00,642.83,642.83,642.36,642.45,314.77,2026-03-20 11:29:59.999000+00:00,202279.8175,1025,193.41,124289.88
2026-03-20 11:30:00+00:00,642.44,642.64,642.28,642.5,532.39,2026-03-20 11:34:59.999000+00:00,342002.9721,1337,349.39,224440.5478
2026-03-20 11:35:00+00:00,642.49,642.5,640.33,640.63,2548.48,2026-03-20 11:39:59.999000+00:00,1633388.7137,3639,1053.0,674780.8215
2026-03-20 11:40:00+00:00,640.64,641.27,640.61,640.86,1562.31,2026-03-20 11:44:59.999000+00:00,1001350.051,2330,803.76,515148.1644
2026-03-20 11:45:00+00:00,640.85,640.96,640.3,640.64,1118.02,2026-03-20 11:49:59.999000+00:00,716193.384,1941,545.39,349381.3658
2026-03-20 11:50:00+00:00,640.64,640.69,640.21,640.63,398.92,2026-03-20 11:54:59.999000+00:00,255497.4297,1416,211.39,135382.688
2026-03-20 11:55:00+00:00,640.63,641.33,640.6,641.32,572.92,2026-03-20 11:59:59.999000+00:00,367213.1954,1155,469.63,301019.0557
2026-03-20 12:00:00+00:00,641.33,642.64,641.32,641.74,4426.69,2026-03-20 12:04:59.999000+00:00,2841788.8987,4170,2606.47,1673662.3161
2026-03-20 12:05:00+00:00,641.74,643.0,641.74,642.93,1249.49,2026-03-20 12:09:59.999000+00:00,802925.5581,2708,648.67,416806.8638
2026-03-20 12:10:00+00:00,642.93,643.02,642.56,642.56,748.17,2026-03-20 12:14:59.999000+00:00,480980.5356,1753,365.65,235073.2703
2026-03-20 12:15:00+00:00,642.56,642.78,642.31,642.76,711.56,2026-03-20 12:19:59.999000+00:00,457233.3203,2029,399.72,256844.9648
2026-03-20 12:20:00+00:00,642.75,642.99,642.62,642.67,532.27,2026-03-20 12:24:59.999000+00:00,342125.2218,1277,251.71,161786.4933
2026-03-20 12:25:00+00:00,642.67,642.79,641.96,642.18,730.35,2026-03-20 12:29:59.999000+00:00,469115.0087,1865,224.87,144414.8246
2026-03-20 12:30:00+00:00,642.18,642.31,640.69,640.75,2240.21,2026-03-20 12:34:59.999000+00:00,1436643.8753,3048,742.27,475948.8755
2026-03-20 12:35:00+00:00,640.76,641.74,640.74,640.86,1785.44,2026-03-20 12:39:59.999000+00:00,1145111.9259,2110,1451.35,930878.193
2026-03-20 12:40:00+00:00,640.86,641.07,640.09,641.07,1243.9,2026-03-20 12:44:59.999000+00:00,796708.0315,2372,615.61,394324.9483
2026-03-20 12:45:00+00:00,641.06,641.37,640.55,641.14,1235.99,2026-03-20 12:49:59.999000+00:00,792299.1729,1744,880.84,564656.7916
2026-03-20 12:50:00+00:00,641.14,641.32,640.8,640.99,882.61,2026-03-20 12:54:59.999000+00:00,565780.9494,1498,457.84,293490.2919
2026-03-20 12:55:00+00:00,640.99,641.11,640.8,641.01,448.47,2026-03-20 12:59:59.999000+00:00,287444.4345,1081,292.99,187788.0098
2026-03-20 13:00:00+00:00,641.02,641.79,640.98,641.53,884.47,2026-03-20 13:04:59.999000+00:00,567253.9742,2634,537.04,344423.2774
2026-03-20 13:05:00+00:00,641.54,642.17,641.4,641.76,1092.5,2026-03-20 13:09:59.999000+00:00,701197.6913,2605,554.84,356113.7103
2026-03-20 13:10:00+00:00,641.76,641.77,640.53,641.11,1471.93,2026-03-20 13:14:59.999000+00:00,943403.1803,2814,602.5,386050.5344
2026-03-20 13:15:00+00:00,641.1,641.68,641.02,641.44,864.97,2026-03-20 13:19:59.999000+00:00,554755.4854,2151,534.56,342839.8262
2026-03-20 13:20:00+00:00,641.45,642.0,641.45,641.72,1098.6,2026-03-20 13:24:59.999000+00:00,705104.0992,1914,598.01,383808.3248
2026-03-20 13:25:00+00:00,641.73,642.61,641.57,641.78,1305.94,2026-03-20 13:29:59.999000+00:00,838608.5869,2712,778.03,499634.9998
2026-03-20 13:30:00+00:00,641.78,641.86,638.88,639.6,4811.61,2026-03-20 13:34:59.999000+00:00,3078978.7191,8445,2082.95,1332870.9461
2026-03-20 13:35:00+00:00,639.59,640.59,638.36,639.3,9027.33,2026-03-20 13:39:59.999000+00:00,5770159.8479,9446,2859.82,1828318.2197
2026-03-20 13:40:00+00:00,639.29,641.96,638.68,640.98,3475.6,2026-03-20 13:44:59.999000+00:00,2225599.8216,7837,1854.6,1187537.1597
2026-03-20 13:45:00+00:00,640.98,641.2,639.52,640.56,2554.46,2026-03-20 13:49:59.999000+00:00,1636232.7938,6046,1579.97,1012019.2807
2026-03-20 13:50:00+00:00,640.55,640.62,638.52,639.08,2073.82,2026-03-20 13:54:59.999000+00:00,1325476.5793,4623,1125.67,719409.6247
2026-03-20 13:55:00+00:00,639.07,639.17,637.23,637.65,6369.2,2026-03-20 13:59:59.999000+00:00,4064158.4352,6791,2109.39,1345757.307
2026-03-20 14:00:00+00:00,637.64,638.76,636.31,638.5,6764.52,2026-03-20 14:04:59.999000+00:00,4312164.4617,11361,3591.79,2290110.7991
2026-03-20 14:05:00+00:00,638.51,640.26,638.51,639.36,8543.93,2026-03-20 14:09:59.999000+00:00,5465050.4549,8136,5129.91,3281032.4005
2026-03-20 14:10:00+00:00,639.36,640.51,637.64,637.83,4693.31,2026-03-20 14:14:59.999000+00:00,2998552.9363,6687,2237.32,1429659.5185
2026-03-20 14:15:00+00:00,637.82,638.22,636.78,637.37,3800.12,2026-03-20 14:19:59.999000+00:00,2422397.0426,6094,1751.44,1116745.4696
2026-03-20 14:20:00+00:00,637.37,638.49,636.72,638.41,3306.14,2026-03-20 14:24:59.999000+00:00,2107231.1334,6741,2057.42,1311353.9074
2026-03-20 14:25:00+00:00,638.41,640.55,637.56,639.48,7159.19,2026-03-20 14:29:59.999000+00:00,4579008.2708,7286,5185.29,3316898.1435
2026-03-20 14:30:00+00:00,639.47,641.76,639.47,641.3,4208.16,2026-03-20 14:34:59.999000+00:00,2695722.2176,7521,1965.15,1258941.1872
2026-03-20 14:35:00+00:00,641.3,641.94,640.41,641.22,2879.64,2026-03-20 14:39:59.999000+00:00,1846828.1857,5946,1960.94,1257718.8402
2026-03-20 14:40:00+00:00,641.21,641.63,640.41,640.48,963.57,2026-03-20 14:44:59.999000+00:00,617621.9023,3205,459.25,294387.2879
2026-03-20 14:45:00+00:00,640.49,641.1,640.17,640.39,1400.31,2026-03-20 14:49:59.999000+00:00,896946.3607,3891,867.06,555402.1878
2026-03-20 14:50:00+00:00,640.38,640.38,638.3,638.5,2657.32,2026-03-20 14:54:59.999000+00:00,1698228.9987,4404,750.23,479474.9794
2026-03-20 14:55:00+00:00,638.51,639.52,638.48,638.59,2229.89,2026-03-20 14:59:59.999000+00:00,1424697.8923,3662,1345.68,859818.6351
2026-03-20 15:00:00+00:00,638.6,639.63,637.85,638.46,2317.7,2026-03-20 15:04:59.999000+00:00,1480490.0815,5820,1253.43,800697.6825
2026-03-20 15:05:00+00:00,638.48,638.63,637.55,637.83,2390.64,2026-03-20 15:09:59.999000+00:00,1525218.9399,4878,1094.36,698236.164
2026-03-20 15:10:00+00:00,637.83,639.38,637.83,639.3,2140.64,2026-03-20 15:14:59.999000+00:00,1367141.3241,3947,1393.09,889659.0305
2026-03-20 15:15:00+00:00,639.29,639.39,637.76,637.94,1752.91,2026-03-20 15:19:59.999000+00:00,1119529.2614,3714,888.06,567125.0707
2026-03-20 15:20:00+00:00,637.94,641.0,637.76,639.58,3813.98,2026-03-20 15:24:59.999000+00:00,2440286.4102,6541,2112.86,1351505.8989
2026-03-20 15:25:00+00:00,639.59,639.8,638.61,639.16,2437.84,2026-03-20 15:29:59.999000+00:00,1558202.1784,4841,1136.48,726359.5192
2026-03-20 15:30:00+00:00,639.16,640.29,638.62,639.86,1776.74,2026-03-20 15:34:59.999000+00:00,1136084.584,4394,1158.49,740792.0423
2026-03-20 15:35:00+00:00,639.87,640.3,639.05,639.68,1148.18,2026-03-20 15:39:59.999000+00:00,734434.3253,3765,674.97,431767.468
2026-03-20 15:40:00+00:00,639.67,640.38,639.45,639.59,1330.69,2026-03-20 15:44:59.999000+00:00,851358.0589,3044,913.8,584635.2792
2026-03-20 15:45:00+00:00,639.59,641.28,639.56,640.03,15408.18,2026-03-20 15:49:59.999000+00:00,9872865.6935,6629,4982.26,3190968.3894
2026-03-20 15:50:00+00:00,640.02,640.75,639.7,640.09,2091.37,2026-03-20 15:54:59.999000+00:00,1338485.2024,3109,1072.1,686115.8633
2026-03-20 15:55:00+00:00,640.08,640.27,639.5,640.17,883.71,2026-03-20 15:59:59.999000+00:00,565471.1208,2391,536.01,342979.9544
2026-03-20 16:00:00+00:00,640.16,641.24,640.08,641.23,1203.52,2026-03-20 16:04:59.999000+00:00,771037.5801,3297,765.1,490175.5041
2026-03-20 16:05:00+00:00,641.22,641.22,640.02,640.78,1196.54,2026-03-20 16:09:59.999000+00:00,766580.6412,3399,554.41,355174.5535
2026-03-20 16:10:00+00:00,640.78,641.41,640.66,640.68,1381.69,2026-03-20 16:14:59.999000+00:00,885708.5035,2873,717.72,460088.9207
2026-03-20 16:15:00+00:00,640.68,641.49,639.9,641.39,1350.7,2026-03-20 16:19:59.999000+00:00,865401.7019,3550,671.15,430098.6051
2026-03-20 16:20:00+00:00,641.39,641.68,640.64,640.91,1231.22,2026-03-20 16:24:59.999000+00:00,789457.208,3171,799.66,512806.4507
2026-03-20 16:25:00+00:00,640.9,641.4,640.71,641.33,869.0,2026-03-20 16:29:59.999000+00:00,557030.399,1961,446.13,285975.7068
2026-03-20 16:30:00+00:00,641.32,641.33,639.45,640.61,1299.02,2026-03-20 16:34:59.999000+00:00,831674.1514,3444,578.04,370035.0801
2026-03-20 16:35:00+00:00,640.62,640.87,639.38,639.86,1446.53,2026-03-20 16:39:59.999000+00:00,925673.442,2881,412.3,263833.4385
2026-03-20 16:40:00+00:00,639.85,640.08,639.69,639.73,678.05,2026-03-20 16:44:59.999000+00:00,433872.4839,2169,276.31,176800.7999
2026-03-20 16:45:00+00:00,639.72,640.29,639.45,639.52,999.7,2026-03-20 16:49:59.999000+00:00,639648.7567,2194,629.61,402841.854
2026-03-20 16:50:00+00:00,639.53,639.81,638.75,639.45,923.0,2026-03-20 16:54:59.999000+00:00,590089.0324,2859,538.12,344044.1745
2026-03-20 16:55:00+00:00,639.45,640.55,639.44,640.15,1121.8,2026-03-20 16:59:59.999000+00:00,718206.4009,2606,831.5,532305.2393
2026-03-20 17:00:00+00:00,640.15,640.91,640.14,640.84,677.67,2026-03-20 17:04:59.999000+00:00,434029.3526,2645,435.22,278750.1503
2026-03-20 17:05:00+00:00,640.84,641.0,639.06,640.37,1728.78,2026-03-20 17:09:59.999000+00:00,1106786.3416,5127,876.93,561423.1258
2026-03-20 17:10:00+00:00,640.36,640.68,639.59,639.8,775.15,2026-03-20 17:14:59.999000+00:00,496043.1678,2405,409.73,262199.1556
2026-03-20 17:15:00+00:00,639.8,640.24,639.3,639.71,1059.05,2026-03-20 17:19:59.999000+00:00,677567.0615,2940,600.1,383941.7624
2026-03-20 17:20:00+00:00,639.71,640.06,639.29,639.49,702.32,2026-03-20 17:24:59.999000+00:00,449205.6073,2759,430.18,275142.7666
2026-03-20 17:25:00+00:00,639.49,639.54,638.87,639.02,657.28,2026-03-20 17:29:59.999000+00:00,420151.7867,1803,406.09,259580.9154
2026-03-20 17:30:00+00:00,639.01,639.2,637.66,637.79,2222.27,2026-03-20 17:34:59.999000+00:00,1418491.9232,3871,908.29,579742.3187
2026-03-20 17:35:00+00:00,637.79,638.43,636.62,638.24,2930.99,2026-03-20 17:39:59.999000+00:00,1868237.2922,5085,1113.47,709840.8267
2026-03-20 17:40:00+00:00,638.24,638.59,637.56,637.61,903.09,2026-03-20 17:44:59.999000+00:00,576162.6886,2458,499.94,318953.4683
2026-03-20 17:45:00+00:00,637.61,637.99,637.17,637.69,709.69,2026-03-20 17:49:59.999000+00:00,452526.2685,2506,347.0,221261.1229
2026-03-20 17:50:00+00:00,637.68,638.93,637.56,638.71,796.02,2026-03-20 17:54:59.999000+00:00,508051.9602,2255,599.91,382893.5062
2026-03-20 17:55:00+00:00,638.72,640.78,638.72,640.11,3285.89,2026-03-20 17:59:59.999000+00:00,2102497.4501,4353,2129.87,1362891.9479
2026-03-20 18:00:00+00:00,640.11,640.39,639.73,639.8,2155.74,2026-03-20 18:04:59.999000+00:00,1379917.5807,3376,961.97,615725.6186
2026-03-20 18:05:00+00:00,639.8,640.67,639.71,640.24,1876.32,2026-03-20 18:09:59.999000+00:00,1201174.2294,3690,1163.44,744766.3596
2026-03-20 18:10:00+00:00,640.25,640.51,639.5,640.09,759.93,2026-03-20 18:14:59.999000+00:00,486408.0606,2404,353.4,226215.6444
2026-03-20 18:15:00+00:00,640.09,640.2,639.5,639.81,536.57,2026-03-20 18:19:59.999000+00:00,343320.7826,1883,259.43,165983.7441
2026-03-20 18:20:00+00:00,639.81,640.07,637.98,638.35,1326.47,2026-03-20 18:24:59.999000+00:00,847291.8554,4367,531.06,339190.3943
2026-03-20 18:25:00+00:00,638.35,638.94,637.8,637.99,1151.19,2026-03-20 18:29:59.999000+00:00,734756.6246,2986,800.52,510940.3034
2026-03-20 18:30:00+00:00,637.99,638.04,636.92,637.48,1604.8,2026-03-20 18:34:59.999000+00:00,1022942.4443,3687,689.47,439482.8932
2026-03-20 18:35:00+00:00,637.47,637.55,636.1,636.99,2575.8,2026-03-20 18:39:59.999000+00:00,1639547.1024,3709,1004.09,639080.7188
2026-03-20 18:40:00+00:00,636.98,637.93,636.98,637.41,922.34,2026-03-20 18:44:59.999000+00:00,587903.3361,2902,622.11,396516.0162
2026-03-20 18:45:00+00:00,637.41,638.9,637.35,637.98,1773.06,2026-03-20 18:49:59.999000+00:00,1131835.8151,4164,1263.65,806641.6003
2026-03-20 18:50:00+00:00,637.98,639.01,637.74,638.27,3112.28,2026-03-20 18:54:59.999000+00:00,1987719.7206,3754,1703.49,1087955.0484
2026-03-20 18:55:00+00:00,638.26,638.58,637.23,637.84,1266.14,2026-03-20 18:59:59.999000+00:00,807417.4046,2614,720.85,459696.2911
2026-03-20 19:00:00+00:00,637.85,638.98,637.85,638.79,1200.53,2026-03-20 19:04:59.999000+00:00,766753.4541,3275,898.55,573885.3054
2026-03-20 19:05:00+00:00,638.79,638.94,637.86,638.55,868.76,2026-03-20 19:09:59.999000+00:00,554605.0847,2515,478.45,305421.053
2026-03-20 19:10:00+00:00,638.55,638.89,637.9,638.69,969.02,2026-03-20 19:14:59.999000+00:00,618568.7143,2765,589.11,376042.9261
2026-03-20 19:15:00+00:00,638.69,638.84,637.97,638.73,1128.79,2026-03-20 19:19:59.999000+00:00,720777.0037,2787,737.22,470742.8327
2026-03-20 19:20:00+00:00,638.73,639.12,637.77,637.89,1100.64,2026-03-20 19:24:59.999000+00:00,702716.7935,2565,715.96,457121.7919
2026-03-20 19:25:00+00:00,637.89,638.7,637.82,638.49,646.26,2026-03-20 19:29:59.999000+00:00,412442.9756,1770,401.62,256301.7794
2026-03-20 19:30:00+00:00,638.5,639.23,637.33,637.39,1128.66,2026-03-20 19:34:59.999000+00:00,720443.1402,3242,525.79,335685.3531
2026-03-20 19:35:00+00:00,637.39,637.6,636.31,637.29,1457.59,2026-03-20 19:39:59.999000+00:00,928258.8045,3201,659.19,419752.1107
2026-03-20 19:40:00+00:00,637.3,639.38,637.25,639.37,1199.93,2026-03-20 19:44:59.999000+00:00,765896.7968,3198,734.86,469143.9806
2026-03-20 19:45:00+00:00,639.37,639.46,638.35,638.37,745.59,2026-03-20 19:49:59.999000+00:00,476446.2654,2521,254.5,162646.904
2026-03-20 19:50:00+00:00,638.38,640.21,638.38,640.14,1162.98,2026-03-20 19:54:59.999000+00:00,743560.6487,3212,700.03,447609.643
2026-03-20 19:55:00+00:00,640.13,640.37,639.73,640.08,1461.76,2026-03-20 19:59:59.999000+00:00,935604.7557,2391,826.39,528893.9063
2026-03-20 20:00:00+00:00,640.08,640.64,639.62,639.76,1173.81,2026-03-20 20:04:59.999000+00:00,751485.4788,2914,382.32,244775.3923
2026-03-20 20:05:00+00:00,639.76,640.32,639.5,640.04,818.91,2026-03-20 20:09:59.999000+00:00,524024.9027,2512,489.07,312922.7923
2026-03-20 20:10:00+00:00,640.04,640.59,639.98,640.37,1188.38,2026-03-20 20:14:59.999000+00:00,760979.0496,2408,791.03,506527.4009
2026-03-20 20:15:00+00:00,640.37,640.37,639.15,639.36,678.92,2026-03-20 20:19:59.999000+00:00,434393.0694,1999,305.36,195397.7496
2026-03-20 20:20:00+00:00,639.35,639.52,638.9,639.29,1126.51,2026-03-20 20:24:59.999000+00:00,720186.1937,1546,846.76,541370.2
2026-03-20 20:25:00+00:00,639.29,639.29,638.72,638.96,489.19,2026-03-20 20:29:59.999000+00:00,312566.1365,1335,263.47,168344.5842
2026-03-20 20:30:00+00:00,638.96,639.06,637.56,637.78,880.21,2026-03-20 20:34:59.999000+00:00,561591.0774,2551,391.09,249473.0099
2026-03-20 20:35:00+00:00,637.78,638.57,637.46,638.1,1060.68,2026-03-20 20:39:59.999000+00:00,676526.8202,2584,789.06,503295.3027
2026-03-20 20:40:00+00:00,638.1,638.28,637.93,638.17,554.06,2026-03-20 20:44:59.999000+00:00,353554.2023,1297,360.55,230064.8413
2026-03-20 20:45:00+00:00,638.16,639.18,638.14,639.01,1042.82,2026-03-20 20:49:59.999000+00:00,665875.2345,2043,741.67,473570.8218
2026-03-20 20:50:00+00:00,639.01,639.6,639.01,639.32,742.33,2026-03-20 20:54:59.999000+00:00,474648.0495,1331,503.12,321687.2898
2026-03-20 20:55:00+00:00,639.31,639.69,639.22,639.63,347.27,2026-03-20 20:59:59.999000+00:00,222090.5995,835,180.43,115388.2863
2026-03-20 21:00:00+00:00,639.63,639.81,639.31,639.68,607.42,2026-03-20 21:04:59.999000+00:00,388496.8211,1485,299.6,191602.7787
2026-03-20 21:05:00+00:00,639.68,639.68,639.17,639.17,508.66,2026-03-20 21:09:59.999000+00:00,325248.1539,1383,168.22,107562.2957
2026-03-20 21:10:00+00:00,639.17,639.97,638.77,639.71,1926.35,2026-03-20 21:14:59.999000+00:00,1231601.5266,2560,1034.75,661529.3053
2026-03-20 21:15:00+00:00,639.71,642.26,639.57,642.12,3062.64,2026-03-20 21:19:59.999000+00:00,1963813.3576,4711,2055.85,1318161.7502
2026-03-20 21:20:00+00:00,642.12,642.43,641.41,641.53,1314.59,2026-03-20 21:24:59.999000+00:00,843724.832,2422,619.86,397844.2666
2026-03-20 21:25:00+00:00,641.53,642.3,641.39,642.2,1578.05,2026-03-20 21:29:59.999000+00:00,1012832.3997,2080,1082.93,695129.0356
2026-03-20 21:30:00+00:00,642.21,642.44,641.9,642.16,790.32,2026-03-20 21:34:59.999000+00:00,507549.0328,1522,479.68,308052.1009
2026-03-20 21:35:00+00:00,642.15,643.0,641.94,641.98,1495.88,2026-03-20 21:39:59.999000+00:00,961016.0038,2550,714.36,458984.435
2026-03-20 21:40:00+00:00,641.98,642.01,640.78,640.87,1200.71,2026-03-20 21:44:59.999000+00:00,769796.9295,2110,601.42,385566.0574
2026-03-20 21:45:00+00:00,640.86,641.54,640.86,641.53,537.22,2026-03-20 21:49:59.999000+00:00,344434.5349,1333,374.89,240355.2998
2026-03-20 21:50:00+00:00,641.53,641.7,641.2,641.37,710.35,2026-03-20 21:54:59.999000+00:00,455684.0657,1317,443.38,284410.3824
2026-03-20 21:55:00+00:00,641.37,641.61,641.37,641.61,505.12,2026-03-20 21:59:59.999000+00:00,324044.343,679,198.14,127101.2797
2026-03-20 22:00:00+00:00,641.61,644.36,641.6,644.04,2900.05,2026-03-20 22:04:59.999000+00:00,1865354.6196,5464,2109.76,1356999.2618
2026-03-20 22:05:00+00:00,644.04,644.33,643.6,643.65,1350.98,2026-03-20 22:09:59.999000+00:00,870003.9667,2834,683.79,440347.1917
2026-03-20 22:10:00+00:00,643.66,644.41,643.26,643.78,924.34,2026-03-20 22:14:59.999000+00:00,595126.5945,2562,298.54,192220.2241
2026-03-20 22:15:00+00:00,643.78,644.41,643.6,643.84,1190.28,2026-03-20 22:19:59.999000+00:00,766600.7272,1818,311.25,200436.5859
2026-03-20 22:20:00+00:00,643.84,644.1,643.04,643.31,807.98,2026-03-20 22:24:59.999000+00:00,519824.2304,1800,143.45,92308.7955
2026-03-20 22:25:00+00:00,643.31,643.42,643.05,643.25,465.07,2026-03-20 22:29:59.999000+00:00,299161.2938,945,137.24,88285.6012
2026-03-20 22:30:00+00:00,643.25,643.42,643.0,643.13,397.75,2026-03-20 22:34:59.999000+00:00,255820.0382,1387,183.54,118045.1592
2026-03-20 22:35:00+00:00,643.13,643.68,643.02,643.65,280.34,2026-03-20 22:39:59.999000+00:00,180339.2851,917,126.17,81165.4684
2026-03-20 22:40:00+00:00,643.65,643.65,643.15,643.33,305.24,2026-03-20 22:44:59.999000+00:00,196377.7954,973,133.07,85607.3723
2026-03-20 22:45:00+00:00,643.34,643.89,642.92,643.89,743.31,2026-03-20 22:49:59.999000+00:00,478129.9844,1425,334.62,215296.9603
2026-03-20 22:50:00+00:00,643.89,644.24,643.62,643.7,955.39,2026-03-20 22:54:59.999000+00:00,615185.8588,1660,653.01,420461.9088
2026-03-20 22:55:00+00:00,643.69,644.23,643.54,643.54,839.54,2026-03-20 22:59:59.999000+00:00,540633.8486,1223,539.68,347563.3084
2026-03-20 23:00:00+00:00,643.55,643.9,642.97,643.07,1212.63,2026-03-20 23:04:59.999000+00:00,780112.0335,2435,696.37,448022.0167
2026-03-20 23:05:00+00:00,643.07,643.07,641.79,642.09,2777.63,2026-03-20 23:09:59.999000+00:00,1783682.9652,3239,662.62,425492.2276
2026-03-20 23:10:00+00:00,642.09,642.36,641.79,641.84,634.39,2026-03-20 23:14:59.999000+00:00,407249.2214,1757,380.67,244360.1753
2026-03-20 23:15:00+00:00,641.84,642.27,641.23,642.12,1015.08,2026-03-20 23:19:59.999000+00:00,651460.5046,2446,449.77,288687.7222
2026-03-20 23:20:00+00:00,642.12,642.28,641.99,642.19,358.38,2026-03-20 23:24:59.999000+00:00,230136.5536,844,114.26,73365.973
2026-03-20 23:25:00+00:00,642.19,642.36,642.08,642.2,319.17,2026-03-20 23:29:59.999000+00:00,204975.783,747,138.86,89175.8217
2026-03-20 23:30:00+00:00,642.2,642.49,641.74,642.2,873.86,2026-03-20 23:34:59.999000+00:00,561053.7961,1418,467.31,300027.7752
2026-03-20 23:35:00+00:00,642.2,642.42,641.64,641.68,534.54,2026-03-20 23:39:59.999000+00:00,343196.1631,1151,148.45,95319.529
2026-03-20 23:40:00+00:00,641.67,642.08,641.53,641.92,1102.98,2026-03-20 23:44:59.999000+00:00,707763.4475,1184,651.76,418213.6744
2026-03-20 23:45:00+00:00,641.92,642.29,641.71,642.29,318.35,2026-03-20 23:49:59.999000+00:00,204365.5942,1162,219.95,141193.3561
2026-03-20 23:50:00+00:00,642.3,642.36,641.8,641.83,342.36,2026-03-20 23:54:59.999000+00:00,219854.3165,884,124.25,79789.3965
2026-03-20 23:55:00+00:00,641.83,642.11,641.83,642.0,289.73,2026-03-20 23:59:59.999000+00:00,186005.99,645,137.59,88328.2487
2026-03-21 00:00:00+00:00,642.0,642.36,641.91,642.14,798.37,2026-03-21 00:04:59.999000+00:00,512656.7559,1517,508.28,326369.6094
2026-03-21 00:05:00+00:00,642.14,642.28,641.85,641.86,462.28,2026-03-21 00:09:59.999000+00:00,296838.2879,1515,207.68,133353.4872
2026-03-21 00:10:00+00:00,641.86,641.93,641.57,641.87,682.0,2026-03-21 00:14:59.999000+00:00,437646.1643,1846,322.76,207113.4772
2026-03-21 00:15:00+00:00,641.87,642.53,641.64,642.53,933.15,2026-03-21 00:19:59.999000+00:00,599218.3791,2467,592.02,380181.5161
2026-03-21 00:20:00+00:00,642.54,643.09,642.3,642.49,812.36,2026-03-21 00:24:59.999000+00:00,522101.9167,1842,536.91,345078.1093
2026-03-21 00:25:00+00:00,642.49,642.75,642.43,642.43,241.9,2026-03-21 00:29:59.999000+00:00,155454.8344,926,82.03,52714.8439
2026-03-21 00:30:00+00:00,642.44,642.44,641.9,642.12,616.52,2026-03-21 00:34:59.999000+00:00,395936.814,1576,171.46,110103.236
2026-03-21 00:35:00+00:00,642.12,642.42,642.03,642.35,327.68,2026-03-21 00:39:59.999000+00:00,210462.0982,1172,119.63,76833.3667
2026-03-21 00:40:00+00:00,642.35,642.35,641.52,641.61,522.09,2026-03-21 00:44:59.999000+00:00,335067.3762,1551,186.99,119994.8374
2026-03-21 00:45:00+00:00,641.6,641.76,641.18,641.45,331.61,2026-03-21 00:49:59.999000+00:00,212713.9125,1237,131.34,84252.3332
2026-03-21 00:50:00+00:00,641.46,641.83,641.46,641.63,280.79,2026-03-21 00:54:59.999000+00:00,180179.6678,861,177.16,113680.2841
2026-03-21 00:55:00+00:00,641.63,642.09,641.63,641.9,499.7,2026-03-21 00:59:59.999000+00:00,320789.0435,1038,183.08,117517.6589
2026-03-21 01:00:00+00:00,641.9,642.12,641.64,641.64,497.51,2026-03-21 01:04:59.999000+00:00,319348.9083,1530,144.87,92993.3451
2026-03-21 01:05:00+00:00,641.64,642.36,641.64,642.2,446.66,2026-03-21 01:09:59.999000+00:00,286823.8454,1480,188.32,120917.6942
2026-03-21 01:10:00+00:00,642.2,642.8,641.85,641.92,889.44,2026-03-21 01:14:59.999000+00:00,571340.4812,2034,437.05,280745.9642
2026-03-21 01:15:00+00:00,641.93,641.93,641.18,641.33,614.85,2026-03-21 01:19:59.999000+00:00,394382.8223,1480,118.54,76020.0991
2026-03-21 01:20:00+00:00,641.33,641.55,641.18,641.18,487.91,2026-03-21 01:24:59.999000+00:00,312901.0688,1045,106.12,68061.9221
2026-03-21 01:25:00+00:00,641.18,641.35,641.02,641.03,371.66,2026-03-21 01:29:59.999000+00:00,238313.9854,975,228.63,146605.3676
2026-03-21 01:30:00+00:00,641.02,641.03,640.39,640.64,885.5,2026-03-21 01:34:59.999000+00:00,567242.0641,1900,278.92,178653.5395
2026-03-21 01:35:00+00:00,640.64,641.03,640.58,640.67,507.59,2026-03-21 01:39:59.999000+00:00,325295.0375,1541,313.17,200686.7157
2026-03-21 01:40:00+00:00,640.66,640.66,640.21,640.22,349.1,2026-03-21 01:44:59.999000+00:00,223561.6428,1316,135.87,87004.9191
2026-03-21 01:45:00+00:00,640.22,640.9,640.11,640.62,541.15,2026-03-21 01:49:59.999000+00:00,346586.9684,1576,323.99,207506.5877
2026-03-21 01:50:00+00:00,640.62,640.74,640.47,640.47,419.61,2026-03-21 01:54:59.999000+00:00,268786.0638,768,277.96,178048.3117
2026-03-21 01:55:00+00:00,640.46,640.68,640.4,640.46,461.08,2026-03-21 01:59:59.999000+00:00,295343.0386,1114,210.41,134771.7501
2026-03-21 02:00:00+00:00,640.45,640.48,640.05,640.06,721.89,2026-03-21 02:04:59.999000+00:00,462166.5227,1729,360.37,230704.4905
2026-03-21 02:05:00+00:00,640.06,640.65,640.06,640.3,1166.07,2026-03-21 02:09:59.999000+00:00,746691.0446,1907,853.98,546862.1381
2026-03-21 02:10:00+00:00,640.31,640.31,640.02,640.12,477.11,2026-03-21 02:14:59.999000+00:00,305414.7332,1136,185.74,118894.8979
2026-03-21 02:15:00+00:00,640.13,640.62,640.12,640.62,387.51,2026-03-21 02:19:59.999000+00:00,248148.7814,1264,300.6,192487.0397
2026-03-21 02:20:00+00:00,640.62,641.11,640.61,640.93,253.86,2026-03-21 02:24:59.999000+00:00,162708.1025,912,118.81,76141.4588
2026-03-21 02:25:00+00:00,640.93,641.72,640.92,641.49,1718.15,2026-03-21 02:29:59.999000+00:00,1101899.6665,1574,1234.9,791960.1795
2026-03-21 02:30:00+00:00,641.49,641.53,641.18,641.31,403.29,2026-03-21 02:34:59.999000+00:00,258662.6111,1123,215.08,137949.2736
2026-03-21 02:35:00+00:00,641.31,641.32,640.92,641.32,411.86,2026-03-21 02:39:59.999000+00:00,264039.1332,1212,277.04,177601.4362
2026-03-21 02:40:00+00:00,641.31,641.86,641.31,641.66,515.96,2026-03-21 02:44:59.999000+00:00,331102.023,1276,299.46,192165.0607
2026-03-21 02:45:00+00:00,641.66,641.86,641.43,641.76,327.53,2026-03-21 02:49:59.999000+00:00,210180.2408,1142,119.16,76462.3916
2026-03-21 02:50:00+00:00,641.76,642.21,641.75,642.2,544.1,2026-03-21 02:54:59.999000+00:00,349272.8348,1266,319.29,204961.2106
2026-03-21 02:55:00+00:00,642.21,642.27,641.91,642.26,554.05,2026-03-21 02:59:59.999000+00:00,355782.4265,1165,210.46,135142.251
2026-03-21 03:00:00+00:00,642.26,642.36,641.61,641.65,883.07,2026-03-21 03:04:59.999000+00:00,566936.1295,1809,235.8,151376.3362
2026-03-21 03:05:00+00:00,641.65,642.15,641.65,642.02,284.5,2026-03-21 03:09:59.999000+00:00,182630.9625,1186,182.17,116934.4567
2026-03-21 03:10:00+00:00,642.02,642.51,641.83,642.0,743.47,2026-03-21 03:14:59.999000+00:00,477434.9336,1618,338.77,217564.6647
2026-03-21 03:15:00+00:00,641.99,642.0,641.58,641.58,707.66,2026-03-21 03:19:59.999000+00:00,454143.0032,1372,247.21,158656.4018
2026-03-21 03:20:00+00:00,641.57,641.96,641.57,641.8,290.78,2026-03-21 03:24:59.999000+00:00,186634.6064,822,122.93,78897.0798
2026-03-21 03:25:00+00:00,641.79,642.06,641.66,641.87,342.54,2026-03-21 03:29:59.999000+00:00,219882.9652,828,197.16,126567.3303
2026-03-21 03:30:00+00:00,641.86,641.86,641.62,641.65,336.63,2026-03-21 03:34:59.999000+00:00,216023.8654,1139,218.44,140179.8548
2026-03-21 03:35:00+00:00,641.65,642.12,641.45,641.72,1329.91,2026-03-21 03:39:59.999000+00:00,853619.8231,2703,970.35,622856.8109
2026-03-21 03:40:00+00:00,641.71,642.04,641.71,641.96,161.02,2026-03-21 03:44:59.999000+00:00,103362.589,719,109.09,70024.4454
2026-03-21 03:45:00+00:00,641.96,642.22,641.85,642.12,338.86,2026-03-21 03:49:59.999000+00:00,217567.8094,1094,157.58,101174.857
2026-03-21 03:50:00+00:00,642.12,642.39,642.0,642.04,322.38,2026-03-21 03:54:59.999000+00:00,207022.7323,944,211.4,135756.2299
2026-03-21 03:55:00+00:00,642.03,642.35,642.03,642.15,316.78,2026-03-21 03:59:59.999000+00:00,203438.5492,894,170.91,109754.9798
2026-03-21 04:00:00+00:00,642.15,642.95,642.15,642.94,1309.27,2026-03-21 04:04:59.999000+00:00,841378.1579,2453,1041.02,668981.6452
2026-03-21 04:05:00+00:00,642.95,643.25,642.72,642.78,883.5,2026-03-21 04:09:59.999000+00:00,568107.5843,1984,417.18,268256.43
2026-03-21 04:10:00+00:00,642.77,643.01,642.69,642.76,443.17,2026-03-21 04:14:59.999000+00:00,284886.1535,1276,206.39,132669.2839
2026-03-21 04:15:00+00:00,642.75,643.12,642.7,642.85,475.84,2026-03-21 04:19:59.999000+00:00,305957.3636,1175,264.96,170364.1337
2026-03-21 04:20:00+00:00,642.84,643.09,642.71,642.91,383.05,2026-03-21 04:24:59.999000+00:00,246259.6555,939,158.24,101734.0807
2026-03-21 04:25:00+00:00,642.92,643.24,642.91,643.04,362.28,2026-03-21 04:29:59.999000+00:00,232983.8982,996,152.79,98256.4838
2026-03-21 04:30:00+00:00,643.02,643.02,641.9,641.94,850.25,2026-03-21 04:34:59.999000+00:00,546054.7924,1736,217.1,139414.5639
2026-03-21 04:35:00+00:00,641.94,642.01,641.75,641.76,371.48,2026-03-21 04:39:59.999000+00:00,238460.5585,1028,117.85,75648.8414
2026-03-21 04:40:00+00:00,641.76,641.9,641.67,641.89,314.92,2026-03-21 04:44:59.999000+00:00,202107.699,852,162.94,104569.7543
2026-03-21 04:45:00+00:00,641.88,641.91,641.69,641.69,278.11,2026-03-21 04:49:59.999000+00:00,178502.502,934,106.9,68613.6821
2026-03-21 04:50:00+00:00,641.7,641.86,641.66,641.84,403.64,2026-03-21 04:54:59.999000+00:00,259038.5816,1027,199.61,128099.308
2026-03-21 04:55:00+00:00,641.85,641.94,641.69,641.7,184.03,2026-03-21 04:59:59.999000+00:00,118108.883,605,80.08,51395.4136
2026-03-21 05:00:00+00:00,641.7,642.61,641.69,642.17,1784.9,2026-03-21 05:04:59.999000+00:00,1146363.8257,2390,1167.98,750084.9642
2026-03-21 05:05:00+00:00,642.16,642.41,641.85,642.1,862.59,2026-03-21 05:09:59.999000+00:00,553836.7257,1618,193.56,124289.6613
2026-03-21 05:10:00+00:00,642.11,642.25,642.0,642.12,302.76,2026-03-21 05:14:59.999000+00:00,194408.1067,1033,94.84,60897.317
2026-03-21 05:15:00+00:00,642.12,642.85,642.12,642.74,493.31,2026-03-21 05:19:59.999000+00:00,317006.1087,1442,332.73,213808.4739
2026-03-21 05:20:00+00:00,642.74,643.01,642.61,642.72,753.21,2026-03-21 05:24:59.999000+00:00,484224.5433,1259,370.18,237998.6344
2026-03-21 05:25:00+00:00,642.72,642.81,642.54,642.74,400.96,2026-03-21 05:29:59.999000+00:00,257690.2344,936,102.09,65610.7358
2026-03-21 05:30:00+00:00,642.74,643.19,642.69,642.91,558.02,2026-03-21 05:34:59.999000+00:00,358764.2848,1392,338.12,217380.8157
2026-03-21 05:35:00+00:00,642.91,643.14,642.41,642.45,430.64,2026-03-21 05:39:59.999000+00:00,276812.2694,1164,149.72,96235.9487
2026-03-21 05:40:00+00:00,642.46,642.61,642.44,642.57,240.19,2026-03-21 05:44:59.999000+00:00,154334.1621,773,63.96,41096.8971
2026-03-21 05:45:00+00:00,642.57,642.57,642.29,642.45,418.64,2026-03-21 05:49:59.999000+00:00,268945.446,927,257.87,165667.0226
2026-03-21 05:50:00+00:00,642.45,642.45,642.06,642.33,187.2,2026-03-21 05:54:59.999000+00:00,120232.4716,904,87.6,56258.9083
2026-03-21 05:55:00+00:00,642.33,642.37,641.99,642.09,289.72,2026-03-21 05:59:59.999000+00:00,186050.3152,817,34.4,22094.7484
2026-03-21 06:00:00+00:00,642.08,642.26,641.97,642.0,354.24,2026-03-21 06:04:59.999000+00:00,227460.2639,1275,178.0,114293.0089
2026-03-21 06:05:00+00:00,642.0,642.17,641.9,641.94,375.01,2026-03-21 06:09:59.999000+00:00,240759.4271,1061,274.72,176371.2773
2026-03-21 06:10:00+00:00,641.94,642.28,641.93,642.19,332.97,2026-03-21 06:14:59.999000+00:00,213820.5886,957,142.3,91374.2168
2026-03-21 06:15:00+00:00,642.19,642.87,642.18,642.76,350.56,2026-03-21 06:19:59.999000+00:00,225255.1435,1117,247.01,158716.7067
2026-03-21 06:20:00+00:00,642.76,642.89,642.5,642.87,221.05,2026-03-21 06:24:59.999000+00:00,142067.1788,762,108.38,69647.8452
2026-03-21 06:25:00+00:00,642.88,643.1,642.79,643.1,521.68,2026-03-21 06:29:59.999000+00:00,335437.0042,1087,378.3,243241.9066
2026-03-21 06:30:00+00:00,643.09,643.1,642.72,642.82,420.91,2026-03-21 06:34:59.999000+00:00,270597.3709,1160,274.68,176583.4632
2026-03-21 06:35:00+00:00,642.83,643.1,642.62,642.82,590.76,2026-03-21 06:39:59.999000+00:00,379774.7474,1152,204.44,131446.3389
2026-03-21 06:40:00+00:00,642.82,643.27,642.81,643.2,287.14,2026-03-21 06:44:59.999000+00:00,184683.5156,847,181.31,116612.7082
2026-03-21 06:45:00+00:00,643.19,643.26,642.88,643.15,529.05,2026-03-21 06:49:59.999000+00:00,340206.039,1179,175.44,112814.7026
2026-03-21 06:50:00+00:00,643.15,643.2,642.88,642.9,205.69,2026-03-21 06:54:59.999000+00:00,132255.2653,792,56.48,36316.7035
2026-03-21 06:55:00+00:00,642.9,643.09,642.88,643.07,201.32,2026-03-21 06:59:59.999000+00:00,129446.877,559,88.21,56717.8545
2026-03-21 07:00:00+00:00,643.07,643.25,642.78,643.25,813.84,2026-03-21 07:04:59.999000+00:00,523336.7222,1312,504.64,324533.1934
2026-03-21 07:05:00+00:00,643.24,643.25,642.87,643.12,441.02,2026-03-21 07:09:59.999000+00:00,283567.2192,1080,299.01,192247.0161
2026-03-21 07:10:00+00:00,643.12,643.21,643.05,643.13,562.93,2026-03-21 07:14:59.999000+00:00,362041.5643,1283,362.35,233033.7168
2026-03-21 07:15:00+00:00,643.13,643.81,643.12,643.71,1030.97,2026-03-21 07:19:59.999000+00:00,663394.206,1641,824.95,530806.6658
2026-03-21 07:20:00+00:00,643.71,643.8,643.43,643.71,725.0,2026-03-21 07:24:59.999000+00:00,466634.9563,1245,279.85,180115.0313
2026-03-21 07:25:00+00:00,643.71,644.21,643.7,644.15,1431.84,2026-03-21 07:29:59.999000+00:00,922220.4877,1751,999.85,643954.7532
2026-03-21 07:30:00+00:00,644.15,644.15,643.53,643.78,839.17,2026-03-21 07:34:59.999000+00:00,540190.9816,1430,537.84,346211.2542
2026-03-21 07:35:00+00:00,643.79,644.11,643.59,643.68,821.18,2026-03-21 07:39:59.999000+00:00,528729.3686,1332,505.07,325207.6633
2026-03-21 07:40:00+00:00,643.68,643.81,643.41,643.42,452.13,2026-03-21 07:44:59.999000+00:00,291026.5957,952,151.09,97257.1008
2026-03-21 07:45:00+00:00,643.41,643.5,642.8,643.42,837.04,2026-03-21 07:49:59.999000+00:00,538344.3659,1837,349.16,224578.1333
2026-03-21 07:50:00+00:00,643.42,643.43,643.03,643.18,357.77,2026-03-21 07:54:59.999000+00:00,230098.4245,1001,134.11,86249.1651
2026-03-21 07:55:00+00:00,643.18,643.19,642.79,642.98,590.76,2026-03-21 07:59:59.999000+00:00,379813.6289,814,238.25,153178.7863
2026-03-21 08:00:00+00:00,642.97,642.99,642.75,642.81,603.36,2026-03-21 08:04:59.999000+00:00,387893.7045,1230,287.56,184872.061
2026-03-21 08:05:00+00:00,642.8,643.26,642.8,642.85,542.54,2026-03-21 08:09:59.999000+00:00,348856.9933,1272,216.39,139145.0212
2026-03-21 08:10:00+00:00,642.84,643.2,642.84,642.98,271.62,2026-03-21 08:14:59.999000+00:00,174647.9955,1017,118.9,76447.1914
2026-03-21 08:15:00+00:00,642.98,643.02,642.43,642.45,645.75,2026-03-21 08:19:59.999000+00:00,414955.0195,1332,102.14,65632.4095
2026-03-21 08:20:00+00:00,642.45,642.57,642.04,642.36,1016.35,2026-03-21 08:24:59.999000+00:00,652813.1573,1432,354.26,227573.127
2026-03-21 08:25:00+00:00,642.35,642.54,642.03,642.07,860.85,2026-03-21 08:29:59.999000+00:00,552899.3721,1309,571.51,367087.1081
2026-03-21 08:30:00+00:00,642.07,642.63,641.99,642.62,982.52,2026-03-21 08:34:59.999000+00:00,630993.695,1671,545.65,350463.191
2026-03-21 08:35:00+00:00,642.62,642.72,642.3,642.57,603.21,2026-03-21 08:39:59.999000+00:00,387604.9195,1052,173.73,111630.6442
2026-03-21 08:40:00+00:00,642.56,642.78,642.49,642.77,549.79,2026-03-21 08:44:59.999000+00:00,353324.052,714,175.0,112472.6009
2026-03-21 08:45:00+00:00,642.76,643.15,642.72,642.92,708.0,2026-03-21 08:49:59.999000+00:00,455190.2206,1301,440.95,283486.9436
2026-03-21 08:50:00+00:00,642.92,643.15,642.91,643.05,377.31,2026-03-21 08:54:59.999000+00:00,242627.0793,851,213.36,137199.0666
2026-03-21 08:55:00+00:00,643.06,643.21,642.97,642.98,290.7,2026-03-21 08:59:59.999000+00:00,186961.5749,813,143.82,92496.3834
2026-03-21 09:00:00+00:00,642.97,644.1,642.92,644.07,1252.28,2026-03-21 09:04:59.999000+00:00,806044.5092,1879,832.4,535722.3729
2026-03-21 09:05:00+00:00,644.06,644.27,643.2,643.73,2012.25,2026-03-21 09:09:59.999000+00:00,1295200.2959,2322,519.72,334599.9398
2026-03-21 09:10:00+00:00,643.73,643.75,643.1,643.63,1745.6,2026-03-21 09:14:59.999000+00:00,1123158.1745,1472,557.78,358930.4464
2026-03-21 09:15:00+00:00,643.63,643.63,643.2,643.42,781.38,2026-03-21 09:19:59.999000+00:00,502726.7542,1186,240.53,154745.8119
2026-03-21 09:20:00+00:00,643.42,643.63,643.37,643.37,537.68,2026-03-21 09:24:59.999000+00:00,345987.5934,827,360.04,231675.6953
2026-03-21 09:25:00+00:00,643.38,643.46,643.15,643.16,292.88,2026-03-21 09:29:59.999000+00:00,188417.1711,642,77.47,49839.6414
2026-03-21 09:30:00+00:00,643.16,643.17,643.03,643.13,350.94,2026-03-21 09:34:59.999000+00:00,225694.474,771,166.34,106971.6112
2026-03-21 09:35:00+00:00,643.14,643.59,642.96,643.25,596.33,2026-03-21 09:39:59.999000+00:00,383548.686,1188,278.16,178912.8707
2026-03-21 09:40:00+00:00,643.25,643.34,643.05,643.24,449.87,2026-03-21 09:44:59.999000+00:00,289365.1275,889,171.55,110344.0671
2026-03-21 09:45:00+00:00,643.24,643.32,643.14,643.18,344.89,2026-03-21 09:49:59.999000+00:00,221847.7672,797,178.31,114691.3807
2026-03-21 09:50:00+00:00,643.18,643.39,643.06,643.25,255.06,2026-03-21 09:54:59.999000+00:00,164062.3366,711,105.56,67897.0244
2026-03-21 09:55:00+00:00,643.24,643.24,643.0,643.01,261.22,2026-03-21 09:59:59.999000+00:00,168002.12,570,74.38,47836.5369
2026-03-21 10:00:00+00:00,643.0,643.12,642.75,643.0,377.23,2026-03-21 10:04:59.999000+00:00,242538.1362,1176,218.83,140695.2813
2026-03-21 10:05:00+00:00,643.01,643.01,642.49,642.67,733.19,2026-03-21 10:09:59.999000+00:00,471187.5205,1386,234.61,150760.0351
2026-03-21 10:10:00+00:00,642.67,642.68,642.0,642.22,831.34,2026-03-21 10:14:59.999000+00:00,533941.4696,1292,265.74,170638.3831
2026-03-21 10:15:00+00:00,642.21,642.74,642.08,642.25,1153.64,2026-03-21 10:19:59.999000+00:00,741104.7647,1476,736.65,473275.1931
2026-03-21 10:20:00+00:00,642.25,642.37,642.11,642.36,562.61,2026-03-21 10:24:59.999000+00:00,361348.5535,896,419.49,269426.3333
2026-03-21 10:25:00+00:00,642.36,642.54,642.25,642.5,303.73,2026-03-21 10:29:59.999000+00:00,195106.9262,822,225.12,144608.6194
2026-03-21 10:30:00+00:00,642.49,642.62,642.31,642.62,436.7,2026-03-21 10:34:59.999000+00:00,280569.1501,949,275.38,176925.6309
2026-03-21 10:35:00+00:00,642.63,642.86,642.63,642.85,185.74,2026-03-21 10:39:59.999000+00:00,119379.5996,433,123.32,79260.6923
2026-03-21 10:40:00+00:00,642.85,642.86,642.55,642.69,320.95,2026-03-21 10:44:59.999000+00:00,206254.4456,736,162.26,104265.9204
2026-03-21 10:45:00+00:00,642.69,642.69,642.44,642.61,263.57,2026-03-21 10:49:59.999000+00:00,169364.8477,709,132.03,84840.3644
2026-03-21 10:50:00+00:00,642.61,642.7,642.61,642.7,142.4,2026-03-21 10:54:59.999000+00:00,91515.2993,379,79.66,51193.4767
2026-03-21 10:55:00+00:00,642.7,642.74,642.65,642.66,168.08,2026-03-21 10:59:59.999000+00:00,108023.8579,461,66.08,42468.0062
2026-03-21 11:00:00+00:00,642.65,642.86,642.65,642.85,325.57,2026-03-21 11:04:59.999000+00:00,209263.8499,847,267.14,171703.7794
2026-03-21 11:05:00+00:00,642.86,642.93,642.71,642.92,340.09,2026-03-21 11:09:59.999000+00:00,218623.3971,1037,228.58,146937.932
2026-03-21 11:10:00+00:00,642.93,642.93,642.71,642.72,333.87,2026-03-21 11:14:59.999000+00:00,214630.4205,853,123.95,79681.6339
2026-03-21 11:15:00+00:00,642.71,643.07,642.65,643.06,617.72,2026-03-21 11:19:59.999000+00:00,397108.6536,1143,481.51,309542.836
2026-03-21 11:20:00+00:00,643.07,643.07,643.06,643.07,112.28,2026-03-21 11:24:59.999000+00:00,72203.278,368,50.12,32230.6684
2026-03-21 11:25:00+00:00,643.07,643.24,643.06,643.22,286.92,2026-03-21 11:29:59.999000+00:00,184536.7654,758,161.21,103681.6111
2026-03-21 11:30:00+00:00,643.23,643.24,642.75,643.05,347.88,2026-03-21 11:34:59.999000+00:00,223654.3585,1032,217.98,140123.3473
2026-03-21 11:35:00+00:00,643.05,643.25,643.04,643.24,195.85,2026-03-21 11:39:59.999000+00:00,125963.9501,474,95.1,61161.6398
2026-03-21 11:40:00+00:00,643.25,643.37,643.24,643.37,318.05,2026-03-21 11:44:59.999000+00:00,204610.4612,820,181.6,116827.7681
2026-03-21 11:45:00+00:00,643.37,643.65,643.31,643.64,747.78,2026-03-21 11:49:59.999000+00:00,481172.6121,1170,569.47,366435.2258
2026-03-21 11:50:00+00:00,643.63,643.64,643.42,643.49,225.67,2026-03-21 11:54:59.999000+00:00,145227.6482,861,83.85,53956.564
2026-03-21 11:55:00+00:00,643.49,644.0,643.48,643.65,1593.37,2026-03-21 11:59:59.999000+00:00,1025817.4535,1418,1239.6,798055.3116
2026-03-21 12:00:00+00:00,643.65,644.0,643.64,643.97,815.92,2026-03-21 12:04:59.999000+00:00,525317.5615,1664,370.44,238484.3389
2026-03-21 12:05:00+00:00,643.97,644.0,643.3,643.82,1602.3,2026-03-21 12:09:59.999000+00:00,1031294.1069,1947,573.01,368837.1223
2026-03-21 12:10:00+00:00,643.83,644.09,643.82,644.03,792.11,2026-03-21 12:14:59.999000+00:00,510103.1163,1158,527.67,339808.9685
2026-03-21 12:15:00+00:00,644.03,644.03,643.7,643.83,347.68,2026-03-21 12:19:59.999000+00:00,223849.9666,1313,84.87,54642.8447
2026-03-21 12:20:00+00:00,643.83,644.17,643.83,644.08,467.11,2026-03-21 12:24:59.999000+00:00,300843.3602,996,173.46,111716.8813
2026-03-21 12:25:00+00:00,644.08,644.18,643.76,643.98,348.15,2026-03-21 12:29:59.999000+00:00,224211.6037,996,120.64,77697.7735
2026-03-21 12:30:00+00:00,643.98,643.98,643.69,643.78,496.0,2026-03-21 12:34:59.999000+00:00,319332.5652,1190,167.58,107883.9662
2026-03-21 12:35:00+00:00,643.79,644.14,643.78,644.07,301.76,2026-03-21 12:39:59.999000+00:00,194336.2503,796,217.17,139859.4943
2026-03-21 12:40:00+00:00,644.07,644.08,643.85,643.86,176.88,2026-03-21 12:44:59.999000+00:00,113901.7964,650,23.17,14918.8445
2026-03-21 12:45:00+00:00,643.86,644.0,643.69,643.83,405.96,2026-03-21 12:49:59.999000+00:00,261362.8585,1122,155.69,100234.7627
2026-03-21 12:50:00+00:00,643.82,643.82,643.45,643.45,550.24,2026-03-21 12:54:59.999000+00:00,354157.6735,791,61.55,39617.9711
2026-03-21 12:55:00+00:00,643.46,643.99,643.46,643.74,1427.7,2026-03-21 12:59:59.999000+00:00,919230.3256,1522,1076.77,693267.6065
2026-03-21 13:00:00+00:00,643.74,643.91,643.51,643.52,274.57,2026-03-21 13:04:59.999000+00:00,176743.6143,1154,48.52,31231.3537
2026-03-21 13:05:00+00:00,643.52,643.77,643.52,643.65,410.98,2026-03-21 13:09:59.999000+00:00,264532.1871,1222,271.88,174994.9268
2026-03-21 13:10:00+00:00,643.64,643.92,643.64,643.77,455.14,2026-03-21 13:14:59.999000+00:00,293006.7308,934,341.38,219768.2604
2026-03-21 13:15:00+00:00,643.77,644.08,643.74,644.03,404.22,2026-03-21 13:19:59.999000+00:00,260268.991,959,256.54,165174.335
2026-03-21 13:20:00+00:00,644.03,644.03,643.08,643.27,1166.9,2026-03-21 13:24:59.999000+00:00,750803.6037,1635,502.79,323486.9793
2026-03-21 13:25:00+00:00,643.26,643.82,643.26,643.61,623.39,2026-03-21 13:29:59.999000+00:00,401168.4004,1079,504.76,324810.254
2026-03-21 13:30:00+00:00,643.61,643.94,643.61,643.89,371.6,2026-03-21 13:34:59.999000+00:00,239231.0089,1197,214.97,138391.5824
2026-03-21 13:35:00+00:00,643.89,643.89,643.38,643.38,262.59,2026-03-21 13:39:59.999000+00:00,169029.0857,1223,70.02,45070.4729
2026-03-21 13:40:00+00:00,643.38,643.82,643.38,643.65,304.79,2026-03-21 13:44:59.999000+00:00,196169.5168,854,187.08,120400.9926
2026-03-21 13:45:00+00:00,643.65,643.96,643.49,643.93,527.79,2026-03-21 13:49:59.999000+00:00,339718.8053,1138,332.03,213715.098
2026-03-21 13:50:00+00:00,643.94,643.97,643.86,643.97,224.29,2026-03-21 13:54:59.999000+00:00,144425.2982,708,121.39,78166.1377
2026-03-21 13:55:00+00:00,643.97,644.11,643.86,643.99,412.58,2026-03-21 13:59:59.999000+00:00,265701.0547,821,242.55,156200.2307
2026-03-21 14:00:00+00:00,643.99,644.09,643.73,644.09,523.93,2026-03-21 14:04:59.999000+00:00,337359.2825,1581,381.16,245426.1892
2026-03-21 14:05:00+00:00,644.09,644.33,644.08,644.18,442.96,2026-03-21 14:09:59.999000+00:00,285365.1886,1249,322.05,207470.1768
2026-03-21 14:10:00+00:00,644.18,646.35,644.17,645.55,8122.22,2026-03-21 14:14:59.999000+00:00,5242280.5865,7305,3807.13,2456705.577
2026-03-21 14:15:00+00:00,645.55,645.83,645.13,645.69,1363.64,2026-03-21 14:19:59.999000+00:00,880205.4292,2395,707.09,456403.8107
2026-03-21 14:20:00+00:00,645.69,645.69,645.16,645.17,568.9,2026-03-21 14:24:59.999000+00:00,367126.9028,1530,250.41,161591.0868
2026-03-21 14:25:00+00:00,645.17,645.17,644.95,644.96,363.72,2026-03-21 14:29:59.999000+00:00,234612.2324,1201,145.72,93993.631
2026-03-21 14:30:00+00:00,644.96,645.16,644.65,645.16,792.43,2026-03-21 14:34:59.999000+00:00,510992.5195,1500,379.26,244571.5529
2026-03-21 14:35:00+00:00,645.16,645.34,644.5,644.55,1249.6,2026-03-21 14:39:59.999000+00:00,805854.5902,1868,684.15,441176.207
2026-03-21 14:40:00+00:00,644.55,644.86,644.48,644.49,593.08,2026-03-21 14:44:59.999000+00:00,382351.1374,1236,294.91,190122.5816
2026-03-21 14:45:00+00:00,644.48,644.55,643.0,643.17,1498.59,2026-03-21 14:49:59.999000+00:00,964387.4922,2823,608.17,391304.3342
2026-03-21 14:50:00+00:00,643.17,643.18,642.36,642.8,2270.82,2026-03-21 14:54:59.999000+00:00,1459481.3894,3099,1247.11,801504.182
2026-03-21 14:55:00+00:00,642.79,642.8,642.01,642.1,2361.51,2026-03-21 14:59:59.999000+00:00,1516697.7602,2576,1181.47,758778.7279
2026-03-21 15:00:00+00:00,642.11,642.72,641.87,642.52,2386.59,2026-03-21 15:04:59.999000+00:00,1532979.3959,3250,1650.19,1060008.1717
2026-03-21 15:05:00+00:00,642.52,642.63,642.05,642.42,759.08,2026-03-21 15:09:59.999000+00:00,487596.0411,1988,343.93,220914.7042
2026-03-21 15:10:00+00:00,642.42,642.75,642.38,642.74,558.79,2026-03-21 15:14:59.999000+00:00,359025.2513,1286,404.39,259820.1187
2026-03-21 15:15:00+00:00,642.74,642.9,641.23,641.54,3203.54,2026-03-21 15:19:59.999000+00:00,2057024.5028,3966,1524.73,979207.0981
2026-03-21 15:20:00+00:00,641.54,642.25,641.51,642.25,738.32,2026-03-21 15:24:59.999000+00:00,473944.3398,1614,556.57,357276.8217
2026-03-21 15:25:00+00:00,642.25,642.45,642.1,642.4,780.52,2026-03-21 15:29:59.999000+00:00,501347.7286,1115,274.33,176197.7083
2026-03-21 15:30:00+00:00,642.39,643.2,642.3,643.2,1354.3,2026-03-21 15:34:59.999000+00:00,870596.061,1960,972.28,625083.8992
2026-03-21 15:35:00+00:00,643.19,643.2,642.26,642.26,1196.51,2026-03-21 15:39:59.999000+00:00,769009.0587,1510,529.2,340098.6453
2026-03-21 15:40:00+00:00,642.26,642.73,642.18,642.47,438.49,2026-03-21 15:44:59.999000+00:00,281752.1925,1254,171.11,109943.18
2026-03-21 15:45:00+00:00,642.46,642.75,642.3,642.75,596.62,2026-03-21 15:49:59.999000+00:00,383333.173,1502,406.88,261416.59
2026-03-21 15:50:00+00:00,642.74,643.0,642.72,642.86,499.28,2026-03-21 15:54:59.999000+00:00,320965.5769,1155,287.91,185080.4221
2026-03-21 15:55:00+00:00,642.85,642.93,642.63,642.79,440.98,2026-03-21 15:59:59.999000+00:00,283479.4776,1059,140.53,90326.0373
2026-03-21 16:00:00+00:00,642.78,642.89,642.5,642.69,570.09,2026-03-21 16:04:59.999000+00:00,366393.7564,1727,355.7,228603.9694
2026-03-21 16:05:00+00:00,642.68,643.32,642.6,642.6,1617.41,2026-03-21 16:09:59.999000+00:00,1040112.1222,1818,1061.77,682815.0904
2026-03-21 16:10:00+00:00,642.61,642.61,642.26,642.5,998.76,2026-03-21 16:14:59.999000+00:00,641614.8546,1648,258.49,166054.0905
2026-03-21 16:15:00+00:00,642.49,642.66,641.96,642.0,981.49,2026-03-21 16:19:59.999000+00:00,630424.1142,1872,483.8,310767.0228
2026-03-21 16:20:00+00:00,642.0,642.16,641.82,641.82,419.47,2026-03-21 16:24:59.999000+00:00,269314.0197,971,281.49,180730.2172
2026-03-21 16:25:00+00:00,641.83,642.0,641.23,641.56,751.06,2026-03-21 16:29:59.999000+00:00,481917.182,1503,362.32,232479.3874
2026-03-21 16:30:00+00:00,641.55,641.7,641.31,641.59,591.59,2026-03-21 16:34:59.999000+00:00,379525.5827,1480,348.79,223761.7628
2026-03-21 16:35:00+00:00,641.59,641.96,641.47,641.47,445.31,2026-03-21 16:39:59.999000+00:00,285784.3001,1208,355.23,227979.8056
2026-03-21 16:40:00+00:00,641.47,641.47,640.79,641.35,1415.48,2026-03-21 16:44:59.999000+00:00,907413.0823,1710,399.5,256154.5718
2026-03-21 16:45:00+00:00,641.35,641.89,641.21,641.47,1606.1,2026-03-21 16:49:59.999000+00:00,1030620.4936,1740,790.27,507099.4196
2026-03-21 16:50:00+00:00,641.47,641.48,641.24,641.31,258.84,2026-03-21 16:54:59.999000+00:00,166021.7153,765,127.94,82061.1467
2026-03-21 16:55:00+00:00,641.32,641.39,640.75,641.24,906.56,2026-03-21 16:59:59.999000+00:00,581205.2136,1520,494.12,316796.7365
2026-03-21 17:00:00+00:00,641.24,641.88,641.17,641.59,1475.24,2026-03-21 17:04:59.999000+00:00,946418.5035,1808,1249.23,801448.3857
2026-03-21 17:05:00+00:00,641.59,641.59,640.53,640.75,1318.19,2026-03-21 17:09:59.999000+00:00,844749.9109,2067,367.13,235230.6685
2026-03-21 17:10:00+00:00,640.76,641.25,640.57,641.07,1386.57,2026-03-21 17:14:59.999000+00:00,888708.1201,1755,775.52,497136.3653
2026-03-21 17:15:00+00:00,641.07,641.18,640.7,641.08,649.31,2026-03-21 17:19:59.999000+00:00,416124.6997,1490,214.29,137346.0631
2026-03-21 17:20:00+00:00,641.08,641.54,641.08,641.37,321.85,2026-03-21 17:24:59.999000+00:00,206419.2355,1066,218.05,139839.7077
2026-03-21 17:25:00+00:00,641.37,641.63,641.36,641.38,197.81,2026-03-21 17:29:59.999000+00:00,126896.1066,854,118.22,75837.719
2026-03-21 17:30:00+00:00,641.39,641.73,641.38,641.56,373.62,2026-03-21 17:34:59.999000+00:00,239698.3455,905,258.79,166028.3673
2026-03-21 17:35:00+00:00,641.57,641.91,641.4,641.61,524.56,2026-03-21 17:39:59.999000+00:00,336599.4293,1101,383.59,246145.1572
2026-03-21 17:40:00+00:00,641.61,641.81,641.6,641.74,220.32,2026-03-21 17:44:59.999000+00:00,141387.4015,624,160.96,103294.6162
2026-03-21 17:45:00+00:00,641.75,641.84,641.52,641.59,221.83,2026-03-21 17:49:59.999000+00:00,142342.5709,755,114.91,73736.4227
2026-03-21 17:50:00+00:00,641.58,641.59,641.21,641.35,191.79,2026-03-21 17:54:59.999000+00:00,123009.9975,666,77.78,49880.2771
2026-03-21 17:55:00+00:00,641.36,641.56,641.22,641.22,281.32,2026-03-21 17:59:59.999000+00:00,180428.8065,719,91.36,58596.0761
2026-03-21 18:00:00+00:00,641.22,641.35,641.06,641.09,270.32,2026-03-21 18:04:59.999000+00:00,173339.9291,1024,97.2,62333.6825
2026-03-21 18:05:00+00:00,641.09,641.13,640.9,641.1,572.97,2026-03-21 18:09:59.999000+00:00,367282.2919,1262,202.87,130044.5531
2026-03-21 18:10:00+00:00,641.1,641.22,640.9,641.11,345.04,2026-03-21 18:14:59.999000+00:00,221186.8986,1272,175.46,112473.2083
2026-03-21 18:15:00+00:00,641.12,641.38,641.06,641.26,329.47,2026-03-21 18:19:59.999000+00:00,211253.3657,990,205.35,131670.2473
2026-03-21 18:20:00+00:00,641.27,641.67,641.26,641.46,332.96,2026-03-21 18:24:59.999000+00:00,213609.4323,928,247.13,158543.9602
2026-03-21 18:25:00+00:00,641.47,641.6,641.25,641.41,249.85,2026-03-21 18:29:59.999000+00:00,160270.301,740,164.86,105750.045
2026-03-21 18:30:00+00:00,641.42,641.95,641.41,641.79,394.57,2026-03-21 18:34:59.999000+00:00,253136.1363,966,297.81,191057.3317
2026-03-21 18:35:00+00:00,641.8,642.21,641.79,642.18,646.15,2026-03-21 18:39:59.999000+00:00,414845.9386,1365,497.66,319503.7064
2026-03-21 18:40:00+00:00,642.18,642.51,642.07,642.11,553.67,2026-03-21 18:44:59.999000+00:00,355608.4546,1181,382.98,245989.3044
2026-03-21 18:45:00+00:00,642.11,642.12,641.88,641.99,189.57,2026-03-21 18:49:59.999000+00:00,121703.5565,683,90.1,57840.0117
2026-03-21 18:50:00+00:00,641.98,641.99,641.37,641.48,317.54,2026-03-21 18:54:59.999000+00:00,203730.9517,916,92.6,59409.4167
2026-03-21 18:55:00+00:00,641.49,641.76,641.44,641.44,430.47,2026-03-21 18:59:59.999000+00:00,276193.882,619,329.15,211191.3989
2026-03-21 19:00:00+00:00,641.44,641.54,641.4,641.54,284.26,2026-03-21 19:04:59.999000+00:00,182338.9939,1044,164.29,105384.1369
2026-03-21 19:05:00+00:00,641.53,641.59,641.41,641.41,233.03,2026-03-21 19:09:59.999000+00:00,149498.5426,691,89.97,57720.5763
2026-03-21 19:10:00+00:00,641.42,641.5,641.35,641.5,366.48,2026-03-21 19:14:59.999000+00:00,235058.9405,643,240.05,153968.5976
2026-03-21 19:15:00+00:00,641.49,641.65,641.4,641.57,248.22,2026-03-21 19:19:59.999000+00:00,159238.7859,705,159.6,102387.573
2026-03-21 19:20:00+00:00,641.58,641.98,641.46,641.62,1117.46,2026-03-21 19:24:59.999000+00:00,717076.7202,1099,928.52,595841.533
2026-03-21 19:25:00+00:00,641.63,641.93,641.62,641.75,226.43,2026-03-21 19:29:59.999000+00:00,145317.2989,693,103.24,66255.0014
2026-03-21 19:30:00+00:00,641.76,641.76,641.25,641.36,293.06,2026-03-21 19:34:59.999000+00:00,187984.5857,1025,131.94,84628.1843
2026-03-21 19:35:00+00:00,641.36,641.55,641.19,641.2,149.91,2026-03-21 19:39:59.999000+00:00,96149.7874,624,82.84,53131.7972
2026-03-21 19:40:00+00:00,641.19,641.37,641.19,641.32,159.03,2026-03-21 19:44:59.999000+00:00,101978.3398,583,139.18,89248.9423
2026-03-21 19:45:00+00:00,641.33,641.66,641.32,641.38,172.68,2026-03-21 19:49:59.999000+00:00,110768.7193,910,108.95,69881.6941
2026-03-21 19:50:00+00:00,641.37,641.43,641.37,641.43,67.36,2026-03-21 19:54:59.999000+00:00,43203.4314,364,46.61,29894.9104
2026-03-21 19:55:00+00:00,641.42,641.73,641.42,641.43,266.57,2026-03-21 19:59:59.999000+00:00,171016.4678,600,83.97,53868.9754
2026-03-21 20:00:00+00:00,641.43,641.73,641.43,641.51,340.74,2026-03-21 20:04:59.999000+00:00,218607.7048,1188,214.31,137485.2643
2026-03-21 20:05:00+00:00,641.52,641.65,641.47,641.65,143.36,2026-03-21 20:09:59.999000+00:00,91964.6773,847,104.33,66927.8092
2026-03-21 20:10:00+00:00,641.65,641.96,641.64,641.7,236.29,2026-03-21 20:14:59.999000+00:00,151646.3354,1017,136.45,87568.0611
2026-03-21 20:15:00+00:00,641.71,641.77,641.43,641.77,253.34,2026-03-21 20:19:59.999000+00:00,162543.4012,871,176.49,113232.8018
2026-03-21 20:20:00+00:00,641.77,642.15,641.76,642.08,274.45,2026-03-21 20:24:59.999000+00:00,176194.3624,758,190.24,122126.8388
2026-03-21 20:25:00+00:00,642.07,642.19,641.92,642.12,404.71,2026-03-21 20:29:59.999000+00:00,259857.2898,847,208.21,133687.7395
2026-03-21 20:30:00+00:00,642.13,642.4,642.13,642.2,496.02,2026-03-21 20:34:59.999000+00:00,318588.823,1076,247.28,158820.959
2026-03-21 20:35:00+00:00,642.2,642.41,642.05,642.28,290.3,2026-03-21 20:39:59.999000+00:00,186438.3799,846,98.76,63422.921
2026-03-21 20:40:00+00:00,642.28,642.35,642.06,642.2,201.19,2026-03-21 20:44:59.999000+00:00,129206.9089,582,127.94,82162.7598
2026-03-21 20:45:00+00:00,642.2,642.4,642.19,642.22,188.62,2026-03-21 20:49:59.999000+00:00,121148.4301,636,74.57,47893.1976
2026-03-21 20:50:00+00:00,642.21,642.22,642.13,642.2,84.06,2026-03-21 20:54:59.999000+00:00,53981.2431,434,29.12,18699.6882
2026-03-21 20:55:00+00:00,642.2,642.44,642.2,642.34,158.63,2026-03-21 20:59:59.999000+00:00,101901.6904,479,60.43,38816.9169
2026-03-21 21:00:00+00:00,642.34,642.43,641.89,642.31,570.01,2026-03-21 21:04:59.999000+00:00,366002.1896,1318,147.5,94722.9978
2026-03-21 21:05:00+00:00,642.3,642.61,642.27,642.49,318.9,2026-03-21 21:09:59.999000+00:00,204883.0318,1355,158.14,101593.8157
2026-03-21 21:10:00+00:00,642.49,642.58,641.88,642.04,384.67,2026-03-21 21:14:59.999000+00:00,247087.6,1277,195.91,125834.3956
2026-03-21 21:15:00+00:00,642.03,642.24,641.96,641.99,295.24,2026-03-21 21:19:59.999000+00:00,189567.0084,1012,80.68,51802.6854
2026-03-21 21:20:00+00:00,642.0,642.19,641.98,642.05,121.62,2026-03-21 21:24:59.999000+00:00,78084.8133,508,64.46,41385.4902
2026-03-21 21:25:00+00:00,642.05,642.15,641.97,642.02,102.55,2026-03-21 21:29:59.999000+00:00,65844.2029,613,36.53,23453.9545
2026-03-21 21:30:00+00:00,642.03,642.03,641.83,641.94,132.17,2026-03-21 21:34:59.999000+00:00,84839.846,563,43.88,28165.9955
2026-03-21 21:35:00+00:00,641.93,642.16,641.89,642.15,202.93,2026-03-21 21:39:59.999000+00:00,130278.8622,613,126.09,80950.0716
2026-03-21 21:40:00+00:00,642.15,642.15,641.97,641.97,213.19,2026-03-21 21:44:59.999000+00:00,136881.594,758,106.95,68665.5552
2026-03-21 21:45:00+00:00,641.97,641.98,641.97,641.98,24.75,2026-03-21 21:49:59.999000+00:00,15888.8681,234,11.06,7100.2988
2026-03-21 21:50:00+00:00,641.98,641.99,641.6,641.79,287.63,2026-03-21 21:54:59.999000+00:00,184594.9452,842,148.36,95209.751
2026-03-21 21:55:00+00:00,641.79,641.79,641.52,641.66,342.26,2026-03-21 21:59:59.999000+00:00,219619.549,689,120.48,77299.5501
2026-03-21 22:00:00+00:00,641.65,641.73,641.03,641.28,599.33,2026-03-21 22:04:59.999000+00:00,384304.9245,2140,302.88,194200.7077
2026-03-21 22:05:00+00:00,641.28,641.56,641.1,641.11,328.12,2026-03-21 22:09:59.999000+00:00,210448.7336,1077,163.21,104681.9868
2026-03-21 22:10:00+00:00,641.1,641.53,641.1,641.52,375.1,2026-03-21 22:14:59.999000+00:00,240580.1043,1046,298.06,191161.4556
2026-03-21 22:15:00+00:00,641.52,641.69,641.35,641.63,282.95,2026-03-21 22:19:59.999000+00:00,181525.8043,872,119.37,76582.5507
2026-03-21 22:20:00+00:00,641.62,641.62,641.33,641.49,632.95,2026-03-21 22:24:59.999000+00:00,406024.8245,794,187.99,120593.1895
2026-03-21 22:25:00+00:00,641.48,641.94,641.48,641.75,837.89,2026-03-21 22:29:59.999000+00:00,537709.0325,1097,733.23,470546.0694
2026-03-21 22:30:00+00:00,641.76,642.26,641.64,642.05,424.01,2026-03-21 22:34:59.999000+00:00,272198.8148,1011,222.68,142938.4032
2026-03-21 22:35:00+00:00,642.05,642.35,642.05,642.05,348.37,2026-03-21 22:39:59.999000+00:00,223733.1439,860,234.09,150339.4983
2026-03-21 22:40:00+00:00,642.05,642.31,642.04,642.07,134.02,2026-03-21 22:44:59.999000+00:00,86070.8815,524,67.26,43192.5638
2026-03-21 22:45:00+00:00,642.08,642.31,642.0,642.26,243.63,2026-03-21 22:49:59.999000+00:00,156435.6479,917,148.95,95640.5579
2026-03-21 22:50:00+00:00,642.26,642.27,641.75,641.91,208.88,2026-03-21 22:54:59.999000+00:00,134076.1309,798,84.5,54236.8591
2026-03-21 22:55:00+00:00,641.91,642.3,641.89,642.15,487.01,2026-03-21 22:59:59.999000+00:00,312706.8213,876,354.48,227605.7819
2026-03-21 23:00:00+00:00,642.16,642.16,641.72,641.93,370.92,2026-03-21 23:04:59.999000+00:00,238109.5855,1579,176.67,113404.9818
2026-03-21 23:05:00+00:00,641.93,642.09,641.75,641.85,165.99,2026-03-21 23:09:59.999000+00:00,106538.0547,1042,87.47,56138.7136
2026-03-21 23:10:00+00:00,641.84,641.85,641.35,641.6,368.83,2026-03-21 23:14:59.999000+00:00,236612.8094,1217,224.6,144083.0578
2026-03-21 23:15:00+00:00,641.61,641.71,641.35,641.53,332.22,2026-03-21 23:19:59.999000+00:00,213150.8616,1030,268.42,172214.7937
2026-03-21 23:20:00+00:00,641.53,641.72,641.48,641.48,522.4,2026-03-21 23:24:59.999000+00:00,335193.3425,771,270.88,173805.9154
2026-03-21 23:25:00+00:00,641.48,641.5,641.22,641.42,352.54,2026-03-21 23:29:59.999000+00:00,226124.1983,826,126.25,80978.3949
2026-03-21 23:30:00+00:00,641.43,641.57,641.18,641.49,498.69,2026-03-21 23:34:59.999000+00:00,319861.3054,1124,223.72,143487.7647
2026-03-21 23:35:00+00:00,641.49,641.57,641.4,641.48,195.13,2026-03-21 23:39:59.999000+00:00,125173.9682,736,117.48,75363.0675
2026-03-21 23:40:00+00:00,641.48,641.82,641.3,641.51,281.35,2026-03-21 23:44:59.999000+00:00,180501.2448,998,220.74,141612.4371
2026-03-21 23:45:00+00:00,641.52,641.61,637.25,637.34,7843.0,2026-03-21 23:49:59.999000+00:00,5013279.0448,9758,2262.86,1446137.5026
2026-03-21 23:50:00+00:00,637.35,637.52,629.43,632.03,37386.8,2026-03-21 23:54:59.999000+00:00,23663082.9492,32809,14951.24,9462426.126
2026-03-21 23:55:00+00:00,632.03,632.38,627.32,630.29,21573.13,2026-03-21 23:59:59.999000+00:00,13582438.8976,26211,9058.94,5703595.2667
2026-03-22 00:00:00+00:00,630.29,630.32,622.0,624.48,30039.73,2026-03-22 00:04:59.999000+00:00,18782546.7835,37501,12220.81,7638747.3438
2026-03-22 00:05:00+00:00,624.48,628.99,623.37,627.7,6902.13,2026-03-22 00:09:59.999000+00:00,4324449.1186,15003,4333.14,2714887.3733
2026-03-22 00:10:00+00:00,627.7,628.7,626.19,627.1,4361.85,2026-03-22 00:14:59.999000+00:00,2736807.4675,10068,1978.07,1241215.8245
2026-03-22 00:15:00+00:00,627.09,629.98,626.7,629.28,4228.2,2026-03-22 00:19:59.999000+00:00,2659089.5225,10268,2723.2,1712616.7639
2026-03-22 00:20:00+00:00,629.28,629.51,627.83,629.05,3259.1,2026-03-22 00:24:59.999000+00:00,2049514.1109,7190,1536.03,965920.6445
2026-03-22 00:25:00+00:00,629.05,629.99,628.32,629.84,1666.71,2026-03-22 00:29:59.999000+00:00,1048432.4388,4894,862.04,542338.5878
2026-03-22 00:30:00+00:00,629.85,631.77,629.84,631.76,4150.32,2026-03-22 00:34:59.999000+00:00,2618465.0362,8102,2480.67,1565142.5247
2026-03-22 00:35:00+00:00,631.77,632.45,630.73,630.73,2448.41,2026-03-22 00:39:59.999000+00:00,1546822.7601,5716,1248.07,788630.2979
2026-03-22 00:40:00+00:00,630.73,632.0,630.41,631.37,2281.03,2026-03-22 00:44:59.999000+00:00,1439571.1652,5311,764.19,482329.2069
2026-03-22 00:45:00+00:00,631.38,632.0,630.62,631.24,2124.34,2026-03-22 00:49:59.999000+00:00,1340975.4786,4631,1014.84,640632.0738
2026-03-22 00:50:00+00:00,631.23,631.23,628.75,629.24,4021.89,2026-03-22 00:54:59.999000+00:00,2532136.5524,7498,1137.93,716452.3365
2026-03-22 00:55:00+00:00,629.23,630.14,629.02,630.06,1115.16,2026-03-22 00:59:59.999000+00:00,702248.8455,2917,549.16,345797.7147
2026-03-22 01:00:00+00:00,630.06,631.76,630.06,631.13,2751.09,2026-03-22 01:04:59.999000+00:00,1735902.0139,6728,1528.72,964606.4085
2026-03-22 01:05:00+00:00,631.13,631.89,630.05,630.11,3924.91,2026-03-22 01:09:59.999000+00:00,2475725.7761,6324,2425.98,1530518.7206
2026-03-22 01:10:00+00:00,630.11,630.84,629.69,630.65,1935.35,2026-03-22 01:14:59.999000+00:00,1219865.0012,3704,883.4,556837.9857
2026-03-22 01:15:00+00:00,630.65,631.82,630.05,631.2,1805.76,2026-03-22 01:19:59.999000+00:00,1139148.0284,4393,1099.09,693544.1406
2026-03-22 01:20:00+00:00,631.21,631.54,630.71,630.98,1615.15,2026-03-22 01:24:59.999000+00:00,1019462.7167,3247,1053.39,664913.8861
2026-03-22 01:25:00+00:00,630.99,631.11,630.4,630.78,688.61,2026-03-22 01:29:59.999000+00:00,434378.9869,2176,324.02,204376.3639
2026-03-22 01:30:00+00:00,630.79,631.04,630.42,630.62,1188.99,2026-03-22 01:34:59.999000+00:00,749997.8522,3001,583.36,367969.3844
2026-03-22 01:35:00+00:00,630.63,630.95,628.8,629.16,2345.03,2026-03-22 01:39:59.999000+00:00,1476079.3689,4662,773.4,486847.0861
2026-03-22 01:40:00+00:00,629.16,629.91,629.15,629.31,811.98,2026-03-22 01:44:59.999000+00:00,511108.4531,2333,391.19,246219.5721
2026-03-22 01:45:00+00:00,629.31,630.24,629.31,630.02,933.82,2026-03-22 01:49:59.999000+00:00,588167.543,2456,620.46,390801.0783
2026-03-22 01:50:00+00:00,630.03,630.4,629.72,630.16,488.36,2026-03-22 01:54:59.999000+00:00,307746.2333,1633,173.21,109136.2546
2026-03-22 01:55:00+00:00,630.16,630.96,630.16,630.8,771.9,2026-03-22 01:59:59.999000+00:00,486774.8303,2035,488.15,307815.3155
2026-03-22 02:00:00+00:00,630.8,631.59,630.8,631.48,1205.03,2026-03-22 02:04:59.999000+00:00,760744.2899,3408,847.17,534806.2138
2026-03-22 02:05:00+00:00,631.48,631.88,631.12,631.2,1430.74,2026-03-22 02:09:59.999000+00:00,903708.8423,3099,865.99,546987.9005
2026-03-22 02:10:00+00:00,631.19,632.19,630.9,631.75,1216.3,2026-03-22 02:14:59.999000+00:00,768118.1567,2719,744.38,470100.8241
2026-03-22 02:15:00+00:00,631.75,632.43,631.57,632.03,1308.58,2026-03-22 02:19:59.999000+00:00,826908.379,2684,841.95,532005.311
2026-03-22 02:20:00+00:00,632.04,632.59,631.34,632.44,1646.65,2026-03-22 02:24:59.999000+00:00,1040693.3097,2535,821.16,519089.9245
2026-03-22 02:25:00+00:00,632.44,634.98,632.39,634.37,3230.35,2026-03-22 02:29:59.999000+00:00,2047291.9388,6396,1987.31,1259586.5886
2026-03-22 02:30:00+00:00,634.38,634.5,633.26,633.45,1572.18,2026-03-22 02:34:59.999000+00:00,996534.864,4407,707.65,448570.1473
2026-03-22 02:35:00+00:00,633.46,633.7,633.03,633.17,704.03,2026-03-22 02:39:59.999000+00:00,445940.9418,2382,300.84,190578.8632
2026-03-22 02:40:00+00:00,633.16,633.75,633.02,633.48,1909.85,2026-03-22 02:44:59.999000+00:00,1209751.9454,2612,1329.41,842115.7527
2026-03-22 02:45:00+00:00,633.48,634.32,633.04,633.8,1012.31,2026-03-22 02:49:59.999000+00:00,641498.7868,3021,632.21,400648.7578
2026-03-22 02:50:00+00:00,633.81,634.22,633.33,634.21,590.15,2026-03-22 02:54:59.999000+00:00,374042.7314,2240,358.28,227089.4657
2026-03-22 02:55:00+00:00,634.22,634.74,633.86,633.98,1207.27,2026-03-22 02:59:59.999000+00:00,765832.259,2554,503.22,319239.1576
2026-03-22 03:00:00+00:00,633.97,633.98,632.54,632.63,1284.94,2026-03-22 03:04:59.999000+00:00,813568.7996,2872,261.25,165483.2705
2026-03-22 03:05:00+00:00,632.63,633.06,632.52,632.88,776.58,2026-03-22 03:09:59.999000+00:00,491400.7975,2012,241.21,152626.6156
2026-03-22 03:10:00+00:00,632.87,633.6,632.87,633.33,646.17,2026-03-22 03:14:59.999000+00:00,409258.3559,2170,328.2,207853.6435
2026-03-22 03:15:00+00:00,633.34,633.86,633.17,633.8,496.04,2026-03-22 03:19:59.999000+00:00,314277.3571,2148,273.91,173529.7375
2026-03-22 03:20:00+00:00,633.8,634.04,633.45,633.81,492.74,2026-03-22 03:24:59.999000+00:00,312279.4938,1487,294.48,186621.2191
2026-03-22 03:25:00+00:00,633.81,636.42,633.62,635.53,5167.7,2026-03-22 03:29:59.999000+00:00,3284341.1278,6456,3742.32,2378483.4051
2026-03-22 03:30:00+00:00,635.52,636.29,635.31,635.88,2434.73,2026-03-22 03:34:59.999000+00:00,1547855.6153,4191,1599.84,1017103.9743
2026-03-22 03:35:00+00:00,635.87,637.51,633.69,635.08,15414.08,2026-03-22 03:39:59.999000+00:00,9790648.0222,9972,6938.52,4406326.143
2026-03-22 03:40:00+00:00,635.07,635.07,634.31,634.72,1614.63,2026-03-22 03:44:59.999000+00:00,1024771.5483,2605,677.36,429859.1723
2026-03-22 03:45:00+00:00,634.72,634.76,634.27,634.61,634.13,2026-03-22 03:49:59.999000+00:00,402338.6174,1628,214.27,135946.9514
2026-03-22 03:50:00+00:00,634.6,634.61,634.09,634.36,537.24,2026-03-22 03:54:59.999000+00:00,340762.4567,1557,255.84,162265.4249
2026-03-22 03:55:00+00:00,634.35,634.6,634.28,634.52,666.4,2026-03-22 03:59:59.999000+00:00,422823.7822,1419,355.3,225436.0254
2026-03-22 04:00:00+00:00,634.52,636.17,634.3,635.3,11745.38,2026-03-22 04:04:59.999000+00:00,7465989.8152,5274,3995.23,2537943.5148
2026-03-22 04:05:00+00:00,635.31,635.93,635.19,635.46,986.2,2026-03-22 04:09:59.999000+00:00,626823.7002,2549,495.05,314643.7559
2026-03-22 04:10:00+00:00,635.46,635.7,634.91,635.34,1008.48,2026-03-22 04:14:59.999000+00:00,640663.6286,2193,606.99,385636.1553
2026-03-22 04:15:00+00:00,635.34,636.31,635.04,635.04,2484.63,2026-03-22 04:19:59.999000+00:00,1579644.9742,3859,1637.96,1041425.3146
2026-03-22 04:20:00+00:00,635.03,635.03,633.21,633.7,2320.8,2026-03-22 04:24:59.999000+00:00,1471136.5583,3732,659.96,418222.3391
2026-03-22 04:25:00+00:00,633.7,633.9,631.76,633.13,12224.89,2026-03-22 04:29:59.999000+00:00,7732360.0236,5338,7103.73,4491962.7705
2026-03-22 04:30:00+00:00,633.13,634.05,632.83,634.01,1413.31,2026-03-22 04:34:59.999000+00:00,895125.8773,3227,765.49,484817.4452
2026-03-22 04:35:00+00:00,634.01,635.33,633.95,635.07,7194.76,2026-03-22 04:39:59.999000+00:00,4567732.794,4167,3177.47,2016803.7775
2026-03-22 04:40:00+00:00,635.07,635.08,634.27,634.49,5223.97,2026-03-22 04:44:59.999000+00:00,3316605.9177,2137,736.87,467584.8844
2026-03-22 04:45:00+00:00,634.49,635.31,634.48,634.72,1083.42,2026-03-22 04:49:59.999000+00:00,687885.9269,2374,751.17,476934.1385
2026-03-22 04:50:00+00:00,634.71,635.09,634.59,634.96,627.18,2026-03-22 04:54:59.999000+00:00,398183.9948,1570,462.1,293377.6378
2026-03-22 04:55:00+00:00,634.96,635.06,634.62,634.95,588.16,2026-03-22 04:59:59.999000+00:00,373412.9175,1397,273.85,173852.3131
2026-03-22 05:00:00+00:00,634.96,634.96,632.65,633.81,14430.19,2026-03-22 05:04:59.999000+00:00,9138410.5999,4931,9828.92,6222783.8269
2026-03-22 05:05:00+00:00,633.81,633.99,633.39,633.78,629.13,2026-03-22 05:09:59.999000+00:00,398702.0411,1979,347.16,219999.1363
2026-03-22 05:10:00+00:00,633.78,633.97,633.57,633.57,688.9,2026-03-22 05:14:59.999000+00:00,436588.2903,1743,327.58,207602.2095
2026-03-22 05:15:00+00:00,633.56,633.86,633.12,633.61,872.78,2026-03-22 05:19:59.999000+00:00,552857.0934,2349,488.73,309582.2739
2026-03-22 05:20:00+00:00,633.62,633.74,633.24,633.43,1788.28,2026-03-22 05:24:59.999000+00:00,1132824.1112,2237,1310.18,829963.4987
2026-03-22 05:25:00+00:00,633.42,634.16,633.42,633.59,1976.14,2026-03-22 05:29:59.999000+00:00,1252432.6906,2657,1492.21,945738.5098
2026-03-22 05:30:00+00:00,633.6,634.18,633.56,633.57,1258.38,2026-03-22 05:34:59.999000+00:00,797648.0522,1771,888.31,563070.397
2026-03-22 05:35:00+00:00,633.56,633.75,633.42,633.65,618.2,2026-03-22 05:39:59.999000+00:00,391677.5718,1324,238.88,151344.2363
2026-03-22 05:40:00+00:00,633.64,633.76,633.48,633.48,369.16,2026-03-22 05:44:59.999000+00:00,233929.0679,894,157.25,99648.0521
2026-03-22 05:45:00+00:00,633.49,633.81,633.18,633.27,683.62,2026-03-22 05:49:59.999000+00:00,433047.0033,1474,173.33,109801.3491
2026-03-22 05:50:00+00:00,633.26,633.35,633.02,633.02,502.69,2026-03-22 05:54:59.999000+00:00,318275.241,1093,260.5,164930.2727
2026-03-22 05:55:00+00:00,633.01,633.75,633.01,633.39,1133.9,2026-03-22 05:59:59.999000+00:00,718214.9144,2069,922.56,584337.2715
2026-03-22 06:00:00+00:00,633.4,633.42,632.62,633.02,807.6,2026-03-22 06:04:59.999000+00:00,511150.3243,2485,338.9,214489.1193
2026-03-22 06:05:00+00:00,633.02,633.03,632.42,632.78,1069.83,2026-03-22 06:09:59.999000+00:00,676771.6147,1979,576.36,364573.5501
2026-03-22 06:10:00+00:00,632.78,632.78,632.37,632.43,1929.93,2026-03-22 06:14:59.999000+00:00,1220908.6189,1866,1315.84,832457.9973
2026-03-22 06:15:00+00:00,632.43,632.76,632.07,632.7,919.61,2026-03-22 06:19:59.999000+00:00,581518.7969,2097,364.67,230611.9605
2026-03-22 06:20:00+00:00,632.7,633.0,632.52,632.72,493.49,2026-03-22 06:24:59.999000+00:00,312264.8858,1422,283.44,179350.6413
2026-03-22 06:25:00+00:00,632.73,633.2,632.59,633.2,347.67,2026-03-22 06:29:59.999000+00:00,220005.2889,912,172.12,108926.0862
2026-03-22 06:30:00+00:00,633.21,633.54,632.78,632.94,547.55,2026-03-22 06:34:59.999000+00:00,346639.307,1731,275.94,174688.922
2026-03-22 06:35:00+00:00,632.94,633.47,632.94,633.44,649.2,2026-03-22 06:39:59.999000+00:00,411073.8485,1306,374.52,237123.2736
2026-03-22 06:40:00+00:00,633.43,633.55,633.26,633.41,266.79,2026-03-22 06:44:59.999000+00:00,169000.0345,853,118.39,74992.4044
2026-03-22 06:45:00+00:00,633.41,633.41,633.01,633.09,390.4,2026-03-22 06:49:59.999000+00:00,247194.7331,1180,226.17,143199.603
2026-03-22 06:50:00+00:00,633.09,633.98,633.09,633.44,1973.57,2026-03-22 06:54:59.999000+00:00,1250520.6195,2394,1181.67,748725.8888
2026-03-22 06:55:00+00:00,633.44,633.44,633.04,633.36,827.27,2026-03-22 06:59:59.999000+00:00,523840.0046,1381,262.84,166428.2851
2026-03-22 07:00:00+00:00,633.35,634.13,633.13,633.86,2596.08,2026-03-22 07:04:59.999000+00:00,1644959.5934,3917,1486.84,942158.2546
2026-03-22 07:05:00+00:00,633.87,634.37,633.26,633.26,1757.95,2026-03-22 07:09:59.999000+00:00,1114123.4903,2812,779.4,493998.2573
2026-03-22 07:10:00+00:00,633.26,633.56,632.95,633.26,822.68,2026-03-22 07:14:59.999000+00:00,521007.5484,1799,281.22,178073.9011
2026-03-22 07:15:00+00:00,633.27,633.98,633.26,633.74,698.86,2026-03-22 07:19:59.999000+00:00,442779.9696,1433,495.1,313642.8685
2026-03-22 07:20:00+00:00,633.75,634.0,633.56,633.79,204.77,2026-03-22 07:24:59.999000+00:00,129776.8887,888,113.6,71994.5459
2026-03-22 07:25:00+00:00,633.79,634.19,633.79,633.96,255.06,2026-03-22 07:29:59.999000+00:00,161724.9394,823,167.51,106209.7298
2026-03-22 07:30:00+00:00,633.97,633.97,632.84,633.23,919.96,2026-03-22 07:34:59.999000+00:00,582626.9007,2226,222.52,140915.7626
2026-03-22 07:35:00+00:00,633.23,633.33,632.21,632.21,1640.96,2026-03-22 07:39:59.999000+00:00,1038519.7195,2420,694.03,439290.3047
2026-03-22 07:40:00+00:00,632.21,632.79,632.08,632.53,1611.21,2026-03-22 07:44:59.999000+00:00,1019086.1893,3041,750.68,474819.9291
2026-03-22 07:45:00+00:00,632.53,632.97,631.71,632.88,1937.73,2026-03-22 07:49:59.999000+00:00,1225220.9768,3147,916.36,579627.094
2026-03-22 07:50:00+00:00,632.89,633.1,632.36,632.43,593.55,2026-03-22 07:54:59.999000+00:00,375537.0614,1413,288.77,182720.24
2026-03-22 07:55:00+00:00,632.44,632.72,631.55,631.77,1671.15,2026-03-22 07:59:59.999000+00:00,1056155.178,2953,659.92,417064.6065
2026-03-22 08:00:00+00:00,631.78,631.84,630.09,630.48,4110.74,2026-03-22 08:04:59.999000+00:00,2592989.2526,5903,1230.81,776260.9224
2026-03-22 08:05:00+00:00,630.47,631.12,630.26,630.44,1214.47,2026-03-22 08:09:59.999000+00:00,765954.2689,3407,547.63,345386.8164
2026-03-22 08:10:00+00:00,630.44,631.08,630.21,631.07,955.46,2026-03-22 08:14:59.999000+00:00,602640.5431,2333,533.75,336665.5408
2026-03-22 08:15:00+00:00,631.08,631.08,629.54,629.79,2432.37,2026-03-22 08:19:59.999000+00:00,1532772.9801,3790,750.76,473244.5814
2026-03-22 08:20:00+00:00,629.81,630.31,629.02,630.27,2601.08,2026-03-22 08:24:59.999000+00:00,1637438.362,4038,991.48,624165.9006
2026-03-22 08:25:00+00:00,630.27,630.88,628.45,629.16,3214.43,2026-03-22 08:29:59.999000+00:00,2023257.3945,5627,1753.84,1104129.9045
2026-03-22 08:30:00+00:00,629.16,630.2,628.9,629.57,1469.96,2026-03-22 08:34:59.999000+00:00,925461.3479,3582,805.47,507109.6044
2026-03-22 08:35:00+00:00,629.56,629.96,629.24,629.53,2226.73,2026-03-22 08:39:59.999000+00:00,1402244.7269,2926,897.17,564931.2576
2026-03-22 08:40:00+00:00,629.54,630.42,629.49,630.04,2509.89,2026-03-22 08:44:59.999000+00:00,1580944.8227,2288,1936.34,1219565.3079
2026-03-22 08:45:00+00:00,630.04,630.46,629.84,630.2,994.17,2026-03-22 08:49:59.999000+00:00,626529.6658,1892,633.49,399233.7721
2026-03-22 08:50:00+00:00,630.19,630.46,629.86,630.34,685.04,2026-03-22 08:54:59.999000+00:00,431701.5718,1520,339.78,214136.649
2026-03-22 08:55:00+00:00,630.33,630.7,629.94,630.39,818.06,2026-03-22 08:59:59.999000+00:00,515635.6419,1571,352.3,222073.8294
2026-03-22 09:00:00+00:00,630.4,630.76,630.22,630.48,850.48,2026-03-22 09:04:59.999000+00:00,536225.5842,2010,302.41,190665.7513
2026-03-22 09:05:00+00:00,630.48,631.24,630.48,631.03,840.73,2026-03-22 09:09:59.999000+00:00,530498.8753,1990,488.42,308168.6611
2026-03-22 09:10:00+00:00,631.03,631.27,630.76,631.14,772.88,2026-03-22 09:14:59.999000+00:00,487688.5569,1650,363.8,229555.8974
2026-03-22 09:15:00+00:00,631.14,631.43,629.73,630.09,2362.44,2026-03-22 09:19:59.999000+00:00,1490023.4254,3550,1074.28,677729.8483
2026-03-22 09:20:00+00:00,630.08,630.73,629.82,629.95,709.8,2026-03-22 09:24:59.999000+00:00,447479.4048,1646,242.94,153151.1454
2026-03-22 09:25:00+00:00,629.95,630.14,629.45,629.74,899.04,2026-03-22 09:29:59.999000+00:00,566106.8801,1849,288.5,181675.6652
2026-03-22 09:30:00+00:00,629.75,630.21,629.71,630.13,569.9,2026-03-22 09:34:59.999000+00:00,358996.5356,1564,278.61,175502.0375
2026-03-22 09:35:00+00:00,630.13,630.67,630.07,630.37,582.56,2026-03-22 09:39:59.999000+00:00,367219.0236,1855,311.79,196529.2274
2026-03-22 09:40:00+00:00,630.36,630.75,630.36,630.67,425.42,2026-03-22 09:44:59.999000+00:00,268260.0949,1195,252.06,158940.5153
2026-03-22 09:45:00+00:00,630.66,630.83,630.4,630.61,340.33,2026-03-22 09:49:59.999000+00:00,214634.8233,1186,172.07,108516.1009
2026-03-22 09:50:00+00:00,630.6,630.82,630.36,630.81,375.28,2026-03-22 09:54:59.999000+00:00,236640.6709,1131,174.87,110262.5901
2026-03-22 09:55:00+00:00,630.81,630.98,630.67,630.68,366.8,2026-03-22 09:59:59.999000+00:00,231390.9222,1041,183.7,115883.6356
2026-03-22 10:00:00+00:00,630.68,631.1,630.4,630.96,628.25,2026-03-22 10:04:59.999000+00:00,396303.2281,1479,424.26,267639.9131
2026-03-22 10:05:00+00:00,630.97,631.0,629.87,630.08,911.67,2026-03-22 10:09:59.999000+00:00,574548.6197,2277,353.49,222777.9307
2026-03-22 10:10:00+00:00,630.07,630.21,629.94,630.17,401.29,2026-03-22 10:14:59.999000+00:00,252839.9707,1006,234.97,148043.4531
2026-03-22 10:15:00+00:00,630.16,630.33,629.5,630.0,1019.81,2026-03-22 10:19:59.999000+00:00,642438.8765,2003,368.07,231856.7337
2026-03-22 10:20:00+00:00,630.0,630.31,629.95,630.31,356.6,2026-03-22 10:24:59.999000+00:00,224702.6931,1087,203.03,127931.5265
2026-03-22 10:25:00+00:00,630.31,630.32,629.78,629.96,894.95,2026-03-22 10:29:59.999000+00:00,563787.896,1334,213.19,134308.2527
2026-03-22 10:30:00+00:00,629.96,630.29,629.65,629.65,1414.44,2026-03-22 10:34:59.999000+00:00,891100.5135,1474,206.86,130329.7761
2026-03-22 10:35:00+00:00,629.66,629.66,628.83,629.35,1446.46,2026-03-22 10:39:59.999000+00:00,910111.0086,2450,440.04,276870.4643
2026-03-22 10:40:00+00:00,629.34,629.45,628.87,629.18,448.9,2026-03-22 10:44:59.999000+00:00,282402.8889,1517,236.73,148925.7689
2026-03-22 10:45:00+00:00,629.18,629.45,628.94,629.0,645.35,2026-03-22 10:49:59.999000+00:00,406063.2222,1613,287.66,181010.0388
2026-03-22 10:50:00+00:00,629.01,629.67,628.96,629.36,638.26,2026-03-22 10:54:59.999000+00:00,401706.5222,1310,297.28,187091.0181
2026-03-22 10:55:00+00:00,629.35,629.65,629.18,629.25,442.22,2026-03-22 10:59:59.999000+00:00,278346.36,981,255.43,160774.7203
2026-03-22 11:00:00+00:00,629.25,629.51,628.76,629.25,955.19,2026-03-22 11:04:59.999000+00:00,600908.2488,2340,512.91,322659.8794
2026-03-22 11:05:00+00:00,629.25,629.7,629.13,629.65,575.91,2026-03-22 11:09:59.999000+00:00,362439.1471,1624,380.69,239573.9814
2026-03-22 11:10:00+00:00,629.65,629.65,629.06,629.06,639.4,2026-03-22 11:14:59.999000+00:00,402397.0704,1574,310.75,195554.6211
2026-03-22 11:15:00+00:00,629.07,629.23,628.61,628.66,854.92,2026-03-22 11:19:59.999000+00:00,537741.5109,1903,369.62,232496.692
2026-03-22 11:20:00+00:00,628.66,629.58,628.66,629.02,580.84,2026-03-22 11:24:59.999000+00:00,365458.7705,1659,179.8,113118.461
2026-03-22 11:25:00+00:00,629.02,629.03,627.77,628.18,3193.2,2026-03-22 11:29:59.999000+00:00,2005516.9984,4393,1032.88,648732.9987
2026-03-22 11:30:00+00:00,628.18,629.0,628.0,628.5,805.15,2026-03-22 11:34:59.999000+00:00,505988.47,2009,381.62,239827.7147
2026-03-22 11:35:00+00:00,628.49,628.96,628.43,628.96,373.53,2026-03-22 11:39:59.999000+00:00,234859.9403,1305,205.97,129502.1102
2026-03-22 11:40:00+00:00,628.96,629.0,627.13,628.56,2470.41,2026-03-22 11:44:59.999000+00:00,1551096.7961,4337,680.09,427060.5091
2026-03-22 11:45:00+00:00,628.56,628.71,628.0,628.17,629.28,2026-03-22 11:49:59.999000+00:00,395368.7945,1747,252.68,158766.3621
2026-03-22 11:50:00+00:00,628.16,628.44,627.26,628.22,2646.37,2026-03-22 11:54:59.999000+00:00,1661083.7415,3829,784.99,492756.6358
2026-03-22 11:55:00+00:00,628.21,628.21,627.36,627.5,904.37,2026-03-22 11:59:59.999000+00:00,567587.5368,1846,337.54,211838.9147
2026-03-22 12:00:00+00:00,627.5,627.96,627.49,627.7,1144.11,2026-03-22 12:04:59.999000+00:00,718160.307,2511,374.93,235350.0177
2026-03-22 12:05:00+00:00,627.7,628.4,627.62,628.31,1745.82,2026-03-22 12:09:59.999000+00:00,1096390.6579,3087,508.8,319542.1743
2026-03-22 12:10:00+00:00,628.32,628.4,628.0,628.19,551.64,2026-03-22 12:14:59.999000+00:00,346541.4098,1542,265.33,166672.0377
2026-03-22 12:15:00+00:00,628.2,629.27,628.09,629.16,1731.23,2026-03-22 12:19:59.999000+00:00,1088626.6407,2788,1086.88,683512.6467
2026-03-22 12:20:00+00:00,629.16,629.9,628.84,629.75,1455.43,2026-03-22 12:24:59.999000+00:00,916084.9455,2279,836.01,526202.1785
2026-03-22 12:25:00+00:00,629.76,630.63,629.61,629.99,1524.94,2026-03-22 12:29:59.999000+00:00,960744.1045,2876,819.31,516173.8017
2026-03-22 12:30:00+00:00,630.0,630.11,629.74,629.77,1060.02,2026-03-22 12:34:59.999000+00:00,667731.5771,1874,405.84,255651.8148
2026-03-22 12:35:00+00:00,629.77,629.84,629.58,629.58,840.93,2026-03-22 12:39:59.999000+00:00,529536.6833,1577,209.07,131643.1753
2026-03-22 12:40:00+00:00,629.58,629.94,629.58,629.69,495.13,2026-03-22 12:44:59.999000+00:00,311848.4107,1175,305.97,192714.3381
2026-03-22 12:45:00+00:00,629.68,629.99,628.93,628.98,2037.07,2026-03-22 12:49:59.999000+00:00,1282431.5305,2433,625.77,394045.3396
2026-03-22 12:50:00+00:00,628.97,629.3,628.64,629.09,829.57,2026-03-22 12:54:59.999000+00:00,521778.7081,1948,334.83,210594.9634
2026-03-22 12:55:00+00:00,629.08,629.29,629.04,629.15,375.86,2026-03-22 12:59:59.999000+00:00,236489.1178,936,141.56,89065.3892
2026-03-22 13:00:00+00:00,629.15,631.36,629.15,630.57,2048.59,2026-03-22 13:04:59.999000+00:00,1291454.8497,4619,1364.77,860279.5629
2026-03-22 13:05:00+00:00,630.6,631.13,630.49,630.94,944.68,2026-03-22 13:09:59.999000+00:00,595870.8129,2377,443.88,279988.4206
2026-03-22 13:10:00+00:00,630.94,631.37,630.89,630.99,1261.43,2026-03-22 13:14:59.999000+00:00,796027.271,2229,641.42,404768.3802
2026-03-22 13:15:00+00:00,631.0,631.1,630.58,630.64,904.22,2026-03-22 13:19:59.999000+00:00,570417.6509,1764,373.62,235706.1829
2026-03-22 13:20:00+00:00,630.65,631.03,630.01,630.14,979.4,2026-03-22 13:24:59.999000+00:00,617626.5447,1740,229.17,144507.1022
2026-03-22 13:25:00+00:00,630.14,630.32,629.67,630.03,972.26,2026-03-22 13:29:59.999000+00:00,612529.9477,1649,361.63,227823.4736
2026-03-22 13:30:00+00:00,630.02,630.72,629.72,629.85,1092.4,2026-03-22 13:34:59.999000+00:00,688510.1331,2153,474.45,298955.3217
2026-03-22 13:35:00+00:00,629.85,630.01,629.25,629.39,646.69,2026-03-22 13:39:59.999000+00:00,407131.3188,1844,289.63,182332.1586
2026-03-22 13:40:00+00:00,629.4,629.61,628.61,629.16,1350.28,2026-03-22 13:44:59.999000+00:00,849223.6859,2288,425.51,267658.4421
2026-03-22 13:45:00+00:00,629.15,629.3,628.64,629.06,1435.0,2026-03-22 13:49:59.999000+00:00,902547.063,2100,462.53,290893.6127
2026-03-22 13:50:00+00:00,629.04,629.99,628.97,629.99,645.11,2026-03-22 13:54:59.999000+00:00,405992.1614,1427,530.98,334170.3237
2026-03-22 13:55:00+00:00,630.0,630.14,629.77,629.86,587.75,2026-03-22 13:59:59.999000+00:00,370228.8786,1273,262.32,165233.4941
2026-03-22 14:00:00+00:00,629.85,630.36,628.37,628.9,2028.3,2026-03-22 14:04:59.999000+00:00,1276231.6875,4145,548.66,345275.9765
2026-03-22 14:05:00+00:00,628.89,629.54,628.7,629.54,599.77,2026-03-22 14:09:59.999000+00:00,377212.6316,1927,376.13,236555.2633
2026-03-22 14:10:00+00:00,629.54,630.26,629.54,630.02,640.23,2026-03-22 14:14:59.999000+00:00,403261.8991,1923,335.48,211302.5536
2026-03-22 14:15:00+00:00,630.0,630.3,629.92,630.07,472.69,2026-03-22 14:19:59.999000+00:00,297855.563,1449,242.44,152763.2392
2026-03-22 14:20:00+00:00,630.06,631.41,629.91,631.01,892.71,2026-03-22 14:24:59.999000+00:00,563158.0787,2227,578.55,364981.066
2026-03-22 14:25:00+00:00,631.0,631.11,630.3,630.56,833.24,2026-03-22 14:29:59.999000+00:00,525416.225,1784,395.57,249430.0003
2026-03-22 14:30:00+00:00,630.56,630.73,630.05,630.31,981.38,2026-03-22 14:34:59.999000+00:00,618711.9489,1794,525.52,331317.2895
2026-03-22 14:35:00+00:00,630.31,630.9,630.18,630.53,383.49,2026-03-22 14:39:59.999000+00:00,241801.7248,1326,161.07,101562.6793
2026-03-22 14:40:00+00:00,630.53,630.63,630.07,630.47,447.42,2026-03-22 14:44:59.999000+00:00,282073.198,1315,178.5,112532.9874
2026-03-22 14:45:00+00:00,630.47,630.47,629.46,629.64,591.52,2026-03-22 14:49:59.999000+00:00,372690.9865,1473,231.21,145680.8937
2026-03-22 14:50:00+00:00,629.65,629.84,629.41,629.56,476.44,2026-03-22 14:54:59.999000+00:00,299986.8298,973,208.9,131528.2461
2026-03-22 14:55:00+00:00,629.55,629.72,629.3,629.62,517.22,2026-03-22 14:59:59.999000+00:00,325587.1573,1168,230.92,145354.9525
2026-03-22 15:00:00+00:00,629.62,630.64,629.61,630.28,864.75,2026-03-22 15:04:59.999000+00:00,545003.5736,2233,455.34,286975.9891
2026-03-22 15:05:00+00:00,630.27,631.09,630.22,630.57,1320.42,2026-03-22 15:09:59.999000+00:00,832880.0857,2421,683.8,431288.9488
2026-03-22 15:10:00+00:00,630.58,631.05,630.57,630.9,1109.75,2026-03-22 15:14:59.999000+00:00,699990.3525,1351,739.12,466196.8317
2026-03-22 15:15:00+00:00,630.9,631.36,630.52,630.86,1328.32,2026-03-22 15:19:59.999000+00:00,838213.983,2947,657.5,414917.9626
2026-03-22 15:20:00+00:00,630.86,631.11,630.12,630.34,791.3,2026-03-22 15:24:59.999000+00:00,498926.5324,1741,220.77,139187.9484
2026-03-22 15:25:00+00:00,630.33,630.35,629.85,630.14,1121.28,2026-03-22 15:29:59.999000+00:00,706514.6197,1639,341.68,215271.2199
2026-03-22 15:30:00+00:00,630.14,630.34,629.98,630.08,709.4,2026-03-22 15:34:59.999000+00:00,447085.41,1157,368.47,232224.9385
2026-03-22 15:35:00+00:00,630.08,630.09,629.17,629.45,889.53,2026-03-22 15:39:59.999000+00:00,559987.814,1439,185.26,116619.6138
2026-03-22 15:40:00+00:00,629.45,629.45,628.95,629.25,1607.92,2026-03-22 15:44:59.999000+00:00,1011653.723,1847,840.82,529011.1209
2026-03-22 15:45:00+00:00,629.25,629.3,628.93,629.21,691.47,2026-03-22 15:49:59.999000+00:00,434986.0089,1290,380.54,239386.1099
2026-03-22 15:50:00+00:00,629.22,629.53,628.87,629.12,701.26,2026-03-22 15:54:59.999000+00:00,441235.8211,1713,422.37,265755.895
2026-03-22 15:55:00+00:00,629.12,629.47,629.11,629.4,502.59,2026-03-22 15:59:59.999000+00:00,316254.9127,932,302.24,190176.5676
2026-03-22 16:00:00+00:00,629.39,629.78,629.04,629.49,819.73,2026-03-22 16:04:59.999000+00:00,515890.8036,1965,440.8,277426.6415
2026-03-22 16:05:00+00:00,629.48,629.63,629.21,629.21,506.66,2026-03-22 16:09:59.999000+00:00,318916.2833,1726,277.91,174933.0137
2026-03-22 16:10:00+00:00,629.2,629.53,629.07,629.47,611.19,2026-03-22 16:14:59.999000+00:00,384585.1785,1713,254.92,160411.1706
2026-03-22 16:15:00+00:00,629.46,629.83,629.23,629.54,779.75,2026-03-22 16:19:59.999000+00:00,490869.5121,1973,371.94,234139.5461
2026-03-22 16:20:00+00:00,629.53,629.64,629.24,629.41,498.93,2026-03-22 16:24:59.999000+00:00,314056.3716,1234,227.6,143259.2183
2026-03-22 16:25:00+00:00,629.4,629.44,629.15,629.4,477.76,2026-03-22 16:29:59.999000+00:00,300631.1419,1175,327.51,206082.6599
2026-03-22 16:30:00+00:00,629.4,630.14,629.1,629.68,6701.51,2026-03-22 16:34:59.999000+00:00,4218618.4581,2749,5787.7,3643216.116
2026-03-22 16:35:00+00:00,629.68,629.8,629.35,629.4,1170.23,2026-03-22 16:39:59.999000+00:00,736846.3315,1813,571.14,359617.9848
2026-03-22 16:40:00+00:00,629.39,629.67,629.12,629.6,966.57,2026-03-22 16:44:59.999000+00:00,608388.072,1977,388.99,244863.9901
2026-03-22 16:45:00+00:00,629.6,630.13,629.6,629.99,1310.34,2026-03-22 16:49:59.999000+00:00,825367.0358,2068,984.44,620074.798
2026-03-22 16:50:00+00:00,629.98,630.29,629.95,630.2,705.07,2026-03-22 16:54:59.999000+00:00,444265.5158,1010,275.73,173725.9827
2026-03-22 16:55:00+00:00,630.2,630.55,630.11,630.25,622.07,2026-03-22 16:59:59.999000+00:00,392107.2647,1142,336.49,212094.5994
2026-03-22 17:00:00+00:00,630.24,630.5,629.61,630.5,955.02,2026-03-22 17:04:59.999000+00:00,601806.9584,2037,469.53,295888.7528
2026-03-22 17:05:00+00:00,630.5,631.0,630.28,630.92,1270.95,2026-03-22 17:09:59.999000+00:00,801670.0125,2035,752.33,474513.5052
2026-03-22 17:10:00+00:00,630.91,631.1,630.62,631.1,982.73,2026-03-22 17:14:59.999000+00:00,620038.0766,1437,700.22,441793.6857
2026-03-22 17:15:00+00:00,631.1,631.45,631.01,631.26,1557.16,2026-03-22 17:19:59.999000+00:00,982907.5099,2150,798.76,504165.1744
2026-03-22 17:20:00+00:00,631.28,631.89,630.86,630.86,3615.46,2026-03-22 17:24:59.999000+00:00,2283420.5464,4319,1687.1,1065518.9529
2026-03-22 17:25:00+00:00,630.87,631.21,630.41,630.66,3349.19,2026-03-22 17:29:59.999000+00:00,2112811.3471,3220,1869.25,1179196.7823
2026-03-22 17:30:00+00:00,630.67,631.29,630.14,631.24,2559.66,2026-03-22 17:34:59.999000+00:00,1614493.9428,3338,1146.71,723329.2188
2026-03-22 17:35:00+00:00,631.23,631.24,630.57,630.57,1922.86,2026-03-22 17:39:59.999000+00:00,1212992.6566,2443,734.71,463437.0667
2026-03-22 17:40:00+00:00,630.57,630.88,630.21,630.85,725.5,2026-03-22 17:44:59.999000+00:00,457466.6194,1464,443.24,279489.8472
2026-03-22 17:45:00+00:00,630.84,631.17,630.23,630.23,852.67,2026-03-22 17:49:59.999000+00:00,537918.8731,1717,316.13,199455.8366
2026-03-22 17:50:00+00:00,630.24,630.94,630.24,630.66,801.45,2026-03-22 17:54:59.999000+00:00,505437.0542,1406,544.04,343073.2802
2026-03-22 17:55:00+00:00,630.66,631.25,630.42,630.42,1151.48,2026-03-22 17:59:59.999000+00:00,726558.6902,1730,819.86,517347.6375
2026-03-22 18:00:00+00:00,630.41,630.41,629.34,629.49,1791.53,2026-03-22 18:04:59.999000+00:00,1128260.4308,3530,782.77,492926.406
2026-03-22 18:05:00+00:00,629.48,630.09,629.48,629.81,2250.3,2026-03-22 18:09:59.999000+00:00,1417343.8267,2613,790.07,497608.8064
2026-03-22 18:10:00+00:00,629.8,630.64,629.8,630.4,1162.69,2026-03-22 18:14:59.999000+00:00,732771.2478,2128,737.29,464632.7772
2026-03-22 18:15:00+00:00,630.41,630.41,630.05,630.14,1016.26,2026-03-22 18:19:59.999000+00:00,640483.2703,1804,578.52,364582.6802
2026-03-22 18:20:00+00:00,630.14,630.34,629.77,629.89,853.49,2026-03-22 18:24:59.999000+00:00,537750.5643,1385,525.52,331134.8058
2026-03-22 18:25:00+00:00,629.88,630.75,629.68,630.58,993.73,2026-03-22 18:29:59.999000+00:00,626345.7744,1751,657.36,414303.4755
2026-03-22 18:30:00+00:00,630.59,631.2,629.09,629.13,1826.57,2026-03-22 18:34:59.999000+00:00,1151116.3094,3608,875.87,551957.9831
2026-03-22 18:35:00+00:00,629.13,629.42,627.33,628.68,5026.52,2026-03-22 18:39:59.999000+00:00,3158935.3371,7373,2015.02,1266532.7902
2026-03-22 18:40:00+00:00,628.69,629.09,628.52,628.75,1236.84,2026-03-22 18:44:59.999000+00:00,777841.1651,2527,693.65,436208.0961
2026-03-22 18:45:00+00:00,628.74,629.16,628.5,629.04,1310.46,2026-03-22 18:49:59.999000+00:00,824072.7016,2573,559.96,352163.8395
2026-03-22 18:50:00+00:00,629.04,629.39,628.71,628.96,1228.93,2026-03-22 18:54:59.999000+00:00,773206.8838,2191,597.14,375700.3419
2026-03-22 18:55:00+00:00,628.97,629.3,628.85,629.3,636.34,2026-03-22 18:59:59.999000+00:00,400254.5989,1318,356.37,224159.1398
2026-03-22 19:00:00+00:00,629.29,629.29,627.49,627.91,1446.46,2026-03-22 19:04:59.999000+00:00,908945.5124,3418,421.1,264566.7945
2026-03-22 19:05:00+00:00,627.9,628.36,627.54,627.89,2180.21,2026-03-22 19:09:59.999000+00:00,1368933.7177,3197,1332.26,836555.6549
2026-03-22 19:10:00+00:00,627.89,628.02,626.72,627.05,2256.32,2026-03-22 19:14:59.999000+00:00,1415438.0728,4006,811.51,509114.2322
2026-03-22 19:15:00+00:00,627.04,627.23,626.58,626.9,2299.33,2026-03-22 19:19:59.999000+00:00,1441606.2876,3402,823.4,516256.7546
2026-03-22 19:20:00+00:00,626.9,627.26,626.43,626.94,1305.46,2026-03-22 19:24:59.999000+00:00,818499.2663,2155,804.36,504309.4333
2026-03-22 19:25:00+00:00,626.93,627.46,626.52,626.95,1748.55,2026-03-22 19:29:59.999000+00:00,1096363.5023,2165,921.76,578004.7512
2026-03-22 19:30:00+00:00,626.96,627.14,626.1,626.88,2816.89,2026-03-22 19:34:59.999000+00:00,1764656.9656,3734,1175.84,736618.2751
2026-03-22 19:35:00+00:00,626.87,627.93,626.87,627.92,1786.44,2026-03-22 19:39:59.999000+00:00,1120945.4561,2813,963.02,604308.5584
2026-03-22 19:40:00+00:00,627.92,628.31,627.84,627.95,588.64,2026-03-22 19:44:59.999000+00:00,369708.0443,1634,358.1,224904.2077
2026-03-22 19:45:00+00:00,627.94,628.18,626.79,626.84,1128.61,2026-03-22 19:49:59.999000+00:00,708162.8312,2791,374.53,235015.7676
2026-03-22 19:50:00+00:00,626.84,627.49,626.84,627.19,400.42,2026-03-22 19:54:59.999000+00:00,251128.9129,1428,239.43,150153.9676
2026-03-22 19:55:00+00:00,627.19,627.24,626.88,627.14,508.85,2026-03-22 19:59:59.999000+00:00,319081.9679,1246,320.69,201095.0278
2026-03-22 20:00:00+00:00,627.14,628.0,627.14,627.66,887.2,2026-03-22 20:04:59.999000+00:00,556833.9325,2528,419.11,263070.2742
2026-03-22 20:05:00+00:00,627.66,627.79,627.26,627.68,734.7,2026-03-22 20:09:59.999000+00:00,461070.628,2116,346.08,217182.9192
2026-03-22 20:10:00+00:00,627.67,628.27,627.53,628.26,973.98,2026-03-22 20:14:59.999000+00:00,611618.6034,2326,608.29,381994.2211
2026-03-22 20:15:00+00:00,628.25,628.94,628.22,628.94,994.82,2026-03-22 20:19:59.999000+00:00,625455.5127,1994,585.49,368111.6866
2026-03-22 20:20:00+00:00,628.93,629.66,628.87,629.35,1399.93,2026-03-22 20:24:59.999000+00:00,881005.2997,2306,925.96,582731.7495
2026-03-22 20:25:00+00:00,629.34,629.34,628.62,628.84,511.2,2026-03-22 20:29:59.999000+00:00,321471.7076,1548,214.04,134588.2541
2026-03-22 20:30:00+00:00,628.84,629.17,628.72,628.73,456.1,2026-03-22 20:34:59.999000+00:00,286868.1976,1450,198.71,124975.2684
2026-03-22 20:35:00+00:00,628.72,628.76,627.85,628.03,792.22,2026-03-22 20:39:59.999000+00:00,497697.3477,2357,225.34,141571.7343
2026-03-22 20:40:00+00:00,628.02,628.97,628.02,628.75,511.55,2026-03-22 20:44:59.999000+00:00,321578.8939,1453,400.38,251679.0997
2026-03-22 20:45:00+00:00,628.74,628.74,628.38,628.66,736.28,2026-03-22 20:49:59.999000+00:00,462803.648,1345,436.9,274614.4529
2026-03-22 20:50:00+00:00,628.65,628.71,627.35,627.76,1183.01,2026-03-22 20:54:59.999000+00:00,742609.72,2784,476.43,299035.6163
2026-03-22 20:55:00+00:00,627.75,628.07,627.48,627.73,592.28,2026-03-22 20:59:59.999000+00:00,371842.0459,1429,455.23,285812.4289
2026-03-22 21:00:00+00:00,627.73,628.32,627.18,627.22,764.51,2026-03-22 21:04:59.999000+00:00,479888.8967,2768,345.69,216993.6236
2026-03-22 21:05:00+00:00,627.22,627.23,622.92,625.66,11800.13,2026-03-22 21:09:59.999000+00:00,7369312.7394,15302,4762.69,2974557.1166
2026-03-22 21:10:00+00:00,625.66,625.84,623.59,624.12,3385.61,2026-03-22 21:14:59.999000+00:00,2114989.0608,6129,1325.64,827906.7773
2026-03-22 21:15:00+00:00,624.12,624.26,622.2,622.36,3316.17,2026-03-22 21:19:59.999000+00:00,2066880.0152,6884,1492.32,930205.3383
2026-03-22 21:20:00+00:00,622.35,624.14,621.56,624.13,5427.43,2026-03-22 21:24:59.999000+00:00,3378935.5352,7537,2687.89,1673918.2212
2026-03-22 21:25:00+00:00,624.13,625.49,623.65,625.25,1560.02,2026-03-22 21:29:59.999000+00:00,974489.7677,3528,1037.54,648063.0712
2026-03-22 21:30:00+00:00,625.24,625.26,624.32,624.32,2031.06,2026-03-22 21:34:59.999000+00:00,1269085.1421,3080,718.11,448741.9898
2026-03-22 21:35:00+00:00,624.32,625.66,623.84,625.55,1019.88,2026-03-22 21:39:59.999000+00:00,637314.9422,2978,768.38,480200.9485
2026-03-22 21:40:00+00:00,625.54,626.29,624.75,625.46,1958.51,2026-03-22 21:44:59.999000+00:00,1224996.5549,3187,893.48,558876.7604
2026-03-22 21:45:00+00:00,625.46,625.64,624.55,625.23,738.37,2026-03-22 21:49:59.999000+00:00,461521.3863,2028,403.65,252314.2126
2026-03-22 21:50:00+00:00,625.23,625.56,625.15,625.37,390.97,2026-03-22 21:54:59.999000+00:00,244503.5852,1157,250.71,156782.3786
2026-03-22 21:55:00+00:00,625.36,625.58,624.6,625.58,1368.51,2026-03-22 21:59:59.999000+00:00,855338.5051,2512,872.47,545365.8656
2026-03-22 22:00:00+00:00,625.58,625.86,622.53,625.52,6900.02,2026-03-22 22:04:59.999000+00:00,4306888.0804,11274,3294.71,2056527.683
2026-03-22 22:05:00+00:00,625.52,626.82,624.79,626.78,2356.79,2026-03-22 22:09:59.999000+00:00,1475044.2204,5900,1589.31,994754.4366
2026-03-22 22:10:00+00:00,626.77,626.9,624.75,624.87,1741.56,2026-03-22 22:14:59.999000+00:00,1089554.8663,5536,833.79,521586.825
2026-03-22 22:15:00+00:00,624.87,626.44,624.62,626.03,874.15,2026-03-22 22:19:59.999000+00:00,546980.7651,3744,472.43,295583.4086
2026-03-22 22:20:00+00:00,626.03,627.66,625.68,627.48,1909.51,2026-03-22 22:24:59.999000+00:00,1197088.5434,4978,1207.93,757283.5463
2026-03-22 22:25:00+00:00,627.49,629.3,627.45,628.38,2602.97,2026-03-22 22:29:59.999000+00:00,1635662.1422,4841,1286.17,808298.9285
2026-03-22 22:30:00+00:00,628.38,629.0,628.09,628.17,1417.31,2026-03-22 22:34:59.999000+00:00,890846.0603,3532,576.24,362186.1881
2026-03-22 22:35:00+00:00,628.17,628.88,627.91,628.34,794.11,2026-03-22 22:39:59.999000+00:00,498972.9442,2862,393.35,247168.1472
2026-03-22 22:40:00+00:00,628.33,628.4,627.79,628.03,545.43,2026-03-22 22:44:59.999000+00:00,342610.9608,1818,170.02,106796.9762
2026-03-22 22:45:00+00:00,628.03,628.8,628.03,628.8,469.82,2026-03-22 22:49:59.999000+00:00,295236.2219,1866,270.23,169810.109
2026-03-22 22:50:00+00:00,628.8,629.73,628.71,629.24,1461.57,2026-03-22 22:54:59.999000+00:00,919773.6829,2894,996.15,626874.3151
2026-03-22 22:55:00+00:00,629.25,629.7,629.25,629.58,532.84,2026-03-22 22:59:59.999000+00:00,335425.9875,1682,405.28,255124.539
2026-03-22 23:00:00+00:00,629.58,630.2,629.22,629.81,2031.66,2026-03-22 23:04:59.999000+00:00,1279684.4087,4280,1227.05,772916.4714
2026-03-22 23:05:00+00:00,629.81,630.02,628.92,629.42,914.84,2026-03-22 23:09:59.999000+00:00,575748.2552,2676,418.79,263538.7361
2026-03-22 23:10:00+00:00,629.42,631.01,629.41,629.74,1769.33,2026-03-22 23:14:59.999000+00:00,1115206.539,3987,1067.75,673134.6401
2026-03-22 23:15:00+00:00,629.75,630.01,629.0,629.15,1835.24,2026-03-22 23:19:59.999000+00:00,1155344.5614,3087,978.75,616163.4655
2026-03-22 23:20:00+00:00,629.15,629.15,628.46,628.79,1595.2,2026-03-22 23:24:59.999000+00:00,1002990.2186,2808,752.02,472811.7629
2026-03-22 23:25:00+00:00,628.79,628.91,628.1,628.1,970.02,2026-03-22 23:29:59.999000+00:00,609603.4865,2429,202.53,127303.6585
2026-03-22 23:30:00+00:00,628.1,628.4,627.03,627.23,1610.68,2026-03-22 23:34:59.999000+00:00,1011116.6834,3525,336.46,211212.9261
2026-03-22 23:35:00+00:00,627.24,627.73,627.2,627.44,1135.25,2026-03-22 23:39:59.999000+00:00,712366.0276,2187,675.82,424072.5654
2026-03-22 23:40:00+00:00,627.44,627.85,627.37,627.44,619.25,2026-03-22 23:44:59.999000+00:00,388657.9058,1757,242.27,152060.2441
2026-03-22 23:45:00+00:00,627.45,627.6,626.63,626.63,994.22,2026-03-22 23:49:59.999000+00:00,623541.6162,3085,287.69,180437.8546
2026-03-22 23:50:00+00:00,626.63,626.63,625.83,625.99,1807.49,2026-03-22 23:54:59.999000+00:00,1132002.4425,3035,932.42,583978.5562
2026-03-22 23:55:00+00:00,626.0,626.19,625.76,626.08,970.39,2026-03-22 23:59:59.999000+00:00,607442.8805,1526,597.79,374195.5331
2026-03-23 00:00:00+00:00,626.08,627.11,625.87,626.23,2502.93,2026-03-23 00:04:59.999000+00:00,1567811.6578,5103,1311.28,821333.3611
2026-03-23 00:05:00+00:00,626.24,626.99,625.23,626.41,1861.15,2026-03-23 00:09:59.999000+00:00,1165326.6905,4737,885.23,554214.074
2026-03-23 00:10:00+00:00,626.41,627.76,626.4,626.49,2228.36,2026-03-23 00:14:59.999000+00:00,1397419.8205,4210,1237.01,775706.6772
2026-03-23 00:15:00+00:00,626.49,626.62,625.45,625.92,1192.0,2026-03-23 00:19:59.999000+00:00,746180.8598,4274,501.33,313804.7039
2026-03-23 00:20:00+00:00,625.91,626.21,625.48,626.11,1709.4,2026-03-23 00:24:59.999000+00:00,1069693.835,3396,764.37,478295.9647
2026-03-23 00:25:00+00:00,626.11,626.79,625.53,625.7,1529.7,2026-03-23 00:29:59.999000+00:00,957874.5149,3344,744.55,466256.8488
2026-03-23 00:30:00+00:00,625.69,625.71,624.17,624.27,1899.41,2026-03-23 00:34:59.999000+00:00,1186912.9163,4079,566.72,354072.3864
2026-03-23 00:35:00+00:00,624.28,624.34,622.41,622.62,3884.99,2026-03-23 00:39:59.999000+00:00,2421515.2467,8114,1725.44,1075442.5363
2026-03-23 00:40:00+00:00,622.61,624.17,621.75,623.76,2965.89,2026-03-23 00:44:59.999000+00:00,1846742.0739,6985,1405.81,875646.8868
2026-03-23 00:45:00+00:00,623.77,624.64,623.73,624.45,1722.54,2026-03-23 00:49:59.999000+00:00,1075139.8904,4708,973.08,607339.3696
2026-03-23 00:50:00+00:00,624.46,625.58,624.24,624.46,2101.22,2026-03-23 00:54:59.999000+00:00,1313289.9924,4727,1155.34,722067.6314
2026-03-23 00:55:00+00:00,624.46,625.19,624.04,624.5,1235.41,2026-03-23 00:59:59.999000+00:00,771619.6438,3052,759.67,474467.1638
2026-03-23 01:00:00+00:00,624.49,625.09,623.24,624.56,2583.22,2026-03-23 01:04:59.999000+00:00,1611804.58,6201,1177.04,734461.2522
2026-03-23 01:05:00+00:00,624.55,626.5,623.77,625.9,3726.62,2026-03-23 01:09:59.999000+00:00,2329999.3949,6546,1970.7,1232761.2503
2026-03-23 01:10:00+00:00,625.89,625.9,625.02,625.42,1076.18,2026-03-23 01:14:59.999000+00:00,673145.3086,2965,592.87,370832.0628
2026-03-23 01:15:00+00:00,625.43,626.69,625.41,626.69,2043.23,2026-03-23 01:19:59.999000+00:00,1279403.3018,4313,940.77,589135.1154
2026-03-23 01:20:00+00:00,626.68,627.77,626.2,627.74,2552.04,2026-03-23 01:24:59.999000+00:00,1600427.2928,4798,1540.28,966001.884
2026-03-23 01:25:00+00:00,627.74,627.81,627.39,627.55,777.98,2026-03-23 01:29:59.999000+00:00,488303.3531,1920,324.7,203788.3512
2026-03-23 01:30:00+00:00,627.56,627.69,626.33,626.63,1490.3,2026-03-23 01:34:59.999000+00:00,934589.1762,4316,550.76,345416.6808
2026-03-23 01:35:00+00:00,626.63,627.72,626.41,627.28,915.75,2026-03-23 01:39:59.999000+00:00,574141.3344,3338,547.6,343263.0647
2026-03-23 01:40:00+00:00,627.28,627.36,626.19,626.62,762.47,2026-03-23 01:44:59.999000+00:00,477891.0209,2364,258.73,162187.6663
2026-03-23 01:45:00+00:00,626.63,627.6,625.92,627.23,5294.88,2026-03-23 01:49:59.999000+00:00,3318959.7055,5255,3405.56,2134396.1098
2026-03-23 01:50:00+00:00,627.22,627.22,625.98,626.29,2150.84,2026-03-23 01:54:59.999000+00:00,1347654.661,4317,928.94,581997.7589
2026-03-23 01:55:00+00:00,626.28,626.85,625.96,626.09,686.52,2026-03-23 01:59:59.999000+00:00,430011.4153,2556,264.01,165390.5887
2026-03-23 02:00:00+00:00,626.09,626.77,626.01,626.22,1029.67,2026-03-23 02:04:59.999000+00:00,644901.2369,2979,546.66,342397.4028
2026-03-23 02:05:00+00:00,626.24,627.19,625.98,627.05,964.31,2026-03-23 02:09:59.999000+00:00,604096.5452,3200,532.05,333318.8223
2026-03-23 02:10:00+00:00,627.04,627.46,625.15,625.31,1408.0,2026-03-23 02:14:59.999000+00:00,881658.6371,3754,543.43,340301.1167
2026-03-23 02:15:00+00:00,625.3,626.51,625.16,626.43,1025.21,2026-03-23 02:19:59.999000+00:00,641446.7003,2861,402.83,252062.928
2026-03-23 02:20:00+00:00,626.44,627.84,626.33,627.59,1413.62,2026-03-23 02:24:59.999000+00:00,886536.387,3023,879.99,551812.6726
2026-03-23 02:25:00+00:00,627.58,629.99,627.58,629.6,2926.45,2026-03-23 02:29:59.999000+00:00,1840768.3645,5158,1577.45,992181.7431
2026-03-23 02:30:00+00:00,629.6,629.73,629.0,629.12,1259.78,2026-03-23 02:34:59.999000+00:00,792866.5024,3210,582.99,366904.489
2026-03-23 02:35:00+00:00,629.12,629.3,628.4,628.43,847.25,2026-03-23 02:39:59.999000+00:00,532937.5209,2288,319.09,200724.3635
2026-03-23 02:40:00+00:00,628.43,629.69,628.29,628.29,758.59,2026-03-23 02:44:59.999000+00:00,477156.9176,2552,355.48,223616.8708
2026-03-23 02:45:00+00:00,628.29,628.45,628.0,628.07,566.91,2026-03-23 02:49:59.999000+00:00,356133.3937,1728,233.48,146676.1134
2026-03-23 02:50:00+00:00,628.07,628.22,627.5,627.78,495.59,2026-03-23 02:54:59.999000+00:00,311182.7617,1772,238.37,149683.8315
2026-03-23 02:55:00+00:00,627.78,628.62,627.48,628.47,801.8,2026-03-23 02:59:59.999000+00:00,503589.8589,2160,323.77,203361.5164
2026-03-23 03:00:00+00:00,628.48,630.54,628.48,629.79,3006.09,2026-03-23 03:04:59.999000+00:00,1893177.6966,5961,1911.94,1203931.9342
2026-03-23 03:05:00+00:00,629.79,630.12,629.17,629.44,1425.62,2026-03-23 03:09:59.999000+00:00,897491.2611,3257,491.38,309370.3408
2026-03-23 03:10:00+00:00,629.44,629.67,628.33,628.49,927.27,2026-03-23 03:14:59.999000+00:00,583190.9365,3224,277.15,174297.1533
2026-03-23 03:15:00+00:00,628.49,628.97,628.06,628.06,649.1,2026-03-23 03:19:59.999000+00:00,407984.472,2200,305.85,192256.6989
2026-03-23 03:20:00+00:00,628.07,628.54,627.66,627.99,747.89,2026-03-23 03:24:59.999000+00:00,469771.1011,2245,349.71,219689.3127
2026-03-23 03:25:00+00:00,627.98,628.09,627.64,627.82,398.87,2026-03-23 03:29:59.999000+00:00,250425.2024,1443,233.66,146703.145
2026-03-23 03:30:00+00:00,627.82,628.04,627.38,627.96,640.27,2026-03-23 03:34:59.999000+00:00,401917.3097,2096,340.12,213501.7005
2026-03-23 03:35:00+00:00,627.95,627.95,627.19,627.27,393.12,2026-03-23 03:39:59.999000+00:00,246632.2489,1704,184.82,115950.3162
2026-03-23 03:40:00+00:00,627.27,627.33,626.77,627.29,498.77,2026-03-23 03:44:59.999000+00:00,312756.2795,1669,225.15,141188.575
2026-03-23 03:45:00+00:00,627.29,627.39,626.8,627.08,458.72,2026-03-23 03:49:59.999000+00:00,287673.7541,1678,287.55,180321.9354
2026-03-23 03:50:00+00:00,627.08,627.28,626.33,626.37,633.57,2026-03-23 03:54:59.999000+00:00,397049.523,1726,307.6,192767.5865
2026-03-23 03:55:00+00:00,626.4,626.63,626.14,626.24,825.56,2026-03-23 03:59:59.999000+00:00,517059.0525,1425,299.3,187449.0373
2026-03-23 04:00:00+00:00,626.25,626.79,626.22,626.7,605.68,2026-03-23 04:04:59.999000+00:00,379479.4444,2384,304.63,190852.5166
2026-03-23 04:05:00+00:00,626.71,627.15,626.51,626.76,796.09,2026-03-23 04:09:59.999000+00:00,498982.3803,2306,358.31,224587.5558
2026-03-23 04:10:00+00:00,626.76,626.99,626.53,626.64,409.32,2026-03-23 04:14:59.999000+00:00,256561.8397,1498,123.67,77515.985
2026-03-23 04:15:00+00:00,626.64,627.06,626.5,627.06,766.16,2026-03-23 04:19:59.999000+00:00,480205.0796,1876,406.59,254857.0086
2026-03-23 04:20:00+00:00,627.06,627.34,626.8,626.8,461.33,2026-03-23 04:24:59.999000+00:00,289321.3555,1573,256.8,161052.4377
2026-03-23 04:25:00+00:00,626.8,627.19,626.65,627.09,559.56,2026-03-23 04:29:59.999000+00:00,350811.7181,1405,258.24,161908.5452
2026-03-23 04:30:00+00:00,627.1,627.3,626.88,627.26,604.54,2026-03-23 04:34:59.999000+00:00,379101.199,1637,260.32,163244.2994
2026-03-23 04:35:00+00:00,627.25,628.07,627.25,627.91,1275.19,2026-03-23 04:39:59.999000+00:00,800503.9871,2360,940.25,590227.0415
2026-03-23 04:40:00+00:00,627.92,628.1,627.11,627.11,711.47,2026-03-23 04:44:59.999000+00:00,446444.5316,1801,156.81,98394.6219
2026-03-23 04:45:00+00:00,627.12,627.96,627.08,627.84,1234.05,2026-03-23 04:49:59.999000+00:00,774509.5659,2164,956.77,600483.8983
2026-03-23 04:50:00+00:00,627.83,629.28,627.62,629.13,1860.62,2026-03-23 04:54:59.999000+00:00,1169462.5736,3178,1504.33,945528.689
2026-03-23 04:55:00+00:00,629.14,629.69,628.9,629.26,2419.22,2026-03-23 04:59:59.999000+00:00,1522400.9409,2950,1799.27,1132311.5831
2026-03-23 05:00:00+00:00,629.26,630.88,629.25,630.22,2886.56,2026-03-23 05:04:59.999000+00:00,1818841.9783,5324,1707.43,1075841.4191
2026-03-23 05:05:00+00:00,630.21,631.07,630.05,630.5,2500.77,2026-03-23 05:09:59.999000+00:00,1576935.9186,4434,1134.41,715376.9526
2026-03-23 05:10:00+00:00,630.5,631.37,630.28,631.3,1016.96,2026-03-23 05:14:59.999000+00:00,641557.9042,2912,566.46,357349.1414
2026-03-23 05:15:00+00:00,631.3,631.55,630.29,631.13,1636.56,2026-03-23 05:19:59.999000+00:00,1032603.7526,4109,610.11,385005.082
2026-03-23 05:20:00+00:00,631.12,631.12,630.21,630.36,566.82,2026-03-23 05:24:59.999000+00:00,357355.518,2044,156.23,98486.0151
2026-03-23 05:25:00+00:00,630.36,630.68,630.12,630.3,392.71,2026-03-23 05:29:59.999000+00:00,247560.572,1566,163.13,102845.1284
2026-03-23 05:30:00+00:00,630.3,630.42,629.57,630.28,1141.53,2026-03-23 05:34:59.999000+00:00,719144.8115,2732,444.44,280022.2775
2026-03-23 05:35:00+00:00,630.28,631.34,630.2,630.28,1171.16,2026-03-23 05:39:59.999000+00:00,738686.2415,2978,532.55,335909.0663
2026-03-23 05:40:00+00:00,630.28,630.28,629.62,629.63,1015.26,2026-03-23 05:44:59.999000+00:00,639624.8922,2150,440.48,277502.0385
2026-03-23 05:45:00+00:00,629.64,630.0,629.52,629.61,794.99,2026-03-23 05:49:59.999000+00:00,500628.1583,1857,332.09,209129.9749
2026-03-23 05:50:00+00:00,629.6,630.47,629.41,630.42,1324.33,2026-03-23 05:54:59.999000+00:00,834328.9442,2660,683.42,430533.0854
2026-03-23 05:55:00+00:00,630.41,631.79,630.35,631.53,2179.69,2026-03-23 05:59:59.999000+00:00,1376267.2124,3217,1399.01,883391.5808
2026-03-23 06:00:00+00:00,631.54,631.55,630.13,630.16,1132.36,2026-03-23 06:04:59.999000+00:00,714341.0988,3100,357.41,225472.2372
2026-03-23 06:05:00+00:00,630.16,630.17,629.25,629.8,1659.71,2026-03-23 06:09:59.999000+00:00,1045043.8938,2894,689.56,434236.3788
2026-03-23 06:10:00+00:00,629.82,630.29,628.54,628.88,1613.95,2026-03-23 06:14:59.999000+00:00,1015963.2504,3096,870.57,548038.9614
2026-03-23 06:15:00+00:00,628.89,629.4,628.5,628.74,1644.08,2026-03-23 06:19:59.999000+00:00,1034033.1574,2872,753.17,473679.1687
2026-03-23 06:20:00+00:00,628.73,628.73,628.0,628.48,1260.69,2026-03-23 06:24:59.999000+00:00,792226.0735,2417,693.6,435874.3695
2026-03-23 06:25:00+00:00,628.48,628.68,628.19,628.47,988.18,2026-03-23 06:29:59.999000+00:00,621032.6322,2489,563.81,354336.2298
2026-03-23 06:30:00+00:00,628.48,628.55,626.83,626.99,2623.97,2026-03-23 06:34:59.999000+00:00,1645971.7485,3885,930.47,583686.1794
2026-03-23 06:35:00+00:00,627.0,627.01,623.44,624.06,6725.17,2026-03-23 06:39:59.999000+00:00,4201227.4151,9228,3385.94,2115004.4422
2026-03-23 06:40:00+00:00,624.06,625.1,621.43,622.17,6796.32,2026-03-23 06:44:59.999000+00:00,4233128.2657,10275,2830.89,1763784.3948
2026-03-23 06:45:00+00:00,622.16,622.67,620.83,621.77,5101.48,2026-03-23 06:49:59.999000+00:00,3171577.8004,8824,2494.14,1550446.3232
2026-03-23 06:50:00+00:00,621.77,622.49,620.98,622.39,3011.51,2026-03-23 06:54:59.999000+00:00,1872285.505,5819,1977.1,1229267.3257
2026-03-23 06:55:00+00:00,622.38,622.75,621.78,622.57,1713.34,2026-03-23 06:59:59.999000+00:00,1066044.9214,3544,888.25,552658.3359
2026-03-23 07:00:00+00:00,622.57,622.7,621.14,621.14,3080.5,2026-03-23 07:04:59.999000+00:00,1915958.2816,6604,1173.59,729882.2634
2026-03-23 07:05:00+00:00,621.14,622.49,620.0,621.77,7733.94,2026-03-23 07:09:59.999000+00:00,4801806.6308,10266,4132.12,2566174.0977
2026-03-23 07:10:00+00:00,621.78,622.64,621.6,622.21,1951.19,2026-03-23 07:14:59.999000+00:00,1214076.2339,4327,1184.59,737120.6358
2026-03-23 07:15:00+00:00,622.21,622.67,621.63,622.46,1477.46,2026-03-23 07:19:59.999000+00:00,919197.62,4217,861.64,536095.0711
2026-03-23 07:20:00+00:00,622.46,622.6,620.0,620.83,2341.73,2026-03-23 07:24:59.999000+00:00,1453927.8108,5491,1098.97,682312.4999
2026-03-23 07:25:00+00:00,620.83,621.6,620.45,621.36,1624.05,2026-03-23 07:29:59.999000+00:00,1008528.9085,3844,1050.57,652386.9381
2026-03-23 07:30:00+00:00,621.36,623.17,620.94,622.63,1512.53,2026-03-23 07:34:59.999000+00:00,941065.0384,5089,1026.73,638878.4076
2026-03-23 07:35:00+00:00,622.62,625.08,622.57,624.3,3477.38,2026-03-23 07:39:59.999000+00:00,2169749.3071,6143,1852.35,1155713.8502
2026-03-23 07:40:00+00:00,624.29,624.94,623.89,624.93,1909.65,2026-03-23 07:44:59.999000+00:00,1192345.7604,3766,1067.38,666526.1149
2026-03-23 07:45:00+00:00,624.94,625.28,624.48,624.6,2048.05,2026-03-23 07:49:59.999000+00:00,1280060.8842,4310,847.62,529752.5945
2026-03-23 07:50:00+00:00,624.61,624.75,624.28,624.65,881.04,2026-03-23 07:54:59.999000+00:00,550238.2576,2637,299.62,187117.1642
2026-03-23 07:55:00+00:00,624.66,624.8,623.57,623.95,1265.74,2026-03-23 07:59:59.999000+00:00,790011.4053,2700,501.39,312937.9114
2026-03-23 08:00:00+00:00,623.96,624.42,623.73,623.99,1846.05,2026-03-23 08:04:59.999000+00:00,1152012.7471,4078,882.01,550423.8335
2026-03-23 08:05:00+00:00,624.0,625.0,623.81,624.85,1473.84,2026-03-23 08:09:59.999000+00:00,920341.1997,4150,978.37,610946.5731
2026-03-23 08:10:00+00:00,624.85,625.73,624.29,625.64,1731.05,2026-03-23 08:14:59.999000+00:00,1082120.7933,4421,999.37,624753.6067
2026-03-23 08:15:00+00:00,625.65,626.0,624.53,624.76,1572.25,2026-03-23 08:19:59.999000+00:00,983146.0282,3992,639.92,400214.9733
2026-03-23 08:20:00+00:00,624.77,625.35,624.24,624.88,1411.6,2026-03-23 08:24:59.999000+00:00,881996.3683,3471,493.35,308287.6107
2026-03-23 08:25:00+00:00,624.87,625.08,624.35,624.38,1239.49,2026-03-23 08:29:59.999000+00:00,774241.2946,2357,400.91,250421.9302
2026-03-23 08:30:00+00:00,624.37,625.36,624.01,624.95,1059.04,2026-03-23 08:34:59.999000+00:00,661759.8732,3428,627.8,392305.0471
2026-03-23 08:35:00+00:00,624.96,625.13,624.48,624.74,771.34,2026-03-23 08:39:59.999000+00:00,481889.4198,2403,291.45,182074.3441
2026-03-23 08:40:00+00:00,624.73,625.4,624.24,624.59,721.82,2026-03-23 08:44:59.999000+00:00,450964.2644,2238,350.13,218766.5234
2026-03-23 08:45:00+00:00,624.6,624.93,624.07,624.17,676.14,2026-03-23 08:49:59.999000+00:00,422333.7635,2357,260.16,162510.7978
2026-03-23 08:50:00+00:00,624.17,624.67,623.68,624.01,686.01,2026-03-23 08:54:59.999000+00:00,428163.1624,2064,219.42,136965.2886
2026-03-23 08:55:00+00:00,624.02,624.43,623.09,623.96,4101.53,2026-03-23 08:59:59.999000+00:00,2559343.9144,6742,2481.64,1548638.197
2026-03-23 09:00:00+00:00,623.97,624.31,623.31,623.31,1616.96,2026-03-23 09:04:59.999000+00:00,1008657.1343,4609,1004.99,626908.8157
2026-03-23 09:05:00+00:00,623.31,623.62,622.8,623.44,2859.65,2026-03-23 09:09:59.999000+00:00,1782209.3632,6856,1789.29,1115208.9673
2026-03-23 09:10:00+00:00,623.43,623.66,623.17,623.64,931.05,2026-03-23 09:14:59.999000+00:00,580439.6205,2285,574.75,358318.332
2026-03-23 09:15:00+00:00,623.64,624.66,623.62,624.28,1858.63,2026-03-23 09:19:59.999000+00:00,1160226.5179,3661,1277.13,797218.7769
2026-03-23 09:20:00+00:00,624.28,625.49,624.06,624.18,1724.13,2026-03-23 09:24:59.999000+00:00,1077698.873,3204,597.98,373690.8036
2026-03-23 09:25:00+00:00,624.18,624.48,623.78,624.48,1687.81,2026-03-23 09:29:59.999000+00:00,1053357.0513,3085,570.82,356249.6516
2026-03-23 09:30:00+00:00,624.47,624.47,622.6,622.71,1920.05,2026-03-23 09:34:59.999000+00:00,1196959.717,3894,867.74,540966.7092
2026-03-23 09:35:00+00:00,622.71,623.43,621.07,623.05,3495.15,2026-03-23 09:39:59.999000+00:00,2173634.5762,5690,1359.96,845774.8273
2026-03-23 09:40:00+00:00,623.04,623.94,622.83,623.47,3156.78,2026-03-23 09:44:59.999000+00:00,1967978.9476,4076,2121.28,1322373.0104
2026-03-23 09:45:00+00:00,623.47,624.47,623.46,624.03,982.08,2026-03-23 09:49:59.999000+00:00,612848.4962,2461,610.6,381005.9532
2026-03-23 09:50:00+00:00,624.03,624.8,624.0,624.63,1814.35,2026-03-23 09:54:59.999000+00:00,1132998.9006,2130,1019.86,636855.9575
2026-03-23 09:55:00+00:00,624.65,625.8,624.65,625.49,1725.93,2026-03-23 09:59:59.999000+00:00,1079260.3397,2692,953.75,596376.8757
2026-03-23 10:00:00+00:00,625.48,625.98,624.96,625.92,1500.34,2026-03-23 10:04:59.999000+00:00,938217.6023,3802,594.79,371983.1133
2026-03-23 10:05:00+00:00,625.93,627.33,625.61,626.93,4675.27,2026-03-23 10:09:59.999000+00:00,2927286.3807,6618,1957.32,1225857.9429
2026-03-23 10:10:00+00:00,626.93,627.79,626.81,626.88,2479.54,2026-03-23 10:14:59.999000+00:00,1555428.0023,4049,1248.39,783093.4395
2026-03-23 10:15:00+00:00,626.88,627.19,626.45,626.46,935.5,2026-03-23 10:19:59.999000+00:00,586474.2781,2410,430.44,269851.2454
2026-03-23 10:20:00+00:00,626.46,626.67,625.55,625.9,1498.84,2026-03-23 10:24:59.999000+00:00,938483.4652,2568,590.2,369544.7446
2026-03-23 10:25:00+00:00,625.9,626.13,625.5,625.87,643.2,2026-03-23 10:29:59.999000+00:00,402572.4308,1667,174.21,109042.7562
2026-03-23 10:30:00+00:00,625.86,625.86,625.1,625.1,511.37,2026-03-23 10:34:59.999000+00:00,319896.822,1574,199.24,124638.2396
2026-03-23 10:35:00+00:00,625.09,625.48,624.79,624.96,779.04,2026-03-23 10:39:59.999000+00:00,487021.9066,2157,311.97,195030.2807
2026-03-23 10:40:00+00:00,624.95,625.56,624.79,625.23,656.07,2026-03-23 10:44:59.999000+00:00,410083.6155,1725,297.43,185907.0568
2026-03-23 10:45:00+00:00,625.23,625.24,624.63,624.95,829.26,2026-03-23 10:49:59.999000+00:00,518204.2828,1704,292.94,183053.4814
2026-03-23 10:50:00+00:00,624.95,626.37,624.95,625.82,1618.79,2026-03-23 10:54:59.999000+00:00,1013131.6155,3539,981.83,614453.4294
2026-03-23 10:55:00+00:00,625.81,626.46,625.81,626.25,550.01,2026-03-23 10:59:59.999000+00:00,344411.2385,1510,267.8,167700.6972
2026-03-23 11:00:00+00:00,626.25,627.13,626.25,626.37,1586.57,2026-03-23 11:04:59.999000+00:00,994328.519,3445,1084.28,679549.4096
2026-03-23 11:05:00+00:00,626.37,648.24,626.37,647.86,105624.62,2026-03-23 11:09:59.999000+00:00,67764407.3428,101432,58575.98,37560208.7781
2026-03-23 11:10:00+00:00,647.85,650.68,643.5,647.22,64617.98,2026-03-23 11:14:59.999000+00:00,41827315.3897,61454,34226.47,22166018.9717
2026-03-23 11:15:00+00:00,647.24,650.53,646.22,647.05,38068.14,2026-03-23 11:19:59.999000+00:00,24686601.4614,45540,22458.06,14566068.0188
2026-03-23 11:20:00+00:00,647.03,648.39,642.7,644.2,18790.9,2026-03-23 11:24:59.999000+00:00,12127652.2056,24961,8337.38,5381705.6056
2026-03-23 11:25:00+00:00,644.2,646.84,644.15,645.93,9846.08,2026-03-23 11:29:59.999000+00:00,6356957.3496,15634,5750.01,3712431.0778
2026-03-23 11:30:00+00:00,645.93,648.58,645.93,647.23,6801.98,2026-03-23 11:34:59.999000+00:00,4403661.9446,12909,3664.69,2372689.2946
2026-03-23 11:35:00+00:00,647.23,647.23,642.04,643.12,9394.85,2026-03-23 11:39:59.999000+00:00,6049852.0431,14673,3155.45,2031364.1491
2026-03-23 11:40:00+00:00,643.11,644.16,642.43,642.93,5842.77,2026-03-23 11:44:59.999000+00:00,3758214.8386,9237,2919.04,1877793.148
2026-03-23 11:45:00+00:00,642.95,643.25,638.76,641.28,11286.16,2026-03-23 11:49:59.999000+00:00,7230633.0152,15688,4686.31,3002087.664
2026-03-23 11:50:00+00:00,641.28,642.29,639.55,641.83,5510.28,2026-03-23 11:54:59.999000+00:00,3530857.9815,10066,3010.02,1929181.1908
2026-03-23 11:55:00+00:00,641.84,641.84,637.6,638.17,7706.31,2026-03-23 11:59:59.999000+00:00,4922191.5037,11708,3074.29,1963913.6482
2026-03-23 12:00:00+00:00,638.16,639.43,635.52,637.82,12977.24,2026-03-23 12:04:59.999000+00:00,8270988.1363,20252,6566.63,4186031.0333
2026-03-23 12:05:00+00:00,637.83,640.25,637.01,640.09,5579.71,2026-03-23 12:09:59.999000+00:00,3561538.0256,13904,3509.44,2240370.8387
2026-03-23 12:10:00+00:00,640.1,640.35,639.28,639.35,3019.87,2026-03-23 12:14:59.999000+00:00,1932245.9321,8467,1745.49,1116890.9612
2026-03-23 12:15:00+00:00,639.35,641.16,639.1,641.04,4908.03,2026-03-23 12:19:59.999000+00:00,3143272.3715,9751,3470.43,2222519.3001
2026-03-23 12:20:00+00:00,641.03,642.44,640.83,641.23,3295.84,2026-03-23 12:24:59.999000+00:00,2115049.0657,7383,1849.8,1187061.808
2026-03-23 12:25:00+00:00,641.23,641.82,640.66,641.34,1685.34,2026-03-23 12:29:59.999000+00:00,1080529.0985,4861,941.5,603634.0528
2026-03-23 12:30:00+00:00,641.34,642.46,640.55,642.06,2758.09,2026-03-23 12:34:59.999000+00:00,1769626.572,6328,1633.26,1048189.4978
2026-03-23 12:35:00+00:00,642.07,643.69,641.75,642.36,2864.46,2026-03-23 12:39:59.999000+00:00,1841118.2189,6907,1710.18,1099136.3687
2026-03-23 12:40:00+00:00,642.35,645.43,641.64,644.76,6309.3,2026-03-23 12:44:59.999000+00:00,4063731.0257,11623,3394.61,2186938.6093
2026-03-23 12:45:00+00:00,644.77,645.51,644.04,644.7,4373.92,2026-03-23 12:49:59.999000+00:00,2820763.5831,7516,2202.27,1420350.9607
2026-03-23 12:50:00+00:00,644.7,645.2,643.73,643.89,2415.52,2026-03-23 12:54:59.999000+00:00,1556753.265,6434,1241.16,799893.9898
2026-03-23 12:55:00+00:00,643.9,644.92,643.63,644.91,1956.57,2026-03-23 12:59:59.999000+00:00,1260283.5908,4199,1299.98,837316.5075
2026-03-23 13:00:00+00:00,644.92,646.31,644.23,645.02,5069.86,2026-03-23 13:04:59.999000+00:00,3271911.7485,9874,2958.33,1909262.0808
2026-03-23 13:05:00+00:00,645.03,645.13,644.0,644.46,2082.17,2026-03-23 13:09:59.999000+00:00,1341987.0917,4981,586.23,377759.4981
2026-03-23 13:10:00+00:00,644.45,644.86,644.04,644.22,1729.36,2026-03-23 13:14:59.999000+00:00,1114415.4122,4192,812.86,523802.1571
2026-03-23 13:15:00+00:00,644.22,645.0,644.21,644.3,1620.82,2026-03-23 13:19:59.999000+00:00,1044868.8553,4034,870.1,560947.4898
2026-03-23 13:20:00+00:00,644.3,645.51,644.25,644.6,1890.31,2026-03-23 13:24:59.999000+00:00,1219014.9391,4544,704.25,454157.6035
2026-03-23 13:25:00+00:00,644.59,644.59,643.47,643.68,2396.38,2026-03-23 13:29:59.999000+00:00,1542972.4666,4666,1048.82,675342.8821
2026-03-23 13:30:00+00:00,643.67,644.29,642.64,643.55,3778.59,2026-03-23 13:34:59.999000+00:00,2431528.9777,10690,1845.08,1187374.1136
2026-03-23 13:35:00+00:00,643.54,646.44,642.88,645.82,4011.36,2026-03-23 13:39:59.999000+00:00,2586153.6691,10156,2383.99,1536992.6903
2026-03-23 13:40:00+00:00,645.83,648.48,645.01,646.78,6795.26,2026-03-23 13:44:59.999000+00:00,4396042.1188,12105,4150.03,2685369.2556
2026-03-23 13:45:00+00:00,646.78,647.11,645.72,646.81,6418.9,2026-03-23 13:49:59.999000+00:00,4148868.7817,10370,2914.71,1884195.8316
2026-03-23 13:50:00+00:00,646.81,649.43,646.69,647.37,5635.67,2026-03-23 13:54:59.999000+00:00,3653815.1962,10713,2718.9,1762760.6154
2026-03-23 13:55:00+00:00,647.36,647.69,646.0,647.66,7137.26,2026-03-23 13:59:59.999000+00:00,4616332.7113,9839,2794.86,1808119.0404
2026-03-23 14:00:00+00:00,647.66,648.81,647.26,647.58,7257.99,2026-03-23 14:04:59.999000+00:00,4703085.2261,11223,4876.47,3159937.6215
2026-03-23 14:05:00+00:00,647.58,649.0,646.03,648.57,4388.05,2026-03-23 14:09:59.999000+00:00,2840879.4809,9804,2286.43,1480745.7258
2026-03-23 14:10:00+00:00,648.58,649.4,647.0,647.16,6608.28,2026-03-23 14:14:59.999000+00:00,4282361.3946,10977,3910.48,2534497.6873
2026-03-23 14:15:00+00:00,647.16,648.5,647.12,647.16,3021.04,2026-03-23 14:19:59.999000+00:00,1957131.3773,7680,1786.38,1157358.4476
2026-03-23 14:20:00+00:00,647.16,647.83,646.33,647.11,3135.7,2026-03-23 14:24:59.999000+00:00,2028751.2753,6105,1534.49,992825.8356
2026-03-23 14:25:00+00:00,647.11,648.07,645.92,646.46,4043.98,2026-03-23 14:29:59.999000+00:00,2616205.2709,7374,2255.99,1459840.029
2026-03-23 14:30:00+00:00,646.46,646.6,645.01,645.1,3425.35,2026-03-23 14:34:59.999000+00:00,2212449.1745,7380,1285.89,830623.9259
2026-03-23 14:35:00+00:00,645.1,646.68,645.1,646.35,3300.77,2026-03-23 14:39:59.999000+00:00,2131563.5675,7026,1526.74,986057.1681
2026-03-23 14:40:00+00:00,646.34,647.1,645.24,646.2,2113.55,2026-03-23 14:44:59.999000+00:00,1365958.3823,5280,1175.65,759801.5364
2026-03-23 14:45:00+00:00,646.21,646.86,644.78,645.21,3964.98,2026-03-23 14:49:59.999000+00:00,2560685.6174,6775,1788.28,1155065.3766
2026-03-23 14:50:00+00:00,645.21,645.4,644.31,645.07,2590.68,2026-03-23 14:54:59.999000+00:00,1670548.115,5285,1267.53,817328.7044
2026-03-23 14:55:00+00:00,645.08,646.85,645.0,646.27,2031.36,2026-03-23 14:59:59.999000+00:00,1312472.0724,4504,997.7,644506.0514
2026-03-23 15:00:00+00:00,646.27,647.79,646.07,646.83,3619.42,2026-03-23 15:04:59.999000+00:00,2341718.8031,7047,1803.79,1167123.7965
2026-03-23 15:05:00+00:00,646.82,647.1,645.92,646.12,2695.18,2026-03-23 15:09:59.999000+00:00,1742800.983,5786,1341.48,867431.7628
2026-03-23 15:10:00+00:00,646.13,646.31,644.96,645.07,2873.04,2026-03-23 15:14:59.999000+00:00,1854772.8289,5659,1171.25,756200.8595
2026-03-23 15:15:00+00:00,645.06,645.09,643.58,643.79,4253.11,2026-03-23 15:19:59.999000+00:00,2739786.9513,6672,1494.6,962724.6938
2026-03-23 15:20:00+00:00,643.78,643.84,642.67,643.29,3522.29,2026-03-23 15:24:59.999000+00:00,2265667.7411,6713,1710.51,1100322.6502
2026-03-23 15:25:00+00:00,643.28,645.3,643.03,643.44,17259.49,2026-03-23 15:29:59.999000+00:00,11122243.4694,8869,7972.44,5134586.6887
2026-03-23 15:30:00+00:00,643.44,643.69,641.92,642.03,3868.87,2026-03-23 15:34:59.999000+00:00,2487061.4001,6029,1361.86,875646.3934
2026-03-23 15:35:00+00:00,642.04,642.85,641.06,641.46,4264.78,2026-03-23 15:39:59.999000+00:00,2737782.7093,7051,2208.18,1417659.2726
2026-03-23 15:40:00+00:00,641.45,641.93,639.44,640.16,8243.47,2026-03-23 15:44:59.999000+00:00,5281534.2259,8485,3804.68,2438458.6678
2026-03-23 15:45:00+00:00,640.2,641.28,638.62,640.94,6517.75,2026-03-23 15:49:59.999000+00:00,4169010.5748,8650,3284.13,2101217.8635
2026-03-23 15:50:00+00:00,640.93,641.31,637.68,638.42,6337.96,2026-03-23 15:54:59.999000+00:00,4050706.0883,10038,3010.7,1924545.2151
2026-03-23 15:55:00+00:00,638.42,638.42,636.75,637.35,8977.63,2026-03-23 15:59:59.999000+00:00,5724500.1316,10127,5174.69,3300018.284
2026-03-23 16:00:00+00:00,637.35,638.03,636.69,637.41,8036.97,2026-03-23 16:04:59.999000+00:00,5122742.3018,10987,2608.96,1663168.5838
2026-03-23 16:05:00+00:00,637.41,638.63,636.73,638.15,3984.58,2026-03-23 16:09:59.999000+00:00,2541231.2322,7018,2099.5,1338926.2275
2026-03-23 16:10:00+00:00,638.14,639.08,637.9,638.74,2808.64,2026-03-23 16:14:59.999000+00:00,1793212.2822,5415,1166.88,745016.105
2026-03-23 16:15:00+00:00,638.73,639.06,636.01,636.44,5264.92,2026-03-23 16:19:59.999000+00:00,3353412.2649,7354,1616.21,1029419.6642
2026-03-23 16:20:00+00:00,636.44,636.78,635.19,636.43,6003.92,2026-03-23 16:24:59.999000+00:00,3817919.3774,8977,3299.56,2098214.8053
2026-03-23 16:25:00+00:00,636.43,636.44,634.74,634.95,5044.34,2026-03-23 16:29:59.999000+00:00,3205158.4186,8485,1964.07,1248053.1164
2026-03-23 16:30:00+00:00,634.94,635.55,633.88,635.42,5511.77,2026-03-23 16:34:59.999000+00:00,3498182.0844,8260,2951.2,1873127.8767
2026-03-23 16:35:00+00:00,635.42,636.31,634.42,634.61,3215.19,2026-03-23 16:39:59.999000+00:00,2043180.0025,6556,1474.14,936791.0905
2026-03-23 16:40:00+00:00,634.61,635.46,634.4,635.25,1343.52,2026-03-23 16:44:59.999000+00:00,853015.067,3794,632.36,401479.946
2026-03-23 16:45:00+00:00,635.25,637.5,635.01,636.91,6527.13,2026-03-23 16:49:59.999000+00:00,4155044.0235,8142,4786.62,3046768.1516
2026-03-23 16:50:00+00:00,636.92,637.02,635.47,635.91,4840.65,2026-03-23 16:54:59.999000+00:00,3079390.3129,5861,1691.1,1075851.2427
2026-03-23 16:55:00+00:00,635.9,636.13,635.13,635.89,2456.3,2026-03-23 16:59:59.999000+00:00,1561322.1588,4012,1225.36,778875.1716
2026-03-23 17:00:00+00:00,635.89,636.53,635.39,635.87,3717.23,2026-03-23 17:04:59.999000+00:00,2364050.2048,6188,2410.38,1532896.5875
2026-03-23 17:05:00+00:00,635.87,636.83,635.71,636.28,3476.43,2026-03-23 17:09:59.999000+00:00,2212631.9129,5807,2525.46,1607440.3703
2026-03-23 17:10:00+00:00,636.27,637.01,635.5,635.54,4251.21,2026-03-23 17:14:59.999000+00:00,2704153.9098,5003,1880.24,1196596.4329
2026-03-23 17:15:00+00:00,635.54,635.81,634.04,634.28,3779.29,2026-03-23 17:19:59.999000+00:00,2399408.4111,5854,1508.82,957695.8252
2026-03-23 17:20:00+00:00,634.28,634.28,632.84,633.14,5524.12,2026-03-23 17:24:59.999000+00:00,3499294.1634,6780,2304.45,1459956.7477
2026-03-23 17:25:00+00:00,633.14,634.25,632.89,633.14,3247.66,2026-03-23 17:29:59.999000+00:00,2057303.0921,5159,1525.74,966599.3904
2026-03-23 17:30:00+00:00,633.14,636.25,632.99,636.18,10013.42,2026-03-23 17:34:59.999000+00:00,6356091.5221,10771,5313.57,3372954.5075
2026-03-23 17:35:00+00:00,636.18,637.59,635.9,636.83,8195.07,2026-03-23 17:39:59.999000+00:00,5218191.7872,8660,5177.05,3296317.0927
2026-03-23 17:40:00+00:00,636.82,637.01,636.06,636.31,1523.87,2026-03-23 17:44:59.999000+00:00,969993.5763,3259,847.23,539263.7659
2026-03-23 17:45:00+00:00,636.31,637.2,636.23,637.2,1068.6,2026-03-23 17:49:59.999000+00:00,680365.5242,2880,713.13,454055.14
2026-03-23 17:50:00+00:00,637.2,638.09,636.99,638.04,3866.44,2026-03-23 17:54:59.999000+00:00,2465109.3376,4516,2440.09,1555844.2623
2026-03-23 17:55:00+00:00,638.04,638.43,637.77,638.21,3088.63,2026-03-23 17:59:59.999000+00:00,1970908.6471,3063,1692.05,1079759.5702
2026-03-23 18:00:00+00:00,638.21,638.55,637.7,638.07,1410.43,2026-03-23 18:04:59.999000+00:00,900101.9968,3420,743.25,474329.1233
2026-03-23 18:05:00+00:00,638.07,638.16,636.29,636.76,2619.47,2026-03-23 18:09:59.999000+00:00,1668744.2382,5050,1156.58,736906.0826
2026-03-23 18:10:00+00:00,636.77,637.5,636.77,636.94,1270.81,2026-03-23 18:14:59.999000+00:00,809657.5815,2831,774.59,493511.4723
2026-03-23 18:15:00+00:00,636.95,637.54,636.94,637.19,743.82,2026-03-23 18:19:59.999000+00:00,473936.298,2332,427.22,272202.0416
2026-03-23 18:20:00+00:00,637.18,637.53,636.81,637.39,839.93,2026-03-23 18:24:59.999000+00:00,535145.4926,1912,436.12,277861.1541
2026-03-23 18:25:00+00:00,637.39,637.79,637.15,637.21,1845.77,2026-03-23 18:29:59.999000+00:00,1176628.2348,2497,895.29,570685.414
2026-03-23 18:30:00+00:00,637.21,638.9,637.21,638.67,3024.97,2026-03-23 18:34:59.999000+00:00,1930698.1377,4309,1960.16,1251074.6898
2026-03-23 18:35:00+00:00,638.68,639.36,638.04,638.49,1715.82,2026-03-23 18:39:59.999000+00:00,1096205.7976,3563,745.97,476633.763
2026-03-23 18:40:00+00:00,638.49,638.75,638.13,638.43,950.95,2026-03-23 18:44:59.999000+00:00,607076.6744,2081,561.48,358422.1936
2026-03-23 18:45:00+00:00,638.43,639.69,638.37,639.25,1929.47,2026-03-23 18:49:59.999000+00:00,1233078.5773,4013,1270.3,811853.7708
2026-03-23 18:50:00+00:00,639.25,639.69,638.47,639.37,1530.64,2026-03-23 18:54:59.999000+00:00,978255.8983,3062,673.7,430605.0507
2026-03-23 18:55:00+00:00,639.38,639.94,638.91,639.71,2628.4,2026-03-23 18:59:59.999000+00:00,1681010.1601,3466,1365.04,873125.3885
2026-03-23 19:00:00+00:00,639.7,639.98,639.09,639.97,1372.08,2026-03-23 19:04:59.999000+00:00,877532.4903,3192,897.65,574140.1405
2026-03-23 19:05:00+00:00,639.97,640.93,638.65,639.54,4564.74,2026-03-23 19:09:59.999000+00:00,2920210.7158,6925,2330.92,1491323.1643
2026-03-23 19:10:00+00:00,639.54,639.68,638.93,639.1,763.8,2026-03-23 19:14:59.999000+00:00,488220.1982,2289,328.39,209915.1996
2026-03-23 19:15:00+00:00,639.09,639.37,638.6,639.15,1113.2,2026-03-23 19:19:59.999000+00:00,711341.876,2749,657.48,420117.8431
2026-03-23 19:20:00+00:00,639.16,639.8,638.76,639.56,586.06,2026-03-23 19:24:59.999000+00:00,374578.4738,1908,408.15,260877.8386
2026-03-23 19:25:00+00:00,639.57,639.68,639.07,639.42,417.52,2026-03-23 19:29:59.999000+00:00,266962.2804,1291,229.81,146939.3055
2026-03-23 19:30:00+00:00,639.41,639.57,639.07,639.07,657.01,2026-03-23 19:34:59.999000+00:00,420013.9407,1500,261.26,167020.8465
2026-03-23 19:35:00+00:00,639.07,639.19,638.78,638.82,570.86,2026-03-23 19:39:59.999000+00:00,364763.2529,1636,263.99,168682.0476
2026-03-23 19:40:00+00:00,638.82,638.85,638.51,638.73,636.6,2026-03-23 19:44:59.999000+00:00,406589.9994,1385,363.01,231855.0185
2026-03-23 19:45:00+00:00,638.73,639.33,638.33,638.42,973.94,2026-03-23 19:49:59.999000+00:00,622209.7407,2179,575.47,367674.399
2026-03-23 19:50:00+00:00,638.41,638.44,637.9,638.19,989.2,2026-03-23 19:54:59.999000+00:00,631202.9913,2071,623.81,398042.1146
2026-03-23 19:55:00+00:00,638.2,638.21,637.37,637.86,2008.19,2026-03-23 19:59:59.999000+00:00,1280847.0459,2852,918.58,585889.7718
2026-03-23 20:00:00+00:00,637.85,638.03,636.67,637.15,2686.97,2026-03-23 20:04:59.999000+00:00,1712057.0454,3622,1006.54,641258.2429
2026-03-23 20:05:00+00:00,637.15,637.49,637.03,637.48,656.8,2026-03-23 20:09:59.999000+00:00,418540.6386,2074,471.42,300410.6386
2026-03-23 20:10:00+00:00,637.49,638.3,637.49,638.03,993.23,2026-03-23 20:14:59.999000+00:00,633664.1387,2322,541.51,345472.0766
2026-03-23 20:15:00+00:00,638.02,638.34,637.9,638.01,350.01,2026-03-23 20:19:59.999000+00:00,223340.9157,1483,190.76,121720.4394
2026-03-23 20:20:00+00:00,638.01,638.63,638.01,638.28,755.73,2026-03-23 20:24:59.999000+00:00,482420.4414,1381,387.34,247271.0705
2026-03-23 20:25:00+00:00,638.28,638.38,638.11,638.27,337.22,2026-03-23 20:29:59.999000+00:00,215223.3685,1070,189.34,120839.3231
2026-03-23 20:30:00+00:00,638.26,638.91,638.24,638.85,915.31,2026-03-23 20:34:59.999000+00:00,584527.8293,1568,714.98,456590.2721
2026-03-23 20:35:00+00:00,638.85,639.86,638.78,639.51,1143.67,2026-03-23 20:39:59.999000+00:00,731242.9185,2265,779.14,498155.6759
2026-03-23 20:40:00+00:00,639.5,639.92,639.35,639.85,464.42,2026-03-23 20:44:59.999000+00:00,297041.3602,1068,339.86,217376.7768
2026-03-23 20:45:00+00:00,639.84,639.94,639.29,639.29,569.72,2026-03-23 20:49:59.999000+00:00,364466.2453,1393,242.67,155256.9463
2026-03-23 20:50:00+00:00,639.3,639.43,639.05,639.43,289.85,2026-03-23 20:54:59.999000+00:00,185276.6303,942,183.24,117126.3669
2026-03-23 20:55:00+00:00,639.42,639.56,639.32,639.49,535.8,2026-03-23 20:59:59.999000+00:00,342632.0522,861,188.79,120724.2902
2026-03-23 21:00:00+00:00,639.49,640.26,639.45,639.45,1990.4,2026-03-23 21:04:59.999000+00:00,1273621.5143,2491,1378.22,881970.8879
2026-03-23 21:05:00+00:00,639.45,639.82,639.45,639.66,430.07,2026-03-23 21:09:59.999000+00:00,275089.1417,1181,250.34,160125.5408
2026-03-23 21:10:00+00:00,639.67,640.07,639.48,639.52,861.23,2026-03-23 21:14:59.999000+00:00,550975.6935,1647,454.55,290788.0804
2026-03-23 21:15:00+00:00,639.52,640.04,639.51,639.71,324.66,2026-03-23 21:19:59.999000+00:00,207718.2976,1340,165.06,105602.533
2026-03-23 21:20:00+00:00,639.7,640.0,639.58,639.79,307.06,2026-03-23 21:24:59.999000+00:00,196450.2291,1106,172.15,110137.4237
2026-03-23 21:25:00+00:00,639.79,639.82,639.48,639.61,273.34,2026-03-23 21:29:59.999000+00:00,174834.5918,944,136.73,87452.8586
2026-03-23 21:30:00+00:00,639.61,640.66,639.61,640.46,1056.65,2026-03-23 21:34:59.999000+00:00,676314.7461,1823,812.18,519796.7019
2026-03-23 21:35:00+00:00,640.46,640.77,640.17,640.77,852.84,2026-03-23 21:39:59.999000+00:00,546165.6932,1228,555.85,355997.1379
2026-03-23 21:40:00+00:00,640.76,640.88,640.26,640.43,695.48,2026-03-23 21:44:59.999000+00:00,445507.6778,1523,372.46,238584.3836
2026-03-23 21:45:00+00:00,640.43,640.43,640.02,640.04,368.43,2026-03-23 21:49:59.999000+00:00,235875.6718,1083,177.81,113832.7793
2026-03-23 21:50:00+00:00,640.03,640.7,640.03,640.37,309.2,2026-03-23 21:54:59.999000+00:00,198040.7037,1087,219.73,140729.1554
2026-03-23 21:55:00+00:00,640.37,641.42,639.61,639.91,3491.34,2026-03-23 21:59:59.999000+00:00,2237021.5756,3264,1711.2,1096339.4099
2026-03-23 22:00:00+00:00,639.91,640.11,638.0,638.45,3259.38,2026-03-23 22:04:59.999000+00:00,2083647.6657,5151,1232.63,787768.7948
2026-03-23 22:05:00+00:00,638.44,639.4,638.27,639.07,1356.96,2026-03-23 22:09:59.999000+00:00,867029.6262,3298,614.07,392279.7172
2026-03-23 22:10:00+00:00,639.07,639.19,638.42,638.73,1477.19,2026-03-23 22:14:59.999000+00:00,943496.9889,2323,329.19,210279.3982
2026-03-23 22:15:00+00:00,638.73,639.04,638.0,639.04,635.71,2026-03-23 22:19:59.999000+00:00,405899.3552,2014,420.57,268525.4762
2026-03-23 22:20:00+00:00,639.04,639.12,638.46,638.53,499.3,2026-03-23 22:24:59.999000+00:00,318902.6283,1196,243.08,155252.879
2026-03-23 22:25:00+00:00,638.53,638.68,638.36,638.41,639.03,2026-03-23 22:29:59.999000+00:00,408039.8538,1062,213.1,136069.1954
2026-03-23 22:30:00+00:00,638.41,638.41,637.4,638.12,1650.18,2026-03-23 22:34:59.999000+00:00,1052584.1141,3106,586.84,374274.788
2026-03-23 22:35:00+00:00,638.12,638.7,638.08,638.19,750.5,2026-03-23 22:39:59.999000+00:00,479113.6241,2192,384.51,245467.8516
2026-03-23 22:40:00+00:00,638.19,638.49,637.92,638.48,526.18,2026-03-23 22:44:59.999000+00:00,335774.6638,1289,312.42,199377.4951
2026-03-23 22:45:00+00:00,638.49,639.01,638.23,638.37,2273.8,2026-03-23 22:49:59.999000+00:00,1452236.4946,2069,964.8,616081.8507
2026-03-23 22:50:00+00:00,638.37,639.17,638.35,639.02,674.38,2026-03-23 22:54:59.999000+00:00,430727.8935,1439,393.1,251069.8843
2026-03-23 22:55:00+00:00,639.04,639.04,638.51,638.75,372.37,2026-03-23 22:59:59.999000+00:00,237853.4393,926,146.09,93303.048
2026-03-23 23:00:00+00:00,638.76,638.82,637.92,638.25,873.52,2026-03-23 23:04:59.999000+00:00,557571.7476,2471,420.75,268554.7755
2026-03-23 23:05:00+00:00,638.24,638.44,637.43,637.48,892.96,2026-03-23 23:09:59.999000+00:00,569650.5827,2031,339.9,216881.5324
2026-03-23 23:10:00+00:00,637.49,637.58,636.97,637.44,1177.95,2026-03-23 23:14:59.999000+00:00,750661.4909,2297,662.47,422201.4508
2026-03-23 23:15:00+00:00,637.44,637.52,636.83,636.83,1012.77,2026-03-23 23:19:59.999000+00:00,645299.576,1540,474.31,302194.2258
2026-03-23 23:20:00+00:00,636.83,637.25,636.4,637.24,1237.35,2026-03-23 23:24:59.999000+00:00,787877.9663,2107,688.97,438728.8892
2026-03-23 23:25:00+00:00,637.24,638.17,637.04,638.0,1102.08,2026-03-23 23:29:59.999000+00:00,702846.6892,2043,629.99,401769.2516
2026-03-23 23:30:00+00:00,638.0,638.02,637.41,637.47,547.16,2026-03-23 23:34:59.999000+00:00,348961.7507,1525,250.87,159984.5147
2026-03-23 23:35:00+00:00,637.46,637.99,637.32,637.98,561.24,2026-03-23 23:39:59.999000+00:00,357914.9823,1436,430.01,274226.5288
2026-03-23 23:40:00+00:00,637.99,638.72,637.98,638.45,639.62,2026-03-23 23:44:59.999000+00:00,408338.3787,1633,426.8,272457.1808
2026-03-23 23:45:00+00:00,638.45,638.55,637.57,638.1,797.94,2026-03-23 23:49:59.999000+00:00,509179.3822,1879,411.63,262652.3107
2026-03-23 23:50:00+00:00,638.11,638.45,637.8,638.3,757.73,2026-03-23 23:54:59.999000+00:00,483567.063,1362,479.6,306075.0268
2026-03-23 23:55:00+00:00,638.29,639.5,638.29,639.3,1443.33,2026-03-23 23:59:59.999000+00:00,922409.0709,2590,1022.22,653263.1452
2026-03-24 00:00:00+00:00,639.3,640.39,639.18,639.31,3163.57,2026-03-24 00:04:59.999000+00:00,2024240.8189,5623,1823.44,1166729.6525
2026-03-24 00:05:00+00:00,639.31,639.53,638.72,638.78,1663.01,2026-03-24 00:09:59.999000+00:00,1063050.0137,3302,811.34,518644.5858
2026-03-24 00:10:00+00:00,638.79,639.34,638.47,638.57,1167.95,2026-03-24 00:14:59.999000+00:00,746153.1461,2549,533.43,340776.7599
2026-03-24 00:15:00+00:00,638.56,638.71,637.54,638.31,1565.62,2026-03-24 00:19:59.999000+00:00,998966.7451,3157,732.85,467554.6614
2026-03-24 00:20:00+00:00,638.31,638.37,637.39,638.14,1750.49,2026-03-24 00:24:59.999000+00:00,1116843.5727,2901,687.22,438409.0416
2026-03-24 00:25:00+00:00,638.14,638.47,637.45,637.73,1050.3,2026-03-24 00:29:59.999000+00:00,670016.522,2124,428.62,273445.3503
2026-03-24 00:30:00+00:00,637.73,637.91,636.57,637.3,1538.22,2026-03-24 00:34:59.999000+00:00,980069.349,3730,693.09,441538.9751
2026-03-24 00:35:00+00:00,637.29,637.5,634.85,636.35,4255.92,2026-03-24 00:39:59.999000+00:00,2707042.2711,6359,1764.71,1122321.3278
2026-03-24 00:40:00+00:00,636.36,637.27,635.91,636.37,1605.21,2026-03-24 00:44:59.999000+00:00,1022218.9252,3245,631.28,402015.4065
2026-03-24 00:45:00+00:00,636.36,637.43,636.34,636.92,998.09,2026-03-24 00:49:59.999000+00:00,635819.7681,2456,519.42,330852.9694
2026-03-24 00:50:00+00:00,636.92,638.03,636.89,637.53,1028.22,2026-03-24 00:54:59.999000+00:00,655328.1874,2457,438.18,279319.623
2026-03-24 00:55:00+00:00,637.53,637.6,636.76,636.77,1236.31,2026-03-24 00:59:59.999000+00:00,787729.4006,2034,701.9,447229.2077
2026-03-24 01:00:00+00:00,636.77,637.11,636.23,636.44,1417.5,2026-03-24 01:04:59.999000+00:00,902433.6329,3241,909.68,579154.5845
2026-03-24 01:05:00+00:00,636.43,636.81,635.87,636.18,1029.2,2026-03-24 01:09:59.999000+00:00,654868.2703,2945,478.62,304517.4306
2026-03-24 01:10:00+00:00,636.18,636.92,635.47,635.54,1522.71,2026-03-24 01:14:59.999000+00:00,968486.9049,3280,608.1,386819.1814
2026-03-24 01:15:00+00:00,635.53,635.59,634.81,635.43,3464.57,2026-03-24 01:19:59.999000+00:00,2200287.7391,3614,956.09,607313.3899
2026-03-24 01:20:00+00:00,635.43,636.93,635.43,636.39,1523.38,2026-03-24 01:24:59.999000+00:00,969528.1502,3285,673.2,428407.1776
2026-03-24 01:25:00+00:00,636.38,636.92,636.0,636.51,851.95,2026-03-24 01:29:59.999000+00:00,542257.5644,2203,407.3,259245.3437
2026-03-24 01:30:00+00:00,636.5,636.62,635.41,636.13,1630.83,2026-03-24 01:34:59.999000+00:00,1037237.029,3762,868.25,552196.7424
2026-03-24 01:35:00+00:00,636.12,636.14,633.41,633.58,2584.53,2026-03-24 01:39:59.999000+00:00,1640388.6858,4563,878.68,558033.9421
2026-03-24 01:40:00+00:00,633.6,633.89,632.54,633.25,3395.11,2026-03-24 01:44:59.999000+00:00,2149663.6999,4643,1640.74,1038843.9218
2026-03-24 01:45:00+00:00,633.25,633.6,632.72,633.0,2085.76,2026-03-24 01:49:59.999000+00:00,1320840.4906,3810,1190.88,754199.1862
2026-03-24 01:50:00+00:00,633.0,634.74,633.0,634.51,2403.84,2026-03-24 01:54:59.999000+00:00,1524404.5002,4744,1453.44,921680.8689
2026-03-24 01:55:00+00:00,634.51,634.6,633.59,633.7,1386.52,2026-03-24 01:59:59.999000+00:00,879167.2116,2454,489.25,310228.1121
2026-03-24 02:00:00+00:00,633.71,635.5,632.99,634.53,2614.24,2026-03-24 02:04:59.999000+00:00,1658077.66,5686,1321.15,838052.9605
2026-03-24 02:05:00+00:00,634.54,634.54,633.4,633.76,1864.47,2026-03-24 02:09:59.999000+00:00,1182058.5253,3625,752.78,477275.5679
2026-03-24 02:10:00+00:00,633.77,633.77,632.57,632.73,1816.72,2026-03-24 02:14:59.999000+00:00,1149746.385,3401,811.74,513654.3261
2026-03-24 02:15:00+00:00,632.73,632.78,632.06,632.49,1645.02,2026-03-24 02:19:59.999000+00:00,1040313.8072,3355,708.22,447880.1284
2026-03-24 02:20:00+00:00,632.5,633.68,632.34,632.93,1279.96,2026-03-24 02:24:59.999000+00:00,810101.2096,3028,712.64,451018.0594
2026-03-24 02:25:00+00:00,632.93,633.25,632.17,633.05,911.04,2026-03-24 02:29:59.999000+00:00,576482.2902,2312,400.7,253567.3887
2026-03-24 02:30:00+00:00,633.05,633.68,632.78,633.51,1487.28,2026-03-24 02:34:59.999000+00:00,941817.1999,3167,814.46,515759.6937
2026-03-24 02:35:00+00:00,633.51,634.27,632.74,632.74,1384.31,2026-03-24 02:39:59.999000+00:00,877159.3542,3177,606.97,384689.6635
2026-03-24 02:40:00+00:00,632.73,633.56,632.01,633.51,1138.13,2026-03-24 02:44:59.999000+00:00,720241.7016,2919,501.44,317398.3707
2026-03-24 02:45:00+00:00,633.51,634.05,633.22,633.54,1960.25,2026-03-24 02:49:59.999000+00:00,1242092.4404,2787,542.29,343617.0456
2026-03-24 02:50:00+00:00,633.54,633.54,632.9,633.01,826.1,2026-03-24 02:54:59.999000+00:00,523027.088,2004,338.41,214242.5425
2026-03-24 02:55:00+00:00,633.01,633.17,632.53,632.84,731.84,2026-03-24 02:59:59.999000+00:00,463144.1314,1695,167.13,105763.2974
2026-03-24 03:00:00+00:00,632.84,632.9,632.39,632.71,1148.64,2026-03-24 03:04:59.999000+00:00,726617.26,2269,656.96,415555.3566
2026-03-24 03:05:00+00:00,632.7,633.21,632.47,632.63,1032.28,2026-03-24 03:09:59.999000+00:00,653372.8091,2427,528.27,334367.7769
2026-03-24 03:10:00+00:00,632.64,633.25,632.51,632.69,1167.96,2026-03-24 03:14:59.999000+00:00,739203.2616,2374,713.39,451555.9471
2026-03-24 03:15:00+00:00,632.7,633.17,632.64,632.73,691.97,2026-03-24 03:19:59.999000+00:00,437967.8575,1736,252.89,160056.4188
2026-03-24 03:20:00+00:00,632.73,633.56,632.54,632.98,598.42,2026-03-24 03:24:59.999000+00:00,378840.9851,1849,245.64,155506.7637
2026-03-24 03:25:00+00:00,632.97,633.47,632.9,633.18,519.35,2026-03-24 03:29:59.999000+00:00,328838.7437,1671,262.34,166103.3979
2026-03-24 03:30:00+00:00,633.19,633.27,632.53,632.69,920.89,2026-03-24 03:34:59.999000+00:00,582858.0483,2361,406.49,257288.096
2026-03-24 03:35:00+00:00,632.69,633.14,632.34,632.75,740.34,2026-03-24 03:39:59.999000+00:00,468374.4866,2017,381.74,241527.9771
2026-03-24 03:40:00+00:00,632.75,633.32,632.73,633.07,683.16,2026-03-24 03:44:59.999000+00:00,432448.5112,1876,237.55,150369.2871
2026-03-24 03:45:00+00:00,633.06,633.19,632.78,632.95,685.62,2026-03-24 03:49:59.999000+00:00,434003.5049,1611,279.16,176706.9579
2026-03-24 03:50:00+00:00,632.95,633.22,632.39,633.22,728.14,2026-03-24 03:54:59.999000+00:00,460711.7189,1911,389.45,246405.5281
2026-03-24 03:55:00+00:00,633.23,633.37,632.64,632.7,856.46,2026-03-24 03:59:59.999000+00:00,542107.9211,1645,255.4,161657.8559
2026-03-24 04:00:00+00:00,632.7,632.74,632.26,632.49,2391.27,2026-03-24 04:04:59.999000+00:00,1512549.2799,3036,1044.21,660501.659
2026-03-24 04:05:00+00:00,632.5,634.0,632.47,632.68,2895.41,2026-03-24 04:09:59.999000+00:00,1833652.1039,4948,1482.81,939036.8751
2026-03-24 04:10:00+00:00,632.68,632.87,632.17,632.42,1180.22,2026-03-24 04:14:59.999000+00:00,746525.0338,2309,429.73,271802.3587
2026-03-24 04:15:00+00:00,632.42,632.42,631.52,631.61,2351.0,2026-03-24 04:19:59.999000+00:00,1485501.4443,3343,649.2,410180.9704
2026-03-24 04:20:00+00:00,631.61,631.72,631.24,631.54,2243.76,2026-03-24 04:24:59.999000+00:00,1416821.2083,2256,455.47,287608.7442
2026-03-24 04:25:00+00:00,631.54,631.55,630.71,631.04,1903.93,2026-03-24 04:29:59.999000+00:00,1201313.9391,3029,681.59,430059.2886
2026-03-24 04:30:00+00:00,631.04,631.07,629.31,629.94,4208.24,2026-03-24 04:34:59.999000+00:00,2651044.2632,5165,876.68,552205.282
2026-03-24 04:35:00+00:00,629.93,629.94,629.23,629.58,1251.13,2026-03-24 04:39:59.999000+00:00,787749.0353,2508,524.6,330297.6173
2026-03-24 04:40:00+00:00,629.58,629.73,629.19,629.55,1005.39,2026-03-24 04:44:59.999000+00:00,632861.6714,2129,539.55,339643.85
2026-03-24 04:45:00+00:00,629.56,629.94,629.15,629.21,1475.68,2026-03-24 04:49:59.999000+00:00,929193.2467,2608,626.12,394254.7379
2026-03-24 04:50:00+00:00,629.2,630.21,628.8,630.16,1897.3,2026-03-24 04:54:59.999000+00:00,1193863.2017,3652,762.99,480240.9055
2026-03-24 04:55:00+00:00,630.14,630.16,629.3,629.32,663.57,2026-03-24 04:59:59.999000+00:00,417825.6241,1784,212.84,134006.7623
2026-03-24 05:00:00+00:00,629.33,629.38,628.26,628.35,1462.91,2026-03-24 05:04:59.999000+00:00,919729.8008,3844,350.49,220328.7487
2026-03-24 05:05:00+00:00,628.35,628.36,627.13,627.23,8007.28,2026-03-24 05:09:59.999000+00:00,5027443.1136,4970,1029.18,646050.975
2026-03-24 05:10:00+00:00,627.24,627.97,627.16,627.47,1647.38,2026-03-24 05:14:59.999000+00:00,1033898.6281,3310,841.88,528358.8867
2026-03-24 05:15:00+00:00,627.47,629.2,627.42,628.07,2040.84,2026-03-24 05:19:59.999000+00:00,1282160.4837,4777,1126.42,707732.5607
2026-03-24 05:20:00+00:00,628.07,628.21,627.34,627.75,1085.42,2026-03-24 05:24:59.999000+00:00,681390.8789,2737,485.73,304888.4215
2026-03-24 05:25:00+00:00,627.75,628.37,627.63,627.63,704.24,2026-03-24 05:29:59.999000+00:00,442257.3284,2003,295.29,185439.6111
2026-03-24 05:30:00+00:00,627.63,628.33,627.48,627.79,1017.47,2026-03-24 05:34:59.999000+00:00,638850.5383,2546,618.12,388113.4457
2026-03-24 05:35:00+00:00,627.79,628.7,627.74,628.51,1044.63,2026-03-24 05:39:59.999000+00:00,656353.9279,2503,764.25,480188.6372
2026-03-24 05:40:00+00:00,628.5,629.5,628.5,628.93,1207.7,2026-03-24 05:44:59.999000+00:00,759822.1134,2409,712.27,448082.1053
2026-03-24 05:45:00+00:00,628.94,629.59,628.93,629.16,1024.23,2026-03-24 05:49:59.999000+00:00,644537.6701,2326,704.3,443208.617
2026-03-24 05:50:00+00:00,629.16,629.66,629.0,629.4,645.4,2026-03-24 05:54:59.999000+00:00,406197.7673,1768,406.65,255945.8769
2026-03-24 05:55:00+00:00,629.39,629.39,628.95,629.24,446.71,2026-03-24 05:59:59.999000+00:00,281025.5856,1338,140.46,88365.4481
2026-03-24 06:00:00+00:00,629.24,630.14,628.94,629.66,1411.3,2026-03-24 06:04:59.999000+00:00,888609.7069,3178,1086.9,684389.9188
2026-03-24 06:05:00+00:00,629.66,630.07,629.35,629.55,1257.15,2026-03-24 06:09:59.999000+00:00,791701.3156,2629,696.94,438942.8472
2026-03-24 06:10:00+00:00,629.55,629.72,629.06,629.6,702.95,2026-03-24 06:14:59.999000+00:00,442400.4102,2114,452.95,285066.8989
2026-03-24 06:15:00+00:00,629.6,629.79,629.12,629.12,1270.02,2026-03-24 06:19:59.999000+00:00,799427.614,2444,520.99,327952.6582
2026-03-24 06:20:00+00:00,629.12,630.48,629.02,629.6,917.73,2026-03-24 06:24:59.999000+00:00,578117.9331,2642,544.36,342922.814
2026-03-24 06:25:00+00:00,629.59,629.91,629.3,629.77,629.7,2026-03-24 06:29:59.999000+00:00,396472.4447,2010,395.94,249287.6634
2026-03-24 06:30:00+00:00,629.78,630.73,629.78,630.34,1279.02,2026-03-24 06:34:59.999000+00:00,806244.971,2961,739.94,466426.5218
2026-03-24 06:35:00+00:00,630.33,630.51,629.81,630.02,830.62,2026-03-24 06:39:59.999000+00:00,523445.4796,1892,345.17,217493.2056
2026-03-24 06:40:00+00:00,630.02,630.26,629.73,629.87,753.35,2026-03-24 06:44:59.999000+00:00,474639.7815,1821,331.27,208703.7532
2026-03-24 06:45:00+00:00,629.87,630.55,629.71,630.14,1165.78,2026-03-24 06:49:59.999000+00:00,734765.9007,2402,799.69,504057.9551
2026-03-24 06:50:00+00:00,630.15,630.72,629.73,630.52,975.6,2026-03-24 06:54:59.999000+00:00,614833.5661,2103,483.69,304830.1762
2026-03-24 06:55:00+00:00,630.53,631.26,630.41,630.94,1093.54,2026-03-24 06:59:59.999000+00:00,689942.0834,2287,780.31,492317.1551
2026-03-24 07:00:00+00:00,630.95,631.8,630.73,631.78,1638.41,2026-03-24 07:04:59.999000+00:00,1034276.5263,3719,1187.1,749357.9589
2026-03-24 07:05:00+00:00,631.77,633.89,631.77,633.39,3986.4,2026-03-24 07:09:59.999000+00:00,2524069.9174,7337,2378.35,1505847.1545
2026-03-24 07:10:00+00:00,633.39,635.0,633.33,634.21,3759.99,2026-03-24 07:14:59.999000+00:00,2385231.9253,6117,2225.8,1412062.145
2026-03-24 07:15:00+00:00,634.21,635.15,633.87,634.43,2512.6,2026-03-24 07:19:59.999000+00:00,1593892.668,4796,1494.35,948040.1878
2026-03-24 07:20:00+00:00,634.43,635.43,634.25,634.84,2273.72,2026-03-24 07:24:59.999000+00:00,1443603.2993,4280,1288.85,818285.7638
2026-03-24 07:25:00+00:00,634.84,635.38,634.58,635.17,929.86,2026-03-24 07:29:59.999000+00:00,590420.6053,2125,436.48,277137.2555
2026-03-24 07:30:00+00:00,635.17,635.68,634.78,635.15,1704.24,2026-03-24 07:34:59.999000+00:00,1082476.4033,3931,935.21,594036.9291
2026-03-24 07:35:00+00:00,635.14,635.25,634.25,634.78,1694.18,2026-03-24 07:39:59.999000+00:00,1075179.3416,3038,529.72,336131.0457
2026-03-24 07:40:00+00:00,634.79,635.37,634.73,635.23,784.12,2026-03-24 07:44:59.999000+00:00,497970.5796,1883,480.09,304891.776
2026-03-24 07:45:00+00:00,635.23,635.86,634.66,635.69,1254.04,2026-03-24 07:49:59.999000+00:00,796528.3797,2727,782.11,496797.7083
2026-03-24 07:50:00+00:00,635.68,636.77,635.42,636.35,2181.86,2026-03-24 07:54:59.999000+00:00,1387948.1113,3943,1344.82,855440.3569
2026-03-24 07:55:00+00:00,636.35,638.57,636.34,637.92,4305.03,2026-03-24 07:59:59.999000+00:00,2744895.5843,6365,2718.05,1733046.6091
2026-03-24 08:00:00+00:00,637.9,638.5,637.32,637.7,4094.84,2026-03-24 08:04:59.999000+00:00,2612345.2186,6191,1904.69,1215225.8603
2026-03-24 08:05:00+00:00,637.7,638.33,637.33,637.75,1131.06,2026-03-24 08:09:59.999000+00:00,721483.6678,4449,709.83,452815.9372
2026-03-24 08:10:00+00:00,637.75,637.88,637.08,637.12,1345.73,2026-03-24 08:14:59.999000+00:00,857833.0939,3507,529.12,337309.3359
2026-03-24 08:15:00+00:00,637.13,637.13,635.36,635.41,3378.72,2026-03-24 08:19:59.999000+00:00,2149155.7287,5469,745.3,474225.1615
2026-03-24 08:20:00+00:00,635.41,635.71,634.78,635.31,2501.62,2026-03-24 08:24:59.999000+00:00,1589074.6573,3891,911.51,579119.6819
2026-03-24 08:25:00+00:00,635.3,635.34,634.91,635.07,592.3,2026-03-24 08:29:59.999000+00:00,376165.0338,1760,260.59,165491.1719
2026-03-24 08:30:00+00:00,635.07,635.33,634.82,634.94,1053.34,2026-03-24 08:34:59.999000+00:00,668964.6048,2424,584.27,371078.5828
2026-03-24 08:35:00+00:00,634.93,635.99,634.82,635.88,1161.33,2026-03-24 08:39:59.999000+00:00,738079.546,3065,697.65,443367.2758
2026-03-24 08:40:00+00:00,635.87,635.87,635.49,635.86,571.16,2026-03-24 08:44:59.999000+00:00,363085.9032,1774,343.15,218142.4682
2026-03-24 08:45:00+00:00,635.87,635.98,635.21,635.21,570.28,2026-03-24 08:49:59.999000+00:00,362537.9891,2038,255.29,162303.5684
2026-03-24 08:50:00+00:00,635.22,635.51,634.67,635.15,1531.8,2026-03-24 08:54:59.999000+00:00,972909.8961,3356,778.04,494104.2601
2026-03-24 08:55:00+00:00,635.14,635.14,634.33,634.79,1179.59,2026-03-24 08:59:59.999000+00:00,748624.0419,2233,478.33,303579.4498
2026-03-24 09:00:00+00:00,634.8,635.07,634.61,635.06,664.44,2026-03-24 09:04:59.999000+00:00,421838.4933,1922,407.44,258672.8725
2026-03-24 09:05:00+00:00,635.07,635.18,634.58,634.82,1003.54,2026-03-24 09:09:59.999000+00:00,637207.128,2607,574.22,364627.1359
2026-03-24 09:10:00+00:00,634.82,635.04,634.03,634.03,1073.5,2026-03-24 09:14:59.999000+00:00,681001.712,2682,424.94,269577.7489
2026-03-24 09:15:00+00:00,634.04,635.17,633.92,635.13,1085.16,2026-03-24 09:19:59.999000+00:00,688571.5001,2631,639.02,405514.0966
2026-03-24 09:20:00+00:00,635.14,635.3,634.74,635.25,1369.08,2026-03-24 09:24:59.999000+00:00,869400.1533,1701,415.1,263628.8511
2026-03-24 09:25:00+00:00,635.25,635.78,635.24,635.4,773.32,2026-03-24 09:29:59.999000+00:00,491493.9502,1638,411.79,261712.5964
2026-03-24 09:30:00+00:00,635.39,636.14,635.09,635.52,1412.24,2026-03-24 09:34:59.999000+00:00,897766.2008,2498,938.47,596649.6959
2026-03-24 09:35:00+00:00,635.52,635.94,635.51,635.9,346.11,2026-03-24 09:39:59.999000+00:00,220037.0219,1587,263.84,167732.1172
2026-03-24 09:40:00+00:00,635.89,637.28,635.89,637.24,2075.48,2026-03-24 09:44:59.999000+00:00,1321652.2357,3283,1603.94,1021305.3238
2026-03-24 09:45:00+00:00,637.24,637.96,637.04,637.65,1923.97,2026-03-24 09:49:59.999000+00:00,1226494.8243,2889,1234.62,787033.9627
2026-03-24 09:50:00+00:00,637.65,638.56,637.15,638.41,2869.25,2026-03-24 09:54:59.999000+00:00,1830369.7033,4218,1669.28,1064938.1758
2026-03-24 09:55:00+00:00,638.4,638.83,638.28,638.48,1860.29,2026-03-24 09:59:59.999000+00:00,1187810.9901,2441,1148.37,733233.2803
2026-03-24 10:00:00+00:00,638.49,638.57,637.26,637.7,1965.94,2026-03-24 10:04:59.999000+00:00,1253744.5742,3406,783.65,499716.7331
2026-03-24 10:05:00+00:00,637.69,638.18,637.61,638.0,534.92,2026-03-24 10:09:59.999000+00:00,341213.8596,1774,271.04,172887.6524
2026-03-24 10:10:00+00:00,637.99,638.11,637.65,637.8,738.31,2026-03-24 10:14:59.999000+00:00,470968.6033,1806,300.88,191932.6912
2026-03-24 10:15:00+00:00,637.81,638.0,637.05,637.26,2007.31,2026-03-24 10:19:59.999000+00:00,1279616.93,2686,550.39,350796.2954
2026-03-24 10:20:00+00:00,637.25,637.43,636.36,636.97,3029.76,2026-03-24 10:24:59.999000+00:00,1929450.4995,3027,823.89,524790.9945
2026-03-24 10:25:00+00:00,636.97,637.13,636.79,636.89,953.34,2026-03-24 10:29:59.999000+00:00,607214.0966,1488,558.88,355972.2889
2026-03-24 10:30:00+00:00,636.88,637.23,636.62,636.65,652.63,2026-03-24 10:34:59.999000+00:00,415655.8221,2046,267.1,170110.458
2026-03-24 10:35:00+00:00,636.64,638.0,636.62,637.9,709.43,2026-03-24 10:39:59.999000+00:00,452132.081,2135,480.69,306369.5966
2026-03-24 10:40:00+00:00,637.91,638.27,637.61,638.27,1292.64,2026-03-24 10:44:59.999000+00:00,824653.7087,2461,889.06,567205.73
2026-03-24 10:45:00+00:00,638.26,638.32,637.46,637.62,730.13,2026-03-24 10:49:59.999000+00:00,465723.7345,2057,235.3,150093.0235
2026-03-24 10:50:00+00:00,637.62,637.84,637.35,637.58,756.87,2026-03-24 10:54:59.999000+00:00,482549.1835,1804,225.09,143509.9962
2026-03-24 10:55:00+00:00,637.58,638.11,637.49,637.96,754.78,2026-03-24 10:59:59.999000+00:00,481432.8993,1651,345.54,220404.0146
2026-03-24 11:00:00+00:00,637.96,638.15,636.31,636.54,2025.82,2026-03-24 11:04:59.999000+00:00,1290702.4223,4090,817.97,521165.6553
2026-03-24 11:05:00+00:00,636.54,638.0,636.5,637.91,1325.85,2026-03-24 11:09:59.999000+00:00,844823.2202,2825,971.85,619282.6217
2026-03-24 11:10:00+00:00,637.91,638.18,636.89,637.22,1301.73,2026-03-24 11:14:59.999000+00:00,829925.4897,2874,502.43,320340.2993
2026-03-24 11:15:00+00:00,637.23,637.23,635.87,636.38,1283.84,2026-03-24 11:19:59.999000+00:00,816991.2309,3117,523.01,332819.884
2026-03-24 11:20:00+00:00,636.39,636.69,636.14,636.58,493.81,2026-03-24 11:24:59.999000+00:00,314267.0142,1788,250.94,159697.9869
2026-03-24 11:25:00+00:00,636.58,636.89,636.08,636.77,774.21,2026-03-24 11:29:59.999000+00:00,492762.2641,1771,451.45,287341.3306
2026-03-24 11:30:00+00:00,636.77,638.22,636.6,638.22,1824.77,2026-03-24 11:34:59.999000+00:00,1162883.6382,3562,1132.6,721803.7206
2026-03-24 11:35:00+00:00,638.23,639.59,637.94,639.37,3174.79,2026-03-24 11:39:59.999000+00:00,2028205.8621,4733,2237.18,1429316.2558
2026-03-24 11:40:00+00:00,639.38,639.93,639.21,639.35,1915.96,2026-03-24 11:44:59.999000+00:00,1225320.3051,3257,1012.31,647390.1986
2026-03-24 11:45:00+00:00,639.35,639.65,639.07,639.19,1754.86,2026-03-24 11:49:59.999000+00:00,1121891.2999,3183,735.84,470428.0605
2026-03-24 11:50:00+00:00,639.18,639.19,637.46,638.13,1431.85,2026-03-24 11:54:59.999000+00:00,913841.9706,3577,611.54,390289.2354
2026-03-24 11:55:00+00:00,638.12,638.87,637.9,638.87,670.7,2026-03-24 11:59:59.999000+00:00,428116.0611,2001,460.17,293757.1365
2026-03-24 12:00:00+00:00,638.86,639.07,638.07,638.07,1512.12,2026-03-24 12:04:59.999000+00:00,965519.1492,3294,716.94,457810.338
2026-03-24 12:05:00+00:00,638.07,638.6,637.94,638.6,693.04,2026-03-24 12:09:59.999000+00:00,442347.1372,2048,377.92,241221.4371
2026-03-24 12:10:00+00:00,638.6,639.35,638.0,638.86,889.8,2026-03-24 12:14:59.999000+00:00,568349.2863,2754,354.96,226725.4232
2026-03-24 12:15:00+00:00,638.86,639.21,638.64,638.8,1066.99,2026-03-24 12:19:59.999000+00:00,681674.5488,2406,468.89,299559.0643
2026-03-24 12:20:00+00:00,638.79,638.89,638.3,638.59,493.85,2026-03-24 12:24:59.999000+00:00,315340.922,1940,229.35,146439.2968
2026-03-24 12:25:00+00:00,638.58,638.76,638.24,638.63,533.24,2026-03-24 12:29:59.999000+00:00,340490.8691,1765,223.42,142670.015
2026-03-24 12:30:00+00:00,638.63,638.63,636.57,637.04,1571.58,2026-03-24 12:34:59.999000+00:00,1001515.1672,3667,289.68,184602.5218
2026-03-24 12:35:00+00:00,637.04,637.28,636.55,636.89,983.06,2026-03-24 12:39:59.999000+00:00,626094.418,2636,511.97,326075.6352
2026-03-24 12:40:00+00:00,636.89,637.64,636.89,637.15,430.98,2026-03-24 12:44:59.999000+00:00,274678.651,2038,293.28,186909.0033
2026-03-24 12:45:00+00:00,637.14,637.56,637.09,637.2,576.39,2026-03-24 12:49:59.999000+00:00,367362.4266,2041,278.12,177252.2787
2026-03-24 12:50:00+00:00,637.19,638.33,637.19,637.91,491.01,2026-03-24 12:54:59.999000+00:00,313141.5383,2227,304.76,194349.4231
2026-03-24 12:55:00+00:00,637.91,637.92,637.38,637.44,533.91,2026-03-24 12:59:59.999000+00:00,340407.0248,1435,129.93,82836.6633
2026-03-24 13:00:00+00:00,637.43,638.18,637.3,637.49,774.61,2026-03-24 13:04:59.999000+00:00,493946.1617,2657,330.0,210450.3611
2026-03-24 13:05:00+00:00,637.49,638.0,635.89,636.53,2419.57,2026-03-24 13:09:59.999000+00:00,1540772.389,5544,1007.58,641612.079
2026-03-24 13:10:00+00:00,636.52,637.84,636.5,637.56,1597.68,2026-03-24 13:14:59.999000+00:00,1018020.4824,3189,1123.52,715957.8716
2026-03-24 13:15:00+00:00,637.55,637.88,635.98,635.98,1930.48,2026-03-24 13:19:59.999000+00:00,1229608.6119,3393,525.99,335154.8884
2026-03-24 13:20:00+00:00,635.98,636.42,635.82,636.18,3484.31,2026-03-24 13:24:59.999000+00:00,2215973.3445,4717,1552.26,987236.2376
2026-03-24 13:25:00+00:00,636.19,636.7,635.52,635.79,1091.12,2026-03-24 13:29:59.999000+00:00,693994.6062,2705,524.21,333458.1569
2026-03-24 13:30:00+00:00,635.8,636.72,635.52,636.38,2059.47,2026-03-24 13:34:59.999000+00:00,1310261.7948,7113,980.87,624083.3726
2026-03-24 13:35:00+00:00,636.38,636.53,633.84,634.16,5188.12,2026-03-24 13:39:59.999000+00:00,3295713.2955,8854,1872.1,1189395.4997
2026-03-24 13:40:00+00:00,634.17,635.04,632.64,632.84,11389.93,2026-03-24 13:44:59.999000+00:00,7217589.9229,10665,5797.29,3674762.5092
2026-03-24 13:45:00+00:00,632.84,634.04,632.44,632.79,4812.76,2026-03-24 13:49:59.999000+00:00,3046988.1672,7572,2418.25,1531298.784
2026-03-24 13:50:00+00:00,632.77,633.52,631.37,632.18,6110.91,2026-03-24 13:54:59.999000+00:00,3864031.2645,10000,2483.33,1570246.8365
2026-03-24 13:55:00+00:00,632.17,632.82,631.1,632.19,3692.72,2026-03-24 13:59:59.999000+00:00,2333581.7714,6159,1483.54,937614.3727
2026-03-24 14:00:00+00:00,632.2,633.27,632.12,633.11,3828.93,2026-03-24 14:04:59.999000+00:00,2423047.5438,6781,2274.17,1439074.9853
2026-03-24 14:05:00+00:00,633.11,634.34,632.39,633.56,3158.8,2026-03-24 14:09:59.999000+00:00,2000483.5916,6097,2063.93,1307111.8621
2026-03-24 14:10:00+00:00,633.56,633.65,629.57,630.27,8751.63,2026-03-24 14:14:59.999000+00:00,5519278.1138,9980,4275.81,2695731.8915
2026-03-24 14:15:00+00:00,630.27,630.57,629.27,630.28,4189.34,2026-03-24 14:19:59.999000+00:00,2639412.0137,7318,2028.8,1278220.1513
2026-03-24 14:20:00+00:00,630.28,630.95,629.97,630.41,3628.67,2026-03-24 14:24:59.999000+00:00,2287711.0319,5076,1871.24,1179715.2347
2026-03-24 14:25:00+00:00,630.4,631.69,629.83,631.2,2497.6,2026-03-24 14:29:59.999000+00:00,1575805.2632,5128,1614.26,1018542.1252
2026-03-24 14:30:00+00:00,631.2,631.71,630.61,631.71,2084.02,2026-03-24 14:34:59.999000+00:00,1315578.6883,4204,982.2,620032.7018
2026-03-24 14:35:00+00:00,631.7,631.74,629.47,629.5,4020.54,2026-03-24 14:39:59.999000+00:00,2534675.8177,6809,803.72,506764.2611
2026-03-24 14:40:00+00:00,629.5,630.21,629.14,629.97,2362.25,2026-03-24 14:44:59.999000+00:00,1487628.3683,4868,1327.33,835926.1206
2026-03-24 14:45:00+00:00,629.98,630.08,627.85,628.09,5619.32,2026-03-24 14:49:59.999000+00:00,3532409.9927,9680,2299.75,1445616.4804
2026-03-24 14:50:00+00:00,628.1,631.65,627.1,630.1,9827.73,2026-03-24 14:54:59.999000+00:00,6185343.85,15499,4820.61,3034838.6009
2026-03-24 14:55:00+00:00,630.1,631.03,628.71,629.86,5141.5,2026-03-24 14:59:59.999000+00:00,3239617.2619,8543,2285.67,1440331.3565
2026-03-24 15:00:00+00:00,629.87,630.82,629.67,630.4,8325.44,2026-03-24 15:04:59.999000+00:00,5248038.0545,8034,6307.84,3976568.4439
2026-03-24 15:05:00+00:00,630.39,631.25,630.16,630.63,2488.84,2026-03-24 15:09:59.999000+00:00,1569914.5196,5536,1749.04,1103248.8088
2026-03-24 15:10:00+00:00,630.64,631.43,630.1,630.99,1621.73,2026-03-24 15:14:59.999000+00:00,1023260.6341,4823,934.39,589585.2903
2026-03-24 15:15:00+00:00,630.99,631.45,630.72,631.08,1827.94,2026-03-24 15:19:59.999000+00:00,1153590.3709,4078,895.53,565148.5629
2026-03-24 15:20:00+00:00,631.07,632.65,630.64,632.52,2884.52,2026-03-24 15:24:59.999000+00:00,1823009.64,5886,1861.62,1176494.0289
2026-03-24 15:25:00+00:00,632.53,632.72,631.32,631.4,1647.69,2026-03-24 15:29:59.999000+00:00,1041676.6952,3738,671.82,424798.954
2026-03-24 15:30:00+00:00,631.41,631.55,630.1,631.22,1736.85,2026-03-24 15:34:59.999000+00:00,1095655.8987,3859,838.08,528673.2989
2026-03-24 15:35:00+00:00,631.21,633.2,631.13,632.61,2171.03,2026-03-24 15:39:59.999000+00:00,1372680.6178,4197,1331.56,841749.606
2026-03-24 15:40:00+00:00,632.61,632.89,632.16,632.39,1676.7,2026-03-24 15:44:59.999000+00:00,1060628.4637,2752,887.86,561640.2885
2026-03-24 15:45:00+00:00,632.39,632.39,631.66,632.24,1413.88,2026-03-24 15:49:59.999000+00:00,893560.7525,2487,580.39,366793.7196
2026-03-24 15:50:00+00:00,632.24,632.67,631.93,631.99,952.57,2026-03-24 15:54:59.999000+00:00,602330.0294,2134,490.58,310196.7678
2026-03-24 15:55:00+00:00,631.99,631.99,630.62,630.86,1560.99,2026-03-24 15:59:59.999000+00:00,985223.8879,3313,588.99,371672.5236
2026-03-24 16:00:00+00:00,630.85,631.02,630.39,630.54,3339.7,2026-03-24 16:04:59.999000+00:00,2106050.045,4458,1821.7,1148824.5458
2026-03-24 16:05:00+00:00,630.55,631.17,630.29,630.97,2427.34,2026-03-24 16:09:59.999000+00:00,1530720.6858,4276,956.93,603488.6302
2026-03-24 16:10:00+00:00,630.98,631.61,630.84,631.55,1122.43,2026-03-24 16:14:59.999000+00:00,708417.4615,2671,382.81,241617.7745
2026-03-24 16:15:00+00:00,631.54,631.95,631.2,631.5,819.09,2026-03-24 16:19:59.999000+00:00,517303.8519,2278,377.26,238288.0777
2026-03-24 16:20:00+00:00,631.48,631.92,631.12,631.17,2018.72,2026-03-24 16:24:59.999000+00:00,1274843.1918,2648,1515.48,957067.1502
2026-03-24 16:25:00+00:00,631.17,631.25,629.72,630.59,2361.21,2026-03-24 16:29:59.999000+00:00,1488368.2149,4320,755.45,476248.2939
2026-03-24 16:30:00+00:00,630.59,630.98,629.66,630.02,2332.65,2026-03-24 16:34:59.999000+00:00,1470038.6268,3446,982.08,618941.8276
2026-03-24 16:35:00+00:00,630.02,630.02,628.04,628.17,2821.66,2026-03-24 16:39:59.999000+00:00,1774715.8374,4944,907.7,570988.7374
2026-03-24 16:40:00+00:00,628.17,629.44,627.92,629.44,2239.85,2026-03-24 16:44:59.999000+00:00,1407807.7606,4368,1054.75,663001.8154
2026-03-24 16:45:00+00:00,629.45,629.78,629.05,629.13,896.72,2026-03-24 16:49:59.999000+00:00,564386.4481,2600,453.85,285652.9646
2026-03-24 16:50:00+00:00,629.13,629.86,629.13,629.27,947.37,2026-03-24 16:54:59.999000+00:00,596436.694,2103,405.1,255035.3627
2026-03-24 16:55:00+00:00,629.26,629.32,628.62,629.14,2070.44,2026-03-24 16:59:59.999000+00:00,1302242.452,2746,1482.52,932494.1931
2026-03-24 17:00:00+00:00,629.15,629.59,628.1,628.33,1336.01,2026-03-24 17:04:59.999000+00:00,840354.9325,3657,695.34,437400.9959
2026-03-24 17:05:00+00:00,628.34,628.34,626.66,627.58,7759.66,2026-03-24 17:09:59.999000+00:00,4868098.4793,10710,2826.78,1773721.9674
2026-03-24 17:10:00+00:00,627.58,628.62,627.34,628.09,2205.46,2026-03-24 17:14:59.999000+00:00,1385302.4733,4281,1140.36,716244.4197
2026-03-24 17:15:00+00:00,628.09,628.75,627.84,627.97,2011.91,2026-03-24 17:19:59.999000+00:00,1263991.6347,4143,1141.22,717001.5247
2026-03-24 17:20:00+00:00,627.98,628.85,627.84,628.73,2779.1,2026-03-24 17:24:59.999000+00:00,1746328.1356,4846,1117.75,702463.6593
2026-03-24 17:25:00+00:00,628.72,628.73,628.19,628.48,705.45,2026-03-24 17:29:59.999000+00:00,443366.269,2882,471.14,296104.0297
2026-03-24 17:30:00+00:00,628.48,628.86,627.4,627.97,1823.67,2026-03-24 17:34:59.999000+00:00,1145685.4392,3838,756.69,475401.8743
2026-03-24 17:35:00+00:00,627.97,629.28,627.72,628.79,1359.8,2026-03-24 17:39:59.999000+00:00,854707.6958,3488,871.98,548130.3941
2026-03-24 17:40:00+00:00,628.8,629.18,626.9,627.06,1674.85,2026-03-24 17:44:59.999000+00:00,1051612.1072,3951,698.61,438727.852
2026-03-24 17:45:00+00:00,627.05,628.0,627.05,627.91,1537.01,2026-03-24 17:49:59.999000+00:00,964504.2416,3095,908.36,570068.1268
2026-03-24 17:50:00+00:00,627.9,628.83,627.72,627.78,1085.18,2026-03-24 17:54:59.999000+00:00,681610.7917,3346,519.53,326330.926
2026-03-24 17:55:00+00:00,627.78,629.0,627.32,628.71,2304.5,2026-03-24 17:59:59.999000+00:00,1448278.083,5627,1364.24,857479.1486
2026-03-24 18:00:00+00:00,628.71,629.34,628.65,629.33,2223.01,2026-03-24 18:04:59.999000+00:00,1398208.6617,4651,1352.5,850723.1192
2026-03-24 18:05:00+00:00,629.33,629.76,629.08,629.46,1858.61,2026-03-24 18:09:59.999000+00:00,1169875.0952,3264,687.9,433012.286
2026-03-24 18:10:00+00:00,629.47,629.47,628.96,629.18,1794.67,2026-03-24 18:14:59.999000+00:00,1129140.6196,3243,601.37,378385.3912
2026-03-24 18:15:00+00:00,629.18,629.56,628.44,629.36,1223.44,2026-03-24 18:19:59.999000+00:00,769310.1607,3334,420.65,264556.1757
2026-03-24 18:20:00+00:00,629.37,629.78,629.14,629.53,997.11,2026-03-24 18:24:59.999000+00:00,627649.6751,2502,383.66,241516.4664
2026-03-24 18:25:00+00:00,629.53,630.08,629.42,629.98,919.36,2026-03-24 18:29:59.999000+00:00,579061.9173,2161,702.93,442746.269
2026-03-24 18:30:00+00:00,629.99,631.25,629.91,630.86,1914.96,2026-03-24 18:34:59.999000+00:00,1207781.204,3153,1439.1,907686.6576
2026-03-24 18:35:00+00:00,630.86,632.38,630.76,632.38,2039.86,2026-03-24 18:39:59.999000+00:00,1288735.1408,3481,1370.87,866134.9227
2026-03-24 18:40:00+00:00,632.37,632.38,630.58,630.78,2016.47,2026-03-24 18:44:59.999000+00:00,1272703.504,3803,658.19,415372.2565
2026-03-24 18:45:00+00:00,630.78,631.01,630.56,630.73,823.98,2026-03-24 18:49:59.999000+00:00,519709.5316,1784,539.39,340205.4533
2026-03-24 18:50:00+00:00,630.73,631.42,630.73,630.93,690.39,2026-03-24 18:54:59.999000+00:00,435659.0912,1730,249.85,157650.0735
2026-03-24 18:55:00+00:00,630.93,630.96,630.33,630.58,350.33,2026-03-24 18:59:59.999000+00:00,220906.0823,1241,140.75,88744.7424
2026-03-24 19:00:00+00:00,630.57,631.34,630.55,631.07,933.52,2026-03-24 19:04:59.999000+00:00,589125.4082,2449,448.65,283113.1879
2026-03-24 19:05:00+00:00,631.07,631.68,630.75,631.5,2698.32,2026-03-24 19:09:59.999000+00:00,1702643.2289,3413,894.25,564290.8211
2026-03-24 19:10:00+00:00,631.51,631.94,631.36,631.73,1140.15,2026-03-24 19:14:59.999000+00:00,720284.5926,1868,489.55,309272.7438
2026-03-24 19:15:00+00:00,631.73,632.0,631.61,631.78,853.27,2026-03-24 19:19:59.999000+00:00,539113.3958,1414,239.88,151562.6521
2026-03-24 19:20:00+00:00,631.76,631.88,631.35,631.46,618.34,2026-03-24 19:24:59.999000+00:00,390544.6586,1441,280.86,177406.6353
2026-03-24 19:25:00+00:00,631.45,631.51,631.0,631.13,409.49,2026-03-24 19:29:59.999000+00:00,258519.3391,1282,147.77,93288.7262
2026-03-24 19:30:00+00:00,631.12,631.28,630.44,630.61,807.44,2026-03-24 19:34:59.999000+00:00,509314.9378,2414,342.84,216242.4556
2026-03-24 19:35:00+00:00,630.61,630.72,630.3,630.56,844.75,2026-03-24 19:39:59.999000+00:00,532605.0806,1750,281.65,177593.1633
2026-03-24 19:40:00+00:00,630.55,630.72,630.21,630.41,460.05,2026-03-24 19:44:59.999000+00:00,290035.0774,1355,136.87,86288.7505
2026-03-24 19:45:00+00:00,630.4,630.4,629.41,629.74,1078.95,2026-03-24 19:49:59.999000+00:00,679543.9166,2288,383.28,241370.2823
2026-03-24 19:50:00+00:00,629.74,629.98,629.55,629.98,575.12,2026-03-24 19:54:59.999000+00:00,362177.4739,1460,360.3,226893.0938
2026-03-24 19:55:00+00:00,629.98,630.15,629.65,630.11,1043.7,2026-03-24 19:59:59.999000+00:00,657442.3457,1780,422.2,265951.3426
2026-03-24 20:00:00+00:00,630.1,630.34,629.88,630.05,1013.35,2026-03-24 20:04:59.999000+00:00,638500.8298,2110,466.75,294103.9104
2026-03-24 20:05:00+00:00,630.04,630.12,629.63,630.05,1538.27,2026-03-24 20:09:59.999000+00:00,968819.0151,2208,641.62,404069.3481
2026-03-24 20:10:00+00:00,630.04,630.49,630.04,630.45,715.8,2026-03-24 20:14:59.999000+00:00,451182.2281,1455,406.79,256417.3139
2026-03-24 20:15:00+00:00,630.45,630.91,630.43,630.91,595.79,2026-03-24 20:19:59.999000+00:00,375734.6368,1517,391.41,246855.0744
2026-03-24 20:20:00+00:00,630.92,634.78,630.92,634.75,5236.16,2026-03-24 20:24:59.999000+00:00,3315233.0487,9125,3638.61,2303678.969
2026-03-24 20:25:00+00:00,634.74,637.03,633.99,634.94,9888.8,2026-03-24 20:29:59.999000+00:00,6281546.7201,10984,4833.65,3071596.5749
2026-03-24 20:30:00+00:00,634.94,636.36,634.94,635.3,2299.58,2026-03-24 20:34:59.999000+00:00,1461863.0793,5174,1099.66,698982.5204
2026-03-24 20:35:00+00:00,635.31,637.0,635.21,636.69,2875.44,2026-03-24 20:39:59.999000+00:00,1828961.7525,5025,1794.74,1141448.2734
2026-03-24 20:40:00+00:00,636.72,636.81,635.77,636.28,1559.44,2026-03-24 20:44:59.999000+00:00,992243.5562,3239,825.69,525379.3934
2026-03-24 20:45:00+00:00,636.28,636.83,635.5,636.71,1518.49,2026-03-24 20:49:59.999000+00:00,965975.2176,3439,899.25,572062.4507
2026-03-24 20:50:00+00:00,636.7,637.45,636.39,636.63,1668.04,2026-03-24 20:54:59.999000+00:00,1062537.5024,3482,804.33,512407.7288
2026-03-24 20:55:00+00:00,636.63,637.07,636.5,636.65,1242.4,2026-03-24 20:59:59.999000+00:00,791028.0124,1707,724.69,461380.5569
2026-03-24 21:00:00+00:00,636.65,637.29,636.65,637.0,1239.92,2026-03-24 21:04:59.999000+00:00,789863.5829,2548,490.68,312587.3169
2026-03-24 21:05:00+00:00,637.01,637.04,635.95,636.07,1378.62,2026-03-24 21:09:59.999000+00:00,877529.6167,2550,357.27,227351.77
2026-03-24 21:10:00+00:00,636.07,636.24,635.47,635.69,1494.03,2026-03-24 21:14:59.999000+00:00,949978.9778,2191,446.75,284054.9101
2026-03-24 21:15:00+00:00,635.69,635.88,635.14,635.4,982.99,2026-03-24 21:19:59.999000+00:00,624667.7904,1714,296.78,188593.9449
2026-03-24 21:20:00+00:00,635.4,635.52,635.01,635.01,453.95,2026-03-24 21:24:59.999000+00:00,288421.6953,993,222.57,141409.4323
2026-03-24 21:25:00+00:00,635.02,636.11,635.02,635.95,927.23,2026-03-24 21:29:59.999000+00:00,589428.3515,1682,590.74,375482.6076
2026-03-24 21:30:00+00:00,635.95,636.37,635.73,635.84,682.56,2026-03-24 21:34:59.999000+00:00,434136.6617,1518,383.2,243729.6195
2026-03-24 21:35:00+00:00,635.83,636.85,635.72,636.55,898.93,2026-03-24 21:39:59.999000+00:00,571974.8684,1793,409.12,260289.5037
2026-03-24 21:40:00+00:00,636.56,637.62,636.53,636.93,1098.1,2026-03-24 21:44:59.999000+00:00,699609.9446,2552,603.24,384327.7264
2026-03-24 21:45:00+00:00,636.93,637.44,636.83,637.21,346.83,2026-03-24 21:49:59.999000+00:00,220978.4442,1338,163.78,104345.8189
2026-03-24 21:50:00+00:00,637.2,637.21,636.43,636.94,359.23,2026-03-24 21:54:59.999000+00:00,228743.7509,1366,147.19,93716.2474
2026-03-24 21:55:00+00:00,636.93,637.53,636.74,637.53,738.77,2026-03-24 21:59:59.999000+00:00,470711.4885,1470,484.08,308435.5813
2026-03-24 22:00:00+00:00,637.53,637.71,636.6,637.08,1097.2,2026-03-24 22:04:59.999000+00:00,699068.5541,3496,584.25,372247.7689
2026-03-24 22:05:00+00:00,637.08,638.55,637.08,638.31,2313.69,2026-03-24 22:09:59.999000+00:00,1476226.9186,4113,1442.66,920521.1157
2026-03-24 22:10:00+00:00,638.31,638.69,638.03,638.33,1517.73,2026-03-24 22:14:59.999000+00:00,968963.0149,3078,971.83,620447.2986
2026-03-24 22:15:00+00:00,638.32,638.32,637.67,637.71,567.65,2026-03-24 22:19:59.999000+00:00,362116.3531,2037,202.82,129372.7907
2026-03-24 22:20:00+00:00,637.7,637.71,637.28,637.36,617.32,2026-03-24 22:24:59.999000+00:00,393563.1468,1360,254.65,162340.9174
2026-03-24 22:25:00+00:00,637.36,637.36,636.15,636.37,1658.02,2026-03-24 22:29:59.999000+00:00,1055854.3915,2806,626.59,399029.8327
2026-03-24 22:30:00+00:00,636.37,636.91,635.7,636.21,1884.02,2026-03-24 22:34:59.999000+00:00,1198647.3946,3306,820.25,521872.6216
2026-03-24 22:35:00+00:00,636.21,636.52,636.0,636.19,505.94,2026-03-24 22:39:59.999000+00:00,321892.6856,1606,174.61,111085.6567
2026-03-24 22:40:00+00:00,636.18,636.53,636.13,636.47,303.54,2026-03-24 22:44:59.999000+00:00,193164.7368,1022,174.52,111058.7026
2026-03-24 22:45:00+00:00,636.46,636.79,636.21,636.66,712.06,2026-03-24 22:49:59.999000+00:00,453216.2372,2095,267.0,169951.5791
2026-03-24 22:50:00+00:00,636.66,636.91,636.33,636.7,771.33,2026-03-24 22:54:59.999000+00:00,491098.4633,1322,509.17,324194.2407
2026-03-24 22:55:00+00:00,636.71,637.08,636.58,636.66,823.8,2026-03-24 22:59:59.999000+00:00,524630.4104,1492,361.31,230108.4054
2026-03-24 23:00:00+00:00,636.66,636.96,636.33,636.51,768.11,2026-03-24 23:04:59.999000+00:00,488992.2205,2332,297.64,189479.0179
2026-03-24 23:05:00+00:00,636.52,637.66,636.26,637.64,1257.45,2026-03-24 23:09:59.999000+00:00,800980.0464,2829,924.86,589154.7284
2026-03-24 23:10:00+00:00,637.64,637.97,637.52,637.74,1179.16,2026-03-24 23:14:59.999000+00:00,751967.9863,1944,548.3,349649.6153
2026-03-24 23:15:00+00:00,637.74,638.33,637.71,638.12,912.86,2026-03-24 23:19:59.999000+00:00,582477.2181,2046,564.59,360250.531
2026-03-24 23:20:00+00:00,638.11,639.22,637.92,638.4,2884.19,2026-03-24 23:24:59.999000+00:00,1842100.4838,4734,1921.32,1227216.4828
2026-03-24 23:25:00+00:00,638.4,639.15,638.26,638.9,1131.16,2026-03-24 23:29:59.999000+00:00,722678.9233,2499,484.97,309852.6822
2026-03-24 23:30:00+00:00,638.9,639.72,638.9,639.38,1540.85,2026-03-24 23:34:59.999000+00:00,985128.0974,3045,635.83,406537.2137
2026-03-24 23:35:00+00:00,639.38,639.87,639.03,639.63,1320.58,2026-03-24 23:39:59.999000+00:00,844544.1051,2205,809.0,517428.4075
2026-03-24 23:40:00+00:00,639.63,639.66,638.26,638.66,2560.26,2026-03-24 23:44:59.999000+00:00,1635473.0829,2535,472.34,301813.1757
2026-03-24 23:45:00+00:00,638.66,638.89,638.05,638.59,1111.13,2026-03-24 23:49:59.999000+00:00,709437.0716,2104,502.61,320907.9914
2026-03-24 23:50:00+00:00,638.58,638.79,638.32,638.47,539.76,2026-03-24 23:54:59.999000+00:00,344669.5662,1557,263.89,168509.0785
2026-03-24 23:55:00+00:00,638.48,638.58,638.24,638.31,679.68,2026-03-24 23:59:59.999000+00:00,433851.7138,999,285.38,182162.5264
2026-03-25 00:00:00+00:00,638.31,638.99,637.94,638.26,4614.94,2026-03-25 00:04:59.999000+00:00,2946731.5157,5025,1900.18,1213338.9731
2026-03-25 00:05:00+00:00,638.25,639.66,638.25,639.66,1903.44,2026-03-25 00:09:59.999000+00:00,1216561.6986,4176,1262.07,806617.4738
2026-03-25 00:10:00+00:00,639.66,640.49,639.62,640.02,3027.59,2026-03-25 00:14:59.999000+00:00,1937912.4005,4516,1431.96,916439.1644
2026-03-25 00:15:00+00:00,640.02,640.1,639.09,639.52,1274.85,2026-03-25 00:19:59.999000+00:00,815507.9632,2801,586.88,375399.4092
2026-03-25 00:20:00+00:00,639.51,639.57,639.07,639.17,949.73,2026-03-25 00:24:59.999000+00:00,607136.7936,1934,237.26,151665.6936
2026-03-25 00:25:00+00:00,639.17,639.67,638.88,639.0,1807.55,2026-03-25 00:29:59.999000+00:00,1155351.4031,2173,723.9,462632.2115
2026-03-25 00:30:00+00:00,639.0,640.14,637.39,639.94,2956.36,2026-03-25 00:34:59.999000+00:00,1888140.9604,5797,1482.62,947220.4171
2026-03-25 00:35:00+00:00,639.95,640.7,639.93,640.58,1210.31,2026-03-25 00:39:59.999000+00:00,775171.8293,2205,865.45,554281.4698
2026-03-25 00:40:00+00:00,640.58,641.54,640.57,640.79,1474.67,2026-03-25 00:44:59.999000+00:00,945291.7217,2944,886.43,568226.9671
2026-03-25 00:45:00+00:00,640.79,641.25,640.46,640.47,857.61,2026-03-25 00:49:59.999000+00:00,549623.4297,2403,352.92,226181.0178
2026-03-25 00:50:00+00:00,640.47,640.56,640.13,640.46,649.1,2026-03-25 00:54:59.999000+00:00,415644.7378,1751,214.31,137225.8774
2026-03-25 00:55:00+00:00,640.45,640.63,639.94,639.95,706.75,2026-03-25 00:59:59.999000+00:00,452546.4535,1540,274.89,176034.3769
2026-03-25 01:00:00+00:00,639.95,640.46,639.73,640.06,1189.94,2026-03-25 01:04:59.999000+00:00,761686.0417,2972,622.39,398394.1957
2026-03-25 01:05:00+00:00,640.06,640.42,639.63,640.16,1853.23,2026-03-25 01:09:59.999000+00:00,1186112.4211,2792,1112.51,712135.1153
2026-03-25 01:10:00+00:00,640.17,641.2,640.04,640.06,1572.74,2026-03-25 01:14:59.999000+00:00,1007330.7028,2819,935.89,599424.5627
2026-03-25 01:15:00+00:00,640.05,640.18,639.38,639.39,1804.54,2026-03-25 01:19:59.999000+00:00,1154269.3144,2720,367.81,235301.6089
2026-03-25 01:20:00+00:00,639.39,640.19,639.39,639.62,801.06,2026-03-25 01:24:59.999000+00:00,512576.6086,2068,267.57,171199.2554
2026-03-25 01:25:00+00:00,639.62,639.69,639.25,639.67,1136.01,2026-03-25 01:29:59.999000+00:00,726439.8356,1645,560.25,358230.2996
2026-03-25 01:30:00+00:00,639.66,639.78,638.7,639.0,2590.97,2026-03-25 01:34:59.999000+00:00,1655863.6365,3298,754.93,482415.5305
2026-03-25 01:35:00+00:00,639.0,639.41,638.9,639.26,915.29,2026-03-25 01:39:59.999000+00:00,585045.6709,1776,348.85,222963.8925
2026-03-25 01:40:00+00:00,639.26,640.24,639.07,639.76,959.6,2026-03-25 01:44:59.999000+00:00,614021.2024,2149,670.27,428940.2722
2026-03-25 01:45:00+00:00,639.76,639.89,639.4,639.72,1043.32,2026-03-25 01:49:59.999000+00:00,667339.4105,1699,232.62,148796.7746
2026-03-25 01:50:00+00:00,639.71,639.93,639.56,639.62,231.22,2026-03-25 01:54:59.999000+00:00,147915.9742,1088,89.87,57490.2625
2026-03-25 01:55:00+00:00,639.63,639.71,638.86,638.91,593.68,2026-03-25 01:59:59.999000+00:00,379597.2079,1650,137.88,88147.8333
2026-03-25 02:00:00+00:00,638.91,639.08,638.32,639.01,1286.01,2026-03-25 02:04:59.999000+00:00,821439.4998,2910,554.76,354365.5885
2026-03-25 02:05:00+00:00,639.01,639.09,638.69,638.89,946.75,2026-03-25 02:09:59.999000+00:00,604859.5543,2304,401.12,256276.071
2026-03-25 02:10:00+00:00,638.88,639.18,638.67,638.9,597.22,2026-03-25 02:14:59.999000+00:00,381561.0547,1775,316.28,202062.4453
2026-03-25 02:15:00+00:00,638.89,639.14,638.46,638.93,583.21,2026-03-25 02:19:59.999000+00:00,372553.4599,1979,168.68,107761.6699
2026-03-25 02:20:00+00:00,638.92,639.1,638.75,638.91,406.87,2026-03-25 02:24:59.999000+00:00,259948.7359,1241,223.81,142988.4327
2026-03-25 02:25:00+00:00,638.92,639.35,638.8,638.98,581.71,2026-03-25 02:29:59.999000+00:00,371787.5374,1357,333.76,213314.2457
2026-03-25 02:30:00+00:00,638.97,639.0,638.51,638.86,626.54,2026-03-25 02:34:59.999000+00:00,400240.7289,1563,280.35,179086.8586
2026-03-25 02:35:00+00:00,638.86,639.75,638.85,639.44,952.38,2026-03-25 02:39:59.999000+00:00,608957.9993,1797,683.72,437149.1626
2026-03-25 02:40:00+00:00,639.45,639.88,639.35,639.88,1396.35,2026-03-25 02:44:59.999000+00:00,893093.3789,2053,895.1,572519.4657
2026-03-25 02:45:00+00:00,639.88,640.09,639.5,639.63,1276.97,2026-03-25 02:49:59.999000+00:00,817027.5076,2148,766.93,490686.4114
2026-03-25 02:50:00+00:00,639.64,639.79,639.38,639.52,980.31,2026-03-25 02:54:59.999000+00:00,626956.7477,1536,611.14,390847.5872
2026-03-25 02:55:00+00:00,639.52,639.53,638.93,639.27,1413.49,2026-03-25 02:59:59.999000+00:00,903497.1079,2126,708.41,452810.8852
2026-03-25 03:00:00+00:00,639.26,640.31,639.26,640.29,1335.44,2026-03-25 03:04:59.999000+00:00,854347.7852,2150,922.61,590257.5921
2026-03-25 03:05:00+00:00,640.3,640.45,639.69,639.75,2921.86,2026-03-25 03:09:59.999000+00:00,1870611.5461,2539,1494.62,956853.1247
2026-03-25 03:10:00+00:00,639.75,639.81,638.93,639.24,1690.91,2026-03-25 03:14:59.999000+00:00,1080856.4711,2631,443.72,283609.3305
2026-03-25 03:15:00+00:00,639.23,639.45,638.57,639.41,1382.33,2026-03-25 03:19:59.999000+00:00,883391.4476,2426,713.64,456086.129
2026-03-25 03:20:00+00:00,639.4,639.59,639.11,639.59,361.46,2026-03-25 03:24:59.999000+00:00,231109.6026,1292,183.11,117076.6708
2026-03-25 03:25:00+00:00,639.58,640.52,639.58,640.46,759.99,2026-03-25 03:29:59.999000+00:00,486388.5274,1627,370.03,236819.4457
2026-03-25 03:30:00+00:00,640.46,641.66,640.46,641.51,1938.3,2026-03-25 03:34:59.999000+00:00,1242704.1561,2872,1402.02,898806.67
2026-03-25 03:35:00+00:00,641.51,642.4,641.5,642.32,1646.61,2026-03-25 03:39:59.999000+00:00,1057296.5309,3204,1007.47,646847.8591
2026-03-25 03:40:00+00:00,642.32,642.67,642.22,642.43,2027.76,2026-03-25 03:44:59.999000+00:00,1302577.0363,2039,973.89,625594.3929
2026-03-25 03:45:00+00:00,642.44,643.0,642.12,642.44,3294.9,2026-03-25 03:49:59.999000+00:00,2117768.9765,3695,2261.48,1453472.6909
2026-03-25 03:50:00+00:00,642.44,642.92,642.44,642.86,959.69,2026-03-25 03:54:59.999000+00:00,616786.0189,1902,512.76,329548.0045
2026-03-25 03:55:00+00:00,642.86,643.02,641.96,642.21,1703.9,2026-03-25 03:59:59.999000+00:00,1094783.6768,2049,711.92,457272.4018
2026-03-25 04:00:00+00:00,642.2,642.47,641.83,642.1,682.7,2026-03-25 04:04:59.999000+00:00,438362.5046,2126,275.09,176642.9242
2026-03-25 04:05:00+00:00,642.09,642.96,642.0,642.96,740.63,2026-03-25 04:09:59.999000+00:00,475854.3207,2136,380.5,244470.5265
2026-03-25 04:10:00+00:00,642.96,643.12,642.6,642.61,1701.12,2026-03-25 04:14:59.999000+00:00,1093603.1732,2454,1029.11,661618.3323
2026-03-25 04:15:00+00:00,642.6,642.61,642.01,642.25,782.9,2026-03-25 04:19:59.999000+00:00,502837.1582,1995,100.76,64713.5795
2026-03-25 04:20:00+00:00,642.24,642.24,641.5,642.03,1469.45,2026-03-25 04:24:59.999000+00:00,943121.3665,2168,422.76,271317.9554
2026-03-25 04:25:00+00:00,642.03,642.69,641.81,641.99,1045.67,2026-03-25 04:29:59.999000+00:00,671412.4008,1874,288.76,185419.9227
2026-03-25 04:30:00+00:00,641.99,642.26,641.83,641.84,755.72,2026-03-25 04:34:59.999000+00:00,485236.1939,1755,425.36,273125.8535
2026-03-25 04:35:00+00:00,641.83,641.99,641.62,641.79,479.31,2026-03-25 04:39:59.999000+00:00,307621.7546,1334,194.6,124894.9286
2026-03-25 04:40:00+00:00,641.8,642.04,641.57,641.63,531.7,2026-03-25 04:44:59.999000+00:00,341227.9895,1205,188.69,121082.9576
2026-03-25 04:45:00+00:00,641.63,641.75,641.54,641.57,405.47,2026-03-25 04:49:59.999000+00:00,260167.9055,1124,90.37,57984.6975
2026-03-25 04:50:00+00:00,641.57,641.72,641.52,641.61,451.22,2026-03-25 04:54:59.999000+00:00,289514.8697,945,118.57,76076.6937
2026-03-25 04:55:00+00:00,641.61,643.18,641.6,642.75,1469.92,2026-03-25 04:59:59.999000+00:00,944482.4432,2481,1021.81,656549.945
2026-03-25 05:00:00+00:00,642.75,642.95,642.3,642.95,1183.51,2026-03-25 05:04:59.999000+00:00,760580.5291,2449,612.05,393337.0753
2026-03-25 05:05:00+00:00,642.95,645.88,642.94,645.01,8511.0,2026-03-25 05:09:59.999000+00:00,5486580.6666,10439,5307.74,3421752.6361
2026-03-25 05:10:00+00:00,645.0,645.82,644.86,645.38,3561.72,2026-03-25 05:14:59.999000+00:00,2299000.1025,4706,1909.14,1232253.8637
2026-03-25 05:15:00+00:00,645.39,645.59,644.33,644.5,1738.31,2026-03-25 05:19:59.999000+00:00,1121078.9643,3102,481.26,310405.0006
2026-03-25 05:20:00+00:00,644.5,644.7,644.14,644.28,938.76,2026-03-25 05:24:59.999000+00:00,605012.5097,1611,408.64,263352.4184
2026-03-25 05:25:00+00:00,644.28,644.68,644.0,644.54,549.26,2026-03-25 05:29:59.999000+00:00,353947.0862,1490,196.04,126318.0223
2026-03-25 05:30:00+00:00,644.55,644.92,644.0,644.01,1103.1,2026-03-25 05:34:59.999000+00:00,710882.0307,2113,339.78,218990.5436
2026-03-25 05:35:00+00:00,644.0,644.6,644.0,644.19,522.09,2026-03-25 05:39:59.999000+00:00,336410.4855,1392,210.91,135898.5902
2026-03-25 05:40:00+00:00,644.18,644.54,644.1,644.42,462.71,2026-03-25 05:44:59.999000+00:00,298143.0047,1195,185.77,119691.521
2026-03-25 05:45:00+00:00,644.42,644.43,643.68,643.92,1243.84,2026-03-25 05:49:59.999000+00:00,801179.9424,1738,338.37,217933.5785
2026-03-25 05:50:00+00:00,643.92,643.92,643.58,643.8,1022.01,2026-03-25 05:54:59.999000+00:00,657915.8464,1366,580.88,373949.8891
2026-03-25 05:55:00+00:00,643.8,643.85,643.53,643.85,356.4,2026-03-25 05:59:59.999000+00:00,229401.8451,1123,158.27,101873.1885
2026-03-25 06:00:00+00:00,643.84,644.51,643.8,643.94,1467.15,2026-03-25 06:04:59.999000+00:00,945104.132,2445,955.32,615344.186
2026-03-25 06:05:00+00:00,643.95,644.25,643.74,644.0,896.15,2026-03-25 06:09:59.999000+00:00,577096.8047,1956,368.72,237431.075
2026-03-25 06:10:00+00:00,644.0,644.33,643.99,644.33,604.77,2026-03-25 06:14:59.999000+00:00,389598.4657,1370,307.92,198361.1889
2026-03-25 06:15:00+00:00,644.33,645.2,644.33,645.06,1343.02,2026-03-25 06:19:59.999000+00:00,866074.5253,2381,930.7,600193.5319
2026-03-25 06:20:00+00:00,645.06,646.79,645.05,646.64,4186.0,2026-03-25 06:24:59.999000+00:00,2704471.0263,4681,2957.48,1910860.6742
2026-03-25 06:25:00+00:00,646.63,647.2,646.39,646.5,2973.41,2026-03-25 06:29:59.999000+00:00,1923283.4571,3638,2048.53,1325019.0006
2026-03-25 06:30:00+00:00,646.51,646.82,645.88,646.81,1631.35,2026-03-25 06:34:59.999000+00:00,1054481.8048,2969,908.14,587045.0813
2026-03-25 06:35:00+00:00,646.82,646.85,645.92,646.04,901.97,2026-03-25 06:39:59.999000+00:00,582987.4839,2351,374.45,242004.3364
2026-03-25 06:40:00+00:00,646.05,646.45,646.04,646.06,932.12,2026-03-25 06:44:59.999000+00:00,602379.0568,1460,365.03,235888.5685
2026-03-25 06:45:00+00:00,646.07,646.45,645.92,646.33,763.41,2026-03-25 06:49:59.999000+00:00,493312.3823,1715,413.72,267343.4847
2026-03-25 06:50:00+00:00,646.33,646.45,645.96,646.04,811.84,2026-03-25 06:54:59.999000+00:00,524621.4173,1820,349.55,225877.4642
2026-03-25 06:55:00+00:00,646.03,646.03,644.73,644.95,1364.01,2026-03-25 06:59:59.999000+00:00,880189.2764,2528,412.77,266335.7225
2026-03-25 07:00:00+00:00,644.94,645.26,644.75,644.79,1313.82,2026-03-25 07:04:59.999000+00:00,847373.3353,2506,583.72,376473.5567
2026-03-25 07:05:00+00:00,644.8,645.3,644.72,645.29,799.75,2026-03-25 07:09:59.999000+00:00,515794.466,1525,365.0,235399.6048
2026-03-25 07:10:00+00:00,645.29,646.25,645.29,646.2,1151.14,2026-03-25 07:14:59.999000+00:00,743475.3031,2143,682.83,440983.5039
2026-03-25 07:15:00+00:00,646.2,646.23,645.64,645.64,685.19,2026-03-25 07:19:59.999000+00:00,442619.3762,1852,269.63,174177.5827
2026-03-25 07:20:00+00:00,645.65,645.65,644.9,644.93,1128.68,2026-03-25 07:24:59.999000+00:00,728227.2531,1973,348.62,224929.27
2026-03-25 07:25:00+00:00,644.92,645.15,644.56,644.56,2045.74,2026-03-25 07:29:59.999000+00:00,1319132.7569,1833,610.74,393817.2786
2026-03-25 07:30:00+00:00,644.57,645.47,644.57,645.11,1238.37,2026-03-25 07:34:59.999000+00:00,798773.4763,2257,868.18,559975.7622
2026-03-25 07:35:00+00:00,645.1,645.51,644.98,645.36,757.48,2026-03-25 07:39:59.999000+00:00,488757.2262,1434,452.31,291838.0886
2026-03-25 07:40:00+00:00,645.36,646.06,644.42,644.42,1704.02,2026-03-25 07:44:59.999000+00:00,1099637.6472,2551,870.07,561706.1602
2026-03-25 07:45:00+00:00,644.42,644.57,643.27,644.2,3002.12,2026-03-25 07:49:59.999000+00:00,1932791.6223,3865,1009.39,649874.7862
2026-03-25 07:50:00+00:00,644.2,644.21,643.42,643.76,1299.41,2026-03-25 07:54:59.999000+00:00,836533.7431,2080,428.7,275941.2435
2026-03-25 07:55:00+00:00,643.76,644.21,643.08,643.7,2677.89,2026-03-25 07:59:59.999000+00:00,1723428.0815,2456,691.54,445161.6514
2026-03-25 08:00:00+00:00,643.7,644.66,643.61,644.3,2384.23,2026-03-25 08:04:59.999000+00:00,1535638.9532,3992,1217.69,784299.6157
2026-03-25 08:05:00+00:00,644.3,644.86,643.83,644.09,3314.69,2026-03-25 08:09:59.999000+00:00,2135974.3713,4142,2009.29,1294902.9327
2026-03-25 08:10:00+00:00,644.09,644.33,643.89,643.99,1664.53,2026-03-25 08:14:59.999000+00:00,1072192.7902,2428,477.23,307394.9098
2026-03-25 08:15:00+00:00,643.98,645.88,643.98,645.88,2263.54,2026-03-25 08:19:59.999000+00:00,1459764.7152,3197,1436.98,926542.6368
2026-03-25 08:20:00+00:00,645.87,646.32,645.52,645.67,1220.47,2026-03-25 08:24:59.999000+00:00,788299.6739,2294,497.79,321519.2752
2026-03-25 08:25:00+00:00,645.69,647.11,645.69,646.65,4145.83,2026-03-25 08:29:59.999000+00:00,2680960.1183,4075,2829.61,1829937.0515
2026-03-25 08:30:00+00:00,646.66,648.83,646.6,648.41,6864.15,2026-03-25 08:34:59.999000+00:00,4446738.5005,8281,4145.52,2685619.9267
2026-03-25 08:35:00+00:00,648.41,648.45,647.05,647.58,2356.53,2026-03-25 08:39:59.999000+00:00,1526266.7378,4773,1109.7,718770.511
2026-03-25 08:40:00+00:00,647.58,648.22,647.57,647.97,1874.98,2026-03-25 08:44:59.999000+00:00,1214877.2995,2916,1025.33,664320.4571
2026-03-25 08:45:00+00:00,647.97,648.0,647.06,647.14,1609.23,2026-03-25 08:49:59.999000+00:00,1042136.8375,3139,471.42,305293.4086
2026-03-25 08:50:00+00:00,647.13,647.51,646.95,647.0,1509.57,2026-03-25 08:54:59.999000+00:00,976993.8881,2392,626.4,405420.686
2026-03-25 08:55:00+00:00,647.01,647.27,646.79,647.13,1259.93,2026-03-25 08:59:59.999000+00:00,815216.1213,1845,443.59,287028.2318
2026-03-25 09:00:00+00:00,647.13,647.56,646.85,647.14,1512.66,2026-03-25 09:04:59.999000+00:00,978889.953,2780,757.47,490162.1655
2026-03-25 09:05:00+00:00,647.14,647.84,647.11,647.81,1346.26,2026-03-25 09:09:59.999000+00:00,871750.8758,2508,658.38,426330.9514
2026-03-25 09:10:00+00:00,647.8,648.0,647.64,647.95,1069.03,2026-03-25 09:14:59.999000+00:00,692538.6097,2095,529.62,343095.7585
2026-03-25 09:15:00+00:00,647.95,648.57,647.88,648.44,2123.0,2026-03-25 09:19:59.999000+00:00,1376315.5608,2739,1246.81,808296.2539
2026-03-25 09:20:00+00:00,648.44,649.37,648.27,648.67,4445.79,2026-03-25 09:24:59.999000+00:00,2885220.7635,4391,2811.28,1824508.7832
2026-03-25 09:25:00+00:00,648.67,649.46,648.66,648.96,2078.68,2026-03-25 09:29:59.999000+00:00,1349188.7528,3017,627.23,407112.8613
2026-03-25 09:30:00+00:00,648.95,649.44,648.82,648.92,3014.89,2026-03-25 09:34:59.999000+00:00,1956728.6916,3742,996.41,646721.4564
2026-03-25 09:35:00+00:00,648.92,649.71,648.92,649.36,5894.9,2026-03-25 09:39:59.999000+00:00,3827502.0212,3412,3958.19,2570065.4854
2026-03-25 09:40:00+00:00,649.36,649.79,649.12,649.57,3414.67,2026-03-25 09:44:59.999000+00:00,2217402.1891,3713,1357.63,881609.2572
2026-03-25 09:45:00+00:00,649.57,649.59,648.36,649.35,2655.33,2026-03-25 09:49:59.999000+00:00,1723356.2124,3908,760.71,493699.4247
2026-03-25 09:50:00+00:00,649.35,649.6,648.87,649.15,1804.89,2026-03-25 09:54:59.999000+00:00,1171796.0613,3137,772.69,501646.6237
2026-03-25 09:55:00+00:00,649.16,650.15,649.1,649.23,4210.71,2026-03-25 09:59:59.999000+00:00,2736063.343,5042,2478.14,1610347.4475
2026-03-25 10:00:00+00:00,649.23,649.5,648.0,648.12,7155.34,2026-03-25 10:04:59.999000+00:00,4640787.3681,7546,3664.75,2376570.5455
2026-03-25 10:05:00+00:00,648.12,649.1,648.11,648.6,2899.45,2026-03-25 10:09:59.999000+00:00,1880763.5168,4659,2182.56,1415692.1253
2026-03-25 10:10:00+00:00,648.6,648.63,648.04,648.05,1914.27,2026-03-25 10:14:59.999000+00:00,1241103.2226,3138,944.93,612655.9471
2026-03-25 10:15:00+00:00,648.04,648.2,647.51,647.82,2790.08,2026-03-25 10:19:59.999000+00:00,1807416.659,3971,1709.81,1107594.1819
2026-03-25 10:20:00+00:00,647.82,648.21,647.39,647.43,1582.29,2026-03-25 10:24:59.999000+00:00,1024935.8091,2705,726.02,470319.5138
2026-03-25 10:25:00+00:00,647.44,647.72,647.24,647.27,922.8,2026-03-25 10:29:59.999000+00:00,597430.1192,2177,416.7,269786.5736
2026-03-25 10:30:00+00:00,647.27,647.29,646.51,646.73,2286.45,2026-03-25 10:34:59.999000+00:00,1479193.1664,3100,770.15,498262.3345
2026-03-25 10:35:00+00:00,646.73,647.17,646.58,646.59,1811.87,2026-03-25 10:39:59.999000+00:00,1172003.5229,2412,1163.17,752458.8369
2026-03-25 10:40:00+00:00,646.59,646.87,646.08,646.58,2254.4,2026-03-25 10:44:59.999000+00:00,1457480.442,2337,1294.28,836859.5046
2026-03-25 10:45:00+00:00,646.58,647.62,646.57,647.3,1742.3,2026-03-25 10:49:59.999000+00:00,1127464.4355,2867,1215.61,786600.9282
2026-03-25 10:50:00+00:00,647.31,647.7,647.16,647.51,960.96,2026-03-25 10:54:59.999000+00:00,622135.9249,1822,529.25,342633.5083
2026-03-25 10:55:00+00:00,647.5,647.52,646.92,647.1,2035.43,2026-03-25 10:59:59.999000+00:00,1317263.399,1941,1334.87,863884.8009
2026-03-25 11:00:00+00:00,647.1,647.36,646.9,647.28,704.97,2026-03-25 11:04:59.999000+00:00,456212.289,1923,436.94,282770.5535
2026-03-25 11:05:00+00:00,647.27,647.46,646.9,647.08,598.43,2026-03-25 11:09:59.999000+00:00,387239.0664,1976,304.64,197115.7904
2026-03-25 11:10:00+00:00,647.08,647.5,646.88,647.1,1006.68,2026-03-25 11:14:59.999000+00:00,651538.7426,1975,663.25,429256.651
2026-03-25 11:15:00+00:00,647.09,647.72,647.02,647.65,1297.63,2026-03-25 11:19:59.999000+00:00,840031.6036,2285,719.57,465838.3078
2026-03-25 11:20:00+00:00,647.65,648.24,647.51,648.24,1617.95,2026-03-25 11:24:59.999000+00:00,1048270.9759,3057,956.03,619442.0232
2026-03-25 11:25:00+00:00,648.24,649.2,648.23,649.01,2620.34,2026-03-25 11:29:59.999000+00:00,1700128.1686,3534,1972.34,1279635.1009
2026-03-25 11:30:00+00:00,649.01,650.7,648.9,650.51,5631.24,2026-03-25 11:34:59.999000+00:00,3660025.7289,7148,3550.56,2307855.9322
2026-03-25 11:35:00+00:00,650.52,651.24,649.51,650.43,4205.33,2026-03-25 11:39:59.999000+00:00,2735115.4048,5875,2377.38,1546307.6052
2026-03-25 11:40:00+00:00,650.42,650.47,649.16,649.4,1405.4,2026-03-25 11:44:59.999000+00:00,912967.7411,3392,759.1,493127.6851
2026-03-25 11:45:00+00:00,649.4,649.74,648.05,648.57,3552.47,2026-03-25 11:49:59.999000+00:00,2304734.6728,5157,1487.2,964987.5165
2026-03-25 11:50:00+00:00,648.57,649.1,648.05,648.55,1160.98,2026-03-25 11:54:59.999000+00:00,752893.614,2694,729.08,472804.9055
2026-03-25 11:55:00+00:00,648.55,648.65,648.1,648.57,782.81,2026-03-25 11:59:59.999000+00:00,507513.5939,1456,404.4,262192.07
2026-03-25 12:00:00+00:00,648.57,649.65,648.57,649.33,3614.5,2026-03-25 12:04:59.999000+00:00,2346502.3573,4000,2260.12,1467360.6707
2026-03-25 12:05:00+00:00,649.32,650.3,649.21,650.02,2175.17,2026-03-25 12:09:59.999000+00:00,1413660.4961,2816,1862.74,1210669.5645
2026-03-25 12:10:00+00:00,650.02,650.58,649.87,649.87,1617.99,2026-03-25 12:14:59.999000+00:00,1052038.1129,2536,1068.14,694541.2198
2026-03-25 12:15:00+00:00,649.87,649.91,647.17,647.8,3323.37,2026-03-25 12:19:59.999000+00:00,2154537.9735,5878,1461.4,947456.783
2026-03-25 12:20:00+00:00,647.8,648.0,646.01,647.09,4136.88,2026-03-25 12:24:59.999000+00:00,2676680.1622,6886,1824.68,1180629.1381
2026-03-25 12:25:00+00:00,647.09,648.23,646.65,647.45,7580.22,2026-03-25 12:29:59.999000+00:00,4909269.3232,6549,5387.63,3489580.443
2026-03-25 12:30:00+00:00,647.45,647.45,645.96,647.07,3289.19,2026-03-25 12:34:59.999000+00:00,2126671.0481,4965,1153.25,745612.5764
2026-03-25 12:35:00+00:00,647.07,647.47,646.81,647.19,1616.56,2026-03-25 12:39:59.999000+00:00,1046152.1851,3068,1051.12,680234.9299
2026-03-25 12:40:00+00:00,647.19,648.11,646.76,647.41,1785.8,2026-03-25 12:44:59.999000+00:00,1156353.8823,3123,1099.7,712088.9347
2026-03-25 12:45:00+00:00,647.4,647.7,647.0,647.36,1089.92,2026-03-25 12:49:59.999000+00:00,705615.2038,2202,604.92,391633.6857
2026-03-25 12:50:00+00:00,647.36,647.6,646.74,647.6,988.66,2026-03-25 12:54:59.999000+00:00,639693.9211,2296,665.9,430837.1679
2026-03-25 12:55:00+00:00,647.6,650.96,647.58,649.21,3937.98,2026-03-25 12:59:59.999000+00:00,2557646.2641,6955,2571.21,1669828.1622
2026-03-25 13:00:00+00:00,649.21,650.0,648.43,649.65,2456.36,2026-03-25 13:04:59.999000+00:00,1595076.2713,5104,1111.87,721984.0894
2026-03-25 13:05:00+00:00,649.65,649.86,649.15,649.23,544.64,2026-03-25 13:09:59.999000+00:00,353769.4011,2231,297.77,193410.224
2026-03-25 13:10:00+00:00,649.22,649.86,649.22,649.73,1246.89,2026-03-25 13:14:59.999000+00:00,809917.0042,1765,973.13,632076.5025
2026-03-25 13:15:00+00:00,649.74,649.89,649.15,649.89,543.59,2026-03-25 13:19:59.999000+00:00,353069.5218,1614,354.16,230027.9235
2026-03-25 13:20:00+00:00,649.9,650.22,649.17,649.31,1537.74,2026-03-25 13:24:59.999000+00:00,999308.0541,2286,695.62,452053.5279
2026-03-25 13:25:00+00:00,649.31,649.55,649.23,649.45,1015.97,2026-03-25 13:29:59.999000+00:00,659784.3168,1946,737.0,478628.5131
2026-03-25 13:30:00+00:00,649.44,652.31,649.36,651.51,5646.33,2026-03-25 13:34:59.999000+00:00,3677454.6913,8749,3751.33,2443120.1433
2026-03-25 13:35:00+00:00,651.51,653.18,651.5,652.02,4044.57,2026-03-25 13:39:59.999000+00:00,2638609.5962,6758,2332.72,1522088.4335
2026-03-25 13:40:00+00:00,652.03,652.64,651.02,651.32,1896.25,2026-03-25 13:44:59.999000+00:00,1236208.4838,4657,993.49,647812.3673
2026-03-25 13:45:00+00:00,651.31,651.78,650.59,650.6,1935.77,2026-03-25 13:49:59.999000+00:00,1260606.45,4589,731.31,476276.6252
2026-03-25 13:50:00+00:00,650.59,651.1,649.62,650.24,2302.28,2026-03-25 13:54:59.999000+00:00,1497217.472,5237,1339.11,870910.7333
2026-03-25 13:55:00+00:00,650.25,650.8,649.48,649.73,1360.7,2026-03-25 13:59:59.999000+00:00,884776.6483,3585,807.63,525192.0785
2026-03-25 14:00:00+00:00,649.73,650.54,648.45,649.37,2728.68,2026-03-25 14:04:59.999000+00:00,1771990.1901,6312,1395.83,906641.2655
2026-03-25 14:05:00+00:00,649.37,649.87,648.7,649.69,3883.52,2026-03-25 14:09:59.999000+00:00,2521983.6034,5966,1228.28,797592.9906
2026-03-25 14:10:00+00:00,649.68,649.68,648.09,648.61,3811.4,2026-03-25 14:14:59.999000+00:00,2471692.2438,5394,1038.12,673225.5254
2026-03-25 14:15:00+00:00,648.61,649.48,648.02,648.24,2024.58,2026-03-25 14:19:59.999000+00:00,1313006.7279,3770,722.57,468807.9989
2026-03-25 14:20:00+00:00,648.25,649.24,647.46,647.7,1778.74,2026-03-25 14:24:59.999000+00:00,1153496.8703,4194,823.4,534124.601
2026-03-25 14:25:00+00:00,647.7,649.04,647.56,647.97,2113.47,2026-03-25 14:29:59.999000+00:00,1369953.2757,5151,931.84,604058.4819
2026-03-25 14:30:00+00:00,647.98,648.79,647.51,648.61,1140.75,2026-03-25 14:34:59.999000+00:00,739609.4372,3583,694.07,450004.6094
2026-03-25 14:35:00+00:00,648.61,648.94,647.62,647.77,1023.4,2026-03-25 14:39:59.999000+00:00,663380.2335,3241,504.68,327183.7021
2026-03-25 14:40:00+00:00,647.77,648.35,647.57,647.98,879.95,2026-03-25 14:44:59.999000+00:00,570220.8986,2322,451.45,292557.1356
2026-03-25 14:45:00+00:00,647.98,648.49,647.64,648.49,848.45,2026-03-25 14:49:59.999000+00:00,549888.562,2221,570.47,369758.4705
2026-03-25 14:50:00+00:00,648.49,648.81,647.82,647.82,531.87,2026-03-25 14:54:59.999000+00:00,344909.6698,2000,310.23,201190.8725
2026-03-25 14:55:00+00:00,647.82,647.9,647.27,647.38,1219.7,2026-03-25 14:59:59.999000+00:00,789938.7593,2186,280.03,181362.7383
2026-03-25 15:00:00+00:00,647.39,647.79,647.19,647.47,1111.36,2026-03-25 15:04:59.999000+00:00,719608.0663,2816,676.19,437849.6465
2026-03-25 15:05:00+00:00,647.48,647.64,645.16,645.29,4424.61,2026-03-25 15:09:59.999000+00:00,2859215.1451,6401,1369.93,885366.8003
2026-03-25 15:10:00+00:00,645.29,645.73,644.11,644.49,4485.27,2026-03-25 15:14:59.999000+00:00,2892588.605,5711,1691.21,1090906.3234
2026-03-25 15:15:00+00:00,644.49,644.54,642.0,642.94,7861.07,2026-03-25 15:19:59.999000+00:00,5055250.6261,10462,2746.72,1766293.4824
2026-03-25 15:20:00+00:00,642.93,645.0,642.93,644.73,5278.75,2026-03-25 15:24:59.999000+00:00,3400538.5287,6282,3300.43,2125592.2439
2026-03-25 15:25:00+00:00,644.74,645.55,644.36,645.46,3071.48,2026-03-25 15:29:59.999000+00:00,1980364.3602,4001,2168.74,1398331.5156
2026-03-25 15:30:00+00:00,645.45,645.92,645.07,645.24,2601.04,2026-03-25 15:34:59.999000+00:00,1678742.7553,4234,1199.09,773994.8845
2026-03-25 15:35:00+00:00,645.24,645.36,644.29,644.49,2422.55,2026-03-25 15:39:59.999000+00:00,1562114.8316,3835,853.32,550229.9392
2026-03-25 15:40:00+00:00,644.49,645.09,644.31,645.02,1173.55,2026-03-25 15:44:59.999000+00:00,756516.9854,2341,505.56,325896.6618
2026-03-25 15:45:00+00:00,645.02,645.8,644.29,645.71,4091.07,2026-03-25 15:49:59.999000+00:00,2638844.2346,4226,2332.24,1504742.6677
2026-03-25 15:50:00+00:00,645.7,646.0,645.23,645.48,1139.52,2026-03-25 15:54:59.999000+00:00,735771.4873,2546,641.97,414518.5192
2026-03-25 15:55:00+00:00,645.47,646.4,645.47,645.79,1667.43,2026-03-25 15:59:59.999000+00:00,1077017.6334,3214,973.63,628936.8375
2026-03-25 16:00:00+00:00,645.79,646.41,645.77,646.17,1117.11,2026-03-25 16:04:59.999000+00:00,721775.189,2881,701.17,453039.1522
2026-03-25 16:05:00+00:00,646.18,647.55,645.2,647.46,2809.8,2026-03-25 16:09:59.999000+00:00,1816406.9679,4935,1996.48,1290775.6379
2026-03-25 16:10:00+00:00,647.47,647.54,646.88,647.1,1128.87,2026-03-25 16:14:59.999000+00:00,730605.0485,2754,603.34,390470.399
2026-03-25 16:15:00+00:00,647.1,647.39,646.65,647.3,2232.31,2026-03-25 16:19:59.999000+00:00,1444291.9421,3278,763.59,494014.4778
2026-03-25 16:20:00+00:00,647.29,648.05,646.96,648.05,2718.0,2026-03-25 16:24:59.999000+00:00,1759858.4359,4254,1317.88,853365.028
2026-03-25 16:25:00+00:00,648.04,651.36,648.02,649.32,12717.14,2026-03-25 16:29:59.999000+00:00,8263270.1254,12384,6239.03,4054263.1283
2026-03-25 16:30:00+00:00,649.32,649.6,648.34,649.24,4306.55,2026-03-25 16:34:59.999000+00:00,2795173.2879,5355,1924.41,1249296.4007
2026-03-25 16:35:00+00:00,649.23,649.83,649.02,649.78,2204.58,2026-03-25 16:39:59.999000+00:00,1431799.8568,3430,1435.62,932354.881
2026-03-25 16:40:00+00:00,649.77,649.77,648.7,648.71,971.72,2026-03-25 16:44:59.999000+00:00,630982.8996,2487,487.55,316612.5873
2026-03-25 16:45:00+00:00,648.71,648.82,647.99,648.25,1586.11,2026-03-25 16:49:59.999000+00:00,1028269.18,3033,554.9,359746.7324
2026-03-25 16:50:00+00:00,648.24,648.6,647.85,648.42,1287.52,2026-03-25 16:54:59.999000+00:00,834612.8973,2301,824.69,534615.0849
2026-03-25 16:55:00+00:00,648.42,648.87,647.42,647.8,3261.26,2026-03-25 16:59:59.999000+00:00,2113821.5664,2798,1341.79,869722.4595
2026-03-25 17:00:00+00:00,647.8,648.54,647.79,648.14,1092.1,2026-03-25 17:04:59.999000+00:00,707804.7786,3270,632.76,410103.9497
2026-03-25 17:05:00+00:00,648.15,648.15,647.11,647.16,904.95,2026-03-25 17:09:59.999000+00:00,585836.6531,2640,227.02,146954.2782
2026-03-25 17:10:00+00:00,647.17,647.28,646.74,647.12,1334.12,2026-03-25 17:14:59.999000+00:00,863187.0944,2556,645.54,417669.3173
2026-03-25 17:15:00+00:00,647.12,647.12,645.86,646.38,1218.03,2026-03-25 17:19:59.999000+00:00,787301.647,2872,681.31,440370.0977
2026-03-25 17:20:00+00:00,646.38,647.25,646.13,646.82,2947.9,2026-03-25 17:24:59.999000+00:00,1906808.0445,2680,2380.58,1539885.754
2026-03-25 17:25:00+00:00,646.81,647.8,646.81,647.09,1243.47,2026-03-25 17:29:59.999000+00:00,804981.6525,1920,542.93,351465.0036
2026-03-25 17:30:00+00:00,647.08,647.09,646.39,647.0,894.72,2026-03-25 17:34:59.999000+00:00,578639.9985,2280,529.21,342230.8683
2026-03-25 17:35:00+00:00,647.0,647.21,645.92,646.25,1243.4,2026-03-25 17:39:59.999000+00:00,803629.4639,2352,380.52,245960.9393
2026-03-25 17:40:00+00:00,646.25,646.72,645.78,646.13,1756.93,2026-03-25 17:44:59.999000+00:00,1135461.3672,2557,1290.83,834275.2965
2026-03-25 17:45:00+00:00,646.13,646.53,645.93,646.05,414.99,2026-03-25 17:49:59.999000+00:00,268147.5514,1516,256.86,165968.943
2026-03-25 17:50:00+00:00,646.06,646.42,645.46,645.52,1351.06,2026-03-25 17:54:59.999000+00:00,872610.3027,2714,716.69,462890.5188
2026-03-25 17:55:00+00:00,645.52,645.97,645.21,645.58,1615.49,2026-03-25 17:59:59.999000+00:00,1042747.8995,2523,418.11,269885.0495
2026-03-25 18:00:00+00:00,645.57,645.77,645.15,645.6,1085.61,2026-03-25 18:04:59.999000+00:00,700850.6508,2684,442.32,285533.5024
2026-03-25 18:05:00+00:00,645.59,646.38,645.17,645.2,1866.7,2026-03-25 18:09:59.999000+00:00,1205807.83,2610,1307.39,844590.5391
2026-03-25 18:10:00+00:00,645.2,645.62,645.17,645.38,1273.47,2026-03-25 18:14:59.999000+00:00,821870.5808,1885,744.26,480360.0535
2026-03-25 18:15:00+00:00,645.38,646.26,645.38,645.87,1557.9,2026-03-25 18:19:59.999000+00:00,1006269.4744,2410,1135.65,733556.6789
2026-03-25 18:20:00+00:00,645.87,646.83,645.86,646.41,877.59,2026-03-25 18:24:59.999000+00:00,567280.8872,1994,627.83,405818.2979
2026-03-25 18:25:00+00:00,646.4,646.57,645.73,645.95,711.1,2026-03-25 18:29:59.999000+00:00,459547.6559,1388,458.64,296409.1851
2026-03-25 18:30:00+00:00,645.95,646.12,645.49,645.71,462.9,2026-03-25 18:34:59.999000+00:00,298919.3381,1314,223.98,144646.3085
2026-03-25 18:35:00+00:00,645.72,645.87,645.0,645.2,1083.91,2026-03-25 18:39:59.999000+00:00,699349.6934,1509,196.28,126698.4677
2026-03-25 18:40:00+00:00,645.2,645.2,644.61,644.79,2778.94,2026-03-25 18:44:59.999000+00:00,1792114.9456,1822,627.6,404647.003
2026-03-25 18:45:00+00:00,644.79,645.35,644.76,644.97,649.39,2026-03-25 18:49:59.999000+00:00,418874.9392,1587,488.74,315244.8545
2026-03-25 18:50:00+00:00,644.98,645.54,644.92,645.54,475.5,2026-03-25 18:54:59.999000+00:00,306780.1374,1052,385.49,248715.8904
2026-03-25 18:55:00+00:00,645.54,645.54,644.26,645.52,1672.21,2026-03-25 18:59:59.999000+00:00,1078270.6329,2967,739.76,476981.3524
2026-03-25 19:00:00+00:00,645.51,647.13,645.25,647.02,1785.42,2026-03-25 19:04:59.999000+00:00,1153484.0204,3245,1392.92,899920.6668
2026-03-25 19:05:00+00:00,647.03,647.23,646.42,646.69,1491.7,2026-03-25 19:09:59.999000+00:00,964896.7729,2460,709.45,458932.168
2026-03-25 19:10:00+00:00,646.69,646.95,646.11,646.76,2069.24,2026-03-25 19:14:59.999000+00:00,1337604.5276,2952,686.21,443581.1556
2026-03-25 19:15:00+00:00,646.76,647.0,646.48,646.57,567.01,2026-03-25 19:19:59.999000+00:00,366670.7403,1731,239.9,155138.8095
2026-03-25 19:20:00+00:00,646.57,647.17,646.47,647.08,498.72,2026-03-25 19:24:59.999000+00:00,322598.5731,1524,346.42,224073.9384
2026-03-25 19:25:00+00:00,647.08,647.27,646.58,646.86,535.65,2026-03-25 19:29:59.999000+00:00,346482.5164,1358,222.07,143652.0628
2026-03-25 19:30:00+00:00,646.86,646.89,646.06,646.42,435.33,2026-03-25 19:34:59.999000+00:00,281392.4105,1476,183.01,118277.3991
2026-03-25 19:35:00+00:00,646.41,646.9,645.88,646.9,476.02,2026-03-25 19:39:59.999000+00:00,307665.8545,1498,194.09,125454.7446
2026-03-25 19:40:00+00:00,646.89,647.5,646.39,646.4,726.68,2026-03-25 19:44:59.999000+00:00,470221.9615,1893,469.81,304032.1029
2026-03-25 19:45:00+00:00,646.41,646.71,646.01,646.46,393.64,2026-03-25 19:49:59.999000+00:00,254444.6165,1527,182.56,117997.961
2026-03-25 19:50:00+00:00,646.46,646.96,646.13,646.17,293.63,2026-03-25 19:54:59.999000+00:00,189826.4682,1350,120.11,77660.7318
2026-03-25 19:55:00+00:00,646.18,646.28,645.26,646.27,1085.42,2026-03-25 19:59:59.999000+00:00,700809.8089,1947,332.24,214505.8262
2026-03-25 20:00:00+00:00,646.28,646.33,645.33,645.34,862.02,2026-03-25 20:04:59.999000+00:00,556632.809,2028,277.12,178942.3753
2026-03-25 20:05:00+00:00,645.34,645.52,644.56,644.84,2137.69,2026-03-25 20:09:59.999000+00:00,1378870.2142,2895,544.6,351290.4111
2026-03-25 20:10:00+00:00,644.84,645.05,644.62,644.89,586.11,2026-03-25 20:14:59.999000+00:00,377943.3731,1348,394.98,254693.4071
2026-03-25 20:15:00+00:00,644.89,645.35,644.78,645.33,528.01,2026-03-25 20:19:59.999000+00:00,340634.0573,1271,350.4,226047.169
2026-03-25 20:20:00+00:00,645.33,645.38,644.65,644.7,408.58,2026-03-25 20:24:59.999000+00:00,263521.2374,1114,182.34,117622.8552
2026-03-25 20:25:00+00:00,644.7,645.16,644.28,644.86,898.34,2026-03-25 20:29:59.999000+00:00,579124.702,1517,480.04,309499.268
2026-03-25 20:30:00+00:00,644.86,644.98,644.48,644.8,525.1,2026-03-25 20:34:59.999000+00:00,338552.6973,1023,375.27,241941.9446
2026-03-25 20:35:00+00:00,644.79,645.55,644.69,645.54,367.01,2026-03-25 20:39:59.999000+00:00,236774.9488,1146,270.35,174412.7385
2026-03-25 20:40:00+00:00,645.55,646.0,645.13,646.0,529.4,2026-03-25 20:44:59.999000+00:00,341730.5806,1207,358.69,231547.0539
2026-03-25 20:45:00+00:00,646.0,646.47,645.85,646.45,970.15,2026-03-25 20:49:59.999000+00:00,626810.9843,1587,559.73,361640.0585
2026-03-25 20:50:00+00:00,646.45,646.95,646.45,646.89,695.46,2026-03-25 20:54:59.999000+00:00,449767.8545,1206,401.59,259714.7495
2026-03-25 20:55:00+00:00,646.89,646.99,646.75,646.9,385.77,2026-03-25 20:59:59.999000+00:00,249558.7728,698,203.26,131489.052
2026-03-25 21:00:00+00:00,646.91,647.14,646.6,647.14,827.83,2026-03-25 21:04:59.999000+00:00,535471.0646,1668,568.14,367490.0982
2026-03-25 21:05:00+00:00,647.13,647.61,646.74,647.61,744.4,2026-03-25 21:09:59.999000+00:00,481771.7999,1491,412.16,266755.3938
2026-03-25 21:10:00+00:00,647.61,648.88,647.61,648.05,2355.23,2026-03-25 21:14:59.999000+00:00,1526573.8471,2886,1365.9,885226.81
2026-03-25 21:15:00+00:00,648.05,648.2,647.63,647.92,578.19,2026-03-25 21:19:59.999000+00:00,374590.3218,1379,220.26,142688.8637
2026-03-25 21:20:00+00:00,647.92,648.04,647.3,647.51,447.75,2026-03-25 21:24:59.999000+00:00,289979.9613,1055,190.11,123119.3672
2026-03-25 21:25:00+00:00,647.51,647.51,646.72,646.96,2225.38,2026-03-25 21:29:59.999000+00:00,1439925.2719,2106,772.98,500151.4836
2026-03-25 21:30:00+00:00,646.96,647.29,646.42,647.16,1532.01,2026-03-25 21:34:59.999000+00:00,990956.2172,1922,551.58,356786.6494
2026-03-25 21:35:00+00:00,647.16,647.7,647.15,647.7,357.69,2026-03-25 21:39:59.999000+00:00,231553.0958,966,243.67,157739.6584
2026-03-25 21:40:00+00:00,647.7,647.77,647.4,647.41,731.98,2026-03-25 21:44:59.999000+00:00,474030.1707,1186,204.37,132350.6028
2026-03-25 21:45:00+00:00,647.41,647.64,646.9,646.9,316.53,2026-03-25 21:49:59.999000+00:00,204900.9499,1071,127.38,82466.4052
2026-03-25 21:50:00+00:00,646.9,647.22,646.9,647.18,351.69,2026-03-25 21:54:59.999000+00:00,227566.8857,938,168.64,109118.1322
2026-03-25 21:55:00+00:00,647.18,647.4,647.14,647.36,275.17,2026-03-25 21:59:59.999000+00:00,178120.0709,777,175.87,113838.8531
2026-03-25 22:00:00+00:00,647.36,648.26,647.24,647.76,1041.23,2026-03-25 22:04:59.999000+00:00,674532.7784,2738,425.71,275754.7341
2026-03-25 22:05:00+00:00,647.75,647.75,646.42,646.42,1209.64,2026-03-25 22:09:59.999000+00:00,782591.9931,2418,279.86,181073.8743
2026-03-25 22:10:00+00:00,646.42,646.81,646.35,646.42,690.71,2026-03-25 22:14:59.999000+00:00,446566.7527,1658,266.57,172340.1652
2026-03-25 22:15:00+00:00,646.41,646.6,646.0,646.49,623.29,2026-03-25 22:19:59.999000+00:00,402849.8325,1794,197.81,127856.5393
2026-03-25 22:20:00+00:00,646.5,646.65,646.29,646.47,369.63,2026-03-25 22:24:59.999000+00:00,238963.7653,1001,188.48,121844.9125
2026-03-25 22:25:00+00:00,646.47,646.78,646.47,646.7,267.65,2026-03-25 22:29:59.999000+00:00,173067.8679,996,173.05,111893.0754
2026-03-25 22:30:00+00:00,646.69,648.66,646.68,648.49,2130.67,2026-03-25 22:34:59.999000+00:00,1380704.8653,3711,1384.48,897103.1905
2026-03-25 22:35:00+00:00,648.5,649.04,648.05,648.17,1212.8,2026-03-25 22:39:59.999000+00:00,786575.5873,2419,720.99,467615.7696
2026-03-25 22:40:00+00:00,648.18,650.44,648.17,649.02,3079.88,2026-03-25 22:44:59.999000+00:00,1999648.1789,5136,1764.27,1145602.708
2026-03-25 22:45:00+00:00,649.03,649.53,648.88,649.06,695.86,2026-03-25 22:49:59.999000+00:00,451730.5628,1771,352.62,228910.1593
2026-03-25 22:50:00+00:00,649.06,649.2,648.73,648.95,603.68,2026-03-25 22:54:59.999000+00:00,391769.9288,1615,198.89,129076.0594
2026-03-25 22:55:00+00:00,648.95,649.3,648.81,649.17,350.27,2026-03-25 22:59:59.999000+00:00,227333.9099,1189,188.64,122427.5724
2026-03-25 23:00:00+00:00,649.17,649.24,648.84,649.02,614.21,2026-03-25 23:04:59.999000+00:00,398667.7789,1765,304.99,197966.0993
2026-03-25 23:05:00+00:00,649.03,649.18,648.76,649.01,248.71,2026-03-25 23:09:59.999000+00:00,161397.7913,1253,100.0,64890.3706
2026-03-25 23:10:00+00:00,649.0,649.12,648.32,648.47,1884.39,2026-03-25 23:14:59.999000+00:00,1222097.5464,1620,1251.93,811741.2319
2026-03-25 23:15:00+00:00,648.46,648.46,647.85,648.0,526.71,2026-03-25 23:19:59.999000+00:00,341387.5663,1398,199.32,129190.9452
2026-03-25 23:20:00+00:00,648.0,648.36,647.81,648.29,480.31,2026-03-25 23:24:59.999000+00:00,311294.1627,1422,223.74,145008.8366
2026-03-25 23:25:00+00:00,648.29,648.7,647.77,647.91,628.19,2026-03-25 23:29:59.999000+00:00,407148.0534,1625,423.19,274242.5852
2026-03-25 23:30:00+00:00,647.91,648.22,647.68,647.84,593.92,2026-03-25 23:34:59.999000+00:00,384817.0089,1673,281.45,182351.6412
2026-03-25 23:35:00+00:00,647.83,648.09,647.51,647.51,606.9,2026-03-25 23:39:59.999000+00:00,393122.0544,1422,297.15,192470.4688
2026-03-25 23:40:00+00:00,647.52,647.52,647.04,647.17,616.75,2026-03-25 23:44:59.999000+00:00,399196.3261,1368,289.43,187327.676
2026-03-25 23:45:00+00:00,647.17,647.22,646.84,647.04,715.57,2026-03-25 23:49:59.999000+00:00,463013.8088,1420,415.57,268904.7298
2026-03-25 23:50:00+00:00,647.05,647.91,647.05,647.9,431.19,2026-03-25 23:54:59.999000+00:00,279178.8327,930,353.4,228800.4623
2026-03-25 23:55:00+00:00,647.9,647.91,647.69,647.85,237.72,2026-03-25 23:59:59.999000+00:00,153987.5926,704,139.21,90173.817
2026-03-26 00:00:00+00:00,647.84,648.75,647.8,648.17,2381.21,2026-03-26 00:04:59.999000+00:00,1543799.3481,3373,1622.53,1051890.6996
2026-03-26 00:05:00+00:00,648.17,648.43,647.27,647.27,975.06,2026-03-26 00:09:59.999000+00:00,631848.6634,2156,443.74,287578.7511
2026-03-26 00:10:00+00:00,647.27,647.56,647.0,647.56,928.96,2026-03-26 00:14:59.999000+00:00,601221.4403,2166,389.21,251899.6254
2026-03-26 00:15:00+00:00,647.56,648.52,647.31,647.31,960.13,2026-03-26 00:19:59.999000+00:00,622233.427,2821,521.09,337709.7975
2026-03-26 00:20:00+00:00,647.32,647.64,647.17,647.58,491.87,2026-03-26 00:24:59.999000+00:00,318415.973,1862,274.87,177933.1221
2026-03-26 00:25:00+00:00,647.57,647.59,647.11,647.56,314.69,2026-03-26 00:29:59.999000+00:00,203710.9282,1171,142.04,91940.729
2026-03-26 00:30:00+00:00,647.55,647.91,647.32,647.54,543.14,2026-03-26 00:34:59.999000+00:00,351761.7856,1788,186.97,121088.3184
2026-03-26 00:35:00+00:00,647.55,648.1,647.55,647.63,445.11,2026-03-26 00:39:59.999000+00:00,288389.4917,1348,243.65,157860.3211
2026-03-26 00:40:00+00:00,647.64,647.8,647.3,647.59,698.94,2026-03-26 00:44:59.999000+00:00,452621.4868,1230,374.56,242568.713
2026-03-26 00:45:00+00:00,647.58,648.37,647.51,648.12,723.95,2026-03-26 00:49:59.999000+00:00,469089.1009,1682,391.09,253397.4333
2026-03-26 00:50:00+00:00,648.13,648.13,646.79,646.82,823.27,2026-03-26 00:54:59.999000+00:00,532907.0959,2015,326.87,211575.098
2026-03-26 00:55:00+00:00,646.83,647.41,646.36,647.34,784.62,2026-03-26 00:59:59.999000+00:00,507522.1812,1830,339.33,219501.2172
2026-03-26 01:00:00+00:00,647.34,647.94,647.15,647.3,765.46,2026-03-26 01:04:59.999000+00:00,495665.127,2355,409.36,265083.5002
2026-03-26 01:05:00+00:00,647.3,647.35,646.61,646.88,638.15,2026-03-26 01:09:59.999000+00:00,412837.7969,1741,197.39,127687.9589
2026-03-26 01:10:00+00:00,646.89,647.03,646.6,646.83,407.41,2026-03-26 01:14:59.999000+00:00,263517.2191,1217,225.72,145996.361
2026-03-26 01:15:00+00:00,646.83,646.83,645.88,646.4,1057.54,2026-03-26 01:19:59.999000+00:00,683451.28,2302,515.08,332878.7414
2026-03-26 01:20:00+00:00,646.39,647.0,646.36,646.96,346.55,2026-03-26 01:24:59.999000+00:00,224112.6511,1204,243.22,157293.3239
2026-03-26 01:25:00+00:00,646.96,647.77,646.87,647.29,625.43,2026-03-26 01:29:59.999000+00:00,404819.4928,1834,407.52,263775.6443
2026-03-26 01:30:00+00:00,647.28,647.91,647.23,647.35,603.48,2026-03-26 01:34:59.999000+00:00,390794.2567,1826,325.34,210703.46
2026-03-26 01:35:00+00:00,647.34,647.52,647.0,647.31,590.4,2026-03-26 01:39:59.999000+00:00,382142.9202,1360,285.9,185052.3579
2026-03-26 01:40:00+00:00,647.31,647.45,646.54,646.71,616.07,2026-03-26 01:44:59.999000+00:00,398590.9496,1817,198.96,128725.1945
2026-03-26 01:45:00+00:00,646.7,646.86,646.42,646.43,562.93,2026-03-26 01:49:59.999000+00:00,364004.4139,1435,205.25,132720.7079
2026-03-26 01:50:00+00:00,646.42,646.79,646.17,646.72,539.46,2026-03-26 01:54:59.999000+00:00,348749.5096,1449,200.09,129360.8202
2026-03-26 01:55:00+00:00,646.71,647.08,646.48,646.71,329.53,2026-03-26 01:59:59.999000+00:00,213152.664,1122,123.48,79862.924
2026-03-26 02:00:00+00:00,646.71,646.84,646.34,646.54,432.89,2026-03-26 02:04:59.999000+00:00,279908.2083,1449,205.93,133161.139
2026-03-26 02:05:00+00:00,646.55,646.62,645.31,645.69,1606.56,2026-03-26 02:09:59.999000+00:00,1037371.0835,2965,675.33,436033.223
2026-03-26 02:10:00+00:00,645.69,645.96,645.2,645.55,794.57,2026-03-26 02:14:59.999000+00:00,512955.5775,2119,373.51,241133.2185
2026-03-26 02:15:00+00:00,645.55,645.59,644.47,644.83,1755.11,2026-03-26 02:19:59.999000+00:00,1131765.2284,2946,1019.48,657374.6764
2026-03-26 02:20:00+00:00,644.82,645.23,644.53,644.77,1108.49,2026-03-26 02:24:59.999000+00:00,714785.2579,1926,514.67,331874.3003
2026-03-26 02:25:00+00:00,644.78,645.3,644.78,644.84,580.93,2026-03-26 02:29:59.999000+00:00,374704.1075,1425,277.05,178707.5739
2026-03-26 02:30:00+00:00,644.83,644.83,642.85,643.78,3252.06,2026-03-26 02:34:59.999000+00:00,2093641.1937,4998,1227.12,790023.5334
2026-03-26 02:35:00+00:00,643.79,643.84,642.66,643.1,2056.31,2026-03-26 02:39:59.999000+00:00,1322680.4856,3346,1030.06,662545.0823
2026-03-26 02:40:00+00:00,643.11,643.77,643.1,643.52,867.48,2026-03-26 02:44:59.999000+00:00,558186.8496,1992,505.62,325335.3988
2026-03-26 02:45:00+00:00,643.52,643.94,643.52,643.81,616.91,2026-03-26 02:49:59.999000+00:00,397104.0328,1633,370.91,238750.5927
2026-03-26 02:50:00+00:00,643.81,643.87,643.44,643.65,393.14,2026-03-26 02:54:59.999000+00:00,253054.6107,1166,194.32,125076.5243
2026-03-26 02:55:00+00:00,643.65,643.93,643.52,643.74,685.64,2026-03-26 02:59:59.999000+00:00,441390.7615,1112,261.45,168298.8886
2026-03-26 03:00:00+00:00,643.74,643.74,642.26,642.44,1933.53,2026-03-26 03:04:59.999000+00:00,1243020.4012,3100,777.04,499352.6118
2026-03-26 03:05:00+00:00,642.43,642.82,642.17,642.78,1464.02,2026-03-26 03:09:59.999000+00:00,940518.6084,2530,769.96,494677.7003
2026-03-26 03:10:00+00:00,642.79,643.75,642.51,643.75,1353.11,2026-03-26 03:14:59.999000+00:00,870029.8634,2281,899.61,578462.006
2026-03-26 03:15:00+00:00,643.75,643.75,642.65,642.66,950.57,2026-03-26 03:19:59.999000+00:00,611498.1838,1890,277.81,178718.3463
2026-03-26 03:20:00+00:00,642.65,642.8,641.61,641.94,3092.76,2026-03-26 03:24:59.999000+00:00,1986257.8752,3528,1676.64,1076962.4626
2026-03-26 03:25:00+00:00,641.93,642.72,641.43,641.61,2694.01,2026-03-26 03:29:59.999000+00:00,1729730.6927,3175,1981.27,1272071.13
2026-03-26 03:30:00+00:00,641.61,642.3,641.61,642.18,923.14,2026-03-26 03:34:59.999000+00:00,592594.1839,2320,504.7,323993.5987
2026-03-26 03:35:00+00:00,642.17,643.03,642.17,642.92,984.53,2026-03-26 03:39:59.999000+00:00,632639.5342,2105,734.55,471992.1159
2026-03-26 03:40:00+00:00,642.92,643.23,642.67,642.68,542.14,2026-03-26 03:44:59.999000+00:00,348598.5736,1154,313.8,201782.5807
2026-03-26 03:45:00+00:00,642.68,643.05,642.68,642.8,649.57,2026-03-26 03:49:59.999000+00:00,417574.1274,1133,472.87,303965.7167
2026-03-26 03:50:00+00:00,642.8,643.37,642.67,643.25,819.71,2026-03-26 03:54:59.999000+00:00,527049.3906,1480,340.77,219092.1771
2026-03-26 03:55:00+00:00,643.24,643.44,642.89,643.08,747.4,2026-03-26 03:59:59.999000+00:00,480774.8206,1046,299.93,192932.1567
2026-03-26 04:00:00+00:00,643.1,643.1,642.1,642.1,2010.25,2026-03-26 04:04:59.999000+00:00,1291567.3362,2322,475.22,305364.3533
2026-03-26 04:05:00+00:00,642.1,642.46,641.83,642.04,1568.81,2026-03-26 04:09:59.999000+00:00,1007314.553,2083,479.15,307680.5968
2026-03-26 04:10:00+00:00,642.04,642.26,641.45,641.54,1244.88,2026-03-26 04:14:59.999000+00:00,798946.3694,2173,539.74,346392.5386
2026-03-26 04:15:00+00:00,641.54,641.64,641.28,641.49,749.89,2026-03-26 04:19:59.999000+00:00,481024.6277,1645,235.47,151044.3589
2026-03-26 04:20:00+00:00,641.49,641.95,641.49,641.73,419.37,2026-03-26 04:24:59.999000+00:00,269110.0401,1357,238.23,152868.933
2026-03-26 04:25:00+00:00,641.73,642.61,641.73,642.6,666.06,2026-03-26 04:29:59.999000+00:00,427693.6548,1227,471.43,302699.0664
2026-03-26 04:30:00+00:00,642.59,642.98,642.48,642.75,688.36,2026-03-26 04:34:59.999000+00:00,442458.277,1584,440.78,283317.8596
2026-03-26 04:35:00+00:00,642.74,643.42,642.74,643.34,761.41,2026-03-26 04:39:59.999000+00:00,489689.1251,1528,581.74,374133.2458
2026-03-26 04:40:00+00:00,643.35,643.41,642.99,643.04,1146.6,2026-03-26 04:44:59.999000+00:00,737528.0397,1548,371.24,238769.1717
2026-03-26 04:45:00+00:00,643.03,643.43,642.99,643.34,562.28,2026-03-26 04:49:59.999000+00:00,361694.9032,1217,256.5,164992.4251
2026-03-26 04:50:00+00:00,643.35,643.35,642.75,642.75,543.98,2026-03-26 04:54:59.999000+00:00,349816.9863,822,153.39,98631.5718
2026-03-26 04:55:00+00:00,642.75,642.75,642.25,642.38,726.5,2026-03-26 04:59:59.999000+00:00,466739.5629,1167,336.16,215935.5154
2026-03-26 05:00:00+00:00,642.38,642.57,642.22,642.4,580.38,2026-03-26 05:04:59.999000+00:00,372839.3169,1734,313.31,201267.2097
2026-03-26 05:05:00+00:00,642.4,642.4,640.51,640.7,2728.08,2026-03-26 05:09:59.999000+00:00,1748835.9782,4521,772.26,494979.9092
2026-03-26 05:10:00+00:00,640.7,640.7,639.38,639.79,5692.72,2026-03-26 05:14:59.999000+00:00,3643410.1044,6342,1693.44,1083756.7253
2026-03-26 05:15:00+00:00,639.78,639.84,639.08,639.45,3101.06,2026-03-26 05:19:59.999000+00:00,1982856.938,3602,975.22,623604.8351
2026-03-26 05:20:00+00:00,639.45,639.86,639.31,639.46,1317.73,2026-03-26 05:24:59.999000+00:00,842837.4838,2365,764.89,489254.131
2026-03-26 05:25:00+00:00,639.47,639.82,638.6,639.55,3149.95,2026-03-26 05:29:59.999000+00:00,2013208.9243,3988,2021.73,1292362.3194
2026-03-26 05:30:00+00:00,639.55,639.69,639.04,639.44,2013.47,2026-03-26 05:34:59.999000+00:00,1287196.4845,3166,805.64,515080.1651
2026-03-26 05:35:00+00:00,639.44,639.86,639.03,639.2,876.75,2026-03-26 05:39:59.999000+00:00,560642.3976,2321,615.96,393876.5317
2026-03-26 05:40:00+00:00,639.2,639.6,637.03,637.32,5314.4,2026-03-26 05:44:59.999000+00:00,3390606.781,5550,1145.67,731228.1771
2026-03-26 05:45:00+00:00,637.33,637.73,636.36,637.23,5425.67,2026-03-26 05:49:59.999000+00:00,3456432.6097,6930,2931.33,1867588.1515
2026-03-26 05:50:00+00:00,637.22,637.22,635.21,635.34,4247.91,2026-03-26 05:54:59.999000+00:00,2701419.3575,6319,1372.27,872759.1957
2026-03-26 05:55:00+00:00,635.33,635.46,634.54,635.24,3786.73,2026-03-26 05:59:59.999000+00:00,2404456.0732,5840,2003.2,1272027.6428
2026-03-26 06:00:00+00:00,635.23,635.72,634.0,635.38,10491.62,2026-03-26 06:04:59.999000+00:00,6660523.0817,9970,4923.68,3126790.6585
2026-03-26 06:05:00+00:00,635.37,636.06,634.79,635.8,2770.92,2026-03-26 06:09:59.999000+00:00,1761056.9213,5395,1737.93,1104620.404
2026-03-26 06:10:00+00:00,635.8,635.81,634.73,635.38,4123.58,2026-03-26 06:14:59.999000+00:00,2619045.4048,5174,1441.78,915749.7174
2026-03-26 06:15:00+00:00,635.37,635.73,635.0,635.71,1658.82,2026-03-26 06:19:59.999000+00:00,1054002.1303,3917,869.71,552607.4278
2026-03-26 06:20:00+00:00,635.72,635.72,634.19,634.31,1879.23,2026-03-26 06:24:59.999000+00:00,1193364.6717,3738,664.4,421936.8223
2026-03-26 06:25:00+00:00,634.34,634.78,633.37,634.78,3204.8,2026-03-26 06:29:59.999000+00:00,2031959.4016,4539,1378.7,874268.1472
2026-03-26 06:30:00+00:00,634.78,635.15,634.44,634.54,1635.25,2026-03-26 06:34:59.999000+00:00,1038033.7095,3598,833.82,529296.7069
2026-03-26 06:35:00+00:00,634.54,634.78,634.28,634.53,969.95,2026-03-26 06:39:59.999000+00:00,615452.9805,2640,510.9,324176.6784
2026-03-26 06:40:00+00:00,634.52,634.78,634.28,634.44,738.68,2026-03-26 06:44:59.999000+00:00,468664.6632,2139,399.87,253703.2372
2026-03-26 06:45:00+00:00,634.44,635.09,634.28,635.08,989.21,2026-03-26 06:49:59.999000+00:00,627805.8664,2173,678.33,430519.1392
2026-03-26 06:50:00+00:00,635.09,635.34,634.82,635.07,1233.5,2026-03-26 06:54:59.999000+00:00,783413.7009,2267,587.74,373288.6796
2026-03-26 06:55:00+00:00,635.08,635.64,635.08,635.27,1262.85,2026-03-26 06:59:59.999000+00:00,802411.6234,2139,780.56,495962.5444
2026-03-26 07:00:00+00:00,635.27,635.9,634.88,635.51,1396.22,2026-03-26 07:04:59.999000+00:00,886999.2107,2866,724.01,459997.7436
2026-03-26 07:05:00+00:00,635.51,635.51,634.5,635.37,1745.23,2026-03-26 07:09:59.999000+00:00,1108050.9951,3100,1009.0,640588.3799
2026-03-26 07:10:00+00:00,635.38,635.45,634.68,634.68,850.18,2026-03-26 07:14:59.999000+00:00,539853.8534,1826,306.28,194497.8045
2026-03-26 07:15:00+00:00,634.69,635.16,634.67,634.93,524.39,2026-03-26 07:19:59.999000+00:00,332935.675,1541,291.86,185293.4763
2026-03-26 07:20:00+00:00,634.93,635.65,633.85,635.15,2310.46,2026-03-26 07:24:59.999000+00:00,1466493.1851,4287,949.87,603015.0987
2026-03-26 07:25:00+00:00,635.14,635.3,634.56,634.78,1302.67,2026-03-26 07:29:59.999000+00:00,827287.9964,2063,334.92,212666.0512
2026-03-26 07:30:00+00:00,634.78,635.05,634.09,634.93,3367.88,2026-03-26 07:34:59.999000+00:00,2137418.6249,4081,2109.68,1338888.2206
2026-03-26 07:35:00+00:00,634.93,635.39,634.74,635.38,1460.45,2026-03-26 07:39:59.999000+00:00,927631.1873,2338,337.57,214389.9008
2026-03-26 07:40:00+00:00,635.38,635.8,635.01,635.2,1069.19,2026-03-26 07:44:59.999000+00:00,679385.5147,2165,416.62,264744.6051
2026-03-26 07:45:00+00:00,635.19,635.58,635.13,635.51,640.88,2026-03-26 07:49:59.999000+00:00,407209.4281,1856,409.49,260190.6619
2026-03-26 07:50:00+00:00,635.52,635.81,635.37,635.79,1568.34,2026-03-26 07:54:59.999000+00:00,996876.994,2025,925.81,588469.8103
2026-03-26 07:55:00+00:00,635.79,635.8,635.34,635.39,609.63,2026-03-26 07:59:59.999000+00:00,387440.0492,1131,214.61,136380.1583
2026-03-26 08:00:00+00:00,635.39,635.43,634.58,634.93,2982.91,2026-03-26 08:04:59.999000+00:00,1894162.6808,3842,1327.51,843003.0597
2026-03-26 08:05:00+00:00,634.92,635.44,634.46,634.57,1956.29,2026-03-26 08:09:59.999000+00:00,1241941.2312,3636,713.24,452863.7739
2026-03-26 08:10:00+00:00,634.57,634.59,633.44,633.53,1894.42,2026-03-26 08:14:59.999000+00:00,1200910.5405,3175,876.43,555533.7501
2026-03-26 08:15:00+00:00,633.54,633.93,633.19,633.43,3016.13,2026-03-26 08:19:59.999000+00:00,1911095.224,3593,939.2,595113.1498
2026-03-26 08:20:00+00:00,633.43,633.79,632.99,633.2,1139.48,2026-03-26 08:24:59.999000+00:00,721491.582,2322,493.89,312757.9317
2026-03-26 08:25:00+00:00,633.2,633.43,632.95,632.96,1082.78,2026-03-26 08:29:59.999000+00:00,685529.4293,2228,375.98,238056.7445
2026-03-26 08:30:00+00:00,632.95,633.35,632.71,633.25,1197.08,2026-03-26 08:34:59.999000+00:00,757772.5308,1832,674.3,426877.8849
2026-03-26 08:35:00+00:00,633.26,633.61,632.8,632.91,976.05,2026-03-26 08:39:59.999000+00:00,618092.7291,2218,517.68,327856.1865
2026-03-26 08:40:00+00:00,632.91,633.28,632.48,633.07,1474.52,2026-03-26 08:44:59.999000+00:00,933165.7267,3346,806.91,510659.4055
2026-03-26 08:45:00+00:00,633.07,633.92,632.9,633.3,1025.37,2026-03-26 08:49:59.999000+00:00,649499.3594,3130,624.13,395336.7367
2026-03-26 08:50:00+00:00,633.3,633.77,633.2,633.56,745.06,2026-03-26 08:54:59.999000+00:00,472042.2093,1986,487.42,308814.3242
2026-03-26 08:55:00+00:00,633.55,634.04,633.45,633.55,925.36,2026-03-26 08:59:59.999000+00:00,586395.2957,1880,607.04,384677.0769
2026-03-26 09:00:00+00:00,633.56,633.65,632.59,633.13,1685.35,2026-03-26 09:04:59.999000+00:00,1066754.5317,3439,865.45,547774.798
2026-03-26 09:05:00+00:00,633.12,633.86,632.95,633.63,1275.93,2026-03-26 09:09:59.999000+00:00,808353.3067,2835,700.33,443659.0751
2026-03-26 09:10:00+00:00,633.63,633.92,633.17,633.22,519.02,2026-03-26 09:14:59.999000+00:00,328860.8439,2086,247.48,156815.2271
2026-03-26 09:15:00+00:00,633.22,633.56,632.39,633.01,1754.32,2026-03-26 09:19:59.999000+00:00,1110585.3144,2609,1121.65,710236.563
2026-03-26 09:20:00+00:00,633.01,633.64,633.01,633.4,772.14,2026-03-26 09:24:59.999000+00:00,489009.341,1773,574.46,363811.571
2026-03-26 09:25:00+00:00,633.4,633.83,633.33,633.68,704.47,2026-03-26 09:29:59.999000+00:00,446303.0381,1455,315.1,199632.2979
2026-03-26 09:30:00+00:00,633.68,633.68,628.12,628.82,25390.46,2026-03-26 09:34:59.999000+00:00,15995522.8916,17836,7086.4,4463402.1033
2026-03-26 09:35:00+00:00,628.83,630.05,628.66,628.79,4043.68,2026-03-26 09:39:59.999000+00:00,2544668.5803,5779,2130.78,1340917.1066
2026-03-26 09:40:00+00:00,628.79,629.89,628.73,629.57,2290.23,2026-03-26 09:44:59.999000+00:00,1441336.7496,4077,1351.61,850643.2892
2026-03-26 09:45:00+00:00,629.57,629.76,629.14,629.23,1889.89,2026-03-26 09:49:59.999000+00:00,1189589.0691,3495,925.42,582521.7634
2026-03-26 09:50:00+00:00,629.23,630.28,629.23,630.04,1709.7,2026-03-26 09:54:59.999000+00:00,1077080.0411,3156,693.54,436879.8453
2026-03-26 09:55:00+00:00,630.04,630.23,629.95,629.96,679.33,2026-03-26 09:59:59.999000+00:00,428028.2045,1777,391.23,246501.8542
2026-03-26 10:00:00+00:00,629.95,630.05,629.23,629.25,1443.91,2026-03-26 10:04:59.999000+00:00,909190.8259,3473,682.86,429994.7057
2026-03-26 10:05:00+00:00,629.25,629.77,628.8,629.1,3001.88,2026-03-26 10:09:59.999000+00:00,1889630.0813,3320,2047.73,1289098.2545
2026-03-26 10:10:00+00:00,629.1,629.72,628.81,629.45,1298.03,2026-03-26 10:14:59.999000+00:00,816995.0717,2870,859.35,540883.6866
2026-03-26 10:15:00+00:00,629.46,630.62,629.46,630.33,2834.05,2026-03-26 10:19:59.999000+00:00,1786172.4069,3636,1998.63,1259661.892
2026-03-26 10:20:00+00:00,630.33,630.68,630.2,630.61,1018.6,2026-03-26 10:24:59.999000+00:00,642231.6147,2072,644.19,406169.3511
2026-03-26 10:25:00+00:00,630.62,631.53,630.61,631.39,3050.29,2026-03-26 10:29:59.999000+00:00,1925021.8929,2939,2315.09,1461030.0529
2026-03-26 10:30:00+00:00,631.39,631.53,631.03,631.24,1290.78,2026-03-26 10:34:59.999000+00:00,814798.1474,2527,730.64,461198.8055
2026-03-26 10:35:00+00:00,631.24,631.35,630.32,630.47,1031.72,2026-03-26 10:39:59.999000+00:00,651023.9242,2334,461.02,290924.6948
2026-03-26 10:40:00+00:00,630.47,630.81,630.28,630.67,821.65,2026-03-26 10:44:59.999000+00:00,518146.4268,2233,300.38,189421.9567
2026-03-26 10:45:00+00:00,630.67,631.08,630.53,630.85,518.18,2026-03-26 10:49:59.999000+00:00,326865.5108,2005,319.21,201349.783
2026-03-26 10:50:00+00:00,630.86,631.05,630.54,630.73,657.65,2026-03-26 10:54:59.999000+00:00,414806.8049,1559,297.94,187911.1446
2026-03-26 10:55:00+00:00,630.72,630.84,630.5,630.59,665.85,2026-03-26 10:59:59.999000+00:00,419902.7477,1509,262.64,165612.2813
2026-03-26 11:00:00+00:00,630.59,630.82,630.02,630.7,1937.58,2026-03-26 11:04:59.999000+00:00,1221284.4744,3638,589.42,371595.1338
2026-03-26 11:05:00+00:00,630.7,630.9,629.78,630.25,1036.98,2026-03-26 11:09:59.999000+00:00,653591.7143,2636,374.28,235877.863
2026-03-26 11:10:00+00:00,630.26,630.26,628.44,629.63,3787.43,2026-03-26 11:14:59.999000+00:00,2383207.2345,4540,1129.23,710504.7795
2026-03-26 11:15:00+00:00,629.62,629.94,629.43,629.61,513.47,2026-03-26 11:19:59.999000+00:00,323292.4691,1750,353.06,222296.7343
2026-03-26 11:20:00+00:00,629.6,629.78,628.71,628.78,1047.2,2026-03-26 11:24:59.999000+00:00,658878.0023,2616,380.31,239304.7595
2026-03-26 11:25:00+00:00,628.77,629.08,628.0,628.85,2781.6,2026-03-26 11:29:59.999000+00:00,1748308.0802,4551,1378.36,866398.7058
2026-03-26 11:30:00+00:00,628.85,629.51,628.68,628.82,1856.72,2026-03-26 11:34:59.999000+00:00,1168005.661,3562,929.79,584974.8233
2026-03-26 11:35:00+00:00,628.82,629.54,628.82,629.53,764.82,2026-03-26 11:39:59.999000+00:00,481192.1284,2130,470.86,296257.1611
2026-03-26 11:40:00+00:00,629.54,629.76,629.32,629.32,615.48,2026-03-26 11:44:59.999000+00:00,387485.4841,1388,287.36,180913.3536
2026-03-26 11:45:00+00:00,629.33,629.75,629.2,629.4,758.33,2026-03-26 11:49:59.999000+00:00,477385.9559,1606,521.24,328130.6191
2026-03-26 11:50:00+00:00,629.4,629.89,629.39,629.66,531.35,2026-03-26 11:54:59.999000+00:00,334546.3539,1276,323.59,203734.6986
2026-03-26 11:55:00+00:00,629.66,629.66,628.92,629.09,662.55,2026-03-26 11:59:59.999000+00:00,416921.8218,1516,289.13,181939.2391
2026-03-26 12:00:00+00:00,629.09,629.15,628.5,628.94,2018.94,2026-03-26 12:04:59.999000+00:00,1269417.3072,3539,768.23,483059.303
2026-03-26 12:05:00+00:00,628.93,629.17,628.3,628.92,881.75,2026-03-26 12:09:59.999000+00:00,554414.2533,2658,339.5,213466.4489
2026-03-26 12:10:00+00:00,628.92,629.35,628.92,629.08,612.78,2026-03-26 12:14:59.999000+00:00,385525.1427,1651,329.04,207001.9471
2026-03-26 12:15:00+00:00,629.08,629.46,629.0,629.26,849.02,2026-03-26 12:19:59.999000+00:00,534198.4905,1750,495.88,312011.4121
2026-03-26 12:20:00+00:00,629.27,629.65,629.22,629.42,613.01,2026-03-26 12:24:59.999000+00:00,385867.8827,1509,370.49,233204.0543
2026-03-26 12:25:00+00:00,629.42,629.52,629.13,629.47,743.65,2026-03-26 12:29:59.999000+00:00,468016.7756,1657,410.41,258281.6783
2026-03-26 12:30:00+00:00,629.47,629.86,629.0,629.0,867.9,2026-03-26 12:34:59.999000+00:00,546278.5104,2141,373.19,234924.181
2026-03-26 12:35:00+00:00,629.0,629.49,628.48,629.36,988.14,2026-03-26 12:39:59.999000+00:00,621473.6465,2081,403.45,253763.1234
2026-03-26 12:40:00+00:00,629.34,629.46,628.94,629.2,881.55,2026-03-26 12:44:59.999000+00:00,554644.851,2027,457.02,287527.9231
2026-03-26 12:45:00+00:00,629.21,629.76,629.19,629.36,682.1,2026-03-26 12:49:59.999000+00:00,429400.8439,1826,308.04,193905.4879
2026-03-26 12:50:00+00:00,629.37,629.61,629.17,629.46,857.17,2026-03-26 12:54:59.999000+00:00,539529.0476,1481,516.35,325006.3416
2026-03-26 12:55:00+00:00,629.46,629.64,629.4,629.5,568.47,2026-03-26 12:59:59.999000+00:00,357863.1782,1270,256.81,161665.7297
2026-03-26 13:00:00+00:00,629.5,629.8,629.32,629.73,906.46,2026-03-26 13:04:59.999000+00:00,570702.8384,2631,496.57,312635.9255
2026-03-26 13:05:00+00:00,629.73,630.3,629.53,630.13,1839.18,2026-03-26 13:09:59.999000+00:00,1158573.6473,3341,845.61,532740.3989
2026-03-26 13:10:00+00:00,630.13,630.43,629.78,630.3,1169.11,2026-03-26 13:14:59.999000+00:00,736671.665,2040,509.52,321085.8617
2026-03-26 13:15:00+00:00,630.31,630.52,630.21,630.22,1176.15,2026-03-26 13:19:59.999000+00:00,741412.296,1861,797.79,502903.6197
2026-03-26 13:20:00+00:00,630.21,630.46,630.03,630.24,1372.37,2026-03-26 13:24:59.999000+00:00,864902.0278,1873,806.03,507957.7416
2026-03-26 13:25:00+00:00,630.24,630.29,629.85,630.12,853.98,2026-03-26 13:29:59.999000+00:00,538057.82,1440,286.13,180285.0016
2026-03-26 13:30:00+00:00,630.12,630.42,629.3,629.3,1259.96,2026-03-26 13:34:59.999000+00:00,793585.6194,3867,571.37,359898.6856
2026-03-26 13:35:00+00:00,629.31,630.09,628.55,628.74,3064.15,2026-03-26 13:39:59.999000+00:00,1928164.1136,6337,1206.95,759505.4889
2026-03-26 13:40:00+00:00,628.73,630.64,628.61,630.63,1275.88,2026-03-26 13:44:59.999000+00:00,803154.94,3800,834.5,525447.5354
2026-03-26 13:45:00+00:00,630.63,632.24,630.63,631.18,8400.63,2026-03-26 13:49:59.999000+00:00,5305741.6275,9326,5182.85,3273424.0444
2026-03-26 13:50:00+00:00,631.18,632.58,630.99,631.91,3338.97,2026-03-26 13:54:59.999000+00:00,2110271.088,5897,2210.34,1396924.7805
2026-03-26 13:55:00+00:00,631.92,632.03,630.63,631.35,2747.6,2026-03-26 13:59:59.999000+00:00,1734474.266,4500,987.5,623358.9329
2026-03-26 14:00:00+00:00,631.36,631.67,630.94,631.49,1126.58,2026-03-26 14:04:59.999000+00:00,711218.5153,3516,456.76,288367.9089
2026-03-26 14:05:00+00:00,631.49,632.3,630.95,631.2,2199.31,2026-03-26 14:09:59.999000+00:00,1389256.2185,3816,1090.75,689104.8657
2026-03-26 14:10:00+00:00,631.2,631.37,630.53,631.22,1071.83,2026-03-26 14:14:59.999000+00:00,676192.9732,2916,538.02,339428.3811
2026-03-26 14:15:00+00:00,631.22,631.65,630.27,630.27,1170.3,2026-03-26 14:19:59.999000+00:00,738694.1993,3358,478.99,302391.9432
2026-03-26 14:20:00+00:00,630.27,630.77,629.82,630.39,1430.14,2026-03-26 14:24:59.999000+00:00,901258.5798,3133,659.64,415710.8781
2026-03-26 14:25:00+00:00,630.39,630.63,629.37,629.71,5045.92,2026-03-26 14:29:59.999000+00:00,3179048.9697,4181,1111.19,700106.2501
2026-03-26 14:30:00+00:00,629.71,630.99,629.71,630.88,1187.17,2026-03-26 14:34:59.999000+00:00,748450.3382,2812,779.89,491697.0074
2026-03-26 14:35:00+00:00,630.88,630.9,629.92,630.2,910.27,2026-03-26 14:39:59.999000+00:00,573782.2928,2867,448.45,282650.7809
2026-03-26 14:40:00+00:00,630.21,631.1,629.39,629.63,1978.61,2026-03-26 14:44:59.999000+00:00,1246549.2492,4495,1202.15,757397.4258
2026-03-26 14:45:00+00:00,629.62,629.91,629.09,629.46,1259.63,2026-03-26 14:49:59.999000+00:00,792830.3181,3502,787.42,495629.3382
2026-03-26 14:50:00+00:00,629.47,629.67,628.1,628.47,2533.63,2026-03-26 14:54:59.999000+00:00,1593289.483,3958,1092.11,686731.3263
2026-03-26 14:55:00+00:00,628.47,630.05,628.05,629.53,1578.5,2026-03-26 14:59:59.999000+00:00,993374.1783,3982,955.57,601393.3796
2026-03-26 15:00:00+00:00,629.53,629.62,628.88,628.88,853.64,2026-03-26 15:04:59.999000+00:00,537181.8968,2778,466.26,293406.0659
2026-03-26 15:05:00+00:00,628.88,629.44,627.38,627.86,2108.81,2026-03-26 15:09:59.999000+00:00,1324874.2344,5125,797.27,500956.2766
2026-03-26 15:10:00+00:00,627.86,628.18,626.12,626.4,3783.74,2026-03-26 15:14:59.999000+00:00,2372608.2831,6072,1426.93,894811.5873
2026-03-26 15:15:00+00:00,626.4,627.38,625.0,627.0,8718.13,2026-03-26 15:19:59.999000+00:00,5459219.3756,10729,4362.14,2732238.6644
2026-03-26 15:20:00+00:00,626.99,627.99,626.87,627.91,1590.67,2026-03-26 15:24:59.999000+00:00,998127.7335,3603,994.39,623996.3727
2026-03-26 15:25:00+00:00,627.9,628.38,627.76,627.77,1987.03,2026-03-26 15:29:59.999000+00:00,1248025.1071,3286,1117.38,701831.3195
2026-03-26 15:30:00+00:00,627.77,627.96,627.36,627.65,1015.11,2026-03-26 15:34:59.999000+00:00,637193.2722,2779,592.91,372185.117
2026-03-26 15:35:00+00:00,627.65,627.75,627.13,627.48,1388.81,2026-03-26 15:39:59.999000+00:00,871355.7111,3016,613.39,384869.6687
2026-03-26 15:40:00+00:00,627.49,627.84,627.18,627.43,1104.6,2026-03-26 15:44:59.999000+00:00,693078.2403,2614,570.25,357804.5785
2026-03-26 15:45:00+00:00,627.44,628.27,627.36,627.73,1721.72,2026-03-26 15:49:59.999000+00:00,1080940.7108,3805,997.67,626349.5563
2026-03-26 15:50:00+00:00,627.73,628.5,627.58,628.0,2061.59,2026-03-26 15:54:59.999000+00:00,1294906.8142,2769,1081.37,679197.7074
2026-03-26 15:55:00+00:00,628.0,628.0,626.68,626.79,1327.92,2026-03-26 15:59:59.999000+00:00,832884.3698,2347,633.44,397241.4591
2026-03-26 16:00:00+00:00,626.78,627.07,626.45,626.8,1909.42,2026-03-26 16:04:59.999000+00:00,1196606.922,3526,953.91,597815.508
2026-03-26 16:05:00+00:00,626.8,627.41,626.8,627.05,1524.86,2026-03-26 16:09:59.999000+00:00,956350.0634,3067,948.66,594972.4993
2026-03-26 16:10:00+00:00,627.05,627.24,626.59,626.82,971.49,2026-03-26 16:14:59.999000+00:00,608996.7503,2717,554.15,347371.9293
2026-03-26 16:15:00+00:00,626.81,626.95,625.82,626.86,3086.8,2026-03-26 16:19:59.999000+00:00,1933446.8798,3987,1316.08,824379.573
2026-03-26 16:20:00+00:00,626.86,627.1,626.23,627.07,1471.68,2026-03-26 16:24:59.999000+00:00,922332.365,2609,1005.81,630349.355
2026-03-26 16:25:00+00:00,627.07,627.08,626.1,626.11,1286.39,2026-03-26 16:29:59.999000+00:00,805962.4722,2582,825.27,517078.3723
2026-03-26 16:30:00+00:00,626.11,627.04,625.89,627.03,1942.36,2026-03-26 16:34:59.999000+00:00,1216647.7325,2959,1136.1,711794.9254
2026-03-26 16:35:00+00:00,627.04,627.38,626.61,626.72,1220.3,2026-03-26 16:39:59.999000+00:00,765057.8233,2339,631.94,396225.5935
2026-03-26 16:40:00+00:00,626.72,627.38,626.64,627.37,505.34,2026-03-26 16:44:59.999000+00:00,316868.4362,1537,378.56,237387.9841
2026-03-26 16:45:00+00:00,627.37,627.5,626.8,627.31,683.74,2026-03-26 16:49:59.999000+00:00,428876.1308,2332,369.15,231550.1061
2026-03-26 16:50:00+00:00,627.3,627.36,626.86,627.25,985.35,2026-03-26 16:54:59.999000+00:00,617968.4119,1436,331.35,207795.4473
2026-03-26 16:55:00+00:00,627.24,627.29,626.91,626.95,788.72,2026-03-26 16:59:59.999000+00:00,494562.6649,1303,230.59,144596.4279
2026-03-26 17:00:00+00:00,626.95,627.96,626.71,627.9,1705.38,2026-03-26 17:04:59.999000+00:00,1070015.3131,3159,1031.48,647166.8906
2026-03-26 17:05:00+00:00,627.91,628.3,627.85,628.25,1684.32,2026-03-26 17:09:59.999000+00:00,1057844.6521,2745,647.75,406807.6741
2026-03-26 17:10:00+00:00,628.25,628.3,627.81,627.99,1005.48,2026-03-26 17:14:59.999000+00:00,631529.3253,2047,444.77,279338.8372
2026-03-26 17:15:00+00:00,627.99,628.39,627.95,628.27,605.61,2026-03-26 17:19:59.999000+00:00,380433.9116,1575,380.28,238882.7065
2026-03-26 17:20:00+00:00,628.27,628.35,628.0,628.03,691.01,2026-03-26 17:24:59.999000+00:00,434094.0004,1446,336.71,211518.645
2026-03-26 17:25:00+00:00,628.02,628.43,627.84,628.42,1075.58,2026-03-26 17:29:59.999000+00:00,675558.6342,1465,682.94,428986.072
2026-03-26 17:30:00+00:00,628.43,628.76,628.25,628.66,1518.51,2026-03-26 17:34:59.999000+00:00,954485.8472,2078,915.77,575637.1004
2026-03-26 17:35:00+00:00,628.67,628.7,627.93,627.98,731.82,2026-03-26 17:39:59.999000+00:00,459709.3479,1545,323.32,203094.8595
2026-03-26 17:40:00+00:00,627.98,627.98,627.61,627.9,720.26,2026-03-26 17:44:59.999000+00:00,452126.2464,1335,269.76,169332.7856
2026-03-26 17:45:00+00:00,627.9,627.9,626.58,626.58,1338.67,2026-03-26 17:49:59.999000+00:00,839737.3054,2487,491.06,308078.5782
2026-03-26 17:50:00+00:00,626.58,626.88,626.13,626.75,1330.13,2026-03-26 17:54:59.999000+00:00,833342.9118,2177,695.13,435508.1514
2026-03-26 17:55:00+00:00,626.76,626.86,624.47,625.58,6662.53,2026-03-26 17:59:59.999000+00:00,4166119.5581,7207,2669.25,1669404.4126
2026-03-26 18:00:00+00:00,625.58,626.36,624.95,625.05,3008.31,2026-03-26 18:04:59.999000+00:00,1882295.9143,5635,1530.96,958157.5115
2026-03-26 18:05:00+00:00,625.06,625.87,624.17,625.58,3026.87,2026-03-26 18:09:59.999000+00:00,1892087.7721,5068,1353.84,846338.8124
2026-03-26 18:10:00+00:00,625.59,625.65,625.08,625.58,953.85,2026-03-26 18:14:59.999000+00:00,596542.6713,3002,429.02,268318.3491
2026-03-26 18:15:00+00:00,625.57,625.57,623.96,624.01,4109.49,2026-03-26 18:19:59.999000+00:00,2565669.4542,5080,1112.14,694492.6229
2026-03-26 18:20:00+00:00,624.01,624.44,623.28,623.9,5236.76,2026-03-26 18:24:59.999000+00:00,3266426.2244,7573,1369.2,854098.7638
2026-03-26 18:25:00+00:00,623.9,623.91,622.63,623.0,4250.52,2026-03-26 18:29:59.999000+00:00,2648587.712,5881,1233.54,768703.1368
2026-03-26 18:30:00+00:00,623.01,623.93,623.01,623.75,2240.9,2026-03-26 18:34:59.999000+00:00,1397134.3168,3860,1497.06,933421.1364
2026-03-26 18:35:00+00:00,623.76,624.23,623.58,624.21,1431.53,2026-03-26 18:39:59.999000+00:00,893048.6688,3130,553.24,345172.3001
2026-03-26 18:40:00+00:00,624.21,624.6,624.09,624.48,1754.74,2026-03-26 18:44:59.999000+00:00,1095614.51,2757,599.78,374505.4073
2026-03-26 18:45:00+00:00,624.47,625.28,624.27,625.03,1080.06,2026-03-26 18:49:59.999000+00:00,674900.1526,2765,767.69,479709.9213
2026-03-26 18:50:00+00:00,625.03,625.38,624.86,625.38,564.36,2026-03-26 18:54:59.999000+00:00,352820.3817,1817,368.95,230664.611
2026-03-26 18:55:00+00:00,625.37,625.55,625.17,625.48,943.26,2026-03-26 18:59:59.999000+00:00,589922.685,1686,509.53,318663.9007
2026-03-26 19:00:00+00:00,625.49,625.53,624.98,625.32,741.96,2026-03-26 19:04:59.999000+00:00,463950.6877,2105,309.7,193653.376
2026-03-26 19:05:00+00:00,625.32,625.8,625.03,625.69,928.36,2026-03-26 19:09:59.999000+00:00,580530.3156,2246,574.23,359085.7855
2026-03-26 19:10:00+00:00,625.69,625.76,625.38,625.47,594.24,2026-03-26 19:14:59.999000+00:00,371732.5729,1548,223.02,139503.1706
2026-03-26 19:15:00+00:00,625.48,625.88,625.45,625.69,827.38,2026-03-26 19:19:59.999000+00:00,517614.5751,1651,388.96,243341.1694
2026-03-26 19:20:00+00:00,625.69,625.71,625.47,625.49,731.55,2026-03-26 19:24:59.999000+00:00,457662.5776,1178,338.17,211559.4913
2026-03-26 19:25:00+00:00,625.5,625.5,624.74,625.05,852.29,2026-03-26 19:29:59.999000+00:00,532692.6025,1695,397.47,248393.7075
2026-03-26 19:30:00+00:00,625.06,625.22,624.68,625.05,587.22,2026-03-26 19:34:59.999000+00:00,366950.3492,1863,324.31,202656.5118
2026-03-26 19:35:00+00:00,625.05,626.27,625.05,626.05,1143.36,2026-03-26 19:39:59.999000+00:00,715467.2585,2382,716.43,448277.8109
2026-03-26 19:40:00+00:00,626.05,626.37,626.05,626.29,939.13,2026-03-26 19:44:59.999000+00:00,588154.8651,1197,473.69,296641.1097
2026-03-26 19:45:00+00:00,626.3,626.44,626.08,626.36,652.58,2026-03-26 19:49:59.999000+00:00,408742.4309,1259,381.19,238758.8198
2026-03-26 19:50:00+00:00,626.37,626.44,625.75,626.09,807.07,2026-03-26 19:54:59.999000+00:00,505260.53,1503,384.63,240796.3148
2026-03-26 19:55:00+00:00,626.09,626.25,625.32,625.35,830.97,2026-03-26 19:59:59.999000+00:00,520015.9499,1586,285.43,178605.5533
2026-03-26 20:00:00+00:00,625.35,625.45,625.05,625.26,627.94,2026-03-26 20:04:59.999000+00:00,392660.7761,1833,259.54,162298.2976
2026-03-26 20:05:00+00:00,625.27,625.54,625.0,625.53,429.1,2026-03-26 20:09:59.999000+00:00,268242.6856,1679,182.5,114092.3239
2026-03-26 20:10:00+00:00,625.53,631.22,625.53,629.82,19101.79,2026-03-26 20:14:59.999000+00:00,12026617.7972,19393,11020.45,6937792.1244
2026-03-26 20:15:00+00:00,629.83,630.9,629.51,630.37,2997.83,2026-03-26 20:19:59.999000+00:00,1889280.145,6516,1688.18,1063955.2385
2026-03-26 20:20:00+00:00,630.37,631.26,629.79,630.81,1957.95,2026-03-26 20:24:59.999000+00:00,1234504.0617,4577,1028.93,648789.2954
2026-03-26 20:25:00+00:00,630.81,630.82,629.7,630.43,1773.54,2026-03-26 20:29:59.999000+00:00,1117579.1175,3326,885.67,558067.2873
2026-03-26 20:30:00+00:00,630.44,631.26,630.42,630.65,1340.22,2026-03-26 20:34:59.999000+00:00,845485.5884,2739,918.07,579144.2218
2026-03-26 20:35:00+00:00,630.65,631.26,630.65,631.15,722.91,2026-03-26 20:39:59.999000+00:00,456142.9914,1597,391.09,246763.6894
2026-03-26 20:40:00+00:00,631.15,631.19,630.47,630.74,704.65,2026-03-26 20:44:59.999000+00:00,444471.6791,1639,311.7,196606.6661
2026-03-26 20:45:00+00:00,630.74,631.06,630.52,630.74,641.94,2026-03-26 20:49:59.999000+00:00,404920.662,1516,429.88,271146.4911
2026-03-26 20:50:00+00:00,630.74,630.74,629.55,629.62,1047.8,2026-03-26 20:54:59.999000+00:00,660282.5783,1951,344.55,217052.4947
2026-03-26 20:55:00+00:00,629.61,629.74,629.49,629.74,876.18,2026-03-26 20:59:59.999000+00:00,551642.3045,1524,322.98,203347.5232
2026-03-26 21:00:00+00:00,629.73,629.73,629.14,629.34,991.79,2026-03-26 21:04:59.999000+00:00,624231.4551,2363,444.23,279576.8227
2026-03-26 21:05:00+00:00,629.34,629.45,628.81,628.95,846.79,2026-03-26 21:09:59.999000+00:00,532743.9296,2409,367.53,231215.9281
2026-03-26 21:10:00+00:00,628.95,629.13,628.7,628.98,1421.45,2026-03-26 21:14:59.999000+00:00,893972.4822,1678,839.28,527812.6703
2026-03-26 21:15:00+00:00,628.98,629.12,628.42,629.12,1294.11,2026-03-26 21:19:59.999000+00:00,813699.0497,1735,754.96,474657.3259
2026-03-26 21:20:00+00:00,629.12,630.85,629.12,630.35,2532.06,2026-03-26 21:24:59.999000+00:00,1595436.58,2912,1344.97,847235.834
2026-03-26 21:25:00+00:00,630.36,630.92,630.21,630.89,1413.04,2026-03-26 21:29:59.999000+00:00,890961.0358,1989,1047.73,660649.9853
2026-03-26 21:30:00+00:00,630.9,631.34,630.52,631.02,2165.33,2026-03-26 21:34:59.999000+00:00,1366137.7018,2286,1005.52,634466.7147
2026-03-26 21:35:00+00:00,631.01,631.1,630.32,630.67,1463.9,2026-03-26 21:39:59.999000+00:00,923329.2563,1711,289.82,182841.8135
2026-03-26 21:40:00+00:00,630.67,631.12,630.63,630.78,741.4,2026-03-26 21:44:59.999000+00:00,467680.3932,1431,439.06,276945.1162
2026-03-26 21:45:00+00:00,630.79,631.33,630.76,631.27,659.19,2026-03-26 21:49:59.999000+00:00,415972.6361,1384,498.43,314526.5751
2026-03-26 21:50:00+00:00,631.27,631.27,630.52,630.75,519.17,2026-03-26 21:54:59.999000+00:00,327501.1337,1337,212.11,133775.5587
2026-03-26 21:55:00+00:00,630.75,631.21,630.36,630.64,717.55,2026-03-26 21:59:59.999000+00:00,452667.8467,1721,287.5,181349.2236
2026-03-26 22:00:00+00:00,630.64,631.13,630.16,630.67,810.35,2026-03-26 22:04:59.999000+00:00,511034.6056,2919,425.57,268376.1085
2026-03-26 22:05:00+00:00,630.68,631.12,630.12,630.44,940.54,2026-03-26 22:09:59.999000+00:00,593092.4251,2391,603.47,380521.9285
2026-03-26 22:10:00+00:00,630.44,631.16,630.24,630.66,767.07,2026-03-26 22:14:59.999000+00:00,483847.8814,2088,350.42,221031.3237
2026-03-26 22:15:00+00:00,630.67,630.77,630.18,630.22,332.8,2026-03-26 22:19:59.999000+00:00,209839.1328,1110,122.67,77354.0176
2026-03-26 22:20:00+00:00,630.21,630.29,628.48,629.14,1527.93,2026-03-26 22:24:59.999000+00:00,961723.1037,2810,395.08,248638.7714
2026-03-26 22:25:00+00:00,629.14,629.46,627.82,628.73,1751.28,2026-03-26 22:29:59.999000+00:00,1101102.1881,4279,781.38,491234.2827
2026-03-26 22:30:00+00:00,628.72,629.14,628.4,629.05,597.53,2026-03-26 22:34:59.999000+00:00,375685.2499,2239,297.55,187091.8045
2026-03-26 22:35:00+00:00,629.05,629.12,628.75,628.96,290.13,2026-03-26 22:39:59.999000+00:00,182482.2958,1433,75.03,47186.9533
2026-03-26 22:40:00+00:00,628.96,629.3,628.94,629.17,364.64,2026-03-26 22:44:59.999000+00:00,229417.5585,1194,216.93,136484.2884
2026-03-26 22:45:00+00:00,629.18,629.37,629.01,629.26,287.94,2026-03-26 22:49:59.999000+00:00,181184.6716,1080,140.27,88261.1348
2026-03-26 22:50:00+00:00,629.26,629.51,629.01,629.51,427.26,2026-03-26 22:54:59.999000+00:00,268887.2144,1176,238.61,150158.779
2026-03-26 22:55:00+00:00,629.5,629.63,629.27,629.63,397.15,2026-03-26 22:59:59.999000+00:00,249984.1682,937,191.43,120492.4811
2026-03-26 23:00:00+00:00,629.63,630.44,629.63,630.17,983.75,2026-03-26 23:04:59.999000+00:00,619874.5577,2175,585.62,369000.9921
2026-03-26 23:05:00+00:00,630.17,630.19,629.24,629.24,696.03,2026-03-26 23:09:59.999000+00:00,438338.9903,1783,222.8,140324.7076
2026-03-26 23:10:00+00:00,629.24,629.3,628.76,628.77,1156.56,2026-03-26 23:14:59.999000+00:00,727575.823,1624,606.74,381671.7179
2026-03-26 23:15:00+00:00,628.77,629.4,628.7,629.34,1086.12,2026-03-26 23:19:59.999000+00:00,683163.9037,1799,694.62,436859.0473
2026-03-26 23:20:00+00:00,629.35,629.35,628.09,628.18,978.28,2026-03-26 23:24:59.999000+00:00,614911.4657,2031,324.92,204219.7428
2026-03-26 23:25:00+00:00,628.18,628.25,627.53,628.25,1740.7,2026-03-26 23:29:59.999000+00:00,1092885.0009,2060,1085.5,681529.5868
2026-03-26 23:30:00+00:00,628.24,628.25,627.67,628.18,1207.9,2026-03-26 23:34:59.999000+00:00,758537.238,2173,600.02,376790.9711
2026-03-26 23:35:00+00:00,628.19,628.77,628.09,628.09,962.16,2026-03-26 23:39:59.999000+00:00,604666.0039,1923,512.91,322329.1254
2026-03-26 23:40:00+00:00,628.1,628.79,628.1,628.79,432.67,2026-03-26 23:44:59.999000+00:00,271926.7679,1092,296.41,186289.197
2026-03-26 23:45:00+00:00,628.78,629.19,628.69,629.19,402.07,2026-03-26 23:49:59.999000+00:00,252850.3945,1027,212.98,133951.129
2026-03-26 23:50:00+00:00,629.19,629.59,629.18,629.37,290.47,2026-03-26 23:54:59.999000+00:00,182823.4356,963,151.41,95293.706
2026-03-26 23:55:00+00:00,629.36,629.36,628.7,628.75,563.11,2026-03-26 23:59:59.999000+00:00,354253.7703,1038,100.09,62962.0359
2026-03-27 00:00:00+00:00,628.75,628.76,628.13,628.2,1677.5,2026-03-27 00:04:59.999000+00:00,1054095.8815,3277,386.0,242533.6704
2026-03-27 00:05:00+00:00,628.2,629.54,628.2,629.51,1035.39,2026-03-27 00:09:59.999000+00:00,651010.1836,2570,681.33,428390.6348
2026-03-27 00:10:00+00:00,629.51,629.65,629.06,629.08,977.67,2026-03-27 00:14:59.999000+00:00,615251.6448,1988,386.6,243265.5251
2026-03-27 00:15:00+00:00,629.08,629.3,628.65,628.99,668.85,2026-03-27 00:19:59.999000+00:00,420712.0751,1915,260.88,164096.2279
2026-03-27 00:20:00+00:00,629.0,629.2,627.9,628.64,907.64,2026-03-27 00:24:59.999000+00:00,570409.7064,2687,578.59,363583.1916
2026-03-27 00:25:00+00:00,628.64,628.77,628.19,628.2,681.59,2026-03-27 00:29:59.999000+00:00,428396.8552,1912,286.45,180051.2136
2026-03-27 00:30:00+00:00,628.2,628.77,628.05,628.67,966.62,2026-03-27 00:34:59.999000+00:00,607441.5123,2346,453.04,284681.8178
2026-03-27 00:35:00+00:00,628.63,628.75,627.26,628.01,1411.84,2026-03-27 00:39:59.999000+00:00,886404.4472,2695,645.09,404966.2025
2026-03-27 00:40:00+00:00,628.01,629.04,627.89,628.5,1065.01,2026-03-27 00:44:59.999000+00:00,669350.098,2379,679.93,427287.8652
2026-03-27 00:45:00+00:00,628.49,628.49,627.82,628.14,572.85,2026-03-27 00:49:59.999000+00:00,359821.5592,1682,296.31,186115.2973
2026-03-27 00:50:00+00:00,628.15,629.11,628.15,628.77,506.54,2026-03-27 00:54:59.999000+00:00,318449.1163,1540,359.92,226263.3326
2026-03-27 00:55:00+00:00,628.77,629.11,628.77,629.0,305.81,2026-03-27 00:59:59.999000+00:00,192339.4086,944,157.59,99111.0426
2026-03-27 01:00:00+00:00,629.0,629.69,629.0,629.12,1043.39,2026-03-27 01:04:59.999000+00:00,656712.8177,2235,443.51,279133.3067
2026-03-27 01:05:00+00:00,629.13,629.23,628.41,629.17,987.67,2026-03-27 01:09:59.999000+00:00,621194.179,1902,639.01,401931.1626
2026-03-27 01:10:00+00:00,629.17,630.2,629.17,629.74,2721.12,2026-03-27 01:14:59.999000+00:00,1713835.4203,2958,2058.56,1296561.3889
2026-03-27 01:15:00+00:00,629.75,630.37,629.66,629.93,1333.07,2026-03-27 01:19:59.999000+00:00,839931.3716,2266,835.67,526570.4454
2026-03-27 01:20:00+00:00,629.93,630.3,629.76,630.27,648.61,2026-03-27 01:24:59.999000+00:00,408614.4271,1832,314.51,198144.613
2026-03-27 01:25:00+00:00,630.26,630.55,630.15,630.4,805.85,2026-03-27 01:29:59.999000+00:00,508012.4363,1720,572.03,360604.2469
2026-03-27 01:30:00+00:00,630.41,630.91,630.36,630.38,590.31,2026-03-27 01:34:59.999000+00:00,372242.8612,1763,275.11,173474.0776
2026-03-27 01:35:00+00:00,630.37,630.47,629.97,630.08,720.74,2026-03-27 01:39:59.999000+00:00,454232.1157,1714,276.9,174511.7425
2026-03-27 01:40:00+00:00,630.07,630.26,629.92,630.22,288.45,2026-03-27 01:44:59.999000+00:00,181751.6287,1100,126.59,79763.4018
2026-03-27 01:45:00+00:00,630.22,630.91,630.14,630.82,610.09,2026-03-27 01:49:59.999000+00:00,384652.8727,1665,351.78,221781.6857
2026-03-27 01:50:00+00:00,630.82,630.99,630.37,630.99,836.56,2026-03-27 01:54:59.999000+00:00,527670.5723,1653,426.14,268783.2494
2026-03-27 01:55:00+00:00,630.99,631.5,630.99,631.29,1469.17,2026-03-27 01:59:59.999000+00:00,927420.8572,2863,978.51,617697.2802
2026-03-27 02:00:00+00:00,631.3,631.79,631.29,631.59,2292.79,2026-03-27 02:04:59.999000+00:00,1447999.0172,3112,1391.64,878903.6055
2026-03-27 02:05:00+00:00,631.58,631.58,631.13,631.5,863.79,2026-03-27 02:09:59.999000+00:00,545303.5001,1782,464.63,293316.4976
2026-03-27 02:10:00+00:00,631.5,631.85,630.91,630.93,561.61,2026-03-27 02:14:59.999000+00:00,354607.196,1736,250.6,158260.5275
2026-03-27 02:15:00+00:00,630.92,630.94,630.51,630.58,479.05,2026-03-27 02:19:59.999000+00:00,302121.4898,1435,134.5,84822.9712
2026-03-27 02:20:00+00:00,630.59,630.79,630.44,630.5,678.52,2026-03-27 02:24:59.999000+00:00,427873.9013,1202,351.8,221852.5079
2026-03-27 02:25:00+00:00,630.5,630.94,630.44,630.93,309.87,2026-03-27 02:29:59.999000+00:00,195418.1739,1026,175.57,110719.2273
2026-03-27 02:30:00+00:00,630.93,631.63,630.86,630.97,962.77,2026-03-27 02:34:59.999000+00:00,607746.9408,1846,471.62,297702.1233
2026-03-27 02:35:00+00:00,630.99,631.09,630.58,630.58,295.55,2026-03-27 02:39:59.999000+00:00,186453.8025,1072,164.81,103979.3804
2026-03-27 02:40:00+00:00,630.57,630.57,630.0,630.42,1220.23,2026-03-27 02:44:59.999000+00:00,769176.9136,1702,629.2,396583.2213
2026-03-27 02:45:00+00:00,630.41,630.66,630.38,630.48,639.05,2026-03-27 02:49:59.999000+00:00,402932.6088,1085,429.46,270776.3755
2026-03-27 02:50:00+00:00,630.49,630.85,630.49,630.84,385.4,2026-03-27 02:54:59.999000+00:00,243054.23,951,251.73,158752.1746
2026-03-27 02:55:00+00:00,630.84,630.84,630.14,630.28,354.99,2026-03-27 02:59:59.999000+00:00,223820.2709,1006,81.26,51229.4871
2026-03-27 03:00:00+00:00,630.28,630.5,630.0,630.0,752.24,2026-03-27 03:04:59.999000+00:00,474082.1318,1725,427.44,269383.9008
2026-03-27 03:05:00+00:00,630.0,630.01,628.78,629.12,2048.45,2026-03-27 03:09:59.999000+00:00,1289148.7248,3070,579.64,364682.2108
2026-03-27 03:10:00+00:00,629.12,629.38,628.71,629.0,1066.26,2026-03-27 03:14:59.999000+00:00,670737.1938,2002,532.2,334783.8582
2026-03-27 03:15:00+00:00,629.01,629.17,628.83,628.87,684.32,2026-03-27 03:19:59.999000+00:00,430432.0827,1320,222.44,139908.1606
2026-03-27 03:20:00+00:00,628.87,628.88,628.0,628.1,969.42,2026-03-27 03:24:59.999000+00:00,609190.7012,2062,511.9,321645.7688
2026-03-27 03:25:00+00:00,628.1,628.74,628.1,628.67,422.94,2026-03-27 03:29:59.999000+00:00,265811.9299,1165,211.33,132817.5908
2026-03-27 03:30:00+00:00,628.67,628.83,628.54,628.83,387.96,2026-03-27 03:34:59.999000+00:00,243908.9889,1249,196.93,123810.1218
2026-03-27 03:35:00+00:00,628.83,629.29,628.36,628.81,807.27,2026-03-27 03:39:59.999000+00:00,507658.1779,1936,394.39,248030.4602
2026-03-27 03:40:00+00:00,628.81,628.98,628.58,628.58,388.9,2026-03-27 03:44:59.999000+00:00,244567.939,1025,203.22,127800.4576
2026-03-27 03:45:00+00:00,628.58,628.59,628.29,628.46,317.23,2026-03-27 03:49:59.999000+00:00,199359.667,1075,112.67,70802.9103
2026-03-27 03:50:00+00:00,628.46,628.58,628.26,628.5,337.7,2026-03-27 03:54:59.999000+00:00,212218.7253,999,158.43,99559.7009
2026-03-27 03:55:00+00:00,628.49,628.49,628.1,628.29,428.55,2026-03-27 03:59:59.999000+00:00,269255.8397,1027,121.58,76386.2182
2026-03-27 04:00:00+00:00,628.28,628.29,625.32,626.37,7867.45,2026-03-27 04:04:59.999000+00:00,4928948.9226,9040,1952.11,1223068.2628
2026-03-27 04:05:00+00:00,626.37,626.55,624.73,625.22,2176.21,2026-03-27 04:09:59.999000+00:00,1361092.2283,4277,808.29,505591.6726
2026-03-27 04:10:00+00:00,625.23,625.79,625.03,625.7,1242.45,2026-03-27 04:14:59.999000+00:00,776975.9575,2739,581.81,363872.4129
2026-03-27 04:15:00+00:00,625.7,626.7,625.5,626.54,2841.98,2026-03-27 04:19:59.999000+00:00,1779162.2678,5333,1843.06,1153868.8887
2026-03-27 04:20:00+00:00,626.54,627.67,626.54,627.29,1695.16,2026-03-27 04:24:59.999000+00:00,1063241.7275,2681,1055.58,662078.857
2026-03-27 04:25:00+00:00,627.29,627.46,627.19,627.36,660.83,2026-03-27 04:29:59.999000+00:00,414553.7521,1350,306.04,191980.0089
2026-03-27 04:30:00+00:00,627.35,627.46,626.96,627.34,831.93,2026-03-27 04:34:59.999000+00:00,521783.9696,1939,321.28,201493.6629
2026-03-27 04:35:00+00:00,627.34,627.49,626.89,627.04,720.9,2026-03-27 04:39:59.999000+00:00,452164.1164,1395,183.66,115196.9518
2026-03-27 04:40:00+00:00,627.04,627.31,627.04,627.25,414.07,2026-03-27 04:44:59.999000+00:00,259697.3624,1102,142.17,89166.2382
2026-03-27 04:45:00+00:00,627.24,627.62,627.14,627.33,463.62,2026-03-27 04:49:59.999000+00:00,290845.6232,1198,211.02,132388.1177
2026-03-27 04:50:00+00:00,627.33,627.33,627.06,627.06,359.01,2026-03-27 04:54:59.999000+00:00,225151.3258,961,118.03,74021.5221
2026-03-27 04:55:00+00:00,627.06,627.37,627.06,627.14,389.99,2026-03-27 04:59:59.999000+00:00,244597.2941,1026,79.78,50038.9555
2026-03-27 05:00:00+00:00,627.14,627.15,626.86,627.05,430.97,2026-03-27 05:04:59.999000+00:00,270205.9092,1607,196.71,123324.8293
2026-03-27 05:05:00+00:00,627.05,629.06,627.03,628.87,2735.75,2026-03-27 05:09:59.999000+00:00,1718461.2926,4129,2278.13,1431112.7192
2026-03-27 05:10:00+00:00,628.87,629.53,628.69,629.4,1029.36,2026-03-27 05:14:59.999000+00:00,647482.23,2564,620.96,390596.7581
2026-03-27 05:15:00+00:00,629.39,629.88,629.19,629.22,820.33,2026-03-27 05:19:59.999000+00:00,516468.0979,1995,382.26,240657.1817
2026-03-27 05:20:00+00:00,629.22,629.22,628.38,628.49,656.0,2026-03-27 05:24:59.999000+00:00,412422.5022,1706,339.3,213303.3872
2026-03-27 05:25:00+00:00,628.5,628.5,627.61,627.82,799.3,2026-03-27 05:29:59.999000+00:00,501848.219,1828,176.73,110950.6371
2026-03-27 05:30:00+00:00,627.82,627.95,627.19,627.62,381.71,2026-03-27 05:34:59.999000+00:00,239532.0257,1576,128.91,80890.4177
2026-03-27 05:35:00+00:00,627.62,628.4,627.62,627.73,464.21,2026-03-27 05:39:59.999000+00:00,291518.7105,1729,233.67,146739.8447
2026-03-27 05:40:00+00:00,627.72,627.76,626.41,626.97,6394.94,2026-03-27 05:44:59.999000+00:00,4009988.1015,3032,3794.66,2379216.8035
2026-03-27 05:45:00+00:00,626.96,627.29,626.88,627.05,780.28,2026-03-27 05:49:59.999000+00:00,489319.2093,1287,457.89,287141.0042
2026-03-27 05:50:00+00:00,627.05,627.32,626.9,627.24,531.13,2026-03-27 05:54:59.999000+00:00,333095.9697,1404,331.57,207945.7816
2026-03-27 05:55:00+00:00,627.24,627.74,627.24,627.64,500.1,2026-03-27 05:59:59.999000+00:00,313867.4819,1337,187.64,117754.3549
2026-03-27 06:00:00+00:00,627.64,627.77,627.52,627.52,468.48,2026-03-27 06:04:59.999000+00:00,294037.1969,1323,167.56,105165.1928
2026-03-27 06:05:00+00:00,627.52,628.0,627.28,627.99,521.66,2026-03-27 06:09:59.999000+00:00,327475.0185,1435,291.97,183288.4391
2026-03-27 06:10:00+00:00,627.99,628.19,627.7,628.17,401.67,2026-03-27 06:14:59.999000+00:00,252250.5593,1298,161.05,101140.6208
2026-03-27 06:15:00+00:00,628.18,628.35,627.84,628.03,474.94,2026-03-27 06:19:59.999000+00:00,298309.1274,1351,148.97,93568.4287
2026-03-27 06:20:00+00:00,628.03,628.4,627.79,628.4,292.64,2026-03-27 06:24:59.999000+00:00,183780.2941,1043,174.92,109855.1298
2026-03-27 06:25:00+00:00,628.4,628.6,628.11,628.19,506.07,2026-03-27 06:29:59.999000+00:00,317982.0379,1409,196.66,123562.4987
2026-03-27 06:30:00+00:00,628.19,628.5,628.05,628.4,705.68,2026-03-27 06:34:59.999000+00:00,443357.8943,1551,311.0,195399.2811
2026-03-27 06:35:00+00:00,628.4,628.59,628.15,628.16,263.0,2026-03-27 06:39:59.999000+00:00,165262.8148,1005,132.62,83332.13
2026-03-27 06:40:00+00:00,628.15,628.27,627.9,628.05,309.33,2026-03-27 06:44:59.999000+00:00,194293.3022,919,94.19,59158.2576
2026-03-27 06:45:00+00:00,628.05,628.05,627.52,627.93,498.77,2026-03-27 06:49:59.999000+00:00,313131.5236,1471,236.11,148232.4854
2026-03-27 06:50:00+00:00,627.93,628.24,627.91,628.02,495.62,2026-03-27 06:54:59.999000+00:00,311259.5578,979,393.14,246897.1947
2026-03-27 06:55:00+00:00,628.01,628.2,627.81,627.92,318.91,2026-03-27 06:59:59.999000+00:00,200281.6911,851,168.18,105620.8221
2026-03-27 07:00:00+00:00,627.91,627.97,627.64,627.7,450.92,2026-03-27 07:04:59.999000+00:00,283103.8884,1244,200.89,126127.3756
2026-03-27 07:05:00+00:00,627.7,627.78,627.19,627.22,627.93,2026-03-27 07:09:59.999000+00:00,393999.2246,1497,297.84,186878.8852
2026-03-27 07:10:00+00:00,627.22,629.12,627.22,628.66,1167.7,2026-03-27 07:14:59.999000+00:00,733853.8569,2892,888.1,558092.4863
2026-03-27 07:15:00+00:00,628.66,629.41,628.46,629.1,790.97,2026-03-27 07:19:59.999000+00:00,497451.6475,1677,465.65,292856.9348
2026-03-27 07:20:00+00:00,629.1,629.47,629.08,629.08,521.2,2026-03-27 07:24:59.999000+00:00,327988.1317,1332,203.63,128149.7302
2026-03-27 07:25:00+00:00,629.08,629.41,629.08,629.4,344.87,2026-03-27 07:29:59.999000+00:00,217023.0073,983,180.41,113528.5835
2026-03-27 07:30:00+00:00,629.4,629.81,628.85,628.98,976.93,2026-03-27 07:34:59.999000+00:00,614872.2277,2069,465.09,292716.8521
2026-03-27 07:35:00+00:00,628.98,629.26,628.5,628.6,2155.99,2026-03-27 07:39:59.999000+00:00,1355609.5326,3105,695.39,437262.6186
2026-03-27 07:40:00+00:00,628.61,628.65,627.77,628.32,2394.03,2026-03-27 07:44:59.999000+00:00,1504175.7919,2880,1304.07,819371.0129
2026-03-27 07:45:00+00:00,628.33,628.71,628.24,628.68,1513.5,2026-03-27 07:49:59.999000+00:00,951264.152,1965,1252.39,787166.2509
2026-03-27 07:50:00+00:00,628.69,628.91,628.41,628.72,793.56,2026-03-27 07:54:59.999000+00:00,498911.6349,1616,424.97,267175.8768
2026-03-27 07:55:00+00:00,628.73,628.73,628.0,628.32,1386.7,2026-03-27 07:59:59.999000+00:00,871216.0956,2024,591.33,371504.703
2026-03-27 08:00:00+00:00,628.33,628.96,627.92,628.36,1391.82,2026-03-27 08:04:59.999000+00:00,874568.9987,3247,742.84,466775.4517
2026-03-27 08:05:00+00:00,628.35,628.38,627.53,627.69,649.06,2026-03-27 08:09:59.999000+00:00,407624.792,1886,255.79,160640.0957
2026-03-27 08:10:00+00:00,627.69,627.98,627.56,627.84,464.51,2026-03-27 08:14:59.999000+00:00,291610.6614,1456,269.66,169284.4461
2026-03-27 08:15:00+00:00,627.85,628.09,627.27,627.42,838.43,2026-03-27 08:19:59.999000+00:00,526232.4168,2288,410.15,257441.9419
2026-03-27 08:20:00+00:00,627.42,627.49,624.86,626.0,12631.81,2026-03-27 08:24:59.999000+00:00,7903221.3006,5239,5700.42,3564520.6372
2026-03-27 08:25:00+00:00,626.01,626.01,624.64,624.65,5890.32,2026-03-27 08:29:59.999000+00:00,3682468.0023,3288,3306.22,2066766.6141
2026-03-27 08:30:00+00:00,624.65,625.29,624.51,624.81,2020.89,2026-03-27 08:34:59.999000+00:00,1262953.2988,3589,1028.31,642606.6796
2026-03-27 08:35:00+00:00,624.81,624.81,618.3,619.04,27664.39,2026-03-27 08:39:59.999000+00:00,17168850.7457,28419,8963.92,5563944.0061
2026-03-27 08:40:00+00:00,619.04,619.85,617.44,619.66,9438.93,2026-03-27 08:44:59.999000+00:00,5837011.2877,10957,3296.07,2038992.6335
2026-03-27 08:45:00+00:00,619.66,620.39,619.42,620.19,3578.2,2026-03-27 08:49:59.999000+00:00,2218228.8677,5612,2073.11,1285296.6696
2026-03-27 08:50:00+00:00,620.19,621.38,620.1,620.55,3282.44,2026-03-27 08:54:59.999000+00:00,2037724.624,4931,2110.33,1310158.0669
2026-03-27 08:55:00+00:00,620.55,620.64,620.0,620.21,2154.11,2026-03-27 08:59:59.999000+00:00,1336311.332,3057,920.43,570999.6819
2026-03-27 09:00:00+00:00,620.21,620.47,619.1,619.33,3021.69,2026-03-27 09:04:59.999000+00:00,1872992.9764,5237,1163.63,721353.7306
2026-03-27 09:05:00+00:00,619.33,619.4,617.99,618.14,4207.21,2026-03-27 09:09:59.999000+00:00,2602685.662,5450,1374.97,850573.4357
2026-03-27 09:10:00+00:00,618.14,619.52,617.56,619.21,2862.2,2026-03-27 09:14:59.999000+00:00,1770470.1348,5263,1820.97,1126515.5874
2026-03-27 09:15:00+00:00,619.21,620.16,619.1,620.04,1283.65,2026-03-27 09:19:59.999000+00:00,795477.1861,3551,702.02,435045.4858
2026-03-27 09:20:00+00:00,620.04,620.44,619.91,620.39,1291.27,2026-03-27 09:24:59.999000+00:00,800808.4324,2703,698.7,433342.8544
2026-03-27 09:25:00+00:00,620.39,621.24,620.39,621.05,1010.04,2026-03-27 09:29:59.999000+00:00,627133.4286,2363,662.27,411159.4215
2026-03-27 09:30:00+00:00,621.04,621.04,619.98,619.98,1288.0,2026-03-27 09:34:59.999000+00:00,799225.1196,2728,352.38,218703.3369
2026-03-27 09:35:00+00:00,619.98,620.04,619.39,619.83,822.61,2026-03-27 09:39:59.999000+00:00,509841.6708,2598,323.13,200266.594
2026-03-27 09:40:00+00:00,619.83,619.96,619.39,619.68,676.52,2026-03-27 09:44:59.999000+00:00,419239.3401,1609,347.05,215076.8058
2026-03-27 09:45:00+00:00,619.68,620.5,619.68,620.17,741.59,2026-03-27 09:49:59.999000+00:00,459867.4801,1980,424.69,263331.6649
2026-03-27 09:50:00+00:00,620.17,620.58,620.16,620.31,593.02,2026-03-27 09:54:59.999000+00:00,367872.4218,1782,295.46,183280.4715
2026-03-27 09:55:00+00:00,620.3,620.38,619.53,619.6,969.64,2026-03-27 09:59:59.999000+00:00,601019.1321,1701,496.07,307445.4619
2026-03-27 10:00:00+00:00,619.61,619.98,618.81,619.48,1203.04,2026-03-27 10:04:59.999000+00:00,745171.7992,3512,520.13,322170.0119
2026-03-27 10:05:00+00:00,619.49,619.98,619.3,619.47,762.99,2026-03-27 10:09:59.999000+00:00,472822.702,2275,369.33,228877.5715
2026-03-27 10:10:00+00:00,619.47,619.55,618.84,619.18,1364.03,2026-03-27 10:14:59.999000+00:00,844526.6054,2422,489.97,303333.3143
2026-03-27 10:15:00+00:00,619.17,619.58,618.76,618.84,651.1,2026-03-27 10:19:59.999000+00:00,403137.4182,2175,219.57,135951.8793
2026-03-27 10:20:00+00:00,618.84,619.39,618.84,619.03,710.85,2026-03-27 10:24:59.999000+00:00,440067.4056,1873,303.61,187954.4377
2026-03-27 10:25:00+00:00,619.02,619.44,618.81,619.08,1296.56,2026-03-27 10:29:59.999000+00:00,802743.5031,2061,749.36,463983.529
2026-03-27 10:30:00+00:00,619.08,619.18,618.81,619.0,759.57,2026-03-27 10:34:59.999000+00:00,470184.2849,1845,384.07,237748.0238
2026-03-27 10:35:00+00:00,619.0,619.0,608.56,611.27,46932.34,2026-03-27 10:39:59.999000+00:00,28742354.6597,31857,13796.83,8452620.3814
2026-03-27 10:40:00+00:00,611.27,611.82,609.7,610.47,7627.7,2026-03-27 10:44:59.999000+00:00,4659854.2577,12478,3407.75,2081963.3801
2026-03-27 10:45:00+00:00,610.48,611.73,609.84,611.42,4021.45,2026-03-27 10:49:59.999000+00:00,2457402.8178,7909,2346.71,1434084.3228
2026-03-27 10:50:00+00:00,611.41,611.85,608.05,609.26,9424.08,2026-03-27 10:54:59.999000+00:00,5748659.3711,11097,3819.4,2330040.9588
2026-03-27 10:55:00+00:00,609.26,609.26,607.29,608.62,9820.53,2026-03-27 10:59:59.999000+00:00,5973415.271,12102,5131.71,3121387.7743
2026-03-27 11:00:00+00:00,608.63,609.73,606.69,609.0,9928.53,2026-03-27 11:04:59.999000+00:00,6041641.1842,14387,5159.65,3140867.0488
2026-03-27 11:05:00+00:00,609.0,610.43,608.95,609.25,4214.11,2026-03-27 11:09:59.999000+00:00,2569744.3872,6827,2514.39,1533353.4723
2026-03-27 11:10:00+00:00,609.25,610.88,609.24,610.78,3157.38,2026-03-27 11:14:59.999000+00:00,1927168.9011,5733,1700.14,1037511.8489
2026-03-27 11:15:00+00:00,610.78,612.46,607.1,610.2,22137.36,2026-03-27 11:19:59.999000+00:00,13510145.8261,14342,9225.09,5636957.0519
2026-03-27 11:20:00+00:00,610.19,610.79,610.01,610.39,3240.96,2026-03-27 11:24:59.999000+00:00,1978385.833,5308,1654.91,1010228.5249
2026-03-27 11:25:00+00:00,610.4,611.37,610.2,611.02,1602.66,2026-03-27 11:29:59.999000+00:00,979027.6733,3363,1106.43,675830.6126
2026-03-27 11:30:00+00:00,611.02,611.74,610.8,611.32,3357.81,2026-03-27 11:34:59.999000+00:00,2052672.9555,4217,2044.18,1249781.5645
2026-03-27 11:35:00+00:00,611.31,611.51,610.67,610.98,1840.92,2026-03-27 11:39:59.999000+00:00,1124818.0411,2623,684.82,418418.0085
2026-03-27 11:40:00+00:00,610.97,611.68,610.92,611.42,1279.23,2026-03-27 11:44:59.999000+00:00,782010.6808,2573,778.49,475905.2003
2026-03-27 11:45:00+00:00,611.42,611.89,611.09,611.39,1472.84,2026-03-27 11:49:59.999000+00:00,900760.6312,2817,621.03,379834.4969
2026-03-27 11:50:00+00:00,611.39,611.63,610.9,611.41,1895.34,2026-03-27 11:54:59.999000+00:00,1158525.8883,2840,889.11,543481.3401
2026-03-27 11:55:00+00:00,611.4,611.4,610.63,610.66,2953.63,2026-03-27 11:59:59.999000+00:00,1804482.3835,3213,597.8,365186.2949
2026-03-27 12:00:00+00:00,610.66,610.68,610.21,610.3,2225.77,2026-03-27 12:04:59.999000+00:00,1358767.4627,3583,974.95,595204.121
2026-03-27 12:05:00+00:00,610.3,611.28,610.1,610.41,2162.77,2026-03-27 12:09:59.999000+00:00,1320459.472,3587,1318.17,804836.3108
2026-03-27 12:10:00+00:00,610.41,611.26,610.01,610.58,1506.94,2026-03-27 12:14:59.999000+00:00,920512.2101,3038,1091.27,666631.0374
2026-03-27 12:15:00+00:00,610.59,611.2,610.51,610.88,1221.9,2026-03-27 12:19:59.999000+00:00,746438.7398,2469,701.03,428263.0731
2026-03-27 12:20:00+00:00,610.87,611.0,610.37,610.78,889.57,2026-03-27 12:24:59.999000+00:00,543266.2854,2216,434.59,265416.9755
2026-03-27 12:25:00+00:00,610.77,610.84,610.3,610.6,1361.92,2026-03-27 12:29:59.999000+00:00,831474.2658,2093,869.12,530622.5284
2026-03-27 12:30:00+00:00,610.59,610.76,609.27,609.75,2641.57,2026-03-27 12:34:59.999000+00:00,1611337.9486,4161,695.02,424073.6509
2026-03-27 12:35:00+00:00,609.76,610.64,609.43,610.54,1626.28,2026-03-27 12:39:59.999000+00:00,992227.2292,3440,955.36,582866.3472
2026-03-27 12:40:00+00:00,610.53,610.66,609.99,610.66,1759.15,2026-03-27 12:44:59.999000+00:00,1073624.1665,2534,493.8,301341.4955
2026-03-27 12:45:00+00:00,610.66,611.52,609.87,609.92,1848.9,2026-03-27 12:49:59.999000+00:00,1129090.567,3750,786.05,480111.8359
2026-03-27 12:50:00+00:00,609.92,610.75,609.75,610.6,938.96,2026-03-27 12:54:59.999000+00:00,573043.4416,2359,571.5,348798.6118
2026-03-27 12:55:00+00:00,610.6,610.92,610.6,610.87,1159.72,2026-03-27 12:59:59.999000+00:00,708367.0345,2210,420.39,256774.5117
2026-03-27 13:00:00+00:00,610.88,611.87,610.88,611.7,6113.15,2026-03-27 13:04:59.999000+00:00,3737697.6775,6142,2953.7,1805853.0382
2026-03-27 13:05:00+00:00,611.7,611.71,610.65,610.84,1466.3,2026-03-27 13:09:59.999000+00:00,896103.4578,3080,529.82,323728.0199
2026-03-27 13:10:00+00:00,610.84,610.85,610.4,610.81,1074.4,2026-03-27 13:14:59.999000+00:00,656095.3101,2771,538.89,329077.8296
2026-03-27 13:15:00+00:00,610.82,611.24,610.64,611.0,1356.65,2026-03-27 13:19:59.999000+00:00,828867.1588,2901,730.42,446254.0708
2026-03-27 13:20:00+00:00,611.01,612.05,611.01,611.44,1607.49,2026-03-27 13:24:59.999000+00:00,983151.9645,3358,668.72,408968.2751
2026-03-27 13:25:00+00:00,611.44,611.68,611.15,611.28,1180.8,2026-03-27 13:29:59.999000+00:00,721988.088,2250,567.96,347272.4343
2026-03-27 13:30:00+00:00,611.28,611.46,609.04,609.06,5596.46,2026-03-27 13:34:59.999000+00:00,3413112.3614,6882,2796.07,1705125.1967
2026-03-27 13:35:00+00:00,609.07,610.33,607.22,609.84,6576.3,2026-03-27 13:39:59.999000+00:00,4001749.1924,10812,2944.58,1792025.3116
2026-03-27 13:40:00+00:00,609.84,610.35,609.13,609.59,6760.76,2026-03-27 13:44:59.999000+00:00,4121801.4747,7031,3962.65,2415678.5013
2026-03-27 13:45:00+00:00,609.58,610.24,609.14,609.21,3341.62,2026-03-27 13:49:59.999000+00:00,2037958.7085,5077,988.18,602697.2448
2026-03-27 13:50:00+00:00,609.21,609.25,608.11,608.25,2422.7,2026-03-27 13:54:59.999000+00:00,1474333.1985,4629,1172.76,713634.1072
2026-03-27 13:55:00+00:00,608.25,608.25,607.05,607.91,4671.05,2026-03-27 13:59:59.999000+00:00,2838132.1852,6439,2464.05,1497333.4106
2026-03-27 14:00:00+00:00,607.91,609.09,607.65,608.99,3771.72,2026-03-27 14:04:59.999000+00:00,2295258.3876,7079,2017.19,1227422.0726
2026-03-27 14:05:00+00:00,609.0,609.36,608.88,609.17,2489.24,2026-03-27 14:09:59.999000+00:00,1516262.329,4981,1164.4,709279.8446
2026-03-27 14:10:00+00:00,609.18,610.14,608.85,609.57,2226.46,2026-03-27 14:14:59.999000+00:00,1356995.5307,4487,1309.73,798260.3884
2026-03-27 14:15:00+00:00,609.57,609.61,608.16,608.25,1264.37,2026-03-27 14:19:59.999000+00:00,769861.4076,3630,587.37,357640.1302
2026-03-27 14:20:00+00:00,608.25,608.34,606.21,606.93,5370.29,2026-03-27 14:24:59.999000+00:00,3259628.6783,7405,2914.15,1768679.2197
2026-03-27 14:25:00+00:00,606.93,607.28,605.84,606.04,5231.2,2026-03-27 14:29:59.999000+00:00,3171990.6985,6062,2354.29,1427673.9281
2026-03-27 14:30:00+00:00,606.03,606.64,605.48,606.52,4312.85,2026-03-27 14:34:59.999000+00:00,2614068.5395,7472,2280.26,1382261.1482
2026-03-27 14:35:00+00:00,606.52,607.46,606.52,606.99,2091.57,2026-03-27 14:39:59.999000+00:00,1269617.1526,5180,1256.73,762847.5313
2026-03-27 14:40:00+00:00,606.99,607.42,606.59,607.39,1870.84,2026-03-27 14:44:59.999000+00:00,1135618.4809,3756,1152.54,699628.9185
2026-03-27 14:45:00+00:00,607.4,607.84,606.56,607.81,1352.42,2026-03-27 14:49:59.999000+00:00,821308.3751,3822,748.82,454785.016
2026-03-27 14:50:00+00:00,607.81,608.84,607.74,608.15,2236.06,2026-03-27 14:54:59.999000+00:00,1360341.9967,4446,1375.07,836511.4618
2026-03-27 14:55:00+00:00,608.16,609.36,608.15,609.28,2097.51,2026-03-27 14:59:59.999000+00:00,1277199.7037,3638,1290.42,785693.3334
2026-03-27 15:00:00+00:00,609.28,610.13,609.28,610.02,2915.27,2026-03-27 15:04:59.999000+00:00,1777695.7922,4682,1489.83,908464.152
2026-03-27 15:05:00+00:00,610.03,610.65,609.5,610.37,2412.32,2026-03-27 15:09:59.999000+00:00,1471794.1749,4592,1393.71,850375.6865
2026-03-27 15:10:00+00:00,610.38,610.68,609.55,610.1,2476.42,2026-03-27 15:14:59.999000+00:00,1510679.775,4454,979.31,597563.6631
2026-03-27 15:15:00+00:00,610.1,610.9,609.78,609.78,2224.92,2026-03-27 15:19:59.999000+00:00,1357622.9784,4378,1106.48,675232.5658
2026-03-27 15:20:00+00:00,609.78,612.5,608.91,610.63,7029.04,2026-03-27 15:24:59.999000+00:00,4293984.0042,9473,3552.87,2171006.099
2026-03-27 15:25:00+00:00,610.63,611.92,610.3,611.73,2645.05,2026-03-27 15:29:59.999000+00:00,1616771.8576,5430,1423.94,870324.308
2026-03-27 15:30:00+00:00,611.72,612.96,611.45,612.82,3203.68,2026-03-27 15:34:59.999000+00:00,1961725.8411,5815,1612.35,987218.2336
2026-03-27 15:35:00+00:00,612.82,613.78,612.64,612.89,4000.31,2026-03-27 15:39:59.999000+00:00,2452927.465,6199,1828.5,1121256.3137
2026-03-27 15:40:00+00:00,612.88,612.88,611.99,612.4,1746.95,2026-03-27 15:44:59.999000+00:00,1069735.5699,3431,656.28,401854.764
2026-03-27 15:45:00+00:00,612.39,612.97,611.54,611.69,1651.79,2026-03-27 15:49:59.999000+00:00,1011260.392,3732,729.67,446731.005
2026-03-27 15:50:00+00:00,611.69,611.98,610.72,610.79,2604.74,2026-03-27 15:54:59.999000+00:00,1592013.6311,3933,560.95,342975.6606
2026-03-27 15:55:00+00:00,610.79,610.79,609.96,610.33,2371.07,2026-03-27 15:59:59.999000+00:00,1447054.8431,3855,634.04,386955.4375
2026-03-27 16:00:00+00:00,610.33,610.36,608.79,608.8,3485.5,2026-03-27 16:04:59.999000+00:00,2124161.3727,5861,1594.73,971744.2357
2026-03-27 16:05:00+00:00,608.78,608.93,607.42,607.8,5486.87,2026-03-27 16:09:59.999000+00:00,3336539.9213,7121,2138.7,1300491.5687
2026-03-27 16:10:00+00:00,607.8,608.69,607.75,608.56,1746.52,2026-03-27 16:14:59.999000+00:00,1062435.132,4096,1074.25,653492.9128
2026-03-27 16:15:00+00:00,608.55,608.55,607.87,607.87,487.79,2026-03-27 16:19:59.999000+00:00,296710.0482,1524,202.6,123240.8098
