open_time,close_time,open,high,low,close,trade_count
2026-03-13 16:30:00+00:00,2026-03-13 16:44:59.999000+00:00,1.5004101,1.512,1.5004101,1.51187024,900
2026-03-13 16:45:00+00:00,2026-03-13 16:59:59.999000+00:00,1.51187025,1.514,1.508,1.50810125,900
2026-03-13 17:00:00+00:00,2026-03-13 17:14:59.999000+00:00,1.50810122,1.511,1.50446427,1.50446427,900
2026-03-13 17:15:00+00:00,2026-03-13 17:29:59.999000+00:00,1.506,1.5091217,1.49232369,1.494,900
2026-03-13 17:30:00+00:00,2026-03-13 17:44:59.999000+00:00,1.494,1.494,1.477,1.48021675,900
2026-03-13 17:45:00+00:00,2026-03-13 17:59:59.999000+00:00,1.48021675,1.48414038,1.47709231,1.483,900
2026-03-13 18:00:00+00:00,2026-03-13 18:14:59.999000+00:00,1.483,1.48349747,1.478,1.48295285,900
2026-03-13 18:15:00+00:00,2026-03-13 18:29:59.999000+00:00,1.48295285,1.483,1.46637278,1.47422886,900
2026-03-13 18:30:00+00:00,2026-03-13 18:44:59.999000+00:00,1.476,1.479,1.475,1.4775463,900
2026-03-13 18:45:00+00:00,2026-03-13 18:59:59.999000+00:00,1.47705694,1.47705694,1.47119574,1.47364313,900
2026-03-13 19:00:00+00:00,2026-03-13 19:14:59.999000+00:00,1.47335603,1.47729341,1.47014375,1.47436977,900
2026-03-13 19:15:00+00:00,2026-03-13 19:29:59.999000+00:00,1.47436977,1.477,1.46435353,1.46591585,900
2026-03-13 19:30:00+00:00,2026-03-13 19:44:59.999000+00:00,1.46591585,1.471,1.46405677,1.466,900
2026-03-13 19:45:00+00:00,2026-03-13 19:59:59.999000+00:00,1.466,1.469,1.46426859,1.4677338,900
2026-03-13 20:00:00+00:00,2026-03-13 20:14:59.999000+00:00,1.4677338,1.46854323,1.46002599,1.46187877,900
2026-03-13 20:15:00+00:00,2026-03-13 20:29:59.999000+00:00,1.462,1.465,1.46,1.4605316,900
2026-03-13 20:30:00+00:00,2026-03-13 20:44:59.999000+00:00,1.4605316,1.46373378,1.46006792,1.46335493,900
2026-03-13 20:45:00+00:00,2026-03-13 20:59:59.999000+00:00,1.46335493,1.471,1.46329679,1.469,900
2026-03-13 21:00:00+00:00,2026-03-13 21:14:59.999000+00:00,1.46846843,1.4791401,1.46752469,1.47162097,900
2026-03-13 21:15:00+00:00,2026-03-13 21:29:59.999000+00:00,1.47162097,1.47162099,1.46345253,1.46447441,900
2026-03-13 21:30:00+00:00,2026-03-13 21:44:59.999000+00:00,1.46447441,1.466,1.45610253,1.46075176,900
2026-03-13 21:45:00+00:00,2026-03-13 21:59:59.999000+00:00,1.46032623,1.46411242,1.45910918,1.462,900
2026-03-13 22:00:00+00:00,2026-03-13 22:14:59.999000+00:00,1.462,1.46230754,1.45,1.45363415,900
2026-03-13 22:15:00+00:00,2026-03-13 22:29:59.999000+00:00,1.45363415,1.454,1.44429852,1.449,900
2026-03-13 22:30:00+00:00,2026-03-13 22:44:59.999000+00:00,1.45,1.452,1.447,1.44906482,900
2026-03-13 22:45:00+00:00,2026-03-13 22:59:59.999000+00:00,1.44906482,1.45544389,1.44862241,1.45303264,900
2026-03-13 23:00:00+00:00,2026-03-13 23:14:59.999000+00:00,1.45303264,1.46449353,1.45303264,1.46326522,900
2026-03-13 23:15:00+00:00,2026-03-13 23:29:59.999000+00:00,1.46326522,1.467,1.45917138,1.46030497,900
2026-03-13 23:30:00+00:00,2026-03-13 23:44:59.999000+00:00,1.46006075,1.464,1.45929723,1.46030339,900
2026-03-13 23:45:00+00:00,2026-03-13 23:59:59.999000+00:00,1.46030339,1.463,1.459,1.461,900
2026-03-14 00:00:00+00:00,2026-03-14 00:14:59.999000+00:00,1.461,1.461,1.455,1.45530369,900
2026-03-14 00:15:00+00:00,2026-03-14 00:29:59.999000+00:00,1.45532444,1.458,1.45053727,1.454,900
2026-03-14 00:30:00+00:00,2026-03-14 00:44:59.999000+00:00,1.45317761,1.45403725,1.44836504,1.44841114,900
2026-03-14 00:45:00+00:00,2026-03-14 00:59:59.999000+00:00,1.449,1.45009567,1.447,1.44847157,900
2026-03-14 01:00:00+00:00,2026-03-14 01:14:59.999000+00:00,1.44845829,1.452,1.446,1.44649621,900
2026-03-14 01:15:00+00:00,2026-03-14 01:29:59.999000+00:00,1.44649621,1.452,1.4464886,1.44850371,900
2026-03-14 01:30:00+00:00,2026-03-14 01:44:59.999000+00:00,1.44846715,1.45,1.43654191,1.443,900
2026-03-14 01:45:00+00:00,2026-03-14 01:59:59.999000+00:00,1.4426916,1.44913998,1.44203503,1.44746789,900
2026-03-14 02:00:00+00:00,2026-03-14 02:14:59.999000+00:00,1.44746216,1.448,1.44166256,1.443,900
2026-03-14 02:15:00+00:00,2026-03-14 02:29:59.999000+00:00,1.44272681,1.443,1.437,1.43850001,900
2026-03-14 02:30:00+00:00,2026-03-14 02:44:59.999000+00:00,1.43849998,1.442,1.437,1.44064664,900
2026-03-14 02:45:00+00:00,2026-03-14 02:59:59.999000+00:00,1.441,1.447,1.44037267,1.444,900
2026-03-14 03:00:00+00:00,2026-03-14 03:14:59.999000+00:00,1.445,1.45,1.443,1.44981751,900
2026-03-14 03:15:00+00:00,2026-03-14 03:29:59.999000+00:00,1.44983461,1.452,1.44837707,1.45075178,900
2026-03-14 03:30:00+00:00,2026-03-14 03:44:59.999000+00:00,1.45075178,1.45246802,1.449,1.44959453,900
2026-03-14 03:45:00+00:00,2026-03-14 03:59:59.999000+00:00,1.44951139,1.45,1.44605967,1.4464999,900
2026-03-14 04:00:00+00:00,2026-03-14 04:14:59.999000+00:00,1.4464999,1.4496262,1.445,1.44638509,900
2026-03-14 04:15:00+00:00,2026-03-14 04:29:59.999000+00:00,1.447,1.44706492,1.43827359,1.44578791,900
2026-03-14 04:30:00+00:00,2026-03-14 04:44:59.999000+00:00,1.44578791,1.454,1.44505277,1.45092422,900
2026-03-14 04:45:00+00:00,2026-03-14 04:59:59.999000+00:00,1.45043639,1.45241873,1.44361977,1.44490184,900
2026-03-14 05:00:00+00:00,2026-03-14 05:14:59.999000+00:00,1.44478612,1.44535309,1.438,1.4402859,900
2026-03-14 05:15:00+00:00,2026-03-14 05:29:59.999000+00:00,1.4402859,1.442,1.438,1.43849501,900
2026-03-14 05:30:00+00:00,2026-03-14 05:44:59.999000+00:00,1.43849501,1.44,1.4342827,1.43650899,900
2026-03-14 05:45:00+00:00,2026-03-14 05:59:59.999000+00:00,1.43650899,1.438,1.43509103,1.43620646,900
2026-03-14 06:00:00+00:00,2026-03-14 06:14:59.999000+00:00,1.43611789,1.43611789,1.433,1.434,900
2026-03-14 06:15:00+00:00,2026-03-14 06:29:59.999000+00:00,1.43341957,1.434,1.42912297,1.43132781,900
2026-03-14 06:30:00+00:00,2026-03-14 06:44:59.999000+00:00,1.43132781,1.434,1.428,1.4288031,900
2026-03-14 06:45:00+00:00,2026-03-14 06:59:59.999000+00:00,1.4288031,1.434,1.42816992,1.43341768,900
2026-03-14 07:00:00+00:00,2026-03-14 07:14:59.999000+00:00,1.43336177,1.43507331,1.429,1.434,900
2026-03-14 07:15:00+00:00,2026-03-14 07:29:59.999000+00:00,1.434,1.435,1.43161007,1.43253105,900
2026-03-14 07:30:00+00:00,2026-03-14 07:44:59.999000+00:00,1.43253105,1.435,1.4311903,1.43122343,900
2026-03-14 07:45:00+00:00,2026-03-14 07:59:59.999000+00:00,1.43122343,1.436,1.43,1.435,900
2026-03-14 08:00:00+00:00,2026-03-14 08:14:59.999000+00:00,1.435,1.438,1.43332545,1.43645256,900
2026-03-14 08:15:00+00:00,2026-03-14 08:29:59.999000+00:00,1.43645259,1.438,1.43240394,1.437,900
2026-03-14 08:30:00+00:00,2026-03-14 08:44:59.999000+00:00,1.43650814,1.437,1.43436187,1.43549548,900
2026-03-14 08:45:00+00:00,2026-03-14 08:59:59.999000+00:00,1.43549548,1.439,1.43414665,1.436,900
2026-03-14 09:00:00+00:00,2026-03-14 09:14:59.999000+00:00,1.436,1.43808759,1.43502657,1.43691742,900
2026-03-14 09:15:00+00:00,2026-03-14 09:29:59.999000+00:00,1.43691742,1.437,1.43309659,1.4346928,900
2026-03-14 09:30:00+00:00,2026-03-14 09:44:59.999000+00:00,1.4346928,1.435,1.42939684,1.43139922,900
2026-03-14 09:45:00+00:00,2026-03-14 09:59:59.999000+00:00,1.432,1.43201416,1.426,1.429,900
2026-03-14 10:00:00+00:00,2026-03-14 10:14:59.999000+00:00,1.429,1.43213766,1.42629425,1.432,900
2026-03-14 10:15:00+00:00,2026-03-14 10:29:59.999000+00:00,1.432,1.432,1.42398992,1.426,900
2026-03-14 10:30:00+00:00,2026-03-14 10:44:59.999000+00:00,1.426,1.43006579,1.42558233,1.42935566,900
2026-03-14 10:45:00+00:00,2026-03-14 10:59:59.999000+00:00,1.42927357,1.433,1.42802547,1.43124425,900
2026-03-14 11:00:00+00:00,2026-03-14 11:14:59.999000+00:00,1.43124422,1.435,1.43110247,1.434,900
2026-03-14 11:15:00+00:00,2026-03-14 11:29:59.999000+00:00,1.43350435,1.436,1.432,1.436,900
2026-03-14 11:30:00+00:00,2026-03-14 11:44:59.999000+00:00,1.43526226,1.437,1.434,1.43453524,900
2026-03-14 11:45:00+00:00,2026-03-14 11:59:59.999000+00:00,1.43453923,1.436,1.432,1.43254203,900
2026-03-14 12:00:00+00:00,2026-03-14 12:14:59.999000+00:00,1.43239966,1.435,1.43169821,1.43360061,900
2026-03-14 12:15:00+00:00,2026-03-14 12:29:59.999000+00:00,1.43360061,1.439,1.433,1.43555675,900
2026-03-14 12:30:00+00:00,2026-03-14 12:44:59.999000+00:00,1.43555675,1.43700167,1.43303566,1.43317565,900
2026-03-14 12:45:00+00:00,2026-03-14 12:59:59.999000+00:00,1.43317767,1.436,1.43205372,1.43210686,900
2026-03-14 13:00:00+00:00,2026-03-14 13:14:59.999000+00:00,1.43206742,1.433,1.425,1.429,900
2026-03-14 13:15:00+00:00,2026-03-14 13:29:59.999000+00:00,1.429,1.4320052,1.428,1.431,900
2026-03-14 13:30:00+00:00,2026-03-14 13:44:59.999000+00:00,1.43038472,1.43205874,1.429,1.43,900
2026-03-14 13:45:00+00:00,2026-03-14 13:59:59.999000+00:00,1.43,1.43100915,1.427,1.43062235,900
2026-03-14 14:00:00+00:00,2026-03-14 14:14:59.999000+00:00,1.43042172,1.432,1.42805038,1.431,900
2026-03-14 14:15:00+00:00,2026-03-14 14:29:59.999000+00:00,1.431,1.433,1.42901221,1.43049998,900
2026-03-14 14:30:00+00:00,2026-03-14 14:44:59.999000+00:00,1.431,1.431,1.42463869,1.42463872,900
2026-03-14 14:45:00+00:00,2026-03-14 14:59:59.999000+00:00,1.424646,1.428,1.424646,1.427,900
2026-03-14 15:00:00+00:00,2026-03-14 15:14:59.999000+00:00,1.427,1.43,1.426,1.42636179,900
2026-03-14 15:15:00+00:00,2026-03-14 15:29:59.999000+00:00,1.42636179,1.42703747,1.41760193,1.42453815,900
2026-03-14 15:30:00+00:00,2026-03-14 15:44:59.999000+00:00,1.42453815,1.427,1.42273749,1.427,900
2026-03-14 15:45:00+00:00,2026-03-14 15:59:59.999000+00:00,1.427,1.433,1.42619118,1.431,900
2026-03-14 16:00:00+00:00,2026-03-14 16:14:59.999000+00:00,1.43020599,1.4305133,1.42620461,1.429,900
2026-03-14 16:15:00+00:00,2026-03-14 16:29:59.999000+00:00,1.429,1.431,1.42702518,1.42742584,900
2026-03-14 16:30:00+00:00,2026-03-14 16:44:59.999000+00:00,1.42742584,1.428,1.423,1.42455563,900
2026-03-14 16:45:00+00:00,2026-03-14 16:59:59.999000+00:00,1.42455563,1.427,1.42301405,1.42542602,900
2026-03-14 17:00:00+00:00,2026-03-14 17:14:59.999000+00:00,1.42542602,1.427,1.42340221,1.427,900
2026-03-14 17:15:00+00:00,2026-03-14 17:29:59.999000+00:00,1.42724866,1.43,1.42615017,1.42990178,900
2026-03-14 17:30:00+00:00,2026-03-14 17:44:59.999000+00:00,1.42990189,1.43028601,1.4270118,1.42876257,900
2026-03-14 17:45:00+00:00,2026-03-14 17:59:59.999000+00:00,1.42878117,1.42953139,1.424484,1.42451817,900
2026-03-14 18:00:00+00:00,2026-03-14 18:14:59.999000+00:00,1.42451814,1.425,1.42067962,1.42446871,900
2026-03-14 18:15:00+00:00,2026-03-14 18:29:59.999000+00:00,1.42448321,1.42484981,1.42243221,1.42346597,900
2026-03-14 18:30:00+00:00,2026-03-14 18:44:59.999000+00:00,1.423466,1.42767773,1.42213575,1.42384492,900
2026-03-14 18:45:00+00:00,2026-03-14 18:59:59.999000+00:00,1.42384489,1.42512177,1.422,1.42345083,900
2026-03-14 19:00:00+00:00,2026-03-14 19:14:59.999000+00:00,1.42387929,1.42387929,1.421,1.4222192,900
2026-03-14 19:15:00+00:00,2026-03-14 19:29:59.999000+00:00,1.4222192,1.42323715,1.4170702,1.41755321,900
2026-03-14 19:30:00+00:00,2026-03-14 19:44:59.999000+00:00,1.41755321,1.41832907,1.41512385,1.41637275,900
2026-03-14 19:45:00+00:00,2026-03-14 19:59:59.999000+00:00,1.41637275,1.41795068,1.41,1.41101172,900
2026-03-14 20:00:00+00:00,2026-03-14 20:14:59.999000+00:00,1.41094961,1.412167,1.40438877,1.40510716,900
2026-03-14 20:15:00+00:00,2026-03-14 20:29:59.999000+00:00,1.40510721,1.40857553,1.40347608,1.40714532,900
2026-03-14 20:30:00+00:00,2026-03-14 20:44:59.999000+00:00,1.40714532,1.41501461,1.406,1.41479635,900
2026-03-14 20:45:00+00:00,2026-03-14 20:59:59.999000+00:00,1.41481067,1.41481067,1.41,1.41149999,900
2026-03-14 21:00:00+00:00,2026-03-14 21:14:59.999000+00:00,1.412,1.412,1.40663707,1.40742998,900
2026-03-14 21:15:00+00:00,2026-03-14 21:29:59.999000+00:00,1.40742998,1.409,1.40643169,1.40894702,900
2026-03-14 21:30:00+00:00,2026-03-14 21:44:59.999000+00:00,1.40894712,1.41,1.40622369,1.40979461,900
2026-03-14 21:45:00+00:00,2026-03-14 21:59:59.999000+00:00,1.40979461,1.4151064,1.409,1.41080097,900
2026-03-14 22:00:00+00:00,2026-03-14 22:14:59.999000+00:00,1.41081365,1.41410327,1.40957485,1.41044233,900
2026-03-14 22:15:00+00:00,2026-03-14 22:29:59.999000+00:00,1.41021972,1.411,1.408,1.40946896,900
2026-03-14 22:30:00+00:00,2026-03-14 22:44:59.999000+00:00,1.40946896,1.4100221,1.409,1.40901218,900
2026-03-14 22:45:00+00:00,2026-03-14 22:59:59.999000+00:00,1.40992871,1.41,1.405,1.40692247,900
2026-03-14 23:00:00+00:00,2026-03-14 23:14:59.999000+00:00,1.407,1.41421692,1.40376074,1.40606024,900
2026-03-14 23:15:00+00:00,2026-03-14 23:29:59.999000+00:00,1.40606024,1.40868497,1.40216645,1.408,900
2026-03-14 23:30:00+00:00,2026-03-14 23:44:59.999000+00:00,1.408,1.41300443,1.4070571,1.41265694,900
2026-03-14 23:45:00+00:00,2026-03-14 23:59:59.999000+00:00,1.41265694,1.41428186,1.411,1.412,900
2026-03-15 00:00:00+00:00,2026-03-15 00:14:59.999000+00:00,1.4115172,1.41620093,1.409,1.412,900
2026-03-15 00:15:00+00:00,2026-03-15 00:29:59.999000+00:00,1.41185275,1.41234055,1.40173747,1.40402928,900
2026-03-15 00:30:00+00:00,2026-03-15 00:44:59.999000+00:00,1.40404198,1.40650809,1.40145485,1.40342586,900
2026-03-15 00:45:00+00:00,2026-03-15 00:59:59.999000+00:00,1.404,1.407,1.40212965,1.40533568,900
2026-03-15 01:00:00+00:00,2026-03-15 01:14:59.999000+00:00,1.40529004,1.40634411,1.3922008,1.39939008,900
2026-03-15 01:15:00+00:00,2026-03-15 01:29:59.999000+00:00,1.39939008,1.404,1.39608923,1.40215925,900
2026-03-15 01:30:00+00:00,2026-03-15 01:44:59.999000+00:00,1.40215925,1.408,1.40215925,1.4079357,900
2026-03-15 01:45:00+00:00,2026-03-15 01:59:59.999000+00:00,1.4079357,1.409,1.403,1.40530045,900
2026-03-15 02:00:00+00:00,2026-03-15 02:14:59.999000+00:00,1.40473803,1.416,1.40456459,1.414,900
2026-03-15 02:15:00+00:00,2026-03-15 02:29:59.999000+00:00,1.414,1.415,1.409,1.40980991,900
2026-03-15 02:30:00+00:00,2026-03-15 02:44:59.999000+00:00,1.40978519,1.423,1.40837069,1.42243673,900
2026-03-15 02:45:00+00:00,2026-03-15 02:59:59.999000+00:00,1.423,1.429,1.42106315,1.42164523,900
2026-03-15 03:00:00+00:00,2026-03-15 03:14:59.999000+00:00,1.42164523,1.425,1.419,1.423,900
2026-03-15 03:15:00+00:00,2026-03-15 03:29:59.999000+00:00,1.42263585,1.423,1.417,1.41820816,900
2026-03-15 03:30:00+00:00,2026-03-15 03:44:59.999000+00:00,1.41820813,1.41967805,1.416,1.41609958,900
2026-03-15 03:45:00+00:00,2026-03-15 03:59:59.999000+00:00,1.41606715,1.41710539,1.41310732,1.4151815,900
2026-03-15 04:00:00+00:00,2026-03-15 04:14:59.999000+00:00,1.4151815,1.423,1.413,1.4224341,900
2026-03-15 04:15:00+00:00,2026-03-15 04:29:59.999000+00:00,1.423,1.423,1.41402778,1.415,900
2026-03-15 04:30:00+00:00,2026-03-15 04:44:59.999000+00:00,1.415,1.42,1.4141173,1.41838171,900
2026-03-15 04:45:00+00:00,2026-03-15 04:59:59.999000+00:00,1.41842932,1.419,1.41506856,1.416,900
2026-03-15 05:00:00+00:00,2026-03-15 05:14:59.999000+00:00,1.416,1.417,1.41035655,1.4122701,900
2026-03-15 05:15:00+00:00,2026-03-15 05:29:59.999000+00:00,1.4122701,1.42,1.41164571,1.415,900
2026-03-15 05:30:00+00:00,2026-03-15 05:44:59.999000+00:00,1.415,1.417,1.41245413,1.4139621,900
2026-03-15 05:45:00+00:00,2026-03-15 05:59:59.999000+00:00,1.41396213,1.416,1.41202844,1.413,900
2026-03-15 06:00:00+00:00,2026-03-15 06:14:59.999000+00:00,1.413,1.416,1.412,1.41304873,900
2026-03-15 06:15:00+00:00,2026-03-15 06:29:59.999000+00:00,1.41304873,1.41403134,1.411,1.41150427,900
2026-03-15 06:30:00+00:00,2026-03-15 06:44:59.999000+00:00,1.41150215,1.412,1.407,1.40882311,900
2026-03-15 06:45:00+00:00,2026-03-15 06:59:59.999000+00:00,1.40877401,1.416,1.408,1.41452167,900
2026-03-15 07:00:00+00:00,2026-03-15 07:14:59.999000+00:00,1.41452167,1.422,1.414,1.41852069,900
2026-03-15 07:15:00+00:00,2026-03-15 07:29:59.999000+00:00,1.41851503,1.42,1.41480939,1.41592319,900
2026-03-15 07:30:00+00:00,2026-03-15 07:44:59.999000+00:00,1.41592319,1.41607486,1.41353946,1.41358238,900
2026-03-15 07:45:00+00:00,2026-03-15 07:59:59.999000+00:00,1.41358241,1.417,1.41300547,1.417,900
2026-03-15 08:00:00+00:00,2026-03-15 08:14:59.999000+00:00,1.417,1.419,1.41523805,1.41752051,900
2026-03-15 08:15:00+00:00,2026-03-15 08:29:59.999000+00:00,1.41752048,1.419,1.41515618,1.41537422,900
2026-03-15 08:30:00+00:00,2026-03-15 08:44:59.999000+00:00,1.41537422,1.417,1.41415851,1.41554203,900
2026-03-15 08:45:00+00:00,2026-03-15 08:59:59.999000+00:00,1.4155325,1.417,1.41318004,1.416,900
2026-03-15 09:00:00+00:00,2026-03-15 09:14:59.999000+00:00,1.416,1.422,1.41550319,1.419,900
2026-03-15 09:15:00+00:00,2026-03-15 09:29:59.999000+00:00,1.419,1.422,1.417,1.418,900
2026-03-15 09:30:00+00:00,2026-03-15 09:44:59.999000+00:00,1.41739741,1.41934974,1.417,1.41750068,900
2026-03-15 09:45:00+00:00,2026-03-15 09:59:59.999000+00:00,1.41750065,1.42221658,1.41663775,1.42152807,900
2026-03-15 10:00:00+00:00,2026-03-15 10:14:59.999000+00:00,1.4215281,1.427,1.42057353,1.42660222,900
2026-03-15 10:15:00+00:00,2026-03-15 10:29:59.999000+00:00,1.42660222,1.432,1.42507722,1.428,900
2026-03-15 10:30:00+00:00,2026-03-15 10:44:59.999000+00:00,1.428,1.428,1.42239806,1.424,900
2026-03-15 10:45:00+00:00,2026-03-15 10:59:59.999000+00:00,1.424,1.426,1.42204908,1.424,900
2026-03-15 11:00:00+00:00,2026-03-15 11:14:59.999000+00:00,1.424,1.427,1.423,1.426,900
2026-03-15 11:15:00+00:00,2026-03-15 11:29:59.999000+00:00,1.426,1.43,1.42409828,1.42894607,900
2026-03-15 11:30:00+00:00,2026-03-15 11:44:59.999000+00:00,1.42894607,1.4340245,1.42800951,1.43349887,900
2026-03-15 11:45:00+00:00,2026-03-15 11:59:59.999000+00:00,1.43349887,1.43714831,1.427,1.42846405,900
2026-03-15 12:00:00+00:00,2026-03-15 12:14:59.999000+00:00,1.42851709,1.43163266,1.42703694,1.4284918,900
2026-03-15 12:15:00+00:00,2026-03-15 12:29:59.999000+00:00,1.42849177,1.436,1.428,1.435,900
2026-03-15 12:30:00+00:00,2026-03-15 12:44:59.999000+00:00,1.435,1.44115241,1.432,1.43615419,900
2026-03-15 12:45:00+00:00,2026-03-15 12:59:59.999000+00:00,1.43617616,1.437,1.43100747,1.43337843,900
2026-03-15 13:00:00+00:00,2026-03-15 13:14:59.999000+00:00,1.43335232,1.435,1.415,1.41966973,900
2026-03-15 13:15:00+00:00,2026-03-15 13:29:59.999000+00:00,1.42,1.423,1.41480573,1.41993908,900
2026-03-15 13:30:00+00:00,2026-03-15 13:44:59.999000+00:00,1.41993908,1.423,1.413,1.41828287,900
2026-03-15 13:45:00+00:00,2026-03-15 13:59:59.999000+00:00,1.419,1.422,1.41771951,1.42103593,900
2026-03-15 14:00:00+00:00,2026-03-15 14:14:59.999000+00:00,1.42102316,1.426,1.41942719,1.422,900
2026-03-15 14:15:00+00:00,2026-03-15 14:29:59.999000+00:00,1.422,1.422,1.417,1.41750515,900
2026-03-15 14:30:00+00:00,2026-03-15 14:44:59.999000+00:00,1.41750515,1.41950912,1.41432396,1.41689583,900
2026-03-15 14:45:00+00:00,2026-03-15 14:59:59.999000+00:00,1.41689583,1.419,1.41469138,1.41752675,900
2026-03-15 15:00:00+00:00,2026-03-15 15:14:59.999000+00:00,1.41752675,1.41816357,1.415,1.417,900
2026-03-15 15:15:00+00:00,2026-03-15 15:29:59.999000+00:00,1.417,1.418,1.41464248,1.416,900
2026-03-15 15:30:00+00:00,2026-03-15 15:44:59.999000+00:00,1.41543267,1.41711201,1.41351059,1.416,900
2026-03-15 15:45:00+00:00,2026-03-15 15:59:59.999000+00:00,1.416,1.41732198,1.41465804,1.416,900
2026-03-15 16:00:00+00:00,2026-03-15 16:14:59.999000+00:00,1.416,1.41990398,1.41452408,1.41862981,900
2026-03-15 16:15:00+00:00,2026-03-15 16:29:59.999000+00:00,1.41862985,1.41871309,1.4096037,1.41282039,900
2026-03-15 16:30:00+00:00,2026-03-15 16:44:59.999000+00:00,1.41282044,1.41502216,1.40798496,1.41182522,900
2026-03-15 16:45:00+00:00,2026-03-15 16:59:59.999000+00:00,1.41182522,1.413,1.40739211,1.41,900
2026-03-15 17:00:00+00:00,2026-03-15 17:14:59.999000+00:00,1.40980828,1.422,1.40914394,1.42105202,900
2026-03-15 17:15:00+00:00,2026-03-15 17:29:59.999000+00:00,1.42115997,1.42213611,1.41901558,1.41970932,900
2026-03-15 17:30:00+00:00,2026-03-15 17:44:59.999000+00:00,1.42,1.421,1.4175868,1.419,900
2026-03-15 17:45:00+00:00,2026-03-15 17:59:59.999000+00:00,1.419,1.42702663,1.418,1.421,900
2026-03-15 18:00:00+00:00,2026-03-15 18:14:59.999000+00:00,1.421,1.422,1.41662039,1.41806081,900
2026-03-15 18:15:00+00:00,2026-03-15 18:29:59.999000+00:00,1.41806081,1.42087021,1.416,1.41656655,900
2026-03-15 18:30:00+00:00,2026-03-15 18:44:59.999000+00:00,1.41656655,1.42,1.41656655,1.419,900
2026-03-15 18:45:00+00:00,2026-03-15 18:59:59.999000+00:00,1.419,1.419,1.409,1.41,900
2026-03-15 19:00:00+00:00,2026-03-15 19:14:59.999000+00:00,1.40963789,1.4155545,1.40838697,1.41479381,900
2026-03-15 19:15:00+00:00,2026-03-15 19:29:59.999000+00:00,1.41456533,1.418,1.41212105,1.417,900
2026-03-15 19:30:00+00:00,2026-03-15 19:44:59.999000+00:00,1.417,1.42085042,1.41570546,1.417,900
2026-03-15 19:45:00+00:00,2026-03-15 19:59:59.999000+00:00,1.417,1.421,1.41530391,1.42,900
2026-03-15 20:00:00+00:00,2026-03-15 20:14:59.999000+00:00,1.42,1.424,1.419,1.42053744,900
2026-03-15 20:15:00+00:00,2026-03-15 20:29:59.999000+00:00,1.421,1.422,1.41807668,1.42,900
2026-03-15 20:30:00+00:00,2026-03-15 20:44:59.999000+00:00,1.41932593,1.42951565,1.419,1.42451149,900
2026-03-15 20:45:00+00:00,2026-03-15 20:59:59.999000+00:00,1.425,1.425,1.42080918,1.422,900
2026-03-15 21:00:00+00:00,2026-03-15 21:14:59.999000+00:00,1.422,1.422,1.41705027,1.41849313,900
2026-03-15 21:15:00+00:00,2026-03-15 21:29:59.999000+00:00,1.41849313,1.42859802,1.41849313,1.42551006,900
2026-03-15 21:30:00+00:00,2026-03-15 21:44:59.999000+00:00,1.42551006,1.434,1.42494908,1.4287831,900
2026-03-15 21:45:00+00:00,2026-03-15 21:59:59.999000+00:00,1.4287831,1.431,1.4264338,1.429,900
2026-03-15 22:00:00+00:00,2026-03-15 22:14:59.999000+00:00,1.429,1.434,1.4188621,1.42,900
2026-03-15 22:15:00+00:00,2026-03-15 22:29:59.999000+00:00,1.41972466,1.423,1.41501464,1.42176226,900
2026-03-15 22:30:00+00:00,2026-03-15 22:44:59.999000+00:00,1.42176223,1.439,1.42176223,1.43454227,900
2026-03-15 22:45:00+00:00,2026-03-15 22:59:59.999000+00:00,1.43456234,1.443,1.43447063,1.438,900
2026-03-15 23:00:00+00:00,2026-03-15 23:14:59.999000+00:00,1.438,1.444,1.43410872,1.436,900
2026-03-15 23:15:00+00:00,2026-03-15 23:29:59.999000+00:00,1.437,1.439,1.424,1.426,900
2026-03-15 23:30:00+00:00,2026-03-15 23:44:59.999000+00:00,1.426,1.433,1.42461525,1.43042243,900
2026-03-15 23:45:00+00:00,2026-03-15 23:59:59.999000+00:00,1.43042246,1.439,1.42915053,1.43876473,900
2026-03-16 00:00:00+00:00,2026-03-16 00:14:59.999000+00:00,1.4387647,1.445001,1.43258412,1.433,900
2026-03-16 00:15:00+00:00,2026-03-16 00:29:59.999000+00:00,1.433,1.436,1.429,1.431,900
2026-03-16 00:30:00+00:00,2026-03-16 00:44:59.999000+00:00,1.431,1.43632842,1.43,1.43441137,900
2026-03-16 00:45:00+00:00,2026-03-16 00:59:59.999000+00:00,1.435,1.439,1.434,1.436,900
2026-03-16 01:00:00+00:00,2026-03-16 01:14:59.999000+00:00,1.43534853,1.438,1.42938297,1.431,900
2026-03-16 01:15:00+00:00,2026-03-16 01:29:59.999000+00:00,1.431,1.445,1.431,1.442684,900
2026-03-16 01:30:00+00:00,2026-03-16 01:44:59.999000+00:00,1.443,1.443,1.43867555,1.44,900
2026-03-16 01:45:00+00:00,2026-03-16 01:59:59.999000+00:00,1.44,1.446,1.43954832,1.442,900
2026-03-16 02:00:00+00:00,2026-03-16 02:14:59.999000+00:00,1.442,1.446,1.441,1.442,900
2026-03-16 02:15:00+00:00,2026-03-16 02:29:59.999000+00:00,1.44265392,1.444,1.43148583,1.432,900
2026-03-16 02:30:00+00:00,2026-03-16 02:44:59.999000+00:00,1.432,1.43915596,1.432,1.43889365,900
2026-03-16 02:45:00+00:00,2026-03-16 02:59:59.999000+00:00,1.43891206,1.44429968,1.43556912,1.4430634,900
2026-03-16 03:00:00+00:00,2026-03-16 03:14:59.999000+00:00,1.44306337,1.44893789,1.43909495,1.44605267,900
2026-03-16 03:15:00+00:00,2026-03-16 03:29:59.999000+00:00,1.447,1.45756661,1.44382853,1.45411061,900
2026-03-16 03:30:00+00:00,2026-03-16 03:44:59.999000+00:00,1.45408134,1.48884124,1.45408134,1.47782568,900
2026-03-16 03:45:00+00:00,2026-03-16 03:59:59.999000+00:00,1.47788408,1.482,1.47305362,1.47706553,900
2026-03-16 04:00:00+00:00,2026-03-16 04:14:59.999000+00:00,1.477,1.48840577,1.477,1.48585983,900
2026-03-16 04:15:00+00:00,2026-03-16 04:29:59.999000+00:00,1.48537205,1.495,1.48515959,1.48852285,900
2026-03-16 04:30:00+00:00,2026-03-16 04:44:59.999000+00:00,1.48844863,1.49983965,1.48844863,1.499,900
2026-03-16 04:45:00+00:00,2026-03-16 04:59:59.999000+00:00,1.49967536,1.532386,1.499,1.52403823,900
2026-03-16 05:00:00+00:00,2026-03-16 05:14:59.999000+00:00,1.52362428,1.52746057,1.51325566,1.52006417,900
2026-03-16 05:15:00+00:00,2026-03-16 05:29:59.999000+00:00,1.52012323,1.54010761,1.51887053,1.53137752,900
2026-03-16 05:30:00+00:00,2026-03-16 05:44:59.999000+00:00,1.53135009,1.549,1.529,1.54879305,900
2026-03-16 05:45:00+00:00,2026-03-16 05:59:59.999000+00:00,1.548,1.54983188,1.53906061,1.5409819,900
2026-03-16 06:00:00+00:00,2026-03-16 06:14:59.999000+00:00,1.54241852,1.548,1.53530994,1.542424,900
2026-03-16 06:15:00+00:00,2026-03-16 06:29:59.999000+00:00,1.54247941,1.57200651,1.542,1.556,900
2026-03-16 06:30:00+00:00,2026-03-16 06:44:59.999000+00:00,1.556,1.58,1.555,1.57970104,900
2026-03-16 06:45:00+00:00,2026-03-16 06:59:59.999000+00:00,1.57970104,1.58641253,1.57212582,1.5775511,900
2026-03-16 07:00:00+00:00,2026-03-16 07:14:59.999000+00:00,1.57750884,1.601,1.57683567,1.59551388,899
2026-03-16 07:15:00+00:00,2026-03-16 07:29:59.999000+00:00,1.59487106,1.597874,1.582,1.584,900
2026-03-16 07:30:00+00:00,2026-03-16 07:44:59.999000+00:00,1.584,1.59372579,1.58307343,1.586,900
2026-03-16 07:45:00+00:00,2026-03-16 07:59:59.999000+00:00,1.586,1.59250301,1.582,1.58312938,900
2026-03-16 08:00:00+00:00,2026-03-16 08:14:59.999000+00:00,1.58312938,1.61577237,1.58312938,1.607,900
2026-03-16 08:15:00+00:00,2026-03-16 08:29:59.999000+00:00,1.607,1.62398882,1.59616686,1.5994325,900
2026-03-16 08:30:00+00:00,2026-03-16 08:44:59.999000+00:00,1.59933821,1.6104832,1.5929218,1.60712261,900
2026-03-16 08:45:00+00:00,2026-03-16 08:59:59.999000+00:00,1.60583381,1.61638841,1.59900946,1.60196751,899
2026-03-16 09:00:00+00:00,2026-03-16 09:14:59.999000+00:00,1.60196751,1.62014471,1.60169381,1.61834728,900
2026-03-16 09:15:00+00:00,2026-03-16 09:29:59.999000+00:00,1.61811607,1.622,1.609,1.61181398,900
2026-03-16 09:30:00+00:00,2026-03-16 09:44:59.999000+00:00,1.61181398,1.61434785,1.597,1.59816143,900
2026-03-16 09:45:00+00:00,2026-03-16 09:59:59.999000+00:00,1.5981614,1.611,1.5981614,1.60892437,900
2026-03-16 10:00:00+00:00,2026-03-16 10:14:59.999000+00:00,1.60892437,1.60892437,1.59146187,1.602,900
2026-03-16 10:15:00+00:00,2026-03-16 10:29:59.999000+00:00,1.602,1.60437714,1.5832086,1.585,900
2026-03-16 10:30:00+00:00,2026-03-16 10:44:59.999000+00:00,1.585,1.585,1.57121327,1.576,900
2026-03-16 10:45:00+00:00,2026-03-16 10:59:59.999000+00:00,1.576,1.6,1.57230155,1.59765691,900
2026-03-16 11:00:00+00:00,2026-03-16 11:14:59.999000+00:00,1.5976569,1.62923075,1.59648937,1.60274521,900
2026-03-16 11:15:00+00:00,2026-03-16 11:29:59.999000+00:00,1.60280904,1.60484096,1.58692657,1.588,900
2026-03-16 11:30:00+00:00,2026-03-16 11:44:59.999000+00:00,1.588,1.60140309,1.58501848,1.59800756,900
2026-03-16 11:45:00+00:00,2026-03-16 11:59:59.999000+00:00,1.59784114,1.59826058,1.591,1.5923546,900
2026-03-16 12:00:00+00:00,2026-03-16 12:14:59.999000+00:00,1.59273184,1.60399218,1.59237332,1.60318327,900
2026-03-16 12:15:00+00:00,2026-03-16 12:29:59.999000+00:00,1.6030369,1.60305077,1.592,1.59787682,900
2026-03-16 12:30:00+00:00,2026-03-16 12:44:59.999000+00:00,1.598,1.59879412,1.58478392,1.58742188,900
2026-03-16 12:45:00+00:00,2026-03-16 12:59:59.999000+00:00,1.58742188,1.589,1.58507252,1.587,900
2026-03-16 13:00:00+00:00,2026-03-16 13:14:59.999000+00:00,1.58657226,1.587,1.57840723,1.58329517,900
2026-03-16 13:15:00+00:00,2026-03-16 13:29:59.999000+00:00,1.58329517,1.592,1.57994263,1.58935197,900
2026-03-16 13:30:00+00:00,2026-03-16 13:44:59.999000+00:00,1.58935197,1.60662878,1.58759774,1.59786518,900
2026-03-16 13:45:00+00:00,2026-03-16 13:59:59.999000+00:00,1.59786515,1.606,1.586,1.59108948,900
2026-03-16 14:00:00+00:00,2026-03-16 14:14:59.999000+00:00,1.591,1.59357575,1.58374539,1.58440145,900
2026-03-16 14:15:00+00:00,2026-03-16 14:29:59.999000+00:00,1.58490143,1.58747742,1.57723216,1.57723216,899
2026-03-16 14:30:00+00:00,2026-03-16 14:44:59.999000+00:00,1.57659415,1.58127752,1.56549686,1.57571193,900
2026-03-16 14:45:00+00:00,2026-03-16 14:59:59.999000+00:00,1.5749859,1.57806554,1.56743166,1.575,900
2026-03-16 15:00:00+00:00,2026-03-16 15:14:59.999000+00:00,1.575,1.58431429,1.57,1.58189512,900
2026-03-16 15:15:00+00:00,2026-03-16 15:29:59.999000+00:00,1.58189512,1.58189512,1.572,1.576,900
2026-03-16 15:30:00+00:00,2026-03-16 15:44:59.999000+00:00,1.576,1.57717615,1.56,1.56658613,900
2026-03-16 15:45:00+00:00,2026-03-16 15:59:59.999000+00:00,1.56718652,1.57148672,1.55962794,1.56910708,900
2026-03-16 16:00:00+00:00,2026-03-16 16:14:59.999000+00:00,1.569,1.57606604,1.56705127,1.571,900
2026-03-16 16:15:00+00:00,2026-03-16 16:29:59.999000+00:00,1.571,1.58448477,1.57067547,1.58373632,900
2026-03-16 16:30:00+00:00,2026-03-16 16:44:59.999000+00:00,1.58344846,1.59566161,1.57711668,1.59356399,900
2026-03-16 16:45:00+00:00,2026-03-16 16:59:59.999000+00:00,1.59356398,1.59782345,1.58727556,1.59018547,900
2026-03-16 17:00:00+00:00,2026-03-16 17:14:59.999000+00:00,1.59015623,1.5979559,1.58849057,1.593,900
2026-03-16 17:15:00+00:00,2026-03-16 17:29:59.999000+00:00,1.593,1.59465665,1.59055986,1.59066992,900
2026-03-16 17:30:00+00:00,2026-03-16 17:44:59.999000+00:00,1.59018935,1.60110094,1.59010942,1.59967791,900
2026-03-16 17:45:00+00:00,2026-03-16 17:59:59.999000+00:00,1.59967167,1.6026441,1.59686235,1.602,900
2026-03-16 18:00:00+00:00,2026-03-16 18:14:59.999000+00:00,1.602,1.61028445,1.59947476,1.60875165,900
2026-03-16 18:15:00+00:00,2026-03-16 18:29:59.999000+00:00,1.60830242,1.6234534,1.60830242,1.61834434,900
2026-03-16 18:30:00+00:00,2026-03-16 18:44:59.999000+00:00,1.61833796,1.61880308,1.60524753,1.60648707,900
2026-03-16 18:45:00+00:00,2026-03-16 18:59:59.999000+00:00,1.60648706,1.61173931,1.60228338,1.60956228,900
2026-03-16 19:00:00+00:00,2026-03-16 19:14:59.999000+00:00,1.60959493,1.61785981,1.60653782,1.61390173,900
2026-03-16 19:15:00+00:00,2026-03-16 19:29:59.999000+00:00,1.61390173,1.61660285,1.60715267,1.609,900
2026-03-16 19:30:00+00:00,2026-03-16 19:44:59.999000+00:00,1.609,1.61351016,1.608,1.60831707,900
2026-03-16 19:45:00+00:00,2026-03-16 19:59:59.999000+00:00,1.60831707,1.61334068,1.60231177,1.6122863,900
2026-03-16 20:00:00+00:00,2026-03-16 20:14:59.999000+00:00,1.6122863,1.61411381,1.60758446,1.613,900
2026-03-16 20:15:00+00:00,2026-03-16 20:29:59.999000+00:00,1.61299777,1.63255392,1.61207065,1.63167893,900
2026-03-16 20:30:00+00:00,2026-03-16 20:44:59.999000+00:00,1.63216041,1.65168411,1.62402286,1.6322018,900
2026-03-16 20:45:00+00:00,2026-03-16 20:59:59.999000+00:00,1.63221827,1.63668825,1.62730857,1.63163251,900
2026-03-16 21:00:00+00:00,2026-03-16 21:14:59.999000+00:00,1.63172527,1.63931188,1.62823535,1.63,900
2026-03-16 21:15:00+00:00,2026-03-16 21:29:59.999000+00:00,1.62947385,1.64777788,1.62860432,1.63776173,900
2026-03-16 21:30:00+00:00,2026-03-16 21:44:59.999000+00:00,1.63733249,1.661,1.63728128,1.64666969,900
2026-03-16 21:45:00+00:00,2026-03-16 21:59:59.999000+00:00,1.64677543,1.648,1.62751757,1.62803172,900
2026-03-16 22:00:00+00:00,2026-03-16 22:14:59.999000+00:00,1.62803172,1.64613011,1.62515706,1.63495471,900
2026-03-16 22:15:00+00:00,2026-03-16 22:29:59.999000+00:00,1.635,1.63674336,1.62871618,1.63247182,900
2026-03-16 22:30:00+00:00,2026-03-16 22:44:59.999000+00:00,1.63247182,1.63860827,1.6321073,1.63466235,900
2026-03-16 22:45:00+00:00,2026-03-16 22:59:59.999000+00:00,1.63466237,1.63466237,1.629,1.63011539,900
2026-03-16 23:00:00+00:00,2026-03-16 23:14:59.999000+00:00,1.62991705,1.63344396,1.621282,1.63175404,900
2026-03-16 23:15:00+00:00,2026-03-16 23:29:59.999000+00:00,1.63175404,1.64092684,1.62981042,1.6398831,900
2026-03-16 23:30:00+00:00,2026-03-16 23:44:59.999000+00:00,1.63988307,1.65240565,1.63877623,1.65129817,900
2026-03-16 23:45:00+00:00,2026-03-16 23:59:59.999000+00:00,1.6513526,1.65280807,1.63653868,1.64004066,900
2026-03-17 00:00:00+00:00,2026-03-17 00:14:59.999000+00:00,1.64004065,1.64289531,1.63178196,1.63910582,900
2026-03-17 00:15:00+00:00,2026-03-17 00:29:59.999000+00:00,1.63912607,1.6397875,1.62005049,1.628,900
2026-03-17 00:30:00+00:00,2026-03-17 00:44:59.999000+00:00,1.628,1.63569816,1.62246714,1.626,900
2026-03-17 00:45:00+00:00,2026-03-17 00:59:59.999000+00:00,1.626,1.63225541,1.621,1.63203601,900
2026-03-17 01:00:00+00:00,2026-03-17 01:14:59.999000+00:00,1.63212362,1.6324047,1.61813249,1.62194507,900
2026-03-17 01:15:00+00:00,2026-03-17 01:29:59.999000+00:00,1.62187701,1.6219315,1.61371803,1.61736371,900
2026-03-17 01:30:00+00:00,2026-03-17 01:44:59.999000+00:00,1.61728856,1.62093756,1.61132492,1.61533196,900
2026-03-17 01:45:00+00:00,2026-03-17 01:59:59.999000+00:00,1.61538095,1.621,1.614,1.62018028,900
2026-03-17 02:00:00+00:00,2026-03-17 02:14:59.999000+00:00,1.62024992,1.62296948,1.61294403,1.62191967,900
2026-03-17 02:15:00+00:00,2026-03-17 02:29:59.999000+00:00,1.62191967,1.62342377,1.615607,1.616,900
2026-03-17 02:30:00+00:00,2026-03-17 02:44:59.999000+00:00,1.61604454,1.62504949,1.61540002,1.61950695,900
2026-03-17 02:45:00+00:00,2026-03-17 02:59:59.999000+00:00,1.61907264,1.62146084,1.61216387,1.61219099,900
2026-03-17 03:00:00+00:00,2026-03-17 03:14:59.999000+00:00,1.613,1.61749968,1.60800239,1.61458778,900
2026-03-17 03:15:00+00:00,2026-03-17 03:29:59.999000+00:00,1.61458776,1.61479197,1.60732576,1.60766591,900
2026-03-17 03:30:00+00:00,2026-03-17 03:44:59.999000+00:00,1.607446,1.607446,1.59691578,1.59827752,900
2026-03-17 03:45:00+00:00,2026-03-17 03:59:59.999000+00:00,1.59825449,1.60547246,1.59436481,1.60448646,900
2026-03-17 04:00:00+00:00,2026-03-17 04:14:59.999000+00:00,1.60448646,1.61290027,1.60356464,1.61290027,900
2026-03-17 04:15:00+00:00,2026-03-17 04:29:59.999000+00:00,1.61230973,1.6196067,1.60365345,1.60547211,900
2026-03-17 04:30:00+00:00,2026-03-17 04:44:59.999000+00:00,1.60547208,1.60614509,1.59346969,1.59668122,900
2026-03-17 04:45:00+00:00,2026-03-17 04:59:59.999000+00:00,1.59703389,1.60290578,1.59447917,1.59998983,900
2026-03-17 05:00:00+00:00,2026-03-17 05:14:59.999000+00:00,1.59998983,1.60282472,1.591,1.59765198,900
2026-03-17 05:15:00+00:00,2026-03-17 05:29:59.999000+00:00,1.59765197,1.60366713,1.597,1.59791866,900
2026-03-17 05:30:00+00:00,2026-03-17 05:44:59.999000+00:00,1.59831977,1.59975945,1.59041008,1.59107195,900
2026-03-17 05:45:00+00:00,2026-03-17 05:59:59.999000+00:00,1.591,1.59891909,1.58898092,1.59781563,900
2026-03-17 06:00:00+00:00,2026-03-17 06:14:59.999000+00:00,1.59785728,1.59908673,1.59065741,1.59300763,900
2026-03-17 06:15:00+00:00,2026-03-17 06:29:59.999000+00:00,1.59282473,1.595,1.591,1.592,900
2026-03-17 06:30:00+00:00,2026-03-17 06:44:59.999000+00:00,1.592,1.599,1.59057433,1.59606537,900
2026-03-17 06:45:00+00:00,2026-03-17 06:59:59.999000+00:00,1.596,1.59812968,1.5924772,1.59586638,900
2026-03-17 07:00:00+00:00,2026-03-17 07:14:59.999000+00:00,1.596,1.603,1.59539321,1.60245071,900
2026-03-17 07:15:00+00:00,2026-03-17 07:29:59.999000+00:00,1.60246894,1.60931898,1.60175431,1.60445285,900
2026-03-17 07:30:00+00:00,2026-03-17 07:44:59.999000+00:00,1.60445285,1.61061482,1.604,1.60985395,900
2026-03-17 07:45:00+00:00,2026-03-17 07:59:59.999000+00:00,1.60991225,1.616,1.609,1.61272823,900
2026-03-17 08:00:00+00:00,2026-03-17 08:14:59.999000+00:00,1.6129689,1.61985528,1.61261028,1.61833516,900
2026-03-17 08:15:00+00:00,2026-03-17 08:29:59.999000+00:00,1.61838793,1.628,1.61492227,1.625,900
2026-03-17 08:30:00+00:00,2026-03-17 08:44:59.999000+00:00,1.6253612,1.63854844,1.62213113,1.63721789,900
2026-03-17 08:45:00+00:00,2026-03-17 08:59:59.999000+00:00,1.63735762,1.63820751,1.61531278,1.618,900
2026-03-17 09:00:00+00:00,2026-03-17 09:14:59.999000+00:00,1.618,1.62796531,1.61713198,1.62147595,900
2026-03-17 09:15:00+00:00,2026-03-17 09:29:59.999000+00:00,1.62131142,1.622,1.61008293,1.617,900
2026-03-17 09:30:00+00:00,2026-03-17 09:44:59.999000+00:00,1.618,1.618,1.61,1.61524341,900
2026-03-17 09:45:00+00:00,2026-03-17 09:59:59.999000+00:00,1.61532082,1.616,1.61023498,1.61196584,900
2026-03-17 10:00:00+00:00,2026-03-17 10:14:59.999000+00:00,1.611,1.61261826,1.60707975,1.60835661,900
2026-03-17 10:15:00+00:00,2026-03-17 10:29:59.999000+00:00,1.60838878,1.61078899,1.60291404,1.608,900
2026-03-17 10:30:00+00:00,2026-03-17 10:44:59.999000+00:00,1.608,1.609,1.604,1.60546673,900
2026-03-17 10:45:00+00:00,2026-03-17 10:59:59.999000+00:00,1.60546673,1.60876871,1.60405524,1.60780713,900
2026-03-17 11:00:00+00:00,2026-03-17 11:14:59.999000+00:00,1.60761848,1.61065694,1.60632496,1.60896246,900
2026-03-17 11:15:00+00:00,2026-03-17 11:29:59.999000+00:00,1.60899101,1.61144107,1.608,1.60912532,900
2026-03-17 11:30:00+00:00,2026-03-17 11:44:59.999000+00:00,1.609118,1.609118,1.60220781,1.60377349,900
2026-03-17 11:45:00+00:00,2026-03-17 11:59:59.999000+00:00,1.6037808,1.60543519,1.60136141,1.60220005,900
2026-03-17 12:00:00+00:00,2026-03-17 12:14:59.999000+00:00,1.60219276,1.60462985,1.59618678,1.59727254,900
2026-03-17 12:15:00+00:00,2026-03-17 12:29:59.999000+00:00,1.59725978,1.59942209,1.5906151,1.59303395,900
2026-03-17 12:30:00+00:00,2026-03-17 12:44:59.999000+00:00,1.59307785,1.59465001,1.58641253,1.58840656,900
2026-03-17 12:45:00+00:00,2026-03-17 12:59:59.999000+00:00,1.58842854,1.58842854,1.58408236,1.58618271,900
2026-03-17 13:00:00+00:00,2026-03-17 13:14:59.999000+00:00,1.58617535,1.59069181,1.58556312,1.58949533,900
2026-03-17 13:15:00+00:00,2026-03-17 13:29:59.999000+00:00,1.58949532,1.59220448,1.587,1.589,900
2026-03-17 13:30:00+00:00,2026-03-17 13:44:59.999000+00:00,1.589,1.60055381,1.58810303,1.59106584,900
2026-03-17 13:45:00+00:00,2026-03-17 13:59:59.999000+00:00,1.591,1.595401,1.586,1.59379969,900
2026-03-17 14:00:00+00:00,2026-03-17 14:14:59.999000+00:00,1.59379969,1.59776999,1.58845354,1.595,900
2026-03-17 14:15:00+00:00,2026-03-17 14:29:59.999000+00:00,1.595,1.5974367,1.591,1.5971787,900
2026-03-17 14:30:00+00:00,2026-03-17 14:44:59.999000+00:00,1.5971787,1.60057782,1.59213856,1.59314061,900
2026-03-17 14:45:00+00:00,2026-03-17 14:59:59.999000+00:00,1.59312577,1.595,1.58830978,1.5935101,900
2026-03-17 15:00:00+00:00,2026-03-17 15:14:59.999000+00:00,1.5935101,1.60221574,1.59005017,1.59273076,900
2026-03-17 15:15:00+00:00,2026-03-17 15:29:59.999000+00:00,1.59274352,1.59673013,1.5916321,1.59272198,900
2026-03-17 15:30:00+00:00,2026-03-17 15:44:59.999000+00:00,1.59272195,1.594,1.585,1.59103736,900
2026-03-17 15:45:00+00:00,2026-03-17 15:59:59.999000+00:00,1.59103732,1.59550291,1.58836311,1.59205359,900
2026-03-17 16:00:00+00:00,2026-03-17 16:14:59.999000+00:00,1.59199505,1.593,1.58837268,1.58947078,900
2026-03-17 16:15:00+00:00,2026-03-17 16:29:59.999000+00:00,1.59,1.59542585,1.58830461,1.59,900
2026-03-17 16:30:00+00:00,2026-03-17 16:44:59.999000+00:00,1.58949051,1.59095342,1.582,1.58845973,900
2026-03-17 16:45:00+00:00,2026-03-17 16:59:59.999000+00:00,1.58845973,1.59116159,1.585,1.58869078,900
2026-03-17 17:00:00+00:00,2026-03-17 17:14:59.999000+00:00,1.58869078,1.59472259,1.58602972,1.59099606,900
2026-03-17 17:15:00+00:00,2026-03-17 17:29:59.999000+00:00,1.59121056,1.59760761,1.59099567,1.595,900
2026-03-17 17:30:00+00:00,2026-03-17 17:44:59.999000+00:00,1.59499969,1.59537791,1.59062108,1.595,900
2026-03-17 17:45:00+00:00,2026-03-17 17:59:59.999000+00:00,1.595,1.59870876,1.59296321,1.598,900
2026-03-17 18:00:00+00:00,2026-03-17 18:14:59.999000+00:00,1.59865946,1.60471905,1.597,1.60027558,900
2026-03-17 18:15:00+00:00,2026-03-17 18:29:59.999000+00:00,1.601,1.60218883,1.59521413,1.59628033,900
2026-03-17 18:30:00+00:00,2026-03-17 18:44:59.999000+00:00,1.59628032,1.60188397,1.59626395,1.59941224,900
2026-03-17 18:45:00+00:00,2026-03-17 18:59:59.999000+00:00,1.59941226,1.60319628,1.59828491,1.60148096,900
2026-03-17 19:00:00+00:00,2026-03-17 19:14:59.999000+00:00,1.60148096,1.602,1.597,1.598,900
2026-03-17 19:15:00+00:00,2026-03-17 19:29:59.999000+00:00,1.598,1.59847664,1.59242124,1.59497621,900
2026-03-17 19:30:00+00:00,2026-03-17 19:44:59.999000+00:00,1.5949762,1.59898489,1.594,1.59716221,900
2026-03-17 19:45:00+00:00,2026-03-17 19:59:59.999000+00:00,1.5972351,1.59756095,1.59291135,1.59352528,900
2026-03-17 20:00:00+00:00,2026-03-17 20:14:59.999000+00:00,1.59353158,1.59633609,1.593,1.593,900
2026-03-17 20:15:00+00:00,2026-03-17 20:29:59.999000+00:00,1.593,1.60323462,1.59261179,1.602,900
2026-03-17 20:30:00+00:00,2026-03-17 20:44:59.999000+00:00,1.6019961,1.60297472,1.596,1.59912363,900
2026-03-17 20:45:00+00:00,2026-03-17 20:59:59.999000+00:00,1.599,1.6037971,1.59844234,1.60343204,900
2026-03-17 21:00:00+00:00,2026-03-17 21:14:59.999000+00:00,1.60343201,1.618,1.603,1.614,900
2026-03-17 21:15:00+00:00,2026-03-17 21:29:59.999000+00:00,1.61385031,1.61687846,1.61223003,1.614,900
2026-03-17 21:30:00+00:00,2026-03-17 21:44:59.999000+00:00,1.614,1.624,1.61252481,1.622,900
2026-03-17 21:45:00+00:00,2026-03-17 21:59:59.999000+00:00,1.622,1.62292736,1.61556484,1.618,900
2026-03-17 22:00:00+00:00,2026-03-17 22:14:59.999000+00:00,1.61815547,1.61930895,1.61457739,1.615,900
2026-03-17 22:15:00+00:00,2026-03-17 22:29:59.999000+00:00,1.61508016,1.62238512,1.615,1.61941234,900
2026-03-17 22:30:00+00:00,2026-03-17 22:44:59.999000+00:00,1.61941234,1.62078759,1.615,1.61768018,900
2026-03-17 22:45:00+00:00,2026-03-17 22:59:59.999000+00:00,1.61768018,1.62311636,1.615,1.623,900
2026-03-17 23:00:00+00:00,2026-03-17 23:14:59.999000+00:00,1.623,1.63170151,1.62174572,1.62685472,900
2026-03-17 23:15:00+00:00,2026-03-17 23:29:59.999000+00:00,1.62675982,1.6336574,1.624,1.627,900
2026-03-17 23:30:00+00:00,2026-03-17 23:44:59.999000+00:00,1.627,1.62742857,1.61749149,1.61958647,900
2026-03-17 23:45:00+00:00,2026-03-17 23:59:59.999000+00:00,1.61958646,1.62265998,1.61601816,1.62020232,900
2026-03-18 00:00:00+00:00,2026-03-18 00:14:59.999000+00:00,1.62021695,1.62433012,1.618,1.61891088,900
2026-03-18 00:15:00+00:00,2026-03-18 00:29:59.999000+00:00,1.61891087,1.62966688,1.61680635,1.62966687,900
2026-03-18 00:30:00+00:00,2026-03-18 00:44:59.999000+00:00,1.63,1.6301235,1.61792706,1.62594441,900
2026-03-18 00:45:00+00:00,2026-03-18 00:59:59.999000+00:00,1.6259444,1.635,1.625,1.63074491,900
2026-03-18 01:00:00+00:00,2026-03-18 01:14:59.999000+00:00,1.6305497,1.634,1.62182283,1.625,900
2026-03-18 01:15:00+00:00,2026-03-18 01:29:59.999000+00:00,1.625,1.63287098,1.62319323,1.63,900
2026-03-18 01:30:00+00:00,2026-03-18 01:44:59.999000+00:00,1.631,1.63743493,1.62423645,1.62860253,900
2026-03-18 01:45:00+00:00,2026-03-18 01:59:59.999000+00:00,1.62860253,1.632,1.62301152,1.62369191,900
2026-03-18 02:00:00+00:00,2026-03-18 02:14:59.999000+00:00,1.624,1.63661279,1.6229727,1.63376964,900
2026-03-18 02:15:00+00:00,2026-03-18 02:29:59.999000+00:00,1.63376964,1.64308392,1.6301825,1.6310375,900
2026-03-18 02:30:00+00:00,2026-03-18 02:44:59.999000+00:00,1.632,1.647,1.63130494,1.646,900
2026-03-18 02:45:00+00:00,2026-03-18 02:59:59.999000+00:00,1.646,1.648,1.63904274,1.641,900
2026-03-18 03:00:00+00:00,2026-03-18 03:14:59.999000+00:00,1.641,1.643,1.63324737,1.63387067,900
2026-03-18 03:15:00+00:00,2026-03-18 03:29:59.999000+00:00,1.63387067,1.646,1.63376213,1.64554095,900
2026-03-18 03:30:00+00:00,2026-03-18 03:44:59.999000+00:00,1.64554095,1.65244087,1.64286458,1.64301934,900
2026-03-18 03:45:00+00:00,2026-03-18 03:59:59.999000+00:00,1.64304129,1.644,1.63460833,1.63664175,900
2026-03-18 04:00:00+00:00,2026-03-18 04:14:59.999000+00:00,1.63665635,1.63665635,1.6293852,1.63250002,900
2026-03-18 04:15:00+00:00,2026-03-18 04:29:59.999000+00:00,1.63249999,1.641,1.62820571,1.638,900
2026-03-18 04:30:00+00:00,2026-03-18 04:44:59.999000+00:00,1.639,1.644,1.634,1.63881699,900
2026-03-18 04:45:00+00:00,2026-03-18 04:59:59.999000+00:00,1.639,1.642,1.631,1.635,900
2026-03-18 05:00:00+00:00,2026-03-18 05:14:59.999000+00:00,1.635,1.64877269,1.63472686,1.64458755,900
2026-03-18 05:15:00+00:00,2026-03-18 05:29:59.999000+00:00,1.64457289,1.646,1.6321033,1.6322218,900
2026-03-18 05:30:00+00:00,2026-03-18 05:44:59.999000+00:00,1.6322218,1.633,1.62606388,1.62808608,900
2026-03-18 05:45:00+00:00,2026-03-18 05:59:59.999000+00:00,1.628,1.629,1.624,1.626,900
2026-03-18 06:00:00+00:00,2026-03-18 06:14:59.999000+00:00,1.626,1.63017594,1.62451967,1.63,900
2026-03-18 06:15:00+00:00,2026-03-18 06:29:59.999000+00:00,1.63,1.635,1.62711509,1.63398748,900
2026-03-18 06:30:00+00:00,2026-03-18 06:44:59.999000+00:00,1.63398748,1.6381359,1.631,1.633,900
2026-03-18 06:45:00+00:00,2026-03-18 06:59:59.999000+00:00,1.633,1.634,1.624,1.62608318,899
2026-03-18 07:00:00+00:00,2026-03-18 07:14:59.999000+00:00,1.62608318,1.63,1.62219629,1.62841448,899
2026-03-18 07:15:00+00:00,2026-03-18 07:29:59.999000+00:00,1.62841448,1.629,1.62136994,1.6234284,900
2026-03-18 07:30:00+00:00,2026-03-18 07:44:59.999000+00:00,1.6234284,1.62592417,1.619,1.62,900
2026-03-18 07:45:00+00:00,2026-03-18 07:59:59.999000+00:00,1.62,1.62522642,1.61906449,1.624,900
2026-03-18 08:00:00+00:00,2026-03-18 08:14:59.999000+00:00,1.62344562,1.63520671,1.62344562,1.62630785,900
2026-03-18 08:15:00+00:00,2026-03-18 08:29:59.999000+00:00,1.62630785,1.628,1.621,1.625,900
2026-03-18 08:30:00+00:00,2026-03-18 08:44:59.999000+00:00,1.625,1.625,1.62003363,1.6235364,900
2026-03-18 08:45:00+00:00,2026-03-18 08:59:59.999000+00:00,1.62368551,1.62406783,1.62122465,1.62372987,900
2026-03-18 09:00:00+00:00,2026-03-18 09:14:59.999000+00:00,1.62356925,1.63083951,1.622,1.629,900
2026-03-18 09:15:00+00:00,2026-03-18 09:29:59.999000+00:00,1.62999434,1.63743057,1.62751107,1.63257665,900
2026-03-18 09:30:00+00:00,2026-03-18 09:44:59.999000+00:00,1.63257665,1.63906535,1.63205348,1.634,900
2026-03-18 09:45:00+00:00,2026-03-18 09:59:59.999000+00:00,1.634,1.63600551,1.62936596,1.633,900
2026-03-18 10:00:00+00:00,2026-03-18 10:14:59.999000+00:00,1.633,1.63602064,1.62978198,1.636,900
2026-03-18 10:15:00+00:00,2026-03-18 10:29:59.999000+00:00,1.636,1.63742367,1.63107254,1.6345127,900
2026-03-18 10:30:00+00:00,2026-03-18 10:44:59.999000+00:00,1.6345127,1.63694216,1.63080499,1.63187772,900
2026-03-18 10:45:00+00:00,2026-03-18 10:59:59.999000+00:00,1.63139307,1.63555481,1.63020121,1.63264741,900
2026-03-18 11:00:00+00:00,2026-03-18 11:14:59.999000+00:00,1.63264741,1.635,1.63,1.63159453,900
2026-03-18 11:15:00+00:00,2026-03-18 11:29:59.999000+00:00,1.63179471,1.634,1.622,1.6239084,900
2026-03-18 11:30:00+00:00,2026-03-18 11:44:59.999000+00:00,1.62385071,1.62486356,1.592,1.60345348,900
2026-03-18 11:45:00+00:00,2026-03-18 11:59:59.999000+00:00,1.60389423,1.60389423,1.59294293,1.60262904,900
2026-03-18 12:00:00+00:00,2026-03-18 12:14:59.999000+00:00,1.603,1.603,1.58712123,1.59340058,900
2026-03-18 12:15:00+00:00,2026-03-18 12:29:59.999000+00:00,1.59340058,1.59951258,1.5929467,1.59902585,900
2026-03-18 12:30:00+00:00,2026-03-18 12:44:59.999000+00:00,1.599,1.599,1.58084296,1.59210518,900
2026-03-18 12:45:00+00:00,2026-03-18 12:59:59.999000+00:00,1.5921125,1.5921125,1.58,1.58791914,900
2026-03-18 13:00:00+00:00,2026-03-18 13:14:59.999000+00:00,1.58736973,1.595,1.58118575,1.595,900
2026-03-18 13:15:00+00:00,2026-03-18 13:29:59.999000+00:00,1.595,1.595,1.58330519,1.58811064,900
2026-03-18 13:30:00+00:00,2026-03-18 13:44:59.999000+00:00,1.58811067,1.59428256,1.582,1.586,900
2026-03-18 13:45:00+00:00,2026-03-18 13:59:59.999000+00:00,1.586,1.58895886,1.57833955,1.581,900
2026-03-18 14:00:00+00:00,2026-03-18 14:14:59.999000+00:00,1.581,1.5824406,1.571,1.573,900
2026-03-18 14:15:00+00:00,2026-03-18 14:29:59.999000+00:00,1.573,1.57513195,1.56662842,1.56763389,900
2026-03-18 14:30:00+00:00,2026-03-18 14:44:59.999000+00:00,1.56768068,1.57025478,1.554,1.555,900
2026-03-18 14:45:00+00:00,2026-03-18 14:59:59.999000+00:00,1.55424403,1.56054014,1.55000382,1.552,900
2026-03-18 15:00:00+00:00,2026-03-18 15:14:59.999000+00:00,1.55127026,1.55519981,1.537,1.54814796,900
2026-03-18 15:15:00+00:00,2026-03-18 15:29:59.999000+00:00,1.54820916,1.55912219,1.54820916,1.55832475,900
2026-03-18 15:30:00+00:00,2026-03-18 15:44:59.999000+00:00,1.55831746,1.55985288,1.552,1.55448493,900
2026-03-18 15:45:00+00:00,2026-03-18 15:59:59.999000+00:00,1.55476297,1.563,1.55402811,1.56,900
2026-03-18 16:00:00+00:00,2026-03-18 16:14:59.999000+00:00,1.56,1.561,1.553,1.55711034,900
2026-03-18 16:15:00+00:00,2026-03-18 16:29:59.999000+00:00,1.55706503,1.56002116,1.555,1.55708201,900
2026-03-18 16:30:00+00:00,2026-03-18 16:44:59.999000+00:00,1.55709836,1.56,1.549,1.55660317,900
2026-03-18 16:45:00+00:00,2026-03-18 16:59:59.999000+00:00,1.55658311,1.559,1.553,1.553,900
2026-03-18 17:00:00+00:00,2026-03-18 17:14:59.999000+00:00,1.553,1.55352896,1.548,1.54943891,900
2026-03-18 17:15:00+00:00,2026-03-18 17:29:59.999000+00:00,1.54946563,1.558,1.54436621,1.558,900
2026-03-18 17:30:00+00:00,2026-03-18 17:44:59.999000+00:00,1.558,1.57,1.55364931,1.562,900
2026-03-18 17:45:00+00:00,2026-03-18 17:59:59.999000+00:00,1.562,1.563,1.55609241,1.55909013,900
2026-03-18 18:00:00+00:00,2026-03-18 18:14:59.999000+00:00,1.55909013,1.57474813,1.559,1.572,900
2026-03-18 18:15:00+00:00,2026-03-18 18:29:59.999000+00:00,1.572,1.572,1.55816173,1.56247419,900
2026-03-18 18:30:00+00:00,2026-03-18 18:44:59.999000+00:00,1.56245571,1.57125309,1.56230298,1.56939402,900
2026-03-18 18:45:00+00:00,2026-03-18 18:59:59.999000+00:00,1.56938723,1.57006607,1.5510756,1.557,900
2026-03-18 19:00:00+00:00,2026-03-18 19:14:59.999000+00:00,1.557,1.565,1.556,1.56,900
2026-03-18 19:15:00+00:00,2026-03-18 19:29:59.999000+00:00,1.56,1.567,1.55647741,1.558,900
2026-03-18 19:30:00+00:00,2026-03-18 19:44:59.999000+00:00,1.55703608,1.559,1.551,1.553,900
2026-03-18 19:45:00+00:00,2026-03-18 19:59:59.999000+00:00,1.553,1.55379794,1.54820718,1.55127905,900
2026-03-18 20:00:00+00:00,2026-03-18 20:14:59.999000+00:00,1.55131411,1.5521144,1.53939528,1.54824459,900
2026-03-18 20:15:00+00:00,2026-03-18 20:29:59.999000+00:00,1.54822263,1.55006498,1.545,1.548,900
2026-03-18 20:30:00+00:00,2026-03-18 20:44:59.999000+00:00,1.548,1.558,1.547,1.55765874,900
2026-03-18 20:45:00+00:00,2026-03-18 20:59:59.999000+00:00,1.558,1.562,1.55596785,1.561,900
2026-03-18 21:00:00+00:00,2026-03-18 21:14:59.999000+00:00,1.561,1.564,1.559,1.56037809,900
2026-03-18 21:15:00+00:00,2026-03-18 21:29:59.999000+00:00,1.56037809,1.561,1.55463126,1.55571668,900
2026-03-18 21:30:00+00:00,2026-03-18 21:44:59.999000+00:00,1.55571668,1.562,1.55431194,1.55833061,900
2026-03-18 21:45:00+00:00,2026-03-18 21:59:59.999000+00:00,1.55839646,1.561,1.558,1.56,900
2026-03-18 22:00:00+00:00,2026-03-18 22:14:59.999000+00:00,1.56,1.56,1.55230776,1.55589435,900
2026-03-18 22:15:00+00:00,2026-03-18 22:29:59.999000+00:00,1.555887,1.562,1.55426408,1.56110984,900
2026-03-18 22:30:00+00:00,2026-03-18 22:44:59.999000+00:00,1.56110984,1.56416051,1.561,1.56294723,900
2026-03-18 22:45:00+00:00,2026-03-18 22:59:59.999000+00:00,1.56294723,1.56605805,1.55850521,1.56553058,900
2026-03-18 23:00:00+00:00,2026-03-18 23:14:59.999000+00:00,1.56553061,1.56553061,1.55761439,1.55889404,900
2026-03-18 23:15:00+00:00,2026-03-18 23:29:59.999000+00:00,1.55889404,1.561,1.55352822,1.55980653,900
2026-03-18 23:30:00+00:00,2026-03-18 23:44:59.999000+00:00,1.56,1.56800392,1.55901219,1.567,900
2026-03-18 23:45:00+00:00,2026-03-18 23:59:59.999000+00:00,1.567,1.57700386,1.56623521,1.57636686,900
2026-03-19 00:00:00+00:00,2026-03-19 00:14:59.999000+00:00,1.577,1.57713768,1.569,1.57387596,900
2026-03-19 00:15:00+00:00,2026-03-19 00:29:59.999000+00:00,1.57376846,1.574,1.56248301,1.56999784,900
2026-03-19 00:30:00+00:00,2026-03-19 00:44:59.999000+00:00,1.56999781,1.56999781,1.56118111,1.56236867,900
2026-03-19 00:45:00+00:00,2026-03-19 00:59:59.999000+00:00,1.563,1.56416692,1.55902367,1.562,900
2026-03-19 01:00:00+00:00,2026-03-19 01:14:59.999000+00:00,1.562,1.563,1.55411486,1.55744859,900
2026-03-19 01:15:00+00:00,2026-03-19 01:29:59.999000+00:00,1.55744859,1.561,1.55509053,1.55919479,900
2026-03-19 01:30:00+00:00,2026-03-19 01:44:59.999000+00:00,1.55919479,1.561,1.55519261,1.56,900
2026-03-19 01:45:00+00:00,2026-03-19 01:59:59.999000+00:00,1.56,1.561,1.557,1.55778672,900
2026-03-19 02:00:00+00:00,2026-03-19 02:14:59.999000+00:00,1.55778672,1.558,1.55,1.55552261,900
2026-03-19 02:15:00+00:00,2026-03-19 02:29:59.999000+00:00,1.55552264,1.557,1.552,1.55351955,900
2026-03-19 02:30:00+00:00,2026-03-19 02:44:59.999000+00:00,1.554,1.55609195,1.55244167,1.555,900
2026-03-19 02:45:00+00:00,2026-03-19 02:59:59.999000+00:00,1.555,1.555,1.54607915,1.54741704,900
2026-03-19 03:00:00+00:00,2026-03-19 03:14:59.999000+00:00,1.54741704,1.553,1.545,1.552,900
2026-03-19 03:15:00+00:00,2026-03-19 03:29:59.999000+00:00,1.552,1.56997911,1.552,1.56681195,900
2026-03-19 03:30:00+00:00,2026-03-19 03:44:59.999000+00:00,1.56681195,1.568,1.55168612,1.55310623,900
2026-03-19 03:45:00+00:00,2026-03-19 03:59:59.999000+00:00,1.55321363,1.55903373,1.55150089,1.55352099,900
2026-03-19 04:00:00+00:00,2026-03-19 04:14:59.999000+00:00,1.55351942,1.557,1.54933437,1.55449998,900
2026-03-19 04:15:00+00:00,2026-03-19 04:29:59.999000+00:00,1.55450001,1.55679644,1.55219781,1.55499556,900
2026-03-19 04:30:00+00:00,2026-03-19 04:44:59.999000+00:00,1.55499556,1.55786096,1.55213149,1.55491817,900
2026-03-19 04:45:00+00:00,2026-03-19 04:59:59.999000+00:00,1.55491088,1.55695401,1.54939432,1.55241249,900
2026-03-19 05:00:00+00:00,2026-03-19 05:14:59.999000+00:00,1.55245715,1.55491754,1.55058098,1.55144138,900
2026-03-19 05:15:00+00:00,2026-03-19 05:29:59.999000+00:00,1.552,1.55229833,1.54131832,1.54179878,900
2026-03-19 05:30:00+00:00,2026-03-19 05:44:59.999000+00:00,1.54179878,1.54423621,1.54,1.54022626,900
2026-03-19 05:45:00+00:00,2026-03-19 05:59:59.999000+00:00,1.54022626,1.54500514,1.54021163,1.544,900
2026-03-19 06:00:00+00:00,2026-03-19 06:14:59.999000+00:00,1.544,1.54789145,1.542,1.5459686,900
2026-03-19 06:15:00+00:00,2026-03-19 06:29:59.999000+00:00,1.54596129,1.54968384,1.54453542,1.54505071,900
2026-03-19 06:30:00+00:00,2026-03-19 06:44:59.999000+00:00,1.54486488,1.54716975,1.542,1.54651992,900
2026-03-19 06:45:00+00:00,2026-03-19 06:59:59.999000+00:00,1.54651989,1.5492294,1.54438622,1.545,900
2026-03-19 07:00:00+00:00,2026-03-19 07:14:59.999000+00:00,1.545,1.546,1.53602226,1.53635107,900
2026-03-19 07:15:00+00:00,2026-03-19 07:29:59.999000+00:00,1.53635107,1.538,1.52419521,1.53016048,900
2026-03-19 07:30:00+00:00,2026-03-19 07:44:59.999000+00:00,1.53009183,1.54287636,1.52900196,1.53880326,900
2026-03-19 07:45:00+00:00,2026-03-19 07:59:59.999000+00:00,1.53876937,1.53878514,1.53156276,1.532,900
2026-03-19 08:00:00+00:00,2026-03-19 08:14:59.999000+00:00,1.532,1.53609852,1.531,1.533,900
2026-03-19 08:15:00+00:00,2026-03-19 08:29:59.999000+00:00,1.533,1.53529727,1.52850373,1.52903465,900
2026-03-19 08:30:00+00:00,2026-03-19 08:44:59.999000+00:00,1.52905264,1.53515331,1.52696314,1.53183959,900
2026-03-19 08:45:00+00:00,2026-03-19 08:59:59.999000+00:00,1.53133859,1.533,1.5284099,1.52916612,900
2026-03-19 09:00:00+00:00,2026-03-19 09:14:59.999000+00:00,1.52916612,1.5352639,1.5288398,1.53200811,900
2026-03-19 09:15:00+00:00,2026-03-19 09:29:59.999000+00:00,1.53200815,1.54379926,1.53033198,1.53798522,900
2026-03-19 09:30:00+00:00,2026-03-19 09:44:59.999000+00:00,1.53809501,1.543,1.53729808,1.54197316,900
2026-03-19 09:45:00+00:00,2026-03-19 09:59:59.999000+00:00,1.54197316,1.54659051,1.54134449,1.546,900
2026-03-19 10:00:00+00:00,2026-03-19 10:14:59.999000+00:00,1.546,1.546,1.5420328,1.544,900
2026-03-19 10:15:00+00:00,2026-03-19 10:29:59.999000+00:00,1.544,1.54485882,1.538,1.539,900
2026-03-19 10:30:00+00:00,2026-03-19 10:44:59.999000+00:00,1.539,1.539,1.533,1.53307336,900
2026-03-19 10:45:00+00:00,2026-03-19 10:59:59.999000+00:00,1.53309995,1.53459822,1.52944196,1.53,900
2026-03-19 11:00:00+00:00,2026-03-19 11:14:59.999000+00:00,1.52948352,1.53306485,1.529,1.53151052,900
2026-03-19 11:15:00+00:00,2026-03-19 11:29:59.999000+00:00,1.53148125,1.53704667,1.531,1.53703935,900
2026-03-19 11:30:00+00:00,2026-03-19 11:44:59.999000+00:00,1.53711984,1.54228918,1.537,1.53728487,900
2026-03-19 11:45:00+00:00,2026-03-19 11:59:59.999000+00:00,1.53730345,1.53967367,1.53626836,1.53938776,900
2026-03-19 12:00:00+00:00,2026-03-19 12:14:59.999000+00:00,1.53938776,1.54212004,1.537,1.542,900
2026-03-19 12:15:00+00:00,2026-03-19 12:29:59.999000+00:00,1.542,1.542,1.52904714,1.53034448,900
2026-03-19 12:30:00+00:00,2026-03-19 12:44:59.999000+00:00,1.53034448,1.53409633,1.52734986,1.53019725,900
2026-03-19 12:45:00+00:00,2026-03-19 12:59:59.999000+00:00,1.53018482,1.53019314,1.52073368,1.52133196,900
2026-03-19 13:00:00+00:00,2026-03-19 13:14:59.999000+00:00,1.522,1.52633003,1.51166582,1.512,900
2026-03-19 13:15:00+00:00,2026-03-19 13:29:59.999000+00:00,1.512,1.522,1.51163995,1.516,900
2026-03-19 13:30:00+00:00,2026-03-19 13:44:59.999000+00:00,1.51575503,1.527,1.51128888,1.52475394,900
2026-03-19 13:45:00+00:00,2026-03-19 13:59:59.999000+00:00,1.52475394,1.52583204,1.52004091,1.524,900
2026-03-19 14:00:00+00:00,2026-03-19 14:14:59.999000+00:00,1.524,1.529,1.514,1.514,900
2026-03-19 14:15:00+00:00,2026-03-19 14:29:59.999000+00:00,1.514,1.515,1.50657781,1.508,900
2026-03-19 14:30:00+00:00,2026-03-19 14:44:59.999000+00:00,1.50843269,1.513,1.507,1.51084617,900
2026-03-19 14:45:00+00:00,2026-03-19 14:59:59.999000+00:00,1.51084617,1.51503505,1.50882026,1.511,900
2026-03-19 15:00:00+00:00,2026-03-19 15:14:59.999000+00:00,1.51083727,1.5191955,1.50908804,1.51,900
2026-03-19 15:15:00+00:00,2026-03-19 15:29:59.999000+00:00,1.51,1.512,1.5,1.50409033,900
2026-03-19 15:30:00+00:00,2026-03-19 15:44:59.999000+00:00,1.50410294,1.508,1.503,1.504,900
2026-03-19 15:45:00+00:00,2026-03-19 15:59:59.999000+00:00,1.50375412,1.52206976,1.50242078,1.521,900
2026-03-19 16:00:00+00:00,2026-03-19 16:14:59.999000+00:00,1.521,1.521,1.513,1.515,900
2026-03-19 16:15:00+00:00,2026-03-19 16:29:59.999000+00:00,1.515,1.516,1.50932845,1.51,900
2026-03-19 16:30:00+00:00,2026-03-19 16:44:59.999000+00:00,1.50983421,1.515,1.50456608,1.51167176,900
2026-03-19 16:45:00+00:00,2026-03-19 16:59:59.999000+00:00,1.51167176,1.513,1.50741025,1.50951139,900
2026-03-19 17:00:00+00:00,2026-03-19 17:14:59.999000+00:00,1.50951139,1.51,1.49611286,1.498,900
2026-03-19 17:15:00+00:00,2026-03-19 17:29:59.999000+00:00,1.49819702,1.51116168,1.495,1.50849798,900
2026-03-19 17:30:00+00:00,2026-03-19 17:44:59.999000+00:00,1.50849798,1.511,1.50461084,1.50775689,900
2026-03-19 17:45:00+00:00,2026-03-19 17:59:59.999000+00:00,1.50777152,1.51403779,1.50639461,1.51305154,900
2026-03-19 18:00:00+00:00,2026-03-19 18:14:59.999000+00:00,1.51305883,1.515,1.5094875,1.511,900
2026-03-19 18:15:00+00:00,2026-03-19 18:29:59.999000+00:00,1.511,1.514,1.509,1.511,900
2026-03-19 18:30:00+00:00,2026-03-19 18:44:59.999000+00:00,1.511,1.51283406,1.50818564,1.51281937,900
2026-03-19 18:45:00+00:00,2026-03-19 18:59:59.999000+00:00,1.513,1.515,1.50824297,1.5141609,900
2026-03-19 19:00:00+00:00,2026-03-19 19:14:59.999000+00:00,1.51414626,1.532,1.51388144,1.527,900
2026-03-19 19:15:00+00:00,2026-03-19 19:29:59.999000+00:00,1.527,1.53487871,1.525,1.529,900
2026-03-19 19:30:00+00:00,2026-03-19 19:44:59.999000+00:00,1.529,1.533,1.52381348,1.53201641,900
2026-03-19 19:45:00+00:00,2026-03-19 19:59:59.999000+00:00,1.532,1.534,1.52632789,1.53,900
2026-03-19 20:00:00+00:00,2026-03-19 20:14:59.999000+00:00,1.53,1.53356796,1.52702399,1.52750706,900
2026-03-19 20:15:00+00:00,2026-03-19 20:29:59.999000+00:00,1.52750702,1.53,1.52518755,1.526,900
2026-03-19 20:30:00+00:00,2026-03-19 20:44:59.999000+00:00,1.526,1.53374278,1.526,1.52845975,900
2026-03-19 20:45:00+00:00,2026-03-19 20:59:59.999000+00:00,1.52848902,1.53,1.52695898,1.529,900
2026-03-19 21:00:00+00:00,2026-03-19 21:14:59.999000+00:00,1.529,1.532,1.52644286,1.532,900
2026-03-19 21:15:00+00:00,2026-03-19 21:29:59.999000+00:00,1.532,1.532,1.52436245,1.52554432,900
2026-03-19 21:30:00+00:00,2026-03-19 21:44:59.999000+00:00,1.526,1.52834988,1.52423452,1.526,900
2026-03-19 21:45:00+00:00,2026-03-19 21:59:59.999000+00:00,1.526,1.52602977,1.51943169,1.523,900
2026-03-19 22:00:00+00:00,2026-03-19 22:14:59.999000+00:00,1.523,1.523,1.51487635,1.51717218,900
2026-03-19 22:15:00+00:00,2026-03-19 22:29:59.999000+00:00,1.51720142,1.51720142,1.51365887,1.51510104,900
2026-03-19 22:30:00+00:00,2026-03-19 22:44:59.999000+00:00,1.5150425,1.5150425,1.50420225,1.50969564,900
2026-03-19 22:45:00+00:00,2026-03-19 22:59:59.999000+00:00,1.50970262,1.51823965,1.50970262,1.518,900
2026-03-19 23:00:00+00:00,2026-03-19 23:14:59.999000+00:00,1.518,1.523,1.518,1.52028754,900
2026-03-19 23:15:00+00:00,2026-03-19 23:29:59.999000+00:00,1.52028754,1.5206141,1.515,1.5205313,900
2026-03-19 23:30:00+00:00,2026-03-19 23:44:59.999000+00:00,1.52061412,1.52231156,1.51640065,1.52,900
2026-03-19 23:45:00+00:00,2026-03-19 23:59:59.999000+00:00,1.52070986,1.525,1.51748919,1.521,900
2026-03-20 00:00:00+00:00,2026-03-20 00:14:59.999000+00:00,1.5205091,1.52541422,1.51894928,1.5245123,900
2026-03-20 00:15:00+00:00,2026-03-20 00:29:59.999000+00:00,1.5245123,1.529,1.51995678,1.52204311,900
2026-03-20 00:30:00+00:00,2026-03-20 00:44:59.999000+00:00,1.52204311,1.52526303,1.52046257,1.525,900
2026-03-20 00:45:00+00:00,2026-03-20 00:59:59.999000+00:00,1.525,1.528,1.524,1.52644936,900
2026-03-20 01:00:00+00:00,2026-03-20 01:14:59.999000+00:00,1.52644936,1.53321597,1.52641312,1.5305146,900
2026-03-20 01:15:00+00:00,2026-03-20 01:29:59.999000+00:00,1.5305146,1.53190299,1.527,1.53060752,900
2026-03-20 01:30:00+00:00,2026-03-20 01:44:59.999000+00:00,1.531,1.543,1.531,1.542,900
2026-03-20 01:45:00+00:00,2026-03-20 01:59:59.999000+00:00,1.542,1.542,1.53511233,1.53562117,900
2026-03-20 02:00:00+00:00,2026-03-20 02:14:59.999000+00:00,1.53562117,1.53906203,1.53248632,1.53635163,900
2026-03-20 02:15:00+00:00,2026-03-20 02:29:59.999000+00:00,1.53635166,1.53993268,1.53121743,1.53157459,900
2026-03-20 02:30:00+00:00,2026-03-20 02:44:59.999000+00:00,1.53157459,1.53889018,1.52704136,1.53752554,900
2026-03-20 02:45:00+00:00,2026-03-20 02:59:59.999000+00:00,1.53752554,1.539,1.534,1.53544828,900
2026-03-20 03:00:00+00:00,2026-03-20 03:14:59.999000+00:00,1.53545556,1.53861274,1.53428586,1.53716533,900
2026-03-20 03:15:00+00:00,2026-03-20 03:29:59.999000+00:00,1.53716533,1.53907069,1.53338326,1.536,900
2026-03-20 03:30:00+00:00,2026-03-20 03:44:59.999000+00:00,1.536,1.539,1.53,1.53035878,900
2026-03-20 03:45:00+00:00,2026-03-20 03:59:59.999000+00:00,1.53035878,1.53311773,1.52920144,1.532,900
2026-03-20 04:00:00+00:00,2026-03-20 04:14:59.999000+00:00,1.532,1.54228681,1.52805372,1.542,900
2026-03-20 04:15:00+00:00,2026-03-20 04:29:59.999000+00:00,1.542,1.544,1.539,1.541,900
2026-03-20 04:30:00+00:00,2026-03-20 04:44:59.999000+00:00,1.541,1.541,1.533,1.5341345,900
2026-03-20 04:45:00+00:00,2026-03-20 04:59:59.999000+00:00,1.5341345,1.54434985,1.53267906,1.54377542,900
2026-03-20 05:00:00+00:00,2026-03-20 05:14:59.999000+00:00,1.54389413,1.55166141,1.54236007,1.54821992,900
2026-03-20 05:15:00+00:00,2026-03-20 05:29:59.999000+00:00,1.5480115,1.55155451,1.54104689,1.54106149,900
2026-03-20 05:30:00+00:00,2026-03-20 05:44:59.999000+00:00,1.542,1.547,1.53902323,1.545,900
2026-03-20 05:45:00+00:00,2026-03-20 05:59:59.999000+00:00,1.545,1.546,1.5404031,1.542,900
2026-03-20 06:00:00+00:00,2026-03-20 06:14:59.999000+00:00,1.542,1.54213135,1.53686128,1.542,900
2026-03-20 06:15:00+00:00,2026-03-20 06:29:59.999000+00:00,1.542,1.544,1.539,1.541,900
2026-03-20 06:30:00+00:00,2026-03-20 06:44:59.999000+00:00,1.541,1.543,1.53717865,1.541,900
2026-03-20 06:45:00+00:00,2026-03-20 06:59:59.999000+00:00,1.54099428,1.546,1.54013727,1.541,900
2026-03-20 07:00:00+00:00,2026-03-20 07:14:59.999000+00:00,1.541,1.541,1.53,1.53034244,900
2026-03-20 07:15:00+00:00,2026-03-20 07:29:59.999000+00:00,1.531,1.534,1.52977397,1.532,900
2026-03-20 07:30:00+00:00,2026-03-20 07:44:59.999000+00:00,1.532,1.54099459,1.53051743,1.53801765,900
2026-03-20 07:45:00+00:00,2026-03-20 07:59:59.999000+00:00,1.53805656,1.539,1.533,1.53615535,900
2026-03-20 08:00:00+00:00,2026-03-20 08:14:59.999000+00:00,1.53616998,1.54740236,1.5334385,1.54352978,900
2026-03-20 08:15:00+00:00,2026-03-20 08:29:59.999000+00:00,1.5434851,1.544,1.538,1.539,900
2026-03-20 08:30:00+00:00,2026-03-20 08:44:59.999000+00:00,1.539,1.54078527,1.5354567,1.536,900
2026-03-20 08:45:00+00:00,2026-03-20 08:59:59.999000+00:00,1.536,1.538,1.5345856,1.5355302,900
2026-03-20 09:00:00+00:00,2026-03-20 09:14:59.999000+00:00,1.53538386,1.53538386,1.527,1.528,900
2026-03-20 09:15:00+00:00,2026-03-20 09:29:59.999000+00:00,1.528,1.528,1.51893664,1.522,900
2026-03-20 09:30:00+00:00,2026-03-20 09:44:59.999000+00:00,1.522,1.53008171,1.52,1.52881101,900
2026-03-20 09:45:00+00:00,2026-03-20 09:59:59.999000+00:00,1.52881101,1.529,1.52215967,1.525543,900
2026-03-20 10:00:00+00:00,2026-03-20 10:14:59.999000+00:00,1.525543,1.527,1.5202032,1.52241493,900
2026-03-20 10:15:00+00:00,2026-03-20 10:29:59.999000+00:00,1.52242959,1.526,1.52107483,1.524,900
2026-03-20 10:30:00+00:00,2026-03-20 10:44:59.999000+00:00,1.524,1.533,1.52304626,1.53,900
2026-03-20 10:45:00+00:00,2026-03-20 10:59:59.999000+00:00,1.53,1.53334741,1.52900891,1.53248075,900
2026-03-20 11:00:00+00:00,2026-03-20 11:14:59.999000+00:00,1.53248075,1.539,1.53137676,1.53881528,900
2026-03-20 11:15:00+00:00,2026-03-20 11:29:59.999000+00:00,1.53881528,1.539,1.5312751,1.5314803,900
2026-03-20 11:30:00+00:00,2026-03-20 11:44:59.999000+00:00,1.5314657,1.532,1.52128412,1.52352066,900
2026-03-20 11:45:00+00:00,2026-03-20 11:59:59.999000+00:00,1.52352066,1.52854781,1.52030239,1.52718066,900
2026-03-20 12:00:00+00:00,2026-03-20 12:14:59.999000+00:00,1.52727575,1.53617812,1.52727575,1.52942968,900
2026-03-20 12:15:00+00:00,2026-03-20 12:29:59.999000+00:00,1.52942968,1.531,1.52516294,1.5285152,900
2026-03-20 12:30:00+00:00,2026-03-20 12:44:59.999000+00:00,1.52854712,1.52940044,1.52360682,1.527,900
2026-03-20 12:45:00+00:00,2026-03-20 12:59:59.999000+00:00,1.527,1.52951867,1.525,1.52861121,900
2026-03-20 13:00:00+00:00,2026-03-20 13:14:59.999000+00:00,1.5286101,1.535,1.528,1.53190839,900
2026-03-20 13:15:00+00:00,2026-03-20 13:29:59.999000+00:00,1.53190842,1.536,1.53081612,1.531,900
2026-03-20 13:30:00+00:00,2026-03-20 13:44:59.999000+00:00,1.53090614,1.53455979,1.52138946,1.53238464,900
2026-03-20 13:45:00+00:00,2026-03-20 13:59:59.999000+00:00,1.53243678,1.5339254,1.52244972,1.52427538,900
2026-03-20 14:00:00+00:00,2026-03-20 14:14:59.999000+00:00,1.52427538,1.53216951,1.51953656,1.525,900
2026-03-20 14:15:00+00:00,2026-03-20 14:29:59.999000+00:00,1.525,1.526,1.51740225,1.523,900
2026-03-20 14:30:00+00:00,2026-03-20 14:44:59.999000+00:00,1.52260038,1.53111213,1.52252724,1.52565036,900
2026-03-20 14:45:00+00:00,2026-03-20 14:59:59.999000+00:00,1.525,1.52681899,1.516,1.517,900
2026-03-20 15:00:00+00:00,2026-03-20 15:14:59.999000+00:00,1.517,1.5218163,1.51291491,1.52154766,900
2026-03-20 15:15:00+00:00,2026-03-20 15:29:59.999000+00:00,1.52180104,1.53048277,1.51840456,1.52391454,900
2026-03-20 15:30:00+00:00,2026-03-20 15:44:59.999000+00:00,1.52369186,1.527,1.52133343,1.52293845,900
2026-03-20 15:45:00+00:00,2026-03-20 15:59:59.999000+00:00,1.52287838,1.52510878,1.52094596,1.52497932,900
2026-03-20 16:00:00+00:00,2026-03-20 16:14:59.999000+00:00,1.52498661,1.52629654,1.517,1.52,900
2026-03-20 16:15:00+00:00,2026-03-20 16:29:59.999000+00:00,1.51949134,1.52384664,1.516,1.522,900
2026-03-20 16:30:00+00:00,2026-03-20 16:44:59.999000+00:00,1.52150949,1.522,1.516,1.51785714,900
2026-03-20 16:45:00+00:00,2026-03-20 16:59:59.999000+00:00,1.51785717,1.52,1.513,1.51653218,900
2026-03-20 17:00:00+00:00,2026-03-20 17:14:59.999000+00:00,1.51653221,1.51905267,1.51320572,1.51495573,900
2026-03-20 17:15:00+00:00,2026-03-20 17:29:59.999000+00:00,1.51496475,1.517,1.50918361,1.512,900
2026-03-20 17:30:00+00:00,2026-03-20 17:44:59.999000+00:00,1.512,1.51314006,1.50469704,1.508,900
2026-03-20 17:45:00+00:00,2026-03-20 17:59:59.999000+00:00,1.508,1.519,1.50640009,1.518,900
2026-03-20 18:00:00+00:00,2026-03-20 18:14:59.999000+00:00,1.518,1.52,1.51525789,1.51828981,900
2026-03-20 18:15:00+00:00,2026-03-20 18:29:59.999000+00:00,1.51828981,1.51828981,1.509,1.509,900
2026-03-20 18:30:00+00:00,2026-03-20 18:44:59.999000+00:00,1.50904139,1.50970933,1.50029538,1.50297041,900
2026-03-20 18:45:00+00:00,2026-03-20 18:59:59.999000+00:00,1.50297044,1.5071757,1.501,1.50394661,900
2026-03-20 19:00:00+00:00,2026-03-20 19:14:59.999000+00:00,1.50345146,1.507,1.49993697,1.503,900
2026-03-20 19:15:00+00:00,2026-03-20 19:29:59.999000+00:00,1.503,1.504,1.497,1.49972441,900
2026-03-20 19:30:00+00:00,2026-03-20 19:44:59.999000+00:00,1.49972441,1.507,1.49439913,1.50678711,900
2026-03-20 19:45:00+00:00,2026-03-20 19:59:59.999000+00:00,1.507,1.51051869,1.50317661,1.509,900
2026-03-20 20:00:00+00:00,2026-03-20 20:14:59.999000+00:00,1.509,1.51,1.506,1.50697055,900
2026-03-20 20:15:00+00:00,2026-03-20 20:29:59.999000+00:00,1.50697059,1.507,1.49911485,1.501,900
2026-03-20 20:30:00+00:00,2026-03-20 20:44:59.999000+00:00,1.501,1.50148496,1.4954358,1.5,900
2026-03-20 20:45:00+00:00,2026-03-20 20:59:59.999000+00:00,1.5,1.507,1.49954015,1.506,900
2026-03-20 21:00:00+00:00,2026-03-20 21:14:59.999000+00:00,1.507,1.50713673,1.50309944,1.50635151,900
2026-03-20 21:15:00+00:00,2026-03-20 21:29:59.999000+00:00,1.50611715,1.516,1.5046801,1.51404372,900
2026-03-20 21:30:00+00:00,2026-03-20 21:44:59.999000+00:00,1.51404372,1.519,1.50847459,1.509,900
2026-03-20 21:45:00+00:00,2026-03-20 21:59:59.999000+00:00,1.509,1.51350638,1.50875738,1.5133556,900
2026-03-20 22:00:00+00:00,2026-03-20 22:14:59.999000+00:00,1.51348644,1.523,1.51344981,1.518,900
2026-03-20 22:15:00+00:00,2026-03-20 22:29:59.999000+00:00,1.518,1.519,1.515,1.51551416,900
2026-03-20 22:30:00+00:00,2026-03-20 22:44:59.999000+00:00,1.51551419,1.516,1.513,1.51466928,900
2026-03-20 22:45:00+00:00,2026-03-20 22:59:59.999000+00:00,1.51462541,1.52,1.51401775,1.51448325,900
2026-03-20 23:00:00+00:00,2026-03-20 23:14:59.999000+00:00,1.51448325,1.515,1.50563335,1.50622143,900
2026-03-20 23:15:00+00:00,2026-03-20 23:29:59.999000+00:00,1.50621267,1.507,1.50175607,1.50332858,900
2026-03-20 23:30:00+00:00,2026-03-20 23:44:59.999000+00:00,1.50332858,1.506,1.50101699,1.50129373,900
2026-03-20 23:45:00+00:00,2026-03-20 23:59:59.999000+00:00,1.50129373,1.505,1.497,1.4985236,900
2026-03-21 00:00:00+00:00,2026-03-21 00:14:59.999000+00:00,1.4980358,1.507,1.498,1.50656567,900
2026-03-21 00:15:00+00:00,2026-03-21 00:29:59.999000+00:00,1.50656567,1.51,1.50497714,1.50730048,900
2026-03-21 00:30:00+00:00,2026-03-21 00:44:59.999000+00:00,1.50731549,1.50816424,1.50440394,1.50646173,900
2026-03-21 00:45:00+00:00,2026-03-21 00:59:59.999000+00:00,1.507,1.51,1.50423397,1.50950001,900
2026-03-21 01:00:00+00:00,2026-03-21 01:14:59.999000+00:00,1.51,1.51212275,1.50909865,1.51104089,900
2026-03-21 01:15:00+00:00,2026-03-21 01:29:59.999000+00:00,1.51104089,1.51104089,1.50535732,1.506,900
2026-03-21 01:30:00+00:00,2026-03-21 01:44:59.999000+00:00,1.50550001,1.508,1.50236667,1.50249977,900
2026-03-21 01:45:00+00:00,2026-03-21 01:59:59.999000+00:00,1.503,1.50436416,1.501,1.5032197,900
2026-03-21 02:00:00+00:00,2026-03-21 02:14:59.999000+00:00,1.5032197,1.505,1.502,1.50347223,900
2026-03-21 02:15:00+00:00,2026-03-21 02:29:59.999000+00:00,1.50347226,1.512,1.50347226,1.51104439,900
2026-03-21 02:30:00+00:00,2026-03-21 02:44:59.999000+00:00,1.51085236,1.514,1.509,1.513,900
2026-03-21 02:45:00+00:00,2026-03-21 02:59:59.999000+00:00,1.513,1.514,1.51041138,1.51152331,900
2026-03-21 03:00:00+00:00,2026-03-21 03:14:59.999000+00:00,1.51153062,1.513,1.50974691,1.51045266,900
2026-03-21 03:15:00+00:00,2026-03-21 03:29:59.999000+00:00,1.51042342,1.51100998,1.508,1.511,900
2026-03-21 03:30:00+00:00,2026-03-21 03:44:59.999000+00:00,1.511,1.51282764,1.50808929,1.51149999,900
2026-03-21 03:45:00+00:00,2026-03-21 03:59:59.999000+00:00,1.512,1.512,1.51,1.511,900
2026-03-21 04:00:00+00:00,2026-03-21 04:14:59.999000+00:00,1.511,1.51489826,1.51050234,1.5115484,900
2026-03-21 04:15:00+00:00,2026-03-21 04:29:59.999000+00:00,1.5115484,1.51308255,1.5107501,1.511,900
2026-03-21 04:30:00+00:00,2026-03-21 04:44:59.999000+00:00,1.511,1.511,1.50712977,1.50811223,900
2026-03-21 04:45:00+00:00,2026-03-21 04:59:59.999000+00:00,1.50811223,1.509,1.5059966,1.50685771,900
2026-03-21 05:00:00+00:00,2026-03-21 05:14:59.999000+00:00,1.50690812,1.51104855,1.5063573,1.50649044,900
2026-03-21 05:15:00+00:00,2026-03-21 05:29:59.999000+00:00,1.50649044,1.509,1.50646543,1.508,900
2026-03-21 05:30:00+00:00,2026-03-21 05:44:59.999000+00:00,1.50769527,1.5123217,1.50715902,1.50862716,900
2026-03-21 05:45:00+00:00,2026-03-21 05:59:59.999000+00:00,1.5086406,1.509,1.50641136,1.508,900
2026-03-21 06:00:00+00:00,2026-03-21 06:14:59.999000+00:00,1.508,1.511,1.50624265,1.51068964,900
2026-03-21 06:15:00+00:00,2026-03-21 06:29:59.999000+00:00,1.51068964,1.514,1.50950008,1.514,900
2026-03-21 06:30:00+00:00,2026-03-21 06:44:59.999000+00:00,1.514,1.51485144,1.51133717,1.51230489,900
2026-03-21 06:45:00+00:00,2026-03-21 06:59:59.999000+00:00,1.5124159,1.51270937,1.50834859,1.50850782,900
2026-03-21 07:00:00+00:00,2026-03-21 07:14:59.999000+00:00,1.50850782,1.50902177,1.50644923,1.50881439,900
2026-03-21 07:15:00+00:00,2026-03-21 07:29:59.999000+00:00,1.50881436,1.51,1.50730557,1.50854089,900
2026-03-21 07:30:00+00:00,2026-03-21 07:44:59.999000+00:00,1.509,1.51,1.50701925,1.50702178,900
2026-03-21 07:45:00+00:00,2026-03-21 07:59:59.999000+00:00,1.50653401,1.507,1.50032412,1.501,900
2026-03-21 08:00:00+00:00,2026-03-21 08:14:59.999000+00:00,1.501,1.502,1.49006279,1.49654538,900
2026-03-21 08:15:00+00:00,2026-03-21 08:29:59.999000+00:00,1.49664896,1.499,1.495,1.496,900
2026-03-21 08:30:00+00:00,2026-03-21 08:44:59.999000+00:00,1.49550757,1.5,1.49444315,1.49940182,900
2026-03-21 08:45:00+00:00,2026-03-21 08:59:59.999000+00:00,1.5,1.502,1.499,1.49971095,900
2026-03-21 09:00:00+00:00,2026-03-21 09:14:59.999000+00:00,1.49971095,1.5068213,1.49859862,1.50343286,900
2026-03-21 09:15:00+00:00,2026-03-21 09:29:59.999000+00:00,1.50343282,1.504,1.498,1.49812311,900
2026-03-21 09:30:00+00:00,2026-03-21 09:44:59.999000+00:00,1.49805725,1.49832431,1.49367896,1.49484128,900
2026-03-21 09:45:00+00:00,2026-03-21 09:59:59.999000+00:00,1.49484128,1.49615008,1.48972891,1.48972891,900
2026-03-21 10:00:00+00:00,2026-03-21 10:14:59.999000+00:00,1.48972891,1.49114847,1.486,1.48832144,900
2026-03-21 10:15:00+00:00,2026-03-21 10:29:59.999000+00:00,1.48832144,1.49,1.48492819,1.485,900
2026-03-21 10:30:00+00:00,2026-03-21 10:44:59.999000+00:00,1.485,1.49289248,1.485,1.49202962,900
2026-03-21 10:45:00+00:00,2026-03-21 10:59:59.999000+00:00,1.49202962,1.495,1.491,1.49361669,900
2026-03-21 11:00:00+00:00,2026-03-21 11:14:59.999000+00:00,1.49361666,1.49400346,1.49138323,1.4914976,900
2026-03-21 11:15:00+00:00,2026-03-21 11:29:59.999000+00:00,1.4914976,1.494,1.49059332,1.491,900
2026-03-21 11:30:00+00:00,2026-03-21 11:44:59.999000+00:00,1.491,1.49310051,1.48949328,1.49042681,900
2026-03-21 11:45:00+00:00,2026-03-21 11:59:59.999000+00:00,1.49042684,1.492,1.488,1.48966172,900
2026-03-21 12:00:00+00:00,2026-03-21 12:14:59.999000+00:00,1.4895936,1.493,1.4890629,1.49115855,900
2026-03-21 12:15:00+00:00,2026-03-21 12:29:59.999000+00:00,1.49115852,1.494,1.49,1.49053317,900
2026-03-21 12:30:00+00:00,2026-03-21 12:44:59.999000+00:00,1.491,1.494,1.488,1.49257207,900
2026-03-21 12:45:00+00:00,2026-03-21 12:59:59.999000+00:00,1.49257207,1.49257207,1.489,1.49050001,900
2026-03-21 13:00:00+00:00,2026-03-21 13:14:59.999000+00:00,1.49050001,1.493,1.49,1.49105039,900
2026-03-21 13:15:00+00:00,2026-03-21 13:29:59.999000+00:00,1.49105042,1.492,1.48878113,1.48878113,900
2026-03-21 13:30:00+00:00,2026-03-21 13:44:59.999000+00:00,1.48876141,1.49,1.48527402,1.48665273,900
2026-03-21 13:45:00+00:00,2026-03-21 13:59:59.999000+00:00,1.48652837,1.49,1.484,1.48749925,900
2026-03-21 14:00:00+00:00,2026-03-21 14:14:59.999000+00:00,1.48755044,1.49741197,1.48755044,1.495,900
2026-03-21 14:15:00+00:00,2026-03-21 14:29:59.999000+00:00,1.49601432,1.497,1.49109279,1.49259608,900
2026-03-21 14:30:00+00:00,2026-03-21 14:44:59.999000+00:00,1.49258145,1.496,1.491,1.493,900
2026-03-21 14:45:00+00:00,2026-03-21 14:59:59.999000+00:00,1.493,1.494,1.48742066,1.488,900
2026-03-21 15:00:00+00:00,2026-03-21 15:14:59.999000+00:00,1.48813208,1.49,1.48662015,1.48951851,900
2026-03-21 15:15:00+00:00,2026-03-21 15:29:59.999000+00:00,1.48952896,1.49460083,1.48811442,1.49460083,900
2026-03-21 15:30:00+00:00,2026-03-21 15:44:59.999000+00:00,1.49460083,1.50110795,1.49460083,1.49642498,900
2026-03-21 15:45:00+00:00,2026-03-21 15:59:59.999000+00:00,1.497,1.50803089,1.49627408,1.50605746,900
2026-03-21 16:00:00+00:00,2026-03-21 16:14:59.999000+00:00,1.507,1.50765274,1.504,1.506,900
2026-03-21 16:15:00+00:00,2026-03-21 16:29:59.999000+00:00,1.506,1.506,1.501,1.50337236,900
2026-03-21 16:30:00+00:00,2026-03-21 16:44:59.999000+00:00,1.50337236,1.50804806,1.502,1.50578088,900
2026-03-21 16:45:00+00:00,2026-03-21 16:59:59.999000+00:00,1.50556945,1.506,1.498,1.5,900
2026-03-21 17:00:00+00:00,2026-03-21 17:14:59.999000+00:00,1.49952661,1.501,1.496,1.49748642,900
2026-03-21 17:15:00+00:00,2026-03-21 17:29:59.999000+00:00,1.49749158,1.49876282,1.49552843,1.49747075,900
2026-03-21 17:30:00+00:00,2026-03-21 17:44:59.999000+00:00,1.49747075,1.50162617,1.497,1.501,900
2026-03-21 17:45:00+00:00,2026-03-21 17:59:59.999000+00:00,1.501,1.50120923,1.49716628,1.49889236,900
2026-03-21 18:00:00+00:00,2026-03-21 18:14:59.999000+00:00,1.49894479,1.50054735,1.49721545,1.49970932,900
2026-03-21 18:15:00+00:00,2026-03-21 18:29:59.999000+00:00,1.49970932,1.50001466,1.496,1.498,900
2026-03-21 18:30:00+00:00,2026-03-21 18:44:59.999000+00:00,1.498,1.5,1.495,1.49672011,900
2026-03-21 18:45:00+00:00,2026-03-21 18:59:59.999000+00:00,1.49672011,1.497715,1.49413508,1.49430765,900
2026-03-21 19:00:00+00:00,2026-03-21 19:14:59.999000+00:00,1.49425226,1.49502634,1.492,1.49250977,900
2026-03-21 19:15:00+00:00,2026-03-21 19:29:59.999000+00:00,1.49253904,1.49505432,1.491,1.49446163,900
2026-03-21 19:30:00+00:00,2026-03-21 19:44:59.999000+00:00,1.49446163,1.496,1.49040407,1.49185239,900
2026-03-21 19:45:00+00:00,2026-03-21 19:59:59.999000+00:00,1.49185239,1.495,1.49157381,1.493,900
2026-03-21 20:00:00+00:00,2026-03-21 20:14:59.999000+00:00,1.493,1.495,1.4904634,1.49345092,900
2026-03-21 20:15:00+00:00,2026-03-21 20:29:59.999000+00:00,1.49340916,1.497,1.491,1.49654373,900
2026-03-21 20:30:00+00:00,2026-03-21 20:44:59.999000+00:00,1.49654373,1.499,1.496,1.49877375,900
2026-03-21 20:45:00+00:00,2026-03-21 20:59:59.999000+00:00,1.498,1.50007642,1.498,1.49949807,900
2026-03-21 21:00:00+00:00,2026-03-21 21:14:59.999000+00:00,1.49949803,1.502,1.49805228,1.49909939,900
2026-03-21 21:15:00+00:00,2026-03-21 21:29:59.999000+00:00,1.49909936,1.49909936,1.4950078,1.49606684,900
2026-03-21 21:30:00+00:00,2026-03-21 21:44:59.999000+00:00,1.49598869,1.49708335,1.494,1.495,900
2026-03-21 21:45:00+00:00,2026-03-21 21:59:59.999000+00:00,1.496,1.497,1.49299835,1.49552219,900
2026-03-21 22:00:00+00:00,2026-03-21 22:14:59.999000+00:00,1.49548353,1.49600294,1.492,1.49594658,900
2026-03-21 22:15:00+00:00,2026-03-21 22:29:59.999000+00:00,1.496,1.496,1.49401843,1.49519999,900
2026-03-21 22:30:00+00:00,2026-03-21 22:44:59.999000+00:00,1.49520002,1.49915132,1.49436827,1.4943683,900
2026-03-21 22:45:00+00:00,2026-03-21 22:59:59.999000+00:00,1.49440001,1.496,1.492,1.49441386,900
2026-03-21 23:00:00+00:00,2026-03-21 23:14:59.999000+00:00,1.49441386,1.49557595,1.493,1.49443992,900
2026-03-21 23:15:00+00:00,2026-03-21 23:29:59.999000+00:00,1.49443992,1.49624603,1.491,1.49156719,900
2026-03-21 23:30:00+00:00,2026-03-21 23:44:59.999000+00:00,1.49156716,1.49416645,1.49,1.49339901,900
2026-03-21 23:45:00+00:00,2026-03-21 23:59:59.999000+00:00,1.49341937,1.494,1.457,1.46620292,900
2026-03-22 00:00:00+00:00,2026-03-22 00:14:59.999000+00:00,1.46620292,1.46620292,1.44234745,1.4535228,900
2026-03-22 00:15:00+00:00,2026-03-22 00:29:59.999000+00:00,1.45352611,1.464,1.45262507,1.46257305,900
2026-03-22 00:30:00+00:00,2026-03-22 00:44:59.999000+00:00,1.46260966,1.47,1.46251647,1.469,900
2026-03-22 00:45:00+00:00,2026-03-22 00:59:59.999000+00:00,1.469,1.472,1.459,1.464,900
2026-03-22 01:00:00+00:00,2026-03-22 01:14:59.999000+00:00,1.4637764,1.470434,1.46355181,1.46910413,900
2026-03-22 01:15:00+00:00,2026-03-22 01:29:59.999000+00:00,1.46908498,1.47,1.46401417,1.46448166,900
2026-03-22 01:30:00+00:00,2026-03-22 01:44:59.999000+00:00,1.465,1.468,1.458,1.46055017,900
2026-03-22 01:45:00+00:00,2026-03-22 01:59:59.999000+00:00,1.461,1.46403181,1.45907877,1.46253182,900
2026-03-22 02:00:00+00:00,2026-03-22 02:14:59.999000+00:00,1.46256111,1.467,1.462,1.46629491,900
2026-03-22 02:15:00+00:00,2026-03-22 02:29:59.999000+00:00,1.46629491,1.47846266,1.464,1.47607678,900
2026-03-22 02:30:00+00:00,2026-03-22 02:44:59.999000+00:00,1.47607678,1.477,1.468,1.46971946,900
2026-03-22 02:45:00+00:00,2026-03-22 02:59:59.999000+00:00,1.46971946,1.474,1.46904051,1.47024458,900
2026-03-22 03:00:00+00:00,2026-03-22 03:14:59.999000+00:00,1.47024458,1.47208267,1.46643574,1.471,900
2026-03-22 03:15:00+00:00,2026-03-22 03:29:59.999000+00:00,1.471,1.479,1.46905152,1.4764064,900
2026-03-22 03:30:00+00:00,2026-03-22 03:44:59.999000+00:00,1.47641375,1.482,1.47315749,1.475,900
2026-03-22 03:45:00+00:00,2026-03-22 03:59:59.999000+00:00,1.47452144,1.476,1.47,1.47050177,900
2026-03-22 04:00:00+00:00,2026-03-22 04:14:59.999000+00:00,1.47050177,1.476,1.46941815,1.474,900
2026-03-22 04:15:00+00:00,2026-03-22 04:29:59.999000+00:00,1.474,1.47923921,1.46848551,1.46951759,900
2026-03-22 04:30:00+00:00,2026-03-22 04:44:59.999000+00:00,1.46951762,1.475,1.46818012,1.47368836,900
2026-03-22 04:45:00+00:00,2026-03-22 04:59:59.999000+00:00,1.47368836,1.47640457,1.47368836,1.47470015,900
2026-03-22 05:00:00+00:00,2026-03-22 05:14:59.999000+00:00,1.47469021,1.475,1.47021747,1.47021749,900
2026-03-22 05:15:00+00:00,2026-03-22 05:29:59.999000+00:00,1.47021749,1.473,1.465,1.465,900
2026-03-22 05:30:00+00:00,2026-03-22 05:44:59.999000+00:00,1.465,1.46616031,1.463,1.4637707,900
2026-03-22 05:45:00+00:00,2026-03-22 05:59:59.999000+00:00,1.46377073,1.465,1.461,1.46250098,900
2026-03-22 06:00:00+00:00,2026-03-22 06:14:59.999000+00:00,1.463,1.463,1.45951869,1.45975582,900
2026-03-22 06:15:00+00:00,2026-03-22 06:29:59.999000+00:00,1.46,1.463,1.45932841,1.46231348,900
2026-03-22 06:30:00+00:00,2026-03-22 06:44:59.999000+00:00,1.46233299,1.46424567,1.46031138,1.46182313,900
2026-03-22 06:45:00+00:00,2026-03-22 06:59:59.999000+00:00,1.46182313,1.46441753,1.45991971,1.463,900
2026-03-22 07:00:00+00:00,2026-03-22 07:14:59.999000+00:00,1.463,1.46516384,1.46129529,1.46184834,900
2026-03-22 07:15:00+00:00,2026-03-22 07:29:59.999000+00:00,1.46184837,1.46334222,1.461,1.462,900
2026-03-22 07:30:00+00:00,2026-03-22 07:44:59.999000+00:00,1.46147532,1.46209429,1.45888615,1.46,900
2026-03-22 07:45:00+00:00,2026-03-22 07:59:59.999000+00:00,1.46,1.46219568,1.45535067,1.45613027,900
2026-03-22 08:00:00+00:00,2026-03-22 08:14:59.999000+00:00,1.45613027,1.45613665,1.449,1.451,900
2026-03-22 08:15:00+00:00,2026-03-22 08:29:59.999000+00:00,1.451,1.45156936,1.44477206,1.44852713,900
2026-03-22 08:30:00+00:00,2026-03-22 08:44:59.999000+00:00,1.4485271,1.4531043,1.44700473,1.45145449,900
2026-03-22 08:45:00+00:00,2026-03-22 08:59:59.999000+00:00,1.45147483,1.453,1.448,1.45151214,900
2026-03-22 09:00:00+00:00,2026-03-22 09:14:59.999000+00:00,1.45151214,1.457,1.45102865,1.457,900
2026-03-22 09:15:00+00:00,2026-03-22 09:29:59.999000+00:00,1.457,1.45725659,1.45010712,1.45139024,900
2026-03-22 09:30:00+00:00,2026-03-22 09:44:59.999000+00:00,1.45139024,1.454,1.45007084,1.453,900
2026-03-22 09:45:00+00:00,2026-03-22 09:59:59.999000+00:00,1.453,1.45404764,1.45145697,1.45243331,900
2026-03-22 10:00:00+00:00,2026-03-22 10:14:59.999000+00:00,1.45242923,1.453,1.44751842,1.449,900
2026-03-22 10:15:00+00:00,2026-03-22 10:29:59.999000+00:00,1.449,1.45,1.4434854,1.444,900
2026-03-22 10:30:00+00:00,2026-03-22 10:44:59.999000+00:00,1.445,1.445,1.43465065,1.43666541,900
2026-03-22 10:45:00+00:00,2026-03-22 10:59:59.999000+00:00,1.43666541,1.438,1.43501655,1.43526377,900
2026-03-22 11:00:00+00:00,2026-03-22 11:14:59.999000+00:00,1.43524075,1.43831301,1.432,1.43546438,900
2026-03-22 11:15:00+00:00,2026-03-22 11:29:59.999000+00:00,1.43546438,1.43802423,1.43332852,1.4356676,900
2026-03-22 11:30:00+00:00,2026-03-22 11:44:59.999000+00:00,1.4356676,1.43935862,1.43429008,1.43734808,900
2026-03-22 11:45:00+00:00,2026-03-22 11:59:59.999000+00:00,1.43734808,1.438,1.43098473,1.4313374,900
2026-03-22 12:00:00+00:00,2026-03-22 12:14:59.999000+00:00,1.43145611,1.4377437,1.43140278,1.437,900
2026-03-22 12:15:00+00:00,2026-03-22 12:29:59.999000+00:00,1.437,1.4478672,1.43583408,1.44643911,900
2026-03-22 12:30:00+00:00,2026-03-22 12:44:59.999000+00:00,1.44640981,1.447,1.44018547,1.44062183,900
2026-03-22 12:45:00+00:00,2026-03-22 12:59:59.999000+00:00,1.44053836,1.441,1.43708061,1.43949659,900
2026-03-22 13:00:00+00:00,2026-03-22 13:14:59.999000+00:00,1.43949358,1.44569509,1.43901571,1.44054086,900
2026-03-22 13:15:00+00:00,2026-03-22 13:29:59.999000+00:00,1.44054083,1.441,1.4342032,1.43605291,900
2026-03-22 13:30:00+00:00,2026-03-22 13:44:59.999000+00:00,1.43605291,1.438,1.43175722,1.433,900
2026-03-22 13:45:00+00:00,2026-03-22 13:59:59.999000+00:00,1.43256509,1.43714267,1.43206297,1.43515253,900
2026-03-22 14:00:00+00:00,2026-03-22 14:14:59.999000+00:00,1.43515253,1.43706089,1.43,1.43565343,900
2026-03-22 14:15:00+00:00,2026-03-22 14:29:59.999000+00:00,1.43565343,1.43861676,1.433,1.43550001,900
2026-03-22 14:30:00+00:00,2026-03-22 14:44:59.999000+00:00,1.436,1.437,1.43307251,1.434,900
2026-03-22 14:45:00+00:00,2026-03-22 14:59:59.999000+00:00,1.43346605,1.43421247,1.43,1.43147876,900
2026-03-22 15:00:00+00:00,2026-03-22 15:14:59.999000+00:00,1.432,1.43798748,1.43141068,1.43552199,900
2026-03-22 15:15:00+00:00,2026-03-22 15:29:59.999000+00:00,1.43552199,1.43635961,1.43171933,1.43324115,900
2026-03-22 15:30:00+00:00,2026-03-22 15:44:59.999000+00:00,1.43327409,1.435,1.43,1.432,900
2026-03-22 15:45:00+00:00,2026-03-22 15:59:59.999000+00:00,1.432,1.434,1.43076346,1.43322436,900
2026-03-22 16:00:00+00:00,2026-03-22 16:14:59.999000+00:00,1.43321178,1.43660852,1.43104972,1.43448628,900
2026-03-22 16:15:00+00:00,2026-03-22 16:29:59.999000+00:00,1.43448628,1.436,1.433,1.43355851,900
2026-03-22 16:30:00+00:00,2026-03-22 16:44:59.999000+00:00,1.43354481,1.4359737,1.42978795,1.43043835,900
2026-03-22 16:45:00+00:00,2026-03-22 16:59:59.999000+00:00,1.43043838,1.43428692,1.43039061,1.43138068,900
2026-03-22 17:00:00+00:00,2026-03-22 17:14:59.999000+00:00,1.432,1.432,1.42638983,1.42888895,900
2026-03-22 17:15:00+00:00,2026-03-22 17:29:59.999000+00:00,1.42888895,1.43454061,1.428,1.432,900
2026-03-22 17:30:00+00:00,2026-03-22 17:44:59.999000+00:00,1.432,1.43401825,1.43068251,1.43132425,900
2026-03-22 17:45:00+00:00,2026-03-22 17:59:59.999000+00:00,1.432,1.43568618,1.431,1.432,900
2026-03-22 18:00:00+00:00,2026-03-22 18:14:59.999000+00:00,1.43159812,1.43598022,1.42990275,1.43479236,900
2026-03-22 18:15:00+00:00,2026-03-22 18:29:59.999000+00:00,1.43479233,1.435,1.43125872,1.43350057,900
2026-03-22 18:30:00+00:00,2026-03-22 18:44:59.999000+00:00,1.43350228,1.43564043,1.423,1.42529453,900
2026-03-22 18:45:00+00:00,2026-03-22 18:59:59.999000+00:00,1.42529453,1.42876745,1.424,1.428,900
2026-03-22 19:00:00+00:00,2026-03-22 19:14:59.999000+00:00,1.428,1.429,1.41901861,1.41925855,900
2026-03-22 19:15:00+00:00,2026-03-22 19:29:59.999000+00:00,1.42,1.421,1.414,1.415,900
2026-03-22 19:30:00+00:00,2026-03-22 19:44:59.999000+00:00,1.415,1.42084178,1.41245678,1.42,900
2026-03-22 19:45:00+00:00,2026-03-22 19:59:59.999000+00:00,1.42,1.42,1.41411028,1.41600068,900
2026-03-22 20:00:00+00:00,2026-03-22 20:14:59.999000+00:00,1.41600068,1.417,1.411,1.414,900
2026-03-22 20:15:00+00:00,2026-03-22 20:29:59.999000+00:00,1.414,1.418,1.412,1.413,900
2026-03-22 20:30:00+00:00,2026-03-22 20:44:59.999000+00:00,1.413,1.41421963,1.40933868,1.413,900
2026-03-22 20:45:00+00:00,2026-03-22 20:59:59.999000+00:00,1.41239312,1.413,1.40763465,1.4106701,900
2026-03-22 21:00:00+00:00,2026-03-22 21:14:59.999000+00:00,1.4106701,1.413,1.39590809,1.404,900
2026-03-22 21:15:00+00:00,2026-03-22 21:29:59.999000+00:00,1.404,1.407,1.392,1.40543622,900
2026-03-22 21:30:00+00:00,2026-03-22 21:44:59.999000+00:00,1.406,1.41380636,1.40331234,1.412,900
2026-03-22 21:45:00+00:00,2026-03-22 21:59:59.999000+00:00,1.412,1.41225732,1.40736858,1.41044845,900
2026-03-22 22:00:00+00:00,2026-03-22 22:14:59.999000+00:00,1.41047635,1.4142812,1.40297791,1.408,900
2026-03-22 22:15:00+00:00,2026-03-22 22:29:59.999000+00:00,1.408,1.42305065,1.407,1.42,900
2026-03-22 22:30:00+00:00,2026-03-22 22:44:59.999000+00:00,1.42,1.421,1.41435539,1.41553295,900
2026-03-22 22:45:00+00:00,2026-03-22 22:59:59.999000+00:00,1.41553295,1.419,1.415,1.41601835,900
2026-03-22 23:00:00+00:00,2026-03-22 23:14:59.999000+00:00,1.41601835,1.422,1.41438015,1.41732607,900
2026-03-22 23:15:00+00:00,2026-03-22 23:29:59.999000+00:00,1.41732607,1.418,1.41400534,1.416,900
2026-03-22 23:30:00+00:00,2026-03-22 23:44:59.999000+00:00,1.416,1.41615276,1.412,1.41230792,900
2026-03-22 23:45:00+00:00,2026-03-22 23:59:59.999000+00:00,1.41223475,1.41229938,1.40828879,1.4107192,900
2026-03-23 00:00:00+00:00,2026-03-23 00:14:59.999000+00:00,1.4107192,1.41703563,1.4107192,1.41413233,900
2026-03-23 00:15:00+00:00,2026-03-23 00:29:59.999000+00:00,1.41413233,1.41936668,1.4126356,1.41516802,900
2026-03-23 00:30:00+00:00,2026-03-23 00:44:59.999000+00:00,1.41509635,1.41670572,1.40850414,1.41655755,900
2026-03-23 00:45:00+00:00,2026-03-23 00:59:59.999000+00:00,1.41651106,1.42225292,1.41635946,1.42088263,900
2026-03-23 01:00:00+00:00,2026-03-23 01:14:59.999000+00:00,1.42087625,1.426,1.41682633,1.42012698,900
2026-03-23 01:15:00+00:00,2026-03-23 01:29:59.999000+00:00,1.421,1.427,1.421,1.42424201,900
2026-03-23 01:30:00+00:00,2026-03-23 01:44:59.999000+00:00,1.42424201,1.429,1.42100508,1.427,900
2026-03-23 01:45:00+00:00,2026-03-23 01:59:59.999000+00:00,1.42632958,1.42810154,1.42238167,1.42238167,900
2026-03-23 02:00:00+00:00,2026-03-23 02:14:59.999000+00:00,1.42230634,1.426,1.4207673,1.42172414,900
2026-03-23 02:15:00+00:00,2026-03-23 02:29:59.999000+00:00,1.42172415,1.43468221,1.42035279,1.43359693,900
2026-03-23 02:30:00+00:00,2026-03-23 02:44:59.999000+00:00,1.43356804,1.434,1.43,1.4300639,900
2026-03-23 02:45:00+00:00,2026-03-23 02:59:59.999000+00:00,1.43005933,1.432,1.429,1.43134435,900
2026-03-23 03:00:00+00:00,2026-03-23 03:14:59.999000+00:00,1.43141889,1.438,1.43045105,1.431,900
2026-03-23 03:15:00+00:00,2026-03-23 03:29:59.999000+00:00,1.431,1.43366149,1.42909045,1.43069794,900
2026-03-23 03:30:00+00:00,2026-03-23 03:44:59.999000+00:00,1.43069794,1.433,1.42937647,1.432,900
2026-03-23 03:45:00+00:00,2026-03-23 03:59:59.999000+00:00,1.432,1.432,1.42868773,1.42930819,900
2026-03-23 04:00:00+00:00,2026-03-23 04:14:59.999000+00:00,1.42979602,1.43322729,1.42910748,1.433,900
2026-03-23 04:15:00+00:00,2026-03-23 04:29:59.999000+00:00,1.43251911,1.434,1.42978272,1.43251955,900
2026-03-23 04:30:00+00:00,2026-03-23 04:44:59.999000+00:00,1.43252623,1.435,1.43151897,1.43276852,900
2026-03-23 04:45:00+00:00,2026-03-23 04:59:59.999000+00:00,1.43276849,1.43906379,1.43240456,1.43813543,900
2026-03-23 05:00:00+00:00,2026-03-23 05:14:59.999000+00:00,1.43813543,1.442,1.43561284,1.437522,900
2026-03-23 05:15:00+00:00,2026-03-23 05:29:59.999000+00:00,1.438,1.439,1.43405879,1.43451602,900
2026-03-23 05:30:00+00:00,2026-03-23 05:44:59.999000+00:00,1.43451602,1.43771078,1.432,1.43308526,900
2026-03-23 05:45:00+00:00,2026-03-23 05:59:59.999000+00:00,1.43308526,1.43817769,1.43150468,1.43643513,900
2026-03-23 06:00:00+00:00,2026-03-23 06:14:59.999000+00:00,1.4364351,1.43686188,1.42610708,1.42703725,900
2026-03-23 06:15:00+00:00,2026-03-23 06:29:59.999000+00:00,1.42719158,1.43,1.4265554,1.42988059,900
2026-03-23 06:30:00+00:00,2026-03-23 06:44:59.999000+00:00,1.42988059,1.43,1.414,1.41516985,900
2026-03-23 06:45:00+00:00,2026-03-23 06:59:59.999000+00:00,1.41520815,1.41721223,1.412,1.41671229,900
2026-03-23 07:00:00+00:00,2026-03-23 07:14:59.999000+00:00,1.41671229,1.41695087,1.40705793,1.41007854,900
2026-03-23 07:15:00+00:00,2026-03-23 07:29:59.999000+00:00,1.41006049,1.41036214,1.40267756,1.40639206,900
2026-03-23 07:30:00+00:00,2026-03-23 07:44:59.999000+00:00,1.40641413,1.419,1.4046806,1.41805957,900
2026-03-23 07:45:00+00:00,2026-03-23 07:59:59.999000+00:00,1.41870252,1.4199168,1.414,1.4141321,900
2026-03-23 08:00:00+00:00,2026-03-23 08:14:59.999000+00:00,1.41411172,1.41921761,1.41411172,1.419,877
2026-03-23 08:15:00+00:00,2026-03-23 08:29:59.999000+00:00,1.419,1.41943126,1.415,1.41802938,900
2026-03-23 08:30:00+00:00,2026-03-23 08:44:59.999000+00:00,1.41802938,1.419,1.413,1.414,900
2026-03-23 08:45:00+00:00,2026-03-23 08:59:59.999000+00:00,1.41484091,1.4148694,1.40642215,1.40765015,900
2026-03-23 09:00:00+00:00,2026-03-23 09:14:59.999000+00:00,1.40765015,1.40881805,1.404,1.40800665,900
2026-03-23 09:15:00+00:00,2026-03-23 09:29:59.999000+00:00,1.40790336,1.412,1.407,1.41083378,900
2026-03-23 09:30:00+00:00,2026-03-23 09:44:59.999000+00:00,1.41083378,1.411,1.40247934,1.409,900
2026-03-23 09:45:00+00:00,2026-03-23 09:59:59.999000+00:00,1.409,1.417,1.409,1.4155596,900
2026-03-23 10:00:00+00:00,2026-03-23 10:14:59.999000+00:00,1.416,1.42324404,1.41529396,1.42081146,900
2026-03-23 10:15:00+00:00,2026-03-23 10:29:59.999000+00:00,1.42081149,1.423,1.41673685,1.41751559,900
2026-03-23 10:30:00+00:00,2026-03-23 10:44:59.999000+00:00,1.41751559,1.41926032,1.41514347,1.41620356,900
2026-03-23 10:45:00+00:00,2026-03-23 10:59:59.999000+00:00,1.41620407,1.41759198,1.413,1.41547613,900
2026-03-23 11:00:00+00:00,2026-03-23 11:14:59.999000+00:00,1.41547613,1.49187693,1.41547613,1.47775223,900
2026-03-23 11:15:00+00:00,2026-03-23 11:29:59.999000+00:00,1.478,1.49020436,1.46506214,1.4757717,900
2026-03-23 11:30:00+00:00,2026-03-23 11:44:59.999000+00:00,1.47582362,1.48870844,1.46950796,1.474,900
2026-03-23 11:45:00+00:00,2026-03-23 11:59:59.999000+00:00,1.474,1.47598595,1.46156001,1.464,900
2026-03-23 12:00:00+00:00,2026-03-23 12:14:59.999000+00:00,1.464,1.4727744,1.45700907,1.46523404,900
2026-03-23 12:15:00+00:00,2026-03-23 12:29:59.999000+00:00,1.465,1.471,1.46221737,1.46444656,900
2026-03-23 12:30:00+00:00,2026-03-23 12:44:59.999000+00:00,1.465,1.475,1.4592249,1.473,900
2026-03-23 12:45:00+00:00,2026-03-23 12:59:59.999000+00:00,1.473,1.475,1.46524086,1.46963395,900
2026-03-23 13:00:00+00:00,2026-03-23 13:14:59.999000+00:00,1.46963185,1.474,1.46177475,1.466,900
2026-03-23 13:15:00+00:00,2026-03-23 13:29:59.999000+00:00,1.466,1.468,1.46344615,1.4653787,900
2026-03-23 13:30:00+00:00,2026-03-23 13:44:59.999000+00:00,1.4653787,1.478,1.462,1.474104,900
2026-03-23 13:45:00+00:00,2026-03-23 13:59:59.999000+00:00,1.47392548,1.483,1.47164344,1.478,900
2026-03-23 14:00:00+00:00,2026-03-23 14:14:59.999000+00:00,1.478,1.486,1.475,1.47506333,900
2026-03-23 14:15:00+00:00,2026-03-23 14:29:59.999000+00:00,1.4751168,1.478,1.46571866,1.46663411,900
2026-03-23 14:30:00+00:00,2026-03-23 14:44:59.999000+00:00,1.46661219,1.468,1.46211342,1.463,900
2026-03-23 14:45:00+00:00,2026-03-23 14:59:59.999000+00:00,1.46217517,1.46608068,1.45845487,1.4652131,900
2026-03-23 15:00:00+00:00,2026-03-23 15:14:59.999000+00:00,1.46509004,1.472,1.46136699,1.465,900
2026-03-23 15:15:00+00:00,2026-03-23 15:29:59.999000+00:00,1.465,1.465,1.44924275,1.44973745,900
2026-03-23 15:30:00+00:00,2026-03-23 15:44:59.999000+00:00,1.44973742,1.451,1.439,1.44126411,900
2026-03-23 15:45:00+00:00,2026-03-23 15:59:59.999000+00:00,1.44126411,1.44841396,1.42992613,1.432,900
2026-03-23 16:00:00+00:00,2026-03-23 16:14:59.999000+00:00,1.432,1.439,1.43018787,1.437,900
2026-03-23 16:15:00+00:00,2026-03-23 16:29:59.999000+00:00,1.437,1.439,1.42523746,1.42717648,900
2026-03-23 16:30:00+00:00,2026-03-23 16:44:59.999000+00:00,1.42717648,1.43637861,1.42501148,1.43442952,900
2026-03-23 16:45:00+00:00,2026-03-23 16:59:59.999000+00:00,1.43446687,1.4401243,1.43444302,1.43657694,900
2026-03-23 17:00:00+00:00,2026-03-23 17:14:59.999000+00:00,1.437,1.439,1.43253834,1.434,900
2026-03-23 17:15:00+00:00,2026-03-23 17:29:59.999000+00:00,1.434,1.434,1.42493722,1.427,900
2026-03-23 17:30:00+00:00,2026-03-23 17:44:59.999000+00:00,1.427,1.43766008,1.42480806,1.43107196,900
2026-03-23 17:45:00+00:00,2026-03-23 17:59:59.999000+00:00,1.43107196,1.434,1.431,1.434,900
2026-03-23 18:00:00+00:00,2026-03-23 18:14:59.999000+00:00,1.434,1.43799501,1.42671166,1.42671166,900
2026-03-23 18:15:00+00:00,2026-03-23 18:29:59.999000+00:00,1.42669094,1.431,1.425,1.43028362,900
2026-03-23 18:30:00+00:00,2026-03-23 18:44:59.999000+00:00,1.43028362,1.44,1.43026043,1.4375819,900
2026-03-23 18:45:00+00:00,2026-03-23 18:59:59.999000+00:00,1.43755264,1.441,1.432,1.439,900
2026-03-23 19:00:00+00:00,2026-03-23 19:14:59.999000+00:00,1.439,1.44,1.43032405,1.433,900
2026-03-23 19:15:00+00:00,2026-03-23 19:29:59.999000+00:00,1.4326809,1.434,1.42460804,1.42753001,900
2026-03-23 19:30:00+00:00,2026-03-23 19:44:59.999000+00:00,1.42754339,1.428,1.41904467,1.421,900
2026-03-23 19:45:00+00:00,2026-03-23 19:59:59.999000+00:00,1.421,1.425,1.4185073,1.42111526,900
2026-03-23 20:00:00+00:00,2026-03-23 20:14:59.999000+00:00,1.422,1.423,1.41767222,1.42,900
2026-03-23 20:15:00+00:00,2026-03-23 20:29:59.999000+00:00,1.41957019,1.421,1.40776349,1.41,900
2026-03-23 20:30:00+00:00,2026-03-23 20:44:59.999000+00:00,1.41,1.426,1.40792515,1.42507964,900
2026-03-23 20:45:00+00:00,2026-03-23 20:59:59.999000+00:00,1.42507964,1.42624158,1.42245112,1.42452151,900
2026-03-23 21:00:00+00:00,2026-03-23 21:14:59.999000+00:00,1.425,1.42901825,1.425,1.427,900
2026-03-23 21:15:00+00:00,2026-03-23 21:29:59.999000+00:00,1.427,1.428,1.424,1.425,900
2026-03-23 21:30:00+00:00,2026-03-23 21:44:59.999000+00:00,1.4249427,1.432,1.42414221,1.42938538,900
2026-03-23 21:45:00+00:00,2026-03-23 21:59:59.999000+00:00,1.42938538,1.431,1.42705454,1.428,900
2026-03-23 22:00:00+00:00,2026-03-23 22:14:59.999000+00:00,1.428,1.429,1.412,1.415,900
2026-03-23 22:15:00+00:00,2026-03-23 22:29:59.999000+00:00,1.41443257,1.41915205,1.4115135,1.41751982,900
2026-03-23 22:30:00+00:00,2026-03-23 22:44:59.999000+00:00,1.418,1.418,1.41300211,1.414,900
2026-03-23 22:45:00+00:00,2026-03-23 22:59:59.999000+00:00,1.41353633,1.414,1.40707906,1.411,900
2026-03-23 23:00:00+00:00,2026-03-23 23:14:59.999000+00:00,1.411,1.411,1.40300788,1.406,900
2026-03-23 23:15:00+00:00,2026-03-23 23:29:59.999000+00:00,1.40555039,1.421,1.403,1.42028456,900
2026-03-23 23:30:00+00:00,2026-03-23 23:44:59.999000+00:00,1.42030572,1.42030572,1.414,1.41824327,900
2026-03-23 23:45:00+00:00,2026-03-23 23:59:59.999000+00:00,1.41824327,1.421,1.41322436,1.41845802,900
2026-03-24 00:00:00+00:00,2026-03-24 00:14:59.999000+00:00,1.41845802,1.422,1.41539359,1.42050855,900
2026-03-24 00:15:00+00:00,2026-03-24 00:29:59.999000+00:00,1.421,1.42436911,1.41446616,1.41447521,900
2026-03-24 00:30:00+00:00,2026-03-24 00:44:59.999000+00:00,1.41447521,1.42014248,1.41190765,1.41410147,900
2026-03-24 00:45:00+00:00,2026-03-24 00:59:59.999000+00:00,1.415,1.424,1.41405808,1.4214292,900
2026-03-24 01:00:00+00:00,2026-03-24 01:14:59.999000+00:00,1.42261156,1.424,1.417,1.419,900
2026-03-24 01:15:00+00:00,2026-03-24 01:29:59.999000+00:00,1.419,1.42292656,1.413,1.41454353,900
2026-03-24 01:30:00+00:00,2026-03-24 01:44:59.999000+00:00,1.415,1.418,1.40780507,1.410372,900
2026-03-24 01:45:00+00:00,2026-03-24 01:59:59.999000+00:00,1.41039536,1.413,1.40606875,1.41136109,900
2026-03-24 02:00:00+00:00,2026-03-24 02:14:59.999000+00:00,1.412,1.4207863,1.41001484,1.417,900
2026-03-24 02:15:00+00:00,2026-03-24 02:29:59.999000+00:00,1.417,1.41989259,1.414,1.419,900
2026-03-24 02:30:00+00:00,2026-03-24 02:44:59.999000+00:00,1.419,1.421,1.41284322,1.418,900
2026-03-24 02:45:00+00:00,2026-03-24 02:59:59.999000+00:00,1.418,1.418,1.41210592,1.41243721,900
2026-03-24 03:00:00+00:00,2026-03-24 03:14:59.999000+00:00,1.41243718,1.416,1.411,1.41149826,900
2026-03-24 03:15:00+00:00,2026-03-24 03:29:59.999000+00:00,1.41142554,1.413,1.407,1.412,900
2026-03-24 03:30:00+00:00,2026-03-24 03:44:59.999000+00:00,1.41183691,1.415,1.408,1.414,900
2026-03-24 03:45:00+00:00,2026-03-24 03:59:59.999000+00:00,1.41355982,1.42399653,1.41148021,1.421,900
2026-03-24 04:00:00+00:00,2026-03-24 04:14:59.999000+00:00,1.421,1.425,1.415,1.417,900
2026-03-24 04:15:00+00:00,2026-03-24 04:29:59.999000+00:00,1.417,1.41760937,1.41201953,1.414,900
2026-03-24 04:30:00+00:00,2026-03-24 04:44:59.999000+00:00,1.4139218,1.416,1.40986705,1.411,900
2026-03-24 04:45:00+00:00,2026-03-24 04:59:59.999000+00:00,1.41103742,1.416,1.411,1.413,900
2026-03-24 05:00:00+00:00,2026-03-24 05:14:59.999000+00:00,1.413,1.413,1.40729621,1.40908954,900
2026-03-24 05:15:00+00:00,2026-03-24 05:29:59.999000+00:00,1.40905117,1.414,1.40905117,1.412,900
2026-03-24 05:30:00+00:00,2026-03-24 05:44:59.999000+00:00,1.41178556,1.418,1.41157347,1.416,900
2026-03-24 05:45:00+00:00,2026-03-24 05:59:59.999000+00:00,1.416,1.418,1.41450308,1.416,900
2026-03-24 06:00:00+00:00,2026-03-24 06:14:59.999000+00:00,1.416,1.41896182,1.41440449,1.417,900
2026-03-24 06:15:00+00:00,2026-03-24 06:29:59.999000+00:00,1.417,1.41757182,1.406,1.40910528,900
2026-03-24 06:30:00+00:00,2026-03-24 06:44:59.999000+00:00,1.40909794,1.41406867,1.40909794,1.41,900
2026-03-24 06:45:00+00:00,2026-03-24 06:59:59.999000+00:00,1.41,1.41774237,1.40997475,1.41545759,900
2026-03-24 07:00:00+00:00,2026-03-24 07:14:59.999000+00:00,1.416,1.422,1.414,1.42079394,900
2026-03-24 07:15:00+00:00,2026-03-24 07:29:59.999000+00:00,1.42076956,1.422,1.416,1.417,900
2026-03-24 07:30:00+00:00,2026-03-24 07:44:59.999000+00:00,1.417,1.42,1.415,1.41714814,900
2026-03-24 07:45:00+00:00,2026-03-24 07:59:59.999000+00:00,1.41724463,1.428,1.4126206,1.426,900
2026-03-24 08:00:00+00:00,2026-03-24 08:14:59.999000+00:00,1.426,1.426,1.419,1.41920032,900
2026-03-24 08:15:00+00:00,2026-03-24 08:29:59.999000+00:00,1.42,1.42,1.41006409,1.41342266,900
2026-03-24 08:30:00+00:00,2026-03-24 08:44:59.999000+00:00,1.41347388,1.421,1.41280489,1.42,900
2026-03-24 08:45:00+00:00,2026-03-24 08:59:59.999000+00:00,1.42,1.42136117,1.41804164,1.41918081,900
2026-03-24 09:00:00+00:00,2026-03-24 09:14:59.999000+00:00,1.419,1.421,1.41026467,1.41031767,900
2026-03-24 09:15:00+00:00,2026-03-24 09:29:59.999000+00:00,1.411,1.41491684,1.40960634,1.41184292,900
2026-03-24 09:30:00+00:00,2026-03-24 09:44:59.999000+00:00,1.41184295,1.4157162,1.41058141,1.41234064,900
2026-03-24 09:45:00+00:00,2026-03-24 09:59:59.999000+00:00,1.41227297,1.414,1.41005125,1.41354161,900
2026-03-24 10:00:00+00:00,2026-03-24 10:14:59.999000+00:00,1.41354161,1.41424035,1.4097988,1.41231234,900
2026-03-24 10:15:00+00:00,2026-03-24 10:29:59.999000+00:00,1.41231237,1.414,1.40900876,1.41,900
2026-03-24 10:30:00+00:00,2026-03-24 10:44:59.999000+00:00,1.41,1.411,1.39605169,1.40135745,900
2026-03-24 10:45:00+00:00,2026-03-24 10:59:59.999000+00:00,1.402,1.405,1.39916986,1.404,900
2026-03-24 11:00:00+00:00,2026-03-24 11:14:59.999000+00:00,1.404,1.404,1.39389346,1.39551085,900
2026-03-24 11:15:00+00:00,2026-03-24 11:29:59.999000+00:00,1.39557468,1.396,1.384,1.38842199,900
2026-03-24 11:30:00+00:00,2026-03-24 11:44:59.999000+00:00,1.38846459,1.394,1.38811573,1.39144515,900
2026-03-24 11:45:00+00:00,2026-03-24 11:59:59.999000+00:00,1.39144515,1.39509543,1.38864914,1.3947246,900
2026-03-24 12:00:00+00:00,2026-03-24 12:14:59.999000+00:00,1.395,1.395,1.389,1.38915614,900
2026-03-24 12:15:00+00:00,2026-03-24 12:29:59.999000+00:00,1.38915614,1.395,1.38812386,1.395,900
2026-03-24 12:30:00+00:00,2026-03-24 12:44:59.999000+00:00,1.39482686,1.397,1.39074018,1.39505463,900
2026-03-24 12:45:00+00:00,2026-03-24 12:59:59.999000+00:00,1.39505463,1.398,1.39,1.39010283,900
2026-03-24 13:00:00+00:00,2026-03-24 13:14:59.999000+00:00,1.39010283,1.39212682,1.38851618,1.392,900
2026-03-24 13:15:00+00:00,2026-03-24 13:29:59.999000+00:00,1.392,1.39917069,1.3895688,1.397,900
2026-03-24 13:30:00+00:00,2026-03-24 13:44:59.999000+00:00,1.397,1.398,1.38750236,1.389,900
2026-03-24 13:45:00+00:00,2026-03-24 13:59:59.999000+00:00,1.389,1.392,1.38453662,1.388,900
2026-03-24 14:00:00+00:00,2026-03-24 14:14:59.999000+00:00,1.38775066,1.396,1.38576578,1.38854401,900
2026-03-24 14:15:00+00:00,2026-03-24 14:29:59.999000+00:00,1.38855864,1.39529238,1.385,1.391,900
2026-03-24 14:30:00+00:00,2026-03-24 14:44:59.999000+00:00,1.391,1.393,1.38804956,1.39,900
2026-03-24 14:45:00+00:00,2026-03-24 14:59:59.999000+00:00,1.38906889,1.404,1.38465931,1.39967026,900
2026-03-24 15:00:00+00:00,2026-03-24 15:14:59.999000+00:00,1.39966295,1.403,1.391,1.39247874,900
2026-03-24 15:15:00+00:00,2026-03-24 15:29:59.999000+00:00,1.39249511,1.395,1.38910358,1.38987543,900
2026-03-24 15:30:00+00:00,2026-03-24 15:44:59.999000+00:00,1.38987546,1.39466595,1.387,1.38778192,900
2026-03-24 15:45:00+00:00,2026-03-24 15:59:59.999000+00:00,1.388,1.388,1.37890304,1.38045171,900
2026-03-24 16:00:00+00:00,2026-03-24 16:14:59.999000+00:00,1.381,1.381,1.37049767,1.37432354,900
2026-03-24 16:15:00+00:00,2026-03-24 16:29:59.999000+00:00,1.375,1.37882021,1.37101851,1.37101867,900
2026-03-24 16:30:00+00:00,2026-03-24 16:44:59.999000+00:00,1.37111281,1.37794546,1.3710798,1.376,900
2026-03-24 16:45:00+00:00,2026-03-24 16:59:59.999000+00:00,1.376,1.377,1.36540474,1.377,900
2026-03-24 17:00:00+00:00,2026-03-24 17:14:59.999000+00:00,1.377,1.378,1.36843815,1.37105189,900
2026-03-24 17:15:00+00:00,2026-03-24 17:29:59.999000+00:00,1.37104167,1.375,1.36835564,1.36839827,900
2026-03-24 17:30:00+00:00,2026-03-24 17:44:59.999000+00:00,1.3684129,1.373,1.362,1.363,900
2026-03-24 17:45:00+00:00,2026-03-24 17:59:59.999000+00:00,1.36270668,1.36762371,1.358,1.36557447,900
2026-03-24 18:00:00+00:00,2026-03-24 18:14:59.999000+00:00,1.366,1.368,1.36147831,1.36225231,900
2026-03-24 18:15:00+00:00,2026-03-24 18:29:59.999000+00:00,1.3622301,1.366,1.36038591,1.366,900
2026-03-24 18:30:00+00:00,2026-03-24 18:44:59.999000+00:00,1.36601099,1.38,1.36601099,1.37441682,900
2026-03-24 18:45:00+00:00,2026-03-24 18:59:59.999000+00:00,1.375,1.37600354,1.37023991,1.372,900
2026-03-24 19:00:00+00:00,2026-03-24 19:14:59.999000+00:00,1.372,1.376,1.37103167,1.373,900
2026-03-24 19:15:00+00:00,2026-03-24 19:29:59.999000+00:00,1.373,1.38090781,1.372,1.379,900
2026-03-24 19:30:00+00:00,2026-03-24 19:44:59.999000+00:00,1.37837279,1.38407857,1.376,1.38294714,900
2026-03-24 19:45:00+00:00,2026-03-24 19:59:59.999000+00:00,1.383,1.383,1.37550013,1.379,900
2026-03-24 20:00:00+00:00,2026-03-24 20:14:59.999000+00:00,1.379,1.38201127,1.377,1.38199667,900
2026-03-24 20:15:00+00:00,2026-03-24 20:29:59.999000+00:00,1.38189718,1.40131424,1.38070751,1.393,900
2026-03-24 20:30:00+00:00,2026-03-24 20:44:59.999000+00:00,1.394,1.39818852,1.392,1.39200595,900
2026-03-24 20:45:00+00:00,2026-03-24 20:59:59.999000+00:00,1.393,1.398,1.388,1.396,900
2026-03-24 21:00:00+00:00,2026-03-24 21:14:59.999000+00:00,1.396,1.398,1.388,1.39,900
2026-03-24 21:15:00+00:00,2026-03-24 21:29:59.999000+00:00,1.39,1.392,1.38282297,1.38801975,900
2026-03-24 21:30:00+00:00,2026-03-24 21:44:59.999000+00:00,1.38798313,1.39260576,1.38561231,1.391,900
2026-03-24 21:45:00+00:00,2026-03-24 21:59:59.999000+00:00,1.391,1.39612117,1.39040101,1.396,900
2026-03-24 22:00:00+00:00,2026-03-24 22:14:59.999000+00:00,1.396,1.39867204,1.393,1.397,900
2026-03-24 22:15:00+00:00,2026-03-24 22:29:59.999000+00:00,1.3964874,1.3964874,1.38877562,1.39,900
2026-03-24 22:30:00+00:00,2026-03-24 22:44:59.999000+00:00,1.389,1.39,1.386,1.389,900
2026-03-24 22:45:00+00:00,2026-03-24 22:59:59.999000+00:00,1.389,1.394,1.38833642,1.393,900
2026-03-24 23:00:00+00:00,2026-03-24 23:14:59.999000+00:00,1.393,1.398,1.392,1.397,900
2026-03-24 23:15:00+00:00,2026-03-24 23:29:59.999000+00:00,1.397,1.404,1.39593049,1.40153304,900
2026-03-24 23:30:00+00:00,2026-03-24 23:44:59.999000+00:00,1.40153304,1.403,1.39729274,1.399,900
2026-03-24 23:45:00+00:00,2026-03-24 23:59:59.999000+00:00,1.399,1.402,1.39647142,1.4,900
2026-03-25 00:00:00+00:00,2026-03-25 00:14:59.999000+00:00,1.4,1.405,1.39588787,1.40084644,900
2026-03-25 00:15:00+00:00,2026-03-25 00:29:59.999000+00:00,1.40084648,1.40088491,1.397,1.39717434,900
2026-03-25 00:30:00+00:00,2026-03-25 00:44:59.999000+00:00,1.39717434,1.407,1.393,1.406,900
2026-03-25 00:45:00+00:00,2026-03-25 00:59:59.999000+00:00,1.406,1.411,1.4044003,1.405,900
2026-03-25 01:00:00+00:00,2026-03-25 01:14:59.999000+00:00,1.405,1.40909706,1.40001295,1.407,900
2026-03-25 01:15:00+00:00,2026-03-25 01:29:59.999000+00:00,1.407,1.407,1.40280846,1.406,900
2026-03-25 01:30:00+00:00,2026-03-25 01:44:59.999000+00:00,1.406,1.41,1.40201333,1.40822423,900
2026-03-25 01:45:00+00:00,2026-03-25 01:59:59.999000+00:00,1.40816132,1.409,1.403,1.40330715,900
2026-03-25 02:00:00+00:00,2026-03-25 02:14:59.999000+00:00,1.40321807,1.406,1.4,1.40386913,900
2026-03-25 02:15:00+00:00,2026-03-25 02:29:59.999000+00:00,1.40386914,1.40690391,1.40114835,1.402,900
2026-03-25 02:30:00+00:00,2026-03-25 02:44:59.999000+00:00,1.40115569,1.403,1.399,1.40217154,900
2026-03-25 02:45:00+00:00,2026-03-25 02:59:59.999000+00:00,1.40217151,1.403,1.39805927,1.39983268,900
2026-03-25 03:00:00+00:00,2026-03-25 03:14:59.999000+00:00,1.39983267,1.40073277,1.39,1.39188684,900
2026-03-25 03:15:00+00:00,2026-03-25 03:29:59.999000+00:00,1.39172542,1.398,1.38937562,1.39745362,900
2026-03-25 03:30:00+00:00,2026-03-25 03:44:59.999000+00:00,1.39793964,1.40106713,1.396,1.39879311,900
2026-03-25 03:45:00+00:00,2026-03-25 03:59:59.999000+00:00,1.39882817,1.402,1.3969556,1.40086421,900
2026-03-25 04:00:00+00:00,2026-03-25 04:14:59.999000+00:00,1.401,1.40292449,1.39827135,1.399,900
2026-03-25 04:15:00+00:00,2026-03-25 04:29:59.999000+00:00,1.39845461,1.399,1.39625973,1.39628209,900
2026-03-25 04:30:00+00:00,2026-03-25 04:44:59.999000+00:00,1.39626746,1.397,1.392,1.393,900
2026-03-25 04:45:00+00:00,2026-03-25 04:59:59.999000+00:00,1.393,1.39541535,1.38960043,1.39363959,900
2026-03-25 05:00:00+00:00,2026-03-25 05:14:59.999000+00:00,1.39365624,1.39895331,1.39007955,1.396,900
2026-03-25 05:15:00+00:00,2026-03-25 05:29:59.999000+00:00,1.39563403,1.39693588,1.39034994,1.39450133,900
2026-03-25 05:30:00+00:00,2026-03-25 05:44:59.999000+00:00,1.39470972,1.39603764,1.393,1.394,900
2026-03-25 05:45:00+00:00,2026-03-25 05:59:59.999000+00:00,1.394,1.39658592,1.38682454,1.388,900
2026-03-25 06:00:00+00:00,2026-03-25 06:14:59.999000+00:00,1.38746178,1.38800435,1.37946477,1.38,900
2026-03-25 06:15:00+00:00,2026-03-25 06:29:59.999000+00:00,1.38,1.38769797,1.37755644,1.38769797,900
2026-03-25 06:30:00+00:00,2026-03-25 06:44:59.999000+00:00,1.38740498,1.38893588,1.38201907,1.384,900
2026-03-25 06:45:00+00:00,2026-03-25 06:59:59.999000+00:00,1.38400201,1.387,1.3814362,1.382,900
2026-03-25 07:00:00+00:00,2026-03-25 07:14:59.999000+00:00,1.382,1.386,1.3801973,1.386,900
2026-03-25 07:15:00+00:00,2026-03-25 07:29:59.999000+00:00,1.386,1.388,1.38,1.38084545,900
2026-03-25 07:30:00+00:00,2026-03-25 07:44:59.999000+00:00,1.38085274,1.387,1.38019129,1.38223159,900
2026-03-25 07:45:00+00:00,2026-03-25 07:59:59.999000+00:00,1.38223156,1.38440061,1.3793835,1.383,900
2026-03-25 08:00:00+00:00,2026-03-25 08:14:59.999000+00:00,1.383,1.385,1.38169308,1.38459588,900
2026-03-25 08:15:00+00:00,2026-03-25 08:29:59.999000+00:00,1.385,1.4001163,1.38462944,1.398,900
2026-03-25 08:30:00+00:00,2026-03-25 08:44:59.999000+00:00,1.398,1.399,1.38612653,1.38949008,900
2026-03-25 08:45:00+00:00,2026-03-25 08:59:59.999000+00:00,1.38949008,1.38949646,1.383,1.38310712,900
2026-03-25 09:00:00+00:00,2026-03-25 09:14:59.999000+00:00,1.38310715,1.38318,1.37557738,1.379,900
2026-03-25 09:15:00+00:00,2026-03-25 09:29:59.999000+00:00,1.379,1.38,1.37602468,1.37701612,900
2026-03-25 09:30:00+00:00,2026-03-25 09:44:59.999000+00:00,1.377,1.383,1.376,1.382,900
2026-03-25 09:45:00+00:00,2026-03-25 09:59:59.999000+00:00,1.383,1.38835389,1.38097864,1.38633494,900
2026-03-25 10:00:00+00:00,2026-03-25 10:14:59.999000+00:00,1.387,1.391,1.38584868,1.39,900
2026-03-25 10:15:00+00:00,2026-03-25 10:29:59.999000+00:00,1.39,1.393,1.3861403,1.39234343,900
2026-03-25 10:30:00+00:00,2026-03-25 10:44:59.999000+00:00,1.39236602,1.39302968,1.38877801,1.392,900
2026-03-25 10:45:00+00:00,2026-03-25 10:59:59.999000+00:00,1.392,1.39475635,1.38726386,1.38775919,900
2026-03-25 11:00:00+00:00,2026-03-25 11:14:59.999000+00:00,1.388,1.391,1.378,1.384,900
2026-03-25 11:15:00+00:00,2026-03-25 11:29:59.999000+00:00,1.38376268,1.393,1.38376268,1.39111993,900
2026-03-25 11:30:00+00:00,2026-03-25 11:44:59.999000+00:00,1.392,1.395,1.39001866,1.39135467,900
2026-03-25 11:45:00+00:00,2026-03-25 11:59:59.999000+00:00,1.39135467,1.393,1.386,1.392,900
2026-03-25 12:00:00+00:00,2026-03-25 12:14:59.999000+00:00,1.39139197,1.39310741,1.38367227,1.389,900
2026-03-25 12:15:00+00:00,2026-03-25 12:29:59.999000+00:00,1.389,1.389,1.37859851,1.382,900
2026-03-25 12:30:00+00:00,2026-03-25 12:44:59.999000+00:00,1.382,1.3830527,1.37925538,1.38062848,900
2026-03-25 12:45:00+00:00,2026-03-25 12:59:59.999000+00:00,1.38062848,1.39103572,1.37931467,1.387,900
2026-03-25 13:00:00+00:00,2026-03-25 13:14:59.999000+00:00,1.387,1.39,1.38141354,1.38316171,900
2026-03-25 13:15:00+00:00,2026-03-25 13:29:59.999000+00:00,1.38316171,1.386,1.37851849,1.38234389,900
2026-03-25 13:30:00+00:00,2026-03-25 13:44:59.999000+00:00,1.38234389,1.386,1.37767046,1.378,900
2026-03-25 13:45:00+00:00,2026-03-25 13:59:59.999000+00:00,1.378,1.38,1.368,1.369,900
2026-03-25 14:00:00+00:00,2026-03-25 14:14:59.999000+00:00,1.36884436,1.372351,1.365,1.370609,900
2026-03-25 14:15:00+00:00,2026-03-25 14:29:59.999000+00:00,1.3705396,1.375,1.36824646,1.36960748,900
2026-03-25 14:30:00+00:00,2026-03-25 14:44:59.999000+00:00,1.36960748,1.375,1.36960748,1.37378861,900
2026-03-25 14:45:00+00:00,2026-03-25 14:59:59.999000+00:00,1.37378861,1.38,1.37278835,1.37541652,900
2026-03-25 15:00:00+00:00,2026-03-25 15:14:59.999000+00:00,1.37555618,1.378,1.368,1.36928624,900
2026-03-25 15:15:00+00:00,2026-03-25 15:29:59.999000+00:00,1.36928624,1.3733805,1.36146004,1.37181553,900
2026-03-25 15:30:00+00:00,2026-03-25 15:44:59.999000+00:00,1.3718813,1.373,1.363,1.36369977,900
2026-03-25 15:45:00+00:00,2026-03-25 15:59:59.999000+00:00,1.364,1.368,1.36321733,1.36569254,900
2026-03-25 16:00:00+00:00,2026-03-25 16:14:59.999000+00:00,1.36569257,1.369,1.36445347,1.36844606,900
2026-03-25 16:15:00+00:00,2026-03-25 16:29:59.999000+00:00,1.36844606,1.38002345,1.36803142,1.37870038,900
2026-03-25 16:30:00+00:00,2026-03-25 16:44:59.999000+00:00,1.3787103,1.38140865,1.36871348,1.36871348,900
2026-03-25 16:45:00+00:00,2026-03-25 16:59:59.999000+00:00,1.369,1.37,1.36351198,1.366,900
2026-03-25 17:00:00+00:00,2026-03-25 17:14:59.999000+00:00,1.366,1.37114748,1.36408647,1.36553667,900
2026-03-25 17:15:00+00:00,2026-03-25 17:29:59.999000+00:00,1.365,1.369,1.36121089,1.36792187,900
2026-03-25 17:30:00+00:00,2026-03-25 17:44:59.999000+00:00,1.36784741,1.37129492,1.36624988,1.37047125,900
2026-03-25 17:45:00+00:00,2026-03-25 17:59:59.999000+00:00,1.3709371,1.3709371,1.364,1.36911968,900
2026-03-25 18:00:00+00:00,2026-03-25 18:14:59.999000+00:00,1.36922209,1.374,1.367,1.373,900
2026-03-25 18:15:00+00:00,2026-03-25 18:29:59.999000+00:00,1.3725462,1.378,1.37205839,1.37652698,900
2026-03-25 18:30:00+00:00,2026-03-25 18:44:59.999000+00:00,1.37660996,1.379,1.3712543,1.373,900
2026-03-25 18:45:00+00:00,2026-03-25 18:59:59.999000+00:00,1.373,1.37615321,1.37016999,1.37131136,900
2026-03-25 19:00:00+00:00,2026-03-25 19:14:59.999000+00:00,1.37131136,1.373,1.36901517,1.372,900
2026-03-25 19:15:00+00:00,2026-03-25 19:29:59.999000+00:00,1.37144617,1.374,1.36926508,1.37169996,900
2026-03-25 19:30:00+00:00,2026-03-25 19:44:59.999000+00:00,1.37169996,1.373,1.365,1.37,900
2026-03-25 19:45:00+00:00,2026-03-25 19:59:59.999000+00:00,1.37,1.37,1.36338546,1.36597345,900
2026-03-25 20:00:00+00:00,2026-03-25 20:14:59.999000+00:00,1.36597342,1.367,1.36138771,1.363,900
2026-03-25 20:15:00+00:00,2026-03-25 20:29:59.999000+00:00,1.363,1.363,1.34838681,1.35,900
2026-03-25 20:30:00+00:00,2026-03-25 20:44:59.999000+00:00,1.34957012,1.35205314,1.34402935,1.35051988,900
2026-03-25 20:45:00+00:00,2026-03-25 20:59:59.999000+00:00,1.35051988,1.354,1.34910253,1.35030527,900
2026-03-25 21:00:00+00:00,2026-03-25 21:14:59.999000+00:00,1.35047486,1.352,1.34738901,1.351,900
2026-03-25 21:15:00+00:00,2026-03-25 21:29:59.999000+00:00,1.351,1.352,1.34704266,1.34876264,900
2026-03-25 21:30:00+00:00,2026-03-25 21:44:59.999000+00:00,1.34876264,1.353,1.34613118,1.35,900
2026-03-25 21:45:00+00:00,2026-03-25 21:59:59.999000+00:00,1.35,1.352,1.348,1.35146327,900
2026-03-25 22:00:00+00:00,2026-03-25 22:14:59.999000+00:00,1.35130142,1.355,1.34675745,1.34886614,900
2026-03-25 22:15:00+00:00,2026-03-25 22:29:59.999000+00:00,1.34877764,1.353,1.34751471,1.351,900
2026-03-25 22:30:00+00:00,2026-03-25 22:44:59.999000+00:00,1.351,1.3625951,1.349,1.359,900
2026-03-25 22:45:00+00:00,2026-03-25 22:59:59.999000+00:00,1.359,1.36,1.35403849,1.35749982,900
2026-03-25 23:00:00+00:00,2026-03-25 23:14:59.999000+00:00,1.35749982,1.35904677,1.354,1.355,900
2026-03-25 23:15:00+00:00,2026-03-25 23:29:59.999000+00:00,1.35450319,1.358,1.35397635,1.35476433,900
2026-03-25 23:30:00+00:00,2026-03-25 23:44:59.999000+00:00,1.35458507,1.356,1.35104754,1.354,900
2026-03-25 23:45:00+00:00,2026-03-25 23:59:59.999000+00:00,1.354,1.362,1.35300506,1.35975218,900
2026-03-26 00:00:00+00:00,2026-03-26 00:14:59.999000+00:00,1.35975218,1.36594612,1.359,1.36473516,900
2026-03-26 00:15:00+00:00,2026-03-26 00:29:59.999000+00:00,1.36452049,1.36607,1.35410501,1.356,900
2026-03-26 00:30:00+00:00,2026-03-26 00:44:59.999000+00:00,1.356,1.358,1.3535202,1.358,900
2026-03-26 00:45:00+00:00,2026-03-26 00:59:59.999000+00:00,1.358,1.35808449,1.351,1.356,900
2026-03-26 01:00:00+00:00,2026-03-26 01:14:59.999000+00:00,1.35586873,1.363,1.35586873,1.36089224,900
2026-03-26 01:15:00+00:00,2026-03-26 01:29:59.999000+00:00,1.36089224,1.36232471,1.358,1.36232471,900
2026-03-26 01:30:00+00:00,2026-03-26 01:44:59.999000+00:00,1.362,1.36585547,1.35812654,1.359,900
2026-03-26 01:45:00+00:00,2026-03-26 01:59:59.999000+00:00,1.359,1.361,1.356,1.35873487,900
2026-03-26 02:00:00+00:00,2026-03-26 02:14:59.999000+00:00,1.35873496,1.359,1.35195901,1.35247927,900
2026-03-26 02:15:00+00:00,2026-03-26 02:29:59.999000+00:00,1.35247927,1.353,1.349,1.35,900
2026-03-26 02:30:00+00:00,2026-03-26 02:44:59.999000+00:00,1.35,1.35,1.34305833,1.34347802,900
2026-03-26 02:45:00+00:00,2026-03-26 02:59:59.999000+00:00,1.34347802,1.349,1.34346439,1.34868342,900
2026-03-26 03:00:00+00:00,2026-03-26 03:14:59.999000+00:00,1.34868348,1.34868348,1.33886568,1.346,900
2026-03-26 03:15:00+00:00,2026-03-26 03:29:59.999000+00:00,1.346,1.346,1.33874306,1.34,900
2026-03-26 03:30:00+00:00,2026-03-26 03:44:59.999000+00:00,1.34,1.347,1.33990364,1.34315955,900
2026-03-26 03:45:00+00:00,2026-03-26 03:59:59.999000+00:00,1.34325032,1.34447976,1.341,1.342,900
2026-03-26 04:00:00+00:00,2026-03-26 04:14:59.999000+00:00,1.342,1.342,1.337,1.33717735,900
2026-03-26 04:15:00+00:00,2026-03-26 04:29:59.999000+00:00,1.33717732,1.33750413,1.332,1.33566286,900
2026-03-26 04:30:00+00:00,2026-03-26 04:44:59.999000+00:00,1.33563968,1.337,1.3334614,1.3334614,900
2026-03-26 04:45:00+00:00,2026-03-26 04:59:59.999000+00:00,1.3334614,1.337,1.33301502,1.33483954,900
2026-03-26 05:00:00+00:00,2026-03-26 05:14:59.999000+00:00,1.33483954,1.336,1.32823473,1.33363606,900
2026-03-26 05:15:00+00:00,2026-03-26 05:29:59.999000+00:00,1.33363606,1.33464945,1.32737711,1.329,900
2026-03-26 05:30:00+00:00,2026-03-26 05:44:59.999000+00:00,1.32845148,1.33125563,1.32678,1.32785722,900
2026-03-26 05:45:00+00:00,2026-03-26 05:59:59.999000+00:00,1.32786756,1.33626509,1.32625286,1.331,900
2026-03-26 06:00:00+00:00,2026-03-26 06:14:59.999000+00:00,1.3305591,1.33084505,1.32667793,1.32958464,900
2026-03-26 06:15:00+00:00,2026-03-26 06:29:59.999000+00:00,1.32958464,1.33012702,1.31805287,1.321542,900
2026-03-26 06:30:00+00:00,2026-03-26 06:44:59.999000+00:00,1.32156115,1.325,1.319,1.32034529,900
2026-03-26 06:45:00+00:00,2026-03-26 06:59:59.999000+00:00,1.32034476,1.32625696,1.31873121,1.32351663,900
2026-03-26 07:00:00+00:00,2026-03-26 07:14:59.999000+00:00,1.32351666,1.32753208,1.32277096,1.32480739,900
2026-03-26 07:15:00+00:00,2026-03-26 07:29:59.999000+00:00,1.32480739,1.32612148,1.3223109,1.323,900
2026-03-26 07:30:00+00:00,2026-03-26 07:44:59.999000+00:00,1.323,1.32500382,1.322,1.32275347,900
2026-03-26 07:45:00+00:00,2026-03-26 07:59:59.999000+00:00,1.32275344,1.32801175,1.32267539,1.32705653,900
2026-03-26 08:00:00+00:00,2026-03-26 08:14:59.999000+00:00,1.32705653,1.32771336,1.32399056,1.32449155,900
2026-03-26 08:15:00+00:00,2026-03-26 08:29:59.999000+00:00,1.32449149,1.326,1.31814113,1.31814113,900
2026-03-26 08:30:00+00:00,2026-03-26 08:44:59.999000+00:00,1.319,1.322,1.318,1.3199248,900
2026-03-26 08:45:00+00:00,2026-03-26 08:59:59.999000+00:00,1.31991975,1.32241455,1.319,1.31991303,900
2026-03-26 09:00:00+00:00,2026-03-26 09:14:59.999000+00:00,1.31992763,1.322,1.318,1.31913101,900
2026-03-26 09:15:00+00:00,2026-03-26 09:29:59.999000+00:00,1.31913101,1.32101737,1.31714157,1.32074812,900
2026-03-26 09:30:00+00:00,2026-03-26 09:44:59.999000+00:00,1.32074694,1.32074694,1.30746602,1.31075707,900
2026-03-26 09:45:00+00:00,2026-03-26 09:59:59.999000+00:00,1.31075704,1.313,1.309,1.312,900
2026-03-26 10:00:00+00:00,2026-03-26 10:14:59.999000+00:00,1.312,1.312,1.30435944,1.30538574,900
2026-03-26 10:15:00+00:00,2026-03-26 10:29:59.999000+00:00,1.30541107,1.31,1.30541107,1.30874322,900
2026-03-26 10:30:00+00:00,2026-03-26 10:44:59.999000+00:00,1.30874324,1.31200186,1.30704283,1.30815389,900
2026-03-26 10:45:00+00:00,2026-03-26 10:59:59.999000+00:00,1.30814748,1.31251126,1.30814748,1.31143887,900
2026-03-26 11:00:00+00:00,2026-03-26 11:14:59.999000+00:00,1.31143884,1.31326901,1.30916249,1.31191312,900
2026-03-26 11:15:00+00:00,2026-03-26 11:29:59.999000+00:00,1.31194504,1.31590847,1.31188205,1.312,900
2026-03-26 11:30:00+00:00,2026-03-26 11:44:59.999000+00:00,1.312,1.31483648,1.309,1.31,900
2026-03-26 11:45:00+00:00,2026-03-26 11:59:59.999000+00:00,1.31,1.3141441,1.30931421,1.31246234,900
2026-03-26 12:00:00+00:00,2026-03-26 12:14:59.999000+00:00,1.31256535,1.32066117,1.31208845,1.32,900
2026-03-26 12:15:00+00:00,2026-03-26 12:29:59.999000+00:00,1.31991572,1.326,1.319,1.325,900
2026-03-26 12:30:00+00:00,2026-03-26 12:44:59.999000+00:00,1.325,1.32743677,1.3182946,1.31840874,900
2026-03-26 12:45:00+00:00,2026-03-26 12:59:59.999000+00:00,1.31840868,1.323,1.31814907,1.31844829,900
2026-03-26 13:00:00+00:00,2026-03-26 13:14:59.999000+00:00,1.31844829,1.32200281,1.31818218,1.3210175,900
2026-03-26 13:15:00+00:00,2026-03-26 13:29:59.999000+00:00,1.32104642,1.328043,1.32104642,1.323,900
2026-03-26 13:30:00+00:00,2026-03-26 13:44:59.999000+00:00,1.323,1.32633937,1.3210931,1.32633937,900
2026-03-26 13:45:00+00:00,2026-03-26 13:59:59.999000+00:00,1.32633935,1.33510273,1.32633935,1.331,900
2026-03-26 14:00:00+00:00,2026-03-26 14:14:59.999000+00:00,1.331,1.33501212,1.328,1.33023312,900
2026-03-26 14:15:00+00:00,2026-03-26 14:29:59.999000+00:00,1.33025657,1.33121168,1.32474395,1.328,900
2026-03-26 14:30:00+00:00,2026-03-26 14:44:59.999000+00:00,1.328,1.33,1.32459769,1.32643973,900
2026-03-26 14:45:00+00:00,2026-03-26 14:59:59.999000+00:00,1.32643973,1.33119833,1.325,1.33,900
2026-03-26 15:00:00+00:00,2026-03-26 15:14:59.999000+00:00,1.33,1.33,1.317,1.317,900
2026-03-26 15:15:00+00:00,2026-03-26 15:29:59.999000+00:00,1.317,1.32417192,1.315,1.322,900
2026-03-26 15:30:00+00:00,2026-03-26 15:44:59.999000+00:00,1.322,1.32498068,1.31978754,1.321,900
2026-03-26 15:45:00+00:00,2026-03-26 15:59:59.999000+00:00,1.32037353,1.32389134,1.32024767,1.32238957,900
2026-03-26 16:00:00+00:00,2026-03-26 16:14:59.999000+00:00,1.32240507,1.332,1.32240507,1.32525042,900
2026-03-26 16:15:00+00:00,2026-03-26 16:29:59.999000+00:00,1.326,1.329,1.323,1.32789193,900
2026-03-26 16:30:00+00:00,2026-03-26 16:44:59.999000+00:00,1.32757864,1.33017058,1.32301708,1.32427481,900
2026-03-26 16:45:00+00:00,2026-03-26 16:59:59.999000+00:00,1.32427481,1.325,1.31743771,1.31826311,900
2026-03-26 17:00:00+00:00,2026-03-26 17:14:59.999000+00:00,1.31826311,1.32100903,1.317,1.318,900
2026-03-26 17:15:00+00:00,2026-03-26 17:29:59.999000+00:00,1.318,1.32404806,1.31633182,1.32404806,900
2026-03-26 17:30:00+00:00,2026-03-26 17:44:59.999000+00:00,1.324,1.32909271,1.3239583,1.32779397,900
2026-03-26 17:45:00+00:00,2026-03-26 17:59:59.999000+00:00,1.32779397,1.32779397,1.31836812,1.31948265,900
2026-03-26 18:00:00+00:00,2026-03-26 18:14:59.999000+00:00,1.32,1.322,1.31701547,1.32,900
2026-03-26 18:15:00+00:00,2026-03-26 18:29:59.999000+00:00,1.32,1.321,1.31362025,1.315,900
2026-03-26 18:30:00+00:00,2026-03-26 18:44:59.999000+00:00,1.315,1.32010788,1.31427537,1.31997731,900
2026-03-26 18:45:00+00:00,2026-03-26 18:59:59.999000+00:00,1.31998463,1.323,1.314,1.31439744,900
2026-03-26 19:00:00+00:00,2026-03-26 19:14:59.999000+00:00,1.31439747,1.316,1.30764427,1.30851343,900
2026-03-26 19:15:00+00:00,2026-03-26 19:29:59.999000+00:00,1.30851343,1.31014231,1.30567001,1.306,900
2026-03-26 19:30:00+00:00,2026-03-26 19:44:59.999000+00:00,1.305,1.30719742,1.3,1.30548243,900
2026-03-26 19:45:00+00:00,2026-03-26 19:59:59.999000+00:00,1.3054824,1.31008486,1.3045991,1.30517129,900
2026-03-26 20:00:00+00:00,2026-03-26 20:14:59.999000+00:00,1.30521843,1.32566214,1.30002582,1.319,900
2026-03-26 20:15:00+00:00,2026-03-26 20:29:59.999000+00:00,1.32,1.322,1.31023419,1.31072667,900
2026-03-26 20:30:00+00:00,2026-03-26 20:44:59.999000+00:00,1.312,1.315,1.31001519,1.31153871,900
2026-03-26 20:45:00+00:00,2026-03-26 20:59:59.999000+00:00,1.31153871,1.312,1.30347568,1.307,900
2026-03-26 21:00:00+00:00,2026-03-26 21:14:59.999000+00:00,1.307,1.31346623,1.30523496,1.31223483,900
2026-03-26 21:15:00+00:00,2026-03-26 21:29:59.999000+00:00,1.31222237,1.324,1.31214524,1.32339398,900
2026-03-26 21:30:00+00:00,2026-03-26 21:44:59.999000+00:00,1.32339395,1.32730554,1.322,1.32557299,900
2026-03-26 21:45:00+00:00,2026-03-26 21:59:59.999000+00:00,1.32556567,1.326,1.31989504,1.31989504,900
2026-03-26 22:00:00+00:00,2026-03-26 22:14:59.999000+00:00,1.31989504,1.32483283,1.31901383,1.323,900
2026-03-26 22:15:00+00:00,2026-03-26 22:29:59.999000+00:00,1.323,1.324,1.317,1.32105591,900
2026-03-26 22:30:00+00:00,2026-03-26 22:44:59.999000+00:00,1.3210486,1.32303485,1.31837481,1.319,900
2026-03-26 22:45:00+00:00,2026-03-26 22:59:59.999000+00:00,1.31853361,1.321,1.31831684,1.32,900
2026-03-26 23:00:00+00:00,2026-03-26 23:14:59.999000+00:00,1.32,1.321,1.31511216,1.31687032,900
2026-03-26 23:15:00+00:00,2026-03-26 23:29:59.999000+00:00,1.31687032,1.319,1.3141892,1.31855881,900
2026-03-26 23:30:00+00:00,2026-03-26 23:44:59.999000+00:00,1.31855881,1.322,1.31745017,1.322,900
2026-03-26 23:45:00+00:00,2026-03-26 23:59:59.999000+00:00,1.322,1.32542148,1.32028605,1.321,900
2026-03-27 00:00:00+00:00,2026-03-27 00:14:59.999000+00:00,1.321,1.32320213,1.31909505,1.31983234,900
2026-03-27 00:15:00+00:00,2026-03-27 00:29:59.999000+00:00,1.31983234,1.323,1.31613679,1.32118931,900
2026-03-27 00:30:00+00:00,2026-03-27 00:44:59.999000+00:00,1.32118928,1.325,1.32104343,1.32254931,900
2026-03-27 00:45:00+00:00,2026-03-27 00:59:59.999000+00:00,1.32254931,1.324,1.31924615,1.32385061,900
2026-03-27 01:00:00+00:00,2026-03-27 01:14:59.999000+00:00,1.32385033,1.32525941,1.32027754,1.325,900
2026-03-27 01:15:00+00:00,2026-03-27 01:29:59.999000+00:00,1.32432737,1.328,1.32411042,1.327,900
2026-03-27 01:30:00+00:00,2026-03-27 01:44:59.999000+00:00,1.327,1.333,1.32622732,1.331,900
2026-03-27 01:45:00+00:00,2026-03-27 01:59:59.999000+00:00,1.331,1.339,1.33016058,1.335,900
2026-03-27 02:00:00+00:00,2026-03-27 02:14:59.999000+00:00,1.335,1.337,1.329,1.331,900
2026-03-27 02:15:00+00:00,2026-03-27 02:29:59.999000+00:00,1.331,1.33106609,1.32544442,1.328,900
2026-03-27 02:30:00+00:00,2026-03-27 02:44:59.999000+00:00,1.328,1.33,1.32556633,1.32731824,900
2026-03-27 02:45:00+00:00,2026-03-27 02:59:59.999000+00:00,1.328,1.33046577,1.32549822,1.327,900
2026-03-27 03:00:00+00:00,2026-03-27 03:14:59.999000+00:00,1.327,1.328,1.318,1.31914708,900
2026-03-27 03:15:00+00:00,2026-03-27 03:29:59.999000+00:00,1.31914711,1.321179,1.31538917,1.31643942,900
2026-03-27 03:30:00+00:00,2026-03-27 03:44:59.999000+00:00,1.31643942,1.319,1.3151092,1.319,900
2026-03-27 03:45:00+00:00,2026-03-27 03:59:59.999000+00:00,1.319,1.32321623,1.31803595,1.32044832,900
2026-03-27 04:00:00+00:00,2026-03-27 04:14:59.999000+00:00,1.3204483,1.32145057,1.3120033,1.316,900
2026-03-27 04:15:00+00:00,2026-03-27 04:29:59.999000+00:00,1.316,1.32273267,1.31485183,1.32042974,900
2026-03-27 04:30:00+00:00,2026-03-27 04:44:59.999000+00:00,1.32042974,1.32411549,1.32015815,1.32272181,900
2026-03-27 04:45:00+00:00,2026-03-27 04:59:59.999000+00:00,1.3227218,1.324,1.31995611,1.321,900
2026-03-27 05:00:00+00:00,2026-03-27 05:14:59.999000+00:00,1.321,1.323,1.318,1.3219906,900
2026-03-27 05:15:00+00:00,2026-03-27 05:29:59.999000+00:00,1.32199059,1.32421011,1.31529992,1.31543658,900
2026-03-27 05:30:00+00:00,2026-03-27 05:44:59.999000+00:00,1.31545124,1.32202035,1.31509867,1.319,900
2026-03-27 05:45:00+00:00,2026-03-27 05:59:59.999000+00:00,1.319,1.322,1.31705544,1.321,900
2026-03-27 06:00:00+00:00,2026-03-27 06:14:59.999000+00:00,1.321,1.32210565,1.31738799,1.31860115,900
2026-03-27 06:15:00+00:00,2026-03-27 06:29:59.999000+00:00,1.319,1.321,1.316623,1.3199635,900
2026-03-27 06:30:00+00:00,2026-03-27 06:44:59.999000+00:00,1.31959762,1.322,1.31839233,1.32145291,900
2026-03-27 06:45:00+00:00,2026-03-27 06:59:59.999000+00:00,1.32145291,1.32385731,1.32,1.32148794,900
2026-03-27 07:00:00+00:00,2026-03-27 07:14:59.999000+00:00,1.32148794,1.32205623,1.31705445,1.32,900
2026-03-27 07:15:00+00:00,2026-03-27 07:29:59.999000+00:00,1.32,1.32572744,1.31934967,1.325,900
2026-03-27 07:30:00+00:00,2026-03-27 07:44:59.999000+00:00,1.325,1.32507815,1.32032525,1.32222028,900
2026-03-27 07:45:00+00:00,2026-03-27 07:59:59.999000+00:00,1.32204668,1.324,1.32113322,1.32312955,900
2026-03-27 08:00:00+00:00,2026-03-27 08:14:59.999000+00:00,1.32312952,1.326,1.32238079,1.32438732,899
2026-03-27 08:15:00+00:00,2026-03-27 08:29:59.999000+00:00,1.32438732,1.326,1.3217653,1.32241511,900
2026-03-27 08:30:00+00:00,2026-03-27 08:44:59.999000+00:00,1.3224096,1.32340477,1.3067007,1.311,900
2026-03-27 08:45:00+00:00,2026-03-27 08:59:59.999000+00:00,1.311,1.32077927,1.30981914,1.31460194,900
2026-03-27 09:00:00+00:00,2026-03-27 09:14:59.999000+00:00,1.31460194,1.315,1.295,1.299,900
2026-03-27 09:15:00+00:00,2026-03-27 09:29:59.999000+00:00,1.299,1.308,1.299,1.30658999,900
2026-03-27 09:30:00+00:00,2026-03-27 09:44:59.999000+00:00,1.307,1.307,1.298,1.30080937,900
2026-03-27 09:45:00+00:00,2026-03-27 09:59:59.999000+00:00,1.30080937,1.30241786,1.29886864,1.29929106,900
2026-03-27 10:00:00+00:00,2026-03-27 10:14:59.999000+00:00,1.29935585,1.29948351,1.292,1.29639707,900
2026-03-27 10:15:00+00:00,2026-03-27 10:29:59.999000+00:00,1.29639709,1.298,1.295,1.298,900
2026-03-27 10:30:00+00:00,2026-03-27 10:44:59.999000+00:00,1.29758219,1.298,1.2776562,1.28406602,900
2026-03-27 10:45:00+00:00,2026-03-27 10:59:59.999000+00:00,1.285,1.285,1.27202253,1.275,900
2026-03-27 11:00:00+00:00,2026-03-27 11:14:59.999000+00:00,1.275,1.283,1.27256737,1.281,900
2026-03-27 11:15:00+00:00,2026-03-27 11:29:59.999000+00:00,1.281,1.283,1.279,1.28,900
2026-03-27 11:30:00+00:00,2026-03-27 11:44:59.999000+00:00,1.28,1.28202671,1.278,1.28,900
2026-03-27 11:45:00+00:00,2026-03-27 11:59:59.999000+00:00,1.28,1.28206356,1.27802898,1.281,900
2026-03-27 12:00:00+00:00,2026-03-27 12:14:59.999000+00:00,1.281,1.28124275,1.275,1.277,900
2026-03-27 12:15:00+00:00,2026-03-27 12:29:59.999000+00:00,1.277,1.277,1.27254533,1.274,900
2026-03-27 12:30:00+00:00,2026-03-27 12:44:59.999000+00:00,1.274,1.27824578,1.272,1.278,900
2026-03-27 12:45:00+00:00,2026-03-27 12:59:59.999000+00:00,1.278,1.28314043,1.275,1.28225752,900
2026-03-27 13:00:00+00:00,2026-03-27 13:14:59.999000+00:00,1.28225752,1.28616274,1.28225752,1.286,900
2026-03-27 13:15:00+00:00,2026-03-27 13:29:59.999000+00:00,1.286,1.294,1.28556876,1.29166129,900
2026-03-27 13:30:00+00:00,2026-03-27 13:44:59.999000+00:00,1.29166129,1.294,1.28226351,1.291,900
2026-03-27 13:45:00+00:00,2026-03-27 13:59:59.999000+00:00,1.291,1.293,1.28343111,1.28638259,900
2026-03-27 14:00:00+00:00,2026-03-27 14:14:59.999000+00:00,1.28638259,1.28896001,1.28487052,1.28725533,900
2026-03-27 14:15:00+00:00,2026-03-27 14:29:59.999000+00:00,1.28718262,1.28718994,1.274,1.276,900
2026-03-27 14:30:00+00:00,2026-03-27 14:44:59.999000+00:00,1.27597961,1.28031995,1.27542114,1.2799622,900
2026-03-27 14:45:00+00:00,2026-03-27 14:59:59.999000+00:00,1.27998844,1.284,1.27817977,1.28262077,900
2026-03-27 15:00:00+00:00,2026-03-27 15:14:59.999000+00:00,1.28262074,1.28480989,1.27801184,1.28,900
2026-03-27 15:15:00+00:00,2026-03-27 15:29:59.999000+00:00,1.28,1.28831915,1.27525963,1.28272686,900
2026-03-27 15:30:00+00:00,2026-03-27 15:44:59.999000+00:00,1.28232544,1.28965284,1.281,1.283,900
2026-03-27 15:45:00+00:00,2026-03-27 15:59:59.999000+00:00,1.283,1.28510658,1.277,1.27756693,900
2026-03-27 16:00:00+00:00,2026-03-27 16:14:59.999000+00:00,1.2775523,1.284,1.2745268,1.2823612,900
2026-03-27 16:15:00+00:00,2026-03-27 16:29:59.999000+00:00,1.282849,1.284,1.282,1.28214455,120
