open_time,close_time,open,high,low,close,trade_count
2026-03-13 16:20:00+00:00,2026-03-13 16:24:59.999000+00:00,1.50008645,1.50477405,1.49904311,1.50051683,300
2026-03-13 16:25:00+00:00,2026-03-13 16:29:59.999000+00:00,1.501,1.503,1.49606974,1.50049406,300
2026-03-13 16:30:00+00:00,2026-03-13 16:34:59.999000+00:00,1.5004101,1.50665759,1.5004101,1.50503553,300
2026-03-13 16:35:00+00:00,2026-03-13 16:39:59.999000+00:00,1.506,1.509,1.504,1.509,300
2026-03-13 16:40:00+00:00,2026-03-13 16:44:59.999000+00:00,1.509,1.512,1.507,1.51187024,300
2026-03-13 16:45:00+00:00,2026-03-13 16:49:59.999000+00:00,1.51187025,1.51316181,1.51049638,1.5121711,300
2026-03-13 16:50:00+00:00,2026-03-13 16:54:59.999000+00:00,1.5121711,1.514,1.50904387,1.51114756,300
2026-03-13 16:55:00+00:00,2026-03-13 16:59:59.999000+00:00,1.512,1.512,1.508,1.50810125,300
2026-03-13 17:00:00+00:00,2026-03-13 17:04:59.999000+00:00,1.50810122,1.51,1.50734147,1.50854368,300
2026-03-13 17:05:00+00:00,2026-03-13 17:09:59.999000+00:00,1.50852733,1.511,1.50784377,1.50917587,300
2026-03-13 17:10:00+00:00,2026-03-13 17:14:59.999000+00:00,1.5091759,1.51,1.50446427,1.50446427,300
2026-03-13 17:15:00+00:00,2026-03-13 17:19:59.999000+00:00,1.506,1.5091217,1.50277308,1.50404925,300
2026-03-13 17:20:00+00:00,2026-03-13 17:24:59.999000+00:00,1.504,1.504,1.50032655,1.50032655,300
2026-03-13 17:25:00+00:00,2026-03-13 17:29:59.999000+00:00,1.501,1.501,1.49232369,1.494,300
2026-03-13 17:30:00+00:00,2026-03-13 17:34:59.999000+00:00,1.494,1.494,1.488,1.48894415,300
2026-03-13 17:35:00+00:00,2026-03-13 17:39:59.999000+00:00,1.48889246,1.49,1.48509921,1.48774435,300
2026-03-13 17:40:00+00:00,2026-03-13 17:44:59.999000+00:00,1.48774435,1.488,1.477,1.48021675,300
2026-03-13 17:45:00+00:00,2026-03-13 17:49:59.999000+00:00,1.48021675,1.48218022,1.47709231,1.48,300
2026-03-13 17:50:00+00:00,2026-03-13 17:54:59.999000+00:00,1.48,1.483,1.47725502,1.481,300
2026-03-13 17:55:00+00:00,2026-03-13 17:59:59.999000+00:00,1.48094337,1.48414038,1.47933048,1.483,300
2026-03-13 18:00:00+00:00,2026-03-13 18:04:59.999000+00:00,1.483,1.483,1.48012677,1.482,300
2026-03-13 18:05:00+00:00,2026-03-13 18:09:59.999000+00:00,1.482,1.483,1.48046529,1.482,300
2026-03-13 18:10:00+00:00,2026-03-13 18:14:59.999000+00:00,1.482,1.48349747,1.478,1.48295285,300
2026-03-13 18:15:00+00:00,2026-03-13 18:19:59.999000+00:00,1.48295285,1.483,1.46637278,1.473,300
2026-03-13 18:20:00+00:00,2026-03-13 18:24:59.999000+00:00,1.474,1.475,1.468149,1.469,300
2026-03-13 18:25:00+00:00,2026-03-13 18:29:59.999000+00:00,1.469666,1.475,1.46856146,1.47422886,300
2026-03-13 18:30:00+00:00,2026-03-13 18:34:59.999000+00:00,1.476,1.478,1.4750536,1.47608283,300
2026-03-13 18:35:00+00:00,2026-03-13 18:39:59.999000+00:00,1.47608283,1.478,1.475,1.47627237,300
2026-03-13 18:40:00+00:00,2026-03-13 18:44:59.999000+00:00,1.47631982,1.479,1.47516351,1.4775463,300
2026-03-13 18:45:00+00:00,2026-03-13 18:49:59.999000+00:00,1.47705694,1.47705694,1.474,1.476,300
2026-03-13 18:50:00+00:00,2026-03-13 18:54:59.999000+00:00,1.4760043,1.477,1.47119574,1.474,300
2026-03-13 18:55:00+00:00,2026-03-13 18:59:59.999000+00:00,1.474,1.4750149,1.47219272,1.47364313,300
2026-03-13 19:00:00+00:00,2026-03-13 19:04:59.999000+00:00,1.47335603,1.474,1.47014375,1.47135548,300
2026-03-13 19:05:00+00:00,2026-03-13 19:09:59.999000+00:00,1.47135548,1.47729341,1.47120914,1.47497736,300
2026-03-13 19:10:00+00:00,2026-03-13 19:14:59.999000+00:00,1.47497736,1.476,1.473,1.47436977,300
2026-03-13 19:15:00+00:00,2026-03-13 19:19:59.999000+00:00,1.47436977,1.477,1.47334213,1.47377579,300
2026-03-13 19:20:00+00:00,2026-03-13 19:24:59.999000+00:00,1.47377579,1.475,1.47,1.47072736,300
2026-03-13 19:25:00+00:00,2026-03-13 19:29:59.999000+00:00,1.47072736,1.471,1.46435353,1.46591585,300
2026-03-13 19:30:00+00:00,2026-03-13 19:34:59.999000+00:00,1.46591585,1.471,1.46445259,1.46632528,300
2026-03-13 19:35:00+00:00,2026-03-13 19:39:59.999000+00:00,1.46632531,1.46801915,1.46542687,1.46583678,300
2026-03-13 19:40:00+00:00,2026-03-13 19:44:59.999000+00:00,1.46583678,1.467,1.46405677,1.466,300
2026-03-13 19:45:00+00:00,2026-03-13 19:49:59.999000+00:00,1.466,1.46703455,1.46426859,1.46658128,300
2026-03-13 19:50:00+00:00,2026-03-13 19:54:59.999000+00:00,1.466477,1.469,1.46516896,1.4686941,300
2026-03-13 19:55:00+00:00,2026-03-13 19:59:59.999000+00:00,1.4686941,1.469,1.46633782,1.4677338,300
2026-03-13 20:00:00+00:00,2026-03-13 20:04:59.999000+00:00,1.4677338,1.46854323,1.464,1.46454258,300
2026-03-13 20:05:00+00:00,2026-03-13 20:09:59.999000+00:00,1.46454258,1.466,1.46002599,1.46002599,300
2026-03-13 20:10:00+00:00,2026-03-13 20:14:59.999000+00:00,1.46002599,1.463,1.46002599,1.46187877,300
2026-03-13 20:15:00+00:00,2026-03-13 20:19:59.999000+00:00,1.462,1.465,1.46108878,1.46306659,300
2026-03-13 20:20:00+00:00,2026-03-13 20:24:59.999000+00:00,1.463,1.465,1.46012422,1.46271382,300
2026-03-13 20:25:00+00:00,2026-03-13 20:29:59.999000+00:00,1.463,1.463,1.46,1.4605316,300
2026-03-13 20:30:00+00:00,2026-03-13 20:34:59.999000+00:00,1.4605316,1.463,1.46006792,1.462,300
2026-03-13 20:35:00+00:00,2026-03-13 20:39:59.999000+00:00,1.462,1.46373378,1.46101218,1.46281363,300
2026-03-13 20:40:00+00:00,2026-03-13 20:44:59.999000+00:00,1.46281363,1.46335493,1.46115023,1.46335493,300
2026-03-13 20:45:00+00:00,2026-03-13 20:49:59.999000+00:00,1.46335493,1.467,1.46329679,1.46545072,300
2026-03-13 20:50:00+00:00,2026-03-13 20:54:59.999000+00:00,1.4654628,1.471,1.465,1.47,300
2026-03-13 20:55:00+00:00,2026-03-13 20:59:59.999000+00:00,1.47004215,1.471,1.46805767,1.469,300
2026-03-13 21:00:00+00:00,2026-03-13 21:04:59.999000+00:00,1.46846843,1.473,1.46752469,1.47260101,300
2026-03-13 21:05:00+00:00,2026-03-13 21:09:59.999000+00:00,1.47253809,1.476,1.472,1.476,300
2026-03-13 21:10:00+00:00,2026-03-13 21:14:59.999000+00:00,1.47534754,1.4791401,1.47,1.47162097,300
2026-03-13 21:15:00+00:00,2026-03-13 21:19:59.999000+00:00,1.47162097,1.47162099,1.46707775,1.469,300
2026-03-13 21:20:00+00:00,2026-03-13 21:24:59.999000+00:00,1.469,1.47,1.46667156,1.46824291,300
2026-03-13 21:25:00+00:00,2026-03-13 21:29:59.999000+00:00,1.46830281,1.469,1.46345253,1.46447441,300
2026-03-13 21:30:00+00:00,2026-03-13 21:34:59.999000+00:00,1.46447441,1.466,1.46397347,1.46397368,300
2026-03-13 21:35:00+00:00,2026-03-13 21:39:59.999000+00:00,1.46397368,1.466,1.45610253,1.46,300
2026-03-13 21:40:00+00:00,2026-03-13 21:44:59.999000+00:00,1.46,1.46216543,1.45851418,1.46075176,300
2026-03-13 21:45:00+00:00,2026-03-13 21:49:59.999000+00:00,1.46032623,1.463,1.45910918,1.46172618,300
2026-03-13 21:50:00+00:00,2026-03-13 21:54:59.999000+00:00,1.46172618,1.464,1.46006933,1.46334375,300
2026-03-13 21:55:00+00:00,2026-03-13 21:59:59.999000+00:00,1.46334378,1.46411242,1.46011607,1.462,300
2026-03-13 22:00:00+00:00,2026-03-13 22:04:59.999000+00:00,1.462,1.46230754,1.45,1.45636844,300
2026-03-13 22:05:00+00:00,2026-03-13 22:09:59.999000+00:00,1.45636844,1.45926125,1.45432477,1.45436058,300
2026-03-13 22:10:00+00:00,2026-03-13 22:14:59.999000+00:00,1.45436058,1.456,1.453,1.45363415,300
2026-03-13 22:15:00+00:00,2026-03-13 22:19:59.999000+00:00,1.45363415,1.454,1.44808125,1.44965322,300
2026-03-13 22:20:00+00:00,2026-03-13 22:24:59.999000+00:00,1.44916545,1.451,1.44652397,1.449,300
2026-03-13 22:25:00+00:00,2026-03-13 22:29:59.999000+00:00,1.448,1.45,1.44429852,1.449,300
2026-03-13 22:30:00+00:00,2026-03-13 22:34:59.999000+00:00,1.45,1.451,1.4474373,1.44983293,300
2026-03-13 22:35:00+00:00,2026-03-13 22:39:59.999000+00:00,1.44983291,1.452,1.447,1.44785554,300
2026-03-13 22:40:00+00:00,2026-03-13 22:44:59.999000+00:00,1.44785557,1.451,1.4473079,1.44906482,300
2026-03-13 22:45:00+00:00,2026-03-13 22:49:59.999000+00:00,1.44906482,1.45223427,1.44862241,1.45,300
2026-03-13 22:50:00+00:00,2026-03-13 22:54:59.999000+00:00,1.45,1.45544389,1.449,1.45511141,300
2026-03-13 22:55:00+00:00,2026-03-13 22:59:59.999000+00:00,1.45511686,1.45516819,1.453,1.45303264,300
2026-03-13 23:00:00+00:00,2026-03-13 23:04:59.999000+00:00,1.45303264,1.45752737,1.45303264,1.457,300
2026-03-13 23:05:00+00:00,2026-03-13 23:09:59.999000+00:00,1.45668172,1.46079314,1.45668172,1.46079311,300
2026-03-13 23:10:00+00:00,2026-03-13 23:14:59.999000+00:00,1.46103531,1.46449353,1.461,1.46326522,300
2026-03-13 23:15:00+00:00,2026-03-13 23:19:59.999000+00:00,1.46326522,1.46326522,1.45917138,1.46200638,300
2026-03-13 23:20:00+00:00,2026-03-13 23:24:59.999000+00:00,1.46200638,1.465,1.46101576,1.46445728,300
2026-03-13 23:25:00+00:00,2026-03-13 23:29:59.999000+00:00,1.46445728,1.467,1.46030497,1.46030497,300
2026-03-13 23:30:00+00:00,2026-03-13 23:34:59.999000+00:00,1.46006075,1.461,1.45929723,1.46039145,300
2026-03-13 23:35:00+00:00,2026-03-13 23:39:59.999000+00:00,1.46039145,1.464,1.46008488,1.4625552,300
2026-03-13 23:40:00+00:00,2026-03-13 23:44:59.999000+00:00,1.46254392,1.463,1.46,1.46030339,300
2026-03-13 23:45:00+00:00,2026-03-13 23:49:59.999000+00:00,1.46030339,1.462,1.46,1.46025711,300
2026-03-13 23:50:00+00:00,2026-03-13 23:54:59.999000+00:00,1.46028161,1.463,1.459,1.463,300
2026-03-13 23:55:00+00:00,2026-03-13 23:59:59.999000+00:00,1.463,1.463,1.461,1.461,300
2026-03-14 00:00:00+00:00,2026-03-14 00:04:59.999000+00:00,1.461,1.461,1.455,1.4572037,300
2026-03-14 00:05:00+00:00,2026-03-14 00:09:59.999000+00:00,1.45719549,1.45899256,1.45624973,1.45661244,300
2026-03-14 00:10:00+00:00,2026-03-14 00:14:59.999000+00:00,1.45658888,1.45700569,1.455,1.45530369,300
2026-03-14 00:15:00+00:00,2026-03-14 00:19:59.999000+00:00,1.45532444,1.458,1.45345235,1.45399925,300
2026-03-14 00:20:00+00:00,2026-03-14 00:24:59.999000+00:00,1.45399925,1.455,1.45321206,1.45331351,300
2026-03-14 00:25:00+00:00,2026-03-14 00:29:59.999000+00:00,1.45331351,1.45515093,1.45053727,1.454,300
2026-03-14 00:30:00+00:00,2026-03-14 00:34:59.999000+00:00,1.45317761,1.45403725,1.451,1.45269025,300
2026-03-14 00:35:00+00:00,2026-03-14 00:39:59.999000+00:00,1.45269025,1.45306024,1.44943083,1.45,300
2026-03-14 00:40:00+00:00,2026-03-14 00:44:59.999000+00:00,1.44943083,1.45299392,1.44836504,1.44841114,300
2026-03-14 00:45:00+00:00,2026-03-14 00:49:59.999000+00:00,1.449,1.45009567,1.44763854,1.44819516,300
2026-03-14 00:50:00+00:00,2026-03-14 00:54:59.999000+00:00,1.44819516,1.449,1.447,1.449,300
2026-03-14 00:55:00+00:00,2026-03-14 00:59:59.999000+00:00,1.44813467,1.45,1.44704198,1.44847157,300
2026-03-14 01:00:00+00:00,2026-03-14 01:04:59.999000+00:00,1.44845829,1.452,1.44811126,1.44935993,300
2026-03-14 01:05:00+00:00,2026-03-14 01:09:59.999000+00:00,1.44935993,1.452,1.449,1.452,300
2026-03-14 01:10:00+00:00,2026-03-14 01:14:59.999000+00:00,1.45147008,1.45147008,1.446,1.44649621,300
2026-03-14 01:15:00+00:00,2026-03-14 01:19:59.999000+00:00,1.44649621,1.45000405,1.4464886,1.44979363,300
2026-03-14 01:20:00+00:00,2026-03-14 01:24:59.999000+00:00,1.4497936,1.452,1.4491177,1.44929936,300
2026-03-14 01:25:00+00:00,2026-03-14 01:29:59.999000+00:00,1.45,1.45,1.4483388,1.44850371,300
2026-03-14 01:30:00+00:00,2026-03-14 01:34:59.999000+00:00,1.44846715,1.45,1.44452838,1.44455138,300
2026-03-14 01:35:00+00:00,2026-03-14 01:39:59.999000+00:00,1.44455917,1.446,1.43654191,1.442,300
2026-03-14 01:40:00+00:00,2026-03-14 01:44:59.999000+00:00,1.44161111,1.445,1.4404687,1.443,300
2026-03-14 01:45:00+00:00,2026-03-14 01:49:59.999000+00:00,1.4426916,1.447,1.44203503,1.447,300
2026-03-14 01:50:00+00:00,2026-03-14 01:54:59.999000+00:00,1.447,1.44715941,1.44435423,1.44715941,300
2026-03-14 01:55:00+00:00,2026-03-14 01:59:59.999000+00:00,1.448,1.44913998,1.447,1.44746789,300
2026-03-14 02:00:00+00:00,2026-03-14 02:04:59.999000+00:00,1.44746216,1.448,1.444,1.44421565,300
2026-03-14 02:05:00+00:00,2026-03-14 02:09:59.999000+00:00,1.44421565,1.44648484,1.443,1.44424051,300
2026-03-14 02:10:00+00:00,2026-03-14 02:14:59.999000+00:00,1.44424051,1.445,1.44166256,1.443,300
2026-03-14 02:15:00+00:00,2026-03-14 02:19:59.999000+00:00,1.44272681,1.443,1.440439,1.440439,300
2026-03-14 02:20:00+00:00,2026-03-14 02:24:59.999000+00:00,1.44043169,1.441,1.437838,1.43893943,300
2026-03-14 02:25:00+00:00,2026-03-14 02:29:59.999000+00:00,1.43894029,1.439,1.437,1.43850001,300
2026-03-14 02:30:00+00:00,2026-03-14 02:34:59.999000+00:00,1.43849998,1.441,1.437,1.44061065,300
2026-03-14 02:35:00+00:00,2026-03-14 02:39:59.999000+00:00,1.44053033,1.441,1.43712352,1.44036142,300
2026-03-14 02:40:00+00:00,2026-03-14 02:44:59.999000+00:00,1.44056855,1.442,1.44,1.44064664,300
2026-03-14 02:45:00+00:00,2026-03-14 02:49:59.999000+00:00,1.441,1.445,1.44037267,1.445,300
2026-03-14 02:50:00+00:00,2026-03-14 02:54:59.999000+00:00,1.446,1.446,1.44409129,1.44413356,300
2026-03-14 02:55:00+00:00,2026-03-14 02:59:59.999000+00:00,1.44406879,1.447,1.44345995,1.444,300
2026-03-14 03:00:00+00:00,2026-03-14 03:04:59.999000+00:00,1.445,1.44515348,1.443,1.44497952,300
2026-03-14 03:05:00+00:00,2026-03-14 03:09:59.999000+00:00,1.44497952,1.45,1.44472317,1.45,300
2026-03-14 03:10:00+00:00,2026-03-14 03:14:59.999000+00:00,1.44960484,1.45,1.44801519,1.44981751,300
2026-03-14 03:15:00+00:00,2026-03-14 03:19:59.999000+00:00,1.44983461,1.452,1.44946259,1.44967344,300
2026-03-14 03:20:00+00:00,2026-03-14 03:24:59.999000+00:00,1.44963901,1.45,1.44837707,1.44958786,300
2026-03-14 03:25:00+00:00,2026-03-14 03:29:59.999000+00:00,1.44958786,1.452,1.44904167,1.45075178,300
2026-03-14 03:30:00+00:00,2026-03-14 03:34:59.999000+00:00,1.45075178,1.45246802,1.45,1.45156079,300
2026-03-14 03:35:00+00:00,2026-03-14 03:39:59.999000+00:00,1.45156079,1.452,1.449,1.45177062,300
2026-03-14 03:40:00+00:00,2026-03-14 03:44:59.999000+00:00,1.45177062,1.452,1.449491,1.44959453,300
2026-03-14 03:45:00+00:00,2026-03-14 03:49:59.999000+00:00,1.44951139,1.45,1.449,1.44988131,300
2026-03-14 03:50:00+00:00,2026-03-14 03:54:59.999000+00:00,1.45,1.45,1.44721814,1.448,300
2026-03-14 03:55:00+00:00,2026-03-14 03:59:59.999000+00:00,1.44749647,1.44749647,1.44605967,1.4464999,300
2026-03-14 04:00:00+00:00,2026-03-14 04:04:59.999000+00:00,1.4464999,1.449,1.445,1.44864807,300
2026-03-14 04:05:00+00:00,2026-03-14 04:09:59.999000+00:00,1.449,1.4496262,1.44731095,1.44815861,300
2026-03-14 04:10:00+00:00,2026-03-14 04:14:59.999000+00:00,1.44818533,1.44917828,1.44638509,1.44638509,300
2026-03-14 04:15:00+00:00,2026-03-14 04:19:59.999000+00:00,1.447,1.44706492,1.44382032,1.44445514,300
2026-03-14 04:20:00+00:00,2026-03-14 04:24:59.999000+00:00,1.44445517,1.44445517,1.43827359,1.44192616,300
2026-03-14 04:25:00+00:00,2026-03-14 04:29:59.999000+00:00,1.44192616,1.44677365,1.44143495,1.44578791,300
2026-03-14 04:30:00+00:00,2026-03-14 04:34:59.999000+00:00,1.44578791,1.44821504,1.44505277,1.44737592,300
2026-03-14 04:35:00+00:00,2026-03-14 04:39:59.999000+00:00,1.44737592,1.454,1.44737589,1.453,300
2026-03-14 04:40:00+00:00,2026-03-14 04:44:59.999000+00:00,1.45300104,1.45302051,1.44938051,1.45092422,300
2026-03-14 04:45:00+00:00,2026-03-14 04:49:59.999000+00:00,1.45043639,1.452,1.44921193,1.45035823,300
2026-03-14 04:50:00+00:00,2026-03-14 04:54:59.999000+00:00,1.45039776,1.45241873,1.44365288,1.445,300
2026-03-14 04:55:00+00:00,2026-03-14 04:59:59.999000+00:00,1.44439992,1.4455077,1.44361977,1.44490184,300
2026-03-14 05:00:00+00:00,2026-03-14 05:04:59.999000+00:00,1.44478612,1.44535309,1.44167178,1.44167178,300
2026-03-14 05:05:00+00:00,2026-03-14 05:09:59.999000+00:00,1.44161138,1.4432058,1.438,1.441,300
2026-03-14 05:10:00+00:00,2026-03-14 05:14:59.999000+00:00,1.441,1.442,1.44002896,1.4402859,300
2026-03-14 05:15:00+00:00,2026-03-14 05:19:59.999000+00:00,1.4402859,1.441,1.43907132,1.43951932,300
2026-03-14 05:20:00+00:00,2026-03-14 05:24:59.999000+00:00,1.43951932,1.442,1.43951932,1.44069862,300
2026-03-14 05:25:00+00:00,2026-03-14 05:29:59.999000+00:00,1.44069865,1.441,1.438,1.43849501,300
2026-03-14 05:30:00+00:00,2026-03-14 05:34:59.999000+00:00,1.43849501,1.44,1.43480104,1.43553552,300
2026-03-14 05:35:00+00:00,2026-03-14 05:39:59.999000+00:00,1.43553554,1.437,1.4342827,1.43635773,300
2026-03-14 05:40:00+00:00,2026-03-14 05:44:59.999000+00:00,1.43635578,1.437,1.435,1.43650899,300
2026-03-14 05:45:00+00:00,2026-03-14 05:49:59.999000+00:00,1.43650899,1.437,1.43509103,1.43632892,300
2026-03-14 05:50:00+00:00,2026-03-14 05:54:59.999000+00:00,1.43640212,1.4371058,1.43534853,1.43659392,300
2026-03-14 05:55:00+00:00,2026-03-14 05:59:59.999000+00:00,1.43659392,1.438,1.43603803,1.43620646,300
2026-03-14 06:00:00+00:00,2026-03-14 06:04:59.999000+00:00,1.43611789,1.43611789,1.434,1.4344972,300
2026-03-14 06:05:00+00:00,2026-03-14 06:09:59.999000+00:00,1.4344972,1.435,1.43301174,1.43381546,300
2026-03-14 06:10:00+00:00,2026-03-14 06:14:59.999000+00:00,1.43381549,1.434,1.433,1.434,300
2026-03-14 06:15:00+00:00,2026-03-14 06:19:59.999000+00:00,1.43341957,1.434,1.42968946,1.43114796,300
2026-03-14 06:20:00+00:00,2026-03-14 06:24:59.999000+00:00,1.43114793,1.433,1.43059262,1.43067778,300
2026-03-14 06:25:00+00:00,2026-03-14 06:29:59.999000+00:00,1.43066382,1.433,1.42912297,1.43132781,300
2026-03-14 06:30:00+00:00,2026-03-14 06:34:59.999000+00:00,1.43132781,1.433,1.43066321,1.4309826,300
2026-03-14 06:35:00+00:00,2026-03-14 06:39:59.999000+00:00,1.4309826,1.434,1.42889878,1.42934233,300
2026-03-14 06:40:00+00:00,2026-03-14 06:44:59.999000+00:00,1.42934233,1.432,1.428,1.4288031,300
2026-03-14 06:45:00+00:00,2026-03-14 06:49:59.999000+00:00,1.4288031,1.434,1.42816992,1.43259583,300
2026-03-14 06:50:00+00:00,2026-03-14 06:54:59.999000+00:00,1.43282415,1.434,1.432,1.43274364,300
2026-03-14 06:55:00+00:00,2026-03-14 06:59:59.999000+00:00,1.43274361,1.434,1.432,1.43341768,300
2026-03-14 07:00:00+00:00,2026-03-14 07:04:59.999000+00:00,1.43336177,1.43507331,1.42940612,1.42940612,300
2026-03-14 07:05:00+00:00,2026-03-14 07:09:59.999000+00:00,1.42940612,1.43247866,1.429,1.43211308,300
2026-03-14 07:10:00+00:00,2026-03-14 07:14:59.999000+00:00,1.43211305,1.434162,1.43169728,1.434,300
2026-03-14 07:15:00+00:00,2026-03-14 07:19:59.999000+00:00,1.434,1.435,1.43247062,1.433,300
2026-03-14 07:20:00+00:00,2026-03-14 07:24:59.999000+00:00,1.433,1.434,1.43161007,1.432,300
2026-03-14 07:25:00+00:00,2026-03-14 07:29:59.999000+00:00,1.432,1.434,1.432,1.43253105,300
2026-03-14 07:30:00+00:00,2026-03-14 07:34:59.999000+00:00,1.43253105,1.43402098,1.43227746,1.4339452,300
2026-03-14 07:35:00+00:00,2026-03-14 07:39:59.999000+00:00,1.43394523,1.435,1.43130767,1.435,300
2026-03-14 07:40:00+00:00,2026-03-14 07:44:59.999000+00:00,1.435,1.435,1.4311903,1.43122343,300
2026-03-14 07:45:00+00:00,2026-03-14 07:49:59.999000+00:00,1.43122343,1.43203087,1.43,1.43182762,300
2026-03-14 07:50:00+00:00,2026-03-14 07:54:59.999000+00:00,1.43182762,1.435,1.43148151,1.43386305,300
2026-03-14 07:55:00+00:00,2026-03-14 07:59:59.999000+00:00,1.43386308,1.436,1.43386308,1.435,300
2026-03-14 08:00:00+00:00,2026-03-14 08:04:59.999000+00:00,1.435,1.437,1.43332545,1.437,300
2026-03-14 08:05:00+00:00,2026-03-14 08:09:59.999000+00:00,1.436,1.438,1.43543777,1.43583022,300
2026-03-14 08:10:00+00:00,2026-03-14 08:14:59.999000+00:00,1.43580078,1.43703859,1.43517379,1.43645256,300
2026-03-14 08:15:00+00:00,2026-03-14 08:19:59.999000+00:00,1.43645259,1.438,1.43250166,1.43274761,300
2026-03-14 08:20:00+00:00,2026-03-14 08:24:59.999000+00:00,1.43274764,1.436,1.43240394,1.43489562,300
2026-03-14 08:25:00+00:00,2026-03-14 08:29:59.999000+00:00,1.43489562,1.437,1.434,1.437,300
2026-03-14 08:30:00+00:00,2026-03-14 08:34:59.999000+00:00,1.43650814,1.437,1.43493582,1.43543454,300
2026-03-14 08:35:00+00:00,2026-03-14 08:39:59.999000+00:00,1.4355207,1.437,1.43436187,1.43542497,300
2026-03-14 08:40:00+00:00,2026-03-14 08:44:59.999000+00:00,1.436,1.437,1.435,1.43549548,300
2026-03-14 08:45:00+00:00,2026-03-14 08:49:59.999000+00:00,1.43549548,1.43612572,1.43436649,1.435,300
2026-03-14 08:50:00+00:00,2026-03-14 08:54:59.999000+00:00,1.435,1.439,1.435,1.43664783,300
2026-03-14 08:55:00+00:00,2026-03-14 08:59:59.999000+00:00,1.43664783,1.437,1.43414665,1.436,300
2026-03-14 09:00:00+00:00,2026-03-14 09:04:59.999000+00:00,1.436,1.438,1.43502657,1.437,300
2026-03-14 09:05:00+00:00,2026-03-14 09:09:59.999000+00:00,1.43718375,1.43808759,1.436,1.4365317,300
2026-03-14 09:10:00+00:00,2026-03-14 09:14:59.999000+00:00,1.4365317,1.43727389,1.43592123,1.43691742,300
2026-03-14 09:15:00+00:00,2026-03-14 09:19:59.999000+00:00,1.43691742,1.437,1.43327124,1.43468282,300
2026-03-14 09:20:00+00:00,2026-03-14 09:24:59.999000+00:00,1.43468282,1.435,1.43309659,1.43351729,300
2026-03-14 09:25:00+00:00,2026-03-14 09:29:59.999000+00:00,1.43349854,1.436,1.43349854,1.4346928,300
2026-03-14 09:30:00+00:00,2026-03-14 09:34:59.999000+00:00,1.4346928,1.435,1.432,1.43250152,300
2026-03-14 09:35:00+00:00,2026-03-14 09:39:59.999000+00:00,1.43250152,1.433,1.42939684,1.43,300
2026-03-14 09:40:00+00:00,2026-03-14 09:44:59.999000+00:00,1.43,1.4321113,1.43,1.43139922,300
2026-03-14 09:45:00+00:00,2026-03-14 09:49:59.999000+00:00,1.432,1.43201416,1.42636827,1.42715652,300
2026-03-14 09:50:00+00:00,2026-03-14 09:54:59.999000+00:00,1.42715652,1.42917237,1.426,1.42616653,300
2026-03-14 09:55:00+00:00,2026-03-14 09:59:59.999000+00:00,1.427,1.43,1.42616656,1.429,300
2026-03-14 10:00:00+00:00,2026-03-14 10:04:59.999000+00:00,1.429,1.429,1.42629425,1.42849977,300
2026-03-14 10:05:00+00:00,2026-03-14 10:09:59.999000+00:00,1.42845203,1.43,1.42833775,1.42866787,300
2026-03-14 10:10:00+00:00,2026-03-14 10:14:59.999000+00:00,1.42866787,1.43213766,1.42800166,1.432,300
2026-03-14 10:15:00+00:00,2026-03-14 10:19:59.999000+00:00,1.432,1.432,1.428,1.42948548,300
2026-03-14 10:20:00+00:00,2026-03-14 10:24:59.999000+00:00,1.42997902,1.43007892,1.42825527,1.42913512,300
2026-03-14 10:25:00+00:00,2026-03-14 10:29:59.999000+00:00,1.42913512,1.431,1.42398992,1.426,300
2026-03-14 10:30:00+00:00,2026-03-14 10:34:59.999000+00:00,1.426,1.429,1.42558233,1.42835053,300
2026-03-14 10:35:00+00:00,2026-03-14 10:39:59.999000+00:00,1.4283513,1.43,1.42729576,1.42931717,300
2026-03-14 10:40:00+00:00,2026-03-14 10:44:59.999000+00:00,1.42931717,1.43006579,1.428,1.42935566,300
2026-03-14 10:45:00+00:00,2026-03-14 10:49:59.999000+00:00,1.42927357,1.43,1.42802547,1.429,300
2026-03-14 10:50:00+00:00,2026-03-14 10:54:59.999000+00:00,1.42839135,1.433,1.42839135,1.43143623,300
2026-03-14 10:55:00+00:00,2026-03-14 10:59:59.999000+00:00,1.43143626,1.43247562,1.431,1.43124425,300
2026-03-14 11:00:00+00:00,2026-03-14 11:04:59.999000+00:00,1.43124422,1.43306845,1.43110247,1.433,300
2026-03-14 11:05:00+00:00,2026-03-14 11:09:59.999000+00:00,1.43262718,1.435,1.43262718,1.43388272,300
2026-03-14 11:10:00+00:00,2026-03-14 11:14:59.999000+00:00,1.43388272,1.434,1.433,1.434,300
2026-03-14 11:15:00+00:00,2026-03-14 11:19:59.999000+00:00,1.43350435,1.434,1.43213413,1.43270618,300
2026-03-14 11:20:00+00:00,2026-03-14 11:24:59.999000+00:00,1.43270618,1.43404005,1.432,1.434,300
2026-03-14 11:25:00+00:00,2026-03-14 11:29:59.999000+00:00,1.434,1.436,1.43303736,1.436,300
2026-03-14 11:30:00+00:00,2026-03-14 11:34:59.999000+00:00,1.43526226,1.437,1.435,1.436,300
2026-03-14 11:35:00+00:00,2026-03-14 11:39:59.999000+00:00,1.436,1.436,1.43406148,1.43406148,300
2026-03-14 11:40:00+00:00,2026-03-14 11:44:59.999000+00:00,1.435,1.435,1.434,1.43453524,300
2026-03-14 11:45:00+00:00,2026-03-14 11:49:59.999000+00:00,1.43453923,1.436,1.43322646,1.43335659,300
2026-03-14 11:50:00+00:00,2026-03-14 11:54:59.999000+00:00,1.43335659,1.43412633,1.43263161,1.433,300
2026-03-14 11:55:00+00:00,2026-03-14 11:59:59.999000+00:00,1.433,1.434,1.432,1.43254203,300
2026-03-14 12:00:00+00:00,2026-03-14 12:04:59.999000+00:00,1.43239966,1.434,1.43169821,1.434,300
2026-03-14 12:05:00+00:00,2026-03-14 12:09:59.999000+00:00,1.43346557,1.435,1.43322707,1.434,300
2026-03-14 12:10:00+00:00,2026-03-14 12:14:59.999000+00:00,1.43349216,1.435,1.432,1.43360061,300
2026-03-14 12:15:00+00:00,2026-03-14 12:19:59.999000+00:00,1.43360061,1.438,1.433,1.43710112,300
2026-03-14 12:20:00+00:00,2026-03-14 12:24:59.999000+00:00,1.43710112,1.439,1.43644786,1.438,300
2026-03-14 12:25:00+00:00,2026-03-14 12:29:59.999000+00:00,1.438,1.438,1.43512335,1.43555675,300
2026-03-14 12:30:00+00:00,2026-03-14 12:34:59.999000+00:00,1.43555675,1.43700167,1.43528525,1.43631579,300
2026-03-14 12:35:00+00:00,2026-03-14 12:39:59.999000+00:00,1.43640648,1.437,1.43401221,1.43417478,300
2026-03-14 12:40:00+00:00,2026-03-14 12:44:59.999000+00:00,1.43417478,1.436,1.43303566,1.43317565,300
2026-03-14 12:45:00+00:00,2026-03-14 12:49:59.999000+00:00,1.43317767,1.436,1.43317553,1.436,300
2026-03-14 12:50:00+00:00,2026-03-14 12:54:59.999000+00:00,1.436,1.436,1.432624,1.43349117,300
2026-03-14 12:55:00+00:00,2026-03-14 12:59:59.999000+00:00,1.43349117,1.434,1.43205372,1.43210686,300
2026-03-14 13:00:00+00:00,2026-03-14 13:04:59.999000+00:00,1.43206742,1.433,1.429,1.43,300
2026-03-14 13:05:00+00:00,2026-03-14 13:09:59.999000+00:00,1.43,1.43,1.425,1.428,300
2026-03-14 13:10:00+00:00,2026-03-14 13:14:59.999000+00:00,1.428,1.431,1.42727315,1.429,300
2026-03-14 13:15:00+00:00,2026-03-14 13:19:59.999000+00:00,1.429,1.431,1.428,1.43064392,300
2026-03-14 13:20:00+00:00,2026-03-14 13:24:59.999000+00:00,1.43062182,1.4320052,1.42911946,1.43103016,300
2026-03-14 13:25:00+00:00,2026-03-14 13:29:59.999000+00:00,1.43103016,1.432,1.42929982,1.431,300
2026-03-14 13:30:00+00:00,2026-03-14 13:34:59.999000+00:00,1.43038472,1.43205874,1.42981934,1.431,300
2026-03-14 13:35:00+00:00,2026-03-14 13:39:59.999000+00:00,1.431,1.43105286,1.43,1.43047536,300
2026-03-14 13:40:00+00:00,2026-03-14 13:44:59.999000+00:00,1.43047539,1.431,1.429,1.43,300
2026-03-14 13:45:00+00:00,2026-03-14 13:49:59.999000+00:00,1.43,1.43,1.427,1.42865819,300
2026-03-14 13:50:00+00:00,2026-03-14 13:54:59.999000+00:00,1.42865822,1.43,1.42776012,1.43,300
2026-03-14 13:55:00+00:00,2026-03-14 13:59:59.999000+00:00,1.43,1.43100915,1.42918855,1.43062235,300
2026-03-14 14:00:00+00:00,2026-03-14 14:04:59.999000+00:00,1.43042172,1.431,1.429,1.43013946,300
2026-03-14 14:05:00+00:00,2026-03-14 14:09:59.999000+00:00,1.43013946,1.432,1.42916261,1.42943123,300
2026-03-14 14:10:00+00:00,2026-03-14 14:14:59.999000+00:00,1.42937939,1.432,1.42805038,1.431,300
2026-03-14 14:15:00+00:00,2026-03-14 14:19:59.999000+00:00,1.431,1.433,1.43,1.43148434,300
2026-03-14 14:20:00+00:00,2026-03-14 14:24:59.999000+00:00,1.43148434,1.432,1.43,1.43042652,300
2026-03-14 14:25:00+00:00,2026-03-14 14:29:59.999000+00:00,1.43042655,1.432,1.42901221,1.43049998,300
2026-03-14 14:30:00+00:00,2026-03-14 14:34:59.999000+00:00,1.431,1.431,1.42576893,1.427,300
2026-03-14 14:35:00+00:00,2026-03-14 14:39:59.999000+00:00,1.42639266,1.42813794,1.42639266,1.428,300
2026-03-14 14:40:00+00:00,2026-03-14 14:44:59.999000+00:00,1.42717962,1.42815669,1.42463869,1.42463872,300
2026-03-14 14:45:00+00:00,2026-03-14 14:49:59.999000+00:00,1.424646,1.427,1.424646,1.42549999,300
2026-03-14 14:50:00+00:00,2026-03-14 14:54:59.999000+00:00,1.42549999,1.427,1.42545904,1.427,300
2026-03-14 14:55:00+00:00,2026-03-14 14:59:59.999000+00:00,1.427,1.428,1.42600715,1.427,300
2026-03-14 15:00:00+00:00,2026-03-14 15:04:59.999000+00:00,1.427,1.43,1.42606808,1.42899006,300
2026-03-14 15:05:00+00:00,2026-03-14 15:09:59.999000+00:00,1.42899006,1.43,1.427,1.42781402,300
2026-03-14 15:10:00+00:00,2026-03-14 15:14:59.999000+00:00,1.42781405,1.428,1.426,1.42636179,300
2026-03-14 15:15:00+00:00,2026-03-14 15:19:59.999000+00:00,1.42636179,1.42703747,1.41760193,1.42245449,300
2026-03-14 15:20:00+00:00,2026-03-14 15:24:59.999000+00:00,1.42243974,1.423,1.42,1.42050684,300
2026-03-14 15:25:00+00:00,2026-03-14 15:29:59.999000+00:00,1.42050684,1.427,1.42015409,1.42453815,300
2026-03-14 15:30:00+00:00,2026-03-14 15:34:59.999000+00:00,1.42453815,1.426,1.42309266,1.42408133,300
2026-03-14 15:35:00+00:00,2026-03-14 15:39:59.999000+00:00,1.42408981,1.426,1.42273749,1.426,300
2026-03-14 15:40:00+00:00,2026-03-14 15:44:59.999000+00:00,1.42543177,1.427,1.425,1.427,300
2026-03-14 15:45:00+00:00,2026-03-14 15:49:59.999000+00:00,1.427,1.428,1.42619118,1.428,300
2026-03-14 15:50:00+00:00,2026-03-14 15:54:59.999000+00:00,1.428,1.433,1.42701171,1.43,300
2026-03-14 15:55:00+00:00,2026-03-14 15:59:59.999000+00:00,1.42974656,1.43103598,1.429,1.431,300
2026-03-14 16:00:00+00:00,2026-03-14 16:04:59.999000+00:00,1.43020599,1.4305133,1.42620461,1.43,300
2026-03-14 16:05:00+00:00,2026-03-14 16:09:59.999000+00:00,1.43,1.43,1.42720217,1.429,300
2026-03-14 16:10:00+00:00,2026-03-14 16:14:59.999000+00:00,1.42891014,1.43,1.428,1.429,300
2026-03-14 16:15:00+00:00,2026-03-14 16:19:59.999000+00:00,1.429,1.431,1.429,1.43,300
2026-03-14 16:20:00+00:00,2026-03-14 16:24:59.999000+00:00,1.43,1.43061958,1.4282261,1.42868943,300
2026-03-14 16:25:00+00:00,2026-03-14 16:29:59.999000+00:00,1.429,1.429,1.42702518,1.42742584,300
2026-03-14 16:30:00+00:00,2026-03-14 16:34:59.999000+00:00,1.42742584,1.428,1.42529154,1.42558291,300
2026-03-14 16:35:00+00:00,2026-03-14 16:39:59.999000+00:00,1.42555608,1.426,1.423,1.426,300
2026-03-14 16:40:00+00:00,2026-03-14 16:44:59.999000+00:00,1.42546234,1.42632701,1.42362538,1.42455563,300
2026-03-14 16:45:00+00:00,2026-03-14 16:49:59.999000+00:00,1.42455563,1.4253904,1.42301405,1.42469092,300
2026-03-14 16:50:00+00:00,2026-03-14 16:54:59.999000+00:00,1.42469092,1.426,1.424,1.426,300
2026-03-14 16:55:00+00:00,2026-03-14 16:59:59.999000+00:00,1.426,1.427,1.424,1.42542602,300
2026-03-14 17:00:00+00:00,2026-03-14 17:04:59.999000+00:00,1.42542602,1.42542602,1.42371383,1.425,300
2026-03-14 17:05:00+00:00,2026-03-14 17:09:59.999000+00:00,1.425,1.42501895,1.42340221,1.42484931,300
2026-03-14 17:10:00+00:00,2026-03-14 17:14:59.999000+00:00,1.42470447,1.427,1.42470447,1.427,300
2026-03-14 17:15:00+00:00,2026-03-14 17:19:59.999000+00:00,1.42724866,1.42932229,1.42615017,1.42751777,300
2026-03-14 17:20:00+00:00,2026-03-14 17:24:59.999000+00:00,1.4275209,1.42885292,1.42706436,1.42752524,300
2026-03-14 17:25:00+00:00,2026-03-14 17:29:59.999000+00:00,1.42752524,1.43,1.4275172,1.42990178,300
2026-03-14 17:30:00+00:00,2026-03-14 17:34:59.999000+00:00,1.42990189,1.43028601,1.42765238,1.4276524,300
2026-03-14 17:35:00+00:00,2026-03-14 17:39:59.999000+00:00,1.4276524,1.42855855,1.4270118,1.42855855,300
2026-03-14 17:40:00+00:00,2026-03-14 17:44:59.999000+00:00,1.4285512,1.42998445,1.42839638,1.42876257,300
2026-03-14 17:45:00+00:00,2026-03-14 17:49:59.999000+00:00,1.42878117,1.42953139,1.427,1.42727211,300
2026-03-14 17:50:00+00:00,2026-03-14 17:54:59.999000+00:00,1.42727211,1.42727211,1.425,1.42544955,300
2026-03-14 17:55:00+00:00,2026-03-14 17:59:59.999000+00:00,1.42549999,1.426,1.424484,1.42451817,300
2026-03-14 18:00:00+00:00,2026-03-14 18:04:59.999000+00:00,1.42451814,1.425,1.42067962,1.42227816,300
2026-03-14 18:05:00+00:00,2026-03-14 18:09:59.999000+00:00,1.42227816,1.42397653,1.42207159,1.42357278,300
2026-03-14 18:10:00+00:00,2026-03-14 18:14:59.999000+00:00,1.42321971,1.42498783,1.42300766,1.42446871,300
2026-03-14 18:15:00+00:00,2026-03-14 18:19:59.999000+00:00,1.42448321,1.42484981,1.42307615,1.4245325,300
2026-03-14 18:20:00+00:00,2026-03-14 18:24:59.999000+00:00,1.42394226,1.42433182,1.42243221,1.42350001,300
2026-03-14 18:25:00+00:00,2026-03-14 18:29:59.999000+00:00,1.42350001,1.424,1.42302641,1.42346597,300
2026-03-14 18:30:00+00:00,2026-03-14 18:34:59.999000+00:00,1.423466,1.42483115,1.42213575,1.42483115,300
2026-03-14 18:35:00+00:00,2026-03-14 18:39:59.999000+00:00,1.4244821,1.42489344,1.42249413,1.42452608,300
2026-03-14 18:40:00+00:00,2026-03-14 18:44:59.999000+00:00,1.42451731,1.42767773,1.42367182,1.42384492,300
2026-03-14 18:45:00+00:00,2026-03-14 18:49:59.999000+00:00,1.42384489,1.425,1.42310952,1.4246789,300
2026-03-14 18:50:00+00:00,2026-03-14 18:54:59.999000+00:00,1.4248092,1.42512177,1.4231248,1.4235478,300
2026-03-14 18:55:00+00:00,2026-03-14 18:59:59.999000+00:00,1.4235478,1.424,1.422,1.42345083,300
2026-03-14 19:00:00+00:00,2026-03-14 19:04:59.999000+00:00,1.42387929,1.42387929,1.42102585,1.42220683,300
2026-03-14 19:05:00+00:00,2026-03-14 19:09:59.999000+00:00,1.42220693,1.423,1.42107445,1.42110282,300
2026-03-14 19:10:00+00:00,2026-03-14 19:14:59.999000+00:00,1.42110282,1.42281379,1.421,1.4222192,300
2026-03-14 19:15:00+00:00,2026-03-14 19:19:59.999000+00:00,1.4222192,1.42323715,1.42131683,1.42146749,300
2026-03-14 19:20:00+00:00,2026-03-14 19:24:59.999000+00:00,1.42146746,1.422,1.419,1.4195066,300
2026-03-14 19:25:00+00:00,2026-03-14 19:29:59.999000+00:00,1.4195066,1.42,1.4170702,1.41755321,300
2026-03-14 19:30:00+00:00,2026-03-14 19:34:59.999000+00:00,1.41755321,1.41832907,1.417,1.41742083,300
2026-03-14 19:35:00+00:00,2026-03-14 19:39:59.999000+00:00,1.4174208,1.41791022,1.41512385,1.41712763,300
2026-03-14 19:40:00+00:00,2026-03-14 19:44:59.999000+00:00,1.41712763,1.41798656,1.41633987,1.41637275,300
2026-03-14 19:45:00+00:00,2026-03-14 19:49:59.999000+00:00,1.41637275,1.41786097,1.41602787,1.41749292,300
2026-03-14 19:50:00+00:00,2026-03-14 19:54:59.999000+00:00,1.41758167,1.41795068,1.41477132,1.415,300
2026-03-14 19:55:00+00:00,2026-03-14 19:59:59.999000+00:00,1.415,1.41547063,1.41,1.41101172,300
2026-03-14 20:00:00+00:00,2026-03-14 20:04:59.999000+00:00,1.41094961,1.412167,1.40617018,1.40617021,300
2026-03-14 20:05:00+00:00,2026-03-14 20:09:59.999000+00:00,1.40617021,1.408,1.40600141,1.40743682,300
2026-03-14 20:10:00+00:00,2026-03-14 20:14:59.999000+00:00,1.40743682,1.40743682,1.40438877,1.40510716,300
2026-03-14 20:15:00+00:00,2026-03-14 20:19:59.999000+00:00,1.40510721,1.406,1.40400956,1.40448613,300
2026-03-14 20:20:00+00:00,2026-03-14 20:24:59.999000+00:00,1.40448613,1.40857553,1.40347608,1.40728502,300
2026-03-14 20:25:00+00:00,2026-03-14 20:29:59.999000+00:00,1.40725019,1.408,1.406,1.40714532,300
2026-03-14 20:30:00+00:00,2026-03-14 20:34:59.999000+00:00,1.40714532,1.40792462,1.406,1.40753557,300
2026-03-14 20:35:00+00:00,2026-03-14 20:39:59.999000+00:00,1.40753557,1.40885474,1.407,1.40861381,300
2026-03-14 20:40:00+00:00,2026-03-14 20:44:59.999000+00:00,1.40861381,1.41501461,1.40850002,1.41479635,300
2026-03-14 20:45:00+00:00,2026-03-14 20:49:59.999000+00:00,1.41481067,1.41481067,1.41076551,1.41076554,300
2026-03-14 20:50:00+00:00,2026-03-14 20:54:59.999000+00:00,1.41125331,1.41186264,1.41,1.41048093,300
2026-03-14 20:55:00+00:00,2026-03-14 20:59:59.999000+00:00,1.41048093,1.412,1.41047347,1.41149999,300
2026-03-14 21:00:00+00:00,2026-03-14 21:04:59.999000+00:00,1.412,1.412,1.40925185,1.41066446,300
2026-03-14 21:05:00+00:00,2026-03-14 21:09:59.999000+00:00,1.41066449,1.41066449,1.40663707,1.408,300
2026-03-14 21:10:00+00:00,2026-03-14 21:14:59.999000+00:00,1.40714135,1.40905785,1.40714135,1.40742998,300
2026-03-14 21:15:00+00:00,2026-03-14 21:19:59.999000+00:00,1.40742998,1.409,1.40701618,1.40718692,300
2026-03-14 21:20:00+00:00,2026-03-14 21:24:59.999000+00:00,1.40718692,1.408,1.40643169,1.40741135,300
2026-03-14 21:25:00+00:00,2026-03-14 21:29:59.999000+00:00,1.40730808,1.40894702,1.4073049,1.40894702,300
2026-03-14 21:30:00+00:00,2026-03-14 21:34:59.999000+00:00,1.40894712,1.409,1.40622369,1.40774708,300
2026-03-14 21:35:00+00:00,2026-03-14 21:39:59.999000+00:00,1.40774721,1.40903064,1.40703948,1.40849999,300
2026-03-14 21:40:00+00:00,2026-03-14 21:44:59.999000+00:00,1.40850002,1.41,1.408,1.40979461,300
2026-03-14 21:45:00+00:00,2026-03-14 21:49:59.999000+00:00,1.40979461,1.412,1.409,1.412,300
2026-03-14 21:50:00+00:00,2026-03-14 21:54:59.999000+00:00,1.412,1.4151064,1.41153265,1.41457224,300
2026-03-14 21:55:00+00:00,2026-03-14 21:59:59.999000+00:00,1.41457224,1.415,1.41080097,1.41080097,300
2026-03-14 22:00:00+00:00,2026-03-14 22:04:59.999000+00:00,1.41081365,1.41202194,1.40957485,1.41130163,300
2026-03-14 22:05:00+00:00,2026-03-14 22:09:59.999000+00:00,1.41130286,1.41410327,1.41123323,1.412,300
2026-03-14 22:10:00+00:00,2026-03-14 22:14:59.999000+00:00,1.412,1.412,1.41036878,1.41044233,300
2026-03-14 22:15:00+00:00,2026-03-14 22:19:59.999000+00:00,1.41021972,1.41031807,1.40813491,1.40821743,300
2026-03-14 22:20:00+00:00,2026-03-14 22:24:59.999000+00:00,1.40824129,1.41,1.408,1.40961075,300
2026-03-14 22:25:00+00:00,2026-03-14 22:29:59.999000+00:00,1.41035151,1.411,1.40810117,1.40946896,300
2026-03-14 22:30:00+00:00,2026-03-14 22:34:59.999000+00:00,1.40946896,1.4100221,1.409,1.40941864,300
2026-03-14 22:35:00+00:00,2026-03-14 22:39:59.999000+00:00,1.40948659,1.41000796,1.409,1.40950001,300
2026-03-14 22:40:00+00:00,2026-03-14 22:44:59.999000+00:00,1.40950001,1.41,1.409,1.40901218,300
2026-03-14 22:45:00+00:00,2026-03-14 22:49:59.999000+00:00,1.40992871,1.41,1.407,1.40767224,300
2026-03-14 22:50:00+00:00,2026-03-14 22:54:59.999000+00:00,1.40767224,1.40767224,1.40538308,1.40638051,300
2026-03-14 22:55:00+00:00,2026-03-14 22:59:59.999000+00:00,1.40638061,1.40714971,1.405,1.40692247,300
2026-03-14 23:00:00+00:00,2026-03-14 23:04:59.999000+00:00,1.407,1.412,1.40618169,1.40954215,300
2026-03-14 23:05:00+00:00,2026-03-14 23:09:59.999000+00:00,1.40954215,1.41421692,1.40938296,1.41081272,300
2026-03-14 23:10:00+00:00,2026-03-14 23:14:59.999000+00:00,1.41060731,1.411,1.40376074,1.40606024,300
2026-03-14 23:15:00+00:00,2026-03-14 23:19:59.999000+00:00,1.40606024,1.4072376,1.40329778,1.4072376,300
2026-03-14 23:20:00+00:00,2026-03-14 23:24:59.999000+00:00,1.4072376,1.40868497,1.405,1.406,300
2026-03-14 23:25:00+00:00,2026-03-14 23:29:59.999000+00:00,1.40530415,1.408,1.40216645,1.408,300
2026-03-14 23:30:00+00:00,2026-03-14 23:34:59.999000+00:00,1.408,1.41,1.4070571,1.409,300
2026-03-14 23:35:00+00:00,2026-03-14 23:39:59.999000+00:00,1.409,1.41112242,1.40845168,1.4099883,300
2026-03-14 23:40:00+00:00,2026-03-14 23:44:59.999000+00:00,1.41,1.41300443,1.409,1.41265694,300
2026-03-14 23:45:00+00:00,2026-03-14 23:49:59.999000+00:00,1.41265694,1.41428186,1.41201756,1.41225712,300
2026-03-14 23:50:00+00:00,2026-03-14 23:54:59.999000+00:00,1.41236195,1.414,1.41101451,1.413,300
2026-03-14 23:55:00+00:00,2026-03-14 23:59:59.999000+00:00,1.413,1.414,1.411,1.412,300
2026-03-15 00:00:00+00:00,2026-03-15 00:04:59.999000+00:00,1.4115172,1.41620093,1.409,1.41170569,300
2026-03-15 00:05:00+00:00,2026-03-15 00:09:59.999000+00:00,1.41169833,1.413,1.41014546,1.412,300
2026-03-15 00:10:00+00:00,2026-03-15 00:14:59.999000+00:00,1.41174723,1.41222135,1.4100122,1.412,300
2026-03-15 00:15:00+00:00,2026-03-15 00:19:59.999000+00:00,1.41185275,1.41234055,1.40924661,1.41,300
2026-03-15 00:20:00+00:00,2026-03-15 00:24:59.999000+00:00,1.411,1.411,1.40412392,1.40679602,300
2026-03-15 00:25:00+00:00,2026-03-15 00:29:59.999000+00:00,1.40679602,1.408,1.40173747,1.40402928,300
2026-03-15 00:30:00+00:00,2026-03-15 00:34:59.999000+00:00,1.40404198,1.40650809,1.40246086,1.40515121,300
2026-03-15 00:35:00+00:00,2026-03-15 00:39:59.999000+00:00,1.40515121,1.40515121,1.40145485,1.405,300
2026-03-15 00:40:00+00:00,2026-03-15 00:44:59.999000+00:00,1.405,1.406,1.4030283,1.40342586,300
2026-03-15 00:45:00+00:00,2026-03-15 00:49:59.999000+00:00,1.404,1.405,1.40212965,1.40472158,300
2026-03-15 00:50:00+00:00,2026-03-15 00:54:59.999000+00:00,1.40472158,1.407,1.40443304,1.40479855,300
2026-03-15 00:55:00+00:00,2026-03-15 00:59:59.999000+00:00,1.40479855,1.406,1.40450063,1.40533568,300
2026-03-15 01:00:00+00:00,2026-03-15 01:04:59.999000+00:00,1.40529004,1.406,1.404,1.40454204,300
2026-03-15 01:05:00+00:00,2026-03-15 01:09:59.999000+00:00,1.4045429,1.40634411,1.4045429,1.40547324,300
2026-03-15 01:10:00+00:00,2026-03-15 01:14:59.999000+00:00,1.40547324,1.40547327,1.3922008,1.39939008,300
2026-03-15 01:15:00+00:00,2026-03-15 01:19:59.999000+00:00,1.39939008,1.40030675,1.39720614,1.39828583,300
2026-03-15 01:20:00+00:00,2026-03-15 01:24:59.999000+00:00,1.39832437,1.4,1.39608923,1.39959256,300
2026-03-15 01:25:00+00:00,2026-03-15 01:29:59.999000+00:00,1.4,1.404,1.39959256,1.40215925,300
2026-03-15 01:30:00+00:00,2026-03-15 01:34:59.999000+00:00,1.40215925,1.407,1.40215925,1.40553739,300
2026-03-15 01:35:00+00:00,2026-03-15 01:39:59.999000+00:00,1.40559343,1.40715759,1.4041849,1.40676505,300
2026-03-15 01:40:00+00:00,2026-03-15 01:44:59.999000+00:00,1.40676505,1.408,1.40601221,1.4079357,300
2026-03-15 01:45:00+00:00,2026-03-15 01:49:59.999000+00:00,1.4079357,1.409,1.40667415,1.40701074,300
2026-03-15 01:50:00+00:00,2026-03-15 01:54:59.999000+00:00,1.40701074,1.409,1.40608209,1.40643411,300
2026-03-15 01:55:00+00:00,2026-03-15 01:59:59.999000+00:00,1.407,1.407,1.403,1.40530045,300
2026-03-15 02:00:00+00:00,2026-03-15 02:04:59.999000+00:00,1.40473803,1.416,1.40456459,1.41108595,300
2026-03-15 02:05:00+00:00,2026-03-15 02:09:59.999000+00:00,1.412,1.41311309,1.4104842,1.41239182,300
2026-03-15 02:10:00+00:00,2026-03-15 02:14:59.999000+00:00,1.41239185,1.41410085,1.41108718,1.414,300
2026-03-15 02:15:00+00:00,2026-03-15 02:19:59.999000+00:00,1.414,1.415,1.41104038,1.41134735,300
2026-03-15 02:20:00+00:00,2026-03-15 02:24:59.999000+00:00,1.41136096,1.413,1.40951531,1.40960334,300
2026-03-15 02:25:00+00:00,2026-03-15 02:29:59.999000+00:00,1.40960334,1.412,1.409,1.40980991,300
2026-03-15 02:30:00+00:00,2026-03-15 02:34:59.999000+00:00,1.40978519,1.4110834,1.40837069,1.41099522,300
2026-03-15 02:35:00+00:00,2026-03-15 02:39:59.999000+00:00,1.41099522,1.418,1.41027348,1.41731007,300
2026-03-15 02:40:00+00:00,2026-03-15 02:44:59.999000+00:00,1.41787104,1.423,1.41616607,1.42243673,300
2026-03-15 02:45:00+00:00,2026-03-15 02:49:59.999000+00:00,1.423,1.428,1.42237068,1.42741062,300
2026-03-15 02:50:00+00:00,2026-03-15 02:54:59.999000+00:00,1.42759481,1.429,1.42313002,1.424,300
2026-03-15 02:55:00+00:00,2026-03-15 02:59:59.999000+00:00,1.42312683,1.424,1.42106315,1.42164523,300
2026-03-15 03:00:00+00:00,2026-03-15 03:04:59.999000+00:00,1.42164523,1.425,1.42049992,1.42088944,300
2026-03-15 03:05:00+00:00,2026-03-15 03:09:59.999000+00:00,1.42088941,1.422,1.419,1.421,300
2026-03-15 03:10:00+00:00,2026-03-15 03:14:59.999000+00:00,1.421,1.42308069,1.4203646,1.423,300
2026-03-15 03:15:00+00:00,2026-03-15 03:19:59.999000+00:00,1.42263585,1.423,1.41716802,1.41729529,300
2026-03-15 03:20:00+00:00,2026-03-15 03:24:59.999000+00:00,1.41729527,1.42063669,1.417,1.418839,300
2026-03-15 03:25:00+00:00,2026-03-15 03:29:59.999000+00:00,1.418839,1.419,1.417,1.41820816,300
2026-03-15 03:30:00+00:00,2026-03-15 03:34:59.999000+00:00,1.41820813,1.41825521,1.41606868,1.41754369,300
2026-03-15 03:35:00+00:00,2026-03-15 03:39:59.999000+00:00,1.418,1.41967805,1.41705748,1.419,300
2026-03-15 03:40:00+00:00,2026-03-15 03:44:59.999000+00:00,1.419,1.419,1.416,1.41609958,300
2026-03-15 03:45:00+00:00,2026-03-15 03:49:59.999000+00:00,1.41606715,1.41606715,1.41310732,1.4155275,300
2026-03-15 03:50:00+00:00,2026-03-15 03:54:59.999000+00:00,1.41601534,1.41710539,1.41491068,1.416,300
2026-03-15 03:55:00+00:00,2026-03-15 03:59:59.999000+00:00,1.41530048,1.41600358,1.41406304,1.4151815,300
2026-03-15 04:00:00+00:00,2026-03-15 04:04:59.999000+00:00,1.4151815,1.417,1.413,1.417,300
2026-03-15 04:05:00+00:00,2026-03-15 04:09:59.999000+00:00,1.417,1.421,1.41652468,1.41985062,300
2026-03-15 04:10:00+00:00,2026-03-15 04:14:59.999000+00:00,1.42,1.423,1.41917598,1.4224341,300
2026-03-15 04:15:00+00:00,2026-03-15 04:19:59.999000+00:00,1.423,1.423,1.41936403,1.421,300
2026-03-15 04:20:00+00:00,2026-03-15 04:24:59.999000+00:00,1.421,1.421,1.41638118,1.417,300
2026-03-15 04:25:00+00:00,2026-03-15 04:29:59.999000+00:00,1.417,1.41807372,1.41402778,1.415,300
2026-03-15 04:30:00+00:00,2026-03-15 04:34:59.999000+00:00,1.415,1.417,1.4141173,1.416,300
2026-03-15 04:35:00+00:00,2026-03-15 04:39:59.999000+00:00,1.41581037,1.42,1.41510684,1.41898952,300
2026-03-15 04:40:00+00:00,2026-03-15 04:44:59.999000+00:00,1.419,1.419,1.41606134,1.41838171,300
2026-03-15 04:45:00+00:00,2026-03-15 04:49:59.999000+00:00,1.41842932,1.419,1.41537211,1.41660305,300
2026-03-15 04:50:00+00:00,2026-03-15 04:54:59.999000+00:00,1.41631037,1.41803569,1.41524575,1.418,300
2026-03-15 04:55:00+00:00,2026-03-15 04:59:59.999000+00:00,1.41723601,1.418,1.41506856,1.416,300
2026-03-15 05:00:00+00:00,2026-03-15 05:04:59.999000+00:00,1.416,1.417,1.411,1.41137531,300
2026-03-15 05:05:00+00:00,2026-03-15 05:09:59.999000+00:00,1.412,1.413,1.41035655,1.41251176,300
2026-03-15 05:10:00+00:00,2026-03-15 05:14:59.999000+00:00,1.41250144,1.414,1.41208164,1.4122701,300
2026-03-15 05:15:00+00:00,2026-03-15 05:19:59.999000+00:00,1.4122701,1.42,1.41164571,1.4170409,300
2026-03-15 05:20:00+00:00,2026-03-15 05:24:59.999000+00:00,1.4170409,1.419,1.4160621,1.418,300
2026-03-15 05:25:00+00:00,2026-03-15 05:29:59.999000+00:00,1.418,1.418,1.41244367,1.415,300
2026-03-15 05:30:00+00:00,2026-03-15 05:34:59.999000+00:00,1.415,1.417,1.41333604,1.414,300
2026-03-15 05:35:00+00:00,2026-03-15 05:39:59.999000+00:00,1.414,1.416,1.413,1.41538722,300
2026-03-15 05:40:00+00:00,2026-03-15 05:44:59.999000+00:00,1.41538722,1.417,1.41245413,1.4139621,300
2026-03-15 05:45:00+00:00,2026-03-15 05:49:59.999000+00:00,1.41396213,1.416,1.41275656,1.41488515,300
2026-03-15 05:50:00+00:00,2026-03-15 05:54:59.999000+00:00,1.41511107,1.41543151,1.41353795,1.41356696,300
2026-03-15 05:55:00+00:00,2026-03-15 05:59:59.999000+00:00,1.41356696,1.414,1.41202844,1.413,300
2026-03-15 06:00:00+00:00,2026-03-15 06:04:59.999000+00:00,1.413,1.416,1.41236854,1.41501258,300
2026-03-15 06:05:00+00:00,2026-03-15 06:09:59.999000+00:00,1.41483665,1.415,1.41301844,1.41301844,300
2026-03-15 06:10:00+00:00,2026-03-15 06:14:59.999000+00:00,1.41301844,1.414,1.412,1.41304873,300
2026-03-15 06:15:00+00:00,2026-03-15 06:19:59.999000+00:00,1.41304873,1.41403134,1.41178405,1.413,300
2026-03-15 06:20:00+00:00,2026-03-15 06:24:59.999000+00:00,1.413,1.413,1.411,1.4125034,300
2026-03-15 06:25:00+00:00,2026-03-15 06:29:59.999000+00:00,1.4125034,1.413,1.41121661,1.41150427,300
2026-03-15 06:30:00+00:00,2026-03-15 06:34:59.999000+00:00,1.41150215,1.412,1.40826868,1.41,300
2026-03-15 06:35:00+00:00,2026-03-15 06:39:59.999000+00:00,1.41,1.41,1.40704887,1.40750485,300
2026-03-15 06:40:00+00:00,2026-03-15 06:44:59.999000+00:00,1.408,1.40904627,1.407,1.40882311,300
2026-03-15 06:45:00+00:00,2026-03-15 06:49:59.999000+00:00,1.40877401,1.41114568,1.408,1.411,300
2026-03-15 06:50:00+00:00,2026-03-15 06:54:59.999000+00:00,1.411,1.41409089,1.41049998,1.414,300
2026-03-15 06:55:00+00:00,2026-03-15 06:59:59.999000+00:00,1.413,1.416,1.413,1.41452167,300
2026-03-15 07:00:00+00:00,2026-03-15 07:04:59.999000+00:00,1.41452167,1.417,1.414,1.41629078,300
2026-03-15 07:05:00+00:00,2026-03-15 07:09:59.999000+00:00,1.4162904,1.41918259,1.4162904,1.41696178,300
2026-03-15 07:10:00+00:00,2026-03-15 07:14:59.999000+00:00,1.41696178,1.422,1.4168538,1.41852069,300
2026-03-15 07:15:00+00:00,2026-03-15 07:19:59.999000+00:00,1.41851503,1.42,1.41760644,1.41903965,300
2026-03-15 07:20:00+00:00,2026-03-15 07:24:59.999000+00:00,1.41900407,1.42,1.41726174,1.41772015,300
2026-03-15 07:25:00+00:00,2026-03-15 07:29:59.999000+00:00,1.41772018,1.418,1.41480939,1.41592319,300
2026-03-15 07:30:00+00:00,2026-03-15 07:34:59.999000+00:00,1.41592319,1.41607486,1.41353946,1.416,300
2026-03-15 07:35:00+00:00,2026-03-15 07:39:59.999000+00:00,1.41575661,1.416,1.41417395,1.41449736,300
2026-03-15 07:40:00+00:00,2026-03-15 07:44:59.999000+00:00,1.41449736,1.415,1.41358238,1.41358238,300
2026-03-15 07:45:00+00:00,2026-03-15 07:49:59.999000+00:00,1.41358241,1.416,1.41308743,1.4148957,300
2026-03-15 07:50:00+00:00,2026-03-15 07:54:59.999000+00:00,1.41490032,1.417,1.41300547,1.41585944,300
2026-03-15 07:55:00+00:00,2026-03-15 07:59:59.999000+00:00,1.41585944,1.417,1.41505657,1.417,300
2026-03-15 08:00:00+00:00,2026-03-15 08:04:59.999000+00:00,1.417,1.419,1.41605717,1.41605717,300
2026-03-15 08:05:00+00:00,2026-03-15 08:09:59.999000+00:00,1.4160572,1.419,1.41566246,1.41566246,300
2026-03-15 08:10:00+00:00,2026-03-15 08:14:59.999000+00:00,1.41566246,1.419,1.41523805,1.41752051,300
2026-03-15 08:15:00+00:00,2026-03-15 08:19:59.999000+00:00,1.41752048,1.418,1.416,1.418,300
2026-03-15 08:20:00+00:00,2026-03-15 08:24:59.999000+00:00,1.418,1.419,1.41605327,1.418,300
2026-03-15 08:25:00+00:00,2026-03-15 08:29:59.999000+00:00,1.419,1.419,1.41515618,1.41537422,300
2026-03-15 08:30:00+00:00,2026-03-15 08:34:59.999000+00:00,1.41537422,1.417,1.415,1.416,300
2026-03-15 08:35:00+00:00,2026-03-15 08:39:59.999000+00:00,1.4159049,1.41624499,1.41457854,1.416,300
2026-03-15 08:40:00+00:00,2026-03-15 08:44:59.999000+00:00,1.416,1.416,1.41415851,1.41554203,300
2026-03-15 08:45:00+00:00,2026-03-15 08:49:59.999000+00:00,1.4155325,1.417,1.414,1.41439648,300
2026-03-15 08:50:00+00:00,2026-03-15 08:54:59.999000+00:00,1.41439648,1.415,1.41318004,1.415,300
2026-03-15 08:55:00+00:00,2026-03-15 08:59:59.999000+00:00,1.415,1.416,1.414,1.416,300
2026-03-15 09:00:00+00:00,2026-03-15 09:04:59.999000+00:00,1.416,1.42,1.41550319,1.419,300
2026-03-15 09:05:00+00:00,2026-03-15 09:09:59.999000+00:00,1.419,1.422,1.419,1.42130796,300
2026-03-15 09:10:00+00:00,2026-03-15 09:14:59.999000+00:00,1.42130796,1.42140582,1.41804971,1.419,300
2026-03-15 09:15:00+00:00,2026-03-15 09:19:59.999000+00:00,1.419,1.42130998,1.419,1.421,300
2026-03-15 09:20:00+00:00,2026-03-15 09:24:59.999000+00:00,1.421,1.422,1.41918445,1.42021273,300
2026-03-15 09:25:00+00:00,2026-03-15 09:29:59.999000+00:00,1.42021273,1.421,1.417,1.418,300
2026-03-15 09:30:00+00:00,2026-03-15 09:34:59.999000+00:00,1.41739741,1.419,1.41715338,1.41869211,300
2026-03-15 09:35:00+00:00,2026-03-15 09:39:59.999000+00:00,1.41869211,1.41934974,1.417,1.41850002,300
2026-03-15 09:40:00+00:00,2026-03-15 09:44:59.999000+00:00,1.419,1.419,1.4170519,1.41750068,300
2026-03-15 09:45:00+00:00,2026-03-15 09:49:59.999000+00:00,1.41750065,1.4190199,1.41663775,1.41716103,300
2026-03-15 09:50:00+00:00,2026-03-15 09:54:59.999000+00:00,1.41716103,1.42221658,1.41715786,1.421,300
2026-03-15 09:55:00+00:00,2026-03-15 09:59:59.999000+00:00,1.421,1.422,1.41903904,1.42152807,300
2026-03-15 10:00:00+00:00,2026-03-15 10:04:59.999000+00:00,1.4215281,1.423,1.42057353,1.4222504,300
2026-03-15 10:05:00+00:00,2026-03-15 10:09:59.999000+00:00,1.4222504,1.425,1.422,1.42345954,300
2026-03-15 10:10:00+00:00,2026-03-15 10:14:59.999000+00:00,1.42347092,1.427,1.42332126,1.42660222,300
2026-03-15 10:15:00+00:00,2026-03-15 10:19:59.999000+00:00,1.42660222,1.431,1.42507722,1.43040678,300
2026-03-15 10:20:00+00:00,2026-03-15 10:24:59.999000+00:00,1.43040678,1.432,1.428,1.42805674,300
2026-03-15 10:25:00+00:00,2026-03-15 10:29:59.999000+00:00,1.42805674,1.429,1.427,1.428,300
2026-03-15 10:30:00+00:00,2026-03-15 10:34:59.999000+00:00,1.428,1.428,1.42239806,1.42397491,300
2026-03-15 10:35:00+00:00,2026-03-15 10:39:59.999000+00:00,1.424,1.425,1.423,1.425,300
2026-03-15 10:40:00+00:00,2026-03-15 10:44:59.999000+00:00,1.425,1.425,1.42301439,1.424,300
2026-03-15 10:45:00+00:00,2026-03-15 10:49:59.999000+00:00,1.424,1.425,1.42209087,1.423,300
2026-03-15 10:50:00+00:00,2026-03-15 10:54:59.999000+00:00,1.423,1.426,1.42204908,1.426,300
2026-03-15 10:55:00+00:00,2026-03-15 10:59:59.999000+00:00,1.426,1.426,1.42301364,1.424,300
2026-03-15 11:00:00+00:00,2026-03-15 11:04:59.999000+00:00,1.424,1.427,1.423,1.4258492,300
2026-03-15 11:05:00+00:00,2026-03-15 11:09:59.999000+00:00,1.42578713,1.427,1.424,1.424,300
2026-03-15 11:10:00+00:00,2026-03-15 11:14:59.999000+00:00,1.424,1.42605289,1.424,1.426,300
2026-03-15 11:15:00+00:00,2026-03-15 11:19:59.999000+00:00,1.426,1.428,1.42409828,1.42442411,300
2026-03-15 11:20:00+00:00,2026-03-15 11:24:59.999000+00:00,1.42442411,1.428,1.42442411,1.427,300
2026-03-15 11:25:00+00:00,2026-03-15 11:29:59.999000+00:00,1.427,1.43,1.427,1.42894607,300
2026-03-15 11:30:00+00:00,2026-03-15 11:34:59.999000+00:00,1.42894607,1.432,1.42800951,1.43107373,300
2026-03-15 11:35:00+00:00,2026-03-15 11:39:59.999000+00:00,1.43107376,1.43205329,1.43099588,1.432,300
2026-03-15 11:40:00+00:00,2026-03-15 11:44:59.999000+00:00,1.432,1.4340245,1.43086205,1.43349887,300
2026-03-15 11:45:00+00:00,2026-03-15 11:49:59.999000+00:00,1.43349887,1.434,1.431853,1.43311629,300
2026-03-15 11:50:00+00:00,2026-03-15 11:54:59.999000+00:00,1.43311629,1.43714831,1.43311629,1.43395474,300
2026-03-15 11:55:00+00:00,2026-03-15 11:59:59.999000+00:00,1.43233169,1.43233169,1.427,1.42846405,300
2026-03-15 12:00:00+00:00,2026-03-15 12:04:59.999000+00:00,1.42851709,1.43163266,1.42851709,1.43160068,300
2026-03-15 12:05:00+00:00,2026-03-15 12:09:59.999000+00:00,1.4316007,1.4316007,1.42703694,1.43,300
2026-03-15 12:10:00+00:00,2026-03-15 12:14:59.999000+00:00,1.43,1.43001646,1.42801015,1.4284918,300
2026-03-15 12:15:00+00:00,2026-03-15 12:19:59.999000+00:00,1.42849177,1.431,1.428,1.43,300
2026-03-15 12:20:00+00:00,2026-03-15 12:24:59.999000+00:00,1.43,1.432,1.42902455,1.431,300
2026-03-15 12:25:00+00:00,2026-03-15 12:29:59.999000+00:00,1.431,1.436,1.431,1.435,300
2026-03-15 12:30:00+00:00,2026-03-15 12:34:59.999000+00:00,1.435,1.436,1.432,1.436,300
2026-03-15 12:35:00+00:00,2026-03-15 12:39:59.999000+00:00,1.43562896,1.44115241,1.435,1.43825817,300
2026-03-15 12:40:00+00:00,2026-03-15 12:44:59.999000+00:00,1.439,1.439,1.434,1.43615419,300
2026-03-15 12:45:00+00:00,2026-03-15 12:49:59.999000+00:00,1.43617616,1.437,1.43357838,1.43414401,300
2026-03-15 12:50:00+00:00,2026-03-15 12:54:59.999000+00:00,1.43414401,1.435,1.432,1.433,300
2026-03-15 12:55:00+00:00,2026-03-15 12:59:59.999000+00:00,1.43208535,1.435,1.43100747,1.43337843,300
2026-03-15 13:00:00+00:00,2026-03-15 13:04:59.999000+00:00,1.43335232,1.435,1.433,1.43309101,300
2026-03-15 13:05:00+00:00,2026-03-15 13:09:59.999000+00:00,1.4330793,1.4330793,1.42150427,1.42154792,300
2026-03-15 13:10:00+00:00,2026-03-15 13:14:59.999000+00:00,1.42154792,1.42154792,1.415,1.41966973,300
2026-03-15 13:15:00+00:00,2026-03-15 13:19:59.999000+00:00,1.42,1.42,1.41480573,1.41634298,300
2026-03-15 13:20:00+00:00,2026-03-15 13:24:59.999000+00:00,1.41634298,1.42,1.415,1.41818616,300
2026-03-15 13:25:00+00:00,2026-03-15 13:29:59.999000+00:00,1.41816736,1.423,1.41816736,1.41993908,300
2026-03-15 13:30:00+00:00,2026-03-15 13:34:59.999000+00:00,1.41993908,1.423,1.41756778,1.42,300
2026-03-15 13:35:00+00:00,2026-03-15 13:39:59.999000+00:00,1.419,1.42112198,1.414,1.41424771,300
2026-03-15 13:40:00+00:00,2026-03-15 13:44:59.999000+00:00,1.41409242,1.419,1.413,1.41828287,300
2026-03-15 13:45:00+00:00,2026-03-15 13:49:59.999000+00:00,1.419,1.421,1.41771951,1.419,300
2026-03-15 13:50:00+00:00,2026-03-15 13:54:59.999000+00:00,1.419,1.421,1.418,1.41989627,300
2026-03-15 13:55:00+00:00,2026-03-15 13:59:59.999000+00:00,1.42,1.422,1.41807274,1.42103593,300
2026-03-15 14:00:00+00:00,2026-03-15 14:04:59.999000+00:00,1.42102316,1.423,1.41942719,1.423,300
2026-03-15 14:05:00+00:00,2026-03-15 14:09:59.999000+00:00,1.423,1.426,1.42214509,1.425,300
2026-03-15 14:10:00+00:00,2026-03-15 14:14:59.999000+00:00,1.425,1.425,1.421,1.422,300
2026-03-15 14:15:00+00:00,2026-03-15 14:19:59.999000+00:00,1.422,1.422,1.41812013,1.419,300
2026-03-15 14:20:00+00:00,2026-03-15 14:24:59.999000+00:00,1.419,1.42,1.417,1.41757179,300
2026-03-15 14:25:00+00:00,2026-03-15 14:29:59.999000+00:00,1.418,1.41829588,1.417,1.41750515,300
2026-03-15 14:30:00+00:00,2026-03-15 14:34:59.999000+00:00,1.41750515,1.419,1.41629023,1.419,300
2026-03-15 14:35:00+00:00,2026-03-15 14:39:59.999000+00:00,1.419,1.41950912,1.41432396,1.4149733,300
2026-03-15 14:40:00+00:00,2026-03-15 14:44:59.999000+00:00,1.41483737,1.418,1.41445181,1.41689583,300
2026-03-15 14:45:00+00:00,2026-03-15 14:49:59.999000+00:00,1.41689583,1.419,1.41469138,1.416,300
2026-03-15 14:50:00+00:00,2026-03-15 14:54:59.999000+00:00,1.4164462,1.418,1.41638868,1.41756612,300
2026-03-15 14:55:00+00:00,2026-03-15 14:59:59.999000+00:00,1.41757344,1.418,1.41636288,1.41752675,300
2026-03-15 15:00:00+00:00,2026-03-15 15:04:59.999000+00:00,1.41752675,1.418,1.415,1.416,300
2026-03-15 15:05:00+00:00,2026-03-15 15:09:59.999000+00:00,1.416,1.417,1.41545657,1.4161832,300
2026-03-15 15:10:00+00:00,2026-03-15 15:14:59.999000+00:00,1.4161832,1.41816357,1.416,1.417,300
2026-03-15 15:15:00+00:00,2026-03-15 15:19:59.999000+00:00,1.417,1.418,1.41464248,1.417074,300
2026-03-15 15:20:00+00:00,2026-03-15 15:24:59.999000+00:00,1.417074,1.417074,1.41501287,1.417,300
2026-03-15 15:25:00+00:00,2026-03-15 15:29:59.999000+00:00,1.417,1.418,1.4149293,1.416,300
2026-03-15 15:30:00+00:00,2026-03-15 15:34:59.999000+00:00,1.41543267,1.41711201,1.41351059,1.415,300
2026-03-15 15:35:00+00:00,2026-03-15 15:39:59.999000+00:00,1.415,1.417,1.41448101,1.41450001,300
2026-03-15 15:40:00+00:00,2026-03-15 15:44:59.999000+00:00,1.415,1.41601962,1.414,1.416,300
2026-03-15 15:45:00+00:00,2026-03-15 15:49:59.999000+00:00,1.416,1.4160266,1.41465804,1.41549023,300
2026-03-15 15:50:00+00:00,2026-03-15 15:54:59.999000+00:00,1.41549023,1.41633904,1.41501514,1.416,300
2026-03-15 15:55:00+00:00,2026-03-15 15:59:59.999000+00:00,1.416,1.41732198,1.41501652,1.416,300
2026-03-15 16:00:00+00:00,2026-03-15 16:04:59.999000+00:00,1.416,1.417,1.41452408,1.41687288,300
2026-03-15 16:05:00+00:00,2026-03-15 16:09:59.999000+00:00,1.417,1.41990398,1.41649591,1.4165035,300
2026-03-15 16:10:00+00:00,2026-03-15 16:14:59.999000+00:00,1.41650352,1.419,1.41641562,1.41862981,300
2026-03-15 16:15:00+00:00,2026-03-15 16:19:59.999000+00:00,1.41862985,1.41871309,1.4096037,1.41266614,300
2026-03-15 16:20:00+00:00,2026-03-15 16:24:59.999000+00:00,1.41202837,1.41357782,1.41134903,1.41224249,300
2026-03-15 16:25:00+00:00,2026-03-15 16:29:59.999000+00:00,1.41224249,1.41291666,1.41145272,1.41282039,300
2026-03-15 16:30:00+00:00,2026-03-15 16:34:59.999000+00:00,1.41282044,1.41282053,1.40798496,1.41084686,300
2026-03-15 16:35:00+00:00,2026-03-15 16:39:59.999000+00:00,1.41068325,1.41494223,1.4104469,1.41401302,300
2026-03-15 16:40:00+00:00,2026-03-15 16:44:59.999000+00:00,1.41450068,1.41502216,1.41111184,1.41182522,300
2026-03-15 16:45:00+00:00,2026-03-15 16:49:59.999000+00:00,1.41182522,1.413,1.411,1.41167233,300
2026-03-15 16:50:00+00:00,2026-03-15 16:54:59.999000+00:00,1.41167233,1.412,1.40739211,1.41056918,300
2026-03-15 16:55:00+00:00,2026-03-15 16:59:59.999000+00:00,1.411,1.411,1.40855746,1.41,300
2026-03-15 17:00:00+00:00,2026-03-15 17:04:59.999000+00:00,1.40980828,1.418,1.40914394,1.41711421,300
2026-03-15 17:05:00+00:00,2026-03-15 17:09:59.999000+00:00,1.41711421,1.422,1.41691969,1.42141465,300
2026-03-15 17:10:00+00:00,2026-03-15 17:14:59.999000+00:00,1.42141462,1.422,1.41971366,1.42105202,300
2026-03-15 17:15:00+00:00,2026-03-15 17:19:59.999000+00:00,1.42115997,1.42213611,1.42,1.42203057,300
2026-03-15 17:20:00+00:00,2026-03-15 17:24:59.999000+00:00,1.42203054,1.42203054,1.41989023,1.421,300
2026-03-15 17:25:00+00:00,2026-03-15 17:29:59.999000+00:00,1.42008815,1.42100408,1.41901558,1.41970932,300
2026-03-15 17:30:00+00:00,2026-03-15 17:34:59.999000+00:00,1.42,1.421,1.41844109,1.41844109,300
2026-03-15 17:35:00+00:00,2026-03-15 17:39:59.999000+00:00,1.419,1.42,1.4175868,1.419,300
2026-03-15 17:40:00+00:00,2026-03-15 17:44:59.999000+00:00,1.419,1.41920738,1.41795944,1.419,300
2026-03-15 17:45:00+00:00,2026-03-15 17:49:59.999000+00:00,1.419,1.42,1.418,1.41974945,300
2026-03-15 17:50:00+00:00,2026-03-15 17:54:59.999000+00:00,1.41974945,1.42702663,1.4183805,1.42658753,300
2026-03-15 17:55:00+00:00,2026-03-15 17:59:59.999000+00:00,1.427,1.427,1.42,1.421,300
2026-03-15 18:00:00+00:00,2026-03-15 18:04:59.999000+00:00,1.421,1.422,1.41979639,1.42,300
2026-03-15 18:05:00+00:00,2026-03-15 18:09:59.999000+00:00,1.42,1.421,1.419,1.42071552,300
2026-03-15 18:10:00+00:00,2026-03-15 18:14:59.999000+00:00,1.42032627,1.42032627,1.41662039,1.41806081,300
2026-03-15 18:15:00+00:00,2026-03-15 18:19:59.999000+00:00,1.41806081,1.42087021,1.41728022,1.41959637,300
2026-03-15 18:20:00+00:00,2026-03-15 18:24:59.999000+00:00,1.42,1.42,1.4163892,1.417,300
2026-03-15 18:25:00+00:00,2026-03-15 18:29:59.999000+00:00,1.417,1.418,1.416,1.41656655,300
2026-03-15 18:30:00+00:00,2026-03-15 18:34:59.999000+00:00,1.41656655,1.42,1.41656655,1.419,300
2026-03-15 18:35:00+00:00,2026-03-15 18:39:59.999000+00:00,1.419,1.42,1.41740628,1.41847467,300
2026-03-15 18:40:00+00:00,2026-03-15 18:44:59.999000+00:00,1.41847467,1.41915234,1.418,1.419,300
2026-03-15 18:45:00+00:00,2026-03-15 18:49:59.999000+00:00,1.419,1.419,1.41020653,1.412,300
2026-03-15 18:50:00+00:00,2026-03-15 18:54:59.999000+00:00,1.412,1.412,1.409,1.410837,300
2026-03-15 18:55:00+00:00,2026-03-15 18:59:59.999000+00:00,1.41083705,1.411,1.409,1.41,300
2026-03-15 19:00:00+00:00,2026-03-15 19:04:59.999000+00:00,1.40963789,1.413,1.40963789,1.41285811,300
2026-03-15 19:05:00+00:00,2026-03-15 19:09:59.999000+00:00,1.412,1.41289311,1.40838697,1.409,300
2026-03-15 19:10:00+00:00,2026-03-15 19:14:59.999000+00:00,1.409,1.4155545,1.40840919,1.41479381,300
2026-03-15 19:15:00+00:00,2026-03-15 19:19:59.999000+00:00,1.41456533,1.41561746,1.41212105,1.414,300
2026-03-15 19:20:00+00:00,2026-03-15 19:24:59.999000+00:00,1.414,1.415,1.41250159,1.415,300
2026-03-15 19:25:00+00:00,2026-03-15 19:29:59.999000+00:00,1.415,1.418,1.41449998,1.417,300
2026-03-15 19:30:00+00:00,2026-03-15 19:34:59.999000+00:00,1.417,1.42085042,1.41570546,1.41940584,300
2026-03-15 19:35:00+00:00,2026-03-15 19:39:59.999000+00:00,1.41940586,1.42,1.41604977,1.417,300
2026-03-15 19:40:00+00:00,2026-03-15 19:44:59.999000+00:00,1.417,1.418,1.41637806,1.417,300
2026-03-15 19:45:00+00:00,2026-03-15 19:49:59.999000+00:00,1.417,1.418,1.41530391,1.417,300
2026-03-15 19:50:00+00:00,2026-03-15 19:54:59.999000+00:00,1.41659511,1.419,1.41552035,1.419,300
2026-03-15 19:55:00+00:00,2026-03-15 19:59:59.999000+00:00,1.419,1.421,1.41809873,1.42,300
2026-03-15 20:00:00+00:00,2026-03-15 20:04:59.999000+00:00,1.42,1.42210221,1.419,1.42,300
2026-03-15 20:05:00+00:00,2026-03-15 20:09:59.999000+00:00,1.42,1.424,1.42,1.42151325,300
2026-03-15 20:10:00+00:00,2026-03-15 20:14:59.999000+00:00,1.42151325,1.423,1.42,1.42053744,300
2026-03-15 20:15:00+00:00,2026-03-15 20:19:59.999000+00:00,1.421,1.422,1.41831595,1.42,300
2026-03-15 20:20:00+00:00,2026-03-15 20:24:59.999000+00:00,1.419,1.421,1.419,1.42,300
2026-03-15 20:25:00+00:00,2026-03-15 20:29:59.999000+00:00,1.42,1.42,1.41807668,1.42,300
2026-03-15 20:30:00+00:00,2026-03-15 20:34:59.999000+00:00,1.41932593,1.423,1.419,1.42,300
2026-03-15 20:35:00+00:00,2026-03-15 20:39:59.999000+00:00,1.42,1.428,1.42,1.42715187,300
2026-03-15 20:40:00+00:00,2026-03-15 20:44:59.999000+00:00,1.42791671,1.42951565,1.424,1.42451149,300
2026-03-15 20:45:00+00:00,2026-03-15 20:49:59.999000+00:00,1.425,1.425,1.4213205,1.423,300
2026-03-15 20:50:00+00:00,2026-03-15 20:54:59.999000+00:00,1.423,1.424,1.42221924,1.423,300
2026-03-15 20:55:00+00:00,2026-03-15 20:59:59.999000+00:00,1.423,1.423,1.42080918,1.422,300
2026-03-15 21:00:00+00:00,2026-03-15 21:04:59.999000+00:00,1.422,1.422,1.41954889,1.421,300
2026-03-15 21:05:00+00:00,2026-03-15 21:09:59.999000+00:00,1.421,1.421,1.41705027,1.42,300
2026-03-15 21:10:00+00:00,2026-03-15 21:14:59.999000+00:00,1.42,1.421,1.41819915,1.41849313,300
2026-03-15 21:15:00+00:00,2026-03-15 21:19:59.999000+00:00,1.41849313,1.421,1.41849313,1.421,300
2026-03-15 21:20:00+00:00,2026-03-15 21:24:59.999000+00:00,1.421,1.42304945,1.42002926,1.423,300
2026-03-15 21:25:00+00:00,2026-03-15 21:29:59.999000+00:00,1.42387098,1.42859802,1.42387098,1.42551006,300
2026-03-15 21:30:00+00:00,2026-03-15 21:34:59.999000+00:00,1.42551006,1.43,1.42494908,1.42945537,300
2026-03-15 21:35:00+00:00,2026-03-15 21:39:59.999000+00:00,1.42940494,1.434,1.427,1.431,300
2026-03-15 21:40:00+00:00,2026-03-15 21:44:59.999000+00:00,1.431,1.431,1.428,1.4287831,300
2026-03-15 21:45:00+00:00,2026-03-15 21:49:59.999000+00:00,1.4287831,1.431,1.4264338,1.427,300
2026-03-15 21:50:00+00:00,2026-03-15 21:54:59.999000+00:00,1.42644475,1.429,1.42644475,1.428,300
2026-03-15 21:55:00+00:00,2026-03-15 21:59:59.999000+00:00,1.428,1.42900468,1.42665301,1.429,300
2026-03-15 22:00:00+00:00,2026-03-15 22:04:59.999000+00:00,1.429,1.434,1.42804511,1.4316585,300
2026-03-15 22:05:00+00:00,2026-03-15 22:09:59.999000+00:00,1.4316585,1.432,1.42417898,1.42417898,300
2026-03-15 22:10:00+00:00,2026-03-15 22:14:59.999000+00:00,1.42422435,1.425,1.4188621,1.42,300
2026-03-15 22:15:00+00:00,2026-03-15 22:19:59.999000+00:00,1.41972466,1.42009796,1.41501464,1.418,300
2026-03-15 22:20:00+00:00,2026-03-15 22:24:59.999000+00:00,1.4175024,1.421,1.4174274,1.4202718,300
2026-03-15 22:25:00+00:00,2026-03-15 22:29:59.999000+00:00,1.42030782,1.423,1.42,1.42176226,300
2026-03-15 22:30:00+00:00,2026-03-15 22:34:59.999000+00:00,1.42176223,1.434,1.42176223,1.431,300
2026-03-15 22:35:00+00:00,2026-03-15 22:39:59.999000+00:00,1.431,1.4320219,1.42646292,1.431,300
2026-03-15 22:40:00+00:00,2026-03-15 22:44:59.999000+00:00,1.431,1.439,1.43091723,1.43454227,300
2026-03-15 22:45:00+00:00,2026-03-15 22:49:59.999000+00:00,1.43456234,1.44,1.43447063,1.437,300
2026-03-15 22:50:00+00:00,2026-03-15 22:54:59.999000+00:00,1.437,1.443,1.436,1.4362063,300
2026-03-15 22:55:00+00:00,2026-03-15 22:59:59.999000+00:00,1.4362063,1.44,1.436,1.438,300
2026-03-15 23:00:00+00:00,2026-03-15 23:04:59.999000+00:00,1.438,1.441,1.438,1.439,300
2026-03-15 23:05:00+00:00,2026-03-15 23:09:59.999000+00:00,1.43896946,1.444,1.43777071,1.442,300
2026-03-15 23:10:00+00:00,2026-03-15 23:14:59.999000+00:00,1.442,1.443,1.43410872,1.436,300
2026-03-15 23:15:00+00:00,2026-03-15 23:19:59.999000+00:00,1.437,1.439,1.43125834,1.433,300
2026-03-15 23:20:00+00:00,2026-03-15 23:24:59.999000+00:00,1.433,1.434,1.424,1.427,300
2026-03-15 23:25:00+00:00,2026-03-15 23:29:59.999000+00:00,1.427,1.42840268,1.425,1.426,300
2026-03-15 23:30:00+00:00,2026-03-15 23:34:59.999000+00:00,1.426,1.43,1.42461525,1.43,300
2026-03-15 23:35:00+00:00,2026-03-15 23:39:59.999000+00:00,1.43,1.43218143,1.42839109,1.43,300
2026-03-15 23:40:00+00:00,2026-03-15 23:44:59.999000+00:00,1.42938503,1.433,1.42848786,1.43042243,300
2026-03-15 23:45:00+00:00,2026-03-15 23:49:59.999000+00:00,1.43042246,1.435,1.43042246,1.43253035,300
2026-03-15 23:50:00+00:00,2026-03-15 23:54:59.999000+00:00,1.43259111,1.436,1.42915053,1.436,300
2026-03-15 23:55:00+00:00,2026-03-15 23:59:59.999000+00:00,1.436,1.439,1.43582947,1.43876473,300
2026-03-16 00:00:00+00:00,2026-03-16 00:04:59.999000+00:00,1.4387647,1.445001,1.43577765,1.43875502,300
2026-03-16 00:05:00+00:00,2026-03-16 00:09:59.999000+00:00,1.43828016,1.439,1.43535762,1.43731916,300
2026-03-16 00:10:00+00:00,2026-03-16 00:14:59.999000+00:00,1.43718503,1.438,1.43258412,1.433,300
2026-03-16 00:15:00+00:00,2026-03-16 00:19:59.999000+00:00,1.433,1.436,1.431,1.432,300
2026-03-16 00:20:00+00:00,2026-03-16 00:24:59.999000+00:00,1.432,1.43312088,1.4300977,1.43014443,300
2026-03-16 00:25:00+00:00,2026-03-16 00:29:59.999000+00:00,1.431,1.432,1.429,1.431,300
2026-03-16 00:30:00+00:00,2026-03-16 00:34:59.999000+00:00,1.431,1.43435659,1.43,1.433,300
2026-03-16 00:35:00+00:00,2026-03-16 00:39:59.999000+00:00,1.43313623,1.436,1.43265976,1.436,300
2026-03-16 00:40:00+00:00,2026-03-16 00:44:59.999000+00:00,1.436,1.43632842,1.43276317,1.43441137,300
2026-03-16 00:45:00+00:00,2026-03-16 00:49:59.999000+00:00,1.435,1.439,1.43413166,1.439,300
2026-03-16 00:50:00+00:00,2026-03-16 00:54:59.999000+00:00,1.43866861,1.439,1.434,1.43554365,300
2026-03-16 00:55:00+00:00,2026-03-16 00:59:59.999000+00:00,1.43554362,1.43882284,1.434,1.436,300
2026-03-16 01:00:00+00:00,2026-03-16 01:04:59.999000+00:00,1.43534853,1.438,1.43229953,1.43229953,300
2026-03-16 01:05:00+00:00,2026-03-16 01:09:59.999000+00:00,1.43229956,1.435,1.432,1.43433517,300
2026-03-16 01:10:00+00:00,2026-03-16 01:14:59.999000+00:00,1.435,1.435,1.42938297,1.431,300
2026-03-16 01:15:00+00:00,2026-03-16 01:19:59.999000+00:00,1.431,1.438,1.431,1.43777575,300
2026-03-16 01:20:00+00:00,2026-03-16 01:24:59.999000+00:00,1.43807025,1.445,1.43807025,1.443,300
2026-03-16 01:25:00+00:00,2026-03-16 01:29:59.999000+00:00,1.443,1.44304454,1.43952473,1.442684,300
2026-03-16 01:30:00+00:00,2026-03-16 01:34:59.999000+00:00,1.443,1.443,1.43867555,1.44,300
2026-03-16 01:35:00+00:00,2026-03-16 01:39:59.999000+00:00,1.44,1.44203018,1.4395045,1.44,300
2026-03-16 01:40:00+00:00,2026-03-16 01:44:59.999000+00:00,1.44,1.44255041,1.43933907,1.44,300
2026-03-16 01:45:00+00:00,2026-03-16 01:49:59.999000+00:00,1.44,1.44289829,1.43954832,1.442,300
2026-03-16 01:50:00+00:00,2026-03-16 01:54:59.999000+00:00,1.443,1.446,1.442,1.446,300
2026-03-16 01:55:00+00:00,2026-03-16 01:59:59.999000+00:00,1.446,1.446,1.44147955,1.442,300
2026-03-16 02:00:00+00:00,2026-03-16 02:04:59.999000+00:00,1.442,1.44504496,1.441,1.44481238,300
2026-03-16 02:05:00+00:00,2026-03-16 02:09:59.999000+00:00,1.445,1.446,1.44320392,1.444,300
2026-03-16 02:10:00+00:00,2026-03-16 02:14:59.999000+00:00,1.444,1.444,1.442,1.442,300
2026-03-16 02:15:00+00:00,2026-03-16 02:19:59.999000+00:00,1.44265392,1.444,1.43799302,1.438,300
2026-03-16 02:20:00+00:00,2026-03-16 02:24:59.999000+00:00,1.438,1.438,1.434,1.435,300
2026-03-16 02:25:00+00:00,2026-03-16 02:29:59.999000+00:00,1.435,1.436,1.43148583,1.432,300
2026-03-16 02:30:00+00:00,2026-03-16 02:34:59.999000+00:00,1.432,1.434,1.432,1.434,300
2026-03-16 02:35:00+00:00,2026-03-16 02:39:59.999000+00:00,1.434,1.43766187,1.433,1.437,300
2026-03-16 02:40:00+00:00,2026-03-16 02:44:59.999000+00:00,1.43678499,1.43915596,1.43678499,1.43889365,300
2026-03-16 02:45:00+00:00,2026-03-16 02:49:59.999000+00:00,1.43891206,1.439,1.43556912,1.43618509,300
2026-03-16 02:50:00+00:00,2026-03-16 02:54:59.999000+00:00,1.43618509,1.44274449,1.43618509,1.4415497,300
2026-03-16 02:55:00+00:00,2026-03-16 02:59:59.999000+00:00,1.442,1.44429968,1.44108304,1.4430634,300
2026-03-16 03:00:00+00:00,2026-03-16 03:04:59.999000+00:00,1.44306337,1.44361144,1.43909495,1.44361144,300
2026-03-16 03:05:00+00:00,2026-03-16 03:09:59.999000+00:00,1.443,1.44581317,1.442,1.44531842,300
2026-03-16 03:10:00+00:00,2026-03-16 03:14:59.999000+00:00,1.44517563,1.44893789,1.44517563,1.44605267,300
2026-03-16 03:15:00+00:00,2026-03-16 03:19:59.999000+00:00,1.447,1.45069259,1.44382853,1.44960146,300
2026-03-16 03:20:00+00:00,2026-03-16 03:24:59.999000+00:00,1.45,1.45756661,1.44743869,1.456,300
2026-03-16 03:25:00+00:00,2026-03-16 03:29:59.999000+00:00,1.456,1.45666482,1.45248497,1.45411061,300
2026-03-16 03:30:00+00:00,2026-03-16 03:34:59.999000+00:00,1.45408134,1.48297818,1.45408134,1.48285492,300
2026-03-16 03:35:00+00:00,2026-03-16 03:39:59.999000+00:00,1.48250785,1.48879606,1.478,1.486,300
2026-03-16 03:40:00+00:00,2026-03-16 03:44:59.999000+00:00,1.486,1.48884124,1.47569633,1.47782568,300
2026-03-16 03:45:00+00:00,2026-03-16 03:49:59.999000+00:00,1.47788408,1.48,1.47305362,1.47646783,300
2026-03-16 03:50:00+00:00,2026-03-16 03:54:59.999000+00:00,1.47648969,1.482,1.47648969,1.48128213,300
2026-03-16 03:55:00+00:00,2026-03-16 03:59:59.999000+00:00,1.481,1.48139055,1.47668052,1.47706553,300
2026-03-16 04:00:00+00:00,2026-03-16 04:04:59.999000+00:00,1.477,1.48362131,1.477,1.48275778,300
2026-03-16 04:05:00+00:00,2026-03-16 04:09:59.999000+00:00,1.48265293,1.48840577,1.482,1.484,300
2026-03-16 04:10:00+00:00,2026-03-16 04:14:59.999000+00:00,1.48317527,1.48743213,1.48231122,1.48585983,300
2026-03-16 04:15:00+00:00,2026-03-16 04:19:59.999000+00:00,1.48537205,1.495,1.48515959,1.49490364,300
2026-03-16 04:20:00+00:00,2026-03-16 04:24:59.999000+00:00,1.49477595,1.49491237,1.48903102,1.49088685,300
2026-03-16 04:25:00+00:00,2026-03-16 04:29:59.999000+00:00,1.49088092,1.491,1.48602383,1.48852285,300
2026-03-16 04:30:00+00:00,2026-03-16 04:34:59.999000+00:00,1.48844863,1.4964512,1.48844863,1.492,300
2026-03-16 04:35:00+00:00,2026-03-16 04:39:59.999000+00:00,1.492,1.499,1.49,1.49710626,300
2026-03-16 04:40:00+00:00,2026-03-16 04:44:59.999000+00:00,1.497,1.49983965,1.492501,1.499,300
2026-03-16 04:45:00+00:00,2026-03-16 04:49:59.999000+00:00,1.49967536,1.50885652,1.499,1.508,300
2026-03-16 04:50:00+00:00,2026-03-16 04:54:59.999000+00:00,1.50876007,1.528,1.50876007,1.52799628,300
2026-03-16 04:55:00+00:00,2026-03-16 04:59:59.999000+00:00,1.52811117,1.532386,1.52338419,1.52403823,300
2026-03-16 05:00:00+00:00,2026-03-16 05:04:59.999000+00:00,1.52362428,1.52542795,1.51325566,1.51525617,300
2026-03-16 05:05:00+00:00,2026-03-16 05:09:59.999000+00:00,1.51525615,1.52746057,1.51523881,1.52049876,300
2026-03-16 05:10:00+00:00,2026-03-16 05:14:59.999000+00:00,1.52,1.52635769,1.518351,1.52006417,300
2026-03-16 05:15:00+00:00,2026-03-16 05:19:59.999000+00:00,1.52012323,1.539,1.51887053,1.53519309,300
2026-03-16 05:20:00+00:00,2026-03-16 05:24:59.999000+00:00,1.53519309,1.54010761,1.53055855,1.53948391,300
2026-03-16 05:25:00+00:00,2026-03-16 05:29:59.999000+00:00,1.53983823,1.53983823,1.52607333,1.53137752,300
2026-03-16 05:30:00+00:00,2026-03-16 05:34:59.999000+00:00,1.53135009,1.5374618,1.52919836,1.5321772,300
2026-03-16 05:35:00+00:00,2026-03-16 05:39:59.999000+00:00,1.53296558,1.54125742,1.529,1.541,300
2026-03-16 05:40:00+00:00,2026-03-16 05:44:59.999000+00:00,1.541,1.549,1.53921319,1.54879305,300
2026-03-16 05:45:00+00:00,2026-03-16 05:49:59.999000+00:00,1.548,1.54983188,1.54158046,1.5458787,300
2026-03-16 05:50:00+00:00,2026-03-16 05:54:59.999000+00:00,1.5458787,1.54856113,1.53991563,1.545616,300
2026-03-16 05:55:00+00:00,2026-03-16 05:59:59.999000+00:00,1.54651334,1.54792365,1.53906061,1.5409819,300
2026-03-16 06:00:00+00:00,2026-03-16 06:04:59.999000+00:00,1.54241852,1.548,1.53906214,1.54062853,300
2026-03-16 06:05:00+00:00,2026-03-16 06:09:59.999000+00:00,1.54059152,1.547,1.537,1.54314728,300
2026-03-16 06:10:00+00:00,2026-03-16 06:14:59.999000+00:00,1.54311804,1.54400646,1.53530994,1.542424,300
2026-03-16 06:15:00+00:00,2026-03-16 06:19:59.999000+00:00,1.54247941,1.56291377,1.542,1.56291377,300
2026-03-16 06:20:00+00:00,2026-03-16 06:24:59.999000+00:00,1.56291377,1.57200651,1.558,1.56221048,300
2026-03-16 06:25:00+00:00,2026-03-16 06:29:59.999000+00:00,1.5622152,1.56715778,1.54792383,1.556,300
2026-03-16 06:30:00+00:00,2026-03-16 06:34:59.999000+00:00,1.556,1.57539593,1.555,1.558,300
2026-03-16 06:35:00+00:00,2026-03-16 06:39:59.999000+00:00,1.55735469,1.57413287,1.55634011,1.57149604,300
2026-03-16 06:40:00+00:00,2026-03-16 06:44:59.999000+00:00,1.57152795,1.58,1.56818657,1.57970104,300
2026-03-16 06:45:00+00:00,2026-03-16 06:49:59.999000+00:00,1.57970104,1.58641253,1.57578921,1.57822409,300
2026-03-16 06:50:00+00:00,2026-03-16 06:54:59.999000+00:00,1.579,1.5821498,1.57212582,1.57784905,300
2026-03-16 06:55:00+00:00,2026-03-16 06:59:59.999000+00:00,1.57784905,1.58020444,1.574,1.5775511,300
2026-03-16 07:00:00+00:00,2026-03-16 07:04:59.999000+00:00,1.57750884,1.58939596,1.57683567,1.588,300
2026-03-16 07:05:00+00:00,2026-03-16 07:09:59.999000+00:00,1.588,1.598,1.58662368,1.58993792,300
2026-03-16 07:10:00+00:00,2026-03-16 07:14:59.999000+00:00,1.59090743,1.601,1.59090743,1.59551388,299
2026-03-16 07:15:00+00:00,2026-03-16 07:19:59.999000+00:00,1.59487106,1.597874,1.587,1.59506877,300
2026-03-16 07:20:00+00:00,2026-03-16 07:24:59.999000+00:00,1.59504534,1.59504534,1.585,1.5891009,300
2026-03-16 07:25:00+00:00,2026-03-16 07:29:59.999000+00:00,1.58939853,1.58974421,1.582,1.584,300
2026-03-16 07:30:00+00:00,2026-03-16 07:34:59.999000+00:00,1.584,1.59372579,1.584,1.591,300
2026-03-16 07:35:00+00:00,2026-03-16 07:39:59.999000+00:00,1.591,1.59333363,1.58467851,1.58467851,300
2026-03-16 07:40:00+00:00,2026-03-16 07:44:59.999000+00:00,1.58465659,1.58887886,1.58307343,1.586,300
2026-03-16 07:45:00+00:00,2026-03-16 07:49:59.999000+00:00,1.586,1.587,1.582,1.582,300
2026-03-16 07:50:00+00:00,2026-03-16 07:54:59.999000+00:00,1.582,1.59250301,1.582,1.59168068,300
2026-03-16 07:55:00+00:00,2026-03-16 07:59:59.999000+00:00,1.59165743,1.59165747,1.58224525,1.58312938,300
2026-03-16 08:00:00+00:00,2026-03-16 08:04:59.999000+00:00,1.58312938,1.59211928,1.58312938,1.59,300
2026-03-16 08:05:00+00:00,2026-03-16 08:09:59.999000+00:00,1.58931362,1.608,1.586,1.607,300
2026-03-16 08:10:00+00:00,2026-03-16 08:14:59.999000+00:00,1.606,1.61577237,1.604,1.607,300
2026-03-16 08:15:00+00:00,2026-03-16 08:19:59.999000+00:00,1.607,1.620191,1.60029469,1.6196669,300
2026-03-16 08:20:00+00:00,2026-03-16 08:24:59.999000+00:00,1.61966689,1.62398882,1.608,1.61146213,300
2026-03-16 08:25:00+00:00,2026-03-16 08:29:59.999000+00:00,1.61144343,1.61152002,1.59616686,1.5994325,300
2026-03-16 08:30:00+00:00,2026-03-16 08:34:59.999000+00:00,1.59933821,1.601,1.5929218,1.59566852,300
2026-03-16 08:35:00+00:00,2026-03-16 08:39:59.999000+00:00,1.59573212,1.60958488,1.59530658,1.60559899,300
2026-03-16 08:40:00+00:00,2026-03-16 08:44:59.999000+00:00,1.60559899,1.6104832,1.60412668,1.60712261,300
2026-03-16 08:45:00+00:00,2026-03-16 08:49:59.999000+00:00,1.60583381,1.61638841,1.6046739,1.60867725,299
2026-03-16 08:50:00+00:00,2026-03-16 08:54:59.999000+00:00,1.60871384,1.611,1.59900946,1.60825443,300
2026-03-16 08:55:00+00:00,2026-03-16 08:59:59.999000+00:00,1.60825446,1.60825446,1.5992947,1.60196751,300
2026-03-16 09:00:00+00:00,2026-03-16 09:04:59.999000+00:00,1.60196751,1.61884843,1.60169381,1.61884843,300
2026-03-16 09:05:00+00:00,2026-03-16 09:09:59.999000+00:00,1.61898754,1.61990081,1.61105471,1.61298672,300
2026-03-16 09:10:00+00:00,2026-03-16 09:14:59.999000+00:00,1.61272836,1.62014471,1.61014257,1.61834728,300
2026-03-16 09:15:00+00:00,2026-03-16 09:19:59.999000+00:00,1.61811607,1.622,1.61138103,1.614,300
2026-03-16 09:20:00+00:00,2026-03-16 09:24:59.999000+00:00,1.614,1.619,1.61236519,1.619,300
2026-03-16 09:25:00+00:00,2026-03-16 09:29:59.999000+00:00,1.61873857,1.61876224,1.609,1.61181398,300
2026-03-16 09:30:00+00:00,2026-03-16 09:34:59.999000+00:00,1.61181398,1.61434785,1.6032286,1.60357006,300
2026-03-16 09:35:00+00:00,2026-03-16 09:39:59.999000+00:00,1.60187852,1.60241908,1.598,1.59864895,300
2026-03-16 09:40:00+00:00,2026-03-16 09:44:59.999000+00:00,1.59863076,1.60135028,1.597,1.59816143,300
2026-03-16 09:45:00+00:00,2026-03-16 09:49:59.999000+00:00,1.5981614,1.60458942,1.5981614,1.60319982,300
2026-03-16 09:50:00+00:00,2026-03-16 09:54:59.999000+00:00,1.60312446,1.611,1.60176833,1.60820923,300
2026-03-16 09:55:00+00:00,2026-03-16 09:59:59.999000+00:00,1.6082092,1.609,1.60648216,1.60892437,300
2026-03-16 10:00:00+00:00,2026-03-16 10:04:59.999000+00:00,1.60892437,1.60892437,1.5975886,1.59985467,300
2026-03-16 10:05:00+00:00,2026-03-16 10:09:59.999000+00:00,1.59985467,1.59989974,1.59146187,1.59514067,300
2026-03-16 10:10:00+00:00,2026-03-16 10:14:59.999000+00:00,1.59561384,1.603,1.59503195,1.602,300
2026-03-16 10:15:00+00:00,2026-03-16 10:19:59.999000+00:00,1.602,1.60437714,1.59728004,1.59776787,300
2026-03-16 10:20:00+00:00,2026-03-16 10:24:59.999000+00:00,1.59729328,1.59736425,1.588,1.58844317,300
2026-03-16 10:25:00+00:00,2026-03-16 10:29:59.999000+00:00,1.58816188,1.58816188,1.5832086,1.585,300
2026-03-16 10:30:00+00:00,2026-03-16 10:34:59.999000+00:00,1.585,1.585,1.575,1.57588687,300
2026-03-16 10:35:00+00:00,2026-03-16 10:39:59.999000+00:00,1.57556342,1.57786609,1.57121327,1.57135156,300
2026-03-16 10:40:00+00:00,2026-03-16 10:44:59.999000+00:00,1.57135156,1.57695461,1.57133636,1.576,300
2026-03-16 10:45:00+00:00,2026-03-16 10:49:59.999000+00:00,1.576,1.57671085,1.57230155,1.57478787,300
2026-03-16 10:50:00+00:00,2026-03-16 10:54:59.999000+00:00,1.57478789,1.58738833,1.5747179,1.58527952,300
2026-03-16 10:55:00+00:00,2026-03-16 10:59:59.999000+00:00,1.58527952,1.6,1.58527952,1.59765691,300
2026-03-16 11:00:00+00:00,2026-03-16 11:04:59.999000+00:00,1.5976569,1.614,1.59648937,1.613,300
2026-03-16 11:05:00+00:00,2026-03-16 11:09:59.999000+00:00,1.61218305,1.62923075,1.61111225,1.62923075,300
2026-03-16 11:10:00+00:00,2026-03-16 11:14:59.999000+00:00,1.629,1.62902857,1.59799357,1.60274521,300
2026-03-16 11:15:00+00:00,2026-03-16 11:19:59.999000+00:00,1.60280904,1.60484096,1.5930589,1.59832244,300
2026-03-16 11:20:00+00:00,2026-03-16 11:24:59.999000+00:00,1.59832243,1.60088926,1.58692657,1.58809647,300
2026-03-16 11:25:00+00:00,2026-03-16 11:29:59.999000+00:00,1.58809647,1.59226919,1.58700416,1.588,300
2026-03-16 11:30:00+00:00,2026-03-16 11:34:59.999000+00:00,1.588,1.60140309,1.58501848,1.59972678,300
2026-03-16 11:35:00+00:00,2026-03-16 11:39:59.999000+00:00,1.59972678,1.60086376,1.59499624,1.5983848,300
2026-03-16 11:40:00+00:00,2026-03-16 11:44:59.999000+00:00,1.599,1.599,1.59136169,1.59800756,300
2026-03-16 11:45:00+00:00,2026-03-16 11:49:59.999000+00:00,1.59784114,1.59826058,1.593,1.593,300
2026-03-16 11:50:00+00:00,2026-03-16 11:54:59.999000+00:00,1.59370724,1.59702796,1.59116152,1.59193691,300
2026-03-16 11:55:00+00:00,2026-03-16 11:59:59.999000+00:00,1.59194579,1.59390582,1.591,1.5923546,300
2026-03-16 12:00:00+00:00,2026-03-16 12:04:59.999000+00:00,1.59273184,1.6,1.59237332,1.59463956,300
2026-03-16 12:05:00+00:00,2026-03-16 12:09:59.999000+00:00,1.595,1.60039865,1.59409879,1.60007396,300
2026-03-16 12:10:00+00:00,2026-03-16 12:14:59.999000+00:00,1.599962,1.60399218,1.597,1.60318327,300
2026-03-16 12:15:00+00:00,2026-03-16 12:19:59.999000+00:00,1.6030369,1.60305077,1.59406544,1.59996563,300
2026-03-16 12:20:00+00:00,2026-03-16 12:24:59.999000+00:00,1.59996562,1.60118373,1.592,1.599,300
2026-03-16 12:25:00+00:00,2026-03-16 12:29:59.999000+00:00,1.599,1.60061609,1.59418618,1.59787682,300
2026-03-16 12:30:00+00:00,2026-03-16 12:34:59.999000+00:00,1.598,1.59879412,1.59,1.59240817,300
2026-03-16 12:35:00+00:00,2026-03-16 12:39:59.999000+00:00,1.59247052,1.59379797,1.58822052,1.591,300
2026-03-16 12:40:00+00:00,2026-03-16 12:44:59.999000+00:00,1.59118142,1.59189458,1.58478392,1.58742188,300
2026-03-16 12:45:00+00:00,2026-03-16 12:49:59.999000+00:00,1.58742188,1.589,1.58619867,1.58862125,300
2026-03-16 12:50:00+00:00,2026-03-16 12:54:59.999000+00:00,1.58862125,1.589,1.58706879,1.58768258,300
2026-03-16 12:55:00+00:00,2026-03-16 12:59:59.999000+00:00,1.58738203,1.58864329,1.58507252,1.587,300
2026-03-16 13:00:00+00:00,2026-03-16 13:04:59.999000+00:00,1.58657226,1.587,1.57919609,1.58205995,300
2026-03-16 13:05:00+00:00,2026-03-16 13:09:59.999000+00:00,1.58205995,1.58273213,1.57840723,1.57966572,300
2026-03-16 13:10:00+00:00,2026-03-16 13:14:59.999000+00:00,1.57966574,1.586,1.5785823,1.58329517,300
2026-03-16 13:15:00+00:00,2026-03-16 13:19:59.999000+00:00,1.58329517,1.58380078,1.57994263,1.58070243,300
2026-03-16 13:20:00+00:00,2026-03-16 13:24:59.999000+00:00,1.58068778,1.58572863,1.58,1.58436011,300
2026-03-16 13:25:00+00:00,2026-03-16 13:29:59.999000+00:00,1.584,1.592,1.584,1.58935197,300
2026-03-16 13:30:00+00:00,2026-03-16 13:34:59.999000+00:00,1.58935197,1.59809794,1.58759774,1.59803452,300
2026-03-16 13:35:00+00:00,2026-03-16 13:39:59.999000+00:00,1.59743108,1.603,1.597,1.6026588,300
2026-03-16 13:40:00+00:00,2026-03-16 13:44:59.999000+00:00,1.60271682,1.60662878,1.5962101,1.59786518,300
2026-03-16 13:45:00+00:00,2026-03-16 13:49:59.999000+00:00,1.59786515,1.606,1.59508008,1.59508008,300
2026-03-16 13:50:00+00:00,2026-03-16 13:54:59.999000+00:00,1.595,1.59882311,1.586,1.58743391,300
2026-03-16 13:55:00+00:00,2026-03-16 13:59:59.999000+00:00,1.58735794,1.5965681,1.58647915,1.59108948,300
2026-03-16 14:00:00+00:00,2026-03-16 14:04:59.999000+00:00,1.591,1.59270468,1.58563575,1.59008565,300
2026-03-16 14:05:00+00:00,2026-03-16 14:09:59.999000+00:00,1.5896601,1.59357575,1.58757756,1.592,300
2026-03-16 14:10:00+00:00,2026-03-16 14:14:59.999000+00:00,1.59209471,1.59303065,1.58374539,1.58440145,300
2026-03-16 14:15:00+00:00,2026-03-16 14:19:59.999000+00:00,1.58490143,1.58747742,1.58140402,1.58140402,300
2026-03-16 14:20:00+00:00,2026-03-16 14:24:59.999000+00:00,1.581,1.58619806,1.57995778,1.58334162,299
2026-03-16 14:25:00+00:00,2026-03-16 14:29:59.999000+00:00,1.58330333,1.58438899,1.57723216,1.57723216,300
2026-03-16 14:30:00+00:00,2026-03-16 14:34:59.999000+00:00,1.57659415,1.57788509,1.56549686,1.577,300
2026-03-16 14:35:00+00:00,2026-03-16 14:39:59.999000+00:00,1.57713678,1.58127752,1.5761534,1.577,300
2026-03-16 14:40:00+00:00,2026-03-16 14:44:59.999000+00:00,1.57673506,1.58069705,1.57367317,1.57571193,300
2026-03-16 14:45:00+00:00,2026-03-16 14:49:59.999000+00:00,1.5749859,1.577,1.5729155,1.57346698,300
2026-03-16 14:50:00+00:00,2026-03-16 14:54:59.999000+00:00,1.57315467,1.57336956,1.56743166,1.5731127,300
2026-03-16 14:55:00+00:00,2026-03-16 14:59:59.999000+00:00,1.57324944,1.57806554,1.5706093,1.575,300
2026-03-16 15:00:00+00:00,2026-03-16 15:04:59.999000+00:00,1.575,1.57527878,1.572,1.575,300
2026-03-16 15:05:00+00:00,2026-03-16 15:09:59.999000+00:00,1.575,1.57623706,1.57,1.575,300
2026-03-16 15:10:00+00:00,2026-03-16 15:14:59.999000+00:00,1.575,1.58431429,1.57120871,1.58189512,300
2026-03-16 15:15:00+00:00,2026-03-16 15:19:59.999000+00:00,1.58189512,1.58189512,1.57474947,1.57576727,300
2026-03-16 15:20:00+00:00,2026-03-16 15:24:59.999000+00:00,1.57573635,1.57868641,1.572,1.57868641,300
2026-03-16 15:25:00+00:00,2026-03-16 15:29:59.999000+00:00,1.58002347,1.58127454,1.57301305,1.576,300
2026-03-16 15:30:00+00:00,2026-03-16 15:34:59.999000+00:00,1.576,1.57717615,1.57,1.57088466,300
2026-03-16 15:35:00+00:00,2026-03-16 15:39:59.999000+00:00,1.571,1.571,1.56,1.56273167,300
2026-03-16 15:40:00+00:00,2026-03-16 15:44:59.999000+00:00,1.56273167,1.56700745,1.56,1.56658613,300
2026-03-16 15:45:00+00:00,2026-03-16 15:49:59.999000+00:00,1.56718652,1.57022115,1.56296272,1.566,300
2026-03-16 15:50:00+00:00,2026-03-16 15:54:59.999000+00:00,1.566,1.5665247,1.55962794,1.5613166,300
2026-03-16 15:55:00+00:00,2026-03-16 15:59:59.999000+00:00,1.56134583,1.57148672,1.5607545,1.56910708,300
2026-03-16 16:00:00+00:00,2026-03-16 16:04:59.999000+00:00,1.569,1.57172815,1.56705127,1.57000638,300
2026-03-16 16:05:00+00:00,2026-03-16 16:09:59.999000+00:00,1.57,1.57606604,1.56947559,1.572,300
2026-03-16 16:10:00+00:00,2026-03-16 16:14:59.999000+00:00,1.572,1.575,1.57,1.571,300
2026-03-16 16:15:00+00:00,2026-03-16 16:19:59.999000+00:00,1.571,1.577,1.57067547,1.577,300
2026-03-16 16:20:00+00:00,2026-03-16 16:24:59.999000+00:00,1.577,1.58422098,1.57575296,1.58353435,300
2026-03-16 16:25:00+00:00,2026-03-16 16:29:59.999000+00:00,1.583,1.58448477,1.5825396,1.58373632,300
2026-03-16 16:30:00+00:00,2026-03-16 16:34:59.999000+00:00,1.58344846,1.58493147,1.57711668,1.584,300
2026-03-16 16:35:00+00:00,2026-03-16 16:39:59.999000+00:00,1.584,1.59132169,1.58358842,1.59,300
2026-03-16 16:40:00+00:00,2026-03-16 16:44:59.999000+00:00,1.59,1.59566161,1.58859125,1.59356399,300
2026-03-16 16:45:00+00:00,2026-03-16 16:49:59.999000+00:00,1.59356398,1.59356398,1.58727556,1.59123387,300
2026-03-16 16:50:00+00:00,2026-03-16 16:54:59.999000+00:00,1.59123387,1.59782345,1.59103826,1.59596996,300
2026-03-16 16:55:00+00:00,2026-03-16 16:59:59.999000+00:00,1.59514304,1.59668682,1.59003242,1.59018547,300
2026-03-16 17:00:00+00:00,2026-03-16 17:04:59.999000+00:00,1.59015623,1.593,1.58849057,1.59103221,300
2026-03-16 17:05:00+00:00,2026-03-16 17:09:59.999000+00:00,1.5910322,1.5979559,1.59035328,1.59157041,300
2026-03-16 17:10:00+00:00,2026-03-16 17:14:59.999000+00:00,1.59152004,1.59495999,1.59014587,1.593,300
2026-03-16 17:15:00+00:00,2026-03-16 17:19:59.999000+00:00,1.593,1.59465665,1.59055986,1.59216009,300
2026-03-16 17:20:00+00:00,2026-03-16 17:24:59.999000+00:00,1.5921528,1.593,1.591,1.59283126,300
2026-03-16 17:25:00+00:00,2026-03-16 17:29:59.999000+00:00,1.59284589,1.59297252,1.59066992,1.59066992,300
2026-03-16 17:30:00+00:00,2026-03-16 17:34:59.999000+00:00,1.59018935,1.599,1.59010942,1.59583927,300
2026-03-16 17:35:00+00:00,2026-03-16 17:39:59.999000+00:00,1.59583927,1.60110094,1.59556677,1.598,300
2026-03-16 17:40:00+00:00,2026-03-16 17:44:59.999000+00:00,1.598,1.601,1.59749397,1.59967791,300
2026-03-16 17:45:00+00:00,2026-03-16 17:49:59.999000+00:00,1.59967167,1.60173108,1.5973278,1.598,300
2026-03-16 17:50:00+00:00,2026-03-16 17:54:59.999000+00:00,1.598,1.60010834,1.59686235,1.59862997,300
2026-03-16 17:55:00+00:00,2026-03-16 17:59:59.999000+00:00,1.59868739,1.6026441,1.5984043,1.602,300
2026-03-16 18:00:00+00:00,2026-03-16 18:04:59.999000+00:00,1.602,1.603,1.59947476,1.6,300
2026-03-16 18:05:00+00:00,2026-03-16 18:09:59.999000+00:00,1.59958327,1.61028445,1.59958327,1.6098965,300
2026-03-16 18:10:00+00:00,2026-03-16 18:14:59.999000+00:00,1.60924408,1.61018847,1.60551094,1.60875165,300
2026-03-16 18:15:00+00:00,2026-03-16 18:19:59.999000+00:00,1.60830242,1.61518932,1.60830242,1.61509847,300
2026-03-16 18:20:00+00:00,2026-03-16 18:24:59.999000+00:00,1.61524077,1.6212255,1.613,1.616,300
2026-03-16 18:25:00+00:00,2026-03-16 18:29:59.999000+00:00,1.616,1.6234534,1.616,1.61834434,300
2026-03-16 18:30:00+00:00,2026-03-16 18:34:59.999000+00:00,1.61833796,1.61880308,1.60923146,1.61146877,300
2026-03-16 18:35:00+00:00,2026-03-16 18:39:59.999000+00:00,1.61152142,1.61195206,1.607,1.60799141,300
2026-03-16 18:40:00+00:00,2026-03-16 18:44:59.999000+00:00,1.60799141,1.60849284,1.60524753,1.60648707,300
2026-03-16 18:45:00+00:00,2026-03-16 18:49:59.999000+00:00,1.60648706,1.60973672,1.60228338,1.60846352,300
2026-03-16 18:50:00+00:00,2026-03-16 18:54:59.999000+00:00,1.60846351,1.61173931,1.60550152,1.60992206,300
2026-03-16 18:55:00+00:00,2026-03-16 18:59:59.999000+00:00,1.60934225,1.61123888,1.60843389,1.60956228,300
2026-03-16 19:00:00+00:00,2026-03-16 19:04:59.999000+00:00,1.60959493,1.61,1.60653782,1.60907032,300
2026-03-16 19:05:00+00:00,2026-03-16 19:09:59.999000+00:00,1.60963558,1.617,1.60888735,1.61613072,300
2026-03-16 19:10:00+00:00,2026-03-16 19:14:59.999000+00:00,1.61620174,1.61785981,1.61000198,1.61390173,300
2026-03-16 19:15:00+00:00,2026-03-16 19:19:59.999000+00:00,1.61390173,1.61660285,1.60866154,1.609,300
2026-03-16 19:20:00+00:00,2026-03-16 19:24:59.999000+00:00,1.609,1.61158588,1.60715267,1.60948687,300
2026-03-16 19:25:00+00:00,2026-03-16 19:29:59.999000+00:00,1.60948686,1.61161848,1.60796435,1.609,300
2026-03-16 19:30:00+00:00,2026-03-16 19:34:59.999000+00:00,1.609,1.61351016,1.6084608,1.61092538,300
2026-03-16 19:35:00+00:00,2026-03-16 19:39:59.999000+00:00,1.61095732,1.612,1.60835686,1.60969599,300
2026-03-16 19:40:00+00:00,2026-03-16 19:44:59.999000+00:00,1.60969598,1.611,1.608,1.60831707,300
2026-03-16 19:45:00+00:00,2026-03-16 19:49:59.999000+00:00,1.60831707,1.60843084,1.60231177,1.60329174,300
2026-03-16 19:50:00+00:00,2026-03-16 19:54:59.999000+00:00,1.6034072,1.605,1.60236139,1.60433149,300
2026-03-16 19:55:00+00:00,2026-03-16 19:59:59.999000+00:00,1.60433149,1.61334068,1.60401911,1.6122863,300
2026-03-16 20:00:00+00:00,2026-03-16 20:04:59.999000+00:00,1.6122863,1.61411381,1.60867383,1.60867383,300
2026-03-16 20:05:00+00:00,2026-03-16 20:09:59.999000+00:00,1.60868156,1.61112589,1.60758446,1.61044111,300
2026-03-16 20:10:00+00:00,2026-03-16 20:14:59.999000+00:00,1.61044111,1.613,1.61029204,1.613,300
2026-03-16 20:15:00+00:00,2026-03-16 20:19:59.999000+00:00,1.61299777,1.62153884,1.61207065,1.621,300
2026-03-16 20:20:00+00:00,2026-03-16 20:24:59.999000+00:00,1.62111334,1.6218358,1.61940342,1.621,300
2026-03-16 20:25:00+00:00,2026-03-16 20:29:59.999000+00:00,1.621,1.63255392,1.621,1.63167893,300
2026-03-16 20:30:00+00:00,2026-03-16 20:34:59.999000+00:00,1.63216041,1.6369667,1.63215062,1.63587858,300
2026-03-16 20:35:00+00:00,2026-03-16 20:39:59.999000+00:00,1.63587858,1.65168411,1.62402286,1.64985501,300
2026-03-16 20:40:00+00:00,2026-03-16 20:44:59.999000+00:00,1.6499699,1.6499699,1.63120557,1.6322018,300
2026-03-16 20:45:00+00:00,2026-03-16 20:49:59.999000+00:00,1.63221827,1.63469507,1.63,1.63380557,300
2026-03-16 20:50:00+00:00,2026-03-16 20:54:59.999000+00:00,1.63376164,1.63668825,1.62901427,1.63,300
2026-03-16 20:55:00+00:00,2026-03-16 20:59:59.999000+00:00,1.63,1.63166553,1.62730857,1.63163251,300
2026-03-16 21:00:00+00:00,2026-03-16 21:04:59.999000+00:00,1.63172527,1.63931188,1.629,1.63929864,300
2026-03-16 21:05:00+00:00,2026-03-16 21:09:59.999000+00:00,1.63928772,1.63928772,1.62950168,1.63,300
2026-03-16 21:10:00+00:00,2026-03-16 21:14:59.999000+00:00,1.63,1.635,1.62823535,1.63,300
2026-03-16 21:15:00+00:00,2026-03-16 21:19:59.999000+00:00,1.62947385,1.63402249,1.62860432,1.633327,300
2026-03-16 21:20:00+00:00,2026-03-16 21:24:59.999000+00:00,1.633327,1.64467507,1.633,1.64438283,300
2026-03-16 21:25:00+00:00,2026-03-16 21:29:59.999000+00:00,1.64441789,1.64777788,1.63524394,1.63776173,300
2026-03-16 21:30:00+00:00,2026-03-16 21:34:59.999000+00:00,1.63733249,1.64912902,1.63728128,1.64890367,300
2026-03-16 21:35:00+00:00,2026-03-16 21:39:59.999000+00:00,1.64891827,1.661,1.638,1.64266543,300
2026-03-16 21:40:00+00:00,2026-03-16 21:44:59.999000+00:00,1.643,1.6467267,1.63838182,1.64666969,300
2026-03-16 21:45:00+00:00,2026-03-16 21:49:59.999000+00:00,1.64677543,1.648,1.632,1.635,300
2026-03-16 21:50:00+00:00,2026-03-16 21:54:59.999000+00:00,1.635,1.638,1.63343501,1.63672568,300
2026-03-16 21:55:00+00:00,2026-03-16 21:59:59.999000+00:00,1.63671836,1.637,1.62751757,1.62803172,300
2026-03-16 22:00:00+00:00,2026-03-16 22:04:59.999000+00:00,1.62803172,1.63941152,1.62515706,1.63899503,300
2026-03-16 22:05:00+00:00,2026-03-16 22:09:59.999000+00:00,1.63899503,1.64613011,1.637,1.64381806,300
2026-03-16 22:10:00+00:00,2026-03-16 22:14:59.999000+00:00,1.64381806,1.64511282,1.634,1.63495471,300
2026-03-16 22:15:00+00:00,2026-03-16 22:19:59.999000+00:00,1.635,1.63543546,1.62871618,1.62961115,300
2026-03-16 22:20:00+00:00,2026-03-16 22:24:59.999000+00:00,1.62961115,1.63674336,1.629,1.63153432,300
2026-03-16 22:25:00+00:00,2026-03-16 22:29:59.999000+00:00,1.632,1.63346635,1.63,1.63247182,300
2026-03-16 22:30:00+00:00,2026-03-16 22:34:59.999000+00:00,1.63247182,1.63860827,1.6321073,1.63637359,300
2026-03-16 22:35:00+00:00,2026-03-16 22:39:59.999000+00:00,1.63637359,1.63759022,1.635,1.63604599,300
2026-03-16 22:40:00+00:00,2026-03-16 22:44:59.999000+00:00,1.63604599,1.63740991,1.63407884,1.63466235,300
2026-03-16 22:45:00+00:00,2026-03-16 22:49:59.999000+00:00,1.63466237,1.63466237,1.629,1.63270058,300
2026-03-16 22:50:00+00:00,2026-03-16 22:54:59.999000+00:00,1.63270057,1.634,1.63152531,1.63152531,300
2026-03-16 22:55:00+00:00,2026-03-16 22:59:59.999000+00:00,1.63155756,1.63330906,1.62950741,1.63011539,300
2026-03-16 23:00:00+00:00,2026-03-16 23:04:59.999000+00:00,1.62991705,1.63199262,1.62288972,1.62553826,300
2026-03-16 23:05:00+00:00,2026-03-16 23:09:59.999000+00:00,1.62509189,1.63019847,1.621282,1.62322266,300
2026-03-16 23:10:00+00:00,2026-03-16 23:14:59.999000+00:00,1.62327847,1.63344396,1.62326702,1.63175404,300
2026-03-16 23:15:00+00:00,2026-03-16 23:19:59.999000+00:00,1.63175404,1.63468318,1.62981042,1.63181088,300
2026-03-16 23:20:00+00:00,2026-03-16 23:24:59.999000+00:00,1.63180356,1.63493784,1.62988814,1.63374981,300
2026-03-16 23:25:00+00:00,2026-03-16 23:29:59.999000+00:00,1.63372782,1.64092684,1.63340689,1.6398831,300
2026-03-16 23:30:00+00:00,2026-03-16 23:34:59.999000+00:00,1.63988307,1.64973538,1.63877623,1.64583643,300
2026-03-16 23:35:00+00:00,2026-03-16 23:39:59.999000+00:00,1.64583642,1.65240565,1.64500119,1.64736653,300
2026-03-16 23:40:00+00:00,2026-03-16 23:44:59.999000+00:00,1.648,1.65129817,1.64654036,1.65129817,300
2026-03-16 23:45:00+00:00,2026-03-16 23:49:59.999000+00:00,1.6513526,1.65280807,1.645,1.64737434,300
2026-03-16 23:50:00+00:00,2026-03-16 23:54:59.999000+00:00,1.64737434,1.648,1.63653868,1.63900528,300
2026-03-16 23:55:00+00:00,2026-03-16 23:59:59.999000+00:00,1.63902445,1.64260067,1.639,1.64004066,300
2026-03-17 00:00:00+00:00,2026-03-17 00:04:59.999000+00:00,1.64004065,1.64289531,1.63178196,1.63753494,300
2026-03-17 00:05:00+00:00,2026-03-17 00:09:59.999000+00:00,1.63708923,1.63919078,1.632,1.634,300
2026-03-17 00:10:00+00:00,2026-03-17 00:14:59.999000+00:00,1.634,1.64268553,1.63370195,1.63910582,300
2026-03-17 00:15:00+00:00,2026-03-17 00:19:59.999000+00:00,1.63912607,1.6397875,1.62560833,1.627,300
2026-03-17 00:20:00+00:00,2026-03-17 00:24:59.999000+00:00,1.627,1.62818296,1.62005049,1.62286162,300
2026-03-17 00:25:00+00:00,2026-03-17 00:29:59.999000+00:00,1.62286162,1.628,1.62068445,1.628,300
2026-03-17 00:30:00+00:00,2026-03-17 00:34:59.999000+00:00,1.628,1.63569816,1.628,1.63288758,300
2026-03-17 00:35:00+00:00,2026-03-17 00:39:59.999000+00:00,1.63291681,1.634,1.62588486,1.626,300
2026-03-17 00:40:00+00:00,2026-03-17 00:44:59.999000+00:00,1.6262109,1.628,1.62246714,1.626,300
2026-03-17 00:45:00+00:00,2026-03-17 00:49:59.999000+00:00,1.626,1.62876041,1.62387821,1.626,300
2026-03-17 00:50:00+00:00,2026-03-17 00:54:59.999000+00:00,1.626,1.62694533,1.621,1.62649449,300
2026-03-17 00:55:00+00:00,2026-03-17 00:59:59.999000+00:00,1.62653427,1.63225541,1.62563646,1.63203601,300
2026-03-17 01:00:00+00:00,2026-03-17 01:04:59.999000+00:00,1.63212362,1.6324047,1.61822257,1.62011595,300
2026-03-17 01:05:00+00:00,2026-03-17 01:09:59.999000+00:00,1.62010685,1.626,1.61813249,1.62393845,300
2026-03-17 01:10:00+00:00,2026-03-17 01:14:59.999000+00:00,1.624,1.62781992,1.62073128,1.62194507,300
2026-03-17 01:15:00+00:00,2026-03-17 01:19:59.999000+00:00,1.62187701,1.6219315,1.614,1.61655972,300
2026-03-17 01:20:00+00:00,2026-03-17 01:24:59.999000+00:00,1.617,1.61818588,1.61371803,1.616,300
2026-03-17 01:25:00+00:00,2026-03-17 01:29:59.999000+00:00,1.616,1.61799111,1.61553033,1.61736371,300
2026-03-17 01:30:00+00:00,2026-03-17 01:34:59.999000+00:00,1.61728856,1.61796013,1.61132492,1.61648042,300
2026-03-17 01:35:00+00:00,2026-03-17 01:39:59.999000+00:00,1.61648774,1.62093756,1.61594467,1.6178945,300
2026-03-17 01:40:00+00:00,2026-03-17 01:44:59.999000+00:00,1.61790675,1.62059995,1.61153975,1.61533196,300
2026-03-17 01:45:00+00:00,2026-03-17 01:49:59.999000+00:00,1.61538095,1.618,1.61404621,1.61553745,300
2026-03-17 01:50:00+00:00,2026-03-17 01:54:59.999000+00:00,1.61552133,1.618,1.614,1.61516546,300
2026-03-17 01:55:00+00:00,2026-03-17 01:59:59.999000+00:00,1.61589477,1.621,1.61581925,1.62018028,300
2026-03-17 02:00:00+00:00,2026-03-17 02:04:59.999000+00:00,1.62024992,1.62296948,1.62,1.62051254,300
2026-03-17 02:05:00+00:00,2026-03-17 02:09:59.999000+00:00,1.62047595,1.62084081,1.61294403,1.61729307,300
2026-03-17 02:10:00+00:00,2026-03-17 02:14:59.999000+00:00,1.61726112,1.622,1.61628621,1.62191967,300
2026-03-17 02:15:00+00:00,2026-03-17 02:19:59.999000+00:00,1.62191967,1.62342377,1.62024412,1.622,300
2026-03-17 02:20:00+00:00,2026-03-17 02:24:59.999000+00:00,1.622,1.62257434,1.61927182,1.62,300
2026-03-17 02:25:00+00:00,2026-03-17 02:29:59.999000+00:00,1.62,1.62,1.615607,1.616,300
2026-03-17 02:30:00+00:00,2026-03-17 02:34:59.999000+00:00,1.61604454,1.61962995,1.61540002,1.61875729,300
2026-03-17 02:35:00+00:00,2026-03-17 02:39:59.999000+00:00,1.61878656,1.625,1.61849749,1.62483151,300
2026-03-17 02:40:00+00:00,2026-03-17 02:44:59.999000+00:00,1.62460809,1.62504949,1.61950054,1.61950695,300
2026-03-17 02:45:00+00:00,2026-03-17 02:49:59.999000+00:00,1.61907264,1.62146084,1.617,1.61758068,300
2026-03-17 02:50:00+00:00,2026-03-17 02:54:59.999000+00:00,1.61756993,1.62099197,1.61608117,1.61951587,300
2026-03-17 02:55:00+00:00,2026-03-17 02:59:59.999000+00:00,1.61951586,1.61951586,1.61216387,1.61219099,300
2026-03-17 03:00:00+00:00,2026-03-17 03:04:59.999000+00:00,1.613,1.61461614,1.6107594,1.6135539,300
2026-03-17 03:05:00+00:00,2026-03-17 03:09:59.999000+00:00,1.61353111,1.61354175,1.61084991,1.61138985,300
2026-03-17 03:10:00+00:00,2026-03-17 03:14:59.999000+00:00,1.611,1.61749968,1.60800239,1.61458778,300
2026-03-17 03:15:00+00:00,2026-03-17 03:19:59.999000+00:00,1.61458776,1.61479197,1.61131735,1.61356919,300
2026-03-17 03:20:00+00:00,2026-03-17 03:24:59.999000+00:00,1.61356919,1.61362805,1.60808149,1.6096069,300
2026-03-17 03:25:00+00:00,2026-03-17 03:29:59.999000+00:00,1.60960689,1.61129525,1.60732576,1.60766591,300
2026-03-17 03:30:00+00:00,2026-03-17 03:34:59.999000+00:00,1.607446,1.607446,1.60048609,1.60186831,300
2026-03-17 03:35:00+00:00,2026-03-17 03:39:59.999000+00:00,1.60191845,1.60343038,1.60049469,1.60264294,300
2026-03-17 03:40:00+00:00,2026-03-17 03:44:59.999000+00:00,1.6025534,1.60256069,1.59691578,1.59827752,300
2026-03-17 03:45:00+00:00,2026-03-17 03:49:59.999000+00:00,1.59825449,1.59925915,1.59436481,1.59849453,300
2026-03-17 03:50:00+00:00,2026-03-17 03:54:59.999000+00:00,1.59848568,1.60379564,1.59632208,1.60079186,300
2026-03-17 03:55:00+00:00,2026-03-17 03:59:59.999000+00:00,1.60003723,1.60547246,1.59994179,1.60448646,300
2026-03-17 04:00:00+00:00,2026-03-17 04:04:59.999000+00:00,1.60448646,1.60901639,1.60356464,1.60449958,300
2026-03-17 04:05:00+00:00,2026-03-17 04:09:59.999000+00:00,1.60449961,1.60718803,1.604,1.60655303,300
2026-03-17 04:10:00+00:00,2026-03-17 04:14:59.999000+00:00,1.606,1.61290027,1.604,1.61290027,300
2026-03-17 04:15:00+00:00,2026-03-17 04:19:59.999000+00:00,1.61230973,1.6196067,1.609,1.611,300
2026-03-17 04:20:00+00:00,2026-03-17 04:24:59.999000+00:00,1.611,1.61232536,1.60365345,1.60814657,300
2026-03-17 04:25:00+00:00,2026-03-17 04:29:59.999000+00:00,1.60814372,1.60981784,1.6047262,1.60547211,300
2026-03-17 04:30:00+00:00,2026-03-17 04:34:59.999000+00:00,1.60547208,1.60614509,1.59715407,1.59936546,300
2026-03-17 04:35:00+00:00,2026-03-17 04:39:59.999000+00:00,1.59933848,1.60094427,1.59502854,1.59554744,300
2026-03-17 04:40:00+00:00,2026-03-17 04:44:59.999000+00:00,1.59554744,1.60166555,1.59346969,1.59668122,300
2026-03-17 04:45:00+00:00,2026-03-17 04:49:59.999000+00:00,1.59703389,1.60204139,1.59447917,1.60034175,300
2026-03-17 04:50:00+00:00,2026-03-17 04:54:59.999000+00:00,1.60015075,1.60221385,1.59995964,1.60139892,300
2026-03-17 04:55:00+00:00,2026-03-17 04:59:59.999000+00:00,1.60142087,1.60290578,1.599,1.59998983,300
2026-03-17 05:00:00+00:00,2026-03-17 05:04:59.999000+00:00,1.59998983,1.60007479,1.591,1.5952472,300
2026-03-17 05:05:00+00:00,2026-03-17 05:09:59.999000+00:00,1.595,1.59824499,1.595,1.59762498,300
2026-03-17 05:10:00+00:00,2026-03-17 05:14:59.999000+00:00,1.59762498,1.60282472,1.59701261,1.59765198,300
2026-03-17 05:15:00+00:00,2026-03-17 05:19:59.999000+00:00,1.59765197,1.6002421,1.597,1.5986317,300
2026-03-17 05:20:00+00:00,2026-03-17 05:24:59.999000+00:00,1.59863169,1.60263113,1.5971046,1.60210504,300
2026-03-17 05:25:00+00:00,2026-03-17 05:29:59.999000+00:00,1.602105,1.60366713,1.59791866,1.59791866,300
2026-03-17 05:30:00+00:00,2026-03-17 05:34:59.999000+00:00,1.59831977,1.59975945,1.597,1.59775859,300
2026-03-17 05:35:00+00:00,2026-03-17 05:39:59.999000+00:00,1.59774398,1.59877821,1.59347512,1.59361077,300
2026-03-17 05:40:00+00:00,2026-03-17 05:44:59.999000+00:00,1.59361077,1.597,1.59041008,1.59107195,300
2026-03-17 05:45:00+00:00,2026-03-17 05:49:59.999000+00:00,1.591,1.59428648,1.58898092,1.58935299,300
2026-03-17 05:50:00+00:00,2026-03-17 05:54:59.999000+00:00,1.58995865,1.59891909,1.58995865,1.59649201,300
2026-03-17 05:55:00+00:00,2026-03-17 05:59:59.999000+00:00,1.59649197,1.598,1.59584315,1.59781563,300
2026-03-17 06:00:00+00:00,2026-03-17 06:04:59.999000+00:00,1.59785728,1.59908673,1.594,1.595,300
2026-03-17 06:05:00+00:00,2026-03-17 06:09:59.999000+00:00,1.595,1.59548097,1.59065741,1.59194424,300
2026-03-17 06:10:00+00:00,2026-03-17 06:14:59.999000+00:00,1.59194423,1.59349551,1.591,1.59300763,300
2026-03-17 06:15:00+00:00,2026-03-17 06:19:59.999000+00:00,1.59282473,1.59287487,1.591,1.59164747,300
2026-03-17 06:20:00+00:00,2026-03-17 06:24:59.999000+00:00,1.59164746,1.595,1.591,1.59359452,300
2026-03-17 06:25:00+00:00,2026-03-17 06:29:59.999000+00:00,1.59322246,1.59396214,1.59170884,1.592,300
2026-03-17 06:30:00+00:00,2026-03-17 06:34:59.999000+00:00,1.592,1.59677613,1.59057433,1.59677613,300
2026-03-17 06:35:00+00:00,2026-03-17 06:39:59.999000+00:00,1.5967761,1.59769506,1.59415693,1.59769506,300
2026-03-17 06:40:00+00:00,2026-03-17 06:44:59.999000+00:00,1.59772106,1.599,1.59393941,1.59606537,300
2026-03-17 06:45:00+00:00,2026-03-17 06:49:59.999000+00:00,1.596,1.59662249,1.593,1.59307657,300
2026-03-17 06:50:00+00:00,2026-03-17 06:54:59.999000+00:00,1.593,1.59812968,1.5924772,1.59448461,300
2026-03-17 06:55:00+00:00,2026-03-17 06:59:59.999000+00:00,1.59495339,1.59650419,1.59440299,1.59586638,300
2026-03-17 07:00:00+00:00,2026-03-17 07:04:59.999000+00:00,1.596,1.60164687,1.59539321,1.59924383,300
2026-03-17 07:05:00+00:00,2026-03-17 07:09:59.999000+00:00,1.59954365,1.60284002,1.59926936,1.60188986,300
2026-03-17 07:10:00+00:00,2026-03-17 07:14:59.999000+00:00,1.60188983,1.603,1.60119017,1.60245071,300
2026-03-17 07:15:00+00:00,2026-03-17 07:19:59.999000+00:00,1.60246894,1.609,1.60175431,1.60831133,300
2026-03-17 07:20:00+00:00,2026-03-17 07:24:59.999000+00:00,1.60831133,1.60931898,1.60434241,1.60448936,300
2026-03-17 07:25:00+00:00,2026-03-17 07:29:59.999000+00:00,1.60453402,1.60597108,1.60436671,1.60445285,300
2026-03-17 07:30:00+00:00,2026-03-17 07:34:59.999000+00:00,1.60445285,1.607,1.604,1.607,300
2026-03-17 07:35:00+00:00,2026-03-17 07:39:59.999000+00:00,1.60673524,1.608,1.605,1.60785964,300
2026-03-17 07:40:00+00:00,2026-03-17 07:44:59.999000+00:00,1.60753261,1.61061482,1.607,1.60985395,300
2026-03-17 07:45:00+00:00,2026-03-17 07:49:59.999000+00:00,1.60991225,1.61478363,1.609,1.61348724,300
2026-03-17 07:50:00+00:00,2026-03-17 07:54:59.999000+00:00,1.6135128,1.616,1.61007568,1.615,300
2026-03-17 07:55:00+00:00,2026-03-17 07:59:59.999000+00:00,1.615,1.61502175,1.61272687,1.61272823,300
2026-03-17 08:00:00+00:00,2026-03-17 08:04:59.999000+00:00,1.6129689,1.61606212,1.61261028,1.61520389,300
2026-03-17 08:05:00+00:00,2026-03-17 08:09:59.999000+00:00,1.61524133,1.61985528,1.61378328,1.6179272,300
2026-03-17 08:10:00+00:00,2026-03-17 08:14:59.999000+00:00,1.61819253,1.61965985,1.61406459,1.61833516,300
2026-03-17 08:15:00+00:00,2026-03-17 08:19:59.999000+00:00,1.61838793,1.62200395,1.61492227,1.62163476,300
2026-03-17 08:20:00+00:00,2026-03-17 08:24:59.999000+00:00,1.62163476,1.62242857,1.61833271,1.6209661,300
2026-03-17 08:25:00+00:00,2026-03-17 08:29:59.999000+00:00,1.62098329,1.628,1.62098329,1.625,300
2026-03-17 08:30:00+00:00,2026-03-17 08:34:59.999000+00:00,1.6253612,1.628,1.62213113,1.6272768,300
2026-03-17 08:35:00+00:00,2026-03-17 08:39:59.999000+00:00,1.62726216,1.63,1.62660312,1.62933211,300
2026-03-17 08:40:00+00:00,2026-03-17 08:44:59.999000+00:00,1.62933738,1.63854844,1.62904227,1.63721789,300
2026-03-17 08:45:00+00:00,2026-03-17 08:49:59.999000+00:00,1.63735762,1.63820751,1.63002022,1.63481291,300
2026-03-17 08:50:00+00:00,2026-03-17 08:54:59.999000+00:00,1.6348129,1.636,1.63111856,1.632,300
2026-03-17 08:55:00+00:00,2026-03-17 08:59:59.999000+00:00,1.63154015,1.63154015,1.61531278,1.618,300
2026-03-17 09:00:00+00:00,2026-03-17 09:04:59.999000+00:00,1.618,1.62796531,1.61713198,1.62,300
2026-03-17 09:05:00+00:00,2026-03-17 09:09:59.999000+00:00,1.62,1.623,1.618,1.62,300
2026-03-17 09:10:00+00:00,2026-03-17 09:14:59.999000+00:00,1.62,1.62268906,1.6195745,1.62147595,300
2026-03-17 09:15:00+00:00,2026-03-17 09:19:59.999000+00:00,1.62131142,1.622,1.61294107,1.61584153,300
2026-03-17 09:20:00+00:00,2026-03-17 09:24:59.999000+00:00,1.616,1.616,1.61119919,1.61409361,300
2026-03-17 09:25:00+00:00,2026-03-17 09:29:59.999000+00:00,1.61407895,1.61897908,1.61008293,1.617,300
2026-03-17 09:30:00+00:00,2026-03-17 09:34:59.999000+00:00,1.618,1.618,1.61,1.61096458,300
2026-03-17 09:35:00+00:00,2026-03-17 09:39:59.999000+00:00,1.61096455,1.61596088,1.61096455,1.615,300
2026-03-17 09:40:00+00:00,2026-03-17 09:44:59.999000+00:00,1.615,1.61705329,1.61334017,1.61524341,300
2026-03-17 09:45:00+00:00,2026-03-17 09:49:59.999000+00:00,1.61532082,1.616,1.612,1.61215067,300
2026-03-17 09:50:00+00:00,2026-03-17 09:54:59.999000+00:00,1.61268294,1.61430863,1.61143488,1.61143488,300
2026-03-17 09:55:00+00:00,2026-03-17 09:59:59.999000+00:00,1.61125529,1.61265437,1.61023498,1.61196584,300
2026-03-17 10:00:00+00:00,2026-03-17 10:04:59.999000+00:00,1.611,1.61261826,1.61,1.61096155,300
2026-03-17 10:05:00+00:00,2026-03-17 10:09:59.999000+00:00,1.61094691,1.611,1.60707975,1.61056788,300
2026-03-17 10:10:00+00:00,2026-03-17 10:14:59.999000+00:00,1.61056788,1.611804,1.60823048,1.60835661,300
2026-03-17 10:15:00+00:00,2026-03-17 10:19:59.999000+00:00,1.60838878,1.61064506,1.60291404,1.61016873,300
2026-03-17 10:20:00+00:00,2026-03-17 10:24:59.999000+00:00,1.61008895,1.61078899,1.60743208,1.60757161,300
2026-03-17 10:25:00+00:00,2026-03-17 10:29:59.999000+00:00,1.608,1.61,1.60741251,1.608,300
2026-03-17 10:30:00+00:00,2026-03-17 10:34:59.999000+00:00,1.608,1.608,1.605,1.60731088,300
2026-03-17 10:35:00+00:00,2026-03-17 10:39:59.999000+00:00,1.60741459,1.609,1.604,1.60601836,300
2026-03-17 10:40:00+00:00,2026-03-17 10:44:59.999000+00:00,1.60601836,1.608,1.605,1.60546673,300
2026-03-17 10:45:00+00:00,2026-03-17 10:49:59.999000+00:00,1.60546673,1.606,1.60405524,1.60557665,300
2026-03-17 10:50:00+00:00,2026-03-17 10:54:59.999000+00:00,1.60517827,1.60876871,1.60478473,1.60785559,300
2026-03-17 10:55:00+00:00,2026-03-17 10:59:59.999000+00:00,1.60746555,1.608,1.60610436,1.60780713,300
2026-03-17 11:00:00+00:00,2026-03-17 11:04:59.999000+00:00,1.60761848,1.609,1.60632496,1.60822383,300
2026-03-17 11:05:00+00:00,2026-03-17 11:09:59.999000+00:00,1.60838624,1.61065694,1.607,1.60872219,300
2026-03-17 11:10:00+00:00,2026-03-17 11:14:59.999000+00:00,1.6087295,1.60921482,1.60718857,1.60896246,300
2026-03-17 11:15:00+00:00,2026-03-17 11:19:59.999000+00:00,1.60899101,1.61144107,1.6081192,1.61,300
2026-03-17 11:20:00+00:00,2026-03-17 11:24:59.999000+00:00,1.61,1.611,1.609,1.61083015,300
2026-03-17 11:25:00+00:00,2026-03-17 11:29:59.999000+00:00,1.61083015,1.61109284,1.608,1.60912532,300
2026-03-17 11:30:00+00:00,2026-03-17 11:34:59.999000+00:00,1.609118,1.609118,1.604,1.60620649,300
2026-03-17 11:35:00+00:00,2026-03-17 11:39:59.999000+00:00,1.60620645,1.608,1.605,1.60644859,300
2026-03-17 11:40:00+00:00,2026-03-17 11:44:59.999000+00:00,1.60642664,1.607,1.60220781,1.60377349,300
2026-03-17 11:45:00+00:00,2026-03-17 11:49:59.999000+00:00,1.6037808,1.605,1.60253349,1.60418997,300
2026-03-17 11:50:00+00:00,2026-03-17 11:54:59.999000+00:00,1.60419726,1.60543519,1.603,1.60448349,300
2026-03-17 11:55:00+00:00,2026-03-17 11:59:59.999000+00:00,1.60448349,1.60448349,1.60136141,1.60220005,300
2026-03-17 12:00:00+00:00,2026-03-17 12:04:59.999000+00:00,1.60219276,1.60462985,1.60172469,1.60298907,300
2026-03-17 12:05:00+00:00,2026-03-17 12:09:59.999000+00:00,1.60298907,1.60334607,1.60149654,1.60243134,300
2026-03-17 12:10:00+00:00,2026-03-17 12:14:59.999000+00:00,1.60243134,1.60388447,1.59618678,1.59727254,300
2026-03-17 12:15:00+00:00,2026-03-17 12:19:59.999000+00:00,1.59725978,1.59863815,1.594,1.59829404,300
2026-03-17 12:20:00+00:00,2026-03-17 12:24:59.999000+00:00,1.59835275,1.59942209,1.59399828,1.594,300
2026-03-17 12:25:00+00:00,2026-03-17 12:29:59.999000+00:00,1.594,1.59459748,1.5906151,1.59303395,300
2026-03-17 12:30:00+00:00,2026-03-17 12:34:59.999000+00:00,1.59307785,1.59465001,1.592,1.59266641,300
2026-03-17 12:35:00+00:00,2026-03-17 12:39:59.999000+00:00,1.59247592,1.59270542,1.58641253,1.59064756,300
2026-03-17 12:40:00+00:00,2026-03-17 12:44:59.999000+00:00,1.59072066,1.59072066,1.587,1.58840656,300
2026-03-17 12:45:00+00:00,2026-03-17 12:49:59.999000+00:00,1.58842854,1.58842854,1.58412576,1.58547599,300
2026-03-17 12:50:00+00:00,2026-03-17 12:54:59.999000+00:00,1.58530769,1.58764586,1.58408236,1.587571,300
2026-03-17 12:55:00+00:00,2026-03-17 12:59:59.999000+00:00,1.58709076,1.58755781,1.585,1.58618271,300
2026-03-17 13:00:00+00:00,2026-03-17 13:04:59.999000+00:00,1.58617535,1.58941,1.58556312,1.58941,300
2026-03-17 13:05:00+00:00,2026-03-17 13:09:59.999000+00:00,1.58948318,1.59069181,1.58787536,1.58790833,300
2026-03-17 13:10:00+00:00,2026-03-17 13:14:59.999000+00:00,1.588,1.58949533,1.58702296,1.58949533,300
2026-03-17 13:15:00+00:00,2026-03-17 13:19:59.999000+00:00,1.58949532,1.59220448,1.58896667,1.59113167,300
2026-03-17 13:20:00+00:00,2026-03-17 13:24:59.999000+00:00,1.59113166,1.59215203,1.58866247,1.58942957,300
2026-03-17 13:25:00+00:00,2026-03-17 13:29:59.999000+00:00,1.58942957,1.58990076,1.587,1.589,300
2026-03-17 13:30:00+00:00,2026-03-17 13:34:59.999000+00:00,1.589,1.60055381,1.58810303,1.595,300
2026-03-17 13:35:00+00:00,2026-03-17 13:39:59.999000+00:00,1.595,1.59747471,1.59367242,1.597,300
2026-03-17 13:40:00+00:00,2026-03-17 13:44:59.999000+00:00,1.597,1.599,1.59106584,1.59106584,300
2026-03-17 13:45:00+00:00,2026-03-17 13:49:59.999000+00:00,1.591,1.595401,1.58842992,1.59151524,300
2026-03-17 13:50:00+00:00,2026-03-17 13:54:59.999000+00:00,1.59151521,1.59159938,1.586,1.59159938,300
2026-03-17 13:55:00+00:00,2026-03-17 13:59:59.999000+00:00,1.592,1.59474534,1.59014231,1.59379969,300
2026-03-17 14:00:00+00:00,2026-03-17 14:04:59.999000+00:00,1.59379969,1.594,1.58941995,1.58954646,300
2026-03-17 14:05:00+00:00,2026-03-17 14:09:59.999000+00:00,1.58954646,1.594,1.58845354,1.59225083,300
2026-03-17 14:10:00+00:00,2026-03-17 14:14:59.999000+00:00,1.59217149,1.59776999,1.59,1.595,300
2026-03-17 14:15:00+00:00,2026-03-17 14:19:59.999000+00:00,1.595,1.5974367,1.591,1.5936226,300
2026-03-17 14:20:00+00:00,2026-03-17 14:24:59.999000+00:00,1.59362994,1.59585028,1.59295666,1.59488586,300
2026-03-17 14:25:00+00:00,2026-03-17 14:29:59.999000+00:00,1.59487853,1.59723117,1.592,1.5971787,300
2026-03-17 14:30:00+00:00,2026-03-17 14:34:59.999000+00:00,1.5971787,1.59944904,1.5962368,1.59765136,300
2026-03-17 14:35:00+00:00,2026-03-17 14:39:59.999000+00:00,1.598,1.60057782,1.59489912,1.59625598,300
2026-03-17 14:40:00+00:00,2026-03-17 14:44:59.999000+00:00,1.59627062,1.59793904,1.59213856,1.59314061,300
2026-03-17 14:45:00+00:00,2026-03-17 14:49:59.999000+00:00,1.59312577,1.595,1.59032363,1.59032363,300
2026-03-17 14:50:00+00:00,2026-03-17 14:54:59.999000+00:00,1.591,1.59295154,1.58830978,1.59236582,300
2026-03-17 14:55:00+00:00,2026-03-17 14:59:59.999000+00:00,1.59233655,1.594,1.59159205,1.5935101,300
2026-03-17 15:00:00+00:00,2026-03-17 15:04:59.999000+00:00,1.5935101,1.60221574,1.59304745,1.597,300
2026-03-17 15:05:00+00:00,2026-03-17 15:09:59.999000+00:00,1.597,1.598,1.59163275,1.592,300
2026-03-17 15:10:00+00:00,2026-03-17 15:14:59.999000+00:00,1.592,1.59497809,1.59005017,1.59273076,300
2026-03-17 15:15:00+00:00,2026-03-17 15:19:59.999000+00:00,1.59274352,1.59443469,1.5916321,1.59443469,300
2026-03-17 15:20:00+00:00,2026-03-17 15:24:59.999000+00:00,1.59443469,1.59673013,1.592,1.59319985,300
2026-03-17 15:25:00+00:00,2026-03-17 15:29:59.999000+00:00,1.59316327,1.5941728,1.592,1.59272198,300
2026-03-17 15:30:00+00:00,2026-03-17 15:34:59.999000+00:00,1.59272195,1.594,1.59014293,1.59244346,300
2026-03-17 15:35:00+00:00,2026-03-17 15:39:59.999000+00:00,1.59244343,1.59284131,1.585,1.58881759,300
2026-03-17 15:40:00+00:00,2026-03-17 15:44:59.999000+00:00,1.58874438,1.59246296,1.587,1.59103736,300
2026-03-17 15:45:00+00:00,2026-03-17 15:49:59.999000+00:00,1.59103732,1.593,1.58836311,1.589,300
2026-03-17 15:50:00+00:00,2026-03-17 15:54:59.999000+00:00,1.58924969,1.59550291,1.58924969,1.59367652,300
2026-03-17 15:55:00+00:00,2026-03-17 15:59:59.999000+00:00,1.59375185,1.59434206,1.59118419,1.59205359,300
2026-03-17 16:00:00+00:00,2026-03-17 16:04:59.999000+00:00,1.59199505,1.593,1.58852987,1.58981243,300
2026-03-17 16:05:00+00:00,2026-03-17 16:09:59.999000+00:00,1.58979896,1.59255283,1.58837268,1.59054471,300
2026-03-17 16:10:00+00:00,2026-03-17 16:14:59.999000+00:00,1.59054899,1.59221563,1.58929152,1.58947078,300
2026-03-17 16:15:00+00:00,2026-03-17 16:19:59.999000+00:00,1.59,1.59542585,1.58830461,1.591,300
2026-03-17 16:20:00+00:00,2026-03-17 16:24:59.999000+00:00,1.59109314,1.59448019,1.59005705,1.594,300
2026-03-17 16:25:00+00:00,2026-03-17 16:29:59.999000+00:00,1.594,1.594,1.589,1.59,300
2026-03-17 16:30:00+00:00,2026-03-17 16:34:59.999000+00:00,1.58949051,1.59095342,1.58272573,1.585,300
2026-03-17 16:35:00+00:00,2026-03-17 16:39:59.999000+00:00,1.585,1.58546096,1.582,1.585,300
2026-03-17 16:40:00+00:00,2026-03-17 16:44:59.999000+00:00,1.58493961,1.58873371,1.58493961,1.58845973,300
2026-03-17 16:45:00+00:00,2026-03-17 16:49:59.999000+00:00,1.58845973,1.58858079,1.585,1.588,300
2026-03-17 16:50:00+00:00,2026-03-17 16:54:59.999000+00:00,1.58844847,1.59116159,1.58797971,1.58980551,300
2026-03-17 16:55:00+00:00,2026-03-17 16:59:59.999000+00:00,1.58980551,1.58982917,1.58761139,1.58869078,300
2026-03-17 17:00:00+00:00,2026-03-17 17:04:59.999000+00:00,1.58869078,1.59472259,1.58865419,1.592,300
2026-03-17 17:05:00+00:00,2026-03-17 17:09:59.999000+00:00,1.592,1.592,1.58895311,1.58948349,300
2026-03-17 17:10:00+00:00,2026-03-17 17:14:59.999000+00:00,1.58947208,1.59170719,1.58602972,1.59099606,300
2026-03-17 17:15:00+00:00,2026-03-17 17:19:59.999000+00:00,1.59121056,1.59438867,1.59099567,1.59402961,300
2026-03-17 17:20:00+00:00,2026-03-17 17:24:59.999000+00:00,1.59402961,1.59760761,1.59402961,1.59476772,300
2026-03-17 17:25:00+00:00,2026-03-17 17:29:59.999000+00:00,1.59489594,1.59584186,1.593,1.595,300
2026-03-17 17:30:00+00:00,2026-03-17 17:34:59.999000+00:00,1.59499969,1.59537791,1.59062108,1.59134541,300
2026-03-17 17:35:00+00:00,2026-03-17 17:39:59.999000+00:00,1.59134541,1.59256848,1.59077256,1.59213506,300
2026-03-17 17:40:00+00:00,2026-03-17 17:44:59.999000+00:00,1.59216203,1.59531211,1.59214738,1.595,300
2026-03-17 17:45:00+00:00,2026-03-17 17:49:59.999000+00:00,1.595,1.59670476,1.59296321,1.59638452,300
2026-03-17 17:50:00+00:00,2026-03-17 17:54:59.999000+00:00,1.59638452,1.59854765,1.59606812,1.59714297,300
2026-03-17 17:55:00+00:00,2026-03-17 17:59:59.999000+00:00,1.597,1.59870876,1.59570892,1.598,300
2026-03-17 18:00:00+00:00,2026-03-17 18:04:59.999000+00:00,1.59865946,1.60042135,1.597,1.6004213,300
2026-03-17 18:05:00+00:00,2026-03-17 18:09:59.999000+00:00,1.60042132,1.60471905,1.599,1.6023066,300
2026-03-17 18:10:00+00:00,2026-03-17 18:14:59.999000+00:00,1.60231937,1.60304111,1.60025643,1.60027558,300
2026-03-17 18:15:00+00:00,2026-03-17 18:19:59.999000+00:00,1.601,1.60218883,1.59828296,1.6,300
2026-03-17 18:20:00+00:00,2026-03-17 18:24:59.999000+00:00,1.6,1.601,1.59731151,1.59731151,300
2026-03-17 18:25:00+00:00,2026-03-17 18:29:59.999000+00:00,1.598,1.598,1.59521413,1.59628033,300
2026-03-17 18:30:00+00:00,2026-03-17 18:34:59.999000+00:00,1.59628032,1.60104556,1.59626395,1.599,300
2026-03-17 18:35:00+00:00,2026-03-17 18:39:59.999000+00:00,1.599,1.60188397,1.59851124,1.601,300
2026-03-17 18:40:00+00:00,2026-03-17 18:44:59.999000+00:00,1.601,1.601,1.59908859,1.59941224,300
2026-03-17 18:45:00+00:00,2026-03-17 18:49:59.999000+00:00,1.59941226,1.60296138,1.59915899,1.60253268,300
2026-03-17 18:50:00+00:00,2026-03-17 18:54:59.999000+00:00,1.60243758,1.60319628,1.60073015,1.60186125,300
2026-03-17 18:55:00+00:00,2026-03-17 18:59:59.999000+00:00,1.60186125,1.602,1.59828491,1.60148096,300
2026-03-17 19:00:00+00:00,2026-03-17 19:04:59.999000+00:00,1.60148096,1.602,1.597,1.59749428,300
2026-03-17 19:05:00+00:00,2026-03-17 19:09:59.999000+00:00,1.59749428,1.59891156,1.597,1.59722904,300
2026-03-17 19:10:00+00:00,2026-03-17 19:14:59.999000+00:00,1.59730221,1.60037479,1.59720684,1.598,300
2026-03-17 19:15:00+00:00,2026-03-17 19:19:59.999000+00:00,1.598,1.59847664,1.5959826,1.5959826,300
2026-03-17 19:20:00+00:00,2026-03-17 19:24:59.999000+00:00,1.5959826,1.596,1.59242124,1.59380581,300
2026-03-17 19:25:00+00:00,2026-03-17 19:29:59.999000+00:00,1.59366763,1.595,1.593,1.59497621,300
2026-03-17 19:30:00+00:00,2026-03-17 19:34:59.999000+00:00,1.5949762,1.596,1.594,1.59596478,300
2026-03-17 19:35:00+00:00,2026-03-17 19:39:59.999000+00:00,1.59595746,1.59898489,1.59544525,1.59751035,300
2026-03-17 19:40:00+00:00,2026-03-17 19:44:59.999000+00:00,1.59739323,1.59798307,1.59544485,1.59716221,300
2026-03-17 19:45:00+00:00,2026-03-17 19:49:59.999000+00:00,1.5972351,1.59756095,1.594,1.596,300
2026-03-17 19:50:00+00:00,2026-03-17 19:54:59.999000+00:00,1.596,1.5967078,1.59299394,1.59470532,300
2026-03-17 19:55:00+00:00,2026-03-17 19:59:59.999000+00:00,1.59470532,1.59470532,1.59291135,1.59352528,300
2026-03-17 20:00:00+00:00,2026-03-17 20:04:59.999000+00:00,1.59353158,1.59548373,1.593,1.59442149,300
2026-03-17 20:05:00+00:00,2026-03-17 20:09:59.999000+00:00,1.59442149,1.59586097,1.59326566,1.59527598,300
2026-03-17 20:10:00+00:00,2026-03-17 20:14:59.999000+00:00,1.59540209,1.59633609,1.593,1.593,300
2026-03-17 20:15:00+00:00,2026-03-17 20:19:59.999000+00:00,1.593,1.598,1.59261179,1.597,300
2026-03-17 20:20:00+00:00,2026-03-17 20:24:59.999000+00:00,1.59676912,1.601,1.596,1.6000236,300
2026-03-17 20:25:00+00:00,2026-03-17 20:29:59.999000+00:00,1.60001453,1.60323462,1.60001177,1.602,300
2026-03-17 20:30:00+00:00,2026-03-17 20:34:59.999000+00:00,1.6019961,1.60297472,1.59761454,1.598,300
2026-03-17 20:35:00+00:00,2026-03-17 20:39:59.999000+00:00,1.598,1.59881989,1.596,1.59858398,300
2026-03-17 20:40:00+00:00,2026-03-17 20:44:59.999000+00:00,1.59858401,1.59912363,1.597,1.59912363,300
2026-03-17 20:45:00+00:00,2026-03-17 20:49:59.999000+00:00,1.599,1.60226513,1.59844234,1.60226513,300
2026-03-17 20:50:00+00:00,2026-03-17 20:54:59.999000+00:00,1.60177909,1.6030078,1.60130382,1.60273901,300
2026-03-17 20:55:00+00:00,2026-03-17 20:59:59.999000+00:00,1.60273903,1.6037971,1.60223652,1.60343204,300
2026-03-17 21:00:00+00:00,2026-03-17 21:04:59.999000+00:00,1.60343201,1.60726555,1.603,1.60664969,300
2026-03-17 21:05:00+00:00,2026-03-17 21:09:59.999000+00:00,1.60663505,1.60849588,1.606,1.6071209,300
2026-03-17 21:10:00+00:00,2026-03-17 21:14:59.999000+00:00,1.60712087,1.618,1.6071134,1.614,300
2026-03-17 21:15:00+00:00,2026-03-17 21:19:59.999000+00:00,1.61385031,1.61687846,1.613,1.61344902,300
2026-03-17 21:20:00+00:00,2026-03-17 21:24:59.999000+00:00,1.61344902,1.61508179,1.61241097,1.61508179,300
2026-03-17 21:25:00+00:00,2026-03-17 21:29:59.999000+00:00,1.615,1.6164288,1.61223003,1.614,300
2026-03-17 21:30:00+00:00,2026-03-17 21:34:59.999000+00:00,1.614,1.61792985,1.61252481,1.61674083,300
2026-03-17 21:35:00+00:00,2026-03-17 21:39:59.999000+00:00,1.61637209,1.62155228,1.616,1.62119697,300
2026-03-17 21:40:00+00:00,2026-03-17 21:44:59.999000+00:00,1.621,1.624,1.62047246,1.622,300
2026-03-17 21:45:00+00:00,2026-03-17 21:49:59.999000+00:00,1.622,1.62292736,1.618,1.61824435,300
2026-03-17 21:50:00+00:00,2026-03-17 21:54:59.999000+00:00,1.61825941,1.61849952,1.61556484,1.61758676,300
2026-03-17 21:55:00+00:00,2026-03-17 21:59:59.999000+00:00,1.61752819,1.61877778,1.61603924,1.618,300
2026-03-17 22:00:00+00:00,2026-03-17 22:04:59.999000+00:00,1.61815547,1.61818476,1.615,1.61758704,300
2026-03-17 22:05:00+00:00,2026-03-17 22:09:59.999000+00:00,1.61735622,1.61930895,1.61457739,1.61551743,300
2026-03-17 22:10:00+00:00,2026-03-17 22:14:59.999000+00:00,1.61551742,1.61758051,1.615,1.615,300
2026-03-17 22:15:00+00:00,2026-03-17 22:19:59.999000+00:00,1.61508016,1.61989082,1.615,1.61902298,300
2026-03-17 22:20:00+00:00,2026-03-17 22:24:59.999000+00:00,1.61989082,1.62238512,1.61968565,1.62197954,300
2026-03-17 22:25:00+00:00,2026-03-17 22:29:59.999000+00:00,1.62197954,1.62197954,1.619,1.61941234,300
2026-03-17 22:30:00+00:00,2026-03-17 22:34:59.999000+00:00,1.61941234,1.62078759,1.61784029,1.62,300
2026-03-17 22:35:00+00:00,2026-03-17 22:39:59.999000+00:00,1.62,1.62021497,1.615,1.617,300
2026-03-17 22:40:00+00:00,2026-03-17 22:44:59.999000+00:00,1.617,1.61968762,1.615,1.61768018,300
2026-03-17 22:45:00+00:00,2026-03-17 22:49:59.999000+00:00,1.61768018,1.62050552,1.617,1.618,300
2026-03-17 22:50:00+00:00,2026-03-17 22:54:59.999000+00:00,1.6174428,1.62200675,1.615,1.622,300
2026-03-17 22:55:00+00:00,2026-03-17 22:59:59.999000+00:00,1.622,1.62311636,1.62148933,1.623,300
2026-03-17 23:00:00+00:00,2026-03-17 23:04:59.999000+00:00,1.623,1.6241093,1.62174572,1.624,300
2026-03-17 23:05:00+00:00,2026-03-17 23:09:59.999000+00:00,1.624,1.62712893,1.62345709,1.6268609,300
2026-03-17 23:10:00+00:00,2026-03-17 23:14:59.999000+00:00,1.62709306,1.63170151,1.62647098,1.62685472,300
2026-03-17 23:15:00+00:00,2026-03-17 23:19:59.999000+00:00,1.62675982,1.63160715,1.626,1.63076108,300
2026-03-17 23:20:00+00:00,2026-03-17 23:24:59.999000+00:00,1.631,1.6336574,1.624,1.62744933,300
2026-03-17 23:25:00+00:00,2026-03-17 23:29:59.999000+00:00,1.62747568,1.62867949,1.62565418,1.627,300
2026-03-17 23:30:00+00:00,2026-03-17 23:34:59.999000+00:00,1.627,1.62742857,1.624,1.6262906,300
2026-03-17 23:35:00+00:00,2026-03-17 23:39:59.999000+00:00,1.62616215,1.62673437,1.6244503,1.62665037,300
2026-03-17 23:40:00+00:00,2026-03-17 23:44:59.999000+00:00,1.62662113,1.62665038,1.61749149,1.61958647,300
2026-03-17 23:45:00+00:00,2026-03-17 23:49:59.999000+00:00,1.61958646,1.62265998,1.61870645,1.621,300
2026-03-17 23:50:00+00:00,2026-03-17 23:54:59.999000+00:00,1.621,1.62138784,1.61601816,1.62060348,300
2026-03-17 23:55:00+00:00,2026-03-17 23:59:59.999000+00:00,1.62060348,1.62123382,1.61904735,1.62020232,300
2026-03-18 00:00:00+00:00,2026-03-18 00:04:59.999000+00:00,1.62021695,1.62427527,1.62,1.62268546,300
2026-03-18 00:05:00+00:00,2026-03-18 00:09:59.999000+00:00,1.62293701,1.62433012,1.61919435,1.62126479,300
2026-03-18 00:10:00+00:00,2026-03-18 00:14:59.999000+00:00,1.62126478,1.62362673,1.618,1.61891088,300
2026-03-18 00:15:00+00:00,2026-03-18 00:19:59.999000+00:00,1.61891087,1.62296123,1.61680635,1.62151292,300
2026-03-18 00:20:00+00:00,2026-03-18 00:24:59.999000+00:00,1.62151292,1.624,1.61950384,1.62,300
2026-03-18 00:25:00+00:00,2026-03-18 00:29:59.999000+00:00,1.6202428,1.62966688,1.62,1.62966687,300
2026-03-18 00:30:00+00:00,2026-03-18 00:34:59.999000+00:00,1.63,1.6301235,1.61829505,1.62035848,300
2026-03-18 00:35:00+00:00,2026-03-18 00:39:59.999000+00:00,1.62042028,1.624,1.61792706,1.62248572,300
2026-03-18 00:40:00+00:00,2026-03-18 00:44:59.999000+00:00,1.62251763,1.62594441,1.62230166,1.62594441,300
2026-03-18 00:45:00+00:00,2026-03-18 00:49:59.999000+00:00,1.6259444,1.635,1.6259444,1.63130913,300
2026-03-18 00:50:00+00:00,2026-03-18 00:54:59.999000+00:00,1.6314848,1.634,1.625,1.63191687,300
2026-03-18 00:55:00+00:00,2026-03-18 00:59:59.999000+00:00,1.63188656,1.63197354,1.62712356,1.63074491,300
2026-03-18 01:00:00+00:00,2026-03-18 01:04:59.999000+00:00,1.6305497,1.634,1.62446977,1.625,300
2026-03-18 01:05:00+00:00,2026-03-18 01:09:59.999000+00:00,1.625,1.6266709,1.6221839,1.62611626,300
2026-03-18 01:10:00+00:00,2026-03-18 01:14:59.999000+00:00,1.62611626,1.627,1.62182283,1.625,300
2026-03-18 01:15:00+00:00,2026-03-18 01:19:59.999000+00:00,1.625,1.62930755,1.62495804,1.62694803,300
2026-03-18 01:20:00+00:00,2026-03-18 01:24:59.999000+00:00,1.626948,1.62785584,1.62319323,1.62633062,300
2026-03-18 01:25:00+00:00,2026-03-18 01:29:59.999000+00:00,1.62569057,1.63287098,1.62569057,1.63,300
2026-03-18 01:30:00+00:00,2026-03-18 01:34:59.999000+00:00,1.631,1.63743493,1.62925322,1.63060034,300
2026-03-18 01:35:00+00:00,2026-03-18 01:39:59.999000+00:00,1.63,1.63047494,1.62423645,1.626,300
2026-03-18 01:40:00+00:00,2026-03-18 01:44:59.999000+00:00,1.62616724,1.631,1.6260229,1.62860253,300
2026-03-18 01:45:00+00:00,2026-03-18 01:49:59.999000+00:00,1.62860253,1.632,1.6263966,1.62698168,300
2026-03-18 01:50:00+00:00,2026-03-18 01:54:59.999000+00:00,1.62656588,1.62708788,1.62305777,1.62460725,300
2026-03-18 01:55:00+00:00,2026-03-18 01:59:59.999000+00:00,1.62462188,1.62556506,1.62301152,1.62369191,300
2026-03-18 02:00:00+00:00,2026-03-18 02:04:59.999000+00:00,1.624,1.625,1.6229727,1.624,300
2026-03-18 02:05:00+00:00,2026-03-18 02:09:59.999000+00:00,1.62399143,1.632,1.62327773,1.63196778,300
2026-03-18 02:10:00+00:00,2026-03-18 02:14:59.999000+00:00,1.63196777,1.63661279,1.63174484,1.63376964,300
2026-03-18 02:15:00+00:00,2026-03-18 02:19:59.999000+00:00,1.63376964,1.64093146,1.63376964,1.64033041,300
2026-03-18 02:20:00+00:00,2026-03-18 02:24:59.999000+00:00,1.6403304,1.64308392,1.63726541,1.63868123,300
2026-03-18 02:25:00+00:00,2026-03-18 02:29:59.999000+00:00,1.63868123,1.639,1.6301825,1.6310375,300
2026-03-18 02:30:00+00:00,2026-03-18 02:34:59.999000+00:00,1.632,1.64103117,1.63130494,1.639,300
2026-03-18 02:35:00+00:00,2026-03-18 02:39:59.999000+00:00,1.63876918,1.64574785,1.63607301,1.644,300
2026-03-18 02:40:00+00:00,2026-03-18 02:44:59.999000+00:00,1.644,1.647,1.64359999,1.646,300
2026-03-18 02:45:00+00:00,2026-03-18 02:49:59.999000+00:00,1.646,1.648,1.64,1.641,300
2026-03-18 02:50:00+00:00,2026-03-18 02:54:59.999000+00:00,1.64015534,1.64316895,1.63904274,1.64027344,300
2026-03-18 02:55:00+00:00,2026-03-18 02:59:59.999000+00:00,1.64027344,1.64205699,1.63999049,1.641,300
2026-03-18 03:00:00+00:00,2026-03-18 03:04:59.999000+00:00,1.641,1.643,1.63844138,1.639,300
2026-03-18 03:05:00+00:00,2026-03-18 03:09:59.999000+00:00,1.639,1.63912015,1.63634395,1.637,300
2026-03-18 03:10:00+00:00,2026-03-18 03:14:59.999000+00:00,1.637,1.638,1.63324737,1.63387067,300
2026-03-18 03:15:00+00:00,2026-03-18 03:19:59.999000+00:00,1.63387067,1.63697277,1.63376213,1.63551625,300
2026-03-18 03:20:00+00:00,2026-03-18 03:24:59.999000+00:00,1.636,1.64,1.636,1.639,300
2026-03-18 03:25:00+00:00,2026-03-18 03:29:59.999000+00:00,1.639,1.646,1.63857485,1.64554095,300
2026-03-18 03:30:00+00:00,2026-03-18 03:34:59.999000+00:00,1.64554095,1.65244087,1.64527547,1.65,300
2026-03-18 03:35:00+00:00,2026-03-18 03:39:59.999000+00:00,1.65,1.65,1.64464728,1.64464728,300
2026-03-18 03:40:00+00:00,2026-03-18 03:44:59.999000+00:00,1.645,1.645,1.64286458,1.64301934,300
2026-03-18 03:45:00+00:00,2026-03-18 03:49:59.999000+00:00,1.64304129,1.644,1.63713326,1.63964141,300
2026-03-18 03:50:00+00:00,2026-03-18 03:54:59.999000+00:00,1.63964141,1.641,1.63603764,1.63640665,300
2026-03-18 03:55:00+00:00,2026-03-18 03:59:59.999000+00:00,1.637,1.637,1.63460833,1.63664175,300
2026-03-18 04:00:00+00:00,2026-03-18 04:04:59.999000+00:00,1.63665635,1.63665635,1.63252154,1.634,300
2026-03-18 04:05:00+00:00,2026-03-18 04:09:59.999000+00:00,1.634,1.634,1.63,1.631,300
2026-03-18 04:10:00+00:00,2026-03-18 04:14:59.999000+00:00,1.631,1.63318269,1.6293852,1.63250002,300
2026-03-18 04:15:00+00:00,2026-03-18 04:19:59.999000+00:00,1.63249999,1.63376469,1.62820571,1.63317153,300
2026-03-18 04:20:00+00:00,2026-03-18 04:24:59.999000+00:00,1.63386393,1.63983197,1.63345505,1.63920517,300
2026-03-18 04:25:00+00:00,2026-03-18 04:29:59.999000+00:00,1.63919054,1.641,1.63543743,1.638,300
2026-03-18 04:30:00+00:00,2026-03-18 04:34:59.999000+00:00,1.639,1.639,1.63449607,1.63619854,300
2026-03-18 04:35:00+00:00,2026-03-18 04:39:59.999000+00:00,1.637,1.64280175,1.634,1.64280175,300
2026-03-18 04:40:00+00:00,2026-03-18 04:44:59.999000+00:00,1.64255788,1.644,1.63704024,1.63881699,300
2026-03-18 04:45:00+00:00,2026-03-18 04:49:59.999000+00:00,1.639,1.642,1.63342066,1.63346456,300
2026-03-18 04:50:00+00:00,2026-03-18 04:54:59.999000+00:00,1.634,1.63519669,1.631,1.63511543,300
2026-03-18 04:55:00+00:00,2026-03-18 04:59:59.999000+00:00,1.63513738,1.636,1.6323636,1.635,300
2026-03-18 05:00:00+00:00,2026-03-18 05:04:59.999000+00:00,1.635,1.63990296,1.63472686,1.638,300
2026-03-18 05:05:00+00:00,2026-03-18 05:09:59.999000+00:00,1.638,1.64750721,1.638,1.64693234,300
2026-03-18 05:10:00+00:00,2026-03-18 05:14:59.999000+00:00,1.64693234,1.64877269,1.643,1.64458755,300
2026-03-18 05:15:00+00:00,2026-03-18 05:19:59.999000+00:00,1.64457289,1.646,1.63936548,1.63936548,300
2026-03-18 05:20:00+00:00,2026-03-18 05:24:59.999000+00:00,1.63944302,1.64,1.638,1.639375,300
2026-03-18 05:25:00+00:00,2026-03-18 05:29:59.999000+00:00,1.63937497,1.64,1.6321033,1.6322218,300
2026-03-18 05:30:00+00:00,2026-03-18 05:34:59.999000+00:00,1.6322218,1.633,1.62718655,1.62718655,300
2026-03-18 05:35:00+00:00,2026-03-18 05:39:59.999000+00:00,1.62718655,1.628,1.62606388,1.62720751,300
2026-03-18 05:40:00+00:00,2026-03-18 05:44:59.999000+00:00,1.62720748,1.62809796,1.62619956,1.62808608,300
2026-03-18 05:45:00+00:00,2026-03-18 05:49:59.999000+00:00,1.628,1.628,1.62628958,1.62754464,300
2026-03-18 05:50:00+00:00,2026-03-18 05:54:59.999000+00:00,1.62682378,1.629,1.6242654,1.6242654,300
2026-03-18 05:55:00+00:00,2026-03-18 05:59:59.999000+00:00,1.6243785,1.62782624,1.624,1.626,300
2026-03-18 06:00:00+00:00,2026-03-18 06:04:59.999000+00:00,1.626,1.629,1.62451967,1.628,300
2026-03-18 06:05:00+00:00,2026-03-18 06:09:59.999000+00:00,1.628,1.63017594,1.62739962,1.63,300
2026-03-18 06:10:00+00:00,2026-03-18 06:14:59.999000+00:00,1.63,1.63002843,1.62848259,1.63,300
2026-03-18 06:15:00+00:00,2026-03-18 06:19:59.999000+00:00,1.63,1.634,1.62711509,1.63235871,300
2026-03-18 06:20:00+00:00,2026-03-18 06:24:59.999000+00:00,1.63234411,1.635,1.629,1.63262873,300
2026-03-18 06:25:00+00:00,2026-03-18 06:29:59.999000+00:00,1.63262873,1.634,1.632,1.63398748,300
2026-03-18 06:30:00+00:00,2026-03-18 06:34:59.999000+00:00,1.63398748,1.6381359,1.63398748,1.63609433,300
2026-03-18 06:35:00+00:00,2026-03-18 06:39:59.999000+00:00,1.63609433,1.638,1.63125755,1.632,300
2026-03-18 06:40:00+00:00,2026-03-18 06:44:59.999000+00:00,1.63121444,1.63532128,1.631,1.633,300
2026-03-18 06:45:00+00:00,2026-03-18 06:49:59.999000+00:00,1.633,1.634,1.63166641,1.63166641,300
2026-03-18 06:50:00+00:00,2026-03-18 06:54:59.999000+00:00,1.63166641,1.632,1.62801221,1.62845143,300
2026-03-18 06:55:00+00:00,2026-03-18 06:59:59.999000+00:00,1.62845143,1.629,1.624,1.62608318,299
2026-03-18 07:00:00+00:00,2026-03-18 07:04:59.999000+00:00,1.62608318,1.628,1.62219629,1.627,300
2026-03-18 07:05:00+00:00,2026-03-18 07:09:59.999000+00:00,1.627,1.627,1.624,1.624,299
2026-03-18 07:10:00+00:00,2026-03-18 07:14:59.999000+00:00,1.62407488,1.63,1.62406753,1.62841448,300
2026-03-18 07:15:00+00:00,2026-03-18 07:19:59.999000+00:00,1.62841448,1.629,1.62652911,1.627,300
2026-03-18 07:20:00+00:00,2026-03-18 07:24:59.999000+00:00,1.627,1.627,1.624,1.626,300
2026-03-18 07:25:00+00:00,2026-03-18 07:29:59.999000+00:00,1.62657667,1.62657667,1.62136994,1.6234284,300
2026-03-18 07:30:00+00:00,2026-03-18 07:34:59.999000+00:00,1.6234284,1.62357367,1.619,1.62099922,300
2026-03-18 07:35:00+00:00,2026-03-18 07:39:59.999000+00:00,1.62078943,1.62592417,1.62,1.62139352,300
2026-03-18 07:40:00+00:00,2026-03-18 07:44:59.999000+00:00,1.622,1.6230258,1.61925857,1.62,300
2026-03-18 07:45:00+00:00,2026-03-18 07:49:59.999000+00:00,1.62,1.625,1.61906449,1.62416239,300
2026-03-18 07:50:00+00:00,2026-03-18 07:54:59.999000+00:00,1.62416236,1.62522642,1.6224173,1.62473672,300
2026-03-18 07:55:00+00:00,2026-03-18 07:59:59.999000+00:00,1.62473672,1.625,1.62317802,1.624,300
2026-03-18 08:00:00+00:00,2026-03-18 08:04:59.999000+00:00,1.62344562,1.62901518,1.62344562,1.62875658,300
2026-03-18 08:05:00+00:00,2026-03-18 08:09:59.999000+00:00,1.62877103,1.63520671,1.62831003,1.62831003,300
2026-03-18 08:10:00+00:00,2026-03-18 08:14:59.999000+00:00,1.62831003,1.629,1.62615652,1.62630785,300
2026-03-18 08:15:00+00:00,2026-03-18 08:19:59.999000+00:00,1.62630785,1.628,1.62266372,1.62266372,300
2026-03-18 08:20:00+00:00,2026-03-18 08:24:59.999000+00:00,1.62266372,1.624,1.62195767,1.62215966,300
2026-03-18 08:25:00+00:00,2026-03-18 08:29:59.999000+00:00,1.62214358,1.62518485,1.621,1.625,300
2026-03-18 08:30:00+00:00,2026-03-18 08:34:59.999000+00:00,1.625,1.625,1.62003363,1.62227218,300
2026-03-18 08:35:00+00:00,2026-03-18 08:39:59.999000+00:00,1.62227218,1.62326615,1.62003766,1.62305146,300
2026-03-18 08:40:00+00:00,2026-03-18 08:44:59.999000+00:00,1.62300064,1.62365393,1.621,1.6235364,300
2026-03-18 08:45:00+00:00,2026-03-18 08:49:59.999000+00:00,1.62368551,1.62406783,1.62201487,1.623,300
2026-03-18 08:50:00+00:00,2026-03-18 08:54:59.999000+00:00,1.623,1.624,1.62130854,1.62130854,300
2026-03-18 08:55:00+00:00,2026-03-18 08:59:59.999000+00:00,1.62129388,1.62382165,1.62122465,1.62372987,300
2026-03-18 09:00:00+00:00,2026-03-18 09:04:59.999000+00:00,1.62356925,1.62457398,1.622,1.62407921,300
2026-03-18 09:05:00+00:00,2026-03-18 09:09:59.999000+00:00,1.62416422,1.63012549,1.62416422,1.629,300
2026-03-18 09:10:00+00:00,2026-03-18 09:14:59.999000+00:00,1.629,1.63083951,1.6285232,1.629,300
2026-03-18 09:15:00+00:00,2026-03-18 09:19:59.999000+00:00,1.62999434,1.63100013,1.62751107,1.62962395,300
2026-03-18 09:20:00+00:00,2026-03-18 09:24:59.999000+00:00,1.62962392,1.633,1.6296187,1.633,300
2026-03-18 09:25:00+00:00,2026-03-18 09:29:59.999000+00:00,1.633,1.63743057,1.63210703,1.63257665,300
2026-03-18 09:30:00+00:00,2026-03-18 09:34:59.999000+00:00,1.63257665,1.63906535,1.63257665,1.639,300
2026-03-18 09:35:00+00:00,2026-03-18 09:39:59.999000+00:00,1.639,1.639,1.634316,1.635,300
2026-03-18 09:40:00+00:00,2026-03-18 09:44:59.999000+00:00,1.635,1.635,1.63205348,1.634,300
2026-03-18 09:45:00+00:00,2026-03-18 09:49:59.999000+00:00,1.634,1.63600551,1.63335787,1.63438529,300
2026-03-18 09:50:00+00:00,2026-03-18 09:54:59.999000+00:00,1.635,1.635,1.63,1.632,300
2026-03-18 09:55:00+00:00,2026-03-18 09:59:59.999000+00:00,1.632,1.633,1.62936596,1.633,300
2026-03-18 10:00:00+00:00,2026-03-18 10:04:59.999000+00:00,1.633,1.63406098,1.632,1.63288293,300
2026-03-18 10:05:00+00:00,2026-03-18 10:09:59.999000+00:00,1.633,1.6347217,1.62978198,1.63472166,300
2026-03-18 10:10:00+00:00,2026-03-18 10:14:59.999000+00:00,1.63470706,1.63602064,1.634,1.636,300
2026-03-18 10:15:00+00:00,2026-03-18 10:19:59.999000+00:00,1.636,1.63742367,1.63232723,1.63232723,300
2026-03-18 10:20:00+00:00,2026-03-18 10:24:59.999000+00:00,1.63225406,1.634,1.63107254,1.63163947,300
2026-03-18 10:25:00+00:00,2026-03-18 10:29:59.999000+00:00,1.63148278,1.6357015,1.63148278,1.6345127,300
2026-03-18 10:30:00+00:00,2026-03-18 10:34:59.999000+00:00,1.6345127,1.63694216,1.63354695,1.63400373,300
2026-03-18 10:35:00+00:00,2026-03-18 10:39:59.999000+00:00,1.6340138,1.63487306,1.631,1.631,300
2026-03-18 10:40:00+00:00,2026-03-18 10:44:59.999000+00:00,1.631,1.63286999,1.63080499,1.63187772,300
2026-03-18 10:45:00+00:00,2026-03-18 10:49:59.999000+00:00,1.63139307,1.63325919,1.63020121,1.632,300
2026-03-18 10:50:00+00:00,2026-03-18 10:54:59.999000+00:00,1.632,1.63555481,1.63048411,1.63469769,300
2026-03-18 10:55:00+00:00,2026-03-18 10:59:59.999000+00:00,1.63469773,1.63531725,1.632,1.63264741,300
2026-03-18 11:00:00+00:00,2026-03-18 11:04:59.999000+00:00,1.63264741,1.63495235,1.63110669,1.63114023,300
2026-03-18 11:05:00+00:00,2026-03-18 11:09:59.999000+00:00,1.63114023,1.63390688,1.63001721,1.63295478,300
2026-03-18 11:10:00+00:00,2026-03-18 11:14:59.999000+00:00,1.63295478,1.635,1.63,1.63159453,300
2026-03-18 11:15:00+00:00,2026-03-18 11:19:59.999000+00:00,1.63179471,1.63388137,1.63129207,1.63278004,300
2026-03-18 11:20:00+00:00,2026-03-18 11:24:59.999000+00:00,1.632,1.634,1.63,1.63,300
2026-03-18 11:25:00+00:00,2026-03-18 11:29:59.999000+00:00,1.63,1.63016487,1.622,1.6239084,300
2026-03-18 11:30:00+00:00,2026-03-18 11:34:59.999000+00:00,1.62385071,1.62486356,1.613,1.614,300
2026-03-18 11:35:00+00:00,2026-03-18 11:39:59.999000+00:00,1.614,1.614,1.593,1.593,300
2026-03-18 11:40:00+00:00,2026-03-18 11:44:59.999000+00:00,1.594,1.60361508,1.592,1.60345348,300
2026-03-18 11:45:00+00:00,2026-03-18 11:49:59.999000+00:00,1.60389423,1.60389423,1.59617839,1.597,300
2026-03-18 11:50:00+00:00,2026-03-18 11:54:59.999000+00:00,1.597,1.599,1.59294293,1.59611459,300
2026-03-18 11:55:00+00:00,2026-03-18 11:59:59.999000+00:00,1.59662578,1.60384025,1.59662577,1.60262904,300
2026-03-18 12:00:00+00:00,2026-03-18 12:04:59.999000+00:00,1.603,1.603,1.59502463,1.59755,300
2026-03-18 12:05:00+00:00,2026-03-18 12:09:59.999000+00:00,1.59760322,1.59889754,1.59149768,1.592,300
2026-03-18 12:10:00+00:00,2026-03-18 12:14:59.999000+00:00,1.592,1.59441723,1.58712123,1.59340058,300
2026-03-18 12:15:00+00:00,2026-03-18 12:19:59.999000+00:00,1.59340058,1.59885174,1.59340058,1.59482144,300
2026-03-18 12:20:00+00:00,2026-03-18 12:24:59.999000+00:00,1.59482144,1.598,1.5929467,1.597,300
2026-03-18 12:25:00+00:00,2026-03-18 12:29:59.999000+00:00,1.597,1.59951258,1.59518786,1.59902585,300
2026-03-18 12:30:00+00:00,2026-03-18 12:34:59.999000+00:00,1.599,1.599,1.58084296,1.585,300
2026-03-18 12:35:00+00:00,2026-03-18 12:39:59.999000+00:00,1.585,1.59,1.58498904,1.589,300
2026-03-18 12:40:00+00:00,2026-03-18 12:44:59.999000+00:00,1.589,1.59319424,1.589,1.59210518,300
2026-03-18 12:45:00+00:00,2026-03-18 12:49:59.999000+00:00,1.5921125,1.5921125,1.58,1.58518759,300
2026-03-18 12:50:00+00:00,2026-03-18 12:54:59.999000+00:00,1.58495345,1.59078743,1.58331231,1.588,300
2026-03-18 12:55:00+00:00,2026-03-18 12:59:59.999000+00:00,1.58754505,1.59,1.58484704,1.58791914,300
2026-03-18 13:00:00+00:00,2026-03-18 13:04:59.999000+00:00,1.58736973,1.594,1.58118575,1.594,300
2026-03-18 13:05:00+00:00,2026-03-18 13:09:59.999000+00:00,1.59180858,1.59392926,1.58908622,1.59103223,300
2026-03-18 13:10:00+00:00,2026-03-18 13:14:59.999000+00:00,1.5910322,1.595,1.58911151,1.595,300
2026-03-18 13:15:00+00:00,2026-03-18 13:19:59.999000+00:00,1.595,1.595,1.58330519,1.585,300
2026-03-18 13:20:00+00:00,2026-03-18 13:24:59.999000+00:00,1.584,1.59404739,1.584,1.591,300
2026-03-18 13:25:00+00:00,2026-03-18 13:29:59.999000+00:00,1.591,1.591,1.58539202,1.58811064,300
2026-03-18 13:30:00+00:00,2026-03-18 13:34:59.999000+00:00,1.58811067,1.58811067,1.582,1.584,300
2026-03-18 13:35:00+00:00,2026-03-18 13:39:59.999000+00:00,1.584,1.59428256,1.58356803,1.58911842,300
2026-03-18 13:40:00+00:00,2026-03-18 13:44:59.999000+00:00,1.58911842,1.59,1.585,1.586,300
2026-03-18 13:45:00+00:00,2026-03-18 13:49:59.999000+00:00,1.586,1.58895886,1.58216495,1.583,300
2026-03-18 13:50:00+00:00,2026-03-18 13:54:59.999000+00:00,1.583,1.58559157,1.58143981,1.583,300
2026-03-18 13:55:00+00:00,2026-03-18 13:59:59.999000+00:00,1.583,1.584,1.57833955,1.581,300
2026-03-18 14:00:00+00:00,2026-03-18 14:04:59.999000+00:00,1.581,1.5824406,1.573,1.5744475,300
2026-03-18 14:05:00+00:00,2026-03-18 14:09:59.999000+00:00,1.57448151,1.57893869,1.571,1.57606478,300
2026-03-18 14:10:00+00:00,2026-03-18 14:14:59.999000+00:00,1.576,1.57627629,1.57154419,1.573,300
2026-03-18 14:15:00+00:00,2026-03-18 14:19:59.999000+00:00,1.573,1.57513195,1.568,1.57,300
2026-03-18 14:20:00+00:00,2026-03-18 14:24:59.999000+00:00,1.57,1.57167522,1.568,1.569,300
2026-03-18 14:25:00+00:00,2026-03-18 14:29:59.999000+00:00,1.569,1.57,1.56662842,1.56763389,300
2026-03-18 14:30:00+00:00,2026-03-18 14:34:59.999000+00:00,1.56768068,1.57025478,1.561,1.561,300
2026-03-18 14:35:00+00:00,2026-03-18 14:39:59.999000+00:00,1.561,1.563,1.5581249,1.56029598,300
2026-03-18 14:40:00+00:00,2026-03-18 14:44:59.999000+00:00,1.56029595,1.561,1.554,1.555,300
2026-03-18 14:45:00+00:00,2026-03-18 14:49:59.999000+00:00,1.55424403,1.56,1.55424403,1.5590494,300
2026-03-18 14:50:00+00:00,2026-03-18 14:54:59.999000+00:00,1.55969178,1.56054014,1.554,1.556,300
2026-03-18 14:55:00+00:00,2026-03-18 14:59:59.999000+00:00,1.556,1.559,1.55000382,1.552,300
2026-03-18 15:00:00+00:00,2026-03-18 15:04:59.999000+00:00,1.55127026,1.55492312,1.537,1.553,300
2026-03-18 15:05:00+00:00,2026-03-18 15:09:59.999000+00:00,1.553,1.55519981,1.54931531,1.5523432,300
2026-03-18 15:10:00+00:00,2026-03-18 15:14:59.999000+00:00,1.553,1.553,1.54747683,1.54814796,300
2026-03-18 15:15:00+00:00,2026-03-18 15:19:59.999000+00:00,1.54820916,1.556,1.54820916,1.555,300
2026-03-18 15:20:00+00:00,2026-03-18 15:24:59.999000+00:00,1.555,1.558,1.55339016,1.555,300
2026-03-18 15:25:00+00:00,2026-03-18 15:29:59.999000+00:00,1.555,1.55912219,1.55384796,1.55832475,300
2026-03-18 15:30:00+00:00,2026-03-18 15:34:59.999000+00:00,1.55831746,1.55985288,1.55342969,1.557,300
2026-03-18 15:35:00+00:00,2026-03-18 15:39:59.999000+00:00,1.557,1.557,1.55258637,1.555,300
2026-03-18 15:40:00+00:00,2026-03-18 15:44:59.999000+00:00,1.555,1.55516209,1.552,1.55448493,300
2026-03-18 15:45:00+00:00,2026-03-18 15:49:59.999000+00:00,1.55476297,1.56,1.55402811,1.56,300
2026-03-18 15:50:00+00:00,2026-03-18 15:54:59.999000+00:00,1.56,1.563,1.55826348,1.562,300
2026-03-18 15:55:00+00:00,2026-03-18 15:59:59.999000+00:00,1.562,1.56224897,1.55789268,1.56,300
2026-03-18 16:00:00+00:00,2026-03-18 16:04:59.999000+00:00,1.56,1.561,1.553,1.558,300
2026-03-18 16:05:00+00:00,2026-03-18 16:09:59.999000+00:00,1.558,1.559,1.555,1.5556529,300
2026-03-18 16:10:00+00:00,2026-03-18 16:14:59.999000+00:00,1.55565287,1.55994438,1.555,1.55711034,300
2026-03-18 16:15:00+00:00,2026-03-18 16:19:59.999000+00:00,1.55706503,1.56,1.55568746,1.55742611,300
2026-03-18 16:20:00+00:00,2026-03-18 16:24:59.999000+00:00,1.55791391,1.55949211,1.555,1.55616755,300
2026-03-18 16:25:00+00:00,2026-03-18 16:29:59.999000+00:00,1.55621145,1.56002116,1.55588965,1.55708201,300
2026-03-18 16:30:00+00:00,2026-03-18 16:34:59.999000+00:00,1.55709836,1.56,1.55090281,1.551,300
2026-03-18 16:35:00+00:00,2026-03-18 16:39:59.999000+00:00,1.551,1.556,1.549,1.55477806,300
2026-03-18 16:40:00+00:00,2026-03-18 16:44:59.999000+00:00,1.55478747,1.55822585,1.554,1.55660317,300
2026-03-18 16:45:00+00:00,2026-03-18 16:49:59.999000+00:00,1.55658311,1.558,1.55519678,1.55727066,300
2026-03-18 16:50:00+00:00,2026-03-18 16:54:59.999000+00:00,1.55725603,1.559,1.555,1.55688641,300
2026-03-18 16:55:00+00:00,2026-03-18 16:59:59.999000+00:00,1.55688005,1.55688005,1.553,1.553,300
2026-03-18 17:00:00+00:00,2026-03-18 17:04:59.999000+00:00,1.553,1.55352896,1.548,1.551,300
2026-03-18 17:05:00+00:00,2026-03-18 17:09:59.999000+00:00,1.551,1.551,1.5487101,1.549,300
2026-03-18 17:10:00+00:00,2026-03-18 17:14:59.999000+00:00,1.549,1.55222112,1.549,1.54943891,300
2026-03-18 17:15:00+00:00,2026-03-18 17:19:59.999000+00:00,1.54946563,1.55102698,1.54436621,1.54855355,300
2026-03-18 17:20:00+00:00,2026-03-18 17:24:59.999000+00:00,1.549,1.557,1.549,1.557,300
2026-03-18 17:25:00+00:00,2026-03-18 17:29:59.999000+00:00,1.557,1.558,1.553,1.558,300
2026-03-18 17:30:00+00:00,2026-03-18 17:34:59.999000+00:00,1.558,1.5584065,1.55364931,1.55706531,300
2026-03-18 17:35:00+00:00,2026-03-18 17:39:59.999000+00:00,1.55706606,1.57,1.55700256,1.569,300
2026-03-18 17:40:00+00:00,2026-03-18 17:44:59.999000+00:00,1.56883544,1.56884833,1.55903117,1.562,300
2026-03-18 17:45:00+00:00,2026-03-18 17:49:59.999000+00:00,1.562,1.563,1.559,1.56,300
2026-03-18 17:50:00+00:00,2026-03-18 17:54:59.999000+00:00,1.56,1.56008193,1.55609241,1.55700797,300
2026-03-18 17:55:00+00:00,2026-03-18 17:59:59.999000+00:00,1.55702752,1.55919332,1.556279,1.55909013,300
2026-03-18 18:00:00+00:00,2026-03-18 18:04:59.999000+00:00,1.55909013,1.57279409,1.559,1.57245608,300
2026-03-18 18:05:00+00:00,2026-03-18 18:09:59.999000+00:00,1.57200766,1.57474813,1.57043152,1.57151489,300
2026-03-18 18:10:00+00:00,2026-03-18 18:14:59.999000+00:00,1.571234,1.574,1.57,1.572,300
2026-03-18 18:15:00+00:00,2026-03-18 18:19:59.999000+00:00,1.572,1.572,1.56035567,1.562,300
2026-03-18 18:20:00+00:00,2026-03-18 18:24:59.999000+00:00,1.562,1.564,1.55816173,1.561,300
2026-03-18 18:25:00+00:00,2026-03-18 18:29:59.999000+00:00,1.561,1.56247422,1.55833153,1.56247419,300
2026-03-18 18:30:00+00:00,2026-03-18 18:34:59.999000+00:00,1.56245571,1.57010944,1.56230298,1.56559895,300
2026-03-18 18:35:00+00:00,2026-03-18 18:39:59.999000+00:00,1.56560199,1.57125309,1.564,1.568,300
2026-03-18 18:40:00+00:00,2026-03-18 18:44:59.999000+00:00,1.568,1.571,1.56616887,1.56939402,300
2026-03-18 18:45:00+00:00,2026-03-18 18:49:59.999000+00:00,1.56938723,1.57006607,1.56543955,1.566,300
2026-03-18 18:50:00+00:00,2026-03-18 18:54:59.999000+00:00,1.56543699,1.56543699,1.556,1.556,300
2026-03-18 18:55:00+00:00,2026-03-18 18:59:59.999000+00:00,1.556,1.55890978,1.5510756,1.557,300
2026-03-18 19:00:00+00:00,2026-03-18 19:04:59.999000+00:00,1.557,1.562,1.556,1.562,300
2026-03-18 19:05:00+00:00,2026-03-18 19:09:59.999000+00:00,1.56224541,1.565,1.561,1.56489711,300
2026-03-18 19:10:00+00:00,2026-03-18 19:14:59.999000+00:00,1.56498004,1.565,1.55869127,1.56,300
2026-03-18 19:15:00+00:00,2026-03-18 19:19:59.999000+00:00,1.56,1.567,1.55989175,1.566,300
2026-03-18 19:20:00+00:00,2026-03-18 19:24:59.999000+00:00,1.566,1.56658601,1.56132008,1.56132008,300
2026-03-18 19:25:00+00:00,2026-03-18 19:29:59.999000+00:00,1.56132011,1.56132011,1.55647741,1.558,300
2026-03-18 19:30:00+00:00,2026-03-18 19:34:59.999000+00:00,1.55703608,1.559,1.555,1.556,300
2026-03-18 19:35:00+00:00,2026-03-18 19:39:59.999000+00:00,1.556,1.556,1.55305617,1.554,300
2026-03-18 19:40:00+00:00,2026-03-18 19:44:59.999000+00:00,1.554,1.555,1.551,1.553,300
2026-03-18 19:45:00+00:00,2026-03-18 19:49:59.999000+00:00,1.553,1.55379794,1.55069618,1.551,300
2026-03-18 19:50:00+00:00,2026-03-18 19:54:59.999000+00:00,1.55049599,1.5523525,1.549,1.551,300
2026-03-18 19:55:00+00:00,2026-03-18 19:59:59.999000+00:00,1.551,1.55127905,1.54820718,1.55127905,300
2026-03-18 20:00:00+00:00,2026-03-18 20:04:59.999000+00:00,1.55131411,1.5521144,1.548,1.549,300
2026-03-18 20:05:00+00:00,2026-03-18 20:09:59.999000+00:00,1.54976199,1.55,1.54270924,1.543,300
2026-03-18 20:10:00+00:00,2026-03-18 20:14:59.999000+00:00,1.543,1.54979881,1.53939528,1.54824459,300
2026-03-18 20:15:00+00:00,2026-03-18 20:19:59.999000+00:00,1.54822263,1.55003199,1.545,1.54607124,300
2026-03-18 20:20:00+00:00,2026-03-18 20:24:59.999000+00:00,1.5460692,1.54703057,1.54527226,1.547,300
2026-03-18 20:25:00+00:00,2026-03-18 20:29:59.999000+00:00,1.547,1.55006498,1.54625115,1.548,300
2026-03-18 20:30:00+00:00,2026-03-18 20:34:59.999000+00:00,1.548,1.557,1.547,1.557,300
2026-03-18 20:35:00+00:00,2026-03-18 20:39:59.999000+00:00,1.557,1.55716748,1.554,1.5571363,300
2026-03-18 20:40:00+00:00,2026-03-18 20:44:59.999000+00:00,1.5571363,1.558,1.556,1.55765874,300
2026-03-18 20:45:00+00:00,2026-03-18 20:49:59.999000+00:00,1.558,1.5612547,1.55596785,1.5612547,300
2026-03-18 20:50:00+00:00,2026-03-18 20:54:59.999000+00:00,1.5612547,1.562,1.56,1.561,300
2026-03-18 20:55:00+00:00,2026-03-18 20:59:59.999000+00:00,1.561,1.562,1.55985355,1.561,300
2026-03-18 21:00:00+00:00,2026-03-18 21:04:59.999000+00:00,1.561,1.563,1.55908907,1.56149897,300
2026-03-18 21:05:00+00:00,2026-03-18 21:09:59.999000+00:00,1.56149897,1.562,1.559,1.561,300
2026-03-18 21:10:00+00:00,2026-03-18 21:14:59.999000+00:00,1.561,1.564,1.56030848,1.56037809,300
2026-03-18 21:15:00+00:00,2026-03-18 21:19:59.999000+00:00,1.56037809,1.56037809,1.55703339,1.559,300
2026-03-18 21:20:00+00:00,2026-03-18 21:24:59.999000+00:00,1.559,1.561,1.558,1.559,300
2026-03-18 21:25:00+00:00,2026-03-18 21:29:59.999000+00:00,1.55808532,1.559,1.55463126,1.55571668,300
2026-03-18 21:30:00+00:00,2026-03-18 21:34:59.999000+00:00,1.55571668,1.557,1.55431194,1.556,300
2026-03-18 21:35:00+00:00,2026-03-18 21:39:59.999000+00:00,1.556,1.562,1.55450043,1.562,300
2026-03-18 21:40:00+00:00,2026-03-18 21:44:59.999000+00:00,1.562,1.562,1.55818432,1.55833061,300
2026-03-18 21:45:00+00:00,2026-03-18 21:49:59.999000+00:00,1.55839646,1.561,1.558,1.55936187,300
2026-03-18 21:50:00+00:00,2026-03-18 21:54:59.999000+00:00,1.55935632,1.561,1.558,1.55950591,300
2026-03-18 21:55:00+00:00,2026-03-18 21:59:59.999000+00:00,1.55950594,1.561,1.559,1.56,300
2026-03-18 22:00:00+00:00,2026-03-18 22:04:59.999000+00:00,1.56,1.56,1.556,1.55614226,300
2026-03-18 22:05:00+00:00,2026-03-18 22:09:59.999000+00:00,1.557,1.557,1.55363926,1.555,300
2026-03-18 22:10:00+00:00,2026-03-18 22:14:59.999000+00:00,1.555,1.5562606,1.55230776,1.55589435,300
2026-03-18 22:15:00+00:00,2026-03-18 22:19:59.999000+00:00,1.555887,1.56,1.55426408,1.56,300
2026-03-18 22:20:00+00:00,2026-03-18 22:24:59.999000+00:00,1.56,1.562,1.55837399,1.56,300
2026-03-18 22:25:00+00:00,2026-03-18 22:29:59.999000+00:00,1.56,1.562,1.558,1.56110984,300
2026-03-18 22:30:00+00:00,2026-03-18 22:34:59.999000+00:00,1.56110984,1.56416051,1.561,1.56408734,300
2026-03-18 22:35:00+00:00,2026-03-18 22:39:59.999000+00:00,1.56398279,1.564,1.562,1.563,300
2026-03-18 22:40:00+00:00,2026-03-18 22:44:59.999000+00:00,1.563,1.564,1.56103785,1.56294723,300
2026-03-18 22:45:00+00:00,2026-03-18 22:49:59.999000+00:00,1.56294723,1.563,1.55912616,1.56092543,300
2026-03-18 22:50:00+00:00,2026-03-18 22:54:59.999000+00:00,1.56092543,1.56204896,1.55850521,1.56200076,300
2026-03-18 22:55:00+00:00,2026-03-18 22:59:59.999000+00:00,1.56200073,1.56605805,1.5619765,1.56553058,300
2026-03-18 23:00:00+00:00,2026-03-18 23:04:59.999000+00:00,1.56553061,1.56553061,1.56,1.56047706,300
2026-03-18 23:05:00+00:00,2026-03-18 23:09:59.999000+00:00,1.56046243,1.56108764,1.55761439,1.56087245,300
2026-03-18 23:10:00+00:00,2026-03-18 23:14:59.999000+00:00,1.561,1.561,1.558,1.55889404,300
2026-03-18 23:15:00+00:00,2026-03-18 23:19:59.999000+00:00,1.55889404,1.55889404,1.55352822,1.55726679,300
2026-03-18 23:20:00+00:00,2026-03-18 23:24:59.999000+00:00,1.55729609,1.559,1.556,1.55743716,300
2026-03-18 23:25:00+00:00,2026-03-18 23:29:59.999000+00:00,1.558,1.561,1.55738576,1.55980653,300
2026-03-18 23:30:00+00:00,2026-03-18 23:34:59.999000+00:00,1.56,1.56410219,1.55901219,1.56376744,300
2026-03-18 23:35:00+00:00,2026-03-18 23:39:59.999000+00:00,1.56376744,1.56704944,1.56371141,1.56697922,300
2026-03-18 23:40:00+00:00,2026-03-18 23:44:59.999000+00:00,1.56697919,1.56800392,1.566,1.567,300
2026-03-18 23:45:00+00:00,2026-03-18 23:49:59.999000+00:00,1.567,1.57204684,1.56623521,1.572,300
2026-03-18 23:50:00+00:00,2026-03-18 23:54:59.999000+00:00,1.572,1.574,1.57054,1.5739049,300
2026-03-18 23:55:00+00:00,2026-03-18 23:59:59.999000+00:00,1.5739049,1.57700386,1.5739049,1.57636686,300
2026-03-19 00:00:00+00:00,2026-03-19 00:04:59.999000+00:00,1.577,1.57713768,1.5706923,1.57160213,300
2026-03-19 00:05:00+00:00,2026-03-19 00:09:59.999000+00:00,1.571,1.57504171,1.57037685,1.57252806,300
2026-03-19 00:10:00+00:00,2026-03-19 00:14:59.999000+00:00,1.57255001,1.574,1.569,1.57387596,300
2026-03-19 00:15:00+00:00,2026-03-19 00:19:59.999000+00:00,1.57376846,1.574,1.569,1.57044169,300
2026-03-19 00:20:00+00:00,2026-03-19 00:24:59.999000+00:00,1.571,1.571,1.56345729,1.564,300
2026-03-19 00:25:00+00:00,2026-03-19 00:29:59.999000+00:00,1.564,1.57008847,1.56248301,1.56999784,300
2026-03-19 00:30:00+00:00,2026-03-19 00:34:59.999000+00:00,1.56999781,1.56999781,1.565,1.566,300
2026-03-19 00:35:00+00:00,2026-03-19 00:39:59.999000+00:00,1.56502425,1.566,1.56118111,1.563,300
2026-03-19 00:40:00+00:00,2026-03-19 00:44:59.999000+00:00,1.563,1.564,1.562,1.56236867,300
2026-03-19 00:45:00+00:00,2026-03-19 00:49:59.999000+00:00,1.563,1.56416692,1.561,1.56216821,300
2026-03-19 00:50:00+00:00,2026-03-19 00:54:59.999000+00:00,1.56199263,1.562,1.55902367,1.56102543,300
2026-03-19 00:55:00+00:00,2026-03-19 00:59:59.999000+00:00,1.56102543,1.562,1.56019422,1.562,300
2026-03-19 01:00:00+00:00,2026-03-19 01:04:59.999000+00:00,1.562,1.563,1.556,1.55620195,300
2026-03-19 01:05:00+00:00,2026-03-19 01:09:59.999000+00:00,1.55621795,1.558,1.55411486,1.55656443,300
2026-03-19 01:10:00+00:00,2026-03-19 01:14:59.999000+00:00,1.55656443,1.55805831,1.55654244,1.55744859,300
2026-03-19 01:15:00+00:00,2026-03-19 01:19:59.999000+00:00,1.55744859,1.561,1.55726952,1.5582375,300
2026-03-19 01:20:00+00:00,2026-03-19 01:24:59.999000+00:00,1.559,1.559,1.55509053,1.55723438,300
2026-03-19 01:25:00+00:00,2026-03-19 01:29:59.999000+00:00,1.55723438,1.56,1.55723438,1.55919479,300
2026-03-19 01:30:00+00:00,2026-03-19 01:34:59.999000+00:00,1.55919479,1.56013577,1.55519261,1.55856361,300
2026-03-19 01:35:00+00:00,2026-03-19 01:39:59.999000+00:00,1.55856361,1.56035342,1.557,1.56,300
2026-03-19 01:40:00+00:00,2026-03-19 01:44:59.999000+00:00,1.56001608,1.561,1.55929794,1.56,300
2026-03-19 01:45:00+00:00,2026-03-19 01:49:59.999000+00:00,1.56,1.561,1.558,1.56,300
2026-03-19 01:50:00+00:00,2026-03-19 01:54:59.999000+00:00,1.56,1.561,1.55730689,1.56,300
2026-03-19 01:55:00+00:00,2026-03-19 01:59:59.999000+00:00,1.56,1.56,1.557,1.55778672,300
2026-03-19 02:00:00+00:00,2026-03-19 02:04:59.999000+00:00,1.55778672,1.558,1.55,1.55446079,300
2026-03-19 02:05:00+00:00,2026-03-19 02:09:59.999000+00:00,1.55446079,1.55714282,1.5514155,1.55404211,300
2026-03-19 02:10:00+00:00,2026-03-19 02:14:59.999000+00:00,1.55404214,1.557125,1.554,1.55552261,300
2026-03-19 02:15:00+00:00,2026-03-19 02:19:59.999000+00:00,1.55552264,1.556,1.55323234,1.554,300
2026-03-19 02:20:00+00:00,2026-03-19 02:24:59.999000+00:00,1.554,1.557,1.55260068,1.554,300
2026-03-19 02:25:00+00:00,2026-03-19 02:29:59.999000+00:00,1.554,1.55404002,1.552,1.55351955,300
2026-03-19 02:30:00+00:00,2026-03-19 02:34:59.999000+00:00,1.554,1.55506954,1.55244167,1.55459255,300
2026-03-19 02:35:00+00:00,2026-03-19 02:39:59.999000+00:00,1.555,1.556,1.55339083,1.554,300
2026-03-19 02:40:00+00:00,2026-03-19 02:44:59.999000+00:00,1.554,1.55609195,1.55355108,1.555,300
2026-03-19 02:45:00+00:00,2026-03-19 02:49:59.999000+00:00,1.555,1.555,1.5519479,1.552,300
2026-03-19 02:50:00+00:00,2026-03-19 02:54:59.999000+00:00,1.552,1.553,1.548,1.548,300
2026-03-19 02:55:00+00:00,2026-03-19 02:59:59.999000+00:00,1.548,1.54813285,1.54607915,1.54741704,300
2026-03-19 03:00:00+00:00,2026-03-19 03:04:59.999000+00:00,1.54741704,1.549,1.54620557,1.54861953,300
2026-03-19 03:05:00+00:00,2026-03-19 03:09:59.999000+00:00,1.54867806,1.55,1.545,1.55,300
2026-03-19 03:10:00+00:00,2026-03-19 03:14:59.999000+00:00,1.55,1.553,1.54974936,1.552,300
2026-03-19 03:15:00+00:00,2026-03-19 03:19:59.999000+00:00,1.552,1.565,1.552,1.56362332,300
2026-03-19 03:20:00+00:00,2026-03-19 03:24:59.999000+00:00,1.56362332,1.565,1.56104942,1.56405877,300
2026-03-19 03:25:00+00:00,2026-03-19 03:29:59.999000+00:00,1.56405877,1.56997911,1.5623096,1.56681195,300
2026-03-19 03:30:00+00:00,2026-03-19 03:34:59.999000+00:00,1.56681195,1.568,1.55835431,1.55844708,300
2026-03-19 03:35:00+00:00,2026-03-19 03:39:59.999000+00:00,1.5584782,1.55854158,1.55327837,1.555,300
2026-03-19 03:40:00+00:00,2026-03-19 03:44:59.999000+00:00,1.55421049,1.556,1.55168612,1.55310623,300
2026-03-19 03:45:00+00:00,2026-03-19 03:49:59.999000+00:00,1.55321363,1.55903373,1.55150089,1.559,300
2026-03-19 03:50:00+00:00,2026-03-19 03:54:59.999000+00:00,1.5589034,1.559,1.555,1.55551169,300
2026-03-19 03:55:00+00:00,2026-03-19 03:59:59.999000+00:00,1.55551172,1.556,1.55259345,1.55352099,300
2026-03-19 04:00:00+00:00,2026-03-19 04:04:59.999000+00:00,1.55351942,1.557,1.55115528,1.55548428,300
2026-03-19 04:05:00+00:00,2026-03-19 04:09:59.999000+00:00,1.555,1.556,1.54933437,1.5503995,300
2026-03-19 04:10:00+00:00,2026-03-19 04:14:59.999000+00:00,1.55040851,1.555,1.54952646,1.55449998,300
2026-03-19 04:15:00+00:00,2026-03-19 04:19:59.999000+00:00,1.55450001,1.556,1.55404817,1.55445462,300
2026-03-19 04:20:00+00:00,2026-03-19 04:24:59.999000+00:00,1.55437911,1.55679644,1.55431837,1.55431841,300
2026-03-19 04:25:00+00:00,2026-03-19 04:29:59.999000+00:00,1.55431841,1.55556256,1.55219781,1.55499556,300
2026-03-19 04:30:00+00:00,2026-03-19 04:34:59.999000+00:00,1.55499556,1.55602403,1.55443188,1.55595178,300
2026-03-19 04:35:00+00:00,2026-03-19 04:39:59.999000+00:00,1.55595178,1.55786096,1.55524864,1.557,300
2026-03-19 04:40:00+00:00,2026-03-19 04:44:59.999000+00:00,1.55667011,1.557,1.55213149,1.55491817,300
2026-03-19 04:45:00+00:00,2026-03-19 04:49:59.999000+00:00,1.55491088,1.555,1.54939432,1.552,300
2026-03-19 04:50:00+00:00,2026-03-19 04:54:59.999000+00:00,1.552,1.555,1.551694,1.555,300
2026-03-19 04:55:00+00:00,2026-03-19 04:59:59.999000+00:00,1.55503778,1.55695401,1.55241249,1.55241249,300
2026-03-19 05:00:00+00:00,2026-03-19 05:04:59.999000+00:00,1.55245715,1.554,1.551,1.55250093,300
2026-03-19 05:05:00+00:00,2026-03-19 05:09:59.999000+00:00,1.55247169,1.55491754,1.552,1.55386111,300
2026-03-19 05:10:00+00:00,2026-03-19 05:14:59.999000+00:00,1.55386111,1.554,1.55058098,1.55144138,300
2026-03-19 05:15:00+00:00,2026-03-19 05:19:59.999000+00:00,1.552,1.55229833,1.55101668,1.552,300
2026-03-19 05:20:00+00:00,2026-03-19 05:24:59.999000+00:00,1.552,1.552,1.54842128,1.55,300
2026-03-19 05:25:00+00:00,2026-03-19 05:29:59.999000+00:00,1.55,1.55,1.54131832,1.54179878,300
2026-03-19 05:30:00+00:00,2026-03-19 05:34:59.999000+00:00,1.54179878,1.54423621,1.54152358,1.5420785,300
2026-03-19 05:35:00+00:00,2026-03-19 05:39:59.999000+00:00,1.54210049,1.543,1.54,1.541,300
2026-03-19 05:40:00+00:00,2026-03-19 05:44:59.999000+00:00,1.541,1.544,1.54003717,1.54022626,300
2026-03-19 05:45:00+00:00,2026-03-19 05:49:59.999000+00:00,1.54022626,1.54500514,1.54021163,1.545,300
2026-03-19 05:50:00+00:00,2026-03-19 05:54:59.999000+00:00,1.54498725,1.545,1.54224165,1.54438969,300
2026-03-19 05:55:00+00:00,2026-03-19 05:59:59.999000+00:00,1.54438969,1.545,1.54323652,1.544,300
2026-03-19 06:00:00+00:00,2026-03-19 06:04:59.999000+00:00,1.544,1.545,1.54245344,1.54250984,300
2026-03-19 06:05:00+00:00,2026-03-19 06:09:59.999000+00:00,1.54250732,1.54789145,1.542,1.54460059,300
2026-03-19 06:10:00+00:00,2026-03-19 06:14:59.999000+00:00,1.54452742,1.547,1.54376033,1.5459686,300
2026-03-19 06:15:00+00:00,2026-03-19 06:19:59.999000+00:00,1.54596129,1.549,1.54537996,1.54664625,300
2026-03-19 06:20:00+00:00,2026-03-19 06:24:59.999000+00:00,1.54664625,1.548,1.54453542,1.54548451,300
2026-03-19 06:25:00+00:00,2026-03-19 06:29:59.999000+00:00,1.54545353,1.54968384,1.54505071,1.54505071,300
2026-03-19 06:30:00+00:00,2026-03-19 06:34:59.999000+00:00,1.54486488,1.545,1.54227632,1.543,300
2026-03-19 06:35:00+00:00,2026-03-19 06:39:59.999000+00:00,1.54274223,1.54699389,1.542,1.54696465,300
2026-03-19 06:40:00+00:00,2026-03-19 06:44:59.999000+00:00,1.54693205,1.54716975,1.5455071,1.54651992,300
2026-03-19 06:45:00+00:00,2026-03-19 06:49:59.999000+00:00,1.54651989,1.5492294,1.54651989,1.54885132,300
2026-03-19 06:50:00+00:00,2026-03-19 06:54:59.999000+00:00,1.54885864,1.54886712,1.54665289,1.54665289,300
2026-03-19 06:55:00+00:00,2026-03-19 06:59:59.999000+00:00,1.54665289,1.5478987,1.54438622,1.545,300
2026-03-19 07:00:00+00:00,2026-03-19 07:04:59.999000+00:00,1.545,1.546,1.54209589,1.5446355,300
2026-03-19 07:05:00+00:00,2026-03-19 07:09:59.999000+00:00,1.5446355,1.546,1.542,1.54359937,300
2026-03-19 07:10:00+00:00,2026-03-19 07:14:59.999000+00:00,1.5436031,1.54404496,1.53602226,1.53635107,300
2026-03-19 07:15:00+00:00,2026-03-19 07:19:59.999000+00:00,1.53635107,1.538,1.53301408,1.53383486,300
2026-03-19 07:20:00+00:00,2026-03-19 07:24:59.999000+00:00,1.53378019,1.534,1.52419521,1.5269625,300
2026-03-19 07:25:00+00:00,2026-03-19 07:29:59.999000+00:00,1.52689867,1.535,1.52547074,1.53016048,300
2026-03-19 07:30:00+00:00,2026-03-19 07:34:59.999000+00:00,1.53009183,1.533,1.52900196,1.532,300
2026-03-19 07:35:00+00:00,2026-03-19 07:39:59.999000+00:00,1.532,1.54082549,1.5313857,1.54007601,300
2026-03-19 07:40:00+00:00,2026-03-19 07:44:59.999000+00:00,1.5400501,1.54287636,1.538,1.53880326,300
2026-03-19 07:45:00+00:00,2026-03-19 07:49:59.999000+00:00,1.53876937,1.53878514,1.53301149,1.53355741,300
2026-03-19 07:50:00+00:00,2026-03-19 07:54:59.999000+00:00,1.534,1.53708581,1.533,1.53546447,300
2026-03-19 07:55:00+00:00,2026-03-19 07:59:59.999000+00:00,1.53546447,1.537,1.53156276,1.532,300
2026-03-19 08:00:00+00:00,2026-03-19 08:04:59.999000+00:00,1.532,1.53507613,1.531,1.53136239,300
2026-03-19 08:05:00+00:00,2026-03-19 08:09:59.999000+00:00,1.53149473,1.536,1.53149473,1.534,300
2026-03-19 08:10:00+00:00,2026-03-19 08:14:59.999000+00:00,1.534,1.53609852,1.53135424,1.533,300
2026-03-19 08:15:00+00:00,2026-03-19 08:19:59.999000+00:00,1.533,1.535,1.53161704,1.53161704,300
2026-03-19 08:20:00+00:00,2026-03-19 08:24:59.999000+00:00,1.53161704,1.53529727,1.52939051,1.532,300
2026-03-19 08:25:00+00:00,2026-03-19 08:29:59.999000+00:00,1.531,1.532,1.52850373,1.52903465,300
2026-03-19 08:30:00+00:00,2026-03-19 08:34:59.999000+00:00,1.52905264,1.531,1.528,1.529,300
2026-03-19 08:35:00+00:00,2026-03-19 08:39:59.999000+00:00,1.529,1.531,1.52696314,1.52986925,300
2026-03-19 08:40:00+00:00,2026-03-19 08:44:59.999000+00:00,1.52985685,1.53515331,1.52880348,1.53183959,300
2026-03-19 08:45:00+00:00,2026-03-19 08:49:59.999000+00:00,1.53133859,1.533,1.53015112,1.53114037,300
2026-03-19 08:50:00+00:00,2026-03-19 08:54:59.999000+00:00,1.53114041,1.533,1.52923289,1.53172518,300
2026-03-19 08:55:00+00:00,2026-03-19 08:59:59.999000+00:00,1.53165201,1.5317209,1.5284099,1.52916612,300
2026-03-19 09:00:00+00:00,2026-03-19 09:04:59.999000+00:00,1.52916612,1.532,1.52916612,1.53113503,300
2026-03-19 09:05:00+00:00,2026-03-19 09:09:59.999000+00:00,1.532,1.5352639,1.53155873,1.53233043,300
2026-03-19 09:10:00+00:00,2026-03-19 09:14:59.999000+00:00,1.53230808,1.53315959,1.5288398,1.53200811,300
2026-03-19 09:15:00+00:00,2026-03-19 09:19:59.999000+00:00,1.53200815,1.533,1.53033198,1.53216267,300
2026-03-19 09:20:00+00:00,2026-03-19 09:24:59.999000+00:00,1.533,1.54379926,1.53220143,1.5394214,300
2026-03-19 09:25:00+00:00,2026-03-19 09:29:59.999000+00:00,1.5394214,1.542,1.53696216,1.53798522,300
2026-03-19 09:30:00+00:00,2026-03-19 09:34:59.999000+00:00,1.53809501,1.541,1.53763918,1.539,300
2026-03-19 09:35:00+00:00,2026-03-19 09:39:59.999000+00:00,1.539,1.541,1.53729808,1.53931026,300
2026-03-19 09:40:00+00:00,2026-03-19 09:44:59.999000+00:00,1.53931175,1.543,1.53751927,1.54197316,300
2026-03-19 09:45:00+00:00,2026-03-19 09:49:59.999000+00:00,1.54197316,1.54400154,1.54134449,1.543,300
2026-03-19 09:50:00+00:00,2026-03-19 09:54:59.999000+00:00,1.543,1.545,1.54247638,1.5434906,300
2026-03-19 09:55:00+00:00,2026-03-19 09:59:59.999000+00:00,1.5434906,1.54659051,1.54301444,1.546,300
2026-03-19 10:00:00+00:00,2026-03-19 10:04:59.999000+00:00,1.546,1.546,1.54343293,1.54350502,300
2026-03-19 10:05:00+00:00,2026-03-19 10:09:59.999000+00:00,1.54351305,1.54545732,1.54321529,1.54342781,300
2026-03-19 10:10:00+00:00,2026-03-19 10:14:59.999000+00:00,1.54342784,1.544,1.5420328,1.544,300
2026-03-19 10:15:00+00:00,2026-03-19 10:19:59.999000+00:00,1.544,1.54474074,1.54307118,1.544,300
2026-03-19 10:20:00+00:00,2026-03-19 10:24:59.999000+00:00,1.544,1.54485882,1.54152209,1.54330779,300
2026-03-19 10:25:00+00:00,2026-03-19 10:29:59.999000+00:00,1.54338828,1.54355955,1.538,1.539,300
2026-03-19 10:30:00+00:00,2026-03-19 10:34:59.999000+00:00,1.539,1.539,1.53533645,1.537,300
2026-03-19 10:35:00+00:00,2026-03-19 10:39:59.999000+00:00,1.5369522,1.53706246,1.53580203,1.53638051,300
2026-03-19 10:40:00+00:00,2026-03-19 10:44:59.999000+00:00,1.53647693,1.53685262,1.533,1.53307336,300
2026-03-19 10:45:00+00:00,2026-03-19 10:49:59.999000+00:00,1.53309995,1.53459822,1.532,1.534,300
2026-03-19 10:50:00+00:00,2026-03-19 10:54:59.999000+00:00,1.534,1.534,1.53080805,1.53266732,300
2026-03-19 10:55:00+00:00,2026-03-19 10:59:59.999000+00:00,1.53254419,1.53254419,1.52944196,1.53,300
2026-03-19 11:00:00+00:00,2026-03-19 11:04:59.999000+00:00,1.52948352,1.53197035,1.529,1.53084536,300
2026-03-19 11:05:00+00:00,2026-03-19 11:09:59.999000+00:00,1.53084533,1.531,1.529,1.53081966,300
2026-03-19 11:10:00+00:00,2026-03-19 11:14:59.999000+00:00,1.53081966,1.53306485,1.52957164,1.53151052,300
2026-03-19 11:15:00+00:00,2026-03-19 11:19:59.999000+00:00,1.53148125,1.535,1.531,1.53449613,300
2026-03-19 11:20:00+00:00,2026-03-19 11:24:59.999000+00:00,1.53449613,1.536,1.53345576,1.53349242,300
2026-03-19 11:25:00+00:00,2026-03-19 11:29:59.999000+00:00,1.534,1.53704667,1.533,1.53703935,300
2026-03-19 11:30:00+00:00,2026-03-19 11:34:59.999000+00:00,1.53711984,1.54228918,1.53701391,1.53833116,300
2026-03-19 11:35:00+00:00,2026-03-19 11:39:59.999000+00:00,1.53833116,1.53983849,1.537382,1.537382,300
2026-03-19 11:40:00+00:00,2026-03-19 11:44:59.999000+00:00,1.53738196,1.5392561,1.537,1.53728487,300
2026-03-19 11:45:00+00:00,2026-03-19 11:49:59.999000+00:00,1.53730345,1.53880902,1.5365847,1.537,300
2026-03-19 11:50:00+00:00,2026-03-19 11:54:59.999000+00:00,1.537,1.539,1.53626836,1.539,300
2026-03-19 11:55:00+00:00,2026-03-19 11:59:59.999000+00:00,1.539,1.53967367,1.5376615,1.53938776,300
2026-03-19 12:00:00+00:00,2026-03-19 12:04:59.999000+00:00,1.53938776,1.54139341,1.53786367,1.539,300
2026-03-19 12:05:00+00:00,2026-03-19 12:09:59.999000+00:00,1.539,1.53962968,1.537,1.53857684,300
2026-03-19 12:10:00+00:00,2026-03-19 12:14:59.999000+00:00,1.53858415,1.54212004,1.53807502,1.542,300
2026-03-19 12:15:00+00:00,2026-03-19 12:19:59.999000+00:00,1.542,1.542,1.537,1.538,300
2026-03-19 12:20:00+00:00,2026-03-19 12:24:59.999000+00:00,1.538,1.538,1.53313184,1.534,300
2026-03-19 12:25:00+00:00,2026-03-19 12:29:59.999000+00:00,1.534,1.534,1.52904714,1.53034448,300
2026-03-19 12:30:00+00:00,2026-03-19 12:34:59.999000+00:00,1.53034448,1.53402289,1.529,1.532,300
2026-03-19 12:35:00+00:00,2026-03-19 12:39:59.999000+00:00,1.532,1.53409633,1.52734986,1.52875346,300
2026-03-19 12:40:00+00:00,2026-03-19 12:44:59.999000+00:00,1.52875349,1.53321884,1.5286347,1.53019725,300
2026-03-19 12:45:00+00:00,2026-03-19 12:49:59.999000+00:00,1.53018482,1.53019314,1.52774651,1.52846227,300
2026-03-19 12:50:00+00:00,2026-03-19 12:54:59.999000+00:00,1.52845264,1.52985334,1.52073368,1.52391046,300
2026-03-19 12:55:00+00:00,2026-03-19 12:59:59.999000+00:00,1.52391687,1.527,1.521,1.52133196,300
2026-03-19 13:00:00+00:00,2026-03-19 13:04:59.999000+00:00,1.522,1.52518973,1.51553498,1.52504005,300
2026-03-19 13:05:00+00:00,2026-03-19 13:09:59.999000+00:00,1.52633003,1.52633003,1.51844244,1.52009007,300
2026-03-19 13:10:00+00:00,2026-03-19 13:14:59.999000+00:00,1.51924344,1.51924344,1.51166582,1.512,300
2026-03-19 13:15:00+00:00,2026-03-19 13:19:59.999000+00:00,1.512,1.518,1.51163995,1.51603605,300
2026-03-19 13:20:00+00:00,2026-03-19 13:24:59.999000+00:00,1.5160141,1.522,1.51315219,1.51437273,300
2026-03-19 13:25:00+00:00,2026-03-19 13:29:59.999000+00:00,1.51435288,1.51636738,1.512,1.516,300
2026-03-19 13:30:00+00:00,2026-03-19 13:34:59.999000+00:00,1.51575503,1.51959504,1.51445243,1.519,300
2026-03-19 13:35:00+00:00,2026-03-19 13:39:59.999000+00:00,1.519,1.519,1.51255662,1.513,300
2026-03-19 13:40:00+00:00,2026-03-19 13:44:59.999000+00:00,1.5126412,1.527,1.51128888,1.52475394,300
2026-03-19 13:45:00+00:00,2026-03-19 13:49:59.999000+00:00,1.52475394,1.525,1.52004091,1.525,300
2026-03-19 13:50:00+00:00,2026-03-19 13:54:59.999000+00:00,1.525,1.52583204,1.52108938,1.524,300
2026-03-19 13:55:00+00:00,2026-03-19 13:59:59.999000+00:00,1.524,1.525,1.52130342,1.524,300
2026-03-19 14:00:00+00:00,2026-03-19 14:04:59.999000+00:00,1.524,1.529,1.5193476,1.52,300
2026-03-19 14:05:00+00:00,2026-03-19 14:09:59.999000+00:00,1.52,1.521,1.515,1.516,300
2026-03-19 14:10:00+00:00,2026-03-19 14:14:59.999000+00:00,1.516,1.521,1.514,1.514,300
2026-03-19 14:15:00+00:00,2026-03-19 14:19:59.999000+00:00,1.514,1.515,1.51134114,1.512,300
2026-03-19 14:20:00+00:00,2026-03-19 14:24:59.999000+00:00,1.512,1.514,1.5085221,1.51142957,300
2026-03-19 14:25:00+00:00,2026-03-19 14:29:59.999000+00:00,1.5114296,1.51289668,1.50657781,1.508,300
2026-03-19 14:30:00+00:00,2026-03-19 14:34:59.999000+00:00,1.50843269,1.51269823,1.507,1.51121996,300
2026-03-19 14:35:00+00:00,2026-03-19 14:39:59.999000+00:00,1.51121996,1.513,1.50751823,1.50948948,300
2026-03-19 14:40:00+00:00,2026-03-19 14:44:59.999000+00:00,1.50945322,1.51221798,1.50862234,1.51084617,300
2026-03-19 14:45:00+00:00,2026-03-19 14:49:59.999000+00:00,1.51084617,1.51180351,1.50882026,1.51011428,300
2026-03-19 14:50:00+00:00,2026-03-19 14:54:59.999000+00:00,1.51024109,1.51503505,1.509,1.515,300
2026-03-19 14:55:00+00:00,2026-03-19 14:59:59.999000+00:00,1.51402906,1.51410956,1.511,1.511,300
2026-03-19 15:00:00+00:00,2026-03-19 15:04:59.999000+00:00,1.51083727,1.51625213,1.50955266,1.51568035,300
2026-03-19 15:05:00+00:00,2026-03-19 15:09:59.999000+00:00,1.51564284,1.5191955,1.51067771,1.51154896,300
2026-03-19 15:10:00+00:00,2026-03-19 15:14:59.999000+00:00,1.51143184,1.513,1.50908804,1.51,300
2026-03-19 15:15:00+00:00,2026-03-19 15:19:59.999000+00:00,1.51,1.512,1.503,1.503,300
2026-03-19 15:20:00+00:00,2026-03-19 15:24:59.999000+00:00,1.503,1.504,1.5,1.50035974,300
2026-03-19 15:25:00+00:00,2026-03-19 15:29:59.999000+00:00,1.50035302,1.505,1.50035302,1.50409033,300
2026-03-19 15:30:00+00:00,2026-03-19 15:34:59.999000+00:00,1.50410294,1.50721788,1.50350306,1.504,300
2026-03-19 15:35:00+00:00,2026-03-19 15:39:59.999000+00:00,1.50373513,1.508,1.50305089,1.50555955,300
2026-03-19 15:40:00+00:00,2026-03-19 15:44:59.999000+00:00,1.50558885,1.50681281,1.503,1.504,300
2026-03-19 15:45:00+00:00,2026-03-19 15:49:59.999000+00:00,1.50375412,1.51404284,1.50242078,1.51263256,300
2026-03-19 15:50:00+00:00,2026-03-19 15:54:59.999000+00:00,1.51252089,1.517,1.51252089,1.51529997,300
2026-03-19 15:55:00+00:00,2026-03-19 15:59:59.999000+00:00,1.51535529,1.52206976,1.5150568,1.521,300
2026-03-19 16:00:00+00:00,2026-03-19 16:04:59.999000+00:00,1.521,1.521,1.51645643,1.518,300
2026-03-19 16:05:00+00:00,2026-03-19 16:09:59.999000+00:00,1.518,1.519,1.513,1.514,300
2026-03-19 16:10:00+00:00,2026-03-19 16:14:59.999000+00:00,1.513,1.516,1.513,1.515,300
2026-03-19 16:15:00+00:00,2026-03-19 16:19:59.999000+00:00,1.515,1.516,1.51108723,1.513,300
2026-03-19 16:20:00+00:00,2026-03-19 16:24:59.999000+00:00,1.51268649,1.51323379,1.51034831,1.51263943,300
2026-03-19 16:25:00+00:00,2026-03-19 16:29:59.999000+00:00,1.51263943,1.51523327,1.50932845,1.51,300
2026-03-19 16:30:00+00:00,2026-03-19 16:34:59.999000+00:00,1.50983421,1.51,1.50456608,1.50700949,300
2026-03-19 16:35:00+00:00,2026-03-19 16:39:59.999000+00:00,1.50705314,1.5117303,1.50460315,1.5117303,300
2026-03-19 16:40:00+00:00,2026-03-19 16:44:59.999000+00:00,1.51194983,1.515,1.51167176,1.51167176,300
2026-03-19 16:45:00+00:00,2026-03-19 16:49:59.999000+00:00,1.51167176,1.513,1.5092872,1.51051484,300
2026-03-19 16:50:00+00:00,2026-03-19 16:54:59.999000+00:00,1.51049289,1.511,1.50741025,1.51012978,300
2026-03-19 16:55:00+00:00,2026-03-19 16:59:59.999000+00:00,1.51012978,1.51240691,1.508,1.50951139,300
2026-03-19 17:00:00+00:00,2026-03-19 17:04:59.999000+00:00,1.50951139,1.51,1.504,1.504,300
2026-03-19 17:05:00+00:00,2026-03-19 17:09:59.999000+00:00,1.504,1.50402917,1.49622728,1.49622728,300
2026-03-19 17:10:00+00:00,2026-03-19 17:14:59.999000+00:00,1.49624381,1.5021723,1.49611286,1.498,300
2026-03-19 17:15:00+00:00,2026-03-19 17:19:59.999000+00:00,1.49819702,1.50392007,1.495,1.50392007,300
2026-03-19 17:20:00+00:00,2026-03-19 17:24:59.999000+00:00,1.5038469,1.51,1.50103909,1.50764653,300
2026-03-19 17:25:00+00:00,2026-03-19 17:29:59.999000+00:00,1.50770634,1.51116168,1.507,1.50849798,300
2026-03-19 17:30:00+00:00,2026-03-19 17:34:59.999000+00:00,1.50849798,1.511,1.506,1.508,300
2026-03-19 17:35:00+00:00,2026-03-19 17:39:59.999000+00:00,1.508,1.508,1.50485059,1.507,300
2026-03-19 17:40:00+00:00,2026-03-19 17:44:59.999000+00:00,1.507,1.508,1.50461084,1.50775689,300
2026-03-19 17:45:00+00:00,2026-03-19 17:49:59.999000+00:00,1.50777152,1.509,1.50639461,1.5075976,300
2026-03-19 17:50:00+00:00,2026-03-19 17:54:59.999000+00:00,1.50756553,1.514,1.50746737,1.51208982,300
2026-03-19 17:55:00+00:00,2026-03-19 17:59:59.999000+00:00,1.51204511,1.51403779,1.51152073,1.51305154,300
2026-03-19 18:00:00+00:00,2026-03-19 18:04:59.999000+00:00,1.51305883,1.515,1.511,1.512,300
2026-03-19 18:05:00+00:00,2026-03-19 18:09:59.999000+00:00,1.512,1.512,1.5097232,1.511,300
2026-03-19 18:10:00+00:00,2026-03-19 18:14:59.999000+00:00,1.51074216,1.51353412,1.5094875,1.511,300
2026-03-19 18:15:00+00:00,2026-03-19 18:19:59.999000+00:00,1.511,1.513,1.509,1.51077117,300
2026-03-19 18:20:00+00:00,2026-03-19 18:24:59.999000+00:00,1.511,1.514,1.511,1.513,300
2026-03-19 18:25:00+00:00,2026-03-19 18:29:59.999000+00:00,1.51255568,1.51255568,1.50931898,1.511,300
2026-03-19 18:30:00+00:00,2026-03-19 18:34:59.999000+00:00,1.511,1.511,1.50818564,1.509,300
2026-03-19 18:35:00+00:00,2026-03-19 18:39:59.999000+00:00,1.50826857,1.511,1.50826857,1.51009857,300
2026-03-19 18:40:00+00:00,2026-03-19 18:44:59.999000+00:00,1.51009857,1.51283406,1.50879349,1.51281937,300
2026-03-19 18:45:00+00:00,2026-03-19 18:49:59.999000+00:00,1.513,1.513,1.50939221,1.51,300
2026-03-19 18:50:00+00:00,2026-03-19 18:54:59.999000+00:00,1.50943459,1.511,1.50824297,1.50947433,300
2026-03-19 18:55:00+00:00,2026-03-19 18:59:59.999000+00:00,1.50947431,1.515,1.50942011,1.5141609,300
2026-03-19 19:00:00+00:00,2026-03-19 19:04:59.999000+00:00,1.51414626,1.52261242,1.51388144,1.52040658,300
2026-03-19 19:05:00+00:00,2026-03-19 19:09:59.999000+00:00,1.52041011,1.527499,1.52041011,1.52715333,300
2026-03-19 19:10:00+00:00,2026-03-19 19:14:59.999000+00:00,1.52716898,1.532,1.52304453,1.527,300
2026-03-19 19:15:00+00:00,2026-03-19 19:19:59.999000+00:00,1.527,1.534,1.525,1.534,300
2026-03-19 19:20:00+00:00,2026-03-19 19:24:59.999000+00:00,1.53385363,1.53487871,1.53197974,1.53307379,300
2026-03-19 19:25:00+00:00,2026-03-19 19:29:59.999000+00:00,1.53303724,1.53303724,1.526,1.529,300
2026-03-19 19:30:00+00:00,2026-03-19 19:34:59.999000+00:00,1.529,1.531,1.52568605,1.526,300
2026-03-19 19:35:00+00:00,2026-03-19 19:39:59.999000+00:00,1.526,1.529,1.52381348,1.529,300
2026-03-19 19:40:00+00:00,2026-03-19 19:44:59.999000+00:00,1.529,1.533,1.52803975,1.53201641,300
2026-03-19 19:45:00+00:00,2026-03-19 19:49:59.999000+00:00,1.532,1.534,1.53059884,1.532,300
2026-03-19 19:50:00+00:00,2026-03-19 19:54:59.999000+00:00,1.532,1.532,1.52632789,1.52875801,300
2026-03-19 19:55:00+00:00,2026-03-19 19:59:59.999000+00:00,1.529,1.531,1.528,1.53,300
2026-03-19 20:00:00+00:00,2026-03-19 20:04:59.999000+00:00,1.53,1.532,1.52867432,1.532,300
2026-03-19 20:05:00+00:00,2026-03-19 20:09:59.999000+00:00,1.532,1.53356796,1.53109466,1.53231404,300
2026-03-19 20:10:00+00:00,2026-03-19 20:14:59.999000+00:00,1.53231404,1.533,1.52702399,1.52750706,300
2026-03-19 20:15:00+00:00,2026-03-19 20:19:59.999000+00:00,1.52750702,1.53,1.52525534,1.527,300
2026-03-19 20:20:00+00:00,2026-03-19 20:24:59.999000+00:00,1.527,1.528,1.52518755,1.52643106,300
2026-03-19 20:25:00+00:00,2026-03-19 20:29:59.999000+00:00,1.52643106,1.52888937,1.52534902,1.526,300
2026-03-19 20:30:00+00:00,2026-03-19 20:34:59.999000+00:00,1.526,1.52809353,1.526,1.527,300
2026-03-19 20:35:00+00:00,2026-03-19 20:39:59.999000+00:00,1.527,1.531,1.52649688,1.53062732,300
2026-03-19 20:40:00+00:00,2026-03-19 20:44:59.999000+00:00,1.53062732,1.53374278,1.52611143,1.52845975,300
2026-03-19 20:45:00+00:00,2026-03-19 20:49:59.999000+00:00,1.52848902,1.52923469,1.52695898,1.529,300
2026-03-19 20:50:00+00:00,2026-03-19 20:54:59.999000+00:00,1.529,1.53,1.52837758,1.53,300
2026-03-19 20:55:00+00:00,2026-03-19 20:59:59.999000+00:00,1.53,1.53,1.52701546,1.529,300
2026-03-19 21:00:00+00:00,2026-03-19 21:04:59.999000+00:00,1.529,1.53,1.52644286,1.528,300
2026-03-19 21:05:00+00:00,2026-03-19 21:09:59.999000+00:00,1.528,1.52996098,1.52749987,1.52952326,300
2026-03-19 21:10:00+00:00,2026-03-19 21:14:59.999000+00:00,1.52922978,1.532,1.52815501,1.532,300
2026-03-19 21:15:00+00:00,2026-03-19 21:19:59.999000+00:00,1.532,1.532,1.52852009,1.5285347,300
2026-03-19 21:20:00+00:00,2026-03-19 21:24:59.999000+00:00,1.52851717,1.531,1.52513196,1.526,300
2026-03-19 21:25:00+00:00,2026-03-19 21:29:59.999000+00:00,1.526,1.527,1.52436245,1.52554432,300
2026-03-19 21:30:00+00:00,2026-03-19 21:34:59.999000+00:00,1.526,1.527,1.52433977,1.526,300
2026-03-19 21:35:00+00:00,2026-03-19 21:39:59.999000+00:00,1.526,1.52834988,1.525,1.526,300
2026-03-19 21:40:00+00:00,2026-03-19 21:44:59.999000+00:00,1.52542208,1.5280687,1.52423452,1.526,300
2026-03-19 21:45:00+00:00,2026-03-19 21:49:59.999000+00:00,1.526,1.52602977,1.52218146,1.52219167,300
2026-03-19 21:50:00+00:00,2026-03-19 21:54:59.999000+00:00,1.5221917,1.523,1.51943169,1.52,300
2026-03-19 21:55:00+00:00,2026-03-19 21:59:59.999000+00:00,1.52002754,1.524,1.52002754,1.523,300
2026-03-19 22:00:00+00:00,2026-03-19 22:04:59.999000+00:00,1.523,1.523,1.51584785,1.517,300
2026-03-19 22:05:00+00:00,2026-03-19 22:09:59.999000+00:00,1.517,1.51905887,1.51487635,1.51852088,300
2026-03-19 22:10:00+00:00,2026-03-19 22:14:59.999000+00:00,1.51849535,1.519,1.5162378,1.51717218,300
2026-03-19 22:15:00+00:00,2026-03-19 22:19:59.999000+00:00,1.51720142,1.51720142,1.51365887,1.517,300
2026-03-19 22:20:00+00:00,2026-03-19 22:24:59.999000+00:00,1.517,1.517,1.51526105,1.517,300
2026-03-19 22:25:00+00:00,2026-03-19 22:29:59.999000+00:00,1.517,1.517,1.515,1.51510104,300
2026-03-19 22:30:00+00:00,2026-03-19 22:34:59.999000+00:00,1.5150425,1.5150425,1.50742814,1.50999278,300
2026-03-19 22:35:00+00:00,2026-03-19 22:39:59.999000+00:00,1.50999278,1.50999278,1.50420225,1.50837329,300
2026-03-19 22:40:00+00:00,2026-03-19 22:44:59.999000+00:00,1.50837329,1.51,1.50617517,1.50969564,300
2026-03-19 22:45:00+00:00,2026-03-19 22:49:59.999000+00:00,1.50970262,1.51333266,1.50970262,1.513,300
2026-03-19 22:50:00+00:00,2026-03-19 22:54:59.999000+00:00,1.513,1.515,1.513,1.515,300
2026-03-19 22:55:00+00:00,2026-03-19 22:59:59.999000+00:00,1.515,1.51823965,1.51368448,1.518,300
2026-03-19 23:00:00+00:00,2026-03-19 23:04:59.999000+00:00,1.518,1.523,1.518,1.52238726,300
2026-03-19 23:05:00+00:00,2026-03-19 23:09:59.999000+00:00,1.52238571,1.52267772,1.5204514,1.52181151,300
2026-03-19 23:10:00+00:00,2026-03-19 23:14:59.999000+00:00,1.52181151,1.522,1.52025599,1.52028754,300
2026-03-19 23:15:00+00:00,2026-03-19 23:19:59.999000+00:00,1.52028754,1.52028754,1.51738406,1.51747901,300
2026-03-19 23:20:00+00:00,2026-03-19 23:24:59.999000+00:00,1.51748953,1.518,1.515,1.51603289,300
2026-03-19 23:25:00+00:00,2026-03-19 23:29:59.999000+00:00,1.51603289,1.5206141,1.51539352,1.5205313,300
2026-03-19 23:30:00+00:00,2026-03-19 23:34:59.999000+00:00,1.52061412,1.52231156,1.51805969,1.51863657,300
2026-03-19 23:35:00+00:00,2026-03-19 23:39:59.999000+00:00,1.5186006,1.521,1.51718448,1.51718448,300
2026-03-19 23:40:00+00:00,2026-03-19 23:44:59.999000+00:00,1.51719973,1.52,1.51640065,1.52,300
2026-03-19 23:45:00+00:00,2026-03-19 23:49:59.999000+00:00,1.52070986,1.52070986,1.51748919,1.52,300
2026-03-19 23:50:00+00:00,2026-03-19 23:54:59.999000+00:00,1.52,1.524,1.519,1.52367331,300
2026-03-19 23:55:00+00:00,2026-03-19 23:59:59.999000+00:00,1.52367334,1.525,1.52,1.521,300
2026-03-20 00:00:00+00:00,2026-03-20 00:04:59.999000+00:00,1.5205091,1.52195739,1.51894928,1.52009809,300
2026-03-20 00:05:00+00:00,2026-03-20 00:09:59.999000+00:00,1.52036591,1.52419644,1.51957961,1.52329158,300
2026-03-20 00:10:00+00:00,2026-03-20 00:14:59.999000+00:00,1.52380167,1.52541422,1.523,1.5245123,300
2026-03-20 00:15:00+00:00,2026-03-20 00:19:59.999000+00:00,1.5245123,1.529,1.52444552,1.52556705,300
2026-03-20 00:20:00+00:00,2026-03-20 00:24:59.999000+00:00,1.525,1.525,1.51995678,1.5204199,300
2026-03-20 00:25:00+00:00,2026-03-20 00:29:59.999000+00:00,1.52041986,1.523,1.52,1.52204311,300
2026-03-20 00:30:00+00:00,2026-03-20 00:34:59.999000+00:00,1.52204311,1.523,1.52067262,1.52151698,300
2026-03-20 00:35:00+00:00,2026-03-20 00:39:59.999000+00:00,1.52097633,1.52526303,1.52046257,1.52526303,300
2026-03-20 00:40:00+00:00,2026-03-20 00:44:59.999000+00:00,1.52524839,1.52524839,1.5230529,1.525,300
2026-03-20 00:45:00+00:00,2026-03-20 00:49:59.999000+00:00,1.525,1.52603458,1.52432175,1.525,300
2026-03-20 00:50:00+00:00,2026-03-20 00:54:59.999000+00:00,1.525,1.52771903,1.524,1.527,300
2026-03-20 00:55:00+00:00,2026-03-20 00:59:59.999000+00:00,1.527,1.528,1.52530787,1.52644936,300
2026-03-20 01:00:00+00:00,2026-03-20 01:04:59.999000+00:00,1.52644936,1.53155951,1.52641312,1.53,300
2026-03-20 01:05:00+00:00,2026-03-20 01:09:59.999000+00:00,1.53,1.53280729,1.53,1.53225832,300
2026-03-20 01:10:00+00:00,2026-03-20 01:14:59.999000+00:00,1.53225832,1.53321597,1.52936917,1.5305146,300
2026-03-20 01:15:00+00:00,2026-03-20 01:19:59.999000+00:00,1.5305146,1.53100814,1.528,1.53,300
2026-03-20 01:20:00+00:00,2026-03-20 01:24:59.999000+00:00,1.53,1.53069413,1.527,1.52942782,300
2026-03-20 01:25:00+00:00,2026-03-20 01:29:59.999000+00:00,1.52942779,1.53190299,1.528,1.53060752,300
2026-03-20 01:30:00+00:00,2026-03-20 01:34:59.999000+00:00,1.531,1.53780069,1.531,1.53644361,300
2026-03-20 01:35:00+00:00,2026-03-20 01:39:59.999000+00:00,1.537,1.542,1.536,1.54192608,300
2026-03-20 01:40:00+00:00,2026-03-20 01:44:59.999000+00:00,1.54193309,1.543,1.54012956,1.542,300
2026-03-20 01:45:00+00:00,2026-03-20 01:49:59.999000+00:00,1.542,1.542,1.53934166,1.53949616,300
2026-03-20 01:50:00+00:00,2026-03-20 01:54:59.999000+00:00,1.53949616,1.54,1.536,1.53915427,300
2026-03-20 01:55:00+00:00,2026-03-20 01:59:59.999000+00:00,1.53915427,1.53964192,1.53511233,1.53562117,300
2026-03-20 02:00:00+00:00,2026-03-20 02:04:59.999000+00:00,1.53562117,1.537,1.53248632,1.533862,300
2026-03-20 02:05:00+00:00,2026-03-20 02:09:59.999000+00:00,1.534,1.53675897,1.533,1.535,300
2026-03-20 02:10:00+00:00,2026-03-20 02:14:59.999000+00:00,1.535,1.53906203,1.535,1.53635163,300
2026-03-20 02:15:00+00:00,2026-03-20 02:19:59.999000+00:00,1.53635166,1.53993268,1.533,1.539,300
2026-03-20 02:20:00+00:00,2026-03-20 02:24:59.999000+00:00,1.53864579,1.539,1.53544525,1.53546875,300
2026-03-20 02:25:00+00:00,2026-03-20 02:29:59.999000+00:00,1.53546875,1.536,1.53121743,1.53157459,300
2026-03-20 02:30:00+00:00,2026-03-20 02:34:59.999000+00:00,1.53157459,1.533,1.52722416,1.52722416,300
2026-03-20 02:35:00+00:00,2026-03-20 02:39:59.999000+00:00,1.52722416,1.53098645,1.52704136,1.53050678,300
2026-03-20 02:40:00+00:00,2026-03-20 02:44:59.999000+00:00,1.53051957,1.53889018,1.53049574,1.53752554,300
2026-03-20 02:45:00+00:00,2026-03-20 02:49:59.999000+00:00,1.53752554,1.539,1.53516781,1.53556307,300
2026-03-20 02:50:00+00:00,2026-03-20 02:54:59.999000+00:00,1.53556307,1.53773175,1.534,1.53773175,300
2026-03-20 02:55:00+00:00,2026-03-20 02:59:59.999000+00:00,1.53776831,1.5380907,1.53524511,1.53544828,300
2026-03-20 03:00:00+00:00,2026-03-20 03:04:59.999000+00:00,1.53545556,1.53810465,1.53495617,1.535,300
2026-03-20 03:05:00+00:00,2026-03-20 03:09:59.999000+00:00,1.535,1.53777001,1.53428586,1.53754265,300
2026-03-20 03:10:00+00:00,2026-03-20 03:14:59.999000+00:00,1.53754265,1.53861274,1.53683764,1.53716533,300
2026-03-20 03:15:00+00:00,2026-03-20 03:19:59.999000+00:00,1.53716533,1.538,1.53498246,1.53690673,300
2026-03-20 03:20:00+00:00,2026-03-20 03:24:59.999000+00:00,1.53690669,1.53907069,1.536,1.538,300
2026-03-20 03:25:00+00:00,2026-03-20 03:29:59.999000+00:00,1.538,1.538,1.53338326,1.536,300
2026-03-20 03:30:00+00:00,2026-03-20 03:34:59.999000+00:00,1.536,1.539,1.5338569,1.53452088,300
2026-03-20 03:35:00+00:00,2026-03-20 03:39:59.999000+00:00,1.53452085,1.535,1.53,1.53153426,300
2026-03-20 03:40:00+00:00,2026-03-20 03:44:59.999000+00:00,1.53153426,1.532,1.53,1.53035878,300
2026-03-20 03:45:00+00:00,2026-03-20 03:49:59.999000+00:00,1.53035878,1.533,1.52998763,1.532,300
2026-03-20 03:50:00+00:00,2026-03-20 03:54:59.999000+00:00,1.532,1.533,1.52920144,1.53274633,300
2026-03-20 03:55:00+00:00,2026-03-20 03:59:59.999000+00:00,1.53274633,1.53311773,1.531,1.532,300
2026-03-20 04:00:00+00:00,2026-03-20 04:04:59.999000+00:00,1.532,1.532,1.52805372,1.53,300
2026-03-20 04:05:00+00:00,2026-03-20 04:09:59.999000+00:00,1.53,1.53704532,1.53,1.53675464,300
2026-03-20 04:10:00+00:00,2026-03-20 04:14:59.999000+00:00,1.5367587,1.54228681,1.53448229,1.542,300
2026-03-20 04:15:00+00:00,2026-03-20 04:19:59.999000+00:00,1.542,1.543,1.539,1.54296855,300
2026-03-20 04:20:00+00:00,2026-03-20 04:24:59.999000+00:00,1.54297587,1.544,1.539,1.54041409,300
2026-03-20 04:25:00+00:00,2026-03-20 04:29:59.999000+00:00,1.54041409,1.54100121,1.53948612,1.541,300
2026-03-20 04:30:00+00:00,2026-03-20 04:34:59.999000+00:00,1.541,1.541,1.533,1.535,300
2026-03-20 04:35:00+00:00,2026-03-20 04:39:59.999000+00:00,1.535,1.53754229,1.53476118,1.53749483,300
2026-03-20 04:40:00+00:00,2026-03-20 04:44:59.999000+00:00,1.53749483,1.53749483,1.534,1.5341345,300
2026-03-20 04:45:00+00:00,2026-03-20 04:49:59.999000+00:00,1.5341345,1.53709679,1.53267906,1.537,300
2026-03-20 04:50:00+00:00,2026-03-20 04:54:59.999000+00:00,1.537,1.54,1.534,1.5390722,300
2026-03-20 04:55:00+00:00,2026-03-20 04:59:59.999000+00:00,1.53904296,1.54434985,1.53904296,1.54377542,300
2026-03-20 05:00:00+00:00,2026-03-20 05:04:59.999000+00:00,1.54389413,1.54903601,1.54236007,1.546,300
2026-03-20 05:05:00+00:00,2026-03-20 05:09:59.999000+00:00,1.547,1.55036192,1.54526811,1.55036192,300
2026-03-20 05:10:00+00:00,2026-03-20 05:14:59.999000+00:00,1.55,1.55166141,1.54739927,1.54821992,300
2026-03-20 05:15:00+00:00,2026-03-20 05:19:59.999000+00:00,1.5480115,1.55155451,1.54635825,1.54837625,300
2026-03-20 05:20:00+00:00,2026-03-20 05:24:59.999000+00:00,1.5489429,1.55,1.54603172,1.54616228,300
2026-03-20 05:25:00+00:00,2026-03-20 05:29:59.999000+00:00,1.54625828,1.54805925,1.54104689,1.54106149,300
2026-03-20 05:30:00+00:00,2026-03-20 05:34:59.999000+00:00,1.542,1.543,1.53902323,1.54179461,300
2026-03-20 05:35:00+00:00,2026-03-20 05:39:59.999000+00:00,1.541,1.5453038,1.54007386,1.543,300
2026-03-20 05:40:00+00:00,2026-03-20 05:44:59.999000+00:00,1.543,1.547,1.54219814,1.545,300
2026-03-20 05:45:00+00:00,2026-03-20 05:49:59.999000+00:00,1.545,1.546,1.54359946,1.54559763,300
2026-03-20 05:50:00+00:00,2026-03-20 05:54:59.999000+00:00,1.54559763,1.54559763,1.541,1.54126723,300
2026-03-20 05:55:00+00:00,2026-03-20 05:59:59.999000+00:00,1.54125263,1.54203406,1.5404031,1.542,300
2026-03-20 06:00:00+00:00,2026-03-20 06:04:59.999000+00:00,1.542,1.542,1.537,1.537,300
2026-03-20 06:05:00+00:00,2026-03-20 06:09:59.999000+00:00,1.537,1.541,1.53686128,1.54061176,300
2026-03-20 06:10:00+00:00,2026-03-20 06:14:59.999000+00:00,1.54061176,1.54213135,1.5393246,1.542,300
2026-03-20 06:15:00+00:00,2026-03-20 06:19:59.999000+00:00,1.542,1.544,1.54003004,1.541,300
2026-03-20 06:20:00+00:00,2026-03-20 06:24:59.999000+00:00,1.541,1.542,1.539,1.54075265,300
2026-03-20 06:25:00+00:00,2026-03-20 06:29:59.999000+00:00,1.54076445,1.542,1.53973774,1.541,300
2026-03-20 06:30:00+00:00,2026-03-20 06:34:59.999000+00:00,1.541,1.543,1.53908581,1.54140785,300
2026-03-20 06:35:00+00:00,2026-03-20 06:39:59.999000+00:00,1.54140785,1.542,1.53948531,1.54,300
2026-03-20 06:40:00+00:00,2026-03-20 06:44:59.999000+00:00,1.54,1.54135179,1.53717865,1.541,300
2026-03-20 06:45:00+00:00,2026-03-20 06:49:59.999000+00:00,1.54099428,1.54507448,1.54047345,1.544,300
2026-03-20 06:50:00+00:00,2026-03-20 06:54:59.999000+00:00,1.54399444,1.546,1.54260609,1.543,300
2026-03-20 06:55:00+00:00,2026-03-20 06:59:59.999000+00:00,1.543,1.543,1.54013727,1.541,300
2026-03-20 07:00:00+00:00,2026-03-20 07:04:59.999000+00:00,1.541,1.541,1.53007089,1.535,300
2026-03-20 07:05:00+00:00,2026-03-20 07:09:59.999000+00:00,1.535,1.53767345,1.5326911,1.537,300
2026-03-20 07:10:00+00:00,2026-03-20 07:14:59.999000+00:00,1.53661681,1.53661681,1.53,1.53034244,300
2026-03-20 07:15:00+00:00,2026-03-20 07:19:59.999000+00:00,1.531,1.53394592,1.52977397,1.531,300
2026-03-20 07:20:00+00:00,2026-03-20 07:24:59.999000+00:00,1.531,1.534,1.53046412,1.53209466,300
2026-03-20 07:25:00+00:00,2026-03-20 07:29:59.999000+00:00,1.53209466,1.53354337,1.53,1.532,300
2026-03-20 07:30:00+00:00,2026-03-20 07:34:59.999000+00:00,1.532,1.54023698,1.53051743,1.539,300
2026-03-20 07:35:00+00:00,2026-03-20 07:39:59.999000+00:00,1.539,1.54,1.53750088,1.538,300
2026-03-20 07:40:00+00:00,2026-03-20 07:44:59.999000+00:00,1.538,1.54099459,1.53726407,1.53801765,300
2026-03-20 07:45:00+00:00,2026-03-20 07:49:59.999000+00:00,1.53805656,1.539,1.53434737,1.535,300
2026-03-20 07:50:00+00:00,2026-03-20 07:54:59.999000+00:00,1.535,1.536,1.533,1.535,300
2026-03-20 07:55:00+00:00,2026-03-20 07:59:59.999000+00:00,1.535,1.537,1.53379351,1.53615535,300
2026-03-20 08:00:00+00:00,2026-03-20 08:04:59.999000+00:00,1.53616998,1.53629987,1.5334385,1.535,300
2026-03-20 08:05:00+00:00,2026-03-20 08:09:59.999000+00:00,1.535,1.54261415,1.534,1.54223738,300
2026-03-20 08:10:00+00:00,2026-03-20 08:14:59.999000+00:00,1.54223738,1.54740236,1.54060149,1.54352978,300
2026-03-20 08:15:00+00:00,2026-03-20 08:19:59.999000+00:00,1.5434851,1.544,1.5403988,1.544,300
2026-03-20 08:20:00+00:00,2026-03-20 08:24:59.999000+00:00,1.544,1.544,1.53950883,1.542,300
2026-03-20 08:25:00+00:00,2026-03-20 08:29:59.999000+00:00,1.542,1.542,1.538,1.539,300
2026-03-20 08:30:00+00:00,2026-03-20 08:34:59.999000+00:00,1.539,1.54078527,1.5354567,1.54001691,300
2026-03-20 08:35:00+00:00,2026-03-20 08:39:59.999000+00:00,1.54,1.54008692,1.53590118,1.539,300
2026-03-20 08:40:00+00:00,2026-03-20 08:44:59.999000+00:00,1.539,1.539,1.536,1.536,300
2026-03-20 08:45:00+00:00,2026-03-20 08:49:59.999000+00:00,1.536,1.537,1.5345856,1.537,300
2026-03-20 08:50:00+00:00,2026-03-20 08:54:59.999000+00:00,1.537,1.538,1.53539731,1.53548753,300
2026-03-20 08:55:00+00:00,2026-03-20 08:59:59.999000+00:00,1.5354729,1.537,1.535,1.5355302,300
2026-03-20 09:00:00+00:00,2026-03-20 09:04:59.999000+00:00,1.53538386,1.53538386,1.52901312,1.53149788,300
2026-03-20 09:05:00+00:00,2026-03-20 09:09:59.999000+00:00,1.53151252,1.53151252,1.52771218,1.53,300
2026-03-20 09:10:00+00:00,2026-03-20 09:14:59.999000+00:00,1.53,1.531,1.527,1.528,300
2026-03-20 09:15:00+00:00,2026-03-20 09:19:59.999000+00:00,1.528,1.528,1.52252452,1.523,300
2026-03-20 09:20:00+00:00,2026-03-20 09:24:59.999000+00:00,1.524,1.524,1.51893664,1.52011713,300
2026-03-20 09:25:00+00:00,2026-03-20 09:29:59.999000+00:00,1.51957184,1.52270484,1.5193297,1.522,300
2026-03-20 09:30:00+00:00,2026-03-20 09:34:59.999000+00:00,1.522,1.52641383,1.52,1.525,300
2026-03-20 09:35:00+00:00,2026-03-20 09:39:59.999000+00:00,1.525,1.528,1.52455951,1.527,300
2026-03-20 09:40:00+00:00,2026-03-20 09:44:59.999000+00:00,1.527,1.53008171,1.526,1.52881101,300
2026-03-20 09:45:00+00:00,2026-03-20 09:49:59.999000+00:00,1.52881101,1.529,1.526,1.527,300
2026-03-20 09:50:00+00:00,2026-03-20 09:54:59.999000+00:00,1.52651808,1.527,1.52215967,1.523,300
2026-03-20 09:55:00+00:00,2026-03-20 09:59:59.999000+00:00,1.523,1.52705009,1.523,1.525543,300
2026-03-20 10:00:00+00:00,2026-03-20 10:04:59.999000+00:00,1.525543,1.527,1.522,1.52458866,300
2026-03-20 10:05:00+00:00,2026-03-20 10:09:59.999000+00:00,1.52445613,1.525,1.5202032,1.523,300
2026-03-20 10:10:00+00:00,2026-03-20 10:14:59.999000+00:00,1.523,1.524,1.521,1.52241493,300
2026-03-20 10:15:00+00:00,2026-03-20 10:19:59.999000+00:00,1.52242959,1.526,1.52107483,1.5238579,300
2026-03-20 10:20:00+00:00,2026-03-20 10:24:59.999000+00:00,1.52375373,1.524,1.52186471,1.523,300
2026-03-20 10:25:00+00:00,2026-03-20 10:29:59.999000+00:00,1.523,1.52424011,1.52247865,1.524,300
2026-03-20 10:30:00+00:00,2026-03-20 10:34:59.999000+00:00,1.524,1.528,1.52304626,1.528,300
2026-03-20 10:35:00+00:00,2026-03-20 10:39:59.999000+00:00,1.528,1.53,1.52656054,1.529,300
2026-03-20 10:40:00+00:00,2026-03-20 10:44:59.999000+00:00,1.529,1.533,1.529,1.53,300
2026-03-20 10:45:00+00:00,2026-03-20 10:49:59.999000+00:00,1.53,1.531,1.52900891,1.53084364,300
2026-03-20 10:50:00+00:00,2026-03-20 10:54:59.999000+00:00,1.5307414,1.53334741,1.53,1.53156164,300
2026-03-20 10:55:00+00:00,2026-03-20 10:59:59.999000+00:00,1.53156161,1.53300329,1.53137944,1.53248075,300
2026-03-20 11:00:00+00:00,2026-03-20 11:04:59.999000+00:00,1.53248075,1.53451507,1.53137676,1.534,300
2026-03-20 11:05:00+00:00,2026-03-20 11:09:59.999000+00:00,1.534,1.536,1.5330083,1.53502376,300
2026-03-20 11:10:00+00:00,2026-03-20 11:14:59.999000+00:00,1.535,1.539,1.53439194,1.53881528,300
2026-03-20 11:15:00+00:00,2026-03-20 11:19:59.999000+00:00,1.53881528,1.539,1.534,1.53520989,300
2026-03-20 11:20:00+00:00,2026-03-20 11:24:59.999000+00:00,1.53520986,1.53625939,1.533,1.53524517,300
2026-03-20 11:25:00+00:00,2026-03-20 11:29:59.999000+00:00,1.53524517,1.53526085,1.5312751,1.5314803,300
2026-03-20 11:30:00+00:00,2026-03-20 11:34:59.999000+00:00,1.5314657,1.532,1.529,1.531,300
2026-03-20 11:35:00+00:00,2026-03-20 11:39:59.999000+00:00,1.531,1.531,1.52128412,1.52224675,300
2026-03-20 11:40:00+00:00,2026-03-20 11:44:59.999000+00:00,1.52208424,1.524,1.52166327,1.52352066,300
2026-03-20 11:45:00+00:00,2026-03-20 11:49:59.999000+00:00,1.52352066,1.524,1.52030239,1.52256635,300
2026-03-20 11:50:00+00:00,2026-03-20 11:54:59.999000+00:00,1.523,1.52703283,1.523,1.527,300
2026-03-20 11:55:00+00:00,2026-03-20 11:59:59.999000+00:00,1.527,1.52854781,1.52618968,1.52718066,300
2026-03-20 12:00:00+00:00,2026-03-20 12:04:59.999000+00:00,1.52727575,1.532,1.52727575,1.531,300
2026-03-20 12:05:00+00:00,2026-03-20 12:09:59.999000+00:00,1.53005503,1.53617812,1.53005503,1.5351752,300
2026-03-20 12:10:00+00:00,2026-03-20 12:14:59.999000+00:00,1.53517523,1.536,1.52940004,1.52942968,300
2026-03-20 12:15:00+00:00,2026-03-20 12:19:59.999000+00:00,1.52942968,1.531,1.52602006,1.52715712,300
2026-03-20 12:20:00+00:00,2026-03-20 12:24:59.999000+00:00,1.52715712,1.52988442,1.52715709,1.52844493,300
2026-03-20 12:25:00+00:00,2026-03-20 12:29:59.999000+00:00,1.52844493,1.529,1.52516294,1.5285152,300
2026-03-20 12:30:00+00:00,2026-03-20 12:34:59.999000+00:00,1.52854712,1.52854712,1.5251955,1.52800706,300
2026-03-20 12:35:00+00:00,2026-03-20 12:39:59.999000+00:00,1.52804733,1.52940044,1.526,1.52623539,300
2026-03-20 12:40:00+00:00,2026-03-20 12:44:59.999000+00:00,1.52623539,1.527,1.52360682,1.527,300
2026-03-20 12:45:00+00:00,2026-03-20 12:49:59.999000+00:00,1.527,1.52810535,1.525,1.52804585,300
2026-03-20 12:50:00+00:00,2026-03-20 12:54:59.999000+00:00,1.52804585,1.529,1.52630942,1.52743107,300
2026-03-20 12:55:00+00:00,2026-03-20 12:59:59.999000+00:00,1.52743107,1.52951867,1.52614131,1.52861121,300
2026-03-20 13:00:00+00:00,2026-03-20 13:04:59.999000+00:00,1.5286101,1.53210822,1.52838262,1.532,300
2026-03-20 13:05:00+00:00,2026-03-20 13:09:59.999000+00:00,1.53119613,1.535,1.53085275,1.53085275,300
2026-03-20 13:10:00+00:00,2026-03-20 13:14:59.999000+00:00,1.53085272,1.53190839,1.528,1.53190839,300
2026-03-20 13:15:00+00:00,2026-03-20 13:19:59.999000+00:00,1.53190842,1.53388908,1.53119983,1.53136021,300
2026-03-20 13:20:00+00:00,2026-03-20 13:24:59.999000+00:00,1.532,1.533,1.53102154,1.53174887,300
2026-03-20 13:25:00+00:00,2026-03-20 13:29:59.999000+00:00,1.53174884,1.536,1.53081612,1.531,300
2026-03-20 13:30:00+00:00,2026-03-20 13:34:59.999000+00:00,1.53090614,1.532,1.524,1.524,300
2026-03-20 13:35:00+00:00,2026-03-20 13:39:59.999000+00:00,1.524,1.52854183,1.52138946,1.52489386,300
2026-03-20 13:40:00+00:00,2026-03-20 13:44:59.999000+00:00,1.52489663,1.53455979,1.52332565,1.53238464,300
2026-03-20 13:45:00+00:00,2026-03-20 13:49:59.999000+00:00,1.53243678,1.5339254,1.529,1.53227493,300
2026-03-20 13:50:00+00:00,2026-03-20 13:54:59.999000+00:00,1.53227493,1.53276355,1.52340324,1.526,300
2026-03-20 13:55:00+00:00,2026-03-20 13:59:59.999000+00:00,1.526,1.527,1.52244972,1.52427538,300
2026-03-20 14:00:00+00:00,2026-03-20 14:04:59.999000+00:00,1.52427538,1.52825377,1.51953656,1.52783693,300
2026-03-20 14:05:00+00:00,2026-03-20 14:09:59.999000+00:00,1.52756205,1.53065698,1.52392246,1.52935544,300
2026-03-20 14:10:00+00:00,2026-03-20 14:14:59.999000+00:00,1.52962667,1.53216951,1.52492541,1.525,300
2026-03-20 14:15:00+00:00,2026-03-20 14:19:59.999000+00:00,1.525,1.526,1.51952382,1.52123933,300
2026-03-20 14:20:00+00:00,2026-03-20 14:24:59.999000+00:00,1.52122706,1.52375009,1.51740225,1.52253758,300
2026-03-20 14:25:00+00:00,2026-03-20 14:29:59.999000+00:00,1.52255439,1.526,1.52005686,1.523,300
2026-03-20 14:30:00+00:00,2026-03-20 14:34:59.999000+00:00,1.52260038,1.53111213,1.52252724,1.529,300
2026-03-20 14:35:00+00:00,2026-03-20 14:39:59.999000+00:00,1.53,1.53,1.525,1.52838228,300
2026-03-20 14:40:00+00:00,2026-03-20 14:44:59.999000+00:00,1.52838228,1.529,1.525,1.52565036,300
2026-03-20 14:45:00+00:00,2026-03-20 14:49:59.999000+00:00,1.525,1.52681899,1.52396625,1.52425906,300
2026-03-20 14:50:00+00:00,2026-03-20 14:54:59.999000+00:00,1.52425903,1.52425903,1.516,1.51643484,300
2026-03-20 14:55:00+00:00,2026-03-20 14:59:59.999000+00:00,1.51617713,1.519,1.51617713,1.517,300
2026-03-20 15:00:00+00:00,2026-03-20 15:04:59.999000+00:00,1.517,1.52039478,1.51318166,1.516,300
2026-03-20 15:05:00+00:00,2026-03-20 15:09:59.999000+00:00,1.516,1.516,1.51291491,1.51432631,300
2026-03-20 15:10:00+00:00,2026-03-20 15:14:59.999000+00:00,1.51427927,1.5218163,1.51388985,1.52154766,300
2026-03-20 15:15:00+00:00,2026-03-20 15:19:59.999000+00:00,1.52180104,1.52316937,1.51918267,1.52016393,300
2026-03-20 15:20:00+00:00,2026-03-20 15:24:59.999000+00:00,1.52016393,1.53048277,1.51840456,1.52613257,300
2026-03-20 15:25:00+00:00,2026-03-20 15:29:59.999000+00:00,1.52606981,1.52672404,1.52054897,1.52391454,300
2026-03-20 15:30:00+00:00,2026-03-20 15:34:59.999000+00:00,1.52369186,1.527,1.52133343,1.52371225,300
2026-03-20 15:35:00+00:00,2026-03-20 15:39:59.999000+00:00,1.52371228,1.52580674,1.52206513,1.524,300
2026-03-20 15:40:00+00:00,2026-03-20 15:44:59.999000+00:00,1.52354221,1.52561546,1.52257931,1.52293845,300
2026-03-20 15:45:00+00:00,2026-03-20 15:49:59.999000+00:00,1.52287838,1.5244782,1.52094596,1.52301903,300
2026-03-20 15:50:00+00:00,2026-03-20 15:54:59.999000+00:00,1.52301903,1.525,1.52181831,1.523,300
2026-03-20 15:55:00+00:00,2026-03-20 15:59:59.999000+00:00,1.523,1.52510878,1.52140515,1.52497932,300
2026-03-20 16:00:00+00:00,2026-03-20 16:04:59.999000+00:00,1.52498661,1.52629654,1.52244825,1.525,300
2026-03-20 16:05:00+00:00,2026-03-20 16:09:59.999000+00:00,1.525,1.525,1.517,1.521,300
2026-03-20 16:10:00+00:00,2026-03-20 16:14:59.999000+00:00,1.521,1.522,1.519,1.52,300
2026-03-20 16:15:00+00:00,2026-03-20 16:19:59.999000+00:00,1.51949134,1.522,1.516,1.521,300
2026-03-20 16:20:00+00:00,2026-03-20 16:24:59.999000+00:00,1.52083522,1.52384664,1.52026824,1.52228253,300
2026-03-20 16:25:00+00:00,2026-03-20 16:29:59.999000+00:00,1.52287749,1.52297453,1.52034097,1.522,300
2026-03-20 16:30:00+00:00,2026-03-20 16:34:59.999000+00:00,1.52150949,1.522,1.516,1.519,300
2026-03-20 16:35:00+00:00,2026-03-20 16:39:59.999000+00:00,1.51875087,1.52,1.517,1.51776273,300
2026-03-20 16:40:00+00:00,2026-03-20 16:44:59.999000+00:00,1.51779749,1.519,1.51605496,1.51785714,300
2026-03-20 16:45:00+00:00,2026-03-20 16:49:59.999000+00:00,1.51785717,1.52,1.51619664,1.517,300
2026-03-20 16:50:00+00:00,2026-03-20 16:54:59.999000+00:00,1.51621128,1.517,1.513,1.516,300
2026-03-20 16:55:00+00:00,2026-03-20 16:59:59.999000+00:00,1.516,1.52,1.51473951,1.51653218,300
2026-03-20 17:00:00+00:00,2026-03-20 17:04:59.999000+00:00,1.51653221,1.51905267,1.51631836,1.51901608,300
2026-03-20 17:05:00+00:00,2026-03-20 17:09:59.999000+00:00,1.51901608,1.51901608,1.51320572,1.51489231,300
2026-03-20 17:10:00+00:00,2026-03-20 17:14:59.999000+00:00,1.51485572,1.516,1.51366193,1.51495573,300
2026-03-20 17:15:00+00:00,2026-03-20 17:19:59.999000+00:00,1.51496475,1.517,1.5123799,1.51358651,300
2026-03-20 17:20:00+00:00,2026-03-20 17:24:59.999000+00:00,1.51358651,1.51431302,1.51206425,1.51206425,300
2026-03-20 17:25:00+00:00,2026-03-20 17:29:59.999000+00:00,1.51208022,1.51208022,1.50918361,1.512,300
2026-03-20 17:30:00+00:00,2026-03-20 17:34:59.999000+00:00,1.512,1.51314006,1.50681241,1.50777841,300
2026-03-20 17:35:00+00:00,2026-03-20 17:39:59.999000+00:00,1.50776565,1.51026812,1.50469704,1.51,300
2026-03-20 17:40:00+00:00,2026-03-20 17:44:59.999000+00:00,1.50907097,1.51,1.507,1.508,300
2026-03-20 17:45:00+00:00,2026-03-20 17:49:59.999000+00:00,1.508,1.50906431,1.50640009,1.509,300
2026-03-20 17:50:00+00:00,2026-03-20 17:54:59.999000+00:00,1.509,1.513,1.508,1.51252674,300
2026-03-20 17:55:00+00:00,2026-03-20 17:59:59.999000+00:00,1.51253406,1.519,1.51253406,1.518,300
2026-03-20 18:00:00+00:00,2026-03-20 18:04:59.999000+00:00,1.518,1.52,1.51525789,1.51618258,300
2026-03-20 18:05:00+00:00,2026-03-20 18:09:59.999000+00:00,1.51616702,1.518,1.5159734,1.51645118,300
2026-03-20 18:10:00+00:00,2026-03-20 18:14:59.999000+00:00,1.51693898,1.519,1.51595185,1.51828981,300
2026-03-20 18:15:00+00:00,2026-03-20 18:19:59.999000+00:00,1.51828981,1.51828981,1.51402975,1.514203,300
2026-03-20 18:20:00+00:00,2026-03-20 18:24:59.999000+00:00,1.51420304,1.516,1.50988216,1.51136534,300
2026-03-20 18:25:00+00:00,2026-03-20 18:29:59.999000+00:00,1.512,1.51322619,1.509,1.509,300
2026-03-20 18:30:00+00:00,2026-03-20 18:34:59.999000+00:00,1.50904139,1.50970933,1.504,1.50534183,300
2026-03-20 18:35:00+00:00,2026-03-20 18:39:59.999000+00:00,1.50538258,1.50538258,1.50029538,1.504,300
2026-03-20 18:40:00+00:00,2026-03-20 18:44:59.999000+00:00,1.504,1.50600098,1.502,1.50297041,300
2026-03-20 18:45:00+00:00,2026-03-20 18:49:59.999000+00:00,1.50297044,1.507,1.5024742,1.50374456,300
2026-03-20 18:50:00+00:00,2026-03-20 18:54:59.999000+00:00,1.50379578,1.5071757,1.50292592,1.50434192,300
2026-03-20 18:55:00+00:00,2026-03-20 18:59:59.999000+00:00,1.50434252,1.506,1.501,1.50394661,300
2026-03-20 19:00:00+00:00,2026-03-20 19:04:59.999000+00:00,1.50345146,1.507,1.50345146,1.50452806,300
2026-03-20 19:05:00+00:00,2026-03-20 19:09:59.999000+00:00,1.50452806,1.506,1.501,1.503,300
2026-03-20 19:10:00+00:00,2026-03-20 19:14:59.999000+00:00,1.503,1.503,1.49993697,1.503,300
2026-03-20 19:15:00+00:00,2026-03-20 19:19:59.999000+00:00,1.503,1.50301366,1.50012232,1.50200163,300
2026-03-20 19:20:00+00:00,2026-03-20 19:24:59.999000+00:00,1.50201615,1.504,1.497,1.49846892,300
2026-03-20 19:25:00+00:00,2026-03-20 19:29:59.999000+00:00,1.49859658,1.50129309,1.49859658,1.49972441,300
2026-03-20 19:30:00+00:00,2026-03-20 19:34:59.999000+00:00,1.49972441,1.503,1.49722089,1.49750316,300
2026-03-20 19:35:00+00:00,2026-03-20 19:39:59.999000+00:00,1.49750316,1.499,1.49439913,1.498,300
2026-03-20 19:40:00+00:00,2026-03-20 19:44:59.999000+00:00,1.498,1.507,1.49741811,1.50678711,300
2026-03-20 19:45:00+00:00,2026-03-20 19:49:59.999000+00:00,1.507,1.507,1.50317661,1.50333352,300
2026-03-20 19:50:00+00:00,2026-03-20 19:54:59.999000+00:00,1.50332696,1.51008516,1.50332696,1.51008516,300
2026-03-20 19:55:00+00:00,2026-03-20 19:59:59.999000+00:00,1.51007785,1.51051869,1.508,1.509,300
2026-03-20 20:00:00+00:00,2026-03-20 20:04:59.999000+00:00,1.509,1.51,1.507,1.508,300
2026-03-20 20:05:00+00:00,2026-03-20 20:09:59.999000+00:00,1.50735463,1.508,1.506,1.508,300
2026-03-20 20:10:00+00:00,2026-03-20 20:14:59.999000+00:00,1.508,1.509,1.50610808,1.50697055,300
2026-03-20 20:15:00+00:00,2026-03-20 20:19:59.999000+00:00,1.50697059,1.507,1.50317619,1.504,300
2026-03-20 20:20:00+00:00,2026-03-20 20:24:59.999000+00:00,1.50349231,1.504,1.50062225,1.50128005,300
2026-03-20 20:25:00+00:00,2026-03-20 20:29:59.999000+00:00,1.502,1.502,1.49911485,1.501,300
2026-03-20 20:30:00+00:00,2026-03-20 20:34:59.999000+00:00,1.501,1.50148496,1.496,1.497,300
2026-03-20 20:35:00+00:00,2026-03-20 20:39:59.999000+00:00,1.497,1.501,1.4954358,1.5,300
2026-03-20 20:40:00+00:00,2026-03-20 20:44:59.999000+00:00,1.5,1.5006239,1.49808906,1.5,300
2026-03-20 20:45:00+00:00,2026-03-20 20:49:59.999000+00:00,1.5,1.505,1.49954015,1.50450589,300
2026-03-20 20:50:00+00:00,2026-03-20 20:54:59.999000+00:00,1.50450592,1.507,1.50450268,1.50542453,300
2026-03-20 20:55:00+00:00,2026-03-20 20:59:59.999000+00:00,1.50542453,1.507,1.505,1.506,300
2026-03-20 21:00:00+00:00,2026-03-20 21:04:59.999000+00:00,1.507,1.50713673,1.50446706,1.5066099,300
2026-03-20 21:05:00+00:00,2026-03-20 21:09:59.999000+00:00,1.507,1.507,1.50511331,1.50548968,300
2026-03-20 21:10:00+00:00,2026-03-20 21:14:59.999000+00:00,1.50548968,1.507,1.50309944,1.50635151,300
2026-03-20 21:15:00+00:00,2026-03-20 21:19:59.999000+00:00,1.50611715,1.51529982,1.5046801,1.51513843,300
2026-03-20 21:20:00+00:00,2026-03-20 21:24:59.999000+00:00,1.51513843,1.516,1.512,1.51243542,300
2026-03-20 21:25:00+00:00,2026-03-20 21:29:59.999000+00:00,1.51228908,1.516,1.512,1.51404372,300
2026-03-20 21:30:00+00:00,2026-03-20 21:34:59.999000+00:00,1.51404372,1.517,1.514,1.5159692,300
2026-03-20 21:35:00+00:00,2026-03-20 21:39:59.999000+00:00,1.51596917,1.519,1.51411105,1.515,300
2026-03-20 21:40:00+00:00,2026-03-20 21:44:59.999000+00:00,1.51439052,1.515,1.50847459,1.509,300
2026-03-20 21:45:00+00:00,2026-03-20 21:49:59.999000+00:00,1.509,1.511,1.50875738,1.51046208,300
2026-03-20 21:50:00+00:00,2026-03-20 21:54:59.999000+00:00,1.51046942,1.512,1.50903519,1.511,300
2026-03-20 21:55:00+00:00,2026-03-20 21:59:59.999000+00:00,1.511,1.51350638,1.51007287,1.5133556,300
2026-03-20 22:00:00+00:00,2026-03-20 22:04:59.999000+00:00,1.51348644,1.523,1.51344981,1.521876,300
2026-03-20 22:05:00+00:00,2026-03-20 22:09:59.999000+00:00,1.52131502,1.523,1.519,1.519,300
2026-03-20 22:10:00+00:00,2026-03-20 22:14:59.999000+00:00,1.519,1.52207551,1.517,1.518,300
2026-03-20 22:15:00+00:00,2026-03-20 22:19:59.999000+00:00,1.518,1.519,1.516,1.517,300
2026-03-20 22:20:00+00:00,2026-03-20 22:24:59.999000+00:00,1.517,1.519,1.516,1.517,300
2026-03-20 22:25:00+00:00,2026-03-20 22:29:59.999000+00:00,1.517,1.517,1.515,1.51551416,300
2026-03-20 22:30:00+00:00,2026-03-20 22:34:59.999000+00:00,1.51551419,1.516,1.51417177,1.51437782,300
2026-03-20 22:35:00+00:00,2026-03-20 22:39:59.999000+00:00,1.515,1.516,1.513,1.5156346,300
2026-03-20 22:40:00+00:00,2026-03-20 22:44:59.999000+00:00,1.5156346,1.516,1.51320567,1.51466928,300
2026-03-20 22:45:00+00:00,2026-03-20 22:49:59.999000+00:00,1.51462541,1.518,1.51401775,1.518,300
2026-03-20 22:50:00+00:00,2026-03-20 22:54:59.999000+00:00,1.51764734,1.52,1.515,1.51520539,300
2026-03-20 22:55:00+00:00,2026-03-20 22:59:59.999000+00:00,1.51520539,1.517,1.51443165,1.51448325,300
2026-03-20 23:00:00+00:00,2026-03-20 23:04:59.999000+00:00,1.51448325,1.515,1.51150954,1.512,300
2026-03-20 23:05:00+00:00,2026-03-20 23:09:59.999000+00:00,1.512,1.512,1.506,1.50649125,300
2026-03-20 23:10:00+00:00,2026-03-20 23:14:59.999000+00:00,1.50649122,1.508,1.50563335,1.50622143,300
2026-03-20 23:15:00+00:00,2026-03-20 23:19:59.999000+00:00,1.50621267,1.507,1.503,1.507,300
2026-03-20 23:20:00+00:00,2026-03-20 23:24:59.999000+00:00,1.507,1.507,1.50433264,1.506,300
2026-03-20 23:25:00+00:00,2026-03-20 23:29:59.999000+00:00,1.506,1.506,1.50175607,1.50332858,300
2026-03-20 23:30:00+00:00,2026-03-20 23:34:59.999000+00:00,1.50332858,1.506,1.50332858,1.504,300
2026-03-20 23:35:00+00:00,2026-03-20 23:39:59.999000+00:00,1.505,1.505,1.502,1.50252737,300
2026-03-20 23:40:00+00:00,2026-03-20 23:44:59.999000+00:00,1.50252465,1.504,1.50101699,1.50129373,300
2026-03-20 23:45:00+00:00,2026-03-20 23:49:59.999000+00:00,1.50129373,1.504,1.501,1.504,300
2026-03-20 23:50:00+00:00,2026-03-20 23:54:59.999000+00:00,1.504,1.505,1.49710007,1.49723629,300
2026-03-20 23:55:00+00:00,2026-03-20 23:59:59.999000+00:00,1.4973002,1.499,1.497,1.4985236,300
2026-03-21 00:00:00+00:00,2026-03-21 00:04:59.999000+00:00,1.4980358,1.50212312,1.498,1.502,300
2026-03-21 00:05:00+00:00,2026-03-21 00:09:59.999000+00:00,1.50103809,1.505,1.501,1.504,300
2026-03-21 00:10:00+00:00,2026-03-21 00:14:59.999000+00:00,1.5037175,1.507,1.5037175,1.50656567,300
2026-03-21 00:15:00+00:00,2026-03-21 00:19:59.999000+00:00,1.50656567,1.508,1.50497714,1.50763451,300
2026-03-21 00:20:00+00:00,2026-03-21 00:24:59.999000+00:00,1.50763451,1.51,1.50664261,1.508,300
2026-03-21 00:25:00+00:00,2026-03-21 00:29:59.999000+00:00,1.508,1.509,1.50730048,1.50730048,300
2026-03-21 00:30:00+00:00,2026-03-21 00:34:59.999000+00:00,1.50731549,1.50816424,1.50440394,1.507,300
2026-03-21 00:35:00+00:00,2026-03-21 00:39:59.999000+00:00,1.50642702,1.508,1.5059773,1.50636004,300
2026-03-21 00:40:00+00:00,2026-03-21 00:44:59.999000+00:00,1.507,1.508,1.50544157,1.50646173,300
2026-03-21 00:45:00+00:00,2026-03-21 00:49:59.999000+00:00,1.507,1.507,1.50423397,1.506,300
2026-03-21 00:50:00+00:00,2026-03-21 00:54:59.999000+00:00,1.506,1.50880832,1.506,1.50746895,300
2026-03-21 00:55:00+00:00,2026-03-21 00:59:59.999000+00:00,1.50746895,1.51,1.50746895,1.50950001,300
2026-03-21 01:00:00+00:00,2026-03-21 01:04:59.999000+00:00,1.51,1.51137685,1.50909865,1.50992168,300
2026-03-21 01:05:00+00:00,2026-03-21 01:09:59.999000+00:00,1.51,1.51212275,1.50992165,1.512,300
2026-03-21 01:10:00+00:00,2026-03-21 01:14:59.999000+00:00,1.51139053,1.512,1.51058613,1.51104089,300
2026-03-21 01:15:00+00:00,2026-03-21 01:19:59.999000+00:00,1.51104089,1.51104089,1.50834831,1.50939797,300
2026-03-21 01:20:00+00:00,2026-03-21 01:24:59.999000+00:00,1.50940711,1.51,1.506,1.506,300
2026-03-21 01:25:00+00:00,2026-03-21 01:29:59.999000+00:00,1.506,1.508,1.50535732,1.506,300
2026-03-21 01:30:00+00:00,2026-03-21 01:34:59.999000+00:00,1.50550001,1.50649243,1.504,1.506,300
2026-03-21 01:35:00+00:00,2026-03-21 01:39:59.999000+00:00,1.50525957,1.508,1.50525879,1.507,300
2026-03-21 01:40:00+00:00,2026-03-21 01:44:59.999000+00:00,1.50634428,1.507,1.50236667,1.50249977,300
2026-03-21 01:45:00+00:00,2026-03-21 01:49:59.999000+00:00,1.503,1.504,1.501,1.503,300
2026-03-21 01:50:00+00:00,2026-03-21 01:54:59.999000+00:00,1.50244376,1.504,1.50100387,1.50100387,300
2026-03-21 01:55:00+00:00,2026-03-21 01:59:59.999000+00:00,1.50100387,1.50436416,1.501,1.5032197,300
2026-03-21 02:00:00+00:00,2026-03-21 02:04:59.999000+00:00,1.5032197,1.504,1.502,1.50346865,300
2026-03-21 02:05:00+00:00,2026-03-21 02:09:59.999000+00:00,1.50351052,1.505,1.503,1.50468489,300
2026-03-21 02:10:00+00:00,2026-03-21 02:14:59.999000+00:00,1.50468489,1.505,1.50344019,1.50347223,300
2026-03-21 02:15:00+00:00,2026-03-21 02:19:59.999000+00:00,1.50347226,1.50620021,1.50347226,1.50538847,300
2026-03-21 02:20:00+00:00,2026-03-21 02:24:59.999000+00:00,1.50538843,1.50700783,1.50538843,1.507,300
2026-03-21 02:25:00+00:00,2026-03-21 02:29:59.999000+00:00,1.507,1.512,1.50653593,1.51104439,300
2026-03-21 02:30:00+00:00,2026-03-21 02:34:59.999000+00:00,1.51085236,1.512,1.50943031,1.511,300
2026-03-21 02:35:00+00:00,2026-03-21 02:39:59.999000+00:00,1.511,1.51155578,1.509,1.51155578,300
2026-03-21 02:40:00+00:00,2026-03-21 02:44:59.999000+00:00,1.51155578,1.514,1.51114115,1.513,300
2026-03-21 02:45:00+00:00,2026-03-21 02:49:59.999000+00:00,1.513,1.514,1.51139077,1.51220397,300
2026-03-21 02:50:00+00:00,2026-03-21 02:54:59.999000+00:00,1.51227549,1.514,1.51101428,1.51305493,300
2026-03-21 02:55:00+00:00,2026-03-21 02:59:59.999000+00:00,1.5130549,1.5130549,1.51041138,1.51152331,300
2026-03-21 03:00:00+00:00,2026-03-21 03:04:59.999000+00:00,1.51153062,1.513,1.50974691,1.51033931,300
2026-03-21 03:05:00+00:00,2026-03-21 03:09:59.999000+00:00,1.51026611,1.51200181,1.51026611,1.51142851,300
2026-03-21 03:10:00+00:00,2026-03-21 03:14:59.999000+00:00,1.512,1.51249158,1.51031217,1.51045266,300
2026-03-21 03:15:00+00:00,2026-03-21 03:19:59.999000+00:00,1.51042342,1.511,1.50842103,1.5086282,300
2026-03-21 03:20:00+00:00,2026-03-21 03:24:59.999000+00:00,1.50862823,1.51007284,1.508,1.50950831,300
2026-03-21 03:25:00+00:00,2026-03-21 03:29:59.999000+00:00,1.50950824,1.51100998,1.50943623,1.511,300
2026-03-21 03:30:00+00:00,2026-03-21 03:34:59.999000+00:00,1.511,1.511,1.50847741,1.50949949,300
2026-03-21 03:35:00+00:00,2026-03-21 03:39:59.999000+00:00,1.51,1.511,1.50808929,1.51079648,300
2026-03-21 03:40:00+00:00,2026-03-21 03:44:59.999000+00:00,1.511,1.51282764,1.51079645,1.51149999,300
2026-03-21 03:45:00+00:00,2026-03-21 03:49:59.999000+00:00,1.512,1.512,1.51027535,1.51151738,300
2026-03-21 03:50:00+00:00,2026-03-21 03:54:59.999000+00:00,1.51152466,1.512,1.51013305,1.511,300
2026-03-21 03:55:00+00:00,2026-03-21 03:59:59.999000+00:00,1.511,1.511,1.51,1.511,300
2026-03-21 04:00:00+00:00,2026-03-21 04:04:59.999000+00:00,1.511,1.51357634,1.51050234,1.51356905,300
2026-03-21 04:05:00+00:00,2026-03-21 04:09:59.999000+00:00,1.51341936,1.51489826,1.51135492,1.512,300
2026-03-21 04:10:00+00:00,2026-03-21 04:14:59.999000+00:00,1.512,1.513,1.51140305,1.5115484,300
2026-03-21 04:15:00+00:00,2026-03-21 04:19:59.999000+00:00,1.5115484,1.51308255,1.51139697,1.51177733,300
2026-03-21 04:20:00+00:00,2026-03-21 04:24:59.999000+00:00,1.51177733,1.51300086,1.5107501,1.513,300
2026-03-21 04:25:00+00:00,2026-03-21 04:29:59.999000+00:00,1.51276749,1.513,1.511,1.511,300
2026-03-21 04:30:00+00:00,2026-03-21 04:34:59.999000+00:00,1.511,1.511,1.50755833,1.50826871,300
2026-03-21 04:35:00+00:00,2026-03-21 04:39:59.999000+00:00,1.50826871,1.509,1.50743244,1.50843459,300
2026-03-21 04:40:00+00:00,2026-03-21 04:44:59.999000+00:00,1.50841995,1.50984483,1.50712977,1.50811223,300
2026-03-21 04:45:00+00:00,2026-03-21 04:49:59.999000+00:00,1.50811223,1.5084731,1.5059966,1.5064435,300
2026-03-21 04:50:00+00:00,2026-03-21 04:54:59.999000+00:00,1.5064435,1.509,1.5064435,1.50849776,300
2026-03-21 04:55:00+00:00,2026-03-21 04:59:59.999000+00:00,1.50849779,1.509,1.50636994,1.50685771,300
2026-03-21 05:00:00+00:00,2026-03-21 05:04:59.999000+00:00,1.50690812,1.51,1.50690812,1.50846101,300
2026-03-21 05:05:00+00:00,2026-03-21 05:09:59.999000+00:00,1.509,1.51104855,1.50801171,1.50880262,300
2026-03-21 05:10:00+00:00,2026-03-21 05:14:59.999000+00:00,1.50880262,1.509,1.5063573,1.50649044,300
2026-03-21 05:15:00+00:00,2026-03-21 05:19:59.999000+00:00,1.50649044,1.509,1.50646543,1.50752302,300
2026-03-21 05:20:00+00:00,2026-03-21 05:24:59.999000+00:00,1.50752305,1.509,1.50700697,1.50722502,300
2026-03-21 05:25:00+00:00,2026-03-21 05:29:59.999000+00:00,1.50722502,1.509,1.50722502,1.508,300
2026-03-21 05:30:00+00:00,2026-03-21 05:34:59.999000+00:00,1.50769527,1.51123852,1.50769527,1.51050035,300
2026-03-21 05:35:00+00:00,2026-03-21 05:39:59.999000+00:00,1.511,1.5123217,1.50911373,1.50914107,300
2026-03-21 05:40:00+00:00,2026-03-21 05:44:59.999000+00:00,1.50914107,1.51,1.50715902,1.50862716,300
2026-03-21 05:45:00+00:00,2026-03-21 05:49:59.999000+00:00,1.5086406,1.5086406,1.507,1.5075112,300
2026-03-21 05:50:00+00:00,2026-03-21 05:54:59.999000+00:00,1.50751123,1.508,1.50648023,1.50752754,300
2026-03-21 05:55:00+00:00,2026-03-21 05:59:59.999000+00:00,1.50752147,1.509,1.50641136,1.508,300
2026-03-21 06:00:00+00:00,2026-03-21 06:04:59.999000+00:00,1.508,1.509,1.50624265,1.507,300
2026-03-21 06:05:00+00:00,2026-03-21 06:09:59.999000+00:00,1.50646739,1.50878933,1.50646739,1.50757543,300
2026-03-21 06:10:00+00:00,2026-03-21 06:14:59.999000+00:00,1.508,1.511,1.507,1.51068964,300
2026-03-21 06:15:00+00:00,2026-03-21 06:19:59.999000+00:00,1.51068964,1.51206286,1.50950008,1.51115876,300
2026-03-21 06:20:00+00:00,2026-03-21 06:24:59.999000+00:00,1.51115876,1.513,1.51,1.513,300
2026-03-21 06:25:00+00:00,2026-03-21 06:29:59.999000+00:00,1.513,1.514,1.512,1.514,300
2026-03-21 06:30:00+00:00,2026-03-21 06:34:59.999000+00:00,1.514,1.51485144,1.51133717,1.5125062,300
2026-03-21 06:35:00+00:00,2026-03-21 06:39:59.999000+00:00,1.5125062,1.51314107,1.5120122,1.51247145,300
2026-03-21 06:40:00+00:00,2026-03-21 06:44:59.999000+00:00,1.51247145,1.51302849,1.512019,1.51230489,300
2026-03-21 06:45:00+00:00,2026-03-21 06:49:59.999000+00:00,1.5124159,1.51270937,1.50911054,1.51007241,300
2026-03-21 06:50:00+00:00,2026-03-21 06:54:59.999000+00:00,1.511,1.511,1.50948526,1.50950575,300
2026-03-21 06:55:00+00:00,2026-03-21 06:59:59.999000+00:00,1.50950575,1.51,1.50834859,1.50850782,300
2026-03-21 07:00:00+00:00,2026-03-21 07:04:59.999000+00:00,1.50850782,1.509,1.5074622,1.509,300
2026-03-21 07:05:00+00:00,2026-03-21 07:09:59.999000+00:00,1.508,1.509,1.50644923,1.508,300
2026-03-21 07:10:00+00:00,2026-03-21 07:14:59.999000+00:00,1.508,1.50902177,1.50750001,1.50881439,300
2026-03-21 07:15:00+00:00,2026-03-21 07:19:59.999000+00:00,1.50881436,1.51,1.50730557,1.509,300
2026-03-21 07:20:00+00:00,2026-03-21 07:24:59.999000+00:00,1.509,1.51,1.50818341,1.5085786,300
2026-03-21 07:25:00+00:00,2026-03-21 07:29:59.999000+00:00,1.50856789,1.51,1.50802342,1.50854089,300
2026-03-21 07:30:00+00:00,2026-03-21 07:34:59.999000+00:00,1.509,1.51,1.508,1.50897584,300
2026-03-21 07:35:00+00:00,2026-03-21 07:39:59.999000+00:00,1.50884939,1.509,1.50716207,1.50750541,300
2026-03-21 07:40:00+00:00,2026-03-21 07:44:59.999000+00:00,1.50750541,1.50802664,1.50701925,1.50702178,300
2026-03-21 07:45:00+00:00,2026-03-21 07:49:59.999000+00:00,1.50653401,1.507,1.502,1.50314,300
2026-03-21 07:50:00+00:00,2026-03-21 07:54:59.999000+00:00,1.50324857,1.504,1.50032412,1.502,300
2026-03-21 07:55:00+00:00,2026-03-21 07:59:59.999000+00:00,1.50238336,1.503,1.50032772,1.501,300
2026-03-21 08:00:00+00:00,2026-03-21 08:04:59.999000+00:00,1.501,1.502,1.49632262,1.49632262,300
2026-03-21 08:05:00+00:00,2026-03-21 08:09:59.999000+00:00,1.49624906,1.497,1.49006279,1.491,300
2026-03-21 08:10:00+00:00,2026-03-21 08:14:59.999000+00:00,1.491,1.497,1.491,1.49654538,300
2026-03-21 08:15:00+00:00,2026-03-21 08:19:59.999000+00:00,1.49664896,1.49820433,1.4954106,1.49820433,300
2026-03-21 08:20:00+00:00,2026-03-21 08:24:59.999000+00:00,1.49820433,1.499,1.49724235,1.499,300
2026-03-21 08:25:00+00:00,2026-03-21 08:29:59.999000+00:00,1.49832624,1.499,1.495,1.496,300
2026-03-21 08:30:00+00:00,2026-03-21 08:34:59.999000+00:00,1.49550757,1.49698597,1.49444315,1.496,300
2026-03-21 08:35:00+00:00,2026-03-21 08:39:59.999000+00:00,1.496,1.497,1.49524071,1.49643525,300
2026-03-21 08:40:00+00:00,2026-03-21 08:44:59.999000+00:00,1.497,1.5,1.49648193,1.49940182,300
2026-03-21 08:45:00+00:00,2026-03-21 08:49:59.999000+00:00,1.5,1.501,1.49939361,1.50050614,300
2026-03-21 08:50:00+00:00,2026-03-21 08:54:59.999000+00:00,1.50050617,1.502,1.5003307,1.50063928,300
2026-03-21 08:55:00+00:00,2026-03-21 08:59:59.999000+00:00,1.50063928,1.501,1.499,1.49971095,300
2026-03-21 09:00:00+00:00,2026-03-21 09:04:59.999000+00:00,1.49971095,1.50516193,1.49859862,1.50516193,300
2026-03-21 09:05:00+00:00,2026-03-21 09:09:59.999000+00:00,1.505,1.5068213,1.50452258,1.50452989,300
2026-03-21 09:10:00+00:00,2026-03-21 09:14:59.999000+00:00,1.50452986,1.505,1.503,1.50343286,300
2026-03-21 09:15:00+00:00,2026-03-21 09:19:59.999000+00:00,1.50343282,1.504,1.498,1.499,300
2026-03-21 09:20:00+00:00,2026-03-21 09:24:59.999000+00:00,1.5,1.50125503,1.49942465,1.50103779,300
2026-03-21 09:25:00+00:00,2026-03-21 09:29:59.999000+00:00,1.50103782,1.50103782,1.4980142,1.49812311,300
2026-03-21 09:30:00+00:00,2026-03-21 09:34:59.999000+00:00,1.49805725,1.49832431,1.49592754,1.49652027,300
2026-03-21 09:35:00+00:00,2026-03-21 09:39:59.999000+00:00,1.49652027,1.497,1.49515586,1.49556313,300
2026-03-21 09:40:00+00:00,2026-03-21 09:44:59.999000+00:00,1.49605091,1.49605091,1.49367896,1.49484128,300
2026-03-21 09:45:00+00:00,2026-03-21 09:49:59.999000+00:00,1.49484128,1.496,1.4935078,1.49556794,300
2026-03-21 09:50:00+00:00,2026-03-21 09:54:59.999000+00:00,1.496,1.49615008,1.493,1.49349449,300
2026-03-21 09:55:00+00:00,2026-03-21 09:59:59.999000+00:00,1.49349449,1.494,1.48972891,1.48972891,300
2026-03-21 10:00:00+00:00,2026-03-21 10:04:59.999000+00:00,1.48972891,1.491,1.48835105,1.491,300
2026-03-21 10:05:00+00:00,2026-03-21 10:09:59.999000+00:00,1.491,1.49114847,1.4880596,1.48951995,300
2026-03-21 10:10:00+00:00,2026-03-21 10:14:59.999000+00:00,1.48950342,1.49,1.486,1.48832144,300
2026-03-21 10:15:00+00:00,2026-03-21 10:19:59.999000+00:00,1.48832144,1.49,1.48492819,1.48546876,300
2026-03-21 10:20:00+00:00,2026-03-21 10:24:59.999000+00:00,1.48546876,1.488,1.485,1.48652487,300
2026-03-21 10:25:00+00:00,2026-03-21 10:29:59.999000+00:00,1.4865249,1.487,1.485,1.485,300
2026-03-21 10:30:00+00:00,2026-03-21 10:34:59.999000+00:00,1.485,1.48801272,1.485,1.48743098,300
2026-03-21 10:35:00+00:00,2026-03-21 10:39:59.999000+00:00,1.48743095,1.491,1.48743095,1.49052681,300
2026-03-21 10:40:00+00:00,2026-03-21 10:44:59.999000+00:00,1.49052685,1.49289248,1.49047242,1.49202962,300
2026-03-21 10:45:00+00:00,2026-03-21 10:49:59.999000+00:00,1.49202962,1.49220367,1.491,1.49149221,300
2026-03-21 10:50:00+00:00,2026-03-21 10:54:59.999000+00:00,1.49149221,1.495,1.49146953,1.49355766,300
2026-03-21 10:55:00+00:00,2026-03-21 10:59:59.999000+00:00,1.49355766,1.494,1.49249944,1.49361669,300
2026-03-21 11:00:00+00:00,2026-03-21 11:04:59.999000+00:00,1.49361666,1.49400346,1.492,1.49343683,300
2026-03-21 11:05:00+00:00,2026-03-21 11:09:59.999000+00:00,1.49344415,1.494,1.49140976,1.493,300
2026-03-21 11:10:00+00:00,2026-03-21 11:14:59.999000+00:00,1.493,1.49302262,1.49138323,1.4914976,300
2026-03-21 11:15:00+00:00,2026-03-21 11:19:59.999000+00:00,1.4914976,1.492,1.491,1.49107408,300
2026-03-21 11:20:00+00:00,2026-03-21 11:24:59.999000+00:00,1.49107408,1.494,1.4910618,1.49213555,300
2026-03-21 11:25:00+00:00,2026-03-21 11:29:59.999000+00:00,1.49213555,1.493,1.49059332,1.491,300
2026-03-21 11:30:00+00:00,2026-03-21 11:34:59.999000+00:00,1.491,1.491,1.49021371,1.49054197,300
2026-03-21 11:35:00+00:00,2026-03-21 11:39:59.999000+00:00,1.49043862,1.493,1.48949328,1.49242278,300
2026-03-21 11:40:00+00:00,2026-03-21 11:44:59.999000+00:00,1.49242278,1.49310051,1.49,1.49042681,300
2026-03-21 11:45:00+00:00,2026-03-21 11:49:59.999000+00:00,1.49042684,1.492,1.49036584,1.49050706,300
2026-03-21 11:50:00+00:00,2026-03-21 11:54:59.999000+00:00,1.491,1.491,1.488,1.48894165,300
2026-03-21 11:55:00+00:00,2026-03-21 11:59:59.999000+00:00,1.48894161,1.491,1.48849803,1.48966172,300
2026-03-21 12:00:00+00:00,2026-03-21 12:04:59.999000+00:00,1.4895936,1.493,1.4890629,1.493,300
2026-03-21 12:05:00+00:00,2026-03-21 12:09:59.999000+00:00,1.492,1.493,1.49,1.49169186,300
2026-03-21 12:10:00+00:00,2026-03-21 12:14:59.999000+00:00,1.492,1.4920093,1.49101218,1.49115855,300
2026-03-21 12:15:00+00:00,2026-03-21 12:19:59.999000+00:00,1.49115852,1.492,1.49047822,1.491318,300
2026-03-21 12:20:00+00:00,2026-03-21 12:24:59.999000+00:00,1.491318,1.494,1.49104997,1.49253413,300
2026-03-21 12:25:00+00:00,2026-03-21 12:29:59.999000+00:00,1.49253413,1.494,1.49,1.49053317,300
2026-03-21 12:30:00+00:00,2026-03-21 12:34:59.999000+00:00,1.491,1.491,1.488,1.48948167,300
2026-03-21 12:35:00+00:00,2026-03-21 12:39:59.999000+00:00,1.48949306,1.494,1.48948912,1.494,300
2026-03-21 12:40:00+00:00,2026-03-21 12:44:59.999000+00:00,1.494,1.494,1.492,1.49257207,300
2026-03-21 12:45:00+00:00,2026-03-21 12:49:59.999000+00:00,1.49257207,1.49257207,1.48941291,1.49037226,300
2026-03-21 12:50:00+00:00,2026-03-21 12:54:59.999000+00:00,1.48981132,1.491,1.489,1.4904927,300
2026-03-21 12:55:00+00:00,2026-03-21 12:59:59.999000+00:00,1.49049273,1.491,1.49000782,1.49050001,300
2026-03-21 13:00:00+00:00,2026-03-21 13:04:59.999000+00:00,1.49050001,1.49209805,1.49042138,1.49108393,300
2026-03-21 13:05:00+00:00,2026-03-21 13:09:59.999000+00:00,1.49119994,1.492,1.49,1.492,300
2026-03-21 13:10:00+00:00,2026-03-21 13:14:59.999000+00:00,1.492,1.493,1.491,1.49105039,300
2026-03-21 13:15:00+00:00,2026-03-21 13:19:59.999000+00:00,1.49105042,1.492,1.49,1.49150724,300
2026-03-21 13:20:00+00:00,2026-03-21 13:24:59.999000+00:00,1.49149993,1.492,1.489,1.49051355,300
2026-03-21 13:25:00+00:00,2026-03-21 13:29:59.999000+00:00,1.49051355,1.492,1.48878113,1.48878113,300
2026-03-21 13:30:00+00:00,2026-03-21 13:34:59.999000+00:00,1.48876141,1.49,1.48629055,1.48836868,300
2026-03-21 13:35:00+00:00,2026-03-21 13:39:59.999000+00:00,1.48836868,1.489,1.48527402,1.48537164,300
2026-03-21 13:40:00+00:00,2026-03-21 13:44:59.999000+00:00,1.486,1.488,1.48534788,1.48665273,300
2026-03-21 13:45:00+00:00,2026-03-21 13:49:59.999000+00:00,1.48652837,1.487,1.484,1.48557694,300
2026-03-21 13:50:00+00:00,2026-03-21 13:54:59.999000+00:00,1.48557694,1.488,1.48408489,1.48777839,300
2026-03-21 13:55:00+00:00,2026-03-21 13:59:59.999000+00:00,1.488,1.49,1.48643679,1.48749925,300
2026-03-21 14:00:00+00:00,2026-03-21 14:04:59.999000+00:00,1.48755044,1.49,1.48755044,1.48891684,300
2026-03-21 14:05:00+00:00,2026-03-21 14:09:59.999000+00:00,1.489,1.491,1.48861349,1.48951148,300
2026-03-21 14:10:00+00:00,2026-03-21 14:14:59.999000+00:00,1.48951148,1.49741197,1.48946777,1.495,300
2026-03-21 14:15:00+00:00,2026-03-21 14:19:59.999000+00:00,1.49601432,1.497,1.49109279,1.49538849,300
2026-03-21 14:20:00+00:00,2026-03-21 14:24:59.999000+00:00,1.49540119,1.49540119,1.4933446,1.494,300
2026-03-21 14:25:00+00:00,2026-03-21 14:29:59.999000+00:00,1.4936199,1.494,1.492,1.49259608,300
2026-03-21 14:30:00+00:00,2026-03-21 14:34:59.999000+00:00,1.49258145,1.49511606,1.4923154,1.49492755,300
2026-03-21 14:35:00+00:00,2026-03-21 14:39:59.999000+00:00,1.49492755,1.496,1.491,1.492,300
2026-03-21 14:40:00+00:00,2026-03-21 14:44:59.999000+00:00,1.492,1.494,1.491,1.493,300
2026-03-21 14:45:00+00:00,2026-03-21 14:49:59.999000+00:00,1.493,1.494,1.48813326,1.489,300
2026-03-21 14:50:00+00:00,2026-03-21 14:54:59.999000+00:00,1.489,1.491,1.488,1.48930593,300
2026-03-21 14:55:00+00:00,2026-03-21 14:59:59.999000+00:00,1.48933897,1.49,1.48742066,1.488,300
2026-03-21 15:00:00+00:00,2026-03-21 15:04:59.999000+00:00,1.48813208,1.489,1.48662015,1.48861003,300
2026-03-21 15:05:00+00:00,2026-03-21 15:09:59.999000+00:00,1.48857361,1.49,1.48704647,1.48952535,300
2026-03-21 15:10:00+00:00,2026-03-21 15:14:59.999000+00:00,1.4899835,1.4899835,1.48804876,1.48951851,300
2026-03-21 15:15:00+00:00,2026-03-21 15:19:59.999000+00:00,1.48952896,1.49003715,1.48811442,1.4895878,300
2026-03-21 15:20:00+00:00,2026-03-21 15:24:59.999000+00:00,1.49,1.49237974,1.49,1.49237974,300
2026-03-21 15:25:00+00:00,2026-03-21 15:29:59.999000+00:00,1.49237974,1.49460083,1.49143526,1.49460083,300
2026-03-21 15:30:00+00:00,2026-03-21 15:34:59.999000+00:00,1.49460083,1.5,1.49460083,1.5,300
2026-03-21 15:35:00+00:00,2026-03-21 15:39:59.999000+00:00,1.49963546,1.50110795,1.49836914,1.49957836,300
2026-03-21 15:40:00+00:00,2026-03-21 15:44:59.999000+00:00,1.49957836,1.5,1.49641291,1.49642498,300
2026-03-21 15:45:00+00:00,2026-03-21 15:49:59.999000+00:00,1.497,1.49969356,1.49627408,1.49969356,300
2026-03-21 15:50:00+00:00,2026-03-21 15:54:59.999000+00:00,1.49969359,1.50605172,1.49903749,1.506,300
2026-03-21 15:55:00+00:00,2026-03-21 15:59:59.999000+00:00,1.50545811,1.50803089,1.50373912,1.50605746,300
2026-03-21 16:00:00+00:00,2026-03-21 16:04:59.999000+00:00,1.507,1.50765274,1.505,1.50542913,300
2026-03-21 16:05:00+00:00,2026-03-21 16:09:59.999000+00:00,1.506,1.507,1.504,1.506,300
2026-03-21 16:10:00+00:00,2026-03-21 16:14:59.999000+00:00,1.506,1.507,1.50518052,1.506,300
2026-03-21 16:15:00+00:00,2026-03-21 16:19:59.999000+00:00,1.506,1.506,1.501,1.502,300
2026-03-21 16:20:00+00:00,2026-03-21 16:24:59.999000+00:00,1.502,1.503,1.502,1.503,300
2026-03-21 16:25:00+00:00,2026-03-21 16:29:59.999000+00:00,1.503,1.50470664,1.50137965,1.50337236,300
2026-03-21 16:30:00+00:00,2026-03-21 16:34:59.999000+00:00,1.50337236,1.50409145,1.502,1.50370727,300
2026-03-21 16:35:00+00:00,2026-03-21 16:39:59.999000+00:00,1.50370727,1.50804806,1.50244759,1.507,300
2026-03-21 16:40:00+00:00,2026-03-21 16:44:59.999000+00:00,1.5069146,1.50694977,1.5024059,1.50578088,300
2026-03-21 16:45:00+00:00,2026-03-21 16:49:59.999000+00:00,1.50556945,1.506,1.5024826,1.503,300
2026-03-21 16:50:00+00:00,2026-03-21 16:54:59.999000+00:00,1.50276285,1.503,1.5,1.5001795,300
2026-03-21 16:55:00+00:00,2026-03-21 16:59:59.999000+00:00,1.5001795,1.501,1.498,1.5,300
2026-03-21 17:00:00+00:00,2026-03-21 17:04:59.999000+00:00,1.49952661,1.501,1.49923232,1.50049501,300
2026-03-21 17:05:00+00:00,2026-03-21 17:09:59.999000+00:00,1.50088632,1.50089684,1.496,1.49730912,300
2026-03-21 17:10:00+00:00,2026-03-21 17:14:59.999000+00:00,1.49730909,1.498,1.497,1.49748642,300
2026-03-21 17:15:00+00:00,2026-03-21 17:19:59.999000+00:00,1.49749158,1.498,1.4956383,1.497,300
2026-03-21 17:20:00+00:00,2026-03-21 17:24:59.999000+00:00,1.49647675,1.498,1.49552843,1.498,300
2026-03-21 17:25:00+00:00,2026-03-21 17:29:59.999000+00:00,1.49712037,1.49876282,1.49708726,1.49747075,300
2026-03-21 17:30:00+00:00,2026-03-21 17:34:59.999000+00:00,1.49747075,1.49892823,1.497,1.49748863,300
2026-03-21 17:35:00+00:00,2026-03-21 17:39:59.999000+00:00,1.49748863,1.4991192,1.49742579,1.4991192,300
2026-03-21 17:40:00+00:00,2026-03-21 17:44:59.999000+00:00,1.4991192,1.50162617,1.4991192,1.501,300
2026-03-21 17:45:00+00:00,2026-03-21 17:49:59.999000+00:00,1.501,1.501,1.49822386,1.49903409,300
2026-03-21 17:50:00+00:00,2026-03-21 17:54:59.999000+00:00,1.49903409,1.49945623,1.49716628,1.49900176,300
2026-03-21 17:55:00+00:00,2026-03-21 17:59:59.999000+00:00,1.49900176,1.50120923,1.49889236,1.49889236,300
2026-03-21 18:00:00+00:00,2026-03-21 18:04:59.999000+00:00,1.49894479,1.49908577,1.49738545,1.498,300
2026-03-21 18:05:00+00:00,2026-03-21 18:09:59.999000+00:00,1.498,1.499,1.49721545,1.499,300
2026-03-21 18:10:00+00:00,2026-03-21 18:14:59.999000+00:00,1.49857199,1.50054735,1.49834423,1.49970932,300
2026-03-21 18:15:00+00:00,2026-03-21 18:19:59.999000+00:00,1.49970932,1.5,1.49849062,1.5,300
2026-03-21 18:20:00+00:00,2026-03-21 18:24:59.999000+00:00,1.5,1.50001466,1.498,1.49813404,300
2026-03-21 18:25:00+00:00,2026-03-21 18:29:59.999000+00:00,1.4980411,1.4980411,1.496,1.498,300
2026-03-21 18:30:00+00:00,2026-03-21 18:34:59.999000+00:00,1.498,1.5,1.49708536,1.499,300
2026-03-21 18:35:00+00:00,2026-03-21 18:39:59.999000+00:00,1.499,1.4999015,1.495,1.49683005,300
2026-03-21 18:40:00+00:00,2026-03-21 18:44:59.999000+00:00,1.497,1.497,1.49600608,1.49672011,300
2026-03-21 18:45:00+00:00,2026-03-21 18:49:59.999000+00:00,1.49672011,1.497715,1.49634207,1.49649148,300
2026-03-21 18:50:00+00:00,2026-03-21 18:54:59.999000+00:00,1.49649148,1.497,1.49416315,1.49453251,300
2026-03-21 18:55:00+00:00,2026-03-21 18:59:59.999000+00:00,1.49453251,1.496,1.49413508,1.49430765,300
2026-03-21 19:00:00+00:00,2026-03-21 19:04:59.999000+00:00,1.49425226,1.49502634,1.49411547,1.495,300
2026-03-21 19:05:00+00:00,2026-03-21 19:09:59.999000+00:00,1.495,1.495,1.492,1.49226257,300
2026-03-21 19:10:00+00:00,2026-03-21 19:14:59.999000+00:00,1.4923869,1.493,1.49235364,1.49250977,300
2026-03-21 19:15:00+00:00,2026-03-21 19:19:59.999000+00:00,1.49253904,1.49382894,1.491,1.49250001,300
2026-03-21 19:20:00+00:00,2026-03-21 19:24:59.999000+00:00,1.49250001,1.494,1.492,1.494,300
2026-03-21 19:25:00+00:00,2026-03-21 19:29:59.999000+00:00,1.494,1.49505432,1.49345304,1.49446163,300
2026-03-21 19:30:00+00:00,2026-03-21 19:34:59.999000+00:00,1.49446163,1.496,1.492,1.493,300
2026-03-21 19:35:00+00:00,2026-03-21 19:39:59.999000+00:00,1.493,1.49303025,1.49078215,1.49078215,300
2026-03-21 19:40:00+00:00,2026-03-21 19:44:59.999000+00:00,1.491,1.492,1.49040407,1.49185239,300
2026-03-21 19:45:00+00:00,2026-03-21 19:49:59.999000+00:00,1.49185239,1.495,1.49157381,1.493,300
2026-03-21 19:50:00+00:00,2026-03-21 19:54:59.999000+00:00,1.493,1.495,1.492,1.49484039,300
2026-03-21 19:55:00+00:00,2026-03-21 19:59:59.999000+00:00,1.49471006,1.495,1.49239994,1.493,300
2026-03-21 20:00:00+00:00,2026-03-21 20:04:59.999000+00:00,1.493,1.494,1.49146651,1.49244539,300
2026-03-21 20:05:00+00:00,2026-03-21 20:09:59.999000+00:00,1.49248539,1.49248539,1.4904634,1.492,300
2026-03-21 20:10:00+00:00,2026-03-21 20:14:59.999000+00:00,1.492,1.495,1.49160417,1.49345092,300
2026-03-21 20:15:00+00:00,2026-03-21 20:19:59.999000+00:00,1.49340916,1.494,1.491,1.49353304,300
2026-03-21 20:20:00+00:00,2026-03-21 20:24:59.999000+00:00,1.49353307,1.496,1.49348222,1.49469182,300
2026-03-21 20:25:00+00:00,2026-03-21 20:29:59.999000+00:00,1.49469182,1.497,1.4940271,1.49654373,300
2026-03-21 20:30:00+00:00,2026-03-21 20:34:59.999000+00:00,1.49654373,1.49802879,1.496,1.497,300
2026-03-21 20:35:00+00:00,2026-03-21 20:39:59.999000+00:00,1.49615185,1.498,1.496,1.49737486,300
2026-03-21 20:40:00+00:00,2026-03-21 20:44:59.999000+00:00,1.49741058,1.499,1.49733718,1.49877375,300
2026-03-21 20:45:00+00:00,2026-03-21 20:49:59.999000+00:00,1.498,1.5,1.498,1.49941229,300
2026-03-21 20:50:00+00:00,2026-03-21 20:54:59.999000+00:00,1.4993136,1.5,1.49846308,1.49999746,300
2026-03-21 20:55:00+00:00,2026-03-21 20:59:59.999000+00:00,1.49999746,1.50007642,1.49948243,1.49949807,300
2026-03-21 21:00:00+00:00,2026-03-21 21:04:59.999000+00:00,1.49949803,1.502,1.49949803,1.501,300
2026-03-21 21:05:00+00:00,2026-03-21 21:09:59.999000+00:00,1.501,1.502,1.50046636,1.50101136,300
2026-03-21 21:10:00+00:00,2026-03-21 21:14:59.999000+00:00,1.501,1.502,1.49805228,1.49909939,300
2026-03-21 21:15:00+00:00,2026-03-21 21:19:59.999000+00:00,1.49909936,1.49909936,1.4950078,1.49649563,300
2026-03-21 21:20:00+00:00,2026-03-21 21:24:59.999000+00:00,1.49649563,1.49756635,1.49502123,1.49678335,300
2026-03-21 21:25:00+00:00,2026-03-21 21:29:59.999000+00:00,1.49678335,1.498,1.49535574,1.49606684,300
2026-03-21 21:30:00+00:00,2026-03-21 21:34:59.999000+00:00,1.49598869,1.49600927,1.494,1.495,300
2026-03-21 21:35:00+00:00,2026-03-21 21:39:59.999000+00:00,1.495,1.49624041,1.49409879,1.49598801,300
2026-03-21 21:40:00+00:00,2026-03-21 21:44:59.999000+00:00,1.49587053,1.49708335,1.495,1.495,300
2026-03-21 21:45:00+00:00,2026-03-21 21:49:59.999000+00:00,1.496,1.497,1.494,1.49608186,300
2026-03-21 21:50:00+00:00,2026-03-21 21:54:59.999000+00:00,1.49608186,1.49608186,1.49299835,1.49462466,300
2026-03-21 21:55:00+00:00,2026-03-21 21:59:59.999000+00:00,1.49462466,1.496,1.49412457,1.49552219,300
2026-03-21 22:00:00+00:00,2026-03-21 22:04:59.999000+00:00,1.49548353,1.496,1.492,1.495,300
2026-03-21 22:05:00+00:00,2026-03-21 22:09:59.999000+00:00,1.495,1.49551218,1.493,1.49321572,300
2026-03-21 22:10:00+00:00,2026-03-21 22:14:59.999000+00:00,1.49317182,1.49600294,1.49317182,1.49594658,300
2026-03-21 22:15:00+00:00,2026-03-21 22:19:59.999000+00:00,1.496,1.496,1.49443257,1.4953864,300
2026-03-21 22:20:00+00:00,2026-03-21 22:24:59.999000+00:00,1.49538637,1.496,1.49413738,1.495,300
2026-03-21 22:25:00+00:00,2026-03-21 22:29:59.999000+00:00,1.495,1.49598227,1.49401843,1.49519999,300
2026-03-21 22:30:00+00:00,2026-03-21 22:34:59.999000+00:00,1.49520002,1.498,1.4944051,1.497,300
2026-03-21 22:35:00+00:00,2026-03-21 22:39:59.999000+00:00,1.497,1.49915132,1.4962317,1.4962317,300
2026-03-21 22:40:00+00:00,2026-03-21 22:44:59.999000+00:00,1.49623173,1.497,1.49436827,1.4943683,300
2026-03-21 22:45:00+00:00,2026-03-21 22:49:59.999000+00:00,1.49440001,1.496,1.49348045,1.496,300
2026-03-21 22:50:00+00:00,2026-03-21 22:54:59.999000+00:00,1.496,1.496,1.492,1.49416338,300
2026-03-21 22:55:00+00:00,2026-03-21 22:59:59.999000+00:00,1.49401276,1.49515602,1.49346985,1.49441386,300
2026-03-21 23:00:00+00:00,2026-03-21 23:04:59.999000+00:00,1.49441386,1.495,1.49331097,1.4945348,300
2026-03-21 23:05:00+00:00,2026-03-21 23:09:59.999000+00:00,1.49452736,1.49557595,1.49400932,1.49493981,300
2026-03-21 23:10:00+00:00,2026-03-21 23:14:59.999000+00:00,1.49443516,1.49459517,1.493,1.49443992,300
2026-03-21 23:15:00+00:00,2026-03-21 23:19:59.999000+00:00,1.49443992,1.49611448,1.4934673,1.49599243,300
2026-03-21 23:20:00+00:00,2026-03-21 23:24:59.999000+00:00,1.49593837,1.49624603,1.49368344,1.494,300
2026-03-21 23:25:00+00:00,2026-03-21 23:29:59.999000+00:00,1.49367268,1.49367268,1.491,1.49156719,300
2026-03-21 23:30:00+00:00,2026-03-21 23:34:59.999000+00:00,1.49156716,1.49201114,1.49,1.49150896,300
2026-03-21 23:35:00+00:00,2026-03-21 23:39:59.999000+00:00,1.49150899,1.493,1.49103621,1.49210677,300
2026-03-21 23:40:00+00:00,2026-03-21 23:44:59.999000+00:00,1.49208347,1.49416645,1.49122523,1.49339901,300
2026-03-21 23:45:00+00:00,2026-03-21 23:49:59.999000+00:00,1.49341937,1.494,1.48222574,1.48448326,300
2026-03-21 23:50:00+00:00,2026-03-21 23:54:59.999000+00:00,1.48442788,1.48516524,1.45907765,1.4711442,300
2026-03-21 23:55:00+00:00,2026-03-21 23:59:59.999000+00:00,1.47115509,1.473,1.457,1.46620292,300
2026-03-22 00:00:00+00:00,2026-03-22 00:04:59.999000+00:00,1.46620292,1.46620292,1.44336008,1.44623054,300
2026-03-22 00:05:00+00:00,2026-03-22 00:09:59.999000+00:00,1.447,1.464,1.44234745,1.46,300
2026-03-22 00:10:00+00:00,2026-03-22 00:14:59.999000+00:00,1.46,1.46201693,1.451,1.4535228,300
2026-03-22 00:15:00+00:00,2026-03-22 00:19:59.999000+00:00,1.45352611,1.464,1.45262507,1.46115129,300
2026-03-22 00:20:00+00:00,2026-03-22 00:24:59.999000+00:00,1.46107149,1.46107149,1.45380708,1.458,300
2026-03-22 00:25:00+00:00,2026-03-22 00:29:59.999000+00:00,1.458,1.463,1.45453,1.46257305,300
2026-03-22 00:30:00+00:00,2026-03-22 00:34:59.999000+00:00,1.46260966,1.46733122,1.46251647,1.4666899,300
2026-03-22 00:35:00+00:00,2026-03-22 00:39:59.999000+00:00,1.46668993,1.469,1.46473366,1.46555029,300
2026-03-22 00:40:00+00:00,2026-03-22 00:44:59.999000+00:00,1.46556649,1.47,1.46321193,1.469,300
2026-03-22 00:45:00+00:00,2026-03-22 00:49:59.999000+00:00,1.469,1.472,1.46610676,1.469,300
2026-03-22 00:50:00+00:00,2026-03-22 00:54:59.999000+00:00,1.46821453,1.46821453,1.459,1.46101744,300
2026-03-22 00:55:00+00:00,2026-03-22 00:59:59.999000+00:00,1.46100278,1.465,1.45956607,1.464,300
2026-03-22 01:00:00+00:00,2026-03-22 01:04:59.999000+00:00,1.4637764,1.470434,1.46355181,1.4694086,300
2026-03-22 01:05:00+00:00,2026-03-22 01:09:59.999000+00:00,1.46938967,1.4703119,1.46623518,1.46623518,300
2026-03-22 01:10:00+00:00,2026-03-22 01:14:59.999000+00:00,1.46623518,1.47,1.465,1.46910413,300
2026-03-22 01:15:00+00:00,2026-03-22 01:19:59.999000+00:00,1.46908498,1.47,1.46619998,1.47,300
2026-03-22 01:20:00+00:00,2026-03-22 01:24:59.999000+00:00,1.47,1.47,1.46548287,1.46548287,300
2026-03-22 01:25:00+00:00,2026-03-22 01:29:59.999000+00:00,1.46548287,1.46601906,1.46401417,1.46448166,300
2026-03-22 01:30:00+00:00,2026-03-22 01:34:59.999000+00:00,1.465,1.468,1.46352415,1.46628151,300
2026-03-22 01:35:00+00:00,2026-03-22 01:39:59.999000+00:00,1.46625252,1.46625252,1.458,1.4586367,300
2026-03-22 01:40:00+00:00,2026-03-22 01:44:59.999000+00:00,1.45863667,1.46235781,1.45849331,1.46055017,300
2026-03-22 01:45:00+00:00,2026-03-22 01:49:59.999000+00:00,1.461,1.46403181,1.4605553,1.46301192,300
2026-03-22 01:50:00+00:00,2026-03-22 01:54:59.999000+00:00,1.46301192,1.464,1.45907877,1.46149874,300
2026-03-22 01:55:00+00:00,2026-03-22 01:59:59.999000+00:00,1.46149874,1.463,1.46054386,1.46253182,300
2026-03-22 02:00:00+00:00,2026-03-22 02:04:59.999000+00:00,1.46256111,1.466,1.46252084,1.466,300
2026-03-22 02:05:00+00:00,2026-03-22 02:09:59.999000+00:00,1.466,1.46619903,1.46227035,1.46263566,300
2026-03-22 02:10:00+00:00,2026-03-22 02:14:59.999000+00:00,1.46263566,1.467,1.462,1.46629491,300
2026-03-22 02:15:00+00:00,2026-03-22 02:19:59.999000+00:00,1.46629491,1.468,1.46460383,1.46588033,300
2026-03-22 02:20:00+00:00,2026-03-22 02:24:59.999000+00:00,1.46539255,1.46733567,1.464,1.46653053,300
2026-03-22 02:25:00+00:00,2026-03-22 02:29:59.999000+00:00,1.4665305,1.47846266,1.46625863,1.47607678,300
2026-03-22 02:30:00+00:00,2026-03-22 02:34:59.999000+00:00,1.47607678,1.477,1.46929748,1.47201832,300
2026-03-22 02:35:00+00:00,2026-03-22 02:39:59.999000+00:00,1.47201832,1.47201832,1.46827955,1.46891913,300
2026-03-22 02:40:00+00:00,2026-03-22 02:44:59.999000+00:00,1.469,1.47091239,1.468,1.46971946,300
2026-03-22 02:45:00+00:00,2026-03-22 02:49:59.999000+00:00,1.46971946,1.472,1.46904051,1.471,300
2026-03-22 02:50:00+00:00,2026-03-22 02:54:59.999000+00:00,1.471,1.47232247,1.46985245,1.47232247,300
2026-03-22 02:55:00+00:00,2026-03-22 02:59:59.999000+00:00,1.473,1.474,1.47024458,1.47024458,300
2026-03-22 03:00:00+00:00,2026-03-22 03:04:59.999000+00:00,1.47024458,1.47024458,1.46643574,1.467,300
2026-03-22 03:05:00+00:00,2026-03-22 03:09:59.999000+00:00,1.467,1.47002707,1.4668461,1.469,300
2026-03-22 03:10:00+00:00,2026-03-22 03:14:59.999000+00:00,1.4684629,1.47208267,1.4684629,1.471,300
2026-03-22 03:15:00+00:00,2026-03-22 03:19:59.999000+00:00,1.471,1.473,1.46905152,1.473,300
2026-03-22 03:20:00+00:00,2026-03-22 03:24:59.999000+00:00,1.473,1.473,1.47,1.472,300
2026-03-22 03:25:00+00:00,2026-03-22 03:29:59.999000+00:00,1.472,1.479,1.47,1.4764064,300
2026-03-22 03:30:00+00:00,2026-03-22 03:34:59.999000+00:00,1.47641375,1.47899246,1.47373065,1.47638987,300
2026-03-22 03:35:00+00:00,2026-03-22 03:39:59.999000+00:00,1.47638987,1.482,1.47585994,1.47710596,300
2026-03-22 03:40:00+00:00,2026-03-22 03:44:59.999000+00:00,1.478,1.478,1.47315749,1.475,300
2026-03-22 03:45:00+00:00,2026-03-22 03:49:59.999000+00:00,1.47452144,1.476,1.472,1.473,300
2026-03-22 03:50:00+00:00,2026-03-22 03:54:59.999000+00:00,1.473,1.47341536,1.4705383,1.47144001,300
2026-03-22 03:55:00+00:00,2026-03-22 03:59:59.999000+00:00,1.47144001,1.472,1.47,1.47050177,300
2026-03-22 04:00:00+00:00,2026-03-22 04:04:59.999000+00:00,1.47050177,1.47516977,1.46941815,1.47443795,300
2026-03-22 04:05:00+00:00,2026-03-22 04:09:59.999000+00:00,1.47443795,1.476,1.47376882,1.474,300
2026-03-22 04:10:00+00:00,2026-03-22 04:14:59.999000+00:00,1.47359122,1.475,1.47171236,1.474,300
2026-03-22 04:15:00+00:00,2026-03-22 04:19:59.999000+00:00,1.474,1.47923921,1.473,1.47510444,300
2026-03-22 04:20:00+00:00,2026-03-22 04:24:59.999000+00:00,1.47510444,1.47510444,1.46880345,1.47104278,300
2026-03-22 04:25:00+00:00,2026-03-22 04:29:59.999000+00:00,1.4710501,1.47125751,1.46848551,1.46951759,300
2026-03-22 04:30:00+00:00,2026-03-22 04:34:59.999000+00:00,1.46951762,1.473,1.46818012,1.473,300
2026-03-22 04:35:00+00:00,2026-03-22 04:39:59.999000+00:00,1.473,1.475,1.47157733,1.47354683,300
2026-03-22 04:40:00+00:00,2026-03-22 04:44:59.999000+00:00,1.47354683,1.47406544,1.472,1.47368836,300
2026-03-22 04:45:00+00:00,2026-03-22 04:49:59.999000+00:00,1.47368836,1.47640457,1.47368836,1.476,300
2026-03-22 04:50:00+00:00,2026-03-22 04:54:59.999000+00:00,1.475,1.476,1.47456295,1.47546557,300
2026-03-22 04:55:00+00:00,2026-03-22 04:59:59.999000+00:00,1.476,1.47615879,1.47400046,1.47470015,300
2026-03-22 05:00:00+00:00,2026-03-22 05:04:59.999000+00:00,1.47469021,1.475,1.47139995,1.47298141,300
2026-03-22 05:05:00+00:00,2026-03-22 05:09:59.999000+00:00,1.47298144,1.474,1.47137999,1.4715336,300
2026-03-22 05:10:00+00:00,2026-03-22 05:14:59.999000+00:00,1.4715336,1.47237037,1.47021747,1.47021749,300
2026-03-22 05:15:00+00:00,2026-03-22 05:19:59.999000+00:00,1.47021749,1.473,1.469,1.471,300
2026-03-22 05:20:00+00:00,2026-03-22 05:24:59.999000+00:00,1.47064871,1.472,1.46752911,1.468,300
2026-03-22 05:25:00+00:00,2026-03-22 05:29:59.999000+00:00,1.468,1.469,1.465,1.465,300
2026-03-22 05:30:00+00:00,2026-03-22 05:34:59.999000+00:00,1.465,1.46616031,1.464,1.464,300
2026-03-22 05:35:00+00:00,2026-03-22 05:39:59.999000+00:00,1.464,1.46584007,1.46302617,1.46505936,300
2026-03-22 05:40:00+00:00,2026-03-22 05:44:59.999000+00:00,1.46505936,1.46591452,1.463,1.4637707,300
2026-03-22 05:45:00+00:00,2026-03-22 05:49:59.999000+00:00,1.46377073,1.465,1.46131187,1.46155743,300
2026-03-22 05:50:00+00:00,2026-03-22 05:54:59.999000+00:00,1.462,1.46301556,1.4610499,1.46152429,300
2026-03-22 05:55:00+00:00,2026-03-22 05:59:59.999000+00:00,1.46152429,1.463,1.461,1.46250098,300
2026-03-22 06:00:00+00:00,2026-03-22 06:04:59.999000+00:00,1.463,1.463,1.46009974,1.463,300
2026-03-22 06:05:00+00:00,2026-03-22 06:09:59.999000+00:00,1.463,1.463,1.46030375,1.46216818,300
2026-03-22 06:10:00+00:00,2026-03-22 06:14:59.999000+00:00,1.46209501,1.463,1.45951869,1.45975582,300
2026-03-22 06:15:00+00:00,2026-03-22 06:19:59.999000+00:00,1.46,1.462,1.45932841,1.46124146,300
2026-03-22 06:20:00+00:00,2026-03-22 06:24:59.999000+00:00,1.46124146,1.462,1.45936333,1.46152104,300
2026-03-22 06:25:00+00:00,2026-03-22 06:29:59.999000+00:00,1.46152104,1.463,1.46022229,1.46231348,300
2026-03-22 06:30:00+00:00,2026-03-22 06:34:59.999000+00:00,1.46233299,1.46424567,1.46031138,1.462,300
2026-03-22 06:35:00+00:00,2026-03-22 06:39:59.999000+00:00,1.462,1.463,1.46100027,1.46220773,300
2026-03-22 06:40:00+00:00,2026-03-22 06:44:59.999000+00:00,1.46220773,1.46298817,1.46079605,1.46182313,300
2026-03-22 06:45:00+00:00,2026-03-22 06:49:59.999000+00:00,1.46182313,1.462,1.45991971,1.46005586,300
2026-03-22 06:50:00+00:00,2026-03-22 06:54:59.999000+00:00,1.46005586,1.46441753,1.46005586,1.46349806,300
2026-03-22 06:55:00+00:00,2026-03-22 06:59:59.999000+00:00,1.46349806,1.46370602,1.46211617,1.463,300
2026-03-22 07:00:00+00:00,2026-03-22 07:04:59.999000+00:00,1.463,1.46516384,1.46236512,1.46349412,300
2026-03-22 07:05:00+00:00,2026-03-22 07:09:59.999000+00:00,1.46350217,1.465,1.462,1.46243951,300
2026-03-22 07:10:00+00:00,2026-03-22 07:14:59.999000+00:00,1.46245722,1.464,1.46129529,1.46184834,300
2026-03-22 07:15:00+00:00,2026-03-22 07:19:59.999000+00:00,1.46184837,1.46334222,1.46136757,1.46248549,300
2026-03-22 07:20:00+00:00,2026-03-22 07:24:59.999000+00:00,1.46248549,1.463,1.461,1.46213107,300
2026-03-22 07:25:00+00:00,2026-03-22 07:29:59.999000+00:00,1.46214583,1.463,1.461,1.462,300
2026-03-22 07:30:00+00:00,2026-03-22 07:34:59.999000+00:00,1.46147532,1.462,1.45888615,1.46134153,300
2026-03-22 07:35:00+00:00,2026-03-22 07:39:59.999000+00:00,1.462,1.46209429,1.45999132,1.46029932,300
2026-03-22 07:40:00+00:00,2026-03-22 07:44:59.999000+00:00,1.46029929,1.46162428,1.45918311,1.46,300
2026-03-22 07:45:00+00:00,2026-03-22 07:49:59.999000+00:00,1.46,1.46219568,1.45943385,1.461,300
2026-03-22 07:50:00+00:00,2026-03-22 07:54:59.999000+00:00,1.461,1.462,1.45900398,1.46,300
2026-03-22 07:55:00+00:00,2026-03-22 07:59:59.999000+00:00,1.46,1.46,1.45535067,1.45613027,300
2026-03-22 08:00:00+00:00,2026-03-22 08:04:59.999000+00:00,1.45613027,1.45613665,1.45,1.45237277,300
2026-03-22 08:05:00+00:00,2026-03-22 08:09:59.999000+00:00,1.45237277,1.455,1.45058288,1.451,300
2026-03-22 08:10:00+00:00,2026-03-22 08:14:59.999000+00:00,1.451,1.45101127,1.449,1.451,300
2026-03-22 08:15:00+00:00,2026-03-22 08:19:59.999000+00:00,1.451,1.451,1.44748896,1.448,300
2026-03-22 08:20:00+00:00,2026-03-22 08:24:59.999000+00:00,1.44779173,1.45,1.446,1.4498236,300
2026-03-22 08:25:00+00:00,2026-03-22 08:29:59.999000+00:00,1.4494107,1.45156936,1.44477206,1.44852713,300
2026-03-22 08:30:00+00:00,2026-03-22 08:34:59.999000+00:00,1.4485271,1.45076926,1.44700473,1.44944427,300
2026-03-22 08:35:00+00:00,2026-03-22 08:39:59.999000+00:00,1.45,1.451,1.44808997,1.45024567,300
2026-03-22 08:40:00+00:00,2026-03-22 08:44:59.999000+00:00,1.45024567,1.4531043,1.45,1.45145449,300
2026-03-22 08:45:00+00:00,2026-03-22 08:49:59.999000+00:00,1.45147483,1.453,1.44936951,1.451,300
2026-03-22 08:50:00+00:00,2026-03-22 08:54:59.999000+00:00,1.451,1.45102805,1.448,1.451,300
2026-03-22 08:55:00+00:00,2026-03-22 08:59:59.999000+00:00,1.4505541,1.453,1.45000044,1.45151214,300
2026-03-22 09:00:00+00:00,2026-03-22 09:04:59.999000+00:00,1.45151214,1.45341389,1.45102865,1.45267444,300
2026-03-22 09:05:00+00:00,2026-03-22 09:09:59.999000+00:00,1.45266088,1.4561211,1.45245105,1.45546454,300
2026-03-22 09:10:00+00:00,2026-03-22 09:14:59.999000+00:00,1.45549163,1.457,1.45503252,1.457,300
2026-03-22 09:15:00+00:00,2026-03-22 09:19:59.999000+00:00,1.457,1.45725659,1.45031105,1.45159269,300
2026-03-22 09:20:00+00:00,2026-03-22 09:24:59.999000+00:00,1.452,1.4540152,1.45091282,1.451,300
2026-03-22 09:25:00+00:00,2026-03-22 09:29:59.999000+00:00,1.451,1.45264684,1.45010712,1.45139024,300
2026-03-22 09:30:00+00:00,2026-03-22 09:34:59.999000+00:00,1.45139024,1.453,1.45007084,1.45073617,300
2026-03-22 09:35:00+00:00,2026-03-22 09:39:59.999000+00:00,1.45073617,1.4532126,1.45053001,1.45249661,300
2026-03-22 09:40:00+00:00,2026-03-22 09:44:59.999000+00:00,1.453,1.454,1.4520142,1.453,300
2026-03-22 09:45:00+00:00,2026-03-22 09:49:59.999000+00:00,1.453,1.45404764,1.452,1.454,300
2026-03-22 09:50:00+00:00,2026-03-22 09:54:59.999000+00:00,1.454,1.454,1.45225907,1.4525882,300
2026-03-22 09:55:00+00:00,2026-03-22 09:59:59.999000+00:00,1.4525882,1.45316549,1.45145697,1.45243331,300
2026-03-22 10:00:00+00:00,2026-03-22 10:04:59.999000+00:00,1.45242923,1.453,1.45007041,1.453,300
2026-03-22 10:05:00+00:00,2026-03-22 10:09:59.999000+00:00,1.453,1.453,1.44751842,1.44911682,300
2026-03-22 10:10:00+00:00,2026-03-22 10:14:59.999000+00:00,1.44909561,1.44909561,1.448,1.449,300
2026-03-22 10:15:00+00:00,2026-03-22 10:19:59.999000+00:00,1.449,1.45,1.44738145,1.44847219,300
2026-03-22 10:20:00+00:00,2026-03-22 10:24:59.999000+00:00,1.449,1.449,1.447,1.44758456,300
2026-03-22 10:25:00+00:00,2026-03-22 10:29:59.999000+00:00,1.44761383,1.44808439,1.4434854,1.444,300
2026-03-22 10:30:00+00:00,2026-03-22 10:34:59.999000+00:00,1.445,1.445,1.44005342,1.441,300
2026-03-22 10:35:00+00:00,2026-03-22 10:39:59.999000+00:00,1.441,1.441,1.43683639,1.437,300
2026-03-22 10:40:00+00:00,2026-03-22 10:44:59.999000+00:00,1.438,1.438,1.43465065,1.43666541,300
2026-03-22 10:45:00+00:00,2026-03-22 10:49:59.999000+00:00,1.43666541,1.438,1.4357628,1.43634882,300
2026-03-22 10:50:00+00:00,2026-03-22 10:54:59.999000+00:00,1.43640469,1.438,1.43574462,1.43642688,300
2026-03-22 10:55:00+00:00,2026-03-22 10:59:59.999000+00:00,1.43642685,1.438,1.43501655,1.43526377,300
2026-03-22 11:00:00+00:00,2026-03-22 11:04:59.999000+00:00,1.43524075,1.437,1.432,1.43524957,300
2026-03-22 11:05:00+00:00,2026-03-22 11:09:59.999000+00:00,1.43530079,1.43831301,1.4350069,1.438,300
2026-03-22 11:10:00+00:00,2026-03-22 11:14:59.999000+00:00,1.438,1.438,1.4354448,1.43546438,300
2026-03-22 11:15:00+00:00,2026-03-22 11:19:59.999000+00:00,1.43546438,1.4370067,1.43412721,1.43412721,300
2026-03-22 11:20:00+00:00,2026-03-22 11:24:59.999000+00:00,1.435,1.43802423,1.43412718,1.43679687,300
2026-03-22 11:25:00+00:00,2026-03-22 11:29:59.999000+00:00,1.437,1.437,1.43332852,1.4356676,300
2026-03-22 11:30:00+00:00,2026-03-22 11:34:59.999000+00:00,1.4356676,1.43926684,1.435,1.436,300
2026-03-22 11:35:00+00:00,2026-03-22 11:39:59.999000+00:00,1.436,1.43935862,1.436,1.43935858,300
2026-03-22 11:40:00+00:00,2026-03-22 11:44:59.999000+00:00,1.43935858,1.43935858,1.43429008,1.43734808,300
2026-03-22 11:45:00+00:00,2026-03-22 11:49:59.999000+00:00,1.43734808,1.438,1.43531967,1.437,300
2026-03-22 11:50:00+00:00,2026-03-22 11:54:59.999000+00:00,1.437,1.437,1.43314929,1.436,300
2026-03-22 11:55:00+00:00,2026-03-22 11:59:59.999000+00:00,1.436,1.436,1.43098473,1.4313374,300
2026-03-22 12:00:00+00:00,2026-03-22 12:04:59.999000+00:00,1.43145611,1.435,1.43140278,1.43404763,300
2026-03-22 12:05:00+00:00,2026-03-22 12:09:59.999000+00:00,1.43404763,1.4377437,1.434,1.43705708,300
2026-03-22 12:10:00+00:00,2026-03-22 12:14:59.999000+00:00,1.43705708,1.43705708,1.435,1.437,300
2026-03-22 12:15:00+00:00,2026-03-22 12:19:59.999000+00:00,1.437,1.441,1.43583408,1.441,300
2026-03-22 12:20:00+00:00,2026-03-22 12:24:59.999000+00:00,1.441,1.44576087,1.44082734,1.445,300
2026-03-22 12:25:00+00:00,2026-03-22 12:29:59.999000+00:00,1.44570821,1.4478672,1.44405911,1.44643911,300
2026-03-22 12:30:00+00:00,2026-03-22 12:34:59.999000+00:00,1.44640981,1.447,1.44426641,1.446,300
2026-03-22 12:35:00+00:00,2026-03-22 12:39:59.999000+00:00,1.44554643,1.446,1.4427907,1.443,300
2026-03-22 12:40:00+00:00,2026-03-22 12:44:59.999000+00:00,1.443,1.443,1.44018547,1.44062183,300
2026-03-22 12:45:00+00:00,2026-03-22 12:49:59.999000+00:00,1.44053836,1.441,1.439,1.439,300
2026-03-22 12:50:00+00:00,2026-03-22 12:54:59.999000+00:00,1.439,1.44,1.43708061,1.44,300
2026-03-22 12:55:00+00:00,2026-03-22 12:59:59.999000+00:00,1.44,1.441,1.43862597,1.43949659,300
2026-03-22 13:00:00+00:00,2026-03-22 13:04:59.999000+00:00,1.43949358,1.44569509,1.43901571,1.443,300
2026-03-22 13:05:00+00:00,2026-03-22 13:09:59.999000+00:00,1.443,1.443,1.44,1.442,300
2026-03-22 13:10:00+00:00,2026-03-22 13:14:59.999000+00:00,1.442,1.443,1.44022432,1.44054086,300
2026-03-22 13:15:00+00:00,2026-03-22 13:19:59.999000+00:00,1.44054083,1.441,1.43833275,1.43833275,300
2026-03-22 13:20:00+00:00,2026-03-22 13:24:59.999000+00:00,1.43833275,1.44,1.43466549,1.43559985,300
2026-03-22 13:25:00+00:00,2026-03-22 13:29:59.999000+00:00,1.43559985,1.437,1.4342032,1.43605291,300
2026-03-22 13:30:00+00:00,2026-03-22 13:34:59.999000+00:00,1.43605291,1.438,1.43452876,1.43474786,300
2026-03-22 13:35:00+00:00,2026-03-22 13:39:59.999000+00:00,1.43467137,1.436,1.43287926,1.43325721,300
2026-03-22 13:40:00+00:00,2026-03-22 13:44:59.999000+00:00,1.43325721,1.434,1.43175722,1.433,300
2026-03-22 13:45:00+00:00,2026-03-22 13:49:59.999000+00:00,1.43256509,1.43483521,1.43206297,1.43383967,300
2026-03-22 13:50:00+00:00,2026-03-22 13:54:59.999000+00:00,1.43374347,1.43675661,1.43343573,1.43675661,300
2026-03-22 13:55:00+00:00,2026-03-22 13:59:59.999000+00:00,1.43680617,1.43714267,1.435,1.43515253,300
2026-03-22 14:00:00+00:00,2026-03-22 14:04:59.999000+00:00,1.43515253,1.43706089,1.431,1.43153214,300
2026-03-22 14:05:00+00:00,2026-03-22 14:09:59.999000+00:00,1.43153214,1.432,1.43,1.43151327,300
2026-03-22 14:10:00+00:00,2026-03-22 14:14:59.999000+00:00,1.43151327,1.436,1.43151327,1.43565343,300
2026-03-22 14:15:00+00:00,2026-03-22 14:19:59.999000+00:00,1.43565343,1.436,1.433,1.434,300
2026-03-22 14:20:00+00:00,2026-03-22 14:24:59.999000+00:00,1.433,1.43861676,1.433,1.437,300
2026-03-22 14:25:00+00:00,2026-03-22 14:29:59.999000+00:00,1.437,1.437,1.435,1.43550001,300
2026-03-22 14:30:00+00:00,2026-03-22 14:34:59.999000+00:00,1.436,1.436,1.43429379,1.4344864,300
2026-03-22 14:35:00+00:00,2026-03-22 14:39:59.999000+00:00,1.4344864,1.437,1.433804,1.436,300
2026-03-22 14:40:00+00:00,2026-03-22 14:44:59.999000+00:00,1.436,1.436,1.43307251,1.434,300
2026-03-22 14:45:00+00:00,2026-03-22 14:49:59.999000+00:00,1.43346605,1.43421247,1.431,1.431,300
2026-03-22 14:50:00+00:00,2026-03-22 14:54:59.999000+00:00,1.431,1.433,1.43045942,1.431,300
2026-03-22 14:55:00+00:00,2026-03-22 14:59:59.999000+00:00,1.431,1.432,1.43,1.43147876,300
2026-03-22 15:00:00+00:00,2026-03-22 15:04:59.999000+00:00,1.432,1.436,1.43141068,1.43456323,300
2026-03-22 15:05:00+00:00,2026-03-22 15:09:59.999000+00:00,1.43456323,1.43798748,1.43368634,1.437,300
2026-03-22 15:10:00+00:00,2026-03-22 15:14:59.999000+00:00,1.4365623,1.437,1.435,1.43552199,300
2026-03-22 15:15:00+00:00,2026-03-22 15:19:59.999000+00:00,1.43552199,1.43635961,1.433,1.43450421,300
2026-03-22 15:20:00+00:00,2026-03-22 15:24:59.999000+00:00,1.43450421,1.435,1.432,1.432,300
2026-03-22 15:25:00+00:00,2026-03-22 15:29:59.999000+00:00,1.43236621,1.434,1.43171933,1.43324115,300
2026-03-22 15:30:00+00:00,2026-03-22 15:34:59.999000+00:00,1.43327409,1.435,1.43327409,1.43341818,300
2026-03-22 15:35:00+00:00,2026-03-22 15:39:59.999000+00:00,1.43341818,1.434,1.43,1.43150296,300
2026-03-22 15:40:00+00:00,2026-03-22 15:44:59.999000+00:00,1.4314737,1.432,1.43005481,1.432,300
2026-03-22 15:45:00+00:00,2026-03-22 15:49:59.999000+00:00,1.432,1.43296832,1.43076346,1.43133545,300
2026-03-22 15:50:00+00:00,2026-03-22 15:54:59.999000+00:00,1.43133545,1.434,1.43133545,1.433,300
2026-03-22 15:55:00+00:00,2026-03-22 15:59:59.999000+00:00,1.433,1.43322436,1.43136463,1.43322436,300
2026-03-22 16:00:00+00:00,2026-03-22 16:04:59.999000+00:00,1.43321178,1.43435295,1.43104972,1.43248162,300
2026-03-22 16:05:00+00:00,2026-03-22 16:09:59.999000+00:00,1.433,1.435,1.43125718,1.434,300
2026-03-22 16:10:00+00:00,2026-03-22 16:14:59.999000+00:00,1.434,1.43660852,1.43375459,1.43448628,300
2026-03-22 16:15:00+00:00,2026-03-22 16:19:59.999000+00:00,1.43448628,1.436,1.43402984,1.43442619,300
2026-03-22 16:20:00+00:00,2026-03-22 16:24:59.999000+00:00,1.43442622,1.435,1.43337797,1.435,300
2026-03-22 16:25:00+00:00,2026-03-22 16:29:59.999000+00:00,1.435,1.435,1.433,1.43355851,300
2026-03-22 16:30:00+00:00,2026-03-22 16:34:59.999000+00:00,1.43354481,1.4359737,1.43250909,1.43421748,300
2026-03-22 16:35:00+00:00,2026-03-22 16:39:59.999000+00:00,1.434,1.43405404,1.43,1.43043495,300
2026-03-22 16:40:00+00:00,2026-03-22 16:44:59.999000+00:00,1.43043495,1.43193703,1.42978795,1.43043835,300
2026-03-22 16:45:00+00:00,2026-03-22 16:49:59.999000+00:00,1.43043838,1.43428692,1.43039061,1.433,300
2026-03-22 16:50:00+00:00,2026-03-22 16:54:59.999000+00:00,1.43291179,1.434,1.432,1.43212297,300
2026-03-22 16:55:00+00:00,2026-03-22 16:59:59.999000+00:00,1.43212297,1.433,1.43127973,1.43138068,300
2026-03-22 17:00:00+00:00,2026-03-22 17:04:59.999000+00:00,1.432,1.432,1.42638983,1.42849658,300
2026-03-22 17:05:00+00:00,2026-03-22 17:09:59.999000+00:00,1.429,1.43105436,1.42788495,1.43035678,300
2026-03-22 17:10:00+00:00,2026-03-22 17:14:59.999000+00:00,1.43038553,1.431,1.42801315,1.42888895,300
2026-03-22 17:15:00+00:00,2026-03-22 17:19:59.999000+00:00,1.42888895,1.43096944,1.428,1.42917067,300
2026-03-22 17:20:00+00:00,2026-03-22 17:24:59.999000+00:00,1.42917068,1.43454061,1.42917068,1.43119122,300
2026-03-22 17:25:00+00:00,2026-03-22 17:29:59.999000+00:00,1.43120586,1.43262084,1.43011253,1.432,300
2026-03-22 17:30:00+00:00,2026-03-22 17:34:59.999000+00:00,1.432,1.43401825,1.43068251,1.43327465,300
2026-03-22 17:35:00+00:00,2026-03-22 17:39:59.999000+00:00,1.43327468,1.434,1.43117759,1.43282333,300
2026-03-22 17:40:00+00:00,2026-03-22 17:44:59.999000+00:00,1.4326215,1.43305919,1.43110385,1.43132425,300
2026-03-22 17:45:00+00:00,2026-03-22 17:49:59.999000+00:00,1.432,1.434,1.431,1.43249834,300
2026-03-22 17:50:00+00:00,2026-03-22 17:54:59.999000+00:00,1.43249831,1.43568618,1.43249831,1.43401473,300
2026-03-22 17:55:00+00:00,2026-03-22 17:59:59.999000+00:00,1.4340147,1.43514354,1.43114133,1.432,300
2026-03-22 18:00:00+00:00,2026-03-22 18:04:59.999000+00:00,1.43159812,1.432,1.42990275,1.432,300
2026-03-22 18:05:00+00:00,2026-03-22 18:09:59.999000+00:00,1.432,1.435,1.432,1.43412532,300
2026-03-22 18:10:00+00:00,2026-03-22 18:14:59.999000+00:00,1.435,1.43598022,1.434,1.43479236,300
2026-03-22 18:15:00+00:00,2026-03-22 18:19:59.999000+00:00,1.43479233,1.435,1.43279126,1.43350061,300
2026-03-22 18:20:00+00:00,2026-03-22 18:24:59.999000+00:00,1.434,1.434,1.432,1.43279153,300
2026-03-22 18:25:00+00:00,2026-03-22 18:29:59.999000+00:00,1.43279153,1.434,1.43125872,1.43350057,300
2026-03-22 18:30:00+00:00,2026-03-22 18:34:59.999000+00:00,1.43350228,1.43564043,1.42933983,1.42933983,300
2026-03-22 18:35:00+00:00,2026-03-22 18:39:59.999000+00:00,1.42915607,1.42915607,1.423,1.426,300
2026-03-22 18:40:00+00:00,2026-03-22 18:44:59.999000+00:00,1.42560407,1.42612256,1.424,1.42529453,300
2026-03-22 18:45:00+00:00,2026-03-22 18:49:59.999000+00:00,1.42529453,1.427,1.424,1.42554571,300
2026-03-22 18:50:00+00:00,2026-03-22 18:54:59.999000+00:00,1.42555255,1.42717381,1.42464243,1.426,300
2026-03-22 18:55:00+00:00,2026-03-22 18:59:59.999000+00:00,1.42546418,1.42876745,1.42405192,1.428,300
2026-03-22 19:00:00+00:00,2026-03-22 19:04:59.999000+00:00,1.428,1.429,1.42012259,1.42109821,300
2026-03-22 19:05:00+00:00,2026-03-22 19:09:59.999000+00:00,1.42103967,1.42494538,1.42103967,1.42460414,300
2026-03-22 19:10:00+00:00,2026-03-22 19:14:59.999000+00:00,1.42460415,1.42558639,1.41901861,1.41925855,300
2026-03-22 19:15:00+00:00,2026-03-22 19:19:59.999000+00:00,1.42,1.421,1.41613006,1.41706009,300
2026-03-22 19:20:00+00:00,2026-03-22 19:24:59.999000+00:00,1.41706009,1.419,1.414,1.41696003,300
2026-03-22 19:25:00+00:00,2026-03-22 19:29:59.999000+00:00,1.41696,1.417,1.41462182,1.415,300
2026-03-22 19:30:00+00:00,2026-03-22 19:34:59.999000+00:00,1.415,1.41593567,1.41245678,1.41593567,300
2026-03-22 19:35:00+00:00,2026-03-22 19:39:59.999000+00:00,1.416,1.42,1.415009,1.41990104,300
2026-03-22 19:40:00+00:00,2026-03-22 19:44:59.999000+00:00,1.41990104,1.42084178,1.41822087,1.42,300
2026-03-22 19:45:00+00:00,2026-03-22 19:49:59.999000+00:00,1.42,1.42,1.41411028,1.4144472,300
2026-03-22 19:50:00+00:00,2026-03-22 19:54:59.999000+00:00,1.4144472,1.417,1.41420944,1.41619275,300
2026-03-22 19:55:00+00:00,2026-03-22 19:59:59.999000+00:00,1.4162319,1.41698413,1.415,1.41600068,300
2026-03-22 20:00:00+00:00,2026-03-22 20:04:59.999000+00:00,1.41600068,1.417,1.41442081,1.415,300
2026-03-22 20:05:00+00:00,2026-03-22 20:09:59.999000+00:00,1.41445927,1.415,1.411,1.415,300
2026-03-22 20:10:00+00:00,2026-03-22 20:14:59.999000+00:00,1.415,1.415,1.41219932,1.414,300
2026-03-22 20:15:00+00:00,2026-03-22 20:19:59.999000+00:00,1.414,1.41512152,1.4131056,1.415,300
2026-03-22 20:20:00+00:00,2026-03-22 20:24:59.999000+00:00,1.415,1.418,1.41441163,1.41626217,300
2026-03-22 20:25:00+00:00,2026-03-22 20:29:59.999000+00:00,1.41626217,1.417,1.412,1.413,300
2026-03-22 20:30:00+00:00,2026-03-22 20:34:59.999000+00:00,1.413,1.41421963,1.41233655,1.413,300
2026-03-22 20:35:00+00:00,2026-03-22 20:39:59.999000+00:00,1.41249853,1.414,1.40933868,1.411,300
2026-03-22 20:40:00+00:00,2026-03-22 20:44:59.999000+00:00,1.412,1.414,1.41008024,1.413,300
2026-03-22 20:45:00+00:00,2026-03-22 20:49:59.999000+00:00,1.41239312,1.413,1.41002127,1.4101339,300
2026-03-22 20:50:00+00:00,2026-03-22 20:54:59.999000+00:00,1.4101339,1.411,1.40763465,1.41,300
2026-03-22 20:55:00+00:00,2026-03-22 20:59:59.999000+00:00,1.41,1.41108631,1.40933065,1.4106701,300
2026-03-22 21:00:00+00:00,2026-03-22 21:04:59.999000+00:00,1.4106701,1.413,1.4088807,1.4088807,300
2026-03-22 21:05:00+00:00,2026-03-22 21:09:59.999000+00:00,1.4088807,1.409,1.39590809,1.40728321,300
2026-03-22 21:10:00+00:00,2026-03-22 21:14:59.999000+00:00,1.40726397,1.40726397,1.40231393,1.404,300
2026-03-22 21:15:00+00:00,2026-03-22 21:19:59.999000+00:00,1.404,1.40442224,1.39438714,1.396,300
2026-03-22 21:20:00+00:00,2026-03-22 21:24:59.999000+00:00,1.396,1.40256002,1.392,1.40256002,300
2026-03-22 21:25:00+00:00,2026-03-22 21:29:59.999000+00:00,1.40256002,1.407,1.40155702,1.40543622,300
2026-03-22 21:30:00+00:00,2026-03-22 21:34:59.999000+00:00,1.406,1.407,1.40365968,1.405,300
2026-03-22 21:35:00+00:00,2026-03-22 21:39:59.999000+00:00,1.40434125,1.413,1.40331234,1.413,300
2026-03-22 21:40:00+00:00,2026-03-22 21:44:59.999000+00:00,1.413,1.41380636,1.41004552,1.412,300
2026-03-22 21:45:00+00:00,2026-03-22 21:49:59.999000+00:00,1.412,1.412,1.40744902,1.411,300
2026-03-22 21:50:00+00:00,2026-03-22 21:54:59.999000+00:00,1.41,1.41225732,1.41,1.412,300
2026-03-22 21:55:00+00:00,2026-03-22 21:59:59.999000+00:00,1.412,1.412,1.40736858,1.41044845,300
2026-03-22 22:00:00+00:00,2026-03-22 22:04:59.999000+00:00,1.41047635,1.412,1.40297791,1.409,300
2026-03-22 22:05:00+00:00,2026-03-22 22:09:59.999000+00:00,1.40922394,1.414,1.40792824,1.41343776,300
2026-03-22 22:10:00+00:00,2026-03-22 22:14:59.999000+00:00,1.41344643,1.4142812,1.407,1.408,300
2026-03-22 22:15:00+00:00,2026-03-22 22:19:59.999000+00:00,1.408,1.415,1.407,1.413,300
2026-03-22 22:20:00+00:00,2026-03-22 22:24:59.999000+00:00,1.413,1.419,1.412,1.41797863,300
2026-03-22 22:25:00+00:00,2026-03-22 22:29:59.999000+00:00,1.419,1.42305065,1.417,1.42,300
2026-03-22 22:30:00+00:00,2026-03-22 22:34:59.999000+00:00,1.42,1.421,1.41742502,1.418,300
2026-03-22 22:35:00+00:00,2026-03-22 22:39:59.999000+00:00,1.41729392,1.42,1.41527637,1.416,300
2026-03-22 22:40:00+00:00,2026-03-22 22:44:59.999000+00:00,1.416,1.417,1.41435539,1.41553295,300
2026-03-22 22:45:00+00:00,2026-03-22 22:49:59.999000+00:00,1.41553295,1.419,1.41511694,1.419,300
2026-03-22 22:50:00+00:00,2026-03-22 22:54:59.999000+00:00,1.419,1.419,1.415,1.41500151,300
2026-03-22 22:55:00+00:00,2026-03-22 22:59:59.999000+00:00,1.416,1.41703639,1.415,1.41601835,300
2026-03-22 23:00:00+00:00,2026-03-22 23:04:59.999000+00:00,1.41601835,1.419,1.41500339,1.417,300
2026-03-22 23:05:00+00:00,2026-03-22 23:09:59.999000+00:00,1.41684164,1.418,1.41438015,1.41581875,300
2026-03-22 23:10:00+00:00,2026-03-22 23:14:59.999000+00:00,1.41581875,1.422,1.41581875,1.41732607,300
2026-03-22 23:15:00+00:00,2026-03-22 23:19:59.999000+00:00,1.41732607,1.418,1.415,1.41506648,300
2026-03-22 23:20:00+00:00,2026-03-22 23:24:59.999000+00:00,1.41506648,1.418,1.41400534,1.418,300
2026-03-22 23:25:00+00:00,2026-03-22 23:29:59.999000+00:00,1.418,1.418,1.415,1.416,300
2026-03-22 23:30:00+00:00,2026-03-22 23:34:59.999000+00:00,1.416,1.41615276,1.412,1.41248292,300
2026-03-22 23:35:00+00:00,2026-03-22 23:39:59.999000+00:00,1.41248292,1.415,1.41248292,1.41469177,300
2026-03-22 23:40:00+00:00,2026-03-22 23:44:59.999000+00:00,1.41469177,1.415,1.41230792,1.41230792,300
2026-03-22 23:45:00+00:00,2026-03-22 23:49:59.999000+00:00,1.41223475,1.41229938,1.41,1.41062355,300
2026-03-22 23:50:00+00:00,2026-03-22 23:54:59.999000+00:00,1.41012163,1.411,1.40828879,1.409,300
2026-03-22 23:55:00+00:00,2026-03-22 23:59:59.999000+00:00,1.41,1.41101467,1.409,1.4107192,300
2026-03-23 00:00:00+00:00,2026-03-23 00:04:59.999000+00:00,1.4107192,1.41681911,1.4107192,1.41495071,300
2026-03-23 00:05:00+00:00,2026-03-23 00:09:59.999000+00:00,1.41493674,1.41493674,1.411,1.41168328,300
2026-03-23 00:10:00+00:00,2026-03-23 00:14:59.999000+00:00,1.41169072,1.41703563,1.41139864,1.41413233,300
2026-03-23 00:15:00+00:00,2026-03-23 00:19:59.999000+00:00,1.41413233,1.41626094,1.4126356,1.4152433,300
2026-03-23 00:20:00+00:00,2026-03-23 00:24:59.999000+00:00,1.41524944,1.418,1.414,1.418,300
2026-03-23 00:25:00+00:00,2026-03-23 00:29:59.999000+00:00,1.41729164,1.41936668,1.414,1.41516802,300
2026-03-23 00:30:00+00:00,2026-03-23 00:34:59.999000+00:00,1.41509635,1.416,1.412,1.41316764,300
2026-03-23 00:35:00+00:00,2026-03-23 00:39:59.999000+00:00,1.41316764,1.414,1.40981885,1.41142925,300
2026-03-23 00:40:00+00:00,2026-03-23 00:44:59.999000+00:00,1.41134967,1.41670572,1.40850414,1.41655755,300
2026-03-23 00:45:00+00:00,2026-03-23 00:49:59.999000+00:00,1.41651106,1.42,1.41635946,1.41966996,300
2026-03-23 00:50:00+00:00,2026-03-23 00:54:59.999000+00:00,1.41966996,1.4221503,1.4165973,1.4170836,300
2026-03-23 00:55:00+00:00,2026-03-23 00:59:59.999000+00:00,1.41708363,1.42225292,1.417,1.42088263,300
2026-03-23 01:00:00+00:00,2026-03-23 01:04:59.999000+00:00,1.42087625,1.422,1.41682633,1.419,300
2026-03-23 01:05:00+00:00,2026-03-23 01:09:59.999000+00:00,1.41935072,1.426,1.419,1.424,300
2026-03-23 01:10:00+00:00,2026-03-23 01:14:59.999000+00:00,1.424,1.425,1.42009996,1.42012698,300
2026-03-23 01:15:00+00:00,2026-03-23 01:19:59.999000+00:00,1.421,1.427,1.421,1.42341848,300
2026-03-23 01:20:00+00:00,2026-03-23 01:24:59.999000+00:00,1.42341848,1.42559907,1.42109812,1.42460309,300
2026-03-23 01:25:00+00:00,2026-03-23 01:29:59.999000+00:00,1.42460309,1.426,1.4232436,1.42424201,300
2026-03-23 01:30:00+00:00,2026-03-23 01:34:59.999000+00:00,1.42424201,1.42504455,1.42100508,1.424,300
2026-03-23 01:35:00+00:00,2026-03-23 01:39:59.999000+00:00,1.424,1.429,1.42309266,1.42772156,300
2026-03-23 01:40:00+00:00,2026-03-23 01:44:59.999000+00:00,1.42772153,1.428,1.426,1.427,300
2026-03-23 01:45:00+00:00,2026-03-23 01:49:59.999000+00:00,1.42632958,1.42810154,1.42408434,1.425,300
2026-03-23 01:50:00+00:00,2026-03-23 01:54:59.999000+00:00,1.42495476,1.427,1.423,1.42400777,300
2026-03-23 01:55:00+00:00,2026-03-23 01:59:59.999000+00:00,1.42376764,1.425,1.42238167,1.42238167,300
2026-03-23 02:00:00+00:00,2026-03-23 02:04:59.999000+00:00,1.42230634,1.424,1.422,1.423,300
2026-03-23 02:05:00+00:00,2026-03-23 02:09:59.999000+00:00,1.423,1.42554504,1.42230567,1.42554504,300
2026-03-23 02:10:00+00:00,2026-03-23 02:14:59.999000+00:00,1.42515097,1.426,1.4207673,1.42172414,300
2026-03-23 02:15:00+00:00,2026-03-23 02:19:59.999000+00:00,1.42172415,1.42278425,1.42035279,1.42274768,300
2026-03-23 02:20:00+00:00,2026-03-23 02:24:59.999000+00:00,1.42276235,1.428,1.42276235,1.42745052,300
2026-03-23 02:25:00+00:00,2026-03-23 02:29:59.999000+00:00,1.4274432,1.43468221,1.4266545,1.43359693,300
2026-03-23 02:30:00+00:00,2026-03-23 02:34:59.999000+00:00,1.43356804,1.434,1.4305136,1.43130558,300
2026-03-23 02:35:00+00:00,2026-03-23 02:39:59.999000+00:00,1.43130558,1.43218305,1.43,1.431,300
2026-03-23 02:40:00+00:00,2026-03-23 02:44:59.999000+00:00,1.431,1.434,1.4300639,1.4300639,300
2026-03-23 02:45:00+00:00,2026-03-23 02:49:59.999000+00:00,1.43005933,1.43106382,1.429,1.431,300
2026-03-23 02:50:00+00:00,2026-03-23 02:54:59.999000+00:00,1.431,1.43100794,1.42938728,1.43,300
2026-03-23 02:55:00+00:00,2026-03-23 02:59:59.999000+00:00,1.43,1.432,1.429,1.43134435,300
2026-03-23 03:00:00+00:00,2026-03-23 03:04:59.999000+00:00,1.43141889,1.438,1.43140736,1.43616499,300
2026-03-23 03:05:00+00:00,2026-03-23 03:09:59.999000+00:00,1.4361723,1.437,1.43486044,1.43525429,300
2026-03-23 03:10:00+00:00,2026-03-23 03:14:59.999000+00:00,1.436,1.436,1.43045105,1.431,300
2026-03-23 03:15:00+00:00,2026-03-23 03:19:59.999000+00:00,1.431,1.43128652,1.42909045,1.431,300
2026-03-23 03:20:00+00:00,2026-03-23 03:24:59.999000+00:00,1.431,1.43366149,1.4301214,1.43059477,300
2026-03-23 03:25:00+00:00,2026-03-23 03:29:59.999000+00:00,1.431,1.432,1.42998176,1.43069794,300
2026-03-23 03:30:00+00:00,2026-03-23 03:34:59.999000+00:00,1.43069794,1.43223765,1.42937647,1.43223765,300
2026-03-23 03:35:00+00:00,2026-03-23 03:39:59.999000+00:00,1.43223765,1.433,1.43018375,1.431,300
2026-03-23 03:40:00+00:00,2026-03-23 03:44:59.999000+00:00,1.431,1.432,1.42989369,1.432,300
2026-03-23 03:45:00+00:00,2026-03-23 03:49:59.999000+00:00,1.432,1.432,1.42917128,1.431,300
2026-03-23 03:50:00+00:00,2026-03-23 03:54:59.999000+00:00,1.43051142,1.432,1.42927245,1.4300927,300
2026-03-23 03:55:00+00:00,2026-03-23 03:59:59.999000+00:00,1.4300927,1.4300927,1.42868773,1.42930819,300
2026-03-23 04:00:00+00:00,2026-03-23 04:04:59.999000+00:00,1.42979602,1.432,1.42910748,1.43060036,300
2026-03-23 04:05:00+00:00,2026-03-23 04:09:59.999000+00:00,1.43058613,1.43217455,1.42922487,1.43055003,300
2026-03-23 04:10:00+00:00,2026-03-23 04:14:59.999000+00:00,1.43054271,1.43322729,1.43046241,1.433,300
2026-03-23 04:15:00+00:00,2026-03-23 04:19:59.999000+00:00,1.43251911,1.434,1.430894,1.43156609,300
2026-03-23 04:20:00+00:00,2026-03-23 04:24:59.999000+00:00,1.43156609,1.433,1.431,1.43131136,300
2026-03-23 04:25:00+00:00,2026-03-23 04:29:59.999000+00:00,1.43131136,1.43301475,1.42978272,1.43251955,300
2026-03-23 04:30:00+00:00,2026-03-23 04:34:59.999000+00:00,1.43252623,1.43452671,1.43151897,1.433,300
2026-03-23 04:35:00+00:00,2026-03-23 04:39:59.999000+00:00,1.432,1.43406183,1.432,1.434,300
2026-03-23 04:40:00+00:00,2026-03-23 04:44:59.999000+00:00,1.434,1.435,1.43239337,1.43276852,300
2026-03-23 04:45:00+00:00,2026-03-23 04:49:59.999000+00:00,1.43276849,1.43402092,1.43240456,1.434,300
2026-03-23 04:50:00+00:00,2026-03-23 04:54:59.999000+00:00,1.43361063,1.439,1.43358163,1.439,300
2026-03-23 04:55:00+00:00,2026-03-23 04:59:59.999000+00:00,1.439,1.43906379,1.43695829,1.43813543,300
2026-03-23 05:00:00+00:00,2026-03-23 05:04:59.999000+00:00,1.43813543,1.442,1.438,1.44067188,300
2026-03-23 05:05:00+00:00,2026-03-23 05:09:59.999000+00:00,1.441,1.441,1.43747671,1.43747671,300
2026-03-23 05:10:00+00:00,2026-03-23 05:14:59.999000+00:00,1.43753143,1.439,1.43561284,1.437522,300
2026-03-23 05:15:00+00:00,2026-03-23 05:19:59.999000+00:00,1.438,1.439,1.43444006,1.436,300
2026-03-23 05:20:00+00:00,2026-03-23 05:24:59.999000+00:00,1.43629403,1.43629403,1.43405879,1.435,300
2026-03-23 05:25:00+00:00,2026-03-23 05:29:59.999000+00:00,1.435,1.436,1.43410124,1.43451602,300
2026-03-23 05:30:00+00:00,2026-03-23 05:34:59.999000+00:00,1.43451602,1.435,1.432,1.433,300
2026-03-23 05:35:00+00:00,2026-03-23 05:39:59.999000+00:00,1.433,1.43771078,1.433,1.434,300
2026-03-23 05:40:00+00:00,2026-03-23 05:44:59.999000+00:00,1.434,1.43455303,1.432,1.43308526,300
2026-03-23 05:45:00+00:00,2026-03-23 05:49:59.999000+00:00,1.43308526,1.434,1.43283146,1.43335333,300
2026-03-23 05:50:00+00:00,2026-03-23 05:54:59.999000+00:00,1.43335333,1.43531995,1.43150468,1.43439048,300
2026-03-23 05:55:00+00:00,2026-03-23 05:59:59.999000+00:00,1.43436853,1.43817769,1.43436853,1.43643513,300
2026-03-23 06:00:00+00:00,2026-03-23 06:04:59.999000+00:00,1.4364351,1.43686188,1.43046285,1.43153522,300
2026-03-23 06:05:00+00:00,2026-03-23 06:09:59.999000+00:00,1.43151927,1.432,1.42908666,1.431,300
2026-03-23 06:10:00+00:00,2026-03-23 06:14:59.999000+00:00,1.431,1.43100726,1.42610708,1.42703725,300
2026-03-23 06:15:00+00:00,2026-03-23 06:19:59.999000+00:00,1.42719158,1.42907003,1.42662042,1.42813816,300
2026-03-23 06:20:00+00:00,2026-03-23 06:24:59.999000+00:00,1.42813816,1.42903209,1.4265554,1.42862814,300
2026-03-23 06:25:00+00:00,2026-03-23 06:29:59.999000+00:00,1.42863542,1.43,1.42833226,1.42988059,300
2026-03-23 06:30:00+00:00,2026-03-23 06:34:59.999000+00:00,1.42988059,1.43,1.42596905,1.42648461,300
2026-03-23 06:35:00+00:00,2026-03-23 06:39:59.999000+00:00,1.42649911,1.42684941,1.41778872,1.41779765,300
2026-03-23 06:40:00+00:00,2026-03-23 06:44:59.999000+00:00,1.41772879,1.42100351,1.414,1.41516985,300
2026-03-23 06:45:00+00:00,2026-03-23 06:49:59.999000+00:00,1.41520815,1.416,1.412,1.41432562,300
2026-03-23 06:50:00+00:00,2026-03-23 06:54:59.999000+00:00,1.414,1.41721223,1.413,1.41551151,300
2026-03-23 06:55:00+00:00,2026-03-23 06:59:59.999000+00:00,1.41554074,1.417,1.414,1.41671229,300
2026-03-23 07:00:00+00:00,2026-03-23 07:04:59.999000+00:00,1.41671229,1.41695087,1.41004704,1.4103885,300
2026-03-23 07:05:00+00:00,2026-03-23 07:09:59.999000+00:00,1.4103638,1.41351132,1.40705793,1.41121077,300
2026-03-23 07:10:00+00:00,2026-03-23 07:14:59.999000+00:00,1.41121077,1.413,1.409,1.41007854,300
2026-03-23 07:15:00+00:00,2026-03-23 07:19:59.999000+00:00,1.41006049,1.41036214,1.407,1.40997757,300
2026-03-23 07:20:00+00:00,2026-03-23 07:24:59.999000+00:00,1.40997754,1.4100174,1.40267756,1.406,300
2026-03-23 07:25:00+00:00,2026-03-23 07:29:59.999000+00:00,1.406,1.40713841,1.40393754,1.40639206,300
2026-03-23 07:30:00+00:00,2026-03-23 07:34:59.999000+00:00,1.40641413,1.41171729,1.4046806,1.41,300
2026-03-23 07:35:00+00:00,2026-03-23 07:39:59.999000+00:00,1.41,1.41747395,1.40964449,1.41633847,300
2026-03-23 07:40:00+00:00,2026-03-23 07:44:59.999000+00:00,1.41693897,1.419,1.41525448,1.41805957,300
2026-03-23 07:45:00+00:00,2026-03-23 07:49:59.999000+00:00,1.41870252,1.4199168,1.41705353,1.41705353,300
2026-03-23 07:50:00+00:00,2026-03-23 07:54:59.999000+00:00,1.41690615,1.41821984,1.416,1.4179431,300
2026-03-23 07:55:00+00:00,2026-03-23 07:59:59.999000+00:00,1.418,1.41801027,1.414,1.4141321,300
2026-03-23 08:00:00+00:00,2026-03-23 08:04:59.999000+00:00,1.41411172,1.41858294,1.41411172,1.417,277
2026-03-23 08:05:00+00:00,2026-03-23 08:09:59.999000+00:00,1.417,1.41806829,1.41565467,1.41707945,300
2026-03-23 08:10:00+00:00,2026-03-23 08:14:59.999000+00:00,1.41707945,1.41921761,1.416,1.419,300
2026-03-23 08:15:00+00:00,2026-03-23 08:19:59.999000+00:00,1.419,1.41943126,1.415,1.416,300
2026-03-23 08:20:00+00:00,2026-03-23 08:24:59.999000+00:00,1.416,1.41820494,1.41508539,1.41785242,300
2026-03-23 08:25:00+00:00,2026-03-23 08:29:59.999000+00:00,1.41783028,1.4184693,1.41685293,1.41802938,300
2026-03-23 08:30:00+00:00,2026-03-23 08:34:59.999000+00:00,1.41802938,1.419,1.41616596,1.417,300
2026-03-23 08:35:00+00:00,2026-03-23 08:39:59.999000+00:00,1.417,1.41807548,1.414,1.41579023,300
2026-03-23 08:40:00+00:00,2026-03-23 08:44:59.999000+00:00,1.41580926,1.41659052,1.413,1.414,300
2026-03-23 08:45:00+00:00,2026-03-23 08:49:59.999000+00:00,1.41484091,1.4148694,1.4104747,1.411,300
2026-03-23 08:50:00+00:00,2026-03-23 08:54:59.999000+00:00,1.411,1.41183506,1.40835899,1.40967141,300
2026-03-23 08:55:00+00:00,2026-03-23 08:59:59.999000+00:00,1.40967138,1.40981119,1.40642215,1.40765015,300
2026-03-23 09:00:00+00:00,2026-03-23 09:04:59.999000+00:00,1.40765015,1.40881805,1.40620781,1.40756972,300
2026-03-23 09:05:00+00:00,2026-03-23 09:09:59.999000+00:00,1.40674925,1.407,1.404,1.40596111,300
2026-03-23 09:10:00+00:00,2026-03-23 09:14:59.999000+00:00,1.40596145,1.40800665,1.40505189,1.40800665,300
2026-03-23 09:15:00+00:00,2026-03-23 09:19:59.999000+00:00,1.40790336,1.40969094,1.407,1.40877393,300
2026-03-23 09:20:00+00:00,2026-03-23 09:24:59.999000+00:00,1.40877393,1.412,1.407615,1.408,300
2026-03-23 09:25:00+00:00,2026-03-23 09:29:59.999000+00:00,1.40763217,1.411,1.4074011,1.41083378,300
2026-03-23 09:30:00+00:00,2026-03-23 09:34:59.999000+00:00,1.41083378,1.411,1.40419939,1.40442844,300
2026-03-23 09:35:00+00:00,2026-03-23 09:39:59.999000+00:00,1.40442844,1.40913021,1.40247934,1.40911789,300
2026-03-23 09:40:00+00:00,2026-03-23 09:44:59.999000+00:00,1.40911789,1.4098447,1.40761083,1.409,300
2026-03-23 09:45:00+00:00,2026-03-23 09:49:59.999000+00:00,1.409,1.41207513,1.409,1.41010672,300
2026-03-23 09:50:00+00:00,2026-03-23 09:54:59.999000+00:00,1.41010672,1.41428208,1.41010672,1.41428208,300
2026-03-23 09:55:00+00:00,2026-03-23 09:59:59.999000+00:00,1.41428211,1.417,1.41428211,1.4155596,300
2026-03-23 10:00:00+00:00,2026-03-23 10:04:59.999000+00:00,1.416,1.418,1.41529396,1.41766008,300
2026-03-23 10:05:00+00:00,2026-03-23 10:09:59.999000+00:00,1.41766008,1.42160888,1.41737457,1.41991366,300
2026-03-23 10:10:00+00:00,2026-03-23 10:14:59.999000+00:00,1.41991363,1.42324404,1.41991363,1.42081146,300
2026-03-23 10:15:00+00:00,2026-03-23 10:19:59.999000+00:00,1.42081149,1.423,1.42010631,1.42010634,300
2026-03-23 10:20:00+00:00,2026-03-23 10:24:59.999000+00:00,1.42010634,1.42014702,1.41740504,1.41875902,300
2026-03-23 10:25:00+00:00,2026-03-23 10:29:59.999000+00:00,1.41875899,1.419,1.41673685,1.41751559,300
2026-03-23 10:30:00+00:00,2026-03-23 10:34:59.999000+00:00,1.41751559,1.41895194,1.41712791,1.418,300
2026-03-23 10:35:00+00:00,2026-03-23 10:39:59.999000+00:00,1.418,1.41926032,1.416,1.41653319,300
2026-03-23 10:40:00+00:00,2026-03-23 10:44:59.999000+00:00,1.41653316,1.41788353,1.41514347,1.41620356,300
2026-03-23 10:45:00+00:00,2026-03-23 10:49:59.999000+00:00,1.41620407,1.41679065,1.413,1.414,300
2026-03-23 10:50:00+00:00,2026-03-23 10:54:59.999000+00:00,1.41433154,1.41759198,1.414,1.416,300
2026-03-23 10:55:00+00:00,2026-03-23 10:59:59.999000+00:00,1.416,1.417,1.41518074,1.41547613,300
2026-03-23 11:00:00+00:00,2026-03-23 11:04:59.999000+00:00,1.41547613,1.4191718,1.41547613,1.41648649,300
2026-03-23 11:05:00+00:00,2026-03-23 11:09:59.999000+00:00,1.41647917,1.47567973,1.41647914,1.47567973,300
2026-03-23 11:10:00+00:00,2026-03-23 11:14:59.999000+00:00,1.47698539,1.49187693,1.47480042,1.47775223,300
2026-03-23 11:15:00+00:00,2026-03-23 11:19:59.999000+00:00,1.478,1.49020436,1.478,1.48,300
2026-03-23 11:20:00+00:00,2026-03-23 11:24:59.999000+00:00,1.48,1.481,1.46506214,1.469,300
2026-03-23 11:25:00+00:00,2026-03-23 11:29:59.999000+00:00,1.47,1.47752846,1.469,1.4757717,300
2026-03-23 11:30:00+00:00,2026-03-23 11:34:59.999000+00:00,1.47582362,1.48870844,1.47582362,1.484,300
2026-03-23 11:35:00+00:00,2026-03-23 11:39:59.999000+00:00,1.48361377,1.48361377,1.47,1.4705901,300
2026-03-23 11:40:00+00:00,2026-03-23 11:44:59.999000+00:00,1.4705901,1.47618323,1.46950796,1.474,300
2026-03-23 11:45:00+00:00,2026-03-23 11:49:59.999000+00:00,1.474,1.47589135,1.464,1.47500957,300
2026-03-23 11:50:00+00:00,2026-03-23 11:54:59.999000+00:00,1.47500957,1.47598595,1.46913311,1.47492673,300
2026-03-23 11:55:00+00:00,2026-03-23 11:59:59.999000+00:00,1.475,1.475,1.46156001,1.464,300
2026-03-23 12:00:00+00:00,2026-03-23 12:04:59.999000+00:00,1.464,1.46989053,1.45700907,1.46539843,300
2026-03-23 12:05:00+00:00,2026-03-23 12:09:59.999000+00:00,1.46494827,1.4727744,1.4616503,1.4727578,300
2026-03-23 12:10:00+00:00,2026-03-23 12:14:59.999000+00:00,1.47216428,1.47273812,1.46410458,1.46523404,300
2026-03-23 12:15:00+00:00,2026-03-23 12:19:59.999000+00:00,1.465,1.46530331,1.46221737,1.46530331,300
2026-03-23 12:20:00+00:00,2026-03-23 12:24:59.999000+00:00,1.46528823,1.471,1.46446664,1.465,300
2026-03-23 12:25:00+00:00,2026-03-23 12:29:59.999000+00:00,1.46510802,1.467,1.463,1.46444656,300
2026-03-23 12:30:00+00:00,2026-03-23 12:34:59.999000+00:00,1.465,1.465,1.4592249,1.46228372,300
2026-03-23 12:35:00+00:00,2026-03-23 12:39:59.999000+00:00,1.46228372,1.468,1.46228372,1.46363814,300
2026-03-23 12:40:00+00:00,2026-03-23 12:44:59.999000+00:00,1.46363814,1.475,1.462,1.473,300
2026-03-23 12:45:00+00:00,2026-03-23 12:49:59.999000+00:00,1.473,1.475,1.47030434,1.471,300
2026-03-23 12:50:00+00:00,2026-03-23 12:54:59.999000+00:00,1.47028475,1.472,1.46524086,1.466,300
2026-03-23 12:55:00+00:00,2026-03-23 12:59:59.999000+00:00,1.466,1.47,1.46534969,1.46963395,300
2026-03-23 13:00:00+00:00,2026-03-23 13:04:59.999000+00:00,1.46963185,1.474,1.466,1.46727723,300
2026-03-23 13:05:00+00:00,2026-03-23 13:09:59.999000+00:00,1.46721143,1.46721143,1.46177475,1.463,300
2026-03-23 13:10:00+00:00,2026-03-23 13:14:59.999000+00:00,1.463,1.46761954,1.462,1.466,300
2026-03-23 13:15:00+00:00,2026-03-23 13:19:59.999000+00:00,1.466,1.468,1.46443273,1.465,300
2026-03-23 13:20:00+00:00,2026-03-23 13:24:59.999000+00:00,1.465,1.467,1.46344615,1.467,300
2026-03-23 13:25:00+00:00,2026-03-23 13:29:59.999000+00:00,1.467,1.467,1.46372283,1.4653787,300
2026-03-23 13:30:00+00:00,2026-03-23 13:34:59.999000+00:00,1.4653787,1.466,1.462,1.464,300
2026-03-23 13:35:00+00:00,2026-03-23 13:39:59.999000+00:00,1.464,1.472,1.462,1.47,300
2026-03-23 13:40:00+00:00,2026-03-23 13:44:59.999000+00:00,1.46985396,1.478,1.468,1.474104,300
2026-03-23 13:45:00+00:00,2026-03-23 13:49:59.999000+00:00,1.47392548,1.475,1.47164344,1.47415591,300
2026-03-23 13:50:00+00:00,2026-03-23 13:54:59.999000+00:00,1.47427029,1.483,1.47427029,1.478,300
2026-03-23 13:55:00+00:00,2026-03-23 13:59:59.999000+00:00,1.478,1.481,1.47427363,1.478,300
2026-03-23 14:00:00+00:00,2026-03-23 14:04:59.999000+00:00,1.478,1.483,1.4771604,1.47802347,300
2026-03-23 14:05:00+00:00,2026-03-23 14:09:59.999000+00:00,1.479,1.484,1.47526369,1.48370464,300
2026-03-23 14:10:00+00:00,2026-03-23 14:14:59.999000+00:00,1.484,1.486,1.475,1.47506333,300
2026-03-23 14:15:00+00:00,2026-03-23 14:19:59.999000+00:00,1.4751168,1.478,1.47225803,1.4722953,300
2026-03-23 14:20:00+00:00,2026-03-23 14:24:59.999000+00:00,1.47238029,1.474,1.4690989,1.473,300
2026-03-23 14:25:00+00:00,2026-03-23 14:29:59.999000+00:00,1.473,1.474,1.46571866,1.46663411,300
2026-03-23 14:30:00+00:00,2026-03-23 14:34:59.999000+00:00,1.46661219,1.46661219,1.46211342,1.46219453,300
2026-03-23 14:35:00+00:00,2026-03-23 14:39:59.999000+00:00,1.46241796,1.468,1.46223835,1.467,300
2026-03-23 14:40:00+00:00,2026-03-23 14:44:59.999000+00:00,1.467,1.467,1.46217833,1.463,300
2026-03-23 14:45:00+00:00,2026-03-23 14:49:59.999000+00:00,1.46217517,1.465,1.45963154,1.46017176,300
2026-03-23 14:50:00+00:00,2026-03-23 14:54:59.999000+00:00,1.46018547,1.462,1.45849477,1.459,300
2026-03-23 14:55:00+00:00,2026-03-23 14:59:59.999000+00:00,1.459,1.46608068,1.45845487,1.4652131,300
2026-03-23 15:00:00+00:00,2026-03-23 15:04:59.999000+00:00,1.46509004,1.47030681,1.46136699,1.46746068,300
2026-03-23 15:05:00+00:00,2026-03-23 15:09:59.999000+00:00,1.46748992,1.472,1.465,1.465,300
2026-03-23 15:10:00+00:00,2026-03-23 15:14:59.999000+00:00,1.465,1.466,1.46397874,1.465,300
2026-03-23 15:15:00+00:00,2026-03-23 15:19:59.999000+00:00,1.465,1.465,1.45783776,1.45823737,300
2026-03-23 15:20:00+00:00,2026-03-23 15:24:59.999000+00:00,1.45823737,1.459,1.45375452,1.45547537,300
2026-03-23 15:25:00+00:00,2026-03-23 15:29:59.999000+00:00,1.45548816,1.45548816,1.44924275,1.44973745,300
2026-03-23 15:30:00+00:00,2026-03-23 15:34:59.999000+00:00,1.44973742,1.451,1.44358828,1.444,300
2026-03-23 15:35:00+00:00,2026-03-23 15:39:59.999000+00:00,1.44338013,1.447,1.44111016,1.444,300
2026-03-23 15:40:00+00:00,2026-03-23 15:44:59.999000+00:00,1.444,1.44420492,1.439,1.44126411,300
2026-03-23 15:45:00+00:00,2026-03-23 15:49:59.999000+00:00,1.44126411,1.448,1.43891341,1.44665174,300
2026-03-23 15:50:00+00:00,2026-03-23 15:54:59.999000+00:00,1.44666294,1.44841396,1.43650403,1.43874053,300
2026-03-23 15:55:00+00:00,2026-03-23 15:59:59.999000+00:00,1.439,1.439,1.42992613,1.432,300
2026-03-23 16:00:00+00:00,2026-03-23 16:04:59.999000+00:00,1.432,1.437,1.43018787,1.436,300
2026-03-23 16:05:00+00:00,2026-03-23 16:09:59.999000+00:00,1.436,1.439,1.43376702,1.43606619,300
2026-03-23 16:10:00+00:00,2026-03-23 16:14:59.999000+00:00,1.43608083,1.438,1.43382352,1.437,300
2026-03-23 16:15:00+00:00,2026-03-23 16:19:59.999000+00:00,1.437,1.439,1.43119181,1.43161849,300
2026-03-23 16:20:00+00:00,2026-03-23 16:24:59.999000+00:00,1.43161849,1.433,1.42724212,1.432,300
2026-03-23 16:25:00+00:00,2026-03-23 16:29:59.999000+00:00,1.431,1.431,1.42523746,1.42717648,300
2026-03-23 16:30:00+00:00,2026-03-23 16:34:59.999000+00:00,1.42717648,1.43322087,1.42501148,1.433,300
2026-03-23 16:35:00+00:00,2026-03-23 16:39:59.999000+00:00,1.433,1.43637861,1.43291863,1.433,300
2026-03-23 16:40:00+00:00,2026-03-23 16:44:59.999000+00:00,1.433,1.435,1.43206735,1.43442952,300
2026-03-23 16:45:00+00:00,2026-03-23 16:49:59.999000+00:00,1.43446687,1.4401243,1.43444302,1.439,300
2026-03-23 16:50:00+00:00,2026-03-23 16:54:59.999000+00:00,1.439,1.439,1.43587442,1.436,300
2026-03-23 16:55:00+00:00,2026-03-23 16:59:59.999000+00:00,1.436,1.437,1.43526895,1.43657694,300
2026-03-23 17:00:00+00:00,2026-03-23 17:04:59.999000+00:00,1.437,1.439,1.43253834,1.43435023,300
2026-03-23 17:05:00+00:00,2026-03-23 17:09:59.999000+00:00,1.43431862,1.437,1.43255025,1.43620768,300
2026-03-23 17:10:00+00:00,2026-03-23 17:14:59.999000+00:00,1.43614422,1.437,1.43323537,1.434,300
2026-03-23 17:15:00+00:00,2026-03-23 17:19:59.999000+00:00,1.434,1.434,1.427,1.42732077,300
2026-03-23 17:20:00+00:00,2026-03-23 17:24:59.999000+00:00,1.428,1.42911581,1.42493722,1.42843567,300
2026-03-23 17:25:00+00:00,2026-03-23 17:29:59.999000+00:00,1.42843567,1.432,1.427,1.427,300
2026-03-23 17:30:00+00:00,2026-03-23 17:34:59.999000+00:00,1.427,1.432,1.42480806,1.432,300
2026-03-23 17:35:00+00:00,2026-03-23 17:39:59.999000+00:00,1.43124574,1.43766008,1.431,1.43557594,300
2026-03-23 17:40:00+00:00,2026-03-23 17:44:59.999000+00:00,1.43557594,1.43602398,1.43005551,1.43107196,300
2026-03-23 17:45:00+00:00,2026-03-23 17:49:59.999000+00:00,1.43107196,1.434,1.431,1.43125511,300
2026-03-23 17:50:00+00:00,2026-03-23 17:54:59.999000+00:00,1.432,1.434,1.43106369,1.432,300
2026-03-23 17:55:00+00:00,2026-03-23 17:59:59.999000+00:00,1.43160366,1.434,1.43109539,1.434,300
2026-03-23 18:00:00+00:00,2026-03-23 18:04:59.999000+00:00,1.434,1.43799501,1.433,1.43524194,300
2026-03-23 18:05:00+00:00,2026-03-23 18:09:59.999000+00:00,1.43524454,1.437,1.429,1.431,300
2026-03-23 18:10:00+00:00,2026-03-23 18:14:59.999000+00:00,1.431,1.433,1.42671166,1.42671166,300
2026-03-23 18:15:00+00:00,2026-03-23 18:19:59.999000+00:00,1.42669094,1.43,1.425,1.42842773,300
2026-03-23 18:20:00+00:00,2026-03-23 18:24:59.999000+00:00,1.42842776,1.43,1.42728882,1.42897868,300
2026-03-23 18:25:00+00:00,2026-03-23 18:29:59.999000+00:00,1.429,1.431,1.42768384,1.43028362,300
2026-03-23 18:30:00+00:00,2026-03-23 18:34:59.999000+00:00,1.43028362,1.437,1.43026043,1.43683954,300
2026-03-23 18:35:00+00:00,2026-03-23 18:39:59.999000+00:00,1.43682494,1.44,1.43671686,1.43850233,300
2026-03-23 18:40:00+00:00,2026-03-23 18:44:59.999000+00:00,1.43850761,1.44,1.43612275,1.4375819,300
2026-03-23 18:45:00+00:00,2026-03-23 18:49:59.999000+00:00,1.43755264,1.441,1.43640139,1.43707766,300
2026-03-23 18:50:00+00:00,2026-03-23 18:54:59.999000+00:00,1.43707766,1.439,1.432,1.436,300
2026-03-23 18:55:00+00:00,2026-03-23 18:59:59.999000+00:00,1.43501635,1.439,1.43454847,1.439,300
2026-03-23 19:00:00+00:00,2026-03-23 19:04:59.999000+00:00,1.439,1.439,1.434,1.4364141,300
2026-03-23 19:05:00+00:00,2026-03-23 19:09:59.999000+00:00,1.43645024,1.44,1.43032405,1.43257895,300
2026-03-23 19:10:00+00:00,2026-03-23 19:14:59.999000+00:00,1.43301288,1.435,1.432,1.433,300
2026-03-23 19:15:00+00:00,2026-03-23 19:19:59.999000+00:00,1.4326809,1.434,1.42659375,1.42811191,300
2026-03-23 19:20:00+00:00,2026-03-23 19:24:59.999000+00:00,1.42787388,1.428,1.42519951,1.427,300
2026-03-23 19:25:00+00:00,2026-03-23 19:29:59.999000+00:00,1.427,1.428,1.42460804,1.42753001,300
2026-03-23 19:30:00+00:00,2026-03-23 19:34:59.999000+00:00,1.42754339,1.428,1.424,1.42434979,300
2026-03-23 19:35:00+00:00,2026-03-23 19:39:59.999000+00:00,1.42434982,1.426,1.421,1.42143434,300
2026-03-23 19:40:00+00:00,2026-03-23 19:44:59.999000+00:00,1.422,1.422,1.41904467,1.421,300
2026-03-23 19:45:00+00:00,2026-03-23 19:49:59.999000+00:00,1.421,1.423,1.41951253,1.42019501,300
2026-03-23 19:50:00+00:00,2026-03-23 19:54:59.999000+00:00,1.42019501,1.42162467,1.4185073,1.42116323,300
2026-03-23 19:55:00+00:00,2026-03-23 19:59:59.999000+00:00,1.42096794,1.425,1.42,1.42111526,300
2026-03-23 20:00:00+00:00,2026-03-23 20:04:59.999000+00:00,1.422,1.42209688,1.41767222,1.419,300
2026-03-23 20:05:00+00:00,2026-03-23 20:09:59.999000+00:00,1.41870666,1.423,1.41808078,1.422,300
2026-03-23 20:10:00+00:00,2026-03-23 20:14:59.999000+00:00,1.422,1.423,1.418,1.42,300
2026-03-23 20:15:00+00:00,2026-03-23 20:19:59.999000+00:00,1.41957019,1.421,1.417,1.41751522,300
2026-03-23 20:20:00+00:00,2026-03-23 20:24:59.999000+00:00,1.41751522,1.418,1.41206767,1.413,300
2026-03-23 20:25:00+00:00,2026-03-23 20:29:59.999000+00:00,1.41223406,1.41223406,1.40776349,1.41,300
2026-03-23 20:30:00+00:00,2026-03-23 20:34:59.999000+00:00,1.41,1.41660161,1.40792515,1.41660161,300
2026-03-23 20:35:00+00:00,2026-03-23 20:39:59.999000+00:00,1.41634457,1.424,1.41634456,1.421,300
2026-03-23 20:40:00+00:00,2026-03-23 20:44:59.999000+00:00,1.421,1.426,1.42,1.42507964,300
2026-03-23 20:45:00+00:00,2026-03-23 20:49:59.999000+00:00,1.42507964,1.426,1.42288307,1.426,300
2026-03-23 20:50:00+00:00,2026-03-23 20:54:59.999000+00:00,1.426,1.42624158,1.42345442,1.425,300
2026-03-23 20:55:00+00:00,2026-03-23 20:59:59.999000+00:00,1.425,1.42603184,1.42245112,1.42452151,300
2026-03-23 21:00:00+00:00,2026-03-23 21:04:59.999000+00:00,1.425,1.42813949,1.425,1.42526356,300
2026-03-23 21:05:00+00:00,2026-03-23 21:09:59.999000+00:00,1.42526356,1.42901825,1.42519639,1.428,300
2026-03-23 21:10:00+00:00,2026-03-23 21:14:59.999000+00:00,1.428,1.429,1.4255459,1.427,300
2026-03-23 21:15:00+00:00,2026-03-23 21:19:59.999000+00:00,1.427,1.428,1.424,1.42440862,300
2026-03-23 21:20:00+00:00,2026-03-23 21:24:59.999000+00:00,1.42440859,1.427,1.42435355,1.426,300
2026-03-23 21:25:00+00:00,2026-03-23 21:29:59.999000+00:00,1.426,1.426,1.424,1.425,300
2026-03-23 21:30:00+00:00,2026-03-23 21:34:59.999000+00:00,1.4249427,1.43107346,1.42414221,1.431,300
2026-03-23 21:35:00+00:00,2026-03-23 21:39:59.999000+00:00,1.431,1.432,1.42836672,1.43064605,300
2026-03-23 21:40:00+00:00,2026-03-23 21:44:59.999000+00:00,1.43064605,1.431,1.42836062,1.42938538,300
2026-03-23 21:45:00+00:00,2026-03-23 21:49:59.999000+00:00,1.42938538,1.43,1.428,1.42813952,300
2026-03-23 21:50:00+00:00,2026-03-23 21:54:59.999000+00:00,1.429,1.431,1.42757119,1.42784757,300
2026-03-23 21:55:00+00:00,2026-03-23 21:59:59.999000+00:00,1.42784119,1.43026368,1.42705454,1.428,300
2026-03-23 22:00:00+00:00,2026-03-23 22:04:59.999000+00:00,1.428,1.429,1.41651023,1.41722925,300
2026-03-23 22:05:00+00:00,2026-03-23 22:09:59.999000+00:00,1.41725337,1.418,1.412,1.41426268,300
2026-03-23 22:10:00+00:00,2026-03-23 22:14:59.999000+00:00,1.41426268,1.417,1.41212706,1.415,300
2026-03-23 22:15:00+00:00,2026-03-23 22:19:59.999000+00:00,1.41443257,1.41700678,1.4115135,1.41700678,300
2026-03-23 22:20:00+00:00,2026-03-23 22:24:59.999000+00:00,1.41699084,1.41915205,1.416,1.41886193,300
2026-03-23 22:25:00+00:00,2026-03-23 22:29:59.999000+00:00,1.41886193,1.419,1.41503341,1.41751982,300
2026-03-23 22:30:00+00:00,2026-03-23 22:34:59.999000+00:00,1.418,1.418,1.41336262,1.41613251,300
2026-03-23 22:35:00+00:00,2026-03-23 22:39:59.999000+00:00,1.41613251,1.418,1.415,1.41546126,300
2026-03-23 22:40:00+00:00,2026-03-23 22:44:59.999000+00:00,1.41546129,1.417,1.41300211,1.414,300
2026-03-23 22:45:00+00:00,2026-03-23 22:49:59.999000+00:00,1.41353633,1.414,1.40941092,1.40941095,300
2026-03-23 22:50:00+00:00,2026-03-23 22:54:59.999000+00:00,1.40942558,1.412,1.40707906,1.41182453,300
2026-03-23 22:55:00+00:00,2026-03-23 22:59:59.999000+00:00,1.412,1.41300097,1.40824266,1.411,300
2026-03-23 23:00:00+00:00,2026-03-23 23:04:59.999000+00:00,1.411,1.411,1.40766249,1.40796971,300
2026-03-23 23:05:00+00:00,2026-03-23 23:09:59.999000+00:00,1.40796971,1.41,1.40530222,1.40621468,300
2026-03-23 23:10:00+00:00,2026-03-23 23:14:59.999000+00:00,1.40620138,1.407,1.40300788,1.406,300
2026-03-23 23:15:00+00:00,2026-03-23 23:19:59.999000+00:00,1.40555039,1.407,1.403,1.405,300
2026-03-23 23:20:00+00:00,2026-03-23 23:24:59.999000+00:00,1.40435668,1.413,1.404,1.413,300
2026-03-23 23:25:00+00:00,2026-03-23 23:29:59.999000+00:00,1.412,1.421,1.412,1.42028456,300
2026-03-23 23:30:00+00:00,2026-03-23 23:34:59.999000+00:00,1.42030572,1.42030572,1.41507858,1.416,300
2026-03-23 23:35:00+00:00,2026-03-23 23:39:59.999000+00:00,1.41529312,1.416,1.414,1.41559434,300
2026-03-23 23:40:00+00:00,2026-03-23 23:44:59.999000+00:00,1.41560968,1.42,1.41560968,1.41824327,300
2026-03-23 23:45:00+00:00,2026-03-23 23:49:59.999000+00:00,1.41824327,1.41824329,1.41322436,1.41534746,300
2026-03-23 23:50:00+00:00,2026-03-23 23:54:59.999000+00:00,1.41532947,1.418,1.41532947,1.417,300
2026-03-23 23:55:00+00:00,2026-03-23 23:59:59.999000+00:00,1.417,1.421,1.41603833,1.41845802,300
2026-03-24 00:00:00+00:00,2026-03-24 00:04:59.999000+00:00,1.41845802,1.422,1.41539359,1.41601256,300
2026-03-24 00:05:00+00:00,2026-03-24 00:09:59.999000+00:00,1.417,1.42005753,1.41601259,1.41769837,300
2026-03-24 00:10:00+00:00,2026-03-24 00:14:59.999000+00:00,1.41769834,1.421,1.41766907,1.42050855,300
2026-03-24 00:15:00+00:00,2026-03-24 00:19:59.999000+00:00,1.421,1.42436911,1.41912427,1.42429594,300
2026-03-24 00:20:00+00:00,2026-03-24 00:24:59.999000+00:00,1.42429214,1.42429214,1.41710107,1.4195299,300
2026-03-24 00:25:00+00:00,2026-03-24 00:29:59.999000+00:00,1.42,1.42,1.41446616,1.41447521,300
2026-03-24 00:30:00+00:00,2026-03-24 00:34:59.999000+00:00,1.41447521,1.42,1.41447521,1.419,300
2026-03-24 00:35:00+00:00,2026-03-24 00:39:59.999000+00:00,1.41911664,1.42014248,1.41190765,1.41654846,300
2026-03-24 00:40:00+00:00,2026-03-24 00:44:59.999000+00:00,1.41654846,1.41976111,1.414,1.41410147,300
2026-03-24 00:45:00+00:00,2026-03-24 00:49:59.999000+00:00,1.415,1.418,1.41405808,1.41535538,300
2026-03-24 00:50:00+00:00,2026-03-24 00:54:59.999000+00:00,1.416,1.422,1.415,1.421,300
2026-03-24 00:55:00+00:00,2026-03-24 00:59:59.999000+00:00,1.421,1.424,1.42035003,1.4214292,300
2026-03-24 01:00:00+00:00,2026-03-24 01:04:59.999000+00:00,1.42261156,1.423,1.419,1.42052891,300
2026-03-24 01:05:00+00:00,2026-03-24 01:09:59.999000+00:00,1.42052156,1.424,1.42045907,1.423,300
2026-03-24 01:10:00+00:00,2026-03-24 01:14:59.999000+00:00,1.42222588,1.423,1.417,1.419,300
2026-03-24 01:15:00+00:00,2026-03-24 01:19:59.999000+00:00,1.419,1.41969861,1.41720569,1.419,300
2026-03-24 01:20:00+00:00,2026-03-24 01:24:59.999000+00:00,1.41883773,1.42292656,1.41883773,1.42,300
2026-03-24 01:25:00+00:00,2026-03-24 01:29:59.999000+00:00,1.41947011,1.42,1.413,1.41454353,300
2026-03-24 01:30:00+00:00,2026-03-24 01:34:59.999000+00:00,1.415,1.418,1.413,1.418,300
2026-03-24 01:35:00+00:00,2026-03-24 01:39:59.999000+00:00,1.418,1.418,1.4090638,1.41,300
2026-03-24 01:40:00+00:00,2026-03-24 01:44:59.999000+00:00,1.411,1.412,1.40780507,1.410372,300
2026-03-24 01:45:00+00:00,2026-03-24 01:49:59.999000+00:00,1.41039536,1.411,1.40606875,1.407,300
2026-03-24 01:50:00+00:00,2026-03-24 01:54:59.999000+00:00,1.40759329,1.413,1.40758594,1.413,300
2026-03-24 01:55:00+00:00,2026-03-24 01:59:59.999000+00:00,1.413,1.413,1.411,1.41136109,300
2026-03-24 02:00:00+00:00,2026-03-24 02:04:59.999000+00:00,1.412,1.4207863,1.41001484,1.41853453,300
2026-03-24 02:05:00+00:00,2026-03-24 02:09:59.999000+00:00,1.41853453,1.419,1.41488474,1.41892286,300
2026-03-24 02:10:00+00:00,2026-03-24 02:14:59.999000+00:00,1.41803797,1.41812152,1.41441693,1.417,300
2026-03-24 02:15:00+00:00,2026-03-24 02:19:59.999000+00:00,1.417,1.41765816,1.41457432,1.416,300
2026-03-24 02:20:00+00:00,2026-03-24 02:24:59.999000+00:00,1.416,1.41989259,1.414,1.4161959,300
2026-03-24 02:25:00+00:00,2026-03-24 02:29:59.999000+00:00,1.417,1.419,1.41609082,1.419,300
2026-03-24 02:30:00+00:00,2026-03-24 02:34:59.999000+00:00,1.419,1.41971867,1.41729577,1.41969444,300
2026-03-24 02:35:00+00:00,2026-03-24 02:39:59.999000+00:00,1.41969444,1.421,1.41463909,1.41516082,300
2026-03-24 02:40:00+00:00,2026-03-24 02:44:59.999000+00:00,1.41516082,1.41802786,1.41284322,1.418,300
2026-03-24 02:45:00+00:00,2026-03-24 02:49:59.999000+00:00,1.418,1.418,1.414,1.41448466,300
2026-03-24 02:50:00+00:00,2026-03-24 02:54:59.999000+00:00,1.415,1.415,1.41210592,1.41301894,300
2026-03-24 02:55:00+00:00,2026-03-24 02:59:59.999000+00:00,1.41301894,1.415,1.41223658,1.41243721,300
2026-03-24 03:00:00+00:00,2026-03-24 03:04:59.999000+00:00,1.41243718,1.414,1.411,1.41339794,300
2026-03-24 03:05:00+00:00,2026-03-24 03:09:59.999000+00:00,1.41338082,1.416,1.41120855,1.41135049,300
2026-03-24 03:10:00+00:00,2026-03-24 03:14:59.999000+00:00,1.412,1.414,1.41129822,1.41149826,300
2026-03-24 03:15:00+00:00,2026-03-24 03:19:59.999000+00:00,1.41142554,1.412,1.409,1.41,300
2026-03-24 03:20:00+00:00,2026-03-24 03:24:59.999000+00:00,1.41,1.413,1.407,1.407,300
2026-03-24 03:25:00+00:00,2026-03-24 03:29:59.999000+00:00,1.407,1.412,1.407,1.412,300
2026-03-24 03:30:00+00:00,2026-03-24 03:34:59.999000+00:00,1.41183691,1.41264418,1.408,1.41024137,300
2026-03-24 03:35:00+00:00,2026-03-24 03:39:59.999000+00:00,1.41024137,1.4124088,1.41003193,1.412,300
2026-03-24 03:40:00+00:00,2026-03-24 03:44:59.999000+00:00,1.412,1.415,1.41141391,1.414,300
2026-03-24 03:45:00+00:00,2026-03-24 03:49:59.999000+00:00,1.41355982,1.41419752,1.41148021,1.41243706,300
2026-03-24 03:50:00+00:00,2026-03-24 03:54:59.999000+00:00,1.41243706,1.421,1.412,1.421,300
2026-03-24 03:55:00+00:00,2026-03-24 03:59:59.999000+00:00,1.421,1.42399653,1.42,1.421,300
2026-03-24 04:00:00+00:00,2026-03-24 04:04:59.999000+00:00,1.421,1.423,1.42004905,1.42158567,300
2026-03-24 04:05:00+00:00,2026-03-24 04:09:59.999000+00:00,1.42158567,1.425,1.41717278,1.418,300
2026-03-24 04:10:00+00:00,2026-03-24 04:14:59.999000+00:00,1.418,1.418,1.415,1.417,300
2026-03-24 04:15:00+00:00,2026-03-24 04:19:59.999000+00:00,1.417,1.417,1.41265451,1.41445514,300
2026-03-24 04:20:00+00:00,2026-03-24 04:24:59.999000+00:00,1.41445514,1.41760937,1.41201953,1.41670766,300
2026-03-24 04:25:00+00:00,2026-03-24 04:29:59.999000+00:00,1.416693,1.41669303,1.413,1.414,300
2026-03-24 04:30:00+00:00,2026-03-24 04:34:59.999000+00:00,1.4139218,1.414,1.40986705,1.41265702,300
2026-03-24 04:35:00+00:00,2026-03-24 04:39:59.999000+00:00,1.413,1.416,1.41111205,1.412,300
2026-03-24 04:40:00+00:00,2026-03-24 04:44:59.999000+00:00,1.412,1.413,1.41075374,1.411,300
2026-03-24 04:45:00+00:00,2026-03-24 04:49:59.999000+00:00,1.41103742,1.414,1.41103742,1.412,300
2026-03-24 04:50:00+00:00,2026-03-24 04:54:59.999000+00:00,1.41199854,1.41523721,1.411,1.41523721,300
2026-03-24 04:55:00+00:00,2026-03-24 04:59:59.999000+00:00,1.41523721,1.416,1.412,1.413,300
2026-03-24 05:00:00+00:00,2026-03-24 05:04:59.999000+00:00,1.413,1.413,1.408,1.40919445,300
2026-03-24 05:05:00+00:00,2026-03-24 05:09:59.999000+00:00,1.40919442,1.411,1.40729621,1.40933359,300
2026-03-24 05:10:00+00:00,2026-03-24 05:14:59.999000+00:00,1.40934214,1.411,1.40805689,1.40908954,300
2026-03-24 05:15:00+00:00,2026-03-24 05:19:59.999000+00:00,1.40905117,1.414,1.40905117,1.41264887,300
2026-03-24 05:20:00+00:00,2026-03-24 05:24:59.999000+00:00,1.41264887,1.413,1.4104077,1.41143019,300
2026-03-24 05:25:00+00:00,2026-03-24 05:29:59.999000+00:00,1.41143016,1.41337839,1.411,1.412,300
2026-03-24 05:30:00+00:00,2026-03-24 05:34:59.999000+00:00,1.41178556,1.41474877,1.41157347,1.41414765,300
2026-03-24 05:35:00+00:00,2026-03-24 05:39:59.999000+00:00,1.41414768,1.418,1.41310975,1.416,300
2026-03-24 05:40:00+00:00,2026-03-24 05:44:59.999000+00:00,1.416,1.417,1.41321644,1.416,300
2026-03-24 05:45:00+00:00,2026-03-24 05:49:59.999000+00:00,1.416,1.418,1.41531235,1.4153234,300
2026-03-24 05:50:00+00:00,2026-03-24 05:54:59.999000+00:00,1.4153234,1.417,1.41490311,1.41519339,300
2026-03-24 05:55:00+00:00,2026-03-24 05:59:59.999000+00:00,1.41530158,1.41685435,1.41450308,1.416,300
2026-03-24 06:00:00+00:00,2026-03-24 06:04:59.999000+00:00,1.416,1.41864887,1.415,1.41704349,300
2026-03-24 06:05:00+00:00,2026-03-24 06:09:59.999000+00:00,1.4170421,1.41896182,1.415,1.417,300
2026-03-24 06:10:00+00:00,2026-03-24 06:14:59.999000+00:00,1.416,1.418,1.41440449,1.417,300
2026-03-24 06:15:00+00:00,2026-03-24 06:19:59.999000+00:00,1.417,1.41757182,1.408,1.40866684,300
2026-03-24 06:20:00+00:00,2026-03-24 06:24:59.999000+00:00,1.40870342,1.41013983,1.4068354,1.407,300
2026-03-24 06:25:00+00:00,2026-03-24 06:29:59.999000+00:00,1.407,1.41,1.406,1.40910528,300
2026-03-24 06:30:00+00:00,2026-03-24 06:34:59.999000+00:00,1.40909794,1.414,1.40909794,1.41240396,300
2026-03-24 06:35:00+00:00,2026-03-24 06:39:59.999000+00:00,1.41244877,1.41406867,1.41,1.41159546,300
2026-03-24 06:40:00+00:00,2026-03-24 06:44:59.999000+00:00,1.41159546,1.413,1.40913063,1.41,300
2026-03-24 06:45:00+00:00,2026-03-24 06:49:59.999000+00:00,1.41,1.413,1.40997475,1.4111721,300
2026-03-24 06:50:00+00:00,2026-03-24 06:54:59.999000+00:00,1.4111721,1.41526627,1.41,1.414,300
2026-03-24 06:55:00+00:00,2026-03-24 06:59:59.999000+00:00,1.415,1.41774237,1.414,1.41545759,300
2026-03-24 07:00:00+00:00,2026-03-24 07:04:59.999000+00:00,1.416,1.417,1.414,1.415325,300
2026-03-24 07:05:00+00:00,2026-03-24 07:09:59.999000+00:00,1.41546842,1.42157495,1.41546842,1.42,300
2026-03-24 07:10:00+00:00,2026-03-24 07:14:59.999000+00:00,1.42,1.422,1.41807816,1.42079394,300
2026-03-24 07:15:00+00:00,2026-03-24 07:19:59.999000+00:00,1.42076956,1.422,1.417,1.41821318,300
2026-03-24 07:20:00+00:00,2026-03-24 07:24:59.999000+00:00,1.41822634,1.42,1.41754959,1.418,300
2026-03-24 07:25:00+00:00,2026-03-24 07:29:59.999000+00:00,1.418,1.419,1.416,1.417,300
2026-03-24 07:30:00+00:00,2026-03-24 07:34:59.999000+00:00,1.417,1.42,1.416,1.42,300
2026-03-24 07:35:00+00:00,2026-03-24 07:39:59.999000+00:00,1.42,1.42,1.41550635,1.417,300
2026-03-24 07:40:00+00:00,2026-03-24 07:44:59.999000+00:00,1.417,1.418,1.415,1.41714814,300
2026-03-24 07:45:00+00:00,2026-03-24 07:49:59.999000+00:00,1.41724463,1.41724465,1.4126206,1.41693803,300
2026-03-24 07:50:00+00:00,2026-03-24 07:54:59.999000+00:00,1.41722278,1.42,1.41527277,1.42,300
2026-03-24 07:55:00+00:00,2026-03-24 07:59:59.999000+00:00,1.42,1.428,1.41920112,1.426,300
2026-03-24 08:00:00+00:00,2026-03-24 08:04:59.999000+00:00,1.426,1.426,1.42033684,1.422,300
2026-03-24 08:05:00+00:00,2026-03-24 08:09:59.999000+00:00,1.422,1.42392898,1.42114944,1.42218669,300
2026-03-24 08:10:00+00:00,2026-03-24 08:14:59.999000+00:00,1.42218669,1.42248045,1.419,1.41920032,300
2026-03-24 08:15:00+00:00,2026-03-24 08:19:59.999000+00:00,1.42,1.42,1.415,1.41555091,300
2026-03-24 08:20:00+00:00,2026-03-24 08:24:59.999000+00:00,1.41555091,1.41555091,1.41292011,1.41338695,300
2026-03-24 08:25:00+00:00,2026-03-24 08:29:59.999000+00:00,1.41340392,1.415,1.41006409,1.41342266,300
2026-03-24 08:30:00+00:00,2026-03-24 08:34:59.999000+00:00,1.41347388,1.415,1.41280489,1.4145117,300
2026-03-24 08:35:00+00:00,2026-03-24 08:39:59.999000+00:00,1.41451173,1.42016518,1.4144447,1.419,300
2026-03-24 08:40:00+00:00,2026-03-24 08:44:59.999000+00:00,1.419,1.421,1.41838686,1.42,300
2026-03-24 08:45:00+00:00,2026-03-24 08:49:59.999000+00:00,1.42,1.421,1.41860264,1.419,300
2026-03-24 08:50:00+00:00,2026-03-24 08:54:59.999000+00:00,1.419,1.42136117,1.41804164,1.42132437,300
2026-03-24 08:55:00+00:00,2026-03-24 08:59:59.999000+00:00,1.42111941,1.42111944,1.41856503,1.41918081,300
2026-03-24 09:00:00+00:00,2026-03-24 09:04:59.999000+00:00,1.419,1.421,1.418,1.42,300
2026-03-24 09:05:00+00:00,2026-03-24 09:09:59.999000+00:00,1.419,1.42,1.41682178,1.41722056,300
2026-03-24 09:10:00+00:00,2026-03-24 09:14:59.999000+00:00,1.41722056,1.418,1.41026467,1.41031767,300
2026-03-24 09:15:00+00:00,2026-03-24 09:19:59.999000+00:00,1.411,1.414,1.40960634,1.414,300
2026-03-24 09:20:00+00:00,2026-03-24 09:24:59.999000+00:00,1.414,1.41491684,1.41006427,1.41244816,300
2026-03-24 09:25:00+00:00,2026-03-24 09:29:59.999000+00:00,1.41244816,1.413,1.4106918,1.41184292,300
2026-03-24 09:30:00+00:00,2026-03-24 09:34:59.999000+00:00,1.41184295,1.41503347,1.41058141,1.412,300
2026-03-24 09:35:00+00:00,2026-03-24 09:39:59.999000+00:00,1.412,1.414,1.411,1.4124739,300
2026-03-24 09:40:00+00:00,2026-03-24 09:44:59.999000+00:00,1.41247393,1.4157162,1.41124464,1.41234064,300
2026-03-24 09:45:00+00:00,2026-03-24 09:49:59.999000+00:00,1.41227297,1.41332104,1.411,1.412,300
2026-03-24 09:50:00+00:00,2026-03-24 09:54:59.999000+00:00,1.412,1.41346409,1.41005125,1.412,300
2026-03-24 09:55:00+00:00,2026-03-24 09:59:59.999000+00:00,1.412,1.414,1.41110759,1.41354161,300
2026-03-24 10:00:00+00:00,2026-03-24 10:04:59.999000+00:00,1.41354161,1.41424035,1.4097988,1.412,300
2026-03-24 10:05:00+00:00,2026-03-24 10:09:59.999000+00:00,1.412,1.413,1.41001289,1.41034529,300
2026-03-24 10:10:00+00:00,2026-03-24 10:14:59.999000+00:00,1.411,1.41304867,1.41012223,1.41231234,300
2026-03-24 10:15:00+00:00,2026-03-24 10:19:59.999000+00:00,1.41231237,1.414,1.41,1.4111238,300
2026-03-24 10:20:00+00:00,2026-03-24 10:24:59.999000+00:00,1.41112383,1.41313638,1.40973027,1.41,300
2026-03-24 10:25:00+00:00,2026-03-24 10:29:59.999000+00:00,1.411,1.41100802,1.40900876,1.41,300
2026-03-24 10:30:00+00:00,2026-03-24 10:34:59.999000+00:00,1.41,1.411,1.39724037,1.399,300
2026-03-24 10:35:00+00:00,2026-03-24 10:39:59.999000+00:00,1.399,1.40422602,1.39605169,1.404,300
2026-03-24 10:40:00+00:00,2026-03-24 10:44:59.999000+00:00,1.40375904,1.405,1.39956451,1.40135745,300
2026-03-24 10:45:00+00:00,2026-03-24 10:49:59.999000+00:00,1.402,1.402,1.39916986,1.40077372,300
2026-03-24 10:50:00+00:00,2026-03-24 10:54:59.999000+00:00,1.401,1.402,1.39948423,1.401,300
2026-03-24 10:55:00+00:00,2026-03-24 10:59:59.999000+00:00,1.401,1.405,1.40051398,1.404,300
2026-03-24 11:00:00+00:00,2026-03-24 11:04:59.999000+00:00,1.404,1.404,1.39915427,1.40110372,300
2026-03-24 11:05:00+00:00,2026-03-24 11:09:59.999000+00:00,1.40109486,1.402,1.39676206,1.399,300
2026-03-24 11:10:00+00:00,2026-03-24 11:14:59.999000+00:00,1.39814698,1.4,1.39389346,1.39551085,300
2026-03-24 11:15:00+00:00,2026-03-24 11:19:59.999000+00:00,1.39557468,1.396,1.384,1.38607549,300
2026-03-24 11:20:00+00:00,2026-03-24 11:24:59.999000+00:00,1.387,1.388,1.38545685,1.38726294,300
2026-03-24 11:25:00+00:00,2026-03-24 11:29:59.999000+00:00,1.38726294,1.39,1.387,1.38842199,300
2026-03-24 11:30:00+00:00,2026-03-24 11:34:59.999000+00:00,1.38846459,1.39224625,1.38811573,1.3921273,300
2026-03-24 11:35:00+00:00,2026-03-24 11:39:59.999000+00:00,1.39215395,1.394,1.3896748,1.392,300
2026-03-24 11:40:00+00:00,2026-03-24 11:44:59.999000+00:00,1.392,1.393,1.39103611,1.39144515,300
2026-03-24 11:45:00+00:00,2026-03-24 11:49:59.999000+00:00,1.39144515,1.393,1.39030689,1.393,300
2026-03-24 11:50:00+00:00,2026-03-24 11:54:59.999000+00:00,1.393,1.393,1.38864914,1.39249023,300
2026-03-24 11:55:00+00:00,2026-03-24 11:59:59.999000+00:00,1.39248962,1.39509543,1.39236218,1.3947246,300
2026-03-24 12:00:00+00:00,2026-03-24 12:04:59.999000+00:00,1.395,1.395,1.389,1.39233872,300
2026-03-24 12:05:00+00:00,2026-03-24 12:09:59.999000+00:00,1.39232334,1.39232334,1.3910371,1.39223211,300
2026-03-24 12:10:00+00:00,2026-03-24 12:14:59.999000+00:00,1.393,1.394,1.389,1.38915614,300
2026-03-24 12:15:00+00:00,2026-03-24 12:19:59.999000+00:00,1.38915614,1.3911059,1.38812386,1.39047696,300
2026-03-24 12:20:00+00:00,2026-03-24 12:24:59.999000+00:00,1.391,1.394,1.39043895,1.394,300
2026-03-24 12:25:00+00:00,2026-03-24 12:29:59.999000+00:00,1.394,1.395,1.39296817,1.395,300
2026-03-24 12:30:00+00:00,2026-03-24 12:34:59.999000+00:00,1.39482686,1.395,1.39074018,1.394,300
2026-03-24 12:35:00+00:00,2026-03-24 12:39:59.999000+00:00,1.394,1.395,1.39121816,1.39270591,300
2026-03-24 12:40:00+00:00,2026-03-24 12:44:59.999000+00:00,1.39270594,1.397,1.39270591,1.39505463,300
2026-03-24 12:45:00+00:00,2026-03-24 12:49:59.999000+00:00,1.39505463,1.398,1.394,1.39406463,300
2026-03-24 12:50:00+00:00,2026-03-24 12:54:59.999000+00:00,1.39406463,1.397,1.39104991,1.392,300
2026-03-24 12:55:00+00:00,2026-03-24 12:59:59.999000+00:00,1.392,1.393,1.39,1.39010283,300
2026-03-24 13:00:00+00:00,2026-03-24 13:04:59.999000+00:00,1.39010283,1.39212682,1.38945536,1.39006138,300
2026-03-24 13:05:00+00:00,2026-03-24 13:09:59.999000+00:00,1.39006135,1.392,1.38851618,1.39,300
2026-03-24 13:10:00+00:00,2026-03-24 13:14:59.999000+00:00,1.39,1.39205771,1.38877946,1.392,300
2026-03-24 13:15:00+00:00,2026-03-24 13:19:59.999000+00:00,1.392,1.392,1.3895688,1.391,300
2026-03-24 13:20:00+00:00,2026-03-24 13:24:59.999000+00:00,1.391,1.39433776,1.39047815,1.394,300
2026-03-24 13:25:00+00:00,2026-03-24 13:29:59.999000+00:00,1.394,1.39917069,1.394,1.397,300
2026-03-24 13:30:00+00:00,2026-03-24 13:34:59.999000+00:00,1.397,1.398,1.3951497,1.39714637,300
2026-03-24 13:35:00+00:00,2026-03-24 13:39:59.999000+00:00,1.398,1.398,1.39045753,1.39049218,300
2026-03-24 13:40:00+00:00,2026-03-24 13:44:59.999000+00:00,1.391,1.393,1.38750236,1.389,300
2026-03-24 13:45:00+00:00,2026-03-24 13:49:59.999000+00:00,1.389,1.391,1.38606489,1.387444,300
2026-03-24 13:50:00+00:00,2026-03-24 13:54:59.999000+00:00,1.387434,1.392,1.38660858,1.388,300
2026-03-24 13:55:00+00:00,2026-03-24 13:59:59.999000+00:00,1.388,1.38982578,1.38453662,1.388,300
2026-03-24 14:00:00+00:00,2026-03-24 14:04:59.999000+00:00,1.38775066,1.392,1.38775063,1.39111571,300
2026-03-24 14:05:00+00:00,2026-03-24 14:09:59.999000+00:00,1.39111571,1.396,1.38924814,1.3936989,300
2026-03-24 14:10:00+00:00,2026-03-24 14:14:59.999000+00:00,1.39369895,1.394,1.38576578,1.38854401,300
2026-03-24 14:15:00+00:00,2026-03-24 14:19:59.999000+00:00,1.38855864,1.393,1.385,1.3920047,300
2026-03-24 14:20:00+00:00,2026-03-24 14:24:59.999000+00:00,1.3920047,1.3940045,1.38955702,1.392,300
2026-03-24 14:25:00+00:00,2026-03-24 14:29:59.999000+00:00,1.392,1.39529238,1.39002328,1.391,300
2026-03-24 14:30:00+00:00,2026-03-24 14:34:59.999000+00:00,1.391,1.393,1.38953824,1.392,300
2026-03-24 14:35:00+00:00,2026-03-24 14:39:59.999000+00:00,1.392,1.393,1.38850543,1.38850543,300
2026-03-24 14:40:00+00:00,2026-03-24 14:44:59.999000+00:00,1.389,1.39,1.38804956,1.39,300
2026-03-24 14:45:00+00:00,2026-03-24 14:49:59.999000+00:00,1.38906889,1.39,1.385,1.388,300
2026-03-24 14:50:00+00:00,2026-03-24 14:54:59.999000+00:00,1.38716535,1.40182358,1.38465931,1.40035372,300
2026-03-24 14:55:00+00:00,2026-03-24 14:59:59.999000+00:00,1.401,1.404,1.39830428,1.39967026,300
2026-03-24 15:00:00+00:00,2026-03-24 15:04:59.999000+00:00,1.39966295,1.403,1.39639723,1.398,300
2026-03-24 15:05:00+00:00,2026-03-24 15:09:59.999000+00:00,1.397,1.398,1.393,1.39310519,300
2026-03-24 15:10:00+00:00,2026-03-24 15:14:59.999000+00:00,1.39308389,1.395,1.391,1.39247874,300
2026-03-24 15:15:00+00:00,2026-03-24 15:19:59.999000+00:00,1.39249511,1.393,1.39,1.39118032,300
2026-03-24 15:20:00+00:00,2026-03-24 15:24:59.999000+00:00,1.39116589,1.395,1.38910358,1.394,300
2026-03-24 15:25:00+00:00,2026-03-24 15:29:59.999000+00:00,1.394,1.395,1.3898402,1.38987543,300
2026-03-24 15:30:00+00:00,2026-03-24 15:34:59.999000+00:00,1.38987546,1.39,1.387,1.38960904,300
2026-03-24 15:35:00+00:00,2026-03-24 15:39:59.999000+00:00,1.38959388,1.39466595,1.38915978,1.391,300
2026-03-24 15:40:00+00:00,2026-03-24 15:44:59.999000+00:00,1.391,1.391,1.38739103,1.38778192,300
2026-03-24 15:45:00+00:00,2026-03-24 15:49:59.999000+00:00,1.388,1.388,1.37890304,1.382,300
2026-03-24 15:50:00+00:00,2026-03-24 15:54:59.999000+00:00,1.38141134,1.3831727,1.37948612,1.38148217,300
2026-03-24 15:55:00+00:00,2026-03-24 15:59:59.999000+00:00,1.38148217,1.382,1.37944422,1.38045171,300
2026-03-24 16:00:00+00:00,2026-03-24 16:04:59.999000+00:00,1.381,1.381,1.37049767,1.37546349,300
2026-03-24 16:05:00+00:00,2026-03-24 16:09:59.999000+00:00,1.37553849,1.3781754,1.375,1.378,300
2026-03-24 16:10:00+00:00,2026-03-24 16:14:59.999000+00:00,1.378,1.378,1.37430975,1.37432354,300
2026-03-24 16:15:00+00:00,2026-03-24 16:19:59.999000+00:00,1.375,1.37727383,1.37289168,1.37698112,300
2026-03-24 16:20:00+00:00,2026-03-24 16:24:59.999000+00:00,1.37698115,1.37882021,1.37478617,1.37542703,300
2026-03-24 16:25:00+00:00,2026-03-24 16:29:59.999000+00:00,1.376,1.376,1.37101851,1.37101867,300
2026-03-24 16:30:00+00:00,2026-03-24 16:34:59.999000+00:00,1.37111281,1.37558944,1.3710798,1.37544337,300
2026-03-24 16:35:00+00:00,2026-03-24 16:39:59.999000+00:00,1.37556249,1.37794546,1.373,1.37479837,300
2026-03-24 16:40:00+00:00,2026-03-24 16:44:59.999000+00:00,1.37477639,1.377,1.37318527,1.376,300
2026-03-24 16:45:00+00:00,2026-03-24 16:49:59.999000+00:00,1.376,1.377,1.36540474,1.37312811,300
2026-03-24 16:50:00+00:00,2026-03-24 16:54:59.999000+00:00,1.37312811,1.377,1.37302963,1.377,300
2026-03-24 16:55:00+00:00,2026-03-24 16:59:59.999000+00:00,1.377,1.377,1.37434777,1.377,300
2026-03-24 17:00:00+00:00,2026-03-24 17:04:59.999000+00:00,1.377,1.378,1.37197744,1.373,300
2026-03-24 17:05:00+00:00,2026-03-24 17:09:59.999000+00:00,1.373,1.373,1.36843815,1.371,300
2026-03-24 17:10:00+00:00,2026-03-24 17:14:59.999000+00:00,1.37048552,1.3731287,1.36972422,1.37105189,300
2026-03-24 17:15:00+00:00,2026-03-24 17:19:59.999000+00:00,1.37104167,1.37365336,1.37075307,1.37320012,300
2026-03-24 17:20:00+00:00,2026-03-24 17:24:59.999000+00:00,1.37368798,1.375,1.37241582,1.37344363,300
2026-03-24 17:25:00+00:00,2026-03-24 17:29:59.999000+00:00,1.37344363,1.37344363,1.36835564,1.36839827,300
2026-03-24 17:30:00+00:00,2026-03-24 17:34:59.999000+00:00,1.3684129,1.37,1.36468237,1.36708922,300
2026-03-24 17:35:00+00:00,2026-03-24 17:39:59.999000+00:00,1.36712657,1.373,1.36712657,1.37147263,300
2026-03-24 17:40:00+00:00,2026-03-24 17:44:59.999000+00:00,1.37144339,1.372,1.362,1.363,300
2026-03-24 17:45:00+00:00,2026-03-24 17:49:59.999000+00:00,1.36270668,1.364,1.358,1.36169387,300
2026-03-24 17:50:00+00:00,2026-03-24 17:54:59.999000+00:00,1.362,1.36400972,1.36160292,1.36400972,300
2026-03-24 17:55:00+00:00,2026-03-24 17:59:59.999000+00:00,1.365,1.36762371,1.363,1.36557447,300
2026-03-24 18:00:00+00:00,2026-03-24 18:04:59.999000+00:00,1.366,1.368,1.36306332,1.36544747,300
2026-03-24 18:05:00+00:00,2026-03-24 18:09:59.999000+00:00,1.36544747,1.36544747,1.36308951,1.36401286,300
2026-03-24 18:10:00+00:00,2026-03-24 18:14:59.999000+00:00,1.36401286,1.36401286,1.36147831,1.36225231,300
2026-03-24 18:15:00+00:00,2026-03-24 18:19:59.999000+00:00,1.3622301,1.364,1.36038591,1.364,300
2026-03-24 18:20:00+00:00,2026-03-24 18:24:59.999000+00:00,1.36374762,1.366,1.36320404,1.36499336,300
2026-03-24 18:25:00+00:00,2026-03-24 18:29:59.999000+00:00,1.365,1.366,1.36364297,1.366,300
2026-03-24 18:30:00+00:00,2026-03-24 18:34:59.999000+00:00,1.36601099,1.373,1.36601099,1.37298842,300
2026-03-24 18:35:00+00:00,2026-03-24 18:39:59.999000+00:00,1.37299099,1.37999394,1.37215004,1.379,300
2026-03-24 18:40:00+00:00,2026-03-24 18:44:59.999000+00:00,1.379,1.38,1.37318619,1.37441682,300
2026-03-24 18:45:00+00:00,2026-03-24 18:49:59.999000+00:00,1.375,1.37600354,1.37257868,1.37417786,300
2026-03-24 18:50:00+00:00,2026-03-24 18:54:59.999000+00:00,1.37396156,1.37520455,1.371,1.372,300
2026-03-24 18:55:00+00:00,2026-03-24 18:59:59.999000+00:00,1.372,1.37222922,1.37023991,1.372,300
2026-03-24 19:00:00+00:00,2026-03-24 19:04:59.999000+00:00,1.372,1.376,1.37154089,1.37265343,300
2026-03-24 19:05:00+00:00,2026-03-24 19:09:59.999000+00:00,1.37265343,1.373,1.37103167,1.37247648,300
2026-03-24 19:10:00+00:00,2026-03-24 19:14:59.999000+00:00,1.37245453,1.37415011,1.37175158,1.373,300
2026-03-24 19:15:00+00:00,2026-03-24 19:19:59.999000+00:00,1.373,1.378,1.372,1.37708542,300
2026-03-24 19:20:00+00:00,2026-03-24 19:24:59.999000+00:00,1.37710002,1.38001078,1.37629521,1.37971091,300
2026-03-24 19:25:00+00:00,2026-03-24 19:29:59.999000+00:00,1.38,1.38090781,1.37837203,1.379,300
2026-03-24 19:30:00+00:00,2026-03-24 19:34:59.999000+00:00,1.37837279,1.379,1.376,1.377,300
2026-03-24 19:35:00+00:00,2026-03-24 19:39:59.999000+00:00,1.37746792,1.38257669,1.377,1.38205151,300
2026-03-24 19:40:00+00:00,2026-03-24 19:44:59.999000+00:00,1.38217693,1.38407857,1.38207262,1.38294714,300
2026-03-24 19:45:00+00:00,2026-03-24 19:49:59.999000+00:00,1.383,1.383,1.37919908,1.38077341,300
2026-03-24 19:50:00+00:00,2026-03-24 19:54:59.999000+00:00,1.38077347,1.38298411,1.379,1.37956202,300
2026-03-24 19:55:00+00:00,2026-03-24 19:59:59.999000+00:00,1.37956205,1.38,1.37550013,1.379,300
2026-03-24 20:00:00+00:00,2026-03-24 20:04:59.999000+00:00,1.379,1.379,1.377,1.3777655,300
2026-03-24 20:05:00+00:00,2026-03-24 20:09:59.999000+00:00,1.37773319,1.38162281,1.37772594,1.38153842,300
2026-03-24 20:10:00+00:00,2026-03-24 20:14:59.999000+00:00,1.38153206,1.38201127,1.38101556,1.38199667,300
2026-03-24 20:15:00+00:00,2026-03-24 20:19:59.999000+00:00,1.38189718,1.38372776,1.38070751,1.38140752,300
2026-03-24 20:20:00+00:00,2026-03-24 20:24:59.999000+00:00,1.38140752,1.39546658,1.38140752,1.395,300
2026-03-24 20:25:00+00:00,2026-03-24 20:29:59.999000+00:00,1.39573869,1.40131424,1.39148796,1.393,300
2026-03-24 20:30:00+00:00,2026-03-24 20:34:59.999000+00:00,1.394,1.39818852,1.392,1.394,300
2026-03-24 20:35:00+00:00,2026-03-24 20:39:59.999000+00:00,1.395,1.39778202,1.39320072,1.39623909,300
2026-03-24 20:40:00+00:00,2026-03-24 20:44:59.999000+00:00,1.39620539,1.39757911,1.39200595,1.39200595,300
2026-03-24 20:45:00+00:00,2026-03-24 20:49:59.999000+00:00,1.393,1.394,1.388,1.39248424,300
2026-03-24 20:50:00+00:00,2026-03-24 20:54:59.999000+00:00,1.39231689,1.398,1.39125828,1.395,300
2026-03-24 20:55:00+00:00,2026-03-24 20:59:59.999000+00:00,1.395,1.39615498,1.395,1.396,300
2026-03-24 21:00:00+00:00,2026-03-24 21:04:59.999000+00:00,1.396,1.398,1.39501708,1.396,300
2026-03-24 21:05:00+00:00,2026-03-24 21:09:59.999000+00:00,1.396,1.397,1.391,1.391,300
2026-03-24 21:10:00+00:00,2026-03-24 21:14:59.999000+00:00,1.39103196,1.392,1.388,1.39,300
2026-03-24 21:15:00+00:00,2026-03-24 21:19:59.999000+00:00,1.39,1.392,1.38515999,1.386,300
2026-03-24 21:20:00+00:00,2026-03-24 21:24:59.999000+00:00,1.38580677,1.3860524,1.383,1.383,300
2026-03-24 21:25:00+00:00,2026-03-24 21:29:59.999000+00:00,1.38282297,1.38862128,1.38282297,1.38801975,300
2026-03-24 21:30:00+00:00,2026-03-24 21:34:59.999000+00:00,1.38798313,1.39,1.386,1.387,300
2026-03-24 21:35:00+00:00,2026-03-24 21:39:59.999000+00:00,1.387,1.39,1.38561231,1.388,300
2026-03-24 21:40:00+00:00,2026-03-24 21:44:59.999000+00:00,1.389,1.39260576,1.38794848,1.391,300
2026-03-24 21:45:00+00:00,2026-03-24 21:49:59.999000+00:00,1.391,1.39612117,1.39040101,1.395,300
2026-03-24 21:50:00+00:00,2026-03-24 21:54:59.999000+00:00,1.395,1.395,1.3913256,1.393,300
2026-03-24 21:55:00+00:00,2026-03-24 21:59:59.999000+00:00,1.393,1.396,1.39224234,1.396,300
2026-03-24 22:00:00+00:00,2026-03-24 22:04:59.999000+00:00,1.396,1.397,1.393,1.395,300
2026-03-24 22:05:00+00:00,2026-03-24 22:09:59.999000+00:00,1.39476308,1.39867204,1.39391606,1.395,300
2026-03-24 22:10:00+00:00,2026-03-24 22:14:59.999000+00:00,1.395,1.398,1.395,1.397,300
2026-03-24 22:15:00+00:00,2026-03-24 22:19:59.999000+00:00,1.3964874,1.3964874,1.39342636,1.39352539,300
2026-03-24 22:20:00+00:00,2026-03-24 22:24:59.999000+00:00,1.39352539,1.395,1.393,1.394,300
2026-03-24 22:25:00+00:00,2026-03-24 22:29:59.999000+00:00,1.39352723,1.394,1.38877562,1.39,300
2026-03-24 22:30:00+00:00,2026-03-24 22:34:59.999000+00:00,1.389,1.39,1.38602006,1.38650134,300
2026-03-24 22:35:00+00:00,2026-03-24 22:39:59.999000+00:00,1.38648058,1.38904138,1.386,1.389,300
2026-03-24 22:40:00+00:00,2026-03-24 22:44:59.999000+00:00,1.388,1.39,1.388,1.389,300
2026-03-24 22:45:00+00:00,2026-03-24 22:49:59.999000+00:00,1.389,1.392,1.38833642,1.39152765,300
2026-03-24 22:50:00+00:00,2026-03-24 22:54:59.999000+00:00,1.39152765,1.392,1.39020884,1.3916335,300
2026-03-24 22:55:00+00:00,2026-03-24 22:59:59.999000+00:00,1.39160935,1.394,1.39160935,1.393,300
2026-03-24 23:00:00+00:00,2026-03-24 23:04:59.999000+00:00,1.393,1.395,1.392,1.39371587,300
2026-03-24 23:05:00+00:00,2026-03-24 23:09:59.999000+00:00,1.394,1.396,1.39203133,1.39546786,300
2026-03-24 23:10:00+00:00,2026-03-24 23:14:59.999000+00:00,1.397,1.398,1.395379,1.397,300
2026-03-24 23:15:00+00:00,2026-03-24 23:19:59.999000+00:00,1.397,1.4,1.39593049,1.39725259,300
2026-03-24 23:20:00+00:00,2026-03-24 23:24:59.999000+00:00,1.398,1.404,1.397,1.40049085,300
2026-03-24 23:25:00+00:00,2026-03-24 23:29:59.999000+00:00,1.40049085,1.403,1.40039027,1.40153304,300
2026-03-24 23:30:00+00:00,2026-03-24 23:34:59.999000+00:00,1.40153304,1.403,1.398,1.398,300
2026-03-24 23:35:00+00:00,2026-03-24 23:39:59.999000+00:00,1.398,1.39904039,1.39729274,1.399,300
2026-03-24 23:40:00+00:00,2026-03-24 23:44:59.999000+00:00,1.399,1.4,1.39803994,1.399,300
2026-03-24 23:45:00+00:00,2026-03-24 23:49:59.999000+00:00,1.399,1.4,1.39647142,1.399,300
2026-03-24 23:50:00+00:00,2026-03-24 23:54:59.999000+00:00,1.399,1.402,1.399,1.402,300
2026-03-24 23:55:00+00:00,2026-03-24 23:59:59.999000+00:00,1.402,1.402,1.39865368,1.4,300
2026-03-25 00:00:00+00:00,2026-03-25 00:04:59.999000+00:00,1.4,1.405,1.39633404,1.39764104,300
2026-03-25 00:05:00+00:00,2026-03-25 00:09:59.999000+00:00,1.398,1.399,1.39588787,1.397,300
2026-03-25 00:10:00+00:00,2026-03-25 00:14:59.999000+00:00,1.398,1.401,1.398,1.40084644,300
2026-03-25 00:15:00+00:00,2026-03-25 00:19:59.999000+00:00,1.40084648,1.40088491,1.39798295,1.4,300
2026-03-25 00:20:00+00:00,2026-03-25 00:24:59.999000+00:00,1.4,1.4,1.39742524,1.398,300
2026-03-25 00:25:00+00:00,2026-03-25 00:29:59.999000+00:00,1.398,1.4,1.397,1.39717434,300
2026-03-25 00:30:00+00:00,2026-03-25 00:34:59.999000+00:00,1.39717434,1.402,1.393,1.401,300
2026-03-25 00:35:00+00:00,2026-03-25 00:39:59.999000+00:00,1.401,1.405,1.39985617,1.404,300
2026-03-25 00:40:00+00:00,2026-03-25 00:44:59.999000+00:00,1.404,1.407,1.404,1.406,300
2026-03-25 00:45:00+00:00,2026-03-25 00:49:59.999000+00:00,1.406,1.411,1.405,1.405,300
2026-03-25 00:50:00+00:00,2026-03-25 00:54:59.999000+00:00,1.405,1.408,1.40493227,1.407,300
2026-03-25 00:55:00+00:00,2026-03-25 00:59:59.999000+00:00,1.407,1.407,1.4044003,1.405,300
2026-03-25 01:00:00+00:00,2026-03-25 01:04:59.999000+00:00,1.405,1.405,1.40001295,1.401,300
2026-03-25 01:05:00+00:00,2026-03-25 01:09:59.999000+00:00,1.401,1.406,1.401,1.405,300
2026-03-25 01:10:00+00:00,2026-03-25 01:14:59.999000+00:00,1.405,1.40909706,1.40411415,1.407,300
2026-03-25 01:15:00+00:00,2026-03-25 01:19:59.999000+00:00,1.407,1.407,1.40280846,1.404,300
2026-03-25 01:20:00+00:00,2026-03-25 01:24:59.999000+00:00,1.404,1.406,1.404,1.406,300
2026-03-25 01:25:00+00:00,2026-03-25 01:29:59.999000+00:00,1.406,1.406,1.40331349,1.406,300
2026-03-25 01:30:00+00:00,2026-03-25 01:34:59.999000+00:00,1.406,1.40602286,1.40201333,1.4027329,300
2026-03-25 01:35:00+00:00,2026-03-25 01:39:59.999000+00:00,1.40274627,1.405,1.40274627,1.404,300
2026-03-25 01:40:00+00:00,2026-03-25 01:44:59.999000+00:00,1.40379928,1.41,1.40379928,1.40822423,300
2026-03-25 01:45:00+00:00,2026-03-25 01:49:59.999000+00:00,1.40816132,1.409,1.403683,1.405,300
2026-03-25 01:50:00+00:00,2026-03-25 01:54:59.999000+00:00,1.405,1.40508665,1.403,1.404,300
2026-03-25 01:55:00+00:00,2026-03-25 01:59:59.999000+00:00,1.404,1.40525608,1.403,1.40330715,300
2026-03-25 02:00:00+00:00,2026-03-25 02:04:59.999000+00:00,1.40321807,1.405,1.4,1.402366,300
2026-03-25 02:05:00+00:00,2026-03-25 02:09:59.999000+00:00,1.402366,1.40542158,1.40235019,1.40502613,300
2026-03-25 02:10:00+00:00,2026-03-25 02:14:59.999000+00:00,1.40507003,1.406,1.40167756,1.40386913,300
2026-03-25 02:15:00+00:00,2026-03-25 02:19:59.999000+00:00,1.40386914,1.40690391,1.40297646,1.40547931,300
2026-03-25 02:20:00+00:00,2026-03-25 02:24:59.999000+00:00,1.40547934,1.40596764,1.40300326,1.404,300
2026-03-25 02:25:00+00:00,2026-03-25 02:29:59.999000+00:00,1.40310675,1.40514128,1.40114835,1.402,300
2026-03-25 02:30:00+00:00,2026-03-25 02:34:59.999000+00:00,1.40115569,1.40148382,1.399,1.39948273,300
2026-03-25 02:35:00+00:00,2026-03-25 02:39:59.999000+00:00,1.4,1.403,1.39938302,1.4016257,300
2026-03-25 02:40:00+00:00,2026-03-25 02:44:59.999000+00:00,1.4016257,1.403,1.401,1.40217154,300
2026-03-25 02:45:00+00:00,2026-03-25 02:49:59.999000+00:00,1.40217151,1.403,1.40064211,1.40064211,300
2026-03-25 02:50:00+00:00,2026-03-25 02:54:59.999000+00:00,1.40062013,1.401,1.3997312,1.40012771,300
2026-03-25 02:55:00+00:00,2026-03-25 02:59:59.999000+00:00,1.40012774,1.40045786,1.39805927,1.39983268,300
2026-03-25 03:00:00+00:00,2026-03-25 03:04:59.999000+00:00,1.39983267,1.40056464,1.39801088,1.39949946,300
2026-03-25 03:05:00+00:00,2026-03-25 03:09:59.999000+00:00,1.39949946,1.40073277,1.39701203,1.39741182,300
2026-03-25 03:10:00+00:00,2026-03-25 03:14:59.999000+00:00,1.39741183,1.39741183,1.39,1.39188684,300
2026-03-25 03:15:00+00:00,2026-03-25 03:19:59.999000+00:00,1.39172542,1.39322174,1.38937562,1.39301084,300
2026-03-25 03:20:00+00:00,2026-03-25 03:24:59.999000+00:00,1.393,1.3944438,1.3915714,1.39391288,300
2026-03-25 03:25:00+00:00,2026-03-25 03:29:59.999000+00:00,1.39388864,1.398,1.39388861,1.39745362,300
2026-03-25 03:30:00+00:00,2026-03-25 03:34:59.999000+00:00,1.39793964,1.39982041,1.396,1.39677915,300
2026-03-25 03:35:00+00:00,2026-03-25 03:39:59.999000+00:00,1.39678458,1.40106713,1.3962337,1.4,300
2026-03-25 03:40:00+00:00,2026-03-25 03:44:59.999000+00:00,1.39946332,1.40041618,1.398,1.39879311,300
2026-03-25 03:45:00+00:00,2026-03-25 03:49:59.999000+00:00,1.39882817,1.40098171,1.3969556,1.39718585,300
2026-03-25 03:50:00+00:00,2026-03-25 03:54:59.999000+00:00,1.398,1.39952457,1.397,1.39835403,300
2026-03-25 03:55:00+00:00,2026-03-25 03:59:59.999000+00:00,1.39848039,1.402,1.398321,1.40086421,300
2026-03-25 04:00:00+00:00,2026-03-25 04:04:59.999000+00:00,1.401,1.40292449,1.40017137,1.402,300
2026-03-25 04:05:00+00:00,2026-03-25 04:09:59.999000+00:00,1.402,1.402,1.39863386,1.39863386,300
2026-03-25 04:10:00+00:00,2026-03-25 04:14:59.999000+00:00,1.399,1.4,1.39827135,1.399,300
2026-03-25 04:15:00+00:00,2026-03-25 04:19:59.999000+00:00,1.39845461,1.399,1.3966192,1.39767636,300
2026-03-25 04:20:00+00:00,2026-03-25 04:24:59.999000+00:00,1.39767636,1.398,1.39645926,1.39714236,300
2026-03-25 04:25:00+00:00,2026-03-25 04:29:59.999000+00:00,1.39732944,1.399,1.39625973,1.39628209,300
2026-03-25 04:30:00+00:00,2026-03-25 04:34:59.999000+00:00,1.39626746,1.397,1.394,1.39446213,300
2026-03-25 04:35:00+00:00,2026-03-25 04:39:59.999000+00:00,1.39446213,1.39502125,1.393,1.393,300
2026-03-25 04:40:00+00:00,2026-03-25 04:44:59.999000+00:00,1.394,1.39403088,1.392,1.393,300
2026-03-25 04:45:00+00:00,2026-03-25 04:49:59.999000+00:00,1.393,1.393,1.38960043,1.39169054,300
2026-03-25 04:50:00+00:00,2026-03-25 04:54:59.999000+00:00,1.39169055,1.39353029,1.39101378,1.39353029,300
2026-03-25 04:55:00+00:00,2026-03-25 04:59:59.999000+00:00,1.3935303,1.39541535,1.39202428,1.39363959,300
2026-03-25 05:00:00+00:00,2026-03-25 05:04:59.999000+00:00,1.39365624,1.394,1.39007955,1.391,300
2026-03-25 05:05:00+00:00,2026-03-25 05:09:59.999000+00:00,1.39038534,1.39895331,1.39024121,1.3965559,300
2026-03-25 05:10:00+00:00,2026-03-25 05:14:59.999000+00:00,1.39658477,1.398,1.39545149,1.396,300
2026-03-25 05:15:00+00:00,2026-03-25 05:19:59.999000+00:00,1.39563403,1.39693588,1.39138702,1.39154286,300
2026-03-25 05:20:00+00:00,2026-03-25 05:24:59.999000+00:00,1.39148192,1.3930906,1.39034994,1.39287043,300
2026-03-25 05:25:00+00:00,2026-03-25 05:29:59.999000+00:00,1.39287043,1.39502685,1.39201907,1.39450133,300
2026-03-25 05:30:00+00:00,2026-03-25 05:34:59.999000+00:00,1.39470972,1.396,1.393,1.39350073,300
2026-03-25 05:35:00+00:00,2026-03-25 05:39:59.999000+00:00,1.39350073,1.39603764,1.39350073,1.39518729,300
2026-03-25 05:40:00+00:00,2026-03-25 05:44:59.999000+00:00,1.39518729,1.39518729,1.39302145,1.394,300
2026-03-25 05:45:00+00:00,2026-03-25 05:49:59.999000+00:00,1.394,1.39658592,1.39273017,1.3937498,300
2026-03-25 05:50:00+00:00,2026-03-25 05:54:59.999000+00:00,1.394,1.394,1.38682454,1.38893947,300
2026-03-25 05:55:00+00:00,2026-03-25 05:59:59.999000+00:00,1.38893947,1.389,1.387,1.388,300
2026-03-25 06:00:00+00:00,2026-03-25 06:04:59.999000+00:00,1.38746178,1.38800435,1.385,1.386,300
2026-03-25 06:05:00+00:00,2026-03-25 06:09:59.999000+00:00,1.38519389,1.386,1.37951657,1.38,300
2026-03-25 06:10:00+00:00,2026-03-25 06:14:59.999000+00:00,1.38,1.38122918,1.37946477,1.38,300
2026-03-25 06:15:00+00:00,2026-03-25 06:19:59.999000+00:00,1.38,1.382,1.37755644,1.382,300
2026-03-25 06:20:00+00:00,2026-03-25 06:24:59.999000+00:00,1.382,1.38596453,1.38084317,1.3854254,300
2026-03-25 06:25:00+00:00,2026-03-25 06:29:59.999000+00:00,1.38492852,1.38769797,1.38402337,1.38769797,300
2026-03-25 06:30:00+00:00,2026-03-25 06:34:59.999000+00:00,1.38740498,1.388,1.385,1.38717375,300
2026-03-25 06:35:00+00:00,2026-03-25 06:39:59.999000+00:00,1.38717375,1.38893588,1.38201907,1.384,300
2026-03-25 06:40:00+00:00,2026-03-25 06:44:59.999000+00:00,1.384,1.385,1.382421,1.384,300
2026-03-25 06:45:00+00:00,2026-03-25 06:49:59.999000+00:00,1.38400201,1.387,1.384,1.38583183,300
2026-03-25 06:50:00+00:00,2026-03-25 06:54:59.999000+00:00,1.38565292,1.387,1.38252787,1.384,300
2026-03-25 06:55:00+00:00,2026-03-25 06:59:59.999000+00:00,1.384,1.384,1.3814362,1.382,300
2026-03-25 07:00:00+00:00,2026-03-25 07:04:59.999000+00:00,1.382,1.384,1.3801973,1.38244069,300
2026-03-25 07:05:00+00:00,2026-03-25 07:09:59.999000+00:00,1.38243261,1.38407125,1.38243261,1.384,300
2026-03-25 07:10:00+00:00,2026-03-25 07:14:59.999000+00:00,1.384,1.386,1.38317357,1.386,300
2026-03-25 07:15:00+00:00,2026-03-25 07:19:59.999000+00:00,1.386,1.387,1.384,1.387,300
2026-03-25 07:20:00+00:00,2026-03-25 07:24:59.999000+00:00,1.387,1.388,1.38,1.38015754,300
2026-03-25 07:25:00+00:00,2026-03-25 07:29:59.999000+00:00,1.38015754,1.382,1.38015754,1.38084545,300
2026-03-25 07:30:00+00:00,2026-03-25 07:34:59.999000+00:00,1.38085274,1.387,1.38023277,1.38023277,300
2026-03-25 07:35:00+00:00,2026-03-25 07:39:59.999000+00:00,1.3802499,1.384,1.38019129,1.38316562,300
2026-03-25 07:40:00+00:00,2026-03-25 07:44:59.999000+00:00,1.38316562,1.386,1.38208398,1.38223159,300
2026-03-25 07:45:00+00:00,2026-03-25 07:49:59.999000+00:00,1.38223156,1.383,1.3793835,1.38156966,300
2026-03-25 07:50:00+00:00,2026-03-25 07:54:59.999000+00:00,1.382,1.383,1.38,1.38172496,300
2026-03-25 07:55:00+00:00,2026-03-25 07:59:59.999000+00:00,1.38172497,1.38440061,1.381,1.383,300
2026-03-25 08:00:00+00:00,2026-03-25 08:04:59.999000+00:00,1.383,1.385,1.38169308,1.383,300
2026-03-25 08:05:00+00:00,2026-03-25 08:09:59.999000+00:00,1.383,1.384,1.382,1.38239697,300
2026-03-25 08:10:00+00:00,2026-03-25 08:14:59.999000+00:00,1.38234674,1.385,1.38203478,1.38459588,300
2026-03-25 08:15:00+00:00,2026-03-25 08:19:59.999000+00:00,1.385,1.392,1.38462944,1.392,300
2026-03-25 08:20:00+00:00,2026-03-25 08:24:59.999000+00:00,1.39164852,1.39521511,1.39164852,1.394,300
2026-03-25 08:25:00+00:00,2026-03-25 08:29:59.999000+00:00,1.394,1.4001163,1.392,1.398,300
2026-03-25 08:30:00+00:00,2026-03-25 08:34:59.999000+00:00,1.398,1.399,1.391,1.395,300
2026-03-25 08:35:00+00:00,2026-03-25 08:39:59.999000+00:00,1.395,1.395,1.38612653,1.38877868,300
2026-03-25 08:40:00+00:00,2026-03-25 08:44:59.999000+00:00,1.38877675,1.391,1.38877675,1.38949008,300
2026-03-25 08:45:00+00:00,2026-03-25 08:49:59.999000+00:00,1.38949008,1.38949646,1.38520125,1.38661759,300
2026-03-25 08:50:00+00:00,2026-03-25 08:54:59.999000+00:00,1.38651515,1.387,1.385,1.38525865,300
2026-03-25 08:55:00+00:00,2026-03-25 08:59:59.999000+00:00,1.38525865,1.386,1.383,1.38310712,300
2026-03-25 09:00:00+00:00,2026-03-25 09:04:59.999000+00:00,1.38310715,1.38318,1.37557738,1.3762489,300
2026-03-25 09:05:00+00:00,2026-03-25 09:09:59.999000+00:00,1.3762489,1.379,1.376,1.379,300
2026-03-25 09:10:00+00:00,2026-03-25 09:14:59.999000+00:00,1.379,1.38,1.37707743,1.379,300
2026-03-25 09:15:00+00:00,2026-03-25 09:19:59.999000+00:00,1.379,1.38,1.377,1.37811907,300
2026-03-25 09:20:00+00:00,2026-03-25 09:24:59.999000+00:00,1.37811907,1.38,1.377,1.378,300
2026-03-25 09:25:00+00:00,2026-03-25 09:29:59.999000+00:00,1.37743062,1.378,1.37602468,1.37701612,300
2026-03-25 09:30:00+00:00,2026-03-25 09:34:59.999000+00:00,1.377,1.37919101,1.376,1.37813466,300
2026-03-25 09:35:00+00:00,2026-03-25 09:39:59.999000+00:00,1.379,1.37933607,1.37705019,1.379,300
2026-03-25 09:40:00+00:00,2026-03-25 09:44:59.999000+00:00,1.379,1.383,1.37849084,1.382,300
2026-03-25 09:45:00+00:00,2026-03-25 09:49:59.999000+00:00,1.383,1.385,1.38097864,1.38434218,300
2026-03-25 09:50:00+00:00,2026-03-25 09:54:59.999000+00:00,1.38434218,1.38612813,1.384,1.386,300
2026-03-25 09:55:00+00:00,2026-03-25 09:59:59.999000+00:00,1.386,1.38835389,1.38556986,1.38633494,300
2026-03-25 10:00:00+00:00,2026-03-25 10:04:59.999000+00:00,1.387,1.3891632,1.38584868,1.388,300
2026-03-25 10:05:00+00:00,2026-03-25 10:09:59.999000+00:00,1.38710813,1.38988622,1.386,1.389,300
2026-03-25 10:10:00+00:00,2026-03-25 10:14:59.999000+00:00,1.389,1.391,1.38853541,1.39,300
2026-03-25 10:15:00+00:00,2026-03-25 10:19:59.999000+00:00,1.39,1.39,1.3861403,1.38649338,300
2026-03-25 10:20:00+00:00,2026-03-25 10:24:59.999000+00:00,1.38649308,1.388,1.38648574,1.388,300
2026-03-25 10:25:00+00:00,2026-03-25 10:29:59.999000+00:00,1.388,1.393,1.3872723,1.39234343,300
2026-03-25 10:30:00+00:00,2026-03-25 10:34:59.999000+00:00,1.39236602,1.393,1.38877801,1.39106715,300
2026-03-25 10:35:00+00:00,2026-03-25 10:39:59.999000+00:00,1.3909739,1.39130795,1.39,1.391,300
2026-03-25 10:40:00+00:00,2026-03-25 10:44:59.999000+00:00,1.391,1.39302968,1.39048269,1.392,300
2026-03-25 10:45:00+00:00,2026-03-25 10:49:59.999000+00:00,1.392,1.3933146,1.39066382,1.39288741,300
2026-03-25 10:50:00+00:00,2026-03-25 10:54:59.999000+00:00,1.393,1.394,1.3924393,1.39249039,300
2026-03-25 10:55:00+00:00,2026-03-25 10:59:59.999000+00:00,1.393,1.39475635,1.38726386,1.38775919,300
2026-03-25 11:00:00+00:00,2026-03-25 11:04:59.999000+00:00,1.388,1.391,1.38584111,1.386,300
2026-03-25 11:05:00+00:00,2026-03-25 11:09:59.999000+00:00,1.387,1.387,1.378,1.38189124,300
2026-03-25 11:10:00+00:00,2026-03-25 11:14:59.999000+00:00,1.382,1.38402514,1.38129223,1.384,300
2026-03-25 11:15:00+00:00,2026-03-25 11:19:59.999000+00:00,1.38376268,1.39,1.38376268,1.39,300
2026-03-25 11:20:00+00:00,2026-03-25 11:24:59.999000+00:00,1.39,1.391,1.38737303,1.39046591,300
2026-03-25 11:25:00+00:00,2026-03-25 11:29:59.999000+00:00,1.391,1.393,1.39,1.39111993,300
2026-03-25 11:30:00+00:00,2026-03-25 11:34:59.999000+00:00,1.392,1.395,1.39113971,1.393,300
2026-03-25 11:35:00+00:00,2026-03-25 11:39:59.999000+00:00,1.393,1.393,1.391,1.393,300
2026-03-25 11:40:00+00:00,2026-03-25 11:44:59.999000+00:00,1.393,1.39311981,1.39001866,1.39135467,300
2026-03-25 11:45:00+00:00,2026-03-25 11:49:59.999000+00:00,1.39135467,1.393,1.386,1.389,300
2026-03-25 11:50:00+00:00,2026-03-25 11:54:59.999000+00:00,1.389,1.39000995,1.38665973,1.39,300
2026-03-25 11:55:00+00:00,2026-03-25 11:59:59.999000+00:00,1.391,1.39200681,1.39003343,1.392,300
2026-03-25 12:00:00+00:00,2026-03-25 12:04:59.999000+00:00,1.39139197,1.39310741,1.38787656,1.38787656,300
2026-03-25 12:05:00+00:00,2026-03-25 12:09:59.999000+00:00,1.38787656,1.392,1.38367227,1.392,300
2026-03-25 12:10:00+00:00,2026-03-25 12:14:59.999000+00:00,1.392,1.39231703,1.388,1.389,300
2026-03-25 12:15:00+00:00,2026-03-25 12:19:59.999000+00:00,1.389,1.389,1.38,1.384,300
2026-03-25 12:20:00+00:00,2026-03-25 12:24:59.999000+00:00,1.38381769,1.386,1.379,1.38214725,300
2026-03-25 12:25:00+00:00,2026-03-25 12:29:59.999000+00:00,1.38214725,1.383,1.37859851,1.382,300
2026-03-25 12:30:00+00:00,2026-03-25 12:34:59.999000+00:00,1.382,1.383,1.37925538,1.382,300
2026-03-25 12:35:00+00:00,2026-03-25 12:39:59.999000+00:00,1.382,1.38208644,1.38,1.381,300
2026-03-25 12:40:00+00:00,2026-03-25 12:44:59.999000+00:00,1.38053139,1.3830527,1.38034939,1.38062848,300
2026-03-25 12:45:00+00:00,2026-03-25 12:49:59.999000+00:00,1.38062848,1.38303638,1.37931467,1.383,300
2026-03-25 12:50:00+00:00,2026-03-25 12:54:59.999000+00:00,1.383,1.383,1.37982555,1.38119025,300
2026-03-25 12:55:00+00:00,2026-03-25 12:59:59.999000+00:00,1.38124896,1.39103572,1.38124896,1.387,300
2026-03-25 13:00:00+00:00,2026-03-25 13:04:59.999000+00:00,1.387,1.39,1.38502078,1.389,300
2026-03-25 13:05:00+00:00,2026-03-25 13:09:59.999000+00:00,1.389,1.39,1.38271471,1.384,300
2026-03-25 13:10:00+00:00,2026-03-25 13:14:59.999000+00:00,1.384,1.385,1.38141354,1.38316171,300
2026-03-25 13:15:00+00:00,2026-03-25 13:19:59.999000+00:00,1.38316171,1.384,1.37851849,1.383,300
2026-03-25 13:20:00+00:00,2026-03-25 13:24:59.999000+00:00,1.384,1.386,1.381,1.382,300
2026-03-25 13:25:00+00:00,2026-03-25 13:29:59.999000+00:00,1.382,1.38308378,1.381,1.38234389,300
2026-03-25 13:30:00+00:00,2026-03-25 13:34:59.999000+00:00,1.38234389,1.386,1.382,1.38231499,300
2026-03-25 13:35:00+00:00,2026-03-25 13:39:59.999000+00:00,1.382,1.385,1.38,1.38047743,300
2026-03-25 13:40:00+00:00,2026-03-25 13:44:59.999000+00:00,1.381,1.383,1.37767046,1.378,300
2026-03-25 13:45:00+00:00,2026-03-25 13:49:59.999000+00:00,1.378,1.38,1.374,1.375,300
2026-03-25 13:50:00+00:00,2026-03-25 13:54:59.999000+00:00,1.37432395,1.375,1.369,1.37,300
2026-03-25 13:55:00+00:00,2026-03-25 13:59:59.999000+00:00,1.36974946,1.372,1.368,1.369,300
2026-03-25 14:00:00+00:00,2026-03-25 14:04:59.999000+00:00,1.36884436,1.37,1.365,1.36804553,300
2026-03-25 14:05:00+00:00,2026-03-25 14:09:59.999000+00:00,1.36785913,1.372351,1.36572465,1.37166443,300
2026-03-25 14:10:00+00:00,2026-03-25 14:14:59.999000+00:00,1.372,1.372,1.369,1.370609,300
2026-03-25 14:15:00+00:00,2026-03-25 14:19:59.999000+00:00,1.3705396,1.374,1.3705226,1.37304054,300
2026-03-25 14:20:00+00:00,2026-03-25 14:24:59.999000+00:00,1.37304054,1.375,1.37025588,1.37066313,300
2026-03-25 14:25:00+00:00,2026-03-25 14:29:59.999000+00:00,1.37049364,1.373,1.36824646,1.36960748,300
2026-03-25 14:30:00+00:00,2026-03-25 14:34:59.999000+00:00,1.36960748,1.374,1.36960748,1.37317122,300
2026-03-25 14:35:00+00:00,2026-03-25 14:39:59.999000+00:00,1.37318605,1.37413605,1.37060634,1.37193168,300
2026-03-25 14:40:00+00:00,2026-03-25 14:44:59.999000+00:00,1.372,1.375,1.37138071,1.37378861,300
2026-03-25 14:45:00+00:00,2026-03-25 14:49:59.999000+00:00,1.37378861,1.378,1.37278835,1.37782947,300
2026-03-25 14:50:00+00:00,2026-03-25 14:54:59.999000+00:00,1.37784103,1.38,1.37671458,1.37671458,300
2026-03-25 14:55:00+00:00,2026-03-25 14:59:59.999000+00:00,1.37674011,1.379,1.37527918,1.37541652,300
2026-03-25 15:00:00+00:00,2026-03-25 15:04:59.999000+00:00,1.37555618,1.37742689,1.375,1.37669725,300
2026-03-25 15:05:00+00:00,2026-03-25 15:09:59.999000+00:00,1.37669015,1.378,1.37014221,1.37054102,300
2026-03-25 15:10:00+00:00,2026-03-25 15:14:59.999000+00:00,1.37054102,1.374,1.368,1.36928624,300
2026-03-25 15:15:00+00:00,2026-03-25 15:19:59.999000+00:00,1.36928624,1.371,1.36146004,1.367,300
2026-03-25 15:20:00+00:00,2026-03-25 15:24:59.999000+00:00,1.36636941,1.37300705,1.36636941,1.372,300
2026-03-25 15:25:00+00:00,2026-03-25 15:29:59.999000+00:00,1.372,1.3733805,1.36825859,1.37181553,300
2026-03-25 15:30:00+00:00,2026-03-25 15:34:59.999000+00:00,1.3718813,1.373,1.36720719,1.36787297,300
2026-03-25 15:35:00+00:00,2026-03-25 15:39:59.999000+00:00,1.36787297,1.36800063,1.36428048,1.366,300
2026-03-25 15:40:00+00:00,2026-03-25 15:44:59.999000+00:00,1.366,1.366,1.363,1.36369977,300
2026-03-25 15:45:00+00:00,2026-03-25 15:49:59.999000+00:00,1.364,1.36634957,1.36321733,1.36634957,300
2026-03-25 15:50:00+00:00,2026-03-25 15:54:59.999000+00:00,1.36634957,1.368,1.36557595,1.36611155,300
2026-03-25 15:55:00+00:00,2026-03-25 15:59:59.999000+00:00,1.36611155,1.368,1.36537481,1.36569254,300
2026-03-25 16:00:00+00:00,2026-03-25 16:04:59.999000+00:00,1.36569257,1.36707527,1.36569257,1.36707527,300
2026-03-25 16:05:00+00:00,2026-03-25 16:09:59.999000+00:00,1.367,1.36813807,1.36445347,1.368,300
2026-03-25 16:10:00+00:00,2026-03-25 16:14:59.999000+00:00,1.36752555,1.369,1.36507519,1.36844606,300
2026-03-25 16:15:00+00:00,2026-03-25 16:19:59.999000+00:00,1.36844606,1.371,1.36803142,1.36974587,300
2026-03-25 16:20:00+00:00,2026-03-25 16:24:59.999000+00:00,1.36974585,1.373,1.369,1.37,300
2026-03-25 16:25:00+00:00,2026-03-25 16:29:59.999000+00:00,1.371,1.38002345,1.36957001,1.37870038,300
2026-03-25 16:30:00+00:00,2026-03-25 16:34:59.999000+00:00,1.3787103,1.38140865,1.37133358,1.37133358,300
2026-03-25 16:35:00+00:00,2026-03-25 16:39:59.999000+00:00,1.371,1.373,1.36915083,1.373,300
2026-03-25 16:40:00+00:00,2026-03-25 16:44:59.999000+00:00,1.373,1.373,1.36871348,1.36871348,300
2026-03-25 16:45:00+00:00,2026-03-25 16:49:59.999000+00:00,1.369,1.37,1.36443503,1.36512151,300
2026-03-25 16:50:00+00:00,2026-03-25 16:54:59.999000+00:00,1.36509956,1.369,1.36351198,1.368,300
2026-03-25 16:55:00+00:00,2026-03-25 16:59:59.999000+00:00,1.368,1.37,1.36455766,1.366,300
2026-03-25 17:00:00+00:00,2026-03-25 17:04:59.999000+00:00,1.366,1.37114748,1.36558017,1.36819009,300
2026-03-25 17:05:00+00:00,2026-03-25 17:09:59.999000+00:00,1.36819009,1.369,1.365,1.36650187,300
2026-03-25 17:10:00+00:00,2026-03-25 17:14:59.999000+00:00,1.36650187,1.367,1.36408647,1.36553667,300
2026-03-25 17:15:00+00:00,2026-03-25 17:19:59.999000+00:00,1.365,1.365,1.3615004,1.363,300
2026-03-25 17:20:00+00:00,2026-03-25 17:24:59.999000+00:00,1.36232716,1.366,1.36121089,1.36458946,300
2026-03-25 17:25:00+00:00,2026-03-25 17:29:59.999000+00:00,1.36458943,1.369,1.36407388,1.36792187,300
2026-03-25 17:30:00+00:00,2026-03-25 17:34:59.999000+00:00,1.36784741,1.371,1.36624988,1.371,300
2026-03-25 17:35:00+00:00,2026-03-25 17:39:59.999000+00:00,1.37,1.37129492,1.36884227,1.37,300
2026-03-25 17:40:00+00:00,2026-03-25 17:44:59.999000+00:00,1.37,1.371,1.36807625,1.37047125,300
2026-03-25 17:45:00+00:00,2026-03-25 17:49:59.999000+00:00,1.3709371,1.3709371,1.366,1.36639866,300
2026-03-25 17:50:00+00:00,2026-03-25 17:54:59.999000+00:00,1.36639864,1.368,1.3641101,1.36442949,300
2026-03-25 17:55:00+00:00,2026-03-25 17:59:59.999000+00:00,1.36446377,1.36911968,1.364,1.36911968,300
2026-03-25 18:00:00+00:00,2026-03-25 18:04:59.999000+00:00,1.36922209,1.37160369,1.367,1.37138622,300
2026-03-25 18:05:00+00:00,2026-03-25 18:09:59.999000+00:00,1.37126742,1.374,1.37090126,1.37149004,300
2026-03-25 18:10:00+00:00,2026-03-25 18:14:59.999000+00:00,1.372,1.373,1.37112307,1.373,300
2026-03-25 18:15:00+00:00,2026-03-25 18:19:59.999000+00:00,1.3725462,1.376,1.37205839,1.3736224,300
2026-03-25 18:20:00+00:00,2026-03-25 18:24:59.999000+00:00,1.37361509,1.37704557,1.373,1.37549311,300
2026-03-25 18:25:00+00:00,2026-03-25 18:29:59.999000+00:00,1.376,1.378,1.37376203,1.37652698,300
2026-03-25 18:30:00+00:00,2026-03-25 18:34:59.999000+00:00,1.37660996,1.37867339,1.37660996,1.378,300
2026-03-25 18:35:00+00:00,2026-03-25 18:39:59.999000+00:00,1.379,1.379,1.37128357,1.37128357,300
2026-03-25 18:40:00+00:00,2026-03-25 18:44:59.999000+00:00,1.372,1.374,1.3712543,1.373,300
2026-03-25 18:45:00+00:00,2026-03-25 18:49:59.999000+00:00,1.373,1.37608366,1.37287711,1.37550392,300
2026-03-25 18:50:00+00:00,2026-03-25 18:54:59.999000+00:00,1.37550392,1.37615321,1.37417522,1.37558279,300
2026-03-25 18:55:00+00:00,2026-03-25 18:59:59.999000+00:00,1.37558279,1.376,1.37016999,1.37131136,300
2026-03-25 19:00:00+00:00,2026-03-25 19:04:59.999000+00:00,1.37131136,1.372,1.37,1.372,300
2026-03-25 19:05:00+00:00,2026-03-25 19:09:59.999000+00:00,1.372,1.373,1.36901517,1.37,300
2026-03-25 19:10:00+00:00,2026-03-25 19:14:59.999000+00:00,1.37,1.37205764,1.36942885,1.372,300
2026-03-25 19:15:00+00:00,2026-03-25 19:19:59.999000+00:00,1.37144617,1.373,1.36926508,1.37240302,300
2026-03-25 19:20:00+00:00,2026-03-25 19:24:59.999000+00:00,1.37230839,1.374,1.37081015,1.37213209,300
2026-03-25 19:25:00+00:00,2026-03-25 19:29:59.999000+00:00,1.37211665,1.373,1.37047863,1.37169996,300
2026-03-25 19:30:00+00:00,2026-03-25 19:34:59.999000+00:00,1.37169996,1.372,1.365,1.36740857,300
2026-03-25 19:35:00+00:00,2026-03-25 19:39:59.999000+00:00,1.36740857,1.37,1.36696083,1.36960154,300
2026-03-25 19:40:00+00:00,2026-03-25 19:44:59.999000+00:00,1.36963343,1.373,1.36901367,1.37,300
2026-03-25 19:45:00+00:00,2026-03-25 19:49:59.999000+00:00,1.37,1.37,1.367,1.368,300
2026-03-25 19:50:00+00:00,2026-03-25 19:54:59.999000+00:00,1.368,1.37,1.36549311,1.367,300
2026-03-25 19:55:00+00:00,2026-03-25 19:59:59.999000+00:00,1.367,1.368,1.36338546,1.36597345,300
2026-03-25 20:00:00+00:00,2026-03-25 20:04:59.999000+00:00,1.36597342,1.367,1.36300875,1.365,300
2026-03-25 20:05:00+00:00,2026-03-25 20:09:59.999000+00:00,1.36475895,1.365,1.36218957,1.36331408,300
2026-03-25 20:10:00+00:00,2026-03-25 20:14:59.999000+00:00,1.36331408,1.365,1.36138771,1.363,300
2026-03-25 20:15:00+00:00,2026-03-25 20:19:59.999000+00:00,1.363,1.363,1.349,1.35748524,300
2026-03-25 20:20:00+00:00,2026-03-25 20:24:59.999000+00:00,1.35754907,1.358,1.34838681,1.34908198,300
2026-03-25 20:25:00+00:00,2026-03-25 20:29:59.999000+00:00,1.349082,1.352,1.34888029,1.35,300
2026-03-25 20:30:00+00:00,2026-03-25 20:34:59.999000+00:00,1.34957012,1.351,1.34402935,1.34678321,300
2026-03-25 20:35:00+00:00,2026-03-25 20:39:59.999000+00:00,1.34675768,1.352,1.3452064,1.34953073,300
2026-03-25 20:40:00+00:00,2026-03-25 20:44:59.999000+00:00,1.34953073,1.35205314,1.347,1.35051988,300
2026-03-25 20:45:00+00:00,2026-03-25 20:49:59.999000+00:00,1.35051988,1.352,1.34976357,1.35044072,300
2026-03-25 20:50:00+00:00,2026-03-25 20:54:59.999000+00:00,1.35044072,1.352,1.34910253,1.35049066,300
2026-03-25 20:55:00+00:00,2026-03-25 20:59:59.999000+00:00,1.351,1.354,1.34999058,1.35030527,300
2026-03-25 21:00:00+00:00,2026-03-25 21:04:59.999000+00:00,1.35047486,1.352,1.34883637,1.35176801,300
2026-03-25 21:05:00+00:00,2026-03-25 21:09:59.999000+00:00,1.352,1.352,1.349,1.35079794,300
2026-03-25 21:10:00+00:00,2026-03-25 21:14:59.999000+00:00,1.35079794,1.35113099,1.34738901,1.351,300
2026-03-25 21:15:00+00:00,2026-03-25 21:19:59.999000+00:00,1.351,1.352,1.349,1.34926172,300
2026-03-25 21:20:00+00:00,2026-03-25 21:24:59.999000+00:00,1.34926172,1.35149927,1.3480128,1.349,300
2026-03-25 21:25:00+00:00,2026-03-25 21:29:59.999000+00:00,1.349,1.349,1.34704266,1.34876264,300
2026-03-25 21:30:00+00:00,2026-03-25 21:34:59.999000+00:00,1.34876264,1.349,1.34613118,1.34766278,300
2026-03-25 21:35:00+00:00,2026-03-25 21:39:59.999000+00:00,1.348,1.35217331,1.34732129,1.35217331,300
2026-03-25 21:40:00+00:00,2026-03-25 21:44:59.999000+00:00,1.35218063,1.353,1.34926799,1.35,300
2026-03-25 21:45:00+00:00,2026-03-25 21:49:59.999000+00:00,1.35,1.352,1.348,1.34818896,300
2026-03-25 21:50:00+00:00,2026-03-25 21:54:59.999000+00:00,1.34816491,1.351,1.34812101,1.35030654,300
2026-03-25 21:55:00+00:00,2026-03-25 21:59:59.999000+00:00,1.35030654,1.35149988,1.34864325,1.35146327,300
2026-03-25 22:00:00+00:00,2026-03-25 22:04:59.999000+00:00,1.35130142,1.355,1.35046671,1.353,300
2026-03-25 22:05:00+00:00,2026-03-25 22:09:59.999000+00:00,1.353,1.353,1.34675745,1.34937808,300
2026-03-25 22:10:00+00:00,2026-03-25 22:14:59.999000+00:00,1.34937016,1.35,1.348,1.34886614,300
2026-03-25 22:15:00+00:00,2026-03-25 22:19:59.999000+00:00,1.34877764,1.35,1.34751471,1.34823654,300
2026-03-25 22:20:00+00:00,2026-03-25 22:24:59.999000+00:00,1.34823654,1.352,1.34823654,1.3508931,300
2026-03-25 22:25:00+00:00,2026-03-25 22:29:59.999000+00:00,1.35089313,1.353,1.34912434,1.351,300
2026-03-25 22:30:00+00:00,2026-03-25 22:34:59.999000+00:00,1.351,1.356,1.349,1.355,300
2026-03-25 22:35:00+00:00,2026-03-25 22:39:59.999000+00:00,1.355,1.358,1.35403397,1.357,300
2026-03-25 22:40:00+00:00,2026-03-25 22:44:59.999000+00:00,1.357,1.3625951,1.35618893,1.359,300
2026-03-25 22:45:00+00:00,2026-03-25 22:49:59.999000+00:00,1.359,1.36,1.356,1.35719852,300
2026-03-25 22:50:00+00:00,2026-03-25 22:54:59.999000+00:00,1.35722421,1.35722421,1.35403849,1.356,300
2026-03-25 22:55:00+00:00,2026-03-25 22:59:59.999000+00:00,1.356,1.358,1.355,1.35749982,300
2026-03-25 23:00:00+00:00,2026-03-25 23:04:59.999000+00:00,1.35749982,1.35904677,1.35676899,1.358,300
2026-03-25 23:05:00+00:00,2026-03-25 23:09:59.999000+00:00,1.359,1.359,1.35400279,1.355,300
2026-03-25 23:10:00+00:00,2026-03-25 23:14:59.999000+00:00,1.355,1.35525834,1.354,1.355,300
2026-03-25 23:15:00+00:00,2026-03-25 23:19:59.999000+00:00,1.35450319,1.356,1.35397635,1.3544809,300
2026-03-25 23:20:00+00:00,2026-03-25 23:24:59.999000+00:00,1.35440773,1.357,1.354,1.356,300
2026-03-25 23:25:00+00:00,2026-03-25 23:29:59.999000+00:00,1.356,1.358,1.354,1.35476433,300
2026-03-25 23:30:00+00:00,2026-03-25 23:34:59.999000+00:00,1.35458507,1.356,1.353,1.35496283,300
2026-03-25 23:35:00+00:00,2026-03-25 23:39:59.999000+00:00,1.35496283,1.355,1.35104754,1.353,300
2026-03-25 23:40:00+00:00,2026-03-25 23:44:59.999000+00:00,1.353,1.354,1.352,1.354,300
2026-03-25 23:45:00+00:00,2026-03-25 23:49:59.999000+00:00,1.354,1.355,1.35300506,1.355,300
2026-03-25 23:50:00+00:00,2026-03-25 23:54:59.999000+00:00,1.355,1.36002931,1.355,1.359,300
2026-03-25 23:55:00+00:00,2026-03-25 23:59:59.999000+00:00,1.359,1.362,1.35822596,1.35975218,300
2026-03-26 00:00:00+00:00,2026-03-26 00:04:59.999000+00:00,1.35975218,1.36406561,1.359,1.3621282,300
2026-03-26 00:05:00+00:00,2026-03-26 00:09:59.999000+00:00,1.363,1.364,1.36147584,1.36239435,300
2026-03-26 00:10:00+00:00,2026-03-26 00:14:59.999000+00:00,1.36239435,1.36594612,1.362,1.36473516,300
2026-03-26 00:15:00+00:00,2026-03-26 00:19:59.999000+00:00,1.36452049,1.36607,1.35961784,1.35961784,300
2026-03-26 00:20:00+00:00,2026-03-26 00:24:59.999000+00:00,1.35829832,1.36,1.35530661,1.35651773,300
2026-03-26 00:25:00+00:00,2026-03-26 00:29:59.999000+00:00,1.35655067,1.357,1.35410501,1.356,300
2026-03-26 00:30:00+00:00,2026-03-26 00:34:59.999000+00:00,1.356,1.35794532,1.3535202,1.357,300
2026-03-26 00:35:00+00:00,2026-03-26 00:39:59.999000+00:00,1.357,1.35740882,1.35523986,1.35642333,300
2026-03-26 00:40:00+00:00,2026-03-26 00:44:59.999000+00:00,1.35642336,1.358,1.35512511,1.358,300
2026-03-26 00:45:00+00:00,2026-03-26 00:49:59.999000+00:00,1.358,1.35808449,1.35537286,1.357,300
2026-03-26 00:50:00+00:00,2026-03-26 00:54:59.999000+00:00,1.357,1.357,1.351,1.353,300
2026-03-26 00:55:00+00:00,2026-03-26 00:59:59.999000+00:00,1.353,1.35607623,1.35233447,1.356,300
2026-03-26 01:00:00+00:00,2026-03-26 01:04:59.999000+00:00,1.35586873,1.359,1.35586873,1.35776405,300
2026-03-26 01:05:00+00:00,2026-03-26 01:09:59.999000+00:00,1.35776405,1.359,1.35645547,1.358,300
2026-03-26 01:10:00+00:00,2026-03-26 01:14:59.999000+00:00,1.358,1.363,1.35704246,1.36089224,300
2026-03-26 01:15:00+00:00,2026-03-26 01:19:59.999000+00:00,1.36089224,1.362,1.35841158,1.35915411,300
2026-03-26 01:20:00+00:00,2026-03-26 01:24:59.999000+00:00,1.36,1.361,1.358,1.359,300
2026-03-26 01:25:00+00:00,2026-03-26 01:29:59.999000+00:00,1.359,1.36232471,1.35840931,1.36232471,300
2026-03-26 01:30:00+00:00,2026-03-26 01:34:59.999000+00:00,1.362,1.36585547,1.362,1.36404118,300
2026-03-26 01:35:00+00:00,2026-03-26 01:39:59.999000+00:00,1.364045,1.36511407,1.36046877,1.36201755,300
2026-03-26 01:40:00+00:00,2026-03-26 01:44:59.999000+00:00,1.36201755,1.363,1.35812654,1.359,300
2026-03-26 01:45:00+00:00,2026-03-26 01:49:59.999000+00:00,1.359,1.361,1.35841635,1.35918943,300
2026-03-26 01:50:00+00:00,2026-03-26 01:54:59.999000+00:00,1.35918943,1.361,1.358,1.359,300
2026-03-26 01:55:00+00:00,2026-03-26 01:59:59.999000+00:00,1.36,1.36,1.356,1.35873487,300
2026-03-26 02:00:00+00:00,2026-03-26 02:04:59.999000+00:00,1.35873496,1.359,1.356,1.35648944,300
2026-03-26 02:05:00+00:00,2026-03-26 02:09:59.999000+00:00,1.35648335,1.35701663,1.3544786,1.35453574,300
2026-03-26 02:10:00+00:00,2026-03-26 02:14:59.999000+00:00,1.35453574,1.35591846,1.35195901,1.35247927,300
2026-03-26 02:15:00+00:00,2026-03-26 02:19:59.999000+00:00,1.35247927,1.353,1.35,1.351,300
2026-03-26 02:20:00+00:00,2026-03-26 02:24:59.999000+00:00,1.351,1.3520256,1.349,1.34932521,300
2026-03-26 02:25:00+00:00,2026-03-26 02:29:59.999000+00:00,1.34941066,1.352,1.34904183,1.35,300
2026-03-26 02:30:00+00:00,2026-03-26 02:34:59.999000+00:00,1.35,1.35,1.34329509,1.34668338,300
2026-03-26 02:35:00+00:00,2026-03-26 02:39:59.999000+00:00,1.34648527,1.34707639,1.34412962,1.345,300
2026-03-26 02:40:00+00:00,2026-03-26 02:44:59.999000+00:00,1.345,1.34503531,1.34305833,1.34347802,300
2026-03-26 02:45:00+00:00,2026-03-26 02:49:59.999000+00:00,1.34347802,1.34649143,1.34346439,1.346,300
2026-03-26 02:50:00+00:00,2026-03-26 02:54:59.999000+00:00,1.346,1.34674089,1.345,1.34653561,300
2026-03-26 02:55:00+00:00,2026-03-26 02:59:59.999000+00:00,1.34668605,1.349,1.34654296,1.34868342,300
2026-03-26 03:00:00+00:00,2026-03-26 03:04:59.999000+00:00,1.34868348,1.34868348,1.34373171,1.34373171,300
2026-03-26 03:05:00+00:00,2026-03-26 03:09:59.999000+00:00,1.34373174,1.344,1.33886568,1.3408443,300
2026-03-26 03:10:00+00:00,2026-03-26 03:14:59.999000+00:00,1.342,1.346,1.341,1.346,300
2026-03-26 03:15:00+00:00,2026-03-26 03:19:59.999000+00:00,1.346,1.346,1.34348077,1.34400489,300
2026-03-26 03:20:00+00:00,2026-03-26 03:24:59.999000+00:00,1.34407074,1.34424734,1.34,1.34179809,300
2026-03-26 03:25:00+00:00,2026-03-26 03:29:59.999000+00:00,1.34199989,1.34199989,1.33874306,1.34,300
2026-03-26 03:30:00+00:00,2026-03-26 03:34:59.999000+00:00,1.34,1.3451578,1.33990364,1.34461478,300
2026-03-26 03:35:00+00:00,2026-03-26 03:39:59.999000+00:00,1.34461478,1.347,1.344461,1.34519698,300
2026-03-26 03:40:00+00:00,2026-03-26 03:44:59.999000+00:00,1.346,1.34614202,1.34306597,1.34315955,300
2026-03-26 03:45:00+00:00,2026-03-26 03:49:59.999000+00:00,1.34325032,1.34407655,1.342,1.34272038,300
2026-03-26 03:50:00+00:00,2026-03-26 03:54:59.999000+00:00,1.34272038,1.343,1.341,1.343,300
2026-03-26 03:55:00+00:00,2026-03-26 03:59:59.999000+00:00,1.343,1.34447976,1.341,1.342,300
2026-03-26 04:00:00+00:00,2026-03-26 04:04:59.999000+00:00,1.342,1.342,1.33936614,1.33984808,300
2026-03-26 04:05:00+00:00,2026-03-26 04:09:59.999000+00:00,1.33984808,1.341,1.338,1.339,300
2026-03-26 04:10:00+00:00,2026-03-26 04:14:59.999000+00:00,1.339,1.34,1.337,1.33717735,300
2026-03-26 04:15:00+00:00,2026-03-26 04:19:59.999000+00:00,1.33717732,1.33750413,1.332,1.333,300
2026-03-26 04:20:00+00:00,2026-03-26 04:24:59.999000+00:00,1.33275142,1.33494226,1.332,1.33354659,300
2026-03-26 04:25:00+00:00,2026-03-26 04:29:59.999000+00:00,1.33354659,1.336,1.33354656,1.33566286,300
2026-03-26 04:30:00+00:00,2026-03-26 04:34:59.999000+00:00,1.33563968,1.33601833,1.33448536,1.33502454,300
2026-03-26 04:35:00+00:00,2026-03-26 04:39:59.999000+00:00,1.33502454,1.337,1.33502128,1.33650847,300
2026-03-26 04:40:00+00:00,2026-03-26 04:44:59.999000+00:00,1.33601655,1.337,1.3334614,1.3334614,300
2026-03-26 04:45:00+00:00,2026-03-26 04:49:59.999000+00:00,1.3334614,1.337,1.3333963,1.336,300
2026-03-26 04:50:00+00:00,2026-03-26 04:54:59.999000+00:00,1.336,1.336,1.33410294,1.335,300
2026-03-26 04:55:00+00:00,2026-03-26 04:59:59.999000+00:00,1.335,1.33504416,1.33301502,1.33483954,300
2026-03-26 05:00:00+00:00,2026-03-26 05:04:59.999000+00:00,1.33483954,1.335,1.3313226,1.33243035,300
2026-03-26 05:05:00+00:00,2026-03-26 05:09:59.999000+00:00,1.33237181,1.336,1.32823473,1.33466134,300
2026-03-26 05:10:00+00:00,2026-03-26 05:14:59.999000+00:00,1.33391702,1.3345947,1.33195833,1.33363606,300
2026-03-26 05:15:00+00:00,2026-03-26 05:19:59.999000+00:00,1.33363606,1.33430782,1.33100698,1.33387479,300
2026-03-26 05:20:00+00:00,2026-03-26 05:24:59.999000+00:00,1.33325661,1.33464945,1.33180957,1.33204519,300
2026-03-26 05:25:00+00:00,2026-03-26 05:29:59.999000+00:00,1.33204519,1.333,1.32737711,1.329,300
2026-03-26 05:30:00+00:00,2026-03-26 05:34:59.999000+00:00,1.32845148,1.33125563,1.327,1.33,300
2026-03-26 05:35:00+00:00,2026-03-26 05:39:59.999000+00:00,1.33,1.331,1.3280248,1.32883412,300
2026-03-26 05:40:00+00:00,2026-03-26 05:44:59.999000+00:00,1.32885734,1.33094062,1.32678,1.32785722,300
2026-03-26 05:45:00+00:00,2026-03-26 05:49:59.999000+00:00,1.32786756,1.33600208,1.32625286,1.33586614,300
2026-03-26 05:50:00+00:00,2026-03-26 05:54:59.999000+00:00,1.33574412,1.33626509,1.33059404,1.331,300
2026-03-26 05:55:00+00:00,2026-03-26 05:59:59.999000+00:00,1.331,1.33304659,1.329,1.331,300
2026-03-26 06:00:00+00:00,2026-03-26 06:04:59.999000+00:00,1.3305591,1.33084505,1.327,1.328,300
2026-03-26 06:05:00+00:00,2026-03-26 06:09:59.999000+00:00,1.328,1.3297848,1.327,1.3297848,300
2026-03-26 06:10:00+00:00,2026-03-26 06:14:59.999000+00:00,1.3295317,1.32968466,1.32667793,1.32958464,300
2026-03-26 06:15:00+00:00,2026-03-26 06:19:59.999000+00:00,1.32958464,1.33012702,1.32717155,1.328,300
2026-03-26 06:20:00+00:00,2026-03-26 06:24:59.999000+00:00,1.32763584,1.328,1.3185172,1.31935026,300
2026-03-26 06:25:00+00:00,2026-03-26 06:29:59.999000+00:00,1.319,1.322,1.31805287,1.321542,300
2026-03-26 06:30:00+00:00,2026-03-26 06:34:59.999000+00:00,1.32156115,1.325,1.32114254,1.32257337,300
2026-03-26 06:35:00+00:00,2026-03-26 06:39:59.999000+00:00,1.32257337,1.323,1.31902387,1.32046453,300
2026-03-26 06:40:00+00:00,2026-03-26 06:44:59.999000+00:00,1.32050364,1.32335772,1.319,1.32034529,300
2026-03-26 06:45:00+00:00,2026-03-26 06:49:59.999000+00:00,1.32034476,1.32336482,1.31873121,1.322,300
2026-03-26 06:50:00+00:00,2026-03-26 06:54:59.999000+00:00,1.32149806,1.322,1.3202463,1.32121753,300
2026-03-26 06:55:00+00:00,2026-03-26 06:59:59.999000+00:00,1.32122487,1.32625696,1.32122487,1.32351663,300
2026-03-26 07:00:00+00:00,2026-03-26 07:04:59.999000+00:00,1.32351666,1.32753208,1.32277096,1.32595854,300
2026-03-26 07:05:00+00:00,2026-03-26 07:09:59.999000+00:00,1.326,1.32680949,1.32366168,1.32662372,300
2026-03-26 07:10:00+00:00,2026-03-26 07:14:59.999000+00:00,1.32684323,1.32747305,1.32441576,1.32480739,300
2026-03-26 07:15:00+00:00,2026-03-26 07:19:59.999000+00:00,1.32480739,1.32612148,1.32419047,1.32537583,300
2026-03-26 07:20:00+00:00,2026-03-26 07:24:59.999000+00:00,1.32537583,1.326,1.32252666,1.325,300
2026-03-26 07:25:00+00:00,2026-03-26 07:29:59.999000+00:00,1.325,1.32524329,1.3223109,1.323,300
2026-03-26 07:30:00+00:00,2026-03-26 07:34:59.999000+00:00,1.323,1.325,1.32237551,1.32445926,300
2026-03-26 07:35:00+00:00,2026-03-26 07:39:59.999000+00:00,1.32445926,1.32500382,1.323,1.32376586,300
2026-03-26 07:40:00+00:00,2026-03-26 07:44:59.999000+00:00,1.32376586,1.325,1.322,1.32275347,300
2026-03-26 07:45:00+00:00,2026-03-26 07:49:59.999000+00:00,1.32275344,1.32594674,1.32267539,1.32447229,300
2026-03-26 07:50:00+00:00,2026-03-26 07:54:59.999000+00:00,1.32450153,1.328,1.32445142,1.328,300
2026-03-26 07:55:00+00:00,2026-03-26 07:59:59.999000+00:00,1.328,1.32801175,1.327,1.32705653,300
2026-03-26 08:00:00+00:00,2026-03-26 08:04:59.999000+00:00,1.32705653,1.32708145,1.324,1.3244219,300
2026-03-26 08:05:00+00:00,2026-03-26 08:09:59.999000+00:00,1.3244219,1.32771336,1.32399056,1.32637659,300
2026-03-26 08:10:00+00:00,2026-03-26 08:14:59.999000+00:00,1.32637659,1.32637662,1.324,1.32449155,300
2026-03-26 08:15:00+00:00,2026-03-26 08:19:59.999000+00:00,1.32449149,1.326,1.322,1.32244311,300
2026-03-26 08:20:00+00:00,2026-03-26 08:24:59.999000+00:00,1.32244311,1.325,1.321,1.32323032,300
2026-03-26 08:25:00+00:00,2026-03-26 08:29:59.999000+00:00,1.323362,1.32341087,1.31814113,1.31814113,300
2026-03-26 08:30:00+00:00,2026-03-26 08:34:59.999000+00:00,1.319,1.32112641,1.318,1.31883119,300
2026-03-26 08:35:00+00:00,2026-03-26 08:39:59.999000+00:00,1.31883119,1.322,1.318,1.31843097,300
2026-03-26 08:40:00+00:00,2026-03-26 08:44:59.999000+00:00,1.31843097,1.3212367,1.318,1.3199248,300
2026-03-26 08:45:00+00:00,2026-03-26 08:49:59.999000+00:00,1.31991975,1.32241455,1.319,1.32077738,300
2026-03-26 08:50:00+00:00,2026-03-26 08:54:59.999000+00:00,1.321,1.321,1.319,1.32,300
2026-03-26 08:55:00+00:00,2026-03-26 08:59:59.999000+00:00,1.32,1.321,1.31913769,1.31991303,300
2026-03-26 09:00:00+00:00,2026-03-26 09:04:59.999000+00:00,1.31992763,1.32003856,1.318,1.32,300
2026-03-26 09:05:00+00:00,2026-03-26 09:09:59.999000+00:00,1.32,1.322,1.31923141,1.321,300
2026-03-26 09:10:00+00:00,2026-03-26 09:14:59.999000+00:00,1.32044521,1.321,1.31909756,1.31913101,300
2026-03-26 09:15:00+00:00,2026-03-26 09:19:59.999000+00:00,1.31913101,1.32,1.31714157,1.31836033,300
2026-03-26 09:20:00+00:00,2026-03-26 09:24:59.999000+00:00,1.31833838,1.321,1.31768904,1.32011051,300
2026-03-26 09:25:00+00:00,2026-03-26 09:29:59.999000+00:00,1.32011049,1.32101737,1.31902316,1.32074812,300
2026-03-26 09:30:00+00:00,2026-03-26 09:34:59.999000+00:00,1.32074694,1.32074694,1.30746602,1.308,300
2026-03-26 09:35:00+00:00,2026-03-26 09:39:59.999000+00:00,1.308,1.313,1.308,1.31163773,300
2026-03-26 09:40:00+00:00,2026-03-26 09:44:59.999000+00:00,1.31144477,1.31305776,1.31030729,1.31075707,300
2026-03-26 09:45:00+00:00,2026-03-26 09:49:59.999000+00:00,1.31075704,1.312,1.30908938,1.31,300
2026-03-26 09:50:00+00:00,2026-03-26 09:54:59.999000+00:00,1.30963311,1.313,1.309,1.313,300
2026-03-26 09:55:00+00:00,2026-03-26 09:59:59.999000+00:00,1.31226539,1.313,1.31118122,1.312,300
2026-03-26 10:00:00+00:00,2026-03-26 10:04:59.999000+00:00,1.312,1.312,1.3074007,1.30749902,300
2026-03-26 10:05:00+00:00,2026-03-26 10:09:59.999000+00:00,1.30752702,1.309,1.30435944,1.30760085,300
2026-03-26 10:10:00+00:00,2026-03-26 10:14:59.999000+00:00,1.30794241,1.30863031,1.30538574,1.30538574,300
2026-03-26 10:15:00+00:00,2026-03-26 10:19:59.999000+00:00,1.30541107,1.30907735,1.30541107,1.30846987,300
2026-03-26 10:20:00+00:00,2026-03-26 10:24:59.999000+00:00,1.3084699,1.309,1.30703216,1.30718674,300
2026-03-26 10:25:00+00:00,2026-03-26 10:29:59.999000+00:00,1.30719901,1.31,1.30719901,1.30874322,300
2026-03-26 10:30:00+00:00,2026-03-26 10:34:59.999000+00:00,1.30874324,1.312,1.30704283,1.31161073,300
2026-03-26 10:35:00+00:00,2026-03-26 10:39:59.999000+00:00,1.3115961,1.31200186,1.30750856,1.30827421,300
2026-03-26 10:40:00+00:00,2026-03-26 10:44:59.999000+00:00,1.30827421,1.31010516,1.30746242,1.30815389,300
2026-03-26 10:45:00+00:00,2026-03-26 10:49:59.999000+00:00,1.30814748,1.31095561,1.30814748,1.30974362,300
2026-03-26 10:50:00+00:00,2026-03-26 10:54:59.999000+00:00,1.30974362,1.31220157,1.30974362,1.31137184,300
2026-03-26 10:55:00+00:00,2026-03-26 10:59:59.999000+00:00,1.312,1.31251126,1.31102983,1.31143887,300
2026-03-26 11:00:00+00:00,2026-03-26 11:04:59.999000+00:00,1.31143884,1.3125668,1.30979049,1.31150487,300
2026-03-26 11:05:00+00:00,2026-03-26 11:09:59.999000+00:00,1.31150487,1.31326901,1.31106399,1.313,300
2026-03-26 11:10:00+00:00,2026-03-26 11:14:59.999000+00:00,1.31254656,1.31311653,1.30916249,1.31191312,300
2026-03-26 11:15:00+00:00,2026-03-26 11:19:59.999000+00:00,1.31194504,1.31381974,1.31188205,1.31381974,300
2026-03-26 11:20:00+00:00,2026-03-26 11:24:59.999000+00:00,1.31381974,1.31537092,1.31312349,1.3143224,300
2026-03-26 11:25:00+00:00,2026-03-26 11:29:59.999000+00:00,1.315,1.31590847,1.312,1.312,300
2026-03-26 11:30:00+00:00,2026-03-26 11:34:59.999000+00:00,1.312,1.31483648,1.31144623,1.313,300
2026-03-26 11:35:00+00:00,2026-03-26 11:39:59.999000+00:00,1.313,1.31309412,1.30950634,1.311,300
2026-03-26 11:40:00+00:00,2026-03-26 11:44:59.999000+00:00,1.311,1.31101432,1.309,1.31,300
2026-03-26 11:45:00+00:00,2026-03-26 11:49:59.999000+00:00,1.31,1.31205865,1.30931421,1.312,300
2026-03-26 11:50:00+00:00,2026-03-26 11:54:59.999000+00:00,1.312,1.3141441,1.31124922,1.31249309,300
2026-03-26 11:55:00+00:00,2026-03-26 11:59:59.999000+00:00,1.31249309,1.31407411,1.31068999,1.31246234,300
2026-03-26 12:00:00+00:00,2026-03-26 12:04:59.999000+00:00,1.31256535,1.317,1.31208845,1.31584102,300
2026-03-26 12:05:00+00:00,2026-03-26 12:09:59.999000+00:00,1.316,1.31701916,1.31303484,1.31592768,300
2026-03-26 12:10:00+00:00,2026-03-26 12:14:59.999000+00:00,1.31607399,1.32066117,1.31607399,1.32,300
2026-03-26 12:15:00+00:00,2026-03-26 12:19:59.999000+00:00,1.31991572,1.3210586,1.319,1.31935662,300
2026-03-26 12:20:00+00:00,2026-03-26 12:24:59.999000+00:00,1.3194253,1.324,1.31916496,1.32362854,300
2026-03-26 12:25:00+00:00,2026-03-26 12:29:59.999000+00:00,1.32362854,1.326,1.32311163,1.325,300
2026-03-26 12:30:00+00:00,2026-03-26 12:34:59.999000+00:00,1.325,1.32743677,1.324,1.325,300
2026-03-26 12:35:00+00:00,2026-03-26 12:39:59.999000+00:00,1.32442953,1.325,1.319,1.321,300
2026-03-26 12:40:00+00:00,2026-03-26 12:44:59.999000+00:00,1.321,1.321,1.3182946,1.31840874,300
2026-03-26 12:45:00+00:00,2026-03-26 12:49:59.999000+00:00,1.31840868,1.32006696,1.31814907,1.319,300
2026-03-26 12:50:00+00:00,2026-03-26 12:54:59.999000+00:00,1.319,1.322,1.31828573,1.322,300
2026-03-26 12:55:00+00:00,2026-03-26 12:59:59.999000+00:00,1.32199339,1.323,1.31817998,1.31844829,300
2026-03-26 13:00:00+00:00,2026-03-26 13:04:59.999000+00:00,1.31844829,1.32118497,1.31839363,1.31943114,300
2026-03-26 13:05:00+00:00,2026-03-26 13:09:59.999000+00:00,1.32,1.32200281,1.31825381,1.319,300
2026-03-26 13:10:00+00:00,2026-03-26 13:14:59.999000+00:00,1.319,1.322,1.31818218,1.3210175,300
2026-03-26 13:15:00+00:00,2026-03-26 13:19:59.999000+00:00,1.32104642,1.32502174,1.32104642,1.32413708,300
2026-03-26 13:20:00+00:00,2026-03-26 13:24:59.999000+00:00,1.32408832,1.328043,1.32318072,1.327,300
2026-03-26 13:25:00+00:00,2026-03-26 13:29:59.999000+00:00,1.327,1.327,1.32206929,1.323,300
2026-03-26 13:30:00+00:00,2026-03-26 13:34:59.999000+00:00,1.323,1.323,1.3210931,1.32189086,300
2026-03-26 13:35:00+00:00,2026-03-26 13:39:59.999000+00:00,1.3218909,1.32610522,1.32114321,1.32431594,300
2026-03-26 13:40:00+00:00,2026-03-26 13:44:59.999000+00:00,1.32431063,1.32633937,1.32339478,1.32633937,300
2026-03-26 13:45:00+00:00,2026-03-26 13:49:59.999000+00:00,1.32633935,1.33390636,1.32633935,1.331,300
2026-03-26 13:50:00+00:00,2026-03-26 13:54:59.999000+00:00,1.331,1.33510273,1.33018263,1.33215687,300
2026-03-26 13:55:00+00:00,2026-03-26 13:59:59.999000+00:00,1.333,1.333,1.32669539,1.331,300
2026-03-26 14:00:00+00:00,2026-03-26 14:04:59.999000+00:00,1.331,1.33200577,1.33025066,1.33138394,300
2026-03-26 14:05:00+00:00,2026-03-26 14:09:59.999000+00:00,1.33177767,1.33501212,1.33027913,1.33036191,300
2026-03-26 14:10:00+00:00,2026-03-26 14:14:59.999000+00:00,1.32987411,1.331,1.328,1.33023312,300
2026-03-26 14:15:00+00:00,2026-03-26 14:19:59.999000+00:00,1.33025657,1.33121168,1.32636043,1.32636043,300
2026-03-26 14:20:00+00:00,2026-03-26 14:24:59.999000+00:00,1.32635783,1.329,1.32474395,1.329,300
2026-03-26 14:25:00+00:00,2026-03-26 14:29:59.999000+00:00,1.329,1.33,1.32706586,1.328,300
2026-03-26 14:30:00+00:00,2026-03-26 14:34:59.999000+00:00,1.328,1.328293,1.32459769,1.32809772,300
2026-03-26 14:35:00+00:00,2026-03-26 14:39:59.999000+00:00,1.32809772,1.32891582,1.32623043,1.32850132,300
2026-03-26 14:40:00+00:00,2026-03-26 14:44:59.999000+00:00,1.32830227,1.33,1.32643973,1.32643973,300
2026-03-26 14:45:00+00:00,2026-03-26 14:49:59.999000+00:00,1.32643973,1.328,1.325,1.327,300
2026-03-26 14:50:00+00:00,2026-03-26 14:54:59.999000+00:00,1.327,1.32912634,1.32511529,1.32687135,300
2026-03-26 14:55:00+00:00,2026-03-26 14:59:59.999000+00:00,1.32687136,1.33119833,1.32556108,1.33,300
2026-03-26 15:00:00+00:00,2026-03-26 15:04:59.999000+00:00,1.33,1.33,1.32763631,1.329,300
2026-03-26 15:05:00+00:00,2026-03-26 15:09:59.999000+00:00,1.329,1.33,1.32160492,1.32318277,300
2026-03-26 15:10:00+00:00,2026-03-26 15:14:59.999000+00:00,1.323206,1.32327738,1.317,1.317,300
2026-03-26 15:15:00+00:00,2026-03-26 15:19:59.999000+00:00,1.317,1.3211219,1.315,1.31717668,300
2026-03-26 15:20:00+00:00,2026-03-26 15:24:59.999000+00:00,1.31717847,1.32417192,1.31643135,1.32255256,300
2026-03-26 15:25:00+00:00,2026-03-26 15:29:59.999000+00:00,1.32258748,1.324,1.322,1.322,300
2026-03-26 15:30:00+00:00,2026-03-26 15:34:59.999000+00:00,1.322,1.32391141,1.32054443,1.322,300
2026-03-26 15:35:00+00:00,2026-03-26 15:39:59.999000+00:00,1.322,1.32266528,1.31978754,1.32257779,300
2026-03-26 15:40:00+00:00,2026-03-26 15:44:59.999000+00:00,1.32264898,1.32498068,1.32031701,1.321,300
2026-03-26 15:45:00+00:00,2026-03-26 15:49:59.999000+00:00,1.32037353,1.323,1.32028929,1.32196551,300
2026-03-26 15:50:00+00:00,2026-03-26 15:54:59.999000+00:00,1.32198014,1.32389134,1.32024767,1.32205845,300
2026-03-26 15:55:00+00:00,2026-03-26 15:59:59.999000+00:00,1.3220365,1.32387847,1.321,1.32238957,300
2026-03-26 16:00:00+00:00,2026-03-26 16:04:59.999000+00:00,1.32240507,1.331,1.32240507,1.33,300
2026-03-26 16:05:00+00:00,2026-03-26 16:09:59.999000+00:00,1.32985438,1.332,1.32814689,1.331,300
2026-03-26 16:10:00+00:00,2026-03-26 16:14:59.999000+00:00,1.331,1.3317568,1.32525042,1.32525042,300
2026-03-26 16:15:00+00:00,2026-03-26 16:19:59.999000+00:00,1.326,1.328,1.323,1.32753848,300
2026-03-26 16:20:00+00:00,2026-03-26 16:24:59.999000+00:00,1.328,1.32873199,1.32629875,1.32870087,300
2026-03-26 16:25:00+00:00,2026-03-26 16:29:59.999000+00:00,1.32869873,1.329,1.327,1.32789193,300
2026-03-26 16:30:00+00:00,2026-03-26 16:34:59.999000+00:00,1.32757864,1.33017058,1.326,1.32720215,300
2026-03-26 16:35:00+00:00,2026-03-26 16:39:59.999000+00:00,1.32723003,1.33,1.32444795,1.32493576,300
2026-03-26 16:40:00+00:00,2026-03-26 16:44:59.999000+00:00,1.32493576,1.32502153,1.32301708,1.32427481,300
2026-03-26 16:45:00+00:00,2026-03-26 16:49:59.999000+00:00,1.32427481,1.325,1.31983606,1.322,300
2026-03-26 16:50:00+00:00,2026-03-26 16:54:59.999000+00:00,1.322,1.322,1.31743771,1.31905539,300
2026-03-26 16:55:00+00:00,2026-03-26 16:59:59.999000+00:00,1.31905539,1.31905539,1.31791656,1.31826311,300
2026-03-26 17:00:00+00:00,2026-03-26 17:04:59.999000+00:00,1.31826311,1.32100903,1.317,1.3202358,300
2026-03-26 17:05:00+00:00,2026-03-26 17:09:59.999000+00:00,1.32020651,1.321,1.319,1.31952292,300
2026-03-26 17:10:00+00:00,2026-03-26 17:14:59.999000+00:00,1.31951558,1.31951558,1.31713534,1.318,300
2026-03-26 17:15:00+00:00,2026-03-26 17:19:59.999000+00:00,1.318,1.32112362,1.31633182,1.319,300
2026-03-26 17:20:00+00:00,2026-03-26 17:24:59.999000+00:00,1.319,1.31918048,1.3172462,1.31811243,300
2026-03-26 17:25:00+00:00,2026-03-26 17:29:59.999000+00:00,1.31812704,1.32404806,1.318,1.32404806,300
2026-03-26 17:30:00+00:00,2026-03-26 17:34:59.999000+00:00,1.324,1.32819243,1.3239583,1.328,300
2026-03-26 17:35:00+00:00,2026-03-26 17:39:59.999000+00:00,1.328,1.32909271,1.32622215,1.32751071,300
2026-03-26 17:40:00+00:00,2026-03-26 17:44:59.999000+00:00,1.328,1.328,1.32568039,1.32779397,300
2026-03-26 17:45:00+00:00,2026-03-26 17:49:59.999000+00:00,1.32779397,1.32779397,1.32120757,1.322,300
2026-03-26 17:50:00+00:00,2026-03-26 17:54:59.999000+00:00,1.322,1.326,1.32035482,1.324,300
2026-03-26 17:55:00+00:00,2026-03-26 17:59:59.999000+00:00,1.324,1.325,1.31836812,1.31948265,300
2026-03-26 18:00:00+00:00,2026-03-26 18:04:59.999000+00:00,1.32,1.322,1.31723709,1.318,300
2026-03-26 18:05:00+00:00,2026-03-26 18:09:59.999000+00:00,1.319,1.321,1.31701547,1.319,300
2026-03-26 18:10:00+00:00,2026-03-26 18:14:59.999000+00:00,1.319,1.32009635,1.31803305,1.32,300
2026-03-26 18:15:00+00:00,2026-03-26 18:19:59.999000+00:00,1.32,1.321,1.3173377,1.3173377,300
2026-03-26 18:20:00+00:00,2026-03-26 18:24:59.999000+00:00,1.3173377,1.32,1.3164947,1.318,300
2026-03-26 18:25:00+00:00,2026-03-26 18:29:59.999000+00:00,1.318,1.318,1.31362025,1.315,300
2026-03-26 18:30:00+00:00,2026-03-26 18:34:59.999000+00:00,1.315,1.3171217,1.31427537,1.31566692,300
2026-03-26 18:35:00+00:00,2026-03-26 18:39:59.999000+00:00,1.31566692,1.32010788,1.31566692,1.319,300
2026-03-26 18:40:00+00:00,2026-03-26 18:44:59.999000+00:00,1.31877515,1.31999495,1.31803123,1.31997731,300
2026-03-26 18:45:00+00:00,2026-03-26 18:49:59.999000+00:00,1.31998463,1.323,1.31859947,1.32149539,300
2026-03-26 18:50:00+00:00,2026-03-26 18:54:59.999000+00:00,1.322,1.32203678,1.3203429,1.32083479,300
2026-03-26 18:55:00+00:00,2026-03-26 18:59:59.999000+00:00,1.32086378,1.321,1.314,1.31439744,300
2026-03-26 19:00:00+00:00,2026-03-26 19:04:59.999000+00:00,1.31439747,1.316,1.311,1.31145478,300
2026-03-26 19:05:00+00:00,2026-03-26 19:09:59.999000+00:00,1.311,1.311,1.30813628,1.31,300
2026-03-26 19:10:00+00:00,2026-03-26 19:14:59.999000+00:00,1.31,1.3101738,1.30764427,1.30851343,300
2026-03-26 19:15:00+00:00,2026-03-26 19:19:59.999000+00:00,1.30851343,1.31014231,1.30836889,1.30836889,300
2026-03-26 19:20:00+00:00,2026-03-26 19:24:59.999000+00:00,1.30843441,1.31,1.30812117,1.30985921,300
2026-03-26 19:25:00+00:00,2026-03-26 19:29:59.999000+00:00,1.31,1.31,1.30567001,1.306,300
2026-03-26 19:30:00+00:00,2026-03-26 19:34:59.999000+00:00,1.305,1.30705352,1.3,1.301,300
2026-03-26 19:35:00+00:00,2026-03-26 19:39:59.999000+00:00,1.30249269,1.30719742,1.301,1.305,300
2026-03-26 19:40:00+00:00,2026-03-26 19:44:59.999000+00:00,1.305,1.307,1.30431336,1.30548243,300
2026-03-26 19:45:00+00:00,2026-03-26 19:49:59.999000+00:00,1.3054824,1.309,1.3045991,1.30770471,300
2026-03-26 19:50:00+00:00,2026-03-26 19:54:59.999000+00:00,1.308,1.309,1.30699251,1.3086631,300
2026-03-26 19:55:00+00:00,2026-03-26 19:59:59.999000+00:00,1.30858762,1.31008486,1.305,1.30517129,300
2026-03-26 20:00:00+00:00,2026-03-26 20:04:59.999000+00:00,1.30521843,1.307,1.302,1.3038599,300
2026-03-26 20:05:00+00:00,2026-03-26 20:09:59.999000+00:00,1.30386776,1.304,1.30002582,1.303,300
2026-03-26 20:10:00+00:00,2026-03-26 20:14:59.999000+00:00,1.303,1.32566214,1.30232576,1.319,300
2026-03-26 20:15:00+00:00,2026-03-26 20:19:59.999000+00:00,1.32,1.322,1.31526398,1.316,300
2026-03-26 20:20:00+00:00,2026-03-26 20:24:59.999000+00:00,1.316,1.321,1.31415343,1.317,300
2026-03-26 20:25:00+00:00,2026-03-26 20:29:59.999000+00:00,1.317,1.317,1.31023419,1.31072667,300
2026-03-26 20:30:00+00:00,2026-03-26 20:34:59.999000+00:00,1.312,1.314,1.310149,1.311,300
2026-03-26 20:35:00+00:00,2026-03-26 20:39:59.999000+00:00,1.311,1.315,1.31001519,1.31374853,300
2026-03-26 20:40:00+00:00,2026-03-26 20:44:59.999000+00:00,1.31374853,1.31483958,1.31029384,1.31153871,300
2026-03-26 20:45:00+00:00,2026-03-26 20:49:59.999000+00:00,1.31153871,1.312,1.30920848,1.30936267,300
2026-03-26 20:50:00+00:00,2026-03-26 20:54:59.999000+00:00,1.30936267,1.31,1.30347568,1.305,300
2026-03-26 20:55:00+00:00,2026-03-26 20:59:59.999000+00:00,1.305,1.30731867,1.30437578,1.307,300
2026-03-26 21:00:00+00:00,2026-03-26 21:04:59.999000+00:00,1.307,1.30887403,1.30523496,1.30810721,300
2026-03-26 21:05:00+00:00,2026-03-26 21:09:59.999000+00:00,1.30809025,1.30817138,1.30606288,1.3068407,300
2026-03-26 21:10:00+00:00,2026-03-26 21:14:59.999000+00:00,1.30679682,1.31346623,1.30644967,1.31223483,300
2026-03-26 21:15:00+00:00,2026-03-26 21:19:59.999000+00:00,1.31222237,1.31587625,1.31214524,1.31568425,300
2026-03-26 21:20:00+00:00,2026-03-26 21:24:59.999000+00:00,1.31568424,1.32362199,1.31568424,1.323,300
2026-03-26 21:25:00+00:00,2026-03-26 21:29:59.999000+00:00,1.32232663,1.324,1.3214972,1.32339398,300
2026-03-26 21:30:00+00:00,2026-03-26 21:34:59.999000+00:00,1.32339395,1.32489074,1.322,1.32462716,300
2026-03-26 21:35:00+00:00,2026-03-26 21:39:59.999000+00:00,1.32464911,1.32645148,1.32429119,1.32595437,300
2026-03-26 21:40:00+00:00,2026-03-26 21:44:59.999000+00:00,1.32595437,1.32730554,1.32380586,1.32557299,300
2026-03-26 21:45:00+00:00,2026-03-26 21:49:59.999000+00:00,1.32556567,1.326,1.324,1.326,300
2026-03-26 21:50:00+00:00,2026-03-26 21:54:59.999000+00:00,1.326,1.326,1.322,1.32245612,300
2026-03-26 21:55:00+00:00,2026-03-26 21:59:59.999000+00:00,1.32245612,1.323,1.31989504,1.31989504,300
2026-03-26 22:00:00+00:00,2026-03-26 22:04:59.999000+00:00,1.31989504,1.323,1.31901383,1.32101413,300
2026-03-26 22:05:00+00:00,2026-03-26 22:09:59.999000+00:00,1.321,1.3237825,1.31921263,1.32,300
2026-03-26 22:10:00+00:00,2026-03-26 22:14:59.999000+00:00,1.32,1.32483283,1.32,1.323,300
2026-03-26 22:15:00+00:00,2026-03-26 22:19:59.999000+00:00,1.323,1.324,1.3222723,1.323,300
2026-03-26 22:20:00+00:00,2026-03-26 22:24:59.999000+00:00,1.323,1.323,1.317,1.31981931,300
2026-03-26 22:25:00+00:00,2026-03-26 22:29:59.999000+00:00,1.3198227,1.3214589,1.31797655,1.32105591,300
2026-03-26 22:30:00+00:00,2026-03-26 22:34:59.999000+00:00,1.3210486,1.32303485,1.31942062,1.32285367,300
2026-03-26 22:35:00+00:00,2026-03-26 22:39:59.999000+00:00,1.323,1.323,1.31842111,1.32,300
2026-03-26 22:40:00+00:00,2026-03-26 22:44:59.999000+00:00,1.32,1.321,1.31837481,1.319,300
2026-03-26 22:45:00+00:00,2026-03-26 22:49:59.999000+00:00,1.31853361,1.3205538,1.31831684,1.3205538,300
2026-03-26 22:50:00+00:00,2026-03-26 22:54:59.999000+00:00,1.32098571,1.321,1.31903352,1.31988836,300
2026-03-26 22:55:00+00:00,2026-03-26 22:59:59.999000+00:00,1.31988836,1.32,1.31840403,1.32,300
2026-03-26 23:00:00+00:00,2026-03-26 23:04:59.999000+00:00,1.32,1.321,1.318,1.31801021,300
2026-03-26 23:05:00+00:00,2026-03-26 23:09:59.999000+00:00,1.3188958,1.319,1.31632241,1.31632341,300
2026-03-26 23:10:00+00:00,2026-03-26 23:14:59.999000+00:00,1.31632338,1.317,1.31511216,1.31687032,300
2026-03-26 23:15:00+00:00,2026-03-26 23:19:59.999000+00:00,1.31687032,1.31697349,1.3141892,1.31601633,300
2026-03-26 23:20:00+00:00,2026-03-26 23:24:59.999000+00:00,1.31601636,1.3169562,1.31420066,1.316,300
2026-03-26 23:25:00+00:00,2026-03-26 23:29:59.999000+00:00,1.31542607,1.319,1.31436453,1.31855881,300
2026-03-26 23:30:00+00:00,2026-03-26 23:34:59.999000+00:00,1.31855881,1.32009875,1.31813424,1.31929363,300
2026-03-26 23:35:00+00:00,2026-03-26 23:39:59.999000+00:00,1.31929362,1.32144008,1.31745017,1.31837916,300
2026-03-26 23:40:00+00:00,2026-03-26 23:44:59.999000+00:00,1.31837916,1.322,1.31817496,1.322,300
2026-03-26 23:45:00+00:00,2026-03-26 23:49:59.999000+00:00,1.322,1.32322974,1.321,1.323,300
2026-03-26 23:50:00+00:00,2026-03-26 23:54:59.999000+00:00,1.323,1.32542148,1.32223313,1.325,300
2026-03-26 23:55:00+00:00,2026-03-26 23:59:59.999000+00:00,1.325,1.325,1.32028605,1.321,300
2026-03-27 00:00:00+00:00,2026-03-27 00:04:59.999000+00:00,1.321,1.322,1.32007933,1.32051394,300
2026-03-27 00:05:00+00:00,2026-03-27 00:09:59.999000+00:00,1.3204874,1.32320213,1.32032821,1.32145122,300
2026-03-27 00:10:00+00:00,2026-03-27 00:14:59.999000+00:00,1.32145122,1.323,1.31909505,1.31983234,300
2026-03-27 00:15:00+00:00,2026-03-27 00:19:59.999000+00:00,1.31983234,1.32,1.317,1.31830513,300
2026-03-27 00:20:00+00:00,2026-03-27 00:24:59.999000+00:00,1.31826123,1.32,1.31613679,1.32,300
2026-03-27 00:25:00+00:00,2026-03-27 00:29:59.999000+00:00,1.32,1.323,1.31956489,1.32118931,300
2026-03-27 00:30:00+00:00,2026-03-27 00:34:59.999000+00:00,1.32118928,1.324,1.32104343,1.32272981,300
2026-03-27 00:35:00+00:00,2026-03-27 00:39:59.999000+00:00,1.323,1.32304325,1.32208034,1.323,300
2026-03-27 00:40:00+00:00,2026-03-27 00:44:59.999000+00:00,1.323,1.325,1.32149508,1.32254931,300
2026-03-27 00:45:00+00:00,2026-03-27 00:49:59.999000+00:00,1.32254931,1.323,1.31924615,1.32,300
2026-03-27 00:50:00+00:00,2026-03-27 00:54:59.999000+00:00,1.32,1.322,1.31947345,1.32117592,300
2026-03-27 00:55:00+00:00,2026-03-27 00:59:59.999000+00:00,1.32098729,1.324,1.32015764,1.32385061,300
2026-03-27 01:00:00+00:00,2026-03-27 01:04:59.999000+00:00,1.32385033,1.325,1.32136839,1.32144741,300
2026-03-27 01:05:00+00:00,2026-03-27 01:09:59.999000+00:00,1.32144741,1.323,1.32027754,1.32299598,300
2026-03-27 01:10:00+00:00,2026-03-27 01:14:59.999000+00:00,1.32299598,1.32525941,1.32299598,1.325,300
2026-03-27 01:15:00+00:00,2026-03-27 01:19:59.999000+00:00,1.32432737,1.328,1.32411042,1.325,300
2026-03-27 01:20:00+00:00,2026-03-27 01:24:59.999000+00:00,1.325,1.32691353,1.32423507,1.32557677,300
2026-03-27 01:25:00+00:00,2026-03-27 01:29:59.999000+00:00,1.32557677,1.32710551,1.32534889,1.327,300
2026-03-27 01:30:00+00:00,2026-03-27 01:34:59.999000+00:00,1.327,1.33107492,1.32622732,1.33107492,300
2026-03-27 01:35:00+00:00,2026-03-27 01:39:59.999000+00:00,1.33107492,1.333,1.33029587,1.331,300
2026-03-27 01:40:00+00:00,2026-03-27 01:44:59.999000+00:00,1.33036257,1.333,1.33004919,1.331,300
2026-03-27 01:45:00+00:00,2026-03-27 01:49:59.999000+00:00,1.331,1.33318616,1.33016058,1.332,300
2026-03-27 01:50:00+00:00,2026-03-27 01:54:59.999000+00:00,1.332,1.3386321,1.33032648,1.33692956,300
2026-03-27 01:55:00+00:00,2026-03-27 01:59:59.999000+00:00,1.33692956,1.339,1.3344737,1.335,300
2026-03-27 02:00:00+00:00,2026-03-27 02:04:59.999000+00:00,1.335,1.337,1.33066664,1.33066664,300
2026-03-27 02:05:00+00:00,2026-03-27 02:09:59.999000+00:00,1.33066664,1.331,1.329,1.331,300
2026-03-27 02:10:00+00:00,2026-03-27 02:14:59.999000+00:00,1.331,1.33222445,1.33040164,1.331,300
2026-03-27 02:15:00+00:00,2026-03-27 02:19:59.999000+00:00,1.331,1.33106609,1.32631778,1.32647361,300
2026-03-27 02:20:00+00:00,2026-03-27 02:24:59.999000+00:00,1.327,1.32732389,1.32544442,1.32688023,300
2026-03-27 02:25:00+00:00,2026-03-27 02:29:59.999000+00:00,1.3268802,1.329,1.326,1.328,300
2026-03-27 02:30:00+00:00,2026-03-27 02:34:59.999000+00:00,1.328,1.33,1.32703774,1.32703774,300
2026-03-27 02:35:00+00:00,2026-03-27 02:39:59.999000+00:00,1.32703774,1.328,1.32556633,1.32742326,300
2026-03-27 02:40:00+00:00,2026-03-27 02:44:59.999000+00:00,1.328,1.3280074,1.32641766,1.32731824,300
2026-03-27 02:45:00+00:00,2026-03-27 02:49:59.999000+00:00,1.328,1.329,1.32736751,1.3280242,300
2026-03-27 02:50:00+00:00,2026-03-27 02:54:59.999000+00:00,1.3280242,1.33046577,1.32712635,1.32848568,300
2026-03-27 02:55:00+00:00,2026-03-27 02:59:59.999000+00:00,1.32848571,1.329,1.32549822,1.327,300
2026-03-27 03:00:00+00:00,2026-03-27 03:04:59.999000+00:00,1.327,1.328,1.32573048,1.327,300
2026-03-27 03:05:00+00:00,2026-03-27 03:09:59.999000+00:00,1.327,1.327,1.32101834,1.32101834,300
2026-03-27 03:10:00+00:00,2026-03-27 03:14:59.999000+00:00,1.32101834,1.32104446,1.318,1.31914708,300
2026-03-27 03:15:00+00:00,2026-03-27 03:19:59.999000+00:00,1.31914711,1.321179,1.31811916,1.31947309,300
2026-03-27 03:20:00+00:00,2026-03-27 03:24:59.999000+00:00,1.31947309,1.32000791,1.31538917,1.31633208,300
2026-03-27 03:25:00+00:00,2026-03-27 03:29:59.999000+00:00,1.317,1.318,1.31608678,1.31643942,300
2026-03-27 03:30:00+00:00,2026-03-27 03:34:59.999000+00:00,1.31643942,1.31801535,1.3151092,1.316,300
2026-03-27 03:35:00+00:00,2026-03-27 03:39:59.999000+00:00,1.316,1.319,1.316,1.31752071,300
2026-03-27 03:40:00+00:00,2026-03-27 03:44:59.999000+00:00,1.31751263,1.319,1.31751263,1.319,300
2026-03-27 03:45:00+00:00,2026-03-27 03:49:59.999000+00:00,1.319,1.32003175,1.31803595,1.3184442,300
2026-03-27 03:50:00+00:00,2026-03-27 03:54:59.999000+00:00,1.31849355,1.32321623,1.31846109,1.32227174,300
2026-03-27 03:55:00+00:00,2026-03-27 03:59:59.999000+00:00,1.3229639,1.3229639,1.31819078,1.32044832,300
2026-03-27 04:00:00+00:00,2026-03-27 04:04:59.999000+00:00,1.3204483,1.32145057,1.31359834,1.31737142,300
2026-03-27 04:05:00+00:00,2026-03-27 04:09:59.999000+00:00,1.318,1.318,1.3120033,1.31244582,300
2026-03-27 04:10:00+00:00,2026-03-27 04:14:59.999000+00:00,1.31244582,1.31653392,1.31244582,1.316,300
2026-03-27 04:15:00+00:00,2026-03-27 04:19:59.999000+00:00,1.316,1.32170647,1.31485183,1.32155635,300
2026-03-27 04:20:00+00:00,2026-03-27 04:24:59.999000+00:00,1.32155635,1.32273267,1.32,1.322,300
2026-03-27 04:25:00+00:00,2026-03-27 04:29:59.999000+00:00,1.322,1.32253331,1.32042974,1.32042974,300
2026-03-27 04:30:00+00:00,2026-03-27 04:34:59.999000+00:00,1.32042974,1.323,1.32015815,1.32259436,300
2026-03-27 04:35:00+00:00,2026-03-27 04:39:59.999000+00:00,1.32259436,1.32411549,1.32034208,1.322,300
2026-03-27 04:40:00+00:00,2026-03-27 04:44:59.999000+00:00,1.322,1.324,1.322,1.32272181,300
2026-03-27 04:45:00+00:00,2026-03-27 04:49:59.999000+00:00,1.3227218,1.324,1.32146602,1.32149857,300
2026-03-27 04:50:00+00:00,2026-03-27 04:54:59.999000+00:00,1.32150412,1.32202861,1.32,1.32093914,300
2026-03-27 04:55:00+00:00,2026-03-27 04:59:59.999000+00:00,1.32093914,1.321,1.31995611,1.321,300
2026-03-27 05:00:00+00:00,2026-03-27 05:04:59.999000+00:00,1.321,1.321,1.318,1.319,300
2026-03-27 05:05:00+00:00,2026-03-27 05:09:59.999000+00:00,1.319,1.32102842,1.31830938,1.321,300
2026-03-27 05:10:00+00:00,2026-03-27 05:14:59.999000+00:00,1.321,1.323,1.32,1.3219906,300
2026-03-27 05:15:00+00:00,2026-03-27 05:19:59.999000+00:00,1.32199059,1.32421011,1.31836904,1.31844425,300
2026-03-27 05:20:00+00:00,2026-03-27 05:24:59.999000+00:00,1.31842959,1.31884448,1.31548543,1.318,300
2026-03-27 05:25:00+00:00,2026-03-27 05:29:59.999000+00:00,1.318,1.318,1.31529992,1.31543658,300
2026-03-27 05:30:00+00:00,2026-03-27 05:34:59.999000+00:00,1.31545124,1.31896139,1.31509867,1.31893077,300
2026-03-27 05:35:00+00:00,2026-03-27 05:39:59.999000+00:00,1.3189308,1.32202035,1.31893079,1.32033843,300
2026-03-27 05:40:00+00:00,2026-03-27 05:44:59.999000+00:00,1.321,1.321,1.318216,1.319,300
2026-03-27 05:45:00+00:00,2026-03-27 05:49:59.999000+00:00,1.319,1.31912222,1.3174655,1.31871477,300
2026-03-27 05:50:00+00:00,2026-03-27 05:54:59.999000+00:00,1.31871477,1.321,1.31705544,1.32048061,300
2026-03-27 05:55:00+00:00,2026-03-27 05:59:59.999000+00:00,1.32047307,1.322,1.32015592,1.321,300
2026-03-27 06:00:00+00:00,2026-03-27 06:04:59.999000+00:00,1.321,1.32210565,1.32023471,1.32192205,300
2026-03-27 06:05:00+00:00,2026-03-27 06:09:59.999000+00:00,1.322,1.322,1.319,1.32,300
2026-03-27 06:10:00+00:00,2026-03-27 06:14:59.999000+00:00,1.32,1.32,1.31738799,1.31860115,300
2026-03-27 06:15:00+00:00,2026-03-27 06:19:59.999000+00:00,1.319,1.31906752,1.31749136,1.31861281,300
2026-03-27 06:20:00+00:00,2026-03-27 06:24:59.999000+00:00,1.31861278,1.321,1.316623,1.32080031,300
2026-03-27 06:25:00+00:00,2026-03-27 06:29:59.999000+00:00,1.3208003,1.321,1.31823715,1.3199635,300
2026-03-27 06:30:00+00:00,2026-03-27 06:34:59.999000+00:00,1.31959762,1.32001597,1.31839233,1.31982624,300
2026-03-27 06:35:00+00:00,2026-03-27 06:39:59.999000+00:00,1.31982624,1.322,1.31968896,1.32195833,300
2026-03-27 06:40:00+00:00,2026-03-27 06:44:59.999000+00:00,1.32195833,1.322,1.32006495,1.32145291,300
2026-03-27 06:45:00+00:00,2026-03-27 06:49:59.999000+00:00,1.32145291,1.32321394,1.32,1.32321393,300
2026-03-27 06:50:00+00:00,2026-03-27 06:54:59.999000+00:00,1.32375493,1.32385731,1.32228736,1.323,300
2026-03-27 06:55:00+00:00,2026-03-27 06:59:59.999000+00:00,1.32253055,1.323,1.321,1.32148794,300
2026-03-27 07:00:00+00:00,2026-03-27 07:04:59.999000+00:00,1.32148794,1.32205623,1.31815855,1.31846305,300
2026-03-27 07:05:00+00:00,2026-03-27 07:09:59.999000+00:00,1.31846305,1.32015656,1.31705445,1.31743882,300
2026-03-27 07:10:00+00:00,2026-03-27 07:14:59.999000+00:00,1.3174233,1.322,1.3173844,1.32,300
2026-03-27 07:15:00+00:00,2026-03-27 07:19:59.999000+00:00,1.32,1.32412421,1.31934967,1.32412421,300
2026-03-27 07:20:00+00:00,2026-03-27 07:24:59.999000+00:00,1.32413488,1.32572744,1.32340889,1.32498954,300
2026-03-27 07:25:00+00:00,2026-03-27 07:29:59.999000+00:00,1.32498951,1.32501936,1.32326847,1.325,300
2026-03-27 07:30:00+00:00,2026-03-27 07:34:59.999000+00:00,1.325,1.32507815,1.32111546,1.32271506,300
2026-03-27 07:35:00+00:00,2026-03-27 07:39:59.999000+00:00,1.323,1.324,1.322,1.32237169,300
2026-03-27 07:40:00+00:00,2026-03-27 07:44:59.999000+00:00,1.32237166,1.32303302,1.32032525,1.32222028,300
2026-03-27 07:45:00+00:00,2026-03-27 07:49:59.999000+00:00,1.32204668,1.323,1.32113322,1.32269067,300
2026-03-27 07:50:00+00:00,2026-03-27 07:54:59.999000+00:00,1.32269067,1.324,1.32200666,1.32371035,300
2026-03-27 07:55:00+00:00,2026-03-27 07:59:59.999000+00:00,1.32369414,1.324,1.32131202,1.32312955,300
2026-03-27 08:00:00+00:00,2026-03-27 08:04:59.999000+00:00,1.32312952,1.326,1.32238079,1.325,300
2026-03-27 08:05:00+00:00,2026-03-27 08:09:59.999000+00:00,1.325,1.325,1.32316569,1.32368587,299
2026-03-27 08:10:00+00:00,2026-03-27 08:14:59.999000+00:00,1.32371644,1.32577628,1.32334489,1.32438732,300
2026-03-27 08:15:00+00:00,2026-03-27 08:19:59.999000+00:00,1.32438732,1.326,1.32351643,1.326,300
2026-03-27 08:20:00+00:00,2026-03-27 08:24:59.999000+00:00,1.326,1.326,1.32247639,1.32247639,300
2026-03-27 08:25:00+00:00,2026-03-27 08:29:59.999000+00:00,1.323,1.324,1.3217653,1.32241511,300
2026-03-27 08:30:00+00:00,2026-03-27 08:34:59.999000+00:00,1.3224096,1.32340477,1.3213413,1.322,300
2026-03-27 08:35:00+00:00,2026-03-27 08:39:59.999000+00:00,1.322,1.322,1.307,1.30759851,300
2026-03-27 08:40:00+00:00,2026-03-27 08:44:59.999000+00:00,1.308,1.312,1.3067007,1.311,300
2026-03-27 08:45:00+00:00,2026-03-27 08:49:59.999000+00:00,1.311,1.31461234,1.30981914,1.31347132,300
2026-03-27 08:50:00+00:00,2026-03-27 08:54:59.999000+00:00,1.31388811,1.32077927,1.313,1.3174335,300
2026-03-27 08:55:00+00:00,2026-03-27 08:59:59.999000+00:00,1.31743352,1.318,1.314,1.31460194,300
2026-03-27 09:00:00+00:00,2026-03-27 09:04:59.999000+00:00,1.31460194,1.315,1.30902631,1.30902631,300
2026-03-27 09:05:00+00:00,2026-03-27 09:09:59.999000+00:00,1.309,1.309,1.299,1.30006386,300
2026-03-27 09:10:00+00:00,2026-03-27 09:14:59.999000+00:00,1.301,1.303,1.295,1.299,300
2026-03-27 09:15:00+00:00,2026-03-27 09:19:59.999000+00:00,1.299,1.304,1.299,1.3035516,300
2026-03-27 09:20:00+00:00,2026-03-27 09:24:59.999000+00:00,1.3035516,1.305,1.30273822,1.305,300
2026-03-27 09:25:00+00:00,2026-03-27 09:29:59.999000+00:00,1.305,1.308,1.30407469,1.30658999,300
2026-03-27 09:30:00+00:00,2026-03-27 09:34:59.999000+00:00,1.307,1.307,1.3,1.30001081,300
2026-03-27 09:35:00+00:00,2026-03-27 09:39:59.999000+00:00,1.301,1.30102789,1.298,1.29985586,300
2026-03-27 09:40:00+00:00,2026-03-27 09:44:59.999000+00:00,1.3,1.301,1.29850766,1.30080937,300
2026-03-27 09:45:00+00:00,2026-03-27 09:49:59.999000+00:00,1.30080937,1.30241786,1.29998774,1.3004645,300
2026-03-27 09:50:00+00:00,2026-03-27 09:54:59.999000+00:00,1.3004645,1.30206188,1.299,1.29909291,300
2026-03-27 09:55:00+00:00,2026-03-27 09:59:59.999000+00:00,1.29909291,1.30058035,1.29886864,1.29929106,300
2026-03-27 10:00:00+00:00,2026-03-27 10:04:59.999000+00:00,1.29935585,1.29948351,1.29573658,1.297,300
2026-03-27 10:05:00+00:00,2026-03-27 10:09:59.999000+00:00,1.297,1.298,1.294,1.29409572,300
2026-03-27 10:10:00+00:00,2026-03-27 10:14:59.999000+00:00,1.295,1.297,1.292,1.29639707,300
2026-03-27 10:15:00+00:00,2026-03-27 10:19:59.999000+00:00,1.29639709,1.297,1.2952778,1.29600613,300
2026-03-27 10:20:00+00:00,2026-03-27 10:24:59.999000+00:00,1.2960061,1.297,1.29505362,1.296,300
2026-03-27 10:25:00+00:00,2026-03-27 10:29:59.999000+00:00,1.296,1.298,1.295,1.298,300
2026-03-27 10:30:00+00:00,2026-03-27 10:34:59.999000+00:00,1.29758219,1.298,1.29550543,1.297,300
2026-03-27 10:35:00+00:00,2026-03-27 10:39:59.999000+00:00,1.297,1.297,1.2776562,1.283,300
2026-03-27 10:40:00+00:00,2026-03-27 10:44:59.999000+00:00,1.283,1.288,1.28250303,1.28406602,300
2026-03-27 10:45:00+00:00,2026-03-27 10:49:59.999000+00:00,1.285,1.285,1.28,1.28321293,300
2026-03-27 10:50:00+00:00,2026-03-27 10:54:59.999000+00:00,1.283,1.28377735,1.27246837,1.276,300
2026-03-27 10:55:00+00:00,2026-03-27 10:59:59.999000+00:00,1.276,1.2770395,1.27202253,1.275,300
2026-03-27 11:00:00+00:00,2026-03-27 11:04:59.999000+00:00,1.275,1.279,1.27256737,1.27564898,300
2026-03-27 11:05:00+00:00,2026-03-27 11:09:59.999000+00:00,1.27564381,1.279,1.2755691,1.278,300
2026-03-27 11:10:00+00:00,2026-03-27 11:14:59.999000+00:00,1.277,1.283,1.277,1.281,300
2026-03-27 11:15:00+00:00,2026-03-27 11:19:59.999000+00:00,1.281,1.283,1.279,1.28209915,300
2026-03-27 11:20:00+00:00,2026-03-27 11:24:59.999000+00:00,1.28209915,1.283,1.28013785,1.281,300
2026-03-27 11:25:00+00:00,2026-03-27 11:29:59.999000+00:00,1.281,1.282,1.2790752,1.28,300
2026-03-27 11:30:00+00:00,2026-03-27 11:34:59.999000+00:00,1.28,1.28202671,1.278,1.281,300
2026-03-27 11:35:00+00:00,2026-03-27 11:39:59.999000+00:00,1.281,1.281,1.27844247,1.28,300
2026-03-27 11:40:00+00:00,2026-03-27 11:44:59.999000+00:00,1.27955339,1.28046102,1.27824835,1.28,300
2026-03-27 11:45:00+00:00,2026-03-27 11:49:59.999000+00:00,1.28,1.28206356,1.27906556,1.28,300
2026-03-27 11:50:00+00:00,2026-03-27 11:54:59.999000+00:00,1.28,1.281,1.27802898,1.28,300
2026-03-27 11:55:00+00:00,2026-03-27 11:59:59.999000+00:00,1.28,1.281,1.27906525,1.281,300
2026-03-27 12:00:00+00:00,2026-03-27 12:04:59.999000+00:00,1.281,1.28124275,1.27707979,1.278,300
2026-03-27 12:05:00+00:00,2026-03-27 12:09:59.999000+00:00,1.278,1.279,1.275,1.27563135,300
2026-03-27 12:10:00+00:00,2026-03-27 12:14:59.999000+00:00,1.276,1.27895592,1.275,1.277,300
2026-03-27 12:15:00+00:00,2026-03-27 12:19:59.999000+00:00,1.277,1.277,1.274,1.27664385,300
2026-03-27 12:20:00+00:00,2026-03-27 12:24:59.999000+00:00,1.27664385,1.277,1.27341535,1.275,300
2026-03-27 12:25:00+00:00,2026-03-27 12:29:59.999000+00:00,1.275,1.276,1.27254533,1.274,300
2026-03-27 12:30:00+00:00,2026-03-27 12:34:59.999000+00:00,1.274,1.276,1.272,1.274,300
2026-03-27 12:35:00+00:00,2026-03-27 12:39:59.999000+00:00,1.274,1.27824578,1.2729842,1.2751796,300
2026-03-27 12:40:00+00:00,2026-03-27 12:44:59.999000+00:00,1.27519707,1.278,1.27309969,1.278,300
2026-03-27 12:45:00+00:00,2026-03-27 12:49:59.999000+00:00,1.278,1.279,1.275,1.27537404,300
2026-03-27 12:50:00+00:00,2026-03-27 12:54:59.999000+00:00,1.27537132,1.281,1.27535078,1.281,300
2026-03-27 12:55:00+00:00,2026-03-27 12:59:59.999000+00:00,1.28065132,1.28314043,1.2800954,1.28225752,300
2026-03-27 13:00:00+00:00,2026-03-27 13:04:59.999000+00:00,1.28225752,1.28540911,1.28225752,1.28475934,300
2026-03-27 13:05:00+00:00,2026-03-27 13:09:59.999000+00:00,1.28475934,1.286,1.28404448,1.2859793,300
2026-03-27 13:10:00+00:00,2026-03-27 13:14:59.999000+00:00,1.28598661,1.28616274,1.28433849,1.286,300
2026-03-27 13:15:00+00:00,2026-03-27 13:19:59.999000+00:00,1.286,1.29,1.28556876,1.28950447,300
2026-03-27 13:20:00+00:00,2026-03-27 13:24:59.999000+00:00,1.28950447,1.293,1.28944368,1.29262667,300
2026-03-27 13:25:00+00:00,2026-03-27 13:29:59.999000+00:00,1.29259551,1.294,1.29161841,1.29166129,300
2026-03-27 13:30:00+00:00,2026-03-27 13:34:59.999000+00:00,1.29166129,1.292,1.28540445,1.286,300
2026-03-27 13:35:00+00:00,2026-03-27 13:39:59.999000+00:00,1.286,1.291,1.28226351,1.28924317,300
2026-03-27 13:40:00+00:00,2026-03-27 13:44:59.999000+00:00,1.28923255,1.294,1.288,1.291,300
2026-03-27 13:45:00+00:00,2026-03-27 13:49:59.999000+00:00,1.291,1.293,1.2891367,1.28948111,300
2026-03-27 13:50:00+00:00,2026-03-27 13:54:59.999000+00:00,1.28948108,1.29143133,1.289,1.2892921,300
2026-03-27 13:55:00+00:00,2026-03-27 13:59:59.999000+00:00,1.28936459,1.28936459,1.28343111,1.28638259,300
2026-03-27 14:00:00+00:00,2026-03-27 14:04:59.999000+00:00,1.28638259,1.28838251,1.28596749,1.287,300
2026-03-27 14:05:00+00:00,2026-03-27 14:09:59.999000+00:00,1.287,1.28703493,1.28487052,1.28534209,300
2026-03-27 14:10:00+00:00,2026-03-27 14:14:59.999000+00:00,1.28534209,1.28896001,1.285,1.28725533,300
2026-03-27 14:15:00+00:00,2026-03-27 14:19:59.999000+00:00,1.28718262,1.28718994,1.28045533,1.28045533,300
2026-03-27 14:20:00+00:00,2026-03-27 14:24:59.999000+00:00,1.281,1.281,1.274,1.27704098,300
2026-03-27 14:25:00+00:00,2026-03-27 14:29:59.999000+00:00,1.27703303,1.278,1.27406479,1.276,300
2026-03-27 14:30:00+00:00,2026-03-27 14:34:59.999000+00:00,1.27597961,1.2797941,1.27542114,1.27660583,300
2026-03-27 14:35:00+00:00,2026-03-27 14:39:59.999000+00:00,1.27650166,1.279,1.27605806,1.27835885,300
2026-03-27 14:40:00+00:00,2026-03-27 14:44:59.999000+00:00,1.27835885,1.28031995,1.27829506,1.2799622,300
2026-03-27 14:45:00+00:00,2026-03-27 14:49:59.999000+00:00,1.27998844,1.2816258,1.27829885,1.28099777,300
2026-03-27 14:50:00+00:00,2026-03-27 14:54:59.999000+00:00,1.281,1.28345375,1.27817977,1.279,300
2026-03-27 14:55:00+00:00,2026-03-27 14:59:59.999000+00:00,1.279,1.284,1.27823606,1.28262077,300
2026-03-27 15:00:00+00:00,2026-03-27 15:04:59.999000+00:00,1.28262074,1.28480989,1.27849465,1.28032826,300
2026-03-27 15:05:00+00:00,2026-03-27 15:09:59.999000+00:00,1.28032302,1.28296208,1.27801184,1.28156662,300
2026-03-27 15:10:00+00:00,2026-03-27 15:14:59.999000+00:00,1.28153839,1.28202881,1.2790706,1.28,300
2026-03-27 15:15:00+00:00,2026-03-27 15:19:59.999000+00:00,1.28,1.281,1.279,1.27979876,300
2026-03-27 15:20:00+00:00,2026-03-27 15:24:59.999000+00:00,1.27979876,1.28831915,1.27525963,1.284,300
2026-03-27 15:25:00+00:00,2026-03-27 15:29:59.999000+00:00,1.28309968,1.284,1.281,1.28272686,300
2026-03-27 15:30:00+00:00,2026-03-27 15:34:59.999000+00:00,1.28232544,1.28501677,1.281,1.284,300
2026-03-27 15:35:00+00:00,2026-03-27 15:39:59.999000+00:00,1.284,1.28965284,1.283,1.284,300
2026-03-27 15:40:00+00:00,2026-03-27 15:44:59.999000+00:00,1.285,1.285,1.282,1.283,300
2026-03-27 15:45:00+00:00,2026-03-27 15:49:59.999000+00:00,1.283,1.2843006,1.28002748,1.28237374,300
2026-03-27 15:50:00+00:00,2026-03-27 15:54:59.999000+00:00,1.28237371,1.28510658,1.281,1.282,300
2026-03-27 15:55:00+00:00,2026-03-27 15:59:59.999000+00:00,1.28163007,1.28228281,1.277,1.27756693,300
2026-03-27 16:00:00+00:00,2026-03-27 16:04:59.999000+00:00,1.2775523,1.27877466,1.2745268,1.278,300
2026-03-27 16:05:00+00:00,2026-03-27 16:09:59.999000+00:00,1.278,1.28073802,1.27564664,1.27969728,300
2026-03-27 16:10:00+00:00,2026-03-27 16:14:59.999000+00:00,1.27969728,1.284,1.27946971,1.2823612,300
2026-03-27 16:15:00+00:00,2026-03-27 16:19:59.999000+00:00,1.282849,1.284,1.282,1.283,96
