open_time,open,high,low,close,volume,close_time,quote_volume,trade_count,taker_buy_base_vol,taker_buy_quote_vol
2026-03-13 16:30:00+00:00,1.4035,1.4116,1.4033,1.4097,7876485.1,2026-03-13 16:44:59.999000+00:00,11093356.08249,20151,4249647.4,5985174.29301
2026-03-13 16:45:00+00:00,1.4097,1.4145,1.4083,1.4092,9396741.7,2026-03-13 16:59:59.999000+00:00,13266014.53084,17815,4702539.4,6639610.67761
2026-03-13 17:00:00+00:00,1.4092,1.4101,1.4059,1.4091,6273955.3,2026-03-13 17:14:59.999000+00:00,8834872.18397,15824,3376776.5,4754712.61771
2026-03-13 17:15:00+00:00,1.4091,1.4122,1.4008,1.4018,8947733.5,2026-03-13 17:29:59.999000+00:00,12585248.26187,19794,3779815.9,5316568.50465
2026-03-13 17:30:00+00:00,1.4017,1.4029,1.3944,1.3965,9558514.8,2026-03-13 17:44:59.999000+00:00,13369449.85682,20571,4089941.3,5722259.17356
2026-03-13 17:45:00+00:00,1.3964,1.3972,1.3909,1.3934,10861955.3,2026-03-13 17:59:59.999000+00:00,15131756.47668,22517,5572992.0,7764045.79551
2026-03-13 18:00:00+00:00,1.3934,1.3964,1.3906,1.3963,6560073.4,2026-03-13 18:14:59.999000+00:00,9140526.56163,17515,3741678.6,5214901.41777
2026-03-13 18:15:00+00:00,1.3963,1.3967,1.3891,1.3961,6866865.4,2026-03-13 18:29:59.999000+00:00,9564123.30035,16556,3988866.7,5556941.1993
2026-03-13 18:30:00+00:00,1.3961,1.4007,1.3956,1.3992,4470723.5,2026-03-13 18:44:59.999000+00:00,6251001.80139,12769,2920351.5,4083226.57927
2026-03-13 18:45:00+00:00,1.3992,1.4004,1.3955,1.3965,3752668.8,2026-03-13 18:59:59.999000+00:00,5247061.51889,11882,2243999.0,3138359.91024
2026-03-13 19:00:00+00:00,1.3965,1.3999,1.3952,1.3989,3492429.1,2026-03-13 19:14:59.999000+00:00,4880102.37479,12777,1726790.6,2413077.63538
2026-03-13 19:15:00+00:00,1.3989,1.4003,1.3964,1.3986,2975826.8,2026-03-13 19:29:59.999000+00:00,4162970.35972,11247,1734972.2,2427178.20061
2026-03-13 19:30:00+00:00,1.3987,1.4015,1.3986,1.4005,2595892.7,2026-03-13 19:44:59.999000+00:00,3633848.76695,9748,1173772.1,1643058.87122
2026-03-13 19:45:00+00:00,1.4005,1.4019,1.3979,1.4005,5735600.3,2026-03-13 19:59:59.999000+00:00,8030623.82475,14905,2707037.9,3790366.38659
2026-03-13 20:00:00+00:00,1.4005,1.4014,1.3973,1.4009,3320737.5,2026-03-13 20:14:59.999000+00:00,4646246.72884,10535,1330922.2,1862026.12128
2026-03-13 20:15:00+00:00,1.4008,1.4036,1.4003,1.4029,3683538.8,2026-03-13 20:29:59.999000+00:00,5164840.43984,9595,2030762.1,2847339.80296
2026-03-13 20:30:00+00:00,1.403,1.404,1.4017,1.4025,2092747.9,2026-03-13 20:44:59.999000+00:00,2935987.62719,7469,933572.1,1309777.81051
2026-03-13 20:45:00+00:00,1.4026,1.403,1.401,1.4016,1647197.1,2026-03-13 20:59:59.999000+00:00,2309394.3156,7246,671537.1,941490.93732
2026-03-13 21:00:00+00:00,1.4016,1.4055,1.4007,1.4033,3634331.4,2026-03-13 21:14:59.999000+00:00,5100634.81746,11267,2118640.1,2973583.04074
2026-03-13 21:15:00+00:00,1.4033,1.4033,1.3959,1.3982,7135854.6,2026-03-13 21:29:59.999000+00:00,9990926.43657,11752,1551276.8,2172264.8235
2026-03-13 21:30:00+00:00,1.3983,1.4023,1.3962,1.3985,3417530.6,2026-03-13 21:44:59.999000+00:00,4780641.4399,11871,1481324.5,2071930.68911
2026-03-13 21:45:00+00:00,1.3985,1.4012,1.3985,1.3998,1699487.2,2026-03-13 21:59:59.999000+00:00,2379293.5838,5994,766450.9,1073032.29032
2026-03-13 22:00:00+00:00,1.3999,1.4008,1.3925,1.3967,7727138.8,2026-03-13 22:14:59.999000+00:00,10785921.73596,15799,3245053.9,4528863.95372
2026-03-13 22:15:00+00:00,1.3968,1.3968,1.3906,1.3913,4427937.5,2026-03-13 22:29:59.999000+00:00,6166244.74868,11531,2164883.5,3014649.00943
2026-03-13 22:30:00+00:00,1.3912,1.3933,1.3895,1.392,3705225.6,2026-03-13 22:44:59.999000+00:00,5154075.39364,10879,2090797.5,2908646.04651
2026-03-13 22:45:00+00:00,1.3921,1.3954,1.3905,1.3941,3305537.1,2026-03-13 22:59:59.999000+00:00,4605392.47854,8380,2003179.4,2790647.80646
2026-03-13 23:00:00+00:00,1.3941,1.3949,1.3926,1.3946,2982837.1,2026-03-13 23:14:59.999000+00:00,4157442.77499,9357,1543265.0,2151080.07511
2026-03-13 23:15:00+00:00,1.3946,1.3995,1.394,1.3989,5833700.8,2026-03-13 23:29:59.999000+00:00,8149514.87689,11995,3992733.7,5577985.65308
2026-03-13 23:30:00+00:00,1.399,1.399,1.3966,1.3975,2124394.5,2026-03-13 23:44:59.999000+00:00,2969406.4652,6513,916426.2,1280943.91899
2026-03-13 23:45:00+00:00,1.3975,1.3985,1.3969,1.3979,1795836.0,2026-03-13 23:59:59.999000+00:00,2510079.81612,5535,938322.5,1311513.28393
2026-03-14 00:00:00+00:00,1.3979,1.3979,1.3942,1.396,4696403.8,2026-03-14 00:14:59.999000+00:00,6554126.53035,9379,1978679.6,2761162.283
2026-03-14 00:15:00+00:00,1.3961,1.3979,1.3952,1.3979,2220681.7,2026-03-14 00:29:59.999000+00:00,3100755.89313,6580,1015677.6,1418236.46725
2026-03-14 00:30:00+00:00,1.3978,1.399,1.3928,1.3932,3424735.0,2026-03-14 00:44:59.999000+00:00,4782732.93451,8701,1380521.4,1928197.21189
2026-03-14 00:45:00+00:00,1.3932,1.3939,1.3915,1.3934,2870031.4,2026-03-14 00:59:59.999000+00:00,3996834.50179,7153,1184541.7,1649677.21995
2026-03-14 01:00:00+00:00,1.3934,1.3957,1.3928,1.395,1954687.3,2026-03-14 01:14:59.999000+00:00,2725751.0336,7424,940830.8,1311990.84409
2026-03-14 01:15:00+00:00,1.395,1.3974,1.3945,1.3968,1858186.9,2026-03-14 01:29:59.999000+00:00,2594472.48061,5126,942228.7,1315723.39766
2026-03-14 01:30:00+00:00,1.3969,1.398,1.3917,1.3972,4126411.8,2026-03-14 01:44:59.999000+00:00,5757913.8584,9952,1954984.7,2728008.34583
2026-03-14 01:45:00+00:00,1.3972,1.4005,1.3972,1.3993,3266977.9,2026-03-14 01:59:59.999000+00:00,4571373.07325,5868,1708058.9,2390230.49678
2026-03-14 02:00:00+00:00,1.3994,1.4017,1.3984,1.401,3153764.4,2026-03-14 02:14:59.999000+00:00,4417208.92589,7541,1736922.0,2432743.84352
2026-03-14 02:15:00+00:00,1.4011,1.4012,1.3989,1.3993,1193581.3,2026-03-14 02:29:59.999000+00:00,1671181.66638,3960,521315.9,729961.09348
2026-03-14 02:30:00+00:00,1.3994,1.4001,1.3977,1.3982,1635665.7,2026-03-14 02:44:59.999000+00:00,2287919.77501,4442,769442.4,1076372.95626
2026-03-14 02:45:00+00:00,1.3983,1.3993,1.3969,1.3976,2441814.8,2026-03-14 02:59:59.999000+00:00,3413494.71238,5535,1220395.3,1706086.704
2026-03-14 03:00:00+00:00,1.3977,1.4008,1.3962,1.4005,3098080.3,2026-03-14 03:14:59.999000+00:00,4333926.13189,8508,1623385.0,2271176.24922
2026-03-14 03:15:00+00:00,1.4005,1.4015,1.3992,1.4,3309509.8,2026-03-14 03:29:59.999000+00:00,4634613.75555,6534,1127723.0,1579311.032
2026-03-14 03:30:00+00:00,1.4001,1.4028,1.4001,1.4005,3117681.5,2026-03-14 03:44:59.999000+00:00,4368993.63006,6810,1727196.3,2420282.87182
2026-03-14 03:45:00+00:00,1.4006,1.4007,1.3992,1.3998,1660815.3,2026-03-14 03:59:59.999000+00:00,2325104.05771,4123,653886.1,915404.7187
2026-03-14 04:00:00+00:00,1.3999,1.4,1.3972,1.3994,4760875.2,2026-03-14 04:14:59.999000+00:00,6658864.36382,10896,1750303.9,2448186.89734
2026-03-14 04:15:00+00:00,1.3994,1.4006,1.3976,1.3999,2093959.5,2026-03-14 04:29:59.999000+00:00,2929698.89104,7217,1080091.4,1511151.27501
2026-03-14 04:30:00+00:00,1.3999,1.4023,1.3992,1.402,1965405.7,2026-03-14 04:44:59.999000+00:00,2753717.56057,5770,1106577.4,1550315.6702
2026-03-14 04:45:00+00:00,1.4021,1.4037,1.3952,1.3971,5026198.9,2026-03-14 04:59:59.999000+00:00,7034481.76478,9827,1607081.8,2250169.90694
2026-03-14 05:00:00+00:00,1.3971,1.3986,1.3956,1.3973,2891396.9,2026-03-14 05:14:59.999000+00:00,4040079.2451,7105,1621848.8,2266236.91796
2026-03-14 05:15:00+00:00,1.3973,1.3983,1.3965,1.3972,1217973.3,2026-03-14 05:29:59.999000+00:00,1702053.43957,4489,548314.4,766260.88474
2026-03-14 05:30:00+00:00,1.3971,1.3972,1.3931,1.3949,3152569.3,2026-03-14 05:44:59.999000+00:00,4397428.32403,8904,1417664.4,1977128.3772
2026-03-14 05:45:00+00:00,1.3949,1.3959,1.3942,1.3945,1440342.5,2026-03-14 05:59:59.999000+00:00,2009195.13441,5630,807776.7,1126836.58588
2026-03-14 06:00:00+00:00,1.3945,1.3945,1.3927,1.3932,2053088.6,2026-03-14 06:14:59.999000+00:00,2860810.55834,7951,1028879.7,1433669.80066
2026-03-14 06:15:00+00:00,1.3932,1.3933,1.3887,1.39,6557838.2,2026-03-14 06:29:59.999000+00:00,9120679.11791,11195,2433316.7,3385455.7295
2026-03-14 06:30:00+00:00,1.39,1.3906,1.3822,1.3872,12460762.3,2026-03-14 06:44:59.999000+00:00,17273085.56365,20266,4479875.2,6211609.55086
2026-03-14 06:45:00+00:00,1.3873,1.3921,1.3869,1.3917,4080763.5,2026-03-14 06:59:59.999000+00:00,5674303.54906,10849,2639450.9,3669789.88965
2026-03-14 07:00:00+00:00,1.3918,1.3947,1.391,1.3943,3077450.3,2026-03-14 07:14:59.999000+00:00,4287043.17479,9279,1563567.0,2178283.10224
2026-03-14 07:15:00+00:00,1.3943,1.3972,1.3933,1.3961,3225914.8,2026-03-14 07:29:59.999000+00:00,4499122.82679,7367,1667214.5,2325729.40573
2026-03-14 07:30:00+00:00,1.3962,1.3964,1.3921,1.3935,2975368.0,2026-03-14 07:44:59.999000+00:00,4148276.05092,6814,1599069.1,2229525.99216
2026-03-14 07:45:00+00:00,1.3934,1.3941,1.3922,1.3935,2319852.6,2026-03-14 07:59:59.999000+00:00,3232022.27109,5295,1129790.0,1574090.10876
2026-03-14 08:00:00+00:00,1.3935,1.3952,1.3928,1.3948,2297146.2,2026-03-14 08:14:59.999000+00:00,3202854.6171,5807,1209433.4,1686141.52758
2026-03-14 08:15:00+00:00,1.3949,1.3958,1.3938,1.3952,1920061.0,2026-03-14 08:29:59.999000+00:00,2678562.80957,4975,1059814.1,1478527.21951
2026-03-14 08:30:00+00:00,1.3953,1.396,1.3916,1.3917,6834656.8,2026-03-14 08:44:59.999000+00:00,9526493.84775,9263,2636907.1,3675729.81679
2026-03-14 08:45:00+00:00,1.3917,1.3928,1.3913,1.3926,1630763.9,2026-03-14 08:59:59.999000+00:00,2270149.94887,4375,1064529.0,1481910.19051
2026-03-14 09:00:00+00:00,1.3926,1.396,1.3923,1.3959,1852504.3,2026-03-14 09:14:59.999000+00:00,2583685.84328,5593,1213993.5,1693019.84019
2026-03-14 09:15:00+00:00,1.3959,1.3964,1.3941,1.3948,2050498.8,2026-03-14 09:29:59.999000+00:00,2860533.07702,5028,857736.5,1196651.88647
2026-03-14 09:30:00+00:00,1.3948,1.395,1.3925,1.3929,1861917.4,2026-03-14 09:44:59.999000+00:00,2594626.28147,4593,677936.9,944853.09808
2026-03-14 09:45:00+00:00,1.3929,1.393,1.3878,1.3892,5620709.2,2026-03-14 09:59:59.999000+00:00,7811695.93724,10561,2917277.6,4053870.7543
2026-03-14 10:00:00+00:00,1.3892,1.3901,1.388,1.39,2762934.6,2026-03-14 10:14:59.999000+00:00,3838066.34035,8109,1361606.9,1891459.9672
2026-03-14 10:15:00+00:00,1.3899,1.39,1.3874,1.3889,2193992.3,2026-03-14 10:29:59.999000+00:00,3046967.36438,6396,1008948.1,1401243.86997
2026-03-14 10:30:00+00:00,1.3889,1.3891,1.3873,1.3875,2503250.5,2026-03-14 10:44:59.999000+00:00,3474912.28404,7583,1128345.4,1566383.32259
2026-03-14 10:45:00+00:00,1.3874,1.3893,1.387,1.3887,1739209.5,2026-03-14 10:59:59.999000+00:00,2414076.52591,5705,1000519.1,1388898.27293
2026-03-14 11:00:00+00:00,1.3887,1.3915,1.3882,1.3908,2508161.2,2026-03-14 11:14:59.999000+00:00,3486941.33546,8166,1552588.8,2158448.49619
2026-03-14 11:15:00+00:00,1.3909,1.3922,1.39,1.3909,1884178.9,2026-03-14 11:29:59.999000+00:00,2621092.10438,5888,830656.1,1155570.29275
2026-03-14 11:30:00+00:00,1.3909,1.3918,1.3898,1.3904,1375613.7,2026-03-14 11:44:59.999000+00:00,1912948.24969,5390,834821.1,1160977.18751
2026-03-14 11:45:00+00:00,1.3904,1.3919,1.3903,1.3917,1402353.1,2026-03-14 11:59:59.999000+00:00,1951006.88717,5054,662338.7,921486.83411
2026-03-14 12:00:00+00:00,1.3917,1.3933,1.3904,1.3911,2577684.8,2026-03-14 12:14:59.999000+00:00,3587566.03314,8045,1392378.0,1938021.87807
2026-03-14 12:15:00+00:00,1.3911,1.3921,1.3894,1.3896,3000676.9,2026-03-14 12:29:59.999000+00:00,4174321.75436,6847,1381950.7,1922453.98409
2026-03-14 12:30:00+00:00,1.3896,1.3901,1.387,1.3876,3018726.9,2026-03-14 12:44:59.999000+00:00,4190507.99599,7275,1055661.7,1465563.66002
2026-03-14 12:45:00+00:00,1.3876,1.3888,1.3872,1.3884,2589281.6,2026-03-14 12:59:59.999000+00:00,3593847.90824,7900,1255944.7,1743227.04921
2026-03-14 13:00:00+00:00,1.3883,1.3886,1.3872,1.3884,2488335.3,2026-03-14 13:14:59.999000+00:00,3453477.82662,10043,1393837.8,1934454.3442
2026-03-14 13:15:00+00:00,1.3885,1.3934,1.3884,1.3932,3222140.3,2026-03-14 13:29:59.999000+00:00,4483539.51607,7468,2031236.6,2826209.87658
2026-03-14 13:30:00+00:00,1.3933,1.3937,1.3918,1.3923,2032624.3,2026-03-14 13:44:59.999000+00:00,2831073.66603,5235,917539.7,1278031.689
2026-03-14 13:45:00+00:00,1.3923,1.3924,1.3896,1.3906,2476373.9,2026-03-14 13:59:59.999000+00:00,3444761.55039,6569,929095.4,1292338.11739
2026-03-14 14:00:00+00:00,1.3907,1.3924,1.389,1.3894,2235646.0,2026-03-14 14:14:59.999000+00:00,3108740.10958,8984,1181701.4,1643187.58758
2026-03-14 14:15:00+00:00,1.3894,1.392,1.3887,1.392,1401932.4,2026-03-14 14:29:59.999000+00:00,1949370.56117,7017,844547.7,1174376.48665
2026-03-14 14:30:00+00:00,1.3919,1.3923,1.3866,1.3872,4536999.3,2026-03-14 14:44:59.999000+00:00,6304297.23144,8522,1583730.9,2201874.20381
2026-03-14 14:45:00+00:00,1.3873,1.3892,1.3873,1.3883,2266030.8,2026-03-14 14:59:59.999000+00:00,3146065.11627,5751,1081277.0,1501198.03526
2026-03-14 15:00:00+00:00,1.3884,1.3901,1.3873,1.3889,2189779.4,2026-03-14 15:14:59.999000+00:00,3040683.83095,7099,1179047.1,1637315.53608
2026-03-14 15:15:00+00:00,1.389,1.3909,1.3882,1.3908,1726011.6,2026-03-14 15:29:59.999000+00:00,2398982.58792,5891,919334.4,1277835.26507
2026-03-14 15:30:00+00:00,1.3908,1.3909,1.3877,1.3888,2435643.3,2026-03-14 15:44:59.999000+00:00,3383535.3495,8433,862993.2,1198742.61071
2026-03-14 15:45:00+00:00,1.3888,1.3906,1.3887,1.3894,986122.2,2026-03-14 15:59:59.999000+00:00,1370303.88372,5863,602000.0,836533.75389
2026-03-14 16:00:00+00:00,1.3894,1.3895,1.3861,1.3879,3802565.7,2026-03-14 16:14:59.999000+00:00,5276282.8882,8587,1989386.8,2760136.28975
2026-03-14 16:15:00+00:00,1.3879,1.3896,1.3879,1.3892,1096046.6,2026-03-14 16:29:59.999000+00:00,1522282.54673,4504,603710.0,838465.05198
2026-03-14 16:30:00+00:00,1.3892,1.3913,1.3892,1.3901,1315927.4,2026-03-14 16:44:59.999000+00:00,1829720.37876,4169,761911.2,1059420.99094
2026-03-14 16:45:00+00:00,1.3902,1.3923,1.3892,1.3921,1552479.5,2026-03-14 16:59:59.999000+00:00,2159573.60015,4846,851618.8,1184788.10678
2026-03-14 17:00:00+00:00,1.3921,1.3929,1.3914,1.3925,1880846.3,2026-03-14 17:14:59.999000+00:00,2618299.57753,7403,990079.8,1378294.53634
2026-03-14 17:15:00+00:00,1.3925,1.3927,1.3902,1.3912,1739933.6,2026-03-14 17:29:59.999000+00:00,2420597.03288,6709,639923.6,890295.77161
2026-03-14 17:30:00+00:00,1.3911,1.3913,1.3894,1.3896,1649302.2,2026-03-14 17:44:59.999000+00:00,2292568.71971,5924,814059.1,1131567.1777
2026-03-14 17:45:00+00:00,1.3897,1.39,1.3878,1.3886,1676146.4,2026-03-14 17:59:59.999000+00:00,2327786.84212,5086,754570.1,1047858.72834
2026-03-14 18:00:00+00:00,1.3887,1.3888,1.3873,1.3881,1467085.0,2026-03-14 18:14:59.999000+00:00,2036726.7191,5992,872984.3,1211962.29077
2026-03-14 18:15:00+00:00,1.3881,1.3895,1.3873,1.3893,1687697.9,2026-03-14 18:29:59.999000+00:00,2343308.79379,4685,1043324.7,1448675.4755
2026-03-14 18:30:00+00:00,1.3893,1.3907,1.389,1.39,1181637.3,2026-03-14 18:44:59.999000+00:00,1642355.1892,3796,677112.6,941108.56683
2026-03-14 18:45:00+00:00,1.3901,1.3915,1.39,1.3904,1770122.1,2026-03-14 18:59:59.999000+00:00,2461548.028,3414,1001693.7,1392861.30301
2026-03-14 19:00:00+00:00,1.3904,1.3904,1.3889,1.3901,1766707.1,2026-03-14 19:14:59.999000+00:00,2455043.45334,5218,840617.3,1168149.3253
2026-03-14 19:15:00+00:00,1.39,1.3905,1.3891,1.3893,759094.5,2026-03-14 19:29:59.999000+00:00,1054938.70337,3245,308973.7,429400.5839
2026-03-14 19:30:00+00:00,1.3894,1.39,1.3886,1.3895,828325.1,2026-03-14 19:44:59.999000+00:00,1150741.91642,3359,575478.0,799495.01854
2026-03-14 19:45:00+00:00,1.3896,1.3904,1.3891,1.3893,944400.9,2026-03-14 19:59:59.999000+00:00,1312261.2111,5280,476506.5,662130.61301
2026-03-14 20:00:00+00:00,1.3894,1.3895,1.3878,1.3883,2063418.7,2026-03-14 20:14:59.999000+00:00,2865480.09169,7020,831188.4,1154138.41082
2026-03-14 20:15:00+00:00,1.3883,1.3907,1.3879,1.3903,1690755.4,2026-03-14 20:29:59.999000+00:00,2349195.03843,5160,1033479.9,1435944.80016
2026-03-14 20:30:00+00:00,1.3903,1.3932,1.3903,1.3927,1760726.7,2026-03-14 20:44:59.999000+00:00,2450344.20728,4107,1084621.4,1509318.62112
2026-03-14 20:45:00+00:00,1.3926,1.393,1.3911,1.3923,1610595.4,2026-03-14 20:59:59.999000+00:00,2242073.66283,5191,771996.5,1074660.23644
2026-03-14 21:00:00+00:00,1.3923,1.3923,1.3902,1.3911,2148373.3,2026-03-14 21:14:59.999000+00:00,2988904.8619,6588,913693.2,1271115.62173
2026-03-14 21:15:00+00:00,1.391,1.3921,1.3907,1.3915,722981.2,2026-03-14 21:29:59.999000+00:00,1006028.47415,4821,310467.4,432019.9341
2026-03-14 21:30:00+00:00,1.3916,1.3943,1.3914,1.3942,1639976.7,2026-03-14 21:44:59.999000+00:00,2284407.08605,6109,1066866.9,1486208.16783
2026-03-14 21:45:00+00:00,1.3942,1.3968,1.3935,1.3949,2956080.9,2026-03-14 21:59:59.999000+00:00,4123502.96736,9230,1559308.4,2175232.11738
2026-03-14 22:00:00+00:00,1.3949,1.396,1.3937,1.3939,3156207.0,2026-03-14 22:14:59.999000+00:00,4402247.11791,14353,1595837.3,2226061.28825
2026-03-14 22:15:00+00:00,1.394,1.3958,1.3938,1.3949,1680356.4,2026-03-14 22:29:59.999000+00:00,2343488.16297,5451,835565.4,1165282.13376
2026-03-14 22:30:00+00:00,1.3949,1.3976,1.3946,1.397,2474732.6,2026-03-14 22:44:59.999000+00:00,3455512.0604,5489,1454441.2,2031001.81416
2026-03-14 22:45:00+00:00,1.3971,1.3971,1.3955,1.3959,1568401.2,2026-03-14 22:59:59.999000+00:00,2189683.49075,3846,684979.1,956314.8208
2026-03-14 23:00:00+00:00,1.3959,1.4048,1.3959,1.4022,9750481.1,2026-03-14 23:14:59.999000+00:00,13669237.82288,18639,4990696.7,6994883.6249
2026-03-14 23:15:00+00:00,1.4021,1.4038,1.3999,1.4031,3749788.4,2026-03-14 23:29:59.999000+00:00,5256527.09264,9969,1824521.4,2557665.18735
2026-03-14 23:30:00+00:00,1.4031,1.4045,1.4015,1.4035,3703800.2,2026-03-14 23:44:59.999000+00:00,5197972.09218,8911,1727975.4,2425314.81658
2026-03-14 23:45:00+00:00,1.4035,1.4078,1.4033,1.4055,5078634.8,2026-03-14 23:59:59.999000+00:00,7137409.77949,11354,2565783.9,3605328.11848
2026-03-15 00:00:00+00:00,1.4056,1.4086,1.4052,1.4064,6841699.0,2026-03-15 00:14:59.999000+00:00,9625242.55743,13705,3924966.3,5521845.40366
2026-03-15 00:15:00+00:00,1.4064,1.409,1.4036,1.4061,4436435.0,2026-03-15 00:29:59.999000+00:00,6237805.40193,12197,1969264.6,2768947.33777
2026-03-15 00:30:00+00:00,1.406,1.4071,1.4025,1.4032,3346323.8,2026-03-15 00:44:59.999000+00:00,4699992.35172,8857,1444301.7,2028737.08732
2026-03-15 00:45:00+00:00,1.4032,1.4046,1.4016,1.4046,2506503.0,2026-03-15 00:59:59.999000+00:00,3516207.97534,7694,1225098.5,1718868.48208
2026-03-15 01:00:00+00:00,1.4046,1.4072,1.4019,1.4028,3466120.3,2026-03-15 01:14:59.999000+00:00,4869845.29959,9487,1816489.8,2551695.71474
2026-03-15 01:15:00+00:00,1.4028,1.4045,1.4013,1.4035,1996280.5,2026-03-15 01:29:59.999000+00:00,2800696.23984,6475,969979.4,1360982.14233
2026-03-15 01:30:00+00:00,1.4035,1.4041,1.4017,1.4027,1690061.1,2026-03-15 01:44:59.999000+00:00,2370889.74316,6281,734548.1,1030480.95295
2026-03-15 01:45:00+00:00,1.4027,1.4048,1.4015,1.4043,1656318.2,2026-03-15 01:59:59.999000+00:00,2324725.53047,4873,993253.3,1394092.89692
2026-03-15 02:00:00+00:00,1.4043,1.4159,1.4043,1.4143,11831193.5,2026-03-15 02:14:59.999000+00:00,16701459.12164,20242,6918451.2,9764440.39412
2026-03-15 02:15:00+00:00,1.4144,1.4165,1.4129,1.4148,4258305.6,2026-03-15 02:29:59.999000+00:00,6024198.48781,9486,2239000.0,3167563.10327
2026-03-15 02:30:00+00:00,1.4148,1.4177,1.4112,1.4169,4129240.7,2026-03-15 02:44:59.999000+00:00,5838103.50029,9893,2165021.6,3061424.74423
2026-03-15 02:45:00+00:00,1.4169,1.4192,1.4134,1.4151,5543580.6,2026-03-15 02:59:59.999000+00:00,7851678.97521,13606,2958735.0,4191284.03333
2026-03-15 03:00:00+00:00,1.4152,1.4199,1.4151,1.4184,4020288.8,2026-03-15 03:14:59.999000+00:00,5700166.97083,10462,2349503.7,3331188.47475
2026-03-15 03:15:00+00:00,1.4185,1.4185,1.4134,1.4141,4597556.0,2026-03-15 03:29:59.999000+00:00,6506471.70773,9671,1898788.6,2686915.32235
2026-03-15 03:30:00+00:00,1.4142,1.4165,1.4126,1.4133,3051757.4,2026-03-15 03:44:59.999000+00:00,4316770.51017,8340,1360934.2,1925084.54188
2026-03-15 03:45:00+00:00,1.4134,1.4134,1.4111,1.4115,3379254.3,2026-03-15 03:59:59.999000+00:00,4771438.45849,6928,1367633.4,1931028.89075
2026-03-15 04:00:00+00:00,1.4116,1.4173,1.4116,1.4168,4579621.3,2026-03-15 04:14:59.999000+00:00,6478635.28691,9225,2957541.6,4184053.48638
2026-03-15 04:15:00+00:00,1.4169,1.4178,1.4119,1.4137,6465490.9,2026-03-15 04:29:59.999000+00:00,9141614.35302,9937,3128103.9,4422075.08947
2026-03-15 04:30:00+00:00,1.4136,1.4159,1.4128,1.4156,2398957.9,2026-03-15 04:44:59.999000+00:00,3392650.55969,6832,1223761.1,1730658.96976
2026-03-15 04:45:00+00:00,1.4155,1.4164,1.4139,1.4163,1768894.5,2026-03-15 04:59:59.999000+00:00,2503235.40208,5389,977425.7,1383289.91993
2026-03-15 05:00:00+00:00,1.4164,1.4165,1.414,1.4141,1438211.7,2026-03-15 05:14:59.999000+00:00,2035040.61713,5197,563518.5,797422.41488
2026-03-15 05:15:00+00:00,1.4141,1.421,1.4133,1.4168,3853744.3,2026-03-15 05:29:59.999000+00:00,5464012.17349,11960,2143608.5,3040034.45152
2026-03-15 05:30:00+00:00,1.4168,1.419,1.4153,1.4179,2522514.6,2026-03-15 05:44:59.999000+00:00,3574947.41503,9532,1611984.8,2284615.32905
2026-03-15 05:45:00+00:00,1.4178,1.418,1.4133,1.4133,2514614.4,2026-03-15 05:59:59.999000+00:00,3559013.1971,7881,809565.6,1145896.36035
2026-03-15 06:00:00+00:00,1.4134,1.4153,1.4129,1.4139,2684749.3,2026-03-15 06:14:59.999000+00:00,3796237.90723,7404,1548334.5,2189374.42472
2026-03-15 06:15:00+00:00,1.4139,1.4141,1.4089,1.4093,4986181.7,2026-03-15 06:29:59.999000+00:00,7035787.63487,9653,1553639.1,2192096.51397
2026-03-15 06:30:00+00:00,1.4093,1.4093,1.4048,1.4081,10186015.4,2026-03-15 06:44:59.999000+00:00,14333868.59305,13409,5137617.4,7229079.43273
2026-03-15 06:45:00+00:00,1.4081,1.4097,1.4079,1.4095,2735764.3,2026-03-15 06:59:59.999000+00:00,3854875.31682,7522,1058175.9,1491051.19587
2026-03-15 07:00:00+00:00,1.4096,1.4114,1.4067,1.4093,3851902.4,2026-03-15 07:14:59.999000+00:00,5428688.66147,10905,2238690.8,3155374.56319
2026-03-15 07:15:00+00:00,1.4093,1.4101,1.408,1.4081,1409844.0,2026-03-15 07:29:59.999000+00:00,1986498.57447,4902,659883.6,929799.21753
2026-03-15 07:30:00+00:00,1.4082,1.4082,1.4055,1.406,1964376.6,2026-03-15 07:44:59.999000+00:00,2763011.22015,6209,767315.3,1079332.92072
2026-03-15 07:45:00+00:00,1.4061,1.4074,1.4057,1.407,1898062.0,2026-03-15 07:59:59.999000+00:00,2669773.80342,5775,1002182.4,1409658.18816
2026-03-15 08:00:00+00:00,1.407,1.411,1.407,1.4098,3542546.4,2026-03-15 08:14:59.999000+00:00,4991190.96866,9560,2123888.1,2992677.16392
2026-03-15 08:15:00+00:00,1.4098,1.4122,1.4089,1.409,2563264.6,2026-03-15 08:29:59.999000+00:00,3615653.8379,8395,1373752.7,1938050.51372
2026-03-15 08:30:00+00:00,1.409,1.4098,1.4079,1.4096,1635012.6,2026-03-15 08:44:59.999000+00:00,2303419.03391,7329,893818.6,1259250.27985
2026-03-15 08:45:00+00:00,1.4096,1.4127,1.4095,1.4126,2257868.4,2026-03-15 08:59:59.999000+00:00,3187117.64206,7241,1276913.0,1802446.13074
2026-03-15 09:00:00+00:00,1.4126,1.4165,1.4124,1.4142,5067649.9,2026-03-15 09:14:59.999000+00:00,7169746.72162,13954,3131507.5,4430397.68466
2026-03-15 09:15:00+00:00,1.4142,1.4182,1.4136,1.416,3622987.7,2026-03-15 09:29:59.999000+00:00,5131829.22836,8736,1740831.7,2465547.10763
2026-03-15 09:30:00+00:00,1.4159,1.4168,1.414,1.4141,1882035.4,2026-03-15 09:44:59.999000+00:00,2664082.69117,6487,882498.5,1249369.07044
2026-03-15 09:45:00+00:00,1.414,1.4155,1.4134,1.4141,2235195.6,2026-03-15 09:59:59.999000+00:00,3161129.38954,5355,636926.6,900857.94884
2026-03-15 10:00:00+00:00,1.414,1.4156,1.4135,1.4148,2159491.0,2026-03-15 10:14:59.999000+00:00,3054763.46954,6966,971125.3,1373735.36766
2026-03-15 10:15:00+00:00,1.4147,1.4174,1.4145,1.4154,1364479.3,2026-03-15 10:29:59.999000+00:00,1931971.70614,5594,794330.5,1124654.18003
2026-03-15 10:30:00+00:00,1.4154,1.4166,1.4141,1.4149,1537265.0,2026-03-15 10:44:59.999000+00:00,2175402.02567,4469,828043.3,1171907.68119
2026-03-15 10:45:00+00:00,1.4149,1.4163,1.4144,1.4158,1457941.8,2026-03-15 10:59:59.999000+00:00,2063647.08201,4102,678064.5,959712.29172
2026-03-15 11:00:00+00:00,1.4157,1.4158,1.4137,1.4144,1541824.1,2026-03-15 11:14:59.999000+00:00,2181629.39208,6145,586399.2,829795.12387
2026-03-15 11:15:00+00:00,1.4145,1.4161,1.4143,1.4146,2668601.0,2026-03-15 11:29:59.999000+00:00,3776788.73206,4687,1855498.9,2626092.78703
2026-03-15 11:30:00+00:00,1.4145,1.415,1.4134,1.4148,2229630.8,2026-03-15 11:44:59.999000+00:00,3153114.58887,5512,1308802.6,1851014.01081
2026-03-15 11:45:00+00:00,1.4147,1.4202,1.4145,1.4192,4299505.7,2026-03-15 11:59:59.999000+00:00,6098105.12797,7836,2454668.5,3481342.57669
2026-03-15 12:00:00+00:00,1.4191,1.4192,1.4155,1.4168,2043331.2,2026-03-15 12:14:59.999000+00:00,2895606.36973,7039,716637.1,1015373.7046
2026-03-15 12:15:00+00:00,1.4168,1.4173,1.4142,1.4165,3065192.3,2026-03-15 12:29:59.999000+00:00,4339248.8741,5820,1231025.4,1742761.70575
2026-03-15 12:30:00+00:00,1.4166,1.4223,1.4162,1.4187,5581647.6,2026-03-15 12:44:59.999000+00:00,7923240.95343,12140,2817516.3,3999206.08076
2026-03-15 12:45:00+00:00,1.4186,1.4245,1.4186,1.4232,7673528.4,2026-03-15 12:59:59.999000+00:00,10914657.5376,13527,4528737.1,6441298.29181
2026-03-15 13:00:00+00:00,1.4232,1.4296,1.417,1.422,21030972.4,2026-03-15 13:14:59.999000+00:00,29953487.70167,32615,11040749.9,15725666.87685
2026-03-15 13:15:00+00:00,1.4219,1.4268,1.4153,1.4233,15548338.1,2026-03-15 13:29:59.999000+00:00,22098384.66704,23128,8667492.5,12319954.77307
2026-03-15 13:30:00+00:00,1.4233,1.4249,1.4156,1.4193,9642192.1,2026-03-15 13:44:59.999000+00:00,13689561.42533,18907,3864896.1,5487751.79764
2026-03-15 13:45:00+00:00,1.4193,1.4228,1.4179,1.4225,4177451.8,2026-03-15 13:59:59.999000+00:00,5934963.28578,9984,2138770.3,3038161.75202
2026-03-15 14:00:00+00:00,1.4225,1.4244,1.4207,1.4234,4214591.0,2026-03-15 14:14:59.999000+00:00,5996592.84117,11012,2184091.9,3107531.8762
2026-03-15 14:15:00+00:00,1.4234,1.4234,1.4168,1.4177,3268220.3,2026-03-15 14:29:59.999000+00:00,4637669.98864,10104,1257385.3,1784263.6627
2026-03-15 14:30:00+00:00,1.4177,1.4177,1.4121,1.4144,5802393.1,2026-03-15 14:44:59.999000+00:00,8204031.82987,13889,2228029.5,3150140.70647
2026-03-15 14:45:00+00:00,1.4143,1.417,1.4128,1.4167,3788265.1,2026-03-15 14:59:59.999000+00:00,5360837.39069,9972,2192939.2,3103498.27171
2026-03-15 15:00:00+00:00,1.4167,1.4219,1.416,1.4209,3197416.4,2026-03-15 15:14:59.999000+00:00,4536719.70309,9213,1843892.4,2616284.24718
2026-03-15 15:15:00+00:00,1.421,1.4216,1.415,1.4154,3304986.4,2026-03-15 15:29:59.999000+00:00,4687296.86607,8605,1240901.9,1760129.78557
2026-03-15 15:30:00+00:00,1.4155,1.419,1.4143,1.4181,2571912.3,2026-03-15 15:44:59.999000+00:00,3644337.45129,7179,1504119.7,2131267.08454
2026-03-15 15:45:00+00:00,1.418,1.4181,1.4143,1.415,1863634.7,2026-03-15 15:59:59.999000+00:00,2638996.42006,5960,548502.0,776752.6426
2026-03-15 16:00:00+00:00,1.415,1.4175,1.4139,1.4149,3243037.5,2026-03-15 16:14:59.999000+00:00,4591453.82709,8339,1339728.2,1896934.35066
2026-03-15 16:15:00+00:00,1.415,1.4153,1.408,1.4134,10887131.5,2026-03-15 16:29:59.999000+00:00,15365168.22217,17728,4161344.6,5873716.35841
2026-03-15 16:30:00+00:00,1.4134,1.4157,1.4108,1.4134,3436140.8,2026-03-15 16:44:59.999000+00:00,4855194.80173,9688,1936735.1,2736811.9787
2026-03-15 16:45:00+00:00,1.4135,1.4144,1.4106,1.412,1888710.0,2026-03-15 16:59:59.999000+00:00,2667856.68349,6665,976302.4,1379152.70881
2026-03-15 17:00:00+00:00,1.412,1.4171,1.4114,1.4151,1726646.4,2026-03-15 17:14:59.999000+00:00,2443767.02508,7762,907448.5,1284316.324
2026-03-15 17:15:00+00:00,1.4151,1.4153,1.4129,1.4134,1471657.4,2026-03-15 17:29:59.999000+00:00,2080914.35472,4863,572508.7,809488.89234
2026-03-15 17:30:00+00:00,1.4135,1.414,1.4122,1.4135,1886741.8,2026-03-15 17:44:59.999000+00:00,2666255.97151,4990,790328.6,1116859.42038
2026-03-15 17:45:00+00:00,1.4135,1.4234,1.4125,1.4185,7898544.8,2026-03-15 17:59:59.999000+00:00,11206905.1885,16317,4363853.6,6192310.36535
2026-03-15 18:00:00+00:00,1.4185,1.4203,1.4174,1.4179,2557362.3,2026-03-15 18:14:59.999000+00:00,3629140.86405,8420,1295042.7,1837894.18299
2026-03-15 18:15:00+00:00,1.4179,1.4186,1.4168,1.4172,1884848.1,2026-03-15 18:29:59.999000+00:00,2672074.47006,5582,795410.7,1127591.39673
2026-03-15 18:30:00+00:00,1.4172,1.4193,1.4172,1.4175,2265433.8,2026-03-15 18:44:59.999000+00:00,3212799.30909,6611,1339129.4,1899111.91514
2026-03-15 18:45:00+00:00,1.4174,1.4177,1.4083,1.4099,7216412.9,2026-03-15 18:59:59.999000+00:00,10183711.77941,14063,2919883.1,4119829.80001
2026-03-15 19:00:00+00:00,1.4099,1.4132,1.409,1.4125,3868556.2,2026-03-15 19:14:59.999000+00:00,5456435.89346,11274,2373912.7,3348290.69767
2026-03-15 19:15:00+00:00,1.4125,1.4144,1.4111,1.4134,1348954.6,2026-03-15 19:29:59.999000+00:00,1905661.04733,6052,731729.7,1033626.6039
2026-03-15 19:30:00+00:00,1.4133,1.4143,1.4112,1.4113,1516139.5,2026-03-15 19:44:59.999000+00:00,2141692.20465,5928,638810.9,902459.61992
2026-03-15 19:45:00+00:00,1.4112,1.4128,1.4105,1.4121,1479914.3,2026-03-15 19:59:59.999000+00:00,2088785.1168,5009,760228.9,1073006.01013
2026-03-15 20:00:00+00:00,1.412,1.4121,1.4097,1.4104,1165898.3,2026-03-15 20:14:59.999000+00:00,1644907.70861,5746,463823.9,654362.02029
2026-03-15 20:15:00+00:00,1.4104,1.4122,1.4098,1.4121,1708113.0,2026-03-15 20:29:59.999000+00:00,2410425.03635,5107,959711.2,1354345.52949
2026-03-15 20:30:00+00:00,1.4122,1.4226,1.4121,1.4193,7676075.0,2026-03-15 20:44:59.999000+00:00,10891287.21954,16419,4022071.4,5705801.87788
2026-03-15 20:45:00+00:00,1.4193,1.42,1.4167,1.4172,2180024.8,2026-03-15 20:59:59.999000+00:00,3091124.09378,6473,982975.0,1393852.32564
2026-03-15 21:00:00+00:00,1.4172,1.4183,1.4141,1.415,2793516.8,2026-03-15 21:14:59.999000+00:00,3955861.38825,8301,1254439.9,1776421.27866
2026-03-15 21:15:00+00:00,1.4151,1.42,1.415,1.4182,1985009.2,2026-03-15 21:29:59.999000+00:00,2813999.44276,6672,899889.5,1275586.184
2026-03-15 21:30:00+00:00,1.4182,1.4298,1.4181,1.4265,9121025.8,2026-03-15 21:44:59.999000+00:00,13005931.26788,19017,5910971.0,8427816.47133
2026-03-15 21:45:00+00:00,1.4264,1.4286,1.4242,1.4268,2875307.0,2026-03-15 21:59:59.999000+00:00,4100246.9662,10108,1655645.6,2361054.04149
2026-03-15 22:00:00+00:00,1.4268,1.4359,1.4228,1.4243,16652598.3,2026-03-15 22:14:59.999000+00:00,23825320.7389,30894,10216333.3,14619915.07372
2026-03-15 22:15:00+00:00,1.4243,1.4297,1.4222,1.4288,6982735.7,2026-03-15 22:29:59.999000+00:00,9959600.09465,15406,4744911.8,6767249.03718
2026-03-15 22:30:00+00:00,1.4288,1.4579,1.4286,1.4513,47920779.9,2026-03-15 22:44:59.999000+00:00,69305230.84785,75537,31836306.5,46037236.95052
2026-03-15 22:45:00+00:00,1.4512,1.4647,1.451,1.4547,28612977.5,2026-03-15 22:59:59.999000+00:00,41704379.1265,55615,16747872.5,24410494.55444
2026-03-15 23:00:00+00:00,1.4547,1.4574,1.4478,1.45,20401993.6,2026-03-15 23:14:59.999000+00:00,29631969.35251,47225,11112978.6,16144699.85019
2026-03-15 23:15:00+00:00,1.4499,1.4509,1.4387,1.4418,14037844.2,2026-03-15 23:29:59.999000+00:00,20271604.60449,30322,6229806.5,8995890.93028
2026-03-15 23:30:00+00:00,1.4417,1.4486,1.4388,1.4469,8741551.3,2026-03-15 23:44:59.999000+00:00,12618635.75407,21147,4248590.8,6133347.49654
2026-03-15 23:45:00+00:00,1.4469,1.4491,1.4445,1.4482,4925108.1,2026-03-15 23:59:59.999000+00:00,7126750.85613,15638,1913047.1,2768482.61939
2026-03-16 00:00:00+00:00,1.4482,1.4575,1.4481,1.4502,12787531.6,2026-03-16 00:14:59.999000+00:00,18576905.53459,29521,5681711.6,8254836.0486
2026-03-16 00:15:00+00:00,1.4503,1.4558,1.4468,1.4473,5733393.7,2026-03-16 00:29:59.999000+00:00,8316200.46233,17666,2382186.7,3455313.62723
2026-03-16 00:30:00+00:00,1.4473,1.4498,1.4435,1.4447,5764094.7,2026-03-16 00:44:59.999000+00:00,8339928.22417,17499,2223807.8,3218230.16166
2026-03-16 00:45:00+00:00,1.4447,1.448,1.4443,1.4461,3007411.7,2026-03-16 00:59:59.999000+00:00,4349557.61574,11440,1340269.2,1938351.06587
2026-03-16 01:00:00+00:00,1.4462,1.4493,1.4402,1.4405,6432179.0,2026-03-16 01:14:59.999000+00:00,9290346.04766,16877,2275601.4,3287663.76802
2026-03-16 01:15:00+00:00,1.4406,1.4473,1.4376,1.4445,6543940.5,2026-03-16 01:29:59.999000+00:00,9438156.13865,17438,3236743.0,4669911.3122
2026-03-16 01:30:00+00:00,1.4445,1.4445,1.4384,1.442,4456470.2,2026-03-16 01:44:59.999000+00:00,6424298.752,15330,2571682.7,3707202.56953
2026-03-16 01:45:00+00:00,1.4421,1.4498,1.4421,1.4466,4559197.7,2026-03-16 01:59:59.999000+00:00,6598363.90455,12805,2251154.6,3257333.72597
2026-03-16 02:00:00+00:00,1.4466,1.4488,1.4418,1.4428,4184646.1,2026-03-16 02:14:59.999000+00:00,6050124.57869,12878,1998716.1,2889540.00306
2026-03-16 02:15:00+00:00,1.4428,1.4432,1.4351,1.4363,7049850.8,2026-03-16 02:29:59.999000+00:00,10141528.60085,14020,2707697.3,3895123.19455
2026-03-16 02:30:00+00:00,1.4363,1.4386,1.4357,1.4381,3163584.1,2026-03-16 02:44:59.999000+00:00,4546160.68004,8946,1869364.9,2686442.93107
2026-03-16 02:45:00+00:00,1.4382,1.4451,1.438,1.4422,3986420.6,2026-03-16 02:59:59.999000+00:00,5747472.68988,9798,2289444.1,3300455.58549
2026-03-16 03:00:00+00:00,1.4423,1.4451,1.4395,1.4443,3652998.7,2026-03-16 03:14:59.999000+00:00,5270413.91895,10329,2000098.6,2885581.9412
2026-03-16 03:15:00+00:00,1.4442,1.454,1.4428,1.4529,11506896.9,2026-03-16 03:29:59.999000+00:00,16682811.21919,21626,6046387.5,8764568.46355
2026-03-16 03:30:00+00:00,1.4528,1.4795,1.4528,1.4701,49342416.1,2026-03-16 03:44:59.999000+00:00,72519469.52981,87574,28878454.6,42437731.94992
2026-03-16 03:45:00+00:00,1.47,1.4715,1.4638,1.4669,11409739.2,2026-03-16 03:59:59.999000+00:00,16743264.07989,27030,6229839.3,9141193.29244
2026-03-16 04:00:00+00:00,1.467,1.4753,1.467,1.4739,9719142.1,2026-03-16 04:14:59.999000+00:00,14299968.71898,22972,5484059.4,8068217.80859
2026-03-16 04:15:00+00:00,1.4739,1.4779,1.4683,1.4689,9312141.9,2026-03-16 04:29:59.999000+00:00,13718808.44472,21598,4394645.2,6475496.0862
2026-03-16 04:30:00+00:00,1.4688,1.4767,1.4669,1.4763,9083000.0,2026-03-16 04:44:59.999000+00:00,13375325.64523,22543,4898456.0,7213141.9671
2026-03-16 04:45:00+00:00,1.4764,1.4858,1.4742,1.4793,20951073.9,2026-03-16 04:59:59.999000+00:00,30996433.89729,33244,10980759.9,16245847.93437
2026-03-16 05:00:00+00:00,1.4793,1.4843,1.4745,1.4798,8903368.8,2026-03-16 05:14:59.999000+00:00,13165982.31718,21936,4330731.3,6405607.09429
2026-03-16 05:15:00+00:00,1.4798,1.481,1.4764,1.4792,6334095.7,2026-03-16 05:29:59.999000+00:00,9364910.23871,16482,3734083.5,5520861.35328
2026-03-16 05:30:00+00:00,1.4793,1.4834,1.4733,1.4826,7070040.5,2026-03-16 05:44:59.999000+00:00,10455145.76663,18347,4048544.7,5988098.22727
2026-03-16 05:45:00+00:00,1.4826,1.4843,1.4781,1.4804,7582048.7,2026-03-16 05:59:59.999000+00:00,11229835.29608,19238,4258687.1,6307973.0552
2026-03-16 06:00:00+00:00,1.4805,1.4805,1.4727,1.4761,8298619.9,2026-03-16 06:14:59.999000+00:00,12243719.89931,18896,3468605.4,5117038.61263
2026-03-16 06:15:00+00:00,1.476,1.4811,1.4755,1.4768,5758936.8,2026-03-16 06:29:59.999000+00:00,8511072.82274,15720,3015157.9,4456058.89726
2026-03-16 06:30:00+00:00,1.4767,1.4811,1.4753,1.479,3540985.9,2026-03-16 06:44:59.999000+00:00,5234158.59595,11678,1922727.5,2842352.31693
2026-03-16 06:45:00+00:00,1.4791,1.4791,1.4761,1.4764,2349822.0,2026-03-16 06:59:59.999000+00:00,3473094.28019,8705,1194960.4,1766265.26429
2026-03-16 07:00:00+00:00,1.4764,1.4872,1.4753,1.4842,7697360.8,2026-03-16 07:14:59.999000+00:00,11414761.66388,20572,5144322.1,7629454.57751
2026-03-16 07:15:00+00:00,1.4842,1.488,1.4805,1.4825,7458502.8,2026-03-16 07:29:59.999000+00:00,11066818.47897,18196,3746836.3,5560094.90615
2026-03-16 07:30:00+00:00,1.4826,1.484,1.4777,1.4826,4776464.4,2026-03-16 07:44:59.999000+00:00,7073921.55552,14333,2128627.8,3152779.19808
2026-03-16 07:45:00+00:00,1.4827,1.4852,1.4805,1.4823,6246586.6,2026-03-16 07:59:59.999000+00:00,9262610.07017,13198,3203665.9,4750686.3191
2026-03-16 08:00:00+00:00,1.4824,1.4889,1.4807,1.4808,7518500.2,2026-03-16 08:14:59.999000+00:00,11170958.257,18460,3670218.3,5453961.75946
2026-03-16 08:15:00+00:00,1.4808,1.4842,1.4772,1.4777,6776993.0,2026-03-16 08:29:59.999000+00:00,10030153.12749,17622,3123726.8,4623400.82871
2026-03-16 08:30:00+00:00,1.4776,1.4782,1.4653,1.466,13720786.0,2026-03-16 08:44:59.999000+00:00,20201191.45694,25329,5211777.4,7673996.79216
2026-03-16 08:45:00+00:00,1.4659,1.4708,1.4641,1.4678,9968957.7,2026-03-16 08:59:59.999000+00:00,14634011.16024,21470,5072249.8,7446373.65531
2026-03-16 09:00:00+00:00,1.4679,1.4707,1.4665,1.4689,4844555.9,2026-03-16 09:14:59.999000+00:00,7112992.71907,13472,2400632.4,3524762.09726
2026-03-16 09:15:00+00:00,1.469,1.4708,1.4668,1.4679,5959836.2,2026-03-16 09:29:59.999000+00:00,8754335.06403,12872,2981323.7,4379769.38196
2026-03-16 09:30:00+00:00,1.4678,1.4692,1.4657,1.4675,3675673.4,2026-03-16 09:44:59.999000+00:00,5394262.91239,11280,1683164.1,2470335.23118
2026-03-16 09:45:00+00:00,1.4675,1.4756,1.4674,1.4734,7821127.3,2026-03-16 09:59:59.999000+00:00,11523203.40519,15499,4724866.7,6960486.06923
2026-03-16 10:00:00+00:00,1.4734,1.4756,1.4711,1.4722,5264968.3,2026-03-16 10:14:59.999000+00:00,7757377.27656,12105,2086102.1,3074010.15133
2026-03-16 10:15:00+00:00,1.4722,1.474,1.4702,1.4711,2720925.7,2026-03-16 10:29:59.999000+00:00,4006007.8961,9700,1314397.9,1935293.78978
2026-03-16 10:30:00+00:00,1.4711,1.4714,1.4661,1.4677,4237623.3,2026-03-16 10:44:59.999000+00:00,6222537.74225,11357,1865865.5,2739730.77534
2026-03-16 10:45:00+00:00,1.4677,1.475,1.467,1.4744,5256681.7,2026-03-16 10:59:59.999000+00:00,7738957.09213,13633,3223324.5,4745240.64876
2026-03-16 11:00:00+00:00,1.4743,1.4749,1.4713,1.4715,4041419.5,2026-03-16 11:14:59.999000+00:00,5955682.00171,10700,1844665.5,2718578.74278
2026-03-16 11:15:00+00:00,1.4715,1.4729,1.4661,1.4663,4423462.5,2026-03-16 11:29:59.999000+00:00,6499113.03481,11267,1848012.1,2715454.87641
2026-03-16 11:30:00+00:00,1.4663,1.4711,1.4658,1.47,2764923.5,2026-03-16 11:44:59.999000+00:00,4061242.25885,9150,1498949.6,2201835.53084
2026-03-16 11:45:00+00:00,1.47,1.4712,1.4686,1.469,1974355.4,2026-03-16 11:59:59.999000+00:00,2902148.73143,6969,751837.8,1105166.0856
2026-03-16 12:00:00+00:00,1.469,1.477,1.4688,1.4726,8091283.2,2026-03-16 12:14:59.999000+00:00,11908307.06961,17620,4398263.6,6474767.79658
2026-03-16 12:15:00+00:00,1.4726,1.4797,1.4706,1.4786,8337249.8,2026-03-16 12:29:59.999000+00:00,12309816.4756,19365,4797474.8,7083122.96457
2026-03-16 12:30:00+00:00,1.4785,1.4799,1.4742,1.4771,7318305.1,2026-03-16 12:44:59.999000+00:00,10814994.57832,16342,3197263.9,4725117.14342
2026-03-16 12:45:00+00:00,1.4771,1.4783,1.4741,1.4754,2183805.8,2026-03-16 12:59:59.999000+00:00,3222459.32207,7727,886637.7,1308338.56005
2026-03-16 13:00:00+00:00,1.4754,1.4798,1.4738,1.4787,3900827.1,2026-03-16 13:14:59.999000+00:00,5757683.75379,11121,1670119.7,2465423.37048
2026-03-16 13:15:00+00:00,1.4788,1.4792,1.4756,1.4785,5637181.9,2026-03-16 13:29:59.999000+00:00,8329346.13265,10599,2465810.8,3643318.35046
2026-03-16 13:30:00+00:00,1.4784,1.492,1.4763,1.4837,24261836.5,2026-03-16 13:44:59.999000+00:00,36038687.59436,42115,12428978.7,18464212.50394
2026-03-16 13:45:00+00:00,1.4836,1.4893,1.4764,1.4819,14233081.8,2026-03-16 13:59:59.999000+00:00,21093982.78304,29034,6953211.3,10303663.35606
2026-03-16 14:00:00+00:00,1.4819,1.4887,1.4791,1.4871,8387929.3,2026-03-16 14:14:59.999000+00:00,12454607.00636,25968,4554911.6,6762967.10485
2026-03-16 14:15:00+00:00,1.4872,1.4904,1.4789,1.479,8228685.1,2026-03-16 14:29:59.999000+00:00,12231395.18168,23977,3458340.1,5142503.30983
2026-03-16 14:30:00+00:00,1.4791,1.4827,1.4703,1.4758,18583655.2,2026-03-16 14:44:59.999000+00:00,27425544.11167,43973,9066778.4,13383427.05281
2026-03-16 14:45:00+00:00,1.4758,1.5097,1.4747,1.5088,30779388.1,2026-03-16 14:59:59.999000+00:00,45985490.68444,48584,19708257.7,29456368.30647
2026-03-16 15:00:00+00:00,1.5088,1.513,1.4952,1.5077,39977518.9,2026-03-16 15:14:59.999000+00:00,60189585.41136,74308,21682483.1,32638426.09112
2026-03-16 15:15:00+00:00,1.5077,1.515,1.5023,1.5103,13971796.1,2026-03-16 15:29:59.999000+00:00,21083196.50906,35752,6865344.5,10361684.39143
2026-03-16 15:30:00+00:00,1.5104,1.5158,1.4974,1.4981,11097818.4,2026-03-16 15:44:59.999000+00:00,16688786.1552,27847,5050911.3,7596997.61716
2026-03-16 15:45:00+00:00,1.4981,1.5027,1.4914,1.4924,7727351.9,2026-03-16 15:59:59.999000+00:00,11558390.49554,22163,3282664.9,4911423.7567
2026-03-16 16:00:00+00:00,1.4925,1.4996,1.4909,1.4931,11087014.7,2026-03-16 16:14:59.999000+00:00,16569361.91621,25788,5360448.9,8009202.67943
2026-03-16 16:15:00+00:00,1.4932,1.4999,1.4917,1.4997,5137583.6,2026-03-16 16:29:59.999000+00:00,7685937.68164,18245,2616352.3,3913966.62261
2026-03-16 16:30:00+00:00,1.4998,1.5064,1.4974,1.5028,5654330.9,2026-03-16 16:44:59.999000+00:00,8491162.21591,19508,2885475.5,4332558.4207
2026-03-16 16:45:00+00:00,1.5028,1.5109,1.501,1.5079,6158301.2,2026-03-16 16:59:59.999000+00:00,9281123.50826,18849,3504256.8,5281457.26884
2026-03-16 17:00:00+00:00,1.508,1.5117,1.5048,1.5076,6669871.3,2026-03-16 17:14:59.999000+00:00,10065417.88793,23789,3226658.1,4869895.48856
2026-03-16 17:15:00+00:00,1.5077,1.5097,1.5055,1.5078,4010541.5,2026-03-16 17:29:59.999000+00:00,6047396.48159,15167,1605426.5,2420965.89009
2026-03-16 17:30:00+00:00,1.5079,1.5174,1.5053,1.5137,7462543.0,2026-03-16 17:44:59.999000+00:00,11283424.97978,23526,3907291.7,5909100.82289
2026-03-16 17:45:00+00:00,1.5136,1.5186,1.5123,1.5178,6290914.6,2026-03-16 17:59:59.999000+00:00,9534120.68205,21931,2995977.1,4540467.91728
2026-03-16 18:00:00+00:00,1.5178,1.5281,1.5155,1.5243,15937938.2,2026-03-16 18:14:59.999000+00:00,24256773.42597,37819,8905983.7,13558161.80139
2026-03-16 18:15:00+00:00,1.5243,1.5439,1.5224,1.5406,29290070.4,2026-03-16 18:29:59.999000+00:00,44947756.63546,55764,16927118.1,25970973.17539
2026-03-16 18:30:00+00:00,1.5406,1.5418,1.5312,1.5377,13072818.4,2026-03-16 18:44:59.999000+00:00,20101138.39256,33330,5749753.1,8841337.79127
2026-03-16 18:45:00+00:00,1.5378,1.5396,1.5319,1.5349,8124605.7,2026-03-16 18:59:59.999000+00:00,12478263.76386,24860,3682925.0,5656769.05763
2026-03-16 19:00:00+00:00,1.5348,1.5423,1.528,1.5384,12578175.1,2026-03-16 19:14:59.999000+00:00,19308991.54389,35907,6206515.9,9529616.88369
2026-03-16 19:15:00+00:00,1.5384,1.5417,1.5298,1.5355,5923432.0,2026-03-16 19:29:59.999000+00:00,9094323.18422,21876,2787518.9,4279850.6981
2026-03-16 19:30:00+00:00,1.5355,1.5368,1.5291,1.5295,4326696.1,2026-03-16 19:44:59.999000+00:00,6632743.91363,15763,1660335.9,2545835.75182
2026-03-16 19:45:00+00:00,1.5295,1.5318,1.5201,1.5293,16466021.0,2026-03-16 19:59:59.999000+00:00,25116624.85719,31145,8529869.8,13011356.48444
2026-03-16 20:00:00+00:00,1.5294,1.53,1.5242,1.5259,6678121.1,2026-03-16 20:14:59.999000+00:00,10190710.62624,21607,3450003.4,5264347.34969
2026-03-16 20:15:00+00:00,1.5259,1.5294,1.5242,1.5275,3941122.5,2026-03-16 20:29:59.999000+00:00,6016911.19427,14392,2221174.2,3390730.47368
2026-03-16 20:30:00+00:00,1.5275,1.5307,1.5228,1.5237,4000635.4,2026-03-16 20:44:59.999000+00:00,6110085.53298,13044,1959916.9,2993176.13025
2026-03-16 20:45:00+00:00,1.5237,1.5283,1.5228,1.5274,2656346.7,2026-03-16 20:59:59.999000+00:00,4053614.69819,12281,1293447.6,1973866.72119
2026-03-16 21:00:00+00:00,1.5275,1.5336,1.5255,1.5301,7928650.2,2026-03-16 21:14:59.999000+00:00,12123191.46046,23037,4043911.6,6183768.58588
2026-03-16 21:15:00+00:00,1.53,1.5318,1.5253,1.528,4005121.8,2026-03-16 21:29:59.999000+00:00,6122721.95679,15500,1532125.8,2342486.61911
2026-03-16 21:30:00+00:00,1.528,1.5399,1.5267,1.5307,7046941.7,2026-03-16 21:44:59.999000+00:00,10806949.57282,24213,4087552.3,6267633.99109
2026-03-16 21:45:00+00:00,1.5307,1.5355,1.5271,1.5271,3779014.7,2026-03-16 21:59:59.999000+00:00,5787045.07177,15402,1873939.1,2869776.02556
2026-03-16 22:00:00+00:00,1.5271,1.5411,1.5271,1.5404,11249676.3,2026-03-16 22:14:59.999000+00:00,17278938.93565,26948,6608773.4,10148528.20842
2026-03-16 22:15:00+00:00,1.5404,1.5424,1.5342,1.5378,8724938.0,2026-03-16 22:29:59.999000+00:00,13424118.22734,21603,3861335.2,5939717.26165
2026-03-16 22:30:00+00:00,1.5378,1.5442,1.5369,1.5438,6643924.0,2026-03-16 22:44:59.999000+00:00,10238120.29193,14937,4104501.3,6326762.9774
2026-03-16 22:45:00+00:00,1.5438,1.5518,1.543,1.5507,13091304.2,2026-03-16 22:59:59.999000+00:00,20272796.69927,22879,7759656.0,12015546.33324
2026-03-16 23:00:00+00:00,1.5508,1.5508,1.5363,1.5402,17359637.4,2026-03-16 23:14:59.999000+00:00,26783568.88332,30150,7316871.2,11284384.70061
2026-03-16 23:15:00+00:00,1.5402,1.5462,1.5399,1.5457,4897413.9,2026-03-16 23:29:59.999000+00:00,7550455.47026,14886,2526364.8,3895158.58296
2026-03-16 23:30:00+00:00,1.5458,1.5511,1.5439,1.5486,7239193.6,2026-03-16 23:44:59.999000+00:00,11197233.36736,18022,4077274.2,6306073.94347
2026-03-16 23:45:00+00:00,1.5486,1.5507,1.5401,1.5422,4703769.4,2026-03-16 23:59:59.999000+00:00,7262547.78301,13593,1735739.5,2680415.96219
2026-03-17 00:00:00+00:00,1.5422,1.5539,1.5349,1.5503,25675370.3,2026-03-17 00:14:59.999000+00:00,39660689.8674,40730,13231516.8,20448988.17028
2026-03-17 00:15:00+00:00,1.5503,1.554,1.5335,1.5396,18701209.1,2026-03-17 00:29:59.999000+00:00,28858738.69743,35562,7260932.6,11207367.40727
2026-03-17 00:30:00+00:00,1.5397,1.5448,1.5353,1.5373,8890283.2,2026-03-17 00:44:59.999000+00:00,13696758.22894,22729,4526267.9,6974179.40366
2026-03-17 00:45:00+00:00,1.5374,1.5448,1.5354,1.5446,5110937.0,2026-03-17 00:59:59.999000+00:00,7871959.24053,16672,2663273.7,4102273.87099
2026-03-17 01:00:00+00:00,1.5445,1.5727,1.5435,1.5639,34947629.3,2026-03-17 01:14:59.999000+00:00,54564662.67294,72298,18820338.3,29381071.76105
2026-03-17 01:15:00+00:00,1.564,1.5742,1.5564,1.5733,15670329.3,2026-03-17 01:29:59.999000+00:00,24509470.78632,43748,8124504.1,12710592.09772
2026-03-17 01:30:00+00:00,1.5734,1.5775,1.5589,1.5643,21450279.7,2026-03-17 01:44:59.999000+00:00,33646400.28337,56148,10061628.5,15781755.76367
2026-03-17 01:45:00+00:00,1.5643,1.5709,1.5606,1.57,7097459.8,2026-03-17 01:59:59.999000+00:00,11112996.36569,25034,4042435.0,6329936.25871
2026-03-17 02:00:00+00:00,1.57,1.5777,1.559,1.5714,16944259.8,2026-03-17 02:14:59.999000+00:00,26573810.33861,42894,7961498.4,12489600.12908
2026-03-17 02:15:00+00:00,1.5714,1.5789,1.565,1.5673,14772973.3,2026-03-17 02:29:59.999000+00:00,23233894.22215,35221,7554459.4,11881232.65989
2026-03-17 02:30:00+00:00,1.5673,1.599,1.5673,1.5977,27079022.5,2026-03-17 02:44:59.999000+00:00,42908276.71604,60024,15671789.5,24837077.5241
2026-03-17 02:45:00+00:00,1.5978,1.6064,1.5923,1.5931,26912146.2,2026-03-17 02:59:59.999000+00:00,43026391.14725,57079,13601964.2,21750490.99683
2026-03-17 03:00:00+00:00,1.5931,1.5944,1.5761,1.577,15675055.8,2026-03-17 03:14:59.999000+00:00,24865789.53193,43054,6123231.9,9713600.7701
2026-03-17 03:15:00+00:00,1.577,1.5784,1.5632,1.5645,16901692.6,2026-03-17 03:29:59.999000+00:00,26537256.32782,37148,6390508.4,10032565.65161
2026-03-17 03:30:00+00:00,1.5646,1.5651,1.5409,1.5433,33299152.0,2026-03-17 03:44:59.999000+00:00,51623452.03624,60463,13405392.1,20786536.50008
2026-03-17 03:45:00+00:00,1.5433,1.5449,1.5337,1.5435,24560649.1,2026-03-17 03:59:59.999000+00:00,37819743.86574,52428,13278218.4,20454271.81886
2026-03-17 04:00:00+00:00,1.5435,1.5504,1.5409,1.5495,17046465.5,2026-03-17 04:14:59.999000+00:00,26359651.81615,39337,9182482.5,14199072.24502
2026-03-17 04:15:00+00:00,1.5496,1.5517,1.5374,1.5389,14287849.2,2026-03-17 04:29:59.999000+00:00,22053913.43078,35622,6210773.7,9587775.29881
2026-03-17 04:30:00+00:00,1.5388,1.5415,1.5231,1.5272,26245618.6,2026-03-17 04:44:59.999000+00:00,40165384.19869,50262,10395155.4,15907662.16395
2026-03-17 04:45:00+00:00,1.5272,1.533,1.5269,1.5296,8092909.2,2026-03-17 04:59:59.999000+00:00,12387646.13654,22095,4640989.7,7104296.64705
2026-03-17 05:00:00+00:00,1.5296,1.5315,1.5231,1.5241,9151330.3,2026-03-17 05:14:59.999000+00:00,13979486.86067,24641,3766532.9,5753522.08565
2026-03-17 05:15:00+00:00,1.5242,1.5307,1.524,1.5288,5076230.8,2026-03-17 05:29:59.999000+00:00,7751669.02498,17855,2416596.7,3690751.58962
2026-03-17 05:30:00+00:00,1.5288,1.5289,1.5119,1.5135,15825795.5,2026-03-17 05:44:59.999000+00:00,24028320.47782,32305,5899869.0,8960521.36507
2026-03-17 05:45:00+00:00,1.5136,1.5172,1.5094,1.5147,11292243.3,2026-03-17 05:59:59.999000+00:00,17093051.00098,27149,5750016.2,8706510.24768
2026-03-17 06:00:00+00:00,1.5147,1.5164,1.5042,1.5158,12008423.0,2026-03-17 06:14:59.999000+00:00,18131530.63302,32417,5309348.7,8019661.90431
2026-03-17 06:15:00+00:00,1.5158,1.5222,1.5135,1.5205,7472649.4,2026-03-17 06:29:59.999000+00:00,11350900.05859,18559,4206566.1,6389375.66453
2026-03-17 06:30:00+00:00,1.5204,1.5223,1.5138,1.5146,5690570.4,2026-03-17 06:44:59.999000+00:00,8643316.28387,16585,2556749.7,3884982.3039
2026-03-17 06:45:00+00:00,1.5147,1.5187,1.5122,1.5161,5753665.2,2026-03-17 06:59:59.999000+00:00,8721610.462,15022,3917977.1,5940459.17858
2026-03-17 07:00:00+00:00,1.516,1.5273,1.5157,1.5257,10300991.5,2026-03-17 07:14:59.999000+00:00,15682129.30544,22294,5954242.2,9059592.2727
2026-03-17 07:15:00+00:00,1.5257,1.5428,1.5251,1.5374,17812421.8,2026-03-17 07:29:59.999000+00:00,27344030.93388,35019,10117119.7,15527629.35833
2026-03-17 07:30:00+00:00,1.5374,1.5374,1.5315,1.5333,6395350.1,2026-03-17 07:44:59.999000+00:00,9815536.81168,17329,2384305.2,3659787.31802
2026-03-17 07:45:00+00:00,1.5334,1.5338,1.5286,1.5292,4130377.3,2026-03-17 07:59:59.999000+00:00,6323222.68723,13162,1745029.4,2671953.00903
2026-03-17 08:00:00+00:00,1.5293,1.5321,1.5252,1.529,6748297.6,2026-03-17 08:14:59.999000+00:00,10322367.80981,20090,3414269.2,5223577.98576
2026-03-17 08:15:00+00:00,1.529,1.5308,1.5245,1.5283,3404212.6,2026-03-17 08:29:59.999000+00:00,5203161.80896,14517,1570309.7,2400844.94401
2026-03-17 08:30:00+00:00,1.5283,1.5306,1.5252,1.5279,2740329.9,2026-03-17 08:44:59.999000+00:00,4187578.50211,12894,1209301.1,1848021.80677
2026-03-17 08:45:00+00:00,1.5279,1.5281,1.5186,1.5202,6068553.9,2026-03-17 08:59:59.999000+00:00,9237557.18489,17294,2251401.0,3427558.02034
2026-03-17 09:00:00+00:00,1.5202,1.5205,1.5138,1.5138,8410364.3,2026-03-17 09:14:59.999000+00:00,12753726.34307,24213,2951955.3,4476683.3416
2026-03-17 09:15:00+00:00,1.5138,1.523,1.5117,1.5207,14932303.9,2026-03-17 09:29:59.999000+00:00,22658714.28262,30218,8261818.0,12540209.92189
2026-03-17 09:30:00+00:00,1.5207,1.5207,1.5153,1.5162,5804543.8,2026-03-17 09:44:59.999000+00:00,8816336.20285,14806,2101986.8,3192750.74621
2026-03-17 09:45:00+00:00,1.5163,1.5166,1.5067,1.5118,9936856.9,2026-03-17 09:59:59.999000+00:00,15015202.93905,17407,3129745.8,4730856.67371
2026-03-17 10:00:00+00:00,1.5118,1.5119,1.5034,1.5062,10029249.1,2026-03-17 10:14:59.999000+00:00,15109785.90095,23578,4517735.1,6806724.93289
2026-03-17 10:15:00+00:00,1.5062,1.5108,1.5016,1.5085,8425446.7,2026-03-17 10:29:59.999000+00:00,12691033.86182,24100,4434320.1,6680483.63229
2026-03-17 10:30:00+00:00,1.5085,1.5112,1.5066,1.51,5110196.2,2026-03-17 10:44:59.999000+00:00,7710370.55615,15619,2744541.1,4141131.80001
2026-03-17 10:45:00+00:00,1.51,1.511,1.5069,1.5082,3196508.4,2026-03-17 10:59:59.999000+00:00,4824067.43351,11628,1480119.0,2233835.4274
2026-03-17 11:00:00+00:00,1.5083,1.5133,1.5065,1.5123,6476817.4,2026-03-17 11:14:59.999000+00:00,9783309.87003,17669,3425726.3,5173956.6004
2026-03-17 11:15:00+00:00,1.5124,1.5173,1.511,1.5151,7481478.4,2026-03-17 11:29:59.999000+00:00,11325174.27333,18218,3560968.4,5390619.7239
2026-03-17 11:30:00+00:00,1.5151,1.5178,1.5127,1.5129,3898847.2,2026-03-17 11:44:59.999000+00:00,5907708.46081,13038,1872618.3,2837443.91048
2026-03-17 11:45:00+00:00,1.5129,1.5157,1.5081,1.5088,6317330.3,2026-03-17 11:59:59.999000+00:00,9544783.00547,14072,2233249.7,3374694.89985
2026-03-17 12:00:00+00:00,1.5088,1.5129,1.5042,1.5084,13721393.5,2026-03-17 12:14:59.999000+00:00,20693002.04877,21721,5809871.5,8761850.8995
2026-03-17 12:15:00+00:00,1.5085,1.5141,1.5033,1.5069,7940713.4,2026-03-17 12:29:59.999000+00:00,11975370.66315,21290,3708469.4,5594108.56381
2026-03-17 12:30:00+00:00,1.507,1.508,1.5013,1.5062,5970367.4,2026-03-17 12:44:59.999000+00:00,8986113.37224,17787,2591432.1,3900060.18511
2026-03-17 12:45:00+00:00,1.5062,1.5062,1.5015,1.5041,4376834.4,2026-03-17 12:59:59.999000+00:00,6582274.19575,14403,1933906.4,2908560.79962
2026-03-17 13:00:00+00:00,1.5041,1.5089,1.5036,1.5075,5850637.1,2026-03-17 13:14:59.999000+00:00,8815602.30839,14090,2476070.8,3730411.56252
2026-03-17 13:15:00+00:00,1.5075,1.5094,1.5048,1.5066,2718932.2,2026-03-17 13:29:59.999000+00:00,4097967.98784,10297,1353021.2,2039245.82982
2026-03-17 13:30:00+00:00,1.5065,1.5167,1.4998,1.5045,51565004.3,2026-03-17 13:44:59.999000+00:00,77658247.26,72863,20043133.0,30197088.87191
2026-03-17 13:45:00+00:00,1.5044,1.5123,1.494,1.5029,41334191.5,2026-03-17 13:59:59.999000+00:00,62136688.31555,61714,20811963.0,31302528.81918
2026-03-17 14:00:00+00:00,1.503,1.5032,1.4933,1.5002,13153059.6,2026-03-17 14:14:59.999000+00:00,19712261.11275,35444,6795825.7,10186658.81209
2026-03-17 14:15:00+00:00,1.5003,1.5077,1.4953,1.5058,8789774.0,2026-03-17 14:29:59.999000+00:00,13205110.98707,24533,5556509.0,8348631.05413
2026-03-17 14:30:00+00:00,1.5058,1.5107,1.5042,1.5064,8786771.7,2026-03-17 14:44:59.999000+00:00,13245657.39849,23214,4561086.9,6875898.859
2026-03-17 14:45:00+00:00,1.5064,1.5131,1.5051,1.5115,10121825.8,2026-03-17 14:59:59.999000+00:00,15284924.69151,23651,4647381.7,7018985.29025
2026-03-17 15:00:00+00:00,1.5116,1.5211,1.507,1.5083,14254689.9,2026-03-17 15:14:59.999000+00:00,21596517.18549,40779,6638759.3,10059720.50459
2026-03-17 15:15:00+00:00,1.5082,1.5149,1.5075,1.5097,8186185.2,2026-03-17 15:29:59.999000+00:00,12360194.80685,21128,2756537.4,4163047.54967
2026-03-17 15:30:00+00:00,1.5097,1.5136,1.5019,1.507,10421251.5,2026-03-17 15:44:59.999000+00:00,15708409.66687,26107,3691787.2,5564364.13622
2026-03-17 15:45:00+00:00,1.507,1.5153,1.5047,1.5126,4232742.6,2026-03-17 15:59:59.999000+00:00,6394906.81957,16812,2517789.8,3804609.9414
2026-03-17 16:00:00+00:00,1.5126,1.5154,1.5113,1.5119,3290833.0,2026-03-17 16:14:59.999000+00:00,4980673.84061,17635,1788708.1,2707407.84474
2026-03-17 16:15:00+00:00,1.5119,1.5395,1.5109,1.5211,61592154.5,2026-03-17 16:29:59.999000+00:00,94035607.36656,71365,34054671.5,52023237.74703
2026-03-17 16:30:00+00:00,1.5211,1.5256,1.4989,1.5161,74069221.0,2026-03-17 16:44:59.999000+00:00,111939603.72332,76105,32549808.4,49239028.29043
2026-03-17 16:45:00+00:00,1.5161,1.5199,1.5129,1.5177,4798340.9,2026-03-17 16:59:59.999000+00:00,7278910.68063,16367,2422724.9,3675710.90832
2026-03-17 17:00:00+00:00,1.5177,1.5231,1.5162,1.521,5169069.6,2026-03-17 17:14:59.999000+00:00,7858622.251,17021,2605722.8,3962322.01685
2026-03-17 17:15:00+00:00,1.521,1.5305,1.5193,1.5255,11228778.7,2026-03-17 17:29:59.999000+00:00,17142331.82946,20264,6866922.0,10485280.32563
2026-03-17 17:30:00+00:00,1.5256,1.528,1.5227,1.5274,3404083.4,2026-03-17 17:44:59.999000+00:00,5193232.12355,13123,1483620.4,2263291.47234
2026-03-17 17:45:00+00:00,1.5275,1.5308,1.5259,1.5299,3924153.9,2026-03-17 17:59:59.999000+00:00,5999525.9756,14779,1822739.3,2787273.93542
2026-03-17 18:00:00+00:00,1.5299,1.5312,1.5266,1.5267,3713412.2,2026-03-17 18:14:59.999000+00:00,5677967.6207,18451,1349306.6,2063426.6856
2026-03-17 18:15:00+00:00,1.5268,1.5299,1.5244,1.5268,3801418.1,2026-03-17 18:29:59.999000+00:00,5804558.38762,13945,1681748.3,2568576.56233
2026-03-17 18:30:00+00:00,1.5268,1.5363,1.5261,1.5346,4948513.3,2026-03-17 18:44:59.999000+00:00,7581909.69333,16255,2450514.8,3754563.74378
2026-03-17 18:45:00+00:00,1.5345,1.5377,1.5313,1.5357,4099516.6,2026-03-17 18:59:59.999000+00:00,6294428.44714,15044,1801851.3,2766636.32035
2026-03-17 19:00:00+00:00,1.5357,1.5372,1.5325,1.5331,2425362.6,2026-03-17 19:14:59.999000+00:00,3721918.75297,12159,1208333.5,1854306.15363
2026-03-17 19:15:00+00:00,1.5332,1.5355,1.5303,1.5324,2605945.1,2026-03-17 19:29:59.999000+00:00,3995408.14497,11971,1284084.0,1968775.60795
2026-03-17 19:30:00+00:00,1.5325,1.5403,1.5306,1.5375,3581651.2,2026-03-17 19:44:59.999000+00:00,5500493.46972,13545,1970898.4,3027064.35286
2026-03-17 19:45:00+00:00,1.5374,1.5378,1.5289,1.5323,7749887.4,2026-03-17 19:59:59.999000+00:00,11876983.22716,19421,2637016.1,4040377.25852
2026-03-17 20:00:00+00:00,1.5323,1.5349,1.5273,1.5276,3744136.7,2026-03-17 20:14:59.999000+00:00,5731749.55984,14689,1837862.0,2814374.49087
2026-03-17 20:15:00+00:00,1.5275,1.5345,1.5274,1.5335,2772051.1,2026-03-17 20:29:59.999000+00:00,4244257.66672,13240,1654667.4,2533097.45545
2026-03-17 20:30:00+00:00,1.5335,1.5342,1.531,1.5325,1555276.0,2026-03-17 20:44:59.999000+00:00,2383357.42589,6524,812200.2,1244607.14776
2026-03-17 20:45:00+00:00,1.5326,1.5338,1.5315,1.532,1730499.1,2026-03-17 20:59:59.999000+00:00,2651996.05973,6691,1026686.4,1573395.3848
2026-03-17 21:00:00+00:00,1.532,1.5351,1.5261,1.5341,7744461.0,2026-03-17 21:14:59.999000+00:00,11841827.23965,15252,4033324.4,6168241.61009
2026-03-17 21:15:00+00:00,1.5341,1.5351,1.5286,1.5293,2913618.4,2026-03-17 21:29:59.999000+00:00,4466790.30095,8638,1100115.6,1686157.50353
2026-03-17 21:30:00+00:00,1.5294,1.5339,1.5261,1.5328,2545279.0,2026-03-17 21:44:59.999000+00:00,3893955.43278,10352,1422388.5,2175888.86149
2026-03-17 21:45:00+00:00,1.5328,1.5339,1.5283,1.5294,1911967.6,2026-03-17 21:59:59.999000+00:00,2927484.50525,8931,894437.1,1369859.85036
2026-03-17 22:00:00+00:00,1.5294,1.5359,1.5276,1.5319,3560339.7,2026-03-17 22:14:59.999000+00:00,5454494.08071,13828,1716080.5,2629013.24029
2026-03-17 22:15:00+00:00,1.5319,1.5337,1.5261,1.5276,4993456.9,2026-03-17 22:29:59.999000+00:00,7635324.65251,10469,1837718.3,2811498.84666
2026-03-17 22:30:00+00:00,1.5276,1.528,1.5193,1.5248,8289802.8,2026-03-17 22:44:59.999000+00:00,12628623.14199,16086,3679302.9,5605508.36265
2026-03-17 22:45:00+00:00,1.5247,1.5281,1.5241,1.5271,2048418.1,2026-03-17 22:59:59.999000+00:00,3126410.32721,7494,1177560.2,1797249.48105
2026-03-17 23:00:00+00:00,1.5272,1.53,1.5253,1.5279,2144044.1,2026-03-17 23:14:59.999000+00:00,3275049.91657,9202,1172721.9,1791578.35796
2026-03-17 23:15:00+00:00,1.528,1.5281,1.5216,1.5241,3028038.9,2026-03-17 23:29:59.999000+00:00,4615628.81768,9394,1429690.8,2178865.86924
2026-03-17 23:30:00+00:00,1.5241,1.5242,1.5173,1.5182,5058991.4,2026-03-17 23:44:59.999000+00:00,7688452.98423,12312,2436813.2,3702594.73796
2026-03-17 23:45:00+00:00,1.5183,1.5203,1.517,1.5176,3494502.7,2026-03-17 23:59:59.999000+00:00,5305412.52673,9696,1732821.4,2630840.07316
2026-03-18 00:00:00+00:00,1.5177,1.5211,1.5157,1.5165,4586424.9,2026-03-18 00:14:59.999000+00:00,6963037.12764,12950,2784342.2,4227265.85383
2026-03-18 00:15:00+00:00,1.5165,1.5174,1.5115,1.5125,5865547.2,2026-03-18 00:29:59.999000+00:00,8881911.07384,16700,2616646.5,3962517.94901
2026-03-18 00:30:00+00:00,1.5124,1.5124,1.5085,1.5119,6257983.9,2026-03-18 00:44:59.999000+00:00,9452607.15694,15454,3005314.3,4539677.33042
2026-03-18 00:45:00+00:00,1.5119,1.5164,1.5119,1.5149,3764556.5,2026-03-18 00:59:59.999000+00:00,5702254.07144,11325,2079643.6,3149923.40385
2026-03-18 01:00:00+00:00,1.5149,1.5214,1.5149,1.5196,4737301.0,2026-03-18 01:14:59.999000+00:00,7195190.06137,14112,2577300.0,3914061.06576
2026-03-18 01:15:00+00:00,1.5196,1.5216,1.5177,1.5183,2817173.1,2026-03-18 01:29:59.999000+00:00,4281090.72329,9642,1122193.4,1705410.36683
2026-03-18 01:30:00+00:00,1.5183,1.5226,1.5163,1.5181,4578225.7,2026-03-18 01:44:59.999000+00:00,6954180.57148,11064,2607013.6,3959788.82046
2026-03-18 01:45:00+00:00,1.5181,1.52,1.5133,1.5146,3363471.2,2026-03-18 01:59:59.999000+00:00,5100834.64031,8336,1849259.4,2804186.88059
2026-03-18 02:00:00+00:00,1.5147,1.5249,1.514,1.5243,2359842.9,2026-03-18 02:14:59.999000+00:00,3587567.68612,9530,1253234.6,1905119.45722
2026-03-18 02:15:00+00:00,1.5243,1.5249,1.5209,1.5217,1773830.7,2026-03-18 02:29:59.999000+00:00,2701889.12575,6833,920466.2,1402093.70614
2026-03-18 02:30:00+00:00,1.5216,1.5306,1.5216,1.5278,5950081.6,2026-03-18 02:44:59.999000+00:00,9087129.48921,13385,3604819.4,5504984.62213
2026-03-18 02:45:00+00:00,1.5278,1.5296,1.5252,1.5263,3974360.8,2026-03-18 02:59:59.999000+00:00,6071923.77112,8592,2354167.8,3596793.99801
2026-03-18 03:00:00+00:00,1.5263,1.5298,1.525,1.5261,2721884.4,2026-03-18 03:14:59.999000+00:00,4158052.55479,10087,1355229.6,2070359.15951
2026-03-18 03:15:00+00:00,1.5262,1.5352,1.5261,1.5343,4072437.9,2026-03-18 03:29:59.999000+00:00,6237489.85149,11657,2296096.7,3517253.8408
2026-03-18 03:30:00+00:00,1.5342,1.5392,1.5322,1.5349,6354945.8,2026-03-18 03:44:59.999000+00:00,9759571.15713,15298,3349087.2,5142922.79254
2026-03-18 03:45:00+00:00,1.5349,1.5384,1.5326,1.5382,5100752.9,2026-03-18 03:59:59.999000+00:00,7833558.82477,13046,2528104.7,3882676.17579
2026-03-18 04:00:00+00:00,1.5383,1.5407,1.5343,1.5371,4793513.3,2026-03-18 04:14:59.999000+00:00,7368754.1886,17488,2530463.5,3890068.32262
2026-03-18 04:15:00+00:00,1.537,1.5393,1.526,1.5264,9031095.2,2026-03-18 04:29:59.999000+00:00,13840308.2125,18664,3596007.0,5508263.43028
2026-03-18 04:30:00+00:00,1.5264,1.5267,1.5227,1.5248,3285192.2,2026-03-18 04:44:59.999000+00:00,5009157.40168,10531,1418284.8,2162590.61441
2026-03-18 04:45:00+00:00,1.5247,1.5262,1.524,1.526,1550180.6,2026-03-18 04:59:59.999000+00:00,2364054.59581,7975,851804.3,1299102.29422
2026-03-18 05:00:00+00:00,1.526,1.5346,1.5253,1.5339,5422097.4,2026-03-18 05:14:59.999000+00:00,8295055.31593,14523,3148181.5,4815466.64492
2026-03-18 05:15:00+00:00,1.534,1.5366,1.5282,1.5288,3542602.4,2026-03-18 05:29:59.999000+00:00,5429907.485,10649,1264935.0,1938870.00838
2026-03-18 05:30:00+00:00,1.5288,1.5315,1.5264,1.527,2086137.5,2026-03-18 05:44:59.999000+00:00,3188043.86151,7715,938002.9,1433588.98248
2026-03-18 05:45:00+00:00,1.527,1.529,1.5207,1.5228,5307657.9,2026-03-18 05:59:59.999000+00:00,8087339.09368,11819,2320058.9,3535581.1496
2026-03-18 06:00:00+00:00,1.5229,1.526,1.5227,1.5256,3142841.1,2026-03-18 06:14:59.999000+00:00,4792111.14186,10889,1540956.8,2349602.69286
2026-03-18 06:15:00+00:00,1.5257,1.5296,1.5233,1.5283,3209243.6,2026-03-18 06:29:59.999000+00:00,4899140.01122,10146,1588455.1,2424875.29179
2026-03-18 06:30:00+00:00,1.5283,1.53,1.5235,1.5243,2931151.0,2026-03-18 06:44:59.999000+00:00,4475060.9885,9061,1056394.1,1613007.33785
2026-03-18 06:45:00+00:00,1.5243,1.5262,1.5235,1.5238,1475135.2,2026-03-18 06:59:59.999000+00:00,2249332.01815,5617,721291.5,1099888.35432
2026-03-18 07:00:00+00:00,1.5239,1.5239,1.5182,1.5213,4169713.6,2026-03-18 07:14:59.999000+00:00,6341257.15861,12230,1560506.4,2373357.53617
2026-03-18 07:15:00+00:00,1.5214,1.5219,1.516,1.5176,2984089.4,2026-03-18 07:29:59.999000+00:00,4531808.73028,9670,1008613.2,1531798.87963
2026-03-18 07:30:00+00:00,1.5176,1.5177,1.5147,1.515,4869561.8,2026-03-18 07:44:59.999000+00:00,7382160.44543,11551,1702367.2,2581148.58504
2026-03-18 07:45:00+00:00,1.5151,1.5195,1.5138,1.5191,2600114.4,2026-03-18 07:59:59.999000+00:00,3944080.19706,7784,1563203.4,2371226.82336
2026-03-18 08:00:00+00:00,1.5191,1.5246,1.5185,1.5225,5213111.1,2026-03-18 08:14:59.999000+00:00,7934589.56793,12671,2858698.7,4350677.36488
2026-03-18 08:15:00+00:00,1.5226,1.5239,1.5209,1.5229,2245146.7,2026-03-18 08:29:59.999000+00:00,3418845.78625,8156,1271468.3,1936102.37926
2026-03-18 08:30:00+00:00,1.523,1.5238,1.5201,1.5218,1780376.9,2026-03-18 08:44:59.999000+00:00,2709307.7513,6934,792180.2,1205503.90296
2026-03-18 08:45:00+00:00,1.5218,1.5232,1.52,1.5214,1466185.9,2026-03-18 08:59:59.999000+00:00,2230777.55162,5661,572268.8,870737.44969
2026-03-18 09:00:00+00:00,1.5214,1.5239,1.5201,1.5227,2129334.9,2026-03-18 09:14:59.999000+00:00,3241181.76386,7893,1118760.9,1702899.95323
2026-03-18 09:15:00+00:00,1.5228,1.5248,1.5221,1.5229,2109664.9,2026-03-18 09:29:59.999000+00:00,3213941.4405,5877,1078855.7,1643550.50155
2026-03-18 09:30:00+00:00,1.5229,1.5268,1.5228,1.5253,1981187.6,2026-03-18 09:44:59.999000+00:00,3020654.76704,6809,1136116.1,1732179.76139
2026-03-18 09:45:00+00:00,1.5253,1.5258,1.5214,1.5229,1954686.3,2026-03-18 09:59:59.999000+00:00,2977085.72696,5941,840515.8,1280011.2818
2026-03-18 10:00:00+00:00,1.523,1.5239,1.5169,1.52,3037991.6,2026-03-18 10:14:59.999000+00:00,4616454.64619,9001,1378268.8,2093960.56673
2026-03-18 10:15:00+00:00,1.5201,1.5201,1.5173,1.5178,2121106.1,2026-03-18 10:29:59.999000+00:00,3220550.21337,6076,975692.3,1481365.71918
2026-03-18 10:30:00+00:00,1.5179,1.5191,1.5089,1.5099,6604720.5,2026-03-18 10:44:59.999000+00:00,9995232.62677,13582,2265141.4,3428461.27656
2026-03-18 10:45:00+00:00,1.51,1.5115,1.5086,1.5102,6485541.4,2026-03-18 10:59:59.999000+00:00,9795132.61449,11005,3575288.0,5399843.87477
2026-03-18 11:00:00+00:00,1.5102,1.5115,1.5031,1.5094,9206618.7,2026-03-18 11:14:59.999000+00:00,13871785.73802,18585,4166262.5,6278414.95816
2026-03-18 11:15:00+00:00,1.5095,1.5113,1.5014,1.5024,5125287.5,2026-03-18 11:29:59.999000+00:00,7718156.91502,11177,2061585.3,3106672.08619
2026-03-18 11:30:00+00:00,1.5025,1.5039,1.483,1.4914,44432547.1,2026-03-18 11:44:59.999000+00:00,66266438.93735,66150,20204376.9,30130947.05977
2026-03-18 11:45:00+00:00,1.4914,1.4916,1.4856,1.489,9552367.8,2026-03-18 11:59:59.999000+00:00,14216953.6522,19999,5021892.0,7475032.44193
2026-03-18 12:00:00+00:00,1.4889,1.4901,1.4833,1.4872,11535581.8,2026-03-18 12:14:59.999000+00:00,17145190.78765,25845,4968903.8,7386005.1644
2026-03-18 12:15:00+00:00,1.4872,1.4888,1.4782,1.4793,19880917.7,2026-03-18 12:29:59.999000+00:00,29457620.06114,30605,9157466.2,13568415.60132
2026-03-18 12:30:00+00:00,1.4793,1.4794,1.4564,1.4675,40367340.2,2026-03-18 12:44:59.999000+00:00,59193992.18913,59226,18693020.4,27404882.09218
2026-03-18 12:45:00+00:00,1.4675,1.4679,1.4596,1.4635,10181802.8,2026-03-18 12:59:59.999000+00:00,14904203.0938,25026,6175711.4,9040624.45837
2026-03-18 13:00:00+00:00,1.4636,1.4678,1.4551,1.4647,14887274.6,2026-03-18 13:14:59.999000+00:00,21771587.43011,30195,9003736.1,13169075.02776
2026-03-18 13:15:00+00:00,1.4646,1.4679,1.4596,1.4659,9725660.4,2026-03-18 13:29:59.999000+00:00,14249707.34473,20852,4527851.5,6632848.88733
2026-03-18 13:30:00+00:00,1.466,1.4732,1.4622,1.4684,13574884.4,2026-03-18 13:44:59.999000+00:00,19938465.41508,30335,6842115.3,10050126.38202
2026-03-18 13:45:00+00:00,1.4684,1.4712,1.4624,1.4657,5425809.0,2026-03-18 13:59:59.999000+00:00,7954308.97897,19066,2362652.2,3463473.01248
2026-03-18 14:00:00+00:00,1.4657,1.4674,1.4576,1.4585,8939230.2,2026-03-18 14:14:59.999000+00:00,13071686.62404,25583,3996985.4,5846293.60211
2026-03-18 14:15:00+00:00,1.4585,1.461,1.45,1.4532,13158554.1,2026-03-18 14:29:59.999000+00:00,19142287.56484,25350,5013982.6,7297723.81792
2026-03-18 14:30:00+00:00,1.4531,1.4558,1.4485,1.4496,11579424.1,2026-03-18 14:44:59.999000+00:00,16817284.26523,28077,6270038.9,9108068.01937
2026-03-18 14:45:00+00:00,1.4495,1.4533,1.4433,1.4451,12015364.6,2026-03-18 14:59:59.999000+00:00,17397725.35381,27474,5239701.9,7590020.59895
2026-03-18 15:00:00+00:00,1.445,1.4518,1.4386,1.4413,20611064.9,2026-03-18 15:14:59.999000+00:00,29786083.35434,42499,9558754.4,13817184.74256
2026-03-18 15:15:00+00:00,1.4412,1.4473,1.4394,1.4453,9438485.0,2026-03-18 15:29:59.999000+00:00,13626648.74127,23664,5409910.7,7811103.7566
2026-03-18 15:30:00+00:00,1.4453,1.449,1.4413,1.442,7689705.2,2026-03-18 15:44:59.999000+00:00,11108164.84535,19151,4034369.0,5828586.17417
2026-03-18 15:45:00+00:00,1.442,1.4437,1.4373,1.4399,8991409.2,2026-03-18 15:59:59.999000+00:00,12957518.02558,20526,4265656.4,6147987.14109
2026-03-18 16:00:00+00:00,1.44,1.443,1.439,1.4392,12462425.0,2026-03-18 16:14:59.999000+00:00,17957833.57297,22913,6232180.6,8979834.97778
2026-03-18 16:15:00+00:00,1.4393,1.4407,1.4363,1.4392,7905359.5,2026-03-18 16:29:59.999000+00:00,11372303.65055,19987,3223218.1,4637987.82411
2026-03-18 16:30:00+00:00,1.4391,1.4433,1.4346,1.4429,6711410.9,2026-03-18 16:44:59.999000+00:00,9659757.23391,18533,3468498.6,4993371.84542
2026-03-18 16:45:00+00:00,1.4429,1.4464,1.4407,1.4416,5637505.7,2026-03-18 16:59:59.999000+00:00,8138088.79844,12833,2919822.9,4215157.85383
2026-03-18 17:00:00+00:00,1.4416,1.4428,1.4394,1.4401,3902143.4,2026-03-18 17:14:59.999000+00:00,5622812.05533,24976,1797433.7,2590021.54831
2026-03-18 17:15:00+00:00,1.4402,1.4488,1.439,1.4482,6975391.8,2026-03-18 17:29:59.999000+00:00,10079324.4406,15735,3743789.2,5409749.17273
2026-03-18 17:30:00+00:00,1.4482,1.4548,1.4458,1.4539,10122326.7,2026-03-18 17:44:59.999000+00:00,14691187.73865,19594,5035064.0,7308139.61827
2026-03-18 17:45:00+00:00,1.454,1.4583,1.4535,1.4556,7406186.3,2026-03-18 17:59:59.999000+00:00,10785993.42308,15911,3461038.7,5040643.37475
2026-03-18 18:00:00+00:00,1.4556,1.4659,1.4551,1.4636,16059346.0,2026-03-18 18:14:59.999000+00:00,23481228.85739,37453,7560441.0,11054892.80739
2026-03-18 18:15:00+00:00,1.4636,1.4636,1.4543,1.4585,8795772.8,2026-03-18 18:29:59.999000+00:00,12828041.87299,23426,4915881.6,7169568.14056
2026-03-18 18:30:00+00:00,1.4584,1.4643,1.4571,1.4611,5191769.3,2026-03-18 18:44:59.999000+00:00,7582624.69623,20564,2896046.6,4230584.84738
2026-03-18 18:45:00+00:00,1.4612,1.4613,1.4474,1.4515,12725861.4,2026-03-18 18:59:59.999000+00:00,18484550.2909,24315,6339411.7,9205666.96121
2026-03-18 19:00:00+00:00,1.4516,1.4596,1.4511,1.4555,8772673.2,2026-03-18 19:14:59.999000+00:00,12772743.62034,18028,3570622.2,5197556.9448
2026-03-18 19:15:00+00:00,1.4556,1.4592,1.4516,1.4531,4248769.9,2026-03-18 19:29:59.999000+00:00,6181854.11759,12539,2340764.3,3405619.33953
2026-03-18 19:30:00+00:00,1.4532,1.4556,1.4513,1.4522,3968006.4,2026-03-18 19:44:59.999000+00:00,5767876.24092,11443,1563962.2,2273411.24276
2026-03-18 19:45:00+00:00,1.4523,1.4536,1.4475,1.4485,7964875.1,2026-03-18 19:59:59.999000+00:00,11553168.34653,13911,3303908.1,4792199.59711
2026-03-18 20:00:00+00:00,1.4485,1.4506,1.4415,1.4496,10306593.8,2026-03-18 20:14:59.999000+00:00,14901954.67628,24498,4987819.0,7212281.67706
2026-03-18 20:15:00+00:00,1.4497,1.453,1.4488,1.4523,3272634.3,2026-03-18 20:29:59.999000+00:00,4748955.42741,11949,2019070.2,2929963.34672
2026-03-18 20:30:00+00:00,1.4523,1.459,1.4515,1.4576,4591935.1,2026-03-18 20:44:59.999000+00:00,6686696.25052,12265,2729546.6,3974059.96743
2026-03-18 20:45:00+00:00,1.4576,1.4614,1.4558,1.4583,2630272.3,2026-03-18 20:59:59.999000+00:00,3836851.15485,9367,1329892.1,1940249.6721
2026-03-18 21:00:00+00:00,1.4583,1.4619,1.4575,1.4607,3060999.1,2026-03-18 21:14:59.999000+00:00,4469069.84095,8403,1578221.6,2304267.67969
2026-03-18 21:15:00+00:00,1.4608,1.4711,1.4603,1.469,8734670.7,2026-03-18 21:29:59.999000+00:00,12814856.55231,14277,4584548.8,6723590.45663
2026-03-18 21:30:00+00:00,1.4691,1.4692,1.4629,1.4668,3688611.7,2026-03-18 21:44:59.999000+00:00,5407806.54653,10929,1769690.6,2594512.29789
2026-03-18 21:45:00+00:00,1.4668,1.4677,1.465,1.4667,2496289.3,2026-03-18 21:59:59.999000+00:00,3660081.1333,9461,1062261.5,1557470.64838
2026-03-18 22:00:00+00:00,1.4668,1.4671,1.4585,1.4599,8447184.4,2026-03-18 22:14:59.999000+00:00,12361863.11038,14775,1963354.8,2869511.23169
2026-03-18 22:15:00+00:00,1.46,1.4632,1.4592,1.4624,2038365.1,2026-03-18 22:29:59.999000+00:00,2979011.41868,7394,1225561.6,1791191.40275
2026-03-18 22:30:00+00:00,1.4625,1.4634,1.4593,1.4603,2134249.8,2026-03-18 22:44:59.999000+00:00,3119544.85432,5943,1072931.2,1568384.34957
2026-03-18 22:45:00+00:00,1.4604,1.462,1.4596,1.4616,1307649.4,2026-03-18 22:59:59.999000+00:00,1909852.09679,4749,763184.1,1114747.88255
2026-03-18 23:00:00+00:00,1.4616,1.4638,1.4592,1.4593,2484642.8,2026-03-18 23:14:59.999000+00:00,3631609.90265,8299,1361577.1,1990327.08306
2026-03-18 23:15:00+00:00,1.4593,1.462,1.4569,1.462,2156758.7,2026-03-18 23:29:59.999000+00:00,3145991.13677,9172,992672.6,1448297.81739
2026-03-18 23:30:00+00:00,1.462,1.4652,1.4618,1.4627,2024345.7,2026-03-18 23:44:59.999000+00:00,2963199.95624,10230,1030540.5,1508513.38446
2026-03-18 23:45:00+00:00,1.4627,1.4641,1.4613,1.464,2455631.3,2026-03-18 23:59:59.999000+00:00,3591990.9266,11085,942161.1,1378257.78155
2026-03-19 00:00:00+00:00,1.464,1.4642,1.4585,1.4613,3840460.5,2026-03-19 00:14:59.999000+00:00,5611201.06034,12484,1437166.7,2099824.11926
2026-03-19 00:15:00+00:00,1.4614,1.4633,1.4588,1.4625,2325787.9,2026-03-19 00:29:59.999000+00:00,3396338.99741,8583,1407052.2,2054496.03751
2026-03-19 00:30:00+00:00,1.4625,1.4639,1.459,1.459,2895915.1,2026-03-19 00:44:59.999000+00:00,4230749.47793,10837,1713456.7,2503097.707
2026-03-19 00:45:00+00:00,1.4589,1.461,1.4584,1.4603,2071076.8,2026-03-19 00:59:59.999000+00:00,3023505.5576,8965,1142305.7,1667700.2147
2026-03-19 01:00:00+00:00,1.4602,1.4629,1.4572,1.4584,2040476.6,2026-03-19 01:14:59.999000+00:00,2977879.85528,10938,1109718.3,1619620.5496
2026-03-19 01:15:00+00:00,1.4584,1.4598,1.4558,1.4596,4038277.2,2026-03-19 01:29:59.999000+00:00,5886669.77746,11360,1956089.6,2851673.99814
2026-03-19 01:30:00+00:00,1.4595,1.4662,1.4586,1.4658,5490590.4,2026-03-19 01:44:59.999000+00:00,8025488.70821,12448,3167380.0,4630463.99094
2026-03-19 01:45:00+00:00,1.4658,1.4666,1.4609,1.4609,2073158.8,2026-03-19 01:59:59.999000+00:00,3034671.15686,10894,1202147.6,1759590.46219
2026-03-19 02:00:00+00:00,1.4609,1.4629,1.4541,1.4615,3819092.6,2026-03-19 02:14:59.999000+00:00,5570542.87743,14163,2035147.6,2968534.51435
2026-03-19 02:15:00+00:00,1.4614,1.4636,1.4597,1.4612,1822553.4,2026-03-19 02:29:59.999000+00:00,2663818.18412,10027,779828.2,1140024.40744
2026-03-19 02:30:00+00:00,1.4612,1.4621,1.4597,1.4608,1247600.7,2026-03-19 02:44:59.999000+00:00,1822591.1571,7164,724904.1,1059035.64219
2026-03-19 02:45:00+00:00,1.4608,1.4609,1.456,1.457,2449594.3,2026-03-19 02:59:59.999000+00:00,3571162.81355,8606,1205906.1,1757817.57422
2026-03-19 03:00:00+00:00,1.4569,1.4624,1.4567,1.462,4285937.4,2026-03-19 03:14:59.999000+00:00,6256069.9951,12023,3284822.4,4795037.83388
2026-03-19 03:15:00+00:00,1.4619,1.478,1.4609,1.4763,15058000.4,2026-03-19 03:29:59.999000+00:00,22137443.80874,31723,9292981.5,13659797.42596
2026-03-19 03:30:00+00:00,1.4764,1.4776,1.4696,1.4716,5154930.4,2026-03-19 03:44:59.999000+00:00,7590207.04876,18081,2584663.7,3805360.05553
2026-03-19 03:45:00+00:00,1.4717,1.476,1.471,1.4734,4227464.7,2026-03-19 03:59:59.999000+00:00,6228474.91365,14897,2616974.0,3855880.78884
2026-03-19 04:00:00+00:00,1.4735,1.4735,1.4626,1.4673,7223150.2,2026-03-19 04:14:59.999000+00:00,10604594.69,22015,3124115.6,4587426.4065
2026-03-19 04:15:00+00:00,1.4673,1.4681,1.4627,1.4647,4074751.8,2026-03-19 04:29:59.999000+00:00,5971234.17736,13424,2120226.2,3107138.43018
2026-03-19 04:30:00+00:00,1.4647,1.4686,1.4638,1.4673,3806138.9,2026-03-19 04:44:59.999000+00:00,5581833.27215,12924,1754724.1,2573173.90853
2026-03-19 04:45:00+00:00,1.4673,1.4678,1.4644,1.4657,1772317.1,2026-03-19 04:59:59.999000+00:00,2598250.77473,8153,1186811.0,1739920.89231
2026-03-19 05:00:00+00:00,1.4657,1.467,1.4627,1.4636,2416923.2,2026-03-19 05:14:59.999000+00:00,3541050.75465,11502,1277689.7,1872246.904
2026-03-19 05:15:00+00:00,1.4637,1.4668,1.4597,1.4605,3133120.5,2026-03-19 05:29:59.999000+00:00,4585817.91972,11875,1674302.0,2450970.22602
2026-03-19 05:30:00+00:00,1.4604,1.4653,1.4587,1.4645,5048322.3,2026-03-19 05:44:59.999000+00:00,7380721.16724,14716,2878555.8,4208706.17138
2026-03-19 05:45:00+00:00,1.4646,1.4664,1.4628,1.466,2424660.7,2026-03-19 05:59:59.999000+00:00,3551690.4158,9807,1613780.8,2364021.17647
2026-03-19 06:00:00+00:00,1.466,1.4739,1.464,1.472,7498853.5,2026-03-19 06:14:59.999000+00:00,11021153.85501,20531,4259045.7,6260106.27298
2026-03-19 06:15:00+00:00,1.472,1.4814,1.4678,1.468,19892194.6,2026-03-19 06:29:59.999000+00:00,29322718.66386,31458,10751878.9,15843805.53816
2026-03-19 06:30:00+00:00,1.468,1.4691,1.4631,1.4677,5942209.7,2026-03-19 06:44:59.999000+00:00,8710639.72107,16009,3339999.5,4896401.23131
2026-03-19 06:45:00+00:00,1.4676,1.4716,1.4663,1.4682,3968772.4,2026-03-19 06:59:59.999000+00:00,5829091.83844,13289,2273153.5,3338691.66673
2026-03-19 07:00:00+00:00,1.4681,1.4698,1.4621,1.4623,10403335.8,2026-03-19 07:14:59.999000+00:00,15249653.3911,27412,5322475.7,7802738.59671
2026-03-19 07:15:00+00:00,1.4624,1.4638,1.4501,1.4576,21094675.2,2026-03-19 07:29:59.999000+00:00,30713149.53482,39330,10607303.4,15442230.46093
2026-03-19 07:30:00+00:00,1.4576,1.466,1.4566,1.4633,8797131.5,2026-03-19 07:44:59.999000+00:00,12858389.35881,22106,5336660.4,7800528.36112
2026-03-19 07:45:00+00:00,1.4633,1.4637,1.4589,1.4606,4980213.0,2026-03-19 07:59:59.999000+00:00,7276833.91333,13911,2683813.2,3921640.60049
2026-03-19 08:00:00+00:00,1.4606,1.4637,1.4578,1.4617,6356804.4,2026-03-19 08:14:59.999000+00:00,9284365.63946,19201,3446388.7,5033489.44606
2026-03-19 08:15:00+00:00,1.4616,1.4623,1.4539,1.4548,3755662.3,2026-03-19 08:29:59.999000+00:00,5473096.56363,14610,1936622.1,2822097.23417
2026-03-19 08:30:00+00:00,1.4548,1.4601,1.4514,1.4586,7425679.7,2026-03-19 08:44:59.999000+00:00,10804906.06876,17522,3976666.5,5785585.83702
2026-03-19 08:45:00+00:00,1.4585,1.4592,1.4539,1.4551,1936795.2,2026-03-19 08:59:59.999000+00:00,2821403.95648,9594,1130369.6,1646802.62323
2026-03-19 09:00:00+00:00,1.4551,1.4603,1.455,1.458,3775972.3,2026-03-19 09:14:59.999000+00:00,5507053.94899,12470,2054995.1,2997022.78797
2026-03-19 09:15:00+00:00,1.4581,1.47,1.4575,1.4628,9059679.4,2026-03-19 09:29:59.999000+00:00,13269281.1154,21412,5555705.1,8138061.46915
2026-03-19 09:30:00+00:00,1.4628,1.4665,1.4604,1.4659,4513918.6,2026-03-19 09:44:59.999000+00:00,6606338.23709,13181,2537777.3,3714714.71845
2026-03-19 09:45:00+00:00,1.4658,1.4704,1.4648,1.4688,6207775.7,2026-03-19 09:59:59.999000+00:00,9111972.52206,15886,3378912.0,4959533.30551
2026-03-19 10:00:00+00:00,1.4688,1.4699,1.465,1.4668,3898702.3,2026-03-19 10:14:59.999000+00:00,5720720.77148,11500,1747008.6,2563464.28409
2026-03-19 10:15:00+00:00,1.4668,1.4687,1.4659,1.4665,2656198.0,2026-03-19 10:29:59.999000+00:00,3897583.31328,9976,1318997.3,1935438.17523
2026-03-19 10:30:00+00:00,1.4664,1.4665,1.4618,1.4634,3114656.6,2026-03-19 10:44:59.999000+00:00,4558936.77843,9911,1380002.2,2019906.81525
2026-03-19 10:45:00+00:00,1.4633,1.4642,1.4617,1.4625,2004002.7,2026-03-19 10:59:59.999000+00:00,2931939.19781,9127,1193504.9,1746285.95828
2026-03-19 11:00:00+00:00,1.4625,1.4651,1.4625,1.4638,2978941.1,2026-03-19 11:14:59.999000+00:00,4360481.8047,11542,1740300.9,2547592.63952
2026-03-19 11:15:00+00:00,1.4638,1.4648,1.4625,1.4635,1667261.0,2026-03-19 11:29:59.999000+00:00,2440616.82518,9851,906681.9,1327294.44136
2026-03-19 11:30:00+00:00,1.4634,1.4646,1.4564,1.4574,7252924.8,2026-03-19 11:44:59.999000+00:00,10577198.24917,14229,3164370.6,4614967.57149
2026-03-19 11:45:00+00:00,1.4574,1.4586,1.457,1.458,3006692.4,2026-03-19 11:59:59.999000+00:00,4383242.05728,10940,1878600.0,2738715.39095
2026-03-19 12:00:00+00:00,1.4579,1.4581,1.4546,1.4552,7925787.3,2026-03-19 12:14:59.999000+00:00,11539831.07895,21082,4817244.4,7014017.56786
2026-03-19 12:15:00+00:00,1.4552,1.4555,1.4471,1.4488,9675517.8,2026-03-19 12:29:59.999000+00:00,14040632.22332,19238,4835801.2,7018646.72983
2026-03-19 12:30:00+00:00,1.4487,1.4503,1.4466,1.4479,5864824.6,2026-03-19 12:44:59.999000+00:00,8495565.67965,15640,3295609.9,4774419.79631
2026-03-19 12:45:00+00:00,1.4478,1.4478,1.4349,1.4366,17601288.5,2026-03-19 12:59:59.999000+00:00,25350575.22075,34032,9364968.9,13486185.43313
2026-03-19 13:00:00+00:00,1.4367,1.4423,1.4319,1.4339,17313862.7,2026-03-19 13:14:59.999000+00:00,24878425.0184,36526,9501505.7,13655400.29275
2026-03-19 13:15:00+00:00,1.4338,1.4474,1.4338,1.4405,13218990.8,2026-03-19 13:29:59.999000+00:00,19048624.00018,26549,8402220.6,12107910.74225
2026-03-19 13:30:00+00:00,1.4405,1.4519,1.4346,1.4485,22119463.3,2026-03-19 13:44:59.999000+00:00,31875081.13793,52674,14223584.0,20494542.61233
2026-03-19 13:45:00+00:00,1.4484,1.4537,1.4447,1.4516,9611484.9,2026-03-19 13:59:59.999000+00:00,13932454.92599,35421,5316778.9,7707818.75688
2026-03-19 14:00:00+00:00,1.4515,1.4565,1.4458,1.4469,7839608.1,2026-03-19 14:14:59.999000+00:00,11365588.73416,27706,4005942.8,5808100.6935
2026-03-19 14:15:00+00:00,1.4468,1.4484,1.4393,1.4402,6493658.6,2026-03-19 14:29:59.999000+00:00,9376868.27265,21682,2634798.6,3805339.73714
2026-03-19 14:30:00+00:00,1.4402,1.4437,1.4382,1.4425,6772413.0,2026-03-19 14:44:59.999000+00:00,9758960.66113,19267,3563880.2,5136877.37195
2026-03-19 14:45:00+00:00,1.4425,1.4488,1.4414,1.4436,5105191.2,2026-03-19 14:59:59.999000+00:00,7377793.69945,16663,2589653.0,3742407.23522
2026-03-19 15:00:00+00:00,1.4435,1.4494,1.4409,1.4422,6464863.9,2026-03-19 15:14:59.999000+00:00,9337480.51294,20038,2686880.4,3880648.52651
2026-03-19 15:15:00+00:00,1.4421,1.444,1.4277,1.4277,15449167.4,2026-03-19 15:29:59.999000+00:00,22147510.83352,27720,5930867.1,8505229.1486
2026-03-19 15:30:00+00:00,1.4277,1.4309,1.4236,1.4276,18718813.7,2026-03-19 15:44:59.999000+00:00,26711886.8919,32405,8972124.6,12803683.56846
2026-03-19 15:45:00+00:00,1.4277,1.4348,1.4252,1.4311,10932941.7,2026-03-19 15:59:59.999000+00:00,15639844.24354,26415,5179569.0,7410988.79082
2026-03-19 16:00:00+00:00,1.4312,1.4317,1.4265,1.4284,7646597.6,2026-03-19 16:14:59.999000+00:00,10925165.68844,18307,3315512.0,4736528.32389
2026-03-19 16:15:00+00:00,1.4284,1.4355,1.427,1.4337,5219833.3,2026-03-19 16:29:59.999000+00:00,7472034.99666,18050,2768459.3,3962665.34343
2026-03-19 16:30:00+00:00,1.4338,1.4367,1.4296,1.4323,7464421.4,2026-03-19 16:44:59.999000+00:00,10696309.62763,16324,3720915.3,5333495.8123
2026-03-19 16:45:00+00:00,1.4324,1.4329,1.4229,1.4265,8490880.7,2026-03-19 16:59:59.999000+00:00,12111327.31511,17819,3695184.5,5270948.04311
2026-03-19 17:00:00+00:00,1.4265,1.4266,1.4213,1.4239,6133841.4,2026-03-19 17:14:59.999000+00:00,8733629.0278,17418,2815418.9,4009188.46404
2026-03-19 17:15:00+00:00,1.4239,1.4356,1.4221,1.4325,7227445.9,2026-03-19 17:29:59.999000+00:00,10333937.93796,19439,3848639.0,5506994.12356
2026-03-19 17:30:00+00:00,1.4326,1.4359,1.4293,1.4309,5183280.4,2026-03-19 17:44:59.999000+00:00,7424662.34429,12824,2852574.1,4087141.4382
2026-03-19 17:45:00+00:00,1.4308,1.4388,1.4301,1.4379,3367403.7,2026-03-19 17:59:59.999000+00:00,4835728.67611,12504,2176645.0,3125361.87283
2026-03-19 18:00:00+00:00,1.438,1.4382,1.4334,1.4351,4836918.1,2026-03-19 18:14:59.999000+00:00,6941784.89294,12518,2043055.1,2932104.87091
2026-03-19 18:15:00+00:00,1.435,1.4372,1.4334,1.4334,2443042.9,2026-03-19 18:29:59.999000+00:00,3506950.33168,10482,1156026.6,1659640.73397
2026-03-19 18:30:00+00:00,1.4335,1.4339,1.43,1.4317,3693044.1,2026-03-19 18:44:59.999000+00:00,5287537.36344,8680,1070337.0,1532235.76239
2026-03-19 18:45:00+00:00,1.4318,1.4375,1.4303,1.4362,2338827.9,2026-03-19 18:59:59.999000+00:00,3351937.31579,8751,1181965.4,1694375.30519
2026-03-19 19:00:00+00:00,1.4362,1.4518,1.4355,1.4475,14754817.5,2026-03-19 19:14:59.999000+00:00,21316182.59678,34845,8336569.7,12045931.0421
2026-03-19 19:15:00+00:00,1.4474,1.452,1.4453,1.4467,5287352.1,2026-03-19 19:29:59.999000+00:00,7661543.60814,22198,2514642.2,3644434.80323
2026-03-19 19:30:00+00:00,1.4467,1.4494,1.4417,1.4474,6347772.0,2026-03-19 19:44:59.999000+00:00,9174843.64601,17478,3184186.2,4600702.09927
2026-03-19 19:45:00+00:00,1.4475,1.4481,1.443,1.4439,3744333.5,2026-03-19 19:59:59.999000+00:00,5412687.92666,11533,1383602.0,1999640.02272
2026-03-19 20:00:00+00:00,1.4439,1.4449,1.4424,1.4446,2377571.4,2026-03-19 20:14:59.999000+00:00,3432013.56674,8944,1135642.0,1639464.44655
2026-03-19 20:15:00+00:00,1.4446,1.4497,1.4446,1.4484,3729377.3,2026-03-19 20:29:59.999000+00:00,5399128.54708,10387,2494142.7,3610534.08304
2026-03-19 20:30:00+00:00,1.4484,1.4535,1.4477,1.4506,3312513.7,2026-03-19 20:44:59.999000+00:00,4804559.92293,10566,1629330.9,2363543.71306
2026-03-19 20:45:00+00:00,1.4507,1.4512,1.4482,1.4486,1831446.0,2026-03-19 20:59:59.999000+00:00,2654108.00133,6509,705859.0,1022887.07378
2026-03-19 21:00:00+00:00,1.4487,1.4545,1.4483,1.4539,2964090.4,2026-03-19 21:14:59.999000+00:00,4303092.93473,10824,1652082.4,2398474.18188
2026-03-19 21:15:00+00:00,1.4539,1.4552,1.4514,1.4531,2746060.9,2026-03-19 21:29:59.999000+00:00,3990708.98759,10262,1180707.8,1716043.17218
2026-03-19 21:30:00+00:00,1.4532,1.4541,1.4511,1.4525,1702680.9,2026-03-19 21:44:59.999000+00:00,2472754.56588,7752,750677.3,1090201.61448
2026-03-19 21:45:00+00:00,1.4525,1.4549,1.4511,1.4537,1229841.2,2026-03-19 21:59:59.999000+00:00,1786469.77267,6737,571077.1,829600.80441
2026-03-19 22:00:00+00:00,1.4537,1.4548,1.4486,1.4508,2977320.1,2026-03-19 22:14:59.999000+00:00,4321438.49852,11891,1114962.9,1618629.1362
2026-03-19 22:15:00+00:00,1.4508,1.4544,1.4489,1.4534,3309209.7,2026-03-19 22:29:59.999000+00:00,4806596.60618,9108,2174521.6,3158737.44986
2026-03-19 22:30:00+00:00,1.4535,1.4535,1.4435,1.4455,5009608.3,2026-03-19 22:44:59.999000+00:00,7249140.8434,14666,1854513.7,2683745.84706
2026-03-19 22:45:00+00:00,1.4454,1.4488,1.445,1.4486,1659483.6,2026-03-19 22:59:59.999000+00:00,2401361.12041,6671,789192.0,1142111.29362
2026-03-19 23:00:00+00:00,1.4486,1.4531,1.4486,1.4511,2822717.9,2026-03-19 23:14:59.999000+00:00,4096697.87658,10492,1532930.5,2224803.23394
2026-03-19 23:15:00+00:00,1.451,1.451,1.4456,1.448,2024939.8,2026-03-19 23:29:59.999000+00:00,2931956.28192,8579,1016717.1,1471779.49153
2026-03-19 23:30:00+00:00,1.4481,1.4492,1.4416,1.4442,3463152.0,2026-03-19 23:44:59.999000+00:00,5002517.9408,10273,1610762.8,2327165.10554
2026-03-19 23:45:00+00:00,1.4441,1.4474,1.4432,1.4469,1738214.5,2026-03-19 23:59:59.999000+00:00,2512151.6294,6570,1016426.4,1469164.87287
2026-03-20 00:00:00+00:00,1.4468,1.4524,1.4459,1.4513,5103012.4,2026-03-20 00:14:59.999000+00:00,7397066.90057,11313,2744664.8,3979432.81541
2026-03-20 00:15:00+00:00,1.4514,1.4521,1.4448,1.4464,4796516.1,2026-03-20 00:29:59.999000+00:00,6949878.33088,11560,1564251.9,2265689.33363
2026-03-20 00:30:00+00:00,1.4463,1.4493,1.4446,1.4478,1954774.1,2026-03-20 00:44:59.999000+00:00,2827170.45224,8086,929370.0,1344455.48923
2026-03-20 00:45:00+00:00,1.4478,1.4495,1.4466,1.4493,1263848.8,2026-03-20 00:59:59.999000+00:00,1830112.06506,5925,591797.8,857007.92507
2026-03-20 01:00:00+00:00,1.4494,1.4551,1.4494,1.453,4399855.1,2026-03-20 01:14:59.999000+00:00,6394742.3886,13488,2607802.5,3790482.54635
2026-03-20 01:15:00+00:00,1.453,1.4544,1.4509,1.4537,2391006.2,2026-03-20 01:29:59.999000+00:00,3474111.27864,7620,1324981.7,1925422.61667
2026-03-20 01:30:00+00:00,1.4537,1.4599,1.4536,1.4582,5352745.2,2026-03-20 01:44:59.999000+00:00,7800913.58403,12235,3076813.9,4483915.28203
2026-03-20 01:45:00+00:00,1.4582,1.4594,1.4556,1.4557,2879840.9,2026-03-20 01:59:59.999000+00:00,4197452.39815,8182,1441137.1,2100688.51027
2026-03-20 02:00:00+00:00,1.4556,1.4565,1.453,1.4531,2058235.5,2026-03-20 02:14:59.999000+00:00,2992953.3377,8004,751557.3,1093044.75825
2026-03-20 02:15:00+00:00,1.453,1.4531,1.4477,1.4486,3696022.2,2026-03-20 02:29:59.999000+00:00,5359507.62419,9871,1483602.7,2151225.907
2026-03-20 02:30:00+00:00,1.4485,1.4502,1.4454,1.45,3985826.6,2026-03-20 02:44:59.999000+00:00,5768430.71742,9658,1989175.2,2879361.53808
2026-03-20 02:45:00+00:00,1.45,1.4536,1.4481,1.4514,3392395.3,2026-03-20 02:59:59.999000+00:00,4920962.83432,8438,1650565.6,2394480.12989
2026-03-20 03:00:00+00:00,1.4514,1.4517,1.4492,1.4493,1863341.9,2026-03-20 03:14:59.999000+00:00,2702652.25465,7310,745052.6,1080632.5953
2026-03-20 03:15:00+00:00,1.4492,1.454,1.4491,1.4539,2462043.4,2026-03-20 03:29:59.999000+00:00,3575312.12197,7822,1249086.6,1814004.35251
2026-03-20 03:30:00+00:00,1.4539,1.4561,1.4508,1.4514,3204151.9,2026-03-20 03:44:59.999000+00:00,4658105.07745,8728,1448951.2,2106849.28761
2026-03-20 03:45:00+00:00,1.4514,1.454,1.4504,1.4522,2657256.8,2026-03-20 03:59:59.999000+00:00,3858821.20151,7835,1227117.8,1781973.89035
2026-03-20 04:00:00+00:00,1.4521,1.4564,1.4507,1.4553,3707872.3,2026-03-20 04:14:59.999000+00:00,5388659.83072,9343,2218459.8,3224040.59356
2026-03-20 04:15:00+00:00,1.4553,1.456,1.4533,1.4559,2364111.0,2026-03-20 04:29:59.999000+00:00,3438621.63181,6243,975857.1,1419412.40052
2026-03-20 04:30:00+00:00,1.4558,1.456,1.4466,1.4471,4578770.6,2026-03-20 04:44:59.999000+00:00,6637805.29421,11152,1431745.0,2074590.2089
2026-03-20 04:45:00+00:00,1.4471,1.4542,1.4468,1.4526,3357528.4,2026-03-20 04:59:59.999000+00:00,4870068.5221,9148,1612084.4,2337934.76639
2026-03-20 05:00:00+00:00,1.4525,1.4564,1.4501,1.4555,4890713.2,2026-03-20 05:14:59.999000+00:00,7109554.18301,13054,2687951.7,3907951.6406
2026-03-20 05:15:00+00:00,1.4555,1.4578,1.4505,1.4508,3019968.7,2026-03-20 05:29:59.999000+00:00,4394254.20586,9304,1200584.2,1747241.78546
2026-03-20 05:30:00+00:00,1.4508,1.4563,1.4491,1.4554,2964672.2,2026-03-20 05:44:59.999000+00:00,4306251.07029,9526,1739978.0,2527449.49702
2026-03-20 05:45:00+00:00,1.4554,1.4571,1.4526,1.4541,3225709.2,2026-03-20 05:59:59.999000+00:00,4693190.46187,7800,1527671.0,2222798.25818
2026-03-20 06:00:00+00:00,1.4541,1.4561,1.4529,1.4558,3096304.9,2026-03-20 06:14:59.999000+00:00,4504701.28556,9405,1227217.8,1785274.34406
2026-03-20 06:15:00+00:00,1.4558,1.4583,1.4527,1.4583,4484001.9,2026-03-20 06:29:59.999000+00:00,6525472.63151,12059,2268236.2,3301045.147
2026-03-20 06:30:00+00:00,1.4584,1.4625,1.4506,1.4521,11706927.2,2026-03-20 06:44:59.999000+00:00,17056524.04481,19316,5901837.7,8601340.16131
2026-03-20 06:45:00+00:00,1.4521,1.4529,1.4496,1.4497,2495947.3,2026-03-20 06:59:59.999000+00:00,3622162.98505,7758,1230781.5,1786351.67774
2026-03-20 07:00:00+00:00,1.4497,1.4497,1.4426,1.4456,6324938.4,2026-03-20 07:14:59.999000+00:00,9142746.49234,17055,2788640.9,4030927.81602
2026-03-20 07:15:00+00:00,1.4455,1.4508,1.4446,1.4489,3236274.9,2026-03-20 07:29:59.999000+00:00,4687081.45524,9427,1494330.3,2163703.51703
2026-03-20 07:30:00+00:00,1.4489,1.4558,1.4476,1.4553,5368861.6,2026-03-20 07:44:59.999000+00:00,7797833.82665,12548,2718881.8,3948688.52333
2026-03-20 07:45:00+00:00,1.4552,1.4559,1.4533,1.4538,2744637.2,2026-03-20 07:59:59.999000+00:00,3991000.68989,7296,753602.8,1095898.99965
2026-03-20 08:00:00+00:00,1.4538,1.4666,1.4528,1.4624,11097127.9,2026-03-20 08:14:59.999000+00:00,16220812.17676,23400,5461352.4,7983840.42783
2026-03-20 08:15:00+00:00,1.4624,1.4624,1.4583,1.461,4335338.4,2026-03-20 08:29:59.999000+00:00,6331498.07294,13724,2399692.0,3504836.26721
2026-03-20 08:30:00+00:00,1.461,1.4619,1.4583,1.4591,3524552.4,2026-03-20 08:44:59.999000+00:00,5145188.04079,12492,1411783.7,2061105.75452
2026-03-20 08:45:00+00:00,1.4591,1.4604,1.4581,1.4591,2069088.9,2026-03-20 08:59:59.999000+00:00,3019146.18884,8327,840042.5,1225730.61606
2026-03-20 09:00:00+00:00,1.4591,1.4591,1.4519,1.4521,3813162.6,2026-03-20 09:14:59.999000+00:00,5547819.70926,12686,1428195.2,2077912.48755
2026-03-20 09:15:00+00:00,1.452,1.4524,1.4442,1.4467,9660184.8,2026-03-20 09:29:59.999000+00:00,13984449.22259,21972,4582704.8,6633366.84047
2026-03-20 09:30:00+00:00,1.4467,1.4502,1.4466,1.4498,3801894.5,2026-03-20 09:44:59.999000+00:00,5507133.98621,11569,2363679.7,3423875.13391
2026-03-20 09:45:00+00:00,1.4498,1.4498,1.4447,1.4471,3940323.5,2026-03-20 09:59:59.999000+00:00,5702088.4624,10407,1895228.9,2742694.96185
2026-03-20 10:00:00+00:00,1.4471,1.4478,1.4436,1.445,3062142.1,2026-03-20 10:14:59.999000+00:00,4426995.13305,11446,1278815.3,1848997.90038
2026-03-20 10:15:00+00:00,1.445,1.4478,1.4431,1.4445,3577392.4,2026-03-20 10:29:59.999000+00:00,5168741.83901,9777,2049074.3,2960394.02654
2026-03-20 10:30:00+00:00,1.4445,1.453,1.4439,1.45,3944113.2,2026-03-20 10:44:59.999000+00:00,5714191.20051,10604,2556343.3,3703054.04218
2026-03-20 10:45:00+00:00,1.4501,1.452,1.4495,1.4499,1858201.4,2026-03-20 10:59:59.999000+00:00,2695634.27146,6056,777754.4,1128357.4077
2026-03-20 11:00:00+00:00,1.4499,1.4542,1.4495,1.4537,3457362.9,2026-03-20 11:14:59.999000+00:00,5021092.04144,10029,1822780.5,2647161.01323
2026-03-20 11:15:00+00:00,1.4537,1.4537,1.4469,1.4476,4168521.9,2026-03-20 11:29:59.999000+00:00,6041543.04921,9141,1260671.7,1826943.89762
2026-03-20 11:30:00+00:00,1.4476,1.4487,1.4423,1.4442,4341206.7,2026-03-20 11:44:59.999000+00:00,6272391.00245,11140,1943753.4,2808906.55545
2026-03-20 11:45:00+00:00,1.4442,1.4486,1.4428,1.4485,3439285.0,2026-03-20 11:59:59.999000+00:00,4971695.54985,9315,2282916.3,3300192.22439
2026-03-20 12:00:00+00:00,1.4484,1.4513,1.4468,1.451,4683178.6,2026-03-20 12:14:59.999000+00:00,6786536.10732,11914,2779864.3,4028773.20495
2026-03-20 12:15:00+00:00,1.4511,1.452,1.4473,1.4481,4637886.5,2026-03-20 12:29:59.999000+00:00,6726621.85906,9418,2073076.5,3006670.61525
2026-03-20 12:30:00+00:00,1.4481,1.4481,1.4424,1.444,3418718.7,2026-03-20 12:44:59.999000+00:00,4939772.72896,10580,1603885.8,2317508.48998
2026-03-20 12:45:00+00:00,1.4441,1.4444,1.4407,1.4416,3527049.9,2026-03-20 12:59:59.999000+00:00,5087029.55344,10014,1438601.7,2075176.08111
2026-03-20 13:00:00+00:00,1.4416,1.4439,1.4382,1.4406,8657545.9,2026-03-20 13:14:59.999000+00:00,12479010.10437,18533,4211731.9,6071639.71806
2026-03-20 13:15:00+00:00,1.4406,1.4482,1.44,1.4445,4067427.0,2026-03-20 13:29:59.999000+00:00,5875323.40778,11422,1989177.1,2873046.47511
2026-03-20 13:30:00+00:00,1.4445,1.4464,1.4356,1.444,8568803.5,2026-03-20 13:44:59.999000+00:00,12338073.21614,29172,4110081.3,5918941.37315
2026-03-20 13:45:00+00:00,1.444,1.4448,1.4356,1.4372,5478290.9,2026-03-20 13:59:59.999000+00:00,7885969.5714,20430,2505062.3,3606350.35306
2026-03-20 14:00:00+00:00,1.4372,1.443,1.4326,1.4382,9059362.3,2026-03-20 14:14:59.999000+00:00,13026537.70426,28502,4833096.6,6951072.34771
2026-03-20 14:15:00+00:00,1.4383,1.4407,1.4346,1.4389,8218274.1,2026-03-20 14:29:59.999000+00:00,11812923.68132,21259,4819255.3,6927550.18962
2026-03-20 14:30:00+00:00,1.4388,1.4442,1.4388,1.44,5035444.9,2026-03-20 14:44:59.999000+00:00,7260849.2496,14960,2820035.7,4066184.49294
2026-03-20 14:45:00+00:00,1.44,1.4411,1.4334,1.4358,4663449.0,2026-03-20 14:59:59.999000+00:00,6700269.0559,13298,2261837.8,3249971.08625
2026-03-20 15:00:00+00:00,1.4357,1.4383,1.425,1.4337,13119027.1,2026-03-20 15:14:59.999000+00:00,18766592.50345,26017,4815306.1,6891841.37506
2026-03-20 15:15:00+00:00,1.4337,1.4411,1.4314,1.4372,7422143.9,2026-03-20 15:29:59.999000+00:00,10655003.8984,19511,4039752.1,5797875.1309
2026-03-20 15:30:00+00:00,1.4371,1.4404,1.4361,1.4381,2762621.5,2026-03-20 15:44:59.999000+00:00,3974019.56408,12749,1557123.7,2240048.70113
2026-03-20 15:45:00+00:00,1.4381,1.4389,1.4354,1.4368,2057119.9,2026-03-20 15:59:59.999000+00:00,2956680.1254,10478,904393.5,1300014.29951
2026-03-20 16:00:00+00:00,1.4367,1.4383,1.4345,1.4356,4663699.3,2026-03-20 16:14:59.999000+00:00,6699986.56283,13440,2702355.4,3882338.10208
2026-03-20 16:15:00+00:00,1.4356,1.4425,1.4336,1.441,7761905.7,2026-03-20 16:29:59.999000+00:00,11176886.05111,15143,4501293.4,6481679.00994
2026-03-20 16:30:00+00:00,1.4411,1.4412,1.4338,1.4343,3138773.2,2026-03-20 16:44:59.999000+00:00,4509976.68914,11739,1746657.5,2509895.6884
2026-03-20 16:45:00+00:00,1.4344,1.4388,1.4319,1.4365,2080628.8,2026-03-20 16:59:59.999000+00:00,2986369.55388,9575,1119410.6,1607196.95636
2026-03-20 17:00:00+00:00,1.4366,1.438,1.4326,1.435,3228889.2,2026-03-20 17:14:59.999000+00:00,4634964.11881,12625,1365121.0,1959875.23691
2026-03-20 17:15:00+00:00,1.4349,1.4364,1.4331,1.4334,1734359.5,2026-03-20 17:29:59.999000+00:00,2488028.16768,8240,918471.7,1317450.51221
2026-03-20 17:30:00+00:00,1.4333,1.4339,1.4279,1.4311,4486669.5,2026-03-20 17:44:59.999000+00:00,6419434.6063,12233,2050799.6,2934471.6375
2026-03-20 17:45:00+00:00,1.4311,1.44,1.4302,1.4384,3096718.6,2026-03-20 17:59:59.999000+00:00,4445465.49898,9932,1782548.4,2558579.31671
2026-03-20 18:00:00+00:00,1.4384,1.439,1.4357,1.437,2694712.8,2026-03-20 18:14:59.999000+00:00,3873448.40973,10274,1182845.0,1700424.5535
2026-03-20 18:15:00+00:00,1.4371,1.4376,1.4313,1.4321,2244712.0,2026-03-20 18:29:59.999000+00:00,3219269.518,11057,1090940.9,1564354.3695
2026-03-20 18:30:00+00:00,1.432,1.4324,1.4277,1.4306,3730204.4,2026-03-20 18:44:59.999000+00:00,5333830.2565,12000,2305133.1,3296332.22859
2026-03-20 18:45:00+00:00,1.4305,1.4337,1.4296,1.4303,2287436.4,2026-03-20 18:59:59.999000+00:00,3275028.66843,9466,1320942.2,1891455.10474
2026-03-20 19:00:00+00:00,1.4302,1.4325,1.4284,1.4301,2887171.5,2026-03-20 19:14:59.999000+00:00,4129233.16408,11265,1559819.6,2230886.69816
2026-03-20 19:15:00+00:00,1.4301,1.4321,1.4273,1.4296,1941798.9,2026-03-20 19:29:59.999000+00:00,2776202.9726,8817,1122415.6,1604762.54395
2026-03-20 19:30:00+00:00,1.4297,1.4325,1.4238,1.4324,4696971.0,2026-03-20 19:44:59.999000+00:00,6702870.86483,13271,2063671.9,2946061.60901
2026-03-20 19:45:00+00:00,1.4324,1.4367,1.4305,1.4352,5107019.5,2026-03-20 19:59:59.999000+00:00,7324694.39693,12659,2557639.7,3667815.44723
2026-03-20 20:00:00+00:00,1.4352,1.437,1.4326,1.4351,4790307.6,2026-03-20 20:14:59.999000+00:00,6875431.47053,11527,2574287.6,3694576.34346
2026-03-20 20:15:00+00:00,1.4351,1.4351,1.4296,1.4303,1679821.6,2026-03-20 20:29:59.999000+00:00,2404942.52846,7526,751400.6,1075690.00385
2026-03-20 20:30:00+00:00,1.4304,1.4324,1.428,1.4313,3027812.9,2026-03-20 20:44:59.999000+00:00,4330145.77258,7992,1708654.2,2444289.59415
2026-03-20 20:45:00+00:00,1.4312,1.436,1.4307,1.4359,1745474.0,2026-03-20 20:59:59.999000+00:00,2502790.38392,6673,1194982.6,1713460.04064
2026-03-20 21:00:00+00:00,1.4358,1.4362,1.4329,1.4358,2061855.2,2026-03-20 21:14:59.999000+00:00,2958573.9794,9217,1083602.6,1554923.99349
2026-03-20 21:15:00+00:00,1.4357,1.4461,1.4353,1.444,6783165.5,2026-03-20 21:29:59.999000+00:00,9787153.89452,15614,4346389.3,6269530.0472
2026-03-20 21:30:00+00:00,1.444,1.4483,1.4405,1.442,4297060.4,2026-03-20 21:44:59.999000+00:00,6206788.78033,11904,2238736.8,3234536.26957
2026-03-20 21:45:00+00:00,1.442,1.4431,1.4411,1.4426,987481.6,2026-03-20 21:59:59.999000+00:00,1423953.97579,5599,614348.0,885908.98993
2026-03-20 22:00:00+00:00,1.4425,1.4516,1.4425,1.4484,6762643.9,2026-03-20 22:14:59.999000+00:00,9797090.74733,17080,4120602.4,5970438.04537
2026-03-20 22:15:00+00:00,1.4485,1.4496,1.4465,1.4467,2339761.8,2026-03-20 22:29:59.999000+00:00,3388547.09956,6659,1119921.7,1622242.80958
2026-03-20 22:30:00+00:00,1.4467,1.448,1.4456,1.4465,1624647.9,2026-03-20 22:44:59.999000+00:00,2350116.14861,5730,903358.2,1306804.7622
2026-03-20 22:45:00+00:00,1.4465,1.4489,1.4455,1.447,1402104.2,2026-03-20 22:59:59.999000+00:00,2029529.81389,5105,764516.7,1106764.11668
2026-03-20 23:00:00+00:00,1.4471,1.4475,1.4406,1.4406,3240672.6,2026-03-20 23:14:59.999000+00:00,4677714.62244,9866,1009210.0,1457164.09527
2026-03-20 23:15:00+00:00,1.4406,1.443,1.439,1.4425,1919090.7,2026-03-20 23:29:59.999000+00:00,2766068.79108,6574,947482.3,1366043.82519
2026-03-20 23:30:00+00:00,1.4425,1.4449,1.4415,1.4443,1674475.7,2026-03-20 23:44:59.999000+00:00,2416715.05206,4640,1157555.2,1670704.00893
2026-03-20 23:45:00+00:00,1.4444,1.4458,1.4435,1.4444,1199578.8,2026-03-20 23:59:59.999000+00:00,1733033.24777,4657,684880.6,989468.35158
2026-03-21 00:00:00+00:00,1.4444,1.4457,1.4436,1.4456,2189636.3,2026-03-21 00:14:59.999000+00:00,3162517.48101,6930,1281495.2,1850949.5911
2026-03-21 00:15:00+00:00,1.4457,1.4485,1.4446,1.446,2818493.5,2026-03-21 00:29:59.999000+00:00,4076367.96771,7604,1673260.4,2419853.47933
2026-03-21 00:30:00+00:00,1.4461,1.4461,1.4421,1.4425,2154221.7,2026-03-21 00:44:59.999000+00:00,3110511.76863,5961,654274.6,944503.09531
2026-03-21 00:45:00+00:00,1.4425,1.4474,1.4424,1.4469,1740969.1,2026-03-21 00:59:59.999000+00:00,2515846.25175,4569,800526.8,1156417.77659
2026-03-21 01:00:00+00:00,1.4468,1.449,1.4456,1.4466,1814228.5,2026-03-21 01:14:59.999000+00:00,2625473.7583,6593,935720.6,1354166.90647
2026-03-21 01:15:00+00:00,1.4466,1.4467,1.4447,1.4449,1244717.7,2026-03-21 01:29:59.999000+00:00,1799240.98984,4573,445086.6,643330.80175
2026-03-21 01:30:00+00:00,1.4449,1.4453,1.4422,1.4422,2018802.5,2026-03-21 01:44:59.999000+00:00,2914870.76767,5972,752339.3,1086326.48155
2026-03-21 01:45:00+00:00,1.4423,1.4434,1.4416,1.4429,1909058.0,2026-03-21 01:59:59.999000+00:00,2753889.88621,5176,963025.3,1389187.01234
2026-03-21 02:00:00+00:00,1.4429,1.4435,1.4417,1.4423,1294583.6,2026-03-21 02:14:59.999000+00:00,1867502.82909,6142,462446.0,667115.54873
2026-03-21 02:15:00+00:00,1.4423,1.4458,1.4423,1.4451,980262.0,2026-03-21 02:29:59.999000+00:00,1415354.48357,4486,632109.6,912602.2884
2026-03-21 02:30:00+00:00,1.4451,1.4468,1.4436,1.4462,912946.0,2026-03-21 02:44:59.999000+00:00,1319230.8918,4682,457601.4,661290.03035
2026-03-21 02:45:00+00:00,1.4463,1.4481,1.4456,1.4461,1683762.0,2026-03-21 02:59:59.999000+00:00,2435798.10882,5497,985442.9,1425531.43352
2026-03-21 03:00:00+00:00,1.4462,1.4467,1.4441,1.4456,1184848.9,2026-03-21 03:14:59.999000+00:00,1712386.22702,5829,472098.4,682249.06326
2026-03-21 03:15:00+00:00,1.4455,1.446,1.4443,1.4449,947342.2,2026-03-21 03:29:59.999000+00:00,1369003.9332,5294,381937.7,551952.90394
2026-03-21 03:30:00+00:00,1.4449,1.4465,1.4445,1.446,1055179.3,2026-03-21 03:44:59.999000+00:00,1525221.84988,4252,609962.2,881637.98799
2026-03-21 03:45:00+00:00,1.4459,1.4469,1.4451,1.4452,827533.6,2026-03-21 03:59:59.999000+00:00,1196365.67828,3679,323241.5,467323.56701
2026-03-21 04:00:00+00:00,1.4452,1.4473,1.4451,1.4457,2035995.0,2026-03-21 04:14:59.999000+00:00,2944452.08619,7274,947137.4,1369624.25637
2026-03-21 04:15:00+00:00,1.4458,1.4471,1.4453,1.4466,902509.3,2026-03-21 04:29:59.999000+00:00,1305233.49414,4325,466420.4,674578.75287
2026-03-21 04:30:00+00:00,1.4466,1.4466,1.4436,1.4439,1769738.9,2026-03-21 04:44:59.999000+00:00,2556074.30152,5777,776866.2,1122075.89729
2026-03-21 04:45:00+00:00,1.4439,1.4446,1.4434,1.4436,1194889.0,2026-03-21 04:59:59.999000+00:00,1725449.33072,3577,488491.9,705430.33362
2026-03-21 05:00:00+00:00,1.4436,1.446,1.4436,1.4451,1434232.0,2026-03-21 05:14:59.999000+00:00,2072592.0038,5543,783538.7,1132238.39674
2026-03-21 05:15:00+00:00,1.4452,1.4468,1.4451,1.4463,1580671.4,2026-03-21 05:29:59.999000+00:00,2285764.31633,4748,718869.8,1039533.62362
2026-03-21 05:30:00+00:00,1.4464,1.4484,1.4463,1.4481,2705200.2,2026-03-21 05:44:59.999000+00:00,3916449.74207,5619,1715321.2,2483428.59853
2026-03-21 05:45:00+00:00,1.4481,1.4505,1.4477,1.4505,4392508.1,2026-03-21 05:59:59.999000+00:00,6365380.68093,7366,2665637.7,3862795.73452
2026-03-21 06:00:00+00:00,1.4504,1.452,1.4469,1.4487,5428440.1,2026-03-21 06:14:59.999000+00:00,7866058.54519,10101,2430268.8,3521571.18136
2026-03-21 06:15:00+00:00,1.4487,1.45,1.4481,1.4496,1168748.0,2026-03-21 06:29:59.999000+00:00,1693661.2505,5293,623258.7,903202.66668
2026-03-21 06:30:00+00:00,1.4495,1.4498,1.4483,1.4484,1196556.3,2026-03-21 06:44:59.999000+00:00,1734008.09965,5137,571091.8,827603.46833
2026-03-21 06:45:00+00:00,1.4483,1.4491,1.4475,1.4479,1094577.3,2026-03-21 06:59:59.999000+00:00,1585110.29577,4508,547341.4,792676.44932
2026-03-21 07:00:00+00:00,1.448,1.4486,1.4466,1.4469,1634281.4,2026-03-21 07:14:59.999000+00:00,2365633.93911,5096,730369.0,1057224.03393
2026-03-21 07:15:00+00:00,1.4469,1.4492,1.4467,1.4487,1211879.0,2026-03-21 07:29:59.999000+00:00,1754818.29701,4395,728428.8,1054731.68351
2026-03-21 07:30:00+00:00,1.4486,1.4491,1.4458,1.4461,1448314.9,2026-03-21 07:44:59.999000+00:00,2096010.83492,3848,516789.6,748003.39395
2026-03-21 07:45:00+00:00,1.446,1.4461,1.4431,1.4433,2632058.3,2026-03-21 07:59:59.999000+00:00,3801186.2488,5162,1019134.5,1471667.9741
2026-03-21 08:00:00+00:00,1.4432,1.4447,1.4431,1.4435,2266389.3,2026-03-21 08:14:59.999000+00:00,3272374.23429,6141,901771.6,1302037.41273
2026-03-21 08:15:00+00:00,1.4435,1.4437,1.4401,1.4404,3168081.3,2026-03-21 08:29:59.999000+00:00,4566046.01914,6211,1173674.5,1691600.82534
2026-03-21 08:30:00+00:00,1.4403,1.442,1.4395,1.4417,3358962.5,2026-03-21 08:44:59.999000+00:00,4838118.4457,5306,1469013.0,2116138.1269
2026-03-21 08:45:00+00:00,1.4417,1.4422,1.4399,1.4405,1828861.0,2026-03-21 08:59:59.999000+00:00,2634619.77327,3824,1014789.3,1461774.333
2026-03-21 09:00:00+00:00,1.4405,1.4423,1.4398,1.4408,2381322.3,2026-03-21 09:14:59.999000+00:00,3431764.23187,6636,1465266.0,2111504.05709
2026-03-21 09:15:00+00:00,1.4407,1.4408,1.4377,1.4382,3897897.2,2026-03-21 09:29:59.999000+00:00,5607620.04983,7010,1537540.9,2211801.64515
2026-03-21 09:30:00+00:00,1.4381,1.4389,1.4374,1.4379,2641896.1,2026-03-21 09:44:59.999000+00:00,3799165.91593,5748,1106990.9,1592031.89295
2026-03-21 09:45:00+00:00,1.438,1.4403,1.4358,1.4394,5128998.5,2026-03-21 09:59:59.999000+00:00,7375397.6709,8076,2739805.1,3939658.80725
2026-03-21 10:00:00+00:00,1.4394,1.4395,1.437,1.4381,1486940.7,2026-03-21 10:14:59.999000+00:00,2138630.72584,5471,621550.0,893984.30136
2026-03-21 10:15:00+00:00,1.438,1.4381,1.4371,1.4377,1008663.3,2026-03-21 10:29:59.999000+00:00,1450040.78902,3685,401628.1,577393.51262
2026-03-21 10:30:00+00:00,1.4376,1.44,1.4376,1.4396,1165509.5,2026-03-21 10:44:59.999000+00:00,1677511.52391,4229,720833.7,1037476.2317
2026-03-21 10:45:00+00:00,1.4397,1.4397,1.4383,1.4395,877620.9,2026-03-21 10:59:59.999000+00:00,1262920.1626,3724,436253.0,627787.59375
2026-03-21 11:00:00+00:00,1.4395,1.4399,1.4386,1.4394,1578874.1,2026-03-21 11:14:59.999000+00:00,2272462.17002,4955,712221.9,1025081.9226
2026-03-21 11:15:00+00:00,1.4394,1.44,1.4388,1.4394,1078802.6,2026-03-21 11:29:59.999000+00:00,1552817.78557,3690,422651.8,608401.10634
2026-03-21 11:30:00+00:00,1.4393,1.4417,1.4384,1.4412,2524963.3,2026-03-21 11:44:59.999000+00:00,3637529.79889,5003,1628534.9,2346176.52466
2026-03-21 11:45:00+00:00,1.4413,1.4422,1.4412,1.4417,981791.5,2026-03-21 11:59:59.999000+00:00,1415467.07645,3178,541433.2,780570.33981
2026-03-21 12:00:00+00:00,1.4418,1.4423,1.4394,1.4412,1887906.4,2026-03-21 12:14:59.999000+00:00,2720956.88102,5689,940426.6,1355641.63915
2026-03-21 12:15:00+00:00,1.4412,1.4461,1.44,1.4443,6279316.6,2026-03-21 12:29:59.999000+00:00,9069339.31592,10395,3443349.0,4973016.27205
2026-03-21 12:30:00+00:00,1.4443,1.4457,1.443,1.4445,1541118.2,2026-03-21 12:44:59.999000+00:00,2225883.51717,4458,818265.4,1181797.21462
2026-03-21 12:45:00+00:00,1.4446,1.4449,1.4436,1.444,989769.3,2026-03-21 12:59:59.999000+00:00,1429385.74809,3253,454596.6,656519.06898
2026-03-21 13:00:00+00:00,1.444,1.4444,1.4425,1.4434,1467211.4,2026-03-21 13:14:59.999000+00:00,2117323.87841,4611,829691.9,1197268.60596
2026-03-21 13:15:00+00:00,1.4434,1.4453,1.4374,1.4388,9382613.7,2026-03-21 13:29:59.999000+00:00,13513114.82756,10828,1623644.0,2339644.89728
2026-03-21 13:30:00+00:00,1.4387,1.4408,1.435,1.4355,8028067.4,2026-03-21 13:44:59.999000+00:00,11540549.50717,13028,3658405.9,5260142.51469
2026-03-21 13:45:00+00:00,1.4355,1.4403,1.4343,1.4391,12962555.0,2026-03-21 13:59:59.999000+00:00,18641209.22304,13318,9734142.1,13999381.25502
2026-03-21 14:00:00+00:00,1.4392,1.4445,1.4382,1.4431,3666463.3,2026-03-21 14:14:59.999000+00:00,5282156.16594,10271,2024263.9,2916039.08175
2026-03-21 14:15:00+00:00,1.4431,1.4441,1.4402,1.4406,2127751.1,2026-03-21 14:29:59.999000+00:00,3068164.37153,7411,765693.6,1104073.10073
2026-03-21 14:30:00+00:00,1.4406,1.4422,1.4393,1.4401,2382829.5,2026-03-21 14:44:59.999000+00:00,3432745.29019,7403,991658.8,1428517.71883
2026-03-21 14:45:00+00:00,1.4401,1.4404,1.4341,1.4358,4947626.3,2026-03-21 14:59:59.999000+00:00,7105776.58734,10832,2862814.5,4111372.14841
2026-03-21 15:00:00+00:00,1.4359,1.4371,1.435,1.4365,2349444.7,2026-03-21 15:14:59.999000+00:00,3373859.03701,9130,1248944.3,1793457.01562
2026-03-21 15:15:00+00:00,1.4365,1.4382,1.4331,1.4372,3461442.0,2026-03-21 15:29:59.999000+00:00,4968778.79793,9786,1420236.0,2039183.47968
2026-03-21 15:30:00+00:00,1.4372,1.4394,1.4363,1.4367,1432034.4,2026-03-21 15:44:59.999000+00:00,2058664.83871,5570,657744.3,945659.7353
2026-03-21 15:45:00+00:00,1.4366,1.4381,1.4366,1.4373,1542478.1,2026-03-21 15:59:59.999000+00:00,2216925.49285,5229,598118.6,859702.18581
2026-03-21 16:00:00+00:00,1.4373,1.4378,1.4359,1.4365,1593560.5,2026-03-21 16:14:59.999000+00:00,2289574.54773,7016,668334.0,960191.11509
2026-03-21 16:15:00+00:00,1.4366,1.4379,1.4335,1.4351,2009049.9,2026-03-21 16:29:59.999000+00:00,2884766.21441,6883,898598.1,1290472.6006
2026-03-21 16:30:00+00:00,1.435,1.4359,1.4332,1.4354,1884341.0,2026-03-21 16:44:59.999000+00:00,2703352.29682,6043,795991.7,1141945.61539
2026-03-21 16:45:00+00:00,1.4354,1.4362,1.4346,1.436,1159906.5,2026-03-21 16:59:59.999000+00:00,1665147.20627,4666,616521.6,885138.49898
2026-03-21 17:00:00+00:00,1.4361,1.4368,1.4333,1.4337,1221152.0,2026-03-21 17:14:59.999000+00:00,1752360.87807,6408,486293.7,698050.40817
2026-03-21 17:15:00+00:00,1.4337,1.4373,1.4332,1.4371,1286139.7,2026-03-21 17:29:59.999000+00:00,1845369.14399,4999,787073.7,1129357.20618
2026-03-21 17:30:00+00:00,1.4371,1.4407,1.437,1.439,2289332.4,2026-03-21 17:44:59.999000+00:00,3294499.68804,7081,1223136.9,1760015.20049
2026-03-21 17:45:00+00:00,1.439,1.4399,1.4385,1.4387,850505.2,2026-03-21 17:59:59.999000+00:00,1224025.91837,4249,381564.6,549150.39193
2026-03-21 18:00:00+00:00,1.4388,1.4397,1.437,1.438,1294500.0,2026-03-21 18:14:59.999000+00:00,1861340.06173,6961,679012.2,976378.19509
2026-03-21 18:15:00+00:00,1.4379,1.44,1.4377,1.4386,1280742.2,2026-03-21 18:29:59.999000+00:00,1842683.75169,5816,588463.9,846765.91249
2026-03-21 18:30:00+00:00,1.4386,1.441,1.4385,1.4405,1480681.3,2026-03-21 18:44:59.999000+00:00,2132415.84314,4975,1014228.6,1460672.39408
2026-03-21 18:45:00+00:00,1.4406,1.4406,1.4358,1.4366,2056028.1,2026-03-21 18:59:59.999000+00:00,2955244.03681,5375,674094.1,968747.18904
2026-03-21 19:00:00+00:00,1.4366,1.437,1.4356,1.4365,964118.4,2026-03-21 19:14:59.999000+00:00,1384722.03192,5133,392253.5,563367.02273
2026-03-21 19:15:00+00:00,1.4364,1.4373,1.4358,1.4366,726375.2,2026-03-21 19:29:59.999000+00:00,1043381.01808,4005,431880.1,620373.85837
2026-03-21 19:30:00+00:00,1.4366,1.4368,1.4348,1.4359,751333.0,2026-03-21 19:44:59.999000+00:00,1078548.79665,4089,411862.5,591229.71773
2026-03-21 19:45:00+00:00,1.4359,1.4374,1.4359,1.4362,582723.4,2026-03-21 19:59:59.999000+00:00,837075.55354,2808,262211.2,376653.08041
2026-03-21 20:00:00+00:00,1.4362,1.4392,1.436,1.4381,797398.0,2026-03-21 20:14:59.999000+00:00,1146238.34681,5185,422100.3,606731.54681
2026-03-21 20:15:00+00:00,1.4382,1.4404,1.4375,1.4402,1314071.4,2026-03-21 20:29:59.999000+00:00,1891096.10223,4712,720284.7,1036661.77994
2026-03-21 20:30:00+00:00,1.4403,1.442,1.4403,1.4409,2212429.1,2026-03-21 20:44:59.999000+00:00,3188502.74549,5668,981719.2,1414807.07328
2026-03-21 20:45:00+00:00,1.441,1.4416,1.4404,1.4406,879127.9,2026-03-21 20:59:59.999000+00:00,1266652.5425,2820,363123.1,523186.3435
2026-03-21 21:00:00+00:00,1.4405,1.4413,1.4383,1.439,1513506.4,2026-03-21 21:14:59.999000+00:00,2178924.53915,6804,695359.2,1000995.64897
2026-03-21 21:15:00+00:00,1.439,1.4395,1.4381,1.4387,700232.1,2026-03-21 21:29:59.999000+00:00,1007512.9777,3968,364079.0,523851.09589
2026-03-21 21:30:00+00:00,1.4387,1.4399,1.4384,1.439,673877.1,2026-03-21 21:44:59.999000+00:00,969875.14773,3366,323211.1,465174.54728
2026-03-21 21:45:00+00:00,1.4391,1.4396,1.4377,1.4392,595079.9,2026-03-21 21:59:59.999000+00:00,856201.0299,3474,303463.6,436620.32872
2026-03-21 22:00:00+00:00,1.4392,1.4395,1.4368,1.4394,2450832.8,2026-03-21 22:14:59.999000+00:00,3524297.3571,8078,1210480.8,1740565.04896
2026-03-21 22:15:00+00:00,1.4394,1.4394,1.4382,1.4392,759422.8,2026-03-21 22:29:59.999000+00:00,1092611.37445,3286,324235.1,466459.54371
2026-03-21 22:30:00+00:00,1.4392,1.4408,1.4388,1.4391,1018442.8,2026-03-21 22:44:59.999000+00:00,1466537.83011,4015,639733.7,921194.42835
2026-03-21 22:45:00+00:00,1.4392,1.4397,1.4381,1.4383,701271.1,2026-03-21 22:59:59.999000+00:00,1008994.70156,3844,327646.2,471419.03894
2026-03-21 23:00:00+00:00,1.4383,1.4389,1.4358,1.4361,2954110.3,2026-03-21 23:14:59.999000+00:00,4246846.46969,7336,1131678.5,1626980.78923
2026-03-21 23:15:00+00:00,1.4362,1.4371,1.435,1.4351,2177612.1,2026-03-21 23:29:59.999000+00:00,3127269.85223,5033,686829.3,986377.61535
2026-03-21 23:30:00+00:00,1.4352,1.4368,1.435,1.4362,1196042.3,2026-03-21 23:44:59.999000+00:00,1717252.51623,4151,663011.2,951909.03632
2026-03-21 23:45:00+00:00,1.4362,1.4362,1.3991,1.4081,61196054.4,2026-03-21 23:59:59.999000+00:00,86527697.87,101347,24329682.2,34370833.06244
2026-03-22 00:00:00+00:00,1.4081,1.4098,1.3926,1.4033,36347961.9,2026-03-22 00:14:59.999000+00:00,50902734.40175,80757,17526348.5,24551752.58986
2026-03-22 00:15:00+00:00,1.4034,1.4125,1.4024,1.4121,7699737.0,2026-03-22 00:29:59.999000+00:00,10848112.78767,28605,4794159.9,6754594.57932
2026-03-22 00:30:00+00:00,1.4121,1.4169,1.4116,1.4138,7245730.2,2026-03-22 00:44:59.999000+00:00,10248401.61453,24354,3591393.3,5079972.88665
2026-03-22 00:45:00+00:00,1.4138,1.4167,1.4078,1.4101,4343645.4,2026-03-22 00:59:59.999000+00:00,6128690.73712,15543,2298143.9,3242777.49958
2026-03-22 01:00:00+00:00,1.4102,1.4157,1.409,1.4113,5628658.1,2026-03-22 01:14:59.999000+00:00,7945496.67088,17200,2189828.5,3091519.87859
2026-03-22 01:15:00+00:00,1.4113,1.4134,1.4087,1.4094,3093034.2,2026-03-22 01:29:59.999000+00:00,4364319.83712,11917,1470974.5,2075408.0605
2026-03-22 01:30:00+00:00,1.4095,1.4114,1.4045,1.4059,5116829.6,2026-03-22 01:44:59.999000+00:00,7202716.63453,12985,2380985.5,3352070.80251
2026-03-22 01:45:00+00:00,1.406,1.4099,1.406,1.4094,2344627.4,2026-03-22 01:59:59.999000+00:00,3301624.86927,8222,1337276.5,1883324.56221
2026-03-22 02:00:00+00:00,1.4094,1.4113,1.407,1.4099,3154280.9,2026-03-22 02:14:59.999000+00:00,4446057.67211,10230,1629810.1,2297220.91191
2026-03-22 02:15:00+00:00,1.41,1.4199,1.408,1.4179,4761201.0,2026-03-22 02:29:59.999000+00:00,6732724.45646,12541,2513238.8,3555472.33162
2026-03-22 02:30:00+00:00,1.418,1.4183,1.4125,1.4133,4358225.3,2026-03-22 02:44:59.999000+00:00,6167047.35971,11388,1642758.9,2323773.37498
2026-03-22 02:45:00+00:00,1.4133,1.4179,1.4131,1.416,3993488.0,2026-03-22 02:59:59.999000+00:00,5654591.03041,9714,1574693.6,2228920.98822
2026-03-22 03:00:00+00:00,1.416,1.4164,1.4122,1.4148,2792340.2,2026-03-22 03:14:59.999000+00:00,3948971.57258,10057,1145991.5,1620678.25887
2026-03-22 03:15:00+00:00,1.4149,1.4233,1.4145,1.4213,5395166.1,2026-03-22 03:29:59.999000+00:00,7656594.48953,12455,2863764.4,4064903.6979
2026-03-22 03:30:00+00:00,1.4213,1.4257,1.4187,1.4203,5948105.0,2026-03-22 03:44:59.999000+00:00,8458942.38177,15136,3108369.2,4421459.75492
2026-03-22 03:45:00+00:00,1.4203,1.4203,1.4162,1.4162,2158874.3,2026-03-22 03:59:59.999000+00:00,3060991.5847,6420,890124.2,1261650.67191
2026-03-22 04:00:00+00:00,1.4162,1.4198,1.4155,1.4168,2792835.5,2026-03-22 04:14:59.999000+00:00,3958634.87074,9011,1465556.4,2077347.15957
2026-03-22 04:15:00+00:00,1.4167,1.4192,1.4098,1.4104,5346268.0,2026-03-22 04:29:59.999000+00:00,7553427.16233,12388,1905498.5,2691967.66413
2026-03-22 04:30:00+00:00,1.4105,1.417,1.4094,1.4155,6198984.1,2026-03-22 04:44:59.999000+00:00,8758071.63052,11459,4009853.8,5663827.4151
2026-03-22 04:45:00+00:00,1.4154,1.418,1.4154,1.4165,3002500.1,2026-03-22 04:59:59.999000+00:00,4252815.64787,7382,1719661.1,2435666.94058
2026-03-22 05:00:00+00:00,1.4165,1.4166,1.414,1.4148,1801359.6,2026-03-22 05:14:59.999000+00:00,2549729.92953,8059,629076.1,890541.49789
2026-03-22 05:15:00+00:00,1.4148,1.4157,1.411,1.4115,2374395.1,2026-03-22 05:29:59.999000+00:00,3355354.13475,7853,714740.0,1010184.3323
2026-03-22 05:30:00+00:00,1.4115,1.4133,1.4111,1.4112,1732166.6,2026-03-22 05:44:59.999000+00:00,2446237.33421,6776,880503.2,1243638.96638
2026-03-22 05:45:00+00:00,1.4111,1.4135,1.4109,1.411,1443206.3,2026-03-22 05:59:59.999000+00:00,2037537.92547,5146,638176.1,901047.30197
2026-03-22 06:00:00+00:00,1.411,1.4111,1.4091,1.4096,2546802.7,2026-03-22 06:14:59.999000+00:00,3591443.29278,8059,1114950.3,1572359.53275
2026-03-22 06:15:00+00:00,1.4096,1.4115,1.4091,1.4113,1492412.2,2026-03-22 06:29:59.999000+00:00,2104917.62892,5571,556639.8,785142.43692
2026-03-22 06:30:00+00:00,1.4113,1.4122,1.4099,1.4104,1656804.8,2026-03-22 06:44:59.999000+00:00,2337358.43793,5083,808508.1,1140673.63015
2026-03-22 06:45:00+00:00,1.4103,1.4113,1.4093,1.4099,2039862.9,2026-03-22 06:59:59.999000+00:00,2877064.36114,5494,849188.2,1197661.14482
2026-03-22 07:00:00+00:00,1.4099,1.4122,1.4095,1.4108,2108725.2,2026-03-22 07:14:59.999000+00:00,2974851.19586,6386,1085825.1,1531768.9449
2026-03-22 07:15:00+00:00,1.4108,1.4122,1.4107,1.411,1609026.6,2026-03-22 07:29:59.999000+00:00,2271305.44646,4486,861610.9,1216361.99523
2026-03-22 07:30:00+00:00,1.4111,1.4114,1.4057,1.4065,3915470.4,2026-03-22 07:44:59.999000+00:00,5512522.78146,9851,1465897.3,2063929.02335
2026-03-22 07:45:00+00:00,1.4066,1.4079,1.4024,1.4028,5291447.5,2026-03-22 07:59:59.999000+00:00,7436689.11531,10989,1934059.2,2719195.11648
2026-03-22 08:00:00+00:00,1.4027,1.4032,1.3971,1.4004,8437316.6,2026-03-22 08:14:59.999000+00:00,11811020.71879,17831,3423630.5,4792683.77003
2026-03-22 08:15:00+00:00,1.4005,1.4005,1.3916,1.3943,8821387.5,2026-03-22 08:29:59.999000+00:00,12310238.34658,19980,3420267.5,4773921.07455
2026-03-22 08:30:00+00:00,1.3943,1.3987,1.3941,1.3976,4792557.5,2026-03-22 08:44:59.999000+00:00,6690590.12014,11932,2958249.8,4129818.76853
2026-03-22 08:45:00+00:00,1.3976,1.3992,1.3963,1.3983,2245982.6,2026-03-22 08:59:59.999000+00:00,3139845.48003,7035,1069476.4,1495187.92832
2026-03-22 09:00:00+00:00,1.3983,1.4026,1.398,1.4021,3072803.4,2026-03-22 09:14:59.999000+00:00,4303999.37988,9426,1863562.1,2610388.77966
2026-03-22 09:15:00+00:00,1.402,1.4028,1.3947,1.3953,3555478.0,2026-03-22 09:29:59.999000+00:00,4970531.67898,11336,1431957.8,2001606.62677
2026-03-22 09:30:00+00:00,1.3953,1.3977,1.3944,1.3957,2353136.6,2026-03-22 09:44:59.999000+00:00,3284822.18116,7139,1159190.7,1618121.20024
2026-03-22 09:45:00+00:00,1.3958,1.3964,1.3944,1.3952,2297222.8,2026-03-22 09:59:59.999000+00:00,3205844.09265,5776,1227849.3,1713638.66916
2026-03-22 10:00:00+00:00,1.3953,1.3961,1.392,1.3924,4882564.3,2026-03-22 10:14:59.999000+00:00,6805246.27533,11141,1553550.3,2165892.41482
2026-03-22 10:15:00+00:00,1.3925,1.3941,1.3901,1.3907,3680926.4,2026-03-22 10:29:59.999000+00:00,5121988.9836,9964,1551463.9,2159141.80172
2026-03-22 10:30:00+00:00,1.3906,1.3919,1.3861,1.3882,10904431.3,2026-03-22 10:44:59.999000+00:00,15137018.36148,15920,3741360.3,5193119.53877
2026-03-22 10:45:00+00:00,1.3882,1.3887,1.3866,1.3878,2152825.0,2026-03-22 10:59:59.999000+00:00,2987800.6842,7257,1176287.0,1632647.80344
2026-03-22 11:00:00+00:00,1.3877,1.3897,1.3845,1.3878,5647141.9,2026-03-22 11:14:59.999000+00:00,7832713.12956,12412,2852783.9,3957662.64169
2026-03-22 11:15:00+00:00,1.3878,1.3911,1.3859,1.3871,3427278.2,2026-03-22 11:29:59.999000+00:00,4758566.18976,9451,1812686.9,2517236.59036
2026-03-22 11:30:00+00:00,1.3871,1.3951,1.3868,1.3914,6259629.2,2026-03-22 11:44:59.999000+00:00,8705266.07033,13624,3645896.9,5070616.16204
2026-03-22 11:45:00+00:00,1.3915,1.3929,1.3895,1.39,3828940.2,2026-03-22 11:59:59.999000+00:00,5326495.23652,9538,1755263.5,2441939.83835
2026-03-22 12:00:00+00:00,1.39,1.3945,1.3899,1.3941,3407558.3,2026-03-22 12:14:59.999000+00:00,4746064.53592,9839,1977179.3,2753772.99226
2026-03-22 12:15:00+00:00,1.3941,1.4012,1.3933,1.4001,6910790.1,2026-03-22 12:29:59.999000+00:00,9658875.38351,13619,3923563.8,5482612.95246
2026-03-22 12:30:00+00:00,1.4001,1.4004,1.3976,1.3979,3613532.5,2026-03-22 12:44:59.999000+00:00,5055182.73555,8367,1707383.2,2388838.37973
2026-03-22 12:45:00+00:00,1.3979,1.3998,1.3966,1.3986,1977411.9,2026-03-22 12:59:59.999000+00:00,2764703.726,6839,1061395.7,1484119.43082
2026-03-22 13:00:00+00:00,1.3987,1.4066,1.3987,1.4043,6705913.1,2026-03-22 13:14:59.999000+00:00,9412041.79821,17094,4109159.8,5767484.93323
2026-03-22 13:15:00+00:00,1.4043,1.4044,1.3994,1.4003,3484364.5,2026-03-22 13:29:59.999000+00:00,4883188.68538,8110,1047907.3,1468555.41861
2026-03-22 13:30:00+00:00,1.4004,1.4014,1.3952,1.3969,3552695.9,2026-03-22 13:44:59.999000+00:00,4965654.63721,8970,1302258.1,1820232.44257
2026-03-22 13:45:00+00:00,1.3969,1.3982,1.396,1.3974,2206428.3,2026-03-22 13:59:59.999000+00:00,3082578.22546,5650,935957.9,1307760.08094
2026-03-22 14:00:00+00:00,1.3975,1.4003,1.3939,1.3995,2962655.1,2026-03-22 14:14:59.999000+00:00,4139459.35529,9918,1444722.2,2018994.82108
2026-03-22 14:15:00+00:00,1.3996,1.4019,1.3978,1.3998,2958646.3,2026-03-22 14:29:59.999000+00:00,4141232.25263,6900,1504637.0,2106673.18544
2026-03-22 14:30:00+00:00,1.3998,1.4022,1.3989,1.3996,3914138.5,2026-03-22 14:44:59.999000+00:00,5483058.17408,7048,1751472.6,2453596.72611
2026-03-22 14:45:00+00:00,1.3996,1.3996,1.3958,1.3963,3361635.4,2026-03-22 14:59:59.999000+00:00,4696308.68253,7306,1491050.1,2082906.28682
2026-03-22 15:00:00+00:00,1.3963,1.4002,1.3962,1.3976,3047364.8,2026-03-22 15:14:59.999000+00:00,4261341.17914,9200,1424648.5,1992208.35464
2026-03-22 15:15:00+00:00,1.3976,1.3989,1.3948,1.3951,3365889.3,2026-03-22 15:29:59.999000+00:00,4700227.5971,9141,1517960.6,2119676.55314
2026-03-22 15:30:00+00:00,1.3952,1.3953,1.3905,1.3929,3852070.4,2026-03-22 15:44:59.999000+00:00,5364244.00138,9405,1713749.4,2386257.23312
2026-03-22 15:45:00+00:00,1.3929,1.3936,1.3913,1.3919,2197092.4,2026-03-22 15:59:59.999000+00:00,3059217.14721,7005,772989.9,1076342.09446
2026-03-22 16:00:00+00:00,1.392,1.3935,1.3894,1.393,7755009.3,2026-03-22 16:14:59.999000+00:00,10789793.76238,13998,4354582.1,6058500.29654
2026-03-22 16:15:00+00:00,1.393,1.3945,1.3904,1.3915,3577237.0,2026-03-22 16:29:59.999000+00:00,4980952.3905,9366,1783223.1,2482686.19501
2026-03-22 16:30:00+00:00,1.3916,1.3938,1.3903,1.3927,2364726.5,2026-03-22 16:44:59.999000+00:00,3292825.80676,7060,1235595.0,1720573.58618
2026-03-22 16:45:00+00:00,1.3927,1.3946,1.3926,1.3938,1401862.0,2026-03-22 16:59:59.999000+00:00,1953767.92049,5541,683941.5,953174.9747
2026-03-22 17:00:00+00:00,1.3938,1.3947,1.392,1.3945,1493898.1,2026-03-22 17:14:59.999000+00:00,2082132.22037,7148,717729.2,1000389.20153
2026-03-22 17:15:00+00:00,1.3945,1.3951,1.3919,1.3933,1866055.1,2026-03-22 17:29:59.999000+00:00,2600828.39049,6739,774206.9,1079160.29578
2026-03-22 17:30:00+00:00,1.3932,1.3939,1.3907,1.3912,1393409.2,2026-03-22 17:44:59.999000+00:00,1939427.44536,6402,574042.7,799033.84718
2026-03-22 17:45:00+00:00,1.3913,1.3934,1.3912,1.3921,1094932.4,2026-03-22 17:59:59.999000+00:00,1524371.29004,5220,626802.0,872595.69018
2026-03-22 18:00:00+00:00,1.3921,1.3921,1.3885,1.3895,2624698.3,2026-03-22 18:14:59.999000+00:00,3647820.54793,9887,1319728.8,1834222.94218
2026-03-22 18:15:00+00:00,1.3895,1.3899,1.3883,1.3896,2972682.6,2026-03-22 18:29:59.999000+00:00,4128738.96956,7129,1759749.5,2444064.12919
2026-03-22 18:30:00+00:00,1.3895,1.3912,1.3801,1.3851,9600754.0,2026-03-22 18:44:59.999000+00:00,13292129.0679,19813,4103224.9,5681613.93194
2026-03-22 18:45:00+00:00,1.385,1.3885,1.3842,1.3874,2613027.0,2026-03-22 18:59:59.999000+00:00,3623969.04884,8718,1619726.3,2246535.02843
2026-03-22 19:00:00+00:00,1.3874,1.3874,1.3809,1.382,4853211.1,2026-03-22 19:14:59.999000+00:00,6713724.58977,13181,2200771.4,3044397.05166
2026-03-22 19:15:00+00:00,1.3819,1.3833,1.3805,1.3817,3475676.8,2026-03-22 19:29:59.999000+00:00,4803541.53041,10532,1768442.2,2444080.80011
2026-03-22 19:30:00+00:00,1.3817,1.3874,1.3803,1.3858,3693285.1,2026-03-22 19:44:59.999000+00:00,5110548.83704,10406,2271269.3,3142461.80594
2026-03-22 19:45:00+00:00,1.3857,1.3859,1.3827,1.3842,2513109.9,2026-03-22 19:59:59.999000+00:00,3478173.6415,8109,1392369.0,1927103.52441
2026-03-22 20:00:00+00:00,1.3841,1.3882,1.3841,1.3871,2621212.6,2026-03-22 20:14:59.999000+00:00,3635396.63658,9749,1341875.0,1860901.2137
2026-03-22 20:15:00+00:00,1.387,1.3899,1.3861,1.3875,1931162.2,2026-03-22 20:29:59.999000+00:00,2679917.45162,6866,1229365.5,1706141.21766
2026-03-22 20:30:00+00:00,1.3875,1.3886,1.3857,1.3878,1804939.0,2026-03-22 20:44:59.999000+00:00,2504124.26778,6269,974265.1,1351677.11287
2026-03-22 20:45:00+00:00,1.3878,1.3881,1.3851,1.3862,1917694.9,2026-03-22 20:59:59.999000+00:00,2659125.44557,7108,973231.6,1349461.80741
2026-03-22 21:00:00+00:00,1.3861,1.3872,1.3735,1.3778,15706974.8,2026-03-22 21:14:59.999000+00:00,21653483.22403,31314,7554122.2,10415810.96693
2026-03-22 21:15:00+00:00,1.3778,1.3821,1.3707,1.3804,11294318.1,2026-03-22 21:29:59.999000+00:00,15536039.15656,23352,6101382.7,8393666.05842
2026-03-22 21:30:00+00:00,1.3805,1.3835,1.3771,1.3813,4066096.5,2026-03-22 21:44:59.999000+00:00,5612454.43651,13783,2592394.8,3578526.20676
2026-03-22 21:45:00+00:00,1.3813,1.3823,1.377,1.3789,2062831.2,2026-03-22 21:59:59.999000+00:00,2845976.52221,10251,1096096.8,1512368.5052
2026-03-22 22:00:00+00:00,1.3789,1.3844,1.3709,1.3778,11678934.1,2026-03-22 22:14:59.999000+00:00,16096022.04285,30202,6680698.2,9210070.86968
2026-03-22 22:15:00+00:00,1.3779,1.3914,1.3772,1.3883,6603267.5,2026-03-22 22:29:59.999000+00:00,9145704.40031,19860,3906153.4,5409863.80179
2026-03-22 22:30:00+00:00,1.3883,1.3902,1.3852,1.3861,2966349.1,2026-03-22 22:44:59.999000+00:00,4116372.76952,11806,1493335.2,2072582.37266
2026-03-22 22:45:00+00:00,1.3862,1.3923,1.386,1.3902,3353065.0,2026-03-22 22:59:59.999000+00:00,4659421.39752,10961,1803204.1,2505587.24313
2026-03-22 23:00:00+00:00,1.3903,1.3924,1.3867,1.3896,3622179.1,2026-03-22 23:14:59.999000+00:00,5034747.56799,12773,1628580.7,2264100.12393
2026-03-22 23:15:00+00:00,1.3896,1.3899,1.3872,1.3874,2048766.9,2026-03-22 23:29:59.999000+00:00,2844583.71587,7736,808195.9,1122008.64842
2026-03-22 23:30:00+00:00,1.3874,1.3889,1.3861,1.388,2566295.2,2026-03-22 23:44:59.999000+00:00,3559960.12166,7912,1060795.8,1471691.41861
2026-03-22 23:45:00+00:00,1.3881,1.3888,1.3829,1.3841,2888945.1,2026-03-22 23:59:59.999000+00:00,4001996.98017,9878,972995.1,1347699.19744
2026-03-23 00:00:00+00:00,1.3841,1.39,1.3825,1.3859,5386008.6,2026-03-23 00:14:59.999000+00:00,7467525.82852,15913,2639108.0,3659091.72915
2026-03-23 00:15:00+00:00,1.386,1.3881,1.3832,1.3845,2918830.3,2026-03-23 00:29:59.999000+00:00,4043347.17704,12073,1530778.9,2120428.31025
2026-03-23 00:30:00+00:00,1.3846,1.385,1.3736,1.3808,9188543.5,2026-03-23 00:44:59.999000+00:00,12663871.95085,22818,4512468.1,6218768.8441
2026-03-23 00:45:00+00:00,1.3808,1.3832,1.3771,1.3783,4161885.8,2026-03-23 00:59:59.999000+00:00,5743974.2686,14666,1841192.6,2540752.0627
2026-03-23 01:00:00+00:00,1.3782,1.3843,1.3749,1.3811,5134588.5,2026-03-23 01:14:59.999000+00:00,7083729.14525,18186,2558698.0,3528847.36528
2026-03-23 01:15:00+00:00,1.3811,1.3891,1.381,1.3877,4365101.2,2026-03-23 01:29:59.999000+00:00,6051805.30871,15461,2193399.9,3040771.5932
2026-03-23 01:30:00+00:00,1.3876,1.3898,1.3836,1.3854,3062526.5,2026-03-23 01:44:59.999000+00:00,4247241.27925,12603,1200096.0,1664299.51796
2026-03-23 01:45:00+00:00,1.3855,1.3872,1.381,1.3813,2460387.4,2026-03-23 01:59:59.999000+00:00,3403633.08963,11218,1353676.7,1872465.30997
2026-03-23 02:00:00+00:00,1.3814,1.3885,1.381,1.3824,8248470.7,2026-03-23 02:14:59.999000+00:00,11427371.62881,18931,4392320.7,6083899.34971
2026-03-23 02:15:00+00:00,1.3824,1.3928,1.3816,1.3916,3842262.5,2026-03-23 02:29:59.999000+00:00,5332393.3762,14721,2381164.3,3304572.97374
2026-03-23 02:30:00+00:00,1.3916,1.392,1.3865,1.3866,4248504.8,2026-03-23 02:44:59.999000+00:00,5901593.63782,13275,2363538.8,3282983.36164
2026-03-23 02:45:00+00:00,1.3866,1.3868,1.3818,1.3846,2457905.5,2026-03-23 02:59:59.999000+00:00,3401563.301,9630,1147895.0,1588535.5769
2026-03-23 03:00:00+00:00,1.3846,1.3914,1.3812,1.3817,3853604.5,2026-03-23 03:14:59.999000+00:00,5341130.79236,16859,1913707.4,2652449.9376
2026-03-23 03:15:00+00:00,1.3818,1.3849,1.3814,1.383,2549229.9,2026-03-23 03:29:59.999000+00:00,3525074.24669,9356,1477334.4,2042556.36106
2026-03-23 03:30:00+00:00,1.3831,1.3844,1.3777,1.3794,4123094.3,2026-03-23 03:44:59.999000+00:00,5691766.28205,13094,1872079.1,2584154.12351
2026-03-23 03:45:00+00:00,1.3794,1.3818,1.378,1.3808,2688376.5,2026-03-23 03:59:59.999000+00:00,3709524.06627,8850,1626539.6,2244251.29977
2026-03-23 04:00:00+00:00,1.3807,1.3833,1.3794,1.3796,2073209.5,2026-03-23 04:14:59.999000+00:00,2864133.51581,9401,1058218.7,1461916.4624
2026-03-23 04:15:00+00:00,1.3796,1.385,1.3778,1.3848,3659652.8,2026-03-23 04:29:59.999000+00:00,5058137.49308,10812,1979522.1,2735874.67532
2026-03-23 04:30:00+00:00,1.3849,1.3885,1.3839,1.3848,4159402.9,2026-03-23 04:44:59.999000+00:00,5768714.7746,11058,1457091.2,2020462.42625
2026-03-23 04:45:00+00:00,1.3848,1.3902,1.3848,1.3899,2256615.3,2026-03-23 04:59:59.999000+00:00,3132420.8882,10105,1481856.1,2057072.63949
2026-03-23 05:00:00+00:00,1.3899,1.3942,1.3896,1.3931,7230515.4,2026-03-23 05:14:59.999000+00:00,10064112.22831,19056,3885692.4,5408796.88169
2026-03-23 05:15:00+00:00,1.3931,1.3947,1.3907,1.3927,3924702.8,2026-03-23 05:29:59.999000+00:00,5465735.11062,13141,2328893.9,3243337.53269
2026-03-23 05:30:00+00:00,1.3928,1.3956,1.3888,1.3897,12470984.0,2026-03-23 05:44:59.999000+00:00,17355661.86142,18831,6623405.1,9216572.73281
2026-03-23 05:45:00+00:00,1.3898,1.393,1.3873,1.3903,9640595.3,2026-03-23 05:59:59.999000+00:00,13395705.14937,15666,6310822.6,8768134.22071
2026-03-23 06:00:00+00:00,1.3903,1.3903,1.3804,1.381,6574244.0,2026-03-23 06:14:59.999000+00:00,9098468.7802,14243,2892018.5,4001448.27281
2026-03-23 06:15:00+00:00,1.381,1.3833,1.3785,1.3817,5287410.9,2026-03-23 06:29:59.999000+00:00,7299818.71384,11958,2624166.8,3622598.517
2026-03-23 06:30:00+00:00,1.3817,1.3822,1.367,1.3703,15454147.7,2026-03-23 06:44:59.999000+00:00,21226614.75507,27519,6485150.0,8907929.28215
2026-03-23 06:45:00+00:00,1.3704,1.3728,1.3678,1.371,7273106.5,2026-03-23 06:59:59.999000+00:00,9966256.67887,18664,4173604.0,5719927.01072
2026-03-23 07:00:00+00:00,1.3709,1.3713,1.3634,1.3681,10866817.4,2026-03-23 07:14:59.999000+00:00,14862135.05926,26390,4347693.3,5946297.42355
2026-03-23 07:15:00+00:00,1.3681,1.3701,1.3612,1.3638,7810168.0,2026-03-23 07:29:59.999000+00:00,10658269.65709,18733,3466452.2,4732400.5574
2026-03-23 07:30:00+00:00,1.3639,1.375,1.3628,1.3743,6022343.6,2026-03-23 07:44:59.999000+00:00,8251224.11838,20166,3070767.9,4207171.29007
2026-03-23 07:45:00+00:00,1.3744,1.3753,1.3709,1.3719,4308012.7,2026-03-23 07:59:59.999000+00:00,5917217.75306,12361,2100145.3,2885212.9163
2026-03-23 08:00:00+00:00,1.372,1.3796,1.3718,1.3773,5710170.4,2026-03-23 08:14:59.999000+00:00,7859527.4031,17349,3051497.2,4199436.99554
2026-03-23 08:15:00+00:00,1.3772,1.3786,1.3729,1.3739,2968384.6,2026-03-23 08:29:59.999000+00:00,4082684.38379,12450,1368118.9,1881539.36655
2026-03-23 08:30:00+00:00,1.374,1.3766,1.372,1.3735,3076845.0,2026-03-23 08:44:59.999000+00:00,4229285.75041,11339,1261107.2,1733689.98669
2026-03-23 08:45:00+00:00,1.3735,1.3737,1.3666,1.3676,5668327.2,2026-03-23 08:59:59.999000+00:00,7767809.2877,12289,2054132.2,2813944.42
2026-03-23 09:00:00+00:00,1.3677,1.3687,1.365,1.3686,3911019.4,2026-03-23 09:14:59.999000+00:00,5345631.57715,13075,1743112.1,2383026.08432
2026-03-23 09:15:00+00:00,1.3686,1.3708,1.3663,1.3678,3265622.6,2026-03-23 09:29:59.999000+00:00,4468306.17591,9780,1597134.3,2185362.51402
2026-03-23 09:30:00+00:00,1.3678,1.3679,1.3608,1.3644,4555101.2,2026-03-23 09:44:59.999000+00:00,6211219.4515,12746,2054376.2,2800886.44435
2026-03-23 09:45:00+00:00,1.3644,1.369,1.3642,1.3686,2509740.0,2026-03-23 09:59:59.999000+00:00,3429844.51385,7518,1532020.6,2093518.81773
2026-03-23 10:00:00+00:00,1.3686,1.38,1.3676,1.3778,9795092.5,2026-03-23 10:14:59.999000+00:00,13475029.98883,18335,4607984.0,6338160.69536
2026-03-23 10:15:00+00:00,1.3779,1.3785,1.3718,1.3731,3635536.9,2026-03-23 10:29:59.999000+00:00,4998692.38235,9975,1561529.0,2147134.68857
2026-03-23 10:30:00+00:00,1.3731,1.3731,1.3696,1.3707,2947684.9,2026-03-23 10:44:59.999000+00:00,4041283.67388,8024,1456389.4,1996442.75872
2026-03-23 10:45:00+00:00,1.3708,1.3744,1.3684,1.3715,2729742.0,2026-03-23 10:59:59.999000+00:00,3744237.40188,8672,1174281.3,1610650.18568
2026-03-23 11:00:00+00:00,1.3716,1.4444,1.3716,1.4269,151513333.5,2026-03-23 11:14:59.999000+00:00,214894668.70089,198134,78704809.4,111601436.41582
2026-03-23 11:15:00+00:00,1.4269,1.4356,1.4125,1.4264,43025641.1,2026-03-23 11:29:59.999000+00:00,61354506.33604,87768,21488274.1,30652439.80073
2026-03-23 11:30:00+00:00,1.4265,1.4342,1.42,1.4215,19105193.5,2026-03-23 11:44:59.999000+00:00,27246626.1533,47458,9377592.2,13375439.29755
2026-03-23 11:45:00+00:00,1.4215,1.4227,1.4077,1.4107,20194024.6,2026-03-23 11:59:59.999000+00:00,28556794.84934,43291,10281649.9,14543599.15622
2026-03-23 12:00:00+00:00,1.4106,1.4184,1.4009,1.4113,21175558.3,2026-03-23 12:14:59.999000+00:00,29840669.80896,49071,9755216.7,13753302.30914
2026-03-23 12:15:00+00:00,1.4112,1.4212,1.4108,1.4162,10974250.2,2026-03-23 12:29:59.999000+00:00,15548260.37867,28436,6063843.4,8590237.81979
2026-03-23 12:30:00+00:00,1.4162,1.4264,1.4109,1.4239,18255561.6,2026-03-23 12:44:59.999000+00:00,25868608.4282,39676,9975711.9,14135233.39282
2026-03-23 12:45:00+00:00,1.4239,1.4264,1.4208,1.4242,8884974.1,2026-03-23 12:59:59.999000+00:00,12650812.34196,23805,4576013.8,6516752.63582
2026-03-23 13:00:00+00:00,1.4243,1.4286,1.4219,1.4226,8055836.7,2026-03-23 13:14:59.999000+00:00,11475590.91311,26598,3868873.9,5511346.67911
2026-03-23 13:15:00+00:00,1.4226,1.4278,1.4226,1.4234,6785377.0,2026-03-23 13:29:59.999000+00:00,9668722.83284,19250,3089972.4,4402734.85866
2026-03-23 13:30:00+00:00,1.4235,1.4378,1.4203,1.434,21006895.8,2026-03-23 13:44:59.999000+00:00,30007852.81296,59961,10991171.5,15703463.98998
2026-03-23 13:45:00+00:00,1.434,1.4434,1.432,1.4414,12641487.9,2026-03-23 13:59:59.999000+00:00,18179700.85998,39154,6731536.2,9680727.25731
2026-03-23 14:00:00+00:00,1.4414,1.4525,1.4406,1.4466,15808957.3,2026-03-23 14:14:59.999000+00:00,22865190.81619,43149,8794462.3,12722442.74307
2026-03-23 14:15:00+00:00,1.4465,1.4519,1.4442,1.4455,8570254.2,2026-03-23 14:29:59.999000+00:00,12410387.50298,27334,3962005.0,5738230.55191
2026-03-23 14:30:00+00:00,1.4454,1.4508,1.4439,1.4475,8590635.0,2026-03-23 14:44:59.999000+00:00,12433871.74621,24151,4105870.0,5943224.31443
2026-03-23 14:45:00+00:00,1.4475,1.4561,1.4447,1.4547,7871911.5,2026-03-23 14:59:59.999000+00:00,11414254.98967,21989,4555853.9,6608068.90244
2026-03-23 15:00:00+00:00,1.4547,1.4632,1.4546,1.4609,14975553.2,2026-03-23 15:14:59.999000+00:00,21864755.22676,32893,8074509.2,11789347.90011
2026-03-23 15:15:00+00:00,1.4608,1.4657,1.4548,1.4593,15478405.4,2026-03-23 15:29:59.999000+00:00,22598502.34243,32810,8256071.5,12054628.33907
2026-03-23 15:30:00+00:00,1.4594,1.4604,1.4435,1.4457,15856223.0,2026-03-23 15:44:59.999000+00:00,22996602.07727,32901,6742350.6,9778617.6758
2026-03-23 15:45:00+00:00,1.4456,1.4494,1.4299,1.4308,17233193.1,2026-03-23 15:59:59.999000+00:00,24789211.72615,37404,7623633.3,10971021.0905
2026-03-23 16:00:00+00:00,1.4307,1.4405,1.4307,1.4395,10595624.3,2026-03-23 16:14:59.999000+00:00,15216247.21293,28156,6219882.4,8930079.80668
2026-03-23 16:15:00+00:00,1.4395,1.4422,1.4286,1.4291,8934852.7,2026-03-23 16:29:59.999000+00:00,12826301.55435,25302,4444734.3,6382968.1244
2026-03-23 16:30:00+00:00,1.429,1.4389,1.4268,1.4308,12704027.7,2026-03-23 16:44:59.999000+00:00,18207179.0877,25937,6096066.1,8735136.12935
2026-03-23 16:45:00+00:00,1.4307,1.4359,1.43,1.4334,7242258.7,2026-03-23 16:59:59.999000+00:00,10382818.33894,18166,4722628.5,6770556.96354
2026-03-23 17:00:00+00:00,1.4333,1.438,1.4311,1.4336,8093576.8,2026-03-23 17:14:59.999000+00:00,11614094.97349,19046,4118997.5,5909689.77915
2026-03-23 17:15:00+00:00,1.4336,1.4351,1.426,1.4295,6041273.6,2026-03-23 17:29:59.999000+00:00,8641701.34822,17084,2616774.5,3744050.53025
2026-03-23 17:30:00+00:00,1.4294,1.4461,1.4288,1.442,9741014.8,2026-03-23 17:44:59.999000+00:00,14024908.51499,23189,5903505.1,8498391.97775
2026-03-23 17:45:00+00:00,1.442,1.4445,1.4401,1.4436,2415453.4,2026-03-23 17:59:59.999000+00:00,3484797.81896,10726,1339290.2,1932367.81648
2026-03-23 18:00:00+00:00,1.4436,1.4461,1.4374,1.4388,4744052.2,2026-03-23 18:14:59.999000+00:00,6836921.31013,17172,2183517.6,3146819.56467
2026-03-23 18:15:00+00:00,1.4388,1.4406,1.4361,1.4374,2547255.1,2026-03-23 18:29:59.999000+00:00,3663384.93242,11255,1415350.7,2035256.99171
2026-03-23 18:30:00+00:00,1.4373,1.442,1.4371,1.438,2076254.8,2026-03-23 18:44:59.999000+00:00,2987826.00015,11365,1191918.6,1715230.92501
2026-03-23 18:45:00+00:00,1.438,1.4427,1.4377,1.441,3888995.1,2026-03-23 18:59:59.999000+00:00,5599616.56212,12329,2266894.4,3264210.45834
2026-03-23 19:00:00+00:00,1.441,1.4449,1.4367,1.4372,4548402.1,2026-03-23 19:14:59.999000+00:00,6549551.33816,15136,1959209.1,2822054.8249
2026-03-23 19:15:00+00:00,1.4371,1.4385,1.4345,1.4373,2487747.7,2026-03-23 19:29:59.999000+00:00,3573466.11475,9957,1102341.1,1583746.40089
2026-03-23 19:30:00+00:00,1.4373,1.4387,1.4364,1.4374,1337024.8,2026-03-23 19:44:59.999000+00:00,1921794.18159,7537,607225.2,872737.90886
2026-03-23 19:45:00+00:00,1.4373,1.4394,1.4308,1.4339,7731990.4,2026-03-23 19:59:59.999000+00:00,11088469.241,15141,4324273.2,6200450.1662
2026-03-23 20:00:00+00:00,1.4339,1.4372,1.4302,1.4357,8535874.1,2026-03-23 20:14:59.999000+00:00,12236197.81667,15676,5207550.1,7466029.13827
2026-03-23 20:15:00+00:00,1.4357,1.4381,1.434,1.4347,1609135.8,2026-03-23 20:29:59.999000+00:00,2311203.49553,6650,956635.3,1373972.718
2026-03-23 20:30:00+00:00,1.4347,1.4392,1.434,1.4388,1599128.0,2026-03-23 20:44:59.999000+00:00,2297712.61214,7095,949037.5,1363537.10081
2026-03-23 20:45:00+00:00,1.4387,1.4392,1.4363,1.4375,1564062.3,2026-03-23 20:59:59.999000+00:00,2248656.79163,6299,932084.1,1340009.83148
2026-03-23 21:00:00+00:00,1.4375,1.4389,1.4348,1.4359,1958254.1,2026-03-23 21:14:59.999000+00:00,2813707.99207,8735,945971.8,1359360.72468
2026-03-23 21:15:00+00:00,1.4359,1.437,1.434,1.4354,1587279.1,2026-03-23 21:29:59.999000+00:00,2278502.29513,5589,981808.0,1409420.3751
2026-03-23 21:30:00+00:00,1.4353,1.4395,1.4351,1.4386,1795847.0,2026-03-23 21:44:59.999000+00:00,2582271.9694,6078,1084249.1,1559025.38643
2026-03-23 21:45:00+00:00,1.4385,1.4386,1.4341,1.4351,1559956.2,2026-03-23 21:59:59.999000+00:00,2241535.67094,7067,778102.0,1118100.86718
2026-03-23 22:00:00+00:00,1.435,1.4365,1.4272,1.43,5314531.4,2026-03-23 22:14:59.999000+00:00,7599097.49789,15975,3039879.3,4346381.44957
2026-03-23 22:15:00+00:00,1.43,1.4319,1.4281,1.4293,3942574.7,2026-03-23 22:29:59.999000+00:00,5639633.05384,8461,2072401.2,2964311.02009
2026-03-23 22:30:00+00:00,1.4293,1.4293,1.4249,1.4269,4283842.1,2026-03-23 22:44:59.999000+00:00,6111835.98114,10545,2226260.1,3176438.86007
2026-03-23 22:45:00+00:00,1.4269,1.4297,1.4259,1.4289,2178631.1,2026-03-23 22:59:59.999000+00:00,3110339.95225,6307,1239973.9,1770435.75426
2026-03-23 23:00:00+00:00,1.4288,1.4294,1.4238,1.4255,3907714.3,2026-03-23 23:14:59.999000+00:00,5573672.79676,9703,1640078.3,2339660.13621
2026-03-23 23:15:00+00:00,1.4255,1.4306,1.4233,1.4296,3568528.9,2026-03-23 23:29:59.999000+00:00,5094524.51432,9136,1606147.4,2292495.26128
2026-03-23 23:30:00+00:00,1.4296,1.4312,1.4272,1.4303,1616018.6,2026-03-23 23:44:59.999000+00:00,2309542.4765,5489,991665.4,1417194.65492
2026-03-23 23:45:00+00:00,1.4303,1.4336,1.428,1.4316,1948625.0,2026-03-23 23:59:59.999000+00:00,2788764.10131,7958,1015111.0,1452746.07646
2026-03-24 00:00:00+00:00,1.4316,1.4346,1.4268,1.4268,3991173.5,2026-03-24 00:14:59.999000+00:00,5711716.03379,13339,1976976.1,2829753.56371
2026-03-24 00:15:00+00:00,1.4267,1.4276,1.4221,1.4223,3657154.0,2026-03-24 00:29:59.999000+00:00,5212056.74318,11673,1636360.0,2332343.30338
2026-03-24 00:30:00+00:00,1.4224,1.423,1.4153,1.4191,8828946.6,2026-03-24 00:44:59.999000+00:00,12534478.72204,19885,3848487.2,5464677.6387
2026-03-24 00:45:00+00:00,1.4191,1.4234,1.4191,1.4193,2269966.1,2026-03-24 00:59:59.999000+00:00,3225828.60156,8604,1050710.1,1493160.48217
2026-03-24 01:00:00+00:00,1.4193,1.4227,1.4177,1.4188,2429946.3,2026-03-24 01:14:59.999000+00:00,3449324.49831,11880,1141396.4,1620268.54597
2026-03-24 01:15:00+00:00,1.4187,1.4222,1.4169,1.4211,3027757.6,2026-03-24 01:29:59.999000+00:00,4298880.30414,9862,1517512.7,2154852.87354
2026-03-24 01:30:00+00:00,1.421,1.4212,1.4085,1.4115,7149699.2,2026-03-24 01:44:59.999000+00:00,10111450.83073,15822,2229809.4,3156189.6797
2026-03-24 01:45:00+00:00,1.4116,1.414,1.409,1.4127,5173189.1,2026-03-24 01:59:59.999000+00:00,7304897.63017,13028,2452175.4,3462978.82773
2026-03-24 02:00:00+00:00,1.4127,1.4163,1.4101,1.4108,11017266.1,2026-03-24 02:14:59.999000+00:00,15558525.23137,19076,7120118.2,10056072.77705
2026-03-24 02:15:00+00:00,1.4107,1.4165,1.4103,1.4149,2216350.9,2026-03-24 02:29:59.999000+00:00,3133390.82463,9512,1307349.6,1848170.04539
2026-03-24 02:30:00+00:00,1.4148,1.416,1.4095,1.4128,3921199.1,2026-03-24 02:44:59.999000+00:00,5541089.19865,12324,1765687.0,2495269.27511
2026-03-24 02:45:00+00:00,1.4127,1.4138,1.4073,1.4084,3261751.8,2026-03-24 02:59:59.999000+00:00,4600460.37688,10047,1127687.1,1590589.14523
2026-03-24 03:00:00+00:00,1.4084,1.4108,1.4078,1.4095,2965199.8,2026-03-24 03:14:59.999000+00:00,4178642.64608,9588,1316889.9,1855704.38267
2026-03-24 03:15:00+00:00,1.4095,1.4124,1.4095,1.4108,1831853.0,2026-03-24 03:29:59.999000+00:00,2584172.00557,7970,922707.9,1301776.3731
2026-03-24 03:30:00+00:00,1.4109,1.4133,1.4093,1.4125,1474715.7,2026-03-24 03:44:59.999000+00:00,2081103.42625,7613,752112.7,1061414.5315
2026-03-24 03:45:00+00:00,1.4125,1.4153,1.4119,1.4137,1980252.4,2026-03-24 03:59:59.999000+00:00,2799337.12819,7484,1046772.2,1479796.07526
2026-03-24 04:00:00+00:00,1.4138,1.4162,1.4122,1.4129,2996165.5,2026-03-24 04:14:59.999000+00:00,4235188.33515,11714,1603527.1,2266787.02618
2026-03-24 04:15:00+00:00,1.4129,1.4132,1.4103,1.4104,1457972.3,2026-03-24 04:29:59.999000+00:00,2057575.8182,6469,600949.6,848084.38918
2026-03-24 04:30:00+00:00,1.4104,1.4104,1.4061,1.4078,3234375.2,2026-03-24 04:44:59.999000+00:00,4553276.19883,9690,1448177.8,2038736.44236
2026-03-24 04:45:00+00:00,1.4078,1.4094,1.406,1.4081,2393898.9,2026-03-24 04:59:59.999000+00:00,3369367.07233,8268,815221.1,1147646.39494
2026-03-24 05:00:00+00:00,1.408,1.4087,1.4042,1.408,4019333.9,2026-03-24 05:14:59.999000+00:00,5651598.17811,11498,2062865.8,2900744.42372
2026-03-24 05:15:00+00:00,1.4079,1.4141,1.4079,1.4111,4662456.6,2026-03-24 05:29:59.999000+00:00,6580873.33951,11018,2330588.4,3289237.22839
2026-03-24 05:30:00+00:00,1.4111,1.4139,1.4109,1.413,1801225.3,2026-03-24 05:44:59.999000+00:00,2544439.79968,6971,995233.4,1405827.43521
2026-03-24 05:45:00+00:00,1.413,1.4148,1.4121,1.4133,2517458.1,2026-03-24 05:59:59.999000+00:00,3558360.89744,6954,1058926.6,1496942.86774
2026-03-24 06:00:00+00:00,1.4132,1.4134,1.4097,1.4105,2371678.4,2026-03-24 06:14:59.999000+00:00,3346727.41947,7901,1146926.6,1618269.75027
2026-03-24 06:15:00+00:00,1.4106,1.4141,1.4095,1.4115,3387432.1,2026-03-24 06:29:59.999000+00:00,4780257.95408,8127,1724775.3,2433861.26628
2026-03-24 06:30:00+00:00,1.4115,1.4144,1.4115,1.4126,2078902.4,2026-03-24 06:44:59.999000+00:00,2937645.50692,6577,1243453.4,1757051.40091
2026-03-24 06:45:00+00:00,1.4126,1.4166,1.4097,1.4151,6580931.8,2026-03-24 06:59:59.999000+00:00,9298659.4846,10118,4112490.1,5809651.618
2026-03-24 07:00:00+00:00,1.4151,1.4251,1.4136,1.4227,9495143.2,2026-03-24 07:14:59.999000+00:00,13483169.37289,17966,5248126.7,7453298.29764
2026-03-24 07:15:00+00:00,1.4227,1.4245,1.4201,1.4217,4766176.0,2026-03-24 07:29:59.999000+00:00,6775838.94003,11534,1943064.6,2762478.72667
2026-03-24 07:30:00+00:00,1.4217,1.4238,1.4207,1.4225,2901941.0,2026-03-24 07:44:59.999000+00:00,4126929.55312,8928,1457789.2,2073247.66417
2026-03-24 07:45:00+00:00,1.4226,1.4318,1.422,1.4305,7001096.1,2026-03-24 07:59:59.999000+00:00,9990072.1254,12506,4412954.2,6297439.89676
2026-03-24 08:00:00+00:00,1.4305,1.4327,1.4254,1.4276,10265177.4,2026-03-24 08:14:59.999000+00:00,14667297.6735,18518,4444674.4,6349282.43781
2026-03-24 08:15:00+00:00,1.4276,1.4278,1.421,1.4211,5259130.8,2026-03-24 08:29:59.999000+00:00,7486215.74865,11292,2231672.2,3176505.12956
2026-03-24 08:30:00+00:00,1.421,1.4236,1.4189,1.4205,4889236.8,2026-03-24 08:44:59.999000+00:00,6947059.4572,9784,2632371.2,3740559.16085
2026-03-24 08:45:00+00:00,1.4205,1.4218,1.4141,1.4164,10755991.1,2026-03-24 08:59:59.999000+00:00,15241415.29069,15944,5694230.0,8067389.62951
2026-03-24 09:00:00+00:00,1.4164,1.4168,1.4131,1.4137,4689855.2,2026-03-24 09:14:59.999000+00:00,6637451.47037,10625,2145673.7,3037061.79792
2026-03-24 09:15:00+00:00,1.4136,1.4167,1.4124,1.4151,4220311.4,2026-03-24 09:29:59.999000+00:00,5971730.51912,8742,1825560.9,2583225.67054
2026-03-24 09:30:00+00:00,1.415,1.4201,1.4134,1.4199,5545289.4,2026-03-24 09:44:59.999000+00:00,7857753.10362,8953,2568408.7,3638864.61646
2026-03-24 09:45:00+00:00,1.4199,1.4234,1.4193,1.4225,4283347.0,2026-03-24 09:59:59.999000+00:00,6088967.28796,9444,2014377.3,2863524.15714
2026-03-24 10:00:00+00:00,1.4225,1.4229,1.4181,1.4194,4626357.1,2026-03-24 10:14:59.999000+00:00,6569128.69012,9558,1748058.5,2482083.92507
2026-03-24 10:15:00+00:00,1.4194,1.4201,1.4175,1.4175,2519704.2,2026-03-24 10:29:59.999000+00:00,3575024.17279,6818,1143104.9,1621866.94367
2026-03-24 10:30:00+00:00,1.4175,1.4192,1.4158,1.4182,2512269.7,2026-03-24 10:44:59.999000+00:00,3560607.81985,7462,1350743.3,1914455.80586
2026-03-24 10:45:00+00:00,1.4182,1.4212,1.4165,1.4207,2390436.6,2026-03-24 10:59:59.999000+00:00,3391567.95033,6713,1440132.9,2043472.84985
2026-03-24 11:00:00+00:00,1.4207,1.421,1.4138,1.4179,5888668.8,2026-03-24 11:14:59.999000+00:00,8346408.18559,12670,2798928.4,3967426.92575
2026-03-24 11:15:00+00:00,1.4179,1.4196,1.4148,1.4183,2579279.7,2026-03-24 11:29:59.999000+00:00,3654475.63355,7834,1137263.4,1611426.74305
2026-03-24 11:30:00+00:00,1.4183,1.4256,1.4177,1.4212,7706212.1,2026-03-24 11:44:59.999000+00:00,10962656.08481,12161,4885278.3,6949750.59002
2026-03-24 11:45:00+00:00,1.4212,1.4229,1.418,1.4224,3986937.6,2026-03-24 11:59:59.999000+00:00,5665173.29669,9105,2024332.9,2876626.2184
2026-03-24 12:00:00+00:00,1.4224,1.4228,1.4181,1.4194,3307532.5,2026-03-24 12:14:59.999000+00:00,4695462.69261,8339,1595326.9,2264796.11627
2026-03-24 12:15:00+00:00,1.4194,1.4204,1.4187,1.4193,1768105.2,2026-03-24 12:29:59.999000+00:00,2509430.78319,5798,1043011.2,1480315.50926
2026-03-24 12:30:00+00:00,1.4193,1.4194,1.4133,1.4159,4851608.2,2026-03-24 12:44:59.999000+00:00,6868084.02858,9759,2081656.2,2946969.59147
2026-03-24 12:45:00+00:00,1.416,1.418,1.4149,1.4155,1827176.1,2026-03-24 12:59:59.999000+00:00,2587658.15722,6191,754714.9,1068905.25862
2026-03-24 13:00:00+00:00,1.4156,1.4171,1.4098,1.413,6635574.0,2026-03-24 13:14:59.999000+00:00,9375425.27294,13798,3001132.6,4241465.75279
2026-03-24 13:15:00+00:00,1.413,1.4137,1.4086,1.4133,4815390.3,2026-03-24 13:29:59.999000+00:00,6795737.46136,11267,2237542.7,3158009.70964
2026-03-24 13:30:00+00:00,1.4132,1.4161,1.4026,1.4034,15194414.2,2026-03-24 13:44:59.999000+00:00,21399736.59732,27026,5830226.7,8212079.49332
2026-03-24 13:45:00+00:00,1.4033,1.4066,1.3994,1.4018,12720107.3,2026-03-24 13:59:59.999000+00:00,17845085.14144,26495,6026272.5,8455271.08451
2026-03-24 14:00:00+00:00,1.4018,1.4071,1.3966,1.3992,11994392.3,2026-03-24 14:14:59.999000+00:00,16814287.71997,24884,5655679.6,7929537.95397
2026-03-24 14:15:00+00:00,1.3993,1.4043,1.3964,1.4018,7200241.2,2026-03-24 14:29:59.999000+00:00,10077845.05983,19275,3874349.0,5423193.18987
2026-03-24 14:30:00+00:00,1.4019,1.4034,1.3968,1.3992,4391639.5,2026-03-24 14:44:59.999000+00:00,6149353.88182,15207,2410953.5,3376404.01214
2026-03-24 14:45:00+00:00,1.3993,1.4081,1.3945,1.4013,20000046.3,2026-03-24 14:59:59.999000+00:00,28038759.38247,34442,9404825.4,13187238.40614
2026-03-24 15:00:00+00:00,1.4013,1.4046,1.3996,1.4023,6897192.0,2026-03-24 15:14:59.999000+00:00,9669143.32868,19912,3290050.8,4612948.9234
2026-03-24 15:15:00+00:00,1.4023,1.4078,1.401,1.4036,5857522.6,2026-03-24 15:29:59.999000+00:00,8227721.94566,24658,3235740.4,4545039.63145
2026-03-24 15:30:00+00:00,1.4037,1.4075,1.4001,1.4037,4071218.9,2026-03-24 15:44:59.999000+00:00,5714158.78521,14522,1947465.1,2733152.03557
2026-03-24 15:45:00+00:00,1.4037,1.4054,1.3996,1.4,3057169.4,2026-03-24 15:59:59.999000+00:00,4288236.97397,9607,1340778.1,1880672.68161
2026-03-24 16:00:00+00:00,1.4001,1.4016,1.3985,1.4015,3027578.5,2026-03-24 16:14:59.999000+00:00,4239112.30658,11132,1435816.9,2010483.14553
2026-03-24 16:15:00+00:00,1.4016,1.4032,1.3962,1.3974,4432602.9,2026-03-24 16:29:59.999000+00:00,6200721.61025,11376,1510360.7,2113038.22404
2026-03-24 16:30:00+00:00,1.3974,1.398,1.3881,1.3928,16207178.7,2026-03-24 16:44:59.999000+00:00,22569776.45444,22596,6764572.4,9421049.29837
2026-03-24 16:45:00+00:00,1.3929,1.3937,1.3894,1.39,5302355.3,2026-03-24 16:59:59.999000+00:00,7375689.46463,11176,2495904.4,3471809.48328
2026-03-24 17:00:00+00:00,1.39,1.3911,1.3862,1.3909,6743954.3,2026-03-24 17:14:59.999000+00:00,9366533.08272,18083,3189533.2,4430136.1973
2026-03-24 17:15:00+00:00,1.3909,1.393,1.3881,1.389,3167198.3,2026-03-24 17:29:59.999000+00:00,4404444.81497,9914,1433148.4,1992752.74931
2026-03-24 17:30:00+00:00,1.389,1.3902,1.3826,1.3841,6142055.9,2026-03-24 17:44:59.999000+00:00,8518769.52152,13896,2630655.7,3649196.11784
2026-03-24 17:45:00+00:00,1.384,1.3891,1.3838,1.3873,4729033.7,2026-03-24 17:59:59.999000+00:00,6555942.60399,14019,2338900.2,3242254.90975
2026-03-24 18:00:00+00:00,1.3873,1.3899,1.3863,1.3889,2538075.2,2026-03-24 18:14:59.999000+00:00,3523580.08858,10776,1107804.2,1538094.97916
2026-03-24 18:15:00+00:00,1.3889,1.3896,1.3867,1.3882,3559830.3,2026-03-24 18:29:59.999000+00:00,4941778.94927,8271,1793077.7,2489234.45776
2026-03-24 18:30:00+00:00,1.3882,1.3943,1.3878,1.3896,7860144.3,2026-03-24 18:44:59.999000+00:00,10937550.73123,12551,3551765.2,4940613.39322
2026-03-24 18:45:00+00:00,1.3896,1.3899,1.3869,1.388,2143049.9,2026-03-24 18:59:59.999000+00:00,2975826.7736,6213,965671.1,1340949.56833
2026-03-24 19:00:00+00:00,1.3879,1.392,1.3879,1.3915,2352835.1,2026-03-24 19:14:59.999000+00:00,3270721.81328,8048,1249993.6,1737406.77159
2026-03-24 19:15:00+00:00,1.3914,1.3931,1.3909,1.3912,2281154.3,2026-03-24 19:29:59.999000+00:00,3175667.98062,6192,1159302.6,1614040.38958
2026-03-24 19:30:00+00:00,1.3911,1.3918,1.3896,1.3899,2095849.3,2026-03-24 19:44:59.999000+00:00,2914119.7501,6328,923011.6,1283379.923
2026-03-24 19:45:00+00:00,1.3898,1.39,1.3866,1.3872,4146855.3,2026-03-24 19:59:59.999000+00:00,5755424.90364,8980,1915587.4,2658759.31262
2026-03-24 20:00:00+00:00,1.3871,1.388,1.3854,1.3875,3128350.2,2026-03-24 20:14:59.999000+00:00,4337341.41819,8364,1491404.9,2067811.65738
2026-03-24 20:15:00+00:00,1.3875,1.4077,1.3872,1.4019,14421299.3,2026-03-24 20:29:59.999000+00:00,20184340.96334,27087,8467852.9,11848141.02928
2026-03-24 20:30:00+00:00,1.402,1.4076,1.4013,1.4059,11858810.5,2026-03-24 20:44:59.999000+00:00,16658953.36645,19134,7759425.4,10899104.53372
2026-03-24 20:45:00+00:00,1.406,1.4121,1.4034,1.4089,8779850.2,2026-03-24 20:59:59.999000+00:00,12366240.52767,15397,4237815.7,5969515.61104
2026-03-24 21:00:00+00:00,1.4089,1.4109,1.4047,1.4062,5025925.6,2026-03-24 21:14:59.999000+00:00,7072516.61995,10486,2191117.0,3083898.27844
2026-03-24 21:15:00+00:00,1.4063,1.4088,1.4044,1.4087,2551756.3,2026-03-24 21:29:59.999000+00:00,3588810.43791,7540,1422557.2,2000843.9696
2026-03-24 21:30:00+00:00,1.4086,1.4138,1.4075,1.4118,4605479.2,2026-03-24 21:44:59.999000+00:00,6496639.92065,10933,2550803.5,3598433.22057
2026-03-24 21:45:00+00:00,1.4118,1.4135,1.4095,1.4122,2055479.7,2026-03-24 21:59:59.999000+00:00,2900937.10303,9071,988436.9,1395011.61487
2026-03-24 22:00:00+00:00,1.4122,1.4137,1.4088,1.4131,4257707.0,2026-03-24 22:14:59.999000+00:00,6010480.32792,13341,2583428.3,3646905.76102
2026-03-24 22:15:00+00:00,1.413,1.4134,1.4094,1.4097,2718993.6,2026-03-24 22:29:59.999000+00:00,3838642.29918,8343,1241850.8,1753341.7086
2026-03-24 22:30:00+00:00,1.4097,1.4109,1.407,1.4092,3026511.9,2026-03-24 22:44:59.999000+00:00,4264037.42768,8246,1288010.1,1814689.46092
2026-03-24 22:45:00+00:00,1.4091,1.4116,1.409,1.4104,2064070.4,2026-03-24 22:59:59.999000+00:00,2911194.95412,7000,1082259.8,1526481.77843
2026-03-24 23:00:00+00:00,1.4104,1.4125,1.4085,1.4109,2361051.8,2026-03-24 23:14:59.999000+00:00,3330701.84996,8465,1258728.5,1775728.13742
2026-03-24 23:15:00+00:00,1.4108,1.4173,1.4108,1.4156,8392436.5,2026-03-24 23:29:59.999000+00:00,11868496.8701,13213,5002335.9,7076450.10513
2026-03-24 23:30:00+00:00,1.4157,1.4174,1.414,1.414,2467884.9,2026-03-24 23:44:59.999000+00:00,3493819.90232,7623,1145297.4,1621568.14217
2026-03-24 23:45:00+00:00,1.414,1.4158,1.4139,1.4151,1530685.6,2026-03-24 23:59:59.999000+00:00,2165664.40968,5353,809388.8,1145111.78951
2026-03-25 00:00:00+00:00,1.4151,1.4204,1.4135,1.4199,5330151.2,2026-03-25 00:14:59.999000+00:00,7553252.29765,12539,3185167.4,4514567.22866
2026-03-25 00:15:00+00:00,1.4199,1.42,1.4155,1.4161,2581649.9,2026-03-25 00:29:59.999000+00:00,3658588.99644,7745,716352.7,1015118.10393
2026-03-25 00:30:00+00:00,1.416,1.4243,1.4113,1.4219,7265622.7,2026-03-25 00:44:59.999000+00:00,10315993.32617,14767,4695751.2,6670448.53072
2026-03-25 00:45:00+00:00,1.422,1.4236,1.4193,1.4194,2312452.6,2026-03-25 00:59:59.999000+00:00,3285786.23889,7957,953966.7,1355563.05905
2026-03-25 01:00:00+00:00,1.4195,1.4218,1.4172,1.4178,3498429.4,2026-03-25 01:14:59.999000+00:00,4965285.84923,10461,1745255.8,2477663.49682
2026-03-25 01:15:00+00:00,1.4179,1.4186,1.4149,1.4185,2712148.0,2026-03-25 01:29:59.999000+00:00,3843190.60624,8532,1437197.4,2036522.43431
2026-03-25 01:30:00+00:00,1.4184,1.4215,1.4168,1.4197,3936166.9,2026-03-25 01:44:59.999000+00:00,5583544.04381,9771,1985460.4,2816589.33477
2026-03-25 01:45:00+00:00,1.4198,1.4199,1.4159,1.4162,1969893.2,2026-03-25 01:59:59.999000+00:00,2793893.36958,6448,1025206.6,1454227.69145
2026-03-25 02:00:00+00:00,1.4163,1.4167,1.4136,1.4148,3481208.0,2026-03-25 02:14:59.999000+00:00,4926751.01762,9896,1409080.9,1994230.64067
2026-03-25 02:15:00+00:00,1.4148,1.4156,1.4125,1.4125,4282056.3,2026-03-25 02:29:59.999000+00:00,6053798.76251,8657,2403970.8,3398691.05037
2026-03-25 02:30:00+00:00,1.4126,1.4142,1.4111,1.4137,10539476.5,2026-03-25 02:44:59.999000+00:00,14890427.16472,13172,6692331.3,9455370.5424
2026-03-25 02:45:00+00:00,1.4137,1.4153,1.4097,1.4101,3971544.3,2026-03-25 02:59:59.999000+00:00,5608032.33615,6992,1773188.4,2503978.80952
2026-03-25 03:00:00+00:00,1.4101,1.4101,1.4065,1.4081,3178808.8,2026-03-25 03:14:59.999000+00:00,4476623.42471,8044,1263157.6,1778969.30039
2026-03-25 03:15:00+00:00,1.408,1.4103,1.4064,1.41,2572081.7,2026-03-25 03:29:59.999000+00:00,3621656.09222,6107,1606910.4,2262832.35632
2026-03-25 03:30:00+00:00,1.4101,1.4136,1.4101,1.4123,2335560.3,2026-03-25 03:44:59.999000+00:00,3297395.84019,7126,1466053.7,2069795.44623
2026-03-25 03:45:00+00:00,1.4122,1.4143,1.4122,1.4128,2109680.8,2026-03-25 03:59:59.999000+00:00,2981746.09405,5463,1292096.8,1826229.32093
2026-03-25 04:00:00+00:00,1.4128,1.416,1.4123,1.4151,2187596.8,2026-03-25 04:14:59.999000+00:00,3093639.14554,7377,1006039.3,1422916.52984
2026-03-25 04:15:00+00:00,1.415,1.4152,1.4122,1.4131,1632151.1,2026-03-25 04:29:59.999000+00:00,2307273.54478,5592,652736.6,922743.04956
2026-03-25 04:30:00+00:00,1.4131,1.4133,1.4104,1.4114,1527601.2,2026-03-25 04:44:59.999000+00:00,2156132.80304,4686,905848.8,1278505.78264
2026-03-25 04:45:00+00:00,1.4114,1.417,1.4111,1.4155,1552754.7,2026-03-25 04:59:59.999000+00:00,2195684.89361,4584,718239.1,1015456.58781
2026-03-25 05:00:00+00:00,1.4156,1.423,1.4144,1.4211,7375150.9,2026-03-25 05:14:59.999000+00:00,10474648.06019,15821,4435907.5,6299868.70368
2026-03-25 05:15:00+00:00,1.4211,1.4213,1.4186,1.4207,2292068.2,2026-03-25 05:29:59.999000+00:00,3254433.71359,6855,976612.5,1386686.72191
2026-03-25 05:30:00+00:00,1.4206,1.4216,1.4178,1.4191,3463843.7,2026-03-25 05:44:59.999000+00:00,4916706.86891,6503,1522130.5,2160330.2618
2026-03-25 05:45:00+00:00,1.4191,1.4193,1.4164,1.417,3050092.0,2026-03-25 05:59:59.999000+00:00,4323810.99647,5071,1531415.9,2170896.45429
2026-03-25 06:00:00+00:00,1.4169,1.4186,1.4155,1.4163,6260097.2,2026-03-25 06:14:59.999000+00:00,8870183.57828,7090,4414210.4,6254837.30049
2026-03-25 06:15:00+00:00,1.4162,1.4224,1.4162,1.4218,3081736.1,2026-03-25 06:29:59.999000+00:00,4375375.36394,7907,1642184.8,2330941.92683
2026-03-25 06:30:00+00:00,1.4217,1.4221,1.4201,1.4203,2031500.0,2026-03-25 06:44:59.999000+00:00,2886703.24882,6464,904172.4,1284751.35559
2026-03-25 06:45:00+00:00,1.4204,1.4212,1.4168,1.4174,3420650.7,2026-03-25 06:59:59.999000+00:00,4855981.66547,7277,1467011.0,2082858.61697
2026-03-25 07:00:00+00:00,1.4173,1.4221,1.4163,1.4216,2335501.6,2026-03-25 07:14:59.999000+00:00,3314303.7915,6560,1223922.0,1737122.66614
2026-03-25 07:15:00+00:00,1.4215,1.4216,1.4184,1.419,2625968.7,2026-03-25 07:29:59.999000+00:00,3728212.20081,6292,945282.2,1342079.71818
2026-03-25 07:30:00+00:00,1.419,1.4258,1.4187,1.4232,7511859.7,2026-03-25 07:44:59.999000+00:00,10693402.70968,12938,3498895.8,4979794.68495
2026-03-25 07:45:00+00:00,1.4232,1.4236,1.418,1.4193,3710234.6,2026-03-25 07:59:59.999000+00:00,5269565.36717,8023,1448002.1,2055967.91197
2026-03-25 08:00:00+00:00,1.4193,1.425,1.4174,1.4177,7411719.3,2026-03-25 08:14:59.999000+00:00,10534702.4581,13458,3335575.1,4739485.26024
2026-03-25 08:15:00+00:00,1.4177,1.4217,1.4171,1.4188,4520550.3,2026-03-25 08:29:59.999000+00:00,6417119.5352,8830,2475373.7,3514121.39219
2026-03-25 08:30:00+00:00,1.4187,1.4246,1.4173,1.4231,11374417.1,2026-03-25 08:44:59.999000+00:00,16163076.13523,16541,6444128.9,9156916.54298
2026-03-25 08:45:00+00:00,1.423,1.4234,1.4178,1.4188,4772349.9,2026-03-25 08:59:59.999000+00:00,6781559.86753,8506,2399051.2,3410065.96615
2026-03-25 09:00:00+00:00,1.4187,1.4201,1.4176,1.4178,3421444.4,2026-03-25 09:14:59.999000+00:00,4854118.46888,8832,1601292.4,2271734.82921
2026-03-25 09:15:00+00:00,1.4179,1.4208,1.4166,1.417,3307593.7,2026-03-25 09:29:59.999000+00:00,4690020.61981,7005,1237869.2,1755568.58366
2026-03-25 09:30:00+00:00,1.417,1.4176,1.412,1.4161,9263122.6,2026-03-25 09:44:59.999000+00:00,13104170.92349,12181,4846739.2,6855671.11685
2026-03-25 09:45:00+00:00,1.416,1.4185,1.4123,1.4172,3736144.0,2026-03-25 09:59:59.999000+00:00,5288453.59741,7372,1547344.5,2190138.83304
2026-03-25 10:00:00+00:00,1.4172,1.4203,1.416,1.4199,4310771.1,2026-03-25 10:14:59.999000+00:00,6114076.02379,9101,1951647.7,2768317.73488
2026-03-25 10:15:00+00:00,1.4198,1.4204,1.4182,1.4199,2255611.1,2026-03-25 10:29:59.999000+00:00,3201407.01205,5596,1264505.1,1794772.06632
2026-03-25 10:30:00+00:00,1.4199,1.4223,1.4189,1.4207,3121704.9,2026-03-25 10:44:59.999000+00:00,4434222.17724,6194,1233818.3,1752860.95164
2026-03-25 10:45:00+00:00,1.4206,1.4233,1.4203,1.4223,3685666.2,2026-03-25 10:59:59.999000+00:00,5241967.49545,7352,1773923.0,2522969.29833
2026-03-25 11:00:00+00:00,1.4222,1.4305,1.4218,1.4304,8415601.1,2026-03-25 11:14:59.999000+00:00,11999944.10911,15237,4736091.1,6754287.04851
2026-03-25 11:15:00+00:00,1.4304,1.4372,1.4288,1.4327,23532860.5,2026-03-25 11:29:59.999000+00:00,33713997.84707,25170,12171812.3,17430749.71656
2026-03-25 11:30:00+00:00,1.4326,1.4365,1.4302,1.4309,9821555.8,2026-03-25 11:44:59.999000+00:00,14081881.04109,14826,4843534.0,6945447.65505
2026-03-25 11:45:00+00:00,1.4309,1.4315,1.4238,1.428,8720578.0,2026-03-25 11:59:59.999000+00:00,12446112.91762,14101,3545167.6,5058919.91091
2026-03-25 12:00:00+00:00,1.428,1.4315,1.4257,1.4263,8373844.9,2026-03-25 12:14:59.999000+00:00,11966642.69174,13256,4161061.4,5945822.70736
2026-03-25 12:15:00+00:00,1.4263,1.4265,1.4128,1.4174,17180190.3,2026-03-25 12:29:59.999000+00:00,24372431.58718,24565,9162192.6,12994354.17543
2026-03-25 12:30:00+00:00,1.4175,1.4197,1.4151,1.4164,10529145.4,2026-03-25 12:44:59.999000+00:00,14923592.52911,14583,6757091.3,9576638.93773
2026-03-25 12:45:00+00:00,1.4164,1.4263,1.4153,1.4215,6230799.8,2026-03-25 12:59:59.999000+00:00,8849603.66512,12381,3367465.7,4784253.62747
2026-03-25 13:00:00+00:00,1.4216,1.4248,1.4188,1.4243,4543195.7,2026-03-25 13:14:59.999000+00:00,6463116.86352,10930,2252419.3,3203947.07329
2026-03-25 13:15:00+00:00,1.4244,1.4252,1.4217,1.4218,1882667.7,2026-03-25 13:29:59.999000+00:00,2679042.06178,6062,823425.9,1171725.68784
2026-03-25 13:30:00+00:00,1.4217,1.4289,1.4211,1.4216,5842366.3,2026-03-25 13:44:59.999000+00:00,8328158.51443,17884,2673254.9,3811046.33767
2026-03-25 13:45:00+00:00,1.4216,1.424,1.4176,1.4199,5737160.9,2026-03-25 13:59:59.999000+00:00,8151196.54471,13876,2674035.6,3799038.18727
2026-03-25 14:00:00+00:00,1.4199,1.4218,1.4152,1.4177,6822515.4,2026-03-25 14:14:59.999000+00:00,9675513.35355,16929,2119718.0,3005608.51272
2026-03-25 14:15:00+00:00,1.4177,1.4211,1.4163,1.4179,4047418.2,2026-03-25 14:29:59.999000+00:00,5741433.29148,11961,1673365.3,2373828.69648
2026-03-25 14:30:00+00:00,1.418,1.4202,1.4162,1.4171,3594047.1,2026-03-25 14:44:59.999000+00:00,5097573.50027,9069,2254249.7,3197761.28459
2026-03-25 14:45:00+00:00,1.4171,1.4185,1.4141,1.4146,3580178.3,2026-03-25 14:59:59.999000+00:00,5071257.68634,9752,1773257.0,2512157.45489
2026-03-25 15:00:00+00:00,1.4146,1.4163,1.4065,1.4078,12009968.7,2026-03-25 15:14:59.999000+00:00,16946936.55773,21549,4811929.1,6792274.69454
2026-03-25 15:15:00+00:00,1.4077,1.4096,1.401,1.4089,13778837.5,2026-03-25 15:29:59.999000+00:00,19366355.45934,23571,5971670.0,8394409.17798
2026-03-25 15:30:00+00:00,1.4089,1.4102,1.4035,1.4047,4866790.8,2026-03-25 15:44:59.999000+00:00,6844780.73943,12151,2418079.2,3400581.54022
2026-03-25 15:45:00+00:00,1.4047,1.4088,1.4029,1.4066,7984955.5,2026-03-25 15:59:59.999000+00:00,11219777.03388,14927,4447010.2,6249222.89885
2026-03-25 16:00:00+00:00,1.4066,1.4109,1.404,1.4081,8511332.4,2026-03-25 16:14:59.999000+00:00,11978628.54469,15750,4903781.7,6902248.33776
2026-03-25 16:15:00+00:00,1.408,1.4208,1.4066,1.4171,11176153.5,2026-03-25 16:29:59.999000+00:00,15806102.16241,21262,5105475.8,7221289.84629
2026-03-25 16:30:00+00:00,1.4171,1.4194,1.4146,1.4179,4925992.1,2026-03-25 16:44:59.999000+00:00,6979657.92451,11713,2424690.6,3435709.74454
2026-03-25 16:45:00+00:00,1.4179,1.418,1.4142,1.4148,3215942.0,2026-03-25 16:59:59.999000+00:00,4553462.20766,8728,1450719.0,2054149.97313
2026-03-25 17:00:00+00:00,1.4147,1.4167,1.4128,1.4145,2766488.7,2026-03-25 17:14:59.999000+00:00,3912988.94317,9490,1350164.3,1909730.47309
2026-03-25 17:15:00+00:00,1.4144,1.4163,1.4119,1.4135,2338054.2,2026-03-25 17:29:59.999000+00:00,3306626.34286,8407,983209.1,1390584.25004
2026-03-25 17:30:00+00:00,1.4135,1.4149,1.4115,1.4131,2707517.3,2026-03-25 17:44:59.999000+00:00,3825968.37591,8101,1209823.5,1709641.17792
2026-03-25 17:45:00+00:00,1.4131,1.4139,1.4092,1.4106,3144247.1,2026-03-25 17:59:59.999000+00:00,4437029.37137,9384,1160491.0,1637631.8008
2026-03-25 18:00:00+00:00,1.4106,1.4136,1.41,1.4136,2805405.6,2026-03-25 18:14:59.999000+00:00,3960450.54462,8944,1438358.6,2030587.24798
2026-03-25 18:15:00+00:00,1.4136,1.4178,1.4135,1.4165,2362750.6,2026-03-25 18:29:59.999000+00:00,3345760.21143,7813,1256426.9,1779214.57831
2026-03-25 18:30:00+00:00,1.4166,1.4175,1.4126,1.4139,1964418.9,2026-03-25 18:44:59.999000+00:00,2779929.19837,6373,803976.7,1137717.46101
2026-03-25 18:45:00+00:00,1.4139,1.4146,1.4088,1.412,2571425.9,2026-03-25 18:59:59.999000+00:00,3630109.94342,7044,1151307.0,1625226.61502
2026-03-25 19:00:00+00:00,1.4119,1.4147,1.4102,1.4126,2235805.6,2026-03-25 19:14:59.999000+00:00,3157382.38966,9691,978384.3,1381593.26925
2026-03-25 19:15:00+00:00,1.4125,1.4149,1.4115,1.4136,1942927.1,2026-03-25 19:29:59.999000+00:00,2745598.25445,5641,1244544.6,1758786.5496
2026-03-25 19:30:00+00:00,1.4136,1.4143,1.4108,1.411,1656072.3,2026-03-25 19:44:59.999000+00:00,2338768.39383,5187,595285.9,840749.07361
2026-03-25 19:45:00+00:00,1.411,1.4125,1.4078,1.4113,4737644.9,2026-03-25 19:59:59.999000+00:00,6681663.17516,8120,2358451.5,3326301.68259
2026-03-25 20:00:00+00:00,1.4112,1.4138,1.4103,1.4124,4120260.0,2026-03-25 20:14:59.999000+00:00,5819379.16393,8699,2030484.5,2867561.33183
2026-03-25 20:15:00+00:00,1.4123,1.414,1.4097,1.4106,2275601.4,2026-03-25 20:29:59.999000+00:00,3213508.07173,5820,1107251.2,1564105.75303
2026-03-25 20:30:00+00:00,1.4105,1.4129,1.409,1.4127,1764252.0,2026-03-25 20:44:59.999000+00:00,2488633.41189,5050,1069331.7,1508376.34338
2026-03-25 20:45:00+00:00,1.4127,1.4147,1.412,1.4137,1347069.9,2026-03-25 20:59:59.999000+00:00,1904264.3641,4340,799378.2,1130043.4236
2026-03-25 21:00:00+00:00,1.4138,1.4168,1.4115,1.4163,2738645.1,2026-03-25 21:14:59.999000+00:00,3871863.74895,6711,1468364.8,2075931.46178
2026-03-25 21:15:00+00:00,1.4162,1.4165,1.4114,1.4121,1660075.4,2026-03-25 21:29:59.999000+00:00,2346362.93707,4675,605427.4,855785.65864
2026-03-25 21:30:00+00:00,1.412,1.4149,1.4112,1.4138,1332554.2,2026-03-25 21:44:59.999000+00:00,1882591.9549,3864,638853.9,902637.13144
2026-03-25 21:45:00+00:00,1.4138,1.4143,1.4121,1.413,1086689.9,2026-03-25 21:59:59.999000+00:00,1535441.57156,3694,501752.0,708892.60603
2026-03-25 22:00:00+00:00,1.413,1.4155,1.4116,1.4124,2295182.8,2026-03-25 22:14:59.999000+00:00,3243777.50075,8858,1193311.6,1686592.83695
2026-03-25 22:15:00+00:00,1.4124,1.4132,1.4117,1.4125,1227427.3,2026-03-25 22:29:59.999000+00:00,1733696.17899,4967,675713.0,954446.69497
2026-03-25 22:30:00+00:00,1.4125,1.4218,1.4125,1.4186,5879239.7,2026-03-25 22:44:59.999000+00:00,8336967.06353,13372,3423780.8,4854797.75015
2026-03-25 22:45:00+00:00,1.4186,1.4197,1.4169,1.4172,1277528.7,2026-03-25 22:59:59.999000+00:00,1811680.29264,4643,567569.7,804955.53073
2026-03-25 23:00:00+00:00,1.4173,1.4192,1.4157,1.4157,3322393.9,2026-03-25 23:14:59.999000+00:00,4710154.82978,10859,1627314.3,2307400.69209
2026-03-25 23:15:00+00:00,1.4158,1.4174,1.4146,1.416,1392419.3,2026-03-25 23:29:59.999000+00:00,1971355.97251,4324,836201.5,1183918.79263
2026-03-25 23:30:00+00:00,1.416,1.4164,1.4124,1.4125,1647725.8,2026-03-25 23:44:59.999000+00:00,2330804.76802,5292,642620.7,909088.37334
2026-03-25 23:45:00+00:00,1.4125,1.4146,1.4117,1.4138,2095811.4,2026-03-25 23:59:59.999000+00:00,2961326.3205,4723,1071345.7,1513772.598
2026-03-26 00:00:00+00:00,1.4137,1.4145,1.411,1.412,2216275.4,2026-03-26 00:14:59.999000+00:00,3130544.45815,7019,1106679.7,1563096.94659
2026-03-26 00:15:00+00:00,1.4121,1.4151,1.4121,1.4125,1480255.7,2026-03-26 00:29:59.999000+00:00,2092078.96788,6004,833647.0,1178137.60173
2026-03-26 00:30:00+00:00,1.4125,1.4142,1.4121,1.4142,1330630.6,2026-03-26 00:44:59.999000+00:00,1880084.0422,5195,813739.9,1149734.10128
2026-03-26 00:45:00+00:00,1.4142,1.4159,1.4101,1.4127,2519251.8,2026-03-26 00:59:59.999000+00:00,3558320.2286,8124,1007329.6,1423091.75197
2026-03-26 01:00:00+00:00,1.4126,1.4143,1.411,1.4119,1266592.2,2026-03-26 01:14:59.999000+00:00,1788905.26332,6391,626863.8,885422.27888
2026-03-26 01:15:00+00:00,1.4119,1.4136,1.4094,1.4135,4096185.5,2026-03-26 01:29:59.999000+00:00,5782669.32697,8114,2812542.2,3971031.29605
2026-03-26 01:30:00+00:00,1.4135,1.4146,1.4102,1.4108,6493928.7,2026-03-26 01:44:59.999000+00:00,9178440.8245,10607,4576307.4,6468741.51539
2026-03-26 01:45:00+00:00,1.4108,1.4118,1.4095,1.4102,1451999.8,2026-03-26 01:59:59.999000+00:00,2047954.95266,4853,746320.2,1052684.50789
2026-03-26 02:00:00+00:00,1.4102,1.4112,1.4067,1.4074,3920052.0,2026-03-26 02:14:59.999000+00:00,5520286.77285,9288,1779618.3,2506323.8305
2026-03-26 02:15:00+00:00,1.4074,1.4074,1.4043,1.4048,3611974.5,2026-03-26 02:29:59.999000+00:00,5076287.90786,8775,1618914.3,2275311.61822
2026-03-26 02:30:00+00:00,1.4048,1.4049,1.3983,1.4014,8560386.1,2026-03-26 02:44:59.999000+00:00,11992956.47582,13925,2610125.1,3657117.0907
2026-03-26 02:45:00+00:00,1.4013,1.4033,1.4009,1.4029,1838285.5,2026-03-26 02:59:59.999000+00:00,2577176.11622,5107,979545.1,1373301.59687
2026-03-26 03:00:00+00:00,1.4029,1.4029,1.3988,1.4024,4714050.2,2026-03-26 03:14:59.999000+00:00,6604412.25992,9475,2272493.6,3184133.04483
2026-03-26 03:15:00+00:00,1.4024,1.4025,1.3954,1.3965,5016519.9,2026-03-26 03:29:59.999000+00:00,7011937.53529,8697,2392028.1,3343332.4255
2026-03-26 03:30:00+00:00,1.3966,1.4001,1.3965,1.3989,2591097.9,2026-03-26 03:44:59.999000+00:00,3623806.84946,6361,1597430.7,2234186.24813
2026-03-26 03:45:00+00:00,1.3988,1.4017,1.3984,1.401,3123340.4,2026-03-26 03:59:59.999000+00:00,4372804.21888,5229,2039515.0,2855341.78542
2026-03-26 04:00:00+00:00,1.401,1.401,1.397,1.3972,2341957.9,2026-03-26 04:14:59.999000+00:00,3276198.64482,6337,1068139.8,1494261.53991
2026-03-26 04:15:00+00:00,1.3971,1.4011,1.3968,1.4011,1859700.5,2026-03-26 04:29:59.999000+00:00,2601535.74798,4740,1179145.8,1649602.28445
2026-03-26 04:30:00+00:00,1.4011,1.4028,1.4,1.4025,2694563.8,2026-03-26 04:44:59.999000+00:00,3776025.85605,4879,1648114.0,2309516.05246
2026-03-26 04:45:00+00:00,1.4024,1.4047,1.4013,1.4017,2931937.6,2026-03-26 04:59:59.999000+00:00,4113813.72913,5539,1201376.6,1685627.70004
2026-03-26 05:00:00+00:00,1.4016,1.4023,1.3945,1.3956,6272122.2,2026-03-26 05:14:59.999000+00:00,8763496.13427,11449,2181806.1,3048842.72027
2026-03-26 05:15:00+00:00,1.3955,1.3971,1.3925,1.3953,4088230.2,2026-03-26 05:29:59.999000+00:00,5701443.87208,8462,1576109.2,2198641.98081
2026-03-26 05:30:00+00:00,1.3953,1.397,1.3907,1.3913,3703263.3,2026-03-26 05:44:59.999000+00:00,5161456.56358,8471,1345647.7,1876501.634
2026-03-26 05:45:00+00:00,1.3912,1.3921,1.387,1.388,7900885.9,2026-03-26 05:59:59.999000+00:00,10979247.78884,14228,3328029.6,4625074.75009
2026-03-26 06:00:00+00:00,1.388,1.3904,1.3856,1.3904,8957216.4,2026-03-26 06:14:59.999000+00:00,12431944.94022,15118,3648568.0,5065286.7218
2026-03-26 06:15:00+00:00,1.3904,1.3922,1.3856,1.3876,8189811.8,2026-03-26 06:29:59.999000+00:00,11379558.34729,12141,4057773.7,5637531.93396
2026-03-26 06:30:00+00:00,1.3876,1.3886,1.3856,1.386,3097266.1,2026-03-26 06:44:59.999000+00:00,4295078.419,7985,1573703.1,2182468.27842
2026-03-26 06:45:00+00:00,1.3859,1.3869,1.3845,1.3849,4432632.4,2026-03-26 06:59:59.999000+00:00,6141656.90277,7833,1774846.4,2459359.49604
2026-03-26 07:00:00+00:00,1.3849,1.3868,1.3812,1.3825,6522692.2,2026-03-26 07:14:59.999000+00:00,9024065.01835,13299,2232663.5,3088730.85753
2026-03-26 07:15:00+00:00,1.3826,1.3859,1.3786,1.3823,12888301.8,2026-03-26 07:29:59.999000+00:00,17808942.42628,16709,5774873.5,7980517.61253
2026-03-26 07:30:00+00:00,1.3824,1.3852,1.3806,1.3831,4256753.7,2026-03-26 07:44:59.999000+00:00,5884833.91655,8898,1942671.8,2685419.6254
2026-03-26 07:45:00+00:00,1.3832,1.3861,1.3831,1.3849,1986551.3,2026-03-26 07:59:59.999000+00:00,2751221.61653,5689,873178.1,1209380.99994
2026-03-26 08:00:00+00:00,1.3849,1.3858,1.3809,1.3809,4142875.2,2026-03-26 08:14:59.999000+00:00,5732461.68728,9117,1657029.9,2293233.78465
2026-03-26 08:15:00+00:00,1.3809,1.3831,1.3808,1.3811,2303469.6,2026-03-26 08:29:59.999000+00:00,3182979.5066,6868,1041791.6,1439608.54738
2026-03-26 08:30:00+00:00,1.381,1.3833,1.3792,1.38,8224454.0,2026-03-26 08:44:59.999000+00:00,11353889.98355,8201,4805775.6,6633730.54812
2026-03-26 08:45:00+00:00,1.3799,1.3822,1.3796,1.3814,2376623.3,2026-03-26 08:59:59.999000+00:00,3282559.7972,6196,1381318.4,1907701.70671
2026-03-26 09:00:00+00:00,1.3814,1.3833,1.3797,1.3807,4727262.4,2026-03-26 09:14:59.999000+00:00,6530147.92012,8845,2405620.3,3322853.88844
2026-03-26 09:15:00+00:00,1.3806,1.3806,1.3773,1.3794,3018966.9,2026-03-26 09:29:59.999000+00:00,4163669.97193,7634,1278337.7,1763248.03106
2026-03-26 09:30:00+00:00,1.3794,1.3795,1.3669,1.371,20134432.8,2026-03-26 09:44:59.999000+00:00,27610945.47112,28335,7503541.7,10289890.72682
2026-03-26 09:45:00+00:00,1.371,1.3724,1.3684,1.3721,4742737.1,2026-03-26 09:59:59.999000+00:00,6500584.533,9860,2344419.0,3213805.91239
2026-03-26 10:00:00+00:00,1.372,1.3721,1.3685,1.3689,4182378.6,2026-03-26 10:14:59.999000+00:00,5731556.37332,10812,1498128.1,2052961.271
2026-03-26 10:15:00+00:00,1.3688,1.3749,1.3688,1.3745,5614104.6,2026-03-26 10:29:59.999000+00:00,7707531.06998,9347,3807344.5,5227276.57834
2026-03-26 10:30:00+00:00,1.3745,1.3763,1.3729,1.3733,3214104.6,2026-03-26 10:44:59.999000+00:00,4418275.3525,8772,1394583.6,1917191.36143
2026-03-26 10:45:00+00:00,1.3732,1.3741,1.3721,1.3728,1868562.1,2026-03-26 10:59:59.999000+00:00,2565336.48447,5674,921600.2,1265323.05641
2026-03-26 11:00:00+00:00,1.3727,1.376,1.3698,1.3738,4468726.8,2026-03-26 11:14:59.999000+00:00,6135106.70251,10634,2439124.9,3349207.82299
2026-03-26 11:15:00+00:00,1.3738,1.3741,1.3681,1.3698,4308217.0,2026-03-26 11:29:59.999000+00:00,5903108.43053,9308,2144712.6,2938497.85031
2026-03-26 11:30:00+00:00,1.3698,1.373,1.3694,1.3718,3250279.1,2026-03-26 11:44:59.999000+00:00,4457592.04446,7456,1780906.8,2442513.60071
2026-03-26 11:45:00+00:00,1.3718,1.3734,1.3702,1.3705,2277057.2,2026-03-26 11:59:59.999000+00:00,3123679.10429,6349,991873.0,1360532.0286
2026-03-26 12:00:00+00:00,1.3704,1.3728,1.369,1.3719,3309548.7,2026-03-26 12:14:59.999000+00:00,4535647.63075,10259,1481429.3,2030411.84303
2026-03-26 12:15:00+00:00,1.372,1.3749,1.3717,1.3735,3365259.2,2026-03-26 12:29:59.999000+00:00,4622536.84772,7783,1830110.4,2513987.90787
2026-03-26 12:30:00+00:00,1.3736,1.3744,1.3713,1.3721,2742397.1,2026-03-26 12:44:59.999000+00:00,3764635.78654,7661,1517363.4,2082994.6978
2026-03-26 12:45:00+00:00,1.3721,1.374,1.3721,1.3734,2129349.1,2026-03-26 12:59:59.999000+00:00,2924264.62301,7507,1116569.0,1533441.08282
2026-03-26 13:00:00+00:00,1.3734,1.3752,1.3731,1.3744,2977125.0,2026-03-26 13:14:59.999000+00:00,4091585.47541,9844,1558095.2,2141328.82362
2026-03-26 13:15:00+00:00,1.3744,1.3755,1.3734,1.3745,2479921.0,2026-03-26 13:29:59.999000+00:00,3408563.79409,11856,1031084.7,1417293.95989
2026-03-26 13:30:00+00:00,1.3746,1.3764,1.3702,1.3759,5806018.2,2026-03-26 13:44:59.999000+00:00,7970122.99388,23508,2746275.2,3770348.96324
2026-03-26 13:45:00+00:00,1.376,1.3821,1.3757,1.3777,13646307.8,2026-03-26 13:59:59.999000+00:00,18819749.31275,29842,7251635.9,10002084.26562
2026-03-26 14:00:00+00:00,1.3777,1.3809,1.373,1.3743,4783863.5,2026-03-26 14:14:59.999000+00:00,6587288.28687,15405,2550056.4,3511375.02449
2026-03-26 14:15:00+00:00,1.3744,1.3755,1.3708,1.3724,4697742.1,2026-03-26 14:29:59.999000+00:00,6448377.96224,13075,2440366.6,3349788.50557
2026-03-26 14:30:00+00:00,1.3724,1.3754,1.3688,1.3697,6648940.4,2026-03-26 14:44:59.999000+00:00,9119354.86338,15612,3163020.6,4339288.93922
2026-03-26 14:45:00+00:00,1.3696,1.3715,1.3641,1.3676,11495537.1,2026-03-26 14:59:59.999000+00:00,15717895.15271,20854,3800418.7,5197334.7868
2026-03-26 15:00:00+00:00,1.3675,1.3679,1.3541,1.3556,20789331.3,2026-03-26 15:14:59.999000+00:00,28277612.60824,33716,8105486.3,11024520.59901
2026-03-26 15:15:00+00:00,1.3555,1.3597,1.3521,1.3581,14060172.8,2026-03-26 15:29:59.999000+00:00,19072102.09937,23730,7702572.8,10446993.36435
2026-03-26 15:30:00+00:00,1.3581,1.3585,1.356,1.3584,4773918.3,2026-03-26 15:44:59.999000+00:00,6479411.83705,12244,2625504.1,3563540.83829
2026-03-26 15:45:00+00:00,1.3584,1.3609,1.3576,1.3598,6198537.7,2026-03-26 15:59:59.999000+00:00,8426754.52457,12600,3761958.1,5114189.78394
2026-03-26 16:00:00+00:00,1.3599,1.3652,1.3592,1.3647,6330596.2,2026-03-26 16:14:59.999000+00:00,8629360.39629,13576,3640055.3,4961564.74154
2026-03-26 16:15:00+00:00,1.3647,1.3654,1.3607,1.3615,7968120.9,2026-03-26 16:29:59.999000+00:00,10862473.01081,14654,3546869.3,4835820.9339
2026-03-26 16:30:00+00:00,1.3616,1.3649,1.3608,1.3638,3644306.6,2026-03-26 16:44:59.999000+00:00,4964328.36823,9556,2105165.8,2867803.48412
2026-03-26 16:45:00+00:00,1.3638,1.3645,1.3596,1.36,2767363.0,2026-03-26 16:59:59.999000+00:00,3767252.82271,7690,1592301.1,2167692.30257
2026-03-26 17:00:00+00:00,1.36,1.3637,1.3596,1.3607,2282195.6,2026-03-26 17:14:59.999000+00:00,3108314.23302,8522,1043925.5,1421690.77276
2026-03-26 17:15:00+00:00,1.3607,1.3621,1.3596,1.3611,1828537.1,2026-03-26 17:29:59.999000+00:00,2488332.44845,6399,796357.4,1083564.88009
2026-03-26 17:30:00+00:00,1.3612,1.3617,1.3581,1.3589,4228021.4,2026-03-26 17:44:59.999000+00:00,5748328.5506,8136,1256215.3,1708458.56033
2026-03-26 17:45:00+00:00,1.3588,1.3593,1.35,1.3534,11685293.8,2026-03-26 17:59:59.999000+00:00,15819863.24464,16926,4272354.1,5784616.71023
2026-03-26 18:00:00+00:00,1.3533,1.355,1.336,1.3401,61217695.1,2026-03-26 18:14:59.999000+00:00,82268919.91111,55981,25175277.0,33825583.29547
2026-03-26 18:15:00+00:00,1.34,1.3428,1.3349,1.3405,11810535.0,2026-03-26 18:29:59.999000+00:00,15809789.7546,22551,5128966.3,6865933.10071
2026-03-26 18:30:00+00:00,1.3405,1.3438,1.3401,1.3435,6010647.7,2026-03-26 18:44:59.999000+00:00,8064464.72113,12094,3164405.8,4245919.2112
2026-03-26 18:45:00+00:00,1.3434,1.3471,1.3425,1.3465,4330748.4,2026-03-26 18:59:59.999000+00:00,5823089.33483,10744,2260693.7,3039387.80705
2026-03-26 19:00:00+00:00,1.3466,1.3466,1.3433,1.3446,3131476.8,2026-03-26 19:14:59.999000+00:00,4211361.49194,9182,1336220.5,1796992.27851
2026-03-26 19:15:00+00:00,1.3445,1.347,1.3433,1.3445,3221030.2,2026-03-26 19:29:59.999000+00:00,4334129.28659,8099,1685159.0,2267814.77042
2026-03-26 19:30:00+00:00,1.3445,1.3509,1.3433,1.3494,5004072.5,2026-03-26 19:44:59.999000+00:00,6743963.80974,13015,2514148.4,3387659.87029
2026-03-26 19:45:00+00:00,1.3494,1.3502,1.3429,1.3431,6468192.6,2026-03-26 19:59:59.999000+00:00,8708329.19911,13428,2714638.7,3654261.76218
2026-03-26 20:00:00+00:00,1.3431,1.3639,1.3431,1.3569,21909567.2,2026-03-26 20:14:59.999000+00:00,29706664.02153,35714,12195281.3,16533072.59844
2026-03-26 20:15:00+00:00,1.357,1.3632,1.3548,1.3597,10141790.0,2026-03-26 20:29:59.999000+00:00,13782947.71607,26035,4987351.3,6778112.99507
2026-03-26 20:30:00+00:00,1.3596,1.3627,1.3592,1.362,3221372.0,2026-03-26 20:44:59.999000+00:00,4385115.44887,10485,1546341.9,2104875.07375
2026-03-26 20:45:00+00:00,1.362,1.362,1.3566,1.3583,3736004.5,2026-03-26 20:59:59.999000+00:00,5077133.78683,10290,1194401.4,1622981.2592
2026-03-26 21:00:00+00:00,1.3583,1.3631,1.357,1.3617,3773578.8,2026-03-26 21:14:59.999000+00:00,5132981.57735,12049,1555869.5,2116301.18553
2026-03-26 21:15:00+00:00,1.3617,1.3668,1.3617,1.3652,4462885.8,2026-03-26 21:29:59.999000+00:00,6088096.01263,12818,2679562.4,3655639.97071
2026-03-26 21:30:00+00:00,1.3653,1.3699,1.3634,1.3681,5691764.4,2026-03-26 21:44:59.999000+00:00,7781159.22819,14391,3445517.1,4711396.4489
2026-03-26 21:45:00+00:00,1.368,1.369,1.3633,1.3657,3346589.0,2026-03-26 21:59:59.999000+00:00,4572691.78167,11630,1559302.8,2131470.35071
2026-03-26 22:00:00+00:00,1.3657,1.3679,1.3638,1.365,9782015.4,2026-03-26 22:14:59.999000+00:00,13360068.46651,23149,4494614.0,6139082.43638
2026-03-26 22:15:00+00:00,1.365,1.3654,1.357,1.3604,6700405.0,2026-03-26 22:29:59.999000+00:00,9121038.12899,15990,2995891.8,4078814.95683
2026-03-26 22:30:00+00:00,1.3604,1.3616,1.3592,1.3607,2490480.4,2026-03-26 22:44:59.999000+00:00,3388309.39663,8032,1388816.5,1889504.2423
2026-03-26 22:45:00+00:00,1.3606,1.3628,1.3601,1.3627,2142600.3,2026-03-26 22:59:59.999000+00:00,2916436.58305,6602,1191717.0,1622150.63782
2026-03-26 23:00:00+00:00,1.3628,1.3644,1.3601,1.3606,2801422.6,2026-03-26 23:14:59.999000+00:00,3817345.99156,8151,1058882.1,1442941.11512
2026-03-26 23:15:00+00:00,1.3606,1.3621,1.3582,1.3598,2875099.7,2026-03-26 23:29:59.999000+00:00,3909595.72015,6808,1405361.9,1911025.13522
2026-03-26 23:30:00+00:00,1.3598,1.3603,1.3578,1.3586,2621411.3,2026-03-26 23:44:59.999000+00:00,3562206.9958,7306,866424.7,1177442.37481
2026-03-26 23:45:00+00:00,1.3586,1.3609,1.3583,1.3599,1563357.0,2026-03-26 23:59:59.999000+00:00,2125842.77096,6103,822981.8,1119120.7899
2026-03-27 00:00:00+00:00,1.3599,1.3627,1.3587,1.3621,3931352.4,2026-03-27 00:14:59.999000+00:00,5350098.95823,9755,2164997.2,2946265.55432
2026-03-27 00:15:00+00:00,1.3622,1.3629,1.3586,1.3591,2133163.6,2026-03-27 00:29:59.999000+00:00,2902362.61694,8167,1011969.4,1376834.6471
2026-03-27 00:30:00+00:00,1.3591,1.3615,1.357,1.3593,4007101.6,2026-03-27 00:44:59.999000+00:00,5445272.75526,10072,1795419.1,2439579.80114
2026-03-27 00:45:00+00:00,1.3593,1.3619,1.3581,1.361,1445226.5,2026-03-27 00:59:59.999000+00:00,1965678.99384,6447,692606.3,942052.10496
2026-03-27 01:00:00+00:00,1.361,1.3652,1.3595,1.3646,4757739.7,2026-03-27 01:14:59.999000+00:00,6483743.3016,11614,3199642.0,4360807.24873
2026-03-27 01:15:00+00:00,1.3647,1.3668,1.3641,1.3647,3919819.4,2026-03-27 01:29:59.999000+00:00,5351919.7915,8919,2017744.6,2754992.12503
2026-03-27 01:30:00+00:00,1.3648,1.3659,1.3625,1.3641,2165150.9,2026-03-27 01:44:59.999000+00:00,2953011.05648,6759,1071852.6,1461833.9646
2026-03-27 01:45:00+00:00,1.3642,1.3688,1.364,1.3681,7686352.2,2026-03-27 01:59:59.999000+00:00,10501375.38998,10629,5561955.5,7599126.26622
2026-03-27 02:00:00+00:00,1.3682,1.3696,1.367,1.3675,3631465.5,2026-03-27 02:14:59.999000+00:00,4969068.22986,10405,1811647.6,2479058.15198
2026-03-27 02:15:00+00:00,1.3674,1.3688,1.3659,1.3687,1897863.3,2026-03-27 02:29:59.999000+00:00,2594236.16427,6883,863112.8,1179894.28866
2026-03-27 02:30:00+00:00,1.3686,1.372,1.3684,1.3688,3755527.1,2026-03-27 02:44:59.999000+00:00,5145546.49213,10733,2251341.2,3084751.44438
2026-03-27 02:45:00+00:00,1.3689,1.3713,1.3688,1.3695,1969192.2,2026-03-27 02:59:59.999000+00:00,2697510.8123,6652,1198051.7,1641097.58229
2026-03-27 03:00:00+00:00,1.3696,1.3702,1.3638,1.365,3999448.2,2026-03-27 03:14:59.999000+00:00,5463593.05725,9955,1489582.3,2034779.19913
2026-03-27 03:15:00+00:00,1.365,1.3658,1.3639,1.3653,1147417.1,2026-03-27 03:29:59.999000+00:00,1566442.21908,4431,671341.4,916530.83861
2026-03-27 03:30:00+00:00,1.3652,1.3663,1.3643,1.365,1399942.0,2026-03-27 03:44:59.999000+00:00,1911431.42974,5404,756868.2,1033445.92883
2026-03-27 03:45:00+00:00,1.365,1.365,1.3627,1.3634,1366758.2,2026-03-27 03:59:59.999000+00:00,1863998.86378,4795,529733.1,722535.26774
2026-03-27 04:00:00+00:00,1.3633,1.3641,1.3561,1.3568,7983223.5,2026-03-27 04:14:59.999000+00:00,10853128.4874,17181,3436594.5,4672785.46575
2026-03-27 04:15:00+00:00,1.3568,1.3622,1.3551,1.3619,3553992.6,2026-03-27 04:29:59.999000+00:00,4830195.6181,8194,2014301.2,2738189.65019
2026-03-27 04:30:00+00:00,1.3619,1.3626,1.3605,1.3618,2030526.9,2026-03-27 04:44:59.999000+00:00,2765027.88357,5463,1111835.8,1513981.14258
2026-03-27 04:45:00+00:00,1.3618,1.363,1.3607,1.3628,1075914.1,2026-03-27 04:59:59.999000+00:00,1465170.94764,3716,501490.5,682978.12346
2026-03-27 05:00:00+00:00,1.3628,1.3674,1.362,1.3664,4173250.5,2026-03-27 05:14:59.999000+00:00,5695734.90333,9044,2205029.2,3009240.28151
2026-03-27 05:15:00+00:00,1.3664,1.368,1.3607,1.362,2528040.1,2026-03-27 05:29:59.999000+00:00,3450572.70957,7454,1193957.3,1629864.94609
2026-03-27 05:30:00+00:00,1.3619,1.363,1.3597,1.3609,1469951.5,2026-03-27 05:44:59.999000+00:00,2000889.12514,5249,844460.7,1149521.84004
2026-03-27 05:45:00+00:00,1.3609,1.3626,1.3606,1.3614,1591634.6,2026-03-27 05:59:59.999000+00:00,2167616.22082,5463,764974.4,1041770.67494
2026-03-27 06:00:00+00:00,1.3615,1.3628,1.3602,1.3624,2138462.6,2026-03-27 06:14:59.999000+00:00,2911611.46649,8919,1004137.3,1367172.70621
2026-03-27 06:15:00+00:00,1.3624,1.3635,1.3616,1.3623,1867622.2,2026-03-27 06:29:59.999000+00:00,2544671.98937,8493,874216.2,1191231.48062
2026-03-27 06:30:00+00:00,1.3623,1.3629,1.3601,1.3601,1646135.9,2026-03-27 06:44:59.999000+00:00,2240952.77931,6320,623470.4,848880.7828
2026-03-27 06:45:00+00:00,1.3601,1.3601,1.3586,1.3591,2613142.4,2026-03-27 06:59:59.999000+00:00,3551984.63513,8784,810518.1,1101747.97297
2026-03-27 07:00:00+00:00,1.3592,1.363,1.3577,1.3611,2756447.7,2026-03-27 07:14:59.999000+00:00,3747874.10761,11990,1552303.6,2111122.40853
2026-03-27 07:15:00+00:00,1.3611,1.364,1.3605,1.3628,1892050.9,2026-03-27 07:29:59.999000+00:00,2578368.80947,6904,975970.4,1330053.51246
2026-03-27 07:30:00+00:00,1.3628,1.3631,1.3565,1.3577,5356803.9,2026-03-27 07:44:59.999000+00:00,7279085.09949,9486,3361876.3,4568315.22565
2026-03-27 07:45:00+00:00,1.3576,1.3588,1.357,1.3582,5353532.3,2026-03-27 07:59:59.999000+00:00,7269422.20829,8388,3079584.7,4181861.37406
2026-03-27 08:00:00+00:00,1.3582,1.3606,1.3571,1.3584,4525558.3,2026-03-27 08:14:59.999000+00:00,6147498.48615,9536,2014864.2,2737195.43444
2026-03-27 08:15:00+00:00,1.3584,1.3591,1.3514,1.3517,9231778.7,2026-03-27 08:29:59.999000+00:00,12503608.61584,12754,3302972.5,4473339.11363
2026-03-27 08:30:00+00:00,1.3516,1.3536,1.3432,1.3454,20304622.6,2026-03-27 08:44:59.999000+00:00,27362776.57214,24343,9580470.1,12912560.24447
2026-03-27 08:45:00+00:00,1.3454,1.3513,1.3451,1.3497,5485334.4,2026-03-27 08:59:59.999000+00:00,7397397.25223,10805,3078072.0,4151452.64917
2026-03-27 09:00:00+00:00,1.3496,1.3501,1.3388,1.3415,9528766.1,2026-03-27 09:14:59.999000+00:00,12799246.37376,15401,3531467.4,4744481.31235
2026-03-27 09:15:00+00:00,1.3414,1.3477,1.341,1.3471,3880985.9,2026-03-27 09:29:59.999000+00:00,5216125.00191,8083,2338943.0,3143618.43733
2026-03-27 09:30:00+00:00,1.347,1.347,1.3435,1.3441,2599748.4,2026-03-27 09:44:59.999000+00:00,3496050.06983,6499,1081264.4,1454037.06232
2026-03-27 09:45:00+00:00,1.3441,1.3468,1.3439,1.3456,3123128.1,2026-03-27 09:59:59.999000+00:00,4202512.81616,6888,1568424.8,2110481.7347
2026-03-27 10:00:00+00:00,1.3455,1.3467,1.3437,1.3456,2867338.1,2026-03-27 10:14:59.999000+00:00,3857587.65996,8856,1415681.7,1904653.96273
2026-03-27 10:15:00+00:00,1.3455,1.3468,1.345,1.3459,1572775.4,2026-03-27 10:29:59.999000+00:00,2116902.75185,6084,834702.9,1123478.25097
2026-03-27 10:30:00+00:00,1.3458,1.3463,1.325,1.3346,33886422.2,2026-03-27 10:44:59.999000+00:00,45168713.21998,42942,14996961.1,19985321.68985
2026-03-27 10:45:00+00:00,1.3347,1.3381,1.3283,1.3323,17722115.4,2026-03-27 10:59:59.999000+00:00,23623505.39931,26188,9040310.4,12052772.9855
2026-03-27 11:00:00+00:00,1.3323,1.3364,1.3288,1.3362,10646893.0,2026-03-27 11:14:59.999000+00:00,14197176.05529,21416,5474793.1,7301502.78344
2026-03-27 11:15:00+00:00,1.3362,1.3369,1.3338,1.3365,4015170.4,2026-03-27 11:29:59.999000+00:00,5362180.11424,9621,2149896.5,2871057.48386
2026-03-27 11:30:00+00:00,1.3365,1.3382,1.3335,1.3338,4605549.0,2026-03-27 11:44:59.999000+00:00,6152676.32863,8819,2279290.4,3044649.15273
2026-03-27 11:45:00+00:00,1.3337,1.3365,1.3334,1.3345,4460242.2,2026-03-27 11:59:59.999000+00:00,5952874.98091,8442,2189098.2,2921776.93648
2026-03-27 12:00:00+00:00,1.3345,1.3347,1.3294,1.3313,7688511.4,2026-03-27 12:14:59.999000+00:00,10241932.50498,13413,3424735.4,4562579.48397
2026-03-27 12:15:00+00:00,1.3312,1.3322,1.3286,1.3301,10621929.2,2026-03-27 12:29:59.999000+00:00,14125043.4898,13395,5396903.8,7177165.10821
2026-03-27 12:30:00+00:00,1.3301,1.3312,1.3271,1.3291,10417654.3,2026-03-27 12:44:59.999000+00:00,13847099.06175,13384,5326250.0,7079881.21954
2026-03-27 12:45:00+00:00,1.3291,1.3327,1.3254,1.3319,13842621.0,2026-03-27 12:59:59.999000+00:00,18392780.24775,15328,6420028.9,8530541.16231
2026-03-27 13:00:00+00:00,1.3319,1.3346,1.3317,1.3333,4018572.6,2026-03-27 13:14:59.999000+00:00,5357080.68267,10261,2145835.1,2860691.05537
2026-03-27 13:15:00+00:00,1.3334,1.3407,1.3333,1.3371,7859105.6,2026-03-27 13:29:59.999000+00:00,10510884.37355,12203,4246153.5,5677889.55797
2026-03-27 13:30:00+00:00,1.3371,1.3427,1.3271,1.3395,28785143.6,2026-03-27 13:44:59.999000+00:00,38436080.00455,30270,14793866.6,19754647.19872
2026-03-27 13:45:00+00:00,1.3395,1.3422,1.3326,1.3401,29023009.8,2026-03-27 13:59:59.999000+00:00,38804170.34022,24029,11150631.9,14912836.83777
2026-03-27 14:00:00+00:00,1.3402,1.3438,1.3383,1.3407,16067164.1,2026-03-27 14:14:59.999000+00:00,21540938.43888,21403,7711597.0,10338540.6225
2026-03-27 14:15:00+00:00,1.3407,1.3415,1.3309,1.3313,11031235.6,2026-03-27 14:29:59.999000+00:00,14730551.07898,18952,4184698.4,5588956.18805
2026-03-27 14:30:00+00:00,1.3312,1.3321,1.3282,1.3305,7193413.2,2026-03-27 14:44:59.999000+00:00,9566762.81756,15697,4031837.2,5361605.82449
2026-03-27 14:45:00+00:00,1.3305,1.3328,1.3273,1.3316,6270019.7,2026-03-27 14:59:59.999000+00:00,8339815.14438,13631,2855046.7,3797154.86678
2026-03-27 15:00:00+00:00,1.3316,1.3389,1.3314,1.3383,13389967.2,2026-03-27 15:14:59.999000+00:00,17870014.28048,19017,7246752.0,9671890.74278
2026-03-27 15:15:00+00:00,1.3382,1.3414,1.3326,1.3376,16650557.4,2026-03-27 15:29:59.999000+00:00,22268038.80095,23674,8388660.7,11218845.1989
2026-03-27 15:30:00+00:00,1.3376,1.3449,1.337,1.341,18287663.8,2026-03-27 15:44:59.999000+00:00,24518225.02514,22107,10299294.1,13808269.18732
2026-03-27 15:45:00+00:00,1.341,1.3437,1.331,1.3347,19528191.6,2026-03-27 15:59:59.999000+00:00,26122977.27977,21523,11659580.7,15595579.62984
2026-03-27 16:00:00+00:00,1.3348,1.3362,1.3301,1.332,9331403.6,2026-03-27 16:14:59.999000+00:00,12435825.5149,18734,4281176.0,5704694.30681
2026-03-27 16:15:00+00:00,1.332,1.3326,1.3307,1.3325,1170933.4,2026-03-27 16:29:59.999000+00:00,1558995.30107,2838,566158.0,753757.36885
