open_time,close_time,open,high,low,close,trade_count
2026-03-13 16:30:00+00:00,2026-03-13 16:44:59.999000+00:00,1.40346593,1.4115,1.40346593,1.40973579,900
2026-03-13 16:45:00+00:00,2026-03-13 16:59:59.999000+00:00,1.40977349,1.4145,1.40854694,1.4092,900
2026-03-13 17:00:00+00:00,2026-03-13 17:14:59.999000+00:00,1.4092,1.41005476,1.4061,1.40888815,900
2026-03-13 17:15:00+00:00,2026-03-13 17:29:59.999000+00:00,1.4089,1.4122,1.4009,1.4017,900
2026-03-13 17:30:00+00:00,2026-03-13 17:44:59.999000+00:00,1.4017,1.4029,1.3949,1.39626957,900
2026-03-13 17:45:00+00:00,2026-03-13 17:59:59.999000+00:00,1.3963,1.3971,1.3911,1.3933,900
2026-03-13 18:00:00+00:00,2026-03-13 18:14:59.999000+00:00,1.3933,1.39648036,1.3908,1.3964,900
2026-03-13 18:15:00+00:00,2026-03-13 18:29:59.999000+00:00,1.39639088,1.39672444,1.3892,1.39574929,900
2026-03-13 18:30:00+00:00,2026-03-13 18:44:59.999000+00:00,1.396,1.4007,1.39583426,1.39941552,900
2026-03-13 18:45:00+00:00,2026-03-13 18:59:59.999000+00:00,1.39941552,1.3997,1.39555774,1.39659344,900
2026-03-13 19:00:00+00:00,2026-03-13 19:14:59.999000+00:00,1.39664469,1.40001249,1.3953,1.399,900
2026-03-13 19:15:00+00:00,2026-03-13 19:29:59.999000+00:00,1.399,1.4003,1.39651888,1.39870143,900
2026-03-13 19:30:00+00:00,2026-03-13 19:44:59.999000+00:00,1.39864484,1.40159261,1.3986,1.4006,900
2026-03-13 19:45:00+00:00,2026-03-13 19:59:59.999000+00:00,1.40050204,1.40181851,1.3982,1.40031577,900
2026-03-13 20:00:00+00:00,2026-03-13 20:14:59.999000+00:00,1.40031577,1.40143476,1.3976,1.4008,900
2026-03-13 20:15:00+00:00,2026-03-13 20:29:59.999000+00:00,1.4008,1.4036829,1.4003,1.40306659,900
2026-03-13 20:30:00+00:00,2026-03-13 20:44:59.999000+00:00,1.40306659,1.4039,1.40174395,1.40255376,900
2026-03-13 20:45:00+00:00,2026-03-13 20:59:59.999000+00:00,1.40264199,1.403,1.40102977,1.40173046,900
2026-03-13 21:00:00+00:00,2026-03-13 21:14:59.999000+00:00,1.40172838,1.4051,1.4007,1.403419,900
2026-03-13 21:15:00+00:00,2026-03-13 21:29:59.999000+00:00,1.4033281,1.4033283,1.3978,1.398,900
2026-03-13 21:30:00+00:00,2026-03-13 21:44:59.999000+00:00,1.3982,1.4022,1.39669759,1.39873507,900
2026-03-13 21:45:00+00:00,2026-03-13 21:59:59.999000+00:00,1.39876607,1.40129328,1.39857942,1.3998,900
2026-03-13 22:00:00+00:00,2026-03-13 22:14:59.999000+00:00,1.3998,1.40082672,1.3925,1.39676893,900
2026-03-13 22:15:00+00:00,2026-03-13 22:29:59.999000+00:00,1.3968,1.3968,1.39064738,1.3912,900
2026-03-13 22:30:00+00:00,2026-03-13 22:44:59.999000+00:00,1.3913,1.39329984,1.38957333,1.3921,900
2026-03-13 22:45:00+00:00,2026-03-13 22:59:59.999000+00:00,1.3921,1.39546606,1.39056432,1.3941,900
2026-03-13 23:00:00+00:00,2026-03-13 23:14:59.999000+00:00,1.3941,1.39488181,1.39262291,1.39468213,900
2026-03-13 23:15:00+00:00,2026-03-13 23:29:59.999000+00:00,1.39468213,1.39959069,1.3941,1.3989,900
2026-03-13 23:30:00+00:00,2026-03-13 23:44:59.999000+00:00,1.3989,1.399,1.39684805,1.39752498,900
2026-03-13 23:45:00+00:00,2026-03-13 23:59:59.999000+00:00,1.39752498,1.39843162,1.3969,1.3981446,900
2026-03-14 00:00:00+00:00,2026-03-14 00:14:59.999000+00:00,1.3981446,1.3981446,1.39442727,1.3961737,900
2026-03-14 00:15:00+00:00,2026-03-14 00:29:59.999000+00:00,1.39614644,1.3978,1.39520132,1.3978,900
2026-03-14 00:30:00+00:00,2026-03-14 00:44:59.999000+00:00,1.3978,1.399,1.3929,1.3932,900
2026-03-14 00:45:00+00:00,2026-03-14 00:59:59.999000+00:00,1.3932,1.39396022,1.3916,1.39345519,900
2026-03-14 01:00:00+00:00,2026-03-14 01:14:59.999000+00:00,1.3934,1.39582014,1.393,1.395,900
2026-03-14 01:15:00+00:00,2026-03-14 01:29:59.999000+00:00,1.39502368,1.3974,1.3945,1.39685472,900
2026-03-14 01:30:00+00:00,2026-03-14 01:44:59.999000+00:00,1.3968,1.39809769,1.3918,1.39726002,900
2026-03-14 01:45:00+00:00,2026-03-14 01:59:59.999000+00:00,1.3973,1.4005,1.39726974,1.39940425,900
2026-03-14 02:00:00+00:00,2026-03-14 02:14:59.999000+00:00,1.39940425,1.40174224,1.3986,1.401,900
2026-03-14 02:15:00+00:00,2026-03-14 02:29:59.999000+00:00,1.401,1.4012,1.3989,1.39943743,900
2026-03-14 02:30:00+00:00,2026-03-14 02:44:59.999000+00:00,1.39946743,1.4001,1.3979,1.3983,900
2026-03-14 02:45:00+00:00,2026-03-14 02:59:59.999000+00:00,1.3983,1.39932584,1.3969,1.39767806,900
2026-03-14 03:00:00+00:00,2026-03-14 03:14:59.999000+00:00,1.39767806,1.4008,1.3964,1.40050609,900
2026-03-14 03:15:00+00:00,2026-03-14 03:29:59.999000+00:00,1.4005,1.40153373,1.39926159,1.40001847,900
2026-03-14 03:30:00+00:00,2026-03-14 03:44:59.999000+00:00,1.40001847,1.4028,1.4,1.40058124,900
2026-03-14 03:45:00+00:00,2026-03-14 03:59:59.999000+00:00,1.40058749,1.4007,1.3992,1.39991967,900
2026-03-14 04:00:00+00:00,2026-03-14 04:14:59.999000+00:00,1.39991767,1.40000638,1.39780637,1.3992,900
2026-03-14 04:15:00+00:00,2026-03-14 04:29:59.999000+00:00,1.39933147,1.40067436,1.3976,1.3999,900
2026-03-14 04:30:00+00:00,2026-03-14 04:44:59.999000+00:00,1.3999,1.4023,1.3992,1.402,900
2026-03-14 04:45:00+00:00,2026-03-14 04:59:59.999000+00:00,1.402,1.4036,1.3954,1.39728277,900
2026-03-14 05:00:00+00:00,2026-03-14 05:14:59.999000+00:00,1.39723499,1.39872634,1.3956,1.39742164,900
2026-03-14 05:15:00+00:00,2026-03-14 05:29:59.999000+00:00,1.39741455,1.39835086,1.3965,1.39714239,900
2026-03-14 05:30:00+00:00,2026-03-14 05:44:59.999000+00:00,1.3972,1.3972,1.3932,1.39492771,900
2026-03-14 05:45:00+00:00,2026-03-14 05:59:59.999000+00:00,1.3949261,1.3958,1.3942,1.3945,900
2026-03-14 06:00:00+00:00,2026-03-14 06:14:59.999000+00:00,1.3945,1.3945,1.3928,1.39320465,900
2026-03-14 06:15:00+00:00,2026-03-14 06:29:59.999000+00:00,1.3932,1.3933,1.38960629,1.39010025,900
2026-03-14 06:30:00+00:00,2026-03-14 06:44:59.999000+00:00,1.39010025,1.39062898,1.38479195,1.3872,900
2026-03-14 06:45:00+00:00,2026-03-14 06:59:59.999000+00:00,1.3873,1.39212969,1.38696884,1.39186689,900
2026-03-14 07:00:00+00:00,2026-03-14 07:14:59.999000+00:00,1.39184525,1.39475246,1.3913452,1.39447172,900
2026-03-14 07:15:00+00:00,2026-03-14 07:29:59.999000+00:00,1.39447172,1.39704595,1.3936,1.3962,900
2026-03-14 07:30:00+00:00,2026-03-14 07:44:59.999000+00:00,1.39624194,1.39642443,1.3925,1.3935,900
2026-03-14 07:45:00+00:00,2026-03-14 07:59:59.999000+00:00,1.3935,1.394,1.3923,1.3934,900
2026-03-14 08:00:00+00:00,2026-03-14 08:14:59.999000+00:00,1.3935,1.39527933,1.39285153,1.3949,900
2026-03-14 08:15:00+00:00,2026-03-14 08:29:59.999000+00:00,1.3949,1.3958,1.3939,1.3953,900
2026-03-14 08:30:00+00:00,2026-03-14 08:44:59.999000+00:00,1.3952,1.396,1.3916,1.3916,900
2026-03-14 08:45:00+00:00,2026-03-14 08:59:59.999000+00:00,1.3917,1.39282449,1.39132638,1.39262496,900
2026-03-14 09:00:00+00:00,2026-03-14 09:14:59.999000+00:00,1.39263318,1.39604025,1.39244208,1.39600323,900
2026-03-14 09:15:00+00:00,2026-03-14 09:29:59.999000+00:00,1.39599534,1.3964973,1.39437745,1.3948,900
2026-03-14 09:30:00+00:00,2026-03-14 09:44:59.999000+00:00,1.3948,1.39506353,1.3926,1.39286309,900
2026-03-14 09:45:00+00:00,2026-03-14 09:59:59.999000+00:00,1.3929,1.3930286,1.3881,1.3892,900
2026-03-14 10:00:00+00:00,2026-03-14 10:14:59.999000+00:00,1.38916649,1.3901,1.3882,1.39,900
2026-03-14 10:15:00+00:00,2026-03-14 10:29:59.999000+00:00,1.39,1.39002727,1.3879,1.389,900
2026-03-14 10:30:00+00:00,2026-03-14 10:44:59.999000+00:00,1.389,1.38913051,1.38731776,1.3875,900
2026-03-14 10:45:00+00:00,2026-03-14 10:59:59.999000+00:00,1.3875,1.3892,1.3871,1.3887,900
2026-03-14 11:00:00+00:00,2026-03-14 11:14:59.999000+00:00,1.38866107,1.39141263,1.3882,1.39081855,900
2026-03-14 11:15:00+00:00,2026-03-14 11:29:59.999000+00:00,1.3909,1.3922,1.3901,1.3908,900
2026-03-14 11:30:00+00:00,2026-03-14 11:44:59.999000+00:00,1.3909,1.3918,1.3898,1.39049223,900
2026-03-14 11:45:00+00:00,2026-03-14 11:59:59.999000+00:00,1.3905,1.3919,1.39042968,1.3918,900
2026-03-14 12:00:00+00:00,2026-03-14 12:14:59.999000+00:00,1.3918,1.39330519,1.39048351,1.39124517,900
2026-03-14 12:15:00+00:00,2026-03-14 12:29:59.999000+00:00,1.39123369,1.3921,1.3895,1.3895,900
2026-03-14 12:30:00+00:00,2026-03-14 12:44:59.999000+00:00,1.3896,1.39018048,1.3871,1.38777634,900
2026-03-14 12:45:00+00:00,2026-03-14 12:59:59.999000+00:00,1.38770607,1.3888,1.38744745,1.38848893,900
2026-03-14 13:00:00+00:00,2026-03-14 13:14:59.999000+00:00,1.38846483,1.3886,1.38722158,1.3884,900
2026-03-14 13:15:00+00:00,2026-03-14 13:29:59.999000+00:00,1.3884,1.39349115,1.3884,1.3932,900
2026-03-14 13:30:00+00:00,2026-03-14 13:44:59.999000+00:00,1.3931,1.39372927,1.39188481,1.39233182,900
2026-03-14 13:45:00+00:00,2026-03-14 13:59:59.999000+00:00,1.39233182,1.39241951,1.39006501,1.39087622,900
2026-03-14 14:00:00+00:00,2026-03-14 14:14:59.999000+00:00,1.39075757,1.3924,1.389,1.3894,900
2026-03-14 14:15:00+00:00,2026-03-14 14:29:59.999000+00:00,1.3894618,1.39193835,1.3887,1.39181803,900
2026-03-14 14:30:00+00:00,2026-03-14 14:44:59.999000+00:00,1.3919,1.39230969,1.38660106,1.3872,900
2026-03-14 14:45:00+00:00,2026-03-14 14:59:59.999000+00:00,1.3873,1.38931745,1.3873,1.3883,900
2026-03-14 15:00:00+00:00,2026-03-14 15:14:59.999000+00:00,1.3884,1.3901,1.38732003,1.38897696,900
2026-03-14 15:15:00+00:00,2026-03-14 15:29:59.999000+00:00,1.3889761,1.39090159,1.3886,1.3908,900
2026-03-14 15:30:00+00:00,2026-03-14 15:44:59.999000+00:00,1.3908,1.3909,1.3879,1.38888531,900
2026-03-14 15:45:00+00:00,2026-03-14 15:59:59.999000+00:00,1.38885522,1.39063354,1.3887563,1.3895,900
2026-03-14 16:00:00+00:00,2026-03-14 16:14:59.999000+00:00,1.38949373,1.3895,1.3862,1.38805928,900
2026-03-14 16:15:00+00:00,2026-03-14 16:29:59.999000+00:00,1.38801226,1.38965946,1.3879,1.38925991,900
2026-03-14 16:30:00+00:00,2026-03-14 16:44:59.999000+00:00,1.3892,1.3913,1.3892,1.39021651,900
2026-03-14 16:45:00+00:00,2026-03-14 16:59:59.999000+00:00,1.39021651,1.39231139,1.3892,1.39225336,900
2026-03-14 17:00:00+00:00,2026-03-14 17:14:59.999000+00:00,1.39225045,1.3928,1.3914,1.3924,900
2026-03-14 17:15:00+00:00,2026-03-14 17:29:59.999000+00:00,1.3925,1.3926,1.39037898,1.3914,900
2026-03-14 17:30:00+00:00,2026-03-14 17:44:59.999000+00:00,1.3913708,1.39138599,1.38940355,1.3897,900
2026-03-14 17:45:00+00:00,2026-03-14 17:59:59.999000+00:00,1.3897,1.39002463,1.3879,1.3887,900
2026-03-14 18:00:00+00:00,2026-03-14 18:14:59.999000+00:00,1.3886,1.38883639,1.3876,1.3882,900
2026-03-14 18:15:00+00:00,2026-03-14 18:29:59.999000+00:00,1.38820331,1.38952182,1.3877,1.3894,900
2026-03-14 18:30:00+00:00,2026-03-14 18:44:59.999000+00:00,1.38941617,1.39071178,1.389,1.39010316,900
2026-03-14 18:45:00+00:00,2026-03-14 18:59:59.999000+00:00,1.39009104,1.39102343,1.39,1.3904,900
2026-03-14 19:00:00+00:00,2026-03-14 19:14:59.999000+00:00,1.3904,1.3904168,1.38892641,1.3901,900
2026-03-14 19:15:00+00:00,2026-03-14 19:29:59.999000+00:00,1.3901,1.3905,1.38911894,1.38941021,900
2026-03-14 19:30:00+00:00,2026-03-14 19:44:59.999000+00:00,1.3894,1.39004665,1.38866744,1.38953213,900
2026-03-14 19:45:00+00:00,2026-03-14 19:59:59.999000+00:00,1.38953213,1.39040448,1.3891,1.3894,900
2026-03-14 20:00:00+00:00,2026-03-14 20:14:59.999000+00:00,1.38937477,1.38952789,1.3878,1.38831349,900
2026-03-14 20:15:00+00:00,2026-03-14 20:29:59.999000+00:00,1.3883,1.39077375,1.38793073,1.39040304,900
2026-03-14 20:30:00+00:00,2026-03-14 20:44:59.999000+00:00,1.39039696,1.3932,1.39030788,1.39312662,900
2026-03-14 20:45:00+00:00,2026-03-14 20:59:59.999000+00:00,1.39315278,1.39315278,1.3911,1.3923,900
2026-03-14 21:00:00+00:00,2026-03-14 21:14:59.999000+00:00,1.3923,1.3923,1.3902,1.39116088,900
2026-03-14 21:15:00+00:00,2026-03-14 21:29:59.999000+00:00,1.39113456,1.3921,1.391,1.3916,900
2026-03-14 21:30:00+00:00,2026-03-14 21:44:59.999000+00:00,1.3916,1.39439187,1.39152075,1.3943,900
2026-03-14 21:45:00+00:00,2026-03-14 21:59:59.999000+00:00,1.39413888,1.39591036,1.39376833,1.3948,900
2026-03-14 22:00:00+00:00,2026-03-14 22:14:59.999000+00:00,1.3948,1.3957,1.39389976,1.3941,900
2026-03-14 22:15:00+00:00,2026-03-14 22:29:59.999000+00:00,1.39408602,1.39582909,1.39390153,1.39493267,900
2026-03-14 22:30:00+00:00,2026-03-14 22:44:59.999000+00:00,1.39493267,1.3972,1.3946,1.3971,900
2026-03-14 22:45:00+00:00,2026-03-14 22:59:59.999000+00:00,1.3971,1.39710347,1.39561004,1.396,900
2026-03-14 23:00:00+00:00,2026-03-14 23:14:59.999000+00:00,1.3959,1.40474139,1.3959,1.40235106,900
2026-03-14 23:15:00+00:00,2026-03-14 23:29:59.999000+00:00,1.4022,1.4038,1.3999,1.40314578,900
2026-03-14 23:30:00+00:00,2026-03-14 23:44:59.999000+00:00,1.4031356,1.4045,1.40152308,1.40351025,900
2026-03-14 23:45:00+00:00,2026-03-14 23:59:59.999000+00:00,1.40356382,1.4078,1.4033,1.4055,900
2026-03-15 00:00:00+00:00,2026-03-15 00:14:59.999000+00:00,1.4056,1.4086369,1.40529737,1.40641912,900
2026-03-15 00:15:00+00:00,2026-03-15 00:29:59.999000+00:00,1.40642064,1.40880543,1.4036,1.4064,900
2026-03-15 00:30:00+00:00,2026-03-15 00:44:59.999000+00:00,1.4062,1.4071,1.4026,1.4032,900
2026-03-15 00:45:00+00:00,2026-03-15 00:59:59.999000+00:00,1.4032,1.40467015,1.4017,1.4046,900
2026-03-15 01:00:00+00:00,2026-03-15 01:14:59.999000+00:00,1.4046,1.40720638,1.40191645,1.40277115,900
2026-03-15 01:15:00+00:00,2026-03-15 01:29:59.999000+00:00,1.40276368,1.40456896,1.40138058,1.4033,900
2026-03-15 01:30:00+00:00,2026-03-15 01:44:59.999000+00:00,1.4033,1.40412449,1.4017,1.4027,900
2026-03-15 01:45:00+00:00,2026-03-15 01:59:59.999000+00:00,1.4027,1.40483088,1.4018,1.4043,900
2026-03-15 02:00:00+00:00,2026-03-15 02:14:59.999000+00:00,1.4043,1.41588091,1.4043,1.4144,900
2026-03-15 02:15:00+00:00,2026-03-15 02:29:59.999000+00:00,1.41444764,1.41653466,1.4129,1.4149,900
2026-03-15 02:30:00+00:00,2026-03-15 02:44:59.999000+00:00,1.41486738,1.41730172,1.41167077,1.41693939,900
2026-03-15 02:45:00+00:00,2026-03-15 02:59:59.999000+00:00,1.4172,1.41896797,1.4135,1.4152,900
2026-03-15 03:00:00+00:00,2026-03-15 03:14:59.999000+00:00,1.41515847,1.4198,1.41515847,1.4185,900
2026-03-15 03:15:00+00:00,2026-03-15 03:29:59.999000+00:00,1.4184,1.4185,1.41344584,1.4142,900
2026-03-15 03:30:00+00:00,2026-03-15 03:44:59.999000+00:00,1.4142,1.4165655,1.4128,1.41360969,900
2026-03-15 03:45:00+00:00,2026-03-15 03:59:59.999000+00:00,1.41359547,1.41359547,1.4111,1.4116,900
2026-03-15 04:00:00+00:00,2026-03-15 04:14:59.999000+00:00,1.4116,1.4173,1.41156204,1.41713703,900
2026-03-15 04:15:00+00:00,2026-03-15 04:29:59.999000+00:00,1.41713703,1.41784229,1.41202908,1.41375668,900
2026-03-15 04:30:00+00:00,2026-03-15 04:44:59.999000+00:00,1.41375668,1.4159738,1.4128,1.4155,900
2026-03-15 04:45:00+00:00,2026-03-15 04:59:59.999000+00:00,1.4156,1.4164,1.41393891,1.4163,900
2026-03-15 05:00:00+00:00,2026-03-15 05:14:59.999000+00:00,1.4163,1.4165,1.414,1.41420699,900
2026-03-15 05:15:00+00:00,2026-03-15 05:29:59.999000+00:00,1.41420699,1.42020092,1.4133,1.4168,900
2026-03-15 05:30:00+00:00,2026-03-15 05:44:59.999000+00:00,1.4168,1.41894908,1.41542968,1.41790204,900
2026-03-15 05:45:00+00:00,2026-03-15 05:59:59.999000+00:00,1.41790204,1.418,1.4134,1.41342083,900
2026-03-15 06:00:00+00:00,2026-03-15 06:14:59.999000+00:00,1.41349225,1.4153,1.4129,1.414,900
2026-03-15 06:15:00+00:00,2026-03-15 06:29:59.999000+00:00,1.4139,1.41414708,1.4089,1.4093,900
2026-03-15 06:30:00+00:00,2026-03-15 06:44:59.999000+00:00,1.4093,1.4093,1.405,1.4081,900
2026-03-15 06:45:00+00:00,2026-03-15 06:59:59.999000+00:00,1.4081,1.40978667,1.40793088,1.40970407,900
2026-03-15 07:00:00+00:00,2026-03-15 07:14:59.999000+00:00,1.40970407,1.4113,1.4067066,1.40951602,900
2026-03-15 07:15:00+00:00,2026-03-15 07:29:59.999000+00:00,1.4093339,1.41022118,1.4081,1.4082,900
2026-03-15 07:30:00+00:00,2026-03-15 07:44:59.999000+00:00,1.40810182,1.40815597,1.4056,1.4061226,900
2026-03-15 07:45:00+00:00,2026-03-15 07:59:59.999000+00:00,1.4061163,1.40743893,1.4057,1.407,900
2026-03-15 08:00:00+00:00,2026-03-15 08:14:59.999000+00:00,1.407,1.41084105,1.407,1.41000292,900
2026-03-15 08:15:00+00:00,2026-03-15 08:29:59.999000+00:00,1.41,1.41221292,1.40892817,1.409,900
2026-03-15 08:30:00+00:00,2026-03-15 08:44:59.999000+00:00,1.409,1.40985059,1.4079,1.4096,900
2026-03-15 08:45:00+00:00,2026-03-15 08:59:59.999000+00:00,1.4096,1.41277331,1.4096,1.4126,900
2026-03-15 09:00:00+00:00,2026-03-15 09:14:59.999000+00:00,1.4126,1.4164,1.4125981,1.41428547,900
2026-03-15 09:15:00+00:00,2026-03-15 09:29:59.999000+00:00,1.41428545,1.4181,1.41373572,1.41608535,900
2026-03-15 09:30:00+00:00,2026-03-15 09:44:59.999000+00:00,1.41608492,1.4168,1.414,1.4143,900
2026-03-15 09:45:00+00:00,2026-03-15 09:59:59.999000+00:00,1.41419318,1.4155,1.41347572,1.41416576,900
2026-03-15 10:00:00+00:00,2026-03-15 10:14:59.999000+00:00,1.41416104,1.41565822,1.4135122,1.41491304,900
2026-03-15 10:15:00+00:00,2026-03-15 10:29:59.999000+00:00,1.41487408,1.41749946,1.4145,1.4154091,900
2026-03-15 10:30:00+00:00,2026-03-15 10:44:59.999000+00:00,1.4154091,1.41668546,1.41447943,1.4148805,900
2026-03-15 10:45:00+00:00,2026-03-15 10:59:59.999000+00:00,1.41486718,1.4163,1.41441346,1.41580726,900
2026-03-15 11:00:00+00:00,2026-03-15 11:14:59.999000+00:00,1.41580669,1.41584335,1.41383329,1.4145,900
2026-03-15 11:15:00+00:00,2026-03-15 11:29:59.999000+00:00,1.41440529,1.41616612,1.4144,1.4146,900
2026-03-15 11:30:00+00:00,2026-03-15 11:44:59.999000+00:00,1.4146,1.41490325,1.4134,1.41490231,900
2026-03-15 11:45:00+00:00,2026-03-15 11:59:59.999000+00:00,1.41490231,1.42011042,1.41472593,1.4192,900
2026-03-15 12:00:00+00:00,2026-03-15 12:14:59.999000+00:00,1.4192,1.4192,1.4156,1.4168,900
2026-03-15 12:15:00+00:00,2026-03-15 12:29:59.999000+00:00,1.4168,1.4173,1.4143061,1.41660548,900
2026-03-15 12:30:00+00:00,2026-03-15 12:44:59.999000+00:00,1.4166,1.4222,1.41626527,1.41873879,900
2026-03-15 12:45:00+00:00,2026-03-15 12:59:59.999000+00:00,1.4187,1.4245,1.4187,1.4233,900
2026-03-15 13:00:00+00:00,2026-03-15 13:14:59.999000+00:00,1.42320165,1.4296,1.4172,1.422,900
2026-03-15 13:15:00+00:00,2026-03-15 13:29:59.999000+00:00,1.422,1.4267,1.4154,1.4232,900
2026-03-15 13:30:00+00:00,2026-03-15 13:44:59.999000+00:00,1.4232,1.4248,1.41567285,1.41886192,900
2026-03-15 13:45:00+00:00,2026-03-15 13:59:59.999000+00:00,1.4191,1.42294458,1.418,1.42284691,900
2026-03-15 14:00:00+00:00,2026-03-15 14:14:59.999000+00:00,1.42280757,1.42442845,1.4208,1.4234,900
2026-03-15 14:15:00+00:00,2026-03-15 14:29:59.999000+00:00,1.4233,1.4234,1.4169154,1.4177,900
2026-03-15 14:30:00+00:00,2026-03-15 14:44:59.999000+00:00,1.4177,1.4177,1.41230426,1.41433863,900
2026-03-15 14:45:00+00:00,2026-03-15 14:59:59.999000+00:00,1.41433567,1.417,1.4132055,1.4167,900
2026-03-15 15:00:00+00:00,2026-03-15 15:14:59.999000+00:00,1.41667185,1.42195341,1.41601216,1.421,900
2026-03-15 15:15:00+00:00,2026-03-15 15:29:59.999000+00:00,1.421,1.4216,1.415,1.41517688,900
2026-03-15 15:30:00+00:00,2026-03-15 15:44:59.999000+00:00,1.4155,1.419,1.41450797,1.4181,900
2026-03-15 15:45:00+00:00,2026-03-15 15:59:59.999000+00:00,1.4181,1.41813348,1.4143,1.415,900
2026-03-15 16:00:00+00:00,2026-03-15 16:14:59.999000+00:00,1.415,1.41740715,1.4139,1.4149,900
2026-03-15 16:15:00+00:00,2026-03-15 16:29:59.999000+00:00,1.4149,1.4153,1.4091,1.4137,900
2026-03-15 16:30:00+00:00,2026-03-15 16:44:59.999000+00:00,1.4135,1.4157,1.41096706,1.4135,900
2026-03-15 16:45:00+00:00,2026-03-15 16:59:59.999000+00:00,1.4135,1.41443421,1.4107,1.412,900
2026-03-15 17:00:00+00:00,2026-03-15 17:14:59.999000+00:00,1.412,1.4171,1.41145038,1.4151,900
2026-03-15 17:15:00+00:00,2026-03-15 17:29:59.999000+00:00,1.4151,1.4152112,1.4131,1.41357214,900
2026-03-15 17:30:00+00:00,2026-03-15 17:44:59.999000+00:00,1.41351783,1.41404568,1.4122,1.41361938,900
2026-03-15 17:45:00+00:00,2026-03-15 17:59:59.999000+00:00,1.41361938,1.423,1.412708,1.4185,900
2026-03-15 18:00:00+00:00,2026-03-15 18:14:59.999000+00:00,1.4185,1.4202,1.4175,1.41794708,900
2026-03-15 18:15:00+00:00,2026-03-15 18:29:59.999000+00:00,1.41794708,1.41860103,1.4168,1.417,900
2026-03-15 18:30:00+00:00,2026-03-15 18:44:59.999000+00:00,1.4171,1.4193,1.4171,1.41745383,900
2026-03-15 18:45:00+00:00,2026-03-15 18:59:59.999000+00:00,1.41744671,1.41767758,1.4084,1.41001171,900
2026-03-15 19:00:00+00:00,2026-03-15 19:14:59.999000+00:00,1.41001171,1.4130987,1.40911981,1.4125,900
2026-03-15 19:15:00+00:00,2026-03-15 19:29:59.999000+00:00,1.4126,1.4144,1.4111,1.4133,900
2026-03-15 19:30:00+00:00,2026-03-15 19:44:59.999000+00:00,1.4134,1.4143,1.4112,1.4112,900
2026-03-15 19:45:00+00:00,2026-03-15 19:59:59.999000+00:00,1.4112,1.41278227,1.4105,1.41202896,900
2026-03-15 20:00:00+00:00,2026-03-15 20:14:59.999000+00:00,1.41202658,1.4121,1.4097,1.41051215,900
2026-03-15 20:15:00+00:00,2026-03-15 20:29:59.999000+00:00,1.41050893,1.41224518,1.40985471,1.41218626,900
2026-03-15 20:30:00+00:00,2026-03-15 20:44:59.999000+00:00,1.41218148,1.4226,1.41218148,1.4192,900
2026-03-15 20:45:00+00:00,2026-03-15 20:59:59.999000+00:00,1.4192,1.42,1.417,1.4172,900
2026-03-15 21:00:00+00:00,2026-03-15 21:14:59.999000+00:00,1.4172,1.41835526,1.4141574,1.4151,900
2026-03-15 21:15:00+00:00,2026-03-15 21:29:59.999000+00:00,1.4151,1.42,1.415,1.41823264,900
2026-03-15 21:30:00+00:00,2026-03-15 21:44:59.999000+00:00,1.41822479,1.4292,1.41813578,1.426555,900
2026-03-15 21:45:00+00:00,2026-03-15 21:59:59.999000+00:00,1.426555,1.4286,1.4246,1.4267,900
2026-03-15 22:00:00+00:00,2026-03-15 22:14:59.999000+00:00,1.4268,1.4357,1.42337153,1.42432958,900
2026-03-15 22:15:00+00:00,2026-03-15 22:29:59.999000+00:00,1.42432958,1.4296,1.42236368,1.429,900
2026-03-15 22:30:00+00:00,2026-03-15 22:44:59.999000+00:00,1.42907075,1.4570952,1.42902961,1.4513,900
2026-03-15 22:45:00+00:00,2026-03-15 22:59:59.999000+00:00,1.45121453,1.46422022,1.45121453,1.4543,900
2026-03-15 23:00:00+00:00,2026-03-15 23:14:59.999000+00:00,1.4546,1.45716071,1.4482,1.4499,900
2026-03-15 23:15:00+00:00,2026-03-15 23:29:59.999000+00:00,1.45,1.45100065,1.4390622,1.44171036,900
2026-03-15 23:30:00+00:00,2026-03-15 23:44:59.999000+00:00,1.44171529,1.44838568,1.43910831,1.44681289,900
2026-03-15 23:45:00+00:00,2026-03-15 23:59:59.999000+00:00,1.44681549,1.449,1.44463716,1.4485125,900
2026-03-16 00:00:00+00:00,2026-03-16 00:14:59.999000+00:00,1.44851544,1.45750538,1.44826776,1.45,900
2026-03-16 00:15:00+00:00,2026-03-16 00:29:59.999000+00:00,1.45,1.4557,1.44691876,1.4472,900
2026-03-16 00:30:00+00:00,2026-03-16 00:44:59.999000+00:00,1.4472425,1.4498,1.4435,1.4447,900
2026-03-16 00:45:00+00:00,2026-03-16 00:59:59.999000+00:00,1.4447,1.448014,1.4444,1.4461,900
2026-03-16 01:00:00+00:00,2026-03-16 01:14:59.999000+00:00,1.4461,1.4493033,1.4403,1.44054736,900
2026-03-16 01:15:00+00:00,2026-03-16 01:29:59.999000+00:00,1.4406,1.44739722,1.43956998,1.44441614,900
2026-03-16 01:30:00+00:00,2026-03-16 01:44:59.999000+00:00,1.4445,1.4445,1.4385,1.44198107,900
2026-03-16 01:45:00+00:00,2026-03-16 01:59:59.999000+00:00,1.442,1.4498,1.442,1.4465,900
2026-03-16 02:00:00+00:00,2026-03-16 02:14:59.999000+00:00,1.4465,1.4488,1.4422,1.4425,900
2026-03-16 02:15:00+00:00,2026-03-16 02:29:59.999000+00:00,1.4427,1.4431,1.43523738,1.43636822,900
2026-03-16 02:30:00+00:00,2026-03-16 02:44:59.999000+00:00,1.4364,1.4383,1.43576549,1.4381,900
2026-03-16 02:45:00+00:00,2026-03-16 02:59:59.999000+00:00,1.4381,1.44515794,1.4381,1.4424,900
2026-03-16 03:00:00+00:00,2026-03-16 03:14:59.999000+00:00,1.44234865,1.44493496,1.43953517,1.4442,900
2026-03-16 03:15:00+00:00,2026-03-16 03:29:59.999000+00:00,1.4443,1.45387892,1.44284087,1.4528,900
2026-03-16 03:30:00+00:00,2026-03-16 03:44:59.999000+00:00,1.4528,1.47947175,1.4528,1.47000295,900
2026-03-16 03:45:00+00:00,2026-03-16 03:59:59.999000+00:00,1.47007603,1.4714,1.46390047,1.4671179,900
2026-03-16 04:00:00+00:00,2026-03-16 04:14:59.999000+00:00,1.46711942,1.4752,1.46711942,1.4738,900
2026-03-16 04:15:00+00:00,2026-03-16 04:29:59.999000+00:00,1.4739,1.47713068,1.46845822,1.46896803,900
2026-03-16 04:30:00+00:00,2026-03-16 04:44:59.999000+00:00,1.46898169,1.47682707,1.46699838,1.4764,900
2026-03-16 04:45:00+00:00,2026-03-16 04:59:59.999000+00:00,1.47647991,1.48474847,1.47443288,1.47953244,900
2026-03-16 05:00:00+00:00,2026-03-16 05:14:59.999000+00:00,1.47951292,1.48420944,1.47472587,1.47992095,900
2026-03-16 05:15:00+00:00,2026-03-16 05:29:59.999000+00:00,1.4799,1.48113034,1.4765,1.47945295,900
2026-03-16 05:30:00+00:00,2026-03-16 05:44:59.999000+00:00,1.47940724,1.4834,1.4737,1.48273769,900
2026-03-16 05:45:00+00:00,2026-03-16 05:59:59.999000+00:00,1.48273797,1.4843,1.4782,1.4803,900
2026-03-16 06:00:00+00:00,2026-03-16 06:14:59.999000+00:00,1.4805,1.48052283,1.4731,1.476,900
2026-03-16 06:15:00+00:00,2026-03-16 06:29:59.999000+00:00,1.47612692,1.481,1.4756,1.4767,900
2026-03-16 06:30:00+00:00,2026-03-16 06:44:59.999000+00:00,1.4767,1.48122804,1.47539632,1.4789,900
2026-03-16 06:45:00+00:00,2026-03-16 06:59:59.999000+00:00,1.4789,1.47906602,1.4761,1.4764,900
2026-03-16 07:00:00+00:00,2026-03-16 07:14:59.999000+00:00,1.4764,1.487,1.4755,1.4842,899
2026-03-16 07:15:00+00:00,2026-03-16 07:29:59.999000+00:00,1.4842,1.48786509,1.4807,1.48251651,900
2026-03-16 07:30:00+00:00,2026-03-16 07:44:59.999000+00:00,1.48256257,1.48396914,1.47801293,1.4826,900
2026-03-16 07:45:00+00:00,2026-03-16 07:59:59.999000+00:00,1.4826,1.48522863,1.4805399,1.4823,900
2026-03-16 08:00:00+00:00,2026-03-16 08:14:59.999000+00:00,1.4823,1.4887,1.48088919,1.4809,900
2026-03-16 08:15:00+00:00,2026-03-16 08:29:59.999000+00:00,1.4808,1.4842,1.4773,1.4777,900
2026-03-16 08:30:00+00:00,2026-03-16 08:44:59.999000+00:00,1.47774375,1.47807599,1.46689128,1.46689128,900
2026-03-16 08:45:00+00:00,2026-03-16 08:59:59.999000+00:00,1.46628859,1.47068972,1.4642,1.46791688,899
2026-03-16 09:00:00+00:00,2026-03-16 09:14:59.999000+00:00,1.4679081,1.47070486,1.4665078,1.4690529,900
2026-03-16 09:15:00+00:00,2026-03-16 09:29:59.999000+00:00,1.46905309,1.47054096,1.4670972,1.4678,900
2026-03-16 09:30:00+00:00,2026-03-16 09:44:59.999000+00:00,1.468,1.4691,1.4658,1.4675,900
2026-03-16 09:45:00+00:00,2026-03-16 09:59:59.999000+00:00,1.46749845,1.4753,1.46749845,1.47346887,900
2026-03-16 10:00:00+00:00,2026-03-16 10:14:59.999000+00:00,1.47346887,1.47560045,1.47124891,1.4722,900
2026-03-16 10:15:00+00:00,2026-03-16 10:29:59.999000+00:00,1.47221693,1.4739,1.4705,1.4712,900
2026-03-16 10:30:00+00:00,2026-03-16 10:44:59.999000+00:00,1.4711,1.4714,1.46619412,1.46781669,900
2026-03-16 10:45:00+00:00,2026-03-16 10:59:59.999000+00:00,1.46778063,1.475,1.4671,1.47415951,900
2026-03-16 11:00:00+00:00,2026-03-16 11:14:59.999000+00:00,1.4744,1.4749,1.4714,1.4716,900
2026-03-16 11:15:00+00:00,2026-03-16 11:29:59.999000+00:00,1.47160379,1.47285797,1.46612364,1.46630014,900
2026-03-16 11:30:00+00:00,2026-03-16 11:44:59.999000+00:00,1.4663,1.471,1.46594054,1.4699267,900
2026-03-16 11:45:00+00:00,2026-03-16 11:59:59.999000+00:00,1.47,1.471,1.4686,1.469,900
2026-03-16 12:00:00+00:00,2026-03-16 12:14:59.999000+00:00,1.469,1.47505449,1.4689,1.47303707,900
2026-03-16 12:15:00+00:00,2026-03-16 12:29:59.999000+00:00,1.47299388,1.4796,1.47062929,1.4788,900
2026-03-16 12:30:00+00:00,2026-03-16 12:44:59.999000+00:00,1.4788,1.47996521,1.4743,1.477,900
2026-03-16 12:45:00+00:00,2026-03-16 12:59:59.999000+00:00,1.4771,1.47798169,1.47428203,1.4755,900
2026-03-16 13:00:00+00:00,2026-03-16 13:14:59.999000+00:00,1.47548984,1.4795,1.47382187,1.4787,900
2026-03-16 13:15:00+00:00,2026-03-16 13:29:59.999000+00:00,1.4787,1.4792,1.47560408,1.47858948,900
2026-03-16 13:30:00+00:00,2026-03-16 13:44:59.999000+00:00,1.47858357,1.492009,1.47653168,1.4836,900
2026-03-16 13:45:00+00:00,2026-03-16 13:59:59.999000+00:00,1.4836,1.48944079,1.477,1.4815,900
2026-03-16 14:00:00+00:00,2026-03-16 14:14:59.999000+00:00,1.4818,1.4887,1.47926868,1.48753155,900
2026-03-16 14:15:00+00:00,2026-03-16 14:29:59.999000+00:00,1.48752653,1.4904,1.4793588,1.4793588,899
2026-03-16 14:30:00+00:00,2026-03-16 14:44:59.999000+00:00,1.47901293,1.4826,1.4709,1.4758,900
2026-03-16 14:45:00+00:00,2026-03-16 14:59:59.999000+00:00,1.4759,1.50816041,1.47477387,1.50816041,900
2026-03-16 15:00:00+00:00,2026-03-16 15:14:59.999000+00:00,1.5088932,1.51286773,1.4953,1.508,900
2026-03-16 15:15:00+00:00,2026-03-16 15:29:59.999000+00:00,1.508,1.514,1.50264458,1.5103,900
2026-03-16 15:30:00+00:00,2026-03-16 15:44:59.999000+00:00,1.5103,1.51480848,1.4974,1.4981032,900
2026-03-16 15:45:00+00:00,2026-03-16 15:59:59.999000+00:00,1.4981,1.5027,1.49168159,1.4924,900
2026-03-16 16:00:00+00:00,2026-03-16 16:14:59.999000+00:00,1.4924,1.4994,1.49115262,1.4931,900
2026-03-16 16:15:00+00:00,2026-03-16 16:29:59.999000+00:00,1.4931,1.5000278,1.49180407,1.4998,900
2026-03-16 16:30:00+00:00,2026-03-16 16:44:59.999000+00:00,1.4998,1.50583823,1.49761294,1.5028,900
2026-03-16 16:45:00+00:00,2026-03-16 16:59:59.999000+00:00,1.5028,1.5109,1.5011,1.50795451,900
2026-03-16 17:00:00+00:00,2026-03-16 17:14:59.999000+00:00,1.50794708,1.5117,1.5049,1.50764073,900
2026-03-16 17:15:00+00:00,2026-03-16 17:29:59.999000+00:00,1.50764073,1.5097125,1.5055,1.5083,900
2026-03-16 17:30:00+00:00,2026-03-16 17:44:59.999000+00:00,1.50805898,1.51721516,1.5053,1.51371122,900
2026-03-16 17:45:00+00:00,2026-03-16 17:59:59.999000+00:00,1.5137463,1.5181,1.51245073,1.51783599,900
2026-03-16 18:00:00+00:00,2026-03-16 18:14:59.999000+00:00,1.5179,1.5276,1.5158,1.52430418,900
2026-03-16 18:15:00+00:00,2026-03-16 18:29:59.999000+00:00,1.52430764,1.54386532,1.52240608,1.54083719,900
2026-03-16 18:30:00+00:00,2026-03-16 18:44:59.999000+00:00,1.54076978,1.54164598,1.5314,1.53793221,900
2026-03-16 18:45:00+00:00,2026-03-16 18:59:59.999000+00:00,1.53788009,1.53938025,1.5322,1.5348,900
2026-03-16 19:00:00+00:00,2026-03-16 19:14:59.999000+00:00,1.5349,1.54189964,1.5286,1.5385,900
2026-03-16 19:15:00+00:00,2026-03-16 19:29:59.999000+00:00,1.5385,1.5416,1.53,1.5356,900
2026-03-16 19:30:00+00:00,2026-03-16 19:44:59.999000+00:00,1.5355,1.53683904,1.52915952,1.52952419,900
2026-03-16 19:45:00+00:00,2026-03-16 19:59:59.999000+00:00,1.52952419,1.53057801,1.5203,1.5283,900
2026-03-16 20:00:00+00:00,2026-03-16 20:14:59.999000+00:00,1.52811975,1.5299,1.52426125,1.52600599,900
2026-03-16 20:15:00+00:00,2026-03-16 20:29:59.999000+00:00,1.52594155,1.5292,1.5243,1.52788269,900
2026-03-16 20:30:00+00:00,2026-03-16 20:44:59.999000+00:00,1.52766469,1.53025446,1.5228,1.5237,900
2026-03-16 20:45:00+00:00,2026-03-16 20:59:59.999000+00:00,1.5237,1.5283,1.52297604,1.5278,900
2026-03-16 21:00:00+00:00,2026-03-16 21:14:59.999000+00:00,1.52766583,1.53368419,1.5256,1.53,900
2026-03-16 21:15:00+00:00,2026-03-16 21:29:59.999000+00:00,1.53,1.53194246,1.5255,1.52814597,900
2026-03-16 21:30:00+00:00,2026-03-16 21:44:59.999000+00:00,1.52810263,1.53933846,1.5267,1.53066145,900
2026-03-16 21:45:00+00:00,2026-03-16 21:59:59.999000+00:00,1.5307,1.5355,1.5271248,1.5271248,900
2026-03-16 22:00:00+00:00,2026-03-16 22:14:59.999000+00:00,1.5271248,1.5409,1.52710717,1.54062929,900
2026-03-16 22:15:00+00:00,2026-03-16 22:29:59.999000+00:00,1.54061325,1.5422,1.5344,1.53795989,900
2026-03-16 22:30:00+00:00,2026-03-16 22:44:59.999000+00:00,1.53793263,1.544,1.5374374,1.54379258,900
2026-03-16 22:45:00+00:00,2026-03-16 22:59:59.999000+00:00,1.54373212,1.5516,1.54303238,1.5506,900
2026-03-16 23:00:00+00:00,2026-03-16 23:14:59.999000+00:00,1.5506,1.5508,1.5367,1.54016319,900
2026-03-16 23:15:00+00:00,2026-03-16 23:29:59.999000+00:00,1.5402,1.54612179,1.53994129,1.54561864,900
2026-03-16 23:30:00+00:00,2026-03-16 23:44:59.999000+00:00,1.5458,1.55104179,1.5442,1.549,900
2026-03-16 23:45:00+00:00,2026-03-16 23:59:59.999000+00:00,1.54878761,1.5507,1.54026991,1.5422,900
2026-03-17 00:00:00+00:00,2026-03-17 00:14:59.999000+00:00,1.54213789,1.5537,1.53532637,1.5504,900
2026-03-17 00:15:00+00:00,2026-03-17 00:29:59.999000+00:00,1.55042081,1.55376951,1.5335,1.539675,900
2026-03-17 00:30:00+00:00,2026-03-17 00:44:59.999000+00:00,1.539675,1.54467431,1.5353,1.53800098,900
2026-03-17 00:45:00+00:00,2026-03-17 00:59:59.999000+00:00,1.53782351,1.5446,1.5357,1.5446,900
2026-03-17 01:00:00+00:00,2026-03-17 01:14:59.999000+00:00,1.5446,1.57180895,1.5436,1.56423148,900
2026-03-17 01:15:00+00:00,2026-03-17 01:29:59.999000+00:00,1.56410642,1.5739,1.5572,1.5729,900
2026-03-17 01:30:00+00:00,2026-03-17 01:44:59.999000+00:00,1.5733,1.57721405,1.5591,1.5644,900
2026-03-17 01:45:00+00:00,2026-03-17 01:59:59.999000+00:00,1.56410835,1.5709,1.561,1.57024655,900
2026-03-17 02:00:00+00:00,2026-03-17 02:14:59.999000+00:00,1.57024655,1.5777,1.5606,1.5711028,900
2026-03-17 02:15:00+00:00,2026-03-17 02:29:59.999000+00:00,1.57119124,1.5786,1.5654,1.5666,900
2026-03-17 02:30:00+00:00,2026-03-17 02:44:59.999000+00:00,1.567,1.599,1.567,1.59816485,900
2026-03-17 02:45:00+00:00,2026-03-17 02:59:59.999000+00:00,1.59817651,1.60634316,1.59274317,1.59328606,900
2026-03-17 03:00:00+00:00,2026-03-17 03:14:59.999000+00:00,1.59322464,1.59446602,1.57620452,1.57781072,900
2026-03-17 03:15:00+00:00,2026-03-17 03:29:59.999000+00:00,1.5776,1.5782,1.5637449,1.56430208,900
2026-03-17 03:30:00+00:00,2026-03-17 03:44:59.999000+00:00,1.5645,1.5648,1.54159034,1.5431,900
2026-03-17 03:45:00+00:00,2026-03-17 03:59:59.999000+00:00,1.5432,1.54447222,1.53389228,1.5431697,900
2026-03-17 04:00:00+00:00,2026-03-17 04:14:59.999000+00:00,1.5435,1.5504,1.541,1.5495,900
2026-03-17 04:15:00+00:00,2026-03-17 04:29:59.999000+00:00,1.5495,1.5517,1.5376,1.5388,900
2026-03-17 04:30:00+00:00,2026-03-17 04:44:59.999000+00:00,1.5388,1.5415,1.5231,1.52738032,900
2026-03-17 04:45:00+00:00,2026-03-17 04:59:59.999000+00:00,1.5272,1.5326,1.5272,1.5296,900
2026-03-17 05:00:00+00:00,2026-03-17 05:14:59.999000+00:00,1.5296,1.5315,1.52322289,1.5244,900
2026-03-17 05:15:00+00:00,2026-03-17 05:29:59.999000+00:00,1.52426904,1.5307,1.524,1.5289117,900
2026-03-17 05:30:00+00:00,2026-03-17 05:44:59.999000+00:00,1.52889831,1.52890584,1.5126,1.5146,900
2026-03-17 05:45:00+00:00,2026-03-17 05:59:59.999000+00:00,1.5144,1.5172,1.51,1.515,900
2026-03-17 06:00:00+00:00,2026-03-17 06:14:59.999000+00:00,1.5149856,1.5163,1.50470883,1.51622455,900
2026-03-17 06:15:00+00:00,2026-03-17 06:29:59.999000+00:00,1.51622218,1.5221,1.51377813,1.52039428,900
2026-03-17 06:30:00+00:00,2026-03-17 06:44:59.999000+00:00,1.5204,1.5223,1.514,1.5147,900
2026-03-17 06:45:00+00:00,2026-03-17 06:59:59.999000+00:00,1.5146257,1.5163895,1.5125,1.51623225,900
2026-03-17 07:00:00+00:00,2026-03-17 07:14:59.999000+00:00,1.51623506,1.5272,1.5158,1.5257,900
2026-03-17 07:15:00+00:00,2026-03-17 07:29:59.999000+00:00,1.5257,1.54258737,1.5253,1.53755533,900
2026-03-17 07:30:00+00:00,2026-03-17 07:44:59.999000+00:00,1.53756144,1.53760625,1.5316,1.5332,900
2026-03-17 07:45:00+00:00,2026-03-17 07:59:59.999000+00:00,1.5333,1.5338,1.52865549,1.5293,900
2026-03-17 08:00:00+00:00,2026-03-17 08:14:59.999000+00:00,1.5292,1.532,1.5257,1.52923405,900
2026-03-17 08:15:00+00:00,2026-03-17 08:29:59.999000+00:00,1.52923405,1.53099524,1.52495942,1.52835535,900
2026-03-17 08:30:00+00:00,2026-03-17 08:44:59.999000+00:00,1.52835535,1.5306,1.52540744,1.5278049,900
2026-03-17 08:45:00+00:00,2026-03-17 08:59:59.999000+00:00,1.52780217,1.5281,1.5189,1.52013578,900
2026-03-17 09:00:00+00:00,2026-03-17 09:14:59.999000+00:00,1.5202,1.52026875,1.51382746,1.51444888,900
2026-03-17 09:15:00+00:00,2026-03-17 09:29:59.999000+00:00,1.51440687,1.52272377,1.51215665,1.52106399,900
2026-03-17 09:30:00+00:00,2026-03-17 09:44:59.999000+00:00,1.52092126,1.52092126,1.5156,1.5162,900
2026-03-17 09:45:00+00:00,2026-03-17 09:59:59.999000+00:00,1.51637309,1.51671835,1.50855815,1.5115,900
2026-03-17 10:00:00+00:00,2026-03-17 10:14:59.999000+00:00,1.5116,1.5119,1.50391554,1.50614044,900
2026-03-17 10:15:00+00:00,2026-03-17 10:29:59.999000+00:00,1.5062,1.51090602,1.5024,1.5085,900
2026-03-17 10:30:00+00:00,2026-03-17 10:44:59.999000+00:00,1.5085,1.51118117,1.5068497,1.51039,900
2026-03-17 10:45:00+00:00,2026-03-17 10:59:59.999000+00:00,1.51039,1.51095328,1.50701319,1.5082,900
2026-03-17 11:00:00+00:00,2026-03-17 11:14:59.999000+00:00,1.5083,1.513,1.5066296,1.51262686,900
2026-03-17 11:15:00+00:00,2026-03-17 11:29:59.999000+00:00,1.51251025,1.51655108,1.51102523,1.5152,900
2026-03-17 11:30:00+00:00,2026-03-17 11:44:59.999000+00:00,1.5151,1.51774557,1.51282471,1.51282794,900
2026-03-17 11:45:00+00:00,2026-03-17 11:59:59.999000+00:00,1.5128,1.5155,1.5087,1.5088,900
2026-03-17 12:00:00+00:00,2026-03-17 12:14:59.999000+00:00,1.5088,1.5128,1.5049,1.50849432,900
2026-03-17 12:15:00+00:00,2026-03-17 12:29:59.999000+00:00,1.5084995,1.514,1.50362563,1.50709081,900
2026-03-17 12:30:00+00:00,2026-03-17 12:44:59.999000+00:00,1.50701442,1.508,1.50152625,1.50624626,900
2026-03-17 12:45:00+00:00,2026-03-17 12:59:59.999000+00:00,1.5063,1.5063,1.5017,1.5042,900
2026-03-17 13:00:00+00:00,2026-03-17 13:14:59.999000+00:00,1.5043,1.5087,1.50384264,1.5075,900
2026-03-17 13:15:00+00:00,2026-03-17 13:29:59.999000+00:00,1.50754768,1.5094,1.50504559,1.50651445,900
2026-03-17 13:30:00+00:00,2026-03-17 13:44:59.999000+00:00,1.50651445,1.51645419,1.5013012,1.5045,900
2026-03-17 13:45:00+00:00,2026-03-17 13:59:59.999000+00:00,1.5045,1.511,1.49622758,1.50323406,900
2026-03-17 14:00:00+00:00,2026-03-17 14:14:59.999000+00:00,1.50302285,1.5031,1.49451424,1.500768,900
2026-03-17 14:15:00+00:00,2026-03-17 14:29:59.999000+00:00,1.50033988,1.50744516,1.4954,1.5057,900
2026-03-17 14:30:00+00:00,2026-03-17 14:44:59.999000+00:00,1.5058,1.5106,1.50441699,1.50643284,900
2026-03-17 14:45:00+00:00,2026-03-17 14:59:59.999000+00:00,1.50642862,1.51261522,1.5053,1.5115,900
2026-03-17 15:00:00+00:00,2026-03-17 15:14:59.999000+00:00,1.5115,1.5211,1.50703801,1.5082126,900
2026-03-17 15:15:00+00:00,2026-03-17 15:29:59.999000+00:00,1.5083,1.5148,1.50778369,1.50970536,900
2026-03-17 15:30:00+00:00,2026-03-17 15:44:59.999000+00:00,1.50972221,1.51356492,1.5023,1.507,900
2026-03-17 15:45:00+00:00,2026-03-17 15:59:59.999000+00:00,1.507,1.5152,1.5048,1.51270131,900
2026-03-17 16:00:00+00:00,2026-03-17 16:14:59.999000+00:00,1.51271044,1.51521296,1.51145413,1.51193787,900
2026-03-17 16:15:00+00:00,2026-03-17 16:29:59.999000+00:00,1.51193787,1.53599108,1.511,1.5211,900
2026-03-17 16:30:00+00:00,2026-03-17 16:44:59.999000+00:00,1.5212,1.52396313,1.50139315,1.51637275,900
2026-03-17 16:45:00+00:00,2026-03-17 16:59:59.999000+00:00,1.51628078,1.5198,1.51322817,1.51788926,900
2026-03-17 17:00:00+00:00,2026-03-17 17:14:59.999000+00:00,1.51786203,1.52280425,1.5163,1.5211,900
2026-03-17 17:15:00+00:00,2026-03-17 17:29:59.999000+00:00,1.521,1.52945608,1.51935567,1.52555122,900
2026-03-17 17:30:00+00:00,2026-03-17 17:44:59.999000+00:00,1.5256,1.5278,1.52293284,1.52741534,900
2026-03-17 17:45:00+00:00,2026-03-17 17:59:59.999000+00:00,1.52743513,1.5307,1.52604262,1.5299,900
2026-03-17 18:00:00+00:00,2026-03-17 18:14:59.999000+00:00,1.52989478,1.5312,1.5268,1.52681816,900
2026-03-17 18:15:00+00:00,2026-03-17 18:29:59.999000+00:00,1.52681816,1.53004012,1.52440817,1.5268,900
2026-03-17 18:30:00+00:00,2026-03-17 18:44:59.999000+00:00,1.52680485,1.53623417,1.5264839,1.5342,900
2026-03-17 18:45:00+00:00,2026-03-17 18:59:59.999000+00:00,1.53438284,1.5374,1.5319961,1.5356,900
2026-03-17 19:00:00+00:00,2026-03-17 19:14:59.999000+00:00,1.5357,1.53721694,1.5325,1.5332,900
2026-03-17 19:15:00+00:00,2026-03-17 19:29:59.999000+00:00,1.5331,1.53565892,1.5304,1.5327,900
2026-03-17 19:30:00+00:00,2026-03-17 19:44:59.999000+00:00,1.53265938,1.53996274,1.53071712,1.5375,900
2026-03-17 19:45:00+00:00,2026-03-17 19:59:59.999000+00:00,1.5374,1.5378,1.52922744,1.5327,900
2026-03-17 20:00:00+00:00,2026-03-17 20:14:59.999000+00:00,1.5326,1.5349,1.52733311,1.5275,900
2026-03-17 20:15:00+00:00,2026-03-17 20:29:59.999000+00:00,1.5275,1.53465896,1.5274,1.5336,900
2026-03-17 20:30:00+00:00,2026-03-17 20:44:59.999000+00:00,1.5337,1.53422281,1.5311,1.5329,900
2026-03-17 20:45:00+00:00,2026-03-17 20:59:59.999000+00:00,1.5326,1.53393418,1.53161183,1.53201205,900
2026-03-17 21:00:00+00:00,2026-03-17 21:14:59.999000+00:00,1.53200659,1.53525364,1.5261,1.5341,900
2026-03-17 21:15:00+00:00,2026-03-17 21:29:59.999000+00:00,1.5341,1.53506066,1.5287,1.52934221,900
2026-03-17 21:30:00+00:00,2026-03-17 21:44:59.999000+00:00,1.52934221,1.5339,1.52623382,1.5328,900
2026-03-17 21:45:00+00:00,2026-03-17 21:59:59.999000+00:00,1.5328,1.53394844,1.5285,1.5293,900
2026-03-17 22:00:00+00:00,2026-03-17 22:14:59.999000+00:00,1.5293,1.5359,1.52781112,1.5319,900
2026-03-17 22:15:00+00:00,2026-03-17 22:29:59.999000+00:00,1.5319,1.5337,1.52697156,1.52771528,900
2026-03-17 22:30:00+00:00,2026-03-17 22:44:59.999000+00:00,1.52767844,1.528,1.52033974,1.5247,900
2026-03-17 22:45:00+00:00,2026-03-17 22:59:59.999000+00:00,1.5248,1.5281,1.5241789,1.5272,900
2026-03-17 23:00:00+00:00,2026-03-17 23:14:59.999000+00:00,1.5272,1.53,1.5253,1.5276,900
2026-03-17 23:15:00+00:00,2026-03-17 23:29:59.999000+00:00,1.52755197,1.528,1.5216,1.52444552,900
2026-03-17 23:30:00+00:00,2026-03-17 23:44:59.999000+00:00,1.52440362,1.52440362,1.51749962,1.51810989,900
2026-03-17 23:45:00+00:00,2026-03-17 23:59:59.999000+00:00,1.5182,1.5202,1.51701659,1.5177,900
2026-03-18 00:00:00+00:00,2026-03-18 00:14:59.999000+00:00,1.51768199,1.5208,1.51642522,1.51657874,900
2026-03-18 00:15:00+00:00,2026-03-18 00:29:59.999000+00:00,1.5166,1.5173,1.5119,1.51252303,900
2026-03-18 00:30:00+00:00,2026-03-18 00:44:59.999000+00:00,1.5124,1.5124,1.50858937,1.5117,900
2026-03-18 00:45:00+00:00,2026-03-18 00:59:59.999000+00:00,1.5118,1.5164476,1.5118,1.51481214,900
2026-03-18 01:00:00+00:00,2026-03-18 01:14:59.999000+00:00,1.5149,1.5214,1.5149,1.51965663,900
2026-03-18 01:15:00+00:00,2026-03-18 01:29:59.999000+00:00,1.51965663,1.52163715,1.5179,1.5183,900
2026-03-18 01:30:00+00:00,2026-03-18 01:44:59.999000+00:00,1.5182,1.52260944,1.51667623,1.51794716,900
2026-03-18 01:45:00+00:00,2026-03-18 01:59:59.999000+00:00,1.5181,1.52,1.51361401,1.51466929,900
2026-03-18 02:00:00+00:00,2026-03-18 02:14:59.999000+00:00,1.51474894,1.52485458,1.5142,1.5242,900
2026-03-18 02:15:00+00:00,2026-03-18 02:29:59.999000+00:00,1.5242,1.5249,1.5209,1.52166166,900
2026-03-18 02:30:00+00:00,2026-03-18 02:44:59.999000+00:00,1.52166576,1.5306,1.52165345,1.5277,900
2026-03-18 02:45:00+00:00,2026-03-18 02:59:59.999000+00:00,1.5277,1.5295,1.52556621,1.52622422,900
2026-03-18 03:00:00+00:00,2026-03-18 03:14:59.999000+00:00,1.5263,1.52980272,1.525,1.5261,900
2026-03-18 03:15:00+00:00,2026-03-18 03:29:59.999000+00:00,1.52613297,1.53503426,1.52613297,1.5343,900
2026-03-18 03:30:00+00:00,2026-03-18 03:44:59.999000+00:00,1.5342,1.5392,1.53221273,1.5352,900
2026-03-18 03:45:00+00:00,2026-03-18 03:59:59.999000+00:00,1.5351,1.53853577,1.53262002,1.5383,900
2026-03-18 04:00:00+00:00,2026-03-18 04:14:59.999000+00:00,1.53827701,1.5404,1.53457222,1.53707096,900
2026-03-18 04:15:00+00:00,2026-03-18 04:29:59.999000+00:00,1.5371,1.5392,1.5262,1.52639359,900
2026-03-18 04:30:00+00:00,2026-03-18 04:44:59.999000+00:00,1.52640104,1.5266,1.52290775,1.5248,900
2026-03-18 04:45:00+00:00,2026-03-18 04:59:59.999000+00:00,1.52470829,1.526,1.52416489,1.526,900
2026-03-18 05:00:00+00:00,2026-03-18 05:14:59.999000+00:00,1.5259,1.5344,1.5253,1.534,900
2026-03-18 05:15:00+00:00,2026-03-18 05:29:59.999000+00:00,1.5339,1.5366,1.52834544,1.52885517,900
2026-03-18 05:30:00+00:00,2026-03-18 05:44:59.999000+00:00,1.52889225,1.5314,1.5265697,1.52696322,900
2026-03-18 05:45:00+00:00,2026-03-18 05:59:59.999000+00:00,1.52692873,1.52909886,1.52071611,1.5228,900
2026-03-18 06:00:00+00:00,2026-03-18 06:14:59.999000+00:00,1.5228,1.52601305,1.52273888,1.52568278,900
2026-03-18 06:15:00+00:00,2026-03-18 06:29:59.999000+00:00,1.5257,1.5295,1.5233,1.5284,900
2026-03-18 06:30:00+00:00,2026-03-18 06:44:59.999000+00:00,1.5283,1.53,1.5237,1.5243,900
2026-03-18 06:45:00+00:00,2026-03-18 06:59:59.999000+00:00,1.5244,1.52627245,1.52368181,1.52380783,899
2026-03-18 07:00:00+00:00,2026-03-18 07:14:59.999000+00:00,1.52381015,1.5239,1.51834782,1.5213,899
2026-03-18 07:15:00+00:00,2026-03-18 07:29:59.999000+00:00,1.5213,1.5218881,1.51639073,1.5177,900
2026-03-18 07:30:00+00:00,2026-03-18 07:44:59.999000+00:00,1.51761962,1.51764396,1.5148,1.51500329,900
2026-03-18 07:45:00+00:00,2026-03-18 07:59:59.999000+00:00,1.5151,1.51951236,1.5141,1.51916058,900
2026-03-18 08:00:00+00:00,2026-03-18 08:14:59.999000+00:00,1.51918009,1.52478593,1.5187,1.5225,900
2026-03-18 08:15:00+00:00,2026-03-18 08:29:59.999000+00:00,1.5226,1.5239,1.5209145,1.5229,900
2026-03-18 08:30:00+00:00,2026-03-18 08:44:59.999000+00:00,1.52293382,1.5238,1.5202,1.5218,900
2026-03-18 08:45:00+00:00,2026-03-18 08:59:59.999000+00:00,1.5218,1.52320145,1.5200708,1.52153569,900
2026-03-18 09:00:00+00:00,2026-03-18 09:14:59.999000+00:00,1.52154296,1.5239,1.52021781,1.52292492,900
2026-03-18 09:15:00+00:00,2026-03-18 09:29:59.999000+00:00,1.52293171,1.52480613,1.52219592,1.523,900
2026-03-18 09:30:00+00:00,2026-03-18 09:44:59.999000+00:00,1.523,1.52670961,1.5228,1.5253,900
2026-03-18 09:45:00+00:00,2026-03-18 09:59:59.999000+00:00,1.5253,1.52585741,1.5215,1.52305083,900
2026-03-18 10:00:00+00:00,2026-03-18 10:14:59.999000+00:00,1.52304454,1.5238,1.5169,1.5201,900
2026-03-18 10:15:00+00:00,2026-03-18 10:29:59.999000+00:00,1.52006133,1.5201,1.51736332,1.5178,900
2026-03-18 10:30:00+00:00,2026-03-18 10:44:59.999000+00:00,1.5178,1.5191,1.50951706,1.51019369,900
2026-03-18 10:45:00+00:00,2026-03-18 10:59:59.999000+00:00,1.51011198,1.51144145,1.50910393,1.51037584,900
2026-03-18 11:00:00+00:00,2026-03-18 11:14:59.999000+00:00,1.51036971,1.51139606,1.50312725,1.5095,900
2026-03-18 11:15:00+00:00,2026-03-18 11:29:59.999000+00:00,1.5095,1.5113708,1.50199737,1.5024,900
2026-03-18 11:30:00+00:00,2026-03-18 11:44:59.999000+00:00,1.5023,1.5038,1.4835,1.49140214,900
2026-03-18 11:45:00+00:00,2026-03-18 11:59:59.999000+00:00,1.49140214,1.49157289,1.48598359,1.48919883,900
2026-03-18 12:00:00+00:00,2026-03-18 12:14:59.999000+00:00,1.48918795,1.49009701,1.48347561,1.48706372,900
2026-03-18 12:15:00+00:00,2026-03-18 12:29:59.999000+00:00,1.4872,1.4888445,1.4786915,1.47926132,900
2026-03-18 12:30:00+00:00,2026-03-18 12:44:59.999000+00:00,1.4793,1.4793,1.45735609,1.4677,900
2026-03-18 12:45:00+00:00,2026-03-18 12:59:59.999000+00:00,1.4676312,1.4676312,1.46049947,1.46362384,900
2026-03-18 13:00:00+00:00,2026-03-18 13:14:59.999000+00:00,1.46346483,1.46782414,1.456,1.4652,900
2026-03-18 13:15:00+00:00,2026-03-18 13:29:59.999000+00:00,1.4651728,1.4678,1.4599,1.466,900
2026-03-18 13:30:00+00:00,2026-03-18 13:44:59.999000+00:00,1.4659,1.47307659,1.4625971,1.46831791,900
2026-03-18 13:45:00+00:00,2026-03-18 13:59:59.999000+00:00,1.46846435,1.47115942,1.46248166,1.46580085,900
2026-03-18 14:00:00+00:00,2026-03-18 14:14:59.999000+00:00,1.46580085,1.467422,1.45822927,1.4584,900
2026-03-18 14:15:00+00:00,2026-03-18 14:29:59.999000+00:00,1.4585,1.461,1.45162756,1.45334995,900
2026-03-18 14:30:00+00:00,2026-03-18 14:44:59.999000+00:00,1.45324956,1.45575632,1.44875176,1.4493402,900
2026-03-18 14:45:00+00:00,2026-03-18 14:59:59.999000+00:00,1.4495,1.4533,1.44368998,1.445,900
2026-03-18 15:00:00+00:00,2026-03-18 15:14:59.999000+00:00,1.445,1.4517,1.439,1.4411,900
2026-03-18 15:15:00+00:00,2026-03-18 15:29:59.999000+00:00,1.4413,1.4472,1.4396,1.4455,900
2026-03-18 15:30:00+00:00,2026-03-18 15:44:59.999000+00:00,1.4453,1.44893124,1.44152482,1.4422,900
2026-03-18 15:45:00+00:00,2026-03-18 15:59:59.999000+00:00,1.44192416,1.44349797,1.4382,1.44101721,900
2026-03-18 16:00:00+00:00,2026-03-18 16:14:59.999000+00:00,1.44029461,1.44301366,1.4391083,1.43922101,900
2026-03-18 16:15:00+00:00,2026-03-18 16:29:59.999000+00:00,1.43922101,1.44077676,1.43718077,1.43924717,900
2026-03-18 16:30:00+00:00,2026-03-18 16:44:59.999000+00:00,1.4392377,1.44327862,1.43521454,1.44315936,900
2026-03-18 16:45:00+00:00,2026-03-18 16:59:59.999000+00:00,1.44311239,1.4460233,1.44077517,1.4416,900
2026-03-18 17:00:00+00:00,2026-03-18 17:14:59.999000+00:00,1.4417,1.44287692,1.43949303,1.4401,900
2026-03-18 17:15:00+00:00,2026-03-18 17:29:59.999000+00:00,1.4402,1.4483,1.43911039,1.4483,900
2026-03-18 17:30:00+00:00,2026-03-18 17:44:59.999000+00:00,1.44821836,1.4548,1.4459,1.454,900
2026-03-18 17:45:00+00:00,2026-03-18 17:59:59.999000+00:00,1.45390591,1.45823963,1.45365094,1.4556,900
2026-03-18 18:00:00+00:00,2026-03-18 18:14:59.999000+00:00,1.4556,1.4658,1.45532306,1.46392156,900
2026-03-18 18:15:00+00:00,2026-03-18 18:29:59.999000+00:00,1.46388489,1.46388489,1.45446867,1.4585,900
2026-03-18 18:30:00+00:00,2026-03-18 18:44:59.999000+00:00,1.4585,1.46399872,1.45742699,1.46131438,900
2026-03-18 18:45:00+00:00,2026-03-18 18:59:59.999000+00:00,1.46131438,1.46131438,1.44758935,1.45180395,900
2026-03-18 19:00:00+00:00,2026-03-18 19:14:59.999000+00:00,1.45180608,1.45960753,1.45158636,1.4556,900
2026-03-18 19:15:00+00:00,2026-03-18 19:29:59.999000+00:00,1.45552719,1.4592,1.45167567,1.4531,900
2026-03-18 19:30:00+00:00,2026-03-18 19:44:59.999000+00:00,1.4531,1.4556,1.4514,1.4521,900
2026-03-18 19:45:00+00:00,2026-03-18 19:59:59.999000+00:00,1.4523,1.45364796,1.44801484,1.4485,900
2026-03-18 20:00:00+00:00,2026-03-18 20:14:59.999000+00:00,1.4485,1.45075665,1.4415,1.44968022,900
2026-03-18 20:15:00+00:00,2026-03-18 20:29:59.999000+00:00,1.44970722,1.45309082,1.449,1.45232877,900
2026-03-18 20:30:00+00:00,2026-03-18 20:44:59.999000+00:00,1.4524,1.45905734,1.45155938,1.4575254,900
2026-03-18 20:45:00+00:00,2026-03-18 20:59:59.999000+00:00,1.4577,1.46081517,1.45601162,1.45845414,900
2026-03-18 21:00:00+00:00,2026-03-18 21:14:59.999000+00:00,1.45846156,1.46191892,1.45751634,1.4608,900
2026-03-18 21:15:00+00:00,2026-03-18 21:29:59.999000+00:00,1.4607,1.47122351,1.46034949,1.46914085,900
2026-03-18 21:30:00+00:00,2026-03-18 21:44:59.999000+00:00,1.46918567,1.46934149,1.46304054,1.4668,900
2026-03-18 21:45:00+00:00,2026-03-18 21:59:59.999000+00:00,1.46673644,1.4677,1.4650863,1.46626588,900
2026-03-18 22:00:00+00:00,2026-03-18 22:14:59.999000+00:00,1.46618399,1.4671,1.4588,1.46,900
2026-03-18 22:15:00+00:00,2026-03-18 22:29:59.999000+00:00,1.46,1.4631,1.45936762,1.46253607,900
2026-03-18 22:30:00+00:00,2026-03-18 22:44:59.999000+00:00,1.46253168,1.46335803,1.45936586,1.4604,900
2026-03-18 22:45:00+00:00,2026-03-18 22:59:59.999000+00:00,1.46044983,1.46191582,1.4597,1.4617461,900
2026-03-18 23:00:00+00:00,2026-03-18 23:14:59.999000+00:00,1.46174174,1.4639145,1.45941271,1.45941925,900
2026-03-18 23:15:00+00:00,2026-03-18 23:29:59.999000+00:00,1.45941925,1.46206834,1.4571,1.462,900
2026-03-18 23:30:00+00:00,2026-03-18 23:44:59.999000+00:00,1.4619,1.4652,1.46185975,1.46307062,900
2026-03-18 23:45:00+00:00,2026-03-18 23:59:59.999000+00:00,1.46278347,1.46411034,1.4613,1.4639,900
2026-03-19 00:00:00+00:00,2026-03-19 00:14:59.999000+00:00,1.464,1.4642,1.45864117,1.46151066,900
2026-03-19 00:15:00+00:00,2026-03-19 00:29:59.999000+00:00,1.46148643,1.4632,1.4588,1.46274394,900
2026-03-19 00:30:00+00:00,2026-03-19 00:44:59.999000+00:00,1.46272791,1.4639,1.459,1.459,900
2026-03-19 00:45:00+00:00,2026-03-19 00:59:59.999000+00:00,1.45901392,1.46101674,1.45859977,1.46044487,900
2026-03-19 01:00:00+00:00,2026-03-19 01:14:59.999000+00:00,1.46042362,1.4629,1.4573,1.4584135,900
2026-03-19 01:15:00+00:00,2026-03-19 01:29:59.999000+00:00,1.4584135,1.45982423,1.45617275,1.45968976,900
2026-03-19 01:30:00+00:00,2026-03-19 01:44:59.999000+00:00,1.45969264,1.4661,1.4588,1.4658,900
2026-03-19 01:45:00+00:00,2026-03-19 01:59:59.999000+00:00,1.4658,1.46661494,1.4609,1.4609,900
2026-03-19 02:00:00+00:00,2026-03-19 02:14:59.999000+00:00,1.4609,1.46288904,1.4552,1.4615,900
2026-03-19 02:15:00+00:00,2026-03-19 02:29:59.999000+00:00,1.4615,1.46361922,1.4599,1.46141528,900
2026-03-19 02:30:00+00:00,2026-03-19 02:44:59.999000+00:00,1.46134978,1.4620113,1.45978668,1.46095349,900
2026-03-19 02:45:00+00:00,2026-03-19 02:59:59.999000+00:00,1.4608,1.4608,1.4562,1.4569,900
2026-03-19 03:00:00+00:00,2026-03-19 03:14:59.999000+00:00,1.457,1.4624,1.4568,1.46218197,900
2026-03-19 03:15:00+00:00,2026-03-19 03:29:59.999000+00:00,1.46201112,1.4779,1.461,1.4764,900
2026-03-19 03:30:00+00:00,2026-03-19 03:44:59.999000+00:00,1.4764,1.47765438,1.4697,1.4717,900
2026-03-19 03:45:00+00:00,2026-03-19 03:59:59.999000+00:00,1.4717,1.476,1.4711,1.4735,900
2026-03-19 04:00:00+00:00,2026-03-19 04:14:59.999000+00:00,1.4735,1.47350028,1.4635,1.4673,900
2026-03-19 04:15:00+00:00,2026-03-19 04:29:59.999000+00:00,1.4673,1.4681,1.46292397,1.4647,900
2026-03-19 04:30:00+00:00,2026-03-19 04:44:59.999000+00:00,1.4647,1.46884809,1.4639,1.4674,900
2026-03-19 04:45:00+00:00,2026-03-19 04:59:59.999000+00:00,1.4673,1.4678,1.46458471,1.4658,900
2026-03-19 05:00:00+00:00,2026-03-19 05:14:59.999000+00:00,1.46577061,1.46696817,1.4628,1.4637,900
2026-03-19 05:15:00+00:00,2026-03-19 05:29:59.999000+00:00,1.4637,1.4668338,1.4599,1.4605,900
2026-03-19 05:30:00+00:00,2026-03-19 05:44:59.999000+00:00,1.4605,1.46523612,1.4587,1.4646,900
2026-03-19 05:45:00+00:00,2026-03-19 05:59:59.999000+00:00,1.4646,1.46626657,1.463,1.46622056,900
2026-03-19 06:00:00+00:00,2026-03-19 06:14:59.999000+00:00,1.4661211,1.4739,1.46405593,1.4721,900
2026-03-19 06:15:00+00:00,2026-03-19 06:29:59.999000+00:00,1.4721,1.4802,1.4679,1.46847858,900
2026-03-19 06:30:00+00:00,2026-03-19 06:44:59.999000+00:00,1.46839707,1.46921403,1.46322494,1.4675,900
2026-03-19 06:45:00+00:00,2026-03-19 06:59:59.999000+00:00,1.4677,1.4716,1.46649212,1.4682,900
2026-03-19 07:00:00+00:00,2026-03-19 07:14:59.999000+00:00,1.4682,1.4698,1.4622,1.4623,900
2026-03-19 07:15:00+00:00,2026-03-19 07:29:59.999000+00:00,1.46227506,1.4636,1.4502,1.45759138,900
2026-03-19 07:30:00+00:00,2026-03-19 07:44:59.999000+00:00,1.4575,1.46585313,1.45672119,1.46336644,900
2026-03-19 07:45:00+00:00,2026-03-19 07:59:59.999000+00:00,1.46336234,1.4636,1.4591,1.46091701,900
2026-03-19 08:00:00+00:00,2026-03-19 08:14:59.999000+00:00,1.46087644,1.4637,1.458,1.46174552,900
2026-03-19 08:15:00+00:00,2026-03-19 08:29:59.999000+00:00,1.46174552,1.46234808,1.45402133,1.4549,900
2026-03-19 08:30:00+00:00,2026-03-19 08:44:59.999000+00:00,1.45486857,1.4601,1.4515,1.4586,900
2026-03-19 08:45:00+00:00,2026-03-19 08:59:59.999000+00:00,1.4586,1.459,1.4539,1.4550283,900
2026-03-19 09:00:00+00:00,2026-03-19 09:14:59.999000+00:00,1.4551,1.4603,1.45502496,1.4582,900
2026-03-19 09:15:00+00:00,2026-03-19 09:29:59.999000+00:00,1.4582,1.46989801,1.45752378,1.46292419,900
2026-03-19 09:30:00+00:00,2026-03-19 09:44:59.999000+00:00,1.4629277,1.4665,1.4607,1.46582972,900
2026-03-19 09:45:00+00:00,2026-03-19 09:59:59.999000+00:00,1.46582972,1.47042932,1.4648,1.46880662,900
2026-03-19 10:00:00+00:00,2026-03-19 10:14:59.999000+00:00,1.46878053,1.4698,1.4651,1.4668,900
2026-03-19 10:15:00+00:00,2026-03-19 10:29:59.999000+00:00,1.46672533,1.4687,1.4661,1.4665,900
2026-03-19 10:30:00+00:00,2026-03-19 10:44:59.999000+00:00,1.4664,1.4665,1.46189883,1.46346195,900
2026-03-19 10:45:00+00:00,2026-03-19 10:59:59.999000+00:00,1.46345974,1.4642,1.4618782,1.4625054,900
2026-03-19 11:00:00+00:00,2026-03-19 11:14:59.999000+00:00,1.4625,1.46524329,1.4625,1.46382873,900
2026-03-19 11:15:00+00:00,2026-03-19 11:29:59.999000+00:00,1.46381528,1.4648,1.4626,1.463444,900
2026-03-19 11:30:00+00:00,2026-03-19 11:44:59.999000+00:00,1.4635,1.4646,1.45669988,1.45766764,900
2026-03-19 11:45:00+00:00,2026-03-19 11:59:59.999000+00:00,1.45764755,1.4586,1.45731386,1.458,900
2026-03-19 12:00:00+00:00,2026-03-19 12:14:59.999000+00:00,1.458,1.458,1.455,1.45537125,900
2026-03-19 12:15:00+00:00,2026-03-19 12:29:59.999000+00:00,1.4553516,1.4555,1.4474,1.44880834,900
2026-03-19 12:30:00+00:00,2026-03-19 12:44:59.999000+00:00,1.44887555,1.45015405,1.4471,1.4479,900
2026-03-19 12:45:00+00:00,2026-03-19 12:59:59.999000+00:00,1.4479,1.4479,1.43524881,1.4367,900
2026-03-19 13:00:00+00:00,2026-03-19 13:14:59.999000+00:00,1.4366,1.4422,1.43197967,1.4341,900
2026-03-19 13:15:00+00:00,2026-03-19 13:29:59.999000+00:00,1.4341,1.44675392,1.4340078,1.44056557,900
2026-03-19 13:30:00+00:00,2026-03-19 13:44:59.999000+00:00,1.44056796,1.45159996,1.43527686,1.4485,900
2026-03-19 13:45:00+00:00,2026-03-19 13:59:59.999000+00:00,1.4485,1.45348779,1.44534804,1.4513,900
2026-03-19 14:00:00+00:00,2026-03-19 14:14:59.999000+00:00,1.4515,1.4552325,1.44590148,1.44739696,900
2026-03-19 14:15:00+00:00,2026-03-19 14:29:59.999000+00:00,1.4471426,1.44824421,1.43956015,1.4401,900
2026-03-19 14:30:00+00:00,2026-03-19 14:44:59.999000+00:00,1.4402,1.44376036,1.43842552,1.44255169,900
2026-03-19 14:45:00+00:00,2026-03-19 14:59:59.999000+00:00,1.44240679,1.44863428,1.44140558,1.44381496,900
2026-03-19 15:00:00+00:00,2026-03-19 15:14:59.999000+00:00,1.44373715,1.44910528,1.4411,1.44211381,900
2026-03-19 15:15:00+00:00,2026-03-19 15:29:59.999000+00:00,1.4422,1.4439,1.42846616,1.42846616,900
2026-03-19 15:30:00+00:00,2026-03-19 15:44:59.999000+00:00,1.42796528,1.4309,1.42403283,1.4280359,900
2026-03-19 15:45:00+00:00,2026-03-19 15:59:59.999000+00:00,1.42795787,1.4348,1.42533164,1.4311,900
2026-03-19 16:00:00+00:00,2026-03-19 16:14:59.999000+00:00,1.4311,1.43167804,1.42662335,1.4282,900
2026-03-19 16:15:00+00:00,2026-03-19 16:29:59.999000+00:00,1.4284,1.4355,1.4275,1.4339,900
2026-03-19 16:30:00+00:00,2026-03-19 16:44:59.999000+00:00,1.4339,1.4366,1.42963904,1.4324,900
2026-03-19 16:45:00+00:00,2026-03-19 16:59:59.999000+00:00,1.4324,1.4328,1.42423833,1.42657689,900
2026-03-19 17:00:00+00:00,2026-03-19 17:14:59.999000+00:00,1.42658331,1.4266,1.4216,1.42403929,900
2026-03-19 17:15:00+00:00,2026-03-19 17:29:59.999000+00:00,1.42411445,1.4355,1.4225,1.4325,900
2026-03-19 17:30:00+00:00,2026-03-19 17:44:59.999000+00:00,1.4325,1.43549726,1.4293,1.4309,900
2026-03-19 17:45:00+00:00,2026-03-19 17:59:59.999000+00:00,1.4309,1.4388,1.4301,1.43823953,900
2026-03-19 18:00:00+00:00,2026-03-19 18:14:59.999000+00:00,1.43816857,1.43822434,1.4335,1.4351,900
2026-03-19 18:15:00+00:00,2026-03-19 18:29:59.999000+00:00,1.4351,1.437,1.4336,1.4337,900
2026-03-19 18:30:00+00:00,2026-03-19 18:44:59.999000+00:00,1.4337,1.43402999,1.4301,1.4318,900
2026-03-19 18:45:00+00:00,2026-03-19 18:59:59.999000+00:00,1.4318199,1.43754114,1.4303,1.43634589,900
2026-03-19 19:00:00+00:00,2026-03-19 19:14:59.999000+00:00,1.4363,1.45172887,1.4355,1.44757876,900
2026-03-19 19:15:00+00:00,2026-03-19 19:29:59.999000+00:00,1.44757876,1.45195469,1.44554419,1.4468,900
2026-03-19 19:30:00+00:00,2026-03-19 19:44:59.999000+00:00,1.4467,1.44961691,1.44173405,1.4476733,900
2026-03-19 19:45:00+00:00,2026-03-19 19:59:59.999000+00:00,1.4476733,1.4481685,1.44311349,1.444,900
2026-03-19 20:00:00+00:00,2026-03-19 20:14:59.999000+00:00,1.4439,1.44481116,1.44246527,1.44460682,900
2026-03-19 20:15:00+00:00,2026-03-19 20:29:59.999000+00:00,1.4446,1.4497,1.4446,1.4485811,900
2026-03-19 20:30:00+00:00,2026-03-19 20:44:59.999000+00:00,1.4485355,1.45341208,1.4478,1.45069157,900
2026-03-19 20:45:00+00:00,2026-03-19 20:59:59.999000+00:00,1.45071746,1.4512,1.4482,1.4488,900
2026-03-19 21:00:00+00:00,2026-03-19 21:14:59.999000+00:00,1.44870498,1.45456,1.44847137,1.454,900
2026-03-19 21:15:00+00:00,2026-03-19 21:29:59.999000+00:00,1.4539,1.4549,1.4514,1.45328691,900
2026-03-19 21:30:00+00:00,2026-03-19 21:44:59.999000+00:00,1.45328691,1.45410201,1.45118164,1.4525,900
2026-03-19 21:45:00+00:00,2026-03-19 21:59:59.999000+00:00,1.4525,1.45494783,1.45113592,1.45377359,900
2026-03-19 22:00:00+00:00,2026-03-19 22:14:59.999000+00:00,1.45377359,1.4548,1.4489,1.45082189,900
2026-03-19 22:15:00+00:00,2026-03-19 22:29:59.999000+00:00,1.4508,1.45432647,1.4489,1.45361964,900
2026-03-19 22:30:00+00:00,2026-03-19 22:44:59.999000+00:00,1.45362944,1.45362944,1.4436,1.4456,900
2026-03-19 22:45:00+00:00,2026-03-19 22:59:59.999000+00:00,1.4455,1.44868604,1.4450184,1.44866733,900
2026-03-19 23:00:00+00:00,2026-03-19 23:14:59.999000+00:00,1.44866667,1.4531,1.44866667,1.45112318,900
2026-03-19 23:15:00+00:00,2026-03-19 23:29:59.999000+00:00,1.45112318,1.45113681,1.4456,1.44804675,900
2026-03-19 23:30:00+00:00,2026-03-19 23:44:59.999000+00:00,1.44802308,1.44923793,1.44201475,1.44403035,900
2026-03-19 23:45:00+00:00,2026-03-19 23:59:59.999000+00:00,1.4441,1.4474,1.44327273,1.4469,900
2026-03-20 00:00:00+00:00,2026-03-20 00:14:59.999000+00:00,1.4469,1.45213053,1.4461,1.45142706,900
2026-03-20 00:15:00+00:00,2026-03-20 00:29:59.999000+00:00,1.45141693,1.45210043,1.44493996,1.44648894,900
2026-03-20 00:30:00+00:00,2026-03-20 00:44:59.999000+00:00,1.44648776,1.4489,1.4446,1.4478,900
2026-03-20 00:45:00+00:00,2026-03-20 00:59:59.999000+00:00,1.4478,1.4495,1.44674226,1.44938554,900
2026-03-20 01:00:00+00:00,2026-03-20 01:14:59.999000+00:00,1.44935386,1.455,1.44935386,1.453,900
2026-03-20 01:15:00+00:00,2026-03-20 01:29:59.999000+00:00,1.453,1.4543,1.4509,1.4534,900
2026-03-20 01:30:00+00:00,2026-03-20 01:44:59.999000+00:00,1.4537,1.45972193,1.45360192,1.45836312,900
2026-03-20 01:45:00+00:00,2026-03-20 01:59:59.999000+00:00,1.4583519,1.4594,1.4556,1.4557,900
2026-03-20 02:00:00+00:00,2026-03-20 02:14:59.999000+00:00,1.45573298,1.4564865,1.4530436,1.4531,900
2026-03-20 02:15:00+00:00,2026-03-20 02:29:59.999000+00:00,1.4531,1.45312214,1.4478,1.4486,900
2026-03-20 02:30:00+00:00,2026-03-20 02:44:59.999000+00:00,1.4486,1.4502,1.44570328,1.45010021,900
2026-03-20 02:45:00+00:00,2026-03-20 02:59:59.999000+00:00,1.45007187,1.45353215,1.44870264,1.4514,900
2026-03-20 03:00:00+00:00,2026-03-20 03:14:59.999000+00:00,1.4514,1.45173158,1.4492,1.4492,900
2026-03-20 03:15:00+00:00,2026-03-20 03:29:59.999000+00:00,1.4492,1.4539,1.4491242,1.4539,900
2026-03-20 03:30:00+00:00,2026-03-20 03:44:59.999000+00:00,1.4539,1.456,1.4508702,1.4513,900
2026-03-20 03:45:00+00:00,2026-03-20 03:59:59.999000+00:00,1.4513,1.45405809,1.4506,1.4521,900
2026-03-20 04:00:00+00:00,2026-03-20 04:14:59.999000+00:00,1.4522,1.45612573,1.4508,1.4554,900
2026-03-20 04:15:00+00:00,2026-03-20 04:29:59.999000+00:00,1.4553,1.45606251,1.45364037,1.4559,900
2026-03-20 04:30:00+00:00,2026-03-20 04:44:59.999000+00:00,1.4559,1.45600625,1.44675841,1.4471,900
2026-03-20 04:45:00+00:00,2026-03-20 04:59:59.999000+00:00,1.4471,1.4542,1.44680437,1.45284185,900
2026-03-20 05:00:00+00:00,2026-03-20 05:14:59.999000+00:00,1.45280457,1.4564,1.4502,1.4556024,900
2026-03-20 05:15:00+00:00,2026-03-20 05:29:59.999000+00:00,1.45560283,1.4577,1.4505,1.4507,900
2026-03-20 05:30:00+00:00,2026-03-20 05:44:59.999000+00:00,1.4508,1.4563,1.44926818,1.4555,900
2026-03-20 05:45:00+00:00,2026-03-20 05:59:59.999000+00:00,1.4554,1.45714195,1.4529,1.4541,900
2026-03-20 06:00:00+00:00,2026-03-20 06:14:59.999000+00:00,1.45415939,1.45613751,1.4529,1.4558,900
2026-03-20 06:15:00+00:00,2026-03-20 06:29:59.999000+00:00,1.4558,1.4581,1.45279761,1.45804666,900
2026-03-20 06:30:00+00:00,2026-03-20 06:44:59.999000+00:00,1.45811678,1.46233997,1.4508,1.4521,900
2026-03-20 06:45:00+00:00,2026-03-20 06:59:59.999000+00:00,1.45210825,1.4529,1.4497,1.44975658,900
2026-03-20 07:00:00+00:00,2026-03-20 07:14:59.999000+00:00,1.44971887,1.44973899,1.44282528,1.44552758,900
2026-03-20 07:15:00+00:00,2026-03-20 07:29:59.999000+00:00,1.4456,1.4507,1.4446,1.44884743,900
2026-03-20 07:30:00+00:00,2026-03-20 07:44:59.999000+00:00,1.44880982,1.4558,1.44781598,1.45520484,900
2026-03-20 07:45:00+00:00,2026-03-20 07:59:59.999000+00:00,1.4553,1.4559002,1.45335063,1.45380645,900
2026-03-20 08:00:00+00:00,2026-03-20 08:14:59.999000+00:00,1.4538,1.4657,1.45280835,1.46298161,900
2026-03-20 08:15:00+00:00,2026-03-20 08:29:59.999000+00:00,1.4627193,1.4627193,1.4583095,1.46115787,900
2026-03-20 08:30:00+00:00,2026-03-20 08:44:59.999000+00:00,1.46112697,1.4619,1.45836581,1.45917241,900
2026-03-20 08:45:00+00:00,2026-03-20 08:59:59.999000+00:00,1.4591,1.4601,1.45822593,1.4591,900
2026-03-20 09:00:00+00:00,2026-03-20 09:14:59.999000+00:00,1.4591,1.4591,1.45215562,1.45215562,900
2026-03-20 09:15:00+00:00,2026-03-20 09:29:59.999000+00:00,1.45212709,1.45233078,1.44455256,1.44685308,900
2026-03-20 09:30:00+00:00,2026-03-20 09:44:59.999000+00:00,1.44675239,1.45021019,1.4466,1.4499,900
2026-03-20 09:45:00+00:00,2026-03-20 09:59:59.999000+00:00,1.4499,1.4499,1.4448,1.44729199,900
2026-03-20 10:00:00+00:00,2026-03-20 10:14:59.999000+00:00,1.44726151,1.4478,1.44372467,1.44502657,900
2026-03-20 10:15:00+00:00,2026-03-20 10:29:59.999000+00:00,1.4451,1.44780771,1.4431985,1.4447,900
2026-03-20 10:30:00+00:00,2026-03-20 10:44:59.999000+00:00,1.4445,1.45304588,1.44405241,1.45000128,900
2026-03-20 10:45:00+00:00,2026-03-20 10:59:59.999000+00:00,1.4501,1.4519,1.4496,1.4499,900
2026-03-20 11:00:00+00:00,2026-03-20 11:14:59.999000+00:00,1.4499,1.4542339,1.4495,1.4538,900
2026-03-20 11:15:00+00:00,2026-03-20 11:29:59.999000+00:00,1.4538,1.4538,1.447,1.4476,900
2026-03-20 11:30:00+00:00,2026-03-20 11:44:59.999000+00:00,1.44761495,1.44878432,1.4426,1.4441,900
2026-03-20 11:45:00+00:00,2026-03-20 11:59:59.999000+00:00,1.4442,1.4485,1.44280964,1.4485,900
2026-03-20 12:00:00+00:00,2026-03-20 12:14:59.999000+00:00,1.44856561,1.45140028,1.447,1.4511,900
2026-03-20 12:15:00+00:00,2026-03-20 12:29:59.999000+00:00,1.451,1.4519,1.4474,1.448,900
2026-03-20 12:30:00+00:00,2026-03-20 12:44:59.999000+00:00,1.448,1.4481,1.44244107,1.444,900
2026-03-20 12:45:00+00:00,2026-03-20 12:59:59.999000+00:00,1.44407444,1.4444,1.44129451,1.4417,900
2026-03-20 13:00:00+00:00,2026-03-20 13:14:59.999000+00:00,1.44166379,1.44398607,1.4384,1.44077943,900
2026-03-20 13:15:00+00:00,2026-03-20 13:29:59.999000+00:00,1.44079428,1.44808007,1.44,1.4446,900
2026-03-20 13:30:00+00:00,2026-03-20 13:44:59.999000+00:00,1.4445,1.44636349,1.4359,1.4441,900
2026-03-20 13:45:00+00:00,2026-03-20 13:59:59.999000+00:00,1.44396944,1.4448,1.4363,1.4374,900
2026-03-20 14:00:00+00:00,2026-03-20 14:14:59.999000+00:00,1.43736902,1.443,1.4338,1.4382,900
2026-03-20 14:15:00+00:00,2026-03-20 14:29:59.999000+00:00,1.4383,1.4404914,1.4347379,1.4388,900
2026-03-20 14:30:00+00:00,2026-03-20 14:44:59.999000+00:00,1.4388,1.4441,1.4388,1.4401,900
2026-03-20 14:45:00+00:00,2026-03-20 14:59:59.999000+00:00,1.44008552,1.44103227,1.4337,1.43572032,900
2026-03-20 15:00:00+00:00,2026-03-20 15:14:59.999000+00:00,1.43571194,1.4383,1.42807383,1.43403959,900
2026-03-20 15:15:00+00:00,2026-03-20 15:29:59.999000+00:00,1.43392602,1.44128121,1.4315496,1.4373,900
2026-03-20 15:30:00+00:00,2026-03-20 15:44:59.999000+00:00,1.4373,1.4404,1.4361,1.4381,900
2026-03-20 15:45:00+00:00,2026-03-20 15:59:59.999000+00:00,1.4381,1.4389,1.43566832,1.43671756,900
2026-03-20 16:00:00+00:00,2026-03-20 16:14:59.999000+00:00,1.4367193,1.43833962,1.4346,1.43631035,900
2026-03-20 16:15:00+00:00,2026-03-20 16:29:59.999000+00:00,1.43608927,1.44240121,1.43367349,1.44124133,900
2026-03-20 16:30:00+00:00,2026-03-20 16:44:59.999000+00:00,1.44124114,1.44124114,1.4338,1.43441648,900
2026-03-20 16:45:00+00:00,2026-03-20 16:59:59.999000+00:00,1.43441648,1.4388,1.43196197,1.43656918,900
2026-03-20 17:00:00+00:00,2026-03-20 17:14:59.999000+00:00,1.43658415,1.438,1.4327,1.4349,900
2026-03-20 17:15:00+00:00,2026-03-20 17:29:59.999000+00:00,1.435,1.43639967,1.4332,1.43331523,900
2026-03-20 17:30:00+00:00,2026-03-20 17:44:59.999000+00:00,1.4334,1.4339,1.42801718,1.4311,900
2026-03-20 17:45:00+00:00,2026-03-20 17:59:59.999000+00:00,1.4311,1.4399,1.4303,1.4384,900
2026-03-20 18:00:00+00:00,2026-03-20 18:14:59.999000+00:00,1.4384,1.4389,1.43574022,1.437,900
2026-03-20 18:15:00+00:00,2026-03-20 18:29:59.999000+00:00,1.4371,1.4374463,1.4314,1.4318372,900
2026-03-20 18:30:00+00:00,2026-03-20 18:44:59.999000+00:00,1.432,1.4324,1.4278,1.4306,900
2026-03-20 18:45:00+00:00,2026-03-20 18:59:59.999000+00:00,1.4306,1.43373659,1.4296,1.4303,900
2026-03-20 19:00:00+00:00,2026-03-20 19:14:59.999000+00:00,1.4303,1.4324,1.4285,1.43007311,900
2026-03-20 19:15:00+00:00,2026-03-20 19:29:59.999000+00:00,1.4301,1.4321,1.4273,1.4296,900
2026-03-20 19:30:00+00:00,2026-03-20 19:44:59.999000+00:00,1.4296,1.43250669,1.424,1.43250669,900
2026-03-20 19:45:00+00:00,2026-03-20 19:59:59.999000+00:00,1.43250669,1.43676523,1.43061223,1.4349,900
2026-03-20 20:00:00+00:00,2026-03-20 20:14:59.999000+00:00,1.4349,1.437,1.4326,1.435,900
2026-03-20 20:15:00+00:00,2026-03-20 20:29:59.999000+00:00,1.4351,1.43512438,1.42961738,1.43040598,900
2026-03-20 20:30:00+00:00,2026-03-20 20:44:59.999000+00:00,1.43040579,1.43254653,1.42838583,1.43125055,900
2026-03-20 20:45:00+00:00,2026-03-20 20:59:59.999000+00:00,1.4312,1.43590184,1.4307,1.4359,900
2026-03-20 21:00:00+00:00,2026-03-20 21:14:59.999000+00:00,1.43591781,1.43621721,1.4331,1.4358,900
2026-03-20 21:15:00+00:00,2026-03-20 21:29:59.999000+00:00,1.4357,1.44617853,1.43536338,1.4437,900
2026-03-20 21:30:00+00:00,2026-03-20 21:44:59.999000+00:00,1.4439,1.4477,1.441,1.44192821,900
2026-03-20 21:45:00+00:00,2026-03-20 21:59:59.999000+00:00,1.4422,1.44311647,1.4412,1.4426,900
2026-03-20 22:00:00+00:00,2026-03-20 22:14:59.999000+00:00,1.4425,1.45142921,1.4425,1.44843547,900
2026-03-20 22:15:00+00:00,2026-03-20 22:29:59.999000+00:00,1.44847603,1.44964966,1.4466,1.44676044,900
2026-03-20 22:30:00+00:00,2026-03-20 22:44:59.999000+00:00,1.44676044,1.448,1.4456,1.44650495,900
2026-03-20 22:45:00+00:00,2026-03-20 22:59:59.999000+00:00,1.44656691,1.4489596,1.4457,1.4471,900
2026-03-20 23:00:00+00:00,2026-03-20 23:14:59.999000+00:00,1.447,1.4474,1.44067321,1.44067321,900
2026-03-20 23:15:00+00:00,2026-03-20 23:29:59.999000+00:00,1.44067923,1.44308345,1.43918751,1.4425,900
2026-03-20 23:30:00+00:00,2026-03-20 23:44:59.999000+00:00,1.4425,1.4449,1.4416,1.4444,900
2026-03-20 23:45:00+00:00,2026-03-20 23:59:59.999000+00:00,1.4444,1.44588926,1.4435,1.44447468,900
2026-03-21 00:00:00+00:00,2026-03-21 00:14:59.999000+00:00,1.4445,1.4457,1.4436,1.4457,900
2026-03-21 00:15:00+00:00,2026-03-21 00:29:59.999000+00:00,1.4456,1.44828179,1.4447,1.44602031,900
2026-03-21 00:30:00+00:00,2026-03-21 00:44:59.999000+00:00,1.44600914,1.4461,1.4421,1.44259362,900
2026-03-21 00:45:00+00:00,2026-03-21 00:59:59.999000+00:00,1.4426,1.44749875,1.44245746,1.44708923,900
2026-03-21 01:00:00+00:00,2026-03-21 01:14:59.999000+00:00,1.4471,1.44900592,1.4456,1.4466,900
2026-03-21 01:15:00+00:00,2026-03-21 01:29:59.999000+00:00,1.4466,1.4467,1.4447,1.44495044,900
2026-03-21 01:30:00+00:00,2026-03-21 01:44:59.999000+00:00,1.44495004,1.4453,1.44243435,1.44243435,900
2026-03-21 01:45:00+00:00,2026-03-21 01:59:59.999000+00:00,1.44243435,1.44346153,1.4416,1.4428,900
2026-03-21 02:00:00+00:00,2026-03-21 02:14:59.999000+00:00,1.44282554,1.44367086,1.441816,1.4424,900
2026-03-21 02:15:00+00:00,2026-03-21 02:29:59.999000+00:00,1.44245505,1.4458383,1.44242752,1.4451,900
2026-03-21 02:30:00+00:00,2026-03-21 02:44:59.999000+00:00,1.44504792,1.44690671,1.4436,1.4463,900
2026-03-21 02:45:00+00:00,2026-03-21 02:59:59.999000+00:00,1.44624726,1.44765186,1.4456,1.44638585,900
2026-03-21 03:00:00+00:00,2026-03-21 03:14:59.999000+00:00,1.44631043,1.44683987,1.4442,1.44555129,900
2026-03-21 03:15:00+00:00,2026-03-21 03:29:59.999000+00:00,1.4456,1.446002,1.4443,1.44523474,900
2026-03-21 03:30:00+00:00,2026-03-21 03:44:59.999000+00:00,1.4449,1.4465,1.4445,1.446,900
2026-03-21 03:45:00+00:00,2026-03-21 03:59:59.999000+00:00,1.446,1.44693221,1.4451,1.4451,900
2026-03-21 04:00:00+00:00,2026-03-21 04:14:59.999000+00:00,1.4451,1.4473,1.4451,1.4457,900
2026-03-21 04:15:00+00:00,2026-03-21 04:29:59.999000+00:00,1.4457,1.44713229,1.44532033,1.44677346,900
2026-03-21 04:30:00+00:00,2026-03-21 04:44:59.999000+00:00,1.44677574,1.44677574,1.44366142,1.4439,900
2026-03-21 04:45:00+00:00,2026-03-21 04:59:59.999000+00:00,1.4439,1.4446,1.4434043,1.4436,900
2026-03-21 05:00:00+00:00,2026-03-21 05:14:59.999000+00:00,1.4436,1.44614627,1.4436,1.44524145,900
2026-03-21 05:15:00+00:00,2026-03-21 05:29:59.999000+00:00,1.44526729,1.44690323,1.4452137,1.44637997,900
2026-03-21 05:30:00+00:00,2026-03-21 05:44:59.999000+00:00,1.44631722,1.44846766,1.4463,1.4482,900
2026-03-21 05:45:00+00:00,2026-03-21 05:59:59.999000+00:00,1.4482,1.4504,1.44775698,1.4504,900
2026-03-21 06:00:00+00:00,2026-03-21 06:14:59.999000+00:00,1.4505,1.45197374,1.4471,1.44923493,900
2026-03-21 06:15:00+00:00,2026-03-21 06:29:59.999000+00:00,1.4492,1.4500381,1.44815674,1.44950129,900
2026-03-21 06:30:00+00:00,2026-03-21 06:44:59.999000+00:00,1.4496,1.44985774,1.44851286,1.44851286,900
2026-03-21 06:45:00+00:00,2026-03-21 06:59:59.999000+00:00,1.44846609,1.44911056,1.4475,1.44778498,900
2026-03-21 07:00:00+00:00,2026-03-21 07:14:59.999000+00:00,1.44777764,1.44862819,1.44661265,1.44700448,900
2026-03-21 07:15:00+00:00,2026-03-21 07:29:59.999000+00:00,1.44700828,1.4492,1.4467,1.4487,900
2026-03-21 07:30:00+00:00,2026-03-21 07:44:59.999000+00:00,1.4487,1.4491,1.446,1.44600354,900
2026-03-21 07:45:00+00:00,2026-03-21 07:59:59.999000+00:00,1.44600978,1.4461,1.4431,1.4433,900
2026-03-21 08:00:00+00:00,2026-03-21 08:14:59.999000+00:00,1.4433,1.4447965,1.44310146,1.4435113,900
2026-03-21 08:15:00+00:00,2026-03-21 08:29:59.999000+00:00,1.4434972,1.4437,1.4402,1.4404086,900
2026-03-21 08:30:00+00:00,2026-03-21 08:44:59.999000+00:00,1.4404086,1.44206154,1.4396,1.44198398,900
2026-03-21 08:45:00+00:00,2026-03-21 08:59:59.999000+00:00,1.44199132,1.44224663,1.44,1.44040015,900
2026-03-21 09:00:00+00:00,2026-03-21 09:14:59.999000+00:00,1.44051175,1.4423,1.44,1.4408,900
2026-03-21 09:15:00+00:00,2026-03-21 09:29:59.999000+00:00,1.44076236,1.4408723,1.4378,1.4381,900
2026-03-21 09:30:00+00:00,2026-03-21 09:44:59.999000+00:00,1.4382,1.43903276,1.4374,1.4379,900
2026-03-21 09:45:00+00:00,2026-03-21 09:59:59.999000+00:00,1.4379,1.44009481,1.43588575,1.4394,900
2026-03-21 10:00:00+00:00,2026-03-21 10:14:59.999000+00:00,1.43937283,1.4394,1.43704598,1.43809564,900
2026-03-21 10:15:00+00:00,2026-03-21 10:29:59.999000+00:00,1.43817393,1.43818532,1.4371,1.4377,900
2026-03-21 10:30:00+00:00,2026-03-21 10:44:59.999000+00:00,1.43764208,1.44005289,1.43762065,1.4396,900
2026-03-21 10:45:00+00:00,2026-03-21 10:59:59.999000+00:00,1.4396,1.43972706,1.4384,1.43948446,900
2026-03-21 11:00:00+00:00,2026-03-21 11:14:59.999000+00:00,1.43955253,1.43998449,1.43863267,1.43951807,900
2026-03-21 11:15:00+00:00,2026-03-21 11:29:59.999000+00:00,1.43956354,1.44,1.4388,1.4394,900
2026-03-21 11:30:00+00:00,2026-03-21 11:44:59.999000+00:00,1.4394,1.44164305,1.4384,1.4413,900
2026-03-21 11:45:00+00:00,2026-03-21 11:59:59.999000+00:00,1.44120631,1.4422,1.4412,1.4418,900
2026-03-21 12:00:00+00:00,2026-03-21 12:14:59.999000+00:00,1.44178221,1.44235818,1.43974197,1.44128853,900
2026-03-21 12:15:00+00:00,2026-03-21 12:29:59.999000+00:00,1.4413,1.4461507,1.44001808,1.44433977,900
2026-03-21 12:30:00+00:00,2026-03-21 12:44:59.999000+00:00,1.44443578,1.4456,1.44307737,1.4446,900
2026-03-21 12:45:00+00:00,2026-03-21 12:59:59.999000+00:00,1.4446,1.4449,1.44368351,1.4441,900
2026-03-21 13:00:00+00:00,2026-03-21 13:14:59.999000+00:00,1.44411473,1.44446974,1.4425,1.44353386,900
2026-03-21 13:15:00+00:00,2026-03-21 13:29:59.999000+00:00,1.4435,1.4453,1.4386,1.4386,900
2026-03-21 13:30:00+00:00,2026-03-21 13:44:59.999000+00:00,1.4387,1.44085089,1.4352,1.4356402,900
2026-03-21 13:45:00+00:00,2026-03-21 13:59:59.999000+00:00,1.4356,1.43966925,1.4345,1.4392,900
2026-03-21 14:00:00+00:00,2026-03-21 14:14:59.999000+00:00,1.43914428,1.4444,1.43820225,1.4431,900
2026-03-21 14:15:00+00:00,2026-03-21 14:29:59.999000+00:00,1.4431,1.44410244,1.44034015,1.4406,900
2026-03-21 14:30:00+00:00,2026-03-21 14:44:59.999000+00:00,1.44052609,1.4422,1.4393,1.4401,900
2026-03-21 14:45:00+00:00,2026-03-21 14:59:59.999000+00:00,1.4401,1.44053736,1.4344186,1.4359,900
2026-03-21 15:00:00+00:00,2026-03-21 15:14:59.999000+00:00,1.43581357,1.43713264,1.435,1.43651318,900
2026-03-21 15:15:00+00:00,2026-03-21 15:29:59.999000+00:00,1.43651215,1.4382,1.4333,1.4372,900
2026-03-21 15:30:00+00:00,2026-03-21 15:44:59.999000+00:00,1.4372,1.4394,1.4364,1.43679326,900
2026-03-21 15:45:00+00:00,2026-03-21 15:59:59.999000+00:00,1.43678511,1.4381,1.43674302,1.4374,900
2026-03-21 16:00:00+00:00,2026-03-21 16:14:59.999000+00:00,1.43737944,1.4378,1.4359,1.4366,900
2026-03-21 16:15:00+00:00,2026-03-21 16:29:59.999000+00:00,1.4365,1.4379,1.43398466,1.4351,900
2026-03-21 16:30:00+00:00,2026-03-21 16:44:59.999000+00:00,1.4351,1.4359,1.4332,1.43540318,900
2026-03-21 16:45:00+00:00,2026-03-21 16:59:59.999000+00:00,1.43540962,1.4362,1.43472442,1.43604576,900
2026-03-21 17:00:00+00:00,2026-03-21 17:14:59.999000+00:00,1.43603567,1.43682419,1.43340438,1.4337,900
2026-03-21 17:15:00+00:00,2026-03-21 17:29:59.999000+00:00,1.43374454,1.4373,1.43326829,1.43710362,900
2026-03-21 17:30:00+00:00,2026-03-21 17:44:59.999000+00:00,1.43710362,1.44070442,1.4371,1.439,900
2026-03-21 17:45:00+00:00,2026-03-21 17:59:59.999000+00:00,1.439,1.4399,1.43853165,1.43872022,900
2026-03-21 18:00:00+00:00,2026-03-21 18:14:59.999000+00:00,1.43872022,1.4397,1.437,1.438,900
2026-03-21 18:15:00+00:00,2026-03-21 18:29:59.999000+00:00,1.4379,1.43998649,1.4377,1.43875055,900
2026-03-21 18:30:00+00:00,2026-03-21 18:44:59.999000+00:00,1.4386166,1.441,1.4385,1.44061894,900
2026-03-21 18:45:00+00:00,2026-03-21 18:59:59.999000+00:00,1.44061664,1.44063244,1.4359,1.43677184,900
2026-03-21 19:00:00+00:00,2026-03-21 19:14:59.999000+00:00,1.43673566,1.43706442,1.4356,1.4365621,900
2026-03-21 19:15:00+00:00,2026-03-21 19:29:59.999000+00:00,1.4365239,1.4373,1.4358,1.43674956,900
2026-03-21 19:30:00+00:00,2026-03-21 19:44:59.999000+00:00,1.43681924,1.43685652,1.43486417,1.43597418,900
2026-03-21 19:45:00+00:00,2026-03-21 19:59:59.999000+00:00,1.43597615,1.43749466,1.4359,1.43632224,900
2026-03-21 20:00:00+00:00,2026-03-21 20:14:59.999000+00:00,1.4363572,1.43920344,1.43601441,1.4382,900
2026-03-21 20:15:00+00:00,2026-03-21 20:29:59.999000+00:00,1.4382,1.4404,1.43767507,1.4402,900
2026-03-21 20:30:00+00:00,2026-03-21 20:44:59.999000+00:00,1.44021011,1.4420591,1.44021011,1.44097304,900
2026-03-21 20:45:00+00:00,2026-03-21 20:59:59.999000+00:00,1.44098166,1.4416,1.44041591,1.4406,900
2026-03-21 21:00:00+00:00,2026-03-21 21:14:59.999000+00:00,1.4405,1.44139874,1.4384,1.439,900
2026-03-21 21:15:00+00:00,2026-03-21 21:29:59.999000+00:00,1.4389,1.4395,1.43810642,1.4388,900
2026-03-21 21:30:00+00:00,2026-03-21 21:44:59.999000+00:00,1.4388,1.43993996,1.43849713,1.4393,900
2026-03-21 21:45:00+00:00,2026-03-21 21:59:59.999000+00:00,1.43916456,1.4396,1.43778636,1.43910856,900
2026-03-21 22:00:00+00:00,2026-03-21 22:14:59.999000+00:00,1.4392,1.43943244,1.43690153,1.43943244,900
2026-03-21 22:15:00+00:00,2026-03-21 22:29:59.999000+00:00,1.43955403,1.43955403,1.4382,1.43919447,900
2026-03-21 22:30:00+00:00,2026-03-21 22:44:59.999000+00:00,1.4392,1.4408,1.43891623,1.4392,900
2026-03-21 22:45:00+00:00,2026-03-21 22:59:59.999000+00:00,1.4392,1.43976857,1.43814393,1.43842275,900
2026-03-21 23:00:00+00:00,2026-03-21 23:14:59.999000+00:00,1.4384,1.4386,1.4358,1.4362,900
2026-03-21 23:15:00+00:00,2026-03-21 23:29:59.999000+00:00,1.43612688,1.4369,1.4351,1.4352,900
2026-03-21 23:30:00+00:00,2026-03-21 23:44:59.999000+00:00,1.4352,1.43681089,1.43502585,1.43623083,900
2026-03-21 23:45:00+00:00,2026-03-21 23:59:59.999000+00:00,1.43620934,1.43622315,1.40021343,1.4084,900
2026-03-22 00:00:00+00:00,2026-03-22 00:14:59.999000+00:00,1.40808564,1.4098,1.39392494,1.4034,900
2026-03-22 00:15:00+00:00,2026-03-22 00:29:59.999000+00:00,1.40346637,1.41235564,1.40250841,1.41223801,900
2026-03-22 00:30:00+00:00,2026-03-22 00:44:59.999000+00:00,1.41230233,1.4168,1.41168537,1.4138,900
2026-03-22 00:45:00+00:00,2026-03-22 00:59:59.999000+00:00,1.4138,1.41661254,1.40818144,1.4102,900
2026-03-22 01:00:00+00:00,2026-03-22 01:14:59.999000+00:00,1.41015906,1.4156,1.4094,1.41133172,900
2026-03-22 01:15:00+00:00,2026-03-22 01:29:59.999000+00:00,1.41140082,1.41336521,1.4089,1.40952672,900
2026-03-22 01:30:00+00:00,2026-03-22 01:44:59.999000+00:00,1.4095469,1.41129681,1.40488148,1.4059,900
2026-03-22 01:45:00+00:00,2026-03-22 01:59:59.999000+00:00,1.4059,1.4099,1.4059,1.4093,900
2026-03-22 02:00:00+00:00,2026-03-22 02:14:59.999000+00:00,1.4094,1.4113,1.4072,1.4100854,900
2026-03-22 02:15:00+00:00,2026-03-22 02:29:59.999000+00:00,1.4101,1.41991058,1.4083,1.4179,900
2026-03-22 02:30:00+00:00,2026-03-22 02:44:59.999000+00:00,1.41781827,1.4182,1.41273964,1.4133,900
2026-03-22 02:45:00+00:00,2026-03-22 02:59:59.999000+00:00,1.4134,1.41790529,1.41318327,1.416,900
2026-03-22 03:00:00+00:00,2026-03-22 03:14:59.999000+00:00,1.416,1.41616896,1.41225339,1.41482635,900
2026-03-22 03:15:00+00:00,2026-03-22 03:29:59.999000+00:00,1.4149,1.42312852,1.4145,1.4212,900
2026-03-22 03:30:00+00:00,2026-03-22 03:44:59.999000+00:00,1.4213,1.4256,1.4187,1.4203,900
2026-03-22 03:45:00+00:00,2026-03-22 03:59:59.999000+00:00,1.4202329,1.42040538,1.4165,1.41650798,900
2026-03-22 04:00:00+00:00,2026-03-22 04:14:59.999000+00:00,1.4166,1.41981047,1.4155,1.4167,900
2026-03-22 04:15:00+00:00,2026-03-22 04:29:59.999000+00:00,1.4168,1.4192,1.4099,1.41030496,900
2026-03-22 04:30:00+00:00,2026-03-22 04:44:59.999000+00:00,1.4104,1.41711383,1.40956131,1.41542505,900
2026-03-22 04:45:00+00:00,2026-03-22 04:59:59.999000+00:00,1.41543374,1.418,1.4154,1.4168,900
2026-03-22 05:00:00+00:00,2026-03-22 05:14:59.999000+00:00,1.41663659,1.41663659,1.41411212,1.41490755,900
2026-03-22 05:15:00+00:00,2026-03-22 05:29:59.999000+00:00,1.4149,1.41578437,1.41110446,1.4115,900
2026-03-22 05:30:00+00:00,2026-03-22 05:44:59.999000+00:00,1.4115,1.41287892,1.4111,1.4111,900
2026-03-22 05:45:00+00:00,2026-03-22 05:59:59.999000+00:00,1.4112,1.4135,1.4109,1.411,900
2026-03-22 06:00:00+00:00,2026-03-22 06:14:59.999000+00:00,1.411,1.41113988,1.40923766,1.4096,900
2026-03-22 06:15:00+00:00,2026-03-22 06:29:59.999000+00:00,1.4097,1.41158613,1.4093,1.41139676,900
2026-03-22 06:30:00+00:00,2026-03-22 06:44:59.999000+00:00,1.41141438,1.4122,1.4099,1.4107,900
2026-03-22 06:45:00+00:00,2026-03-22 06:59:59.999000+00:00,1.41068545,1.41130438,1.4093,1.41,900
2026-03-22 07:00:00+00:00,2026-03-22 07:14:59.999000+00:00,1.40990653,1.41229907,1.4095,1.4109842,900
2026-03-22 07:15:00+00:00,2026-03-22 07:29:59.999000+00:00,1.4108,1.4122,1.41070585,1.41100344,900
2026-03-22 07:30:00+00:00,2026-03-22 07:44:59.999000+00:00,1.41100786,1.4113,1.40588507,1.40662766,900
2026-03-22 07:45:00+00:00,2026-03-22 07:59:59.999000+00:00,1.40668513,1.40788085,1.40253503,1.4027,900
2026-03-22 08:00:00+00:00,2026-03-22 08:14:59.999000+00:00,1.4027,1.40322938,1.39740014,1.4004,900
2026-03-22 08:15:00+00:00,2026-03-22 08:29:59.999000+00:00,1.4005,1.4005071,1.39253349,1.39458328,900
2026-03-22 08:30:00+00:00,2026-03-22 08:44:59.999000+00:00,1.39458282,1.3987152,1.39430239,1.3977,900
2026-03-22 08:45:00+00:00,2026-03-22 08:59:59.999000+00:00,1.3977,1.3992,1.3963606,1.3983,900
2026-03-22 09:00:00+00:00,2026-03-22 09:14:59.999000+00:00,1.3983,1.40236583,1.398,1.4021,900
2026-03-22 09:15:00+00:00,2026-03-22 09:29:59.999000+00:00,1.4021,1.4028,1.39470443,1.3953,900
2026-03-22 09:30:00+00:00,2026-03-22 09:44:59.999000+00:00,1.3953,1.3977,1.39446235,1.3958,900
2026-03-22 09:45:00+00:00,2026-03-22 09:59:59.999000+00:00,1.39585658,1.39642139,1.3944,1.39523139,900
2026-03-22 10:00:00+00:00,2026-03-22 10:14:59.999000+00:00,1.3953,1.39612874,1.3922,1.39247376,900
2026-03-22 10:15:00+00:00,2026-03-22 10:29:59.999000+00:00,1.39246363,1.3941,1.3903,1.3906,900
2026-03-22 10:30:00+00:00,2026-03-22 10:44:59.999000+00:00,1.3907,1.39201813,1.38652815,1.3882,900
2026-03-22 10:45:00+00:00,2026-03-22 10:59:59.999000+00:00,1.38824872,1.38884562,1.3866,1.3877,900
2026-03-22 11:00:00+00:00,2026-03-22 11:14:59.999000+00:00,1.3878,1.38952319,1.385,1.3878,900
2026-03-22 11:15:00+00:00,2026-03-22 11:29:59.999000+00:00,1.3878,1.3911,1.386,1.38742491,900
2026-03-22 11:30:00+00:00,2026-03-22 11:44:59.999000+00:00,1.38743961,1.395,1.38694666,1.3915,900
2026-03-22 11:45:00+00:00,2026-03-22 11:59:59.999000+00:00,1.3915,1.3929,1.3897338,1.39008478,900
2026-03-22 12:00:00+00:00,2026-03-22 12:14:59.999000+00:00,1.39007051,1.39446659,1.38995069,1.3941,900
2026-03-22 12:15:00+00:00,2026-03-22 12:29:59.999000+00:00,1.3942,1.40102137,1.39335771,1.4001,900
2026-03-22 12:30:00+00:00,2026-03-22 12:44:59.999000+00:00,1.4002,1.40027845,1.3976,1.39792876,900
2026-03-22 12:45:00+00:00,2026-03-22 12:59:59.999000+00:00,1.39791929,1.3998,1.3967,1.3987,900
2026-03-22 13:00:00+00:00,2026-03-22 13:14:59.999000+00:00,1.3987,1.4062,1.3987,1.4043,900
2026-03-22 13:15:00+00:00,2026-03-22 13:29:59.999000+00:00,1.4043,1.40441709,1.39960122,1.4004,900
2026-03-22 13:30:00+00:00,2026-03-22 13:44:59.999000+00:00,1.4003,1.4014,1.39547894,1.3971,900
2026-03-22 13:45:00+00:00,2026-03-22 13:59:59.999000+00:00,1.39704188,1.3982,1.396,1.39740928,900
2026-03-22 14:00:00+00:00,2026-03-22 14:14:59.999000+00:00,1.39740928,1.40031943,1.3942,1.39983007,900
2026-03-22 14:15:00+00:00,2026-03-22 14:29:59.999000+00:00,1.39983007,1.4018,1.3978,1.3995,900
2026-03-22 14:30:00+00:00,2026-03-22 14:44:59.999000+00:00,1.3998,1.4022,1.3989,1.39970374,900
2026-03-22 14:45:00+00:00,2026-03-22 14:59:59.999000+00:00,1.39970866,1.39970866,1.39595803,1.39657913,900
2026-03-22 15:00:00+00:00,2026-03-22 15:14:59.999000+00:00,1.39652483,1.4002,1.39636531,1.39781001,900
2026-03-22 15:15:00+00:00,2026-03-22 15:29:59.999000+00:00,1.39781001,1.3987,1.39487496,1.3951,900
2026-03-22 15:30:00+00:00,2026-03-22 15:44:59.999000+00:00,1.39511439,1.3953,1.3906,1.39307796,900
2026-03-22 15:45:00+00:00,2026-03-22 15:59:59.999000+00:00,1.39303664,1.39369674,1.3913,1.39205314,900
2026-03-22 16:00:00+00:00,2026-03-22 16:14:59.999000+00:00,1.392,1.39288168,1.39013425,1.3928,900
2026-03-22 16:15:00+00:00,2026-03-22 16:29:59.999000+00:00,1.393,1.39452953,1.39052879,1.3917082,900
2026-03-22 16:30:00+00:00,2026-03-22 16:44:59.999000+00:00,1.39172241,1.3938,1.39033122,1.39260142,900
2026-03-22 16:45:00+00:00,2026-03-22 16:59:59.999000+00:00,1.39261383,1.39465642,1.39260113,1.3938,900
2026-03-22 17:00:00+00:00,2026-03-22 17:14:59.999000+00:00,1.3938,1.39477344,1.39219496,1.39463747,900
2026-03-22 17:15:00+00:00,2026-03-22 17:29:59.999000+00:00,1.39458627,1.395,1.3922,1.3929,900
2026-03-22 17:30:00+00:00,2026-03-22 17:44:59.999000+00:00,1.3932,1.39401425,1.3907029,1.3913,900
2026-03-22 17:45:00+00:00,2026-03-22 17:59:59.999000+00:00,1.3912,1.3934775,1.3912,1.392,900
2026-03-22 18:00:00+00:00,2026-03-22 18:14:59.999000+00:00,1.392,1.3921,1.38858478,1.38952523,900
2026-03-22 18:15:00+00:00,2026-03-22 18:29:59.999000+00:00,1.38952523,1.38995432,1.38846862,1.38955354,900
2026-03-22 18:30:00+00:00,2026-03-22 18:44:59.999000+00:00,1.38954744,1.3912,1.3809,1.38504004,900
2026-03-22 18:45:00+00:00,2026-03-22 18:59:59.999000+00:00,1.38505969,1.3883,1.38429851,1.38764875,900
2026-03-22 19:00:00+00:00,2026-03-22 19:14:59.999000+00:00,1.38760194,1.38760194,1.381,1.382,900
2026-03-22 19:15:00+00:00,2026-03-22 19:29:59.999000+00:00,1.382,1.3833,1.38073304,1.38177876,900
2026-03-22 19:30:00+00:00,2026-03-22 19:44:59.999000+00:00,1.38166312,1.38752643,1.3805,1.38596979,900
2026-03-22 19:45:00+00:00,2026-03-22 19:59:59.999000+00:00,1.38596979,1.38596979,1.38292771,1.38412812,900
2026-03-22 20:00:00+00:00,2026-03-22 20:14:59.999000+00:00,1.3842,1.38801764,1.3842,1.387,900
2026-03-22 20:15:00+00:00,2026-03-22 20:29:59.999000+00:00,1.3871,1.3899,1.3864,1.3875,900
2026-03-22 20:30:00+00:00,2026-03-22 20:44:59.999000+00:00,1.3875,1.3886,1.3859,1.3877,900
2026-03-22 20:45:00+00:00,2026-03-22 20:59:59.999000+00:00,1.3878,1.3881,1.3852,1.3862,900
2026-03-22 21:00:00+00:00,2026-03-22 21:14:59.999000+00:00,1.3862,1.3872,1.37397373,1.37735138,900
2026-03-22 21:15:00+00:00,2026-03-22 21:29:59.999000+00:00,1.3774,1.382,1.37099689,1.38043983,900
2026-03-22 21:30:00+00:00,2026-03-22 21:44:59.999000+00:00,1.38046625,1.3835,1.3775,1.3813,900
2026-03-22 21:45:00+00:00,2026-03-22 21:59:59.999000+00:00,1.3812,1.38233946,1.37715919,1.3789,900
2026-03-22 22:00:00+00:00,2026-03-22 22:14:59.999000+00:00,1.3789,1.3842163,1.37105714,1.37776309,900
2026-03-22 22:15:00+00:00,2026-03-22 22:29:59.999000+00:00,1.3778,1.39129512,1.37748553,1.3881,900
2026-03-22 22:30:00+00:00,2026-03-22 22:44:59.999000+00:00,1.38806609,1.39028105,1.3853,1.3862,900
2026-03-22 22:45:00+00:00,2026-03-22 22:59:59.999000+00:00,1.38621454,1.39231535,1.38612088,1.3903,900
2026-03-22 23:00:00+00:00,2026-03-22 23:14:59.999000+00:00,1.39021359,1.3924,1.38688314,1.3898,900
2026-03-22 23:15:00+00:00,2026-03-22 23:29:59.999000+00:00,1.38952721,1.3899,1.3872,1.3874,900
2026-03-22 23:30:00+00:00,2026-03-22 23:44:59.999000+00:00,1.3874,1.38897391,1.38621143,1.38806975,900
2026-03-22 23:45:00+00:00,2026-03-22 23:59:59.999000+00:00,1.3881,1.38883672,1.38309364,1.3841,900
2026-03-23 00:00:00+00:00,2026-03-23 00:14:59.999000+00:00,1.3841,1.38997577,1.38255753,1.386,900
2026-03-23 00:15:00+00:00,2026-03-23 00:29:59.999000+00:00,1.38591305,1.3881,1.3832,1.3845,900
2026-03-23 00:30:00+00:00,2026-03-23 00:44:59.999000+00:00,1.3845,1.385,1.37361087,1.38091157,900
2026-03-23 00:45:00+00:00,2026-03-23 00:59:59.999000+00:00,1.3809,1.3832,1.3771,1.37831599,900
2026-03-23 01:00:00+00:00,2026-03-23 01:14:59.999000+00:00,1.37831599,1.38434534,1.3749,1.3811,900
2026-03-23 01:15:00+00:00,2026-03-23 01:29:59.999000+00:00,1.3811,1.3891,1.3811,1.3876,900
2026-03-23 01:30:00+00:00,2026-03-23 01:44:59.999000+00:00,1.3877,1.3896,1.3839,1.3854,900
2026-03-23 01:45:00+00:00,2026-03-23 01:59:59.999000+00:00,1.3854,1.3869,1.3813,1.38159266,900
2026-03-23 02:00:00+00:00,2026-03-23 02:14:59.999000+00:00,1.3813,1.3884,1.38110071,1.3824,900
2026-03-23 02:15:00+00:00,2026-03-23 02:29:59.999000+00:00,1.3824,1.3923,1.38165172,1.3917189,900
2026-03-23 02:30:00+00:00,2026-03-23 02:44:59.999000+00:00,1.39162759,1.39192714,1.3866,1.38676925,900
2026-03-23 02:45:00+00:00,2026-03-23 02:59:59.999000+00:00,1.38671004,1.3868,1.3818,1.3847501,900
2026-03-23 03:00:00+00:00,2026-03-23 03:14:59.999000+00:00,1.38479157,1.3912,1.38127397,1.38184503,900
2026-03-23 03:15:00+00:00,2026-03-23 03:29:59.999000+00:00,1.38181724,1.3849,1.3815,1.3833,900
2026-03-23 03:30:00+00:00,2026-03-23 03:44:59.999000+00:00,1.38320116,1.38426971,1.3777,1.3797,900
2026-03-23 03:45:00+00:00,2026-03-23 03:59:59.999000+00:00,1.3797,1.381637,1.3781,1.38075838,900
2026-03-23 04:00:00+00:00,2026-03-23 04:14:59.999000+00:00,1.3808,1.3832,1.3795,1.37951045,900
2026-03-23 04:15:00+00:00,2026-03-23 04:29:59.999000+00:00,1.37950863,1.38501174,1.3778,1.38487348,900
2026-03-23 04:30:00+00:00,2026-03-23 04:44:59.999000+00:00,1.3849,1.3885,1.38424188,1.3849,900
2026-03-23 04:45:00+00:00,2026-03-23 04:59:59.999000+00:00,1.3849,1.3901,1.3848,1.38984204,900
2026-03-23 05:00:00+00:00,2026-03-23 05:14:59.999000+00:00,1.3899,1.3936,1.3897,1.393,900
2026-03-23 05:15:00+00:00,2026-03-23 05:29:59.999000+00:00,1.393,1.3947,1.3908,1.3928,900
2026-03-23 05:30:00+00:00,2026-03-23 05:44:59.999000+00:00,1.3927,1.3950119,1.38891759,1.3898,900
2026-03-23 05:45:00+00:00,2026-03-23 05:59:59.999000+00:00,1.3897,1.393,1.38746463,1.39043523,900
2026-03-23 06:00:00+00:00,2026-03-23 06:14:59.999000+00:00,1.39043438,1.39048075,1.38043025,1.38120184,900
2026-03-23 06:15:00+00:00,2026-03-23 06:29:59.999000+00:00,1.38116839,1.3833,1.3787,1.3814,900
2026-03-23 06:30:00+00:00,2026-03-23 06:44:59.999000+00:00,1.3817,1.38227537,1.36811975,1.3703,900
2026-03-23 06:45:00+00:00,2026-03-23 06:59:59.999000+00:00,1.3703,1.37274929,1.36801012,1.37115507,900
2026-03-23 07:00:00+00:00,2026-03-23 07:14:59.999000+00:00,1.37115507,1.37138752,1.36366442,1.3681,900
2026-03-23 07:15:00+00:00,2026-03-23 07:29:59.999000+00:00,1.3682,1.37018054,1.3618,1.36395308,900
2026-03-23 07:30:00+00:00,2026-03-23 07:44:59.999000+00:00,1.36390649,1.375,1.36289884,1.37440197,900
2026-03-23 07:45:00+00:00,2026-03-23 07:59:59.999000+00:00,1.37440932,1.3753,1.3711,1.37183084,900
2026-03-23 08:00:00+00:00,2026-03-23 08:14:59.999000+00:00,1.3719,1.3796,1.3718,1.3772,877
2026-03-23 08:15:00+00:00,2026-03-23 08:29:59.999000+00:00,1.3773,1.3784,1.37312133,1.374,900
2026-03-23 08:30:00+00:00,2026-03-23 08:44:59.999000+00:00,1.3739393,1.3765267,1.37229904,1.37341034,900
2026-03-23 08:45:00+00:00,2026-03-23 08:59:59.999000+00:00,1.37350683,1.3737,1.36671945,1.36767242,900
2026-03-23 09:00:00+00:00,2026-03-23 09:14:59.999000+00:00,1.3677,1.3687,1.365,1.3687,900
2026-03-23 09:15:00+00:00,2026-03-23 09:29:59.999000+00:00,1.3687,1.3708,1.36645783,1.36784279,900
2026-03-23 09:30:00+00:00,2026-03-23 09:44:59.999000+00:00,1.36784279,1.36790506,1.3611,1.3643,900
2026-03-23 09:45:00+00:00,2026-03-23 09:59:59.999000+00:00,1.3643,1.369,1.3642,1.3686,900
2026-03-23 10:00:00+00:00,2026-03-23 10:14:59.999000+00:00,1.36856009,1.38,1.36774029,1.3778,900
2026-03-23 10:15:00+00:00,2026-03-23 10:29:59.999000+00:00,1.3779,1.3785,1.37205455,1.37322237,900
2026-03-23 10:30:00+00:00,2026-03-23 10:44:59.999000+00:00,1.3732046,1.3732046,1.36964894,1.3708,900
2026-03-23 10:45:00+00:00,2026-03-23 10:59:59.999000+00:00,1.37076515,1.37434773,1.36848134,1.3715,900
2026-03-23 11:00:00+00:00,2026-03-23 11:14:59.999000+00:00,1.3716,1.44400269,1.3716,1.42672765,900
2026-03-23 11:15:00+00:00,2026-03-23 11:29:59.999000+00:00,1.4265,1.4348,1.4129,1.4265,900
2026-03-23 11:30:00+00:00,2026-03-23 11:44:59.999000+00:00,1.4266,1.4341,1.4203,1.4212,900
2026-03-23 11:45:00+00:00,2026-03-23 11:59:59.999000+00:00,1.4215,1.4226,1.4086,1.4106,900
2026-03-23 12:00:00+00:00,2026-03-23 12:14:59.999000+00:00,1.4107,1.41825893,1.40124961,1.41210801,900
2026-03-23 12:15:00+00:00,2026-03-23 12:29:59.999000+00:00,1.41162871,1.4212,1.41135539,1.41645758,900
2026-03-23 12:30:00+00:00,2026-03-23 12:44:59.999000+00:00,1.41633945,1.4259954,1.41129311,1.42330119,900
2026-03-23 12:45:00+00:00,2026-03-23 12:59:59.999000+00:00,1.4239,1.42611239,1.42123394,1.42441643,900
2026-03-23 13:00:00+00:00,2026-03-23 13:14:59.999000+00:00,1.42425194,1.4282,1.4222,1.42270913,900
2026-03-23 13:15:00+00:00,2026-03-23 13:29:59.999000+00:00,1.4227107,1.42779878,1.4227,1.4233,900
2026-03-23 13:30:00+00:00,2026-03-23 13:44:59.999000+00:00,1.4235,1.4377,1.4206,1.43433321,900
2026-03-23 13:45:00+00:00,2026-03-23 13:59:59.999000+00:00,1.4342,1.4433,1.432,1.4412,900
2026-03-23 14:00:00+00:00,2026-03-23 14:14:59.999000+00:00,1.4414,1.4522,1.4408,1.4465,900
2026-03-23 14:15:00+00:00,2026-03-23 14:29:59.999000+00:00,1.4465,1.45189481,1.4443,1.44549776,900
2026-03-23 14:30:00+00:00,2026-03-23 14:44:59.999000+00:00,1.44549776,1.45092833,1.44422241,1.4479,900
2026-03-23 14:45:00+00:00,2026-03-23 14:59:59.999000+00:00,1.44761351,1.456,1.44504769,1.45496048,900
2026-03-23 15:00:00+00:00,2026-03-23 15:14:59.999000+00:00,1.45476741,1.4631,1.45476741,1.4609,900
2026-03-23 15:15:00+00:00,2026-03-23 15:29:59.999000+00:00,1.4609,1.46537679,1.45497667,1.45931747,900
2026-03-23 15:30:00+00:00,2026-03-23 15:44:59.999000+00:00,1.4592692,1.46003402,1.4436,1.446,900
2026-03-23 15:45:00+00:00,2026-03-23 15:59:59.999000+00:00,1.44576582,1.4494,1.43018322,1.431,900
2026-03-23 16:00:00+00:00,2026-03-23 16:14:59.999000+00:00,1.43085224,1.4405,1.4308,1.43976283,900
2026-03-23 16:15:00+00:00,2026-03-23 16:29:59.999000+00:00,1.43966157,1.44216751,1.42875878,1.4291,900
2026-03-23 16:30:00+00:00,2026-03-23 16:44:59.999000+00:00,1.4292,1.4389,1.42703242,1.43095392,900
2026-03-23 16:45:00+00:00,2026-03-23 16:59:59.999000+00:00,1.431,1.4359,1.43003838,1.43357871,900
2026-03-23 17:00:00+00:00,2026-03-23 17:14:59.999000+00:00,1.43357871,1.43791593,1.43119584,1.4337,900
2026-03-23 17:15:00+00:00,2026-03-23 17:29:59.999000+00:00,1.4336,1.4351,1.42615289,1.42993046,900
2026-03-23 17:30:00+00:00,2026-03-23 17:44:59.999000+00:00,1.42984402,1.4461,1.42906366,1.442,900
2026-03-23 17:45:00+00:00,2026-03-23 17:59:59.999000+00:00,1.44196272,1.44454302,1.44010202,1.4436,900
2026-03-23 18:00:00+00:00,2026-03-23 18:14:59.999000+00:00,1.44363819,1.446,1.4377,1.439,900
2026-03-23 18:15:00+00:00,2026-03-23 18:29:59.999000+00:00,1.4388,1.4406,1.43612226,1.43738221,900
2026-03-23 18:30:00+00:00,2026-03-23 18:44:59.999000+00:00,1.4374,1.4419,1.43731631,1.4381,900
2026-03-23 18:45:00+00:00,2026-03-23 18:59:59.999000+00:00,1.4381,1.44263098,1.43787055,1.44114515,900
2026-03-23 19:00:00+00:00,2026-03-23 19:14:59.999000+00:00,1.44115105,1.4448,1.43681397,1.43724051,900
2026-03-23 19:15:00+00:00,2026-03-23 19:29:59.999000+00:00,1.4372,1.4385,1.4345,1.43734155,900
2026-03-23 19:30:00+00:00,2026-03-23 19:44:59.999000+00:00,1.4374,1.4387,1.43648323,1.4373,900
2026-03-23 19:45:00+00:00,2026-03-23 19:59:59.999000+00:00,1.4374,1.4392,1.43096821,1.43492448,900
2026-03-23 20:00:00+00:00,2026-03-23 20:14:59.999000+00:00,1.43439592,1.43728746,1.4306586,1.4358,900
2026-03-23 20:15:00+00:00,2026-03-23 20:29:59.999000+00:00,1.4358,1.438,1.43400477,1.4347,900
2026-03-23 20:30:00+00:00,2026-03-23 20:44:59.999000+00:00,1.43472528,1.43932068,1.4341,1.43906272,900
2026-03-23 20:45:00+00:00,2026-03-23 20:59:59.999000+00:00,1.4390189,1.4392,1.4363,1.4375,900
2026-03-23 21:00:00+00:00,2026-03-23 21:14:59.999000+00:00,1.4375,1.4389,1.4351,1.4359,900
2026-03-23 21:15:00+00:00,2026-03-23 21:29:59.999000+00:00,1.4359,1.43703299,1.434,1.4353073,900
2026-03-23 21:30:00+00:00,2026-03-23 21:44:59.999000+00:00,1.43542053,1.4395,1.4351,1.4385595,900
2026-03-23 21:45:00+00:00,2026-03-23 21:59:59.999000+00:00,1.4386,1.4386,1.4341,1.43530187,900
2026-03-23 22:00:00+00:00,2026-03-23 22:14:59.999000+00:00,1.43521109,1.4364,1.4274,1.43021868,900
2026-03-23 22:15:00+00:00,2026-03-23 22:29:59.999000+00:00,1.43021868,1.4319,1.42827136,1.42933792,900
2026-03-23 22:30:00+00:00,2026-03-23 22:44:59.999000+00:00,1.42934658,1.42934658,1.42507595,1.42690091,900
2026-03-23 22:45:00+00:00,2026-03-23 22:59:59.999000+00:00,1.42685094,1.42968733,1.42596905,1.42915003,900
2026-03-23 23:00:00+00:00,2026-03-23 23:14:59.999000+00:00,1.4291,1.4294,1.424,1.42558619,900
2026-03-23 23:15:00+00:00,2026-03-23 23:29:59.999000+00:00,1.42559055,1.4305,1.42382262,1.42953296,900
2026-03-23 23:30:00+00:00,2026-03-23 23:44:59.999000+00:00,1.42956157,1.4312,1.42722883,1.43036695,900
2026-03-23 23:45:00+00:00,2026-03-23 23:59:59.999000+00:00,1.43036695,1.43361809,1.42808857,1.4313,900
2026-03-24 00:00:00+00:00,2026-03-24 00:14:59.999000+00:00,1.4316,1.4344,1.42701094,1.42701094,900
2026-03-24 00:15:00+00:00,2026-03-24 00:29:59.999000+00:00,1.42682474,1.4275,1.4223,1.42261207,900
2026-03-24 00:30:00+00:00,2026-03-24 00:44:59.999000+00:00,1.42258402,1.423,1.41637611,1.41947079,900
2026-03-24 00:45:00+00:00,2026-03-24 00:59:59.999000+00:00,1.41932718,1.4234,1.41932718,1.41942411,900
2026-03-24 01:00:00+00:00,2026-03-24 01:14:59.999000+00:00,1.4194,1.42271372,1.41770071,1.4188,900
2026-03-24 01:15:00+00:00,2026-03-24 01:29:59.999000+00:00,1.4188,1.4222,1.41696086,1.4211,900
2026-03-24 01:30:00+00:00,2026-03-24 01:44:59.999000+00:00,1.4211,1.4211,1.4099,1.4114,900
2026-03-24 01:45:00+00:00,2026-03-24 01:59:59.999000+00:00,1.4115,1.41406711,1.4095,1.41293261,900
2026-03-24 02:00:00+00:00,2026-03-24 02:14:59.999000+00:00,1.41294404,1.41621121,1.41044961,1.4108,900
2026-03-24 02:15:00+00:00,2026-03-24 02:29:59.999000+00:00,1.4108,1.4164,1.4107,1.4151,900
2026-03-24 02:30:00+00:00,2026-03-24 02:44:59.999000+00:00,1.4149,1.4159,1.40951299,1.4128,900
2026-03-24 02:45:00+00:00,2026-03-24 02:59:59.999000+00:00,1.4128,1.4138,1.4085,1.40852426,900
2026-03-24 03:00:00+00:00,2026-03-24 03:14:59.999000+00:00,1.40851299,1.4107,1.4079,1.40954896,900
2026-03-24 03:15:00+00:00,2026-03-24 03:29:59.999000+00:00,1.40960122,1.4124,1.40960122,1.4109,900
2026-03-24 03:30:00+00:00,2026-03-24 03:44:59.999000+00:00,1.4108,1.41323388,1.40940118,1.41231964,900
2026-03-24 03:45:00+00:00,2026-03-24 03:59:59.999000+00:00,1.41236461,1.4153,1.412,1.4138,900
2026-03-24 04:00:00+00:00,2026-03-24 04:14:59.999000+00:00,1.4138,1.41593053,1.41224393,1.4129,900
2026-03-24 04:15:00+00:00,2026-03-24 04:29:59.999000+00:00,1.4129,1.4132,1.4103,1.41047147,900
2026-03-24 04:30:00+00:00,2026-03-24 04:44:59.999000+00:00,1.41042501,1.41047467,1.4062,1.4078,900
2026-03-24 04:45:00+00:00,2026-03-24 04:59:59.999000+00:00,1.4077,1.4094,1.40618274,1.408,900
2026-03-24 05:00:00+00:00,2026-03-24 05:14:59.999000+00:00,1.408,1.40878326,1.40433451,1.4082,900
2026-03-24 05:15:00+00:00,2026-03-24 05:29:59.999000+00:00,1.4083,1.41370109,1.40817592,1.4112,900
2026-03-24 05:30:00+00:00,2026-03-24 05:44:59.999000+00:00,1.41113617,1.4139,1.411,1.4127,900
2026-03-24 05:45:00+00:00,2026-03-24 05:59:59.999000+00:00,1.413,1.4148,1.41236238,1.41337385,900
2026-03-24 06:00:00+00:00,2026-03-24 06:14:59.999000+00:00,1.41334714,1.4134,1.4097,1.41067909,900
2026-03-24 06:15:00+00:00,2026-03-24 06:29:59.999000+00:00,1.41050147,1.4141,1.4096,1.4115,900
2026-03-24 06:30:00+00:00,2026-03-24 06:44:59.999000+00:00,1.4115,1.4143,1.4115,1.4125,900
2026-03-24 06:45:00+00:00,2026-03-24 06:59:59.999000+00:00,1.4126,1.4165,1.4097,1.41521948,900
2026-03-24 07:00:00+00:00,2026-03-24 07:14:59.999000+00:00,1.4152,1.42508404,1.41369035,1.4226219,900
2026-03-24 07:15:00+00:00,2026-03-24 07:29:59.999000+00:00,1.4227,1.4243,1.4204,1.4218,900
2026-03-24 07:30:00+00:00,2026-03-24 07:44:59.999000+00:00,1.4217,1.42373913,1.4207,1.42262775,900
2026-03-24 07:45:00+00:00,2026-03-24 07:59:59.999000+00:00,1.42261593,1.43181207,1.42201099,1.43063095,900
2026-03-24 08:00:00+00:00,2026-03-24 08:14:59.999000+00:00,1.4306979,1.4326,1.4255,1.4276,900
2026-03-24 08:15:00+00:00,2026-03-24 08:29:59.999000+00:00,1.42760386,1.4278,1.42102547,1.42103115,900
2026-03-24 08:30:00+00:00,2026-03-24 08:44:59.999000+00:00,1.4211,1.4235,1.41896117,1.42066647,900
2026-03-24 08:45:00+00:00,2026-03-24 08:59:59.999000+00:00,1.4206048,1.4218,1.4143,1.41683233,900
2026-03-24 09:00:00+00:00,2026-03-24 09:14:59.999000+00:00,1.41664255,1.4168,1.41318977,1.4136,900
2026-03-24 09:15:00+00:00,2026-03-24 09:29:59.999000+00:00,1.4137,1.4167,1.41266977,1.4154,900
2026-03-24 09:30:00+00:00,2026-03-24 09:44:59.999000+00:00,1.41532763,1.4201,1.4134,1.4199,900
2026-03-24 09:45:00+00:00,2026-03-24 09:59:59.999000+00:00,1.4199,1.4234,1.4196,1.4225,900
2026-03-24 10:00:00+00:00,2026-03-24 10:14:59.999000+00:00,1.4225,1.4229,1.41838699,1.41943234,900
2026-03-24 10:15:00+00:00,2026-03-24 10:29:59.999000+00:00,1.4194,1.42024898,1.41765068,1.41776269,900
2026-03-24 10:30:00+00:00,2026-03-24 10:44:59.999000+00:00,1.41769703,1.41902628,1.4159,1.418,900
2026-03-24 10:45:00+00:00,2026-03-24 10:59:59.999000+00:00,1.4183,1.4211,1.41656197,1.42077355,900
2026-03-24 11:00:00+00:00,2026-03-24 11:14:59.999000+00:00,1.42077447,1.42104815,1.4143,1.4180892,900
2026-03-24 11:15:00+00:00,2026-03-24 11:29:59.999000+00:00,1.41808894,1.41963113,1.4151,1.41833193,900
2026-03-24 11:30:00+00:00,2026-03-24 11:44:59.999000+00:00,1.4183,1.42460173,1.41771099,1.4213,900
2026-03-24 11:45:00+00:00,2026-03-24 11:59:59.999000+00:00,1.4212,1.4229,1.4182,1.42259468,900
2026-03-24 12:00:00+00:00,2026-03-24 12:14:59.999000+00:00,1.42254771,1.4228,1.41810881,1.41951211,900
2026-03-24 12:15:00+00:00,2026-03-24 12:29:59.999000+00:00,1.41952283,1.42042652,1.4187,1.4194,900
2026-03-24 12:30:00+00:00,2026-03-24 12:44:59.999000+00:00,1.4193,1.4193,1.41351135,1.416,900
2026-03-24 12:45:00+00:00,2026-03-24 12:59:59.999000+00:00,1.416,1.41806935,1.4151,1.41556923,900
2026-03-24 13:00:00+00:00,2026-03-24 13:14:59.999000+00:00,1.41556923,1.41715722,1.4103,1.413,900
2026-03-24 13:15:00+00:00,2026-03-24 13:29:59.999000+00:00,1.413,1.4137,1.4088268,1.4133,900
2026-03-24 13:30:00+00:00,2026-03-24 13:44:59.999000+00:00,1.41327797,1.41603556,1.40271805,1.40352309,900
2026-03-24 13:45:00+00:00,2026-03-24 13:59:59.999000+00:00,1.40347112,1.4065,1.3998,1.40189984,900
2026-03-24 14:00:00+00:00,2026-03-24 14:14:59.999000+00:00,1.40189984,1.40707528,1.3966,1.39953292,900
2026-03-24 14:15:00+00:00,2026-03-24 14:29:59.999000+00:00,1.39952819,1.4042,1.3966,1.4019,900
2026-03-24 14:30:00+00:00,2026-03-24 14:44:59.999000+00:00,1.40189387,1.4032,1.3969,1.39911197,900
2026-03-24 14:45:00+00:00,2026-03-24 14:59:59.999000+00:00,1.3992,1.40862436,1.39497523,1.40138429,900
2026-03-24 15:00:00+00:00,2026-03-24 15:14:59.999000+00:00,1.4014,1.40445803,1.39974753,1.40241596,900
2026-03-24 15:15:00+00:00,2026-03-24 15:29:59.999000+00:00,1.40244097,1.40779043,1.4012,1.4037,900
2026-03-24 15:30:00+00:00,2026-03-24 15:44:59.999000+00:00,1.4036,1.407506,1.4001,1.4037,900
2026-03-24 15:45:00+00:00,2026-03-24 15:59:59.999000+00:00,1.4037,1.4054,1.3997,1.40020724,900
2026-03-24 16:00:00+00:00,2026-03-24 16:14:59.999000+00:00,1.40019969,1.40155983,1.39870924,1.40148521,900
2026-03-24 16:15:00+00:00,2026-03-24 16:29:59.999000+00:00,1.40159885,1.4032,1.39627062,1.3972,900
2026-03-24 16:30:00+00:00,2026-03-24 16:44:59.999000+00:00,1.3972,1.398,1.3893,1.39281991,900
2026-03-24 16:45:00+00:00,2026-03-24 16:59:59.999000+00:00,1.39285917,1.3937,1.3894,1.39,900
2026-03-24 17:00:00+00:00,2026-03-24 17:14:59.999000+00:00,1.39,1.39112819,1.38632549,1.39094984,900
2026-03-24 17:15:00+00:00,2026-03-24 17:29:59.999000+00:00,1.39094984,1.39301334,1.3882,1.389,900
2026-03-24 17:30:00+00:00,2026-03-24 17:44:59.999000+00:00,1.389,1.38996341,1.3832,1.38416604,900
2026-03-24 17:45:00+00:00,2026-03-24 17:59:59.999000+00:00,1.38416604,1.38896781,1.3839,1.3874,900
2026-03-24 18:00:00+00:00,2026-03-24 18:14:59.999000+00:00,1.38731854,1.38974267,1.3866,1.38915058,900
2026-03-24 18:15:00+00:00,2026-03-24 18:29:59.999000+00:00,1.38906101,1.38942031,1.38678579,1.38824279,900
2026-03-24 18:30:00+00:00,2026-03-24 18:44:59.999000+00:00,1.38825075,1.39426158,1.3879,1.38970553,900
2026-03-24 18:45:00+00:00,2026-03-24 18:59:59.999000+00:00,1.38967894,1.38980511,1.3869657,1.38800065,900
2026-03-24 19:00:00+00:00,2026-03-24 19:14:59.999000+00:00,1.38801582,1.392,1.38801582,1.39149368,900
2026-03-24 19:15:00+00:00,2026-03-24 19:29:59.999000+00:00,1.3915,1.3929,1.391,1.3911,900
2026-03-24 19:30:00+00:00,2026-03-24 19:44:59.999000+00:00,1.3911,1.3918,1.38969507,1.3899,900
2026-03-24 19:45:00+00:00,2026-03-24 19:59:59.999000+00:00,1.3899,1.39,1.38693538,1.3871,900
2026-03-24 20:00:00+00:00,2026-03-24 20:14:59.999000+00:00,1.3872,1.3879,1.3854,1.3874,900
2026-03-24 20:15:00+00:00,2026-03-24 20:29:59.999000+00:00,1.3875,1.40787637,1.3872,1.40204475,900
2026-03-24 20:30:00+00:00,2026-03-24 20:44:59.999000+00:00,1.40210041,1.4075,1.40137803,1.406,900
2026-03-24 20:45:00+00:00,2026-03-24 20:59:59.999000+00:00,1.40592662,1.412,1.40349226,1.40886799,900
2026-03-24 21:00:00+00:00,2026-03-24 21:14:59.999000+00:00,1.4089,1.4109,1.4048,1.4062,900
2026-03-24 21:15:00+00:00,2026-03-24 21:29:59.999000+00:00,1.4062,1.4088566,1.4047,1.40874923,900
2026-03-24 21:30:00+00:00,2026-03-24 21:44:59.999000+00:00,1.40874029,1.4137,1.4076,1.41192294,900
2026-03-24 21:45:00+00:00,2026-03-24 21:59:59.999000+00:00,1.41176306,1.41348022,1.4096,1.41215358,900
2026-03-24 22:00:00+00:00,2026-03-24 22:14:59.999000+00:00,1.41221321,1.41367869,1.4089,1.4134,900
2026-03-24 22:15:00+00:00,2026-03-24 22:29:59.999000+00:00,1.41334563,1.4134,1.4094,1.40946475,900
2026-03-24 22:30:00+00:00,2026-03-24 22:44:59.999000+00:00,1.4096,1.4109,1.4074,1.40920583,900
2026-03-24 22:45:00+00:00,2026-03-24 22:59:59.999000+00:00,1.40920583,1.4116,1.409,1.4104,900
2026-03-24 23:00:00+00:00,2026-03-24 23:14:59.999000+00:00,1.4103,1.41252166,1.4086,1.41088289,900
2026-03-24 23:15:00+00:00,2026-03-24 23:29:59.999000+00:00,1.41085419,1.4169,1.41085419,1.4157,900
2026-03-24 23:30:00+00:00,2026-03-24 23:44:59.999000+00:00,1.4156,1.41754271,1.41410006,1.41410006,900
2026-03-24 23:45:00+00:00,2026-03-24 23:59:59.999000+00:00,1.41406932,1.4158,1.4139,1.41504999,900
2026-03-25 00:00:00+00:00,2026-03-25 00:14:59.999000+00:00,1.41504061,1.42040063,1.41350331,1.42005204,900
2026-03-25 00:15:00+00:00,2026-03-25 00:29:59.999000+00:00,1.41998442,1.42,1.41605288,1.41605288,900
2026-03-25 00:30:00+00:00,2026-03-25 00:44:59.999000+00:00,1.41605448,1.42422108,1.41190309,1.422,900
2026-03-25 00:45:00+00:00,2026-03-25 00:59:59.999000+00:00,1.422,1.4235,1.41941604,1.41951745,900
2026-03-25 01:00:00+00:00,2026-03-25 01:14:59.999000+00:00,1.41951745,1.42193101,1.4173,1.41785983,900
2026-03-25 01:15:00+00:00,2026-03-25 01:29:59.999000+00:00,1.41784901,1.41845813,1.415,1.41845813,900
2026-03-25 01:30:00+00:00,2026-03-25 01:44:59.999000+00:00,1.4184664,1.42159957,1.41686712,1.41975448,900
2026-03-25 01:45:00+00:00,2026-03-25 01:59:59.999000+00:00,1.4197412,1.4199,1.4163161,1.4163161,900
2026-03-25 02:00:00+00:00,2026-03-25 02:14:59.999000+00:00,1.41626338,1.4167,1.41384043,1.4148,900
2026-03-25 02:15:00+00:00,2026-03-25 02:29:59.999000+00:00,1.41471089,1.41554212,1.41276498,1.41276498,900
2026-03-25 02:30:00+00:00,2026-03-25 02:44:59.999000+00:00,1.41270299,1.414,1.4111,1.41361775,900
2026-03-25 02:45:00+00:00,2026-03-25 02:59:59.999000+00:00,1.41367038,1.4153,1.4097,1.4101,900
2026-03-25 03:00:00+00:00,2026-03-25 03:14:59.999000+00:00,1.4101,1.41011024,1.40667781,1.40824931,900
2026-03-25 03:15:00+00:00,2026-03-25 03:29:59.999000+00:00,1.40816735,1.4103,1.4064,1.41,900
2026-03-25 03:30:00+00:00,2026-03-25 03:44:59.999000+00:00,1.4099688,1.4136,1.4099688,1.4122,900
2026-03-25 03:45:00+00:00,2026-03-25 03:59:59.999000+00:00,1.4122,1.4143,1.4122,1.4127,900
2026-03-25 04:00:00+00:00,2026-03-25 04:14:59.999000+00:00,1.4127,1.41607737,1.4123,1.41511076,900
2026-03-25 04:15:00+00:00,2026-03-25 04:29:59.999000+00:00,1.4151,1.41510177,1.4122,1.413,900
2026-03-25 04:30:00+00:00,2026-03-25 04:44:59.999000+00:00,1.41301552,1.4133,1.41052557,1.4114,900
2026-03-25 04:45:00+00:00,2026-03-25 04:59:59.999000+00:00,1.4113,1.41679316,1.4111,1.4156,900
2026-03-25 05:00:00+00:00,2026-03-25 05:14:59.999000+00:00,1.4156,1.4229,1.4144,1.42095885,900
2026-03-25 05:15:00+00:00,2026-03-25 05:29:59.999000+00:00,1.421,1.4213,1.41867466,1.42070013,900
2026-03-25 05:30:00+00:00,2026-03-25 05:44:59.999000+00:00,1.4207,1.4216825,1.4179,1.4191,900
2026-03-25 05:45:00+00:00,2026-03-25 05:59:59.999000+00:00,1.41902228,1.41930015,1.4167,1.41693608,900
2026-03-25 06:00:00+00:00,2026-03-25 06:14:59.999000+00:00,1.4169354,1.418692,1.4155,1.41625027,900
2026-03-25 06:15:00+00:00,2026-03-25 06:29:59.999000+00:00,1.4163,1.42240758,1.4162,1.42188997,900
2026-03-25 06:30:00+00:00,2026-03-25 06:44:59.999000+00:00,1.42184703,1.4221,1.4201,1.4203,900
2026-03-25 06:45:00+00:00,2026-03-25 06:59:59.999000+00:00,1.4203,1.4211,1.41684634,1.4173,900
2026-03-25 07:00:00+00:00,2026-03-25 07:14:59.999000+00:00,1.4173,1.4221,1.4164,1.42154522,900
2026-03-25 07:15:00+00:00,2026-03-25 07:29:59.999000+00:00,1.42155009,1.4216,1.41845604,1.419,900
2026-03-25 07:30:00+00:00,2026-03-25 07:44:59.999000+00:00,1.419,1.4258,1.41885516,1.4232,900
2026-03-25 07:45:00+00:00,2026-03-25 07:59:59.999000+00:00,1.4232,1.4235,1.4181,1.4193,900
2026-03-25 08:00:00+00:00,2026-03-25 08:14:59.999000+00:00,1.4193,1.42488902,1.4174,1.4175,900
2026-03-25 08:15:00+00:00,2026-03-25 08:29:59.999000+00:00,1.4176,1.42164004,1.4171489,1.4189,900
2026-03-25 08:30:00+00:00,2026-03-25 08:44:59.999000+00:00,1.41877342,1.42465434,1.41848527,1.42320144,900
2026-03-25 08:45:00+00:00,2026-03-25 08:59:59.999000+00:00,1.42320144,1.4233487,1.418,1.41876756,900
2026-03-25 09:00:00+00:00,2026-03-25 09:14:59.999000+00:00,1.41883525,1.42015702,1.41764911,1.4179,900
2026-03-25 09:15:00+00:00,2026-03-25 09:29:59.999000+00:00,1.4179,1.4208,1.41665156,1.41682581,900
2026-03-25 09:30:00+00:00,2026-03-25 09:44:59.999000+00:00,1.4169,1.41763145,1.41201175,1.4161,900
2026-03-25 09:45:00+00:00,2026-03-25 09:59:59.999000+00:00,1.4161,1.41856753,1.41233259,1.4171,900
2026-03-25 10:00:00+00:00,2026-03-25 10:14:59.999000+00:00,1.4171,1.42036032,1.4161,1.4198,900
2026-03-25 10:15:00+00:00,2026-03-25 10:29:59.999000+00:00,1.4198,1.4203,1.4184,1.41981694,900
2026-03-25 10:30:00+00:00,2026-03-25 10:44:59.999000+00:00,1.4199,1.42219942,1.41894305,1.4207,900
2026-03-25 10:45:00+00:00,2026-03-25 10:59:59.999000+00:00,1.4207,1.4233,1.42031237,1.4223,900
2026-03-25 11:00:00+00:00,2026-03-25 11:14:59.999000+00:00,1.4223,1.4305,1.42202349,1.43034456,900
2026-03-25 11:15:00+00:00,2026-03-25 11:29:59.999000+00:00,1.4304,1.437,1.4289047,1.43299759,900
2026-03-25 11:30:00+00:00,2026-03-25 11:44:59.999000+00:00,1.43286212,1.43659705,1.43046308,1.4309,900
2026-03-25 11:45:00+00:00,2026-03-25 11:59:59.999000+00:00,1.43086937,1.4315,1.42411375,1.428,900
2026-03-25 12:00:00+00:00,2026-03-25 12:14:59.999000+00:00,1.4281,1.4315,1.42573526,1.42631092,900
2026-03-25 12:15:00+00:00,2026-03-25 12:29:59.999000+00:00,1.42632458,1.4265562,1.41294145,1.4175245,900
2026-03-25 12:30:00+00:00,2026-03-25 12:44:59.999000+00:00,1.41751184,1.41944452,1.4151,1.41656312,900
2026-03-25 12:45:00+00:00,2026-03-25 12:59:59.999000+00:00,1.41659027,1.4263,1.4154053,1.4216,900
2026-03-25 13:00:00+00:00,2026-03-25 13:14:59.999000+00:00,1.42151833,1.42489778,1.419,1.4244,900
2026-03-25 13:15:00+00:00,2026-03-25 13:29:59.999000+00:00,1.42431889,1.4252,1.4217936,1.4218,900
2026-03-25 13:30:00+00:00,2026-03-25 13:44:59.999000+00:00,1.4218,1.428953,1.42119939,1.4216,900
2026-03-25 13:45:00+00:00,2026-03-25 13:59:59.999000+00:00,1.4216,1.4239432,1.4176,1.4199,900
2026-03-25 14:00:00+00:00,2026-03-25 14:14:59.999000+00:00,1.4199,1.4218,1.4157,1.4176,900
2026-03-25 14:15:00+00:00,2026-03-25 14:29:59.999000+00:00,1.41760785,1.4211,1.4164,1.4179,900
2026-03-25 14:30:00+00:00,2026-03-25 14:44:59.999000+00:00,1.4179,1.42018875,1.4163,1.4171,900
2026-03-25 14:45:00+00:00,2026-03-25 14:59:59.999000+00:00,1.4171,1.4185,1.4141422,1.4144,900
2026-03-25 15:00:00+00:00,2026-03-25 15:14:59.999000+00:00,1.4144,1.41599544,1.40713249,1.40784322,900
2026-03-25 15:15:00+00:00,2026-03-25 15:29:59.999000+00:00,1.40783691,1.40942785,1.40110092,1.4091528,900
2026-03-25 15:30:00+00:00,2026-03-25 15:44:59.999000+00:00,1.40920493,1.41025782,1.4035,1.40475504,900
2026-03-25 15:45:00+00:00,2026-03-25 15:59:59.999000+00:00,1.40473926,1.40886431,1.40330968,1.4066,900
2026-03-25 16:00:00+00:00,2026-03-25 16:14:59.999000+00:00,1.4066,1.4094934,1.4043,1.40806015,900
2026-03-25 16:15:00+00:00,2026-03-25 16:29:59.999000+00:00,1.4081,1.42006597,1.40671271,1.41707705,900
2026-03-25 16:30:00+00:00,2026-03-25 16:44:59.999000+00:00,1.41711623,1.4194,1.414889,1.4179923,900
2026-03-25 16:45:00+00:00,2026-03-25 16:59:59.999000+00:00,1.41798906,1.418,1.41428205,1.41488025,900
2026-03-25 17:00:00+00:00,2026-03-25 17:14:59.999000+00:00,1.41493953,1.4167,1.4128,1.4145,900
2026-03-25 17:15:00+00:00,2026-03-25 17:29:59.999000+00:00,1.41451605,1.4163261,1.41204457,1.41344257,900
2026-03-25 17:30:00+00:00,2026-03-25 17:44:59.999000+00:00,1.4135,1.41493176,1.41150607,1.41321001,900
2026-03-25 17:45:00+00:00,2026-03-25 17:59:59.999000+00:00,1.4132,1.4139,1.40935528,1.41051737,900
2026-03-25 18:00:00+00:00,2026-03-25 18:14:59.999000+00:00,1.4105,1.41362091,1.41000916,1.4135,900
2026-03-25 18:15:00+00:00,2026-03-25 18:29:59.999000+00:00,1.4136,1.4178,1.4135,1.41650182,900
2026-03-25 18:30:00+00:00,2026-03-25 18:44:59.999000+00:00,1.41652928,1.4175,1.41262497,1.4138247,900
2026-03-25 18:45:00+00:00,2026-03-25 18:59:59.999000+00:00,1.4139,1.4146,1.4094,1.41196247,900
2026-03-25 19:00:00+00:00,2026-03-25 19:14:59.999000+00:00,1.412,1.4147,1.41034858,1.4126,900
2026-03-25 19:15:00+00:00,2026-03-25 19:29:59.999000+00:00,1.4125,1.4148,1.41164429,1.4135,900
2026-03-25 19:30:00+00:00,2026-03-25 19:44:59.999000+00:00,1.4135441,1.41431645,1.4108,1.4109,900
2026-03-25 19:45:00+00:00,2026-03-25 19:59:59.999000+00:00,1.411,1.4125,1.40798179,1.4112,900
2026-03-25 20:00:00+00:00,2026-03-25 20:14:59.999000+00:00,1.4112,1.41392807,1.41032023,1.41244762,900
2026-03-25 20:15:00+00:00,2026-03-25 20:29:59.999000+00:00,1.41244762,1.41407477,1.4098,1.4105782,900
2026-03-25 20:30:00+00:00,2026-03-25 20:44:59.999000+00:00,1.4106,1.4128,1.409,1.4127,900
2026-03-25 20:45:00+00:00,2026-03-25 20:59:59.999000+00:00,1.4127,1.41473274,1.41217125,1.4138,900
2026-03-25 21:00:00+00:00,2026-03-25 21:14:59.999000+00:00,1.4138,1.41666529,1.41158376,1.41635997,900
2026-03-25 21:15:00+00:00,2026-03-25 21:29:59.999000+00:00,1.41635997,1.41667761,1.41140955,1.41201382,900
2026-03-25 21:30:00+00:00,2026-03-25 21:44:59.999000+00:00,1.41201426,1.41477493,1.4112,1.41384866,900
2026-03-25 21:45:00+00:00,2026-03-25 21:59:59.999000+00:00,1.41384866,1.41440974,1.4122,1.4129,900
2026-03-25 22:00:00+00:00,2026-03-25 22:14:59.999000+00:00,1.4129,1.41527399,1.4116423,1.4124,900
2026-03-25 22:15:00+00:00,2026-03-25 22:29:59.999000+00:00,1.4124,1.4132,1.4117,1.41256627,900
2026-03-25 22:30:00+00:00,2026-03-25 22:44:59.999000+00:00,1.41256463,1.4216,1.41256463,1.418719,900
2026-03-25 22:45:00+00:00,2026-03-25 22:59:59.999000+00:00,1.41872056,1.41976055,1.4169,1.41722344,900
2026-03-25 23:00:00+00:00,2026-03-25 23:14:59.999000+00:00,1.41724535,1.41879682,1.41589066,1.41590116,900
2026-03-25 23:15:00+00:00,2026-03-25 23:29:59.999000+00:00,1.41590116,1.41741725,1.41462482,1.4159,900
2026-03-25 23:30:00+00:00,2026-03-25 23:44:59.999000+00:00,1.4159,1.41650242,1.4124615,1.4125,900
2026-03-25 23:45:00+00:00,2026-03-25 23:59:59.999000+00:00,1.4125,1.41465388,1.4119,1.41382861,900
2026-03-26 00:00:00+00:00,2026-03-26 00:14:59.999000+00:00,1.41382861,1.4144,1.4112,1.412,900
2026-03-26 00:15:00+00:00,2026-03-26 00:29:59.999000+00:00,1.412,1.41510453,1.412,1.41245236,900
2026-03-26 00:30:00+00:00,2026-03-26 00:44:59.999000+00:00,1.41244378,1.41425432,1.41223201,1.4142,900
2026-03-26 00:45:00+00:00,2026-03-26 00:59:59.999000+00:00,1.4141,1.4158,1.4106,1.41271273,900
2026-03-26 01:00:00+00:00,2026-03-26 01:14:59.999000+00:00,1.41274038,1.4143,1.41116103,1.4118,900
2026-03-26 01:15:00+00:00,2026-03-26 01:29:59.999000+00:00,1.41186511,1.4135,1.40983701,1.4135,900
2026-03-26 01:30:00+00:00,2026-03-26 01:44:59.999000+00:00,1.4135,1.4146,1.41044831,1.4108,900
2026-03-26 01:45:00+00:00,2026-03-26 01:59:59.999000+00:00,1.4108,1.41180506,1.4096,1.41024501,900
2026-03-26 02:00:00+00:00,2026-03-26 02:14:59.999000+00:00,1.4103,1.4112,1.40684939,1.4074,900
2026-03-26 02:15:00+00:00,2026-03-26 02:29:59.999000+00:00,1.4074,1.40741296,1.40432313,1.40510688,900
2026-03-26 02:30:00+00:00,2026-03-26 02:44:59.999000+00:00,1.40505881,1.40505881,1.3992,1.40147227,900
2026-03-26 02:45:00+00:00,2026-03-26 02:59:59.999000+00:00,1.40147386,1.4031,1.40098078,1.4029736,900
2026-03-26 03:00:00+00:00,2026-03-26 03:14:59.999000+00:00,1.402981,1.402981,1.3988,1.40253663,900
2026-03-26 03:15:00+00:00,2026-03-26 03:29:59.999000+00:00,1.40254971,1.40254971,1.39554774,1.39663292,900
2026-03-26 03:30:00+00:00,2026-03-26 03:44:59.999000+00:00,1.39663195,1.4001,1.3965611,1.39885813,900
2026-03-26 03:45:00+00:00,2026-03-26 03:59:59.999000+00:00,1.39885824,1.4017,1.39848004,1.401,900
2026-03-26 04:00:00+00:00,2026-03-26 04:14:59.999000+00:00,1.401,1.401,1.3971,1.3971,900
2026-03-26 04:15:00+00:00,2026-03-26 04:29:59.999000+00:00,1.3972,1.40100763,1.3968,1.401,900
2026-03-26 04:30:00+00:00,2026-03-26 04:44:59.999000+00:00,1.4011,1.4028,1.4001,1.40253538,900
2026-03-26 04:45:00+00:00,2026-03-26 04:59:59.999000+00:00,1.40253538,1.40480074,1.4015,1.40171178,900
2026-03-26 05:00:00+00:00,2026-03-26 05:14:59.999000+00:00,1.40171178,1.4021,1.39462774,1.39557792,900
2026-03-26 05:15:00+00:00,2026-03-26 05:29:59.999000+00:00,1.39557792,1.39710776,1.3933,1.39532065,900
2026-03-26 05:30:00+00:00,2026-03-26 05:44:59.999000+00:00,1.39537766,1.3969,1.3909,1.3914,900
2026-03-26 05:45:00+00:00,2026-03-26 05:59:59.999000+00:00,1.3913,1.39212663,1.38724583,1.38830092,900
2026-03-26 06:00:00+00:00,2026-03-26 06:14:59.999000+00:00,1.38812338,1.3903,1.38589925,1.3903,900
2026-03-26 06:15:00+00:00,2026-03-26 06:29:59.999000+00:00,1.3903,1.3922,1.38560863,1.38776849,900
2026-03-26 06:30:00+00:00,2026-03-26 06:44:59.999000+00:00,1.38770595,1.38863811,1.3856,1.38591079,900
2026-03-26 06:45:00+00:00,2026-03-26 06:59:59.999000+00:00,1.3859,1.38683622,1.3849,1.38500758,900
2026-03-26 07:00:00+00:00,2026-03-26 07:14:59.999000+00:00,1.385,1.3868,1.3819,1.38254901,900
2026-03-26 07:15:00+00:00,2026-03-26 07:29:59.999000+00:00,1.38253885,1.3859,1.3792,1.38244615,900
2026-03-26 07:30:00+00:00,2026-03-26 07:44:59.999000+00:00,1.38248346,1.3852,1.38064962,1.38343625,900
2026-03-26 07:45:00+00:00,2026-03-26 07:59:59.999000+00:00,1.38332619,1.3861,1.38330199,1.3849,900
2026-03-26 08:00:00+00:00,2026-03-26 08:14:59.999000+00:00,1.3849,1.3857,1.3809,1.381,900
2026-03-26 08:15:00+00:00,2026-03-26 08:29:59.999000+00:00,1.38091478,1.38300715,1.38091478,1.38109529,900
2026-03-26 08:30:00+00:00,2026-03-26 08:44:59.999000+00:00,1.38102759,1.38326415,1.3792,1.38,900
2026-03-26 08:45:00+00:00,2026-03-26 08:59:59.999000+00:00,1.38,1.38217969,1.37960821,1.38140925,900
2026-03-26 09:00:00+00:00,2026-03-26 09:14:59.999000+00:00,1.3815,1.38339447,1.3797,1.3806,900
2026-03-26 09:15:00+00:00,2026-03-26 09:29:59.999000+00:00,1.3807,1.3807,1.3776,1.37967333,900
2026-03-26 09:30:00+00:00,2026-03-26 09:44:59.999000+00:00,1.37968207,1.37968399,1.3675,1.3711,900
2026-03-26 09:45:00+00:00,2026-03-26 09:59:59.999000+00:00,1.371,1.37247328,1.3685,1.37212716,900
2026-03-26 10:00:00+00:00,2026-03-26 10:14:59.999000+00:00,1.3721,1.3721,1.36851414,1.3688,900
2026-03-26 10:15:00+00:00,2026-03-26 10:29:59.999000+00:00,1.3689,1.37495305,1.3689,1.37436031,900
2026-03-26 10:30:00+00:00,2026-03-26 10:44:59.999000+00:00,1.37436031,1.3763,1.373,1.37350013,900
2026-03-26 10:45:00+00:00,2026-03-26 10:59:59.999000+00:00,1.37345777,1.3741,1.37217721,1.37265439,900
2026-03-26 11:00:00+00:00,2026-03-26 11:14:59.999000+00:00,1.37265788,1.37588979,1.37077758,1.3738,900
2026-03-26 11:15:00+00:00,2026-03-26 11:29:59.999000+00:00,1.3738,1.3741,1.36819556,1.3698,900
2026-03-26 11:30:00+00:00,2026-03-26 11:44:59.999000+00:00,1.3698,1.37304928,1.3696164,1.37189642,900
2026-03-26 11:45:00+00:00,2026-03-26 11:59:59.999000+00:00,1.37190694,1.3734,1.37027494,1.37043116,900
2026-03-26 12:00:00+00:00,2026-03-26 12:14:59.999000+00:00,1.3705,1.3728,1.3693,1.37192112,900
2026-03-26 12:15:00+00:00,2026-03-26 12:29:59.999000+00:00,1.372,1.3749,1.3717856,1.3735,900
2026-03-26 12:30:00+00:00,2026-03-26 12:44:59.999000+00:00,1.37359366,1.3743,1.3713,1.37218168,900
2026-03-26 12:45:00+00:00,2026-03-26 12:59:59.999000+00:00,1.37216749,1.37403892,1.3721,1.37343031,900
2026-03-26 13:00:00+00:00,2026-03-26 13:14:59.999000+00:00,1.3735,1.37529342,1.37311745,1.3744,900
2026-03-26 13:15:00+00:00,2026-03-26 13:29:59.999000+00:00,1.3744,1.37552182,1.37353731,1.3746,900
2026-03-26 13:30:00+00:00,2026-03-26 13:44:59.999000+00:00,1.37455998,1.3761555,1.37026362,1.3761555,900
2026-03-26 13:45:00+00:00,2026-03-26 13:59:59.999000+00:00,1.3761555,1.3821,1.3758342,1.3779,900
2026-03-26 14:00:00+00:00,2026-03-26 14:14:59.999000+00:00,1.37774493,1.3806,1.373,1.3744,900
2026-03-26 14:15:00+00:00,2026-03-26 14:29:59.999000+00:00,1.3744,1.3755,1.3709,1.37248175,900
2026-03-26 14:30:00+00:00,2026-03-26 14:44:59.999000+00:00,1.37254208,1.3754185,1.36909737,1.36975171,900
2026-03-26 14:45:00+00:00,2026-03-26 14:59:59.999000+00:00,1.36980076,1.37152279,1.36444752,1.3676,900
2026-03-26 15:00:00+00:00,2026-03-26 15:14:59.999000+00:00,1.36759219,1.3679,1.35506747,1.3558,900
2026-03-26 15:15:00+00:00,2026-03-26 15:29:59.999000+00:00,1.35567988,1.3596,1.35375894,1.3582,900
2026-03-26 15:30:00+00:00,2026-03-26 15:44:59.999000+00:00,1.3581,1.3585,1.35617744,1.3584,900
2026-03-26 15:45:00+00:00,2026-03-26 15:59:59.999000+00:00,1.35840804,1.3606,1.35772605,1.3598,900
2026-03-26 16:00:00+00:00,2026-03-26 16:14:59.999000+00:00,1.3598,1.3652,1.35934168,1.365,900
2026-03-26 16:15:00+00:00,2026-03-26 16:29:59.999000+00:00,1.36501667,1.3652,1.3614,1.36164131,900
2026-03-26 16:30:00+00:00,2026-03-26 16:44:59.999000+00:00,1.36167565,1.36500622,1.3609,1.3639006,900
2026-03-26 16:45:00+00:00,2026-03-26 16:59:59.999000+00:00,1.3639132,1.3645,1.3597,1.3601,900
2026-03-26 17:00:00+00:00,2026-03-26 17:14:59.999000+00:00,1.3601,1.3637,1.35972522,1.3607,900
2026-03-26 17:15:00+00:00,2026-03-26 17:29:59.999000+00:00,1.3607,1.3621,1.3596,1.3611,900
2026-03-26 17:30:00+00:00,2026-03-26 17:44:59.999000+00:00,1.3612,1.3617,1.3584,1.35884908,900
2026-03-26 17:45:00+00:00,2026-03-26 17:59:59.999000+00:00,1.35884908,1.35930654,1.35129501,1.35362746,900
2026-03-26 18:00:00+00:00,2026-03-26 18:14:59.999000+00:00,1.35349681,1.35501409,1.33810342,1.3401,900
2026-03-26 18:15:00+00:00,2026-03-26 18:29:59.999000+00:00,1.34005918,1.34254289,1.3354167,1.3408403,900
2026-03-26 18:30:00+00:00,2026-03-26 18:44:59.999000+00:00,1.34074291,1.34363867,1.3403,1.3435,900
2026-03-26 18:45:00+00:00,2026-03-26 18:59:59.999000+00:00,1.3435,1.34708685,1.3425,1.3465,900
2026-03-26 19:00:00+00:00,2026-03-26 19:14:59.999000+00:00,1.3465,1.3466,1.34338396,1.34440618,900
2026-03-26 19:15:00+00:00,2026-03-26 19:29:59.999000+00:00,1.3445,1.34701425,1.3434,1.34441323,900
2026-03-26 19:30:00+00:00,2026-03-26 19:44:59.999000+00:00,1.3444,1.3508,1.34330224,1.34936143,900
2026-03-26 19:45:00+00:00,2026-03-26 19:59:59.999000+00:00,1.34940648,1.35024312,1.3432885,1.34336079,900
2026-03-26 20:00:00+00:00,2026-03-26 20:14:59.999000+00:00,1.3432705,1.36301893,1.34311912,1.3569,900
2026-03-26 20:15:00+00:00,2026-03-26 20:29:59.999000+00:00,1.3569,1.36324566,1.355,1.3596,900
2026-03-26 20:30:00+00:00,2026-03-26 20:44:59.999000+00:00,1.3596,1.3627,1.35949947,1.3619652,900
2026-03-26 20:45:00+00:00,2026-03-26 20:59:59.999000+00:00,1.362,1.362,1.35674489,1.3584,900
2026-03-26 21:00:00+00:00,2026-03-26 21:14:59.999000+00:00,1.35838577,1.36310195,1.357,1.362,900
2026-03-26 21:15:00+00:00,2026-03-26 21:29:59.999000+00:00,1.36181103,1.36674954,1.3618,1.36538939,900
2026-03-26 21:30:00+00:00,2026-03-26 21:44:59.999000+00:00,1.36537582,1.3694,1.3634,1.3681,900
2026-03-26 21:45:00+00:00,2026-03-26 21:59:59.999000+00:00,1.36805251,1.3689,1.36470039,1.36584155,900
2026-03-26 22:00:00+00:00,2026-03-26 22:14:59.999000+00:00,1.3657735,1.3678,1.364,1.36502133,900
2026-03-26 22:15:00+00:00,2026-03-26 22:29:59.999000+00:00,1.36500284,1.3654,1.3573,1.3603339,900
2026-03-26 22:30:00+00:00,2026-03-26 22:44:59.999000+00:00,1.3604,1.36160596,1.35921492,1.3607,900
2026-03-26 22:45:00+00:00,2026-03-26 22:59:59.999000+00:00,1.36068107,1.36280024,1.36018503,1.36280024,900
2026-03-26 23:00:00+00:00,2026-03-26 23:14:59.999000+00:00,1.36280024,1.3644,1.3602,1.36065013,900
2026-03-26 23:15:00+00:00,2026-03-26 23:29:59.999000+00:00,1.36065013,1.36209417,1.35825652,1.3597,900
2026-03-26 23:30:00+00:00,2026-03-26 23:44:59.999000+00:00,1.3598,1.3603,1.3579,1.3586674,900
2026-03-26 23:45:00+00:00,2026-03-26 23:59:59.999000+00:00,1.35866879,1.36091892,1.3583,1.36004076,900
2026-03-27 00:00:00+00:00,2026-03-27 00:14:59.999000+00:00,1.36008873,1.3627127,1.3590021,1.3621,900
2026-03-27 00:15:00+00:00,2026-03-27 00:29:59.999000+00:00,1.3622,1.36294831,1.3586,1.3591586,900
2026-03-27 00:30:00+00:00,2026-03-27 00:44:59.999000+00:00,1.3591586,1.36143291,1.3572115,1.35931901,900
2026-03-27 00:45:00+00:00,2026-03-27 00:59:59.999000+00:00,1.35930713,1.36196457,1.35817747,1.3609,900
2026-03-27 01:00:00+00:00,2026-03-27 01:14:59.999000+00:00,1.361,1.3649,1.35958102,1.36479769,900
2026-03-27 01:15:00+00:00,2026-03-27 01:29:59.999000+00:00,1.36470291,1.36674952,1.36413403,1.36455304,900
2026-03-27 01:30:00+00:00,2026-03-27 01:44:59.999000+00:00,1.3647,1.3659109,1.3627,1.3642,900
2026-03-27 01:45:00+00:00,2026-03-27 01:59:59.999000+00:00,1.3642,1.3687,1.36407728,1.36821064,900
2026-03-27 02:00:00+00:00,2026-03-27 02:14:59.999000+00:00,1.3682,1.36954434,1.3671,1.3676631,900
2026-03-27 02:15:00+00:00,2026-03-27 02:29:59.999000+00:00,1.36766463,1.36888115,1.36595247,1.36884191,900
2026-03-27 02:30:00+00:00,2026-03-27 02:44:59.999000+00:00,1.36876934,1.3718,1.36846197,1.3688,900
2026-03-27 02:45:00+00:00,2026-03-27 02:59:59.999000+00:00,1.3688,1.37132719,1.3688,1.36960343,900
2026-03-27 03:00:00+00:00,2026-03-27 03:14:59.999000+00:00,1.36960343,1.3702,1.3638,1.365,900
2026-03-27 03:15:00+00:00,2026-03-27 03:29:59.999000+00:00,1.36490703,1.36582973,1.36391789,1.36525894,900
2026-03-27 03:30:00+00:00,2026-03-27 03:44:59.999000+00:00,1.3653,1.3663,1.3646,1.36491312,900
2026-03-27 03:45:00+00:00,2026-03-27 03:59:59.999000+00:00,1.365,1.36501682,1.36293219,1.3633,900
2026-03-27 04:00:00+00:00,2026-03-27 04:14:59.999000+00:00,1.3634,1.364,1.35611668,1.3568,900
2026-03-27 04:15:00+00:00,2026-03-27 04:29:59.999000+00:00,1.3568,1.3622,1.35530033,1.36195712,900
2026-03-27 04:30:00+00:00,2026-03-27 04:44:59.999000+00:00,1.36194707,1.36266594,1.3605,1.36175313,900
2026-03-27 04:45:00+00:00,2026-03-27 04:59:59.999000+00:00,1.36175313,1.36288242,1.3607,1.3628,900
2026-03-27 05:00:00+00:00,2026-03-27 05:14:59.999000+00:00,1.3628,1.3673,1.362,1.36632465,900
2026-03-27 05:15:00+00:00,2026-03-27 05:29:59.999000+00:00,1.3664,1.36791496,1.36073871,1.362,900
2026-03-27 05:30:00+00:00,2026-03-27 05:44:59.999000+00:00,1.3619,1.363,1.35975549,1.3609,900
2026-03-27 05:45:00+00:00,2026-03-27 05:59:59.999000+00:00,1.36085317,1.3626,1.3607,1.3614,900
2026-03-27 06:00:00+00:00,2026-03-27 06:14:59.999000+00:00,1.3614,1.36285519,1.3605,1.36253846,900
2026-03-27 06:15:00+00:00,2026-03-27 06:29:59.999000+00:00,1.36253813,1.3634,1.3616,1.3629873,900
2026-03-27 06:30:00+00:00,2026-03-27 06:44:59.999000+00:00,1.36260362,1.3629,1.36018543,1.3602,900
2026-03-27 06:45:00+00:00,2026-03-27 06:59:59.999000+00:00,1.36014561,1.36019043,1.3587,1.35918953,900
2026-03-27 07:00:00+00:00,2026-03-27 07:14:59.999000+00:00,1.35919161,1.36303025,1.35774214,1.3611,900
2026-03-27 07:15:00+00:00,2026-03-27 07:29:59.999000+00:00,1.3611,1.364,1.3606,1.36287837,900
2026-03-27 07:30:00+00:00,2026-03-27 07:44:59.999000+00:00,1.36294765,1.3631,1.3566,1.35774833,900
2026-03-27 07:45:00+00:00,2026-03-27 07:59:59.999000+00:00,1.35766297,1.35887762,1.357,1.35823836,900
2026-03-27 08:00:00+00:00,2026-03-27 08:14:59.999000+00:00,1.35828487,1.3601,1.3573,1.3584,899
2026-03-27 08:15:00+00:00,2026-03-27 08:29:59.999000+00:00,1.3584,1.35921048,1.35180572,1.35182647,900
2026-03-27 08:30:00+00:00,2026-03-27 08:44:59.999000+00:00,1.35177873,1.3536,1.3433,1.3457803,900
2026-03-27 08:45:00+00:00,2026-03-27 08:59:59.999000+00:00,1.34577214,1.35134487,1.34561388,1.34985903,900
2026-03-27 09:00:00+00:00,2026-03-27 09:14:59.999000+00:00,1.34971832,1.35011341,1.3392,1.3414,900
2026-03-27 09:15:00+00:00,2026-03-27 09:29:59.999000+00:00,1.3414,1.34770352,1.3413,1.3472,900
2026-03-27 09:30:00+00:00,2026-03-27 09:44:59.999000+00:00,1.3471,1.3471,1.3435,1.34411618,900
2026-03-27 09:45:00+00:00,2026-03-27 09:59:59.999000+00:00,1.34411862,1.34677993,1.3439,1.3455,900
2026-03-27 10:00:00+00:00,2026-03-27 10:14:59.999000+00:00,1.34550765,1.34673417,1.3438422,1.34560797,900
2026-03-27 10:15:00+00:00,2026-03-27 10:29:59.999000+00:00,1.34560797,1.34680922,1.3452,1.3461,900
2026-03-27 10:30:00+00:00,2026-03-27 10:44:59.999000+00:00,1.34603848,1.34635728,1.32663172,1.3347,900
2026-03-27 10:45:00+00:00,2026-03-27 10:59:59.999000+00:00,1.33464117,1.3381,1.3294,1.33255533,900
2026-03-27 11:00:00+00:00,2026-03-27 11:14:59.999000+00:00,1.33249784,1.3363,1.32972516,1.3362,900
2026-03-27 11:15:00+00:00,2026-03-27 11:29:59.999000+00:00,1.33621316,1.3369,1.3339,1.3365,900
2026-03-27 11:30:00+00:00,2026-03-27 11:44:59.999000+00:00,1.33650037,1.3382,1.3335,1.3338,900
2026-03-27 11:45:00+00:00,2026-03-27 11:59:59.999000+00:00,1.3338,1.33658207,1.33342284,1.33450894,900
2026-03-27 12:00:00+00:00,2026-03-27 12:14:59.999000+00:00,1.3345,1.33478511,1.3299,1.3312,900
2026-03-27 12:15:00+00:00,2026-03-27 12:29:59.999000+00:00,1.3312,1.3322,1.32901811,1.3301,900
2026-03-27 12:30:00+00:00,2026-03-27 12:44:59.999000+00:00,1.33007856,1.3312,1.32722936,1.329,900
2026-03-27 12:45:00+00:00,2026-03-27 12:59:59.999000+00:00,1.3291,1.33279546,1.32560928,1.3318,900
2026-03-27 13:00:00+00:00,2026-03-27 13:14:59.999000+00:00,1.3318,1.33461338,1.3317,1.3333409,900
2026-03-27 13:15:00+00:00,2026-03-27 13:29:59.999000+00:00,1.33341616,1.34070048,1.33341616,1.33718294,900
2026-03-27 13:30:00+00:00,2026-03-27 13:44:59.999000+00:00,1.33718294,1.34213661,1.3279,1.3396,900
2026-03-27 13:45:00+00:00,2026-03-27 13:59:59.999000+00:00,1.3395,1.342,1.3328,1.3402,900
2026-03-27 14:00:00+00:00,2026-03-27 14:14:59.999000+00:00,1.3401,1.3437,1.3386,1.34129367,900
2026-03-27 14:15:00+00:00,2026-03-27 14:29:59.999000+00:00,1.34111071,1.34151509,1.331,1.3312,900
2026-03-27 14:30:00+00:00,2026-03-27 14:44:59.999000+00:00,1.3312,1.33210394,1.32827475,1.3304,900
2026-03-27 14:45:00+00:00,2026-03-27 14:59:59.999000+00:00,1.3305,1.3326,1.3274,1.3317,900
2026-03-27 15:00:00+00:00,2026-03-27 15:14:59.999000+00:00,1.33164897,1.33883113,1.3314,1.33833464,900
2026-03-27 15:15:00+00:00,2026-03-27 15:29:59.999000+00:00,1.33830159,1.3414,1.3327,1.3374304,900
2026-03-27 15:30:00+00:00,2026-03-27 15:44:59.999000+00:00,1.3375,1.34481512,1.33717238,1.34095568,900
2026-03-27 15:45:00+00:00,2026-03-27 15:59:59.999000+00:00,1.341,1.34381091,1.3311,1.33474498,900
2026-03-27 16:00:00+00:00,2026-03-27 16:14:59.999000+00:00,1.33473951,1.33595334,1.33044285,1.332,900
2026-03-27 16:15:00+00:00,2026-03-27 16:29:59.999000+00:00,1.332,1.33220286,1.33075932,1.3310034,132
