2026-03-17 22:48:57,825 [INFO] ============================================================
2026-03-17 22:48:57,825 [INFO]   DEMO TRADING — Binance Futures Testnet
2026-03-17 22:48:57,825 [INFO]   Coins : ['DOT', 'ADA']
2026-03-17 22:48:57,825 [INFO]   Config: /home/wlsry/Ru_trading/config/frozen_params_v3_4.yaml
2026-03-17 22:48:57,825 [INFO]   Log   : /home/wlsry/Ru_trading/data/reports/demo_trading/demo_log.jsonl
2026-03-17 22:48:57,825 [INFO] ============================================================
2026-03-17 22:48:58,092 [INFO] Exchange initialized (binance/sandbox): 694 markets loaded
2026-03-17 22:50:01,730 [INFO] ============================================================
2026-03-17 22:50:01,730 [INFO]   DEMO TRADING — Binance Futures Testnet
2026-03-17 22:50:01,730 [INFO]   Coins : ['DOT', 'ADA']
2026-03-17 22:50:01,730 [INFO]   Config: /home/wlsry/Ru_trading/config/frozen_params_v3_4.yaml
2026-03-17 22:50:01,730 [INFO]   Log   : /home/wlsry/Ru_trading/data/reports/demo_trading/demo_log.jsonl
2026-03-17 22:50:01,730 [INFO] ============================================================
2026-03-17 22:50:02,160 [INFO] Exchange initialized (binance/sandbox): 694 markets loaded
2026-03-17 22:50:02,337 [INFO]   초기 잔고: 4999.97 USDT
2026-03-17 22:50:02,337 [INFO] [TRAIN] 모델 학습 시작...
2026-03-17 22:50:02,338 [INFO] 데이터 수집 중...
2026-03-17 22:51:43,748 [ERROR] [TRAIN] 실패: LogisticRegression.__init__() got an unexpected keyword argument 'multi_class'
2026-03-17 22:52:41,959 [INFO] [TRAIN] 모델 학습 시작...
2026-03-17 22:52:41,959 [INFO] 데이터 수집 중...
2026-03-17 22:54:19,683 [INFO] ============================================================
2026-03-17 22:54:19,683 [INFO] ============================================================
2026-03-17 22:54:19,684 [INFO]   DEMO TRADING — Binance Futures Testnet
2026-03-17 22:54:19,684 [INFO]   DEMO TRADING — Binance Futures Testnet
2026-03-17 22:54:19,684 [INFO]   Coins : ['DOT', 'ADA']
2026-03-17 22:54:19,684 [INFO]   Coins : ['DOT', 'ADA']
2026-03-17 22:54:19,684 [INFO]   Config: /home/wlsry/Ru_trading/config/frozen_params_v3_4.yaml
2026-03-17 22:54:19,684 [INFO]   Config: /home/wlsry/Ru_trading/config/frozen_params_v3_4.yaml
2026-03-17 22:54:19,684 [INFO]   Log   : /home/wlsry/Ru_trading/data/reports/demo_trading/demo_log.jsonl
2026-03-17 22:54:19,684 [INFO]   Log   : /home/wlsry/Ru_trading/data/reports/demo_trading/demo_log.jsonl
2026-03-17 22:54:19,684 [INFO] ============================================================
2026-03-17 22:54:19,684 [INFO] ============================================================
2026-03-17 22:54:19,962 [INFO] Exchange initialized (binance/sandbox): 694 markets loaded
2026-03-17 22:54:19,962 [INFO] Exchange initialized (binance/sandbox): 694 markets loaded
Traceback (most recent call last):
  File "/home/wlsry/Ru_trading/run_demo_trading.py", line 527, in <module>
    asyncio.run(main())
  File "/usr/lib/python3.12/asyncio/runners.py", line 194, in run
    return runner.run(main)
           ^^^^^^^^^^^^^^^^
  File "/usr/lib/python3.12/asyncio/runners.py", line 118, in run
    return self._loop.run_until_complete(task)
           ^^^^^^^^^^^^^^^^^^^^^^^^^^^^^^^^^^^
  File "/usr/lib/python3.12/asyncio/base_events.py", line 687, in run_until_complete
    return future.result()
           ^^^^^^^^^^^^^^^
  File "/home/wlsry/Ru_trading/run_demo_trading.py", line 458, in main
    bal = await adapter.fetch_balance()
          ^^^^^^^^^^^^^^^^^^^^^^^^^^^^^
  File "/home/wlsry/Ru_trading/src/execution/exchange_adapter.py", line 460, in fetch_balance
    balance = await self._exchange.fetch_balance()
              ^^^^^^^^^^^^^^^^^^^^^^^^^^^^^^^^^^^^
  File "/home/wlsry/.local/lib/python3.12/site-packages/ccxt/async_support/binance.py", line 3707, in fetch_balance
    response = await self.fapiPrivateV3GetAccount(params)
               ^^^^^^^^^^^^^^^^^^^^^^^^^^^^^^^^^^^^^^^^^^
  File "/home/wlsry/.local/lib/python3.12/site-packages/ccxt/async_support/binance.py", line 11598, in request
    response = await self.fetch2(path, api, method, params, headers, body, config)
               ^^^^^^^^^^^^^^^^^^^^^^^^^^^^^^^^^^^^^^^^^^^^^^^^^^^^^^^^^^^^^^^^^^^
  File "/home/wlsry/.local/lib/python3.12/site-packages/ccxt/async_support/base/exchange.py", line 1016, in fetch2
    raise e
  File "/home/wlsry/.local/lib/python3.12/site-packages/ccxt/async_support/base/exchange.py", line 1006, in fetch2
    return await self.fetch(request['url'], request['method'], request['headers'], request['body'])
           ^^^^^^^^^^^^^^^^^^^^^^^^^^^^^^^^^^^^^^^^^^^^^^^^^^^^^^^^^^^^^^^^^^^^^^^^^^^^^^^^^^^^^^^^
  File "/home/wlsry/.local/lib/python3.12/site-packages/ccxt/async_support/base/exchange.py", line 287, in fetch
    self.handle_errors(http_status_code, http_status_text, url, method, headers, http_response, json_response, request_headers, request_body)
  File "/home/wlsry/.local/lib/python3.12/site-packages/ccxt/async_support/binance.py", line 11513, in handle_errors
    raise DDoSProtection(self.id + ' ' + str(code) + ' ' + reason + ' ' + body)
ccxt.base.errors.DDoSProtection: binanceusdm 418 I'm a teapot {"code":-1003,"msg":"Way too many requests; IP(15.158.3.16) banned until 1773755756650. Please use the websocket for live updates to avoid bans."}
nohup: failed to run command '.venv/bin/python3': No such file or directory
2026-03-17 23:32:08,886 [INFO] ============================================================
2026-03-17 23:32:08,886 [INFO] ============================================================
2026-03-17 23:32:08,887 [INFO]   DEMO TRADING — Binance Futures Testnet
2026-03-17 23:32:08,887 [INFO]   DEMO TRADING — Binance Futures Testnet
2026-03-17 23:32:08,887 [INFO]   Coins : ['DOT', 'ADA']
2026-03-17 23:32:08,887 [INFO]   Coins : ['DOT', 'ADA']
2026-03-17 23:32:08,887 [INFO]   Config: /home/wlsry/Ru_trading/config/frozen_params_v3_4.yaml
2026-03-17 23:32:08,887 [INFO]   Config: /home/wlsry/Ru_trading/config/frozen_params_v3_4.yaml
2026-03-17 23:32:08,887 [INFO]   Log   : /home/wlsry/Ru_trading/data/reports/demo_trading/demo_log.jsonl
2026-03-17 23:32:08,887 [INFO]   Log   : /home/wlsry/Ru_trading/data/reports/demo_trading/demo_log.jsonl
2026-03-17 23:32:08,887 [INFO] ============================================================
2026-03-17 23:32:08,887 [INFO] ============================================================
2026-03-17 23:32:09,148 [INFO] Exchange initialized (binance/sandbox): 694 markets loaded
2026-03-17 23:32:09,148 [INFO] Exchange initialized (binance/sandbox): 694 markets loaded
2026-03-17 23:32:09,254 [INFO]   초기 잔고: 4999.97 USDT
2026-03-17 23:32:09,254 [INFO]   초기 잔고: 4999.97 USDT
2026-03-17 23:32:09,254 [INFO] [TRAIN] 모델 학습 시작...
2026-03-17 23:32:09,254 [INFO] [TRAIN] 모델 학습 시작...
2026-03-17 23:32:09,254 [INFO] 데이터 수집 중...
2026-03-17 23:32:09,254 [INFO] 데이터 수집 중...
2026-03-17 23:34:01,445 [INFO] [DOT] 학습 완료: 2182샘플 / 80피처
2026-03-17 23:34:01,445 [INFO] [DOT] 학습 완료: 2182샘플 / 80피처
2026-03-17 23:34:26,290 [INFO] [ADA] 학습 완료: 2182샘플 / 120피처
2026-03-17 23:34:26,290 [INFO] [ADA] 학습 완료: 2182샘플 / 120피처
2026-03-17 23:34:26,292 [INFO] [TRAIN] 완료: ['DOT', 'ADA']
2026-03-17 23:34:26,292 [INFO] [TRAIN] 완료: ['DOT', 'ADA']
2026-03-17 23:34:26,518 [INFO] [STATUS] trades=0 equity=4999.97 USDT | 보유포지션: 없음
2026-03-17 23:34:26,518 [INFO] [STATUS] trades=0 equity=4999.97 USDT | 보유포지션: 없음
2026-03-17 23:35:24,649 [INFO] [STATUS] trades=0 equity=4999.97 USDT | 보유포지션: 없음
2026-03-17 23:35:24,649 [INFO] [STATUS] trades=0 equity=4999.97 USDT | 보유포지션: 없음
2026-03-17 23:37:36,210 [INFO] ============================================================
2026-03-17 23:37:36,211 [INFO]   DEMO TRADING — Binance Futures Testnet
2026-03-17 23:37:36,211 [INFO]   Coins : ['DOT', 'ADA']
2026-03-17 23:37:36,211 [INFO]   Config: /home/wlsry/Ru_trading/config/frozen_params_v3_4.yaml
2026-03-17 23:37:36,211 [INFO]   Log   : /home/wlsry/Ru_trading/data/reports/demo_trading/demo_log.jsonl
2026-03-17 23:37:36,211 [INFO] ============================================================
2026-03-17 23:37:36,475 [INFO] Exchange initialized (binance/sandbox): 694 markets loaded
2026-03-17 23:37:36,580 [INFO]   초기 잔고: 4999.97 USDT
2026-03-17 23:37:36,580 [INFO] [TRAIN] 모델 학습 시작...
2026-03-17 23:37:36,580 [INFO] 데이터 수집 중...
2026-03-17 23:39:27,408 [INFO] [DOT] 학습 완료: 2182샘플 / 80피처
2026-03-17 23:39:52,944 [INFO] [ADA] 학습 완료: 2182샘플 / 120피처
2026-03-17 23:39:52,946 [INFO] [TRAIN] 완료: ['DOT', 'ADA']
2026-03-17 23:39:52,946 [INFO] [DOT] 새 4h바 확정 (12:00 UTC) — 피처 갱신 중...
2026-03-17 23:39:54,583 [INFO] [DOT] 실시간 갱신 완료: 358bars, 159cols, latest=$1.5990
2026-03-17 23:39:54,683 [INFO] [DOT] 신호 없음 (bar=12:00)
2026-03-17 23:39:54,684 [INFO] [ADA] 새 4h바 확정 (12:00 UTC) — 피처 갱신 중...
2026-03-17 23:39:56,363 [INFO] [ADA] 실시간 갱신 완료: 358bars, 159cols, latest=$0.2879
2026-03-17 23:39:56,477 [INFO] [ADA] 신호 없음 (bar=12:00)
2026-03-17 23:39:56,478 [INFO] 
======================================================================
  [MONITOR] 2026-03-17 14:37 UTC
======================================================================
  잔고    : 4999.97 USDT
  총거래  : 0건
  다음바  : 16:05 UTC (약 87분 후)

  ─ 오픈 포지션 (0건) ─
    없음

  ─ 최근 거래 (0건) ─
    없음
======================================================================
2026-03-17 23:39:56,478 [INFO] 
======================================================================
  [MONITOR] 2026-03-17 14:37 UTC
======================================================================
  잔고    : 4999.97 USDT
  총거래  : 0건
  다음바  : 16:05 UTC (약 87분 후)

  ─ 오픈 포지션 (0건) ─
    없음

  ─ 최근 거래 (0건) ─
    없음
======================================================================
2026-03-17 23:39:56,478 [INFO] {"event": "MONITOR", "trades": 0, "equity": 4999.96642433, "open_positions": 0, "prices": {"DOT": 1.599025845527649, "ADA": 0.2878786027431488}, "ts": "2026-03-17T14:39:56.478274+00:00"}
2026-03-17 23:47:42,099 [INFO] 
======================================================================
  [MONITOR] 2026-03-17 14:47 UTC
======================================================================
  잔고    : 4999.97 USDT
  총거래  : 0건
  다음바  : 16:05 UTC (약 77분 후)

  ─ 오픈 포지션 (0건) ─
    없음

  ─ 최근 거래 (0건) ─
    없음
======================================================================
2026-03-17 23:47:42,100 [INFO] 
======================================================================
  [MONITOR] 2026-03-17 14:47 UTC
======================================================================
  잔고    : 4999.97 USDT
  총거래  : 0건
  다음바  : 16:05 UTC (약 77분 후)

  ─ 오픈 포지션 (0건) ─
    없음

  ─ 최근 거래 (0건) ─
    없음
======================================================================
2026-03-17 23:47:42,100 [INFO] {"event": "MONITOR", "trades": 0, "equity": 4999.96642433, "open_positions": 0, "prices": {"DOT": 1.599025845527649, "ADA": 0.2878786027431488}, "ts": "2026-03-17T14:47:42.100240+00:00"}
2026-03-17 23:58:21,844 [INFO] 
======================================================================
  [MONITOR] 2026-03-17 14:58 UTC
======================================================================
  잔고    : 4999.97 USDT
  총거래  : 0건
  다음바  : 16:05 UTC (약 66분 후)

  ─ 오픈 포지션 (0건) ─
    없음

  ─ 최근 거래 (0건) ─
    없음
======================================================================
2026-03-17 23:58:21,844 [INFO] 
======================================================================
  [MONITOR] 2026-03-17 14:58 UTC
======================================================================
  잔고    : 4999.97 USDT
  총거래  : 0건
  다음바  : 16:05 UTC (약 66분 후)

  ─ 오픈 포지션 (0건) ─
    없음

  ─ 최근 거래 (0건) ─
    없음
======================================================================
2026-03-17 23:58:21,844 [INFO] {"event": "MONITOR", "trades": 0, "equity": 4999.96642433, "open_positions": 0, "prices": {"DOT": 1.599025845527649, "ADA": 0.2878786027431488}, "ts": "2026-03-17T14:58:21.844741+00:00"}
2026-03-18 00:02:01,385 [INFO] ============================================================
2026-03-18 00:02:01,385 [INFO] ============================================================
2026-03-18 00:02:01,385 [INFO]   DEMO TRADING — Binance Futures Testnet
2026-03-18 00:02:01,385 [INFO]   DEMO TRADING — Binance Futures Testnet
2026-03-18 00:02:01,385 [INFO]   Coins : ['DOT', 'ADA']
2026-03-18 00:02:01,385 [INFO]   Coins : ['DOT', 'ADA']
2026-03-18 00:02:01,385 [INFO]   Config: /home/wlsry/Ru_trading/config/frozen_params_v3_4.yaml
2026-03-18 00:02:01,385 [INFO]   Config: /home/wlsry/Ru_trading/config/frozen_params_v3_4.yaml
2026-03-18 00:02:01,385 [INFO]   Log   : /home/wlsry/Ru_trading/data/reports/demo_trading/demo_log.jsonl
2026-03-18 00:02:01,385 [INFO]   Log   : /home/wlsry/Ru_trading/data/reports/demo_trading/demo_log.jsonl
2026-03-18 00:02:01,385 [INFO] ============================================================
2026-03-18 00:02:01,385 [INFO] ============================================================
2026-03-18 00:02:01,659 [INFO] Exchange initialized (binance/sandbox): 694 markets loaded
2026-03-18 00:02:01,659 [INFO] Exchange initialized (binance/sandbox): 694 markets loaded
2026-03-18 00:02:01,759 [INFO]   초기 잔고: 4999.97 USDT
2026-03-18 00:02:01,759 [INFO]   초기 잔고: 4999.97 USDT
2026-03-18 00:02:01,759 [INFO] [TRAIN] 모델 학습 시작...
2026-03-18 00:02:01,759 [INFO] [TRAIN] 모델 학습 시작...
2026-03-18 00:02:01,760 [INFO] 데이터 수집 중...
2026-03-18 00:02:01,760 [INFO] 데이터 수집 중...
2026-03-18 00:03:52,568 [INFO] [DOT] 학습 완료: 2182샘플 / 80피처
2026-03-18 00:03:52,568 [INFO] [DOT] 학습 완료: 2182샘플 / 80피처
2026-03-18 00:04:17,519 [INFO] [ADA] 학습 완료: 2182샘플 / 120피처
2026-03-18 00:04:17,519 [INFO] [ADA] 학습 완료: 2182샘플 / 120피처
2026-03-18 00:04:17,520 [INFO] [TRAIN] 완료: ['DOT', 'ADA']
2026-03-18 00:04:17,520 [INFO] [TRAIN] 완료: ['DOT', 'ADA']
2026-03-18 00:04:17,520 [INFO] [DOT] 새 4h바 확정 (12:00 UTC) — 피처 갱신 중...
2026-03-18 00:04:17,520 [INFO] [DOT] 새 4h바 확정 (12:00 UTC) — 피처 갱신 중...
2026-03-18 00:04:19,215 [INFO] [DOT] 실시간 갱신 완료: 358bars, 248cols, latest=$1.5944
2026-03-18 00:04:19,215 [INFO] [DOT] 실시간 갱신 완료: 358bars, 248cols, latest=$1.5944
2026-03-18 00:04:19,321 [INFO] [DOT] 신호 없음 (bar=12:00)
2026-03-18 00:04:19,321 [INFO] [DOT] 신호 없음 (bar=12:00)
2026-03-18 00:04:19,321 [INFO] [ADA] 새 4h바 확정 (12:00 UTC) — 피처 갱신 중...
2026-03-18 00:04:19,321 [INFO] [ADA] 새 4h바 확정 (12:00 UTC) — 피처 갱신 중...
2026-03-18 00:04:20,972 [INFO] [ADA] 실시간 갱신 완료: 358bars, 248cols, latest=$0.2873
2026-03-18 00:04:20,972 [INFO] [ADA] 실시간 갱신 완료: 358bars, 248cols, latest=$0.2873
2026-03-18 00:04:21,077 [INFO] [ADA] 신호 없음 (bar=12:00)
2026-03-18 00:04:21,077 [INFO] [ADA] 신호 없음 (bar=12:00)
2026-03-18 00:04:21,077 [INFO] 
======================================================================
  [MONITOR] 2026-03-17 15:02 UTC
======================================================================
  잔고    : 4999.97 USDT
  총거래  : 0건
  다음바  : 16:05 UTC (약 62분 후)

  ─ 오픈 포지션 (0건) ─
    없음

  ─ 최근 거래 (0건) ─
    없음
======================================================================
2026-03-18 00:04:21,077 [INFO] 
======================================================================
  [MONITOR] 2026-03-17 15:02 UTC
======================================================================
  잔고    : 4999.97 USDT
  총거래  : 0건
  다음바  : 16:05 UTC (약 62분 후)

  ─ 오픈 포지션 (0건) ─
    없음

  ─ 최근 거래 (0건) ─
    없음
======================================================================
2026-03-18 00:04:21,078 [INFO] 
======================================================================
  [MONITOR] 2026-03-17 15:02 UTC
======================================================================
  잔고    : 4999.97 USDT
  총거래  : 0건
  다음바  : 16:05 UTC (약 62분 후)

  ─ 오픈 포지션 (0건) ─
    없음

  ─ 최근 거래 (0건) ─
    없음
======================================================================
2026-03-18 00:04:21,078 [INFO] 
======================================================================
  [MONITOR] 2026-03-17 15:02 UTC
======================================================================
  잔고    : 4999.97 USDT
  총거래  : 0건
  다음바  : 16:05 UTC (약 62분 후)

  ─ 오픈 포지션 (0건) ─
    없음

  ─ 최근 거래 (0건) ─
    없음
======================================================================
2026-03-18 00:04:21,078 [INFO] {"event": "MONITOR", "trades": 0, "equity": 4999.96642433, "open_positions": 0, "prices": {"DOT": 1.5943553447723389, "ADA": 0.2872927188873291}, "ts": "2026-03-17T15:04:21.078153+00:00"}
2026-03-18 00:04:21,078 [INFO] {"event": "MONITOR", "trades": 0, "equity": 4999.96642433, "open_positions": 0, "prices": {"DOT": 1.5943553447723389, "ADA": 0.2872927188873291}, "ts": "2026-03-17T15:04:21.078153+00:00"}
2026-03-18 00:12:06,274 [INFO] 
======================================================================
  [MONITOR] 2026-03-17 15:12 UTC
======================================================================
  잔고    : 4999.97 USDT
  총거래  : 0건
  다음바  : 16:05 UTC (약 52분 후)

  ─ 오픈 포지션 (0건) ─
    없음

  ─ 최근 거래 (0건) ─
    없음
======================================================================
2026-03-18 00:12:06,274 [INFO] 
======================================================================
  [MONITOR] 2026-03-17 15:12 UTC
======================================================================
  잔고    : 4999.97 USDT
  총거래  : 0건
  다음바  : 16:05 UTC (약 52분 후)

  ─ 오픈 포지션 (0건) ─
    없음

  ─ 최근 거래 (0건) ─
    없음
======================================================================
2026-03-18 00:12:06,275 [INFO] 
======================================================================
  [MONITOR] 2026-03-17 15:12 UTC
======================================================================
  잔고    : 4999.97 USDT
  총거래  : 0건
  다음바  : 16:05 UTC (약 52분 후)

  ─ 오픈 포지션 (0건) ─
    없음

  ─ 최근 거래 (0건) ─
    없음
======================================================================
2026-03-18 00:12:06,275 [INFO] 
======================================================================
  [MONITOR] 2026-03-17 15:12 UTC
======================================================================
  잔고    : 4999.97 USDT
  총거래  : 0건
  다음바  : 16:05 UTC (약 52분 후)

  ─ 오픈 포지션 (0건) ─
    없음

  ─ 최근 거래 (0건) ─
    없음
======================================================================
2026-03-18 00:12:06,275 [INFO] {"event": "MONITOR", "trades": 0, "equity": 4999.96642433, "open_positions": 0, "prices": {"DOT": 1.5943553447723389, "ADA": 0.2872927188873291}, "ts": "2026-03-17T15:12:06.275269+00:00"}
2026-03-18 00:12:06,275 [INFO] {"event": "MONITOR", "trades": 0, "equity": 4999.96642433, "open_positions": 0, "prices": {"DOT": 1.5943553447723389, "ADA": 0.2872927188873291}, "ts": "2026-03-17T15:12:06.275269+00:00"}
2026-03-18 00:22:46,313 [INFO] 
======================================================================
  [MONITOR] 2026-03-17 15:22 UTC
======================================================================
  잔고    : 4999.97 USDT
  총거래  : 0건
  다음바  : 16:05 UTC (약 42분 후)

  ─ 오픈 포지션 (0건) ─
    없음

  ─ 최근 거래 (0건) ─
    없음
======================================================================
2026-03-18 00:22:46,313 [INFO] 
======================================================================
  [MONITOR] 2026-03-17 15:22 UTC
======================================================================
  잔고    : 4999.97 USDT
  총거래  : 0건
  다음바  : 16:05 UTC (약 42분 후)

  ─ 오픈 포지션 (0건) ─
    없음

  ─ 최근 거래 (0건) ─
    없음
======================================================================
2026-03-18 00:22:46,314 [INFO] 
======================================================================
  [MONITOR] 2026-03-17 15:22 UTC
======================================================================
  잔고    : 4999.97 USDT
  총거래  : 0건
  다음바  : 16:05 UTC (약 42분 후)

  ─ 오픈 포지션 (0건) ─
    없음

  ─ 최근 거래 (0건) ─
    없음
======================================================================
2026-03-18 00:22:46,314 [INFO] 
======================================================================
  [MONITOR] 2026-03-17 15:22 UTC
======================================================================
  잔고    : 4999.97 USDT
  총거래  : 0건
  다음바  : 16:05 UTC (약 42분 후)

  ─ 오픈 포지션 (0건) ─
    없음

  ─ 최근 거래 (0건) ─
    없음
======================================================================
2026-03-18 00:22:46,314 [INFO] {"event": "MONITOR", "trades": 0, "equity": 4999.96642433, "open_positions": 0, "prices": {"DOT": 1.5943553447723389, "ADA": 0.2872927188873291}, "ts": "2026-03-17T15:22:46.314287+00:00"}
2026-03-18 00:22:46,314 [INFO] {"event": "MONITOR", "trades": 0, "equity": 4999.96642433, "open_positions": 0, "prices": {"DOT": 1.5943553447723389, "ADA": 0.2872927188873291}, "ts": "2026-03-17T15:22:46.314287+00:00"}
2026-03-18 00:33:26,040 [INFO] 
======================================================================
  [MONITOR] 2026-03-17 15:33 UTC
======================================================================
  잔고    : 4999.97 USDT
  총거래  : 0건
  다음바  : 16:05 UTC (약 31분 후)

  ─ 오픈 포지션 (0건) ─
    없음

  ─ 최근 거래 (0건) ─
    없음
======================================================================
2026-03-18 00:33:26,040 [INFO] 
======================================================================
  [MONITOR] 2026-03-17 15:33 UTC
======================================================================
  잔고    : 4999.97 USDT
  총거래  : 0건
  다음바  : 16:05 UTC (약 31분 후)

  ─ 오픈 포지션 (0건) ─
    없음

  ─ 최근 거래 (0건) ─
    없음
======================================================================
2026-03-18 00:33:26,040 [INFO] 
======================================================================
  [MONITOR] 2026-03-17 15:33 UTC
======================================================================
  잔고    : 4999.97 USDT
  총거래  : 0건
  다음바  : 16:05 UTC (약 31분 후)

  ─ 오픈 포지션 (0건) ─
    없음

  ─ 최근 거래 (0건) ─
    없음
======================================================================
2026-03-18 00:33:26,040 [INFO] 
======================================================================
  [MONITOR] 2026-03-17 15:33 UTC
======================================================================
  잔고    : 4999.97 USDT
  총거래  : 0건
  다음바  : 16:05 UTC (약 31분 후)

  ─ 오픈 포지션 (0건) ─
    없음

  ─ 최근 거래 (0건) ─
    없음
======================================================================
2026-03-18 00:33:26,040 [INFO] {"event": "MONITOR", "trades": 0, "equity": 4999.96642433, "open_positions": 0, "prices": {"DOT": 1.5943553447723389, "ADA": 0.2872927188873291}, "ts": "2026-03-17T15:33:26.040760+00:00"}
2026-03-18 00:33:26,040 [INFO] {"event": "MONITOR", "trades": 0, "equity": 4999.96642433, "open_positions": 0, "prices": {"DOT": 1.5943553447723389, "ADA": 0.2872927188873291}, "ts": "2026-03-17T15:33:26.040760+00:00"}
2026-03-18 00:44:04,500 [INFO] 
======================================================================
  [MONITOR] 2026-03-17 15:44 UTC
======================================================================
  잔고    : 4999.97 USDT
  총거래  : 0건
  다음바  : 16:05 UTC (약 20분 후)

  ─ 오픈 포지션 (0건) ─
    없음

  ─ 최근 거래 (0건) ─
    없음
======================================================================
2026-03-18 00:44:04,500 [INFO] 
======================================================================
  [MONITOR] 2026-03-17 15:44 UTC
======================================================================
  잔고    : 4999.97 USDT
  총거래  : 0건
  다음바  : 16:05 UTC (약 20분 후)

  ─ 오픈 포지션 (0건) ─
    없음

  ─ 최근 거래 (0건) ─
    없음
======================================================================
2026-03-18 00:44:04,500 [INFO] 
======================================================================
  [MONITOR] 2026-03-17 15:44 UTC
======================================================================
  잔고    : 4999.97 USDT
  총거래  : 0건
  다음바  : 16:05 UTC (약 20분 후)

  ─ 오픈 포지션 (0건) ─
    없음

  ─ 최근 거래 (0건) ─
    없음
======================================================================
2026-03-18 00:44:04,500 [INFO] 
======================================================================
  [MONITOR] 2026-03-17 15:44 UTC
======================================================================
  잔고    : 4999.97 USDT
  총거래  : 0건
  다음바  : 16:05 UTC (약 20분 후)

  ─ 오픈 포지션 (0건) ─
    없음

  ─ 최근 거래 (0건) ─
    없음
======================================================================
2026-03-18 00:44:04,500 [INFO] {"event": "MONITOR", "trades": 0, "equity": 4999.96642433, "open_positions": 0, "prices": {"DOT": 1.5943553447723389, "ADA": 0.2872927188873291}, "ts": "2026-03-17T15:44:04.500577+00:00"}
2026-03-18 00:44:04,500 [INFO] {"event": "MONITOR", "trades": 0, "equity": 4999.96642433, "open_positions": 0, "prices": {"DOT": 1.5943553447723389, "ADA": 0.2872927188873291}, "ts": "2026-03-17T15:44:04.500577+00:00"}
2026-03-18 00:54:43,643 [INFO] 
======================================================================
  [MONITOR] 2026-03-17 15:54 UTC
======================================================================
  잔고    : 4999.97 USDT
  총거래  : 0건
  다음바  : 16:05 UTC (약 10분 후)

  ─ 오픈 포지션 (0건) ─
    없음

  ─ 최근 거래 (0건) ─
    없음
======================================================================
2026-03-18 00:54:43,643 [INFO] 
======================================================================
  [MONITOR] 2026-03-17 15:54 UTC
======================================================================
  잔고    : 4999.97 USDT
  총거래  : 0건
  다음바  : 16:05 UTC (약 10분 후)

  ─ 오픈 포지션 (0건) ─
    없음

  ─ 최근 거래 (0건) ─
    없음
======================================================================
2026-03-18 00:54:43,644 [INFO] 
======================================================================
  [MONITOR] 2026-03-17 15:54 UTC
======================================================================
  잔고    : 4999.97 USDT
  총거래  : 0건
  다음바  : 16:05 UTC (약 10분 후)

  ─ 오픈 포지션 (0건) ─
    없음

  ─ 최근 거래 (0건) ─
    없음
======================================================================
2026-03-18 00:54:43,644 [INFO] 
======================================================================
  [MONITOR] 2026-03-17 15:54 UTC
======================================================================
  잔고    : 4999.97 USDT
  총거래  : 0건
  다음바  : 16:05 UTC (약 10분 후)

  ─ 오픈 포지션 (0건) ─
    없음

  ─ 최근 거래 (0건) ─
    없음
======================================================================
2026-03-18 00:54:43,644 [INFO] {"event": "MONITOR", "trades": 0, "equity": 4999.96642433, "open_positions": 0, "prices": {"DOT": 1.5943553447723389, "ADA": 0.2872927188873291}, "ts": "2026-03-17T15:54:43.644210+00:00"}
2026-03-18 00:54:43,644 [INFO] {"event": "MONITOR", "trades": 0, "equity": 4999.96642433, "open_positions": 0, "prices": {"DOT": 1.5943553447723389, "ADA": 0.2872927188873291}, "ts": "2026-03-17T15:54:43.644210+00:00"}
2026-03-18 01:05:22,451 [INFO] [DOT] 새 4h바 확정 (16:00 UTC) — 피처 갱신 중...
2026-03-18 01:05:22,451 [INFO] [DOT] 새 4h바 확정 (16:00 UTC) — 피처 갱신 중...
2026-03-18 01:05:24,496 [INFO] [DOT] 실시간 갱신 완료: 359bars, 248cols, latest=$1.5925
2026-03-18 01:05:24,496 [INFO] [DOT] 실시간 갱신 완료: 359bars, 248cols, latest=$1.5925
2026-03-18 01:05:24,723 [INFO] [DOT] 신호 없음 (bar=16:00)
2026-03-18 01:05:24,723 [INFO] [DOT] 신호 없음 (bar=16:00)
2026-03-18 01:05:24,723 [INFO] [ADA] 새 4h바 확정 (16:00 UTC) — 피처 갱신 중...
2026-03-18 01:05:24,723 [INFO] [ADA] 새 4h바 확정 (16:00 UTC) — 피처 갱신 중...
2026-03-18 01:05:25,797 [INFO] [ADA] 실시간 갱신 완료: 359bars, 248cols, latest=$0.2864
2026-03-18 01:05:25,797 [INFO] [ADA] 실시간 갱신 완료: 359bars, 248cols, latest=$0.2864
2026-03-18 01:05:25,921 [INFO] [ADA] 신호 없음 (bar=16:00)
2026-03-18 01:05:25,921 [INFO] [ADA] 신호 없음 (bar=16:00)
2026-03-18 01:05:25,922 [INFO] 
======================================================================
  [MONITOR] 2026-03-17 16:05 UTC
======================================================================
  잔고    : 4999.97 USDT
  총거래  : 0건
  다음바  : 20:05 UTC (약 239분 후)

  ─ 오픈 포지션 (0건) ─
    없음

  ─ 최근 거래 (0건) ─
    없음
======================================================================
2026-03-18 01:05:25,922 [INFO] 
======================================================================
  [MONITOR] 2026-03-17 16:05 UTC
======================================================================
  잔고    : 4999.97 USDT
  총거래  : 0건
  다음바  : 20:05 UTC (약 239분 후)

  ─ 오픈 포지션 (0건) ─
    없음

  ─ 최근 거래 (0건) ─
    없음
======================================================================
2026-03-18 01:05:25,922 [INFO] 
======================================================================
  [MONITOR] 2026-03-17 16:05 UTC
======================================================================
  잔고    : 4999.97 USDT
  총거래  : 0건
  다음바  : 20:05 UTC (약 239분 후)

  ─ 오픈 포지션 (0건) ─
    없음

  ─ 최근 거래 (0건) ─
    없음
======================================================================
2026-03-18 01:05:25,922 [INFO] 
======================================================================
  [MONITOR] 2026-03-17 16:05 UTC
======================================================================
  잔고    : 4999.97 USDT
  총거래  : 0건
  다음바  : 20:05 UTC (약 239분 후)

  ─ 오픈 포지션 (0건) ─
    없음

  ─ 최근 거래 (0건) ─
    없음
======================================================================
2026-03-18 01:05:25,922 [INFO] {"event": "MONITOR", "trades": 0, "equity": 4999.96642433, "open_positions": 0, "prices": {"DOT": 1.5925090312957764, "ADA": 0.28642937541007996}, "ts": "2026-03-17T16:05:25.922297+00:00"}
2026-03-18 01:05:25,922 [INFO] {"event": "MONITOR", "trades": 0, "equity": 4999.96642433, "open_positions": 0, "prices": {"DOT": 1.5925090312957764, "ADA": 0.28642937541007996}, "ts": "2026-03-17T16:05:25.922297+00:00"}
2026-03-18 01:08:55,251 [WARNING] [DOT] 실시간 갱신 실패, 학습 데이터 사용: 'dict' object has no attribute 'columns'
2026-03-18 01:10:35,758 [INFO] ============================================================
2026-03-18 01:10:35,759 [INFO]   DEMO TRADING — Binance Futures Testnet
2026-03-18 01:10:35,759 [INFO]   Coins : ['DOT', 'ADA']
2026-03-18 01:10:35,759 [INFO]   Config: /home/wlsry/Ru_trading/config/frozen_params_v3_4.yaml
2026-03-18 01:10:35,759 [INFO]   Log   : /home/wlsry/Ru_trading/data/reports/demo_trading/demo_log.jsonl
2026-03-18 01:10:35,759 [INFO] ============================================================
2026-03-18 01:10:36,054 [INFO] Exchange initialized (binance/sandbox): 694 markets loaded
2026-03-18 01:10:36,157 [INFO]   초기 잔고: 4999.97 USDT
2026-03-18 01:10:36,157 [INFO] [TRAIN] 모델 학습 시작...
2026-03-18 01:10:36,158 [INFO] 데이터 수집 중...
2026-03-18 01:20:04,267 [INFO] ============================================================
2026-03-18 01:20:04,267 [INFO]   DEMO TRADING — Binance Futures Testnet
2026-03-18 01:20:04,267 [INFO]   Coins : ['DOT', 'ADA']
2026-03-18 01:20:04,268 [INFO]   Config: /home/wlsry/Ru_trading/config/frozen_params_v4_0.yaml
2026-03-18 01:20:04,268 [INFO]   Log   : /home/wlsry/Ru_trading/data/reports/demo_trading/demo_log.jsonl
2026-03-18 01:20:04,268 [INFO] ============================================================
2026-03-18 01:20:04,547 [INFO] Exchange initialized (binance/sandbox): 694 markets loaded
2026-03-18 01:20:04,647 [INFO]   초기 잔고: 4999.97 USDT
2026-03-18 01:20:04,647 [INFO] [TRAIN] 모델 학습 시작...
2026-03-18 01:20:04,648 [INFO] 데이터 수집 중...
2026-03-18 01:47:58,672 [INFO] [DOT] 학습 완료: 2183샘플 / 80피처
2026-03-18 02:13:42,874 [INFO] [ADA] 학습 완료: 2183샘플 / 120피처
2026-03-18 02:13:42,877 [INFO] [TRAIN] 완료: ['DOT', 'ADA']
2026-03-18 02:13:42,877 [INFO] [DOT] 새 4h바 확정 (16:00 UTC) — 피처 갱신 중...
2026-03-18 02:13:45,002 [INFO] [DOT] 실시간 갱신 완료: 359bars, 248cols, latest=$1.5897
2026-03-18 02:13:46,071 [INFO] [DOT] S1 미달: s1_prob=0.019 < threshold=0.45 regime=TREND_UP
2026-03-18 02:13:46,071 [INFO] [DOT] 신호 없음 (bar=16:00)
2026-03-18 02:13:46,071 [INFO] [ADA] 새 4h바 확정 (16:00 UTC) — 피처 갱신 중...
2026-03-18 02:13:48,396 [INFO] [ADA] 실시간 갱신 완료: 359bars, 248cols, latest=$0.2874
2026-03-18 02:13:48,681 [INFO] [ADA] S1 미달: s1_prob=0.026 < threshold=0.4 regime=TREND_UP
2026-03-18 02:13:48,681 [INFO] [ADA] 신호 없음 (bar=16:00)
2026-03-18 02:13:48,681 [INFO] 
======================================================================
  [MONITOR] 2026-03-17 16:20 UTC
======================================================================
  잔고    : 4999.97 USDT
  총거래  : 0건
  다음바  : 20:05 UTC (약 224분 후)

  ─ 오픈 포지션 (0건) ─
    없음

  ─ 최근 거래 (0건) ─
    없음
======================================================================
2026-03-18 02:13:48,681 [INFO] 
======================================================================
  [MONITOR] 2026-03-17 16:20 UTC
======================================================================
  잔고    : 4999.97 USDT
  총거래  : 0건
  다음바  : 20:05 UTC (약 224분 후)

  ─ 오픈 포지션 (0건) ─
    없음

  ─ 최근 거래 (0건) ─
    없음
======================================================================
2026-03-18 02:13:48,681 [INFO] {"event": "MONITOR", "trades": 0, "equity": 4999.96642433, "open_positions": 0, "prices": {"DOT": 1.5896551609039307, "ADA": 0.28744474053382874}, "ts": "2026-03-17T17:13:48.681518+00:00"}
2026-03-18 02:14:46,431 [INFO] 
======================================================================
  [MONITOR] 2026-03-17 17:14 UTC
======================================================================
  잔고    : 4999.97 USDT
  총거래  : 0건
  다음바  : 20:05 UTC (약 170분 후)

  ─ 오픈 포지션 (0건) ─
    없음

  ─ 최근 거래 (0건) ─
    없음
======================================================================
2026-03-18 02:14:46,431 [INFO] 
======================================================================
  [MONITOR] 2026-03-17 17:14 UTC
======================================================================
  잔고    : 4999.97 USDT
  총거래  : 0건
  다음바  : 20:05 UTC (약 170분 후)

  ─ 오픈 포지션 (0건) ─
    없음

  ─ 최근 거래 (0건) ─
    없음
======================================================================
2026-03-18 02:14:46,431 [INFO] {"event": "MONITOR", "trades": 0, "equity": 4999.96642433, "open_positions": 0, "prices": {"DOT": 1.5896551609039307, "ADA": 0.28744474053382874}, "ts": "2026-03-17T17:14:46.431410+00:00"}
2026-03-18 02:25:23,534 [INFO] 
======================================================================
  [MONITOR] 2026-03-17 17:25 UTC
======================================================================
  잔고    : 4999.97 USDT
  총거래  : 0건
  다음바  : 20:05 UTC (약 159분 후)

  ─ 오픈 포지션 (0건) ─
    없음

  ─ 최근 거래 (0건) ─
    없음
======================================================================
2026-03-18 02:25:23,535 [INFO] 
======================================================================
  [MONITOR] 2026-03-17 17:25 UTC
======================================================================
  잔고    : 4999.97 USDT
  총거래  : 0건
  다음바  : 20:05 UTC (약 159분 후)

  ─ 오픈 포지션 (0건) ─
    없음

  ─ 최근 거래 (0건) ─
    없음
======================================================================
2026-03-18 02:25:23,535 [INFO] {"event": "MONITOR", "trades": 0, "equity": 4999.96642433, "open_positions": 0, "prices": {"DOT": 1.5896551609039307, "ADA": 0.28744474053382874}, "ts": "2026-03-17T17:25:23.535213+00:00"}
2026-03-18 02:36:00,397 [INFO] 
======================================================================
  [MONITOR] 2026-03-17 17:36 UTC
======================================================================
  잔고    : 4999.97 USDT
  총거래  : 0건
  다음바  : 20:05 UTC (약 148분 후)

  ─ 오픈 포지션 (0건) ─
    없음

  ─ 최근 거래 (0건) ─
    없음
======================================================================
2026-03-18 02:36:00,397 [INFO] 
======================================================================
  [MONITOR] 2026-03-17 17:36 UTC
======================================================================
  잔고    : 4999.97 USDT
  총거래  : 0건
  다음바  : 20:05 UTC (약 148분 후)

  ─ 오픈 포지션 (0건) ─
    없음

  ─ 최근 거래 (0건) ─
    없음
======================================================================
2026-03-18 02:36:00,397 [INFO] {"event": "MONITOR", "trades": 0, "equity": 4999.96642433, "open_positions": 0, "prices": {"DOT": 1.5896551609039307, "ADA": 0.28744474053382874}, "ts": "2026-03-17T17:36:00.397514+00:00"}
2026-03-18 02:46:35,854 [INFO] 
======================================================================
  [MONITOR] 2026-03-17 17:46 UTC
======================================================================
  잔고    : 4999.97 USDT
  총거래  : 0건
  다음바  : 20:05 UTC (약 138분 후)

  ─ 오픈 포지션 (0건) ─
    없음

  ─ 최근 거래 (0건) ─
    없음
======================================================================
2026-03-18 02:46:35,854 [INFO] 
======================================================================
  [MONITOR] 2026-03-17 17:46 UTC
======================================================================
  잔고    : 4999.97 USDT
  총거래  : 0건
  다음바  : 20:05 UTC (약 138분 후)

  ─ 오픈 포지션 (0건) ─
    없음

  ─ 최근 거래 (0건) ─
    없음
======================================================================
2026-03-18 02:46:35,855 [INFO] {"event": "MONITOR", "trades": 0, "equity": 4999.96642433, "open_positions": 0, "prices": {"DOT": 1.5896551609039307, "ADA": 0.28744474053382874}, "ts": "2026-03-17T17:46:35.854829+00:00"}
2026-03-18 02:57:12,258 [INFO] 
======================================================================
  [MONITOR] 2026-03-17 17:57 UTC
======================================================================
  잔고    : 4999.97 USDT
  총거래  : 0건
  다음바  : 20:05 UTC (약 127분 후)

  ─ 오픈 포지션 (0건) ─
    없음

  ─ 최근 거래 (0건) ─
    없음
======================================================================
2026-03-18 02:57:12,259 [INFO] 
======================================================================
  [MONITOR] 2026-03-17 17:57 UTC
======================================================================
  잔고    : 4999.97 USDT
  총거래  : 0건
  다음바  : 20:05 UTC (약 127분 후)

  ─ 오픈 포지션 (0건) ─
    없음

  ─ 최근 거래 (0건) ─
    없음
======================================================================
2026-03-18 02:57:12,259 [INFO] {"event": "MONITOR", "trades": 0, "equity": 4999.96642433, "open_positions": 0, "prices": {"DOT": 1.5896551609039307, "ADA": 0.28744474053382874}, "ts": "2026-03-17T17:57:12.259150+00:00"}
2026-03-18 03:07:48,352 [INFO] 
======================================================================
  [MONITOR] 2026-03-17 18:07 UTC
======================================================================
  잔고    : 4999.97 USDT
  총거래  : 0건
  다음바  : 20:05 UTC (약 117분 후)

  ─ 오픈 포지션 (0건) ─
    없음

  ─ 최근 거래 (0건) ─
    없음
======================================================================
2026-03-18 03:07:48,352 [INFO] 
======================================================================
  [MONITOR] 2026-03-17 18:07 UTC
======================================================================
  잔고    : 4999.97 USDT
  총거래  : 0건
  다음바  : 20:05 UTC (약 117분 후)

  ─ 오픈 포지션 (0건) ─
    없음

  ─ 최근 거래 (0건) ─
    없음
======================================================================
2026-03-18 03:07:48,352 [INFO] {"event": "MONITOR", "trades": 0, "equity": 4999.96642433, "open_positions": 0, "prices": {"DOT": 1.5896551609039307, "ADA": 0.28744474053382874}, "ts": "2026-03-17T18:07:48.352519+00:00"}
2026-03-18 03:18:23,108 [INFO] 
======================================================================
  [MONITOR] 2026-03-17 18:18 UTC
======================================================================
  잔고    : 4999.97 USDT
  총거래  : 0건
  다음바  : 20:05 UTC (약 106분 후)

  ─ 오픈 포지션 (0건) ─
    없음

  ─ 최근 거래 (0건) ─
    없음
======================================================================
2026-03-18 03:18:23,108 [INFO] 
======================================================================
  [MONITOR] 2026-03-17 18:18 UTC
======================================================================
  잔고    : 4999.97 USDT
  총거래  : 0건
  다음바  : 20:05 UTC (약 106분 후)

  ─ 오픈 포지션 (0건) ─
    없음

  ─ 최근 거래 (0건) ─
    없음
======================================================================
2026-03-18 03:18:23,109 [INFO] {"event": "MONITOR", "trades": 0, "equity": 4999.96642433, "open_positions": 0, "prices": {"DOT": 1.5896551609039307, "ADA": 0.28744474053382874}, "ts": "2026-03-17T18:18:23.108984+00:00"}
2026-03-18 03:28:58,740 [INFO] 
======================================================================
  [MONITOR] 2026-03-17 18:28 UTC
======================================================================
  잔고    : 4999.97 USDT
  총거래  : 0건
  다음바  : 20:05 UTC (약 96분 후)

  ─ 오픈 포지션 (0건) ─
    없음

  ─ 최근 거래 (0건) ─
    없음
======================================================================
2026-03-18 03:28:58,740 [INFO] 
======================================================================
  [MONITOR] 2026-03-17 18:28 UTC
======================================================================
  잔고    : 4999.97 USDT
  총거래  : 0건
  다음바  : 20:05 UTC (약 96분 후)

  ─ 오픈 포지션 (0건) ─
    없음

  ─ 최근 거래 (0건) ─
    없음
======================================================================
2026-03-18 03:28:58,740 [INFO] {"event": "MONITOR", "trades": 0, "equity": 4999.96642433, "open_positions": 0, "prices": {"DOT": 1.5896551609039307, "ADA": 0.28744474053382874}, "ts": "2026-03-17T18:28:58.740203+00:00"}
2026-03-18 03:39:34,261 [INFO] 
======================================================================
  [MONITOR] 2026-03-17 18:39 UTC
======================================================================
  잔고    : 4999.97 USDT
  총거래  : 0건
  다음바  : 20:05 UTC (약 85분 후)

  ─ 오픈 포지션 (0건) ─
    없음

  ─ 최근 거래 (0건) ─
    없음
======================================================================
2026-03-18 03:39:34,261 [INFO] 
======================================================================
  [MONITOR] 2026-03-17 18:39 UTC
======================================================================
  잔고    : 4999.97 USDT
  총거래  : 0건
  다음바  : 20:05 UTC (약 85분 후)

  ─ 오픈 포지션 (0건) ─
    없음

  ─ 최근 거래 (0건) ─
    없음
======================================================================
2026-03-18 03:39:34,261 [INFO] {"event": "MONITOR", "trades": 0, "equity": 4999.96642433, "open_positions": 0, "prices": {"DOT": 1.5896551609039307, "ADA": 0.28744474053382874}, "ts": "2026-03-17T18:39:34.261408+00:00"}
2026-03-18 03:50:08,318 [INFO] 
======================================================================
  [MONITOR] 2026-03-17 18:50 UTC
======================================================================
  잔고    : 4999.97 USDT
  총거래  : 0건
  다음바  : 20:05 UTC (약 74분 후)

  ─ 오픈 포지션 (0건) ─
    없음

  ─ 최근 거래 (0건) ─
    없음
======================================================================
2026-03-18 03:50:08,319 [INFO] 
======================================================================
  [MONITOR] 2026-03-17 18:50 UTC
======================================================================
  잔고    : 4999.97 USDT
  총거래  : 0건
  다음바  : 20:05 UTC (약 74분 후)

  ─ 오픈 포지션 (0건) ─
    없음

  ─ 최근 거래 (0건) ─
    없음
======================================================================
2026-03-18 03:50:08,319 [INFO] {"event": "MONITOR", "trades": 0, "equity": 4999.96642433, "open_positions": 0, "prices": {"DOT": 1.5896551609039307, "ADA": 0.28744474053382874}, "ts": "2026-03-17T18:50:08.319221+00:00"}
2026-03-18 04:00:43,344 [INFO] 
======================================================================
  [MONITOR] 2026-03-17 19:00 UTC
======================================================================
  잔고    : 4999.97 USDT
  총거래  : 0건
  다음바  : 20:05 UTC (약 64분 후)

  ─ 오픈 포지션 (0건) ─
    없음

  ─ 최근 거래 (0건) ─
    없음
======================================================================
2026-03-18 04:00:43,344 [INFO] 
======================================================================
  [MONITOR] 2026-03-17 19:00 UTC
======================================================================
  잔고    : 4999.97 USDT
  총거래  : 0건
  다음바  : 20:05 UTC (약 64분 후)

  ─ 오픈 포지션 (0건) ─
    없음

  ─ 최근 거래 (0건) ─
    없음
======================================================================
2026-03-18 04:00:43,344 [INFO] {"event": "MONITOR", "trades": 0, "equity": 4999.96642433, "open_positions": 0, "prices": {"DOT": 1.5896551609039307, "ADA": 0.28744474053382874}, "ts": "2026-03-17T19:00:43.344255+00:00"}
2026-03-18 04:11:18,041 [INFO] 
======================================================================
  [MONITOR] 2026-03-17 19:11 UTC
======================================================================
  잔고    : 4999.97 USDT
  총거래  : 0건
  다음바  : 20:05 UTC (약 53분 후)

  ─ 오픈 포지션 (0건) ─
    없음

  ─ 최근 거래 (0건) ─
    없음
======================================================================
2026-03-18 04:11:18,041 [INFO] 
======================================================================
  [MONITOR] 2026-03-17 19:11 UTC
======================================================================
  잔고    : 4999.97 USDT
  총거래  : 0건
  다음바  : 20:05 UTC (약 53분 후)

  ─ 오픈 포지션 (0건) ─
    없음

  ─ 최근 거래 (0건) ─
    없음
======================================================================
2026-03-18 04:11:18,041 [INFO] {"event": "MONITOR", "trades": 0, "equity": 4999.96642433, "open_positions": 0, "prices": {"DOT": 1.5896551609039307, "ADA": 0.28744474053382874}, "ts": "2026-03-17T19:11:18.041413+00:00"}
2026-03-18 04:21:51,286 [INFO] 
======================================================================
  [MONITOR] 2026-03-17 19:21 UTC
======================================================================
  잔고    : 4999.97 USDT
  총거래  : 0건
  다음바  : 20:05 UTC (약 43분 후)

  ─ 오픈 포지션 (0건) ─
    없음

  ─ 최근 거래 (0건) ─
    없음
======================================================================
2026-03-18 04:21:51,286 [INFO] 
======================================================================
  [MONITOR] 2026-03-17 19:21 UTC
======================================================================
  잔고    : 4999.97 USDT
  총거래  : 0건
  다음바  : 20:05 UTC (약 43분 후)

  ─ 오픈 포지션 (0건) ─
    없음

  ─ 최근 거래 (0건) ─
    없음
======================================================================
2026-03-18 04:21:51,286 [INFO] {"event": "MONITOR", "trades": 0, "equity": 4999.96642433, "open_positions": 0, "prices": {"DOT": 1.5896551609039307, "ADA": 0.28744474053382874}, "ts": "2026-03-17T19:21:51.286298+00:00"}
2026-03-18 04:32:25,659 [INFO] 
======================================================================
  [MONITOR] 2026-03-17 19:32 UTC
======================================================================
  잔고    : 4999.97 USDT
  총거래  : 0건
  다음바  : 20:05 UTC (약 32분 후)

  ─ 오픈 포지션 (0건) ─
    없음

  ─ 최근 거래 (0건) ─
    없음
======================================================================
2026-03-18 04:32:25,659 [INFO] 
======================================================================
  [MONITOR] 2026-03-17 19:32 UTC
======================================================================
  잔고    : 4999.97 USDT
  총거래  : 0건
  다음바  : 20:05 UTC (약 32분 후)

  ─ 오픈 포지션 (0건) ─
    없음

  ─ 최근 거래 (0건) ─
    없음
======================================================================
2026-03-18 04:32:25,659 [INFO] {"event": "MONITOR", "trades": 0, "equity": 4999.96642433, "open_positions": 0, "prices": {"DOT": 1.5896551609039307, "ADA": 0.28744474053382874}, "ts": "2026-03-17T19:32:25.659555+00:00"}
2026-03-18 04:42:59,188 [INFO] 
======================================================================
  [MONITOR] 2026-03-17 19:42 UTC
======================================================================
  잔고    : 4999.97 USDT
  총거래  : 0건
  다음바  : 20:05 UTC (약 22분 후)

  ─ 오픈 포지션 (0건) ─
    없음

  ─ 최근 거래 (0건) ─
    없음
======================================================================
2026-03-18 04:42:59,189 [INFO] 
======================================================================
  [MONITOR] 2026-03-17 19:42 UTC
======================================================================
  잔고    : 4999.97 USDT
  총거래  : 0건
  다음바  : 20:05 UTC (약 22분 후)

  ─ 오픈 포지션 (0건) ─
    없음

  ─ 최근 거래 (0건) ─
    없음
======================================================================
2026-03-18 04:42:59,189 [INFO] {"event": "MONITOR", "trades": 0, "equity": 4999.96642433, "open_positions": 0, "prices": {"DOT": 1.5896551609039307, "ADA": 0.28744474053382874}, "ts": "2026-03-17T19:42:59.189222+00:00"}
2026-03-18 04:53:33,085 [INFO] 
======================================================================
  [MONITOR] 2026-03-17 19:53 UTC
======================================================================
  잔고    : 4999.97 USDT
  총거래  : 0건
  다음바  : 20:05 UTC (약 11분 후)

  ─ 오픈 포지션 (0건) ─
    없음

  ─ 최근 거래 (0건) ─
    없음
======================================================================
2026-03-18 04:53:33,085 [INFO] 
======================================================================
  [MONITOR] 2026-03-17 19:53 UTC
======================================================================
  잔고    : 4999.97 USDT
  총거래  : 0건
  다음바  : 20:05 UTC (약 11분 후)

  ─ 오픈 포지션 (0건) ─
    없음

  ─ 최근 거래 (0건) ─
    없음
======================================================================
2026-03-18 04:53:33,086 [INFO] {"event": "MONITOR", "trades": 0, "equity": 4999.96642433, "open_positions": 0, "prices": {"DOT": 1.5896551609039307, "ADA": 0.28744474053382874}, "ts": "2026-03-17T19:53:33.085953+00:00"}
2026-03-18 05:04:06,562 [INFO] 
======================================================================
  [MONITOR] 2026-03-17 20:04 UTC
======================================================================
  잔고    : 4999.97 USDT
  총거래  : 0건
  다음바  : 20:05 UTC (약 0분 후)

  ─ 오픈 포지션 (0건) ─
    없음

  ─ 최근 거래 (0건) ─
    없음
======================================================================
2026-03-18 05:04:06,562 [INFO] 
======================================================================
  [MONITOR] 2026-03-17 20:04 UTC
======================================================================
  잔고    : 4999.97 USDT
  총거래  : 0건
  다음바  : 20:05 UTC (약 0분 후)

  ─ 오픈 포지션 (0건) ─
    없음

  ─ 최근 거래 (0건) ─
    없음
======================================================================
2026-03-18 05:04:06,562 [INFO] {"event": "MONITOR", "trades": 0, "equity": 4999.96642433, "open_positions": 0, "prices": {"DOT": 1.5896551609039307, "ADA": 0.28744474053382874}, "ts": "2026-03-17T20:04:06.562735+00:00"}
2026-03-18 05:05:03,908 [INFO] [DOT] 새 4h바 확정 (20:00 UTC) — 피처 갱신 중...
2026-03-18 05:05:06,428 [INFO] [DOT] 실시간 갱신 완료: 360bars, 248cols, latest=$1.5943
2026-03-18 05:05:06,707 [INFO] [DOT] S1 미달: s1_prob=0.035 < threshold=0.45 regime=TREND_UP
2026-03-18 05:05:06,707 [INFO] [DOT] 신호 없음 (bar=20:00)
2026-03-18 05:05:06,707 [INFO] [ADA] 새 4h바 확정 (20:00 UTC) — 피처 갱신 중...
2026-03-18 05:05:08,908 [INFO] [ADA] 실시간 갱신 완료: 360bars, 248cols, latest=$0.2887
2026-03-18 05:05:09,025 [INFO] [ADA] S1 미달: s1_prob=0.046 < threshold=0.4 regime=TREND_UP
2026-03-18 05:05:09,025 [INFO] [ADA] 신호 없음 (bar=20:00)
2026-03-18 05:14:43,555 [INFO] 
======================================================================
  [MONITOR] 2026-03-17 20:14 UTC
======================================================================
  잔고    : 4999.97 USDT
  총거래  : 0건
  다음바  : 00:05 UTC (약 230분 후)

  ─ 오픈 포지션 (0건) ─
    없음

  ─ 최근 거래 (0건) ─
    없음
======================================================================
2026-03-18 05:14:43,555 [INFO] 
======================================================================
  [MONITOR] 2026-03-17 20:14 UTC
======================================================================
  잔고    : 4999.97 USDT
  총거래  : 0건
  다음바  : 00:05 UTC (약 230분 후)

  ─ 오픈 포지션 (0건) ─
    없음

  ─ 최근 거래 (0건) ─
    없음
======================================================================
2026-03-18 05:14:43,555 [INFO] {"event": "MONITOR", "trades": 0, "equity": 4999.96642433, "open_positions": 0, "prices": {"DOT": 1.5942556858062744, "ADA": 0.2887246906757355}, "ts": "2026-03-17T20:14:43.555685+00:00"}
2026-03-18 05:25:16,432 [INFO] 
======================================================================
  [MONITOR] 2026-03-17 20:25 UTC
======================================================================
  잔고    : 4999.97 USDT
  총거래  : 0건
  다음바  : 00:05 UTC (약 219분 후)

  ─ 오픈 포지션 (0건) ─
    없음

  ─ 최근 거래 (0건) ─
    없음
======================================================================
2026-03-18 05:25:16,432 [INFO] 
======================================================================
  [MONITOR] 2026-03-17 20:25 UTC
======================================================================
  잔고    : 4999.97 USDT
  총거래  : 0건
  다음바  : 00:05 UTC (약 219분 후)

  ─ 오픈 포지션 (0건) ─
    없음

  ─ 최근 거래 (0건) ─
    없음
======================================================================
2026-03-18 05:25:16,433 [INFO] {"event": "MONITOR", "trades": 0, "equity": 4999.96642433, "open_positions": 0, "prices": {"DOT": 1.5942556858062744, "ADA": 0.2887246906757355}, "ts": "2026-03-17T20:25:16.433069+00:00"}
2026-03-18 05:35:47,794 [INFO] 
======================================================================
  [MONITOR] 2026-03-17 20:35 UTC
======================================================================
  잔고    : 4999.97 USDT
  총거래  : 0건
  다음바  : 00:05 UTC (약 209분 후)

  ─ 오픈 포지션 (0건) ─
    없음

  ─ 최근 거래 (0건) ─
    없음
======================================================================
2026-03-18 05:35:47,794 [INFO] 
======================================================================
  [MONITOR] 2026-03-17 20:35 UTC
======================================================================
  잔고    : 4999.97 USDT
  총거래  : 0건
  다음바  : 00:05 UTC (약 209분 후)

  ─ 오픈 포지션 (0건) ─
    없음

  ─ 최근 거래 (0건) ─
    없음
======================================================================
2026-03-18 05:35:47,794 [INFO] {"event": "MONITOR", "trades": 0, "equity": 4999.96642433, "open_positions": 0, "prices": {"DOT": 1.5942556858062744, "ADA": 0.2887246906757355}, "ts": "2026-03-17T20:35:47.794696+00:00"}
2026-03-18 05:46:20,167 [INFO] 
======================================================================
  [MONITOR] 2026-03-17 20:46 UTC
======================================================================
  잔고    : 4999.97 USDT
  총거래  : 0건
  다음바  : 00:05 UTC (약 198분 후)

  ─ 오픈 포지션 (0건) ─
    없음

  ─ 최근 거래 (0건) ─
    없음
======================================================================
2026-03-18 05:46:20,167 [INFO] 
======================================================================
  [MONITOR] 2026-03-17 20:46 UTC
======================================================================
  잔고    : 4999.97 USDT
  총거래  : 0건
  다음바  : 00:05 UTC (약 198분 후)

  ─ 오픈 포지션 (0건) ─
    없음

  ─ 최근 거래 (0건) ─
    없음
======================================================================
2026-03-18 05:46:20,168 [INFO] {"event": "MONITOR", "trades": 0, "equity": 4999.96642433, "open_positions": 0, "prices": {"DOT": 1.5942556858062744, "ADA": 0.2887246906757355}, "ts": "2026-03-17T20:46:20.167921+00:00"}
2026-03-18 05:56:52,223 [INFO] 
======================================================================
  [MONITOR] 2026-03-17 20:56 UTC
======================================================================
  잔고    : 4999.97 USDT
  총거래  : 0건
  다음바  : 00:05 UTC (약 188분 후)

  ─ 오픈 포지션 (0건) ─
    없음

  ─ 최근 거래 (0건) ─
    없음
======================================================================
2026-03-18 05:56:52,223 [INFO] 
======================================================================
  [MONITOR] 2026-03-17 20:56 UTC
======================================================================
  잔고    : 4999.97 USDT
  총거래  : 0건
  다음바  : 00:05 UTC (약 188분 후)

  ─ 오픈 포지션 (0건) ─
    없음

  ─ 최근 거래 (0건) ─
    없음
======================================================================
2026-03-18 05:56:52,223 [INFO] {"event": "MONITOR", "trades": 0, "equity": 4999.96642433, "open_positions": 0, "prices": {"DOT": 1.5942556858062744, "ADA": 0.2887246906757355}, "ts": "2026-03-17T20:56:52.223628+00:00"}
2026-03-18 06:07:23,989 [INFO] 
======================================================================
  [MONITOR] 2026-03-17 21:07 UTC
======================================================================
  잔고    : 4999.97 USDT
  총거래  : 0건
  다음바  : 00:05 UTC (약 177분 후)

  ─ 오픈 포지션 (0건) ─
    없음

  ─ 최근 거래 (0건) ─
    없음
======================================================================
2026-03-18 06:07:23,989 [INFO] 
======================================================================
  [MONITOR] 2026-03-17 21:07 UTC
======================================================================
  잔고    : 4999.97 USDT
  총거래  : 0건
  다음바  : 00:05 UTC (약 177분 후)

  ─ 오픈 포지션 (0건) ─
    없음

  ─ 최근 거래 (0건) ─
    없음
======================================================================
2026-03-18 06:07:23,989 [INFO] {"event": "MONITOR", "trades": 0, "equity": 4999.96642433, "open_positions": 0, "prices": {"DOT": 1.5942556858062744, "ADA": 0.2887246906757355}, "ts": "2026-03-17T21:07:23.989665+00:00"}
2026-03-18 06:17:54,096 [INFO] 
======================================================================
  [MONITOR] 2026-03-17 21:17 UTC
======================================================================
  잔고    : 4999.97 USDT
  총거래  : 0건
  다음바  : 00:05 UTC (약 167분 후)

  ─ 오픈 포지션 (0건) ─
    없음

  ─ 최근 거래 (0건) ─
    없음
======================================================================
2026-03-18 06:17:54,097 [INFO] 
======================================================================
  [MONITOR] 2026-03-17 21:17 UTC
======================================================================
  잔고    : 4999.97 USDT
  총거래  : 0건
  다음바  : 00:05 UTC (약 167분 후)

  ─ 오픈 포지션 (0건) ─
    없음

  ─ 최근 거래 (0건) ─
    없음
======================================================================
2026-03-18 06:17:54,097 [INFO] {"event": "MONITOR", "trades": 0, "equity": 4999.96642433, "open_positions": 0, "prices": {"DOT": 1.5942556858062744, "ADA": 0.2887246906757355}, "ts": "2026-03-17T21:17:54.097289+00:00"}
2026-03-18 06:28:25,343 [INFO] 
======================================================================
  [MONITOR] 2026-03-17 21:28 UTC
======================================================================
  잔고    : 4999.97 USDT
  총거래  : 0건
  다음바  : 00:05 UTC (약 156분 후)

  ─ 오픈 포지션 (0건) ─
    없음

  ─ 최근 거래 (0건) ─
    없음
======================================================================
2026-03-18 06:28:25,343 [INFO] 
======================================================================
  [MONITOR] 2026-03-17 21:28 UTC
======================================================================
  잔고    : 4999.97 USDT
  총거래  : 0건
  다음바  : 00:05 UTC (약 156분 후)

  ─ 오픈 포지션 (0건) ─
    없음

  ─ 최근 거래 (0건) ─
    없음
======================================================================
2026-03-18 06:28:25,343 [INFO] {"event": "MONITOR", "trades": 0, "equity": 4999.96642433, "open_positions": 0, "prices": {"DOT": 1.5942556858062744, "ADA": 0.2887246906757355}, "ts": "2026-03-17T21:28:25.343479+00:00"}
2026-03-18 06:38:56,385 [INFO] 
======================================================================
  [MONITOR] 2026-03-17 21:38 UTC
======================================================================
  잔고    : 4999.97 USDT
  총거래  : 0건
  다음바  : 00:05 UTC (약 146분 후)

  ─ 오픈 포지션 (0건) ─
    없음

  ─ 최근 거래 (0건) ─
    없음
======================================================================
2026-03-18 06:38:56,385 [INFO] 
======================================================================
  [MONITOR] 2026-03-17 21:38 UTC
======================================================================
  잔고    : 4999.97 USDT
  총거래  : 0건
  다음바  : 00:05 UTC (약 146분 후)

  ─ 오픈 포지션 (0건) ─
    없음

  ─ 최근 거래 (0건) ─
    없음
======================================================================
2026-03-18 06:38:56,385 [INFO] {"event": "MONITOR", "trades": 0, "equity": 4999.96642433, "open_positions": 0, "prices": {"DOT": 1.5942556858062744, "ADA": 0.2887246906757355}, "ts": "2026-03-17T21:38:56.385629+00:00"}
2026-03-18 06:49:25,694 [INFO] 
======================================================================
  [MONITOR] 2026-03-17 21:49 UTC
======================================================================
  잔고    : 4999.97 USDT
  총거래  : 0건
  다음바  : 00:05 UTC (약 135분 후)

  ─ 오픈 포지션 (0건) ─
    없음

  ─ 최근 거래 (0건) ─
    없음
======================================================================
2026-03-18 06:49:25,694 [INFO] 
======================================================================
  [MONITOR] 2026-03-17 21:49 UTC
======================================================================
  잔고    : 4999.97 USDT
  총거래  : 0건
  다음바  : 00:05 UTC (약 135분 후)

  ─ 오픈 포지션 (0건) ─
    없음

  ─ 최근 거래 (0건) ─
    없음
======================================================================
2026-03-18 06:49:25,694 [INFO] {"event": "MONITOR", "trades": 0, "equity": 4999.96642433, "open_positions": 0, "prices": {"DOT": 1.5942556858062744, "ADA": 0.2887246906757355}, "ts": "2026-03-17T21:49:25.694745+00:00"}
2026-03-18 06:59:56,171 [INFO] 
======================================================================
  [MONITOR] 2026-03-17 21:59 UTC
======================================================================
  잔고    : 4999.97 USDT
  총거래  : 0건
  다음바  : 00:05 UTC (약 125분 후)

  ─ 오픈 포지션 (0건) ─
    없음

  ─ 최근 거래 (0건) ─
    없음
======================================================================
2026-03-18 06:59:56,172 [INFO] 
======================================================================
  [MONITOR] 2026-03-17 21:59 UTC
======================================================================
  잔고    : 4999.97 USDT
  총거래  : 0건
  다음바  : 00:05 UTC (약 125분 후)

  ─ 오픈 포지션 (0건) ─
    없음

  ─ 최근 거래 (0건) ─
    없음
======================================================================
2026-03-18 06:59:56,172 [INFO] {"event": "MONITOR", "trades": 0, "equity": 4999.96642433, "open_positions": 0, "prices": {"DOT": 1.5942556858062744, "ADA": 0.2887246906757355}, "ts": "2026-03-17T21:59:56.172090+00:00"}
2026-03-18 07:10:26,429 [INFO] 
======================================================================
  [MONITOR] 2026-03-17 22:10 UTC
======================================================================
  잔고    : 4999.97 USDT
  총거래  : 0건
  다음바  : 00:05 UTC (약 114분 후)

  ─ 오픈 포지션 (0건) ─
    없음

  ─ 최근 거래 (0건) ─
    없음
======================================================================
2026-03-18 07:10:26,429 [INFO] 
======================================================================
  [MONITOR] 2026-03-17 22:10 UTC
======================================================================
  잔고    : 4999.97 USDT
  총거래  : 0건
  다음바  : 00:05 UTC (약 114분 후)

  ─ 오픈 포지션 (0건) ─
    없음

  ─ 최근 거래 (0건) ─
    없음
======================================================================
2026-03-18 07:10:26,429 [INFO] {"event": "MONITOR", "trades": 0, "equity": 4999.96642433, "open_positions": 0, "prices": {"DOT": 1.5942556858062744, "ADA": 0.2887246906757355}, "ts": "2026-03-17T22:10:26.429902+00:00"}
2026-03-18 07:20:54,996 [INFO] 
======================================================================
  [MONITOR] 2026-03-17 22:20 UTC
======================================================================
  잔고    : 4999.97 USDT
  총거래  : 0건
  다음바  : 00:05 UTC (약 104분 후)

  ─ 오픈 포지션 (0건) ─
    없음

  ─ 최근 거래 (0건) ─
    없음
======================================================================
2026-03-18 07:20:54,996 [INFO] 
======================================================================
  [MONITOR] 2026-03-17 22:20 UTC
======================================================================
  잔고    : 4999.97 USDT
  총거래  : 0건
  다음바  : 00:05 UTC (약 104분 후)

  ─ 오픈 포지션 (0건) ─
    없음

  ─ 최근 거래 (0건) ─
    없음
======================================================================
2026-03-18 07:20:54,996 [INFO] {"event": "MONITOR", "trades": 0, "equity": 4999.96642433, "open_positions": 0, "prices": {"DOT": 1.5942556858062744, "ADA": 0.2887246906757355}, "ts": "2026-03-17T22:20:54.996452+00:00"}
2026-03-18 07:31:24,883 [INFO] 
======================================================================
  [MONITOR] 2026-03-17 22:31 UTC
======================================================================
  잔고    : 4999.97 USDT
  총거래  : 0건
  다음바  : 00:05 UTC (약 93분 후)

  ─ 오픈 포지션 (0건) ─
    없음

  ─ 최근 거래 (0건) ─
    없음
======================================================================
2026-03-18 07:31:24,883 [INFO] 
======================================================================
  [MONITOR] 2026-03-17 22:31 UTC
======================================================================
  잔고    : 4999.97 USDT
  총거래  : 0건
  다음바  : 00:05 UTC (약 93분 후)

  ─ 오픈 포지션 (0건) ─
    없음

  ─ 최근 거래 (0건) ─
    없음
======================================================================
2026-03-18 07:31:24,883 [INFO] {"event": "MONITOR", "trades": 0, "equity": 4999.96642433, "open_positions": 0, "prices": {"DOT": 1.5942556858062744, "ADA": 0.2887246906757355}, "ts": "2026-03-17T22:31:24.883452+00:00"}
2026-03-18 07:41:54,489 [INFO] 
======================================================================
  [MONITOR] 2026-03-17 22:41 UTC
======================================================================
  잔고    : 4999.97 USDT
  총거래  : 0건
  다음바  : 00:05 UTC (약 83분 후)

  ─ 오픈 포지션 (0건) ─
    없음

  ─ 최근 거래 (0건) ─
    없음
======================================================================
2026-03-18 07:41:54,489 [INFO] 
======================================================================
  [MONITOR] 2026-03-17 22:41 UTC
======================================================================
  잔고    : 4999.97 USDT
  총거래  : 0건
  다음바  : 00:05 UTC (약 83분 후)

  ─ 오픈 포지션 (0건) ─
    없음

  ─ 최근 거래 (0건) ─
    없음
======================================================================
2026-03-18 07:41:54,489 [INFO] {"event": "MONITOR", "trades": 0, "equity": 4999.96642433, "open_positions": 0, "prices": {"DOT": 1.5942556858062744, "ADA": 0.2887246906757355}, "ts": "2026-03-17T22:41:54.489346+00:00"}
2026-03-18 07:52:22,426 [INFO] 
======================================================================
  [MONITOR] 2026-03-17 22:52 UTC
======================================================================
  잔고    : 4999.97 USDT
  총거래  : 0건
  다음바  : 00:05 UTC (약 72분 후)

  ─ 오픈 포지션 (0건) ─
    없음

  ─ 최근 거래 (0건) ─
    없음
======================================================================
2026-03-18 07:52:22,426 [INFO] 
======================================================================
  [MONITOR] 2026-03-17 22:52 UTC
======================================================================
  잔고    : 4999.97 USDT
  총거래  : 0건
  다음바  : 00:05 UTC (약 72분 후)

  ─ 오픈 포지션 (0건) ─
    없음

  ─ 최근 거래 (0건) ─
    없음
======================================================================
2026-03-18 07:52:22,426 [INFO] {"event": "MONITOR", "trades": 0, "equity": 4999.96642433, "open_positions": 0, "prices": {"DOT": 1.5942556858062744, "ADA": 0.2887246906757355}, "ts": "2026-03-17T22:52:22.426269+00:00"}
2026-03-18 08:02:51,681 [INFO] 
======================================================================
  [MONITOR] 2026-03-17 23:02 UTC
======================================================================
  잔고    : 4999.97 USDT
  총거래  : 0건
  다음바  : 00:05 UTC (약 62분 후)

  ─ 오픈 포지션 (0건) ─
    없음

  ─ 최근 거래 (0건) ─
    없음
======================================================================
2026-03-18 08:02:51,682 [INFO] 
======================================================================
  [MONITOR] 2026-03-17 23:02 UTC
======================================================================
  잔고    : 4999.97 USDT
  총거래  : 0건
  다음바  : 00:05 UTC (약 62분 후)

  ─ 오픈 포지션 (0건) ─
    없음

  ─ 최근 거래 (0건) ─
    없음
======================================================================
2026-03-18 08:02:51,682 [INFO] {"event": "MONITOR", "trades": 0, "equity": 4999.96642433, "open_positions": 0, "prices": {"DOT": 1.5942556858062744, "ADA": 0.2887246906757355}, "ts": "2026-03-17T23:02:51.682212+00:00"}
2026-03-18 08:13:20,722 [INFO] 
======================================================================
  [MONITOR] 2026-03-17 23:13 UTC
======================================================================
  잔고    : 4999.97 USDT
  총거래  : 0건
  다음바  : 00:05 UTC (약 51분 후)

  ─ 오픈 포지션 (0건) ─
    없음

  ─ 최근 거래 (0건) ─
    없음
======================================================================
2026-03-18 08:13:20,722 [INFO] 
======================================================================
  [MONITOR] 2026-03-17 23:13 UTC
======================================================================
  잔고    : 4999.97 USDT
  총거래  : 0건
  다음바  : 00:05 UTC (약 51분 후)

  ─ 오픈 포지션 (0건) ─
    없음

  ─ 최근 거래 (0건) ─
    없음
======================================================================
2026-03-18 08:13:20,722 [INFO] {"event": "MONITOR", "trades": 0, "equity": 4999.96642433, "open_positions": 0, "prices": {"DOT": 1.5942556858062744, "ADA": 0.2887246906757355}, "ts": "2026-03-17T23:13:20.722278+00:00"}
2026-03-18 08:23:48,072 [INFO] 
======================================================================
  [MONITOR] 2026-03-17 23:23 UTC
======================================================================
  잔고    : 4999.97 USDT
  총거래  : 0건
  다음바  : 00:05 UTC (약 41분 후)

  ─ 오픈 포지션 (0건) ─
    없음

  ─ 최근 거래 (0건) ─
    없음
======================================================================
2026-03-18 08:23:48,072 [INFO] 
======================================================================
  [MONITOR] 2026-03-17 23:23 UTC
======================================================================
  잔고    : 4999.97 USDT
  총거래  : 0건
  다음바  : 00:05 UTC (약 41분 후)

  ─ 오픈 포지션 (0건) ─
    없음

  ─ 최근 거래 (0건) ─
    없음
======================================================================
2026-03-18 08:23:48,072 [INFO] {"event": "MONITOR", "trades": 0, "equity": 4999.96642433, "open_positions": 0, "prices": {"DOT": 1.5942556858062744, "ADA": 0.2887246906757355}, "ts": "2026-03-17T23:23:48.072323+00:00"}
2026-03-18 08:34:16,803 [INFO] 
======================================================================
  [MONITOR] 2026-03-17 23:34 UTC
======================================================================
  잔고    : 4999.97 USDT
  총거래  : 0건
  다음바  : 00:05 UTC (약 30분 후)

  ─ 오픈 포지션 (0건) ─
    없음

  ─ 최근 거래 (0건) ─
    없음
======================================================================
2026-03-18 08:34:16,803 [INFO] 
======================================================================
  [MONITOR] 2026-03-17 23:34 UTC
======================================================================
  잔고    : 4999.97 USDT
  총거래  : 0건
  다음바  : 00:05 UTC (약 30분 후)

  ─ 오픈 포지션 (0건) ─
    없음

  ─ 최근 거래 (0건) ─
    없음
======================================================================
2026-03-18 08:34:16,804 [INFO] {"event": "MONITOR", "trades": 0, "equity": 4999.96642433, "open_positions": 0, "prices": {"DOT": 1.5942556858062744, "ADA": 0.2887246906757355}, "ts": "2026-03-17T23:34:16.803958+00:00"}
2026-03-18 08:44:45,413 [INFO] 
======================================================================
  [MONITOR] 2026-03-17 23:44 UTC
======================================================================
  잔고    : 4999.97 USDT
  총거래  : 0건
  다음바  : 00:05 UTC (약 20분 후)

  ─ 오픈 포지션 (0건) ─
    없음

  ─ 최근 거래 (0건) ─
    없음
======================================================================
2026-03-18 08:44:45,413 [INFO] 
======================================================================
  [MONITOR] 2026-03-17 23:44 UTC
======================================================================
  잔고    : 4999.97 USDT
  총거래  : 0건
  다음바  : 00:05 UTC (약 20분 후)

  ─ 오픈 포지션 (0건) ─
    없음

  ─ 최근 거래 (0건) ─
    없음
======================================================================
2026-03-18 08:44:45,414 [INFO] {"event": "MONITOR", "trades": 0, "equity": 4999.96642433, "open_positions": 0, "prices": {"DOT": 1.5942556858062744, "ADA": 0.2887246906757355}, "ts": "2026-03-17T23:44:45.413950+00:00"}
2026-03-18 08:55:12,262 [INFO] 
======================================================================
  [MONITOR] 2026-03-17 23:55 UTC
======================================================================
  잔고    : 4999.97 USDT
  총거래  : 0건
  다음바  : 00:05 UTC (약 9분 후)

  ─ 오픈 포지션 (0건) ─
    없음

  ─ 최근 거래 (0건) ─
    없음
======================================================================
2026-03-18 08:55:12,262 [INFO] 
======================================================================
  [MONITOR] 2026-03-17 23:55 UTC
======================================================================
  잔고    : 4999.97 USDT
  총거래  : 0건
  다음바  : 00:05 UTC (약 9분 후)

  ─ 오픈 포지션 (0건) ─
    없음

  ─ 최근 거래 (0건) ─
    없음
======================================================================
2026-03-18 08:55:12,262 [INFO] {"event": "MONITOR", "trades": 0, "equity": 4999.96642433, "open_positions": 0, "prices": {"DOT": 1.5942556858062744, "ADA": 0.2887246906757355}, "ts": "2026-03-17T23:55:12.262541+00:00"}
2026-03-18 09:05:40,376 [INFO] [DOT] 새 4h바 확정 (00:00 UTC) — 피처 갱신 중...
2026-03-18 09:05:42,550 [INFO] [DOT] 실시간 갱신 완료: 355bars, 248cols, latest=$1.6219
2026-03-18 09:05:42,766 [INFO] [DOT] S1 미달: s1_prob=0.050 < threshold=0.45 regime=TREND_UP
2026-03-18 09:05:42,767 [INFO] [DOT] 신호 없음 (bar=00:00)
2026-03-18 09:05:42,767 [INFO] [ADA] 새 4h바 확정 (00:00 UTC) — 피처 갱신 중...
2026-03-18 09:05:44,704 [INFO] [ADA] 실시간 갱신 완료: 355bars, 248cols, latest=$0.2892
2026-03-18 09:05:44,810 [INFO] [ADA] S1 미달: s1_prob=0.083 < threshold=0.4 regime=TREND_UP
2026-03-18 09:05:44,810 [INFO] [ADA] 신호 없음 (bar=00:00)
2026-03-18 09:05:44,810 [INFO] 
======================================================================
  [MONITOR] 2026-03-18 00:05 UTC
======================================================================
  잔고    : 4999.97 USDT
  총거래  : 0건
  다음바  : 04:05 UTC (약 239분 후)

  ─ 오픈 포지션 (0건) ─
    없음

  ─ 최근 거래 (0건) ─
    없음
======================================================================
2026-03-18 09:05:44,810 [INFO] 
======================================================================
  [MONITOR] 2026-03-18 00:05 UTC
======================================================================
  잔고    : 4999.97 USDT
  총거래  : 0건
  다음바  : 04:05 UTC (약 239분 후)

  ─ 오픈 포지션 (0건) ─
    없음

  ─ 최근 거래 (0건) ─
    없음
======================================================================
2026-03-18 09:05:44,810 [INFO] {"event": "MONITOR", "trades": 0, "equity": 4999.96642433, "open_positions": 0, "prices": {"DOT": 1.6218860149383545, "ADA": 0.2891518175601959}, "ts": "2026-03-18T00:05:44.810604+00:00"}
2026-03-18 09:16:12,754 [INFO] 
======================================================================
  [MONITOR] 2026-03-18 00:16 UTC
======================================================================
  잔고    : 4999.97 USDT
  총거래  : 0건
  다음바  : 04:05 UTC (약 228분 후)

  ─ 오픈 포지션 (0건) ─
    없음

  ─ 최근 거래 (0건) ─
    없음
======================================================================
2026-03-18 09:16:12,754 [INFO] 
======================================================================
  [MONITOR] 2026-03-18 00:16 UTC
======================================================================
  잔고    : 4999.97 USDT
  총거래  : 0건
  다음바  : 04:05 UTC (약 228분 후)

  ─ 오픈 포지션 (0건) ─
    없음

  ─ 최근 거래 (0건) ─
    없음
======================================================================
2026-03-18 09:16:12,754 [INFO] {"event": "MONITOR", "trades": 0, "equity": 4999.96642433, "open_positions": 0, "prices": {"DOT": 1.6218860149383545, "ADA": 0.2891518175601959}, "ts": "2026-03-18T00:16:12.754373+00:00"}
2026-03-18 09:26:38,781 [INFO] 
======================================================================
  [MONITOR] 2026-03-18 00:26 UTC
======================================================================
  잔고    : 4999.97 USDT
  총거래  : 0건
  다음바  : 04:05 UTC (약 218분 후)

  ─ 오픈 포지션 (0건) ─
    없음

  ─ 최근 거래 (0건) ─
    없음
======================================================================
2026-03-18 09:26:38,781 [INFO] 
======================================================================
  [MONITOR] 2026-03-18 00:26 UTC
======================================================================
  잔고    : 4999.97 USDT
  총거래  : 0건
  다음바  : 04:05 UTC (약 218분 후)

  ─ 오픈 포지션 (0건) ─
    없음

  ─ 최근 거래 (0건) ─
    없음
======================================================================
2026-03-18 09:26:38,781 [INFO] {"event": "MONITOR", "trades": 0, "equity": 4999.96642433, "open_positions": 0, "prices": {"DOT": 1.6218860149383545, "ADA": 0.2891518175601959}, "ts": "2026-03-18T00:26:38.781778+00:00"}
2026-03-18 09:37:06,229 [INFO] 
======================================================================
  [MONITOR] 2026-03-18 00:37 UTC
======================================================================
  잔고    : 4999.97 USDT
  총거래  : 0건
  다음바  : 04:05 UTC (약 207분 후)

  ─ 오픈 포지션 (0건) ─
    없음

  ─ 최근 거래 (0건) ─
    없음
======================================================================
2026-03-18 09:37:06,229 [INFO] 
======================================================================
  [MONITOR] 2026-03-18 00:37 UTC
======================================================================
  잔고    : 4999.97 USDT
  총거래  : 0건
  다음바  : 04:05 UTC (약 207분 후)

  ─ 오픈 포지션 (0건) ─
    없음

  ─ 최근 거래 (0건) ─
    없음
======================================================================
2026-03-18 09:37:06,229 [INFO] {"event": "MONITOR", "trades": 0, "equity": 4999.96642433, "open_positions": 0, "prices": {"DOT": 1.6218860149383545, "ADA": 0.2891518175601959}, "ts": "2026-03-18T00:37:06.229407+00:00"}
2026-03-18 09:47:33,442 [INFO] 
======================================================================
  [MONITOR] 2026-03-18 00:47 UTC
======================================================================
  잔고    : 4999.97 USDT
  총거래  : 0건
  다음바  : 04:05 UTC (약 197분 후)

  ─ 오픈 포지션 (0건) ─
    없음

  ─ 최근 거래 (0건) ─
    없음
======================================================================
2026-03-18 09:47:33,442 [INFO] 
======================================================================
  [MONITOR] 2026-03-18 00:47 UTC
======================================================================
  잔고    : 4999.97 USDT
  총거래  : 0건
  다음바  : 04:05 UTC (약 197분 후)

  ─ 오픈 포지션 (0건) ─
    없음

  ─ 최근 거래 (0건) ─
    없음
======================================================================
2026-03-18 09:47:33,442 [INFO] {"event": "MONITOR", "trades": 0, "equity": 4999.96642433, "open_positions": 0, "prices": {"DOT": 1.6218860149383545, "ADA": 0.2891518175601959}, "ts": "2026-03-18T00:47:33.442634+00:00"}
2026-03-18 09:57:58,570 [INFO] 
======================================================================
  [MONITOR] 2026-03-18 00:57 UTC
======================================================================
  잔고    : 4999.97 USDT
  총거래  : 0건
  다음바  : 04:05 UTC (약 187분 후)

  ─ 오픈 포지션 (0건) ─
    없음

  ─ 최근 거래 (0건) ─
    없음
======================================================================
2026-03-18 09:57:58,570 [INFO] 
======================================================================
  [MONITOR] 2026-03-18 00:57 UTC
======================================================================
  잔고    : 4999.97 USDT
  총거래  : 0건
  다음바  : 04:05 UTC (약 187분 후)

  ─ 오픈 포지션 (0건) ─
    없음

  ─ 최근 거래 (0건) ─
    없음
======================================================================
2026-03-18 09:57:58,570 [INFO] {"event": "MONITOR", "trades": 0, "equity": 4999.96642433, "open_positions": 0, "prices": {"DOT": 1.6218860149383545, "ADA": 0.2891518175601959}, "ts": "2026-03-18T00:57:58.570637+00:00"}
2026-03-18 10:08:25,126 [INFO] 
======================================================================
  [MONITOR] 2026-03-18 01:08 UTC
======================================================================
  잔고    : 4999.97 USDT
  총거래  : 0건
  다음바  : 04:05 UTC (약 176분 후)

  ─ 오픈 포지션 (0건) ─
    없음

  ─ 최근 거래 (0건) ─
    없음
======================================================================
2026-03-18 10:08:25,126 [INFO] 
======================================================================
  [MONITOR] 2026-03-18 01:08 UTC
======================================================================
  잔고    : 4999.97 USDT
  총거래  : 0건
  다음바  : 04:05 UTC (약 176분 후)

  ─ 오픈 포지션 (0건) ─
    없음

  ─ 최근 거래 (0건) ─
    없음
======================================================================
2026-03-18 10:08:25,126 [INFO] {"event": "MONITOR", "trades": 0, "equity": 4999.96642433, "open_positions": 0, "prices": {"DOT": 1.6218860149383545, "ADA": 0.2891518175601959}, "ts": "2026-03-18T01:08:25.126674+00:00"}
2026-03-18 10:18:51,374 [INFO] 
======================================================================
  [MONITOR] 2026-03-18 01:18 UTC
======================================================================
  잔고    : 4999.97 USDT
  총거래  : 0건
  다음바  : 04:05 UTC (약 166분 후)

  ─ 오픈 포지션 (0건) ─
    없음

  ─ 최근 거래 (0건) ─
    없음
======================================================================
2026-03-18 10:18:51,374 [INFO] 
======================================================================
  [MONITOR] 2026-03-18 01:18 UTC
======================================================================
  잔고    : 4999.97 USDT
  총거래  : 0건
  다음바  : 04:05 UTC (약 166분 후)

  ─ 오픈 포지션 (0건) ─
    없음

  ─ 최근 거래 (0건) ─
    없음
======================================================================
2026-03-18 10:18:51,375 [INFO] {"event": "MONITOR", "trades": 0, "equity": 4999.96642433, "open_positions": 0, "prices": {"DOT": 1.6218860149383545, "ADA": 0.2891518175601959}, "ts": "2026-03-18T01:18:51.374891+00:00"}
2026-03-18 10:29:15,747 [INFO] 
======================================================================
  [MONITOR] 2026-03-18 01:29 UTC
======================================================================
  잔고    : 4999.97 USDT
  총거래  : 0건
  다음바  : 04:05 UTC (약 155분 후)

  ─ 오픈 포지션 (0건) ─
    없음

  ─ 최근 거래 (0건) ─
    없음
======================================================================
2026-03-18 10:29:15,748 [INFO] 
======================================================================
  [MONITOR] 2026-03-18 01:29 UTC
======================================================================
  잔고    : 4999.97 USDT
  총거래  : 0건
  다음바  : 04:05 UTC (약 155분 후)

  ─ 오픈 포지션 (0건) ─
    없음

  ─ 최근 거래 (0건) ─
    없음
======================================================================
2026-03-18 10:29:15,748 [INFO] {"event": "MONITOR", "trades": 0, "equity": 4999.96642433, "open_positions": 0, "prices": {"DOT": 1.6218860149383545, "ADA": 0.2891518175601959}, "ts": "2026-03-18T01:29:15.748073+00:00"}
2026-03-18 10:39:41,532 [INFO] 
======================================================================
  [MONITOR] 2026-03-18 01:39 UTC
======================================================================
  잔고    : 4999.97 USDT
  총거래  : 0건
  다음바  : 04:05 UTC (약 145분 후)

  ─ 오픈 포지션 (0건) ─
    없음

  ─ 최근 거래 (0건) ─
    없음
======================================================================
2026-03-18 10:39:41,532 [INFO] 
======================================================================
  [MONITOR] 2026-03-18 01:39 UTC
======================================================================
  잔고    : 4999.97 USDT
  총거래  : 0건
  다음바  : 04:05 UTC (약 145분 후)

  ─ 오픈 포지션 (0건) ─
    없음

  ─ 최근 거래 (0건) ─
    없음
======================================================================
2026-03-18 10:39:41,533 [INFO] {"event": "MONITOR", "trades": 0, "equity": 4999.96642433, "open_positions": 0, "prices": {"DOT": 1.6218860149383545, "ADA": 0.2891518175601959}, "ts": "2026-03-18T01:39:41.533019+00:00"}
2026-03-18 10:50:07,075 [INFO] 
======================================================================
  [MONITOR] 2026-03-18 01:50 UTC
======================================================================
  잔고    : 4999.97 USDT
  총거래  : 0건
  다음바  : 04:05 UTC (약 134분 후)

  ─ 오픈 포지션 (0건) ─
    없음

  ─ 최근 거래 (0건) ─
    없음
======================================================================
2026-03-18 10:50:07,075 [INFO] 
======================================================================
  [MONITOR] 2026-03-18 01:50 UTC
======================================================================
  잔고    : 4999.97 USDT
  총거래  : 0건
  다음바  : 04:05 UTC (약 134분 후)

  ─ 오픈 포지션 (0건) ─
    없음

  ─ 최근 거래 (0건) ─
    없음
======================================================================
2026-03-18 10:50:07,075 [INFO] {"event": "MONITOR", "trades": 0, "equity": 4999.96642433, "open_positions": 0, "prices": {"DOT": 1.6218860149383545, "ADA": 0.2891518175601959}, "ts": "2026-03-18T01:50:07.075433+00:00"}
2026-03-18 11:00:32,470 [INFO] 
======================================================================
  [MONITOR] 2026-03-18 02:00 UTC
======================================================================
  잔고    : 4999.97 USDT
  총거래  : 0건
  다음바  : 04:05 UTC (약 124분 후)

  ─ 오픈 포지션 (0건) ─
    없음

  ─ 최근 거래 (0건) ─
    없음
======================================================================
2026-03-18 11:00:32,470 [INFO] 
======================================================================
  [MONITOR] 2026-03-18 02:00 UTC
======================================================================
  잔고    : 4999.97 USDT
  총거래  : 0건
  다음바  : 04:05 UTC (약 124분 후)

  ─ 오픈 포지션 (0건) ─
    없음

  ─ 최근 거래 (0건) ─
    없음
======================================================================
2026-03-18 11:00:32,471 [INFO] {"event": "MONITOR", "trades": 0, "equity": 4999.96642433, "open_positions": 0, "prices": {"DOT": 1.6218860149383545, "ADA": 0.2891518175601959}, "ts": "2026-03-18T02:00:32.470938+00:00"}
2026-03-18 11:10:55,854 [INFO] 
======================================================================
  [MONITOR] 2026-03-18 02:10 UTC
======================================================================
  잔고    : 4999.97 USDT
  총거래  : 0건
  다음바  : 04:05 UTC (약 114분 후)

  ─ 오픈 포지션 (0건) ─
    없음

  ─ 최근 거래 (0건) ─
    없음
======================================================================
2026-03-18 11:10:55,854 [INFO] 
======================================================================
  [MONITOR] 2026-03-18 02:10 UTC
======================================================================
  잔고    : 4999.97 USDT
  총거래  : 0건
  다음바  : 04:05 UTC (약 114분 후)

  ─ 오픈 포지션 (0건) ─
    없음

  ─ 최근 거래 (0건) ─
    없음
======================================================================
2026-03-18 11:10:55,854 [INFO] {"event": "MONITOR", "trades": 0, "equity": 4999.96642433, "open_positions": 0, "prices": {"DOT": 1.6218860149383545, "ADA": 0.2891518175601959}, "ts": "2026-03-18T02:10:55.854632+00:00"}
2026-03-18 11:21:20,708 [INFO] 
======================================================================
  [MONITOR] 2026-03-18 02:21 UTC
======================================================================
  잔고    : 4999.97 USDT
  총거래  : 0건
  다음바  : 04:05 UTC (약 103분 후)

  ─ 오픈 포지션 (0건) ─
    없음

  ─ 최근 거래 (0건) ─
    없음
======================================================================
2026-03-18 11:21:20,708 [INFO] 
======================================================================
  [MONITOR] 2026-03-18 02:21 UTC
======================================================================
  잔고    : 4999.97 USDT
  총거래  : 0건
  다음바  : 04:05 UTC (약 103분 후)

  ─ 오픈 포지션 (0건) ─
    없음

  ─ 최근 거래 (0건) ─
    없음
======================================================================
2026-03-18 11:21:20,708 [INFO] {"event": "MONITOR", "trades": 0, "equity": 4999.96642433, "open_positions": 0, "prices": {"DOT": 1.6218860149383545, "ADA": 0.2891518175601959}, "ts": "2026-03-18T02:21:20.708640+00:00"}
2026-03-18 11:31:45,507 [INFO] 
======================================================================
  [MONITOR] 2026-03-18 02:31 UTC
======================================================================
  잔고    : 4999.97 USDT
  총거래  : 0건
  다음바  : 04:05 UTC (약 93분 후)

  ─ 오픈 포지션 (0건) ─
    없음

  ─ 최근 거래 (0건) ─
    없음
======================================================================
2026-03-18 11:31:45,507 [INFO] 
======================================================================
  [MONITOR] 2026-03-18 02:31 UTC
======================================================================
  잔고    : 4999.97 USDT
  총거래  : 0건
  다음바  : 04:05 UTC (약 93분 후)

  ─ 오픈 포지션 (0건) ─
    없음

  ─ 최근 거래 (0건) ─
    없음
======================================================================
2026-03-18 11:31:45,507 [INFO] {"event": "MONITOR", "trades": 0, "equity": 4999.96642433, "open_positions": 0, "prices": {"DOT": 1.6218860149383545, "ADA": 0.2891518175601959}, "ts": "2026-03-18T02:31:45.507152+00:00"}
2026-03-18 11:42:09,463 [INFO] 
======================================================================
  [MONITOR] 2026-03-18 02:42 UTC
======================================================================
  잔고    : 4999.97 USDT
  총거래  : 0건
  다음바  : 04:05 UTC (약 82분 후)

  ─ 오픈 포지션 (0건) ─
    없음

  ─ 최근 거래 (0건) ─
    없음
======================================================================
2026-03-18 11:42:09,463 [INFO] 
======================================================================
  [MONITOR] 2026-03-18 02:42 UTC
======================================================================
  잔고    : 4999.97 USDT
  총거래  : 0건
  다음바  : 04:05 UTC (약 82분 후)

  ─ 오픈 포지션 (0건) ─
    없음

  ─ 최근 거래 (0건) ─
    없음
======================================================================
2026-03-18 11:42:09,463 [INFO] {"event": "MONITOR", "trades": 0, "equity": 4999.96642433, "open_positions": 0, "prices": {"DOT": 1.6218860149383545, "ADA": 0.2891518175601959}, "ts": "2026-03-18T02:42:09.463652+00:00"}
2026-03-18 11:52:32,032 [INFO] 
======================================================================
  [MONITOR] 2026-03-18 02:52 UTC
======================================================================
  잔고    : 4999.97 USDT
  총거래  : 0건
  다음바  : 04:05 UTC (약 72분 후)

  ─ 오픈 포지션 (0건) ─
    없음

  ─ 최근 거래 (0건) ─
    없음
======================================================================
2026-03-18 11:52:32,032 [INFO] 
======================================================================
  [MONITOR] 2026-03-18 02:52 UTC
======================================================================
  잔고    : 4999.97 USDT
  총거래  : 0건
  다음바  : 04:05 UTC (약 72분 후)

  ─ 오픈 포지션 (0건) ─
    없음

  ─ 최근 거래 (0건) ─
    없음
======================================================================
2026-03-18 11:52:32,032 [INFO] {"event": "MONITOR", "trades": 0, "equity": 4999.96642433, "open_positions": 0, "prices": {"DOT": 1.6218860149383545, "ADA": 0.2891518175601959}, "ts": "2026-03-18T02:52:32.032666+00:00"}
2026-03-18 12:02:56,069 [INFO] 
======================================================================
  [MONITOR] 2026-03-18 03:02 UTC
======================================================================
  잔고    : 4999.97 USDT
  총거래  : 0건
  다음바  : 04:05 UTC (약 62분 후)

  ─ 오픈 포지션 (0건) ─
    없음

  ─ 최근 거래 (0건) ─
    없음
======================================================================
2026-03-18 12:02:56,070 [INFO] 
======================================================================
  [MONITOR] 2026-03-18 03:02 UTC
======================================================================
  잔고    : 4999.97 USDT
  총거래  : 0건
  다음바  : 04:05 UTC (약 62분 후)

  ─ 오픈 포지션 (0건) ─
    없음

  ─ 최근 거래 (0건) ─
    없음
======================================================================
2026-03-18 12:02:56,070 [INFO] {"event": "MONITOR", "trades": 0, "equity": 4999.96642433, "open_positions": 0, "prices": {"DOT": 1.6218860149383545, "ADA": 0.2891518175601959}, "ts": "2026-03-18T03:02:56.070144+00:00"}
2026-03-18 12:13:20,114 [INFO] 
======================================================================
  [MONITOR] 2026-03-18 03:13 UTC
======================================================================
  잔고    : 4999.97 USDT
  총거래  : 0건
  다음바  : 04:05 UTC (약 51분 후)

  ─ 오픈 포지션 (0건) ─
    없음

  ─ 최근 거래 (0건) ─
    없음
======================================================================
2026-03-18 12:13:20,114 [INFO] 
======================================================================
  [MONITOR] 2026-03-18 03:13 UTC
======================================================================
  잔고    : 4999.97 USDT
  총거래  : 0건
  다음바  : 04:05 UTC (약 51분 후)

  ─ 오픈 포지션 (0건) ─
    없음

  ─ 최근 거래 (0건) ─
    없음
======================================================================
2026-03-18 12:13:20,114 [INFO] {"event": "MONITOR", "trades": 0, "equity": 4999.96642433, "open_positions": 0, "prices": {"DOT": 1.6218860149383545, "ADA": 0.2891518175601959}, "ts": "2026-03-18T03:13:20.114439+00:00"}
2026-03-18 12:23:44,146 [INFO] 
======================================================================
  [MONITOR] 2026-03-18 03:23 UTC
======================================================================
  잔고    : 4999.97 USDT
  총거래  : 0건
  다음바  : 04:05 UTC (약 41분 후)

  ─ 오픈 포지션 (0건) ─
    없음

  ─ 최근 거래 (0건) ─
    없음
======================================================================
2026-03-18 12:23:44,146 [INFO] 
======================================================================
  [MONITOR] 2026-03-18 03:23 UTC
======================================================================
  잔고    : 4999.97 USDT
  총거래  : 0건
  다음바  : 04:05 UTC (약 41분 후)

  ─ 오픈 포지션 (0건) ─
    없음

  ─ 최근 거래 (0건) ─
    없음
======================================================================
2026-03-18 12:23:44,146 [INFO] {"event": "MONITOR", "trades": 0, "equity": 4999.96642433, "open_positions": 0, "prices": {"DOT": 1.6218860149383545, "ADA": 0.2891518175601959}, "ts": "2026-03-18T03:23:44.146836+00:00"}
2026-03-18 12:34:06,309 [INFO] 
======================================================================
  [MONITOR] 2026-03-18 03:34 UTC
======================================================================
  잔고    : 4999.97 USDT
  총거래  : 0건
  다음바  : 04:05 UTC (약 30분 후)

  ─ 오픈 포지션 (0건) ─
    없음

  ─ 최근 거래 (0건) ─
    없음
======================================================================
2026-03-18 12:34:06,309 [INFO] 
======================================================================
  [MONITOR] 2026-03-18 03:34 UTC
======================================================================
  잔고    : 4999.97 USDT
  총거래  : 0건
  다음바  : 04:05 UTC (약 30분 후)

  ─ 오픈 포지션 (0건) ─
    없음

  ─ 최근 거래 (0건) ─
    없음
======================================================================
2026-03-18 12:34:06,309 [INFO] {"event": "MONITOR", "trades": 0, "equity": 4999.96642433, "open_positions": 0, "prices": {"DOT": 1.6218860149383545, "ADA": 0.2891518175601959}, "ts": "2026-03-18T03:34:06.309383+00:00"}
2026-03-18 12:44:30,277 [INFO] 
======================================================================
  [MONITOR] 2026-03-18 03:44 UTC
======================================================================
  잔고    : 4999.97 USDT
  총거래  : 0건
  다음바  : 04:05 UTC (약 20분 후)

  ─ 오픈 포지션 (0건) ─
    없음

  ─ 최근 거래 (0건) ─
    없음
======================================================================
2026-03-18 12:44:30,277 [INFO] 
======================================================================
  [MONITOR] 2026-03-18 03:44 UTC
======================================================================
  잔고    : 4999.97 USDT
  총거래  : 0건
  다음바  : 04:05 UTC (약 20분 후)

  ─ 오픈 포지션 (0건) ─
    없음

  ─ 최근 거래 (0건) ─
    없음
======================================================================
2026-03-18 12:44:30,277 [INFO] {"event": "MONITOR", "trades": 0, "equity": 4999.96642433, "open_positions": 0, "prices": {"DOT": 1.6218860149383545, "ADA": 0.2891518175601959}, "ts": "2026-03-18T03:44:30.277390+00:00"}
2026-03-18 12:54:53,949 [INFO] 
======================================================================
  [MONITOR] 2026-03-18 03:54 UTC
======================================================================
  잔고    : 4999.97 USDT
  총거래  : 0건
  다음바  : 04:05 UTC (약 10분 후)

  ─ 오픈 포지션 (0건) ─
    없음

  ─ 최근 거래 (0건) ─
    없음
======================================================================
2026-03-18 12:54:53,949 [INFO] 
======================================================================
  [MONITOR] 2026-03-18 03:54 UTC
======================================================================
  잔고    : 4999.97 USDT
  총거래  : 0건
  다음바  : 04:05 UTC (약 10분 후)

  ─ 오픈 포지션 (0건) ─
    없음

  ─ 최근 거래 (0건) ─
    없음
======================================================================
2026-03-18 12:54:53,949 [INFO] {"event": "MONITOR", "trades": 0, "equity": 4999.96642433, "open_positions": 0, "prices": {"DOT": 1.6218860149383545, "ADA": 0.2891518175601959}, "ts": "2026-03-18T03:54:53.949624+00:00"}
2026-03-18 13:05:15,886 [INFO] [DOT] 새 4h바 확정 (04:00 UTC) — 피처 갱신 중...
2026-03-18 13:05:17,809 [INFO] [DOT] 실시간 갱신 완료: 356bars, 248cols, latest=$1.6370
2026-03-18 13:05:18,126 [INFO] [DOT] S1 미달: s1_prob=0.166 < threshold=0.45 regime=TREND_UP
2026-03-18 13:05:18,126 [INFO] [DOT] 신호 없음 (bar=04:00)
2026-03-18 13:05:18,126 [INFO] [ADA] 새 4h바 확정 (04:00 UTC) — 피처 갱신 중...
2026-03-18 13:05:20,325 [INFO] [ADA] 실시간 갱신 완료: 356bars, 248cols, latest=$0.2918
2026-03-18 13:05:20,724 [INFO] [ADA] S1 미달: s1_prob=0.214 < threshold=0.4 regime=TREND_UP
2026-03-18 13:05:20,724 [INFO] [ADA] 신호 없음 (bar=04:00)
2026-03-18 13:05:20,725 [INFO] 
======================================================================
  [MONITOR] 2026-03-18 04:05 UTC
======================================================================
  잔고    : 4999.97 USDT
  총거래  : 0건
  다음바  : 08:05 UTC (약 239분 후)

  ─ 오픈 포지션 (0건) ─
    없음

  ─ 최근 거래 (0건) ─
    없음
======================================================================
2026-03-18 13:05:20,725 [INFO] 
======================================================================
  [MONITOR] 2026-03-18 04:05 UTC
======================================================================
  잔고    : 4999.97 USDT
  총거래  : 0건
  다음바  : 08:05 UTC (약 239분 후)

  ─ 오픈 포지션 (0건) ─
    없음

  ─ 최근 거래 (0건) ─
    없음
======================================================================
2026-03-18 13:05:20,725 [INFO] {"event": "MONITOR", "trades": 0, "equity": 4999.96642433, "open_positions": 0, "prices": {"DOT": 1.637008786201477, "ADA": 0.29175060987472534}, "ts": "2026-03-18T04:05:20.725213+00:00"}
2026-03-18 13:15:44,188 [INFO] 
======================================================================
  [MONITOR] 2026-03-18 04:15 UTC
======================================================================
  잔고    : 4999.97 USDT
  총거래  : 0건
  다음바  : 08:05 UTC (약 229분 후)

  ─ 오픈 포지션 (0건) ─
    없음

  ─ 최근 거래 (0건) ─
    없음
======================================================================
2026-03-18 13:15:44,188 [INFO] 
======================================================================
  [MONITOR] 2026-03-18 04:15 UTC
======================================================================
  잔고    : 4999.97 USDT
  총거래  : 0건
  다음바  : 08:05 UTC (약 229분 후)

  ─ 오픈 포지션 (0건) ─
    없음

  ─ 최근 거래 (0건) ─
    없음
======================================================================
2026-03-18 13:15:44,188 [INFO] {"event": "MONITOR", "trades": 0, "equity": 4999.96642433, "open_positions": 0, "prices": {"DOT": 1.637008786201477, "ADA": 0.29175060987472534}, "ts": "2026-03-18T04:15:44.188627+00:00"}
2026-03-18 13:26:07,474 [INFO] 
======================================================================
  [MONITOR] 2026-03-18 04:26 UTC
======================================================================
  잔고    : 4999.97 USDT
  총거래  : 0건
  다음바  : 08:05 UTC (약 218분 후)

  ─ 오픈 포지션 (0건) ─
    없음

  ─ 최근 거래 (0건) ─
    없음
======================================================================
2026-03-18 13:26:07,474 [INFO] 
======================================================================
  [MONITOR] 2026-03-18 04:26 UTC
======================================================================
  잔고    : 4999.97 USDT
  총거래  : 0건
  다음바  : 08:05 UTC (약 218분 후)

  ─ 오픈 포지션 (0건) ─
    없음

  ─ 최근 거래 (0건) ─
    없음
======================================================================
2026-03-18 13:26:07,474 [INFO] {"event": "MONITOR", "trades": 0, "equity": 4999.96642433, "open_positions": 0, "prices": {"DOT": 1.637008786201477, "ADA": 0.29175060987472534}, "ts": "2026-03-18T04:26:07.474178+00:00"}
2026-03-18 13:36:28,823 [INFO] 
======================================================================
  [MONITOR] 2026-03-18 04:36 UTC
======================================================================
  잔고    : 4999.97 USDT
  총거래  : 0건
  다음바  : 08:05 UTC (약 208분 후)

  ─ 오픈 포지션 (0건) ─
    없음

  ─ 최근 거래 (0건) ─
    없음
======================================================================
2026-03-18 13:36:28,823 [INFO] 
======================================================================
  [MONITOR] 2026-03-18 04:36 UTC
======================================================================
  잔고    : 4999.97 USDT
  총거래  : 0건
  다음바  : 08:05 UTC (약 208분 후)

  ─ 오픈 포지션 (0건) ─
    없음

  ─ 최근 거래 (0건) ─
    없음
======================================================================
2026-03-18 13:36:28,823 [INFO] {"event": "MONITOR", "trades": 0, "equity": 4999.96642433, "open_positions": 0, "prices": {"DOT": 1.637008786201477, "ADA": 0.29175060987472534}, "ts": "2026-03-18T04:36:28.823853+00:00"}
2026-03-18 13:46:51,629 [INFO] 
======================================================================
  [MONITOR] 2026-03-18 04:46 UTC
======================================================================
  잔고    : 4999.97 USDT
  총거래  : 0건
  다음바  : 08:05 UTC (약 198분 후)

  ─ 오픈 포지션 (0건) ─
    없음

  ─ 최근 거래 (0건) ─
    없음
======================================================================
2026-03-18 13:46:51,629 [INFO] 
======================================================================
  [MONITOR] 2026-03-18 04:46 UTC
======================================================================
  잔고    : 4999.97 USDT
  총거래  : 0건
  다음바  : 08:05 UTC (약 198분 후)

  ─ 오픈 포지션 (0건) ─
    없음

  ─ 최근 거래 (0건) ─
    없음
======================================================================
2026-03-18 13:46:51,629 [INFO] {"event": "MONITOR", "trades": 0, "equity": 4999.96642433, "open_positions": 0, "prices": {"DOT": 1.637008786201477, "ADA": 0.29175060987472534}, "ts": "2026-03-18T04:46:51.629375+00:00"}
2026-03-18 13:57:14,287 [INFO] 
======================================================================
  [MONITOR] 2026-03-18 04:57 UTC
======================================================================
  잔고    : 4999.97 USDT
  총거래  : 0건
  다음바  : 08:05 UTC (약 187분 후)

  ─ 오픈 포지션 (0건) ─
    없음

  ─ 최근 거래 (0건) ─
    없음
======================================================================
2026-03-18 13:57:14,287 [INFO] 
======================================================================
  [MONITOR] 2026-03-18 04:57 UTC
======================================================================
  잔고    : 4999.97 USDT
  총거래  : 0건
  다음바  : 08:05 UTC (약 187분 후)

  ─ 오픈 포지션 (0건) ─
    없음

  ─ 최근 거래 (0건) ─
    없음
======================================================================
2026-03-18 13:57:14,288 [INFO] {"event": "MONITOR", "trades": 0, "equity": 4999.96642433, "open_positions": 0, "prices": {"DOT": 1.637008786201477, "ADA": 0.29175060987472534}, "ts": "2026-03-18T04:57:14.288048+00:00"}
2026-03-18 14:07:42,988 [INFO] 
======================================================================
  [MONITOR] 2026-03-18 05:07 UTC
======================================================================
  잔고    : 4999.97 USDT
  총거래  : 0건
  다음바  : 08:05 UTC (약 177분 후)

  ─ 오픈 포지션 (0건) ─
    없음

  ─ 최근 거래 (0건) ─
    없음
======================================================================
2026-03-18 14:07:42,988 [INFO] 
======================================================================
  [MONITOR] 2026-03-18 05:07 UTC
======================================================================
  잔고    : 4999.97 USDT
  총거래  : 0건
  다음바  : 08:05 UTC (약 177분 후)

  ─ 오픈 포지션 (0건) ─
    없음

  ─ 최근 거래 (0건) ─
    없음
======================================================================
2026-03-18 14:07:42,988 [INFO] {"event": "MONITOR", "trades": 0, "equity": 4999.96642433, "open_positions": 0, "prices": {"DOT": 1.637008786201477, "ADA": 0.29175060987472534}, "ts": "2026-03-18T05:07:42.988357+00:00"}
2026-03-18 14:18:14,418 [INFO] 
======================================================================
  [MONITOR] 2026-03-18 05:18 UTC
======================================================================
  잔고    : 4999.97 USDT
  총거래  : 0건
  다음바  : 08:05 UTC (약 166분 후)

  ─ 오픈 포지션 (0건) ─
    없음

  ─ 최근 거래 (0건) ─
    없음
======================================================================
2026-03-18 14:18:14,418 [INFO] 
======================================================================
  [MONITOR] 2026-03-18 05:18 UTC
======================================================================
  잔고    : 4999.97 USDT
  총거래  : 0건
  다음바  : 08:05 UTC (약 166분 후)

  ─ 오픈 포지션 (0건) ─
    없음

  ─ 최근 거래 (0건) ─
    없음
======================================================================
2026-03-18 14:18:14,418 [INFO] {"event": "MONITOR", "trades": 0, "equity": 4999.96642433, "open_positions": 0, "prices": {"DOT": 1.637008786201477, "ADA": 0.29175060987472534}, "ts": "2026-03-18T05:18:14.418465+00:00"}
2026-03-18 14:28:43,425 [INFO] 
======================================================================
  [MONITOR] 2026-03-18 05:28 UTC
======================================================================
  잔고    : 4999.97 USDT
  총거래  : 0건
  다음바  : 08:05 UTC (약 156분 후)

  ─ 오픈 포지션 (0건) ─
    없음

  ─ 최근 거래 (0건) ─
    없음
======================================================================
2026-03-18 14:28:43,425 [INFO] 
======================================================================
  [MONITOR] 2026-03-18 05:28 UTC
======================================================================
  잔고    : 4999.97 USDT
  총거래  : 0건
  다음바  : 08:05 UTC (약 156분 후)

  ─ 오픈 포지션 (0건) ─
    없음

  ─ 최근 거래 (0건) ─
    없음
======================================================================
2026-03-18 14:28:43,425 [INFO] {"event": "MONITOR", "trades": 0, "equity": 4999.96642433, "open_positions": 0, "prices": {"DOT": 1.637008786201477, "ADA": 0.29175060987472534}, "ts": "2026-03-18T05:28:43.425454+00:00"}
2026-03-18 14:39:07,035 [INFO] 
======================================================================
  [MONITOR] 2026-03-18 05:39 UTC
======================================================================
  잔고    : 4999.97 USDT
  총거래  : 0건
  다음바  : 08:05 UTC (약 145분 후)

  ─ 오픈 포지션 (0건) ─
    없음

  ─ 최근 거래 (0건) ─
    없음
======================================================================
2026-03-18 14:39:07,035 [INFO] 
======================================================================
  [MONITOR] 2026-03-18 05:39 UTC
======================================================================
  잔고    : 4999.97 USDT
  총거래  : 0건
  다음바  : 08:05 UTC (약 145분 후)

  ─ 오픈 포지션 (0건) ─
    없음

  ─ 최근 거래 (0건) ─
    없음
======================================================================
2026-03-18 14:39:07,035 [INFO] {"event": "MONITOR", "trades": 0, "equity": 4999.96642433, "open_positions": 0, "prices": {"DOT": 1.637008786201477, "ADA": 0.29175060987472534}, "ts": "2026-03-18T05:39:07.035741+00:00"}
2026-03-18 14:49:31,048 [INFO] 
======================================================================
  [MONITOR] 2026-03-18 05:49 UTC
======================================================================
  잔고    : 4999.97 USDT
  총거래  : 0건
  다음바  : 08:05 UTC (약 135분 후)

  ─ 오픈 포지션 (0건) ─
    없음

  ─ 최근 거래 (0건) ─
    없음
======================================================================
2026-03-18 14:49:31,048 [INFO] 
======================================================================
  [MONITOR] 2026-03-18 05:49 UTC
======================================================================
  잔고    : 4999.97 USDT
  총거래  : 0건
  다음바  : 08:05 UTC (약 135분 후)

  ─ 오픈 포지션 (0건) ─
    없음

  ─ 최근 거래 (0건) ─
    없음
======================================================================
2026-03-18 14:49:31,048 [INFO] {"event": "MONITOR", "trades": 0, "equity": 4999.96642433, "open_positions": 0, "prices": {"DOT": 1.637008786201477, "ADA": 0.29175060987472534}, "ts": "2026-03-18T05:49:31.048803+00:00"}
2026-03-18 14:59:54,330 [INFO] 
======================================================================
  [MONITOR] 2026-03-18 05:59 UTC
======================================================================
  잔고    : 4999.97 USDT
  총거래  : 0건
  다음바  : 08:05 UTC (약 125분 후)

  ─ 오픈 포지션 (0건) ─
    없음

  ─ 최근 거래 (0건) ─
    없음
======================================================================
2026-03-18 14:59:54,330 [INFO] 
======================================================================
  [MONITOR] 2026-03-18 05:59 UTC
======================================================================
  잔고    : 4999.97 USDT
  총거래  : 0건
  다음바  : 08:05 UTC (약 125분 후)

  ─ 오픈 포지션 (0건) ─
    없음

  ─ 최근 거래 (0건) ─
    없음
======================================================================
2026-03-18 14:59:54,330 [INFO] {"event": "MONITOR", "trades": 0, "equity": 4999.96642433, "open_positions": 0, "prices": {"DOT": 1.637008786201477, "ADA": 0.29175060987472534}, "ts": "2026-03-18T05:59:54.330801+00:00"}
2026-03-18 15:10:15,068 [INFO] 
======================================================================
  [MONITOR] 2026-03-18 06:10 UTC
======================================================================
  잔고    : 4999.97 USDT
  총거래  : 0건
  다음바  : 08:05 UTC (약 114분 후)

  ─ 오픈 포지션 (0건) ─
    없음

  ─ 최근 거래 (0건) ─
    없음
======================================================================
2026-03-18 15:10:15,068 [INFO] 
======================================================================
  [MONITOR] 2026-03-18 06:10 UTC
======================================================================
  잔고    : 4999.97 USDT
  총거래  : 0건
  다음바  : 08:05 UTC (약 114분 후)

  ─ 오픈 포지션 (0건) ─
    없음

  ─ 최근 거래 (0건) ─
    없음
======================================================================
2026-03-18 15:10:15,068 [INFO] {"event": "MONITOR", "trades": 0, "equity": 4999.96642433, "open_positions": 0, "prices": {"DOT": 1.637008786201477, "ADA": 0.29175060987472534}, "ts": "2026-03-18T06:10:15.068840+00:00"}
2026-03-18 15:20:37,256 [INFO] 
======================================================================
  [MONITOR] 2026-03-18 06:20 UTC
======================================================================
  잔고    : 4999.97 USDT
  총거래  : 0건
  다음바  : 08:05 UTC (약 104분 후)

  ─ 오픈 포지션 (0건) ─
    없음

  ─ 최근 거래 (0건) ─
    없음
======================================================================
2026-03-18 15:20:37,257 [INFO] 
======================================================================
  [MONITOR] 2026-03-18 06:20 UTC
======================================================================
  잔고    : 4999.97 USDT
  총거래  : 0건
  다음바  : 08:05 UTC (약 104분 후)

  ─ 오픈 포지션 (0건) ─
    없음

  ─ 최근 거래 (0건) ─
    없음
======================================================================
2026-03-18 15:20:37,257 [INFO] {"event": "MONITOR", "trades": 0, "equity": 4999.96642433, "open_positions": 0, "prices": {"DOT": 1.637008786201477, "ADA": 0.29175060987472534}, "ts": "2026-03-18T06:20:37.257206+00:00"}
2026-03-18 15:30:59,021 [INFO] 
======================================================================
  [MONITOR] 2026-03-18 06:30 UTC
======================================================================
  잔고    : 4999.97 USDT
  총거래  : 0건
  다음바  : 08:05 UTC (약 94분 후)

  ─ 오픈 포지션 (0건) ─
    없음

  ─ 최근 거래 (0건) ─
    없음
======================================================================
2026-03-18 15:30:59,021 [INFO] 
======================================================================
  [MONITOR] 2026-03-18 06:30 UTC
======================================================================
  잔고    : 4999.97 USDT
  총거래  : 0건
  다음바  : 08:05 UTC (약 94분 후)

  ─ 오픈 포지션 (0건) ─
    없음

  ─ 최근 거래 (0건) ─
    없음
======================================================================
2026-03-18 15:30:59,021 [INFO] {"event": "MONITOR", "trades": 0, "equity": 4999.96642433, "open_positions": 0, "prices": {"DOT": 1.637008786201477, "ADA": 0.29175060987472534}, "ts": "2026-03-18T06:30:59.021728+00:00"}
2026-03-18 15:41:18,499 [INFO] 
======================================================================
  [MONITOR] 2026-03-18 06:41 UTC
======================================================================
  잔고    : 4999.97 USDT
  총거래  : 0건
  다음바  : 08:05 UTC (약 83분 후)

  ─ 오픈 포지션 (0건) ─
    없음

  ─ 최근 거래 (0건) ─
    없음
======================================================================
2026-03-18 15:41:18,499 [INFO] 
======================================================================
  [MONITOR] 2026-03-18 06:41 UTC
======================================================================
  잔고    : 4999.97 USDT
  총거래  : 0건
  다음바  : 08:05 UTC (약 83분 후)

  ─ 오픈 포지션 (0건) ─
    없음

  ─ 최근 거래 (0건) ─
    없음
======================================================================
2026-03-18 15:41:18,499 [INFO] {"event": "MONITOR", "trades": 0, "equity": 4999.96642433, "open_positions": 0, "prices": {"DOT": 1.637008786201477, "ADA": 0.29175060987472534}, "ts": "2026-03-18T06:41:18.499271+00:00"}
