2026-03-29 01:26:30,394 [INFO] [EquityState] Restored equity=$4602.59 (restarts=1)
2026-03-29 01:26:30,442 [INFO] ProcessPoolExecutor initialized: 10 workers (16 cores, 80% target)
2026-03-29 01:26:30,442 [INFO] ============================================================
2026-03-29 01:26:30,442 [INFO] Multi-Strategy Bot v8.5 | mode=demo
2026-03-29 01:26:30,442 [INFO] equity=$4602.588035 | coins=['XRP', 'SOL', 'TAO', 'DOGE', 'ADA', 'DOT', 'AVAX', 'BNB', 'LINK']
2026-03-29 01:26:30,442 [INFO] ============================================================
2026-03-29 01:26:30,953 [INFO] Exchange initialized (binance/sandbox): 704 markets loaded
2026-03-29 01:26:30,954 [INFO] Demo/testnet mode: virtual funds, real orders on testnet | equity=$4602.59
2026-03-29 01:26:30,975 [INFO] [MultiPos] Recovered 4 positions
2026-03-29 01:26:30,978 [INFO] [EVGuardian] Initial evaluation: ['momentum_breakout', 'cvd_spike', 'asymmetric_sniper', 'liquidation_fade']
2026-03-29 01:26:30,985 [INFO] Loaded 15 coin profiles from data/reports/multi_strategy/coin_profiles.json
2026-03-29 01:26:30,985 [INFO] [EntryFilters] vpin=True blacklist=True atr_regime=True
2026-03-29 01:26:30,986 [INFO] [PortRisk] Daily state restored: day_start=$5000.00 strategy_pnl={'asymmetric_sniper': -284.363835, 'liquidation_fade': -113.04813}
2026-03-29 01:26:30,986 [INFO] [cvd_spike] loaded | $9000.0 | 6x | cycle=60s | max_pos=15
2026-03-29 01:26:30,986 [INFO] [liquidation_fade] loaded | $4500.0 | 5x | cycle=60s | max_pos=10
2026-03-29 01:26:30,986 [INFO] [asymmetric_sniper] loaded | $9000.0 | 5x | cycle=60s | max_pos=10
2026-03-29 01:26:30,986 [INFO] [MonitorV2] Started (poll every 15s)
2026-03-29 01:26:30,986 [INFO] [Recovery] Resuming monitoring for 4 recovered positions
2026-03-29 01:26:30,987 [INFO] [Discord] System ready notification sent
2026-03-29 01:26:30,987 [INFO] [cvd_spike] loop started (every 60s)
2026-03-29 01:26:30,987 [INFO] [liquidation_fade] loop started (every 60s)
2026-03-29 01:26:30,987 [INFO] [asymmetric_sniper] loop started (every 60s)
2026-03-29 01:26:31,192 [INFO] [CoinSelect] Volatility top 30 → 4 passed safety filter | rejected: 0
2026-03-29 01:26:31,192 [INFO]   ✓ SOL    vol%= 0.00% vol=$      0M spread= 0.0bps $0.0000
2026-03-29 01:26:31,192 [INFO]   ✓ ETH    vol%= 0.00% vol=$      0M spread= 0.0bps $0.0000
2026-03-29 01:26:31,192 [INFO]   ✓ AVAX   vol%= 0.00% vol=$      0M spread= 0.0bps $0.0000
2026-03-29 01:26:31,192 [INFO]   ✓ ARB    vol%= 0.00% vol=$      0M spread= 0.0bps $0.0000
2026-03-29 01:26:31,193 [INFO] [CoinRefresh] 11 coins active (base=13 + selective=0) | +{'SUI', 'OP', 'ARB', 'ETH'} -{'LINK', 'TAO'}
2026-03-29 01:26:33,889 [INFO] [Scan:cvd_spike] trades=0 | cache hits=0 miss=7 err=0 | positions=4
2026-03-29 01:26:34,004 [ERROR] [SL] ETH BUY @ 2040.03 failed: binanceusdm {"code":-4509,"msg":"Time in Force (TIF) GTE can only be used with open positions. Please ensure that positions are available."}
2026-03-29 01:26:34,613 [ERROR] [SL] ETH BUY @ 2040.03 failed: binanceusdm {"code":-4509,"msg":"Time in Force (TIF) GTE can only be used with open positions. Please ensure that positions are available."}
2026-03-29 01:26:35,256 [ERROR] [SL] ETH BUY @ 2040.03 failed: binanceusdm {"code":-4509,"msg":"Time in Force (TIF) GTE can only be used with open positions. Please ensure that positions are available."}
2026-03-29 01:26:35,256 [WARNING] [Trail] ETH duplicate SL order (-4130), old SL still active — skipping update
2026-03-29 01:26:36,621 [INFO] [Scan:asymmetric_sniper] trades=0 | cache hits=5 miss=2 err=0 | positions=4
2026-03-29 01:26:41,707 [INFO] [Scan:liquidation_fade] trades=0 | cache hits=0 miss=7 err=0 | positions=4
2026-03-29 01:27:29,410 [INFO] [Heartbeat] equity=$4602.59 | daily=7.95% | pos=4 | notional=$15742.16 | kill=False
2026-03-29 01:27:29,645 [INFO] [CoinSelect] Volatility top 30 → 0 passed safety filter | rejected: 0
2026-03-29 01:27:30,759 [INFO] [Scan:cvd_spike] trades=0 | cache hits=7 miss=0 err=0 | positions=4
2026-03-29 01:27:35,043 [INFO] [Scan:asymmetric_sniper] trades=0 | cache hits=2 miss=12 err=0 | positions=4
2026-03-29 01:27:36,628 [INFO] [SignalScan] 11 coins | 11 candidates
2026-03-29 01:27:38,573 [INFO] [Scan:liquidation_fade] trades=0 | cache hits=7 miss=4 err=0 | positions=4
2026-03-29 01:28:26,346 [INFO] [Heartbeat] equity=$4602.59 | daily=7.95% | pos=4 | notional=$15742.16 | kill=False
2026-03-29 01:28:31,199 [INFO] [Scan:cvd_spike] trades=0 | cache hits=5 miss=2 err=0 | positions=4
2026-03-29 01:28:32,657 [INFO] [Scan:asymmetric_sniper] trades=0 | cache hits=5 miss=2 err=0 | positions=4
2026-03-29 01:28:36,188 [INFO] [Scan:liquidation_fade] trades=0 | cache hits=0 miss=7 err=0 | positions=4
2026-03-29 01:29:23,235 [INFO] [Heartbeat] equity=$4602.59 | daily=7.95% | pos=4 | notional=$15742.16 | kill=False
2026-03-29 01:29:30,228 [INFO] [Scan:cvd_spike] trades=0 | cache hits=2 miss=5 err=0 | positions=4
2026-03-29 01:29:31,415 [INFO] [ADA] ASYMMETRIC SNIPER -> SHORT | z=2.13 strength=-0.578
2026-03-29 01:29:32,287 [INFO] [Leverage] ADA set to 5x (isolated)
2026-03-29 01:29:32,496 [ERROR] [Entry] ADA SELL failed: binanceusdm {"code":-1021,"msg":"Timestamp for this request was 1000ms ahead of the server's time."}
2026-03-29 01:29:32,496 [INFO] [Scan:asymmetric_sniper] trades=0 | cache hits=5 miss=3 err=0 | positions=4
2026-03-29 01:29:33,051 [INFO] [Scan:liquidation_fade] trades=0 | cache hits=7 miss=0 err=0 | positions=4
2026-03-29 01:30:20,130 [INFO] [Heartbeat] equity=$4602.59 | daily=7.95% | pos=4 | notional=$15742.16 | kill=False
2026-03-29 01:30:27,228 [INFO] [Scan:cvd_spike] trades=0 | cache hits=7 miss=0 err=0 | positions=4
2026-03-29 01:30:30,545 [INFO] [Scan:asymmetric_sniper] trades=0 | cache hits=0 miss=7 err=0 | positions=4
2026-03-29 01:30:32,265 [INFO] [Scan:liquidation_fade] trades=0 | cache hits=0 miss=7 err=0 | positions=4
2026-03-29 01:31:16,981 [INFO] [Heartbeat] equity=$4602.59 | daily=7.95% | pos=4 | notional=$15742.16 | kill=False
2026-03-29 01:31:24,096 [INFO] [Scan:cvd_spike] trades=0 | cache hits=7 miss=0 err=0 | positions=4
2026-03-29 01:31:27,812 [INFO] [Scan:asymmetric_sniper] trades=0 | cache hits=7 miss=0 err=0 | positions=4
2026-03-29 01:31:29,117 [INFO] [Scan:liquidation_fade] trades=0 | cache hits=7 miss=0 err=0 | positions=4
2026-03-29 01:31:31,194 [INFO] [MonitorV2] ETH EARLY EXIT: zero MFE after 5 bars (favorable=0.0000%)
2026-03-29 01:31:31,524 [INFO] [Cancel] ETH order already gone
2026-03-29 01:31:31,524 [INFO] [MonitorV2] ETH exchange SL order cancelled
2026-03-29 01:31:31,845 [ERROR] [Cancel] ETH algo cancel failed: binanceusdm {"code":-1021,"msg":"Timestamp for this request was 1000ms ahead of the server's time."}
2026-03-29 01:31:31,845 [INFO] [MonitorV2] ETH exchange TP order cancelled
2026-03-29 01:31:31,953 [ERROR] [MKT_CLOSE] ETH BUY failed: binanceusdm {"code":-1021,"msg":"Timestamp for this request was 1000ms ahead of the server's time."}
2026-03-29 01:31:31,953 [INFO] [PortRisk] asymmetric_sniper PnL: -9.6978 | equity: 4592.89 | daily: 8.14%
2026-03-29 01:31:32,201 [WARNING] [TradeLog] No pending context for asymmetric_sniper:ETH
2026-03-29 01:31:32,425 [INFO] [MultiPos] Removed asymmetric_sniper:ETH
2026-03-29 01:31:32,425 [INFO] [Close] ❌ asymmetric_sniper:ETH EARLY_EXIT_NO_MFE | PnL=-1.5984 net=-9.6978 fee=8.0994 | entry=2026.5200 exit=2027.2400 | bars=5 | mfe=0.00% mae=-0.06%
2026-03-29 01:32:13,886 [INFO] [Heartbeat] equity=$4592.89 | daily=8.14% | pos=3 | notional=$11243.28 | kill=False
2026-03-29 01:32:21,722 [INFO] [Scan:cvd_spike] trades=0 | cache hits=0 miss=8 err=0 | positions=3
2026-03-29 01:32:25,223 [INFO] [Scan:asymmetric_sniper] trades=0 | cache hits=7 miss=0 err=0 | positions=3
2026-03-29 01:32:26,728 [INFO] [Scan:liquidation_fade] trades=0 | cache hits=0 miss=7 err=0 | positions=3
2026-03-29 01:33:10,774 [INFO] [Heartbeat] equity=$4592.89 | daily=8.14% | pos=3 | notional=$11243.28 | kill=False
2026-03-29 01:33:18,631 [INFO] [Scan:cvd_spike] trades=0 | cache hits=7 miss=0 err=0 | positions=3
2026-03-29 01:33:23,241 [INFO] [Scan:asymmetric_sniper] trades=0 | cache hits=0 miss=7 err=0 | positions=3
2026-03-29 01:33:23,623 [INFO] [Scan:liquidation_fade] trades=0 | cache hits=7 miss=0 err=0 | positions=3
2026-03-29 01:34:09,187 [INFO] [Heartbeat] equity=$4592.89 | daily=8.14% | pos=3 | notional=$11243.28 | kill=False
2026-03-29 01:34:15,514 [INFO] [Scan:cvd_spike] trades=0 | cache hits=7 miss=0 err=0 | positions=3
2026-03-29 01:34:20,554 [INFO] [Scan:asymmetric_sniper] trades=0 | cache hits=7 miss=0 err=0 | positions=3
2026-03-29 01:34:21,215 [INFO] [Scan:liquidation_fade] trades=0 | cache hits=0 miss=7 err=0 | positions=3
2026-03-29 01:35:06,088 [INFO] [Heartbeat] equity=$4592.89 | daily=8.14% | pos=3 | notional=$11243.28 | kill=False
2026-03-29 01:35:14,793 [INFO] [Scan:cvd_spike] trades=0 | cache hits=0 miss=7 err=0 | positions=3
2026-03-29 01:35:17,902 [INFO] [Scan:asymmetric_sniper] trades=0 | cache hits=7 miss=0 err=0 | positions=3
2026-03-29 01:35:18,105 [INFO] [Scan:liquidation_fade] trades=0 | cache hits=7 miss=0 err=0 | positions=3
2026-03-29 01:36:02,978 [INFO] [Heartbeat] equity=$4592.89 | daily=8.14% | pos=3 | notional=$11243.28 | kill=False
2026-03-29 01:36:14,152 [INFO] [Scan:cvd_spike] trades=0 | cache hits=0 miss=7 err=0 | positions=3
2026-03-29 01:36:15,186 [INFO] [Scan:asymmetric_sniper] trades=0 | cache hits=7 miss=0 err=0 | positions=3
2026-03-29 01:36:15,857 [INFO] [Scan:liquidation_fade] trades=0 | cache hits=0 miss=7 err=0 | positions=3
2026-03-29 01:36:59,868 [INFO] [Heartbeat] equity=$4592.89 | daily=8.14% | pos=3 | notional=$11243.28 | kill=False
2026-03-29 01:37:11,223 [INFO] [Scan:cvd_spike] trades=0 | cache hits=7 miss=0 err=0 | positions=3
2026-03-29 01:37:15,380 [INFO] [Scan:liquidation_fade] trades=0 | cache hits=0 miss=14 err=0 | positions=3
2026-03-29 01:37:15,473 [INFO] [Scan:asymmetric_sniper] trades=0 | cache hits=0 miss=0 err=0 | positions=3
2026-03-29 01:37:56,760 [INFO] [Heartbeat] equity=$4592.89 | daily=8.14% | pos=3 | notional=$11243.28 | kill=False
2026-03-29 01:38:08,229 [INFO] [Scan:cvd_spike] trades=0 | cache hits=7 miss=0 err=0 | positions=3
2026-03-29 01:38:12,281 [INFO] [Scan:liquidation_fade] trades=0 | cache hits=7 miss=0 err=0 | positions=3
2026-03-29 01:38:13,456 [INFO] [OP] ASYMMETRIC SNIPER -> SHORT | z=3.32 strength=-2.009
2026-03-29 01:38:14,002 [INFO] [Leverage] OP set to 5x (isolated)
2026-03-29 01:38:14,196 [ERROR] [Entry] OP SELL failed: binanceusdm {"code":-1021,"msg":"Timestamp for this request was 1000ms ahead of the server's time."}
2026-03-29 01:38:14,196 [INFO] [Scan:asymmetric_sniper] trades=0 | cache hits=0 miss=8 err=0 | positions=3
2026-03-29 01:38:53,643 [INFO] [Heartbeat] equity=$4592.89 | daily=8.14% | pos=3 | notional=$11243.28 | kill=False
2026-03-29 01:39:05,195 [INFO] [Scan:cvd_spike] trades=0 | cache hits=7 miss=0 err=0 | positions=3
2026-03-29 01:39:09,853 [INFO] [Scan:liquidation_fade] trades=0 | cache hits=0 miss=7 err=0 | positions=3
2026-03-29 01:39:12,157 [INFO] [Scan:asymmetric_sniper] trades=0 | cache hits=1 miss=6 err=0 | positions=3
2026-03-29 01:39:52,108 [INFO] [Heartbeat] equity=$4592.89 | daily=8.14% | pos=3 | notional=$11243.28 | kill=False
2026-03-29 01:40:02,214 [INFO] [Scan:cvd_spike] trades=0 | cache hits=6 miss=1 err=0 | positions=3
2026-03-29 01:40:06,759 [INFO] [Scan:liquidation_fade] trades=0 | cache hits=7 miss=0 err=0 | positions=3
2026-03-29 01:40:09,522 [INFO] [Scan:asymmetric_sniper] trades=0 | cache hits=7 miss=0 err=0 | positions=3
2026-03-29 01:40:48,999 [INFO] [Heartbeat] equity=$4592.89 | daily=8.14% | pos=3 | notional=$11243.28 | kill=False
2026-03-29 01:40:49,215 [INFO] [CoinSelect] Volatility top 30 → 3 passed safety filter | rejected: 0
2026-03-29 01:40:49,215 [INFO]   ✓ SOL    vol%= 0.00% vol=$      0M spread= 0.0bps $0.0000
2026-03-29 01:40:49,215 [INFO]   ✓ AVAX   vol%= 0.00% vol=$      0M spread= 0.0bps $0.0000
2026-03-29 01:40:49,215 [INFO]   ✓ ARB    vol%= 0.00% vol=$      0M spread= 0.0bps $0.0000
2026-03-29 01:40:49,216 [INFO] [CoinRefresh] 11 coins active (base=13 + selective=0) | +{} -{}
2026-03-29 01:41:01,666 [INFO] [Scan:cvd_spike] trades=0 | cache hits=1 miss=6 err=0 | positions=3
2026-03-29 01:41:04,355 [INFO] [Scan:liquidation_fade] trades=0 | cache hits=0 miss=7 err=0 | positions=3
2026-03-29 01:41:07,087 [INFO] [Scan:asymmetric_sniper] trades=0 | cache hits=6 miss=1 err=0 | positions=3
2026-03-29 01:41:45,867 [INFO] [Heartbeat] equity=$4592.89 | daily=8.14% | pos=3 | notional=$11243.28 | kill=False
2026-03-29 01:41:54,711 [INFO] [CoinSelect] Volatility top 30 → 0 passed safety filter | rejected: 0
2026-03-29 01:41:58,568 [INFO] [Scan:cvd_spike] trades=0 | cache hits=7 miss=6 err=0 | positions=3
2026-03-29 01:42:00,467 [INFO] [SignalScan] 11 coins | 11 candidates
2026-03-29 01:42:01,247 [INFO] [Scan:liquidation_fade] trades=0 | cache hits=7 miss=5 err=0 | positions=3
2026-03-29 01:42:04,989 [INFO] [Scan:asymmetric_sniper] trades=0 | cache hits=1 miss=6 err=0 | positions=3
2026-03-29 01:42:42,789 [INFO] [Heartbeat] equity=$4592.89 | daily=8.14% | pos=3 | notional=$11243.28 | kill=False
2026-03-29 01:42:57,173 [INFO] [Scan:cvd_spike] trades=0 | cache hits=6 miss=1 err=0 | positions=3
2026-03-29 01:42:59,004 [INFO] [Scan:liquidation_fade] trades=0 | cache hits=0 miss=7 err=0 | positions=3
2026-03-29 01:43:02,326 [INFO] [Scan:asymmetric_sniper] trades=0 | cache hits=7 miss=0 err=0 | positions=3
2026-03-29 01:43:39,666 [INFO] [Heartbeat] equity=$4592.89 | daily=8.14% | pos=3 | notional=$11243.28 | kill=False
2026-03-29 01:43:54,672 [INFO] [Scan:cvd_spike] trades=0 | cache hits=1 miss=6 err=0 | positions=3
2026-03-29 01:43:58,206 [INFO] [Scan:liquidation_fade] trades=0 | cache hits=0 miss=7 err=0 | positions=3
2026-03-29 01:43:59,809 [INFO] [Scan:asymmetric_sniper] trades=0 | cache hits=6 miss=1 err=0 | positions=3
2026-03-29 01:44:36,541 [INFO] [Heartbeat] equity=$4592.89 | daily=8.14% | pos=3 | notional=$11243.28 | kill=False
2026-03-29 01:44:51,547 [INFO] [Scan:cvd_spike] trades=0 | cache hits=7 miss=0 err=0 | positions=3
2026-03-29 01:44:55,064 [INFO] [Scan:liquidation_fade] trades=0 | cache hits=7 miss=0 err=0 | positions=3
2026-03-29 01:44:58,945 [ERROR] [DataHub] OHLCV fetch failed SUI/1m: binanceusdm 429 Too Many Requests {"code":-1003,"msg":"Too many requests; current limit of IP(15.158.3.41) is 6000 requests per minute. Please use the websocket for live updates to avoid polling the API."}
2026-03-29 01:44:59,348 [INFO] [Scan:asymmetric_sniper] trades=0 | cache hits=0 miss=6 err=1 | positions=3
2026-03-29 01:45:33,466 [INFO] [Heartbeat] equity=$4592.89 | daily=8.14% | pos=3 | notional=$11243.28 | kill=False
2026-03-29 01:45:48,592 [INFO] [Scan:cvd_spike] trades=0 | cache hits=6 miss=1 err=0 | positions=3
2026-03-29 01:45:52,737 [INFO] [Scan:liquidation_fade] trades=0 | cache hits=0 miss=7 err=0 | positions=3
2026-03-29 01:45:56,803 [INFO] [Scan:asymmetric_sniper] trades=0 | cache hits=7 miss=0 err=0 | positions=3
2026-03-29 01:46:31,898 [INFO] [Heartbeat] equity=$4592.89 | daily=8.14% | pos=3 | notional=$11243.28 | kill=False
2026-03-29 01:46:46,157 [INFO] [Scan:cvd_spike] trades=0 | cache hits=1 miss=7 err=0 | positions=3
2026-03-29 01:46:49,746 [INFO] [Scan:liquidation_fade] trades=0 | cache hits=7 miss=1 err=0 | positions=3
2026-03-29 01:46:54,259 [INFO] [Scan:asymmetric_sniper] trades=0 | cache hits=7 miss=1 err=0 | positions=3
2026-03-29 01:47:28,763 [INFO] [Heartbeat] equity=$4592.89 | daily=8.14% | pos=3 | notional=$11243.28 | kill=False
2026-03-29 01:47:43,065 [INFO] [Scan:cvd_spike] trades=0 | cache hits=8 miss=0 err=0 | positions=3
2026-03-29 01:47:47,342 [INFO] [Scan:liquidation_fade] trades=0 | cache hits=1 miss=7 err=0 | positions=3
2026-03-29 01:47:52,517 [INFO] [Scan:asymmetric_sniper] trades=0 | cache hits=1 miss=7 err=0 | positions=3
2026-03-29 01:48:25,650 [INFO] [Heartbeat] equity=$4592.89 | daily=8.14% | pos=3 | notional=$11243.28 | kill=False
2026-03-29 01:48:40,058 [INFO] [Scan:cvd_spike] trades=0 | cache hits=7 miss=1 err=0 | positions=3
2026-03-29 01:48:44,346 [INFO] [Scan:liquidation_fade] trades=0 | cache hits=7 miss=1 err=0 | positions=3
2026-03-29 01:48:50,027 [INFO] [Scan:asymmetric_sniper] trades=0 | cache hits=7 miss=1 err=0 | positions=3
2026-03-29 01:49:22,512 [INFO] [Heartbeat] equity=$4592.89 | daily=8.14% | pos=3 | notional=$11243.28 | kill=False
2026-03-29 01:49:39,334 [INFO] [Scan:cvd_spike] trades=0 | cache hits=1 miss=7 err=0 | positions=3
2026-03-29 01:49:41,964 [INFO] [Scan:liquidation_fade] trades=0 | cache hits=1 miss=7 err=0 | positions=3
2026-03-29 01:49:47,399 [INFO] [Scan:asymmetric_sniper] trades=0 | cache hits=8 miss=0 err=0 | positions=3
2026-03-29 01:50:19,358 [INFO] [Heartbeat] equity=$4592.89 | daily=8.14% | pos=3 | notional=$11243.28 | kill=False
2026-03-29 01:50:36,413 [INFO] [Scan:cvd_spike] trades=0 | cache hits=7 miss=1 err=0 | positions=3
2026-03-29 01:50:41,190 [INFO] [Scan:liquidation_fade] trades=0 | cache hits=0 miss=8 err=0 | positions=3
2026-03-29 01:50:45,458 [INFO] [Scan:asymmetric_sniper] trades=0 | cache hits=1 miss=7 err=0 | positions=3
2026-03-29 01:51:16,206 [INFO] [Heartbeat] equity=$4592.89 | daily=8.14% | pos=3 | notional=$11243.28 | kill=False
2026-03-29 01:51:33,375 [INFO] [Scan:cvd_spike] trades=0 | cache hits=8 miss=0 err=0 | positions=3
2026-03-29 01:51:38,038 [INFO] [Scan:liquidation_fade] trades=0 | cache hits=8 miss=0 err=0 | positions=3
2026-03-29 01:51:42,901 [INFO] [Scan:asymmetric_sniper] trades=0 | cache hits=7 miss=1 err=0 | positions=3
2026-03-29 01:52:13,087 [INFO] [Heartbeat] equity=$4592.89 | daily=8.14% | pos=3 | notional=$11243.28 | kill=False
2026-03-29 01:52:30,967 [INFO] [Scan:cvd_spike] trades=0 | cache hits=1 miss=7 err=0 | positions=3
2026-03-29 01:52:35,773 [INFO] [Scan:liquidation_fade] trades=0 | cache hits=0 miss=8 err=0 | positions=3
2026-03-29 01:52:41,976 [INFO] [Scan:asymmetric_sniper] trades=0 | cache hits=7 miss=1 err=0 | positions=3
2026-03-29 01:53:11,505 [INFO] [Heartbeat] equity=$4592.89 | daily=8.14% | pos=3 | notional=$11243.28 | kill=False
2026-03-29 01:53:27,803 [INFO] [Scan:cvd_spike] trades=0 | cache hits=8 miss=0 err=0 | positions=3
2026-03-29 01:53:32,580 [INFO] [Scan:liquidation_fade] trades=0 | cache hits=8 miss=0 err=0 | positions=3
2026-03-29 01:53:41,507 [INFO] [Scan:asymmetric_sniper] trades=0 | cache hits=1 miss=7 err=0 | positions=3
2026-03-29 01:54:08,353 [INFO] [Heartbeat] equity=$4592.89 | daily=8.14% | pos=3 | notional=$11243.28 | kill=False
2026-03-29 01:54:24,846 [INFO] [Scan:cvd_spike] trades=0 | cache hits=7 miss=1 err=0 | positions=3
2026-03-29 01:54:30,286 [INFO] [Scan:liquidation_fade] trades=0 | cache hits=0 miss=8 err=0 | positions=3
2026-03-29 01:54:39,068 [INFO] [Scan:asymmetric_sniper] trades=0 | cache hits=7 miss=1 err=0 | positions=3
2026-03-29 01:55:04,984 [INFO] [EVGuardian] momentum_breakout: EV=0.0000% tp_rate=0.0% n=7 ok
2026-03-29 01:55:04,984 [INFO] [EVGuardian] cvd_spike: EV=0.0000% tp_rate=0.0% n=66 ok
2026-03-29 01:55:04,984 [INFO] [EVGuardian] asymmetric_sniper: EV=0.0000% tp_rate=0.0% n=24 ok
2026-03-29 01:55:04,984 [INFO] [EVGuardian] liquidation_fade: EV=0.0000% tp_rate=0.0% n=25 ok
2026-03-29 01:55:05,212 [INFO] [Heartbeat] equity=$4592.89 | daily=8.14% | pos=3 | notional=$11243.28 | kill=False
2026-03-29 01:55:05,501 [INFO] [CoinSelect] Volatility top 30 → 3 passed safety filter | rejected: 0
2026-03-29 01:55:05,501 [INFO]   ✓ SOL    vol%= 0.00% vol=$      0M spread= 0.0bps $0.0000
2026-03-29 01:55:05,501 [INFO]   ✓ AVAX   vol%= 0.00% vol=$      0M spread= 0.0bps $0.0000
2026-03-29 01:55:05,501 [INFO]   ✓ ARB    vol%= 0.00% vol=$      0M spread= 0.0bps $0.0000
2026-03-29 01:55:05,502 [INFO] [CoinRefresh] 11 coins active (base=13 + selective=0) | +{} -{}
2026-03-29 01:55:22,273 [INFO] [Scan:cvd_spike] trades=0 | cache hits=2 miss=6 err=0 | positions=3
2026-03-29 01:55:27,090 [INFO] [Scan:liquidation_fade] trades=0 | cache hits=8 miss=0 err=0 | positions=3
2026-03-29 01:55:36,489 [INFO] [Scan:asymmetric_sniper] trades=0 | cache hits=7 miss=1 err=0 | positions=3
2026-03-29 01:56:02,076 [INFO] [Heartbeat] equity=$4592.89 | daily=8.14% | pos=3 | notional=$11243.28 | kill=False
2026-03-29 01:56:18,313 [INFO] [CoinSelect] Volatility top 30 → 0 passed safety filter | rejected: 0
2026-03-29 01:56:22,187 [INFO] [Scan:cvd_spike] trades=0 | cache hits=1 miss=11 err=0 | positions=3
2026-03-29 01:56:25,156 [INFO] [Scan:liquidation_fade] trades=0 | cache hits=0 miss=15 err=0 | positions=3
2026-03-29 01:56:25,457 [INFO] [SignalScan] 11 coins | 11 candidates
2026-03-29 01:56:33,900 [INFO] [Scan:asymmetric_sniper] trades=0 | cache hits=8 miss=0 err=0 | positions=3
2026-03-29 01:56:58,959 [INFO] [Heartbeat] equity=$4592.89 | daily=8.14% | pos=3 | notional=$11243.28 | kill=False
2026-03-29 01:57:21,519 [INFO] [Scan:cvd_spike] trades=0 | cache hits=0 miss=8 err=0 | positions=3
2026-03-29 01:57:21,991 [INFO] [Scan:liquidation_fade] trades=0 | cache hits=8 miss=0 err=0 | positions=3
2026-03-29 01:57:31,238 [INFO] [Scan:asymmetric_sniper] trades=0 | cache hits=8 miss=0 err=0 | positions=3
2026-03-29 01:57:55,802 [INFO] [Heartbeat] equity=$4592.89 | daily=8.14% | pos=3 | notional=$11243.28 | kill=False
2026-03-29 01:58:18,471 [INFO] [Scan:cvd_spike] trades=0 | cache hits=8 miss=0 err=0 | positions=3
2026-03-29 01:58:21,232 [INFO] [Scan:liquidation_fade] trades=0 | cache hits=0 miss=8 err=0 | positions=3
2026-03-29 01:58:29,396 [INFO] [Scan:asymmetric_sniper] trades=0 | cache hits=0 miss=8 err=0 | positions=3
2026-03-29 01:58:54,251 [INFO] [Heartbeat] equity=$4592.89 | daily=8.14% | pos=3 | notional=$11243.28 | kill=False
2026-03-29 01:59:15,399 [INFO] [Scan:cvd_spike] trades=0 | cache hits=8 miss=0 err=0 | positions=3
2026-03-29 01:59:18,124 [INFO] [Scan:liquidation_fade] trades=0 | cache hits=8 miss=0 err=0 | positions=3
2026-03-29 01:59:26,670 [INFO] [Scan:asymmetric_sniper] trades=0 | cache hits=8 miss=0 err=0 | positions=3
2026-03-29 01:59:51,056 [INFO] [Heartbeat] equity=$4592.89 | daily=8.14% | pos=3 | notional=$11243.28 | kill=False
2026-03-29 02:00:13,089 [INFO] [Scan:cvd_spike] trades=0 | cache hits=0 miss=8 err=0 | positions=3
2026-03-29 02:00:15,823 [INFO] [DOGE] LIQ CASCADE → LONG | OI_drop=1.20σ taker=1.2x move=-0.981%
2026-03-29 02:00:16,033 [WARNING] [DOGE] SL too tight: 0.000154 < fee_threshold 0.000167 (0.180% of price) — skip
2026-03-29 02:00:16,033 [INFO] [Scan:liquidation_fade] trades=0 | cache hits=0 miss=10 err=0 | positions=3
2026-03-29 02:00:25,515 [INFO] [Scan:asymmetric_sniper] trades=0 | cache hits=8 miss=0 err=0 | positions=3
2026-03-29 02:00:47,910 [INFO] [Heartbeat] equity=$4592.89 | daily=8.14% | pos=3 | notional=$11243.28 | kill=False
2026-03-29 02:01:10,066 [INFO] [Scan:cvd_spike] trades=0 | cache hits=8 miss=0 err=0 | positions=3
2026-03-29 02:01:12,907 [INFO] [DOGE] LIQ CASCADE → LONG | OI_drop=1.20σ taker=1.2x move=-0.981%
2026-03-29 02:01:13,016 [WARNING] [DOGE] SL too tight: 0.000154 < fee_threshold 0.000167 (0.180% of price) — skip
2026-03-29 02:01:13,016 [INFO] [Scan:liquidation_fade] trades=0 | cache hits=10 miss=0 err=0 | positions=3
2026-03-29 02:01:23,632 [INFO] [Scan:asymmetric_sniper] trades=0 | cache hits=0 miss=8 err=0 | positions=3
2026-03-29 02:01:44,745 [INFO] [Heartbeat] equity=$4592.89 | daily=8.14% | pos=3 | notional=$11243.28 | kill=False
2026-03-29 02:02:06,886 [INFO] [Scan:cvd_spike] trades=0 | cache hits=8 miss=0 err=0 | positions=3
2026-03-29 02:02:10,626 [INFO] [Scan:liquidation_fade] trades=0 | cache hits=0 miss=8 err=0 | positions=3
2026-03-29 02:02:20,996 [INFO] [Scan:asymmetric_sniper] trades=0 | cache hits=8 miss=0 err=0 | positions=3
2026-03-29 02:02:41,580 [INFO] [Heartbeat] equity=$4592.89 | daily=8.14% | pos=3 | notional=$11243.28 | kill=False
2026-03-29 02:03:04,546 [INFO] [Scan:cvd_spike] trades=0 | cache hits=0 miss=8 err=0 | positions=3
2026-03-29 02:03:07,482 [INFO] [Scan:liquidation_fade] trades=0 | cache hits=8 miss=0 err=0 | positions=3
2026-03-29 02:03:18,321 [INFO] [Scan:asymmetric_sniper] trades=0 | cache hits=8 miss=0 err=0 | positions=3
2026-03-29 02:03:38,421 [INFO] [Heartbeat] equity=$4592.89 | daily=8.14% | pos=3 | notional=$11243.28 | kill=False
2026-03-29 02:04:03,875 [INFO] [Scan:cvd_spike] trades=0 | cache hits=0 miss=8 err=0 | positions=3
2026-03-29 02:04:05,114 [INFO] [Scan:liquidation_fade] trades=0 | cache hits=0 miss=8 err=0 | positions=3
2026-03-29 02:04:15,575 [INFO] [OP] ASYMMETRIC SNIPER -> LONG | z=-2.99 strength=1434.040
2026-03-29 02:04:16,048 [INFO] [Leverage] OP set to 5x (isolated)
2026-03-29 02:04:16,246 [WARNING] [Entry] OP Post-Only FAILED, fallback to limit: binanceusdm {"code":-5022,"msg":"Due to the order could not be executed as maker, the Post Only order will be rejected. The order will not be recorded in the order history"}
2026-03-29 02:04:17,005 [INFO] [MultiPos] Added asymmetric_sniper:OP: BUY OP @ 0.1053
2026-03-29 02:04:18,333 [INFO] [OP] Exchange SL registered @ 0.1046
2026-03-29 02:04:18,443 [INFO] [OP] Exchange TP registered @ 0.1076
2026-03-29 02:04:18,444 [INFO] [TradeLog] Entry skeleton saved: asymmetric_sniper_OP_0328_170418_0001
2026-03-29 02:04:18,931 [INFO] [TradeLog] Entry enriched: asymmetric_sniper_OP_0328_170418_0001
2026-03-29 02:04:18,931 [INFO] [OP] ENTRY BUY @ 0.1053 | qty=42735.0 | SL=0.1046(-0.67%) | TP=0.1076(+2.18%) | risk=$30.00 | notional=$4500.00 | fee≈$8.100(0.180%) | trade #1 today
2026-03-29 02:04:18,932 [INFO] [Scan:asymmetric_sniper] trades=1 | cache hits=8 miss=4 err=0 | positions=4
2026-03-29 02:04:18,932 [INFO] [asymmetric_sniper] TRADE: {'strategy': 'asymmetric_sniper', 'coin': 'OP', 'side': 'BUY', 'price': 0.1053, 'qty': 42735.0, 'sl': 0.10459800000000001, 'tp': 0.10759553999999999, 'trailing': True, 'risk_usdt': 29.999969999999756, 'rr_estimate': 0.17908017908018004}
2026-03-29 02:04:27,244 [ERROR] [SL] OP SELL @ 0.1046 failed: binanceusdm {"code":-4130,"msg":"An open stop or take profit order with GTE and closePosition in the direction is existing."}
2026-03-29 02:04:27,856 [ERROR] [SL] OP SELL @ 0.1046 failed: binanceusdm {"code":-4130,"msg":"An open stop or take profit order with GTE and closePosition in the direction is existing."}
2026-03-29 02:04:28,470 [ERROR] [SL] OP SELL @ 0.1046 failed: binanceusdm {"code":-4130,"msg":"An open stop or take profit order with GTE and closePosition in the direction is existing."}
2026-03-29 02:04:28,471 [WARNING] [Trail] OP duplicate SL order (-4130), old SL still active — skipping update
2026-03-29 02:04:35,250 [INFO] [Heartbeat] equity=$4592.89 | daily=8.14% | pos=4 | notional=$15743.28 | kill=False
2026-03-29 02:05:00,712 [INFO] [Scan:cvd_spike] trades=0 | cache hits=7 miss=0 err=0 | positions=4
2026-03-29 02:05:04,252 [INFO] [Scan:liquidation_fade] trades=0 | cache hits=0 miss=7 err=0 | positions=4
2026-03-29 02:05:16,076 [INFO] [Scan:asymmetric_sniper] trades=0 | cache hits=0 miss=0 err=0 | positions=4
2026-03-29 02:05:33,680 [INFO] [Heartbeat] equity=$4592.89 | daily=8.14% | pos=4 | notional=$15743.28 | kill=False
2026-03-29 02:05:57,872 [ERROR] [DataHub] OHLCV fetch failed ADA/1m: binanceusdm 429 Too Many Requests {"code":-1003,"msg":"Too many requests; current limit of IP(15.158.3.19) is 6000 requests per minute. Please use the websocket for live updates to avoid polling the API."}
2026-03-29 02:05:58,288 [INFO] [Scan:cvd_spike] trades=0 | cache hits=0 miss=6 err=1 | positions=4
2026-03-29 02:06:01,119 [INFO] [Scan:liquidation_fade] trades=0 | cache hits=7 miss=0 err=0 | positions=4
2026-03-29 02:06:10,364 [ERROR] [SL] OP SELL @ 0.1054 failed: binanceusdm {"code":-4130,"msg":"An open stop or take profit order with GTE and closePosition in the direction is existing."}
2026-03-29 02:06:10,976 [ERROR] [SL] OP SELL @ 0.1054 failed: binanceusdm {"code":-4130,"msg":"An open stop or take profit order with GTE and closePosition in the direction is existing."}
2026-03-29 02:06:11,586 [ERROR] [SL] OP SELL @ 0.1054 failed: binanceusdm {"code":-4130,"msg":"An open stop or take profit order with GTE and closePosition in the direction is existing."}
2026-03-29 02:06:11,586 [WARNING] [Trail] OP duplicate SL order (-4130), old SL still active — skipping update
2026-03-29 02:06:12,918 [INFO] [Scan:asymmetric_sniper] trades=0 | cache hits=0 miss=0 err=0 | positions=4
2026-03-29 02:06:27,024 [INFO] [MonitorV2] OP SL HIT: 0.1053 vs 0.1054
2026-03-29 02:06:27,323 [INFO] [Cancel] OP algo order cancelled: 1000000036433187
2026-03-29 02:06:27,323 [INFO] [MonitorV2] OP exchange SL order cancelled
2026-03-29 02:06:27,634 [INFO] [Cancel] OP algo order cancelled: 1000000036433189
2026-03-29 02:06:27,634 [INFO] [MonitorV2] OP exchange TP order cancelled
2026-03-29 02:06:27,740 [INFO] [PortRisk] asymmetric_sniper PnL: -4.9254 | equity: 4587.96 | daily: 8.24%
2026-03-29 02:06:28,178 [INFO] [TradeLog] asymmetric_sniper_OP_0328_170418_0001 closed: pnl=+0.00% net=-0.1800% fee=8.1000$ drag=0.180% reason=SL_HIT bars=2 mfe=0.19% mae=0.00% mfe/trail=1.59 btc=BEAR vs_btc=COUNTER
2026-03-29 02:06:28,179 [INFO] [MultiPos] Removed asymmetric_sniper:OP
2026-03-29 02:06:28,179 [INFO] [Close] ❌ asymmetric_sniper:OP SL_HIT | PnL=+3.1746 net=-4.9254 fee=8.1000 | entry=0.1053 exit=0.1053 | bars=2 | mfe=0.19% mae=0.00%
2026-03-29 02:06:30,516 [INFO] [Heartbeat] equity=$4587.96 | daily=8.24% | pos=3 | notional=$11243.28 | kill=False
2026-03-29 02:06:55,220 [INFO] [Scan:cvd_spike] trades=0 | cache hits=6 miss=2 err=0 | positions=3
2026-03-29 02:06:58,232 [ERROR] [DataHub] OHLCV fetch failed ADA/5m: binanceusdm 429 Too Many Requests {"code":-1003,"msg":"Too many requests; current limit of IP(15.158.3.19) is 6000 requests per minute. Please use the websocket for live updates to avoid polling the API."}
2026-03-29 02:06:58,626 [ERROR] [DataHub] OHLCV fetch failed SUI/5m: binanceusdm 429 Too Many Requests {"code":-1003,"msg":"Too many requests; current limit of IP(15.158.3.19) is 6000 requests per minute. Please use the websocket for live updates to avoid polling the API."}
2026-03-29 02:06:58,626 [INFO] [Scan:liquidation_fade] trades=0 | cache hits=0 miss=5 err=2 | positions=3
2026-03-29 02:07:09,774 [INFO] [Scan:asymmetric_sniper] trades=0 | cache hits=0 miss=0 err=0 | positions=3
2026-03-29 02:07:27,360 [INFO] [Heartbeat] equity=$4587.96 | daily=8.24% | pos=3 | notional=$11243.28 | kill=False
2026-03-29 02:07:52,696 [INFO] [Scan:cvd_spike] trades=0 | cache hits=1 miss=6 err=0 | positions=3
2026-03-29 02:07:55,754 [INFO] [Scan:liquidation_fade] trades=0 | cache hits=5 miss=2 err=0 | positions=3
2026-03-29 02:08:08,744 [INFO] [Scan:asymmetric_sniper] trades=0 | cache hits=6 miss=1 err=0 | positions=3
2026-03-29 02:08:24,182 [INFO] [Heartbeat] equity=$4587.96 | daily=8.24% | pos=3 | notional=$11243.28 | kill=False
2026-03-29 02:08:49,587 [INFO] [Scan:cvd_spike] trades=0 | cache hits=7 miss=0 err=0 | positions=3
2026-03-29 02:08:53,043 [INFO] [Scan:liquidation_fade] trades=0 | cache hits=2 miss=5 err=0 | positions=3
2026-03-29 02:09:06,537 [INFO] [Scan:asymmetric_sniper] trades=0 | cache hits=1 miss=6 err=0 | positions=3
2026-03-29 02:09:21,002 [INFO] [Heartbeat] equity=$4587.96 | daily=8.24% | pos=3 | notional=$11243.28 | kill=False
2026-03-29 02:09:21,339 [INFO] [CoinSelect] Volatility top 30 → 3 passed safety filter | rejected: 0
2026-03-29 02:09:21,339 [INFO]   ✓ SOL    vol%= 0.00% vol=$      0M spread= 0.0bps $0.0000
2026-03-29 02:09:21,339 [INFO]   ✓ AVAX   vol%= 0.00% vol=$      0M spread= 0.0bps $0.0000
2026-03-29 02:09:21,339 [INFO]   ✓ ARB    vol%= 0.00% vol=$      0M spread= 0.0bps $0.0000
2026-03-29 02:09:21,340 [INFO] [CoinRefresh] 11 coins active (base=13 + selective=0) | +{} -{}
2026-03-29 02:09:46,580 [INFO] [Scan:cvd_spike] trades=0 | cache hits=6 miss=1 err=0 | positions=3
2026-03-29 02:09:50,152 [INFO] [Scan:liquidation_fade] trades=0 | cache hits=5 miss=2 err=0 | positions=3
2026-03-29 02:10:03,818 [INFO] [Scan:asymmetric_sniper] trades=0 | cache hits=7 miss=0 err=0 | positions=3
2026-03-29 02:10:17,843 [INFO] [Heartbeat] equity=$4587.96 | daily=8.24% | pos=3 | notional=$11243.28 | kill=False
2026-03-29 02:10:42,850 [INFO] [CoinSelect] Volatility top 30 → 0 passed safety filter | rejected: 0
2026-03-29 02:10:48,367 [INFO] [Scan:liquidation_fade] trades=0 | cache hits=2 miss=15 err=0 | positions=3
2026-03-29 02:10:48,467 [INFO] [Scan:cvd_spike] trades=0 | cache hits=0 miss=0 err=0 | positions=3
2026-03-29 02:10:51,266 [INFO] [SignalScan] 11 coins | 11 candidates
2026-03-29 02:11:01,043 [INFO] [Scan:asymmetric_sniper] trades=0 | cache hits=7 miss=8 err=0 | positions=3
2026-03-29 02:11:16,224 [INFO] [Heartbeat] equity=$4587.96 | daily=8.24% | pos=3 | notional=$11243.28 | kill=False
2026-03-29 02:11:47,483 [INFO] [Scan:liquidation_fade] trades=0 | cache hits=0 miss=7 err=0 | positions=3
2026-03-29 02:11:48,281 [INFO] [Scan:cvd_spike] trades=0 | cache hits=0 miss=7 err=0 | positions=3
2026-03-29 02:11:58,311 [INFO] [Scan:asymmetric_sniper] trades=0 | cache hits=7 miss=0 err=0 | positions=3
2026-03-29 02:12:13,063 [INFO] [Heartbeat] equity=$4587.96 | daily=8.24% | pos=3 | notional=$11243.28 | kill=False
2026-03-29 02:12:44,332 [INFO] [Scan:liquidation_fade] trades=0 | cache hits=7 miss=0 err=0 | positions=3
2026-03-29 02:12:45,243 [INFO] [Scan:cvd_spike] trades=0 | cache hits=7 miss=0 err=0 | positions=3
2026-03-29 02:12:56,231 [INFO] [Scan:asymmetric_sniper] trades=0 | cache hits=0 miss=7 err=0 | positions=3
2026-03-29 02:13:09,885 [INFO] [Heartbeat] equity=$4587.96 | daily=8.24% | pos=3 | notional=$11243.28 | kill=False
2026-03-29 02:13:41,824 [INFO] [Scan:liquidation_fade] trades=0 | cache hits=0 miss=7 err=0 | positions=3
2026-03-29 02:13:42,009 [INFO] [Scan:cvd_spike] trades=0 | cache hits=7 miss=0 err=0 | positions=3
2026-03-29 02:13:53,433 [INFO] [Scan:asymmetric_sniper] trades=0 | cache hits=7 miss=0 err=0 | positions=3
2026-03-29 02:14:06,676 [INFO] [Heartbeat] equity=$4587.96 | daily=8.24% | pos=3 | notional=$11243.28 | kill=False
2026-03-29 02:14:38,698 [INFO] [Scan:liquidation_fade] trades=0 | cache hits=7 miss=0 err=0 | positions=3
2026-03-29 02:14:39,721 [INFO] [Scan:cvd_spike] trades=0 | cache hits=0 miss=7 err=0 | positions=3
2026-03-29 02:14:52,292 [INFO] [Scan:asymmetric_sniper] trades=0 | cache hits=7 miss=0 err=0 | positions=3
2026-03-29 02:15:03,501 [INFO] [Heartbeat] equity=$4587.96 | daily=8.24% | pos=3 | notional=$11243.28 | kill=False
2026-03-29 02:15:36,223 [INFO] [Scan:liquidation_fade] trades=0 | cache hits=0 miss=7 err=0 | positions=3
2026-03-29 02:15:36,677 [INFO] [Scan:cvd_spike] trades=0 | cache hits=7 miss=0 err=0 | positions=3
2026-03-29 02:15:50,262 [INFO] [Scan:asymmetric_sniper] trades=0 | cache hits=0 miss=7 err=0 | positions=3
2026-03-29 02:16:00,299 [INFO] [Heartbeat] equity=$4587.96 | daily=8.24% | pos=3 | notional=$11243.28 | kill=False
2026-03-29 02:16:33,042 [INFO] [Scan:liquidation_fade] trades=0 | cache hits=7 miss=0 err=0 | positions=3
2026-03-29 02:16:33,506 [INFO] [Scan:cvd_spike] trades=0 | cache hits=7 miss=0 err=0 | positions=3
2026-03-29 02:16:47,512 [INFO] [Scan:asymmetric_sniper] trades=0 | cache hits=7 miss=0 err=0 | positions=3
2026-03-29 02:16:57,140 [INFO] [Heartbeat] equity=$4587.96 | daily=8.24% | pos=3 | notional=$11243.28 | kill=False
2026-03-29 02:17:30,535 [INFO] [Scan:liquidation_fade] trades=0 | cache hits=0 miss=7 err=0 | positions=3
2026-03-29 02:17:31,336 [INFO] [Scan:cvd_spike] trades=0 | cache hits=0 miss=7 err=0 | positions=3
2026-03-29 02:17:44,786 [INFO] [Scan:asymmetric_sniper] trades=0 | cache hits=7 miss=0 err=0 | positions=3
2026-03-29 02:17:55,534 [INFO] [Heartbeat] equity=$4587.96 | daily=8.24% | pos=3 | notional=$11243.28 | kill=False
2026-03-29 02:18:29,676 [INFO] [Scan:liquidation_fade] trades=0 | cache hits=0 miss=7 err=0 | positions=3
2026-03-29 02:18:30,587 [INFO] [Scan:cvd_spike] trades=0 | cache hits=0 miss=7 err=0 | positions=3
2026-03-29 02:18:41,976 [INFO] [DOT] ASYMMETRIC SNIPER -> SHORT | z=2.29 strength=-1.043
2026-03-29 02:18:42,476 [INFO] [Leverage] DOT set to 5x (isolated)
2026-03-29 02:18:42,673 [WARNING] [Entry] DOT Post-Only FAILED, fallback to limit: binanceusdm {"code":-5022,"msg":"Due to the order could not be executed as maker, the Post Only order will be rejected. The order will not be recorded in the order history"}
2026-03-29 02:18:43,345 [INFO] [MultiPos] Added asymmetric_sniper:DOT: SELL DOT @ 1.282
2026-03-29 02:18:43,346 [INFO] [DOT] 신규 종목 — SL/TP 등록 전 3.0s 대기 (margin mode 전파 대기)
2026-03-29 02:18:46,686 [INFO] [DOT] Exchange SL registered @ 1.2905
2026-03-29 02:18:46,821 [INFO] [DOT] Exchange TP registered @ 1.2541
2026-03-29 02:18:46,821 [INFO] [TradeLog] Entry skeleton saved: asymmetric_sniper_DOT_0328_171846_0002
2026-03-29 02:18:47,279 [INFO] [TradeLog] Entry enriched: asymmetric_sniper_DOT_0328_171846_0002
2026-03-29 02:18:47,279 [INFO] [DOT] ENTRY SELL @ 1.2820 | qty=3510.1 | SL=1.2905(-0.67%) | TP=1.2541(+2.18%) | risk=$30.00 | notional=$4500.00 | fee≈$8.100(0.180%) | trade #2 today
2026-03-29 02:18:47,279 [INFO] [Scan:asymmetric_sniper] trades=1 | cache hits=7 miss=4 err=0 | positions=4
2026-03-29 02:18:47,279 [INFO] [asymmetric_sniper] TRADE: {'strategy': 'asymmetric_sniper', 'coin': 'DOT', 'side': 'SELL', 'price': 1.282, 'qty': 3510.1, 'sl': 1.2905466666666667, 'tp': 1.2540524, 'trailing': True, 'risk_usdt': 29.999654666666792, 'rr_estimate': 0.10697570759973073}
2026-03-29 02:18:52,370 [INFO] [Heartbeat] equity=$4587.96 | daily=8.24% | pos=4 | notional=$15743.23 | kill=False
2026-03-29 02:18:56,318 [ERROR] [SL] DOT BUY @ 1.291 failed: binanceusdm {"code":-1021,"msg":"Timestamp for this request was 1000ms ahead of the server's time."}
2026-03-29 02:18:56,927 [ERROR] [SL] DOT BUY @ 1.291 failed: binanceusdm {"code":-1021,"msg":"Timestamp for this request was 1000ms ahead of the server's time."}
2026-03-29 02:18:57,532 [ERROR] [SL] DOT BUY @ 1.291 failed: binanceusdm {"code":-1021,"msg":"Timestamp for this request was 1000ms ahead of the server's time."}
2026-03-29 02:18:57,533 [ERROR] [SL_FAIL] [Trail] DOT new SL placement failed 3x: binanceusdm {"code":-1021,"msg":"Timestamp for this request was 1000ms ahead of the server's time."} — keeping OLD SL, software SL @ 1.2905
2026-03-29 02:19:26,520 [INFO] [Scan:liquidation_fade] trades=0 | cache hits=6 miss=0 err=0 | positions=4
2026-03-29 02:19:29,629 [INFO] [Scan:cvd_spike] trades=0 | cache hits=0 miss=6 err=0 | positions=4
2026-03-29 02:19:44,400 [INFO] [Scan:asymmetric_sniper] trades=0 | cache hits=0 miss=0 err=0 | positions=4
2026-03-29 02:19:49,226 [INFO] [Heartbeat] equity=$4587.96 | daily=8.24% | pos=4 | notional=$15743.23 | kill=False
2026-03-29 02:20:23,940 [INFO] [Scan:liquidation_fade] trades=0 | cache hits=0 miss=6 err=0 | positions=4
2026-03-29 02:20:26,435 [INFO] [Scan:cvd_spike] trades=0 | cache hits=6 miss=0 err=0 | positions=4
2026-03-29 02:20:39,364 [ERROR] [SL] DOT BUY @ 1.281 failed: binanceusdm {"code":-4130,"msg":"An open stop or take profit order with GTE and closePosition in the direction is existing."}
2026-03-29 02:20:39,985 [ERROR] [SL] DOT BUY @ 1.281 failed: binanceusdm {"code":-4130,"msg":"An open stop or take profit order with GTE and closePosition in the direction is existing."}
2026-03-29 02:20:40,617 [ERROR] [SL] DOT BUY @ 1.281 failed: binanceusdm {"code":-4130,"msg":"An open stop or take profit order with GTE and closePosition in the direction is existing."}
2026-03-29 02:20:40,617 [WARNING] [Trail] DOT duplicate SL order (-4130), old SL still active — skipping update
2026-03-29 02:20:41,231 [INFO] [Scan:asymmetric_sniper] trades=0 | cache hits=0 miss=0 err=0 | positions=4
2026-03-29 02:20:46,042 [INFO] [Heartbeat] equity=$4587.96 | daily=8.24% | pos=4 | notional=$15743.23 | kill=False
2026-03-29 02:21:20,785 [INFO] [Scan:liquidation_fade] trades=0 | cache hits=6 miss=0 err=0 | positions=4
2026-03-29 02:21:23,892 [INFO] [Scan:cvd_spike] trades=0 | cache hits=0 miss=6 err=0 | positions=4
2026-03-29 02:21:38,062 [INFO] [Scan:asymmetric_sniper] trades=0 | cache hits=0 miss=0 err=0 | positions=4
2026-03-29 02:21:42,855 [INFO] [Heartbeat] equity=$4587.96 | daily=8.24% | pos=4 | notional=$15743.23 | kill=False
2026-03-29 02:22:08,523 [INFO] [MonitorV2] DOT SL HIT: 1.2800 vs 1.2799
2026-03-29 02:22:08,836 [INFO] [Cancel] DOT algo order cancelled: 1000000036440176
2026-03-29 02:22:08,836 [INFO] [MonitorV2] DOT exchange SL order cancelled
2026-03-29 02:22:09,146 [INFO] [Cancel] DOT algo order cancelled: 1000000036440178
2026-03-29 02:22:09,146 [INFO] [MonitorV2] DOT exchange TP order cancelled
2026-03-29 02:22:09,250 [INFO] [PortRisk] asymmetric_sniper PnL: -0.7725 | equity: 4587.19 | daily: 8.26%
2026-03-29 02:22:09,570 [INFO] [TradeLog] asymmetric_sniper_DOT_0328_171846_0002 closed: pnl=+0.16% net=-0.0239% fee=8.0936$ drag=0.180% reason=SL_HIT bars=4 mfe=0.23% mae=-0.08% mfe/trail=3.28 btc=BEAR vs_btc=ALIGNED
2026-03-29 02:22:09,571 [INFO] [MultiPos] Removed asymmetric_sniper:DOT
2026-03-29 02:22:09,571 [INFO] [Close] ❌ asymmetric_sniper:DOT SL_HIT | PnL=+7.3211 net=-0.7725 fee=8.0936 | entry=1.2820 exit=1.2800 | bars=4 | mfe=0.23% mae=-0.08%
2026-03-29 02:22:18,287 [INFO] [Scan:liquidation_fade] trades=0 | cache hits=0 miss=8 err=0 | positions=3
2026-03-29 02:22:20,848 [INFO] [Scan:cvd_spike] trades=0 | cache hits=6 miss=1 err=0 | positions=3
2026-03-29 02:22:35,894 [INFO] [Scan:asymmetric_sniper] trades=0 | cache hits=1 miss=6 err=0 | positions=3
2026-03-29 02:22:39,647 [INFO] [Heartbeat] equity=$4587.19 | daily=8.26% | pos=3 | notional=$11243.28 | kill=False
2026-03-29 02:23:15,124 [INFO] [Scan:liquidation_fade] trades=0 | cache hits=7 miss=0 err=0 | positions=3
2026-03-29 02:23:17,883 [INFO] [Scan:cvd_spike] trades=0 | cache hits=7 miss=0 err=0 | positions=3
2026-03-29 02:23:34,876 [INFO] [Scan:asymmetric_sniper] trades=0 | cache hits=6 miss=1 err=0 | positions=3
2026-03-29 02:23:38,060 [INFO] [Heartbeat] equity=$4587.19 | daily=8.26% | pos=3 | notional=$11243.28 | kill=False
2026-03-29 02:23:38,429 [INFO] [CoinSelect] Volatility top 30 → 3 passed safety filter | rejected: 0
2026-03-29 02:23:38,429 [INFO]   ✓ SOL    vol%= 0.00% vol=$      0M spread= 0.0bps $0.0000
2026-03-29 02:23:38,429 [INFO]   ✓ AVAX   vol%= 0.00% vol=$      0M spread= 0.0bps $0.0000
2026-03-29 02:23:38,429 [INFO]   ✓ ARB    vol%= 0.00% vol=$      0M spread= 0.0bps $0.0000
2026-03-29 02:23:38,431 [INFO] [CoinRefresh] 11 coins active (base=13 + selective=0) | +{} -{}
2026-03-29 02:24:12,638 [INFO] [Scan:liquidation_fade] trades=0 | cache hits=0 miss=7 err=0 | positions=3
2026-03-29 02:24:15,341 [INFO] [Scan:cvd_spike] trades=0 | cache hits=1 miss=6 err=0 | positions=3
2026-03-29 02:24:32,115 [INFO] [Scan:asymmetric_sniper] trades=0 | cache hits=7 miss=0 err=0 | positions=3
2026-03-29 02:24:34,884 [INFO] [Heartbeat] equity=$4587.19 | daily=8.26% | pos=3 | notional=$11243.28 | kill=False
2026-03-29 02:25:08,340 [INFO] [CoinSelect] Volatility top 30 → 0 passed safety filter | rejected: 0
2026-03-29 02:25:12,148 [INFO] [Scan:liquidation_fade] trades=0 | cache hits=0 miss=11 err=0 | positions=3
2026-03-29 02:25:12,508 [INFO] [Scan:cvd_spike] trades=0 | cache hits=6 miss=2 err=0 | positions=3
2026-03-29 02:25:14,805 [INFO] [SignalScan] 11 coins | 11 candidates
2026-03-29 02:25:30,002 [INFO] [Scan:asymmetric_sniper] trades=0 | cache hits=1 miss=12 err=0 | positions=3
2026-03-29 02:25:31,788 [INFO] [Heartbeat] equity=$4587.19 | daily=8.26% | pos=3 | notional=$11243.28 | kill=False
2026-03-29 02:26:11,309 [INFO] [Scan:liquidation_fade] trades=0 | cache hits=6 miss=7 err=0 | positions=3
2026-03-29 02:26:11,408 [INFO] [Scan:cvd_spike] trades=0 | cache hits=0 miss=1 err=0 | positions=3
2026-03-29 02:26:27,263 [INFO] [Scan:asymmetric_sniper] trades=0 | cache hits=7 miss=0 err=0 | positions=3
2026-03-29 02:26:28,618 [INFO] [Heartbeat] equity=$4587.19 | daily=8.26% | pos=3 | notional=$11243.28 | kill=False
2026-03-29 02:27:08,128 [INFO] [Scan:liquidation_fade] trades=0 | cache hits=7 miss=0 err=0 | positions=3
2026-03-29 02:27:08,940 [INFO] [Scan:cvd_spike] trades=0 | cache hits=1 miss=6 err=0 | positions=3
2026-03-29 02:27:24,612 [INFO] [Scan:asymmetric_sniper] trades=0 | cache hits=6 miss=1 err=0 | positions=3
2026-03-29 02:27:25,427 [INFO] [Heartbeat] equity=$4587.19 | daily=8.26% | pos=3 | notional=$11243.28 | kill=False
2026-03-29 02:28:05,685 [INFO] [Scan:liquidation_fade] trades=0 | cache hits=0 miss=7 err=0 | positions=3
2026-03-29 02:28:05,943 [INFO] [Scan:cvd_spike] trades=0 | cache hits=7 miss=0 err=0 | positions=3
2026-03-29 02:28:22,239 [INFO] [Heartbeat] equity=$4587.19 | daily=8.26% | pos=3 | notional=$11243.28 | kill=False
2026-03-29 02:28:22,447 [INFO] [Scan:asymmetric_sniper] trades=0 | cache hits=1 miss=6 err=0 | positions=3
2026-03-29 02:29:02,498 [INFO] [Scan:liquidation_fade] trades=0 | cache hits=7 miss=0 err=0 | positions=3
2026-03-29 02:29:03,037 [INFO] [Scan:cvd_spike] trades=0 | cache hits=6 miss=1 err=0 | positions=3
2026-03-29 02:29:19,051 [INFO] [Heartbeat] equity=$4587.19 | daily=8.26% | pos=3 | notional=$11243.28 | kill=False
2026-03-29 02:29:19,681 [INFO] [Scan:asymmetric_sniper] trades=0 | cache hits=7 miss=0 err=0 | positions=3
2026-03-29 02:30:00,003 [INFO] [Scan:liquidation_fade] trades=0 | cache hits=1 miss=7 err=0 | positions=3
2026-03-29 02:30:00,600 [INFO] [Scan:cvd_spike] trades=0 | cache hits=0 miss=6 err=0 | positions=3
2026-03-29 02:30:17,452 [INFO] [Heartbeat] equity=$4587.19 | daily=8.26% | pos=3 | notional=$11243.28 | kill=False
2026-03-29 02:30:18,657 [INFO] [Scan:asymmetric_sniper] trades=0 | cache hits=6 miss=1 err=0 | positions=3
2026-03-29 02:30:56,783 [INFO] [Scan:liquidation_fade] trades=0 | cache hits=7 miss=0 err=0 | positions=3
2026-03-29 02:30:57,428 [INFO] [Scan:cvd_spike] trades=0 | cache hits=7 miss=0 err=0 | positions=3
2026-03-29 02:31:14,229 [INFO] [Heartbeat] equity=$4587.19 | daily=8.26% | pos=3 | notional=$11243.28 | kill=False
2026-03-29 02:31:16,650 [INFO] [Scan:asymmetric_sniper] trades=0 | cache hits=1 miss=6 err=0 | positions=3
2026-03-29 02:31:55,356 [INFO] [Scan:liquidation_fade] trades=0 | cache hits=6 miss=7 err=0 | positions=3
2026-03-29 02:31:55,470 [INFO] [Scan:cvd_spike] trades=0 | cache hits=0 miss=1 err=0 | positions=3
2026-03-29 02:32:11,051 [INFO] [Heartbeat] equity=$4587.19 | daily=8.26% | pos=3 | notional=$11243.28 | kill=False
2026-03-29 02:32:13,896 [INFO] [Scan:asymmetric_sniper] trades=0 | cache hits=7 miss=0 err=0 | positions=3
2026-03-29 02:32:54,471 [INFO] [Scan:liquidation_fade] trades=0 | cache hits=0 miss=7 err=0 | positions=3
2026-03-29 02:32:55,371 [INFO] [Scan:cvd_spike] trades=0 | cache hits=0 miss=7 err=0 | positions=3
2026-03-29 02:33:07,869 [INFO] [Heartbeat] equity=$4587.19 | daily=8.26% | pos=3 | notional=$11243.28 | kill=False
2026-03-29 02:33:11,116 [INFO] [SUI] ASYMMETRIC SNIPER -> SHORT | z=2.30 strength=-3.576
2026-03-29 02:33:11,531 [INFO] [Leverage] SUI set to 5x (isolated)
2026-03-29 02:33:32,930 [INFO] [WaitFill] SUI timeout (20.0s), cancelling
2026-03-29 02:33:33,248 [INFO] [Scan:asymmetric_sniper] trades=0 | cache hits=7 miss=1 err=0 | positions=3
2026-03-29 02:33:51,314 [INFO] [Scan:liquidation_fade] trades=0 | cache hits=7 miss=0 err=0 | positions=3
2026-03-29 02:33:54,639 [INFO] [Scan:cvd_spike] trades=0 | cache hits=0 miss=7 err=0 | positions=3
2026-03-29 02:34:04,708 [INFO] [Heartbeat] equity=$4587.19 | daily=8.26% | pos=3 | notional=$11243.28 | kill=False
2026-03-29 02:34:30,488 [INFO] [Scan:asymmetric_sniper] trades=0 | cache hits=7 miss=0 err=0 | positions=3
2026-03-29 02:34:49,032 [INFO] [SUI] LIQ CASCADE → LONG | OI_drop=1.68σ taker=2.4x move=-0.686%
2026-03-29 02:34:49,491 [INFO] [Leverage] SUI set to 5x (isolated)
2026-03-29 02:34:51,779 [INFO] [Scan:cvd_spike] trades=0 | cache hits=7 miss=9 err=0 | positions=3
2026-03-29 02:35:01,515 [INFO] [Heartbeat] equity=$4587.19 | daily=8.26% | pos=3 | notional=$11243.28 | kill=False
2026-03-29 02:35:10,770 [INFO] [WaitFill] SUI timeout (20.0s), cancelling
2026-03-29 02:35:10,865 [INFO] [Scan:liquidation_fade] trades=0 | cache hits=0 miss=0 err=0 | positions=3
2026-03-29 02:35:30,042 [INFO] [Scan:asymmetric_sniper] trades=0 | cache hits=0 miss=7 err=0 | positions=3
2026-03-29 02:35:48,607 [INFO] [Scan:cvd_spike] trades=0 | cache hits=7 miss=0 err=0 | positions=3
2026-03-29 02:35:59,917 [INFO] [Heartbeat] equity=$4587.19 | daily=8.26% | pos=3 | notional=$11243.28 | kill=False
2026-03-29 02:36:08,577 [INFO] [SUI] LIQ CASCADE → LONG | OI_drop=1.50σ taker=2.5x move=-0.596%
2026-03-29 02:36:08,800 [INFO] [SUI] Filter rejected: atr_low: 0.000436 < P10=0.001064
2026-03-29 02:36:08,800 [ERROR] [liquidation_fade] tick error: 'Signal' object has no attribute 'strength'
Traceback (most recent call last):
  File "/home/wlsry/ru_trading_newest/src/strategies/base.py", line 160, in tick
    result = await self._try_execute(sig)
             ^^^^^^^^^^^^^^^^^^^^^^^^^^^^
  File "/home/wlsry/ru_trading_newest/src/strategies/base.py", line 200, in _try_execute
    signal_strength=signal.strength, signal_confidence=signal.confidence,
                    ^^^^^^^^^^^^^^^
AttributeError: 'Signal' object has no attribute 'strength'
2026-03-29 02:36:08,801 [INFO] [Scan:liquidation_fade] trades=0 | cache hits=0 miss=9 err=0 | positions=3
2026-03-29 02:36:29,651 [INFO] [Scan:asymmetric_sniper] trades=0 | cache hits=0 miss=7 err=0 | positions=3
2026-03-29 02:36:45,404 [INFO] [Scan:cvd_spike] trades=0 | cache hits=7 miss=0 err=0 | positions=3
2026-03-29 02:36:56,701 [INFO] [Heartbeat] equity=$4587.19 | daily=8.26% | pos=3 | notional=$11243.28 | kill=False
2026-03-29 02:37:05,554 [INFO] [SUI] LIQ CASCADE → LONG | OI_drop=1.50σ taker=2.5x move=-0.596%
2026-03-29 02:37:05,749 [INFO] [SUI] Filter rejected: atr_low: 0.000436 < P10=0.001064
2026-03-29 02:37:05,750 [ERROR] [liquidation_fade] tick error: 'Signal' object has no attribute 'strength'
Traceback (most recent call last):
  File "/home/wlsry/ru_trading_newest/src/strategies/base.py", line 160, in tick
    result = await self._try_execute(sig)
             ^^^^^^^^^^^^^^^^^^^^^^^^^^^^
  File "/home/wlsry/ru_trading_newest/src/strategies/base.py", line 200, in _try_execute
    signal_strength=signal.strength, signal_confidence=signal.confidence,
                    ^^^^^^^^^^^^^^^
AttributeError: 'Signal' object has no attribute 'strength'
2026-03-29 02:37:05,757 [INFO] [Scan:liquidation_fade] trades=0 | cache hits=9 miss=0 err=0 | positions=3
2026-03-29 02:37:26,994 [INFO] [Scan:asymmetric_sniper] trades=0 | cache hits=7 miss=1 err=0 | positions=3
2026-03-29 02:37:43,029 [INFO] [Scan:cvd_spike] trades=0 | cache hits=1 miss=7 err=0 | positions=3
2026-03-29 02:37:53,526 [INFO] [Heartbeat] equity=$4587.19 | daily=8.26% | pos=3 | notional=$11243.28 | kill=False
2026-03-29 02:37:53,813 [INFO] [CoinSelect] Volatility top 30 → 3 passed safety filter | rejected: 0
2026-03-29 02:37:53,813 [INFO]   ✓ SOL    vol%= 0.00% vol=$      0M spread= 0.0bps $0.0000
2026-03-29 02:37:53,813 [INFO]   ✓ AVAX   vol%= 0.00% vol=$      0M spread= 0.0bps $0.0000
2026-03-29 02:37:53,813 [INFO]   ✓ ARB    vol%= 0.00% vol=$      0M spread= 0.0bps $0.0000
2026-03-29 02:37:53,813 [INFO] [CoinRefresh] 11 coins active (base=13 + selective=0) | +{} -{}
2026-03-29 02:38:05,501 [INFO] [Scan:liquidation_fade] trades=0 | cache hits=0 miss=8 err=0 | positions=3
2026-03-29 02:38:24,292 [INFO] [Scan:asymmetric_sniper] trades=0 | cache hits=8 miss=0 err=0 | positions=3
2026-03-29 02:38:39,966 [INFO] [Scan:cvd_spike] trades=0 | cache hits=7 miss=1 err=0 | positions=3
2026-03-29 02:38:50,360 [INFO] [Heartbeat] equity=$4587.19 | daily=8.26% | pos=3 | notional=$11243.28 | kill=False
2026-03-29 02:39:04,756 [INFO] [Scan:liquidation_fade] trades=0 | cache hits=0 miss=8 err=0 | positions=3
2026-03-29 02:39:22,111 [INFO] [ETH] ASYMMETRIC SNIPER -> SHORT | z=2.35 strength=-0.422
2026-03-29 02:39:22,701 [INFO] [Leverage] ETH set to 5x (isolated)
2026-03-29 02:39:31,980 [INFO] [CoinSelect] Volatility top 30 → 0 passed safety filter | rejected: 0
2026-03-29 02:39:37,249 [INFO] [Scan:cvd_spike] trades=0 | cache hits=9 miss=17 err=0 | positions=3
2026-03-29 02:39:38,111 [INFO] [SignalScan] 11 coins | 11 candidates
2026-03-29 02:39:43,203 [INFO] [WaitFill] ETH timeout (20.0s), cancelling
2026-03-29 02:39:43,511 [INFO] [Scan:asymmetric_sniper] trades=0 | cache hits=0 miss=2 err=0 | positions=3
2026-03-29 02:39:47,169 [INFO] [Heartbeat] equity=$4587.19 | daily=8.26% | pos=3 | notional=$11243.28 | kill=False
2026-03-29 02:40:01,556 [INFO] [Scan:liquidation_fade] trades=0 | cache hits=8 miss=0 err=0 | positions=3
2026-03-29 02:40:36,409 [INFO] [Scan:cvd_spike] trades=0 | cache hits=0 miss=8 err=0 | positions=3
2026-03-29 02:40:40,781 [INFO] [Scan:asymmetric_sniper] trades=0 | cache hits=8 miss=0 err=0 | positions=3
2026-03-29 02:40:43,912 [INFO] [Heartbeat] equity=$4587.19 | daily=8.26% | pos=3 | notional=$11243.28 | kill=False
2026-03-29 02:40:59,107 [INFO] [Scan:liquidation_fade] trades=0 | cache hits=0 miss=8 err=0 | positions=3
2026-03-29 02:41:33,238 [INFO] [Scan:cvd_spike] trades=0 | cache hits=8 miss=0 err=0 | positions=3
2026-03-29 02:41:40,468 [INFO] [Scan:asymmetric_sniper] trades=0 | cache hits=0 miss=8 err=0 | positions=3
2026-03-29 02:41:40,731 [INFO] [Heartbeat] equity=$4587.19 | daily=8.26% | pos=3 | notional=$11243.28 | kill=False
2026-03-29 02:41:55,925 [INFO] [Scan:liquidation_fade] trades=0 | cache hits=8 miss=0 err=0 | positions=3
2026-03-29 02:42:30,039 [INFO] [Scan:cvd_spike] trades=0 | cache hits=8 miss=0 err=0 | positions=3
2026-03-29 02:42:39,117 [INFO] [Heartbeat] equity=$4587.19 | daily=8.26% | pos=3 | notional=$11243.28 | kill=False
2026-03-29 02:42:40,133 [INFO] [Scan:asymmetric_sniper] trades=0 | cache hits=0 miss=8 err=0 | positions=3
2026-03-29 02:42:53,516 [INFO] [Scan:liquidation_fade] trades=0 | cache hits=0 miss=8 err=0 | positions=3
2026-03-29 02:43:26,869 [INFO] [Scan:cvd_spike] trades=0 | cache hits=8 miss=0 err=0 | positions=3
2026-03-29 02:43:35,914 [INFO] [Heartbeat] equity=$4587.19 | daily=8.26% | pos=3 | notional=$11243.28 | kill=False
2026-03-29 02:43:37,433 [INFO] [Scan:asymmetric_sniper] trades=0 | cache hits=8 miss=0 err=0 | positions=3
2026-03-29 02:43:50,323 [INFO] [Scan:liquidation_fade] trades=0 | cache hits=8 miss=0 err=0 | positions=3
2026-03-29 02:44:24,472 [INFO] [Scan:cvd_spike] trades=0 | cache hits=0 miss=8 err=0 | positions=3
2026-03-29 02:44:32,727 [INFO] [Heartbeat] equity=$4587.19 | daily=8.26% | pos=3 | notional=$11243.28 | kill=False
2026-03-29 02:44:34,747 [INFO] [Scan:asymmetric_sniper] trades=0 | cache hits=8 miss=0 err=0 | positions=3
2026-03-29 02:44:47,923 [INFO] [Scan:liquidation_fade] trades=0 | cache hits=0 miss=8 err=0 | positions=3
2026-03-29 02:45:21,287 [INFO] [Scan:cvd_spike] trades=0 | cache hits=8 miss=0 err=0 | positions=3
2026-03-29 02:45:29,550 [INFO] [Heartbeat] equity=$4587.19 | daily=8.26% | pos=3 | notional=$11243.28 | kill=False
2026-03-29 02:45:32,837 [INFO] [Scan:asymmetric_sniper] trades=0 | cache hits=0 miss=8 err=0 | positions=3
2026-03-29 02:45:47,140 [INFO] [Scan:liquidation_fade] trades=0 | cache hits=0 miss=8 err=0 | positions=3
2026-03-29 02:46:18,092 [INFO] [Scan:cvd_spike] trades=0 | cache hits=8 miss=0 err=0 | positions=3
2026-03-29 02:46:26,355 [INFO] [Heartbeat] equity=$4587.19 | daily=8.26% | pos=3 | notional=$11243.28 | kill=False
2026-03-29 02:46:30,130 [INFO] [Scan:asymmetric_sniper] trades=0 | cache hits=8 miss=0 err=0 | positions=3
2026-03-29 02:46:46,418 [INFO] [Scan:liquidation_fade] trades=0 | cache hits=0 miss=8 err=0 | positions=3
2026-03-29 02:47:17,401 [INFO] [Scan:cvd_spike] trades=0 | cache hits=0 miss=8 err=0 | positions=3
2026-03-29 02:47:20,596 [INFO] [MonitorV2] AVAX TP HIT: 8.8600 vs 8.8611
2026-03-29 02:47:20,910 [INFO] [Cancel] AVAX order already gone
2026-03-29 02:47:20,910 [INFO] [MonitorV2] AVAX exchange SL order cancelled
2026-03-29 02:47:21,009 [ERROR] [MKT_CLOSE] AVAX BUY failed: binanceusdm {"code":-2022,"msg":"ReduceOnly Order is rejected."}
2026-03-29 02:47:21,009 [INFO] [PortRisk] liquidation_fade PnL: +33.3804 | equity: 4620.57 | daily: 7.59%
2026-03-29 02:47:21,257 [WARNING] [TradeLog] No pending context for liquidation_fade:AVAX
2026-03-29 02:47:21,258 [INFO] [MultiPos] Removed liquidation_fade:AVAX
2026-03-29 02:47:21,258 [INFO] [Close] ✅ liquidation_fade:AVAX TP_HIT | PnL=+40.0832 net=+33.3804 fee=6.7028 | entry=8.9570 exit=8.8600 | bars=89 | mfe=1.08% mae=-0.06%
2026-03-29 02:47:23,169 [INFO] [Heartbeat] equity=$4620.57 | daily=7.59% | pos=2 | notional=$7499.26 | kill=False
2026-03-29 02:47:27,363 [INFO] [DOT] ASYMMETRIC SNIPER -> LONG | z=-2.69 strength=318.306
2026-03-29 02:47:27,870 [INFO] [Leverage] DOT set to 5x (isolated)
2026-03-29 02:47:43,234 [INFO] [Scan:liquidation_fade] trades=0 | cache hits=16 miss=2 err=0 | positions=2
2026-03-29 02:47:48,700 [INFO] [WaitFill] DOT timeout (20.0s), cancelling
2026-03-29 02:47:49,003 [INFO] [Scan:asymmetric_sniper] trades=0 | cache hits=0 miss=0 err=0 | positions=2
2026-03-29 02:48:14,324 [INFO] [Scan:cvd_spike] trades=0 | cache hits=8 miss=0 err=0 | positions=2
2026-03-29 02:48:19,979 [INFO] [Heartbeat] equity=$4620.57 | daily=7.59% | pos=2 | notional=$7499.26 | kill=False
2026-03-29 02:48:40,850 [INFO] [Scan:liquidation_fade] trades=0 | cache hits=0 miss=8 err=0 | positions=2
2026-03-29 02:48:46,765 [INFO] [XRP] ASYMMETRIC SNIPER -> SHORT | z=3.91 strength=-1.231
2026-03-29 02:48:47,708 [ERROR] [Entry] XRP SELL failed: binanceusdm {"code":-1021,"msg":"Timestamp for this request was 1000ms ahead of the server's time."}
2026-03-29 02:48:47,708 [INFO] [Scan:asymmetric_sniper] trades=0 | cache hits=0 miss=9 err=0 | positions=2
2026-03-29 02:49:11,238 [INFO] [Scan:cvd_spike] trades=0 | cache hits=8 miss=0 err=0 | positions=2
2026-03-29 02:49:18,373 [INFO] [Heartbeat] equity=$4620.57 | daily=7.59% | pos=2 | notional=$7499.26 | kill=False
2026-03-29 02:49:37,636 [INFO] [Scan:liquidation_fade] trades=0 | cache hits=8 miss=0 err=0 | positions=2
2026-03-29 02:49:45,554 [INFO] [Scan:asymmetric_sniper] trades=0 | cache hits=2 miss=6 err=0 | positions=2
2026-03-29 02:50:08,283 [INFO] [Scan:cvd_spike] trades=0 | cache hits=6 miss=2 err=0 | positions=2
2026-03-29 02:50:15,165 [INFO] [Heartbeat] equity=$4620.57 | daily=7.59% | pos=2 | notional=$7499.26 | kill=False
2026-03-29 02:50:35,270 [INFO] [Scan:liquidation_fade] trades=0 | cache hits=0 miss=8 err=0 | positions=2
2026-03-29 02:50:42,898 [INFO] [Scan:asymmetric_sniper] trades=0 | cache hits=8 miss=0 err=0 | positions=2
2026-03-29 02:51:05,877 [INFO] [Scan:cvd_spike] trades=0 | cache hits=2 miss=6 err=0 | positions=2
2026-03-29 02:51:11,958 [INFO] [Heartbeat] equity=$4620.57 | daily=7.59% | pos=2 | notional=$7499.26 | kill=False
2026-03-29 02:51:32,045 [INFO] [Scan:liquidation_fade] trades=0 | cache hits=8 miss=0 err=0 | positions=2
2026-03-29 02:51:40,364 [INFO] [Scan:asymmetric_sniper] trades=0 | cache hits=6 miss=2 err=0 | positions=2
2026-03-29 02:52:02,799 [INFO] [Scan:cvd_spike] trades=0 | cache hits=8 miss=0 err=0 | positions=2
2026-03-29 02:52:07,960 [INFO] [EVGuardian] momentum_breakout: EV=0.0000% tp_rate=0.0% n=7 ok
2026-03-29 02:52:07,960 [INFO] [EVGuardian] cvd_spike: EV=0.0000% tp_rate=0.0% n=66 ok
2026-03-29 02:52:07,960 [INFO] [EVGuardian] asymmetric_sniper: EV=0.0000% tp_rate=0.0% n=26 ok
2026-03-29 02:52:07,960 [INFO] [EVGuardian] liquidation_fade: EV=0.0000% tp_rate=0.0% n=25 ok
2026-03-29 02:52:08,775 [INFO] [Heartbeat] equity=$4620.57 | daily=7.59% | pos=2 | notional=$7499.26 | kill=False
2026-03-29 02:52:09,013 [INFO] [CoinSelect] Volatility top 30 → 2 passed safety filter | rejected: 0
2026-03-29 02:52:09,013 [INFO]   ✓ SOL    vol%= 0.00% vol=$      0M spread= 0.0bps $0.0000
2026-03-29 02:52:09,014 [INFO]   ✓ ARB    vol%= 0.00% vol=$      0M spread= 0.0bps $0.0000
2026-03-29 02:52:09,014 [INFO] [CoinRefresh] 11 coins active (base=13 + selective=0) | +{} -{}
2026-03-29 02:52:29,678 [INFO] [Scan:liquidation_fade] trades=0 | cache hits=0 miss=8 err=0 | positions=2
2026-03-29 02:52:38,313 [INFO] [Scan:asymmetric_sniper] trades=0 | cache hits=2 miss=6 err=0 | positions=2
2026-03-29 02:52:59,895 [INFO] [Scan:cvd_spike] trades=0 | cache hits=6 miss=2 err=0 | positions=2
2026-03-29 02:53:05,647 [INFO] [Heartbeat] equity=$4620.57 | daily=7.59% | pos=2 | notional=$7499.26 | kill=False
2026-03-29 02:53:28,908 [INFO] [Scan:liquidation_fade] trades=0 | cache hits=0 miss=8 err=0 | positions=2
2026-03-29 02:53:35,626 [INFO] [Scan:asymmetric_sniper] trades=0 | cache hits=8 miss=0 err=0 | positions=2
2026-03-29 02:53:54,902 [INFO] [CoinSelect] Volatility top 30 → 0 passed safety filter | rejected: 0
2026-03-29 02:53:59,588 [INFO] [Scan:cvd_spike] trades=0 | cache hits=0 miss=14 err=0 | positions=2
2026-03-29 02:53:59,722 [INFO] [SignalScan] 11 coins | 10 candidates
2026-03-29 02:54:02,431 [INFO] [Heartbeat] equity=$4620.57 | daily=7.59% | pos=2 | notional=$7499.26 | kill=False
2026-03-29 02:54:25,667 [INFO] [Scan:liquidation_fade] trades=0 | cache hits=8 miss=5 err=0 | positions=2
2026-03-29 02:54:32,872 [INFO] [Scan:asymmetric_sniper] trades=0 | cache hits=8 miss=0 err=0 | positions=2
2026-03-29 02:54:56,359 [INFO] [Scan:cvd_spike] trades=0 | cache hits=8 miss=0 err=0 | positions=2
2026-03-29 02:55:00,810 [INFO] [Heartbeat] equity=$4620.57 | daily=7.59% | pos=2 | notional=$7499.26 | kill=False
2026-03-29 02:55:23,270 [INFO] [Scan:liquidation_fade] trades=0 | cache hits=0 miss=8 err=0 | positions=2
2026-03-29 02:55:32,582 [INFO] [Scan:asymmetric_sniper] trades=0 | cache hits=0 miss=8 err=0 | positions=2
2026-03-29 02:55:53,275 [INFO] [Scan:cvd_spike] trades=0 | cache hits=8 miss=0 err=0 | positions=2
2026-03-29 02:55:57,613 [INFO] [Heartbeat] equity=$4620.57 | daily=7.59% | pos=2 | notional=$7499.26 | kill=False
2026-03-29 02:56:20,063 [INFO] [Scan:liquidation_fade] trades=0 | cache hits=8 miss=0 err=0 | positions=2
2026-03-29 02:56:29,827 [INFO] [Scan:asymmetric_sniper] trades=0 | cache hits=8 miss=0 err=0 | positions=2
2026-03-29 02:56:50,445 [INFO] [Scan:cvd_spike] trades=0 | cache hits=0 miss=8 err=0 | positions=2
2026-03-29 02:56:53,932 [INFO] [Heartbeat] equity=$4620.57 | daily=7.59% | pos=2 | notional=$7499.26 | kill=False
2026-03-29 02:57:18,577 [INFO] [Scan:liquidation_fade] trades=0 | cache hits=0 miss=8 err=0 | positions=2
2026-03-29 02:57:26,374 [INFO] [DOT] ASYMMETRIC SNIPER -> SHORT | z=3.60 strength=-2.037
2026-03-29 02:57:26,887 [INFO] [Leverage] DOT set to 5x (isolated)
2026-03-29 02:57:27,079 [WARNING] [Entry] DOT Post-Only FAILED, fallback to limit: binanceusdm {"code":-5022,"msg":"Due to the order could not be executed as maker, the Post Only order will be rejected. The order will not be recorded in the order history"}
2026-03-29 02:57:30,482 [INFO] [MultiPos] Added asymmetric_sniper:DOT: SELL DOT @ 1.28
2026-03-29 02:57:31,795 [ERROR] [SL] DOT BUY @ 1.289 failed: binanceusdm {"code":-4509,"msg":"Time in Force (TIF) GTE can only be used with open positions. Please ensure that positions are available."}
2026-03-29 02:57:32,953 [ERROR] [SL] DOT BUY @ 1.289 failed: binanceusdm {"code":-4509,"msg":"Time in Force (TIF) GTE can only be used with open positions. Please ensure that positions are available."}
2026-03-29 02:57:34,085 [ERROR] [SL] DOT BUY @ 1.289 failed: binanceusdm {"code":-4509,"msg":"Time in Force (TIF) GTE can only be used with open positions. Please ensure that positions are available."}
2026-03-29 02:57:34,472 [ERROR] [SL] DOT BUY @ 1.289 failed: binanceusdm {"code":-4509,"msg":"Time in Force (TIF) GTE can only be used with open positions. Please ensure that positions are available."}
2026-03-29 02:57:34,473 [WARNING] [MonitorV2] DOT no exchange position (-4509) — closing ghost position from tracker
2026-03-29 02:57:34,473 [INFO] [MultiPos] Removed asymmetric_sniper:DOT
2026-03-29 02:57:34,473 [INFO] [Close] 👻 asymmetric_sniper:DOT GHOST_CLEANUP — removed stale tracker entry (was never on exchange)
2026-03-29 02:57:35,191 [ERROR] [SL] DOT BUY @ 1.289 failed: binanceusdm {"code":-4509,"msg":"Time in Force (TIF) GTE can only be used with open positions. Please ensure that positions are available."}
2026-03-29 02:57:36,337 [ERROR] [SL] DOT BUY @ 1.289 failed: binanceusdm {"code":-4509,"msg":"Time in Force (TIF) GTE can only be used with open positions. Please ensure that positions are available."}
2026-03-29 02:57:36,339 [ERROR] [SL_FAIL_CRITICAL] DOT SL 5회 실패 → 강제청산 (err: binanceusdm {"code":-4509,"msg":"Time in Force (TIF) GTE can only be used with open positions. Please ensure that positions are available."})
2026-03-29 02:57:36,437 [ERROR] [MKT_CLOSE] DOT BUY failed: binanceusdm {"code":-2022,"msg":"ReduceOnly Order is rejected."}
2026-03-29 02:57:36,438 [INFO] [Scan:asymmetric_sniper] trades=0 | cache hits=8 miss=1 err=0 | positions=2
2026-03-29 02:57:50,123 [INFO] [Scan:cvd_spike] trades=0 | cache hits=0 miss=8 err=0 | positions=2
2026-03-29 02:57:50,807 [INFO] [Heartbeat] equity=$4620.57 | daily=7.59% | pos=2 | notional=$7499.26 | kill=False
2026-03-29 02:58:15,454 [INFO] [Scan:liquidation_fade] trades=0 | cache hits=8 miss=0 err=0 | positions=2
2026-03-29 02:58:33,610 [INFO] [BNB] ASYMMETRIC SNIPER -> SHORT | z=2.25 strength=-0.642
2026-03-29 02:58:33,670 [INFO] [DOT] ASYMMETRIC SNIPER -> SHORT | z=3.60 strength=-2.037
2026-03-29 02:58:34,139 [INFO] [Leverage] BNB set to 5x (isolated)
2026-03-29 02:58:34,342 [WARNING] [Entry] BNB Post-Only FAILED, fallback to limit: binanceusdm {"code":-5022,"msg":"Due to the order could not be executed as maker, the Post Only order will be rejected. The order will not be recorded in the order history"}
2026-03-29 02:58:37,338 [INFO] [MultiPos] Added asymmetric_sniper:BNB: SELL BNB @ 616.15
2026-03-29 02:58:37,338 [INFO] [BNB] 신규 종목 — SL/TP 등록 전 3.0s 대기 (margin mode 전파 대기)
2026-03-29 02:58:40,674 [INFO] [BNB] Exchange SL registered @ 620.2577
2026-03-29 02:58:40,780 [INFO] [BNB] Exchange TP registered @ 602.7179
2026-03-29 02:58:40,780 [INFO] [TradeLog] Entry skeleton saved: asymmetric_sniper_BNB_0328_175840_0003
2026-03-29 02:58:41,265 [INFO] [TradeLog] Entry enriched: asymmetric_sniper_BNB_0328_175840_0003
2026-03-29 02:58:41,266 [INFO] [BNB] ENTRY SELL @ 616.1500 | qty=7.3 | SL=620.2577(-0.67%) | TP=602.7179(+2.18%) | risk=$29.99 | notional=$4500.00 | fee≈$8.100(0.180%) | trade #3 today
2026-03-29 02:58:41,268 [INFO] [Scan:asymmetric_sniper] trades=1 | cache hits=8 miss=4 err=0 | positions=3
2026-03-29 02:58:41,269 [INFO] [asymmetric_sniper] TRADE: {'strategy': 'asymmetric_sniper', 'coin': 'BNB', 'side': 'SELL', 'price': 616.15, 'qty': 7.3, 'sl': 620.2576666666666, 'tp': 602.71793, 'trailing': True, 'risk_usdt': 29.985966666666616, 'rr_estimate': 0.031161243203760756}
2026-03-29 02:58:47,057 [INFO] [Scan:cvd_spike] trades=0 | cache hits=7 miss=0 err=0 | positions=3
2026-03-29 02:58:47,809 [ERROR] [SL] BNB BUY @ 620.26 failed: binanceusdm {"code":-1021,"msg":"Timestamp for this request was 1000ms ahead of the server's time."}
2026-03-29 02:58:48,407 [ERROR] [SL] BNB BUY @ 620.26 failed: binanceusdm {"code":-1021,"msg":"Timestamp for this request was 1000ms ahead of the server's time."}
2026-03-29 02:58:49,018 [ERROR] [SL] BNB BUY @ 620.26 failed: binanceusdm {"code":-1021,"msg":"Timestamp for this request was 1000ms ahead of the server's time."}
2026-03-29 02:58:49,018 [ERROR] [SL_FAIL] [Trail] BNB new SL placement failed 3x: binanceusdm {"code":-1021,"msg":"Timestamp for this request was 1000ms ahead of the server's time."} — keeping OLD SL, software SL @ 620.2577
2026-03-29 02:58:49,223 [INFO] [Heartbeat] equity=$4620.57 | daily=7.59% | pos=3 | notional=$11997.15 | kill=False
2026-03-29 02:59:12,995 [INFO] [Scan:liquidation_fade] trades=0 | cache hits=0 miss=7 err=0 | positions=3
2026-03-29 02:59:38,269 [INFO] [Scan:asymmetric_sniper] trades=0 | cache hits=0 miss=0 err=0 | positions=3
2026-03-29 02:59:44,256 [ERROR] [DataHub] OHLCV fetch failed ETH/1m: binanceusdm 429 Too Many Requests {"code":-1003,"msg":"Too many requests; current limit of IP(15.158.3.46) is 6000 requests per minute. Please use the websocket for live updates to avoid polling the API."}
2026-03-29 02:59:44,661 [INFO] [Scan:cvd_spike] trades=0 | cache hits=0 miss=6 err=1 | positions=3
2026-03-29 02:59:46,027 [INFO] [Heartbeat] equity=$4620.57 | daily=7.59% | pos=3 | notional=$11997.15 | kill=False
2026-03-29 03:00:09,764 [INFO] [Scan:liquidation_fade] trades=0 | cache hits=7 miss=0 err=0 | positions=3
2026-03-29 03:00:35,069 [INFO] [Scan:asymmetric_sniper] trades=0 | cache hits=0 miss=0 err=0 | positions=3
2026-03-29 03:00:41,638 [INFO] [Scan:cvd_spike] trades=0 | cache hits=6 miss=1 err=0 | positions=3
2026-03-29 03:00:42,828 [INFO] [Heartbeat] equity=$4620.57 | daily=7.59% | pos=3 | notional=$11997.15 | kill=False
2026-03-29 03:01:07,307 [INFO] [Scan:liquidation_fade] trades=0 | cache hits=0 miss=7 err=0 | positions=3
2026-03-29 03:01:31,904 [INFO] [Scan:asymmetric_sniper] trades=0 | cache hits=0 miss=0 err=0 | positions=3
2026-03-29 03:01:39,107 [INFO] [Scan:cvd_spike] trades=0 | cache hits=1 miss=6 err=0 | positions=3
2026-03-29 03:01:39,646 [INFO] [Heartbeat] equity=$4620.57 | daily=7.59% | pos=3 | notional=$11997.15 | kill=False
2026-03-29 03:02:04,136 [INFO] [Scan:liquidation_fade] trades=0 | cache hits=7 miss=0 err=0 | positions=3
2026-03-29 03:02:29,429 [INFO] [Scan:asymmetric_sniper] trades=0 | cache hits=6 miss=2 err=0 | positions=3
2026-03-29 03:02:35,944 [INFO] [Scan:cvd_spike] trades=0 | cache hits=8 miss=0 err=0 | positions=3
2026-03-29 03:02:36,458 [INFO] [Heartbeat] equity=$4620.57 | daily=7.59% | pos=3 | notional=$11997.15 | kill=False
2026-03-29 03:02:41,993 [INFO] [MonitorV2] BNB EARLY EXIT: zero MFE after 5 bars (favorable=0.0146%)
2026-03-29 03:02:42,318 [INFO] [Cancel] BNB algo order cancelled: 1000000036461794
2026-03-29 03:02:42,318 [INFO] [MonitorV2] BNB exchange SL order cancelled
2026-03-29 03:02:42,622 [INFO] [Cancel] BNB algo order cancelled: 1000000036461798
2026-03-29 03:02:42,622 [INFO] [MonitorV2] BNB exchange TP order cancelled
2026-03-29 03:02:42,728 [INFO] [PortRisk] asymmetric_sniper PnL: -8.3885 | equity: 4612.18 | daily: 7.76%
2026-03-29 03:02:43,074 [INFO] [TradeLog] asymmetric_sniper_BNB_0328_175840_0003 closed: pnl=-0.01% net=-0.1865% fee=8.0965$ drag=0.180% reason=EARLY_EXIT_NO_MFE bars=5 mfe=0.01% mae=-0.01% mfe/trail=0.70 btc=BEAR vs_btc=ALIGNED
2026-03-29 03:02:43,075 [INFO] [MultiPos] Removed asymmetric_sniper:BNB
2026-03-29 03:02:43,075 [INFO] [Close] ❌ asymmetric_sniper:BNB EARLY_EXIT_NO_MFE | PnL=-0.2920 net=-8.3885 fee=8.0965 | entry=616.1500 exit=616.1900 | bars=5 | mfe=0.01% mae=-0.01%
2026-03-29 03:03:01,759 [INFO] [Scan:liquidation_fade] trades=0 | cache hits=0 miss=9 err=0 | positions=2
2026-03-29 03:03:29,219 [INFO] [Scan:asymmetric_sniper] trades=0 | cache hits=0 miss=8 err=0 | positions=2
2026-03-29 03:03:32,762 [INFO] [Scan:cvd_spike] trades=0 | cache hits=8 miss=0 err=0 | positions=2
2026-03-29 03:03:33,229 [INFO] [Heartbeat] equity=$4612.18 | daily=7.76% | pos=2 | notional=$7499.26 | kill=False
2026-03-29 03:04:00,988 [INFO] [Scan:liquidation_fade] trades=0 | cache hits=0 miss=8 err=0 | positions=2
2026-03-29 03:04:26,605 [INFO] [Scan:asymmetric_sniper] trades=0 | cache hits=7 miss=1 err=0 | positions=2
2026-03-29 03:04:31,621 [INFO] [Heartbeat] equity=$4612.18 | daily=7.76% | pos=2 | notional=$7499.26 | kill=False
2026-03-29 03:04:31,910 [INFO] [Scan:cvd_spike] trades=0 | cache hits=1 miss=7 err=0 | positions=2
2026-03-29 03:04:57,788 [INFO] [Scan:liquidation_fade] trades=0 | cache hits=8 miss=0 err=0 | positions=2
2026-03-29 03:05:23,852 [INFO] [Scan:asymmetric_sniper] trades=0 | cache hits=8 miss=0 err=0 | positions=2
2026-03-29 03:05:28,384 [INFO] [Heartbeat] equity=$4612.18 | daily=7.76% | pos=2 | notional=$7499.26 | kill=False
2026-03-29 03:05:28,806 [INFO] [Scan:cvd_spike] trades=0 | cache hits=7 miss=1 err=0 | positions=2
2026-03-29 03:05:55,330 [INFO] [Scan:liquidation_fade] trades=0 | cache hits=0 miss=8 err=0 | positions=2
2026-03-29 03:06:21,920 [INFO] [Scan:asymmetric_sniper] trades=0 | cache hits=1 miss=7 err=0 | positions=2
2026-03-29 03:06:25,189 [INFO] [Heartbeat] equity=$4612.18 | daily=7.76% | pos=2 | notional=$7499.26 | kill=False
2026-03-29 03:06:25,307 [INFO] [CoinSelect] Volatility top 30 → 2 passed safety filter | rejected: 0
2026-03-29 03:06:25,307 [INFO]   ✓ SOL    vol%= 0.00% vol=$      0M spread= 0.0bps $0.0000
2026-03-29 03:06:25,307 [INFO]   ✓ ARB    vol%= 0.00% vol=$      0M spread= 0.0bps $0.0000
2026-03-29 03:06:25,307 [INFO] [CoinRefresh] 11 coins active (base=13 + selective=0) | +{} -{}
2026-03-29 03:06:25,637 [INFO] [Scan:cvd_spike] trades=0 | cache hits=8 miss=0 err=0 | positions=2
2026-03-29 03:06:52,175 [INFO] [Scan:liquidation_fade] trades=0 | cache hits=8 miss=0 err=0 | positions=2
2026-03-29 03:07:19,280 [INFO] [Scan:asymmetric_sniper] trades=0 | cache hits=7 miss=1 err=0 | positions=2
2026-03-29 03:07:21,991 [INFO] [Heartbeat] equity=$4612.18 | daily=7.76% | pos=2 | notional=$7499.26 | kill=False
2026-03-29 03:07:23,249 [INFO] [Scan:cvd_spike] trades=0 | cache hits=1 miss=7 err=0 | positions=2
2026-03-29 03:07:49,806 [INFO] [Scan:liquidation_fade] trades=0 | cache hits=0 miss=8 err=0 | positions=2
2026-03-29 03:08:15,942 [INFO] [CoinSelect] Volatility top 30 → 0 passed safety filter | rejected: 0
2026-03-29 03:08:18,630 [INFO] [Scan:asymmetric_sniper] trades=0 | cache hits=8 miss=1 err=0 | positions=2
2026-03-29 03:08:18,767 [INFO] [Heartbeat] equity=$4612.18 | daily=7.76% | pos=2 | notional=$7499.26 | kill=False
2026-03-29 03:08:20,500 [INFO] [Scan:cvd_spike] trades=0 | cache hits=7 miss=7 err=0 | positions=2
2026-03-29 03:08:21,940 [INFO] [SignalScan] 11 coins | 11 candidates
2026-03-29 03:08:46,568 [INFO] [Scan:liquidation_fade] trades=0 | cache hits=8 miss=4 err=0 | positions=2
2026-03-29 03:09:15,510 [INFO] [Heartbeat] equity=$4612.18 | daily=7.76% | pos=2 | notional=$7499.26 | kill=False
2026-03-29 03:09:16,597 [INFO] [Scan:asymmetric_sniper] trades=0 | cache hits=1 miss=7 err=0 | positions=2
2026-03-29 03:09:17,274 [INFO] [Scan:cvd_spike] trades=0 | cache hits=8 miss=0 err=0 | positions=2
2026-03-29 03:09:43,529 [ERROR] [DataHub] OHLCV fetch failed DOGE/5m: binanceusdm 429 Too Many Requests {"code":-1003,"msg":"Too many requests; current limit of IP(15.158.3.19) is 6000 requests per minute. Please use the websocket for live updates to avoid polling the API."}
2026-03-29 03:09:44,140 [INFO] [Scan:liquidation_fade] trades=0 | cache hits=0 miss=7 err=1 | positions=2
2026-03-29 03:10:12,315 [INFO] [Heartbeat] equity=$4612.18 | daily=7.76% | pos=2 | notional=$7499.26 | kill=False
2026-03-29 03:10:14,007 [INFO] [Scan:asymmetric_sniper] trades=0 | cache hits=7 miss=1 err=0 | positions=2
2026-03-29 03:10:14,697 [INFO] [Scan:cvd_spike] trades=0 | cache hits=2 miss=6 err=0 | positions=2
2026-03-29 03:10:43,359 [INFO] [Scan:liquidation_fade] trades=0 | cache hits=0 miss=8 err=0 | positions=2
2026-03-29 03:11:10,714 [INFO] [Heartbeat] equity=$4612.18 | daily=7.76% | pos=2 | notional=$7499.26 | kill=False
2026-03-29 03:11:13,299 [INFO] [Scan:asymmetric_sniper] trades=0 | cache hits=8 miss=4 err=0 | positions=2
2026-03-29 03:11:13,751 [INFO] [Scan:cvd_spike] trades=0 | cache hits=0 miss=4 err=0 | positions=2
2026-03-29 03:11:40,185 [INFO] [Scan:liquidation_fade] trades=0 | cache hits=8 miss=0 err=0 | positions=2
2026-03-29 03:12:07,499 [INFO] [Heartbeat] equity=$4612.18 | daily=7.76% | pos=2 | notional=$7499.26 | kill=False
2026-03-29 03:12:10,612 [INFO] [Scan:asymmetric_sniper] trades=0 | cache hits=15 miss=0 err=0 | positions=2
2026-03-29 03:12:10,772 [INFO] [Scan:cvd_spike] trades=0 | cache hits=0 miss=1 err=0 | positions=2
2026-03-29 03:12:37,859 [INFO] [Scan:liquidation_fade] trades=0 | cache hits=0 miss=8 err=0 | positions=2
2026-03-29 03:13:04,259 [INFO] [Heartbeat] equity=$4612.18 | daily=7.76% | pos=2 | notional=$7499.26 | kill=False
2026-03-29 03:13:08,133 [INFO] [Scan:cvd_spike] trades=0 | cache hits=9 miss=7 err=0 | positions=2
2026-03-29 03:13:08,569 [INFO] [Scan:asymmetric_sniper] trades=0 | cache hits=0 miss=0 err=0 | positions=2
2026-03-29 03:13:34,606 [INFO] [Scan:liquidation_fade] trades=0 | cache hits=8 miss=0 err=0 | positions=2
2026-03-29 03:14:01,049 [INFO] [Heartbeat] equity=$4612.18 | daily=7.76% | pos=2 | notional=$7499.26 | kill=False
2026-03-29 03:14:05,067 [INFO] [Scan:cvd_spike] trades=0 | cache hits=7 miss=1 err=0 | positions=2
2026-03-29 03:14:05,909 [INFO] [Scan:asymmetric_sniper] trades=0 | cache hits=8 miss=0 err=0 | positions=2
2026-03-29 03:14:09,099 [INFO] [MonitorV2] SOL TTL: 120/120
2026-03-29 03:14:09,429 [INFO] [Cancel] SOL order already gone
2026-03-29 03:14:09,430 [INFO] [MonitorV2] SOL exchange SL order cancelled
2026-03-29 03:14:09,754 [INFO] [Cancel] SOL order already gone
2026-03-29 03:14:09,755 [INFO] [MonitorV2] SOL exchange TP order cancelled
2026-03-29 03:14:09,855 [ERROR] [MKT_CLOSE] SOL BUY failed: binanceusdm {"code":-2022,"msg":"ReduceOnly Order is rejected."}
2026-03-29 03:14:09,855 [INFO] [PortRisk] liquidation_fade PnL: +17.3840 | equity: 4629.57 | daily: 7.41%
2026-03-29 03:14:10,099 [WARNING] [TradeLog] No pending context for liquidation_fade:SOL
2026-03-29 03:14:10,100 [INFO] [MultiPos] Removed liquidation_fade:SOL
2026-03-29 03:14:10,100 [INFO] [Close] ✅ liquidation_fade:SOL TIME_STOP | PnL=+24.1110 net=+17.3840 fee=6.7270 | entry=83.9700 exit=83.4300 | bars=120 | mfe=1.00% mae=-0.13%
2026-03-29 03:14:32,261 [INFO] [Scan:liquidation_fade] trades=0 | cache hits=0 miss=9 err=0 | positions=1
2026-03-29 03:14:57,864 [INFO] [Heartbeat] equity=$4629.57 | daily=7.41% | pos=1 | notional=$3750.00 | kill=False
2026-03-29 03:15:02,595 [INFO] [Scan:cvd_spike] trades=0 | cache hits=1 miss=7 err=0 | positions=1
2026-03-29 03:15:03,262 [INFO] [Scan:asymmetric_sniper] trades=0 | cache hits=8 miss=0 err=0 | positions=1
2026-03-29 03:15:29,057 [INFO] [Scan:liquidation_fade] trades=0 | cache hits=8 miss=0 err=0 | positions=1
2026-03-29 03:15:54,636 [INFO] [Heartbeat] equity=$4629.57 | daily=7.41% | pos=1 | notional=$3750.00 | kill=False
2026-03-29 03:15:59,526 [INFO] [Scan:cvd_spike] trades=0 | cache hits=7 miss=1 err=0 | positions=1
2026-03-29 03:16:00,655 [INFO] [Scan:asymmetric_sniper] trades=0 | cache hits=7 miss=1 err=0 | positions=1
2026-03-29 03:16:05,299 [INFO] [MonitorV2] ARB TTL: 120/120
2026-03-29 03:16:05,613 [INFO] [Cancel] ARB order already gone
2026-03-29 03:16:05,613 [INFO] [MonitorV2] ARB exchange SL order cancelled
2026-03-29 03:16:05,923 [INFO] [Cancel] ARB order already gone
2026-03-29 03:16:05,923 [INFO] [MonitorV2] ARB exchange TP order cancelled
2026-03-29 03:16:06,028 [ERROR] [MKT_CLOSE] ARB BUY failed: binanceusdm {"code":-2022,"msg":"ReduceOnly Order is rejected."}
2026-03-29 03:16:06,028 [INFO] [PortRisk] liquidation_fade PnL: -2.6658 | equity: 4626.90 | daily: 7.46%
2026-03-29 03:16:06,277 [WARNING] [TradeLog] No pending context for liquidation_fade:ARB
2026-03-29 03:16:06,277 [INFO] [MultiPos] Removed liquidation_fade:ARB
2026-03-29 03:16:06,277 [INFO] [Close] ❌ liquidation_fade:ARB TIME_STOP | PnL=+4.0805 net=-2.6658 fee=6.7463 | entry=0.0919 exit=0.0918 | bars=120 | mfe=0.44% mae=-0.33%
2026-03-29 03:16:26,641 [INFO] [Scan:liquidation_fade] trades=0 | cache hits=0 miss=9 err=0 | positions=0
2026-03-29 03:16:53,044 [INFO] [Heartbeat] equity=$4626.90 | daily=7.46% | pos=0 | notional=$0.00 | kill=False
2026-03-29 03:16:58,103 [INFO] [Scan:cvd_spike] trades=0 | cache hits=10 miss=6 err=0 | positions=0
2026-03-29 03:16:58,510 [INFO] [Scan:asymmetric_sniper] trades=0 | cache hits=0 miss=0 err=0 | positions=0
2026-03-29 03:17:25,850 [INFO] [Scan:liquidation_fade] trades=0 | cache hits=0 miss=8 err=0 | positions=0
2026-03-29 03:17:49,826 [INFO] [Heartbeat] equity=$4626.90 | daily=7.46% | pos=0 | notional=$0.00 | kill=False
2026-03-29 03:17:57,465 [INFO] [Scan:cvd_spike] trades=0 | cache hits=9 miss=9 err=0 | positions=0
2026-03-29 03:17:57,981 [INFO] [Scan:asymmetric_sniper] trades=0 | cache hits=0 miss=0 err=0 | positions=0
2026-03-29 03:18:22,797 [INFO] [Scan:liquidation_fade] trades=0 | cache hits=8 miss=1 err=0 | positions=0
2026-03-29 03:18:46,547 [INFO] [Heartbeat] equity=$4626.90 | daily=7.46% | pos=0 | notional=$0.00 | kill=False
2026-03-29 03:18:56,786 [INFO] [Scan:cvd_spike] trades=0 | cache hits=9 miss=9 err=0 | positions=0
2026-03-29 03:18:57,301 [INFO] [Scan:asymmetric_sniper] trades=0 | cache hits=0 miss=0 err=0 | positions=0
2026-03-29 03:19:20,323 [INFO] [Scan:liquidation_fade] trades=0 | cache hits=1 miss=8 err=0 | positions=0
2026-03-29 03:19:43,365 [INFO] [Heartbeat] equity=$4626.90 | daily=7.46% | pos=0 | notional=$0.00 | kill=False
2026-03-29 03:19:53,739 [INFO] [Scan:cvd_spike] trades=0 | cache hits=9 miss=0 err=0 | positions=0
2026-03-29 03:19:54,916 [INFO] [Scan:asymmetric_sniper] trades=0 | cache hits=7 miss=2 err=0 | positions=0
2026-03-29 03:20:17,393 [INFO] [Scan:liquidation_fade] trades=0 | cache hits=8 miss=1 err=0 | positions=0
2026-03-29 03:20:38,789 [INFO] [Analyzer] Analysis complete: 125 trades | PnL=-140.13 USDT | WR=33.6%
2026-03-29 03:20:38,790 [INFO] [Analysis] Report generated: 125 trades
2026-03-29 03:20:40,159 [INFO] [Heartbeat] equity=$4626.90 | daily=7.46% | pos=0 | notional=$0.00 | kill=False
2026-03-29 03:20:40,373 [INFO] [CoinSelect] Volatility top 30 → 0 passed safety filter | rejected: 0
2026-03-29 03:20:40,373 [INFO] [CoinRefresh] 11 coins active (base=13 + selective=0) | +{} -{}
2026-03-29 03:20:53,694 [INFO] [Scan:cvd_spike] trades=0 | cache hits=11 miss=7 err=0 | positions=0
2026-03-29 03:20:53,808 [INFO] [Scan:asymmetric_sniper] trades=0 | cache hits=0 miss=0 err=0 | positions=0
2026-03-29 03:21:14,989 [INFO] [Scan:liquidation_fade] trades=0 | cache hits=1 miss=8 err=0 | positions=0
2026-03-29 03:21:37,022 [INFO] [Heartbeat] equity=$4626.90 | daily=7.46% | pos=0 | notional=$0.00 | kill=False
2026-03-29 03:21:50,868 [INFO] [Scan:cvd_spike] trades=0 | cache hits=16 miss=2 err=0 | positions=0
2026-03-29 03:21:51,336 [INFO] [Scan:asymmetric_sniper] trades=0 | cache hits=0 miss=0 err=0 | positions=0
2026-03-29 03:22:11,894 [INFO] [Scan:liquidation_fade] trades=0 | cache hits=8 miss=1 err=0 | positions=0
2026-03-29 03:22:33,777 [INFO] [Heartbeat] equity=$4626.90 | daily=7.46% | pos=0 | notional=$0.00 | kill=False
2026-03-29 03:22:36,987 [INFO] [CoinSelect] Volatility top 30 → 0 passed safety filter | rejected: 0
2026-03-29 03:22:42,346 [INFO] [SignalScan] 11 coins | 11 candidates
2026-03-29 03:22:48,532 [INFO] [Scan:cvd_spike] trades=0 | cache hits=11 miss=18 err=0 | positions=0
2026-03-29 03:22:49,026 [INFO] [Scan:asymmetric_sniper] trades=0 | cache hits=0 miss=0 err=0 | positions=0
2026-03-29 03:23:09,516 [INFO] [Scan:liquidation_fade] trades=0 | cache hits=1 miss=8 err=0 | positions=0
2026-03-29 03:23:32,190 [INFO] [Heartbeat] equity=$4626.90 | daily=7.46% | pos=0 | notional=$0.00 | kill=False
2026-03-29 03:23:45,578 [INFO] [Scan:cvd_spike] trades=0 | cache hits=7 miss=2 err=0 | positions=0
2026-03-29 03:23:46,361 [INFO] [Scan:asymmetric_sniper] trades=0 | cache hits=9 miss=0 err=0 | positions=0
2026-03-29 03:24:06,392 [INFO] [Scan:liquidation_fade] trades=0 | cache hits=8 miss=1 err=0 | positions=0
2026-03-29 03:24:28,934 [INFO] [Heartbeat] equity=$4626.90 | daily=7.46% | pos=0 | notional=$0.00 | kill=False
2026-03-29 03:24:43,145 [INFO] [Scan:cvd_spike] trades=0 | cache hits=11 miss=7 err=0 | positions=0
2026-03-29 03:24:43,710 [INFO] [Scan:asymmetric_sniper] trades=0 | cache hits=0 miss=0 err=0 | positions=0
2026-03-29 03:25:05,702 [INFO] [Scan:liquidation_fade] trades=0 | cache hits=0 miss=9 err=0 | positions=0
2026-03-29 03:25:25,802 [INFO] [Heartbeat] equity=$4626.90 | daily=7.46% | pos=0 | notional=$0.00 | kill=False
2026-03-29 03:25:40,228 [INFO] [Scan:cvd_spike] trades=0 | cache hits=7 miss=2 err=0 | positions=0
2026-03-29 03:25:41,057 [INFO] [Scan:asymmetric_sniper] trades=0 | cache hits=9 miss=0 err=0 | positions=0
2026-03-29 03:26:02,520 [INFO] [Scan:liquidation_fade] trades=0 | cache hits=9 miss=0 err=0 | positions=0
2026-03-29 03:26:22,584 [INFO] [Heartbeat] equity=$4626.90 | daily=7.46% | pos=0 | notional=$0.00 | kill=False
2026-03-29 03:26:39,580 [INFO] [Scan:cvd_spike] trades=0 | cache hits=9 miss=9 err=0 | positions=0
2026-03-29 03:26:40,090 [INFO] [Scan:asymmetric_sniper] trades=0 | cache hits=0 miss=0 err=0 | positions=0
2026-03-29 03:27:00,214 [INFO] [Scan:liquidation_fade] trades=0 | cache hits=0 miss=9 err=0 | positions=0
2026-03-29 03:27:19,345 [INFO] [Heartbeat] equity=$4626.90 | daily=7.46% | pos=0 | notional=$0.00 | kill=False
2026-03-29 03:27:36,355 [INFO] [Scan:cvd_spike] trades=0 | cache hits=9 miss=0 err=0 | positions=0
2026-03-29 03:27:37,540 [INFO] [Scan:asymmetric_sniper] trades=0 | cache hits=8 miss=1 err=0 | positions=0
2026-03-29 03:27:56,963 [INFO] [Scan:liquidation_fade] trades=0 | cache hits=9 miss=0 err=0 | positions=0
2026-03-29 03:28:16,086 [INFO] [Heartbeat] equity=$4626.90 | daily=7.46% | pos=0 | notional=$0.00 | kill=False
2026-03-29 03:28:33,907 [INFO] [Scan:cvd_spike] trades=0 | cache hits=1 miss=8 err=0 | positions=0
2026-03-29 03:28:34,858 [INFO] [Scan:asymmetric_sniper] trades=0 | cache hits=9 miss=0 err=0 | positions=0
2026-03-29 03:28:54,762 [INFO] [Scan:liquidation_fade] trades=0 | cache hits=0 miss=9 err=0 | positions=0
2026-03-29 03:29:14,484 [INFO] [Heartbeat] equity=$4626.90 | daily=7.46% | pos=0 | notional=$0.00 | kill=False
2026-03-29 03:29:30,985 [INFO] [Scan:cvd_spike] trades=0 | cache hits=8 miss=2 err=0 | positions=0
2026-03-29 03:29:32,764 [INFO] [Scan:asymmetric_sniper] trades=0 | cache hits=5 miss=5 err=0 | positions=0
2026-03-29 03:29:51,665 [INFO] [Scan:liquidation_fade] trades=0 | cache hits=9 miss=1 err=0 | positions=0
2026-03-29 03:30:11,247 [INFO] [Heartbeat] equity=$4626.90 | daily=7.46% | pos=0 | notional=$0.00 | kill=False
2026-03-29 03:30:28,175 [INFO] [Scan:cvd_spike] trades=0 | cache hits=7 miss=3 err=0 | positions=0
2026-03-29 03:30:30,389 [INFO] [Scan:asymmetric_sniper] trades=0 | cache hits=8 miss=2 err=0 | positions=0
2026-03-29 03:30:49,338 [INFO] [Scan:liquidation_fade] trades=0 | cache hits=1 miss=9 err=0 | positions=0
2026-03-29 03:31:08,012 [INFO] [Heartbeat] equity=$4626.90 | daily=7.46% | pos=0 | notional=$0.00 | kill=False
2026-03-29 03:31:25,619 [INFO] [Scan:cvd_spike] trades=0 | cache hits=5 miss=6 err=0 | positions=0
2026-03-29 03:31:28,111 [INFO] [Scan:asymmetric_sniper] trades=0 | cache hits=8 miss=3 err=0 | positions=0
2026-03-29 03:31:48,840 [INFO] [Scan:liquidation_fade] trades=0 | cache hits=0 miss=11 err=0 | positions=0
2026-03-29 03:32:04,787 [INFO] [Heartbeat] equity=$4626.90 | daily=7.46% | pos=0 | notional=$0.00 | kill=False
2026-03-29 03:32:22,851 [INFO] [Scan:cvd_spike] trades=0 | cache hits=9 miss=2 err=0 | positions=0
2026-03-29 03:32:26,213 [INFO] [Scan:asymmetric_sniper] trades=0 | cache hits=5 miss=6 err=0 | positions=0
2026-03-29 03:32:45,639 [INFO] [Scan:liquidation_fade] trades=0 | cache hits=11 miss=0 err=0 | positions=0
2026-03-29 03:33:01,573 [INFO] [Heartbeat] equity=$4626.90 | daily=7.46% | pos=0 | notional=$0.00 | kill=False
2026-03-29 03:33:21,810 [INFO] [Scan:cvd_spike] trades=0 | cache hits=6 miss=5 err=0 | positions=0
2026-03-29 03:33:23,648 [INFO] [Scan:asymmetric_sniper] trades=0 | cache hits=11 miss=0 err=0 | positions=0
2026-03-29 03:33:43,521 [INFO] [Scan:liquidation_fade] trades=0 | cache hits=0 miss=11 err=0 | positions=0
2026-03-29 03:33:58,353 [INFO] [Heartbeat] equity=$4626.90 | daily=7.46% | pos=0 | notional=$0.00 | kill=False
2026-03-29 03:34:19,389 [INFO] [Scan:cvd_spike] trades=0 | cache hits=5 miss=6 err=0 | positions=0
2026-03-29 03:34:23,263 [INFO] [Scan:asymmetric_sniper] trades=0 | cache hits=6 miss=5 err=0 | positions=0
2026-03-29 03:34:40,267 [INFO] [Scan:liquidation_fade] trades=0 | cache hits=11 miss=0 err=0 | positions=0
2026-03-29 03:34:55,084 [INFO] [Heartbeat] equity=$4626.90 | daily=7.46% | pos=0 | notional=$0.00 | kill=False
2026-03-29 03:34:55,157 [INFO] [CoinSelect] Volatility top 30 → 0 passed safety filter | rejected: 0
2026-03-29 03:34:55,157 [INFO] [CoinRefresh] 11 coins active (base=13 + selective=0) | +{} -{}
2026-03-29 03:35:18,247 [INFO] [Scan:cvd_spike] trades=0 | cache hits=11 miss=0 err=0 | positions=0
2026-03-29 03:35:21,340 [INFO] [Scan:asymmetric_sniper] trades=0 | cache hits=5 miss=6 err=0 | positions=0
2026-03-29 03:35:38,183 [INFO] [Scan:liquidation_fade] trades=0 | cache hits=0 miss=11 err=0 | positions=0
2026-03-29 03:35:53,508 [INFO] [Heartbeat] equity=$4626.90 | daily=7.46% | pos=0 | notional=$0.00 | kill=False
2026-03-29 03:36:15,728 [INFO] [Scan:cvd_spike] trades=0 | cache hits=6 miss=5 err=0 | positions=0
2026-03-29 03:36:18,854 [INFO] [Scan:asymmetric_sniper] trades=0 | cache hits=11 miss=0 err=0 | positions=0
2026-03-29 03:36:34,994 [INFO] [Scan:liquidation_fade] trades=0 | cache hits=11 miss=0 err=0 | positions=0
2026-03-29 03:36:50,271 [INFO] [Heartbeat] equity=$4626.90 | daily=7.46% | pos=0 | notional=$0.00 | kill=False
2026-03-29 03:36:58,789 [INFO] [CoinSelect] Volatility top 30 → 0 passed safety filter | rejected: 0
2026-03-29 03:37:05,191 [INFO] [SignalScan] 11 coins | 10 candidates
2026-03-29 03:37:13,302 [INFO] [Scan:cvd_spike] trades=0 | cache hits=5 miss=17 err=0 | positions=0
2026-03-29 03:37:16,746 [INFO] [OP] ASYMMETRIC SNIPER -> SHORT | z=2.77 strength=-1.362
2026-03-29 03:37:17,250 [INFO] [Leverage] OP set to 5x (isolated)
2026-03-29 03:37:33,315 [INFO] [Scan:liquidation_fade] trades=0 | cache hits=6 miss=17 err=0 | positions=0
2026-03-29 03:37:38,865 [INFO] [WaitFill] OP timeout (20.0s), cancelling
2026-03-29 03:37:39,174 [INFO] [Scan:asymmetric_sniper] trades=0 | cache hits=0 miss=0 err=0 | positions=0
2026-03-29 03:37:47,045 [INFO] [Heartbeat] equity=$4626.90 | daily=7.46% | pos=0 | notional=$0.00 | kill=False
2026-03-29 03:38:10,267 [INFO] [Scan:cvd_spike] trades=0 | cache hits=11 miss=0 err=0 | positions=0
2026-03-29 03:38:34,617 [INFO] [Scan:liquidation_fade] trades=0 | cache hits=0 miss=11 err=0 | positions=0
2026-03-29 03:38:37,763 [INFO] [Scan:asymmetric_sniper] trades=0 | cache hits=0 miss=11 err=0 | positions=0
2026-03-29 03:38:43,879 [INFO] [Heartbeat] equity=$4626.90 | daily=7.46% | pos=0 | notional=$0.00 | kill=False
2026-03-29 03:39:07,133 [INFO] [Scan:cvd_spike] trades=0 | cache hits=11 miss=0 err=0 | positions=0
2026-03-29 03:39:34,058 [INFO] [Scan:liquidation_fade] trades=0 | cache hits=0 miss=11 err=0 | positions=0
2026-03-29 03:39:35,557 [INFO] [Scan:asymmetric_sniper] trades=0 | cache hits=7 miss=4 err=0 | positions=0
2026-03-29 03:39:40,554 [INFO] [Heartbeat] equity=$4626.90 | daily=7.46% | pos=0 | notional=$0.00 | kill=False
2026-03-29 03:40:05,803 [INFO] [Scan:cvd_spike] trades=0 | cache hits=4 miss=7 err=0 | positions=0
2026-03-29 03:40:33,566 [INFO] [Scan:liquidation_fade] trades=0 | cache hits=0 miss=11 err=0 | positions=0
2026-03-29 03:40:34,954 [INFO] [Scan:asymmetric_sniper] trades=0 | cache hits=7 miss=4 err=0 | positions=0
2026-03-29 03:40:37,302 [INFO] [Heartbeat] equity=$4626.90 | daily=7.46% | pos=0 | notional=$0.00 | kill=False
2026-03-29 03:41:04,940 [INFO] [Scan:cvd_spike] trades=0 | cache hits=4 miss=7 err=0 | positions=0
2026-03-29 03:41:30,376 [INFO] [Scan:liquidation_fade] trades=0 | cache hits=11 miss=0 err=0 | positions=0
2026-03-29 03:41:32,499 [INFO] [Scan:asymmetric_sniper] trades=0 | cache hits=11 miss=0 err=0 | positions=0
2026-03-29 03:41:35,726 [INFO] [Heartbeat] equity=$4626.90 | daily=7.46% | pos=0 | notional=$0.00 | kill=False
2026-03-29 03:42:02,298 [INFO] [Scan:cvd_spike] trades=0 | cache hits=7 miss=4 err=0 | positions=0
2026-03-29 03:42:28,262 [INFO] [Scan:liquidation_fade] trades=0 | cache hits=0 miss=11 err=0 | positions=0
2026-03-29 03:42:30,605 [INFO] [ARB] ASYMMETRIC SNIPER -> LONG | z=-2.28 strength=2548.075
2026-03-29 03:42:31,080 [INFO] [Leverage] ARB set to 5x (isolated)
2026-03-29 03:42:31,285 [ERROR] [Entry] ARB BUY failed: binanceusdm {"code":-1021,"msg":"Timestamp for this request was 1000ms ahead of the server's time."}
2026-03-29 03:42:31,285 [INFO] [Scan:asymmetric_sniper] trades=0 | cache hits=4 miss=8 err=0 | positions=0
2026-03-29 03:42:32,489 [INFO] [Heartbeat] equity=$4626.90 | daily=7.46% | pos=0 | notional=$0.00 | kill=False
2026-03-29 03:42:59,486 [INFO] [Scan:cvd_spike] trades=0 | cache hits=11 miss=0 err=0 | positions=0
2026-03-29 03:43:24,996 [INFO] [Scan:liquidation_fade] trades=0 | cache hits=11 miss=0 err=0 | positions=0
2026-03-29 03:43:28,981 [INFO] [ARB] ASYMMETRIC SNIPER -> LONG | z=-2.28 strength=2548.075
2026-03-29 03:43:29,212 [INFO] [Heartbeat] equity=$4626.90 | daily=7.46% | pos=0 | notional=$0.00 | kill=False
2026-03-29 03:43:29,843 [INFO] [Leverage] ARB set to 5x (isolated)
2026-03-29 03:43:30,051 [WARNING] [Entry] ARB Post-Only FAILED, fallback to limit: binanceusdm {"code":-5022,"msg":"Due to the order could not be executed as maker, the Post Only order will be rejected. The order will not be recorded in the order history"}
2026-03-29 03:43:40,682 [INFO] [MultiPos] Added asymmetric_sniper:ARB: BUY ARB @ 0.092
2026-03-29 03:43:41,999 [INFO] [ARB] Exchange SL registered @ 0.0914
2026-03-29 03:43:42,131 [INFO] [ARB] Exchange TP registered @ 0.0940
2026-03-29 03:43:42,131 [INFO] [TradeLog] Entry skeleton saved: asymmetric_sniper_ARB_0328_184342_0004
2026-03-29 03:43:42,713 [INFO] [TradeLog] Entry enriched: asymmetric_sniper_ARB_0328_184342_0004
2026-03-29 03:43:42,713 [INFO] [ARB] ENTRY BUY @ 0.0920 | qty=48913.0 | SL=0.0914(-0.67%) | TP=0.0940(+2.18%) | risk=$30.00 | notional=$4500.00 | fee≈$8.100(0.180%) | trade #4 today
2026-03-29 03:43:42,713 [INFO] [Scan:asymmetric_sniper] trades=1 | cache hits=3 miss=12 err=0 | positions=1
2026-03-29 03:43:42,713 [INFO] [asymmetric_sniper] TRADE: {'strategy': 'asymmetric_sniper', 'coin': 'ARB', 'side': 'BUY', 'price': 0.092, 'qty': 48913.0, 'sl': 0.09138666666666667, 'tp': 0.09400559999999998, 'trailing': True, 'risk_usdt': 29.999973333333017, 'rr_estimate': 0.12111801242235852}
2026-03-29 03:43:55,649 [ERROR] [SL] ARB SELL @ 0.0914 failed: binanceusdm {"code":-4130,"msg":"An open stop or take profit order with GTE and closePosition in the direction is existing."}
2026-03-29 03:43:56,473 [ERROR] [SL] ARB SELL @ 0.0914 failed: binanceusdm {"code":-4130,"msg":"An open stop or take profit order with GTE and closePosition in the direction is existing."}
2026-03-29 03:43:56,507 [INFO] [Scan:cvd_spike] trades=0 | cache hits=8 miss=2 err=0 | positions=1
2026-03-29 03:43:57,101 [ERROR] [SL] ARB SELL @ 0.0914 failed: binanceusdm {"code":-4130,"msg":"An open stop or take profit order with GTE and closePosition in the direction is existing."}
2026-03-29 03:43:57,101 [WARNING] [Trail] ARB duplicate SL order (-4130), old SL still active — skipping update
2026-03-29 03:44:22,736 [INFO] [Scan:liquidation_fade] trades=0 | cache hits=0 miss=10 err=0 | positions=1
2026-03-29 03:44:25,933 [INFO] [Heartbeat] equity=$4626.90 | daily=7.46% | pos=1 | notional=$4500.00 | kill=False
2026-03-29 03:44:41,121 [INFO] [Scan:asymmetric_sniper] trades=0 | cache hits=0 miss=0 err=0 | positions=1
2026-03-29 03:44:54,215 [INFO] [Scan:cvd_spike] trades=0 | cache hits=2 miss=8 err=0 | positions=1
2026-03-29 03:45:19,489 [INFO] [Scan:liquidation_fade] trades=0 | cache hits=10 miss=0 err=0 | positions=1
2026-03-29 03:45:22,695 [INFO] [Heartbeat] equity=$4626.90 | daily=7.46% | pos=1 | notional=$4500.00 | kill=False
2026-03-29 03:45:37,864 [INFO] [Scan:asymmetric_sniper] trades=0 | cache hits=0 miss=0 err=0 | positions=1
2026-03-29 03:45:51,172 [INFO] [Scan:cvd_spike] trades=0 | cache hits=8 miss=2 err=0 | positions=1
2026-03-29 03:46:17,243 [INFO] [Scan:liquidation_fade] trades=0 | cache hits=0 miss=10 err=0 | positions=1
2026-03-29 03:46:19,456 [INFO] [Heartbeat] equity=$4626.90 | daily=7.46% | pos=1 | notional=$4500.00 | kill=False
2026-03-29 03:46:34,616 [INFO] [Scan:asymmetric_sniper] trades=0 | cache hits=0 miss=0 err=0 | positions=1
2026-03-29 03:46:48,914 [INFO] [Scan:cvd_spike] trades=0 | cache hits=2 miss=8 err=0 | positions=1
2026-03-29 03:47:16,200 [INFO] [Heartbeat] equity=$4626.90 | daily=7.46% | pos=1 | notional=$4500.00 | kill=False
2026-03-29 03:47:16,632 [INFO] [Scan:liquidation_fade] trades=0 | cache hits=0 miss=10 err=0 | positions=1
2026-03-29 03:47:32,185 [INFO] [Scan:asymmetric_sniper] trades=0 | cache hits=8 miss=2 err=0 | positions=1
2026-03-29 03:47:45,772 [INFO] [Scan:cvd_spike] trades=0 | cache hits=10 miss=0 err=0 | positions=1
2026-03-29 03:48:14,591 [INFO] [Heartbeat] equity=$4626.90 | daily=7.46% | pos=1 | notional=$4500.00 | kill=False
2026-03-29 03:48:16,037 [INFO] [Scan:liquidation_fade] trades=0 | cache hits=0 miss=10 err=0 | positions=1
2026-03-29 03:48:16,956 [INFO] [MonitorV2] ARB EARLY EXIT: zero MFE after 5 bars (favorable=0.0000%)
2026-03-29 03:48:17,254 [ERROR] [Cancel] ARB algo cancel failed: binanceusdm {"code":-1021,"msg":"Timestamp for this request was 1000ms ahead of the server's time."}
2026-03-29 03:48:17,255 [INFO] [MonitorV2] ARB exchange SL order cancelled
2026-03-29 03:48:17,552 [ERROR] [Cancel] ARB algo cancel failed: binanceusdm {"code":-1021,"msg":"Timestamp for this request was 1000ms ahead of the server's time."}
2026-03-29 03:48:17,552 [INFO] [MonitorV2] ARB exchange TP order cancelled
2026-03-29 03:48:17,665 [ERROR] [MKT_CLOSE] ARB SELL failed: binanceusdm {"code":-1021,"msg":"Timestamp for this request was 1000ms ahead of the server's time."}
2026-03-29 03:48:17,665 [INFO] [PortRisk] asymmetric_sniper PnL: -8.1000 | equity: 4618.80 | daily: 7.62%
2026-03-29 03:48:17,985 [INFO] [TradeLog] asymmetric_sniper_ARB_0328_184342_0004 closed: pnl=+0.00% net=-0.1800% fee=8.1000$ drag=0.180% reason=EARLY_EXIT_NO_MFE bars=5 mfe=0.00% mae=-0.11% mfe/trail=0.00 btc=BEAR vs_btc=COUNTER
2026-03-29 03:48:17,986 [INFO] [MultiPos] Removed asymmetric_sniper:ARB
2026-03-29 03:48:17,986 [INFO] [Close] ❌ asymmetric_sniper:ARB EARLY_EXIT_NO_MFE | PnL=+0.0000 net=-8.1000 fee=8.1000 | entry=0.0920 exit=0.0920 | bars=5 | mfe=0.00% mae=-0.11%
2026-03-29 03:48:30,319 [INFO] [Scan:asymmetric_sniper] trades=0 | cache hits=2 miss=9 err=0 | positions=0
2026-03-29 03:48:44,421 [INFO] [Scan:cvd_spike] trades=0 | cache hits=8 miss=2 err=0 | positions=0
2026-03-29 03:49:09,465 [INFO] [EVGuardian] momentum_breakout: EV=0.0000% tp_rate=0.0% n=7 ok
2026-03-29 03:49:09,465 [INFO] [EVGuardian] cvd_spike: EV=0.0000% tp_rate=0.0% n=66 ok
2026-03-29 03:49:09,465 [INFO] [EVGuardian] asymmetric_sniper: EV=0.0000% tp_rate=0.0% n=28 ok
2026-03-29 03:49:09,465 [INFO] [EVGuardian] liquidation_fade: EV=0.0000% tp_rate=0.0% n=25 ok
2026-03-29 03:49:11,293 [INFO] [Heartbeat] equity=$4618.80 | daily=7.62% | pos=0 | notional=$0.00 | kill=False
2026-03-29 03:49:11,394 [INFO] [CoinSelect] Volatility top 30 → 0 passed safety filter | rejected: 0
2026-03-29 03:49:11,394 [INFO] [CoinRefresh] 11 coins active (base=13 + selective=0) | +{} -{}
2026-03-29 03:49:12,742 [INFO] [Scan:liquidation_fade] trades=0 | cache hits=10 miss=0 err=0 | positions=0
2026-03-29 03:49:29,672 [INFO] [Scan:asymmetric_sniper] trades=0 | cache hits=9 miss=1 err=0 | positions=0
2026-03-29 03:49:41,866 [INFO] [Scan:cvd_spike] trades=0 | cache hits=3 miss=7 err=0 | positions=0
2026-03-29 03:50:08,060 [INFO] [Heartbeat] equity=$4618.80 | daily=7.62% | pos=0 | notional=$0.00 | kill=False
2026-03-29 03:50:10,603 [INFO] [Scan:liquidation_fade] trades=0 | cache hits=0 miss=10 err=0 | positions=0
2026-03-29 03:50:27,264 [INFO] [Scan:asymmetric_sniper] trades=0 | cache hits=8 miss=2 err=0 | positions=0
2026-03-29 03:50:38,728 [INFO] [Scan:cvd_spike] trades=0 | cache hits=9 miss=1 err=0 | positions=0
2026-03-29 03:51:04,743 [INFO] [Heartbeat] equity=$4618.80 | daily=7.62% | pos=0 | notional=$0.00 | kill=False
2026-03-29 03:51:07,291 [INFO] [Scan:liquidation_fade] trades=0 | cache hits=10 miss=0 err=0 | positions=0
2026-03-29 03:51:21,349 [INFO] [CoinSelect] Volatility top 30 → 0 passed safety filter | rejected: 0
2026-03-29 03:51:25,727 [INFO] [Scan:asymmetric_sniper] trades=0 | cache hits=3 miss=11 err=0 | positions=0
2026-03-29 03:51:27,799 [INFO] [SignalScan] 11 coins | 9 candidates
2026-03-29 03:51:35,883 [INFO] [Scan:cvd_spike] trades=0 | cache hits=8 miss=9 err=0 | positions=0
2026-03-29 03:52:01,500 [INFO] [Heartbeat] equity=$4618.80 | daily=7.62% | pos=0 | notional=$0.00 | kill=False
2026-03-29 03:52:05,106 [INFO] [Scan:liquidation_fade] trades=0 | cache hits=0 miss=10 err=0 | positions=0
2026-03-29 03:52:25,518 [INFO] [Scan:asymmetric_sniper] trades=0 | cache hits=2 miss=8 err=0 | positions=0
2026-03-29 03:52:32,651 [INFO] [Scan:cvd_spike] trades=0 | cache hits=10 miss=0 err=0 | positions=0
2026-03-29 03:52:58,229 [INFO] [Heartbeat] equity=$4618.80 | daily=7.62% | pos=0 | notional=$0.00 | kill=False
2026-03-29 03:53:01,821 [INFO] [Scan:liquidation_fade] trades=0 | cache hits=10 miss=0 err=0 | positions=0
2026-03-29 03:53:25,443 [INFO] [Scan:asymmetric_sniper] trades=0 | cache hits=0 miss=10 err=0 | positions=0
2026-03-29 03:53:29,559 [INFO] [Scan:cvd_spike] trades=0 | cache hits=10 miss=0 err=0 | positions=0
2026-03-29 03:53:56,595 [INFO] [Heartbeat] equity=$4618.80 | daily=7.62% | pos=0 | notional=$0.00 | kill=False
2026-03-29 03:53:59,585 [INFO] [Scan:liquidation_fade] trades=0 | cache hits=0 miss=10 err=0 | positions=0
2026-03-29 03:54:22,997 [INFO] [Scan:asymmetric_sniper] trades=0 | cache hits=8 miss=2 err=0 | positions=0
2026-03-29 03:54:28,790 [INFO] [Scan:cvd_spike] trades=0 | cache hits=2 miss=8 err=0 | positions=0
2026-03-29 03:54:53,302 [INFO] [Heartbeat] equity=$4618.80 | daily=7.62% | pos=0 | notional=$0.00 | kill=False
2026-03-29 03:54:59,020 [INFO] [Scan:liquidation_fade] trades=0 | cache hits=0 miss=10 err=0 | positions=0
2026-03-29 03:55:20,411 [INFO] [Scan:asymmetric_sniper] trades=0 | cache hits=10 miss=0 err=0 | positions=0
2026-03-29 03:55:28,174 [INFO] [Scan:cvd_spike] trades=0 | cache hits=0 miss=10 err=0 | positions=0
2026-03-29 03:55:50,027 [INFO] [Heartbeat] equity=$4618.80 | daily=7.62% | pos=0 | notional=$0.00 | kill=False
2026-03-29 03:55:55,767 [INFO] [Scan:liquidation_fade] trades=0 | cache hits=10 miss=0 err=0 | positions=0
2026-03-29 03:56:17,811 [INFO] [Scan:asymmetric_sniper] trades=0 | cache hits=10 miss=0 err=0 | positions=0
2026-03-29 03:56:24,906 [INFO] [Scan:cvd_spike] trades=0 | cache hits=10 miss=0 err=0 | positions=0
2026-03-29 03:56:46,778 [INFO] [Heartbeat] equity=$4618.80 | daily=7.62% | pos=0 | notional=$0.00 | kill=False
2026-03-29 03:56:53,515 [INFO] [Scan:liquidation_fade] trades=0 | cache hits=0 miss=10 err=0 | positions=0
2026-03-29 03:57:17,213 [INFO] [Scan:asymmetric_sniper] trades=0 | cache hits=0 miss=10 err=0 | positions=0
2026-03-29 03:57:21,676 [INFO] [Scan:cvd_spike] trades=0 | cache hits=10 miss=0 err=0 | positions=0
2026-03-29 03:57:43,467 [INFO] [Heartbeat] equity=$4618.80 | daily=7.62% | pos=0 | notional=$0.00 | kill=False
2026-03-29 03:57:50,228 [INFO] [Scan:liquidation_fade] trades=0 | cache hits=10 miss=0 err=0 | positions=0
2026-03-29 03:58:14,864 [INFO] [Scan:asymmetric_sniper] trades=0 | cache hits=7 miss=3 err=0 | positions=0
2026-03-29 03:58:19,197 [INFO] [Scan:cvd_spike] trades=0 | cache hits=3 miss=7 err=0 | positions=0
2026-03-29 03:58:40,218 [INFO] [Heartbeat] equity=$4618.80 | daily=7.62% | pos=0 | notional=$0.00 | kill=False
2026-03-29 03:58:47,987 [INFO] [Scan:liquidation_fade] trades=0 | cache hits=0 miss=10 err=0 | positions=0
2026-03-29 03:59:12,229 [INFO] [Scan:asymmetric_sniper] trades=0 | cache hits=10 miss=0 err=0 | positions=0
2026-03-29 03:59:16,340 [INFO] [Scan:cvd_spike] trades=0 | cache hits=7 miss=3 err=0 | positions=0
2026-03-29 03:59:36,943 [INFO] [Heartbeat] equity=$4618.80 | daily=7.62% | pos=0 | notional=$0.00 | kill=False
2026-03-29 03:59:44,695 [INFO] [Scan:liquidation_fade] trades=0 | cache hits=10 miss=0 err=0 | positions=0
2026-03-29 04:00:10,108 [INFO] [DOT] ASYMMETRIC SNIPER -> LONG | z=-2.93 strength=205.552
2026-03-29 04:00:10,672 [INFO] [Leverage] DOT set to 5x (isolated)
2026-03-29 04:00:13,413 [INFO] [Scan:cvd_spike] trades=0 | cache hits=13 miss=8 err=0 | positions=0
2026-03-29 04:00:16,135 [INFO] [MultiPos] Added asymmetric_sniper:DOT: BUY DOT @ 1.281
2026-03-29 04:00:17,486 [INFO] [DOT] Exchange SL registered @ 1.2725
2026-03-29 04:00:17,599 [INFO] [DOT] Exchange TP registered @ 1.3089
2026-03-29 04:00:17,600 [INFO] [TradeLog] Entry skeleton saved: asymmetric_sniper_DOT_0328_190017_0005
2026-03-29 04:00:18,062 [INFO] [TradeLog] Entry enriched: asymmetric_sniper_DOT_0328_190017_0005
2026-03-29 04:00:18,062 [INFO] [DOT] ENTRY BUY @ 1.2810 | qty=3512.8 | SL=1.2725(-0.67%) | TP=1.3089(+2.18%) | risk=$30.00 | notional=$4500.00 | fee≈$8.100(0.180%) | trade #5 today
2026-03-29 04:00:18,062 [INFO] [Scan:asymmetric_sniper] trades=1 | cache hits=0 miss=3 err=0 | positions=1
2026-03-29 04:00:18,062 [INFO] [asymmetric_sniper] TRADE: {'strategy': 'asymmetric_sniper', 'coin': 'DOT', 'side': 'BUY', 'price': 1.281, 'qty': 3512.8, 'sl': 1.27246, 'tp': 1.3089258, 'trailing': True, 'risk_usdt': 29.999311999999975, 'rr_estimate': 0.11375041820006787}
2026-03-29 04:00:24,526 [ERROR] [SL] DOT SELL @ 1.272 failed: binanceusdm {"code":-4130,"msg":"An open stop or take profit order with GTE and closePosition in the direction is existing."}
2026-03-29 04:00:25,147 [ERROR] [SL] DOT SELL @ 1.272 failed: binanceusdm {"code":-4130,"msg":"An open stop or take profit order with GTE and closePosition in the direction is existing."}
2026-03-29 04:00:25,783 [ERROR] [SL] DOT SELL @ 1.272 failed: binanceusdm {"code":-4130,"msg":"An open stop or take profit order with GTE and closePosition in the direction is existing."}
2026-03-29 04:00:25,783 [WARNING] [Trail] DOT duplicate SL order (-4130), old SL still active — skipping update
2026-03-29 04:00:35,353 [INFO] [Heartbeat] equity=$4618.80 | daily=7.62% | pos=1 | notional=$4499.90 | kill=False
2026-03-29 04:00:42,453 [INFO] [Scan:liquidation_fade] trades=0 | cache hits=0 miss=9 err=0 | positions=1
2026-03-29 04:01:11,168 [INFO] [Scan:cvd_spike] trades=0 | cache hits=0 miss=9 err=0 | positions=1
2026-03-29 04:01:14,853 [INFO] [Scan:asymmetric_sniper] trades=0 | cache hits=0 miss=0 err=0 | positions=1
2026-03-29 04:01:32,092 [INFO] [Heartbeat] equity=$4618.80 | daily=7.62% | pos=1 | notional=$4499.90 | kill=False
2026-03-29 04:01:39,182 [INFO] [Scan:liquidation_fade] trades=0 | cache hits=9 miss=0 err=0 | positions=1
2026-03-29 04:02:10,606 [INFO] [Scan:cvd_spike] trades=0 | cache hits=0 miss=9 err=0 | positions=1
2026-03-29 04:02:11,590 [INFO] [Scan:asymmetric_sniper] trades=0 | cache hits=0 miss=0 err=0 | positions=1
2026-03-29 04:02:28,836 [INFO] [Heartbeat] equity=$4618.80 | daily=7.62% | pos=1 | notional=$4499.90 | kill=False
2026-03-29 04:02:38,469 [INFO] [Scan:liquidation_fade] trades=0 | cache hits=0 miss=9 err=0 | positions=1
2026-03-29 04:03:07,533 [INFO] [Scan:cvd_spike] trades=0 | cache hits=9 miss=0 err=0 | positions=1
2026-03-29 04:03:09,954 [INFO] [Scan:asymmetric_sniper] trades=0 | cache hits=0 miss=0 err=0 | positions=1
2026-03-29 04:03:25,553 [INFO] [Heartbeat] equity=$4618.80 | daily=7.62% | pos=1 | notional=$4499.90 | kill=False
2026-03-29 04:03:25,660 [INFO] [CoinSelect] Volatility top 30 → 1 passed safety filter | rejected: 0
2026-03-29 04:03:25,660 [INFO]   ✓ DOT    vol%= 0.00% vol=$      0M spread= 0.0bps $0.0000
2026-03-29 04:03:25,660 [INFO] [CoinRefresh] 11 coins active (base=13 + selective=0) | +{} -{}
2026-03-29 04:03:35,320 [INFO] [Scan:liquidation_fade] trades=0 | cache hits=9 miss=1 err=0 | positions=1
2026-03-29 04:04:05,348 [INFO] [Scan:cvd_spike] trades=0 | cache hits=0 miss=10 err=0 | positions=1
2026-03-29 04:04:07,263 [INFO] [Scan:asymmetric_sniper] trades=0 | cache hits=10 miss=0 err=0 | positions=1
2026-03-29 04:04:22,274 [INFO] [Heartbeat] equity=$4618.80 | daily=7.62% | pos=1 | notional=$4499.90 | kill=False
2026-03-29 04:04:32,920 [INFO] [Scan:liquidation_fade] trades=0 | cache hits=1 miss=9 err=0 | positions=1
2026-03-29 04:05:02,141 [INFO] [Scan:cvd_spike] trades=0 | cache hits=10 miss=0 err=0 | positions=1
2026-03-29 04:05:05,539 [INFO] [Scan:asymmetric_sniper] trades=0 | cache hits=0 miss=10 err=0 | positions=1
2026-03-29 04:05:15,887 [ERROR] [SL] DOT SELL @ 1.282 failed: binanceusdm {"code":-1021,"msg":"Timestamp for this request was 1000ms ahead of the server's time."}
2026-03-29 04:05:14,910 [ERROR] [SL] DOT SELL @ 1.282 failed: binanceusdm {"code":-1021,"msg":"Timestamp for this request was 1000ms ahead of the server's time."}
2026-03-29 04:05:15,526 [ERROR] [SL] DOT SELL @ 1.282 failed: binanceusdm {"code":-4130,"msg":"An open stop or take profit order with GTE and closePosition in the direction is existing."}
2026-03-29 04:05:15,526 [WARNING] [Trail] DOT duplicate SL order (-4130), old SL still active — skipping update
2026-03-29 04:05:18,989 [INFO] [Heartbeat] equity=$4618.80 | daily=7.62% | pos=1 | notional=$4499.90 | kill=False
2026-03-29 04:05:29,770 [INFO] [Scan:liquidation_fade] trades=0 | cache hits=9 miss=1 err=0 | positions=1
2026-03-29 04:05:30,703 [INFO] [MonitorV2] DOT SL HIT: 1.2820 vs 1.2820
2026-03-29 04:05:31,038 [INFO] [Cancel] DOT algo order cancelled: 1000000036492287
2026-03-29 04:05:31,038 [INFO] [MonitorV2] DOT exchange SL order cancelled
2026-03-29 04:05:31,342 [INFO] [Cancel] DOT algo order cancelled: 1000000036492288
2026-03-29 04:05:31,342 [INFO] [MonitorV2] DOT exchange TP order cancelled
2026-03-29 04:05:31,446 [INFO] [PortRisk] asymmetric_sniper PnL: -4.4898 | equity: 4614.31 | daily: 7.71%
2026-03-29 04:05:31,774 [INFO] [TradeLog] asymmetric_sniper_DOT_0328_190017_0005 closed: pnl=+0.08% net=-0.1020% fee=8.1030$ drag=0.180% reason=SL_HIT bars=6 mfe=0.16% mae=-0.08% mfe/trail=2.06 btc=BEAR vs_btc=COUNTER
2026-03-29 04:05:31,775 [INFO] [MultiPos] Removed asymmetric_sniper:DOT
2026-03-29 04:05:31,775 [INFO] [Close] ❌ asymmetric_sniper:DOT SL_HIT | PnL=+3.6132 net=-4.4898 fee=8.1030 | entry=1.2810 exit=1.2820 | bars=6 | mfe=0.16% mae=-0.08%
2026-03-29 04:05:43,696 [INFO] [CoinSelect] Volatility top 30 → 0 passed safety filter | rejected: 0
2026-03-29 04:05:48,896 [INFO] [SignalScan] 11 coins | 10 candidates
2026-03-29 04:05:59,211 [INFO] [Scan:cvd_spike] trades=0 | cache hits=10 miss=12 err=0 | positions=0
2026-03-29 04:06:03,232 [INFO] [Scan:asymmetric_sniper] trades=0 | cache hits=7 miss=3 err=0 | positions=0
2026-03-29 04:06:17,356 [INFO] [Heartbeat] equity=$4614.31 | daily=7.71% | pos=0 | notional=$0.00 | kill=False
2026-03-29 04:06:27,386 [INFO] [Scan:liquidation_fade] trades=0 | cache hits=1 miss=9 err=0 | positions=0
2026-03-29 04:06:56,959 [INFO] [Scan:cvd_spike] trades=0 | cache hits=3 miss=7 err=0 | positions=0
2026-03-29 04:07:00,503 [INFO] [Scan:asymmetric_sniper] trades=0 | cache hits=10 miss=0 err=0 | positions=0
2026-03-29 04:07:14,047 [INFO] [Heartbeat] equity=$4614.31 | daily=7.71% | pos=0 | notional=$0.00 | kill=False
2026-03-29 04:07:24,264 [INFO] [Scan:liquidation_fade] trades=0 | cache hits=9 miss=1 err=0 | positions=0
2026-03-29 04:07:54,248 [INFO] [Scan:cvd_spike] trades=0 | cache hits=7 miss=3 err=0 | positions=0
2026-03-29 04:07:58,504 [INFO] [Scan:asymmetric_sniper] trades=0 | cache hits=3 miss=7 err=0 | positions=0
2026-03-29 04:08:10,805 [INFO] [Heartbeat] equity=$4614.31 | daily=7.71% | pos=0 | notional=$0.00 | kill=False
2026-03-29 04:08:21,901 [INFO] [Scan:liquidation_fade] trades=0 | cache hits=1 miss=9 err=0 | positions=0
2026-03-29 04:08:51,196 [INFO] [Scan:cvd_spike] trades=0 | cache hits=10 miss=0 err=0 | positions=0
2026-03-29 04:08:56,067 [INFO] [Scan:asymmetric_sniper] trades=0 | cache hits=7 miss=3 err=0 | positions=0
2026-03-29 04:09:07,520 [INFO] [Heartbeat] equity=$4614.31 | daily=7.71% | pos=0 | notional=$0.00 | kill=False
2026-03-29 04:09:21,309 [INFO] [Scan:liquidation_fade] trades=0 | cache hits=0 miss=10 err=0 | positions=0
2026-03-29 04:09:50,468 [INFO] [Scan:cvd_spike] trades=0 | cache hits=3 miss=7 err=0 | positions=0
2026-03-29 04:09:53,337 [INFO] [Scan:asymmetric_sniper] trades=0 | cache hits=10 miss=0 err=0 | positions=0
2026-03-29 04:10:04,228 [INFO] [Heartbeat] equity=$4614.31 | daily=7.71% | pos=0 | notional=$0.00 | kill=False
2026-03-29 04:10:18,021 [INFO] [Scan:liquidation_fade] trades=0 | cache hits=10 miss=0 err=0 | positions=0
2026-03-29 04:10:47,568 [INFO] [Scan:cvd_spike] trades=0 | cache hits=7 miss=3 err=0 | positions=0
2026-03-29 04:10:54,065 [INFO] [Scan:asymmetric_sniper] trades=0 | cache hits=3 miss=7 err=0 | positions=0
2026-03-29 04:11:00,939 [INFO] [Heartbeat] equity=$4614.31 | daily=7.71% | pos=0 | notional=$0.00 | kill=False
2026-03-29 04:11:15,764 [INFO] [Scan:liquidation_fade] trades=0 | cache hits=0 miss=10 err=0 | positions=0
2026-03-29 04:11:44,325 [INFO] [Scan:cvd_spike] trades=0 | cache hits=10 miss=0 err=0 | positions=0
2026-03-29 04:11:51,777 [INFO] [Scan:asymmetric_sniper] trades=0 | cache hits=7 miss=3 err=0 | positions=0
2026-03-29 04:11:57,692 [INFO] [Heartbeat] equity=$4614.31 | daily=7.71% | pos=0 | notional=$0.00 | kill=False
2026-03-29 04:12:12,491 [INFO] [Scan:liquidation_fade] trades=0 | cache hits=10 miss=0 err=0 | positions=0
2026-03-29 04:12:41,968 [INFO] [Scan:cvd_spike] trades=0 | cache hits=3 miss=7 err=0 | positions=0
2026-03-29 04:12:49,069 [INFO] [Scan:asymmetric_sniper] trades=0 | cache hits=10 miss=0 err=0 | positions=0
2026-03-29 04:12:56,098 [INFO] [Heartbeat] equity=$4614.31 | daily=7.71% | pos=0 | notional=$0.00 | kill=False
2026-03-29 04:13:10,254 [INFO] [Scan:liquidation_fade] trades=0 | cache hits=0 miss=10 err=0 | positions=0
2026-03-29 04:13:39,226 [INFO] [Scan:cvd_spike] trades=0 | cache hits=7 miss=3 err=0 | positions=0
2026-03-29 04:13:46,832 [INFO] [BNB] ASYMMETRIC SNIPER -> SHORT | z=3.07 strength=-1.139
2026-03-29 04:13:46,892 [INFO] [AVAX] ASYMMETRIC SNIPER -> SHORT | z=2.08 strength=-0.867
2026-03-29 04:13:47,475 [INFO] [Leverage] BNB set to 5x (isolated)
2026-03-29 04:13:52,777 [INFO] [Heartbeat] equity=$4614.31 | daily=7.71% | pos=0 | notional=$0.00 | kill=False
2026-03-29 04:14:06,999 [INFO] [Scan:liquidation_fade] trades=0 | cache hits=13 miss=8 err=0 | positions=0
2026-03-29 04:14:09,418 [INFO] [WaitFill] BNB timeout (20.0s), cancelling
2026-03-29 04:14:09,711 [INFO] [Scan:asymmetric_sniper] trades=0 | cache hits=0 miss=0 err=0 | positions=0
2026-03-29 04:14:36,303 [INFO] [Scan:cvd_spike] trades=0 | cache hits=10 miss=0 err=0 | positions=0
2026-03-29 04:14:49,577 [INFO] [Heartbeat] equity=$4614.31 | daily=7.71% | pos=0 | notional=$0.00 | kill=False
2026-03-29 04:15:04,895 [INFO] [DOGE] LIQ CASCADE → LONG | OI_drop=1.33σ taker=2.4x move=-0.562%
2026-03-29 04:15:04,954 [INFO] [AVAX] LIQ CASCADE → LONG | OI_drop=2.03σ taker=3.9x move=-0.516%
2026-03-29 04:15:05,161 [WARNING] [DOGE] SL too tight: 0.000164 < fee_threshold 0.000166 (0.180% of price) — skip
2026-03-29 04:15:05,423 [WARNING] [AVAX] SL too tight: 0.010536 < fee_threshold 0.015959 (0.180% of price) — skip
2026-03-29 04:15:05,424 [INFO] [Scan:liquidation_fade] trades=0 | cache hits=0 miss=14 err=0 | positions=0
2026-03-29 04:15:07,943 [INFO] [Scan:asymmetric_sniper] trades=0 | cache hits=0 miss=10 err=0 | positions=0
2026-03-29 04:15:33,191 [INFO] [Scan:cvd_spike] trades=0 | cache hits=10 miss=0 err=0 | positions=0
2026-03-29 04:15:46,286 [INFO] [Heartbeat] equity=$4614.31 | daily=7.71% | pos=0 | notional=$0.00 | kill=False
2026-03-29 04:16:04,880 [INFO] [DOGE] LIQ CASCADE → LONG | OI_drop=1.36σ taker=2.4x move=-0.573%
2026-03-29 04:16:04,926 [INFO] [AVAX] LIQ CASCADE → LONG | OI_drop=2.03σ taker=3.9x move=-0.516%
2026-03-29 04:16:05,589 [INFO] [Scan:asymmetric_sniper] trades=0 | cache hits=9 miss=13 err=0 | positions=0
2026-03-29 04:16:05,652 [WARNING] [DOGE] SL too tight: 0.000163 < fee_threshold 0.000166 (0.180% of price) — skip
2026-03-29 04:16:05,814 [WARNING] [AVAX] SL too tight: 0.010536 < fee_threshold 0.015953 (0.180% of price) — skip
2026-03-29 04:16:05,815 [INFO] [Scan:liquidation_fade] trades=0 | cache hits=0 miss=2 err=0 | positions=0
2026-03-29 04:16:32,497 [INFO] [Scan:cvd_spike] trades=0 | cache hits=1 miss=9 err=0 | positions=0
2026-03-29 04:16:42,978 [INFO] [Heartbeat] equity=$4614.31 | daily=7.71% | pos=0 | notional=$0.00 | kill=False
2026-03-29 04:17:04,743 [INFO] [Scan:asymmetric_sniper] trades=0 | cache hits=9 miss=1 err=0 | positions=0
2026-03-29 04:17:05,805 [INFO] [AVAX] LIQ CASCADE → LONG | OI_drop=2.03σ taker=3.9x move=-0.516%
2026-03-29 04:17:05,988 [WARNING] [AVAX] SL too tight: 0.010536 < fee_threshold 0.015961 (0.180% of price) — skip
2026-03-29 04:17:05,988 [INFO] [Scan:liquidation_fade] trades=0 | cache hits=0 miss=12 err=0 | positions=0
2026-03-29 04:17:29,201 [INFO] [Scan:cvd_spike] trades=0 | cache hits=10 miss=0 err=0 | positions=0
2026-03-29 04:17:39,637 [INFO] [Heartbeat] equity=$4614.31 | daily=7.71% | pos=0 | notional=$0.00 | kill=False
2026-03-29 04:17:39,707 [INFO] [CoinSelect] Volatility top 30 → 0 passed safety filter | rejected: 0
2026-03-29 04:17:39,707 [INFO] [CoinRefresh] 11 coins active (base=13 + selective=0) | +{} -{}
2026-03-29 04:18:02,649 [INFO] [AVAX] LIQ CASCADE → LONG | OI_drop=2.03σ taker=3.9x move=-0.516%
2026-03-29 04:18:04,923 [INFO] [Scan:asymmetric_sniper] trades=0 | cache hits=12 miss=9 err=0 | positions=0
2026-03-29 04:18:04,998 [WARNING] [AVAX] SL too tight: 0.010357 < fee_threshold 0.015970 (0.180% of price) — skip
2026-03-29 04:18:04,998 [INFO] [Scan:liquidation_fade] trades=0 | cache hits=0 miss=1 err=0 | positions=0
2026-03-29 04:18:26,114 [INFO] [Scan:cvd_spike] trades=0 | cache hits=9 miss=1 err=0 | positions=0
2026-03-29 04:18:38,072 [INFO] [Heartbeat] equity=$4614.31 | daily=7.71% | pos=0 | notional=$0.00 | kill=False
2026-03-29 04:19:03,346 [INFO] [Scan:liquidation_fade] trades=0 | cache hits=9 miss=11 err=0 | positions=0
2026-03-29 04:19:03,499 [INFO] [Scan:asymmetric_sniper] trades=0 | cache hits=0 miss=0 err=0 | positions=0
2026-03-29 04:19:23,594 [INFO] [Scan:cvd_spike] trades=0 | cache hits=2 miss=8 err=0 | positions=0
2026-03-29 04:19:34,786 [INFO] [Heartbeat] equity=$4614.31 | daily=7.71% | pos=0 | notional=$0.00 | kill=False
2026-03-29 04:20:00,149 [INFO] [Scan:liquidation_fade] trades=0 | cache hits=10 miss=0 err=0 | positions=0
2026-03-29 04:20:01,051 [INFO] [Scan:asymmetric_sniper] trades=0 | cache hits=8 miss=2 err=0 | positions=0
2026-03-29 04:20:04,443 [INFO] [CoinSelect] Volatility top 30 → 0 passed safety filter | rejected: 0
2026-03-29 04:20:09,829 [INFO] [SignalScan] 11 coins | 11 candidates
2026-03-29 04:20:20,306 [INFO] [Scan:cvd_spike] trades=0 | cache hits=10 miss=11 err=0 | positions=0
2026-03-29 04:20:31,481 [INFO] [Heartbeat] equity=$4614.31 | daily=7.71% | pos=0 | notional=$0.00 | kill=False
2026-03-29 04:20:57,848 [ERROR] [DataHub] OHLCV fetch failed AVAX/5m: binanceusdm 429 Too Many Requests {"code":-1003,"msg":"Too many requests; current limit of IP(15.158.3.5) is 6000 requests per minute. Please use the websocket for live updates to avoid polling the API."}
2026-03-29 04:21:00,002 [INFO] [Scan:liquidation_fade] trades=0 | cache hits=2 miss=10 err=1 | positions=0
2026-03-29 04:21:01,574 [INFO] [Scan:asymmetric_sniper] trades=0 | cache hits=0 miss=9 err=0 | positions=0
2026-03-29 04:21:17,317 [INFO] [Scan:cvd_spike] trades=0 | cache hits=9 miss=2 err=0 | positions=0
2026-03-29 04:21:28,155 [INFO] [Heartbeat] equity=$4614.31 | daily=7.71% | pos=0 | notional=$0.00 | kill=False
2026-03-29 04:21:57,034 [ERROR] [DataHub] OHLCV fetch failed DOGE/5m: binanceusdm 429 Too Many Requests {"code":-1003,"msg":"Too many requests; current limit of IP(15.158.3.5) is 6000 requests per minute. Please use the websocket for live updates to avoid polling the API."}
2026-03-29 04:21:57,136 [ERROR] [DataHub] OHLCV fetch failed ADA/5m: binanceusdm 429 Too Many Requests {"code":-1003,"msg":"Too many requests; current limit of IP(15.158.3.5) is 6000 requests per minute. Please use the websocket for live updates to avoid polling the API."}
2026-03-29 04:21:57,230 [ERROR] [DataHub] OHLCV fetch failed ETH/5m: binanceusdm 429 Too Many Requests {"code":-1003,"msg":"Too many requests; current limit of IP(15.158.3.5) is 6000 requests per minute. Please use the websocket for live updates to avoid polling the API."}
2026-03-29 04:21:57,654 [INFO] [Scan:liquidation_fade] trades=0 | cache hits=2 miss=6 err=3 | positions=0
2026-03-29 04:21:59,164 [INFO] [Scan:asymmetric_sniper] trades=0 | cache hits=10 miss=1 err=0 | positions=0
2026-03-29 04:22:14,923 [INFO] [Scan:cvd_spike] trades=0 | cache hits=3 miss=8 err=0 | positions=0
2026-03-29 04:22:24,881 [INFO] [Heartbeat] equity=$4614.31 | daily=7.71% | pos=0 | notional=$0.00 | kill=False
2026-03-29 04:22:54,889 [INFO] [Scan:liquidation_fade] trades=0 | cache hits=6 miss=5 err=0 | positions=0
2026-03-29 04:22:56,817 [INFO] [Scan:asymmetric_sniper] trades=0 | cache hits=9 miss=2 err=0 | positions=0
2026-03-29 04:23:14,299 [INFO] [Scan:cvd_spike] trades=0 | cache hits=2 miss=9 err=0 | positions=0
2026-03-29 04:23:21,589 [INFO] [Heartbeat] equity=$4614.31 | daily=7.71% | pos=0 | notional=$0.00 | kill=False
2026-03-29 04:23:52,227 [INFO] [Scan:liquidation_fade] trades=0 | cache hits=5 miss=6 err=0 | positions=0
2026-03-29 04:23:54,134 [INFO] [OP] ASYMMETRIC SNIPER -> LONG | z=-1.81 strength=1893.391
2026-03-29 04:23:54,671 [INFO] [Leverage] OP set to 5x (isolated)
2026-03-29 04:24:11,809 [INFO] [Scan:cvd_spike] trades=0 | cache hits=20 miss=3 err=0 | positions=0
2026-03-29 04:24:15,702 [INFO] [WaitFill] OP timeout (20.0s), cancelling
2026-03-29 04:24:16,007 [INFO] [Scan:asymmetric_sniper] trades=0 | cache hits=0 miss=0 err=0 | positions=0
2026-03-29 04:24:18,299 [INFO] [Heartbeat] equity=$4614.31 | daily=7.71% | pos=0 | notional=$0.00 | kill=False
2026-03-29 04:24:49,430 [INFO] [Scan:liquidation_fade] trades=0 | cache hits=6 miss=5 err=0 | positions=0
2026-03-29 04:25:09,687 [INFO] [Scan:cvd_spike] trades=0 | cache hits=2 miss=9 err=0 | positions=0
2026-03-29 04:25:13,540 [INFO] [Scan:asymmetric_sniper] trades=0 | cache hits=9 miss=2 err=0 | positions=0
2026-03-29 04:25:16,648 [INFO] [Heartbeat] equity=$4614.31 | daily=7.71% | pos=0 | notional=$0.00 | kill=False
2026-03-29 04:25:48,884 [INFO] [Scan:liquidation_fade] trades=0 | cache hits=0 miss=11 err=0 | positions=0
2026-03-29 04:26:06,567 [INFO] [Scan:cvd_spike] trades=0 | cache hits=11 miss=0 err=0 | positions=0
2026-03-29 04:26:11,745 [INFO] [Scan:asymmetric_sniper] trades=0 | cache hits=2 miss=9 err=0 | positions=0
2026-03-29 04:26:13,324 [INFO] [Heartbeat] equity=$4614.31 | daily=7.71% | pos=0 | notional=$0.00 | kill=False
2026-03-29 04:26:45,528 [INFO] [Scan:liquidation_fade] trades=0 | cache hits=11 miss=0 err=0 | positions=0
2026-03-29 04:27:03,556 [INFO] [Scan:cvd_spike] trades=0 | cache hits=9 miss=2 err=0 | positions=0
2026-03-29 04:27:09,227 [INFO] [Scan:asymmetric_sniper] trades=0 | cache hits=10 miss=1 err=0 | positions=0
2026-03-29 04:27:10,028 [INFO] [Heartbeat] equity=$4614.31 | daily=7.71% | pos=0 | notional=$0.00 | kill=False
2026-03-29 04:27:43,378 [INFO] [Scan:liquidation_fade] trades=0 | cache hits=0 miss=11 err=0 | positions=0
2026-03-29 04:28:01,174 [INFO] [Scan:cvd_spike] trades=0 | cache hits=3 miss=8 err=0 | positions=0
2026-03-29 04:28:06,734 [INFO] [Heartbeat] equity=$4614.31 | daily=7.71% | pos=0 | notional=$0.00 | kill=False
2026-03-29 04:28:06,810 [INFO] [Scan:asymmetric_sniper] trades=0 | cache hits=9 miss=2 err=0 | positions=0
2026-03-29 04:28:40,088 [INFO] [Scan:liquidation_fade] trades=0 | cache hits=11 miss=0 err=0 | positions=0
2026-03-29 04:28:58,244 [INFO] [Scan:cvd_spike] trades=0 | cache hits=10 miss=1 err=0 | positions=0
2026-03-29 04:29:03,431 [INFO] [Heartbeat] equity=$4614.31 | daily=7.71% | pos=0 | notional=$0.00 | kill=False
2026-03-29 04:29:03,713 [INFO] [DOGE] ASYMMETRIC SNIPER -> LONG | z=-2.13 strength=67670.841
2026-03-29 04:29:05,479 [INFO] [Leverage] DOGE set to 5x (isolated)
2026-03-29 04:29:05,672 [WARNING] [Entry] DOGE Post-Only FAILED, fallback to limit: binanceusdm {"code":-5022,"msg":"Due to the order could not be executed as maker, the Post Only order will be rejected. The order will not be recorded in the order history"}
2026-03-29 04:29:08,778 [INFO] [MultiPos] Added asymmetric_sniper:DOGE: BUY DOGE @ 0.09204
2026-03-29 04:29:08,778 [INFO] [DOGE] 신규 종목 — SL/TP 등록 전 3.0s 대기 (margin mode 전파 대기)
2026-03-29 04:29:12,135 [INFO] [DOGE] Exchange SL registered @ 0.0914
2026-03-29 04:29:12,287 [INFO] [DOGE] Exchange TP registered @ 0.0940
2026-03-29 04:29:12,287 [INFO] [TradeLog] Entry skeleton saved: asymmetric_sniper_DOGE_0328_192912_0006
2026-03-29 04:29:12,762 [INFO] [TradeLog] Entry enriched: asymmetric_sniper_DOGE_0328_192912_0006
2026-03-29 04:29:12,763 [INFO] [DOGE] ENTRY BUY @ 0.0920 | qty=48891.0 | SL=0.0914(-0.67%) | TP=0.0940(+2.18%) | risk=$30.00 | notional=$4500.00 | fee≈$8.100(0.180%) | trade #6 today
2026-03-29 04:29:12,763 [INFO] [Scan:asymmetric_sniper] trades=1 | cache hits=3 miss=12 err=0 | positions=1
2026-03-29 04:29:12,763 [INFO] [asymmetric_sniper] TRADE: {'strategy': 'asymmetric_sniper', 'coin': 'DOGE', 'side': 'BUY', 'price': 0.09204, 'qty': 48891.0, 'sl': 0.09142639999999999, 'tp': 0.09404647200000002, 'trailing': True, 'risk_usdt': 29.999517600000285, 'rr_estimate': 0.05960141553361723}
2026-03-29 04:29:17,591 [ERROR] [SL] DOGE SELL @ 0.09143 failed: binanceusdm {"code":-4130,"msg":"An open stop or take profit order with GTE and closePosition in the direction is existing."}
2026-03-29 04:29:18,234 [ERROR] [SL] DOGE SELL @ 0.09143 failed: binanceusdm {"code":-4130,"msg":"An open stop or take profit order with GTE and closePosition in the direction is existing."}
2026-03-29 04:29:18,854 [ERROR] [SL] DOGE SELL @ 0.09143 failed: binanceusdm {"code":-1021,"msg":"Timestamp for this request was 1000ms ahead of the server's time."}
2026-03-29 04:29:18,854 [ERROR] [SL_FAIL] [Trail] DOGE new SL placement failed 3x: binanceusdm {"code":-1021,"msg":"Timestamp for this request was 1000ms ahead of the server's time."} — keeping OLD SL, software SL @ 0.0914
2026-03-29 04:29:37,833 [INFO] [Scan:liquidation_fade] trades=0 | cache hits=0 miss=10 err=0 | positions=1
2026-03-29 04:29:56,840 [INFO] [Scan:cvd_spike] trades=0 | cache hits=8 miss=2 err=0 | positions=1
2026-03-29 04:30:00,109 [INFO] [Heartbeat] equity=$4614.31 | daily=7.71% | pos=1 | notional=$4499.93 | kill=False
2026-03-29 04:30:09,456 [INFO] [Scan:asymmetric_sniper] trades=0 | cache hits=0 miss=0 err=0 | positions=1
2026-03-29 04:30:34,517 [INFO] [Scan:liquidation_fade] trades=0 | cache hits=10 miss=0 err=0 | positions=1
2026-03-29 04:30:54,417 [INFO] [Scan:cvd_spike] trades=0 | cache hits=2 miss=8 err=0 | positions=1
2026-03-29 04:30:58,466 [INFO] [Heartbeat] equity=$4614.31 | daily=7.71% | pos=1 | notional=$4499.93 | kill=False
2026-03-29 04:31:06,140 [INFO] [Scan:asymmetric_sniper] trades=0 | cache hits=0 miss=0 err=0 | positions=1
2026-03-29 04:31:32,206 [INFO] [Scan:liquidation_fade] trades=0 | cache hits=0 miss=10 err=0 | positions=1
2026-03-29 04:31:51,278 [ERROR] [DataHub] OHLCV fetch failed SOL/1m: binanceusdm 429 Too Many Requests {"code":-1003,"msg":"Too many requests; current limit of IP(15.158.3.49) is 6000 requests per minute. Please use the websocket for live updates to avoid polling the API."}
2026-03-29 04:31:51,380 [INFO] [Scan:cvd_spike] trades=0 | cache hits=8 miss=1 err=1 | positions=1
2026-03-29 04:31:55,115 [INFO] [Heartbeat] equity=$4614.31 | daily=7.71% | pos=1 | notional=$4499.93 | kill=False
2026-03-29 04:31:55,184 [INFO] [CoinSelect] Volatility top 30 → 1 passed safety filter | rejected: 0
2026-03-29 04:31:55,184 [INFO]   ✓ DOGE   vol%= 0.00% vol=$      0M spread= 0.0bps $0.0000
2026-03-29 04:31:55,184 [INFO] [CoinRefresh] 11 coins active (base=13 + selective=0) | +{} -{}
2026-03-29 04:32:02,834 [INFO] [Scan:asymmetric_sniper] trades=0 | cache hits=0 miss=0 err=0 | positions=1
2026-03-29 04:32:12,819 [ERROR] [SL] DOGE SELL @ 0.09206 failed: binanceusdm {"code":-4130,"msg":"An open stop or take profit order with GTE and closePosition in the direction is existing."}
2026-03-29 04:32:13,432 [ERROR] [SL] DOGE SELL @ 0.09206 failed: binanceusdm {"code":-4130,"msg":"An open stop or take profit order with GTE and closePosition in the direction is existing."}
2026-03-29 04:32:14,064 [ERROR] [SL] DOGE SELL @ 0.09206 failed: binanceusdm {"code":-4130,"msg":"An open stop or take profit order with GTE and closePosition in the direction is existing."}
2026-03-29 04:32:14,065 [WARNING] [Trail] DOGE duplicate SL order (-4130), old SL still active — skipping update
2026-03-29 04:32:29,951 [INFO] [Scan:liquidation_fade] trades=0 | cache hits=0 miss=10 err=0 | positions=1
2026-03-29 04:32:48,925 [ERROR] [DataHub] OHLCV fetch failed ARB/1m: binanceusdm 429 Too Many Requests {"code":-1003,"msg":"Too many requests; current limit of IP(15.158.3.49) is 6000 requests per minute. Please use the websocket for live updates to avoid polling the API."}
2026-03-29 04:32:49,136 [INFO] [Scan:cvd_spike] trades=0 | cache hits=1 miss=8 err=1 | positions=1
2026-03-29 04:32:51,846 [INFO] [Heartbeat] equity=$4614.31 | daily=7.71% | pos=1 | notional=$4499.93 | kill=False
2026-03-29 04:33:01,982 [INFO] [Scan:asymmetric_sniper] trades=0 | cache hits=8 miss=2 err=0 | positions=1
2026-03-29 04:33:28,417 [INFO] [Scan:liquidation_fade] trades=0 | cache hits=9 miss=1 err=0 | positions=1
2026-03-29 04:33:45,960 [INFO] [Scan:cvd_spike] trades=0 | cache hits=10 miss=0 err=0 | positions=1
2026-03-29 04:33:48,553 [INFO] [Heartbeat] equity=$4614.31 | daily=7.71% | pos=1 | notional=$4499.93 | kill=False
2026-03-29 04:33:58,837 [ERROR] [DataHub] OHLCV fetch failed SOL/1m: binanceusdm 429 Too Many Requests {"code":-1003,"msg":"Too many requests; current limit of IP(15.158.3.49) is 6000 requests per minute. Please use the websocket for live updates to avoid polling the API."}
2026-03-29 04:33:59,042 [ERROR] [DataHub] OHLCV fetch failed ETH/1m: binanceusdm 429 Too Many Requests {"code":-1003,"msg":"Too many requests; current limit of IP(15.158.3.49) is 6000 requests per minute. Please use the websocket for live updates to avoid polling the API."}
2026-03-29 04:33:59,346 [ERROR] [DataHub] OHLCV fetch failed AVAX/1m: binanceusdm 429 Too Many Requests {"code":-1003,"msg":"Too many requests; current limit of IP(15.158.3.49) is 6000 requests per minute. Please use the websocket for live updates to avoid polling the API."}
2026-03-29 04:34:00,057 [INFO] [Scan:asymmetric_sniper] trades=0 | cache hits=2 miss=5 err=3 | positions=1
2026-03-29 04:34:23,683 [INFO] [CoinSelect] Volatility top 30 → 0 passed safety filter | rejected: 0
2026-03-29 04:34:26,802 [INFO] [Scan:liquidation_fade] trades=0 | cache hits=1 miss=10 err=0 | positions=1
2026-03-29 04:34:30,019 [INFO] [SignalScan] 11 coins | 11 candidates
2026-03-29 04:34:43,224 [INFO] [Scan:cvd_spike] trades=0 | cache hits=5 miss=15 err=0 | positions=1
2026-03-29 04:34:45,210 [INFO] [Heartbeat] equity=$4614.31 | daily=7.71% | pos=1 | notional=$4499.93 | kill=False
2026-03-29 04:34:57,311 [INFO] [Scan:asymmetric_sniper] trades=0 | cache hits=10 miss=0 err=0 | positions=1
2026-03-29 04:35:23,560 [INFO] [Scan:liquidation_fade] trades=0 | cache hits=9 miss=1 err=0 | positions=1
2026-03-29 04:35:40,431 [INFO] [Scan:cvd_spike] trades=0 | cache hits=5 miss=5 err=0 | positions=1
2026-03-29 04:35:41,886 [INFO] [Heartbeat] equity=$4614.31 | daily=7.71% | pos=1 | notional=$4499.93 | kill=False
2026-03-29 04:35:55,104 [INFO] [Scan:asymmetric_sniper] trades=0 | cache hits=5 miss=5 err=0 | positions=1
2026-03-29 04:36:21,186 [INFO] [Scan:liquidation_fade] trades=0 | cache hits=1 miss=9 err=0 | positions=1
2026-03-29 04:36:37,145 [INFO] [Scan:cvd_spike] trades=0 | cache hits=10 miss=0 err=0 | positions=1
2026-03-29 04:36:38,586 [INFO] [Heartbeat] equity=$4614.31 | daily=7.71% | pos=1 | notional=$4499.93 | kill=False
2026-03-29 04:36:52,869 [INFO] [Scan:asymmetric_sniper] trades=0 | cache hits=5 miss=5 err=0 | positions=1
2026-03-29 04:37:17,979 [INFO] [Scan:liquidation_fade] trades=0 | cache hits=9 miss=1 err=0 | positions=1
2026-03-29 04:37:36,021 [INFO] [Scan:cvd_spike] trades=0 | cache hits=5 miss=5 err=0 | positions=1
2026-03-29 04:37:36,929 [INFO] [Heartbeat] equity=$4614.31 | daily=7.71% | pos=1 | notional=$4499.93 | kill=False
2026-03-29 04:37:50,133 [INFO] [Scan:asymmetric_sniper] trades=0 | cache hits=10 miss=0 err=0 | positions=1
2026-03-29 04:38:15,554 [INFO] [Scan:liquidation_fade] trades=0 | cache hits=1 miss=9 err=0 | positions=1
2026-03-29 04:38:33,219 [INFO] [Scan:cvd_spike] trades=0 | cache hits=5 miss=5 err=0 | positions=1
2026-03-29 04:38:33,607 [INFO] [Heartbeat] equity=$4614.31 | daily=7.71% | pos=1 | notional=$4499.93 | kill=False
2026-03-29 04:38:47,891 [INFO] [Scan:asymmetric_sniper] trades=0 | cache hits=5 miss=5 err=0 | positions=1
2026-03-29 04:39:12,345 [INFO] [Scan:liquidation_fade] trades=0 | cache hits=9 miss=1 err=0 | positions=1
2026-03-29 04:39:30,045 [INFO] [Scan:cvd_spike] trades=0 | cache hits=10 miss=0 err=0 | positions=1
2026-03-29 04:39:30,288 [INFO] [Heartbeat] equity=$4614.31 | daily=7.71% | pos=1 | notional=$4499.93 | kill=False
2026-03-29 04:39:45,681 [INFO] [SUI] ASYMMETRIC SNIPER -> SHORT | z=2.42 strength=-147.444
2026-03-29 04:39:46,148 [INFO] [Leverage] SUI set to 5x (isolated)
2026-03-29 04:39:46,341 [ERROR] [Entry] SUI SELL failed: binanceusdm {"code":-2019,"msg":"Margin is insufficient."}
2026-03-29 04:39:46,341 [INFO] [Scan:asymmetric_sniper] trades=0 | cache hits=5 miss=6 err=0 | positions=1
2026-03-29 04:40:11,686 [INFO] [Scan:liquidation_fade] trades=0 | cache hits=0 miss=10 err=0 | positions=1
2026-03-29 04:40:26,932 [INFO] [Heartbeat] equity=$4614.31 | daily=7.71% | pos=1 | notional=$4499.93 | kill=False
2026-03-29 04:40:27,379 [INFO] [Scan:cvd_spike] trades=0 | cache hits=5 miss=5 err=0 | positions=1
2026-03-29 04:40:45,709 [INFO] [Scan:asymmetric_sniper] trades=0 | cache hits=5 miss=5 err=0 | positions=1
2026-03-29 04:41:08,372 [INFO] [Scan:liquidation_fade] trades=0 | cache hits=10 miss=0 err=0 | positions=1
2026-03-29 04:41:23,679 [INFO] [Heartbeat] equity=$4614.31 | daily=7.71% | pos=1 | notional=$4499.93 | kill=False
2026-03-29 04:41:24,253 [INFO] [Scan:cvd_spike] trades=0 | cache hits=10 miss=0 err=0 | positions=1
2026-03-29 04:41:45,665 [INFO] [Scan:asymmetric_sniper] trades=0 | cache hits=0 miss=10 err=0 | positions=1
2026-03-29 04:42:06,136 [INFO] [Scan:liquidation_fade] trades=0 | cache hits=0 miss=10 err=0 | positions=1
2026-03-29 04:42:20,369 [INFO] [Heartbeat] equity=$4614.31 | daily=7.71% | pos=1 | notional=$4499.93 | kill=False
2026-03-29 04:42:20,950 [INFO] [Scan:cvd_spike] trades=0 | cache hits=10 miss=0 err=0 | positions=1
2026-03-29 04:42:43,230 [INFO] [Scan:asymmetric_sniper] trades=0 | cache hits=8 miss=2 err=0 | positions=1
2026-03-29 04:42:47,009 [INFO] [MonitorV2] DOGE SL HIT: 0.0922 vs 0.0922
2026-03-29 04:42:47,306 [ERROR] [Cancel] DOGE algo cancel failed: binanceusdm {"code":-1021,"msg":"Timestamp for this request was 1000ms ahead of the server's time."}
2026-03-29 04:42:47,306 [INFO] [MonitorV2] DOGE exchange SL order cancelled
2026-03-29 04:42:47,605 [ERROR] [Cancel] DOGE algo cancel failed: binanceusdm {"code":-1021,"msg":"Timestamp for this request was 1000ms ahead of the server's time."}
2026-03-29 04:42:47,605 [INFO] [MonitorV2] DOGE exchange TP order cancelled
2026-03-29 04:42:47,704 [ERROR] [MKT_CLOSE] DOGE SELL failed: binanceusdm {"code":-1021,"msg":"Timestamp for this request was 1000ms ahead of the server's time."}
2026-03-29 04:42:47,704 [INFO] [PortRisk] asymmetric_sniper PnL: +0.3717 | equity: 4614.68 | daily: 7.71%
2026-03-29 04:42:48,190 [INFO] [TradeLog] asymmetric_sniper_DOGE_0328_192912_0006 closed: pnl=+0.18% net=+0.0045% fee=8.1074$ drag=0.180% reason=SL_HIT bars=14 mfe=0.23% mae=-0.01% mfe/trail=5.74 btc=BEAR vs_btc=COUNTER
2026-03-29 04:42:48,191 [INFO] [MultiPos] Removed asymmetric_sniper:DOGE
2026-03-29 04:42:48,191 [INFO] [Close] ✅ asymmetric_sniper:DOGE SL_HIT | PnL=+8.4791 net=+0.3717 fee=8.1074 | entry=0.0920 exit=0.0922 | bars=14 | mfe=0.23% mae=-0.01%
2026-03-29 04:43:02,836 [INFO] [Scan:liquidation_fade] trades=0 | cache hits=10 miss=1 err=0 | positions=0
2026-03-29 04:43:18,724 [INFO] [Heartbeat] equity=$4614.68 | daily=7.71% | pos=0 | notional=$0.00 | kill=False
2026-03-29 04:43:18,657 [INFO] [Scan:cvd_spike] trades=0 | cache hits=2 miss=8 err=0 | positions=0
2026-03-29 04:43:40,492 [INFO] [Scan:asymmetric_sniper] trades=0 | cache hits=10 miss=0 err=0 | positions=0
2026-03-29 04:43:59,823 [ERROR] [DataHub] OHLCV fetch failed ADA/5m: binanceusdm 429 Too Many Requests {"code":-1003,"msg":"Too many requests; current limit of IP(15.158.3.43) is 6000 requests per minute. Please use the websocket for live updates to avoid polling the API."}
2026-03-29 04:44:00,529 [INFO] [Scan:liquidation_fade] trades=0 | cache hits=0 miss=9 err=1 | positions=0
2026-03-29 04:44:15,388 [INFO] [Heartbeat] equity=$4614.68 | daily=7.71% | pos=0 | notional=$0.00 | kill=False
2026-03-29 04:44:18,096 [INFO] [Scan:cvd_spike] trades=0 | cache hits=0 miss=10 err=0 | positions=0
2026-03-29 04:44:37,815 [INFO] [Scan:asymmetric_sniper] trades=0 | cache hits=10 miss=0 err=0 | positions=0
2026-03-29 04:44:57,356 [INFO] [Scan:liquidation_fade] trades=0 | cache hits=9 miss=1 err=0 | positions=0
2026-03-29 04:45:12,064 [INFO] [Heartbeat] equity=$4614.68 | daily=7.71% | pos=0 | notional=$0.00 | kill=False
2026-03-29 04:45:14,783 [INFO] [Scan:cvd_spike] trades=0 | cache hits=10 miss=0 err=0 | positions=0
2026-03-29 04:45:36,111 [INFO] [Scan:asymmetric_sniper] trades=0 | cache hits=0 miss=10 err=0 | positions=0
2026-03-29 04:45:54,980 [INFO] [Scan:liquidation_fade] trades=0 | cache hits=1 miss=9 err=0 | positions=0
2026-03-29 04:46:06,259 [INFO] [EVGuardian] momentum_breakout: EV=0.0000% tp_rate=0.0% n=7 ok
2026-03-29 04:46:06,259 [INFO] [EVGuardian] cvd_spike: EV=0.0000% tp_rate=0.0% n=66 ok
2026-03-29 04:46:06,259 [INFO] [EVGuardian] asymmetric_sniper: EV=0.0000% tp_rate=0.0% n=30 ok
2026-03-29 04:46:06,259 [INFO] [EVGuardian] liquidation_fade: EV=0.0000% tp_rate=0.0% n=25 ok
2026-03-29 04:46:08,756 [INFO] [Heartbeat] equity=$4614.68 | daily=7.71% | pos=0 | notional=$0.00 | kill=False
2026-03-29 04:46:09,043 [INFO] [CoinSelect] Volatility top 30 → 0 passed safety filter | rejected: 0
2026-03-29 04:46:09,048 [INFO] [CoinRefresh] 11 coins active (base=13 + selective=0) | +{} -{}
2026-03-29 04:46:13,541 [INFO] [Scan:cvd_spike] trades=0 | cache hits=10 miss=0 err=0 | positions=0
2026-03-29 04:46:33,763 [INFO] [Scan:asymmetric_sniper] trades=0 | cache hits=7 miss=3 err=0 | positions=0
2026-03-29 04:46:54,377 [INFO] [Scan:liquidation_fade] trades=0 | cache hits=0 miss=10 err=0 | positions=0
2026-03-29 04:47:05,467 [INFO] [Heartbeat] equity=$4614.68 | daily=7.71% | pos=0 | notional=$0.00 | kill=False
2026-03-29 04:47:11,035 [INFO] [Scan:cvd_spike] trades=0 | cache hits=3 miss=7 err=0 | positions=0
2026-03-29 04:47:31,108 [INFO] [Scan:asymmetric_sniper] trades=0 | cache hits=10 miss=0 err=0 | positions=0
2026-03-29 04:47:51,067 [INFO] [Scan:liquidation_fade] trades=0 | cache hits=10 miss=0 err=0 | positions=0
2026-03-29 04:48:02,161 [INFO] [Heartbeat] equity=$4614.68 | daily=7.71% | pos=0 | notional=$0.00 | kill=False
2026-03-29 04:48:08,105 [INFO] [Scan:cvd_spike] trades=0 | cache hits=7 miss=3 err=0 | positions=0
2026-03-29 04:48:29,238 [INFO] [Scan:asymmetric_sniper] trades=0 | cache hits=3 miss=7 err=0 | positions=0
2026-03-29 04:48:43,672 [INFO] [CoinSelect] Volatility top 30 → 0 passed safety filter | rejected: 0
2026-03-29 04:48:49,158 [INFO] [Scan:liquidation_fade] trades=0 | cache hits=0 miss=18 err=0 | positions=0
2026-03-29 04:48:49,846 [INFO] [SignalScan] 11 coins | 10 candidates
2026-03-29 04:48:58,816 [INFO] [Heartbeat] equity=$4614.68 | daily=7.71% | pos=0 | notional=$0.00 | kill=False
2026-03-29 04:49:04,771 [INFO] [Scan:cvd_spike] trades=0 | cache hits=10 miss=3 err=0 | positions=0
2026-03-29 04:49:29,338 [INFO] [Scan:asymmetric_sniper] trades=0 | cache hits=0 miss=10 err=0 | positions=0
2026-03-29 04:49:45,842 [INFO] [Scan:liquidation_fade] trades=0 | cache hits=10 miss=0 err=0 | positions=0
2026-03-29 04:49:57,158 [INFO] [Heartbeat] equity=$4614.68 | daily=7.71% | pos=0 | notional=$0.00 | kill=False
2026-03-29 04:50:01,464 [INFO] [Scan:cvd_spike] trades=0 | cache hits=10 miss=0 err=0 | positions=0
2026-03-29 04:50:29,245 [INFO] [Scan:asymmetric_sniper] trades=0 | cache hits=0 miss=10 err=0 | positions=0
2026-03-29 04:50:43,520 [INFO] [Scan:liquidation_fade] trades=0 | cache hits=0 miss=10 err=0 | positions=0
2026-03-29 04:50:53,801 [INFO] [Heartbeat] equity=$4614.68 | daily=7.71% | pos=0 | notional=$0.00 | kill=False
2026-03-29 04:50:59,787 [INFO] [Scan:cvd_spike] trades=0 | cache hits=10 miss=0 err=0 | positions=0
2026-03-29 04:51:26,652 [INFO] [Scan:asymmetric_sniper] trades=0 | cache hits=9 miss=1 err=0 | positions=0
2026-03-29 04:51:40,260 [INFO] [Scan:liquidation_fade] trades=0 | cache hits=10 miss=0 err=0 | positions=0
2026-03-29 04:51:50,517 [INFO] [Heartbeat] equity=$4614.68 | daily=7.71% | pos=0 | notional=$0.00 | kill=False
2026-03-29 04:51:57,478 [ERROR] [DataHub] OHLCV fetch failed SUI/1m: binanceusdm 429 Too Many Requests {"code":-1003,"msg":"Too many requests; current limit of IP(15.158.3.22) is 6000 requests per minute. Please use the websocket for live updates to avoid polling the API."}
2026-03-29 04:51:57,480 [INFO] [Scan:cvd_spike] trades=0 | cache hits=1 miss=8 err=1 | positions=0
2026-03-29 04:52:24,246 [INFO] [Scan:asymmetric_sniper] trades=0 | cache hits=9 miss=1 err=0 | positions=0
2026-03-29 04:52:37,966 [INFO] [Scan:liquidation_fade] trades=0 | cache hits=0 miss=10 err=0 | positions=0
2026-03-29 04:52:47,198 [INFO] [Heartbeat] equity=$4614.68 | daily=7.71% | pos=0 | notional=$0.00 | kill=False
2026-03-29 04:52:54,359 [INFO] [Scan:cvd_spike] trades=0 | cache hits=9 miss=1 err=0 | positions=0
2026-03-29 04:53:22,400 [INFO] [ARB] ASYMMETRIC SNIPER -> LONG | z=-1.81 strength=2059.615
2026-03-29 04:53:22,883 [INFO] [Leverage] ARB set to 5x (isolated)
2026-03-29 04:53:23,072 [ERROR] [Entry] ARB BUY failed: binanceusdm {"code":-2019,"msg":"Margin is insufficient."}
2026-03-29 04:53:23,072 [INFO] [Scan:asymmetric_sniper] trades=0 | cache hits=2 miss=9 err=0 | positions=0
2026-03-29 04:53:34,637 [INFO] [Scan:liquidation_fade] trades=0 | cache hits=10 miss=0 err=0 | positions=0
2026-03-29 04:53:43,871 [INFO] [Heartbeat] equity=$4614.68 | daily=7.71% | pos=0 | notional=$0.00 | kill=False
2026-03-29 04:53:51,391 [INFO] [Scan:cvd_spike] trades=0 | cache hits=9 miss=1 err=0 | positions=0
2026-03-29 04:54:20,643 [INFO] [ARB] ASYMMETRIC SNIPER -> LONG | z=-1.81 strength=2059.615
2026-03-29 04:54:21,398 [INFO] [Leverage] ARB set to 5x (isolated)
2026-03-29 04:54:21,601 [ERROR] [Entry] ARB BUY failed: binanceusdm {"code":-2019,"msg":"Margin is insufficient."}
2026-03-29 04:54:21,602 [INFO] [Scan:asymmetric_sniper] trades=0 | cache hits=3 miss=8 err=0 | positions=0
2026-03-29 04:54:34,095 [INFO] [Scan:liquidation_fade] trades=0 | cache hits=0 miss=10 err=0 | positions=0
2026-03-29 04:54:40,556 [INFO] [Heartbeat] equity=$4614.68 | daily=7.71% | pos=0 | notional=$0.00 | kill=False
2026-03-29 04:54:48,280 [ERROR] [DataHub] OHLCV fetch failed OP/1m: binanceusdm 429 Too Many Requests {"code":-1003,"msg":"Too many requests; current limit of IP(15.158.3.45) is 6000 requests per minute. Please use the websocket for live updates to avoid polling the API."}
2026-03-29 04:54:48,340 [ERROR] [DataHub] OHLCV fetch failed ARB/1m: binanceusdm 429 Too Many Requests {"code":-1003,"msg":"Too many requests; current limit of IP(15.158.3.45) is 6000 requests per minute. Please use the websocket for live updates to avoid polling the API."}
2026-03-29 04:54:48,497 [INFO] [Scan:cvd_spike] trades=0 | cache hits=8 miss=0 err=2 | positions=0
2026-03-29 04:55:19,700 [INFO] [Scan:asymmetric_sniper] trades=0 | cache hits=2 miss=8 err=0 | positions=0
2026-03-29 04:55:30,836 [INFO] [Scan:liquidation_fade] trades=0 | cache hits=10 miss=0 err=0 | positions=0
2026-03-29 04:55:38,928 [INFO] [Heartbeat] equity=$4614.68 | daily=7.71% | pos=0 | notional=$0.00 | kill=False
2026-03-29 04:55:45,534 [INFO] [Scan:cvd_spike] trades=0 | cache hits=8 miss=2 err=0 | positions=0
2026-03-29 04:56:16,977 [INFO] [Scan:asymmetric_sniper] trades=0 | cache hits=10 miss=0 err=0 | positions=0
2026-03-29 04:56:28,508 [INFO] [Scan:liquidation_fade] trades=0 | cache hits=0 miss=10 err=0 | positions=0
2026-03-29 04:56:35,598 [INFO] [Heartbeat] equity=$4614.68 | daily=7.71% | pos=0 | notional=$0.00 | kill=False
2026-03-29 04:56:43,229 [INFO] [Scan:cvd_spike] trades=0 | cache hits=2 miss=8 err=0 | positions=0
2026-03-29 04:57:14,490 [INFO] [Scan:asymmetric_sniper] trades=0 | cache hits=8 miss=2 err=0 | positions=0
2026-03-29 04:57:25,220 [INFO] [Scan:liquidation_fade] trades=0 | cache hits=10 miss=0 err=0 | positions=0
2026-03-29 04:57:32,260 [INFO] [Heartbeat] equity=$4614.68 | daily=7.71% | pos=0 | notional=$0.00 | kill=False
2026-03-29 04:57:40,868 [INFO] [Scan:cvd_spike] trades=0 | cache hits=2 miss=8 err=0 | positions=0
2026-03-29 04:58:13,803 [INFO] [Scan:asymmetric_sniper] trades=0 | cache hits=8 miss=3 err=0 | positions=0
2026-03-29 04:58:23,032 [INFO] [Scan:liquidation_fade] trades=0 | cache hits=0 miss=11 err=0 | positions=0
2026-03-29 04:58:28,964 [INFO] [Heartbeat] equity=$4614.68 | daily=7.71% | pos=0 | notional=$0.00 | kill=False
2026-03-29 04:58:39,484 [INFO] [Scan:cvd_spike] trades=0 | cache hits=11 miss=0 err=0 | positions=0
2026-03-29 04:59:13,975 [INFO] [Scan:asymmetric_sniper] trades=0 | cache hits=0 miss=11 err=0 | positions=0
2026-03-29 04:59:19,853 [INFO] [Scan:liquidation_fade] trades=0 | cache hits=11 miss=0 err=0 | positions=0
2026-03-29 04:59:25,654 [INFO] [Heartbeat] equity=$4614.68 | daily=7.71% | pos=0 | notional=$0.00 | kill=False
2026-03-29 04:59:36,222 [INFO] [Scan:cvd_spike] trades=0 | cache hits=11 miss=0 err=0 | positions=0
2026-03-29 05:00:11,714 [INFO] [Scan:asymmetric_sniper] trades=0 | cache hits=7 miss=4 err=0 | positions=0
2026-03-29 05:00:17,647 [INFO] [Scan:liquidation_fade] trades=0 | cache hits=0 miss=11 err=0 | positions=0
2026-03-29 05:00:22,338 [INFO] [Heartbeat] equity=$4614.68 | daily=7.71% | pos=0 | notional=$0.00 | kill=False
2026-03-29 05:00:22,667 [INFO] [CoinSelect] Volatility top 30 → 0 passed safety filter | rejected: 0
2026-03-29 05:00:22,668 [INFO] [CoinRefresh] 11 coins active (base=13 + selective=0) | +{} -{}
2026-03-29 05:00:35,605 [INFO] [Scan:cvd_spike] trades=0 | cache hits=4 miss=7 err=0 | positions=0
2026-03-29 05:01:09,145 [INFO] [Scan:asymmetric_sniper] trades=0 | cache hits=11 miss=0 err=0 | positions=0
2026-03-29 05:01:17,109 [INFO] [Scan:liquidation_fade] trades=0 | cache hits=0 miss=11 err=0 | positions=0
2026-03-29 05:01:19,010 [INFO] [Heartbeat] equity=$4614.68 | daily=7.71% | pos=0 | notional=$0.00 | kill=False
2026-03-29 05:01:32,763 [INFO] [Scan:cvd_spike] trades=0 | cache hits=7 miss=4 err=0 | positions=0
2026-03-29 05:02:06,972 [INFO] [ETH] ASYMMETRIC SNIPER -> SHORT | z=2.34 strength=-0.851
2026-03-29 05:02:07,680 [INFO] [Leverage] ETH set to 5x (isolated)
2026-03-29 05:02:07,871 [ERROR] [Entry] ETH SELL failed: binanceusdm {"code":-2019,"msg":"Margin is insufficient."}
2026-03-29 05:02:07,871 [INFO] [Scan:asymmetric_sniper] trades=0 | cache hits=4 miss=8 err=0 | positions=0
2026-03-29 05:02:13,800 [INFO] [Scan:liquidation_fade] trades=0 | cache hits=11 miss=0 err=0 | positions=0
2026-03-29 05:02:17,380 [INFO] [Heartbeat] equity=$4614.68 | daily=7.71% | pos=0 | notional=$0.00 | kill=False
2026-03-29 05:02:29,830 [INFO] [Scan:cvd_spike] trades=0 | cache hits=11 miss=0 err=0 | positions=0
2026-03-29 05:03:03,472 [INFO] [CoinSelect] Volatility top 30 → 0 passed safety filter | rejected: 0
2026-03-29 05:03:07,140 [INFO] [ETH] ASYMMETRIC SNIPER -> SHORT | z=2.34 strength=-0.851
2026-03-29 05:03:08,008 [INFO] [Leverage] ETH set to 5x (isolated)
2026-03-29 05:03:08,834 [ERROR] [Entry] ETH SELL failed: binanceusdm {"code":-2019,"msg":"Margin is insufficient."}
2026-03-29 05:03:08,835 [INFO] [Scan:asymmetric_sniper] trades=0 | cache hits=4 miss=15 err=0 | positions=0
2026-03-29 05:03:09,964 [INFO] [SignalScan] 11 coins | 10 candidates
2026-03-29 05:03:11,778 [INFO] [Scan:liquidation_fade] trades=0 | cache hits=0 miss=15 err=0 | positions=0
2026-03-29 05:03:14,070 [INFO] [Heartbeat] equity=$4614.68 | daily=7.71% | pos=0 | notional=$0.00 | kill=False
2026-03-29 05:03:27,076 [INFO] [Scan:cvd_spike] trades=0 | cache hits=7 miss=4 err=0 | positions=0
2026-03-29 05:04:06,902 [INFO] [Scan:asymmetric_sniper] trades=0 | cache hits=4 miss=7 err=0 | positions=0
2026-03-29 05:04:08,462 [INFO] [Scan:liquidation_fade] trades=0 | cache hits=11 miss=0 err=0 | positions=0
2026-03-29 05:04:10,757 [INFO] [Heartbeat] equity=$4614.68 | daily=7.71% | pos=0 | notional=$0.00 | kill=False
2026-03-29 05:04:24,041 [INFO] [Scan:cvd_spike] trades=0 | cache hits=11 miss=0 err=0 | positions=0
2026-03-29 05:05:04,633 [INFO] [Scan:asymmetric_sniper] trades=0 | cache hits=7 miss=4 err=0 | positions=0
2026-03-29 05:05:06,243 [INFO] [Scan:liquidation_fade] trades=0 | cache hits=0 miss=11 err=0 | positions=0
2026-03-29 05:05:07,416 [INFO] [Heartbeat] equity=$4614.68 | daily=7.71% | pos=0 | notional=$0.00 | kill=False
2026-03-29 05:05:23,408 [INFO] [Scan:cvd_spike] trades=0 | cache hits=4 miss=7 err=0 | positions=0
2026-03-29 05:06:02,049 [INFO] [Scan:asymmetric_sniper] trades=0 | cache hits=11 miss=0 err=0 | positions=0
2026-03-29 05:06:02,986 [INFO] [Scan:liquidation_fade] trades=0 | cache hits=11 miss=0 err=0 | positions=0
2026-03-29 05:06:04,148 [INFO] [Heartbeat] equity=$4614.68 | daily=7.71% | pos=0 | notional=$0.00 | kill=False
2026-03-29 05:06:20,962 [INFO] [Scan:cvd_spike] trades=0 | cache hits=7 miss=4 err=0 | positions=0
2026-03-29 05:06:59,672 [INFO] [SUI] ASYMMETRIC SNIPER -> SHORT | z=5.07 strength=-29.706
2026-03-29 05:07:00,810 [INFO] [Heartbeat] equity=$4614.68 | daily=7.71% | pos=0 | notional=$0.00 | kill=False
2026-03-29 05:07:01,126 [INFO] [Scan:liquidation_fade] trades=0 | cache hits=4 miss=18 err=0 | positions=0
2026-03-29 05:07:01,484 [INFO] [Leverage] SUI set to 5x (isolated)
2026-03-29 05:07:01,674 [ERROR] [Entry] SUI SELL failed: binanceusdm {"code":-2019,"msg":"Margin is insufficient."}
2026-03-29 05:07:01,674 [INFO] [Scan:asymmetric_sniper] trades=0 | cache hits=0 miss=1 err=0 | positions=0
2026-03-29 05:07:18,014 [INFO] [Scan:cvd_spike] trades=0 | cache hits=11 miss=0 err=0 | positions=0
2026-03-29 05:07:59,185 [INFO] [Heartbeat] equity=$4614.68 | daily=7.71% | pos=0 | notional=$0.00 | kill=False
2026-03-29 05:07:57,825 [INFO] [Scan:liquidation_fade] trades=0 | cache hits=11 miss=0 err=0 | positions=0
2026-03-29 05:08:00,127 [INFO] [Scan:asymmetric_sniper] trades=0 | cache hits=0 miss=11 err=0 | positions=0
2026-03-29 05:08:14,860 [INFO] [Scan:cvd_spike] trades=0 | cache hits=11 miss=0 err=0 | positions=0
2026-03-29 05:08:55,874 [INFO] [Heartbeat] equity=$4614.68 | daily=7.71% | pos=0 | notional=$0.00 | kill=False
2026-03-29 05:08:56,852 [ERROR] [DataHub] OHLCV fetch failed DOT/5m: binanceusdm 429 Too Many Requests {"code":-1003,"msg":"Too many requests; current limit of IP(15.158.3.22) is 6000 requests per minute. Please use the websocket for live updates to avoid polling the API."}
2026-03-29 05:08:57,262 [INFO] [Scan:liquidation_fade] trades=0 | cache hits=0 miss=10 err=1 | positions=0
2026-03-29 05:09:00,710 [INFO] [SUI] ASYMMETRIC SNIPER -> SHORT | z=3.47 strength=-10.133
2026-03-29 05:09:01,069 [INFO] [Leverage] SUI set to 5x (isolated)
2026-03-29 05:09:01,272 [ERROR] [Entry] SUI SELL failed: binanceusdm {"code":-2019,"msg":"Margin is insufficient."}
2026-03-29 05:09:01,273 [INFO] [Scan:asymmetric_sniper] trades=0 | cache hits=0 miss=12 err=0 | positions=0
2026-03-29 05:09:11,979 [INFO] [Scan:cvd_spike] trades=0 | cache hits=11 miss=0 err=0 | positions=0
2026-03-29 05:09:52,563 [INFO] [Heartbeat] equity=$4614.68 | daily=7.71% | pos=0 | notional=$0.00 | kill=False
2026-03-29 05:09:54,111 [INFO] [Scan:liquidation_fade] trades=0 | cache hits=10 miss=1 err=0 | positions=0
2026-03-29 05:10:01,431 [INFO] [SUI] ASYMMETRIC SNIPER -> SHORT | z=3.47 strength=-10.133
2026-03-29 05:10:01,799 [INFO] [Leverage] SUI set to 5x (isolated)
2026-03-29 05:10:02,019 [ERROR] [Entry] SUI SELL failed: binanceusdm {"code":-1021,"msg":"Timestamp for this request was 1000ms ahead of the server's time."}
2026-03-29 05:10:02,019 [INFO] [Scan:asymmetric_sniper] trades=0 | cache hits=0 miss=12 err=0 | positions=0
2026-03-29 05:10:09,033 [INFO] [Scan:cvd_spike] trades=0 | cache hits=11 miss=0 err=0 | positions=0
2026-03-29 05:10:49,253 [INFO] [Heartbeat] equity=$4614.68 | daily=7.71% | pos=0 | notional=$0.00 | kill=False
2026-03-29 05:10:51,830 [INFO] [Scan:liquidation_fade] trades=0 | cache hits=1 miss=10 err=0 | positions=0
2026-03-29 05:10:59,869 [INFO] [SUI] ASYMMETRIC SNIPER -> SHORT | z=3.47 strength=-10.133
2026-03-29 05:11:00,761 [INFO] [Leverage] SUI set to 5x (isolated)
2026-03-29 05:11:00,963 [ERROR] [Entry] SUI SELL failed: binanceusdm {"code":-1021,"msg":"Timestamp for this request was 1000ms ahead of the server's time."}
2026-03-29 05:11:00,963 [INFO] [Scan:asymmetric_sniper] trades=0 | cache hits=1 miss=11 err=0 | positions=0
2026-03-29 05:11:06,087 [INFO] [Scan:cvd_spike] trades=0 | cache hits=10 miss=1 err=0 | positions=0
2026-03-29 05:11:45,970 [INFO] [Heartbeat] equity=$4614.68 | daily=7.71% | pos=0 | notional=$0.00 | kill=False
2026-03-29 05:11:48,725 [INFO] [Scan:liquidation_fade] trades=0 | cache hits=10 miss=1 err=0 | positions=0
2026-03-29 05:11:59,120 [INFO] [DOT] ASYMMETRIC SNIPER -> LONG | z=-1.88 strength=114.419
2026-03-29 05:11:59,544 [INFO] [Leverage] DOT set to 5x (isolated)
2026-03-29 05:11:59,744 [ERROR] [Entry] DOT BUY failed: binanceusdm {"code":-1021,"msg":"Timestamp for this request was 1000ms ahead of the server's time."}
2026-03-29 05:11:59,744 [INFO] [Scan:asymmetric_sniper] trades=0 | cache hits=3 miss=9 err=0 | positions=0
2026-03-29 05:12:04,948 [INFO] [Scan:cvd_spike] trades=0 | cache hits=8 miss=3 err=0 | positions=0
2026-03-29 05:12:42,643 [INFO] [Heartbeat] equity=$4614.68 | daily=7.71% | pos=0 | notional=$0.00 | kill=False
2026-03-29 05:12:46,431 [INFO] [Scan:liquidation_fade] trades=0 | cache hits=1 miss=10 err=0 | positions=0
2026-03-29 05:12:57,160 [INFO] [DOT] ASYMMETRIC SNIPER -> LONG | z=-1.88 strength=114.419
2026-03-29 05:12:58,045 [INFO] [Leverage] DOT set to 5x (isolated)
2026-03-29 05:12:58,238 [ERROR] [Entry] DOT BUY failed: binanceusdm {"code":-2019,"msg":"Margin is insufficient."}
2026-03-29 05:12:58,238 [INFO] [Scan:asymmetric_sniper] trades=0 | cache hits=5 miss=7 err=0 | positions=0
2026-03-29 05:13:02,117 [INFO] [Scan:cvd_spike] trades=0 | cache hits=9 miss=2 err=0 | positions=0
2026-03-29 05:13:39,293 [INFO] [Heartbeat] equity=$4614.68 | daily=7.71% | pos=0 | notional=$0.00 | kill=False
2026-03-29 05:13:43,325 [INFO] [Scan:liquidation_fade] trades=0 | cache hits=10 miss=1 err=0 | positions=0
2026-03-29 05:13:56,286 [INFO] [Scan:asymmetric_sniper] trades=0 | cache hits=4 miss=7 err=0 | positions=0
2026-03-29 05:13:59,139 [INFO] [Scan:cvd_spike] trades=0 | cache hits=9 miss=2 err=0 | positions=0
2026-03-29 05:14:37,656 [INFO] [Heartbeat] equity=$4614.68 | daily=7.71% | pos=0 | notional=$0.00 | kill=False
2026-03-29 05:14:37,970 [INFO] [CoinSelect] Volatility top 30 → 0 passed safety filter | rejected: 0
2026-03-29 05:14:37,971 [INFO] [CoinRefresh] 11 coins active (base=13 + selective=0) | +{} -{}
2026-03-29 05:14:42,985 [INFO] [Scan:liquidation_fade] trades=0 | cache hits=1 miss=10 err=0 | positions=0
2026-03-29 05:14:53,889 [INFO] [Scan:asymmetric_sniper] trades=0 | cache hits=9 miss=2 err=0 | positions=0
2026-03-29 05:14:56,556 [INFO] [Scan:cvd_spike] trades=0 | cache hits=4 miss=7 err=0 | positions=0
2026-03-29 05:15:34,332 [INFO] [Heartbeat] equity=$4614.68 | daily=7.71% | pos=0 | notional=$0.00 | kill=False
2026-03-29 05:15:42,491 [INFO] [Scan:liquidation_fade] trades=0 | cache hits=0 miss=11 err=0 | positions=0
2026-03-29 05:15:51,575 [INFO] [Scan:asymmetric_sniper] trades=0 | cache hits=9 miss=2 err=0 | positions=0
2026-03-29 05:15:53,584 [INFO] [Scan:cvd_spike] trades=0 | cache hits=9 miss=2 err=0 | positions=0
2026-03-29 05:16:31,028 [INFO] [Heartbeat] equity=$4614.68 | daily=7.71% | pos=0 | notional=$0.00 | kill=False
2026-03-29 05:16:41,992 [INFO] [Scan:liquidation_fade] trades=0 | cache hits=0 miss=11 err=0 | positions=0
2026-03-29 05:16:49,711 [INFO] [SUI] ASYMMETRIC SNIPER -> SHORT | z=2.01 strength=-3.854
2026-03-29 05:16:50,065 [INFO] [Leverage] SUI set to 5x (isolated)
2026-03-29 05:16:50,266 [ERROR] [Entry] SUI SELL failed: binanceusdm {"code":-2019,"msg":"Margin is insufficient."}
2026-03-29 05:16:50,266 [INFO] [Scan:asymmetric_sniper] trades=0 | cache hits=4 miss=8 err=0 | positions=0
2026-03-29 05:16:50,906 [INFO] [Scan:cvd_spike] trades=0 | cache hits=9 miss=2 err=0 | positions=0
2026-03-29 05:17:23,612 [INFO] [CoinSelect] Volatility top 30 → 0 passed safety filter | rejected: 0
2026-03-29 05:17:27,712 [INFO] [Heartbeat] equity=$4614.68 | daily=7.71% | pos=0 | notional=$0.00 | kill=False
2026-03-29 05:17:28,825 [INFO] [SignalScan] 11 coins | 11 candidates
2026-03-29 05:17:38,688 [INFO] [Scan:liquidation_fade] trades=0 | cache hits=11 miss=11 err=0 | positions=0
2026-03-29 05:17:48,052 [INFO] [SUI] ASYMMETRIC SNIPER -> SHORT | z=2.01 strength=-3.854
2026-03-29 05:17:48,794 [INFO] [Scan:cvd_spike] trades=0 | cache hits=13 miss=9 err=0 | positions=0
2026-03-29 05:17:49,292 [INFO] [Leverage] SUI set to 5x (isolated)
2026-03-29 05:17:49,492 [ERROR] [Entry] SUI SELL failed: binanceusdm {"code":-2019,"msg":"Margin is insufficient."}
2026-03-29 05:17:49,492 [INFO] [Scan:asymmetric_sniper] trades=0 | cache hits=0 miss=1 err=0 | positions=0
2026-03-29 05:18:24,375 [INFO] [Heartbeat] equity=$4614.68 | daily=7.71% | pos=0 | notional=$0.00 | kill=False
2026-03-29 05:18:36,643 [INFO] [Scan:liquidation_fade] trades=0 | cache hits=0 miss=11 err=0 | positions=0
2026-03-29 05:18:45,845 [ERROR] [DataHub] OHLCV fetch failed SOL/1m: binanceusdm 429 Too Many Requests {"code":-1003,"msg":"Too many requests; current limit of IP(15.158.3.8) is 6000 requests per minute. Please use the websocket for live updates to avoid polling the API."}
2026-03-29 05:18:46,011 [ERROR] [DataHub] OHLCV fetch failed BNB/1m: binanceusdm 429 Too Many Requests {"code":-1003,"msg":"Too many requests; current limit of IP(15.158.3.8) is 6000 requests per minute. Please use the websocket for live updates to avoid polling the API."}
2026-03-29 05:18:46,122 [INFO] [Scan:cvd_spike] trades=0 | cache hits=12 miss=2 err=2 | positions=0
2026-03-29 05:18:46,600 [ERROR] [DataHub] OHLCV fetch failed ADA/1m: binanceusdm 429 Too Many Requests {"code":-1003,"msg":"Too many requests; current limit of IP(15.158.3.8) is 6000 requests per minute. Please use the websocket for live updates to avoid polling the API."}
2026-03-29 05:18:46,702 [ERROR] [DataHub] OHLCV fetch failed BNB/1m: binanceusdm 429 Too Many Requests {"code":-1003,"msg":"Too many requests; current limit of IP(15.158.3.8) is 6000 requests per minute. Please use the websocket for live updates to avoid polling the API."}
2026-03-29 05:18:46,895 [ERROR] [DataHub] OHLCV fetch failed AVAX/1m: binanceusdm 429 Too Many Requests {"code":-1003,"msg":"Too many requests; current limit of IP(15.158.3.8) is 6000 requests per minute. Please use the websocket for live updates to avoid polling the API."}
2026-03-29 05:18:47,363 [INFO] [DOT] ASYMMETRIC SNIPER -> LONG | z=-2.93 strength=181.279
2026-03-29 05:18:47,521 [ERROR] [DataHub] OHLCV fetch failed DOT/1m: binanceusdm 429 Too Many Requests {"code":-1003,"msg":"Too many requests; current limit of IP(15.158.3.8) is 6000 requests per minute. Please use the websocket for live updates to avoid polling the API."}
2026-03-29 05:18:47,770 [INFO] [Leverage] DOT set to 5x (isolated)
2026-03-29 05:18:48,050 [ERROR] [Entry] DOT BUY failed: binanceusdm {"code":-2019,"msg":"Margin is insufficient."}
2026-03-29 05:18:48,050 [INFO] [Scan:asymmetric_sniper] trades=0 | cache hits=0 miss=3 err=4 | positions=0
2026-03-29 05:19:21,007 [INFO] [Heartbeat] equity=$4614.68 | daily=7.71% | pos=0 | notional=$0.00 | kill=False
2026-03-29 05:19:33,290 [INFO] [Scan:liquidation_fade] trades=0 | cache hits=11 miss=0 err=0 | positions=0
2026-03-29 05:19:45,571 [INFO] [Scan:cvd_spike] trades=0 | cache hits=2 miss=9 err=0 | positions=0
2026-03-29 05:19:47,282 [INFO] [DOT] ASYMMETRIC SNIPER -> LONG | z=-2.93 strength=181.279
2026-03-29 05:19:47,703 [INFO] [Leverage] DOT set to 5x (isolated)
2026-03-29 05:19:47,915 [ERROR] [Entry] DOT BUY failed: binanceusdm {"code":-1021,"msg":"Timestamp for this request was 1000ms ahead of the server's time."}
2026-03-29 05:19:47,915 [INFO] [Scan:asymmetric_sniper] trades=0 | cache hits=9 miss=3 err=0 | positions=0
2026-03-29 05:20:17,704 [INFO] [Heartbeat] equity=$4614.68 | daily=7.71% | pos=0 | notional=$0.00 | kill=False
2026-03-29 05:20:31,400 [INFO] [SUI] LIQ CASCADE → SHORT | OI_drop=1.82σ taker=3.6x move=0.510%
2026-03-29 05:20:31,614 [WARNING] [SUI] SL too tight: 0.000929 < fee_threshold 0.001594 (0.180% of price) — skip
2026-03-29 05:20:31,614 [INFO] [Scan:liquidation_fade] trades=0 | cache hits=0 miss=13 err=0 | positions=0
2026-03-29 05:20:42,438 [INFO] [Scan:cvd_spike] trades=0 | cache hits=11 miss=0 err=0 | positions=0
2026-03-29 05:20:45,300 [INFO] [DOT] ASYMMETRIC SNIPER -> LONG | z=-2.93 strength=181.279
2026-03-29 05:20:45,851 [INFO] [ADA] ASYMMETRIC SNIPER -> SHORT | z=2.34 strength=-1.827
2026-03-29 05:20:46,508 [INFO] [Leverage] ADA set to 5x (isolated)
2026-03-29 05:20:46,701 [ERROR] [Entry] ADA SELL failed: binanceusdm {"code":-1021,"msg":"Timestamp for this request was 1000ms ahead of the server's time."}
2026-03-29 05:20:46,701 [INFO] [Scan:asymmetric_sniper] trades=0 | cache hits=2 miss=10 err=0 | positions=0
2026-03-29 05:21:16,039 [INFO] [Heartbeat] equity=$4614.68 | daily=7.71% | pos=0 | notional=$0.00 | kill=False
2026-03-29 05:21:28,277 [INFO] [SUI] LIQ CASCADE → SHORT | OI_drop=1.82σ taker=3.6x move=0.510%
2026-03-29 05:21:28,796 [WARNING] [SUI] SL too tight: 0.000929 < fee_threshold 0.001594 (0.180% of price) — skip
2026-03-29 05:21:28,797 [INFO] [Scan:liquidation_fade] trades=0 | cache hits=12 miss=1 err=0 | positions=0
2026-03-29 05:21:39,423 [INFO] [Scan:cvd_spike] trades=0 | cache hits=9 miss=2 err=0 | positions=0
2026-03-29 05:21:47,013 [INFO] [Scan:asymmetric_sniper] trades=0 | cache hits=5 miss=6 err=0 | positions=0
2026-03-29 05:22:12,700 [INFO] [Heartbeat] equity=$4614.68 | daily=7.71% | pos=0 | notional=$0.00 | kill=False
2026-03-29 05:22:26,484 [INFO] [Scan:liquidation_fade] trades=0 | cache hits=1 miss=10 err=0 | positions=0
2026-03-29 05:22:39,535 [INFO] [Scan:cvd_spike] trades=0 | cache hits=8 miss=3 err=0 | positions=0
2026-03-29 05:22:45,019 [INFO] [Scan:asymmetric_sniper] trades=0 | cache hits=4 miss=7 err=0 | positions=0
2026-03-29 05:23:09,305 [INFO] [Heartbeat] equity=$4614.68 | daily=7.71% | pos=0 | notional=$0.00 | kill=False
2026-03-29 05:23:23,282 [INFO] [Scan:liquidation_fade] trades=0 | cache hits=10 miss=1 err=0 | positions=0
2026-03-29 05:23:36,584 [INFO] [Scan:cvd_spike] trades=0 | cache hits=8 miss=3 err=0 | positions=0
2026-03-29 05:23:42,440 [INFO] [Scan:asymmetric_sniper] trades=0 | cache hits=10 miss=1 err=0 | positions=0
2026-03-29 05:24:05,995 [INFO] [Heartbeat] equity=$4614.68 | daily=7.71% | pos=0 | notional=$0.00 | kill=False
2026-03-29 05:24:22,746 [INFO] [Scan:liquidation_fade] trades=0 | cache hits=0 miss=11 err=0 | positions=0
2026-03-29 05:24:34,194 [INFO] [Scan:cvd_spike] trades=0 | cache hits=4 miss=7 err=0 | positions=0
2026-03-29 05:24:40,035 [INFO] [Scan:asymmetric_sniper] trades=0 | cache hits=8 miss=3 err=0 | positions=0
2026-03-29 05:25:02,644 [INFO] [Heartbeat] equity=$4614.68 | daily=7.71% | pos=0 | notional=$0.00 | kill=False
2026-03-29 05:25:19,394 [INFO] [Scan:liquidation_fade] trades=0 | cache hits=11 miss=0 err=0 | positions=0
2026-03-29 05:25:31,066 [INFO] [Scan:cvd_spike] trades=0 | cache hits=10 miss=1 err=0 | positions=0
2026-03-29 05:25:38,082 [INFO] [Scan:asymmetric_sniper] trades=0 | cache hits=4 miss=7 err=0 | positions=0
2026-03-29 05:25:59,328 [INFO] [Heartbeat] equity=$4614.68 | daily=7.71% | pos=0 | notional=$0.00 | kill=False
2026-03-29 05:26:17,233 [INFO] [Scan:liquidation_fade] trades=0 | cache hits=0 miss=11 err=0 | positions=0
2026-03-29 05:26:28,118 [INFO] [Scan:cvd_spike] trades=0 | cache hits=8 miss=3 err=0 | positions=0
2026-03-29 05:26:35,542 [INFO] [Scan:asymmetric_sniper] trades=0 | cache hits=10 miss=1 err=0 | positions=0
2026-03-29 05:26:57,673 [INFO] [Heartbeat] equity=$4614.68 | daily=7.71% | pos=0 | notional=$0.00 | kill=False
2026-03-29 05:27:13,914 [INFO] [Scan:liquidation_fade] trades=0 | cache hits=11 miss=0 err=0 | positions=0
2026-03-29 05:27:27,461 [INFO] [Scan:cvd_spike] trades=0 | cache hits=1 miss=10 err=0 | positions=0
2026-03-29 05:27:32,893 [INFO] [Scan:asymmetric_sniper] trades=0 | cache hits=11 miss=0 err=0 | positions=0
2026-03-29 05:27:54,330 [INFO] [Heartbeat] equity=$4614.68 | daily=7.71% | pos=0 | notional=$0.00 | kill=False
2026-03-29 05:28:11,684 [INFO] [Scan:liquidation_fade] trades=0 | cache hits=0 miss=11 err=0 | positions=0
2026-03-29 05:28:24,270 [INFO] [Scan:cvd_spike] trades=0 | cache hits=10 miss=1 err=0 | positions=0
2026-03-29 05:28:32,879 [INFO] [Scan:asymmetric_sniper] trades=0 | cache hits=1 miss=10 err=0 | positions=0
2026-03-29 05:28:50,992 [INFO] [Heartbeat] equity=$4614.68 | daily=7.71% | pos=0 | notional=$0.00 | kill=False
2026-03-29 05:28:51,380 [INFO] [CoinSelect] Volatility top 30 → 0 passed safety filter | rejected: 0
2026-03-29 05:28:51,381 [INFO] [CoinRefresh] 11 coins active (base=13 + selective=0) | +{} -{}
2026-03-29 05:29:08,371 [INFO] [Scan:liquidation_fade] trades=0 | cache hits=11 miss=0 err=0 | positions=0
2026-03-29 05:29:20,969 [INFO] [Scan:cvd_spike] trades=0 | cache hits=11 miss=0 err=0 | positions=0
2026-03-29 05:29:34,970 [INFO] [Scan:asymmetric_sniper] trades=0 | cache hits=0 miss=11 err=0 | positions=0
2026-03-29 05:29:47,675 [INFO] [Heartbeat] equity=$4614.68 | daily=7.71% | pos=0 | notional=$0.00 | kill=False
2026-03-29 05:30:06,099 [INFO] [Scan:liquidation_fade] trades=0 | cache hits=0 miss=11 err=0 | positions=0
2026-03-29 05:30:17,608 [INFO] [Scan:cvd_spike] trades=0 | cache hits=11 miss=0 err=0 | positions=0
2026-03-29 05:30:35,059 [INFO] [Scan:asymmetric_sniper] trades=0 | cache hits=0 miss=11 err=0 | positions=0
2026-03-29 05:30:44,355 [INFO] [Heartbeat] equity=$4614.68 | daily=7.71% | pos=0 | notional=$0.00 | kill=False
2026-03-29 05:31:05,626 [INFO] [Scan:liquidation_fade] trades=0 | cache hits=0 miss=11 err=0 | positions=0
2026-03-29 05:31:14,441 [INFO] [Scan:cvd_spike] trades=0 | cache hits=11 miss=0 err=0 | positions=0
2026-03-29 05:31:32,865 [INFO] [Scan:asymmetric_sniper] trades=0 | cache hits=7 miss=4 err=0 | positions=0
2026-03-29 05:31:41,030 [INFO] [Heartbeat] equity=$4614.68 | daily=7.71% | pos=0 | notional=$0.00 | kill=False
2026-03-29 05:31:42,148 [INFO] [CoinSelect] Volatility top 30 → 0 passed safety filter | rejected: 0
2026-03-29 05:31:47,383 [INFO] [SignalScan] 11 coins | 10 candidates
2026-03-29 05:32:02,292 [INFO] [Scan:liquidation_fade] trades=0 | cache hits=11 miss=11 err=0 | positions=0
2026-03-29 05:32:12,093 [INFO] [Scan:cvd_spike] trades=0 | cache hits=4 miss=7 err=0 | positions=0
2026-03-29 05:32:30,252 [INFO] [Scan:asymmetric_sniper] trades=0 | cache hits=11 miss=0 err=0 | positions=0
2026-03-29 05:32:37,689 [INFO] [Heartbeat] equity=$4614.68 | daily=7.71% | pos=0 | notional=$0.00 | kill=False
2026-03-29 05:33:00,055 [INFO] [Scan:liquidation_fade] trades=0 | cache hits=0 miss=11 err=0 | positions=0
2026-03-29 05:33:09,376 [INFO] [Scan:cvd_spike] trades=0 | cache hits=7 miss=4 err=0 | positions=0
2026-03-29 05:33:28,277 [INFO] [Scan:asymmetric_sniper] trades=0 | cache hits=4 miss=7 err=0 | positions=0
2026-03-29 05:33:36,022 [INFO] [Heartbeat] equity=$4614.68 | daily=7.71% | pos=0 | notional=$0.00 | kill=False
2026-03-29 05:33:56,726 [INFO] [Scan:liquidation_fade] trades=0 | cache hits=11 miss=0 err=0 | positions=0
2026-03-29 05:34:08,197 [INFO] [Scan:cvd_spike] trades=0 | cache hits=7 miss=4 err=0 | positions=0
2026-03-29 05:34:25,617 [INFO] [Scan:asymmetric_sniper] trades=0 | cache hits=11 miss=0 err=0 | positions=0
2026-03-29 05:34:32,671 [INFO] [Heartbeat] equity=$4614.68 | daily=7.71% | pos=0 | notional=$0.00 | kill=False
2026-03-29 05:34:54,485 [INFO] [Scan:liquidation_fade] trades=0 | cache hits=0 miss=11 err=0 | positions=0
2026-03-29 05:35:05,634 [INFO] [Scan:cvd_spike] trades=0 | cache hits=4 miss=7 err=0 | positions=0
2026-03-29 05:35:23,344 [INFO] [Scan:asymmetric_sniper] trades=0 | cache hits=7 miss=4 err=0 | positions=0
2026-03-29 05:35:29,283 [INFO] [Heartbeat] equity=$4614.68 | daily=7.71% | pos=0 | notional=$0.00 | kill=False
2026-03-29 05:35:51,148 [INFO] [Scan:liquidation_fade] trades=0 | cache hits=11 miss=0 err=0 | positions=0
2026-03-29 05:36:02,322 [INFO] [Scan:cvd_spike] trades=0 | cache hits=11 miss=0 err=0 | positions=0
2026-03-29 05:36:21,409 [INFO] [Scan:asymmetric_sniper] trades=0 | cache hits=4 miss=7 err=0 | positions=0
2026-03-29 05:36:25,988 [INFO] [Heartbeat] equity=$4614.68 | daily=7.71% | pos=0 | notional=$0.00 | kill=False
2026-03-29 05:36:48,959 [INFO] [Scan:liquidation_fade] trades=0 | cache hits=0 miss=11 err=0 | positions=0
2026-03-29 05:36:59,553 [INFO] [Scan:cvd_spike] trades=0 | cache hits=7 miss=4 err=0 | positions=0
2026-03-29 05:37:18,800 [INFO] [Scan:asymmetric_sniper] trades=0 | cache hits=11 miss=0 err=0 | positions=0
2026-03-29 05:37:22,642 [INFO] [Heartbeat] equity=$4614.68 | daily=7.71% | pos=0 | notional=$0.00 | kill=False
2026-03-29 05:37:49,494 [INFO] [Scan:liquidation_fade] trades=0 | cache hits=0 miss=11 err=0 | positions=0
2026-03-29 05:37:56,962 [INFO] [Scan:cvd_spike] trades=0 | cache hits=4 miss=7 err=0 | positions=0
2026-03-29 05:38:18,289 [INFO] [Scan:asymmetric_sniper] trades=0 | cache hits=7 miss=4 err=0 | positions=0
2026-03-29 05:38:19,305 [INFO] [Heartbeat] equity=$4614.68 | daily=7.71% | pos=0 | notional=$0.00 | kill=False
2026-03-29 05:38:48,847 [ERROR] [DataHub] OHLCV fetch failed ARB/5m: binanceusdm 429 Too Many Requests {"code":-1003,"msg":"Too many requests; current limit of IP(15.158.3.44) is 6000 requests per minute. Please use the websocket for live updates to avoid polling the API."}
2026-03-29 05:38:48,948 [INFO] [Scan:liquidation_fade] trades=0 | cache hits=0 miss=10 err=1 | positions=0
2026-03-29 05:38:53,604 [INFO] [Scan:cvd_spike] trades=0 | cache hits=11 miss=0 err=0 | positions=0
2026-03-29 05:39:17,618 [INFO] [Heartbeat] equity=$4614.68 | daily=7.71% | pos=0 | notional=$0.00 | kill=False
2026-03-29 05:39:19,481 [INFO] [Scan:asymmetric_sniper] trades=0 | cache hits=0 miss=11 err=0 | positions=0
2026-03-29 05:39:45,705 [INFO] [Scan:liquidation_fade] trades=0 | cache hits=10 miss=1 err=0 | positions=0
2026-03-29 05:39:50,298 [INFO] [Scan:cvd_spike] trades=0 | cache hits=11 miss=0 err=0 | positions=0
2026-03-29 05:40:14,286 [INFO] [Heartbeat] equity=$4614.68 | daily=7.71% | pos=0 | notional=$0.00 | kill=False
2026-03-29 05:40:17,133 [INFO] [Scan:asymmetric_sniper] trades=0 | cache hits=8 miss=3 err=0 | positions=0
2026-03-29 05:40:43,360 [INFO] [Scan:liquidation_fade] trades=0 | cache hits=1 miss=10 err=0 | positions=0
2026-03-29 05:40:49,504 [INFO] [Scan:cvd_spike] trades=0 | cache hits=3 miss=8 err=0 | positions=0
2026-03-29 05:41:10,965 [INFO] [Heartbeat] equity=$4614.68 | daily=7.71% | pos=0 | notional=$0.00 | kill=False
2026-03-29 05:41:14,541 [INFO] [Scan:asymmetric_sniper] trades=0 | cache hits=11 miss=0 err=0 | positions=0
2026-03-29 05:41:40,202 [INFO] [Scan:liquidation_fade] trades=0 | cache hits=10 miss=1 err=0 | positions=0
2026-03-29 05:41:46,619 [INFO] [Scan:cvd_spike] trades=0 | cache hits=8 miss=3 err=0 | positions=0
2026-03-29 05:42:07,621 [INFO] [Heartbeat] equity=$4614.68 | daily=7.71% | pos=0 | notional=$0.00 | kill=False
2026-03-29 05:42:12,693 [INFO] [Scan:asymmetric_sniper] trades=0 | cache hits=3 miss=8 err=0 | positions=0
2026-03-29 05:42:37,889 [INFO] [Scan:liquidation_fade] trades=0 | cache hits=1 miss=10 err=0 | positions=0
2026-03-29 05:42:43,340 [INFO] [Scan:cvd_spike] trades=0 | cache hits=11 miss=0 err=0 | positions=0
2026-03-29 05:43:01,059 [INFO] [EVGuardian] momentum_breakout: EV=0.0000% tp_rate=0.0% n=7 ok
2026-03-29 05:43:01,059 [INFO] [EVGuardian] cvd_spike: EV=0.0000% tp_rate=0.0% n=66 ok
2026-03-29 05:43:01,059 [INFO] [EVGuardian] asymmetric_sniper: EV=0.0000% tp_rate=0.0% n=30 ok
2026-03-29 05:43:01,059 [INFO] [EVGuardian] liquidation_fade: EV=0.0000% tp_rate=0.0% n=25 ok
2026-03-29 05:43:04,305 [INFO] [Heartbeat] equity=$4614.68 | daily=7.71% | pos=0 | notional=$0.00 | kill=False
2026-03-29 05:43:04,697 [INFO] [CoinSelect] Volatility top 30 → 0 passed safety filter | rejected: 0
2026-03-29 05:43:04,697 [INFO] [CoinRefresh] 11 coins active (base=13 + selective=0) | +{} -{}
2026-03-29 05:43:12,244 [INFO] [Scan:asymmetric_sniper] trades=0 | cache hits=8 miss=3 err=0 | positions=0
2026-03-29 05:43:34,738 [INFO] [Scan:liquidation_fade] trades=0 | cache hits=10 miss=1 err=0 | positions=0
2026-03-29 05:43:40,839 [INFO] [Scan:cvd_spike] trades=0 | cache hits=3 miss=8 err=0 | positions=0
2026-03-29 05:44:00,972 [INFO] [Heartbeat] equity=$4614.68 | daily=7.71% | pos=0 | notional=$0.00 | kill=False
2026-03-29 05:44:09,602 [INFO] [Scan:asymmetric_sniper] trades=0 | cache hits=11 miss=0 err=0 | positions=0
2026-03-29 05:44:32,423 [INFO] [Scan:liquidation_fade] trades=0 | cache hits=1 miss=10 err=0 | positions=0
2026-03-29 05:44:37,944 [INFO] [Scan:cvd_spike] trades=0 | cache hits=8 miss=3 err=0 | positions=0
2026-03-29 05:44:57,633 [INFO] [Heartbeat] equity=$4614.68 | daily=7.71% | pos=0 | notional=$0.00 | kill=False
2026-03-29 05:45:07,839 [INFO] [Scan:asymmetric_sniper] trades=0 | cache hits=3 miss=8 err=0 | positions=0
2026-03-29 05:45:29,258 [INFO] [Scan:liquidation_fade] trades=0 | cache hits=10 miss=1 err=0 | positions=0
2026-03-29 05:45:34,658 [INFO] [Scan:cvd_spike] trades=0 | cache hits=11 miss=0 err=0 | positions=0
2026-03-29 05:45:55,983 [INFO] [Heartbeat] equity=$4614.68 | daily=7.71% | pos=0 | notional=$0.00 | kill=False
2026-03-29 05:46:00,677 [INFO] [CoinSelect] Volatility top 30 → 0 passed safety filter | rejected: 0
2026-03-29 05:46:06,027 [INFO] [Scan:asymmetric_sniper] trades=0 | cache hits=8 miss=11 err=0 | positions=0
2026-03-29 05:46:06,790 [INFO] [SignalScan] 11 coins | 10 candidates
2026-03-29 05:46:28,920 [INFO] [Scan:liquidation_fade] trades=0 | cache hits=0 miss=14 err=0 | positions=0
2026-03-29 05:46:31,903 [ERROR] [DataHub] OHLCV fetch failed DOT/1m: binanceusdm 429 Too Many Requests {"code":-1003,"msg":"Too many requests; current limit of IP(15.158.3.51) is 6000 requests per minute. Please use the websocket for live updates to avoid polling the API."}
2026-03-29 05:46:32,304 [ERROR] [DataHub] OHLCV fetch failed SUI/1m: binanceusdm 429 Too Many Requests {"code":-1003,"msg":"Too many requests; current limit of IP(15.158.3.51) is 6000 requests per minute. Please use the websocket for live updates to avoid polling the API."}
2026-03-29 05:46:32,307 [INFO] [Scan:cvd_spike] trades=0 | cache hits=3 miss=6 err=2 | positions=0
2026-03-29 05:46:52,639 [INFO] [Heartbeat] equity=$4614.68 | daily=7.71% | pos=0 | notional=$0.00 | kill=False
2026-03-29 05:47:03,600 [INFO] [Scan:asymmetric_sniper] trades=0 | cache hits=9 miss=2 err=0 | positions=0
2026-03-29 05:47:25,599 [INFO] [Scan:liquidation_fade] trades=0 | cache hits=11 miss=0 err=0 | positions=0
2026-03-29 05:47:31,630 [INFO] [Scan:cvd_spike] trades=0 | cache hits=2 miss=9 err=0 | positions=0
2026-03-29 05:47:49,324 [INFO] [Heartbeat] equity=$4614.68 | daily=7.71% | pos=0 | notional=$0.00 | kill=False
2026-03-29 05:48:02,812 [INFO] [Scan:asymmetric_sniper] trades=0 | cache hits=9 miss=2 err=0 | positions=0
2026-03-29 05:48:23,379 [INFO] [Scan:liquidation_fade] trades=0 | cache hits=0 miss=11 err=0 | positions=0
2026-03-29 05:48:28,449 [INFO] [Scan:cvd_spike] trades=0 | cache hits=11 miss=0 err=0 | positions=0
2026-03-29 05:48:45,960 [INFO] [Heartbeat] equity=$4614.68 | daily=7.71% | pos=0 | notional=$0.00 | kill=False
2026-03-29 05:48:59,752 [ERROR] [DataHub] OHLCV fetch failed DOGE/1m: binanceusdm 429 Too Many Requests {"code":-1003,"msg":"Too many requests; current limit of IP(15.158.3.51) is 6000 requests per minute. Please use the websocket for live updates to avoid polling the API."}
2026-03-29 05:49:00,997 [INFO] [Scan:asymmetric_sniper] trades=0 | cache hits=2 miss=8 err=1 | positions=0
2026-03-29 05:49:20,050 [INFO] [Scan:liquidation_fade] trades=0 | cache hits=11 miss=0 err=0 | positions=0
2026-03-29 05:49:25,495 [INFO] [Scan:cvd_spike] trades=0 | cache hits=8 miss=3 err=0 | positions=0
2026-03-29 05:49:42,646 [INFO] [Heartbeat] equity=$4614.68 | daily=7.71% | pos=0 | notional=$0.00 | kill=False
2026-03-29 05:49:58,573 [INFO] [Scan:asymmetric_sniper] trades=0 | cache hits=9 miss=2 err=0 | positions=0
2026-03-29 05:50:17,854 [INFO] [Scan:liquidation_fade] trades=0 | cache hits=0 miss=11 err=0 | positions=0
2026-03-29 05:50:22,834 [INFO] [Scan:cvd_spike] trades=0 | cache hits=5 miss=6 err=0 | positions=0
2026-03-29 05:50:39,303 [INFO] [Heartbeat] equity=$4614.68 | daily=7.71% | pos=0 | notional=$0.00 | kill=False
2026-03-29 05:50:56,309 [INFO] [Scan:asymmetric_sniper] trades=0 | cache hits=8 miss=3 err=0 | positions=0
2026-03-29 05:51:14,548 [INFO] [Scan:liquidation_fade] trades=0 | cache hits=11 miss=0 err=0 | positions=0
2026-03-29 05:51:19,752 [INFO] [Scan:cvd_spike] trades=0 | cache hits=9 miss=2 err=0 | positions=0
2026-03-29 05:51:37,659 [INFO] [Heartbeat] equity=$4614.68 | daily=7.71% | pos=0 | notional=$0.00 | kill=False
2026-03-29 05:51:54,293 [INFO] [Scan:asymmetric_sniper] trades=0 | cache hits=5 miss=6 err=0 | positions=0
2026-03-29 05:52:12,257 [INFO] [Scan:liquidation_fade] trades=0 | cache hits=0 miss=11 err=0 | positions=0
2026-03-29 05:52:16,706 [INFO] [Scan:cvd_spike] trades=0 | cache hits=8 miss=3 err=0 | positions=0
2026-03-29 05:52:34,238 [INFO] [Heartbeat] equity=$4614.68 | daily=7.71% | pos=0 | notional=$0.00 | kill=False
2026-03-29 05:52:51,825 [INFO] [Scan:asymmetric_sniper] trades=0 | cache hits=9 miss=2 err=0 | positions=0
2026-03-29 05:53:11,753 [INFO] [Scan:liquidation_fade] trades=0 | cache hits=0 miss=11 err=0 | positions=0
2026-03-29 05:53:14,099 [INFO] [Scan:cvd_spike] trades=0 | cache hits=5 miss=6 err=0 | positions=0
2026-03-29 05:53:30,934 [INFO] [Heartbeat] equity=$4614.68 | daily=7.71% | pos=0 | notional=$0.00 | kill=False
2026-03-29 05:53:49,489 [INFO] [Scan:asymmetric_sniper] trades=0 | cache hits=8 miss=3 err=0 | positions=0
2026-03-29 05:54:08,403 [INFO] [Scan:liquidation_fade] trades=0 | cache hits=11 miss=0 err=0 | positions=0
2026-03-29 05:54:13,385 [INFO] [Scan:cvd_spike] trades=0 | cache hits=3 miss=8 err=0 | positions=0
2026-03-29 05:54:27,600 [INFO] [Heartbeat] equity=$4614.68 | daily=7.71% | pos=0 | notional=$0.00 | kill=False
2026-03-29 05:54:46,893 [INFO] [Scan:asymmetric_sniper] trades=0 | cache hits=11 miss=0 err=0 | positions=0
2026-03-29 05:55:06,164 [INFO] [Scan:liquidation_fade] trades=0 | cache hits=0 miss=11 err=0 | positions=0
2026-03-29 05:55:10,567 [INFO] [Scan:cvd_spike] trades=0 | cache hits=8 miss=3 err=0 | positions=0
2026-03-29 05:55:24,274 [INFO] [Heartbeat] equity=$4614.68 | daily=7.71% | pos=0 | notional=$0.00 | kill=False
2026-03-29 05:55:46,739 [INFO] [Scan:asymmetric_sniper] trades=0 | cache hits=3 miss=8 err=0 | positions=0
2026-03-29 05:56:02,839 [INFO] [Scan:liquidation_fade] trades=0 | cache hits=11 miss=0 err=0 | positions=0
2026-03-29 05:56:07,382 [INFO] [Scan:cvd_spike] trades=0 | cache hits=11 miss=0 err=0 | positions=0
2026-03-29 05:56:20,965 [INFO] [Heartbeat] equity=$4614.68 | daily=7.71% | pos=0 | notional=$0.00 | kill=False
2026-03-29 05:56:46,833 [INFO] [Scan:asymmetric_sniper] trades=0 | cache hits=0 miss=11 err=0 | positions=0
2026-03-29 05:57:00,589 [INFO] [Scan:liquidation_fade] trades=0 | cache hits=0 miss=11 err=0 | positions=0
2026-03-29 05:57:04,041 [INFO] [Scan:cvd_spike] trades=0 | cache hits=11 miss=0 err=0 | positions=0
2026-03-29 05:57:17,590 [INFO] [Heartbeat] equity=$4614.68 | daily=7.71% | pos=0 | notional=$0.00 | kill=False
2026-03-29 05:57:17,974 [INFO] [CoinSelect] Volatility top 30 → 0 passed safety filter | rejected: 0
2026-03-29 05:57:17,975 [INFO] [CoinRefresh] 11 coins active (base=13 + selective=0) | +{} -{}
2026-03-29 05:57:46,346 [INFO] [Scan:asymmetric_sniper] trades=0 | cache hits=8 miss=3 err=0 | positions=0
2026-03-29 05:57:57,193 [INFO] [Scan:liquidation_fade] trades=0 | cache hits=11 miss=0 err=0 | positions=0
2026-03-29 05:58:01,499 [INFO] [Scan:cvd_spike] trades=0 | cache hits=3 miss=8 err=0 | positions=0
2026-03-29 05:58:15,910 [INFO] [Heartbeat] equity=$4614.68 | daily=7.71% | pos=0 | notional=$0.00 | kill=False
2026-03-29 05:58:43,767 [INFO] [Scan:asymmetric_sniper] trades=0 | cache hits=11 miss=0 err=0 | positions=0
2026-03-29 05:58:54,986 [INFO] [Scan:liquidation_fade] trades=0 | cache hits=0 miss=11 err=0 | positions=0
2026-03-29 05:58:58,642 [INFO] [Scan:cvd_spike] trades=0 | cache hits=8 miss=3 err=0 | positions=0
2026-03-29 05:59:12,590 [INFO] [Heartbeat] equity=$4614.68 | daily=7.71% | pos=0 | notional=$0.00 | kill=False
2026-03-29 05:59:41,977 [INFO] [Scan:asymmetric_sniper] trades=0 | cache hits=3 miss=8 err=0 | positions=0
2026-03-29 05:59:51,646 [INFO] [Scan:liquidation_fade] trades=0 | cache hits=11 miss=0 err=0 | positions=0
2026-03-29 05:59:55,301 [INFO] [Scan:cvd_spike] trades=0 | cache hits=11 miss=0 err=0 | positions=0
2026-03-29 06:00:09,236 [INFO] [Heartbeat] equity=$4614.68 | daily=7.71% | pos=0 | notional=$0.00 | kill=False
2026-03-29 06:00:21,670 [INFO] [CoinSelect] Volatility top 30 → 0 passed safety filter | rejected: 0
2026-03-29 06:00:26,899 [INFO] [SignalScan] 11 coins | 9 candidates
2026-03-29 06:00:39,735 [INFO] [Scan:asymmetric_sniper] trades=0 | cache hits=8 miss=14 err=0 | positions=0
2026-03-29 06:00:50,875 [ERROR] [DataHub] OHLCV fetch failed OP/5m: binanceusdm 429 Too Many Requests {"code":-1003,"msg":"Too many requests; current limit of IP(15.158.3.19) is 6000 requests per minute. Please use the websocket for live updates to avoid polling the API."}
2026-03-29 06:00:51,079 [INFO] [Scan:liquidation_fade] trades=0 | cache hits=0 miss=10 err=1 | positions=0
2026-03-29 06:00:54,041 [ERROR] [DataHub] OHLCV fetch failed BNB/1m: binanceusdm 429 Too Many Requests {"code":-1003,"msg":"Too many requests; current limit of IP(15.158.3.19) is 6000 requests per minute. Please use the websocket for live updates to avoid polling the API."}
2026-03-29 06:00:54,247 [ERROR] [DataHub] OHLCV fetch failed AVAX/1m: binanceusdm 429 Too Many Requests {"code":-1003,"msg":"Too many requests; current limit of IP(15.158.3.19) is 6000 requests per minute. Please use the websocket for live updates to avoid polling the API."}
2026-03-29 06:00:54,643 [INFO] [Scan:cvd_spike] trades=0 | cache hits=3 miss=6 err=2 | positions=0
2026-03-29 06:01:05,888 [INFO] [Heartbeat] equity=$4614.68 | daily=7.71% | pos=0 | notional=$0.00 | kill=False
2026-03-29 06:01:37,243 [INFO] [Scan:asymmetric_sniper] trades=0 | cache hits=9 miss=2 err=0 | positions=0
2026-03-29 06:01:47,831 [INFO] [Scan:liquidation_fade] trades=0 | cache hits=10 miss=1 err=0 | positions=0
2026-03-29 06:01:54,062 [INFO] [Scan:cvd_spike] trades=0 | cache hits=2 miss=9 err=0 | positions=0
2026-03-29 06:02:02,554 [INFO] [Heartbeat] equity=$4614.68 | daily=7.71% | pos=0 | notional=$0.00 | kill=False
2026-03-29 06:02:34,524 [INFO] [ARB] ASYMMETRIC SNIPER -> SHORT | z=3.15 strength=-2.011
2026-03-29 06:02:35,018 [INFO] [Leverage] ARB set to 5x (isolated)
2026-03-29 06:02:45,961 [INFO] [Scan:liquidation_fade] trades=0 | cache hits=12 miss=11 err=0 | positions=0
2026-03-29 06:02:51,293 [INFO] [Scan:cvd_spike] trades=0 | cache hits=9 miss=2 err=0 | positions=0
2026-03-29 06:02:55,722 [INFO] [WaitFill] ARB timeout (20.0s), cancelling
2026-03-29 06:02:56,024 [INFO] [Scan:asymmetric_sniper] trades=0 | cache hits=0 miss=0 err=0 | positions=0
2026-03-29 06:02:59,225 [INFO] [Heartbeat] equity=$4614.68 | daily=7.71% | pos=0 | notional=$0.00 | kill=False
2026-03-29 06:03:42,817 [INFO] [Scan:liquidation_fade] trades=0 | cache hits=10 miss=1 err=0 | positions=0
2026-03-29 06:03:48,899 [INFO] [Scan:cvd_spike] trades=0 | cache hits=2 miss=9 err=0 | positions=0
2026-03-29 06:03:53,547 [INFO] [Scan:asymmetric_sniper] trades=0 | cache hits=9 miss=2 err=0 | positions=0
2026-03-29 06:03:57,561 [INFO] [Heartbeat] equity=$4614.68 | daily=7.71% | pos=0 | notional=$0.00 | kill=False
2026-03-29 06:04:40,494 [INFO] [Scan:liquidation_fade] trades=0 | cache hits=1 miss=10 err=0 | positions=0
2026-03-29 06:04:45,553 [INFO] [Scan:cvd_spike] trades=0 | cache hits=11 miss=0 err=0 | positions=0
2026-03-29 06:04:50,323 [ERROR] [DataHub] OHLCV fetch failed XRP/1m: binanceusdm 429 Too Many Requests {"code":-1003,"msg":"Too many requests; current limit of IP(15.158.3.19) is 6000 requests per minute. Please use the websocket for live updates to avoid polling the API."}
2026-03-29 06:04:50,422 [ERROR] [DataHub] OHLCV fetch failed SOL/1m: binanceusdm 429 Too Many Requests {"code":-1003,"msg":"Too many requests; current limit of IP(15.158.3.19) is 6000 requests per minute. Please use the websocket for live updates to avoid polling the API."}
2026-03-29 06:04:51,735 [INFO] [Scan:asymmetric_sniper] trades=0 | cache hits=2 miss=7 err=2 | positions=0
2026-03-29 06:04:54,190 [INFO] [Heartbeat] equity=$4614.68 | daily=7.71% | pos=0 | notional=$0.00 | kill=False
2026-03-29 06:05:37,263 [INFO] [Scan:liquidation_fade] trades=0 | cache hits=10 miss=1 err=0 | positions=0
2026-03-29 06:05:43,486 [INFO] [Scan:cvd_spike] trades=0 | cache hits=7 miss=4 err=0 | positions=0
2026-03-29 06:05:49,036 [INFO] [Scan:asymmetric_sniper] trades=0 | cache hits=11 miss=0 err=0 | positions=0
2026-03-29 06:05:50,858 [INFO] [Heartbeat] equity=$4614.68 | daily=7.71% | pos=0 | notional=$0.00 | kill=False
2026-03-29 06:06:34,978 [INFO] [Scan:liquidation_fade] trades=0 | cache hits=1 miss=10 err=0 | positions=0
2026-03-29 06:06:40,915 [INFO] [Scan:cvd_spike] trades=0 | cache hits=4 miss=7 err=0 | positions=0
2026-03-29 06:06:46,776 [INFO] [Scan:asymmetric_sniper] trades=0 | cache hits=7 miss=4 err=0 | positions=0
2026-03-29 06:06:47,499 [INFO] [Heartbeat] equity=$4614.68 | daily=7.71% | pos=0 | notional=$0.00 | kill=False
2026-03-29 06:07:34,440 [INFO] [Scan:liquidation_fade] trades=0 | cache hits=0 miss=11 err=0 | positions=0
2026-03-29 06:07:37,573 [INFO] [Scan:cvd_spike] trades=0 | cache hits=11 miss=0 err=0 | positions=0
2026-03-29 06:07:44,136 [INFO] [Heartbeat] equity=$4614.68 | daily=7.71% | pos=0 | notional=$0.00 | kill=False
2026-03-29 06:07:45,662 [INFO] [Scan:asymmetric_sniper] trades=0 | cache hits=2 miss=9 err=0 | positions=0
2026-03-29 06:08:31,077 [INFO] [Scan:liquidation_fade] trades=0 | cache hits=11 miss=0 err=0 | positions=0
2026-03-29 06:08:36,213 [INFO] [Scan:cvd_spike] trades=0 | cache hits=9 miss=2 err=0 | positions=0
2026-03-29 06:08:40,778 [INFO] [Heartbeat] equity=$4614.68 | daily=7.71% | pos=0 | notional=$0.00 | kill=False
2026-03-29 06:08:43,077 [INFO] [Scan:asymmetric_sniper] trades=0 | cache hits=10 miss=1 err=0 | positions=0
2026-03-29 06:09:28,809 [INFO] [Scan:liquidation_fade] trades=0 | cache hits=0 miss=11 err=0 | positions=0
2026-03-29 06:09:35,753 [INFO] [Scan:cvd_spike] trades=0 | cache hits=1 miss=10 err=0 | positions=0
2026-03-29 06:09:37,400 [INFO] [Heartbeat] equity=$4614.68 | daily=7.71% | pos=0 | notional=$0.00 | kill=False
2026-03-29 06:09:40,331 [INFO] [Scan:asymmetric_sniper] trades=0 | cache hits=11 miss=0 err=0 | positions=0
2026-03-29 06:10:25,488 [INFO] [Scan:liquidation_fade] trades=0 | cache hits=11 miss=0 err=0 | positions=0
2026-03-29 06:10:33,660 [INFO] [Scan:cvd_spike] trades=0 | cache hits=10 miss=1 err=0 | positions=0
2026-03-29 06:10:35,785 [INFO] [Heartbeat] equity=$4614.68 | daily=7.71% | pos=0 | notional=$0.00 | kill=False
2026-03-29 06:10:40,321 [INFO] [Scan:asymmetric_sniper] trades=0 | cache hits=1 miss=10 err=0 | positions=0
2026-03-29 06:11:23,274 [INFO] [Scan:liquidation_fade] trades=0 | cache hits=0 miss=11 err=0 | positions=0
2026-03-29 06:11:30,633 [INFO] [Scan:cvd_spike] trades=0 | cache hits=11 miss=0 err=0 | positions=0
2026-03-29 06:11:32,446 [INFO] [Heartbeat] equity=$4614.68 | daily=7.71% | pos=0 | notional=$0.00 | kill=False
2026-03-29 06:11:32,762 [INFO] [CoinSelect] Volatility top 30 → 0 passed safety filter | rejected: 0
2026-03-29 06:11:32,763 [INFO] [CoinRefresh] 11 coins active (base=13 + selective=0) | +{} -{}
2026-03-29 06:11:42,312 [INFO] [Scan:asymmetric_sniper] trades=0 | cache hits=0 miss=11 err=0 | positions=0
2026-03-29 06:12:19,933 [INFO] [Scan:liquidation_fade] trades=0 | cache hits=11 miss=0 err=0 | positions=0
2026-03-29 06:12:27,460 [INFO] [Scan:cvd_spike] trades=0 | cache hits=11 miss=0 err=0 | positions=0
2026-03-29 06:12:29,090 [INFO] [Heartbeat] equity=$4614.68 | daily=7.71% | pos=0 | notional=$0.00 | kill=False
2026-03-29 06:12:42,422 [INFO] [Scan:asymmetric_sniper] trades=0 | cache hits=0 miss=11 err=0 | positions=0
2026-03-29 06:13:17,675 [INFO] [Scan:liquidation_fade] trades=0 | cache hits=0 miss=11 err=0 | positions=0
2026-03-29 06:13:24,144 [INFO] [Scan:cvd_spike] trades=0 | cache hits=11 miss=0 err=0 | positions=0
2026-03-29 06:13:25,744 [INFO] [Heartbeat] equity=$4614.68 | daily=7.71% | pos=0 | notional=$0.00 | kill=False
2026-03-29 06:13:40,140 [INFO] [Scan:asymmetric_sniper] trades=0 | cache hits=7 miss=4 err=0 | positions=0
2026-03-29 06:14:14,302 [INFO] [Scan:liquidation_fade] trades=0 | cache hits=11 miss=0 err=0 | positions=0
2026-03-29 06:14:21,634 [INFO] [Scan:cvd_spike] trades=0 | cache hits=4 miss=7 err=0 | positions=0
2026-03-29 06:14:22,373 [INFO] [Heartbeat] equity=$4614.68 | daily=7.71% | pos=0 | notional=$0.00 | kill=False
2026-03-29 06:14:37,496 [INFO] [Scan:asymmetric_sniper] trades=0 | cache hits=11 miss=0 err=0 | positions=0
2026-03-29 06:14:41,610 [INFO] [CoinSelect] Volatility top 30 → 0 passed safety filter | rejected: 0
2026-03-29 06:14:46,841 [INFO] [SignalScan] 11 coins | 10 candidates
2026-03-29 06:15:13,901 [INFO] [Scan:liquidation_fade] trades=0 | cache hits=0 miss=22 err=0 | positions=0
2026-03-29 06:15:18,877 [INFO] [Scan:cvd_spike] trades=0 | cache hits=7 miss=4 err=0 | positions=0
2026-03-29 06:15:19,005 [INFO] [Heartbeat] equity=$4614.68 | daily=7.71% | pos=0 | notional=$0.00 | kill=False
2026-03-29 06:15:35,565 [INFO] [Scan:asymmetric_sniper] trades=0 | cache hits=4 miss=7 err=0 | positions=0
2026-03-29 06:16:10,596 [INFO] [Scan:liquidation_fade] trades=0 | cache hits=11 miss=0 err=0 | positions=0
2026-03-29 06:16:17,343 [INFO] [Heartbeat] equity=$4614.68 | daily=7.71% | pos=0 | notional=$0.00 | kill=False
2026-03-29 06:16:17,671 [INFO] [Scan:cvd_spike] trades=0 | cache hits=7 miss=4 err=0 | positions=0
2026-03-29 06:16:32,963 [INFO] [Scan:asymmetric_sniper] trades=0 | cache hits=11 miss=0 err=0 | positions=0
2026-03-29 06:17:11,587 [INFO] [Scan:liquidation_fade] trades=0 | cache hits=0 miss=11 err=0 | positions=0
2026-03-29 06:17:14,032 [INFO] [Heartbeat] equity=$4614.68 | daily=7.71% | pos=0 | notional=$0.00 | kill=False
2026-03-29 06:17:15,842 [INFO] [Scan:cvd_spike] trades=0 | cache hits=4 miss=7 err=0 | positions=0
2026-03-29 06:17:30,682 [INFO] [Scan:asymmetric_sniper] trades=0 | cache hits=7 miss=4 err=0 | positions=0
2026-03-29 06:18:09,057 [INFO] [Scan:liquidation_fade] trades=0 | cache hits=3 miss=8 err=0 | positions=0
2026-03-29 06:18:10,688 [INFO] [Heartbeat] equity=$4614.68 | daily=7.71% | pos=0 | notional=$0.00 | kill=False
2026-03-29 06:18:12,487 [INFO] [Scan:cvd_spike] trades=0 | cache hits=11 miss=0 err=0 | positions=0
2026-03-29 06:18:28,679 [INFO] [Scan:asymmetric_sniper] trades=0 | cache hits=4 miss=7 err=0 | positions=0
2026-03-29 06:19:06,040 [INFO] [Scan:liquidation_fade] trades=0 | cache hits=8 miss=3 err=0 | positions=0
2026-03-29 06:19:07,316 [INFO] [Heartbeat] equity=$4614.68 | daily=7.71% | pos=0 | notional=$0.00 | kill=False
2026-03-29 06:19:09,584 [INFO] [Scan:cvd_spike] trades=0 | cache hits=7 miss=4 err=0 | positions=0
2026-03-29 06:19:26,112 [INFO] [Scan:asymmetric_sniper] trades=0 | cache hits=11 miss=0 err=0 | positions=0
2026-03-29 06:20:03,500 [INFO] [Scan:liquidation_fade] trades=0 | cache hits=3 miss=8 err=0 | positions=0
2026-03-29 06:20:03,955 [INFO] [Heartbeat] equity=$4614.68 | daily=7.71% | pos=0 | notional=$0.00 | kill=False
2026-03-29 06:20:06,991 [INFO] [Scan:cvd_spike] trades=0 | cache hits=4 miss=7 err=0 | positions=0
2026-03-29 06:20:25,514 [INFO] [Scan:asymmetric_sniper] trades=0 | cache hits=7 miss=4 err=0 | positions=0
2026-03-29 06:21:00,445 [INFO] [Scan:liquidation_fade] trades=0 | cache hits=8 miss=3 err=0 | positions=0
2026-03-29 06:21:00,586 [INFO] [Heartbeat] equity=$4614.68 | daily=7.71% | pos=0 | notional=$0.00 | kill=False
2026-03-29 06:21:03,650 [INFO] [Scan:cvd_spike] trades=0 | cache hits=11 miss=0 err=0 | positions=0
2026-03-29 06:21:25,632 [INFO] [Scan:asymmetric_sniper] trades=0 | cache hits=0 miss=11 err=0 | positions=0
2026-03-29 06:21:58,880 [INFO] [Heartbeat] equity=$4614.68 | daily=7.71% | pos=0 | notional=$0.00 | kill=False
2026-03-29 06:21:59,861 [INFO] [Scan:liquidation_fade] trades=0 | cache hits=0 miss=11 err=0 | positions=0
2026-03-29 06:22:01,983 [INFO] [Scan:cvd_spike] trades=0 | cache hits=11 miss=0 err=0 | positions=0
2026-03-29 06:22:22,376 [INFO] [Scan:asymmetric_sniper] trades=0 | cache hits=11 miss=0 err=0 | positions=0
2026-03-29 06:22:54,974 [INFO] [Heartbeat] equity=$4614.68 | daily=7.71% | pos=0 | notional=$0.00 | kill=False
2026-03-29 06:22:55,961 [INFO] [Scan:liquidation_fade] trades=0 | cache hits=11 miss=0 err=0 | positions=0
2026-03-29 06:22:59,289 [INFO] [Scan:cvd_spike] trades=0 | cache hits=0 miss=11 err=0 | positions=0
2026-03-29 06:23:19,732 [INFO] [Scan:asymmetric_sniper] trades=0 | cache hits=11 miss=0 err=0 | positions=0
2026-03-29 06:23:51,634 [INFO] [Heartbeat] equity=$4614.68 | daily=7.71% | pos=0 | notional=$0.00 | kill=False
2026-03-29 06:23:53,841 [INFO] [SOL] LIQ CASCADE → LONG | OI_drop=2.27σ taker=3.2x move=-0.720%
2026-03-29 06:23:54,069 [WARNING] [SOL] SL too tight: 0.142857 < fee_threshold 0.148950 (0.180% of price) — skip
2026-03-29 06:23:54,069 [INFO] [Scan:liquidation_fade] trades=0 | cache hits=0 miss=13 err=0 | positions=0
2026-03-29 06:23:56,117 [INFO] [Scan:cvd_spike] trades=0 | cache hits=11 miss=0 err=0 | positions=0
2026-03-29 06:24:18,137 [INFO] [Scan:asymmetric_sniper] trades=0 | cache hits=0 miss=11 err=0 | positions=0
2026-03-29 06:24:48,349 [INFO] [Heartbeat] equity=$4614.68 | daily=7.71% | pos=0 | notional=$0.00 | kill=False
2026-03-29 06:24:50,736 [INFO] [SOL] LIQ CASCADE → LONG | OI_drop=2.27σ taker=3.2x move=-0.720%
2026-03-29 06:24:50,899 [WARNING] [SOL] SL too tight: 0.142857 < fee_threshold 0.148914 (0.180% of price) — skip
2026-03-29 06:24:50,899 [INFO] [Scan:liquidation_fade] trades=0 | cache hits=13 miss=0 err=0 | positions=0
2026-03-29 06:24:52,979 [INFO] [Scan:cvd_spike] trades=0 | cache hits=11 miss=0 err=0 | positions=0
2026-03-29 06:25:17,938 [INFO] [ETH] ASYMMETRIC SNIPER -> SHORT | z=3.03 strength=-0.990
2026-03-29 06:25:18,685 [INFO] [Leverage] ETH set to 5x (isolated)
2026-03-29 06:25:18,881 [ERROR] [Entry] ETH SELL failed: binanceusdm {"code":-2019,"msg":"Margin is insufficient."}
2026-03-29 06:25:18,882 [INFO] [Scan:asymmetric_sniper] trades=0 | cache hits=0 miss=12 err=0 | positions=0
2026-03-29 06:25:46,692 [INFO] [Heartbeat] equity=$4614.68 | daily=7.71% | pos=0 | notional=$0.00 | kill=False
2026-03-29 06:25:47,118 [INFO] [CoinSelect] Volatility top 30 → 0 passed safety filter | rejected: 0
2026-03-29 06:25:47,119 [INFO] [CoinRefresh] 11 coins active (base=13 + selective=0) | +{} -{}
2026-03-29 06:25:50,752 [INFO] [Scan:cvd_spike] trades=0 | cache hits=11 miss=11 err=0 | positions=0
2026-03-29 06:25:50,840 [INFO] [SOL] LIQ CASCADE → LONG | OI_drop=2.63σ taker=3.5x move=-0.744%
2026-03-29 06:25:51,055 [WARNING] [SOL] SL too tight: 0.132143 < fee_threshold 0.149058 (0.180% of price) — skip
2026-03-29 06:25:51,055 [INFO] [Scan:liquidation_fade] trades=0 | cache hits=0 miss=2 err=0 | positions=0
2026-03-29 06:26:16,998 [INFO] [ETH] ASYMMETRIC SNIPER -> SHORT | z=2.50 strength=-0.675
2026-03-29 06:26:19,426 [INFO] [Leverage] ETH set to 5x (isolated)
2026-03-29 06:26:19,648 [ERROR] [Entry] ETH SELL failed: binanceusdm {"code":-2019,"msg":"Margin is insufficient."}
2026-03-29 06:26:19,648 [INFO] [Scan:asymmetric_sniper] trades=0 | cache hits=0 miss=12 err=0 | positions=0
2026-03-29 06:26:43,351 [INFO] [Heartbeat] equity=$4614.68 | daily=7.71% | pos=0 | notional=$0.00 | kill=False
2026-03-29 06:26:49,392 [INFO] [Scan:cvd_spike] trades=0 | cache hits=11 miss=0 err=0 | positions=0
2026-03-29 06:26:50,591 [INFO] [SOL] LIQ CASCADE → LONG | OI_drop=2.85σ taker=3.8x move=-0.756%
2026-03-29 06:26:50,821 [WARNING] [SOL] SL too tight: 0.132143 < fee_threshold 0.148896 (0.180% of price) — skip
2026-03-29 06:26:50,822 [INFO] [Scan:liquidation_fade] trades=0 | cache hits=0 miss=13 err=0 | positions=0
2026-03-29 06:27:19,835 [INFO] [Scan:asymmetric_sniper] trades=0 | cache hits=0 miss=11 err=0 | positions=0
2026-03-29 06:27:40,029 [INFO] [Heartbeat] equity=$4614.68 | daily=7.71% | pos=0 | notional=$0.00 | kill=False
2026-03-29 06:27:46,086 [INFO] [Scan:cvd_spike] trades=0 | cache hits=11 miss=0 err=0 | positions=0
2026-03-29 06:27:50,277 [INFO] [Scan:liquidation_fade] trades=0 | cache hits=0 miss=11 err=0 | positions=0
2026-03-29 06:28:17,468 [INFO] [Scan:asymmetric_sniper] trades=0 | cache hits=8 miss=3 err=0 | positions=0
2026-03-29 06:28:36,654 [INFO] [Heartbeat] equity=$4614.68 | daily=7.71% | pos=0 | notional=$0.00 | kill=False
2026-03-29 06:28:43,638 [INFO] [Scan:cvd_spike] trades=0 | cache hits=3 miss=8 err=0 | positions=0
2026-03-29 06:28:46,918 [INFO] [Scan:liquidation_fade] trades=0 | cache hits=11 miss=0 err=0 | positions=0
2026-03-29 06:29:01,156 [INFO] [CoinSelect] Volatility top 30 → 0 passed safety filter | rejected: 0
2026-03-29 06:29:06,456 [INFO] [SignalScan] 11 coins | 10 candidates
2026-03-29 06:29:14,914 [INFO] [Scan:asymmetric_sniper] trades=0 | cache hits=11 miss=11 err=0 | positions=0
2026-03-29 06:29:33,286 [INFO] [Heartbeat] equity=$4614.68 | daily=7.71% | pos=0 | notional=$0.00 | kill=False
2026-03-29 06:29:40,672 [INFO] [Scan:cvd_spike] trades=0 | cache hits=8 miss=3 err=0 | positions=0
2026-03-29 06:29:44,692 [INFO] [Scan:liquidation_fade] trades=0 | cache hits=0 miss=11 err=0 | positions=0
2026-03-29 06:30:13,067 [INFO] [Scan:asymmetric_sniper] trades=0 | cache hits=3 miss=8 err=0 | positions=0
2026-03-29 06:30:29,931 [INFO] [Heartbeat] equity=$4614.68 | daily=7.71% | pos=0 | notional=$0.00 | kill=False
2026-03-29 06:30:37,464 [INFO] [Scan:cvd_spike] trades=0 | cache hits=11 miss=0 err=0 | positions=0
2026-03-29 06:30:41,322 [INFO] [Scan:liquidation_fade] trades=0 | cache hits=11 miss=0 err=0 | positions=0
2026-03-29 06:31:10,645 [INFO] [Scan:asymmetric_sniper] trades=0 | cache hits=8 miss=3 err=0 | positions=0
2026-03-29 06:31:26,584 [INFO] [Heartbeat] equity=$4614.68 | daily=7.71% | pos=0 | notional=$0.00 | kill=False
2026-03-29 06:31:35,171 [INFO] [Scan:cvd_spike] trades=0 | cache hits=3 miss=8 err=0 | positions=0
2026-03-29 06:31:39,077 [INFO] [Scan:liquidation_fade] trades=0 | cache hits=0 miss=11 err=0 | positions=0
2026-03-29 06:32:08,060 [INFO] [Scan:asymmetric_sniper] trades=0 | cache hits=11 miss=0 err=0 | positions=0
2026-03-29 06:32:24,958 [INFO] [Heartbeat] equity=$4614.68 | daily=7.71% | pos=0 | notional=$0.00 | kill=False
2026-03-29 06:32:32,276 [INFO] [Scan:cvd_spike] trades=0 | cache hits=8 miss=3 err=0 | positions=0
2026-03-29 06:32:35,730 [INFO] [Scan:liquidation_fade] trades=0 | cache hits=11 miss=0 err=0 | positions=0
2026-03-29 06:33:06,150 [INFO] [Scan:asymmetric_sniper] trades=0 | cache hits=3 miss=8 err=0 | positions=0
2026-03-29 06:33:21,591 [INFO] [Heartbeat] equity=$4614.68 | daily=7.71% | pos=0 | notional=$0.00 | kill=False
2026-03-29 06:33:29,127 [INFO] [Scan:cvd_spike] trades=0 | cache hits=11 miss=0 err=0 | positions=0
2026-03-29 06:33:33,486 [INFO] [Scan:liquidation_fade] trades=0 | cache hits=0 miss=11 err=0 | positions=0
2026-03-29 06:34:03,757 [INFO] [Scan:asymmetric_sniper] trades=0 | cache hits=8 miss=3 err=0 | positions=0
2026-03-29 06:34:18,160 [INFO] [Heartbeat] equity=$4614.68 | daily=7.71% | pos=0 | notional=$0.00 | kill=False
2026-03-29 06:34:28,256 [INFO] [Scan:cvd_spike] trades=0 | cache hits=3 miss=8 err=0 | positions=0
2026-03-29 06:34:30,105 [INFO] [Scan:liquidation_fade] trades=0 | cache hits=11 miss=0 err=0 | positions=0
2026-03-29 06:35:03,128 [INFO] [Scan:asymmetric_sniper] trades=0 | cache hits=8 miss=3 err=0 | positions=0
2026-03-29 06:35:14,852 [INFO] [Heartbeat] equity=$4614.68 | daily=7.71% | pos=0 | notional=$0.00 | kill=False
2026-03-29 06:35:25,021 [INFO] [Scan:cvd_spike] trades=0 | cache hits=11 miss=0 err=0 | positions=0
2026-03-29 06:35:29,539 [INFO] [Scan:liquidation_fade] trades=0 | cache hits=0 miss=11 err=0 | positions=0
2026-03-29 06:36:04,333 [INFO] [Scan:asymmetric_sniper] trades=0 | cache hits=0 miss=11 err=0 | positions=0
2026-03-29 06:36:11,496 [INFO] [Heartbeat] equity=$4614.68 | daily=7.71% | pos=0 | notional=$0.00 | kill=False
2026-03-29 06:36:21,737 [INFO] [Scan:cvd_spike] trades=0 | cache hits=11 miss=0 err=0 | positions=0
2026-03-29 06:36:26,172 [INFO] [Scan:liquidation_fade] trades=0 | cache hits=11 miss=0 err=0 | positions=0
2026-03-29 06:37:04,129 [INFO] [ETH] ASYMMETRIC SNIPER -> SHORT | z=3.33 strength=-1.180
2026-03-29 06:37:04,861 [INFO] [Leverage] ETH set to 5x (isolated)
2026-03-29 06:37:05,062 [ERROR] [Entry] ETH SELL failed: binanceusdm {"code":-1021,"msg":"Timestamp for this request was 1000ms ahead of the server's time."}
2026-03-29 06:37:05,063 [INFO] [Scan:asymmetric_sniper] trades=0 | cache hits=0 miss=12 err=0 | positions=0
2026-03-29 06:37:08,125 [INFO] [Heartbeat] equity=$4614.68 | daily=7.71% | pos=0 | notional=$0.00 | kill=False
2026-03-29 06:37:18,744 [INFO] [Scan:cvd_spike] trades=0 | cache hits=11 miss=0 err=0 | positions=0
2026-03-29 06:37:23,926 [INFO] [Scan:liquidation_fade] trades=0 | cache hits=0 miss=11 err=0 | positions=0
2026-03-29 06:38:03,019 [INFO] [ETH] ASYMMETRIC SNIPER -> SHORT | z=3.33 strength=-1.180
2026-03-29 06:38:03,586 [INFO] [Leverage] ETH set to 5x (isolated)
2026-03-29 06:38:03,778 [ERROR] [Entry] ETH SELL failed: binanceusdm {"code":-1021,"msg":"Timestamp for this request was 1000ms ahead of the server's time."}
2026-03-29 06:38:03,778 [INFO] [Scan:asymmetric_sniper] trades=0 | cache hits=2 miss=10 err=0 | positions=0
2026-03-29 06:38:06,415 [INFO] [Heartbeat] equity=$4614.68 | daily=7.71% | pos=0 | notional=$0.00 | kill=False
2026-03-29 06:38:15,963 [INFO] [Scan:cvd_spike] trades=0 | cache hits=9 miss=2 err=0 | positions=0
2026-03-29 06:38:20,544 [INFO] [Scan:liquidation_fade] trades=0 | cache hits=11 miss=0 err=0 | positions=0
2026-03-29 06:39:01,795 [INFO] [Scan:asymmetric_sniper] trades=0 | cache hits=4 miss=7 err=0 | positions=0
2026-03-29 06:39:03,075 [INFO] [Heartbeat] equity=$4614.68 | daily=7.71% | pos=0 | notional=$0.00 | kill=False
2026-03-29 06:39:12,930 [INFO] [Scan:cvd_spike] trades=0 | cache hits=9 miss=2 err=0 | positions=0
2026-03-29 06:39:18,304 [INFO] [Scan:liquidation_fade] trades=0 | cache hits=0 miss=11 err=0 | positions=0
2026-03-29 06:39:55,508 [INFO] [EVGuardian] momentum_breakout: EV=0.0000% tp_rate=0.0% n=7 ok
2026-03-29 06:39:55,508 [INFO] [EVGuardian] cvd_spike: EV=0.0000% tp_rate=0.0% n=66 ok
2026-03-29 06:39:55,508 [INFO] [EVGuardian] asymmetric_sniper: EV=0.0000% tp_rate=0.0% n=30 ok
2026-03-29 06:39:55,508 [INFO] [EVGuardian] liquidation_fade: EV=0.0000% tp_rate=0.0% n=25 ok
2026-03-29 06:39:59,349 [INFO] [Scan:asymmetric_sniper] trades=0 | cache hits=9 miss=2 err=0 | positions=0
2026-03-29 06:39:59,702 [INFO] [Heartbeat] equity=$4614.68 | daily=7.71% | pos=0 | notional=$0.00 | kill=False
2026-03-29 06:40:00,069 [INFO] [CoinSelect] Volatility top 30 → 0 passed safety filter | rejected: 0
2026-03-29 06:40:00,069 [INFO] [CoinRefresh] 11 coins active (base=13 + selective=0) | +{} -{}
2026-03-29 06:40:12,237 [INFO] [Scan:cvd_spike] trades=0 | cache hits=4 miss=7 err=0 | positions=0
2026-03-29 06:40:14,926 [INFO] [Scan:liquidation_fade] trades=0 | cache hits=11 miss=0 err=0 | positions=0
2026-03-29 06:40:56,304 [INFO] [Heartbeat] equity=$4614.68 | daily=7.71% | pos=0 | notional=$0.00 | kill=False
2026-03-29 06:40:56,876 [INFO] [Scan:asymmetric_sniper] trades=0 | cache hits=9 miss=2 err=0 | positions=0
2026-03-29 06:41:11,434 [INFO] [Scan:cvd_spike] trades=0 | cache hits=2 miss=9 err=0 | positions=0
2026-03-29 06:41:12,662 [INFO] [Scan:liquidation_fade] trades=0 | cache hits=0 miss=11 err=0 | positions=0
2026-03-29 06:41:52,946 [INFO] [Heartbeat] equity=$4614.68 | daily=7.71% | pos=0 | notional=$0.00 | kill=False
2026-03-29 06:41:54,243 [INFO] [Scan:asymmetric_sniper] trades=0 | cache hits=11 miss=0 err=0 | positions=0
2026-03-29 06:42:08,338 [INFO] [Scan:cvd_spike] trades=0 | cache hits=9 miss=2 err=0 | positions=0
2026-03-29 06:42:12,201 [INFO] [Scan:liquidation_fade] trades=0 | cache hits=0 miss=11 err=0 | positions=0
2026-03-29 06:42:49,567 [INFO] [Heartbeat] equity=$4614.68 | daily=7.71% | pos=0 | notional=$0.00 | kill=False
2026-03-29 06:42:51,312 [ERROR] [DataHub] OHLCV fetch failed ADA/1m: binanceusdm 429 Too Many Requests {"code":-1003,"msg":"Too many requests; current limit of IP(15.158.3.46) is 6000 requests per minute. Please use the websocket for live updates to avoid polling the API."}
2026-03-29 06:42:52,494 [INFO] [Scan:asymmetric_sniper] trades=0 | cache hits=2 miss=8 err=1 | positions=0
2026-03-29 06:43:05,221 [INFO] [Scan:cvd_spike] trades=0 | cache hits=10 miss=1 err=0 | positions=0
2026-03-29 06:43:08,825 [INFO] [Scan:liquidation_fade] trades=0 | cache hits=11 miss=0 err=0 | positions=0
2026-03-29 06:43:19,454 [INFO] [CoinSelect] Volatility top 30 → 0 passed safety filter | rejected: 0
2026-03-29 06:43:24,633 [INFO] [SignalScan] 11 coins | 10 candidates
2026-03-29 06:43:46,198 [INFO] [Heartbeat] equity=$4614.68 | daily=7.71% | pos=0 | notional=$0.00 | kill=False
2026-03-29 06:43:50,375 [INFO] [Scan:asymmetric_sniper] trades=0 | cache hits=7 miss=15 err=0 | positions=0
2026-03-29 06:44:02,586 [INFO] [Scan:cvd_spike] trades=0 | cache hits=5 miss=6 err=0 | positions=0
2026-03-29 06:44:06,562 [INFO] [Scan:liquidation_fade] trades=0 | cache hits=0 miss=11 err=0 | positions=0
2026-03-29 06:44:44,520 [INFO] [Heartbeat] equity=$4614.68 | daily=7.71% | pos=0 | notional=$0.00 | kill=False
2026-03-29 06:44:47,843 [INFO] [Scan:asymmetric_sniper] trades=0 | cache hits=10 miss=1 err=0 | positions=0
2026-03-29 06:44:59,785 [INFO] [Scan:cvd_spike] trades=0 | cache hits=7 miss=4 err=0 | positions=0
2026-03-29 06:45:03,197 [INFO] [Scan:liquidation_fade] trades=0 | cache hits=11 miss=0 err=0 | positions=0
2026-03-29 06:45:41,140 [INFO] [Heartbeat] equity=$4614.68 | daily=7.71% | pos=0 | notional=$0.00 | kill=False
2026-03-29 06:45:46,742 [ERROR] [DataHub] OHLCV fetch failed BNB/1m: binanceusdm 429 Too Many Requests {"code":-1003,"msg":"Too many requests; current limit of IP(15.158.3.46) is 6000 requests per minute. Please use the websocket for live updates to avoid polling the API."}
2026-03-29 06:45:47,558 [INFO] [Scan:asymmetric_sniper] trades=0 | cache hits=4 miss=6 err=1 | positions=0
2026-03-29 06:45:56,533 [INFO] [Scan:cvd_spike] trades=0 | cache hits=10 miss=1 err=0 | positions=0
2026-03-29 06:46:00,577 [ERROR] [DataHub] OHLCV fetch failed DOT/5m: binanceusdm 429 Too Many Requests {"code":-1003,"msg":"Too many requests; current limit of IP(15.158.3.46) is 6000 requests per minute. Please use the websocket for live updates to avoid polling the API."}
2026-03-29 06:46:00,989 [INFO] [Scan:liquidation_fade] trades=0 | cache hits=0 miss=10 err=1 | positions=0
2026-03-29 06:46:37,746 [INFO] [Heartbeat] equity=$4614.68 | daily=7.71% | pos=0 | notional=$0.00 | kill=False
2026-03-29 06:46:45,267 [INFO] [Scan:asymmetric_sniper] trades=0 | cache hits=7 miss=4 err=0 | positions=0
2026-03-29 06:46:53,871 [INFO] [Scan:cvd_spike] trades=0 | cache hits=5 miss=6 err=0 | positions=0
2026-03-29 06:46:57,791 [INFO] [Scan:liquidation_fade] trades=0 | cache hits=10 miss=1 err=0 | positions=0
2026-03-29 06:47:34,383 [INFO] [Heartbeat] equity=$4614.68 | daily=7.71% | pos=0 | notional=$0.00 | kill=False
2026-03-29 06:47:42,762 [INFO] [Scan:asymmetric_sniper] trades=0 | cache hits=10 miss=1 err=0 | positions=0
2026-03-29 06:47:53,360 [INFO] [Scan:cvd_spike] trades=0 | cache hits=1 miss=10 err=0 | positions=0
2026-03-29 06:47:55,452 [INFO] [Scan:liquidation_fade] trades=0 | cache hits=1 miss=10 err=0 | positions=0
2026-03-29 06:48:30,996 [INFO] [Heartbeat] equity=$4614.68 | daily=7.71% | pos=0 | notional=$0.00 | kill=False
2026-03-29 06:48:40,093 [INFO] [Scan:asymmetric_sniper] trades=0 | cache hits=11 miss=0 err=0 | positions=0
2026-03-29 06:48:52,878 [INFO] [Scan:cvd_spike] trades=0 | cache hits=0 miss=11 err=0 | positions=0
2026-03-29 06:48:54,913 [INFO] [Scan:liquidation_fade] trades=0 | cache hits=0 miss=11 err=0 | positions=0
2026-03-29 06:49:27,579 [INFO] [Heartbeat] equity=$4614.68 | daily=7.71% | pos=0 | notional=$0.00 | kill=False
2026-03-29 06:49:37,436 [INFO] [Scan:asymmetric_sniper] trades=0 | cache hits=11 miss=0 err=0 | positions=0
2026-03-29 06:49:49,593 [INFO] [Scan:cvd_spike] trades=0 | cache hits=11 miss=0 err=0 | positions=0
2026-03-29 06:49:54,318 [INFO] [Scan:liquidation_fade] trades=0 | cache hits=0 miss=11 err=0 | positions=0
2026-03-29 06:50:25,896 [INFO] [Heartbeat] equity=$4614.68 | daily=7.71% | pos=0 | notional=$0.00 | kill=False
2026-03-29 06:50:35,718 [INFO] [AVAX] ASYMMETRIC SNIPER -> SHORT | z=4.58 strength=-2.604
2026-03-29 06:50:36,377 [INFO] [Leverage] AVAX set to 5x (isolated)
2026-03-29 06:50:36,572 [ERROR] [Entry] AVAX SELL failed: binanceusdm {"code":-2019,"msg":"Margin is insufficient."}
2026-03-29 06:50:36,574 [INFO] [Scan:asymmetric_sniper] trades=0 | cache hits=0 miss=12 err=0 | positions=0
2026-03-29 06:50:46,524 [INFO] [Scan:cvd_spike] trades=0 | cache hits=11 miss=0 err=0 | positions=0
2026-03-29 06:50:50,965 [INFO] [Scan:liquidation_fade] trades=0 | cache hits=11 miss=0 err=0 | positions=0
2026-03-29 06:51:22,585 [INFO] [Heartbeat] equity=$4614.68 | daily=7.71% | pos=0 | notional=$0.00 | kill=False
2026-03-29 06:51:34,744 [INFO] [AVAX] ASYMMETRIC SNIPER -> SHORT | z=6.11 strength=-3.868
2026-03-29 06:51:35,199 [INFO] [Leverage] AVAX set to 5x (isolated)
2026-03-29 06:51:35,399 [ERROR] [Entry] AVAX SELL failed: binanceusdm {"code":-2019,"msg":"Margin is insufficient."}
2026-03-29 06:51:35,399 [INFO] [Scan:asymmetric_sniper] trades=0 | cache hits=1 miss=11 err=0 | positions=0
2026-03-29 06:51:43,500 [INFO] [Scan:cvd_spike] trades=0 | cache hits=10 miss=1 err=0 | positions=0
2026-03-29 06:51:48,778 [INFO] [Scan:liquidation_fade] trades=0 | cache hits=0 miss=11 err=0 | positions=0
2026-03-29 06:52:19,200 [INFO] [Heartbeat] equity=$4614.68 | daily=7.71% | pos=0 | notional=$0.00 | kill=False
2026-03-29 06:52:33,633 [INFO] [Scan:asymmetric_sniper] trades=0 | cache hits=3 miss=8 err=0 | positions=0
2026-03-29 06:52:40,462 [INFO] [Scan:cvd_spike] trades=0 | cache hits=9 miss=2 err=0 | positions=0
2026-03-29 06:52:45,425 [INFO] [Scan:liquidation_fade] trades=0 | cache hits=11 miss=0 err=0 | positions=0
2026-03-29 06:53:15,806 [INFO] [Heartbeat] equity=$4614.68 | daily=7.71% | pos=0 | notional=$0.00 | kill=False
2026-03-29 06:53:31,104 [INFO] [Scan:asymmetric_sniper] trades=0 | cache hits=10 miss=1 err=0 | positions=0
2026-03-29 06:53:38,000 [INFO] [Scan:cvd_spike] trades=0 | cache hits=3 miss=8 err=0 | positions=0
2026-03-29 06:53:43,116 [INFO] [Scan:liquidation_fade] trades=0 | cache hits=0 miss=11 err=0 | positions=0
2026-03-29 06:54:12,413 [INFO] [Heartbeat] equity=$4614.68 | daily=7.71% | pos=0 | notional=$0.00 | kill=False
2026-03-29 06:54:12,877 [INFO] [CoinSelect] Volatility top 30 → 0 passed safety filter | rejected: 0
2026-03-29 06:54:12,877 [INFO] [CoinRefresh] 11 coins active (base=13 + selective=0) | +{} -{}
2026-03-29 06:54:32,281 [INFO] [OP] ASYMMETRIC SNIPER -> SHORT | z=7.19 strength=-685.558
2026-03-29 06:54:32,381 [INFO] [SUI] ASYMMETRIC SNIPER -> SHORT | z=13.58 strength=-55.576
2026-03-29 06:54:32,748 [INFO] [Leverage] OP set to 5x (isolated)
2026-03-29 06:54:31,291 [ERROR] [Entry] OP SELL failed: binanceusdm {"code":-1021,"msg":"Timestamp for this request was 1000ms ahead of the server's time."}
2026-03-29 06:54:31,291 [INFO] [Scan:asymmetric_sniper] trades=0 | cache hits=8 miss=4 err=0 | positions=0
2026-03-29 06:54:35,112 [INFO] [Scan:cvd_spike] trades=0 | cache hits=11 miss=0 err=0 | positions=0
2026-03-29 06:54:39,820 [INFO] [Scan:liquidation_fade] trades=0 | cache hits=11 miss=0 err=0 | positions=0
2026-03-29 06:55:09,046 [INFO] [Heartbeat] equity=$4614.68 | daily=7.71% | pos=0 | notional=$0.00 | kill=False
2026-03-29 06:55:30,530 [INFO] [OP] ASYMMETRIC SNIPER -> SHORT | z=7.19 strength=-685.558
2026-03-29 06:55:30,651 [INFO] [SUI] ASYMMETRIC SNIPER -> SHORT | z=13.58 strength=-55.576
2026-03-29 06:55:31,038 [INFO] [DOT] ASYMMETRIC SNIPER -> SHORT | z=7.18 strength=-6.555
2026-03-29 06:55:31,453 [INFO] [Leverage] DOT set to 5x (isolated)
2026-03-29 06:55:31,653 [ERROR] [Entry] DOT SELL failed: binanceusdm {"code":-1021,"msg":"Timestamp for this request was 1000ms ahead of the server's time."}
2026-03-29 06:55:31,654 [INFO] [Scan:asymmetric_sniper] trades=0 | cache hits=3 miss=9 err=0 | positions=0
2026-03-29 06:55:34,087 [INFO] [Scan:cvd_spike] trades=0 | cache hits=8 miss=3 err=0 | positions=0
2026-03-29 06:55:37,686 [INFO] [DOT] LIQ CASCADE → LONG | OI_drop=3.84σ taker=4.9x move=-0.782%
2026-03-29 06:55:37,892 [INFO] [Leverage] DOT set to 5x (isolated)
2026-03-29 06:55:38,086 [ERROR] [Entry] DOT BUY failed: binanceusdm {"code":-2019,"msg":"Margin is insufficient."}
2026-03-29 06:55:38,087 [INFO] [Scan:liquidation_fade] trades=0 | cache hits=1 miss=12 err=0 | positions=0
2026-03-29 06:56:05,650 [INFO] [Heartbeat] equity=$4614.68 | daily=7.71% | pos=0 | notional=$0.00 | kill=False
2026-03-29 06:56:29,126 [INFO] [DOT] ASYMMETRIC SNIPER -> SHORT | z=7.18 strength=-6.555
2026-03-29 06:56:29,387 [INFO] [XRP] ASYMMETRIC SNIPER -> LONG | z=-3.64 strength=49337.919
2026-03-29 06:56:29,651 [INFO] [BNB] ASYMMETRIC SNIPER -> SHORT | z=2.36 strength=-1.510
2026-03-29 06:56:30,207 [ERROR] [Entry] XRP BUY failed: binanceusdm {"code":-1021,"msg":"Timestamp for this request was 1000ms ahead of the server's time."}
2026-03-29 06:56:30,208 [INFO] [Scan:asymmetric_sniper] trades=0 | cache hits=5 miss=7 err=0 | positions=0
2026-03-29 06:56:31,231 [INFO] [Scan:cvd_spike] trades=0 | cache hits=9 miss=2 err=0 | positions=0
2026-03-29 06:56:34,704 [INFO] [DOT] LIQ CASCADE → LONG | OI_drop=3.84σ taker=4.9x move=-0.782%
2026-03-29 06:56:35,377 [INFO] [Leverage] DOT set to 5x (isolated)
2026-03-29 06:56:35,572 [ERROR] [Entry] DOT BUY failed: binanceusdm {"code":-2019,"msg":"Margin is insufficient."}
2026-03-29 06:56:35,572 [INFO] [Scan:liquidation_fade] trades=0 | cache hits=10 miss=3 err=0 | positions=0
2026-03-29 06:57:03,979 [INFO] [Heartbeat] equity=$4614.68 | daily=7.71% | pos=0 | notional=$0.00 | kill=False
2026-03-29 06:57:27,515 [INFO] [BNB] ASYMMETRIC SNIPER -> SHORT | z=2.36 strength=-1.510
2026-03-29 06:57:28,579 [INFO] [Scan:cvd_spike] trades=0 | cache hits=13 miss=9 err=0 | positions=0
2026-03-29 06:57:28,897 [INFO] [Leverage] BNB set to 5x (isolated)
2026-03-29 06:57:29,089 [ERROR] [Entry] BNB SELL failed: binanceusdm {"code":-2019,"msg":"Margin is insufficient."}
2026-03-29 06:57:29,089 [INFO] [Scan:asymmetric_sniper] trades=0 | cache hits=0 miss=1 err=0 | positions=0
2026-03-29 06:57:35,160 [INFO] [Scan:liquidation_fade] trades=0 | cache hits=0 miss=11 err=0 | positions=0
2026-03-29 06:57:37,420 [INFO] [CoinSelect] Volatility top 30 → 0 passed safety filter | rejected: 0
2026-03-29 06:57:42,626 [INFO] [SignalScan] 11 coins | 10 candidates
2026-03-29 06:58:00,626 [INFO] [Heartbeat] equity=$4614.68 | daily=7.71% | pos=0 | notional=$0.00 | kill=False
2026-03-29 06:58:25,813 [INFO] [Scan:cvd_spike] trades=0 | cache hits=16 miss=14 err=0 | positions=0
2026-03-29 06:58:26,236 [INFO] [BNB] ASYMMETRIC SNIPER -> SHORT | z=2.36 strength=-1.510
2026-03-29 06:58:27,067 [INFO] [Leverage] BNB set to 5x (isolated)
2026-03-29 06:58:27,274 [ERROR] [Entry] BNB SELL failed: binanceusdm {"code":-2019,"msg":"Margin is insufficient."}
2026-03-29 06:58:27,275 [INFO] [Scan:asymmetric_sniper] trades=0 | cache hits=0 miss=4 err=0 | positions=0
2026-03-29 06:58:31,756 [INFO] [Scan:liquidation_fade] trades=0 | cache hits=11 miss=0 err=0 | positions=0
2026-03-29 06:58:57,182 [INFO] [Heartbeat] equity=$4614.68 | daily=7.71% | pos=0 | notional=$0.00 | kill=False
2026-03-29 06:59:23,338 [INFO] [Scan:cvd_spike] trades=0 | cache hits=6 miss=5 err=0 | positions=0
2026-03-29 06:59:24,811 [INFO] [Scan:asymmetric_sniper] trades=0 | cache hits=8 miss=3 err=0 | positions=0
2026-03-29 06:59:29,463 [INFO] [Scan:liquidation_fade] trades=0 | cache hits=0 miss=11 err=0 | positions=0
2026-03-29 06:59:53,875 [INFO] [Heartbeat] equity=$4614.68 | daily=7.71% | pos=0 | notional=$0.00 | kill=False
2026-03-29 07:00:22,382 [INFO] [Scan:cvd_spike] trades=0 | cache hits=14 miss=8 err=0 | positions=0
2026-03-29 07:00:22,691 [INFO] [Scan:asymmetric_sniper] trades=0 | cache hits=0 miss=0 err=0 | positions=0
2026-03-29 07:00:26,078 [INFO] [Scan:liquidation_fade] trades=0 | cache hits=11 miss=0 err=0 | positions=0
2026-03-29 07:00:50,491 [INFO] [Heartbeat] equity=$4614.68 | daily=7.71% | pos=0 | notional=$0.00 | kill=False
2026-03-29 07:01:19,647 [INFO] [Scan:cvd_spike] trades=0 | cache hits=18 miss=4 err=0 | positions=0
2026-03-29 07:01:20,228 [INFO] [Scan:asymmetric_sniper] trades=0 | cache hits=0 miss=0 err=0 | positions=0
2026-03-29 07:01:23,806 [INFO] [Scan:liquidation_fade] trades=0 | cache hits=0 miss=11 err=0 | positions=0
2026-03-29 07:01:47,135 [INFO] [Heartbeat] equity=$4614.68 | daily=7.71% | pos=0 | notional=$0.00 | kill=False
2026-03-29 07:02:17,686 [INFO] [Scan:cvd_spike] trades=0 | cache hits=15 miss=7 err=0 | positions=0
2026-03-29 07:02:17,740 [INFO] [Scan:asymmetric_sniper] trades=0 | cache hits=0 miss=0 err=0 | positions=0
2026-03-29 07:02:20,403 [INFO] [Scan:liquidation_fade] trades=0 | cache hits=11 miss=0 err=0 | positions=0
2026-03-29 07:02:45,431 [INFO] [Heartbeat] equity=$4614.68 | daily=7.71% | pos=0 | notional=$0.00 | kill=False
2026-03-29 07:03:18,914 [INFO] [Scan:cvd_spike] trades=0 | cache hits=11 miss=22 err=0 | positions=0
2026-03-29 07:03:18,980 [INFO] [SUI] ASYMMETRIC SNIPER -> SHORT | z=2.45 strength=-5.919
2026-03-29 07:03:19,030 [INFO] [ETH] LIQ CASCADE → LONG | OI_drop=1.53σ taker=2.7x move=-0.565%
2026-03-29 07:03:19,585 [INFO] [Leverage] SUI set to 5x (isolated)
2026-03-29 07:03:19,779 [ERROR] [Entry] SUI SELL failed: binanceusdm {"code":-2019,"msg":"Margin is insufficient."}
2026-03-29 07:03:19,780 [INFO] [Scan:asymmetric_sniper] trades=0 | cache hits=0 miss=3 err=0 | positions=0
2026-03-29 07:03:19,886 [INFO] [Leverage] ETH set to 5x (isolated)
2026-03-29 07:03:20,244 [ERROR] [Entry] ETH BUY failed: binanceusdm {"code":-2019,"msg":"Margin is insufficient."}
2026-03-29 07:03:20,246 [INFO] [Scan:liquidation_fade] trades=0 | cache hits=0 miss=0 err=0 | positions=0
2026-03-29 07:03:42,058 [INFO] [Heartbeat] equity=$4614.68 | daily=7.71% | pos=0 | notional=$0.00 | kill=False
2026-03-29 07:04:18,598 [INFO] [Scan:cvd_spike] trades=0 | cache hits=11 miss=11 err=0 | positions=0
2026-03-29 07:04:18,658 [INFO] [XRP] ASYMMETRIC SNIPER -> SHORT | z=2.68 strength=-0.757
2026-03-29 07:04:18,769 [INFO] [DOGE] ASYMMETRIC SNIPER -> SHORT | z=1.84 strength=-0.347
2026-03-29 07:04:20,081 [INFO] [Scan:liquidation_fade] trades=0 | cache hits=0 miss=11 err=0 | positions=0
2026-03-29 07:04:20,849 [ERROR] [Entry] XRP SELL failed: binanceusdm {"code":-2019,"msg":"Margin is insufficient."}
2026-03-29 07:04:20,850 [INFO] [Scan:asymmetric_sniper] trades=0 | cache hits=0 miss=1 err=0 | positions=0
2026-03-29 07:04:38,671 [INFO] [Heartbeat] equity=$4614.68 | daily=7.71% | pos=0 | notional=$0.00 | kill=False
2026-03-29 07:05:18,406 [INFO] [Scan:cvd_spike] trades=0 | cache hits=0 miss=11 err=0 | positions=0
2026-03-29 07:05:19,568 [INFO] [XRP] ASYMMETRIC SNIPER -> SHORT | z=2.68 strength=-0.757
2026-03-29 07:05:18,040 [INFO] [ETH] ASYMMETRIC SNIPER -> SHORT | z=2.71 strength=-1.067
2026-03-29 07:05:18,312 [INFO] [OP] ASYMMETRIC SNIPER -> SHORT | z=4.61 strength=-427.476
2026-03-29 07:05:18,463 [INFO] [OP] LIQ CASCADE → LONG | OI_drop=2.78σ taker=4.8x move=-0.575%
2026-03-29 07:05:19,049 [ERROR] [Entry] XRP SELL failed: binanceusdm {"code":-2019,"msg":"Margin is insufficient."}
2026-03-29 07:05:19,050 [INFO] [Scan:asymmetric_sniper] trades=0 | cache hits=11 miss=14 err=0 | positions=0
2026-03-29 07:05:19,148 [INFO] [Leverage] OP set to 5x (isolated)
2026-03-29 07:05:19,505 [ERROR] [Entry] OP BUY failed: binanceusdm {"code":-2019,"msg":"Margin is insufficient."}
2026-03-29 07:05:19,505 [INFO] [Scan:liquidation_fade] trades=0 | cache hits=0 miss=0 err=0 | positions=0
2026-03-29 07:05:35,233 [INFO] [Heartbeat] equity=$4614.68 | daily=7.71% | pos=0 | notional=$0.00 | kill=False
2026-03-29 07:06:15,525 [INFO] [Scan:cvd_spike] trades=0 | cache hits=11 miss=0 err=0 | positions=0
2026-03-29 07:06:19,803 [INFO] [Scan:liquidation_fade] trades=0 | cache hits=0 miss=22 err=0 | positions=0
2026-03-29 07:06:19,953 [INFO] [BNB] ASYMMETRIC SNIPER -> SHORT | z=6.20 strength=-6.214
2026-03-29 07:06:20,566 [INFO] [Leverage] BNB set to 5x (isolated)
2026-03-29 07:06:20,765 [ERROR] [Entry] BNB SELL failed: binanceusdm {"code":-1021,"msg":"Timestamp for this request was 1000ms ahead of the server's time."}
2026-03-29 07:06:20,765 [INFO] [Scan:asymmetric_sniper] trades=0 | cache hits=0 miss=1 err=0 | positions=0
2026-03-29 07:06:31,895 [INFO] [Heartbeat] equity=$4614.68 | daily=7.71% | pos=0 | notional=$0.00 | kill=False
2026-03-29 07:07:12,710 [INFO] [Scan:cvd_spike] trades=0 | cache hits=11 miss=0 err=0 | positions=0
2026-03-29 07:07:16,414 [INFO] [Scan:liquidation_fade] trades=0 | cache hits=11 miss=0 err=0 | positions=0
2026-03-29 07:07:19,117 [INFO] [Scan:asymmetric_sniper] trades=0 | cache hits=0 miss=11 err=0 | positions=0
2026-03-29 07:07:28,480 [INFO] [Heartbeat] equity=$4614.68 | daily=7.71% | pos=0 | notional=$0.00 | kill=False
2026-03-29 07:08:09,449 [INFO] [Scan:cvd_spike] trades=0 | cache hits=11 miss=0 err=0 | positions=0
2026-03-29 07:08:14,129 [INFO] [Scan:liquidation_fade] trades=0 | cache hits=0 miss=11 err=0 | positions=0
2026-03-29 07:08:16,760 [INFO] [Scan:asymmetric_sniper] trades=0 | cache hits=8 miss=3 err=0 | positions=0
2026-03-29 07:08:25,082 [INFO] [Heartbeat] equity=$4614.68 | daily=7.71% | pos=0 | notional=$0.00 | kill=False
2026-03-29 07:08:25,387 [INFO] [CoinSelect] Volatility top 30 → 0 passed safety filter | rejected: 0
2026-03-29 07:08:25,387 [INFO] [CoinRefresh] 11 coins active (base=13 + selective=0) | +{} -{}
2026-03-29 07:09:08,870 [INFO] [Scan:cvd_spike] trades=0 | cache hits=3 miss=8 err=0 | positions=0
2026-03-29 07:09:10,745 [INFO] [Scan:liquidation_fade] trades=0 | cache hits=11 miss=0 err=0 | positions=0
2026-03-29 07:09:14,000 [INFO] [Scan:asymmetric_sniper] trades=0 | cache hits=11 miss=0 err=0 | positions=0
2026-03-29 07:09:23,370 [INFO] [Heartbeat] equity=$4614.68 | daily=7.71% | pos=0 | notional=$0.00 | kill=False
2026-03-29 07:10:05,858 [INFO] [Scan:cvd_spike] trades=0 | cache hits=8 miss=3 err=0 | positions=0
2026-03-29 07:10:08,559 [INFO] [Scan:liquidation_fade] trades=0 | cache hits=0 miss=11 err=0 | positions=0
2026-03-29 07:10:12,151 [INFO] [Scan:asymmetric_sniper] trades=0 | cache hits=3 miss=8 err=0 | positions=0
2026-03-29 07:10:19,995 [INFO] [Heartbeat] equity=$4614.68 | daily=7.71% | pos=0 | notional=$0.00 | kill=False
2026-03-29 07:11:02,488 [INFO] [Scan:cvd_spike] trades=0 | cache hits=11 miss=0 err=0 | positions=0
2026-03-29 07:11:05,182 [INFO] [Scan:liquidation_fade] trades=0 | cache hits=11 miss=0 err=0 | positions=0
2026-03-29 07:11:09,691 [INFO] [Scan:asymmetric_sniper] trades=0 | cache hits=8 miss=3 err=0 | positions=0
2026-03-29 07:11:16,617 [INFO] [Heartbeat] equity=$4614.68 | daily=7.71% | pos=0 | notional=$0.00 | kill=False
2026-03-29 07:11:56,846 [INFO] [CoinSelect] Volatility top 30 → 0 passed safety filter | rejected: 0
2026-03-29 07:12:01,588 [INFO] [Scan:cvd_spike] trades=0 | cache hits=3 miss=14 err=0 | positions=0
2026-03-29 07:12:03,230 [INFO] [Scan:liquidation_fade] trades=0 | cache hits=0 miss=13 err=0 | positions=0
2026-03-29 07:12:03,959 [INFO] [SignalScan] 11 coins | 10 candidates
2026-03-29 07:12:07,116 [INFO] [Scan:asymmetric_sniper] trades=0 | cache hits=11 miss=3 err=0 | positions=0
2026-03-29 07:12:13,207 [INFO] [Heartbeat] equity=$4614.68 | daily=7.71% | pos=0 | notional=$0.00 | kill=False
2026-03-29 07:13:01,235 [INFO] [Scan:cvd_spike] trades=0 | cache hits=0 miss=11 err=0 | positions=0
2026-03-29 07:13:02,722 [INFO] [OP] LIQ CASCADE → LONG | OI_drop=2.19σ taker=3.8x move=-0.575%
2026-03-29 07:13:03,254 [INFO] [Leverage] OP set to 5x (isolated)
2026-03-29 07:13:03,461 [ERROR] [Entry] OP BUY failed: binanceusdm {"code":-2019,"msg":"Margin is insufficient."}
2026-03-29 07:13:03,462 [INFO] [Scan:liquidation_fade] trades=0 | cache hits=0 miss=13 err=0 | positions=0
2026-03-29 07:13:03,708 [INFO] [OP] ASYMMETRIC SNIPER -> SHORT | z=4.32 strength=-439.873
2026-03-29 07:13:04,610 [INFO] [Leverage] OP set to 5x (isolated)
2026-03-29 07:13:09,794 [INFO] [Heartbeat] equity=$4614.68 | daily=7.71% | pos=0 | notional=$0.00 | kill=False
2026-03-29 07:13:25,898 [INFO] [WaitFill] OP timeout (20.0s), cancelling
2026-03-29 07:13:26,202 [INFO] [Scan:asymmetric_sniper] trades=0 | cache hits=12 miss=0 err=0 | positions=0
2026-03-29 07:13:58,081 [INFO] [Scan:cvd_spike] trades=0 | cache hits=11 miss=0 err=0 | positions=0
2026-03-29 07:14:02,945 [INFO] [OP] LIQ CASCADE → LONG | OI_drop=2.19σ taker=3.8x move=-0.575%
2026-03-29 07:14:03,437 [INFO] [Leverage] OP set to 5x (isolated)
2026-03-29 07:14:03,644 [ERROR] [Entry] OP BUY failed: binanceusdm {"code":-2019,"msg":"Margin is insufficient."}
2026-03-29 07:14:03,644 [INFO] [Scan:liquidation_fade] trades=0 | cache hits=0 miss=13 err=0 | positions=0
2026-03-29 07:14:06,311 [INFO] [Heartbeat] equity=$4614.68 | daily=7.71% | pos=0 | notional=$0.00 | kill=False
2026-03-29 07:14:24,612 [INFO] [Scan:asymmetric_sniper] trades=0 | cache hits=0 miss=11 err=0 | positions=0
2026-03-29 07:14:54,716 [INFO] [Scan:cvd_spike] trades=0 | cache hits=11 miss=0 err=0 | positions=0
2026-03-29 07:15:03,225 [INFO] [OP] LIQ CASCADE → LONG | OI_drop=2.19σ taker=3.8x move=-0.575%
2026-03-29 07:15:03,748 [INFO] [Leverage] OP set to 5x (isolated)
2026-03-29 07:15:03,969 [ERROR] [Entry] OP BUY failed: binanceusdm {"code":-1021,"msg":"Timestamp for this request was 1000ms ahead of the server's time."}
2026-03-29 07:15:03,971 [INFO] [Scan:liquidation_fade] trades=0 | cache hits=0 miss=13 err=0 | positions=0
2026-03-29 07:15:04,652 [INFO] [Heartbeat] equity=$4614.68 | daily=7.71% | pos=0 | notional=$0.00 | kill=False
2026-03-29 07:15:22,331 [INFO] [Scan:asymmetric_sniper] trades=0 | cache hits=8 miss=3 err=0 | positions=0
2026-03-29 07:15:52,143 [INFO] [Scan:cvd_spike] trades=0 | cache hits=3 miss=8 err=0 | positions=0
2026-03-29 07:16:00,573 [INFO] [OP] LIQ CASCADE → LONG | OI_drop=2.19σ taker=3.8x move=-0.575%
2026-03-29 07:16:01,238 [INFO] [Heartbeat] equity=$4614.68 | daily=7.71% | pos=0 | notional=$0.00 | kill=False
2026-03-29 07:16:01,507 [INFO] [Leverage] OP set to 5x (isolated)
2026-03-29 07:16:01,720 [ERROR] [Entry] OP BUY failed: binanceusdm {"code":-1021,"msg":"Timestamp for this request was 1000ms ahead of the server's time."}
2026-03-29 07:16:01,720 [INFO] [Scan:liquidation_fade] trades=0 | cache hits=8 miss=5 err=0 | positions=0
2026-03-29 07:16:19,741 [INFO] [Scan:asymmetric_sniper] trades=0 | cache hits=11 miss=0 err=0 | positions=0
2026-03-29 07:16:49,052 [INFO] [Scan:cvd_spike] trades=0 | cache hits=8 miss=3 err=0 | positions=0
2026-03-29 07:16:57,833 [INFO] [Heartbeat] equity=$4614.68 | daily=7.71% | pos=0 | notional=$0.00 | kill=False
2026-03-29 07:16:58,974 [INFO] [Scan:liquidation_fade] trades=0 | cache hits=5 miss=6 err=0 | positions=0
2026-03-29 07:17:17,556 [INFO] [ETH] ASYMMETRIC SNIPER -> SHORT | z=2.15 strength=-0.545
2026-03-29 07:17:18,244 [INFO] [Leverage] ETH set to 5x (isolated)
2026-03-29 07:17:39,843 [INFO] [WaitFill] ETH timeout (20.0s), cancelling
2026-03-29 07:17:40,149 [INFO] [Scan:asymmetric_sniper] trades=0 | cache hits=3 miss=9 err=0 | positions=0
2026-03-29 07:17:45,834 [INFO] [Scan:cvd_spike] trades=0 | cache hits=11 miss=0 err=0 | positions=0
2026-03-29 07:17:54,414 [INFO] [Heartbeat] equity=$4614.68 | daily=7.71% | pos=0 | notional=$0.00 | kill=False
2026-03-29 07:17:56,048 [INFO] [Scan:liquidation_fade] trades=0 | cache hits=6 miss=5 err=0 | positions=0
2026-03-29 07:18:40,247 [INFO] [Scan:asymmetric_sniper] trades=0 | cache hits=0 miss=11 err=0 | positions=0
2026-03-29 07:18:42,522 [INFO] [Scan:cvd_spike] trades=0 | cache hits=11 miss=0 err=0 | positions=0
2026-03-29 07:18:51,031 [INFO] [Heartbeat] equity=$4614.68 | daily=7.71% | pos=0 | notional=$0.00 | kill=False
2026-03-29 07:18:53,219 [INFO] [Scan:liquidation_fade] trades=0 | cache hits=5 miss=6 err=0 | positions=0
2026-03-29 07:19:38,008 [INFO] [Scan:asymmetric_sniper] trades=0 | cache hits=7 miss=4 err=0 | positions=0
2026-03-29 07:19:41,628 [INFO] [Scan:cvd_spike] trades=0 | cache hits=4 miss=7 err=0 | positions=0
2026-03-29 07:19:47,627 [INFO] [Heartbeat] equity=$4614.68 | daily=7.71% | pos=0 | notional=$0.00 | kill=False
2026-03-29 07:19:50,315 [INFO] [Scan:liquidation_fade] trades=0 | cache hits=6 miss=5 err=0 | positions=0
2026-03-29 07:20:35,347 [INFO] [Scan:asymmetric_sniper] trades=0 | cache hits=11 miss=0 err=0 | positions=0
2026-03-29 07:20:38,904 [INFO] [Scan:cvd_spike] trades=0 | cache hits=7 miss=4 err=0 | positions=0
2026-03-29 07:20:44,251 [INFO] [Heartbeat] equity=$4614.68 | daily=7.71% | pos=0 | notional=$0.00 | kill=False
2026-03-29 07:20:47,513 [INFO] [Scan:liquidation_fade] trades=0 | cache hits=5 miss=6 err=0 | positions=0
2026-03-29 07:21:32,254 [INFO] [DOGE] ASYMMETRIC SNIPER -> SHORT | z=2.05 strength=-0.477
2026-03-29 07:21:33,907 [INFO] [Leverage] DOGE set to 5x (isolated)
2026-03-29 07:21:34,108 [WARNING] [Entry] DOGE Post-Only FAILED, fallback to limit: binanceusdm {"code":-5022,"msg":"Due to the order could not be executed as maker, the Post Only order will be rejected. The order will not be recorded in the order history"}
2026-03-29 07:21:35,886 [INFO] [Scan:cvd_spike] trades=0 | cache hits=15 miss=8 err=0 | positions=0
2026-03-29 07:21:42,565 [INFO] [Heartbeat] equity=$4614.68 | daily=7.71% | pos=0 | notional=$0.00 | kill=False
2026-03-29 07:21:44,485 [INFO] [MultiPos] Added asymmetric_sniper:DOGE: SELL DOGE @ 0.09175
2026-03-29 07:21:44,988 [INFO] [Scan:liquidation_fade] trades=0 | cache hits=6 miss=5 err=0 | positions=1
2026-03-29 07:21:45,651 [INFO] [DOGE] Exchange SL registered @ 0.0924
2026-03-29 07:21:45,768 [INFO] [DOGE] Exchange TP registered @ 0.0897
2026-03-29 07:21:45,768 [INFO] [TradeLog] Entry skeleton saved: asymmetric_sniper_DOGE_0328_222145_0007
2026-03-29 07:21:46,154 [ERROR] [SL] DOGE BUY @ 0.09236 failed: binanceusdm {"code":-4130,"msg":"An open stop or take profit order with GTE and closePosition in the direction is existing."}
2026-03-29 07:21:46,331 [INFO] [TradeLog] Entry enriched: asymmetric_sniper_DOGE_0328_222145_0007
2026-03-29 07:21:46,331 [INFO] [DOGE] ENTRY SELL @ 0.0917 | qty=49040.0 | SL=0.0924(-0.67%) | TP=0.0897(+2.18%) | risk=$30.00 | notional=$4500.00 | fee≈$8.100(0.180%) | trade #7 today
2026-03-29 07:21:46,332 [INFO] [Scan:asymmetric_sniper] trades=1 | cache hits=0 miss=3 err=0 | positions=1
2026-03-29 07:21:46,332 [INFO] [asymmetric_sniper] TRADE: {'strategy': 'asymmetric_sniper', 'coin': 'DOGE', 'side': 'SELL', 'price': 0.09175, 'qty': 49040.0, 'sl': 0.09236166666666666, 'tp': 0.08974985, 'trailing': True, 'risk_usdt': 29.99613333333316, 'rr_estimate': 0.07939967617386577}
2026-03-29 07:21:46,786 [ERROR] [SL] DOGE BUY @ 0.09236 failed: binanceusdm {"code":-4130,"msg":"An open stop or take profit order with GTE and closePosition in the direction is existing."}
2026-03-29 07:21:47,403 [ERROR] [SL] DOGE BUY @ 0.09236 failed: binanceusdm {"code":-4130,"msg":"An open stop or take profit order with GTE and closePosition in the direction is existing."}
2026-03-29 07:21:47,403 [WARNING] [Trail] DOGE duplicate SL order (-4130), old SL still active — skipping update
2026-03-29 07:22:33,471 [INFO] [Scan:cvd_spike] trades=0 | cache hits=0 miss=10 err=0 | positions=1
2026-03-29 07:22:39,140 [INFO] [Heartbeat] equity=$4614.68 | daily=7.71% | pos=1 | notional=$4499.42 | kill=False
2026-03-29 07:22:39,497 [INFO] [CoinSelect] Volatility top 30 → 1 passed safety filter | rejected: 0
2026-03-29 07:22:39,497 [INFO]   ✓ DOGE   vol%= 0.00% vol=$      0M spread= 0.0bps $0.0000
2026-03-29 07:22:39,497 [INFO] [CoinRefresh] 11 coins active (base=13 + selective=0) | +{} -{}
2026-03-29 07:22:44,620 [INFO] [Scan:asymmetric_sniper] trades=0 | cache hits=0 miss=0 err=0 | positions=1
2026-03-29 07:22:46,239 [INFO] [Scan:liquidation_fade] trades=0 | cache hits=0 miss=10 err=0 | positions=1
2026-03-29 07:23:30,052 [INFO] [Scan:cvd_spike] trades=0 | cache hits=10 miss=0 err=0 | positions=1
2026-03-29 07:23:35,710 [INFO] [Heartbeat] equity=$4614.68 | daily=7.71% | pos=1 | notional=$4499.42 | kill=False
2026-03-29 07:23:41,179 [INFO] [Scan:asymmetric_sniper] trades=0 | cache hits=0 miss=0 err=0 | positions=1
2026-03-29 07:23:42,811 [INFO] [Scan:liquidation_fade] trades=0 | cache hits=10 miss=0 err=0 | positions=1
2026-03-29 07:24:27,616 [INFO] [Scan:cvd_spike] trades=0 | cache hits=0 miss=10 err=0 | positions=1
2026-03-29 07:24:32,263 [INFO] [Heartbeat] equity=$4614.68 | daily=7.71% | pos=1 | notional=$4499.42 | kill=False
2026-03-29 07:24:37,721 [INFO] [Scan:asymmetric_sniper] trades=0 | cache hits=0 miss=0 err=0 | positions=1
2026-03-29 07:24:40,408 [INFO] [Scan:liquidation_fade] trades=0 | cache hits=0 miss=10 err=0 | positions=1
2026-03-29 07:25:24,274 [INFO] [Scan:cvd_spike] trades=0 | cache hits=10 miss=0 err=0 | positions=1
2026-03-29 07:25:28,874 [INFO] [Heartbeat] equity=$4614.68 | daily=7.71% | pos=1 | notional=$4499.42 | kill=False
2026-03-29 07:25:35,715 [INFO] [DOT] ASYMMETRIC SNIPER -> SHORT | z=2.63 strength=-2.291
2026-03-29 07:25:36,348 [INFO] [Leverage] DOT set to 5x (isolated)
2026-03-29 07:25:36,553 [ERROR] [Entry] DOT SELL failed: binanceusdm {"code":-2019,"msg":"Margin is insufficient."}
2026-03-29 07:25:36,553 [INFO] [Scan:asymmetric_sniper] trades=0 | cache hits=0 miss=11 err=0 | positions=1
2026-03-29 07:25:37,019 [INFO] [Scan:liquidation_fade] trades=0 | cache hits=10 miss=0 err=0 | positions=1
2026-03-29 07:26:17,850 [INFO] [CoinSelect] Volatility top 30 → 0 passed safety filter | rejected: 0
2026-03-29 07:26:22,677 [INFO] [Scan:cvd_spike] trades=0 | cache hits=10 miss=9 err=0 | positions=1
2026-03-29 07:26:23,411 [INFO] [SignalScan] 11 coins | 10 candidates
2026-03-29 07:26:25,519 [INFO] [Heartbeat] equity=$4614.68 | daily=7.71% | pos=1 | notional=$4499.42 | kill=False
2026-03-29 07:26:35,309 [INFO] [Scan:liquidation_fade] trades=0 | cache hits=2 miss=20 err=0 | positions=1
2026-03-29 07:26:35,510 [INFO] [MonitorV2] DOGE EARLY EXIT: zero MFE after 5 bars (favorable=0.0436%)
2026-03-29 07:26:35,615 [INFO] [Scan:asymmetric_sniper] trades=0 | cache hits=0 miss=0 err=0 | positions=1
2026-03-29 07:26:35,896 [INFO] [Cancel] DOGE algo order cancelled: 1000000036606186
2026-03-29 07:26:35,896 [INFO] [MonitorV2] DOGE exchange SL order cancelled
2026-03-29 07:26:36,229 [INFO] [Cancel] DOGE algo order cancelled: 1000000036606188
2026-03-29 07:26:36,229 [INFO] [MonitorV2] DOGE exchange TP order cancelled
2026-03-29 07:26:36,328 [INFO] [PortRisk] asymmetric_sniper PnL: -9.0806 | equity: 4605.60 | daily: 7.89%
2026-03-29 07:26:36,644 [INFO] [TradeLog] asymmetric_sniper_DOGE_0328_222145_0007 closed: pnl=-0.02% net=-0.2018% fee=8.0998$ drag=0.180% reason=EARLY_EXIT_NO_MFE bars=5 mfe=0.04% mae=-0.02% mfe/trail=0.82 btc=BEAR vs_btc=ALIGNED
2026-03-29 07:26:36,645 [INFO] [MultiPos] Removed asymmetric_sniper:DOGE
2026-03-29 07:26:36,645 [INFO] [Close] ❌ asymmetric_sniper:DOGE EARLY_EXIT_NO_MFE | PnL=-0.9808 net=-9.0806 fee=8.0998 | entry=0.0917 exit=0.0918 | bars=5 | mfe=0.04% mae=-0.02%
2026-03-29 07:27:21,197 [INFO] [Scan:cvd_spike] trades=0 | cache hits=8 miss=3 err=0 | positions=0
2026-03-29 07:27:22,098 [INFO] [Heartbeat] equity=$4605.60 | daily=7.89% | pos=0 | notional=$0.00 | kill=False
2026-03-29 07:27:31,893 [INFO] [Scan:liquidation_fade] trades=0 | cache hits=10 miss=0 err=0 | positions=0
2026-03-29 07:27:33,646 [INFO] [Scan:asymmetric_sniper] trades=0 | cache hits=2 miss=8 err=0 | positions=0
2026-03-29 07:28:17,781 [INFO] [Scan:cvd_spike] trades=0 | cache hits=10 miss=0 err=0 | positions=0
2026-03-29 07:28:20,387 [INFO] [Heartbeat] equity=$4605.60 | daily=7.89% | pos=0 | notional=$0.00 | kill=False
2026-03-29 07:28:32,655 [INFO] [Scan:liquidation_fade] trades=0 | cache hits=8 miss=12 err=0 | positions=0
2026-03-29 07:28:32,682 [INFO] [Scan:asymmetric_sniper] trades=0 | cache hits=0 miss=0 err=0 | positions=0
2026-03-29 07:29:15,176 [INFO] [Scan:cvd_spike] trades=0 | cache hits=2 miss=8 err=0 | positions=0
2026-03-29 07:29:16,960 [INFO] [Heartbeat] equity=$4605.60 | daily=7.89% | pos=0 | notional=$0.00 | kill=False
2026-03-29 07:29:30,072 [INFO] [Scan:liquidation_fade] trades=0 | cache hits=12 miss=8 err=0 | positions=0
2026-03-29 07:29:30,687 [INFO] [Scan:asymmetric_sniper] trades=0 | cache hits=0 miss=0 err=0 | positions=0
2026-03-29 07:30:12,002 [INFO] [Scan:cvd_spike] trades=0 | cache hits=8 miss=2 err=0 | positions=0
2026-03-29 07:30:13,590 [INFO] [Heartbeat] equity=$4605.60 | daily=7.89% | pos=0 | notional=$0.00 | kill=False
2026-03-29 07:30:29,433 [INFO] [Scan:liquidation_fade] trades=0 | cache hits=2 miss=10 err=0 | positions=0
2026-03-29 07:30:30,883 [INFO] [Scan:asymmetric_sniper] trades=0 | cache hits=0 miss=8 err=0 | positions=0
2026-03-29 07:31:08,633 [INFO] [Scan:cvd_spike] trades=0 | cache hits=10 miss=0 err=0 | positions=0
2026-03-29 07:31:10,237 [INFO] [Heartbeat] equity=$4605.60 | daily=7.89% | pos=0 | notional=$0.00 | kill=False
2026-03-29 07:31:28,719 [INFO] [Scan:liquidation_fade] trades=0 | cache hits=0 miss=10 err=0 | positions=0
2026-03-29 07:31:30,794 [INFO] [Scan:asymmetric_sniper] trades=0 | cache hits=0 miss=10 err=0 | positions=0
2026-03-29 07:32:05,247 [INFO] [Scan:cvd_spike] trades=0 | cache hits=10 miss=0 err=0 | positions=0
2026-03-29 07:32:06,824 [INFO] [Heartbeat] equity=$4605.60 | daily=7.89% | pos=0 | notional=$0.00 | kill=False
2026-03-29 07:32:25,311 [INFO] [Scan:liquidation_fade] trades=0 | cache hits=10 miss=0 err=0 | positions=0
2026-03-29 07:32:30,682 [INFO] [Scan:asymmetric_sniper] trades=0 | cache hits=0 miss=10 err=0 | positions=0
2026-03-29 07:33:01,826 [INFO] [Scan:cvd_spike] trades=0 | cache hits=10 miss=0 err=0 | positions=0
2026-03-29 07:33:03,404 [INFO] [Heartbeat] equity=$4605.60 | daily=7.89% | pos=0 | notional=$0.00 | kill=False
2026-03-29 07:33:22,976 [INFO] [Scan:liquidation_fade] trades=0 | cache hits=0 miss=10 err=0 | positions=0
2026-03-29 07:33:27,903 [INFO] [Scan:asymmetric_sniper] trades=0 | cache hits=10 miss=0 err=0 | positions=0
2026-03-29 07:34:01,151 [INFO] [Scan:cvd_spike] trades=0 | cache hits=0 miss=10 err=0 | positions=0
2026-03-29 07:34:01,732 [INFO] [Heartbeat] equity=$4605.60 | daily=7.89% | pos=0 | notional=$0.00 | kill=False
2026-03-29 07:34:19,575 [INFO] [Scan:liquidation_fade] trades=0 | cache hits=10 miss=0 err=0 | positions=0
2026-03-29 07:34:25,163 [INFO] [Scan:asymmetric_sniper] trades=0 | cache hits=10 miss=0 err=0 | positions=0
2026-03-29 07:34:57,751 [INFO] [Scan:cvd_spike] trades=0 | cache hits=10 miss=0 err=0 | positions=0
2026-03-29 07:34:58,304 [INFO] [Heartbeat] equity=$4605.60 | daily=7.89% | pos=0 | notional=$0.00 | kill=False
2026-03-29 07:35:17,197 [INFO] [Scan:liquidation_fade] trades=0 | cache hits=0 miss=10 err=0 | positions=0
2026-03-29 07:35:23,450 [INFO] [Scan:asymmetric_sniper] trades=0 | cache hits=0 miss=10 err=0 | positions=0
2026-03-29 07:35:54,488 [INFO] [Scan:cvd_spike] trades=0 | cache hits=10 miss=0 err=0 | positions=0
2026-03-29 07:35:54,903 [INFO] [Heartbeat] equity=$4605.60 | daily=7.89% | pos=0 | notional=$0.00 | kill=False
2026-03-29 07:36:13,793 [INFO] [Scan:liquidation_fade] trades=0 | cache hits=10 miss=0 err=0 | positions=0
2026-03-29 07:36:20,882 [INFO] [Scan:asymmetric_sniper] trades=0 | cache hits=8 miss=2 err=0 | positions=0
2026-03-29 07:36:46,467 [INFO] [EVGuardian] momentum_breakout: EV=0.0000% tp_rate=0.0% n=7 ok
2026-03-29 07:36:46,467 [INFO] [EVGuardian] cvd_spike: EV=0.0000% tp_rate=0.0% n=66 ok
2026-03-29 07:36:46,467 [INFO] [EVGuardian] asymmetric_sniper: EV=0.0000% tp_rate=0.0% n=31 ok
2026-03-29 07:36:46,467 [INFO] [EVGuardian] liquidation_fade: EV=0.0000% tp_rate=0.0% n=25 ok
2026-03-29 07:36:51,488 [INFO] [Heartbeat] equity=$4605.60 | daily=7.89% | pos=0 | notional=$0.00 | kill=False
2026-03-29 07:36:51,788 [INFO] [CoinSelect] Volatility top 30 → 0 passed safety filter | rejected: 0
2026-03-29 07:36:51,789 [INFO] [CoinRefresh] 11 coins active (base=13 + selective=0) | +{} -{}
2026-03-29 07:36:54,046 [INFO] [Scan:cvd_spike] trades=0 | cache hits=2 miss=8 err=0 | positions=0
2026-03-29 07:37:11,445 [INFO] [Scan:liquidation_fade] trades=0 | cache hits=0 miss=10 err=0 | positions=0
2026-03-29 07:37:18,179 [INFO] [Scan:asymmetric_sniper] trades=0 | cache hits=10 miss=0 err=0 | positions=0
2026-03-29 07:37:48,175 [INFO] [Heartbeat] equity=$4605.60 | daily=7.89% | pos=0 | notional=$0.00 | kill=False
2026-03-29 07:37:50,796 [ERROR] [DataHub] OHLCV fetch failed XRP/1m: binanceusdm 429 Too Many Requests {"code":-1003,"msg":"Too many requests; current limit of IP(15.158.3.40) is 6000 requests per minute. Please use the websocket for live updates to avoid polling the API."}
2026-03-29 07:37:50,844 [ERROR] [DataHub] OHLCV fetch failed SOL/1m: binanceusdm 429 Too Many Requests {"code":-1003,"msg":"Too many requests; current limit of IP(15.158.3.40) is 6000 requests per minute. Please use the websocket for live updates to avoid polling the API."}
2026-03-29 07:37:51,361 [INFO] [Scan:cvd_spike] trades=0 | cache hits=3 miss=5 err=2 | positions=0
2026-03-29 07:38:10,819 [INFO] [Scan:liquidation_fade] trades=0 | cache hits=0 miss=10 err=0 | positions=0
2026-03-29 07:38:15,992 [INFO] [Scan:asymmetric_sniper] trades=0 | cache hits=5 miss=5 err=0 | positions=0
2026-03-29 07:38:44,759 [INFO] [Heartbeat] equity=$4605.60 | daily=7.89% | pos=0 | notional=$0.00 | kill=False
2026-03-29 07:38:47,962 [INFO] [Scan:cvd_spike] trades=0 | cache hits=10 miss=0 err=0 | positions=0
2026-03-29 07:39:10,108 [INFO] [Scan:liquidation_fade] trades=0 | cache hits=0 miss=10 err=0 | positions=0
2026-03-29 07:39:13,638 [INFO] [BNB] ASYMMETRIC SNIPER -> SHORT | z=1.95 strength=-0.798
2026-03-29 07:39:14,177 [INFO] [Leverage] BNB set to 5x (isolated)
2026-03-29 07:39:14,369 [WARNING] [Entry] BNB Post-Only FAILED, fallback to limit: binanceusdm {"code":-5022,"msg":"Due to the order could not be executed as maker, the Post Only order will be rejected. The order will not be recorded in the order history"}
2026-03-29 07:39:15,022 [INFO] [MultiPos] Added asymmetric_sniper:BNB: SELL BNB @ 615.59
2026-03-29 07:39:16,374 [INFO] [BNB] Exchange SL registered @ 619.6939
2026-03-29 07:39:16,552 [INFO] [BNB] Exchange TP registered @ 602.1701
2026-03-29 07:39:16,553 [INFO] [TradeLog] Entry skeleton saved: asymmetric_sniper_BNB_0328_223916_0008
2026-03-29 07:39:17,040 [INFO] [TradeLog] Entry enriched: asymmetric_sniper_BNB_0328_223916_0008
2026-03-29 07:39:17,040 [INFO] [BNB] ENTRY SELL @ 615.5900 | qty=7.31 | SL=619.6939(-0.67%) | TP=602.1701(+2.18%) | risk=$30.00 | notional=$4500.00 | fee≈$8.100(0.180%) | trade #8 today
2026-03-29 07:39:17,040 [INFO] [Scan:asymmetric_sniper] trades=1 | cache hits=5 miss=9 err=0 | positions=1
2026-03-29 07:39:17,040 [INFO] [asymmetric_sniper] TRADE: {'strategy': 'asymmetric_sniper', 'coin': 'BNB', 'side': 'SELL', 'price': 615.59, 'qty': 7.31, 'sl': 619.6939333333333, 'tp': 602.1701380000001, 'trailing': True, 'risk_usdt': 29.999752666666538, 'rr_estimate': 0.02227827891013161}
2026-03-29 07:39:24,943 [ERROR] [SL] BNB BUY @ 619.69 failed: binanceusdm {"code":-4130,"msg":"An open stop or take profit order with GTE and closePosition in the direction is existing."}
2026-03-29 07:39:25,572 [ERROR] [SL] BNB BUY @ 619.69 failed: binanceusdm {"code":-4130,"msg":"An open stop or take profit order with GTE and closePosition in the direction is existing."}
2026-03-29 07:39:26,200 [ERROR] [SL] BNB BUY @ 619.69 failed: binanceusdm {"code":-4130,"msg":"An open stop or take profit order with GTE and closePosition in the direction is existing."}
2026-03-29 07:39:26,200 [WARNING] [Trail] BNB duplicate SL order (-4130), old SL still active — skipping update
2026-03-29 07:39:41,377 [INFO] [Heartbeat] equity=$4605.60 | daily=7.89% | pos=1 | notional=$4499.96 | kill=False
2026-03-29 07:39:45,088 [INFO] [Scan:cvd_spike] trades=0 | cache hits=4 miss=5 err=0 | positions=1
2026-03-29 07:40:06,734 [INFO] [Scan:liquidation_fade] trades=0 | cache hits=9 miss=0 err=0 | positions=1
2026-03-29 07:40:13,670 [INFO] [Scan:asymmetric_sniper] trades=0 | cache hits=0 miss=0 err=0 | positions=1
2026-03-29 07:40:37,449 [INFO] [CoinSelect] Volatility top 30 → 0 passed safety filter | rejected: 0
2026-03-29 07:40:39,660 [INFO] [Heartbeat] equity=$4605.60 | daily=7.89% | pos=1 | notional=$4499.96 | kill=False
2026-03-29 07:40:42,941 [INFO] [SignalScan] 11 coins | 9 candidates
2026-03-29 07:40:47,476 [INFO] [Scan:cvd_spike] trades=0 | cache hits=0 miss=20 err=0 | positions=1
2026-03-29 07:41:04,230 [INFO] [Scan:liquidation_fade] trades=0 | cache hits=0 miss=9 err=0 | positions=1
2026-03-29 07:41:12,010 [INFO] [Scan:asymmetric_sniper] trades=0 | cache hits=0 miss=0 err=0 | positions=1
2026-03-29 07:41:36,282 [INFO] [Heartbeat] equity=$4605.60 | daily=7.89% | pos=1 | notional=$4499.96 | kill=False
2026-03-29 07:41:44,977 [INFO] [Scan:cvd_spike] trades=0 | cache hits=1 miss=9 err=0 | positions=1
2026-03-29 07:42:00,951 [INFO] [Scan:liquidation_fade] trades=0 | cache hits=9 miss=1 err=0 | positions=1
2026-03-29 07:42:08,597 [INFO] [Scan:asymmetric_sniper] trades=0 | cache hits=0 miss=0 err=0 | positions=1
2026-03-29 07:42:32,862 [INFO] [Heartbeat] equity=$4605.60 | daily=7.89% | pos=1 | notional=$4499.96 | kill=False
2026-03-29 07:42:44,473 [INFO] [Scan:cvd_spike] trades=0 | cache hits=0 miss=10 err=0 | positions=1
2026-03-29 07:42:58,471 [INFO] [Scan:liquidation_fade] trades=0 | cache hits=1 miss=9 err=0 | positions=1
2026-03-29 07:43:05,690 [INFO] [ARB] ASYMMETRIC SNIPER -> SHORT | z=3.50 strength=-3.072
2026-03-29 07:43:06,115 [INFO] [Leverage] ARB set to 5x (isolated)
2026-03-29 07:43:06,322 [ERROR] [Entry] ARB SELL failed: binanceusdm {"code":-2019,"msg":"Margin is insufficient."}
2026-03-29 07:43:06,322 [INFO] [Scan:asymmetric_sniper] trades=0 | cache hits=10 miss=1 err=0 | positions=1
2026-03-29 07:43:29,417 [INFO] [Heartbeat] equity=$4605.60 | daily=7.89% | pos=1 | notional=$4499.96 | kill=False
2026-03-29 07:43:33,317 [INFO] [MonitorV2] BNB EARLY EXIT: zero MFE after 5 bars (favorable=0.0000%)
2026-03-29 07:43:33,625 [INFO] [Cancel] BNB algo order cancelled: 1000000036618539
2026-03-29 07:43:33,626 [INFO] [MonitorV2] BNB exchange SL order cancelled
2026-03-29 07:43:33,935 [INFO] [Cancel] BNB algo order cancelled: 1000000036618540
2026-03-29 07:43:33,935 [INFO] [MonitorV2] BNB exchange TP order cancelled
2026-03-29 07:43:34,035 [INFO] [PortRisk] asymmetric_sniper PnL: -8.0999 | equity: 4597.50 | daily: 8.05%
2026-03-29 07:43:34,379 [INFO] [TradeLog] asymmetric_sniper_BNB_0328_223916_0008 closed: pnl=+0.00% net=-0.1800% fee=8.0999$ drag=0.180% reason=EARLY_EXIT_NO_MFE bars=5 mfe=0.00% mae=-0.02% mfe/trail=0.00 btc=BEAR vs_btc=ALIGNED
2026-03-29 07:43:34,381 [INFO] [MultiPos] Removed asymmetric_sniper:BNB
2026-03-29 07:43:34,381 [INFO] [Close] ❌ asymmetric_sniper:BNB EARLY_EXIT_NO_MFE | PnL=+0.0000 net=-8.0999 fee=8.0999 | entry=615.5900 exit=615.5900 | bars=5 | mfe=0.00% mae=-0.02%
2026-03-29 07:43:41,229 [INFO] [Scan:cvd_spike] trades=0 | cache hits=10 miss=1 err=0 | positions=0
2026-03-29 07:43:55,235 [INFO] [Scan:liquidation_fade] trades=0 | cache hits=9 miss=1 err=0 | positions=0
2026-03-29 07:44:04,590 [INFO] [Scan:asymmetric_sniper] trades=0 | cache hits=0 miss=10 err=0 | positions=0
2026-03-29 07:44:25,983 [INFO] [Heartbeat] equity=$4597.50 | daily=8.05% | pos=0 | notional=$0.00 | kill=False
2026-03-29 07:44:37,815 [INFO] [Scan:cvd_spike] trades=0 | cache hits=10 miss=0 err=0 | positions=0
2026-03-29 07:44:52,748 [INFO] [Scan:liquidation_fade] trades=0 | cache hits=1 miss=9 err=0 | positions=0
2026-03-29 07:45:01,906 [INFO] [Scan:asymmetric_sniper] trades=0 | cache hits=9 miss=1 err=0 | positions=0
2026-03-29 07:45:22,566 [INFO] [Heartbeat] equity=$4597.50 | daily=8.05% | pos=0 | notional=$0.00 | kill=False
2026-03-29 07:45:35,307 [INFO] [Scan:cvd_spike] trades=0 | cache hits=1 miss=9 err=0 | positions=0
2026-03-29 07:45:52,113 [INFO] [Scan:liquidation_fade] trades=0 | cache hits=0 miss=10 err=0 | positions=0
2026-03-29 07:45:59,107 [INFO] [Scan:asymmetric_sniper] trades=0 | cache hits=10 miss=0 err=0 | positions=0
2026-03-29 07:46:20,852 [INFO] [Heartbeat] equity=$4597.50 | daily=8.05% | pos=0 | notional=$0.00 | kill=False
2026-03-29 07:46:32,049 [INFO] [Scan:cvd_spike] trades=0 | cache hits=9 miss=1 err=0 | positions=0
2026-03-29 07:46:51,478 [INFO] [Scan:liquidation_fade] trades=0 | cache hits=0 miss=10 err=0 | positions=0
2026-03-29 07:46:57,254 [INFO] [Scan:asymmetric_sniper] trades=0 | cache hits=1 miss=9 err=0 | positions=0
2026-03-29 07:47:17,447 [INFO] [Heartbeat] equity=$4597.50 | daily=8.05% | pos=0 | notional=$0.00 | kill=False
2026-03-29 07:47:28,766 [INFO] [Scan:cvd_spike] trades=0 | cache hits=10 miss=0 err=0 | positions=0
2026-03-29 07:47:48,046 [INFO] [Scan:liquidation_fade] trades=0 | cache hits=10 miss=0 err=0 | positions=0
2026-03-29 07:47:54,523 [INFO] [Scan:asymmetric_sniper] trades=0 | cache hits=9 miss=1 err=0 | positions=0
2026-03-29 07:48:14,131 [INFO] [Heartbeat] equity=$4597.50 | daily=8.05% | pos=0 | notional=$0.00 | kill=False
2026-03-29 07:48:26,347 [INFO] [Scan:cvd_spike] trades=0 | cache hits=1 miss=9 err=0 | positions=0
2026-03-29 07:48:45,650 [INFO] [Scan:liquidation_fade] trades=0 | cache hits=0 miss=10 err=0 | positions=0
2026-03-29 07:48:53,571 [INFO] [Scan:asymmetric_sniper] trades=0 | cache hits=9 miss=1 err=0 | positions=0
2026-03-29 07:49:10,747 [INFO] [Heartbeat] equity=$4597.50 | daily=8.05% | pos=0 | notional=$0.00 | kill=False
2026-03-29 07:49:26,330 [INFO] [Scan:cvd_spike] trades=0 | cache hits=1 miss=9 err=0 | positions=0
2026-03-29 07:49:42,233 [INFO] [Scan:liquidation_fade] trades=0 | cache hits=10 miss=0 err=0 | positions=0
2026-03-29 07:49:50,793 [INFO] [Scan:asymmetric_sniper] trades=0 | cache hits=10 miss=0 err=0 | positions=0
2026-03-29 07:50:07,317 [INFO] [Heartbeat] equity=$4597.50 | daily=8.05% | pos=0 | notional=$0.00 | kill=False
2026-03-29 07:50:25,334 [INFO] [Scan:cvd_spike] trades=0 | cache hits=3 miss=7 err=0 | positions=0
2026-03-29 07:50:39,872 [INFO] [Scan:liquidation_fade] trades=0 | cache hits=0 miss=10 err=0 | positions=0
2026-03-29 07:50:48,273 [INFO] [Scan:asymmetric_sniper] trades=0 | cache hits=7 miss=3 err=0 | positions=0
2026-03-29 07:51:03,880 [INFO] [Heartbeat] equity=$4597.50 | daily=8.05% | pos=0 | notional=$0.00 | kill=False
2026-03-29 07:51:04,017 [INFO] [CoinSelect] Volatility top 30 → 0 passed safety filter | rejected: 0
2026-03-29 07:51:04,018 [INFO] [CoinRefresh] 11 coins active (base=13 + selective=0) | +{} -{}
2026-03-29 07:51:21,930 [INFO] [Scan:cvd_spike] trades=0 | cache hits=10 miss=0 err=0 | positions=0
2026-03-29 07:51:36,440 [INFO] [Scan:liquidation_fade] trades=0 | cache hits=10 miss=0 err=0 | positions=0
2026-03-29 07:51:48,101 [INFO] [Scan:asymmetric_sniper] trades=0 | cache hits=3 miss=7 err=0 | positions=0
2026-03-29 07:52:00,404 [INFO] [Heartbeat] equity=$4597.50 | daily=8.05% | pos=0 | notional=$0.00 | kill=False
2026-03-29 07:52:18,818 [INFO] [Scan:cvd_spike] trades=0 | cache hits=7 miss=3 err=0 | positions=0
2026-03-29 07:52:34,088 [INFO] [Scan:liquidation_fade] trades=0 | cache hits=0 miss=10 err=0 | positions=0
2026-03-29 07:52:45,334 [INFO] [Scan:asymmetric_sniper] trades=0 | cache hits=10 miss=0 err=0 | positions=0
2026-03-29 07:52:58,730 [INFO] [Heartbeat] equity=$4597.50 | daily=8.05% | pos=0 | notional=$0.00 | kill=False
2026-03-29 07:53:16,137 [INFO] [Scan:cvd_spike] trades=0 | cache hits=3 miss=7 err=0 | positions=0
2026-03-29 07:53:33,440 [INFO] [Scan:liquidation_fade] trades=0 | cache hits=0 miss=10 err=0 | positions=0
2026-03-29 07:53:42,904 [INFO] [Scan:asymmetric_sniper] trades=0 | cache hits=7 miss=3 err=0 | positions=0
2026-03-29 07:53:55,268 [INFO] [Heartbeat] equity=$4597.50 | daily=8.05% | pos=0 | notional=$0.00 | kill=False
2026-03-29 07:54:12,763 [INFO] [Scan:cvd_spike] trades=0 | cache hits=10 miss=0 err=0 | positions=0
2026-03-29 07:54:30,031 [INFO] [Scan:liquidation_fade] trades=0 | cache hits=10 miss=0 err=0 | positions=0
2026-03-29 07:54:40,847 [INFO] [Scan:asymmetric_sniper] trades=0 | cache hits=3 miss=7 err=0 | positions=0
2026-03-29 07:54:51,871 [INFO] [Heartbeat] equity=$4597.50 | daily=8.05% | pos=0 | notional=$0.00 | kill=False
2026-03-29 07:54:55,007 [INFO] [CoinSelect] Volatility top 30 → 0 passed safety filter | rejected: 0
2026-03-29 07:55:00,281 [INFO] [SignalScan] 11 coins | 9 candidates
2026-03-29 07:55:09,991 [INFO] [Scan:cvd_spike] trades=0 | cache hits=7 miss=14 err=0 | positions=0
2026-03-29 07:55:27,687 [INFO] [Scan:liquidation_fade] trades=0 | cache hits=0 miss=10 err=0 | positions=0
2026-03-29 07:55:38,056 [INFO] [Scan:asymmetric_sniper] trades=0 | cache hits=10 miss=0 err=0 | positions=0
2026-03-29 07:55:48,439 [INFO] [Heartbeat] equity=$4597.50 | daily=8.05% | pos=0 | notional=$0.00 | kill=False
2026-03-29 07:56:07,389 [INFO] [Scan:cvd_spike] trades=0 | cache hits=3 miss=7 err=0 | positions=0
2026-03-29 07:56:24,262 [INFO] [Scan:liquidation_fade] trades=0 | cache hits=10 miss=0 err=0 | positions=0
2026-03-29 07:56:37,279 [INFO] [Scan:asymmetric_sniper] trades=0 | cache hits=7 miss=3 err=0 | positions=0
2026-03-29 07:56:45,034 [INFO] [Heartbeat] equity=$4597.50 | daily=8.05% | pos=0 | notional=$0.00 | kill=False
2026-03-29 07:57:06,411 [INFO] [Scan:cvd_spike] trades=0 | cache hits=3 miss=7 err=0 | positions=0
2026-03-29 07:57:21,903 [INFO] [Scan:liquidation_fade] trades=0 | cache hits=0 miss=10 err=0 | positions=0
2026-03-29 07:57:34,530 [INFO] [Scan:asymmetric_sniper] trades=0 | cache hits=10 miss=0 err=0 | positions=0
2026-03-29 07:57:41,656 [INFO] [Heartbeat] equity=$4597.50 | daily=8.05% | pos=0 | notional=$0.00 | kill=False
2026-03-29 07:58:03,319 [INFO] [Scan:cvd_spike] trades=0 | cache hits=7 miss=3 err=0 | positions=0
2026-03-29 07:58:18,509 [INFO] [Scan:liquidation_fade] trades=0 | cache hits=10 miss=0 err=0 | positions=0
2026-03-29 07:58:32,459 [INFO] [Scan:asymmetric_sniper] trades=0 | cache hits=3 miss=7 err=0 | positions=0
2026-03-29 07:58:39,944 [INFO] [Heartbeat] equity=$4597.50 | daily=8.05% | pos=0 | notional=$0.00 | kill=False
2026-03-29 07:59:00,077 [INFO] [Scan:cvd_spike] trades=0 | cache hits=10 miss=1 err=0 | positions=0
2026-03-29 07:59:16,218 [INFO] [Scan:liquidation_fade] trades=0 | cache hits=0 miss=11 err=0 | positions=0
2026-03-29 07:59:30,010 [INFO] [Scan:asymmetric_sniper] trades=0 | cache hits=8 miss=3 err=0 | positions=0
2026-03-29 07:59:36,498 [INFO] [Heartbeat] equity=$4597.50 | daily=8.05% | pos=0 | notional=$0.00 | kill=False
2026-03-29 07:59:57,356 [INFO] [Scan:cvd_spike] trades=0 | cache hits=4 miss=7 err=0 | positions=0
2026-03-29 08:00:12,826 [INFO] [Scan:liquidation_fade] trades=0 | cache hits=11 miss=0 err=0 | positions=0
2026-03-29 08:00:27,387 [INFO] [Scan:asymmetric_sniper] trades=0 | cache hits=10 miss=1 err=0 | positions=0
2026-03-29 08:00:33,063 [INFO] [Heartbeat] equity=$4597.50 | daily=8.05% | pos=0 | notional=$0.00 | kill=False
2026-03-29 08:00:54,260 [INFO] [Scan:cvd_spike] trades=0 | cache hits=8 miss=3 err=0 | positions=0
2026-03-29 08:01:12,269 [INFO] [Scan:liquidation_fade] trades=0 | cache hits=0 miss=11 err=0 | positions=0
2026-03-29 08:01:25,340 [INFO] [Scan:asymmetric_sniper] trades=0 | cache hits=4 miss=7 err=0 | positions=0
2026-03-29 08:01:29,624 [INFO] [Heartbeat] equity=$4597.50 | daily=8.05% | pos=0 | notional=$0.00 | kill=False
2026-03-29 08:01:51,004 [INFO] [Scan:cvd_spike] trades=0 | cache hits=10 miss=1 err=0 | positions=0
2026-03-29 08:02:08,821 [INFO] [Scan:liquidation_fade] trades=0 | cache hits=11 miss=0 err=0 | positions=0
2026-03-29 08:02:22,808 [INFO] [Scan:asymmetric_sniper] trades=0 | cache hits=8 miss=3 err=0 | positions=0
2026-03-29 08:02:26,125 [INFO] [Heartbeat] equity=$4597.50 | daily=8.05% | pos=0 | notional=$0.00 | kill=False
2026-03-29 08:02:48,435 [INFO] [Scan:cvd_spike] trades=0 | cache hits=4 miss=7 err=0 | positions=0
2026-03-29 08:03:06,595 [INFO] [Scan:liquidation_fade] trades=0 | cache hits=0 miss=11 err=0 | positions=0
2026-03-29 08:03:20,061 [INFO] [AVAX] ASYMMETRIC SNIPER -> SHORT | z=3.23 strength=-1.954
2026-03-29 08:03:20,239 [INFO] [BNB] ASYMMETRIC SNIPER -> SHORT | z=2.05 strength=-0.897
2026-03-29 08:03:20,678 [INFO] [Leverage] BNB set to 5x (isolated)
2026-03-29 08:03:22,744 [INFO] [Heartbeat] equity=$4597.50 | daily=8.05% | pos=0 | notional=$0.00 | kill=False
2026-03-29 08:03:41,876 [INFO] [WaitFill] BNB timeout (20.0s), cancelling
2026-03-29 08:03:42,172 [INFO] [Scan:asymmetric_sniper] trades=0 | cache hits=10 miss=2 err=0 | positions=0
2026-03-29 08:03:47,257 [ERROR] [DataHub] OHLCV fetch failed ETH/1m: binanceusdm 429 Too Many Requests {"code":-1003,"msg":"Too many requests; current limit of IP(15.158.3.14) is 6000 requests per minute. Please use the websocket for live updates to avoid polling the API."}
2026-03-29 08:03:47,803 [ERROR] [DataHub] OHLCV fetch failed SUI/1m: binanceusdm 429 Too Many Requests {"code":-1003,"msg":"Too many requests; current limit of IP(15.158.3.14) is 6000 requests per minute. Please use the websocket for live updates to avoid polling the API."}
2026-03-29 08:03:47,807 [INFO] [Scan:cvd_spike] trades=0 | cache hits=1 miss=8 err=2 | positions=0
2026-03-29 08:04:03,187 [INFO] [Scan:liquidation_fade] trades=0 | cache hits=11 miss=0 err=0 | positions=0
2026-03-29 08:04:19,308 [INFO] [Heartbeat] equity=$4597.50 | daily=8.05% | pos=0 | notional=$0.00 | kill=False
2026-03-29 08:04:39,881 [INFO] [Scan:asymmetric_sniper] trades=0 | cache hits=8 miss=3 err=0 | positions=0
2026-03-29 08:04:44,477 [INFO] [Scan:cvd_spike] trades=0 | cache hits=11 miss=0 err=0 | positions=0
2026-03-29 08:05:00,874 [INFO] [Scan:liquidation_fade] trades=0 | cache hits=0 miss=11 err=0 | positions=0
2026-03-29 08:05:17,599 [INFO] [Heartbeat] equity=$4597.50 | daily=8.05% | pos=0 | notional=$0.00 | kill=False
2026-03-29 08:05:17,808 [INFO] [CoinSelect] Volatility top 30 → 0 passed safety filter | rejected: 0
2026-03-29 08:05:17,808 [INFO] [CoinRefresh] 11 coins active (base=13 + selective=0) | +{} -{}
2026-03-29 08:05:39,849 [INFO] [Scan:asymmetric_sniper] trades=0 | cache hits=3 miss=8 err=0 | positions=0
2026-03-29 08:05:41,505 [INFO] [Scan:cvd_spike] trades=0 | cache hits=8 miss=3 err=0 | positions=0
2026-03-29 08:05:57,436 [INFO] [Scan:liquidation_fade] trades=0 | cache hits=11 miss=0 err=0 | positions=0
2026-03-29 08:06:14,131 [INFO] [Heartbeat] equity=$4597.50 | daily=8.05% | pos=0 | notional=$0.00 | kill=False
2026-03-29 08:06:37,162 [INFO] [Scan:asymmetric_sniper] trades=0 | cache hits=11 miss=0 err=0 | positions=0
2026-03-29 08:06:39,037 [INFO] [Scan:cvd_spike] trades=0 | cache hits=3 miss=8 err=0 | positions=0
2026-03-29 08:06:55,123 [INFO] [Scan:liquidation_fade] trades=0 | cache hits=0 miss=11 err=0 | positions=0
2026-03-29 08:07:10,717 [INFO] [Heartbeat] equity=$4597.50 | daily=8.05% | pos=0 | notional=$0.00 | kill=False
2026-03-29 08:07:34,707 [INFO] [Scan:asymmetric_sniper] trades=0 | cache hits=8 miss=3 err=0 | positions=0
2026-03-29 08:07:35,728 [INFO] [Scan:cvd_spike] trades=0 | cache hits=11 miss=0 err=0 | positions=0
2026-03-29 08:07:54,514 [INFO] [Scan:liquidation_fade] trades=0 | cache hits=0 miss=11 err=0 | positions=0
2026-03-29 08:08:07,317 [INFO] [Heartbeat] equity=$4597.50 | daily=8.05% | pos=0 | notional=$0.00 | kill=False
2026-03-29 08:08:32,796 [INFO] [OP] ASYMMETRIC SNIPER -> LONG | z=-2.00 strength=2006.948
2026-03-29 08:08:32,859 [INFO] [ARB] ASYMMETRIC SNIPER -> SHORT | z=1.96 strength=-1.037
2026-03-29 08:08:33,265 [INFO] [Scan:cvd_spike] trades=0 | cache hits=12 miss=10 err=0 | positions=0
2026-03-29 08:08:33,619 [INFO] [Leverage] OP set to 5x (isolated)
2026-03-29 08:08:33,825 [ERROR] [Entry] OP BUY failed: binanceusdm {"code":-2019,"msg":"Margin is insufficient."}
2026-03-29 08:08:33,825 [INFO] [Scan:asymmetric_sniper] trades=0 | cache hits=0 miss=1 err=0 | positions=0
2026-03-29 08:08:51,105 [INFO] [Scan:liquidation_fade] trades=0 | cache hits=11 miss=0 err=0 | positions=0
2026-03-29 08:09:03,913 [INFO] [Heartbeat] equity=$4597.50 | daily=8.05% | pos=0 | notional=$0.00 | kill=False
2026-03-29 08:09:12,434 [INFO] [CoinSelect] Volatility top 30 → 0 passed safety filter | rejected: 0
2026-03-29 08:09:17,652 [INFO] [SignalScan] 11 coins | 11 candidates
2026-03-29 08:09:31,586 [INFO] [Scan:cvd_spike] trades=0 | cache hits=13 miss=20 err=0 | positions=0
2026-03-29 08:09:31,630 [INFO] [SUI] ASYMMETRIC SNIPER -> SHORT | z=5.13 strength=-8.999
2026-03-29 08:09:31,730 [INFO] [AVAX] ASYMMETRIC SNIPER -> SHORT | z=3.54 strength=-2.194
2026-03-29 08:09:32,189 [INFO] [Leverage] AVAX set to 5x (isolated)
2026-03-29 08:09:32,386 [ERROR] [Entry] AVAX SELL failed: binanceusdm {"code":-2019,"msg":"Margin is insufficient."}
2026-03-29 08:09:32,386 [INFO] [Scan:asymmetric_sniper] trades=0 | cache hits=0 miss=1 err=0 | positions=0
2026-03-29 08:09:48,016 [ERROR] [DataHub] OHLCV fetch failed SOL/5m: binanceusdm 429 Too Many Requests {"code":-1003,"msg":"Too many requests; current limit of IP(15.158.3.40) is 6000 requests per minute. Please use the websocket for live updates to avoid polling the API."}
2026-03-29 08:09:48,942 [INFO] [Scan:liquidation_fade] trades=0 | cache hits=0 miss=10 err=1 | positions=0
2026-03-29 08:10:00,479 [INFO] [Heartbeat] equity=$4597.50 | daily=8.05% | pos=0 | notional=$0.00 | kill=False
2026-03-29 08:10:28,882 [INFO] [Scan:cvd_spike] trades=0 | cache hits=8 miss=3 err=0 | positions=0
2026-03-29 08:10:29,050 [INFO] [XRP] ASYMMETRIC SNIPER -> SHORT | z=1.91 strength=-0.472
2026-03-29 08:10:29,314 [ERROR] [DataHub] OHLCV fetch failed ADA/1m: binanceusdm 429 Too Many Requests {"code":-1003,"msg":"Too many requests; current limit of IP(15.158.3.40) is 6000 requests per minute. Please use the websocket for live updates to avoid polling the API."}
2026-03-29 08:10:29,556 [INFO] [AVAX] ASYMMETRIC SNIPER -> SHORT | z=3.54 strength=-2.194
2026-03-29 08:10:29,828 [INFO] [SOL] ASYMMETRIC SNIPER -> SHORT | z=2.04 strength=-0.845
2026-03-29 08:10:45,814 [INFO] [Scan:liquidation_fade] trades=0 | cache hits=17 miss=5 err=1 | positions=0
2026-03-29 08:10:51,269 [INFO] [WaitFill] XRP timeout (20.0s), cancelling
2026-03-29 08:10:51,578 [INFO] [Scan:asymmetric_sniper] trades=0 | cache hits=0 miss=0 err=0 | positions=0
2026-03-29 08:10:58,761 [INFO] [Heartbeat] equity=$4597.50 | daily=8.05% | pos=0 | notional=$0.00 | kill=False
2026-03-29 08:11:28,454 [INFO] [Scan:cvd_spike] trades=0 | cache hits=2 miss=9 err=0 | positions=0
2026-03-29 08:11:42,484 [ERROR] [DataHub] OHLCV fetch failed XRP/5m: binanceusdm 429 Too Many Requests {"code":-1003,"msg":"Too many requests; current limit of IP(15.158.3.40) is 6000 requests per minute. Please use the websocket for live updates to avoid polling the API."}
2026-03-29 08:11:43,465 [INFO] [AVAX] LIQ CASCADE → LONG | OI_drop=1.25σ taker=1.9x move=-0.668%
2026-03-29 08:11:43,525 [INFO] [OP] LIQ CASCADE → LONG | OI_drop=5.45σ taker=9.4x move=-0.579%
2026-03-29 08:11:43,726 [WARNING] [AVAX] SL too tight: 0.013393 < fee_threshold 0.015759 (0.180% of price) — skip
2026-03-29 08:11:44,239 [INFO] [Leverage] OP set to 5x (isolated)
2026-03-29 08:11:44,518 [ERROR] [Entry] OP BUY failed: binanceusdm {"code":-2019,"msg":"Margin is insufficient."}
2026-03-29 08:11:44,518 [INFO] [Scan:liquidation_fade] trades=0 | cache hits=1 miss=13 err=1 | positions=0
2026-03-29 08:11:48,124 [INFO] [AVAX] ASYMMETRIC SNIPER -> SHORT | z=4.15 strength=-3.045
2026-03-29 08:11:48,126 [INFO] [OP] ASYMMETRIC SNIPER -> SHORT | z=2.34 strength=-3.058
2026-03-29 08:11:48,795 [INFO] [ARB] ASYMMETRIC SNIPER -> SHORT | z=2.60 strength=-1.510
2026-03-29 08:11:49,211 [INFO] [Leverage] AVAX set to 5x (isolated)
2026-03-29 08:11:49,408 [ERROR] [Entry] AVAX SELL failed: binanceusdm {"code":-2019,"msg":"Margin is insufficient."}
2026-03-29 08:11:49,408 [INFO] [Scan:asymmetric_sniper] trades=0 | cache hits=10 miss=2 err=0 | positions=0
2026-03-29 08:11:55,313 [INFO] [Heartbeat] equity=$4597.50 | daily=8.05% | pos=0 | notional=$0.00 | kill=False
2026-03-29 08:12:25,499 [INFO] [Scan:cvd_spike] trades=0 | cache hits=11 miss=0 err=0 | positions=0
2026-03-29 08:12:41,044 [INFO] [AVAX] LIQ CASCADE → LONG | OI_drop=1.25σ taker=1.9x move=-0.668%
2026-03-29 08:12:41,045 [INFO] [OP] LIQ CASCADE → LONG | OI_drop=5.45σ taker=9.4x move=-0.579%
2026-03-29 08:12:41,643 [ERROR] [DataHub] OHLCV fetch failed BNB/5m: binanceusdm 429 Too Many Requests {"code":-1003,"msg":"Too many requests; current limit of IP(15.158.3.40) is 6000 requests per minute. Please use the websocket for live updates to avoid polling the API."}
2026-03-29 08:12:41,739 [ERROR] [DataHub] OHLCV fetch failed DOT/5m: binanceusdm 429 Too Many Requests {"code":-1003,"msg":"Too many requests; current limit of IP(15.158.3.40) is 6000 requests per minute. Please use the websocket for live updates to avoid polling the API."}
2026-03-29 08:12:42,019 [WARNING] [AVAX] SL too tight: 0.013393 < fee_threshold 0.015737 (0.180% of price) — skip
2026-03-29 08:12:42,598 [INFO] [Leverage] OP set to 5x (isolated)
2026-03-29 08:12:42,814 [ERROR] [Entry] OP BUY failed: binanceusdm {"code":-2019,"msg":"Margin is insufficient."}
2026-03-29 08:12:42,814 [INFO] [Scan:liquidation_fade] trades=0 | cache hits=6 miss=7 err=2 | positions=0
2026-03-29 08:12:46,295 [ERROR] [DataHub] OHLCV fetch failed SOL/1m: binanceusdm 429 Too Many Requests {"code":-1003,"msg":"Too many requests; current limit of IP(15.158.3.40) is 6000 requests per minute. Please use the websocket for live updates to avoid polling the API."}
2026-03-29 08:12:46,915 [INFO] [AVAX] ASYMMETRIC SNIPER -> SHORT | z=5.00 strength=-4.039
2026-03-29 08:12:47,048 [INFO] [OP] ASYMMETRIC SNIPER -> SHORT | z=5.77 strength=-7.927
2026-03-29 08:12:47,575 [INFO] [ARB] ASYMMETRIC SNIPER -> SHORT | z=3.41 strength=-2.342
2026-03-29 08:12:47,778 [INFO] [Leverage] AVAX set to 5x (isolated)
2026-03-29 08:12:47,976 [ERROR] [Entry] AVAX SELL failed: binanceusdm {"code":-2019,"msg":"Margin is insufficient."}
2026-03-29 08:12:47,976 [INFO] [Scan:asymmetric_sniper] trades=0 | cache hits=3 miss=8 err=1 | positions=0
2026-03-29 08:12:51,856 [INFO] [Heartbeat] equity=$4597.50 | daily=8.05% | pos=0 | notional=$0.00 | kill=False
2026-03-29 08:13:22,852 [INFO] [Scan:cvd_spike] trades=0 | cache hits=8 miss=3 err=0 | positions=0
2026-03-29 08:13:40,412 [INFO] [SOL] LIQ CASCADE → LONG | OI_drop=4.21σ taker=4.7x move=-0.894%
2026-03-29 08:13:40,467 [INFO] [BNB] LIQ CASCADE → LONG | OI_drop=2.01σ taker=3.0x move=-0.674%
2026-03-29 08:13:40,549 [INFO] [DOT] LIQ CASCADE → LONG | OI_drop=2.25σ taker=2.8x move=-0.790%
2026-03-29 08:13:40,574 [INFO] [AVAX] LIQ CASCADE → LONG | OI_drop=5.55σ taker=5.2x move=-1.064%
2026-03-29 08:13:40,657 [INFO] [OP] LIQ CASCADE → LONG | OI_drop=7.67σ taker=6.1x move=-1.252%
2026-03-29 08:13:40,697 [INFO] [ARB] LIQ CASCADE → LONG | OI_drop=3.67σ taker=4.2x move=-0.882%
2026-03-29 08:13:40,779 [INFO] [SUI] LIQ CASCADE → LONG | OI_drop=8.99σ taker=3.9x move=-2.281%
2026-03-29 08:13:41,266 [INFO] [Leverage] SOL set to 5x (isolated)
2026-03-29 08:13:41,476 [ERROR] [Entry] SOL BUY failed: binanceusdm {"code":-2019,"msg":"Margin is insufficient."}
2026-03-29 08:13:41,956 [WARNING] [BNB] SL too tight: 1.021429 < fee_threshold 1.100844 (0.180% of price) — skip
2026-03-29 08:13:42,481 [INFO] [Leverage] DOT set to 5x (isolated)
2026-03-29 08:13:42,687 [ERROR] [Entry] DOT BUY failed: binanceusdm {"code":-2019,"msg":"Margin is insufficient."}
2026-03-29 08:13:43,310 [INFO] [Leverage] AVAX set to 5x (isolated)
2026-03-29 08:13:43,583 [ERROR] [Entry] AVAX BUY failed: binanceusdm {"code":-2019,"msg":"Margin is insufficient."}
2026-03-29 08:13:44,226 [INFO] [Leverage] OP set to 5x (isolated)
2026-03-29 08:13:44,435 [ERROR] [Entry] OP BUY failed: binanceusdm {"code":-2019,"msg":"Margin is insufficient."}
2026-03-29 08:13:44,562 [INFO] [AVAX] ASYMMETRIC SNIPER -> SHORT | z=5.00 strength=-4.039
2026-03-29 08:13:44,563 [INFO] [OP] ASYMMETRIC SNIPER -> SHORT | z=5.77 strength=-7.927
2026-03-29 08:13:45,062 [INFO] [ARB] ASYMMETRIC SNIPER -> SHORT | z=3.41 strength=-2.342
2026-03-29 08:13:45,448 [INFO] [Leverage] ARB set to 5x (isolated)
2026-03-29 08:13:48,440 [INFO] [Heartbeat] equity=$4597.50 | daily=8.05% | pos=0 | notional=$0.00 | kill=False
2026-03-29 08:14:06,981 [INFO] [WaitFill] ARB timeout (20.0s), cancelling
2026-03-29 08:14:07,383 [INFO] [Leverage] AVAX set to 5x (isolated)
2026-03-29 08:14:07,645 [ERROR] [Entry] AVAX SELL failed: binanceusdm {"code":-2019,"msg":"Margin is insufficient."}
2026-03-29 08:14:07,645 [INFO] [Scan:asymmetric_sniper] trades=0 | cache hits=12 miss=25 err=0 | positions=0
2026-03-29 08:14:07,949 [INFO] [Leverage] SUI set to 5x (isolated)
2026-03-29 08:14:20,702 [INFO] [Scan:cvd_spike] trades=0 | cache hits=5 miss=6 err=0 | positions=0
2026-03-29 08:14:28,944 [INFO] [WaitFill] SUI timeout (20.0s), cancelling
2026-03-29 08:14:29,253 [INFO] [Scan:liquidation_fade] trades=0 | cache hits=0 miss=0 err=0 | positions=0
2026-03-29 08:14:45,017 [INFO] [Heartbeat] equity=$4597.50 | daily=8.05% | pos=0 | notional=$0.00 | kill=False
2026-03-29 08:15:06,642 [INFO] [OP] ASYMMETRIC SNIPER -> SHORT | z=3.38 strength=-4.354
2026-03-29 08:15:06,716 [INFO] [ARB] ASYMMETRIC SNIPER -> SHORT | z=2.34 strength=-1.316
2026-03-29 08:15:07,452 [INFO] [Leverage] OP set to 5x (isolated)
2026-03-29 08:15:07,656 [ERROR] [Entry] OP SELL failed: binanceusdm {"code":-2019,"msg":"Margin is insufficient."}
2026-03-29 08:15:07,656 [INFO] [Scan:asymmetric_sniper] trades=0 | cache hits=6 miss=6 err=0 | positions=0
2026-03-29 08:15:17,592 [INFO] [Scan:cvd_spike] trades=0 | cache hits=11 miss=0 err=0 | positions=0
2026-03-29 08:15:27,032 [INFO] [SOL] LIQ CASCADE → LONG | OI_drop=5.37σ taker=5.3x move=-1.003%
2026-03-29 08:15:27,088 [INFO] [ADA] LIQ CASCADE → LONG | OI_drop=8.83σ taker=10.4x move=-0.846%
2026-03-29 08:15:27,139 [INFO] [ETH] LIQ CASCADE → LONG | OI_drop=2.40σ taker=2.8x move=-0.845%
2026-03-29 08:15:27,205 [INFO] [AVAX] LIQ CASCADE → LONG | OI_drop=5.19σ taker=5.9x move=-0.883%
2026-03-29 08:15:27,239 [INFO] [OP] LIQ CASCADE → LONG | OI_drop=12.65σ taker=9.4x move=-1.349%
2026-03-29 08:15:27,304 [INFO] [ARB] LIQ CASCADE → LONG | OI_drop=6.10σ taker=6.9x move=-0.882%
2026-03-29 08:15:27,351 [INFO] [SUI] LIQ CASCADE → LONG | OI_drop=11.65σ taker=5.1x move=-2.281%
2026-03-29 08:15:27,822 [INFO] [Leverage] SOL set to 5x (isolated)
2026-03-29 08:15:36,028 [INFO] [MultiPos] Added liquidation_fade:SOL: BUY SOL @ 81.89
2026-03-29 08:15:37,392 [INFO] [SOL] Exchange SL registered @ 81.6721
2026-03-29 08:15:37,510 [INFO] [SOL] Exchange TP registered @ 82.5436
2026-03-29 08:15:37,511 [INFO] [TradeLog] Entry skeleton saved: liquidation_fade_SOL_0328_231537_0009
2026-03-29 08:15:38,102 [INFO] [TradeLog] Entry enriched: liquidation_fade_SOL_0328_231537_0009
2026-03-29 08:15:38,102 [INFO] [SOL] ENTRY BUY @ 81.8900 | qty=27.46 | SL=81.6721(-0.27%) | TP=82.5436(+0.80%) | trailing=N | notional=$2250.00 | fee≈$4.050(0.180%)
2026-03-29 08:15:38,553 [INFO] [Leverage] ADA set to 5x (isolated)
2026-03-29 08:15:38,761 [ERROR] [Entry] ADA BUY failed: binanceusdm {"code":-2019,"msg":"Margin is insufficient."}
2026-03-29 08:15:39,382 [INFO] [Leverage] ETH set to 5x (isolated)
2026-03-29 08:15:41,582 [INFO] [Heartbeat] equity=$4597.50 | daily=8.05% | pos=1 | notional=$2248.70 | kill=False
2026-03-29 08:15:42,298 [INFO] [MultiPos] Added liquidation_fade:ETH: BUY ETH @ 1994.21
2026-03-29 08:15:43,644 [INFO] [ETH] Exchange SL registered @ 1985.7618
2026-03-29 08:15:43,789 [INFO] [ETH] Exchange TP registered @ 2019.5546
2026-03-29 08:15:43,790 [INFO] [TradeLog] Entry skeleton saved: liquidation_fade_ETH_0328_231543_0010
2026-03-29 08:15:44,120 [INFO] [TradeLog] Entry enriched: liquidation_fade_ETH_0328_231543_0010
2026-03-29 08:15:44,121 [INFO] [ETH] ENTRY BUY @ 1994.2100 | qty=1.128 | SL=1985.7618(-0.42%) | TP=2019.5546(+1.27%) | trailing=N | notional=$2250.00 | fee≈$4.050(0.180%)
2026-03-29 08:15:44,653 [INFO] [Leverage] AVAX set to 5x (isolated)
2026-03-29 08:15:44,858 [ERROR] [Entry] AVAX BUY failed: binanceusdm {"code":-2019,"msg":"Margin is insufficient."}
2026-03-29 08:15:45,326 [INFO] [Leverage] OP set to 5x (isolated)
2026-03-29 08:15:45,517 [ERROR] [Entry] OP BUY failed: binanceusdm {"code":-2019,"msg":"Margin is insufficient."}
2026-03-29 08:15:46,126 [INFO] [Leverage] ARB set to 5x (isolated)
2026-03-29 08:16:06,876 [INFO] [WaitFill] ARB timeout (20.0s), cancelling
2026-03-29 08:16:07,590 [INFO] [OP] ASYMMETRIC SNIPER -> SHORT | z=2.51 strength=-2.590
2026-03-29 08:16:07,651 [INFO] [ARB] ASYMMETRIC SNIPER -> SHORT | z=2.03 strength=-0.883
2026-03-29 08:16:08,114 [INFO] [Leverage] SUI set to 5x (isolated)
2026-03-29 08:16:08,315 [ERROR] [Entry] SUI BUY failed: binanceusdm {"code":-2019,"msg":"Margin is insufficient."}
2026-03-29 08:16:08,318 [INFO] [Scan:liquidation_fade] trades=2 | cache hits=2 miss=39 err=0 | positions=2
2026-03-29 08:16:08,318 [INFO] [liquidation_fade] TRADE: {'strategy': 'liquidation_fade', 'coin': 'SOL', 'side': 'BUY', 'price': 81.89, 'qty': 27.46, 'sl': 81.67214285714286, 'tp': 82.54357142857143, 'trailing': False}
2026-03-29 08:16:08,418 [INFO] [Leverage] OP set to 5x (isolated)
2026-03-29 08:16:08,682 [INFO] [liquidation_fade] TRADE: {'strategy': 'liquidation_fade', 'coin': 'ETH', 'side': 'BUY', 'price': 1994.21, 'qty': 1.128, 'sl': 1985.7617857142857, 'tp': 2019.5546428571433, 'trailing': False}
2026-03-29 08:16:08,717 [ERROR] [Entry] OP SELL failed: binanceusdm {"code":-2019,"msg":"Margin is insufficient."}
2026-03-29 08:16:08,717 [INFO] [Scan:asymmetric_sniper] trades=0 | cache hits=0 miss=0 err=0 | positions=2
2026-03-29 08:16:14,444 [INFO] [Scan:cvd_spike] trades=0 | cache hits=9 miss=0 err=0 | positions=2
2026-03-29 08:16:38,107 [INFO] [Heartbeat] equity=$4597.50 | daily=8.05% | pos=2 | notional=$4498.17 | kill=False
2026-03-29 08:17:07,852 [INFO] [Scan:liquidation_fade] trades=0 | cache hits=0 miss=9 err=0 | positions=2
2026-03-29 08:17:09,283 [INFO] [Scan:asymmetric_sniper] trades=0 | cache hits=0 miss=9 err=0 | positions=2
2026-03-29 08:17:11,040 [INFO] [Scan:cvd_spike] trades=0 | cache hits=9 miss=0 err=0 | positions=2
2026-03-29 08:17:36,387 [INFO] [Heartbeat] equity=$4597.50 | daily=8.05% | pos=2 | notional=$4498.17 | kill=False
2026-03-29 08:18:04,398 [INFO] [Scan:liquidation_fade] trades=0 | cache hits=9 miss=0 err=0 | positions=2
2026-03-29 08:18:06,386 [INFO] [Scan:asymmetric_sniper] trades=0 | cache hits=9 miss=0 err=0 | positions=2
2026-03-29 08:18:10,316 [INFO] [Scan:cvd_spike] trades=0 | cache hits=0 miss=9 err=0 | positions=2
2026-03-29 08:18:32,915 [INFO] [Heartbeat] equity=$4597.50 | daily=8.05% | pos=2 | notional=$4498.17 | kill=False
2026-03-29 08:19:01,915 [INFO] [ADA] LIQ CASCADE → LONG | OI_drop=1.81σ taker=1.7x move=-1.087%
2026-03-29 08:19:02,398 [INFO] [Leverage] ADA set to 5x (isolated)
2026-03-29 08:19:02,608 [WARNING] [Entry] ADA Post-Only FAILED, fallback to limit: binanceusdm {"code":-5022,"msg":"Due to the order could not be executed as maker, the Post Only order will be rejected. The order will not be recorded in the order history"}
2026-03-29 08:19:02,899 [INFO] [ADA] ASYMMETRIC SNIPER -> SHORT | z=2.26 strength=-3.554
2026-03-29 08:19:07,155 [INFO] [Scan:cvd_spike] trades=0 | cache hits=19 miss=11 err=0 | positions=2
2026-03-29 08:19:12,440 [INFO] [MultiPos] Added liquidation_fade:ADA: BUY ADA @ 0.2458
2026-03-29 08:19:13,764 [INFO] [ADA] Exchange SL registered @ 0.2435
2026-03-29 08:19:13,875 [INFO] [ADA] Exchange TP registered @ 0.2526
2026-03-29 08:19:13,875 [INFO] [TradeLog] Entry skeleton saved: liquidation_fade_ADA_0328_231913_0011
2026-03-29 08:19:14,444 [INFO] [TradeLog] Entry enriched: liquidation_fade_ADA_0328_231913_0011
2026-03-29 08:19:14,444 [INFO] [ADA] ENTRY BUY @ 0.2458 | qty=9153.0 | SL=0.2435(-0.92%) | TP=0.2526(+2.77%) | trailing=N | notional=$2250.00 | fee≈$4.050(0.180%)
2026-03-29 08:19:14,445 [INFO] [Scan:liquidation_fade] trades=1 | cache hits=0 miss=3 err=0 | positions=3
2026-03-29 08:19:14,445 [INFO] [liquidation_fade] TRADE: {'strategy': 'liquidation_fade', 'coin': 'ADA', 'side': 'BUY', 'price': 0.2458, 'qty': 9153.0, 'sl': 0.24353214285714284, 'tp': 0.2526035714285714, 'trailing': False}
2026-03-29 08:19:14,445 [INFO] [ADA] rejected: coin_duplicate: ADA
2026-03-29 08:19:14,445 [INFO] [Scan:asymmetric_sniper] trades=0 | cache hits=0 miss=0 err=0 | positions=3
2026-03-29 08:19:29,409 [INFO] [Heartbeat] equity=$4597.50 | daily=8.05% | pos=3 | notional=$6747.98 | kill=False
2026-03-29 08:19:29,545 [INFO] [CoinSelect] Volatility top 30 → 3 passed safety filter | rejected: 0
2026-03-29 08:19:29,545 [INFO]   ✓ SOL    vol%= 0.00% vol=$      0M spread= 0.0bps $0.0000
2026-03-29 08:19:29,545 [INFO]   ✓ ADA    vol%= 0.00% vol=$      0M spread= 0.0bps $0.0000
2026-03-29 08:19:29,545 [INFO]   ✓ ETH    vol%= 0.00% vol=$      0M spread= 0.0bps $0.0000
2026-03-29 08:19:29,546 [INFO] [CoinRefresh] 11 coins active (base=13 + selective=0) | +{} -{}
2026-03-29 08:19:42,778 [INFO] [MonitorV2] SOL EARLY EXIT: zero MFE after 5 bars (favorable=0.0000%)
2026-03-29 08:19:43,071 [ERROR] [Cancel] SOL algo cancel failed: binanceusdm {"code":-1021,"msg":"Timestamp for this request was 1000ms ahead of the server's time."}
2026-03-29 08:19:43,071 [INFO] [MonitorV2] SOL exchange SL order cancelled
2026-03-29 08:19:43,390 [INFO] [Cancel] SOL algo order cancelled: 1000000036640773
2026-03-29 08:19:43,390 [INFO] [MonitorV2] SOL exchange TP order cancelled
2026-03-29 08:19:43,502 [INFO] [PortRisk] liquidation_fade PnL: -7.3399 | equity: 4590.16 | daily: 8.20%
2026-03-29 08:19:43,829 [INFO] [TradeLog] liquidation_fade_SOL_0328_231537_0009 closed: pnl=-0.15% net=-0.3264% fee=4.0447$ drag=0.180% reason=EARLY_EXIT_NO_MFE bars=5 mfe=0.00% mae=-0.15% mfe/trail=0.00 btc=BEAR vs_btc=COUNTER
2026-03-29 08:19:43,830 [INFO] [MultiPos] Removed liquidation_fade:SOL
2026-03-29 08:19:43,830 [INFO] [Close] ❌ liquidation_fade:SOL EARLY_EXIT_NO_MFE | PnL=-3.2952 net=-7.3399 fee=4.0447 | entry=81.8900 exit=81.7700 | bars=5 | mfe=0.00% mae=-0.15%
2026-03-29 08:20:04,686 [INFO] [Scan:cvd_spike] trades=0 | cache hits=0 miss=9 err=0 | positions=2
2026-03-29 08:20:13,258 [INFO] [Scan:asymmetric_sniper] trades=0 | cache hits=8 miss=0 err=0 | positions=2
2026-03-29 08:20:12,768 [INFO] [Scan:liquidation_fade] trades=0 | cache hits=0 miss=8 err=0 | positions=2
2026-03-29 08:20:26,018 [INFO] [Heartbeat] equity=$4590.16 | daily=8.20% | pos=2 | notional=$4499.28 | kill=False
2026-03-29 08:21:01,422 [INFO] [Scan:cvd_spike] trades=0 | cache hits=8 miss=0 err=0 | positions=2
2026-03-29 08:21:11,076 [INFO] [Scan:asymmetric_sniper] trades=0 | cache hits=4 miss=8 err=0 | positions=2
2026-03-29 08:21:11,427 [INFO] [Scan:liquidation_fade] trades=0 | cache hits=0 miss=4 err=0 | positions=2
2026-03-29 08:21:22,563 [INFO] [Heartbeat] equity=$4590.16 | daily=8.20% | pos=2 | notional=$4499.28 | kill=False
2026-03-29 08:21:57,974 [INFO] [Scan:cvd_spike] trades=0 | cache hits=8 miss=0 err=0 | positions=2
2026-03-29 08:22:08,121 [INFO] [Scan:asymmetric_sniper] trades=0 | cache hits=12 miss=0 err=0 | positions=2
2026-03-29 08:22:08,475 [INFO] [Scan:liquidation_fade] trades=0 | cache hits=0 miss=4 err=0 | positions=2
2026-03-29 08:22:19,112 [INFO] [Heartbeat] equity=$4590.16 | daily=8.20% | pos=2 | notional=$4499.28 | kill=False
2026-03-29 08:22:56,499 [INFO] [Scan:cvd_spike] trades=0 | cache hits=0 miss=8 err=0 | positions=2
2026-03-29 08:23:05,144 [INFO] [Scan:asymmetric_sniper] trades=0 | cache hits=12 miss=0 err=0 | positions=2
2026-03-29 08:23:05,497 [INFO] [Scan:liquidation_fade] trades=0 | cache hits=0 miss=4 err=0 | positions=2
2026-03-29 08:23:17,406 [INFO] [Heartbeat] equity=$4590.16 | daily=8.20% | pos=2 | notional=$4499.28 | kill=False
2026-03-29 08:23:29,391 [INFO] [CoinSelect] Volatility top 30 → 0 passed safety filter | rejected: 0
2026-03-29 08:23:35,044 [INFO] [SignalScan] 11 coins | 11 candidates
2026-03-29 08:23:53,199 [INFO] [Scan:cvd_spike] trades=0 | cache hits=8 miss=11 err=0 | positions=2
2026-03-29 08:24:03,083 [INFO] [Scan:liquidation_fade] trades=0 | cache hits=4 miss=12 err=0 | positions=2
2026-03-29 08:24:03,436 [INFO] [Scan:asymmetric_sniper] trades=0 | cache hits=0 miss=0 err=0 | positions=2
2026-03-29 08:24:13,987 [INFO] [Heartbeat] equity=$4590.16 | daily=8.20% | pos=2 | notional=$4499.28 | kill=False
2026-03-29 08:24:49,861 [INFO] [Scan:cvd_spike] trades=0 | cache hits=8 miss=0 err=0 | positions=2
2026-03-29 08:25:00,025 [INFO] [Scan:liquidation_fade] trades=0 | cache hits=10 miss=4 err=0 | positions=2
2026-03-29 08:25:00,712 [INFO] [Scan:asymmetric_sniper] trades=0 | cache hits=0 miss=2 err=0 | positions=2
2026-03-29 08:25:10,524 [INFO] [Heartbeat] equity=$4590.16 | daily=8.20% | pos=2 | notional=$4499.28 | kill=False
2026-03-29 08:25:48,752 [INFO] [Scan:cvd_spike] trades=0 | cache hits=2 miss=6 err=0 | positions=2
2026-03-29 08:25:56,989 [INFO] [Scan:liquidation_fade] trades=0 | cache hits=4 miss=4 err=0 | positions=2
2026-03-29 08:25:57,770 [INFO] [Scan:asymmetric_sniper] trades=0 | cache hits=8 miss=0 err=0 | positions=2
2026-03-29 08:26:07,043 [INFO] [Heartbeat] equity=$4590.16 | daily=8.20% | pos=2 | notional=$4499.28 | kill=False
2026-03-29 08:26:45,571 [INFO] [Scan:cvd_spike] trades=0 | cache hits=6 miss=2 err=0 | positions=2
2026-03-29 08:26:54,000 [INFO] [Scan:liquidation_fade] trades=0 | cache hits=4 miss=4 err=0 | positions=2
2026-03-29 08:26:55,483 [INFO] [Scan:asymmetric_sniper] trades=0 | cache hits=2 miss=6 err=0 | positions=2
2026-03-29 08:27:03,590 [INFO] [Heartbeat] equity=$4590.16 | daily=8.20% | pos=2 | notional=$4499.28 | kill=False
2026-03-29 08:27:42,092 [INFO] [Scan:cvd_spike] trades=0 | cache hits=8 miss=0 err=0 | positions=2
2026-03-29 08:27:53,067 [INFO] [Scan:liquidation_fade] trades=0 | cache hits=0 miss=8 err=0 | positions=2
2026-03-29 08:27:55,088 [INFO] [Scan:asymmetric_sniper] trades=0 | cache hits=0 miss=8 err=0 | positions=2
2026-03-29 08:28:00,144 [INFO] [Heartbeat] equity=$4590.16 | daily=8.20% | pos=2 | notional=$4499.28 | kill=False
2026-03-29 08:28:38,778 [INFO] [Scan:cvd_spike] trades=0 | cache hits=8 miss=0 err=0 | positions=2
2026-03-29 08:28:49,635 [INFO] [Scan:liquidation_fade] trades=0 | cache hits=8 miss=0 err=0 | positions=2
2026-03-29 08:28:52,126 [INFO] [Scan:asymmetric_sniper] trades=0 | cache hits=8 miss=0 err=0 | positions=2
2026-03-29 08:28:56,691 [INFO] [Heartbeat] equity=$4590.16 | daily=8.20% | pos=2 | notional=$4499.28 | kill=False
2026-03-29 08:29:36,129 [INFO] [Scan:cvd_spike] trades=0 | cache hits=0 miss=8 err=0 | positions=2
2026-03-29 08:29:46,989 [INFO] [Scan:liquidation_fade] trades=0 | cache hits=0 miss=8 err=0 | positions=2
2026-03-29 08:29:49,253 [INFO] [Scan:asymmetric_sniper] trades=0 | cache hits=8 miss=0 err=0 | positions=2
2026-03-29 08:29:54,975 [INFO] [Heartbeat] equity=$4590.16 | daily=8.20% | pos=2 | notional=$4499.28 | kill=False
2026-03-29 08:30:32,705 [INFO] [Scan:cvd_spike] trades=0 | cache hits=8 miss=0 err=0 | positions=2
2026-03-29 08:30:43,527 [INFO] [Scan:liquidation_fade] trades=0 | cache hits=8 miss=0 err=0 | positions=2
2026-03-29 08:30:47,103 [INFO] [Scan:asymmetric_sniper] trades=0 | cache hits=0 miss=8 err=0 | positions=2
2026-03-29 08:30:51,530 [INFO] [Heartbeat] equity=$4590.16 | daily=8.20% | pos=2 | notional=$4499.28 | kill=False
2026-03-29 08:31:29,253 [INFO] [Scan:cvd_spike] trades=0 | cache hits=8 miss=0 err=0 | positions=2
2026-03-29 08:31:40,887 [INFO] [Scan:liquidation_fade] trades=0 | cache hits=0 miss=8 err=0 | positions=2
2026-03-29 08:31:44,198 [INFO] [Scan:asymmetric_sniper] trades=0 | cache hits=8 miss=0 err=0 | positions=2
2026-03-29 08:31:48,079 [INFO] [Heartbeat] equity=$4590.16 | daily=8.20% | pos=2 | notional=$4499.28 | kill=False
2026-03-29 08:32:28,319 [INFO] [Scan:cvd_spike] trades=0 | cache hits=0 miss=8 err=0 | positions=2
2026-03-29 08:32:37,409 [INFO] [Scan:liquidation_fade] trades=0 | cache hits=8 miss=0 err=0 | positions=2
2026-03-29 08:32:41,230 [INFO] [Scan:asymmetric_sniper] trades=0 | cache hits=8 miss=0 err=0 | positions=2
2026-03-29 08:32:44,591 [INFO] [Heartbeat] equity=$4590.16 | daily=8.20% | pos=2 | notional=$4499.28 | kill=False
2026-03-29 08:33:24,871 [INFO] [Scan:cvd_spike] trades=0 | cache hits=8 miss=0 err=0 | positions=2
2026-03-29 08:33:34,719 [INFO] [Scan:liquidation_fade] trades=0 | cache hits=0 miss=8 err=0 | positions=2
2026-03-29 08:33:35,080 [INFO] [EVGuardian] momentum_breakout: EV=0.0000% tp_rate=0.0% n=7 ok
2026-03-29 08:33:35,080 [INFO] [EVGuardian] cvd_spike: EV=0.0000% tp_rate=0.0% n=66 ok
2026-03-29 08:33:35,080 [INFO] [EVGuardian] asymmetric_sniper: EV=0.0000% tp_rate=0.0% n=32 ok
2026-03-29 08:33:35,080 [INFO] [EVGuardian] liquidation_fade: EV=0.0000% tp_rate=0.0% n=26 ok
2026-03-29 08:33:39,134 [INFO] [Scan:asymmetric_sniper] trades=0 | cache hits=0 miss=8 err=0 | positions=2
2026-03-29 08:33:41,088 [INFO] [Heartbeat] equity=$4590.16 | daily=8.20% | pos=2 | notional=$4499.28 | kill=False
2026-03-29 08:33:41,125 [INFO] [CoinSelect] Volatility top 30 → 2 passed safety filter | rejected: 0
2026-03-29 08:33:41,125 [INFO]   ✓ ADA    vol%= 0.00% vol=$      0M spread= 0.0bps $0.0000
2026-03-29 08:33:41,125 [INFO]   ✓ ETH    vol%= 0.00% vol=$      0M spread= 0.0bps $0.0000
2026-03-29 08:33:41,126 [INFO] [CoinRefresh] 11 coins active (base=13 + selective=0) | +{} -{}
2026-03-29 08:34:21,503 [INFO] [Scan:cvd_spike] trades=0 | cache hits=8 miss=0 err=0 | positions=2
2026-03-29 08:34:33,827 [INFO] [Scan:liquidation_fade] trades=0 | cache hits=0 miss=8 err=0 | positions=2
2026-03-29 08:34:36,296 [INFO] [Scan:asymmetric_sniper] trades=0 | cache hits=8 miss=0 err=0 | positions=2
2026-03-29 08:34:37,668 [INFO] [Heartbeat] equity=$4590.16 | daily=8.20% | pos=2 | notional=$4499.28 | kill=False
2026-03-29 08:35:18,985 [INFO] [Scan:cvd_spike] trades=0 | cache hits=0 miss=9 err=0 | positions=2
2026-03-29 08:35:30,476 [INFO] [Scan:liquidation_fade] trades=0 | cache hits=8 miss=1 err=0 | positions=2
2026-03-29 08:35:35,167 [INFO] [Scan:asymmetric_sniper] trades=0 | cache hits=9 miss=0 err=0 | positions=2
2026-03-29 08:35:35,931 [INFO] [Heartbeat] equity=$4590.16 | daily=8.20% | pos=2 | notional=$4499.28 | kill=False
2026-03-29 08:36:15,542 [INFO] [Scan:cvd_spike] trades=0 | cache hits=9 miss=0 err=0 | positions=2
2026-03-29 08:36:27,794 [INFO] [Scan:liquidation_fade] trades=0 | cache hits=1 miss=8 err=0 | positions=2
2026-03-29 08:36:32,435 [INFO] [Heartbeat] equity=$4590.16 | daily=8.20% | pos=2 | notional=$4499.28 | kill=False
2026-03-29 08:36:33,195 [INFO] [Scan:asymmetric_sniper] trades=0 | cache hits=0 miss=9 err=0 | positions=2
2026-03-29 08:37:12,078 [INFO] [Scan:cvd_spike] trades=0 | cache hits=9 miss=0 err=0 | positions=2
2026-03-29 08:37:24,456 [INFO] [Scan:liquidation_fade] trades=0 | cache hits=8 miss=1 err=0 | positions=2
2026-03-29 08:37:28,963 [INFO] [Heartbeat] equity=$4590.16 | daily=8.20% | pos=2 | notional=$4499.28 | kill=False
2026-03-29 08:37:30,327 [INFO] [Scan:asymmetric_sniper] trades=0 | cache hits=9 miss=0 err=0 | positions=2
2026-03-29 08:37:46,554 [INFO] [CoinSelect] Volatility top 30 → 0 passed safety filter | rejected: 0
2026-03-29 08:37:52,167 [INFO] [SignalScan] 11 coins | 11 candidates
2026-03-29 08:38:11,240 [INFO] [Scan:cvd_spike] trades=0 | cache hits=0 miss=20 err=0 | positions=2
2026-03-29 08:38:21,812 [INFO] [Scan:liquidation_fade] trades=0 | cache hits=1 miss=8 err=0 | positions=2
2026-03-29 08:38:25,549 [INFO] [Heartbeat] equity=$4590.16 | daily=8.20% | pos=2 | notional=$4499.28 | kill=False
2026-03-29 08:38:27,472 [INFO] [Scan:asymmetric_sniper] trades=0 | cache hits=9 miss=0 err=0 | positions=2
2026-03-29 08:39:10,415 [INFO] [Scan:cvd_spike] trades=0 | cache hits=0 miss=9 err=0 | positions=2
2026-03-29 08:39:18,416 [INFO] [Scan:liquidation_fade] trades=0 | cache hits=8 miss=1 err=0 | positions=2
2026-03-29 08:39:22,044 [INFO] [Heartbeat] equity=$4590.16 | daily=8.20% | pos=2 | notional=$4499.28 | kill=False
2026-03-29 08:39:24,647 [INFO] [Scan:asymmetric_sniper] trades=0 | cache hits=9 miss=0 err=0 | positions=2
2026-03-29 08:40:06,949 [INFO] [Scan:cvd_spike] trades=0 | cache hits=9 miss=0 err=0 | positions=2
2026-03-29 08:40:15,789 [INFO] [Scan:liquidation_fade] trades=0 | cache hits=1 miss=8 err=0 | positions=2
2026-03-29 08:40:18,592 [INFO] [Heartbeat] equity=$4590.16 | daily=8.20% | pos=2 | notional=$4499.28 | kill=False
2026-03-29 08:40:22,676 [INFO] [Scan:asymmetric_sniper] trades=0 | cache hits=0 miss=9 err=0 | positions=2
2026-03-29 08:41:03,515 [INFO] [Scan:cvd_spike] trades=0 | cache hits=9 miss=0 err=0 | positions=2
2026-03-29 08:41:14,988 [INFO] [Scan:liquidation_fade] trades=0 | cache hits=0 miss=9 err=0 | positions=2
2026-03-29 08:41:15,137 [INFO] [Heartbeat] equity=$4590.16 | daily=8.20% | pos=2 | notional=$4499.28 | kill=False
2026-03-29 08:41:19,741 [INFO] [Scan:asymmetric_sniper] trades=0 | cache hits=9 miss=0 err=0 | positions=2
2026-03-29 08:42:00,933 [INFO] [Scan:cvd_spike] trades=0 | cache hits=0 miss=9 err=0 | positions=2
2026-03-29 08:42:11,503 [INFO] [Scan:liquidation_fade] trades=0 | cache hits=9 miss=0 err=0 | positions=2
2026-03-29 08:42:13,410 [INFO] [Heartbeat] equity=$4590.16 | daily=8.20% | pos=2 | notional=$4499.28 | kill=False
2026-03-29 08:42:16,806 [INFO] [Scan:asymmetric_sniper] trades=0 | cache hits=9 miss=0 err=0 | positions=2
2026-03-29 08:42:57,623 [INFO] [Scan:cvd_spike] trades=0 | cache hits=9 miss=0 err=0 | positions=2
2026-03-29 08:43:08,963 [INFO] [Scan:liquidation_fade] trades=0 | cache hits=0 miss=9 err=0 | positions=2
2026-03-29 08:43:09,914 [INFO] [Heartbeat] equity=$4590.16 | daily=8.20% | pos=2 | notional=$4499.28 | kill=False
2026-03-29 08:43:16,553 [INFO] [Scan:asymmetric_sniper] trades=0 | cache hits=0 miss=9 err=0 | positions=2
2026-03-29 08:43:54,165 [INFO] [Scan:cvd_spike] trades=0 | cache hits=9 miss=0 err=0 | positions=2
2026-03-29 08:44:05,503 [INFO] [Scan:liquidation_fade] trades=0 | cache hits=9 miss=0 err=0 | positions=2
2026-03-29 08:44:06,434 [INFO] [Heartbeat] equity=$4590.16 | daily=8.20% | pos=2 | notional=$4499.28 | kill=False
2026-03-29 08:44:13,598 [INFO] [Scan:asymmetric_sniper] trades=0 | cache hits=9 miss=0 err=0 | positions=2
2026-03-29 08:44:51,731 [INFO] [Scan:cvd_spike] trades=0 | cache hits=0 miss=9 err=0 | positions=2
2026-03-29 08:45:02,928 [INFO] [Heartbeat] equity=$4590.16 | daily=8.20% | pos=2 | notional=$4499.28 | kill=False
2026-03-29 08:45:03,342 [INFO] [Scan:liquidation_fade] trades=0 | cache hits=0 miss=9 err=0 | positions=2
2026-03-29 08:45:10,270 [INFO] [XRP] ASYMMETRIC SNIPER -> SHORT | z=2.05 strength=-0.445
2026-03-29 08:45:11,348 [ERROR] [Entry] XRP SELL failed: binanceusdm {"code":-2019,"msg":"Margin is insufficient."}
2026-03-29 08:45:11,349 [INFO] [Scan:asymmetric_sniper] trades=0 | cache hits=9 miss=1 err=0 | positions=2
2026-03-29 08:45:51,080 [INFO] [Scan:cvd_spike] trades=0 | cache hits=0 miss=9 err=0 | positions=2
2026-03-29 08:45:59,387 [INFO] [Heartbeat] equity=$4590.16 | daily=8.20% | pos=2 | notional=$4499.28 | kill=False
2026-03-29 08:45:59,807 [INFO] [Scan:liquidation_fade] trades=0 | cache hits=9 miss=0 err=0 | positions=2
2026-03-29 08:46:07,926 [INFO] [XRP] ASYMMETRIC SNIPER -> SHORT | z=2.05 strength=-0.445
2026-03-29 08:46:08,064 [INFO] [DOGE] ASYMMETRIC SNIPER -> SHORT | z=1.91 strength=-0.290
2026-03-29 08:46:08,772 [ERROR] [Entry] XRP SELL failed: binanceusdm {"code":-2019,"msg":"Margin is insufficient."}
2026-03-29 08:46:08,772 [INFO] [Scan:asymmetric_sniper] trades=0 | cache hits=10 miss=0 err=0 | positions=2
2026-03-29 08:46:47,811 [INFO] [Scan:cvd_spike] trades=0 | cache hits=9 miss=0 err=0 | positions=2
2026-03-29 08:46:55,922 [INFO] [Heartbeat] equity=$4590.16 | daily=8.20% | pos=2 | notional=$4499.28 | kill=False
2026-03-29 08:46:57,302 [INFO] [Scan:liquidation_fade] trades=0 | cache hits=0 miss=9 err=0 | positions=2
2026-03-29 08:47:06,823 [INFO] [Scan:asymmetric_sniper] trades=0 | cache hits=0 miss=9 err=0 | positions=2
2026-03-29 08:47:44,444 [INFO] [Scan:cvd_spike] trades=0 | cache hits=9 miss=0 err=0 | positions=2
2026-03-29 08:47:54,280 [INFO] [CoinSelect] Volatility top 30 → 2 passed safety filter | rejected: 0
2026-03-29 08:47:54,281 [INFO]   ✓ ADA    vol%= 0.00% vol=$      0M spread= 0.0bps $0.0000
2026-03-29 08:47:54,282 [INFO]   ✓ ETH    vol%= 0.00% vol=$      0M spread= 0.0bps $0.0000
2026-03-29 08:47:54,284 [INFO] [CoinRefresh] 11 coins active (base=13 + selective=0) | +{} -{}
2026-03-29 08:47:54,285 [INFO] [Heartbeat] equity=$4590.16 | daily=8.20% | pos=2 | notional=$4499.28 | kill=False
2026-03-29 08:47:53,835 [INFO] [Scan:liquidation_fade] trades=0 | cache hits=9 miss=0 err=0 | positions=2
2026-03-29 08:48:03,881 [INFO] [Scan:asymmetric_sniper] trades=0 | cache hits=9 miss=0 err=0 | positions=2
2026-03-29 08:48:42,014 [INFO] [Scan:cvd_spike] trades=0 | cache hits=0 miss=9 err=0 | positions=2
2026-03-29 08:48:50,783 [INFO] [Heartbeat] equity=$4590.16 | daily=8.20% | pos=2 | notional=$4499.28 | kill=False
2026-03-29 08:48:53,017 [INFO] [Scan:liquidation_fade] trades=0 | cache hits=0 miss=9 err=0 | positions=2
2026-03-29 08:49:00,873 [INFO] [Scan:asymmetric_sniper] trades=0 | cache hits=9 miss=0 err=0 | positions=2
2026-03-29 08:49:38,672 [INFO] [Scan:cvd_spike] trades=0 | cache hits=9 miss=0 err=0 | positions=2
2026-03-29 08:49:47,288 [INFO] [Heartbeat] equity=$4590.16 | daily=8.20% | pos=2 | notional=$4499.28 | kill=False
2026-03-29 08:49:49,525 [INFO] [Scan:liquidation_fade] trades=0 | cache hits=9 miss=0 err=0 | positions=2
2026-03-29 08:49:58,804 [INFO] [Scan:asymmetric_sniper] trades=0 | cache hits=0 miss=9 err=0 | positions=2
2026-03-29 08:50:35,323 [INFO] [Scan:cvd_spike] trades=0 | cache hits=9 miss=0 err=0 | positions=2
2026-03-29 08:50:43,789 [INFO] [Heartbeat] equity=$4590.16 | daily=8.20% | pos=2 | notional=$4499.28 | kill=False
2026-03-29 08:50:46,957 [INFO] [Scan:liquidation_fade] trades=0 | cache hits=0 miss=9 err=0 | positions=2
2026-03-29 08:50:58,486 [INFO] [Scan:asymmetric_sniper] trades=0 | cache hits=0 miss=9 err=0 | positions=2
2026-03-29 08:51:31,833 [INFO] [Scan:cvd_spike] trades=0 | cache hits=9 miss=0 err=0 | positions=2
2026-03-29 08:51:40,290 [INFO] [Heartbeat] equity=$4590.16 | daily=8.20% | pos=2 | notional=$4499.28 | kill=False
2026-03-29 08:51:43,509 [INFO] [Scan:liquidation_fade] trades=0 | cache hits=9 miss=0 err=0 | positions=2
2026-03-29 08:51:55,543 [INFO] [Scan:asymmetric_sniper] trades=0 | cache hits=9 miss=0 err=0 | positions=2
2026-03-29 08:52:03,342 [INFO] [CoinSelect] Volatility top 30 → 0 passed safety filter | rejected: 0
2026-03-29 08:52:08,989 [INFO] [SignalScan] 11 coins | 10 candidates
2026-03-29 08:52:30,989 [INFO] [Scan:cvd_spike] trades=0 | cache hits=0 miss=20 err=0 | positions=2
2026-03-29 08:52:36,760 [INFO] [Heartbeat] equity=$4590.16 | daily=8.20% | pos=2 | notional=$4499.28 | kill=False
2026-03-29 08:52:40,956 [INFO] [Scan:liquidation_fade] trades=0 | cache hits=0 miss=9 err=0 | positions=2
2026-03-29 08:52:52,572 [INFO] [Scan:asymmetric_sniper] trades=0 | cache hits=9 miss=0 err=0 | positions=2
2026-03-29 08:53:27,526 [INFO] [Scan:cvd_spike] trades=0 | cache hits=9 miss=0 err=0 | positions=2
2026-03-29 08:53:33,281 [INFO] [Heartbeat] equity=$4590.16 | daily=8.20% | pos=2 | notional=$4499.28 | kill=False
2026-03-29 08:53:37,475 [INFO] [Scan:liquidation_fade] trades=0 | cache hits=9 miss=0 err=0 | positions=2
2026-03-29 08:53:49,908 [ERROR] [DataHub] OHLCV fetch failed ARB/1m: binanceusdm 429 Too Many Requests {"code":-1003,"msg":"Too many requests; current limit of IP(15.158.3.21) is 6000 requests per minute. Please use the websocket for live updates to avoid polling the API."}
2026-03-29 08:53:50,536 [INFO] [Scan:asymmetric_sniper] trades=0 | cache hits=0 miss=8 err=1 | positions=2
2026-03-29 08:54:24,140 [INFO] [Scan:cvd_spike] trades=0 | cache hits=8 miss=1 err=0 | positions=2
2026-03-29 08:54:31,517 [INFO] [Heartbeat] equity=$4590.16 | daily=8.20% | pos=2 | notional=$4499.28 | kill=False
2026-03-29 08:54:34,885 [INFO] [Scan:liquidation_fade] trades=0 | cache hits=0 miss=9 err=0 | positions=2
2026-03-29 08:54:47,594 [INFO] [Scan:asymmetric_sniper] trades=0 | cache hits=9 miss=0 err=0 | positions=2
2026-03-29 08:55:21,527 [INFO] [Scan:cvd_spike] trades=0 | cache hits=1 miss=8 err=0 | positions=2
2026-03-29 08:55:28,049 [INFO] [Heartbeat] equity=$4590.16 | daily=8.20% | pos=2 | notional=$4499.28 | kill=False
2026-03-29 08:55:34,159 [INFO] [Scan:liquidation_fade] trades=0 | cache hits=0 miss=9 err=0 | positions=2
2026-03-29 08:55:44,771 [INFO] [Scan:asymmetric_sniper] trades=0 | cache hits=8 miss=1 err=0 | positions=2
2026-03-29 08:56:18,079 [INFO] [Scan:cvd_spike] trades=0 | cache hits=9 miss=0 err=0 | positions=2
2026-03-29 08:56:24,553 [INFO] [Heartbeat] equity=$4590.16 | daily=8.20% | pos=2 | notional=$4499.28 | kill=False
2026-03-29 08:56:30,669 [INFO] [Scan:liquidation_fade] trades=0 | cache hits=9 miss=0 err=0 | positions=2
2026-03-29 08:56:42,628 [INFO] [Scan:asymmetric_sniper] trades=0 | cache hits=1 miss=8 err=0 | positions=2
2026-03-29 08:57:14,772 [INFO] [Scan:cvd_spike] trades=0 | cache hits=8 miss=1 err=0 | positions=2
2026-03-29 08:57:21,066 [INFO] [Heartbeat] equity=$4590.16 | daily=8.20% | pos=2 | notional=$4499.28 | kill=False
2026-03-29 08:57:28,093 [INFO] [Scan:liquidation_fade] trades=0 | cache hits=0 miss=9 err=0 | positions=2
2026-03-29 08:57:39,786 [INFO] [Scan:asymmetric_sniper] trades=0 | cache hits=9 miss=0 err=0 | positions=2
2026-03-29 08:58:12,117 [INFO] [Scan:cvd_spike] trades=0 | cache hits=1 miss=8 err=0 | positions=2
2026-03-29 08:58:17,555 [INFO] [Heartbeat] equity=$4590.16 | daily=8.20% | pos=2 | notional=$4499.28 | kill=False
2026-03-29 08:58:24,589 [INFO] [Scan:liquidation_fade] trades=0 | cache hits=9 miss=0 err=0 | positions=2
2026-03-29 08:58:38,687 [INFO] [Scan:asymmetric_sniper] trades=0 | cache hits=8 miss=1 err=0 | positions=2
2026-03-29 08:59:11,203 [INFO] [Scan:cvd_spike] trades=0 | cache hits=1 miss=8 err=0 | positions=2
2026-03-29 08:59:14,036 [INFO] [Heartbeat] equity=$4590.16 | daily=8.20% | pos=2 | notional=$4499.28 | kill=False
2026-03-29 08:59:22,041 [INFO] [Scan:liquidation_fade] trades=0 | cache hits=0 miss=9 err=0 | positions=2
2026-03-29 08:59:35,716 [INFO] [Scan:asymmetric_sniper] trades=0 | cache hits=9 miss=0 err=0 | positions=2
2026-03-29 09:00:09,475 [INFO] [PortRisk] Day reset: 2026-03-28 → 2026-03-29 | equity: 4590.16
2026-03-29 09:00:09,475 [INFO] [EVGuardian] Daily fee reset — yesterday total: $97.1204 / budget: $460258.8035
2026-03-29 09:00:10,475 [INFO] [Scan:cvd_spike] trades=0 | cache hits=0 miss=9 err=0 | positions=2
2026-03-29 09:00:12,298 [INFO] [Heartbeat] equity=$4590.16 | daily=0.00% | pos=2 | notional=$4499.28 | kill=False
2026-03-29 09:00:18,569 [INFO] [Scan:liquidation_fade] trades=0 | cache hits=9 miss=0 err=0 | positions=2
2026-03-29 09:00:32,792 [INFO] [Scan:asymmetric_sniper] trades=0 | cache hits=9 miss=0 err=0 | positions=2
2026-03-29 09:01:07,016 [INFO] [Scan:cvd_spike] trades=0 | cache hits=9 miss=0 err=0 | positions=2
2026-03-29 09:01:08,815 [INFO] [Heartbeat] equity=$4590.16 | daily=0.00% | pos=2 | notional=$4499.28 | kill=False
2026-03-29 09:01:15,993 [INFO] [Scan:liquidation_fade] trades=0 | cache hits=0 miss=9 err=0 | positions=2
2026-03-29 09:01:30,742 [INFO] [Scan:asymmetric_sniper] trades=0 | cache hits=0 miss=9 err=0 | positions=2
2026-03-29 09:01:58,718 [INFO] [Analyzer] Analysis complete: 131 trades | PnL=-132.58 USDT | WR=33.6%
2026-03-29 09:01:58,719 [INFO] [Analysis] Report generated: 131 trades
2026-03-29 09:02:03,575 [INFO] [Scan:cvd_spike] trades=0 | cache hits=9 miss=0 err=0 | positions=2
2026-03-29 09:02:05,316 [INFO] [Heartbeat] equity=$4590.16 | daily=0.00% | pos=2 | notional=$4499.28 | kill=False
2026-03-29 09:02:05,341 [INFO] [CoinSelect] Volatility top 30 → 2 passed safety filter | rejected: 0
2026-03-29 09:02:05,342 [INFO]   ✓ ADA    vol%= 0.00% vol=$      0M spread= 0.0bps $0.0000
2026-03-29 09:02:05,342 [INFO]   ✓ ETH    vol%= 0.00% vol=$      0M spread= 0.0bps $0.0000
2026-03-29 09:02:05,342 [INFO] [CoinRefresh] 11 coins active (base=13 + selective=0) | +{} -{}
2026-03-29 09:02:15,152 [INFO] [Scan:liquidation_fade] trades=0 | cache hits=0 miss=9 err=0 | positions=2
2026-03-29 09:02:27,824 [INFO] [Scan:asymmetric_sniper] trades=0 | cache hits=9 miss=0 err=0 | positions=2
2026-03-29 09:03:00,122 [ERROR] [DataHub] OHLCV fetch failed XRP/1m: binanceusdm 429 Too Many Requests {"code":-1003,"msg":"Too many requests; current limit of IP(15.158.3.51) is 6000 requests per minute. Please use the websocket for live updates to avoid polling the API."}
2026-03-29 09:03:01,069 [INFO] [Scan:cvd_spike] trades=0 | cache hits=0 miss=8 err=1 | positions=2
2026-03-29 09:03:01,801 [INFO] [Heartbeat] equity=$4590.16 | daily=0.00% | pos=2 | notional=$4499.28 | kill=False
2026-03-29 09:03:11,625 [INFO] [Scan:liquidation_fade] trades=0 | cache hits=9 miss=0 err=0 | positions=2
2026-03-29 09:03:24,674 [INFO] [DOT] ASYMMETRIC SNIPER -> SHORT | z=1.94 strength=-1.444
2026-03-29 09:03:25,369 [INFO] [Leverage] DOT set to 5x (isolated)
2026-03-29 09:03:25,569 [ERROR] [Entry] DOT SELL failed: binanceusdm {"code":-2019,"msg":"Margin is insufficient."}
2026-03-29 09:03:25,570 [INFO] [Scan:asymmetric_sniper] trades=0 | cache hits=8 miss=2 err=0 | positions=2
2026-03-29 09:03:57,792 [INFO] [Scan:cvd_spike] trades=0 | cache hits=9 miss=0 err=0 | positions=2
2026-03-29 09:03:58,291 [INFO] [Heartbeat] equity=$4590.16 | daily=0.00% | pos=2 | notional=$4499.28 | kill=False
2026-03-29 09:04:09,059 [INFO] [Scan:liquidation_fade] trades=0 | cache hits=0 miss=9 err=0 | positions=2
2026-03-29 09:04:23,188 [INFO] [DOT] ASYMMETRIC SNIPER -> SHORT | z=1.94 strength=-1.444
2026-03-29 09:04:23,750 [INFO] [Leverage] DOT set to 5x (isolated)
2026-03-29 09:04:23,964 [ERROR] [Entry] DOT SELL failed: binanceusdm {"code":-2019,"msg":"Margin is insufficient."}
2026-03-29 09:04:23,964 [INFO] [Scan:asymmetric_sniper] trades=0 | cache hits=1 miss=9 err=0 | positions=2
2026-03-29 09:04:54,526 [INFO] [Scan:cvd_spike] trades=0 | cache hits=8 miss=1 err=0 | positions=2
2026-03-29 09:04:54,800 [INFO] [Heartbeat] equity=$4590.16 | daily=0.00% | pos=2 | notional=$4499.28 | kill=False
2026-03-29 09:05:05,571 [INFO] [Scan:liquidation_fade] trades=0 | cache hits=9 miss=0 err=0 | positions=2
2026-03-29 09:05:20,928 [INFO] [DOT] ASYMMETRIC SNIPER -> SHORT | z=1.94 strength=-1.444
2026-03-29 09:05:21,555 [INFO] [Leverage] DOT set to 5x (isolated)
2026-03-29 09:05:21,767 [ERROR] [Entry] DOT SELL failed: binanceusdm {"code":-2019,"msg":"Margin is insufficient."}
2026-03-29 09:05:21,767 [INFO] [Scan:asymmetric_sniper] trades=0 | cache hits=7 miss=3 err=0 | positions=2
2026-03-29 09:05:51,255 [INFO] [Heartbeat] equity=$4590.16 | daily=0.00% | pos=2 | notional=$4499.28 | kill=False
2026-03-29 09:05:51,282 [ERROR] [DataHub] OHLCV fetch failed AVAX/1m: binanceusdm 429 Too Many Requests {"code":-1003,"msg":"Too many requests; current limit of IP(15.158.3.51) is 6000 requests per minute. Please use the websocket for live updates to avoid polling the API."}
2026-03-29 09:05:51,609 [INFO] [Scan:cvd_spike] trades=0 | cache hits=4 miss=4 err=1 | positions=2
2026-03-29 09:06:02,982 [INFO] [Scan:liquidation_fade] trades=0 | cache hits=0 miss=9 err=0 | positions=2
2026-03-29 09:06:21,006 [INFO] [Scan:asymmetric_sniper] trades=0 | cache hits=4 miss=5 err=0 | positions=2
2026-03-29 09:06:20,048 [INFO] [CoinSelect] Volatility top 30 → 0 passed safety filter | rejected: 0
2026-03-29 09:06:25,735 [INFO] [SignalScan] 11 coins | 11 candidates
2026-03-29 09:06:49,530 [INFO] [Heartbeat] equity=$4590.16 | daily=0.00% | pos=2 | notional=$4499.28 | kill=False
2026-03-29 09:06:50,435 [INFO] [Scan:cvd_spike] trades=0 | cache hits=5 miss=15 err=0 | positions=2
2026-03-29 09:06:59,510 [INFO] [Scan:liquidation_fade] trades=0 | cache hits=9 miss=0 err=0 | positions=2
2026-03-29 09:07:18,063 [INFO] [Scan:asymmetric_sniper] trades=0 | cache hits=9 miss=0 err=0 | positions=2
2026-03-29 09:07:46,032 [INFO] [Heartbeat] equity=$4590.16 | daily=0.00% | pos=2 | notional=$4499.28 | kill=False
2026-03-29 09:07:48,348 [INFO] [Scan:cvd_spike] trades=0 | cache hits=4 miss=5 err=0 | positions=2
2026-03-29 09:07:57,014 [INFO] [Scan:liquidation_fade] trades=0 | cache hits=0 miss=9 err=0 | positions=2
2026-03-29 09:08:15,495 [INFO] [Scan:asymmetric_sniper] trades=0 | cache hits=5 miss=4 err=0 | positions=2
2026-03-29 09:08:42,524 [INFO] [Heartbeat] equity=$4590.16 | daily=0.00% | pos=2 | notional=$4499.28 | kill=False
2026-03-29 09:08:45,018 [INFO] [Scan:cvd_spike] trades=0 | cache hits=9 miss=0 err=0 | positions=2
2026-03-29 09:08:53,746 [INFO] [Scan:liquidation_fade] trades=0 | cache hits=9 miss=0 err=0 | positions=2
2026-03-29 09:09:13,067 [INFO] [Scan:asymmetric_sniper] trades=0 | cache hits=4 miss=5 err=0 | positions=2
2026-03-29 09:09:39,012 [INFO] [Heartbeat] equity=$4590.16 | daily=0.00% | pos=2 | notional=$4499.28 | kill=False
2026-03-29 09:09:41,913 [INFO] [Scan:cvd_spike] trades=0 | cache hits=5 miss=4 err=0 | positions=2
2026-03-29 09:09:52,941 [INFO] [Scan:liquidation_fade] trades=0 | cache hits=0 miss=9 err=0 | positions=2
2026-03-29 09:10:10,139 [INFO] [Scan:asymmetric_sniper] trades=0 | cache hits=9 miss=0 err=0 | positions=2
2026-03-29 09:10:35,514 [INFO] [Heartbeat] equity=$4590.16 | daily=0.00% | pos=2 | notional=$4499.28 | kill=False
2026-03-29 09:10:42,284 [INFO] [Scan:cvd_spike] trades=0 | cache hits=4 miss=5 err=0 | positions=2
2026-03-29 09:10:49,448 [INFO] [Scan:liquidation_fade] trades=0 | cache hits=9 miss=0 err=0 | positions=2
2026-03-29 09:11:07,554 [INFO] [Scan:asymmetric_sniper] trades=0 | cache hits=5 miss=4 err=0 | positions=2
2026-03-29 09:11:32,005 [INFO] [Heartbeat] equity=$4590.16 | daily=0.00% | pos=2 | notional=$4499.28 | kill=False
2026-03-29 09:11:38,785 [INFO] [Scan:cvd_spike] trades=0 | cache hits=9 miss=0 err=0 | positions=2
2026-03-29 09:11:46,844 [INFO] [Scan:liquidation_fade] trades=0 | cache hits=0 miss=9 err=0 | positions=2
2026-03-29 09:12:05,132 [INFO] [Scan:asymmetric_sniper] trades=0 | cache hits=4 miss=5 err=0 | positions=2
2026-03-29 09:12:30,259 [INFO] [Heartbeat] equity=$4590.16 | daily=0.00% | pos=2 | notional=$4499.28 | kill=False
2026-03-29 09:12:35,964 [INFO] [Scan:cvd_spike] trades=0 | cache hits=5 miss=4 err=0 | positions=2
2026-03-29 09:12:43,354 [INFO] [Scan:liquidation_fade] trades=0 | cache hits=9 miss=0 err=0 | positions=2
2026-03-29 09:13:01,942 [INFO] [DOT] ASYMMETRIC SNIPER -> SHORT | z=2.06 strength=-1.685
2026-03-29 09:13:03,659 [INFO] [Leverage] DOT set to 5x (isolated)
2026-03-29 09:13:03,854 [ERROR] [Entry] DOT SELL failed: binanceusdm {"code":-2019,"msg":"Margin is insufficient."}
2026-03-29 09:13:03,854 [INFO] [Scan:asymmetric_sniper] trades=0 | cache hits=9 miss=1 err=0 | positions=2
2026-03-29 09:13:26,752 [INFO] [Heartbeat] equity=$4590.16 | daily=0.00% | pos=2 | notional=$4499.28 | kill=False
2026-03-29 09:13:33,182 [INFO] [Scan:cvd_spike] trades=0 | cache hits=4 miss=5 err=0 | positions=2
2026-03-29 09:13:40,803 [INFO] [Scan:liquidation_fade] trades=0 | cache hits=0 miss=9 err=0 | positions=2
2026-03-29 09:14:02,942 [INFO] [DOT] ASYMMETRIC SNIPER -> SHORT | z=2.06 strength=-1.685
2026-03-29 09:14:03,470 [INFO] [Leverage] DOT set to 5x (isolated)
2026-03-29 09:14:03,669 [ERROR] [Entry] DOT SELL failed: binanceusdm {"code":-2019,"msg":"Margin is insufficient."}
2026-03-29 09:14:03,669 [INFO] [Scan:asymmetric_sniper] trades=0 | cache hits=5 miss=5 err=0 | positions=2
2026-03-29 09:14:23,259 [INFO] [Heartbeat] equity=$4590.16 | daily=0.00% | pos=2 | notional=$4499.28 | kill=False
2026-03-29 09:14:32,106 [INFO] [Scan:cvd_spike] trades=0 | cache hits=4 miss=5 err=0 | positions=2
2026-03-29 09:14:37,261 [INFO] [Scan:liquidation_fade] trades=0 | cache hits=9 miss=0 err=0 | positions=2
2026-03-29 09:15:02,798 [INFO] [Scan:asymmetric_sniper] trades=0 | cache hits=5 miss=4 err=0 | positions=2
2026-03-29 09:15:19,710 [INFO] [Heartbeat] equity=$4590.16 | daily=0.00% | pos=2 | notional=$4499.28 | kill=False
2026-03-29 09:15:28,572 [INFO] [Scan:cvd_spike] trades=0 | cache hits=9 miss=0 err=0 | positions=2
2026-03-29 09:15:34,646 [INFO] [Scan:liquidation_fade] trades=0 | cache hits=0 miss=9 err=0 | positions=2
2026-03-29 09:16:00,366 [INFO] [Scan:asymmetric_sniper] trades=0 | cache hits=4 miss=5 err=0 | positions=2
2026-03-29 09:16:16,159 [INFO] [Heartbeat] equity=$4590.16 | daily=0.00% | pos=2 | notional=$4499.28 | kill=False
2026-03-29 09:16:16,223 [INFO] [CoinSelect] Volatility top 30 → 2 passed safety filter | rejected: 0
2026-03-29 09:16:16,223 [INFO]   ✓ ADA    vol%= 0.00% vol=$      0M spread= 0.0bps $0.0000
2026-03-29 09:16:16,223 [INFO]   ✓ ETH    vol%= 0.00% vol=$      0M spread= 0.0bps $0.0000
2026-03-29 09:16:16,223 [INFO] [CoinRefresh] 11 coins active (base=13 + selective=0) | +{} -{}
2026-03-29 09:16:25,449 [INFO] [Scan:cvd_spike] trades=0 | cache hits=5 miss=4 err=0 | positions=2
2026-03-29 09:16:33,870 [INFO] [Scan:liquidation_fade] trades=0 | cache hits=0 miss=9 err=0 | positions=2
2026-03-29 09:16:57,392 [INFO] [Scan:asymmetric_sniper] trades=0 | cache hits=9 miss=0 err=0 | positions=2
2026-03-29 09:17:12,677 [INFO] [Heartbeat] equity=$4590.16 | daily=0.00% | pos=2 | notional=$4499.28 | kill=False
2026-03-29 09:17:22,487 [INFO] [Scan:cvd_spike] trades=0 | cache hits=4 miss=5 err=0 | positions=2
2026-03-29 09:17:30,402 [INFO] [Scan:liquidation_fade] trades=0 | cache hits=9 miss=0 err=0 | positions=2
2026-03-29 09:17:56,058 [INFO] [Scan:asymmetric_sniper] trades=0 | cache hits=5 miss=4 err=0 | positions=2
2026-03-29 09:18:09,154 [INFO] [Heartbeat] equity=$4590.16 | daily=0.00% | pos=2 | notional=$4499.28 | kill=False
2026-03-29 09:18:19,088 [INFO] [Scan:cvd_spike] trades=0 | cache hits=9 miss=0 err=0 | positions=2
2026-03-29 09:18:27,782 [INFO] [Scan:liquidation_fade] trades=0 | cache hits=0 miss=9 err=0 | positions=2
2026-03-29 09:18:52,854 [ERROR] [DataHub] OHLCV fetch failed DOGE/1m: binanceusdm 429 Too Many Requests {"code":-1003,"msg":"Too many requests; current limit of IP(15.158.3.14) is 6000 requests per minute. Please use the websocket for live updates to avoid polling the API."}
2026-03-29 09:18:53,649 [INFO] [Scan:asymmetric_sniper] trades=0 | cache hits=3 miss=5 err=1 | positions=2
2026-03-29 09:19:07,424 [INFO] [Heartbeat] equity=$4590.16 | daily=0.00% | pos=2 | notional=$4499.28 | kill=False
2026-03-29 09:19:15,979 [INFO] [Scan:cvd_spike] trades=0 | cache hits=5 miss=4 err=0 | positions=2
2026-03-29 09:19:24,252 [INFO] [Scan:liquidation_fade] trades=0 | cache hits=9 miss=0 err=0 | positions=2
2026-03-29 09:19:50,622 [INFO] [Scan:asymmetric_sniper] trades=0 | cache hits=9 miss=0 err=0 | positions=2
2026-03-29 09:20:03,853 [INFO] [Heartbeat] equity=$4590.16 | daily=0.00% | pos=2 | notional=$4499.28 | kill=False
2026-03-29 09:20:13,147 [INFO] [Scan:cvd_spike] trades=0 | cache hits=4 miss=5 err=0 | positions=2
2026-03-29 09:20:21,651 [INFO] [Scan:liquidation_fade] trades=0 | cache hits=0 miss=9 err=0 | positions=2
2026-03-29 09:20:38,363 [INFO] [CoinSelect] Volatility top 30 → 0 passed safety filter | rejected: 0
2026-03-29 09:20:42,253 [INFO] [SignalScan] 11 coins | 11 candidates
2026-03-29 09:20:48,073 [INFO] [Scan:asymmetric_sniper] trades=0 | cache hits=5 miss=15 err=0 | positions=2
2026-03-29 09:21:00,375 [INFO] [Heartbeat] equity=$4590.16 | daily=0.00% | pos=2 | notional=$4499.28 | kill=False
2026-03-29 09:21:11,911 [INFO] [Scan:cvd_spike] trades=0 | cache hits=4 miss=5 err=0 | positions=2
2026-03-29 09:21:18,125 [INFO] [Scan:liquidation_fade] trades=0 | cache hits=9 miss=0 err=0 | positions=2
2026-03-29 09:21:45,079 [INFO] [Scan:asymmetric_sniper] trades=0 | cache hits=9 miss=0 err=0 | positions=2
2026-03-29 09:21:56,908 [INFO] [Heartbeat] equity=$4590.16 | daily=0.00% | pos=2 | notional=$4499.28 | kill=False
2026-03-29 09:22:08,924 [INFO] [Scan:cvd_spike] trades=0 | cache hits=5 miss=4 err=0 | positions=2
2026-03-29 09:22:15,575 [INFO] [Scan:liquidation_fade] trades=0 | cache hits=0 miss=9 err=0 | positions=2
2026-03-29 09:22:43,661 [INFO] [DOGE] ASYMMETRIC SNIPER -> SHORT | z=2.95 strength=-0.881
2026-03-29 09:22:44,796 [INFO] [Leverage] DOGE set to 5x (isolated)
2026-03-29 09:22:44,993 [ERROR] [Entry] DOGE SELL failed: binanceusdm {"code":-1021,"msg":"Timestamp for this request was 1000ms ahead of the server's time."}
2026-03-29 09:22:44,993 [INFO] [Scan:asymmetric_sniper] trades=0 | cache hits=4 miss=6 err=0 | positions=2
2026-03-29 09:22:53,381 [INFO] [Heartbeat] equity=$4590.16 | daily=0.00% | pos=2 | notional=$4499.28 | kill=False
2026-03-29 09:23:05,518 [INFO] [Scan:cvd_spike] trades=0 | cache hits=9 miss=0 err=0 | positions=2
2026-03-29 09:23:14,732 [INFO] [Scan:liquidation_fade] trades=0 | cache hits=0 miss=9 err=0 | positions=2
2026-03-29 09:23:42,332 [INFO] [DOGE] ASYMMETRIC SNIPER -> SHORT | z=2.95 strength=-0.881
2026-03-29 09:23:42,866 [INFO] [Leverage] DOGE set to 5x (isolated)
2026-03-29 09:23:43,057 [ERROR] [Entry] DOGE SELL failed: binanceusdm {"code":-1021,"msg":"Timestamp for this request was 1000ms ahead of the server's time."}
2026-03-29 09:23:43,057 [INFO] [Scan:asymmetric_sniper] trades=0 | cache hits=4 miss=6 err=0 | positions=2
2026-03-29 09:23:49,898 [INFO] [Heartbeat] equity=$4590.16 | daily=0.00% | pos=2 | notional=$4499.28 | kill=False
2026-03-29 09:24:02,656 [INFO] [Scan:cvd_spike] trades=0 | cache hits=5 miss=4 err=0 | positions=2
2026-03-29 09:24:11,329 [INFO] [Scan:liquidation_fade] trades=0 | cache hits=9 miss=0 err=0 | positions=2
2026-03-29 09:24:39,748 [INFO] [DOGE] ASYMMETRIC SNIPER -> SHORT | z=2.95 strength=-0.881
2026-03-29 09:24:40,266 [INFO] [Leverage] DOGE set to 5x (isolated)
2026-03-29 09:24:40,467 [ERROR] [Entry] DOGE SELL failed: binanceusdm {"code":-1021,"msg":"Timestamp for this request was 1000ms ahead of the server's time."}
2026-03-29 09:24:40,468 [INFO] [Scan:asymmetric_sniper] trades=0 | cache hits=10 miss=0 err=0 | positions=2
2026-03-29 09:24:46,390 [INFO] [Heartbeat] equity=$4590.16 | daily=0.00% | pos=2 | notional=$4499.28 | kill=False
2026-03-29 09:24:59,760 [INFO] [Scan:cvd_spike] trades=0 | cache hits=4 miss=5 err=0 | positions=2
2026-03-29 09:25:08,787 [INFO] [Scan:liquidation_fade] trades=0 | cache hits=0 miss=9 err=0 | positions=2
2026-03-29 09:25:37,943 [INFO] [Scan:asymmetric_sniper] trades=0 | cache hits=5 miss=4 err=0 | positions=2
2026-03-29 09:25:44,651 [INFO] [Heartbeat] equity=$4590.16 | daily=0.00% | pos=2 | notional=$4499.28 | kill=False
2026-03-29 09:25:56,387 [INFO] [Scan:cvd_spike] trades=0 | cache hits=9 miss=0 err=0 | positions=2
2026-03-29 09:26:05,291 [INFO] [Scan:liquidation_fade] trades=0 | cache hits=9 miss=0 err=0 | positions=2
2026-03-29 09:26:35,485 [INFO] [Scan:asymmetric_sniper] trades=0 | cache hits=4 miss=5 err=0 | positions=2
2026-03-29 09:26:41,134 [INFO] [Heartbeat] equity=$4590.16 | daily=0.00% | pos=2 | notional=$4499.28 | kill=False
2026-03-29 09:26:53,311 [INFO] [Scan:cvd_spike] trades=0 | cache hits=5 miss=4 err=0 | positions=2
2026-03-29 09:27:02,707 [INFO] [Scan:liquidation_fade] trades=0 | cache hits=0 miss=9 err=0 | positions=2
2026-03-29 09:27:32,548 [INFO] [Scan:asymmetric_sniper] trades=0 | cache hits=9 miss=0 err=0 | positions=2
2026-03-29 09:27:37,631 [INFO] [Heartbeat] equity=$4590.16 | daily=0.00% | pos=2 | notional=$4499.28 | kill=False
2026-03-29 09:27:52,572 [INFO] [Scan:cvd_spike] trades=0 | cache hits=0 miss=9 err=0 | positions=2
2026-03-29 09:27:59,223 [INFO] [Scan:liquidation_fade] trades=0 | cache hits=9 miss=0 err=0 | positions=2
2026-03-29 09:28:29,546 [INFO] [Scan:asymmetric_sniper] trades=0 | cache hits=9 miss=0 err=0 | positions=2
2026-03-29 09:28:34,129 [INFO] [Heartbeat] equity=$4590.16 | daily=0.00% | pos=2 | notional=$4499.28 | kill=False
2026-03-29 09:28:51,735 [INFO] [Scan:cvd_spike] trades=0 | cache hits=0 miss=9 err=0 | positions=2
2026-03-29 09:28:56,633 [INFO] [Scan:liquidation_fade] trades=0 | cache hits=0 miss=9 err=0 | positions=2
2026-03-29 09:29:26,574 [INFO] [Scan:asymmetric_sniper] trades=0 | cache hits=9 miss=0 err=0 | positions=2
2026-03-29 09:29:30,629 [INFO] [Heartbeat] equity=$4590.16 | daily=0.00% | pos=2 | notional=$4499.28 | kill=False
2026-03-29 09:29:48,221 [INFO] [Scan:cvd_spike] trades=0 | cache hits=9 miss=0 err=0 | positions=2
2026-03-29 09:29:55,805 [INFO] [Scan:liquidation_fade] trades=0 | cache hits=0 miss=9 err=0 | positions=2
2026-03-29 09:30:22,173 [INFO] [EVGuardian] momentum_breakout: EV=0.0000% tp_rate=0.0% n=7 ok
2026-03-29 09:30:22,174 [INFO] [EVGuardian] cvd_spike: EV=0.0000% tp_rate=0.0% n=66 ok
2026-03-29 09:30:22,174 [INFO] [EVGuardian] asymmetric_sniper: EV=0.0000% tp_rate=0.0% n=32 ok
2026-03-29 09:30:22,174 [INFO] [EVGuardian] liquidation_fade: EV=0.0000% tp_rate=0.0% n=26 ok
2026-03-29 09:30:26,255 [INFO] [Scan:asymmetric_sniper] trades=0 | cache hits=0 miss=9 err=0 | positions=2
2026-03-29 09:30:27,080 [INFO] [Heartbeat] equity=$4590.16 | daily=0.00% | pos=2 | notional=$4499.28 | kill=False
2026-03-29 09:30:27,142 [INFO] [CoinSelect] Volatility top 30 → 2 passed safety filter | rejected: 0
2026-03-29 09:30:27,142 [INFO]   ✓ ADA    vol%= 0.00% vol=$      0M spread= 0.0bps $0.0000
2026-03-29 09:30:27,142 [INFO]   ✓ ETH    vol%= 0.00% vol=$      0M spread= 0.0bps $0.0000
2026-03-29 09:30:27,143 [INFO] [CoinRefresh] 11 coins active (base=13 + selective=0) | +{} -{}
2026-03-29 09:30:44,797 [INFO] [Scan:cvd_spike] trades=0 | cache hits=9 miss=0 err=0 | positions=2
2026-03-29 09:30:54,930 [INFO] [Scan:liquidation_fade] trades=0 | cache hits=0 miss=9 err=0 | positions=2
2026-03-29 09:31:25,290 [INFO] [Heartbeat] equity=$4590.16 | daily=0.00% | pos=2 | notional=$4499.28 | kill=False
2026-03-29 09:31:25,920 [INFO] [Scan:asymmetric_sniper] trades=0 | cache hits=0 miss=9 err=0 | positions=2
2026-03-29 09:31:41,413 [INFO] [Scan:cvd_spike] trades=0 | cache hits=9 miss=0 err=0 | positions=2
2026-03-29 09:31:51,392 [INFO] [Scan:liquidation_fade] trades=0 | cache hits=9 miss=0 err=0 | positions=2
2026-03-29 09:32:21,806 [INFO] [Heartbeat] equity=$4590.16 | daily=0.00% | pos=2 | notional=$4499.28 | kill=False
2026-03-29 09:32:23,005 [INFO] [Scan:asymmetric_sniper] trades=0 | cache hits=9 miss=0 err=0 | positions=2
2026-03-29 09:32:38,896 [INFO] [Scan:cvd_spike] trades=0 | cache hits=0 miss=9 err=0 | positions=2
2026-03-29 09:32:48,858 [INFO] [Scan:liquidation_fade] trades=0 | cache hits=0 miss=9 err=0 | positions=2
2026-03-29 09:33:18,272 [INFO] [Heartbeat] equity=$4590.16 | daily=0.00% | pos=2 | notional=$4499.28 | kill=False
2026-03-29 09:33:20,031 [INFO] [Scan:asymmetric_sniper] trades=0 | cache hits=9 miss=0 err=0 | positions=2
2026-03-29 09:33:35,375 [INFO] [Scan:cvd_spike] trades=0 | cache hits=9 miss=0 err=0 | positions=2
2026-03-29 09:33:45,324 [INFO] [Scan:liquidation_fade] trades=0 | cache hits=9 miss=0 err=0 | positions=2
2026-03-29 09:34:14,737 [INFO] [Heartbeat] equity=$4590.16 | daily=0.00% | pos=2 | notional=$4499.28 | kill=False
2026-03-29 09:34:17,915 [INFO] [Scan:asymmetric_sniper] trades=0 | cache hits=0 miss=9 err=0 | positions=2
2026-03-29 09:34:31,937 [INFO] [Scan:cvd_spike] trades=0 | cache hits=9 miss=0 err=0 | positions=2
2026-03-29 09:34:42,730 [INFO] [Scan:liquidation_fade] trades=0 | cache hits=0 miss=9 err=0 | positions=2
2026-03-29 09:34:54,866 [INFO] [CoinSelect] Volatility top 30 → 0 passed safety filter | rejected: 0
2026-03-29 09:35:01,399 [INFO] [SignalScan] 11 coins | 11 candidates
2026-03-29 09:35:11,197 [INFO] [Heartbeat] equity=$4590.16 | daily=0.00% | pos=2 | notional=$4499.28 | kill=False
2026-03-29 09:35:14,893 [INFO] [Scan:asymmetric_sniper] trades=0 | cache hits=9 miss=11 err=0 | positions=2
2026-03-29 09:35:31,082 [INFO] [Scan:cvd_spike] trades=0 | cache hits=0 miss=9 err=0 | positions=2
2026-03-29 09:35:39,194 [INFO] [Scan:liquidation_fade] trades=0 | cache hits=9 miss=0 err=0 | positions=2
2026-03-29 09:36:07,674 [INFO] [Heartbeat] equity=$4590.16 | daily=0.00% | pos=2 | notional=$4499.28 | kill=False
2026-03-29 09:36:11,881 [INFO] [Scan:asymmetric_sniper] trades=0 | cache hits=9 miss=0 err=0 | positions=2
2026-03-29 09:36:27,564 [INFO] [Scan:cvd_spike] trades=0 | cache hits=9 miss=0 err=0 | positions=2
2026-03-29 09:36:36,659 [INFO] [Scan:liquidation_fade] trades=0 | cache hits=0 miss=9 err=0 | positions=2
2026-03-29 09:37:04,178 [INFO] [Heartbeat] equity=$4590.16 | daily=0.00% | pos=2 | notional=$4499.28 | kill=False
2026-03-29 09:37:09,815 [INFO] [Scan:asymmetric_sniper] trades=0 | cache hits=0 miss=9 err=0 | positions=2
2026-03-29 09:37:24,071 [INFO] [Scan:cvd_spike] trades=0 | cache hits=9 miss=0 err=0 | positions=2
2026-03-29 09:37:35,822 [INFO] [Scan:liquidation_fade] trades=0 | cache hits=0 miss=9 err=0 | positions=2
2026-03-29 09:38:02,395 [INFO] [Heartbeat] equity=$4590.16 | daily=0.00% | pos=2 | notional=$4499.28 | kill=False
2026-03-29 09:38:06,839 [INFO] [Scan:asymmetric_sniper] trades=0 | cache hits=9 miss=0 err=0 | positions=2
2026-03-29 09:38:21,641 [INFO] [Scan:cvd_spike] trades=0 | cache hits=0 miss=9 err=0 | positions=2
2026-03-29 09:38:32,297 [INFO] [Scan:liquidation_fade] trades=0 | cache hits=9 miss=0 err=0 | positions=2
2026-03-29 09:38:58,900 [INFO] [Heartbeat] equity=$4590.16 | daily=0.00% | pos=2 | notional=$4499.28 | kill=False
2026-03-29 09:39:05,535 [INFO] [OP] ASYMMETRIC SNIPER -> SHORT | z=2.75 strength=-2.015
2026-03-29 09:39:06,089 [INFO] [Leverage] OP set to 5x (isolated)
2026-03-29 09:39:06,287 [ERROR] [Entry] OP SELL failed: binanceusdm {"code":-1021,"msg":"Timestamp for this request was 1000ms ahead of the server's time."}
2026-03-29 09:39:06,287 [INFO] [Scan:asymmetric_sniper] trades=0 | cache hits=9 miss=1 err=0 | positions=2
2026-03-29 09:39:18,466 [INFO] [Scan:cvd_spike] trades=0 | cache hits=9 miss=0 err=0 | positions=2
2026-03-29 09:39:29,688 [INFO] [Scan:liquidation_fade] trades=0 | cache hits=0 miss=9 err=0 | positions=2
2026-03-29 09:39:55,410 [INFO] [Heartbeat] equity=$4590.16 | daily=0.00% | pos=2 | notional=$4499.28 | kill=False
2026-03-29 09:40:04,181 [INFO] [Scan:asymmetric_sniper] trades=0 | cache hits=0 miss=9 err=0 | positions=2
2026-03-29 09:40:15,113 [INFO] [Scan:cvd_spike] trades=0 | cache hits=9 miss=0 err=0 | positions=2
2026-03-29 09:40:26,156 [INFO] [Scan:liquidation_fade] trades=0 | cache hits=9 miss=0 err=0 | positions=2
2026-03-29 09:40:51,927 [INFO] [Heartbeat] equity=$4590.16 | daily=0.00% | pos=2 | notional=$4499.28 | kill=False
2026-03-29 09:41:01,219 [INFO] [Scan:asymmetric_sniper] trades=0 | cache hits=9 miss=0 err=0 | positions=2
2026-03-29 09:41:12,547 [INFO] [Scan:cvd_spike] trades=0 | cache hits=0 miss=9 err=0 | positions=2
2026-03-29 09:41:23,546 [INFO] [Scan:liquidation_fade] trades=0 | cache hits=0 miss=9 err=0 | positions=2
2026-03-29 09:41:48,404 [INFO] [Heartbeat] equity=$4590.16 | daily=0.00% | pos=2 | notional=$4499.28 | kill=False
2026-03-29 09:41:58,218 [INFO] [Scan:asymmetric_sniper] trades=0 | cache hits=9 miss=0 err=0 | positions=2
2026-03-29 09:42:11,748 [INFO] [Scan:cvd_spike] trades=0 | cache hits=0 miss=9 err=0 | positions=2
2026-03-29 09:42:20,042 [INFO] [Scan:liquidation_fade] trades=0 | cache hits=9 miss=0 err=0 | positions=2
2026-03-29 09:42:44,873 [INFO] [Heartbeat] equity=$4590.16 | daily=0.00% | pos=2 | notional=$4499.28 | kill=False
2026-03-29 09:42:55,335 [INFO] [Scan:asymmetric_sniper] trades=0 | cache hits=9 miss=0 err=0 | positions=2
2026-03-29 09:43:08,228 [INFO] [Scan:cvd_spike] trades=0 | cache hits=9 miss=0 err=0 | positions=2
2026-03-29 09:43:17,429 [INFO] [Scan:liquidation_fade] trades=0 | cache hits=0 miss=9 err=0 | positions=2
2026-03-29 09:43:43,117 [INFO] [Heartbeat] equity=$4590.16 | daily=0.00% | pos=2 | notional=$4499.28 | kill=False
2026-03-29 09:43:53,316 [INFO] [Scan:asymmetric_sniper] trades=0 | cache hits=0 miss=9 err=0 | positions=2
2026-03-29 09:44:04,689 [INFO] [Scan:cvd_spike] trades=0 | cache hits=9 miss=0 err=0 | positions=2
2026-03-29 09:44:16,541 [INFO] [Scan:liquidation_fade] trades=0 | cache hits=0 miss=9 err=0 | positions=2
2026-03-29 09:44:39,530 [INFO] [CoinSelect] Volatility top 30 → 2 passed safety filter | rejected: 0
2026-03-29 09:44:39,530 [INFO]   ✓ ADA    vol%= 0.00% vol=$      0M spread= 0.0bps $0.0000
2026-03-29 09:44:39,530 [INFO]   ✓ ETH    vol%= 0.00% vol=$      0M spread= 0.0bps $0.0000
2026-03-29 09:44:39,531 [INFO] [CoinRefresh] 11 coins active (base=13 + selective=0) | +{} -{}
2026-03-29 09:44:39,531 [INFO] [Heartbeat] equity=$4590.16 | daily=0.00% | pos=2 | notional=$4499.28 | kill=False
2026-03-29 09:44:52,338 [INFO] [Scan:asymmetric_sniper] trades=0 | cache hits=9 miss=0 err=0 | positions=2
2026-03-29 09:45:02,055 [INFO] [Scan:cvd_spike] trades=0 | cache hits=0 miss=9 err=0 | positions=2
2026-03-29 09:45:15,700 [INFO] [Scan:liquidation_fade] trades=0 | cache hits=0 miss=9 err=0 | positions=2
2026-03-29 09:45:36,029 [INFO] [Heartbeat] equity=$4590.16 | daily=0.00% | pos=2 | notional=$4499.28 | kill=False
2026-03-29 09:45:49,429 [INFO] [Scan:asymmetric_sniper] trades=0 | cache hits=9 miss=0 err=0 | positions=2
2026-03-29 09:45:58,601 [INFO] [Scan:cvd_spike] trades=0 | cache hits=9 miss=0 err=0 | positions=2
2026-03-29 09:46:12,186 [INFO] [Scan:liquidation_fade] trades=0 | cache hits=9 miss=0 err=0 | positions=2
2026-03-29 09:46:32,489 [INFO] [Heartbeat] equity=$4590.16 | daily=0.00% | pos=2 | notional=$4499.28 | kill=False
2026-03-29 09:46:49,179 [INFO] [Scan:asymmetric_sniper] trades=0 | cache hits=0 miss=9 err=0 | positions=2
2026-03-29 09:46:55,048 [INFO] [Scan:cvd_spike] trades=0 | cache hits=9 miss=0 err=0 | positions=2
2026-03-29 09:47:09,580 [INFO] [Scan:liquidation_fade] trades=0 | cache hits=0 miss=9 err=0 | positions=2
2026-03-29 09:47:28,955 [INFO] [Heartbeat] equity=$4590.16 | daily=0.00% | pos=2 | notional=$4499.28 | kill=False
2026-03-29 09:47:46,197 [INFO] [Scan:asymmetric_sniper] trades=0 | cache hits=9 miss=0 err=0 | positions=2
2026-03-29 09:47:51,637 [ERROR] [DataHub] OHLCV fetch failed XRP/1m: binanceusdm 429 Too Many Requests {"code":-1003,"msg":"Too many requests; current limit of IP(15.158.3.46) is 6000 requests per minute. Please use the websocket for live updates to avoid polling the API."}
2026-03-29 09:47:52,419 [INFO] [Scan:cvd_spike] trades=0 | cache hits=0 miss=8 err=1 | positions=2
2026-03-29 09:48:06,062 [INFO] [Scan:liquidation_fade] trades=0 | cache hits=9 miss=0 err=0 | positions=2
2026-03-29 09:48:25,418 [INFO] [Heartbeat] equity=$4590.16 | daily=0.00% | pos=2 | notional=$4499.28 | kill=False
2026-03-29 09:48:43,320 [INFO] [Scan:asymmetric_sniper] trades=0 | cache hits=8 miss=1 err=0 | positions=2
2026-03-29 09:48:51,525 [ERROR] [DataHub] OHLCV fetch failed SUI/1m: binanceusdm 429 Too Many Requests {"code":-1003,"msg":"Too many requests; current limit of IP(15.158.3.46) is 6000 requests per minute. Please use the websocket for live updates to avoid polling the API."}
2026-03-29 09:48:51,527 [INFO] [Scan:cvd_spike] trades=0 | cache hits=1 miss=7 err=1 | positions=2
2026-03-29 09:49:03,431 [INFO] [Scan:liquidation_fade] trades=0 | cache hits=0 miss=9 err=0 | positions=2
2026-03-29 09:49:12,044 [INFO] [CoinSelect] Volatility top 30 → 0 passed safety filter | rejected: 0
2026-03-29 09:49:17,724 [INFO] [SignalScan] 11 coins | 11 candidates
2026-03-29 09:49:23,648 [INFO] [Heartbeat] equity=$4590.16 | daily=0.00% | pos=2 | notional=$4499.28 | kill=False
2026-03-29 09:49:40,137 [INFO] [Scan:asymmetric_sniper] trades=0 | cache hits=8 miss=12 err=0 | positions=2
2026-03-29 09:49:47,866 [INFO] [Scan:cvd_spike] trades=0 | cache hits=8 miss=1 err=0 | positions=2
2026-03-29 09:49:59,846 [INFO] [Scan:liquidation_fade] trades=0 | cache hits=9 miss=0 err=0 | positions=2
2026-03-29 09:50:20,097 [INFO] [Heartbeat] equity=$4590.16 | daily=0.00% | pos=2 | notional=$4499.28 | kill=False
2026-03-29 09:50:37,173 [ERROR] [DataHub] OHLCV fetch failed BNB/1m: binanceusdm 429 Too Many Requests {"code":-1003,"msg":"Too many requests; current limit of IP(15.158.3.46) is 6000 requests per minute. Please use the websocket for live updates to avoid polling the API."}
2026-03-29 09:50:38,046 [INFO] [Scan:asymmetric_sniper] trades=0 | cache hits=2 miss=6 err=1 | positions=2
2026-03-29 09:50:44,905 [INFO] [Scan:cvd_spike] trades=0 | cache hits=7 miss=2 err=0 | positions=2
2026-03-29 09:50:56,429 [ERROR] [DataHub] OHLCV fetch failed SOL/5m: binanceusdm 429 Too Many Requests {"code":-1003,"msg":"Too many requests; current limit of IP(15.158.3.46) is 6000 requests per minute. Please use the websocket for live updates to avoid polling the API."}
2026-03-29 09:50:56,545 [ERROR] [DataHub] OHLCV fetch failed DOGE/5m: binanceusdm 429 Too Many Requests {"code":-1003,"msg":"Too many requests; current limit of IP(15.158.3.46) is 6000 requests per minute. Please use the websocket for live updates to avoid polling the API."}
2026-03-29 09:50:57,140 [INFO] [Scan:liquidation_fade] trades=0 | cache hits=0 miss=7 err=2 | positions=2
2026-03-29 09:51:16,520 [INFO] [Heartbeat] equity=$4590.16 | daily=0.00% | pos=2 | notional=$4499.28 | kill=False
2026-03-29 09:51:35,155 [INFO] [Scan:asymmetric_sniper] trades=0 | cache hits=8 miss=1 err=0 | positions=2
2026-03-29 09:51:42,152 [INFO] [Scan:cvd_spike] trades=0 | cache hits=3 miss=6 err=0 | positions=2
2026-03-29 09:51:56,298 [INFO] [Scan:liquidation_fade] trades=0 | cache hits=0 miss=9 err=0 | positions=2
2026-03-29 09:52:13,001 [INFO] [Heartbeat] equity=$4590.16 | daily=0.00% | pos=2 | notional=$4499.28 | kill=False
2026-03-29 09:52:32,353 [INFO] [Scan:asymmetric_sniper] trades=0 | cache hits=7 miss=2 err=0 | positions=2
2026-03-29 09:52:38,918 [INFO] [Scan:cvd_spike] trades=0 | cache hits=8 miss=1 err=0 | positions=2
2026-03-29 09:52:52,761 [INFO] [Scan:liquidation_fade] trades=0 | cache hits=9 miss=0 err=0 | positions=2
2026-03-29 09:53:09,462 [INFO] [Heartbeat] equity=$4590.16 | daily=0.00% | pos=2 | notional=$4499.28 | kill=False
2026-03-29 09:53:29,729 [INFO] [DOGE] ASYMMETRIC SNIPER -> SHORT | z=2.17 strength=-0.457
2026-03-29 09:53:30,373 [INFO] [Leverage] DOGE set to 5x (isolated)
2026-03-29 09:53:30,566 [ERROR] [Entry] DOGE SELL failed: binanceusdm {"code":-2019,"msg":"Margin is insufficient."}
2026-03-29 09:53:30,566 [INFO] [Scan:asymmetric_sniper] trades=0 | cache hits=3 miss=7 err=0 | positions=2
2026-03-29 09:53:35,622 [INFO] [Scan:cvd_spike] trades=0 | cache hits=7 miss=2 err=0 | positions=2
2026-03-29 09:53:50,219 [INFO] [Scan:liquidation_fade] trades=0 | cache hits=0 miss=9 err=0 | positions=2
2026-03-29 09:54:05,932 [INFO] [Heartbeat] equity=$4590.16 | daily=0.00% | pos=2 | notional=$4499.28 | kill=False
2026-03-29 09:54:30,044 [INFO] [Scan:asymmetric_sniper] trades=0 | cache hits=2 miss=7 err=0 | positions=2
2026-03-29 09:54:32,151 [INFO] [Scan:cvd_spike] trades=0 | cache hits=9 miss=0 err=0 | positions=2
2026-03-29 09:54:46,691 [INFO] [Scan:liquidation_fade] trades=0 | cache hits=9 miss=0 err=0 | positions=2
2026-03-29 09:55:02,382 [INFO] [Heartbeat] equity=$4590.16 | daily=0.00% | pos=2 | notional=$4499.28 | kill=False
2026-03-29 09:55:27,244 [INFO] [Scan:asymmetric_sniper] trades=0 | cache hits=7 miss=2 err=0 | positions=2
2026-03-29 09:55:31,188 [INFO] [Scan:cvd_spike] trades=0 | cache hits=2 miss=7 err=0 | positions=2
2026-03-29 09:55:44,048 [INFO] [Scan:liquidation_fade] trades=0 | cache hits=0 miss=9 err=0 | positions=2
2026-03-29 09:56:00,597 [INFO] [Heartbeat] equity=$4590.16 | daily=0.00% | pos=2 | notional=$4499.28 | kill=False
2026-03-29 09:56:24,233 [INFO] [Scan:asymmetric_sniper] trades=0 | cache hits=9 miss=0 err=0 | positions=2
2026-03-29 09:56:28,057 [INFO] [Scan:cvd_spike] trades=0 | cache hits=7 miss=2 err=0 | positions=2
2026-03-29 09:56:40,489 [INFO] [Scan:liquidation_fade] trades=0 | cache hits=9 miss=0 err=0 | positions=2
2026-03-29 09:56:57,057 [INFO] [Heartbeat] equity=$4590.16 | daily=0.00% | pos=2 | notional=$4499.28 | kill=False
2026-03-29 09:57:21,906 [INFO] [Scan:asymmetric_sniper] trades=0 | cache hits=2 miss=7 err=0 | positions=2
2026-03-29 09:57:24,602 [INFO] [Scan:cvd_spike] trades=0 | cache hits=9 miss=0 err=0 | positions=2
2026-03-29 09:57:37,830 [INFO] [Scan:liquidation_fade] trades=0 | cache hits=0 miss=9 err=0 | positions=2
2026-03-29 09:57:53,485 [INFO] [Heartbeat] equity=$4590.16 | daily=0.00% | pos=2 | notional=$4499.28 | kill=False
2026-03-29 09:58:19,083 [INFO] [Scan:asymmetric_sniper] trades=0 | cache hits=7 miss=2 err=0 | positions=2
2026-03-29 09:58:21,757 [INFO] [Scan:cvd_spike] trades=0 | cache hits=2 miss=7 err=0 | positions=2
2026-03-29 09:58:36,958 [INFO] [Scan:liquidation_fade] trades=0 | cache hits=0 miss=9 err=0 | positions=2
2026-03-29 09:58:49,826 [INFO] [CoinSelect] Volatility top 30 → 2 passed safety filter | rejected: 0
2026-03-29 09:58:49,826 [INFO]   ✓ ADA    vol%= 0.00% vol=$      0M spread= 0.0bps $0.0000
2026-03-29 09:58:49,826 [INFO]   ✓ ETH    vol%= 0.00% vol=$      0M spread= 0.0bps $0.0000
2026-03-29 09:58:49,826 [INFO] [CoinRefresh] 11 coins active (base=13 + selective=0) | +{} -{}
2026-03-29 09:58:49,912 [INFO] [Heartbeat] equity=$4590.16 | daily=0.00% | pos=2 | notional=$4499.28 | kill=False
2026-03-29 09:59:16,049 [INFO] [Scan:asymmetric_sniper] trades=0 | cache hits=9 miss=0 err=0 | positions=2
2026-03-29 09:59:18,418 [INFO] [Scan:cvd_spike] trades=0 | cache hits=7 miss=2 err=0 | positions=2
2026-03-29 09:59:36,103 [INFO] [Scan:liquidation_fade] trades=0 | cache hits=0 miss=9 err=0 | positions=2
2026-03-29 09:59:46,359 [INFO] [Heartbeat] equity=$4590.16 | daily=0.00% | pos=2 | notional=$4499.28 | kill=False
2026-03-29 10:00:13,732 [INFO] [Scan:asymmetric_sniper] trades=0 | cache hits=2 miss=7 err=0 | positions=2
2026-03-29 10:00:14,855 [INFO] [Scan:cvd_spike] trades=0 | cache hits=9 miss=0 err=0 | positions=2
2026-03-29 10:00:32,519 [INFO] [Scan:liquidation_fade] trades=0 | cache hits=9 miss=0 err=0 | positions=2
2026-03-29 10:00:42,802 [INFO] [Heartbeat] equity=$4590.16 | daily=0.00% | pos=2 | notional=$4499.28 | kill=False
2026-03-29 10:01:10,955 [INFO] [Scan:asymmetric_sniper] trades=0 | cache hits=7 miss=2 err=0 | positions=2
2026-03-29 10:01:12,034 [INFO] [Scan:cvd_spike] trades=0 | cache hits=2 miss=7 err=0 | positions=2
2026-03-29 10:01:29,890 [INFO] [Scan:liquidation_fade] trades=0 | cache hits=0 miss=9 err=0 | positions=2
2026-03-29 10:01:39,278 [INFO] [Heartbeat] equity=$4590.16 | daily=0.00% | pos=2 | notional=$4499.28 | kill=False
2026-03-29 10:02:09,944 [INFO] [SUI] ASYMMETRIC SNIPER -> SHORT | z=4.61 strength=-149.707
2026-03-29 10:02:10,362 [INFO] [Leverage] SUI set to 5x (isolated)
2026-03-29 10:02:10,895 [ERROR] [Entry] SUI SELL failed: binanceusdm {"code":-1021,"msg":"Timestamp for this request was 1000ms ahead of the server's time."}
2026-03-29 10:02:10,897 [INFO] [Scan:asymmetric_sniper] trades=0 | cache hits=9 miss=8 err=0 | positions=2
2026-03-29 10:02:11,383 [INFO] [Scan:cvd_spike] trades=0 | cache hits=0 miss=2 err=0 | positions=2
2026-03-29 10:02:26,334 [INFO] [Scan:liquidation_fade] trades=0 | cache hits=9 miss=0 err=0 | positions=2
2026-03-29 10:02:37,555 [INFO] [Heartbeat] equity=$4590.16 | daily=0.00% | pos=2 | notional=$4499.28 | kill=False
2026-03-29 10:03:07,887 [INFO] [SUI] ASYMMETRIC SNIPER -> SHORT | z=4.61 strength=-149.707
2026-03-29 10:03:08,084 [INFO] [Leverage] SUI set to 5x (isolated)
2026-03-29 10:03:08,283 [ERROR] [Entry] SUI SELL failed: binanceusdm {"code":-1021,"msg":"Timestamp for this request was 1000ms ahead of the server's time."}
2026-03-29 10:03:08,283 [INFO] [Scan:asymmetric_sniper] trades=0 | cache hits=10 miss=0 err=0 | positions=2
2026-03-29 10:03:10,861 [INFO] [Scan:cvd_spike] trades=0 | cache hits=0 miss=9 err=0 | positions=2
2026-03-29 10:03:23,839 [INFO] [SUI] LIQ CASCADE → SHORT | OI_drop=2.21σ taker=3.4x move=0.654%
2026-03-29 10:03:24,297 [INFO] [Leverage] SUI set to 5x (isolated)
2026-03-29 10:03:24,501 [WARNING] [Entry] SUI Post-Only FAILED, fallback to limit: binanceusdm {"code":-5022,"msg":"Due to the order could not be executed as maker, the Post Only order will be rejected. The order will not be recorded in the order history"}
2026-03-29 10:03:27,556 [INFO] [MultiPos] Added liquidation_fade:SUI: SELL SUI @ 0.8618
2026-03-29 10:03:28,006 [INFO] [CoinSelect] Volatility top 30 → 0 passed safety filter | rejected: 0
2026-03-29 10:03:30,384 [ERROR] [SL] SUI BUY @ 0.8688 failed: binanceusdm {"code":-4509,"msg":"Time in Force (TIF) GTE can only be used with open positions. Please ensure that positions are available."}
2026-03-29 10:03:31,268 [ERROR] [SL] SUI BUY @ 0.8688 failed: binanceusdm {"code":-4509,"msg":"Time in Force (TIF) GTE can only be used with open positions. Please ensure that positions are available."}
2026-03-29 10:03:31,268 [WARNING] [MonitorV2] SUI no exchange position (-4509) — closing ghost position from tracker
2026-03-29 10:03:31,269 [INFO] [MultiPos] Removed liquidation_fade:SUI
2026-03-29 10:03:31,269 [INFO] [Close] 👻 liquidation_fade:SUI GHOST_CLEANUP — removed stale tracker entry (was never on exchange)
2026-03-29 10:03:31,940 [ERROR] [SL] SUI BUY @ 0.8688 failed: binanceusdm {"code":-4509,"msg":"Time in Force (TIF) GTE can only be used with open positions. Please ensure that positions are available."}
2026-03-29 10:03:33,485 [ERROR] [SL] SUI BUY @ 0.8688 failed: binanceusdm {"code":-4509,"msg":"Time in Force (TIF) GTE can only be used with open positions. Please ensure that positions are available."}
2026-03-29 10:03:33,625 [INFO] [SignalScan] 11 coins | 11 candidates
2026-03-29 10:03:33,957 [INFO] [Heartbeat] equity=$4590.16 | daily=0.00% | pos=2 | notional=$4499.28 | kill=False
2026-03-29 10:03:34,608 [ERROR] [SL] SUI BUY @ 0.8688 failed: binanceusdm {"code":-1021,"msg":"Timestamp for this request was 1000ms ahead of the server's time."}
2026-03-29 10:03:35,757 [ERROR] [SL] SUI BUY @ 0.8688 failed: binanceusdm {"code":-1021,"msg":"Timestamp for this request was 1000ms ahead of the server's time."}
2026-03-29 10:03:35,757 [ERROR] [SL_FAIL_CRITICAL] ⚠️ SUI SL 5회 실패 → 포지션 강제 청산 (err: binanceusdm {"code":-1021,"msg":"Timestamp for this request was 1000ms ahead of the server's time."})
2026-03-29 10:03:35,865 [ERROR] [MKT_CLOSE] SUI BUY failed: binanceusdm {"code":-1021,"msg":"Timestamp for this request was 1000ms ahead of the server's time."}
2026-03-29 10:03:35,866 [INFO] [Scan:liquidation_fade] trades=0 | cache hits=0 miss=22 err=0 | positions=2
2026-03-29 10:04:05,265 [INFO] [Scan:asymmetric_sniper] trades=0 | cache hits=9 miss=0 err=0 | positions=2
2026-03-29 10:04:07,497 [INFO] [Scan:cvd_spike] trades=0 | cache hits=9 miss=0 err=0 | positions=2
2026-03-29 10:04:30,405 [INFO] [Heartbeat] equity=$4590.16 | daily=0.00% | pos=2 | notional=$4499.28 | kill=False
2026-03-29 10:04:33,404 [INFO] [SUI] LIQ CASCADE → SHORT | OI_drop=3.61σ taker=5.7x move=0.630%
2026-03-29 10:04:33,869 [INFO] [Leverage] SUI set to 5x (isolated)
2026-03-29 10:04:34,070 [ERROR] [Entry] SUI SELL failed: binanceusdm {"code":-2019,"msg":"Margin is insufficient."}
2026-03-29 10:04:34,071 [INFO] [Scan:liquidation_fade] trades=0 | cache hits=0 miss=11 err=0 | positions=2
2026-03-29 10:05:02,708 [INFO] [XRP] ASYMMETRIC SNIPER -> SHORT | z=2.42 strength=-0.753
2026-03-29 10:05:03,676 [ERROR] [Entry] XRP SELL failed: binanceusdm {"code":-2019,"msg":"Margin is insufficient."}
2026-03-29 10:05:03,676 [INFO] [Scan:asymmetric_sniper] trades=0 | cache hits=0 miss=10 err=0 | positions=2
2026-03-29 10:05:04,307 [INFO] [Scan:cvd_spike] trades=0 | cache hits=9 miss=0 err=0 | positions=2
2026-03-29 10:05:26,811 [INFO] [Heartbeat] equity=$4590.16 | daily=0.00% | pos=2 | notional=$4499.28 | kill=False
2026-03-29 10:05:30,490 [INFO] [SUI] LIQ CASCADE → SHORT | OI_drop=3.61σ taker=5.7x move=0.630%
2026-03-29 10:05:30,951 [INFO] [Leverage] SUI set to 5x (isolated)
2026-03-29 10:05:31,157 [ERROR] [Entry] SUI SELL failed: binanceusdm {"code":-2019,"msg":"Margin is insufficient."}
2026-03-29 10:05:31,158 [INFO] [Scan:liquidation_fade] trades=0 | cache hits=10 miss=1 err=0 | positions=2
2026-03-29 10:06:00,815 [INFO] [XRP] ASYMMETRIC SNIPER -> SHORT | z=2.42 strength=-0.753
2026-03-29 10:06:01,705 [ERROR] [Entry] XRP SELL failed: binanceusdm {"code":-2019,"msg":"Margin is insufficient."}
2026-03-29 10:06:01,705 [INFO] [Scan:asymmetric_sniper] trades=0 | cache hits=10 miss=8 err=0 | positions=2
2026-03-29 10:06:02,053 [INFO] [Scan:cvd_spike] trades=0 | cache hits=0 miss=1 err=0 | positions=2
2026-03-29 10:06:23,247 [INFO] [Heartbeat] equity=$4590.16 | daily=0.00% | pos=2 | notional=$4499.28 | kill=False
2026-03-29 10:06:28,357 [INFO] [Scan:liquidation_fade] trades=0 | cache hits=1 miss=8 err=0 | positions=2
2026-03-29 10:06:58,207 [INFO] [XRP] ASYMMETRIC SNIPER -> SHORT | z=2.42 strength=-0.753
2026-03-29 10:06:59,310 [INFO] [Scan:cvd_spike] trades=0 | cache hits=15 miss=4 err=0 | positions=2
2026-03-29 10:06:59,570 [ERROR] [Entry] XRP SELL failed: binanceusdm {"code":-2019,"msg":"Margin is insufficient."}
2026-03-29 10:06:59,570 [INFO] [Scan:asymmetric_sniper] trades=0 | cache hits=0 miss=0 err=0 | positions=2
2026-03-29 10:07:19,745 [INFO] [Heartbeat] equity=$4590.16 | daily=0.00% | pos=2 | notional=$4499.28 | kill=False
2026-03-29 10:07:24,920 [INFO] [Scan:liquidation_fade] trades=0 | cache hits=8 miss=1 err=0 | positions=2
2026-03-29 10:07:56,929 [INFO] [Scan:cvd_spike] trades=0 | cache hits=12 miss=6 err=0 | positions=2
2026-03-29 10:07:57,039 [INFO] [Scan:asymmetric_sniper] trades=0 | cache hits=0 miss=0 err=0 | positions=2
2026-03-29 10:08:17,939 [INFO] [Heartbeat] equity=$4590.16 | daily=0.00% | pos=2 | notional=$4499.28 | kill=False
2026-03-29 10:08:22,210 [INFO] [Scan:liquidation_fade] trades=0 | cache hits=1 miss=8 err=0 | positions=2
2026-03-29 10:08:54,235 [INFO] [Scan:cvd_spike] trades=0 | cache hits=15 miss=3 err=0 | positions=2
2026-03-29 10:08:54,338 [INFO] [Scan:asymmetric_sniper] trades=0 | cache hits=0 miss=0 err=0 | positions=2
2026-03-29 10:09:14,465 [INFO] [Heartbeat] equity=$4590.16 | daily=0.00% | pos=2 | notional=$4499.28 | kill=False
2026-03-29 10:09:18,323 [INFO] [MonitorV2] ETH TTL: 120/120
2026-03-29 10:09:18,628 [ERROR] [Cancel] ETH algo cancel failed: binanceusdm {"code":-1021,"msg":"Timestamp for this request was 1000ms ahead of the server's time."}
2026-03-29 10:09:18,628 [INFO] [MonitorV2] ETH exchange SL order cancelled
2026-03-29 10:09:18,936 [ERROR] [Cancel] ETH algo cancel failed: binanceusdm {"code":-1021,"msg":"Timestamp for this request was 1000ms ahead of the server's time."}
2026-03-29 10:09:18,936 [INFO] [MonitorV2] ETH exchange TP order cancelled
2026-03-29 10:09:19,038 [ERROR] [MKT_CLOSE] ETH SELL failed: binanceusdm {"code":-1021,"msg":"Timestamp for this request was 1000ms ahead of the server's time."}
2026-03-29 10:09:19,039 [INFO] [PortRisk] liquidation_fade PnL: +6.5897 | equity: 4596.75 | daily: 0.00%
2026-03-29 10:09:20,314 [INFO] [TradeLog] liquidation_fade_ETH_0328_231543_0010 closed: pnl=+0.47% net=+0.2929% fee=4.0586$ drag=0.180% reason=TIME_STOP bars=120 mfe=0.52% mae=-0.16% mfe/trail=0.00 btc=BEAR vs_btc=COUNTER
2026-03-29 10:09:20,315 [INFO] [MultiPos] Removed liquidation_fade:ETH
2026-03-29 10:09:20,315 [INFO] [Close] ✅ liquidation_fade:ETH TIME_STOP | PnL=+10.6483 net=+6.5897 fee=4.0586 | entry=1994.2100 exit=2003.6500 | bars=120 | mfe=0.52% mae=-0.16%
2026-03-29 10:09:21,470 [INFO] [Scan:liquidation_fade] trades=0 | cache hits=0 miss=10 err=0 | positions=1
2026-03-29 10:09:51,319 [INFO] [Scan:cvd_spike] trades=0 | cache hits=12 miss=6 err=0 | positions=1
2026-03-29 10:09:51,817 [INFO] [Scan:asymmetric_sniper] trades=0 | cache hits=0 miss=0 err=0 | positions=1
2026-03-29 10:10:10,885 [INFO] [Heartbeat] equity=$4596.75 | daily=0.00% | pos=1 | notional=$2249.81 | kill=False
2026-03-29 10:10:20,729 [INFO] [OP] LIQ CASCADE → SHORT | OI_drop=1.70σ taker=2.2x move=0.784%
2026-03-29 10:10:20,786 [INFO] [SUI] LIQ CASCADE → SHORT | OI_drop=1.86σ taker=2.0x move=0.935%
2026-03-29 10:10:21,261 [INFO] [Leverage] OP set to 5x (isolated)
2026-03-29 10:10:21,461 [ERROR] [Entry] OP SELL failed: binanceusdm {"code":-1021,"msg":"Timestamp for this request was 1000ms ahead of the server's time."}
2026-03-29 10:10:21,880 [INFO] [SUI] Filter rejected: atr_low: 0.000886 < P10=0.001429
2026-03-29 10:10:21,880 [ERROR] [liquidation_fade] tick error: 'Signal' object has no attribute 'strength'
Traceback (most recent call last):
  File "/home/wlsry/ru_trading_newest/src/strategies/base.py", line 160, in tick
    result = await self._try_execute(sig)
             ^^^^^^^^^^^^^^^^^^^^^^^^^^^^
  File "/home/wlsry/ru_trading_newest/src/strategies/base.py", line 200, in _try_execute
    signal_strength=signal.strength, signal_confidence=signal.confidence,
                    ^^^^^^^^^^^^^^^
AttributeError: 'Signal' object has no attribute 'strength'
2026-03-29 10:10:21,886 [INFO] [Scan:liquidation_fade] trades=0 | cache hits=0 miss=13 err=0 | positions=1
2026-03-29 10:10:51,037 [INFO] [Scan:cvd_spike] trades=0 | cache hits=9 miss=9 err=0 | positions=1
2026-03-29 10:10:51,103 [INFO] [Scan:asymmetric_sniper] trades=0 | cache hits=0 miss=0 err=0 | positions=1
2026-03-29 10:11:07,358 [INFO] [Heartbeat] equity=$4596.75 | daily=0.00% | pos=1 | notional=$2249.81 | kill=False
2026-03-29 10:11:18,350 [INFO] [OP] LIQ CASCADE → SHORT | OI_drop=1.70σ taker=2.2x move=0.784%
2026-03-29 10:11:18,350 [INFO] [SUI] LIQ CASCADE → SHORT | OI_drop=1.86σ taker=2.0x move=0.935%
2026-03-29 10:11:19,484 [INFO] [Leverage] OP set to 5x (isolated)
2026-03-29 10:11:19,698 [ERROR] [Entry] OP SELL failed: binanceusdm {"code":-1021,"msg":"Timestamp for this request was 1000ms ahead of the server's time."}
2026-03-29 10:11:20,077 [INFO] [SUI] Filter rejected: atr_low: 0.000743 < P10=0.001429
2026-03-29 10:11:20,077 [ERROR] [liquidation_fade] tick error: 'Signal' object has no attribute 'strength'
Traceback (most recent call last):
  File "/home/wlsry/ru_trading_newest/src/strategies/base.py", line 160, in tick
    result = await self._try_execute(sig)
             ^^^^^^^^^^^^^^^^^^^^^^^^^^^^
  File "/home/wlsry/ru_trading_newest/src/strategies/base.py", line 200, in _try_execute
    signal_strength=signal.strength, signal_confidence=signal.confidence,
                    ^^^^^^^^^^^^^^^
AttributeError: 'Signal' object has no attribute 'strength'
2026-03-29 10:11:20,078 [INFO] [Scan:liquidation_fade] trades=0 | cache hits=5 miss=8 err=0 | positions=1
2026-03-29 10:11:47,735 [INFO] [Scan:cvd_spike] trades=0 | cache hits=18 miss=0 err=0 | positions=1
2026-03-29 10:11:48,242 [INFO] [Scan:asymmetric_sniper] trades=0 | cache hits=0 miss=0 err=0 | positions=1
2026-03-29 10:12:03,805 [INFO] [Heartbeat] equity=$4596.75 | daily=0.00% | pos=1 | notional=$2249.81 | kill=False
2026-03-29 10:12:11,829 [INFO] [MonitorV2] ADA TTL: 120/120
2026-03-29 10:12:12,160 [INFO] [Cancel] ADA algo order cancelled: 1000000036642452
2026-03-29 10:12:12,161 [INFO] [MonitorV2] ADA exchange SL order cancelled
2026-03-29 10:12:12,510 [INFO] [Cancel] ADA algo order cancelled: 1000000036642453
2026-03-29 10:12:12,510 [INFO] [MonitorV2] ADA exchange TP order cancelled
2026-03-29 10:12:12,637 [INFO] [PortRisk] liquidation_fade PnL: +2.3517 | equity: 4599.11 | daily: 0.00%
2026-03-29 10:12:12,979 [INFO] [TradeLog] liquidation_fade_ADA_0328_231913_0011 closed: pnl=+0.28% net=+0.1045% fee=4.0554$ drag=0.180% reason=TIME_STOP bars=120 mfe=0.37% mae=-0.37% mfe/trail=0.00 btc=BEAR vs_btc=COUNTER
2026-03-29 10:12:12,980 [INFO] [MultiPos] Removed liquidation_fade:ADA
2026-03-29 10:12:12,980 [INFO] [Close] ✅ liquidation_fade:ADA TIME_STOP | PnL=+6.4071 net=+2.3517 fee=4.0554 | entry=0.2458 exit=0.2465 | bars=120 | mfe=0.37% mae=-0.37%
2026-03-29 10:12:17,004 [INFO] [OP] LIQ CASCADE → SHORT | OI_drop=1.82σ taker=2.3x move=0.784%
2026-03-29 10:12:17,314 [INFO] [Leverage] OP set to 5x (isolated)
2026-03-29 10:12:17,520 [ERROR] [Entry] OP SELL failed: binanceusdm {"code":-1021,"msg":"Timestamp for this request was 1000ms ahead of the server's time."}
2026-03-29 10:12:17,520 [INFO] [Scan:liquidation_fade] trades=0 | cache hits=6 miss=6 err=0 | positions=0
2026-03-29 10:12:45,571 [INFO] [Scan:cvd_spike] trades=0 | cache hits=9 miss=9 err=0 | positions=0
2026-03-29 10:12:45,878 [INFO] [Scan:asymmetric_sniper] trades=0 | cache hits=0 miss=0 err=0 | positions=0
2026-03-29 10:12:59,855 [INFO] [CoinSelect] Volatility top 30 → 0 passed safety filter | rejected: 0
2026-03-29 10:12:59,856 [INFO] [CoinRefresh] 11 coins active (base=13 + selective=0) | +{} -{}
2026-03-29 10:13:00,261 [INFO] [Heartbeat] equity=$4599.11 | daily=0.00% | pos=0 | notional=$0.00 | kill=False
2026-03-29 10:13:13,961 [INFO] [OP] LIQ CASCADE → SHORT | OI_drop=1.82σ taker=2.3x move=0.784%
2026-03-29 10:13:16,840 [INFO] [OP] Filter rejected: atr_low: 0.000100 < P10=0.000107
2026-03-29 10:13:16,841 [ERROR] [liquidation_fade] tick error: 'Signal' object has no attribute 'strength'
Traceback (most recent call last):
  File "/home/wlsry/ru_trading_newest/src/strategies/base.py", line 160, in tick
    result = await self._try_execute(sig)
             ^^^^^^^^^^^^^^^^^^^^^^^^^^^^
  File "/home/wlsry/ru_trading_newest/src/strategies/base.py", line 200, in _try_execute
    signal_strength=signal.strength, signal_confidence=signal.confidence,
                    ^^^^^^^^^^^^^^^
AttributeError: 'Signal' object has no attribute 'strength'
2026-03-29 10:13:16,849 [INFO] [Scan:liquidation_fade] trades=0 | cache hits=5 miss=6 err=0 | positions=0
2026-03-29 10:13:42,208 [INFO] [Scan:cvd_spike] trades=0 | cache hits=9 miss=0 err=0 | positions=0
2026-03-29 10:13:42,848 [INFO] [Scan:asymmetric_sniper] trades=0 | cache hits=9 miss=0 err=0 | positions=0
2026-03-29 10:13:56,709 [INFO] [Heartbeat] equity=$4599.11 | daily=0.00% | pos=0 | notional=$0.00 | kill=False
2026-03-29 10:14:13,728 [INFO] [Scan:liquidation_fade] trades=0 | cache hits=5 miss=4 err=0 | positions=0
2026-03-29 10:14:40,153 [INFO] [Scan:cvd_spike] trades=0 | cache hits=9 miss=9 err=0 | positions=0
2026-03-29 10:14:40,251 [INFO] [Scan:asymmetric_sniper] trades=0 | cache hits=0 miss=0 err=0 | positions=0
2026-03-29 10:14:54,947 [INFO] [Heartbeat] equity=$4599.11 | daily=0.00% | pos=0 | notional=$0.00 | kill=False
2026-03-29 10:15:10,726 [INFO] [Scan:liquidation_fade] trades=0 | cache hits=4 miss=5 err=0 | positions=0
2026-03-29 10:15:36,898 [INFO] [Scan:cvd_spike] trades=0 | cache hits=18 miss=0 err=0 | positions=0
2026-03-29 10:15:37,375 [INFO] [Scan:asymmetric_sniper] trades=0 | cache hits=0 miss=0 err=0 | positions=0
2026-03-29 10:15:51,374 [INFO] [Heartbeat] equity=$4599.11 | daily=0.00% | pos=0 | notional=$0.00 | kill=False
2026-03-29 10:16:07,590 [INFO] [Scan:liquidation_fade] trades=0 | cache hits=5 miss=4 err=0 | positions=0
2026-03-29 10:16:34,741 [INFO] [Scan:cvd_spike] trades=0 | cache hits=9 miss=9 err=0 | positions=0
2026-03-29 10:16:34,846 [INFO] [Scan:asymmetric_sniper] trades=0 | cache hits=0 miss=0 err=0 | positions=0
2026-03-29 10:16:47,791 [INFO] [Heartbeat] equity=$4599.11 | daily=0.00% | pos=0 | notional=$0.00 | kill=False
2026-03-29 10:17:04,532 [INFO] [Scan:liquidation_fade] trades=0 | cache hits=4 miss=5 err=0 | positions=0
2026-03-29 10:17:31,394 [INFO] [Scan:cvd_spike] trades=0 | cache hits=18 miss=0 err=0 | positions=0
2026-03-29 10:17:31,855 [INFO] [Scan:asymmetric_sniper] trades=0 | cache hits=0 miss=0 err=0 | positions=0
2026-03-29 10:17:43,680 [INFO] [CoinSelect] Volatility top 30 → 0 passed safety filter | rejected: 0
2026-03-29 10:17:44,205 [INFO] [Heartbeat] equity=$4599.11 | daily=0.00% | pos=0 | notional=$0.00 | kill=False
2026-03-29 10:17:48,980 [INFO] [SignalScan] 11 coins | 10 candidates
2026-03-29 10:18:03,864 [INFO] [Scan:liquidation_fade] trades=0 | cache hits=0 miss=20 err=0 | positions=0
2026-03-29 10:18:30,959 [INFO] [Scan:cvd_spike] trades=0 | cache hits=9 miss=9 err=0 | positions=0
2026-03-29 10:18:31,184 [INFO] [Scan:asymmetric_sniper] trades=0 | cache hits=0 miss=0 err=0 | positions=0
2026-03-29 10:18:40,617 [INFO] [Heartbeat] equity=$4599.11 | daily=0.00% | pos=0 | notional=$0.00 | kill=False
2026-03-29 10:19:02,969 [INFO] [Scan:liquidation_fade] trades=0 | cache hits=0 miss=9 err=0 | positions=0
2026-03-29 10:19:27,737 [INFO] [Scan:cvd_spike] trades=0 | cache hits=18 miss=0 err=0 | positions=0
2026-03-29 10:19:28,224 [INFO] [Scan:asymmetric_sniper] trades=0 | cache hits=0 miss=0 err=0 | positions=0
2026-03-29 10:19:37,024 [INFO] [Heartbeat] equity=$4599.11 | daily=0.00% | pos=0 | notional=$0.00 | kill=False
2026-03-29 10:19:59,382 [INFO] [Scan:liquidation_fade] trades=0 | cache hits=9 miss=0 err=0 | positions=0
2026-03-29 10:20:25,414 [INFO] [Scan:cvd_spike] trades=0 | cache hits=9 miss=9 err=0 | positions=0
2026-03-29 10:20:25,667 [INFO] [Scan:asymmetric_sniper] trades=0 | cache hits=0 miss=0 err=0 | positions=0
2026-03-29 10:20:35,235 [INFO] [Heartbeat] equity=$4599.11 | daily=0.00% | pos=0 | notional=$0.00 | kill=False
2026-03-29 10:20:56,718 [INFO] [Scan:liquidation_fade] trades=0 | cache hits=0 miss=9 err=0 | positions=0
2026-03-29 10:21:22,062 [INFO] [Scan:cvd_spike] trades=0 | cache hits=18 miss=0 err=0 | positions=0
2026-03-29 10:21:22,600 [INFO] [Scan:asymmetric_sniper] trades=0 | cache hits=0 miss=0 err=0 | positions=0
2026-03-29 10:21:31,684 [INFO] [Heartbeat] equity=$4599.11 | daily=0.00% | pos=0 | notional=$0.00 | kill=False
2026-03-29 10:21:53,095 [INFO] [Scan:liquidation_fade] trades=0 | cache hits=9 miss=0 err=0 | positions=0
2026-03-29 10:22:20,992 [INFO] [Scan:cvd_spike] trades=0 | cache hits=9 miss=9 err=0 | positions=0
2026-03-29 10:22:21,095 [INFO] [Scan:asymmetric_sniper] trades=0 | cache hits=0 miss=0 err=0 | positions=0
2026-03-29 10:22:28,111 [INFO] [Heartbeat] equity=$4599.11 | daily=0.00% | pos=0 | notional=$0.00 | kill=False
2026-03-29 10:22:50,462 [INFO] [Scan:liquidation_fade] trades=0 | cache hits=0 miss=9 err=0 | positions=0
2026-03-29 10:23:17,702 [INFO] [Scan:cvd_spike] trades=0 | cache hits=17 miss=1 err=0 | positions=0
2026-03-29 10:23:18,156 [INFO] [Scan:asymmetric_sniper] trades=0 | cache hits=0 miss=0 err=0 | positions=0
2026-03-29 10:23:24,531 [INFO] [Heartbeat] equity=$4599.11 | daily=0.00% | pos=0 | notional=$0.00 | kill=False
2026-03-29 10:23:46,888 [INFO] [Scan:liquidation_fade] trades=0 | cache hits=9 miss=0 err=0 | positions=0
2026-03-29 10:24:14,942 [INFO] [Scan:cvd_spike] trades=0 | cache hits=10 miss=8 err=0 | positions=0
2026-03-29 10:24:15,463 [INFO] [Scan:asymmetric_sniper] trades=0 | cache hits=0 miss=0 err=0 | positions=0
2026-03-29 10:24:20,970 [INFO] [Heartbeat] equity=$4599.11 | daily=0.00% | pos=0 | notional=$0.00 | kill=False
2026-03-29 10:24:44,314 [INFO] [Scan:liquidation_fade] trades=0 | cache hits=0 miss=10 err=0 | positions=0
2026-03-29 10:25:11,621 [INFO] [Scan:cvd_spike] trades=0 | cache hits=8 miss=2 err=0 | positions=0
2026-03-29 10:25:12,531 [INFO] [Scan:asymmetric_sniper] trades=0 | cache hits=10 miss=0 err=0 | positions=0
2026-03-29 10:25:17,380 [INFO] [Heartbeat] equity=$4599.11 | daily=0.00% | pos=0 | notional=$0.00 | kill=False
2026-03-29 10:25:43,534 [INFO] [Scan:liquidation_fade] trades=0 | cache hits=0 miss=10 err=0 | positions=0
2026-03-29 10:26:11,475 [INFO] [Scan:cvd_spike] trades=0 | cache hits=10 miss=10 err=0 | positions=0
2026-03-29 10:26:11,529 [INFO] [Scan:asymmetric_sniper] trades=0 | cache hits=0 miss=0 err=0 | positions=0
2026-03-29 10:26:13,804 [INFO] [Heartbeat] equity=$4599.11 | daily=0.00% | pos=0 | notional=$0.00 | kill=False
2026-03-29 10:26:39,953 [INFO] [Scan:liquidation_fade] trades=0 | cache hits=10 miss=0 err=0 | positions=0
2026-03-29 10:27:04,213 [INFO] [EVGuardian] momentum_breakout: EV=0.0000% tp_rate=0.0% n=7 ok
2026-03-29 10:27:04,213 [INFO] [EVGuardian] cvd_spike: EV=0.0000% tp_rate=0.0% n=66 ok
2026-03-29 10:27:04,213 [INFO] [EVGuardian] asymmetric_sniper: EV=0.0000% tp_rate=0.0% n=32 ok
2026-03-29 10:27:04,213 [INFO] [EVGuardian] liquidation_fade: EV=0.0000% tp_rate=0.0% n=28 ok
2026-03-29 10:27:08,053 [INFO] [Scan:cvd_spike] trades=0 | cache hits=20 miss=0 err=0 | positions=0
2026-03-29 10:27:08,563 [INFO] [Scan:asymmetric_sniper] trades=0 | cache hits=0 miss=0 err=0 | positions=0
2026-03-29 10:27:11,549 [INFO] [CoinSelect] Volatility top 30 → 0 passed safety filter | rejected: 0
2026-03-29 10:27:11,550 [INFO] [CoinRefresh] 11 coins active (base=13 + selective=0) | +{} -{}
2026-03-29 10:27:12,025 [INFO] [Heartbeat] equity=$4599.11 | daily=0.00% | pos=0 | notional=$0.00 | kill=False
2026-03-29 10:27:39,422 [INFO] [Scan:liquidation_fade] trades=0 | cache hits=0 miss=11 err=0 | positions=0
2026-03-29 10:28:05,633 [INFO] [Scan:cvd_spike] trades=0 | cache hits=11 miss=11 err=0 | positions=0
2026-03-29 10:28:06,266 [INFO] [Scan:asymmetric_sniper] trades=0 | cache hits=0 miss=0 err=0 | positions=0
2026-03-29 10:28:08,435 [INFO] [Heartbeat] equity=$4599.11 | daily=0.00% | pos=0 | notional=$0.00 | kill=False
2026-03-29 10:28:35,835 [INFO] [Scan:liquidation_fade] trades=0 | cache hits=11 miss=0 err=0 | positions=0
2026-03-29 10:29:02,057 [INFO] [Scan:cvd_spike] trades=0 | cache hits=11 miss=0 err=0 | positions=0
2026-03-29 10:29:03,448 [INFO] [Scan:asymmetric_sniper] trades=0 | cache hits=10 miss=1 err=0 | positions=0
2026-03-29 10:29:04,829 [INFO] [Heartbeat] equity=$4599.11 | daily=0.00% | pos=0 | notional=$0.00 | kill=False
2026-03-29 10:29:33,344 [INFO] [Scan:liquidation_fade] trades=0 | cache hits=0 miss=11 err=0 | positions=0
2026-03-29 10:29:59,484 [ERROR] [DataHub] OHLCV fetch failed SUI/1m: binanceusdm 429 Too Many Requests {"code":-1003,"msg":"Too many requests; current limit of IP(15.158.3.51) is 6000 requests per minute. Please use the websocket for live updates to avoid polling the API."}
2026-03-29 10:29:59,486 [INFO] [Scan:cvd_spike] trades=0 | cache hits=1 miss=9 err=1 | positions=0
2026-03-29 10:30:00,748 [INFO] [Scan:asymmetric_sniper] trades=0 | cache hits=10 miss=1 err=0 | positions=0
2026-03-29 10:30:01,221 [INFO] [Heartbeat] equity=$4599.11 | daily=0.00% | pos=0 | notional=$0.00 | kill=False
2026-03-29 10:30:29,773 [INFO] [Scan:liquidation_fade] trades=0 | cache hits=11 miss=0 err=0 | positions=0
2026-03-29 10:30:56,134 [INFO] [Scan:cvd_spike] trades=0 | cache hits=10 miss=1 err=0 | positions=0
2026-03-29 10:30:57,335 [ERROR] [DataHub] OHLCV fetch failed SOL/1m: binanceusdm 429 Too Many Requests {"code":-1003,"msg":"Too many requests; current limit of IP(15.158.3.51) is 6000 requests per minute. Please use the websocket for live updates to avoid polling the API."}
2026-03-29 10:30:57,664 [INFO] [Heartbeat] equity=$4599.11 | daily=0.00% | pos=0 | notional=$0.00 | kill=False
2026-03-29 10:30:58,480 [INFO] [Scan:asymmetric_sniper] trades=0 | cache hits=5 miss=5 err=1 | positions=0
2026-03-29 10:31:27,265 [INFO] [Scan:liquidation_fade] trades=0 | cache hits=0 miss=11 err=0 | positions=0
2026-03-29 10:31:53,147 [INFO] [Scan:cvd_spike] trades=0 | cache hits=6 miss=5 err=0 | positions=0
2026-03-29 10:31:54,087 [INFO] [Heartbeat] equity=$4599.11 | daily=0.00% | pos=0 | notional=$0.00 | kill=False
2026-03-29 10:31:57,317 [INFO] [Scan:asymmetric_sniper] trades=0 | cache hits=10 miss=1 err=0 | positions=0
2026-03-29 10:31:58,849 [INFO] [CoinSelect] Volatility top 30 → 0 passed safety filter | rejected: 0
2026-03-29 10:32:04,139 [INFO] [SignalScan] 11 coins | 11 candidates
2026-03-29 10:32:23,715 [INFO] [Scan:liquidation_fade] trades=0 | cache hits=11 miss=11 err=0 | positions=0
2026-03-29 10:32:52,286 [INFO] [Heartbeat] equity=$4599.11 | daily=0.00% | pos=0 | notional=$0.00 | kill=False
2026-03-29 10:32:52,563 [ERROR] [DataHub] OHLCV fetch failed SUI/1m: binanceusdm 429 Too Many Requests {"code":-1003,"msg":"Too many requests; current limit of IP(15.158.3.51) is 6000 requests per minute. Please use the websocket for live updates to avoid polling the API."}
2026-03-29 10:32:52,662 [INFO] [Scan:cvd_spike] trades=0 | cache hits=1 miss=9 err=1 | positions=0
2026-03-29 10:32:54,546 [INFO] [Scan:asymmetric_sniper] trades=0 | cache hits=10 miss=1 err=0 | positions=0
2026-03-29 10:33:23,021 [INFO] [Scan:liquidation_fade] trades=0 | cache hits=0 miss=11 err=0 | positions=0
2026-03-29 10:33:48,724 [INFO] [Heartbeat] equity=$4599.11 | daily=0.00% | pos=0 | notional=$0.00 | kill=False
2026-03-29 10:33:49,376 [INFO] [Scan:cvd_spike] trades=0 | cache hits=10 miss=1 err=0 | positions=0
2026-03-29 10:33:54,413 [INFO] [Scan:asymmetric_sniper] trades=0 | cache hits=1 miss=10 err=0 | positions=0
2026-03-29 10:34:19,488 [INFO] [Scan:liquidation_fade] trades=0 | cache hits=11 miss=0 err=0 | positions=0
2026-03-29 10:34:45,161 [INFO] [Heartbeat] equity=$4599.11 | daily=0.00% | pos=0 | notional=$0.00 | kill=False
2026-03-29 10:34:46,099 [INFO] [Scan:cvd_spike] trades=0 | cache hits=11 miss=0 err=0 | positions=0
2026-03-29 10:34:51,614 [INFO] [Scan:asymmetric_sniper] trades=0 | cache hits=10 miss=1 err=0 | positions=0
2026-03-29 10:35:17,023 [INFO] [Scan:liquidation_fade] trades=0 | cache hits=0 miss=11 err=0 | positions=0
2026-03-29 10:35:41,597 [INFO] [Heartbeat] equity=$4599.11 | daily=0.00% | pos=0 | notional=$0.00 | kill=False
2026-03-29 10:35:43,698 [INFO] [Scan:cvd_spike] trades=0 | cache hits=1 miss=10 err=0 | positions=0
2026-03-29 10:35:48,674 [INFO] [Scan:asymmetric_sniper] trades=0 | cache hits=11 miss=0 err=0 | positions=0
2026-03-29 10:36:13,452 [INFO] [Scan:liquidation_fade] trades=0 | cache hits=11 miss=0 err=0 | positions=0
2026-03-29 10:36:38,024 [INFO] [Heartbeat] equity=$4599.11 | daily=0.00% | pos=0 | notional=$0.00 | kill=False
2026-03-29 10:36:40,358 [INFO] [Scan:cvd_spike] trades=0 | cache hits=10 miss=1 err=0 | positions=0
2026-03-29 10:36:46,726 [INFO] [Scan:asymmetric_sniper] trades=0 | cache hits=1 miss=10 err=0 | positions=0
2026-03-29 10:37:10,982 [INFO] [Scan:liquidation_fade] trades=0 | cache hits=0 miss=11 err=0 | positions=0
2026-03-29 10:37:34,423 [INFO] [Heartbeat] equity=$4599.11 | daily=0.00% | pos=0 | notional=$0.00 | kill=False
2026-03-29 10:37:36,876 [INFO] [Scan:cvd_spike] trades=0 | cache hits=11 miss=0 err=0 | positions=0
2026-03-29 10:37:43,961 [INFO] [Scan:asymmetric_sniper] trades=0 | cache hits=10 miss=1 err=0 | positions=0
2026-03-29 10:38:07,379 [INFO] [Scan:liquidation_fade] trades=0 | cache hits=11 miss=0 err=0 | positions=0
2026-03-29 10:38:30,857 [INFO] [Heartbeat] equity=$4599.11 | daily=0.00% | pos=0 | notional=$0.00 | kill=False
2026-03-29 10:38:34,326 [INFO] [Scan:cvd_spike] trades=0 | cache hits=1 miss=10 err=0 | positions=0
2026-03-29 10:38:41,070 [INFO] [Scan:asymmetric_sniper] trades=0 | cache hits=11 miss=0 err=0 | positions=0
2026-03-29 10:39:04,980 [INFO] [Scan:liquidation_fade] trades=0 | cache hits=0 miss=11 err=0 | positions=0
2026-03-29 10:39:29,067 [INFO] [Heartbeat] equity=$4599.11 | daily=0.00% | pos=0 | notional=$0.00 | kill=False
2026-03-29 10:39:33,686 [INFO] [Scan:cvd_spike] trades=0 | cache hits=0 miss=11 err=0 | positions=0
2026-03-29 10:39:38,223 [INFO] [Scan:asymmetric_sniper] trades=0 | cache hits=11 miss=0 err=0 | positions=0
2026-03-29 10:40:04,333 [INFO] [Scan:liquidation_fade] trades=0 | cache hits=0 miss=11 err=0 | positions=0
2026-03-29 10:40:25,537 [INFO] [Heartbeat] equity=$4599.11 | daily=0.00% | pos=0 | notional=$0.00 | kill=False
2026-03-29 10:40:33,194 [INFO] [Scan:cvd_spike] trades=0 | cache hits=0 miss=11 err=0 | positions=0
2026-03-29 10:40:35,295 [INFO] [Scan:asymmetric_sniper] trades=0 | cache hits=11 miss=0 err=0 | positions=0
2026-03-29 10:41:03,652 [INFO] [Scan:liquidation_fade] trades=0 | cache hits=0 miss=11 err=0 | positions=0
2026-03-29 10:41:21,446 [INFO] [CoinSelect] Volatility top 30 → 0 passed safety filter | rejected: 0
2026-03-29 10:41:21,446 [INFO] [CoinRefresh] 11 coins active (base=13 + selective=0) | +{} -{}
2026-03-29 10:41:21,975 [INFO] [Heartbeat] equity=$4599.11 | daily=0.00% | pos=0 | notional=$0.00 | kill=False
2026-03-29 10:41:31,699 [INFO] [Scan:cvd_spike] trades=0 | cache hits=11 miss=0 err=0 | positions=0
2026-03-29 10:41:35,295 [INFO] [Scan:asymmetric_sniper] trades=0 | cache hits=0 miss=11 err=0 | positions=0
2026-03-29 10:42:00,062 [INFO] [Scan:liquidation_fade] trades=0 | cache hits=11 miss=0 err=0 | positions=0
2026-03-29 10:42:18,376 [INFO] [Heartbeat] equity=$4599.11 | daily=0.00% | pos=0 | notional=$0.00 | kill=False
2026-03-29 10:42:28,292 [INFO] [Scan:cvd_spike] trades=0 | cache hits=11 miss=0 err=0 | positions=0
2026-03-29 10:42:32,465 [INFO] [Scan:asymmetric_sniper] trades=0 | cache hits=10 miss=1 err=0 | positions=0
2026-03-29 10:42:57,547 [INFO] [Scan:liquidation_fade] trades=0 | cache hits=0 miss=11 err=0 | positions=0
2026-03-29 10:43:14,796 [INFO] [Heartbeat] equity=$4599.11 | daily=0.00% | pos=0 | notional=$0.00 | kill=False
2026-03-29 10:43:25,851 [INFO] [Scan:cvd_spike] trades=0 | cache hits=1 miss=10 err=0 | positions=0
2026-03-29 10:43:29,554 [INFO] [Scan:asymmetric_sniper] trades=0 | cache hits=11 miss=0 err=0 | positions=0
2026-03-29 10:43:53,962 [INFO] [Scan:liquidation_fade] trades=0 | cache hits=11 miss=0 err=0 | positions=0
2026-03-29 10:44:11,250 [INFO] [Heartbeat] equity=$4599.11 | daily=0.00% | pos=0 | notional=$0.00 | kill=False
2026-03-29 10:44:22,473 [INFO] [Scan:cvd_spike] trades=0 | cache hits=10 miss=1 err=0 | positions=0
2026-03-29 10:44:27,385 [INFO] [ETH] ASYMMETRIC SNIPER -> SHORT | z=2.34 strength=-0.494
2026-03-29 10:44:28,134 [INFO] [Leverage] ETH set to 5x (isolated)
2026-03-29 10:44:28,333 [WARNING] [Entry] ETH Post-Only FAILED, fallback to limit: binanceusdm {"code":-5022,"msg":"Due to the order could not be executed as maker, the Post Only order will be rejected. The order will not be recorded in the order history"}
2026-03-29 10:44:29,017 [INFO] [MultiPos] Added asymmetric_sniper:ETH: SELL ETH @ 2000.62004
2026-03-29 10:44:30,394 [INFO] [ETH] Exchange SL registered @ 2013.9575
2026-03-29 10:44:30,492 [ERROR] [TP] ETH BUY @ 1957.01 failed: binanceusdm {"code":-1021,"msg":"Timestamp for this request was 1000ms ahead of the server's time."}
2026-03-29 10:44:31,641 [ERROR] [TP] ETH BUY @ 1957.01 failed: binanceusdm {"code":-1021,"msg":"Timestamp for this request was 1000ms ahead of the server's time."}
2026-03-29 10:44:32,746 [ERROR] [TP] ETH BUY @ 1957.01 failed: binanceusdm {"code":-1021,"msg":"Timestamp for this request was 1000ms ahead of the server's time."}
2026-03-29 10:44:33,850 [ERROR] [TP] ETH BUY @ 1957.01 failed: binanceusdm {"code":-1021,"msg":"Timestamp for this request was 1000ms ahead of the server's time."}
2026-03-29 10:44:34,974 [ERROR] [TP] ETH BUY @ 1957.01 failed: binanceusdm {"code":-1021,"msg":"Timestamp for this request was 1000ms ahead of the server's time."}
2026-03-29 10:44:34,975 [ERROR] [TP_FAIL_CRITICAL] ETH TP 3회 실패 → 강제청산 (err: binanceusdm {"code":-1021,"msg":"Timestamp for this request was 1000ms ahead of the server's time."})
2026-03-29 10:44:35,273 [ERROR] [Cancel] ETH algo cancel failed: binanceusdm {"code":-1021,"msg":"Timestamp for this request was 1000ms ahead of the server's time."}
2026-03-29 10:44:35,445 [ERROR] [MKT_CLOSE] ETH BUY failed: binanceusdm {"code":-1021,"msg":"Timestamp for this request was 1000ms ahead of the server's time."}
2026-03-29 10:44:35,445 [INFO] [MultiPos] Removed asymmetric_sniper:ETH
2026-03-29 10:44:35,445 [INFO] [Scan:asymmetric_sniper] trades=0 | cache hits=1 miss=11 err=0 | positions=0
2026-03-29 10:44:51,662 [INFO] [Scan:liquidation_fade] trades=0 | cache hits=0 miss=11 err=0 | positions=0
2026-03-29 10:45:09,463 [INFO] [Heartbeat] equity=$4599.11 | daily=0.00% | pos=0 | notional=$0.00 | kill=False
2026-03-29 10:45:19,093 [INFO] [Scan:cvd_spike] trades=0 | cache hits=11 miss=0 err=0 | positions=0
2026-03-29 10:45:33,585 [INFO] [Scan:asymmetric_sniper] trades=0 | cache hits=0 miss=11 err=0 | positions=0
2026-03-29 10:45:48,076 [INFO] [Scan:liquidation_fade] trades=0 | cache hits=11 miss=0 err=0 | positions=0
2026-03-29 10:46:05,870 [INFO] [Heartbeat] equity=$4599.11 | daily=0.00% | pos=0 | notional=$0.00 | kill=False
2026-03-29 10:46:14,077 [INFO] [CoinSelect] Volatility top 30 → 0 passed safety filter | rejected: 0
2026-03-29 10:46:16,468 [INFO] [Scan:cvd_spike] trades=0 | cache hits=11 miss=1 err=0 | positions=0
2026-03-29 10:46:19,359 [INFO] [SignalScan] 11 coins | 11 candidates
2026-03-29 10:46:30,970 [INFO] [Scan:asymmetric_sniper] trades=0 | cache hits=10 miss=11 err=0 | positions=0
2026-03-29 10:46:45,206 [ERROR] [DataHub] OHLCV fetch failed DOT/5m: binanceusdm 429 Too Many Requests {"code":-1003,"msg":"Too many requests; current limit of IP(15.158.3.49) is 6000 requests per minute. Please use the websocket for live updates to avoid polling the API."}
2026-03-29 10:46:45,491 [ERROR] [DataHub] OHLCV fetch failed ARB/5m: binanceusdm 429 Too Many Requests {"code":-1003,"msg":"Too many requests; current limit of IP(15.158.3.49) is 6000 requests per minute. Please use the websocket for live updates to avoid polling the API."}
2026-03-29 10:46:45,608 [INFO] [Scan:liquidation_fade] trades=0 | cache hits=0 miss=9 err=2 | positions=0
2026-03-29 10:47:02,306 [INFO] [Heartbeat] equity=$4599.11 | daily=0.00% | pos=0 | notional=$0.00 | kill=False
2026-03-29 10:47:14,079 [INFO] [Scan:cvd_spike] trades=0 | cache hits=1 miss=10 err=0 | positions=0
2026-03-29 10:47:27,915 [INFO] [OP] ASYMMETRIC SNIPER -> SHORT | z=2.18 strength=-0.753
2026-03-29 10:47:28,382 [INFO] [Leverage] OP set to 5x (isolated)
2026-03-29 10:47:28,585 [ERROR] [Entry] OP SELL failed: binanceusdm {"code":-2019,"msg":"Margin is insufficient."}
2026-03-29 10:47:28,585 [INFO] [Scan:asymmetric_sniper] trades=0 | cache hits=11 miss=1 err=0 | positions=0
2026-03-29 10:47:42,431 [INFO] [Scan:liquidation_fade] trades=0 | cache hits=9 miss=2 err=0 | positions=0
2026-03-29 10:47:58,722 [INFO] [Heartbeat] equity=$4599.11 | daily=0.00% | pos=0 | notional=$0.00 | kill=False
2026-03-29 10:48:13,576 [INFO] [Scan:cvd_spike] trades=0 | cache hits=0 miss=11 err=0 | positions=0
2026-03-29 10:48:25,521 [INFO] [OP] ASYMMETRIC SNIPER -> SHORT | z=2.18 strength=-0.753
2026-03-29 10:48:25,823 [INFO] [Leverage] OP set to 5x (isolated)
2026-03-29 10:48:26,031 [ERROR] [Entry] OP SELL failed: binanceusdm {"code":-2019,"msg":"Margin is insufficient."}
2026-03-29 10:48:26,031 [INFO] [Scan:asymmetric_sniper] trades=0 | cache hits=12 miss=0 err=0 | positions=0
2026-03-29 10:48:41,649 [ERROR] [DataHub] OHLCV fetch failed AVAX/5m: binanceusdm 429 Too Many Requests {"code":-1003,"msg":"Too many requests; current limit of IP(15.158.3.49) is 6000 requests per minute. Please use the websocket for live updates to avoid polling the API."}
2026-03-29 10:48:41,851 [ERROR] [DataHub] OHLCV fetch failed ARB/5m: binanceusdm 429 Too Many Requests {"code":-1003,"msg":"Too many requests; current limit of IP(15.158.3.49) is 6000 requests per minute. Please use the websocket for live updates to avoid polling the API."}
2026-03-29 10:48:41,953 [INFO] [Scan:liquidation_fade] trades=0 | cache hits=0 miss=9 err=2 | positions=0
2026-03-29 10:48:55,129 [INFO] [Heartbeat] equity=$4599.11 | daily=0.00% | pos=0 | notional=$0.00 | kill=False
2026-03-29 10:49:10,210 [INFO] [Scan:cvd_spike] trades=0 | cache hits=11 miss=0 err=0 | positions=0
2026-03-29 10:49:24,279 [INFO] [Scan:asymmetric_sniper] trades=0 | cache hits=0 miss=11 err=0 | positions=0
2026-03-29 10:49:38,718 [INFO] [Scan:liquidation_fade] trades=0 | cache hits=9 miss=2 err=0 | positions=0
2026-03-29 10:49:51,555 [INFO] [Heartbeat] equity=$4599.11 | daily=0.00% | pos=0 | notional=$0.00 | kill=False
2026-03-29 10:50:06,657 [INFO] [Scan:cvd_spike] trades=0 | cache hits=11 miss=0 err=0 | positions=0
2026-03-29 10:50:21,638 [INFO] [Scan:asymmetric_sniper] trades=0 | cache hits=9 miss=2 err=0 | positions=0
2026-03-29 10:50:35,208 [ERROR] [DataHub] OHLCV fetch failed XRP/5m: binanceusdm 429 Too Many Requests {"code":-1003,"msg":"Too many requests; current limit of IP(15.158.3.19) is 6000 requests per minute. Please use the websocket for live updates to avoid polling the API."}
2026-03-29 10:50:36,026 [INFO] [Scan:liquidation_fade] trades=0 | cache hits=2 miss=8 err=1 | positions=0
2026-03-29 10:50:47,971 [INFO] [Heartbeat] equity=$4599.11 | daily=0.00% | pos=0 | notional=$0.00 | kill=False
2026-03-29 10:51:04,260 [INFO] [Scan:cvd_spike] trades=0 | cache hits=2 miss=9 err=0 | positions=0
2026-03-29 10:51:18,506 [INFO] [BNB] ASYMMETRIC SNIPER -> SHORT | z=3.20 strength=-1.256
2026-03-29 10:51:19,149 [INFO] [Leverage] BNB set to 5x (isolated)
2026-03-29 10:51:19,371 [ERROR] [Entry] BNB SELL failed: binanceusdm {"code":-2019,"msg":"Margin is insufficient."}
2026-03-29 10:51:19,371 [INFO] [Scan:asymmetric_sniper] trades=0 | cache hits=11 miss=1 err=0 | positions=0
2026-03-29 10:51:32,912 [INFO] [Scan:liquidation_fade] trades=0 | cache hits=8 miss=3 err=0 | positions=0
2026-03-29 10:51:46,170 [INFO] [Heartbeat] equity=$4599.11 | daily=0.00% | pos=0 | notional=$0.00 | kill=False
2026-03-29 10:52:01,192 [INFO] [Scan:cvd_spike] trades=0 | cache hits=9 miss=2 err=0 | positions=0
2026-03-29 10:52:18,910 [INFO] [BNB] ASYMMETRIC SNIPER -> SHORT | z=3.20 strength=-1.256
2026-03-29 10:52:19,520 [INFO] [Leverage] BNB set to 5x (isolated)
2026-03-29 10:52:19,722 [ERROR] [Entry] BNB SELL failed: binanceusdm {"code":-1021,"msg":"Timestamp for this request was 1000ms ahead of the server's time."}
2026-03-29 10:52:19,723 [INFO] [Scan:asymmetric_sniper] trades=0 | cache hits=2 miss=10 err=0 | positions=0
2026-03-29 10:52:30,283 [INFO] [Scan:liquidation_fade] trades=0 | cache hits=3 miss=8 err=0 | positions=0
2026-03-29 10:52:42,632 [INFO] [Heartbeat] equity=$4599.11 | daily=0.00% | pos=0 | notional=$0.00 | kill=False
2026-03-29 10:52:57,853 [INFO] [Scan:cvd_spike] trades=0 | cache hits=11 miss=0 err=0 | positions=0
2026-03-29 10:53:16,753 [INFO] [BNB] ASYMMETRIC SNIPER -> SHORT | z=3.20 strength=-1.256
2026-03-29 10:53:17,688 [INFO] [Leverage] BNB set to 5x (isolated)
2026-03-29 10:53:17,892 [ERROR] [Entry] BNB SELL failed: binanceusdm {"code":-1021,"msg":"Timestamp for this request was 1000ms ahead of the server's time."}
2026-03-29 10:53:17,892 [INFO] [Scan:asymmetric_sniper] trades=0 | cache hits=6 miss=6 err=0 | positions=0
2026-03-29 10:53:27,133 [INFO] [Scan:liquidation_fade] trades=0 | cache hits=8 miss=3 err=0 | positions=0
2026-03-29 10:53:39,017 [INFO] [Heartbeat] equity=$4599.11 | daily=0.00% | pos=0 | notional=$0.00 | kill=False
2026-03-29 10:53:54,626 [ERROR] [DataHub] OHLCV fetch failed BNB/1m: binanceusdm 429 Too Many Requests {"code":-1003,"msg":"Too many requests; current limit of IP(15.158.3.19) is 6000 requests per minute. Please use the websocket for live updates to avoid polling the API."}
2026-03-29 10:53:55,287 [INFO] [Scan:cvd_spike] trades=0 | cache hits=5 miss=5 err=1 | positions=0
2026-03-29 10:54:15,205 [INFO] [Scan:asymmetric_sniper] trades=0 | cache hits=9 miss=2 err=0 | positions=0
2026-03-29 10:54:24,817 [INFO] [Scan:liquidation_fade] trades=0 | cache hits=3 miss=8 err=0 | positions=0
2026-03-29 10:54:35,382 [INFO] [Heartbeat] equity=$4599.11 | daily=0.00% | pos=0 | notional=$0.00 | kill=False
2026-03-29 10:54:54,542 [INFO] [Scan:cvd_spike] trades=0 | cache hits=2 miss=9 err=0 | positions=0
2026-03-29 10:55:12,199 [INFO] [Scan:asymmetric_sniper] trades=0 | cache hits=11 miss=0 err=0 | positions=0
2026-03-29 10:55:24,156 [INFO] [Scan:liquidation_fade] trades=0 | cache hits=0 miss=11 err=0 | positions=0
2026-03-29 10:55:31,288 [INFO] [CoinSelect] Volatility top 30 → 0 passed safety filter | rejected: 0
2026-03-29 10:55:31,289 [INFO] [CoinRefresh] 11 coins active (base=13 + selective=0) | +{} -{}
2026-03-29 10:55:31,804 [INFO] [Heartbeat] equity=$4599.11 | daily=0.00% | pos=0 | notional=$0.00 | kill=False
2026-03-29 10:55:55,913 [INFO] [Scan:cvd_spike] trades=0 | cache hits=0 miss=11 err=0 | positions=0
2026-03-29 10:56:09,152 [INFO] [OP] ASYMMETRIC SNIPER -> SHORT | z=4.04 strength=-1.896
2026-03-29 10:56:09,614 [INFO] [Leverage] OP set to 5x (isolated)
2026-03-29 10:56:09,826 [ERROR] [Entry] OP SELL failed: binanceusdm {"code":-2019,"msg":"Margin is insufficient."}
2026-03-29 10:56:09,826 [INFO] [Scan:asymmetric_sniper] trades=0 | cache hits=11 miss=1 err=0 | positions=0
2026-03-29 10:56:23,589 [INFO] [Scan:liquidation_fade] trades=0 | cache hits=0 miss=11 err=0 | positions=0
2026-03-29 10:56:28,176 [INFO] [Heartbeat] equity=$4599.11 | daily=0.00% | pos=0 | notional=$0.00 | kill=False
2026-03-29 10:56:55,480 [INFO] [Scan:cvd_spike] trades=0 | cache hits=0 miss=11 err=0 | positions=0
2026-03-29 10:57:06,818 [INFO] [OP] ASYMMETRIC SNIPER -> SHORT | z=4.04 strength=-1.896
2026-03-29 10:57:07,127 [INFO] [Leverage] OP set to 5x (isolated)
2026-03-29 10:57:07,332 [ERROR] [Entry] OP SELL failed: binanceusdm {"code":-2019,"msg":"Margin is insufficient."}
2026-03-29 10:57:07,332 [INFO] [Scan:asymmetric_sniper] trades=0 | cache hits=12 miss=0 err=0 | positions=0
2026-03-29 10:57:20,024 [INFO] [Scan:liquidation_fade] trades=0 | cache hits=11 miss=0 err=0 | positions=0
2026-03-29 10:57:26,395 [INFO] [Heartbeat] equity=$4599.11 | daily=0.00% | pos=0 | notional=$0.00 | kill=False
2026-03-29 10:57:52,301 [INFO] [Scan:cvd_spike] trades=0 | cache hits=11 miss=0 err=0 | positions=0
2026-03-29 10:58:07,253 [INFO] [Scan:asymmetric_sniper] trades=0 | cache hits=0 miss=11 err=0 | positions=0
2026-03-29 10:58:16,735 [INFO] [Scan:liquidation_fade] trades=0 | cache hits=0 miss=11 err=0 | positions=0
2026-03-29 10:58:22,028 [INFO] [Heartbeat] equity=$4599.11 | daily=0.00% | pos=0 | notional=$0.00 | kill=False
2026-03-29 10:58:48,275 [INFO] [Scan:cvd_spike] trades=0 | cache hits=11 miss=0 err=0 | positions=0
2026-03-29 10:59:03,605 [INFO] [Scan:asymmetric_sniper] trades=0 | cache hits=11 miss=0 err=0 | positions=0
2026-03-29 10:59:13,230 [INFO] [Scan:liquidation_fade] trades=0 | cache hits=11 miss=0 err=0 | positions=0
2026-03-29 10:59:18,522 [INFO] [Heartbeat] equity=$4599.11 | daily=0.00% | pos=0 | notional=$0.00 | kill=False
2026-03-29 10:59:45,835 [INFO] [Scan:cvd_spike] trades=0 | cache hits=0 miss=11 err=0 | positions=0
2026-03-29 11:00:00,747 [INFO] [Scan:asymmetric_sniper] trades=0 | cache hits=11 miss=0 err=0 | positions=0
2026-03-29 11:00:12,577 [INFO] [Scan:liquidation_fade] trades=0 | cache hits=0 miss=11 err=0 | positions=0
2026-03-29 11:00:14,928 [INFO] [Heartbeat] equity=$4599.11 | daily=0.00% | pos=0 | notional=$0.00 | kill=False
2026-03-29 11:00:30,224 [INFO] [CoinSelect] Volatility top 30 → 0 passed safety filter | rejected: 0
2026-03-29 11:00:35,480 [INFO] [SignalScan] 11 coins | 11 candidates
2026-03-29 11:00:45,347 [INFO] [Scan:cvd_spike] trades=0 | cache hits=0 miss=22 err=0 | positions=0
2026-03-29 11:00:57,876 [INFO] [Scan:asymmetric_sniper] trades=0 | cache hits=11 miss=0 err=0 | positions=0
2026-03-29 11:01:08,975 [INFO] [Scan:liquidation_fade] trades=0 | cache hits=11 miss=0 err=0 | positions=0
2026-03-29 11:01:13,153 [INFO] [Heartbeat] equity=$4599.11 | daily=0.00% | pos=0 | notional=$0.00 | kill=False
2026-03-29 11:01:41,823 [INFO] [Scan:cvd_spike] trades=0 | cache hits=11 miss=0 err=0 | positions=0
2026-03-29 11:01:56,042 [INFO] [Scan:asymmetric_sniper] trades=0 | cache hits=0 miss=11 err=0 | positions=0
2026-03-29 11:02:06,506 [INFO] [Scan:liquidation_fade] trades=0 | cache hits=0 miss=11 err=0 | positions=0
2026-03-29 11:02:09,579 [INFO] [Heartbeat] equity=$4599.11 | daily=0.00% | pos=0 | notional=$0.00 | kill=False
2026-03-29 11:02:38,424 [INFO] [Scan:cvd_spike] trades=0 | cache hits=11 miss=0 err=0 | positions=0
2026-03-29 11:02:53,229 [INFO] [Scan:asymmetric_sniper] trades=0 | cache hits=10 miss=1 err=0 | positions=0
2026-03-29 11:03:02,951 [INFO] [Scan:liquidation_fade] trades=0 | cache hits=11 miss=0 err=0 | positions=0
2026-03-29 11:03:06,019 [INFO] [Heartbeat] equity=$4599.11 | daily=0.00% | pos=0 | notional=$0.00 | kill=False
2026-03-29 11:03:35,256 [ERROR] [DataHub] OHLCV fetch failed ETH/1m: binanceusdm 429 Too Many Requests {"code":-1003,"msg":"Too many requests; current limit of IP(15.158.3.22) is 6000 requests per minute. Please use the websocket for live updates to avoid polling the API."}
2026-03-29 11:03:35,869 [INFO] [Scan:cvd_spike] trades=0 | cache hits=1 miss=9 err=1 | positions=0
2026-03-29 11:03:50,500 [INFO] [Scan:asymmetric_sniper] trades=0 | cache hits=10 miss=1 err=0 | positions=0
2026-03-29 11:04:00,459 [INFO] [Scan:liquidation_fade] trades=0 | cache hits=0 miss=11 err=0 | positions=0
2026-03-29 11:04:02,459 [INFO] [Heartbeat] equity=$4599.11 | daily=0.00% | pos=0 | notional=$0.00 | kill=False
2026-03-29 11:04:32,572 [INFO] [Scan:cvd_spike] trades=0 | cache hits=10 miss=1 err=0 | positions=0
2026-03-29 11:04:50,082 [INFO] [ADA] ASYMMETRIC SNIPER -> LONG | z=-1.92 strength=228.648
2026-03-29 11:04:50,916 [INFO] [Leverage] ADA set to 5x (isolated)
2026-03-29 11:04:51,136 [ERROR] [Entry] ADA BUY failed: binanceusdm {"code":-1021,"msg":"Timestamp for this request was 1000ms ahead of the server's time."}
2026-03-29 11:04:51,136 [INFO] [Scan:asymmetric_sniper] trades=0 | cache hits=1 miss=11 err=0 | positions=0
2026-03-29 11:04:56,906 [INFO] [Scan:liquidation_fade] trades=0 | cache hits=11 miss=0 err=0 | positions=0
2026-03-29 11:04:58,894 [INFO] [Heartbeat] equity=$4599.11 | daily=0.00% | pos=0 | notional=$0.00 | kill=False
2026-03-29 11:05:29,342 [INFO] [Scan:cvd_spike] trades=0 | cache hits=11 miss=0 err=0 | positions=0
2026-03-29 11:05:49,045 [INFO] [Scan:asymmetric_sniper] trades=0 | cache hits=3 miss=8 err=0 | positions=0
2026-03-29 11:05:54,443 [INFO] [Scan:liquidation_fade] trades=0 | cache hits=0 miss=11 err=0 | positions=0
2026-03-29 11:05:55,325 [INFO] [Heartbeat] equity=$4599.11 | daily=0.00% | pos=0 | notional=$0.00 | kill=False
2026-03-29 11:06:26,259 [INFO] [Scan:cvd_spike] trades=0 | cache hits=8 miss=3 err=0 | positions=0
2026-03-29 11:06:46,175 [INFO] [Scan:asymmetric_sniper] trades=0 | cache hits=11 miss=0 err=0 | positions=0
2026-03-29 11:06:53,536 [INFO] [Heartbeat] equity=$4599.11 | daily=0.00% | pos=0 | notional=$0.00 | kill=False
2026-03-29 11:06:53,778 [INFO] [Scan:liquidation_fade] trades=0 | cache hits=0 miss=11 err=0 | positions=0
2026-03-29 11:07:25,768 [INFO] [Scan:cvd_spike] trades=0 | cache hits=0 miss=11 err=0 | positions=0
2026-03-29 11:07:43,196 [INFO] [ARB] ASYMMETRIC SNIPER -> LONG | z=-1.87 strength=2071.165
2026-03-29 11:07:43,603 [INFO] [Leverage] ARB set to 5x (isolated)
2026-03-29 11:07:43,810 [ERROR] [Entry] ARB BUY failed: binanceusdm {"code":-2019,"msg":"Margin is insufficient."}
2026-03-29 11:07:43,810 [INFO] [Scan:asymmetric_sniper] trades=0 | cache hits=11 miss=1 err=0 | positions=0
2026-03-29 11:07:49,985 [INFO] [Heartbeat] equity=$4599.11 | daily=0.00% | pos=0 | notional=$0.00 | kill=False
2026-03-29 11:07:50,204 [INFO] [Scan:liquidation_fade] trades=0 | cache hits=11 miss=0 err=0 | positions=0
2026-03-29 11:08:25,439 [INFO] [Scan:cvd_spike] trades=0 | cache hits=0 miss=11 err=0 | positions=0
2026-03-29 11:08:40,835 [INFO] [ARB] ASYMMETRIC SNIPER -> LONG | z=-1.87 strength=2071.165
2026-03-29 11:08:41,076 [INFO] [Leverage] ARB set to 5x (isolated)
2026-03-29 11:08:41,276 [ERROR] [Entry] ARB BUY failed: binanceusdm {"code":-2019,"msg":"Margin is insufficient."}
2026-03-29 11:08:41,277 [INFO] [Scan:asymmetric_sniper] trades=0 | cache hits=12 miss=0 err=0 | positions=0
2026-03-29 11:08:46,413 [INFO] [Heartbeat] equity=$4599.11 | daily=0.00% | pos=0 | notional=$0.00 | kill=False
2026-03-29 11:08:47,898 [INFO] [Scan:liquidation_fade] trades=0 | cache hits=0 miss=11 err=0 | positions=0
2026-03-29 11:09:22,177 [INFO] [Scan:cvd_spike] trades=0 | cache hits=11 miss=0 err=0 | positions=0
2026-03-29 11:09:39,419 [INFO] [Scan:asymmetric_sniper] trades=0 | cache hits=0 miss=11 err=0 | positions=0
2026-03-29 11:09:42,199 [INFO] [CoinSelect] Volatility top 30 → 0 passed safety filter | rejected: 0
2026-03-29 11:09:42,200 [INFO] [CoinRefresh] 11 coins active (base=13 + selective=0) | +{} -{}
2026-03-29 11:09:42,806 [INFO] [Heartbeat] equity=$4599.11 | daily=0.00% | pos=0 | notional=$0.00 | kill=False
2026-03-29 11:09:44,297 [INFO] [Scan:liquidation_fade] trades=0 | cache hits=11 miss=0 err=0 | positions=0
2026-03-29 11:10:20,707 [INFO] [Scan:cvd_spike] trades=0 | cache hits=11 miss=0 err=0 | positions=0
2026-03-29 11:10:36,566 [INFO] [Scan:asymmetric_sniper] trades=0 | cache hits=10 miss=1 err=0 | positions=0
2026-03-29 11:10:39,207 [INFO] [Heartbeat] equity=$4599.11 | daily=0.00% | pos=0 | notional=$0.00 | kill=False
2026-03-29 11:10:41,799 [INFO] [Scan:liquidation_fade] trades=0 | cache hits=0 miss=11 err=0 | positions=0
2026-03-29 11:11:18,197 [INFO] [Scan:cvd_spike] trades=0 | cache hits=1 miss=10 err=0 | positions=0
2026-03-29 11:11:33,677 [INFO] [Scan:asymmetric_sniper] trades=0 | cache hits=11 miss=0 err=0 | positions=0
2026-03-29 11:11:35,577 [INFO] [Heartbeat] equity=$4599.11 | daily=0.00% | pos=0 | notional=$0.00 | kill=False
2026-03-29 11:11:38,171 [INFO] [Scan:liquidation_fade] trades=0 | cache hits=11 miss=0 err=0 | positions=0
2026-03-29 11:12:14,742 [INFO] [Scan:cvd_spike] trades=0 | cache hits=10 miss=1 err=0 | positions=0
2026-03-29 11:12:31,814 [INFO] [Scan:asymmetric_sniper] trades=0 | cache hits=1 miss=10 err=0 | positions=0
2026-03-29 11:12:31,992 [INFO] [Heartbeat] equity=$4599.11 | daily=0.00% | pos=0 | notional=$0.00 | kill=False
2026-03-29 11:12:35,737 [INFO] [Scan:liquidation_fade] trades=0 | cache hits=0 miss=11 err=0 | positions=0
2026-03-29 11:13:11,226 [INFO] [Scan:cvd_spike] trades=0 | cache hits=11 miss=0 err=0 | positions=0
2026-03-29 11:13:30,166 [INFO] [Heartbeat] equity=$4599.11 | daily=0.00% | pos=0 | notional=$0.00 | kill=False
2026-03-29 11:13:31,774 [INFO] [Scan:asymmetric_sniper] trades=0 | cache hits=0 miss=11 err=0 | positions=0
2026-03-29 11:13:32,097 [INFO] [Scan:liquidation_fade] trades=0 | cache hits=11 miss=0 err=0 | positions=0
2026-03-29 11:14:07,688 [INFO] [Scan:cvd_spike] trades=0 | cache hits=11 miss=0 err=0 | positions=0
2026-03-29 11:14:26,576 [INFO] [Heartbeat] equity=$4599.11 | daily=0.00% | pos=0 | notional=$0.00 | kill=False
2026-03-29 11:14:28,877 [INFO] [Scan:asymmetric_sniper] trades=0 | cache hits=11 miss=0 err=0 | positions=0
2026-03-29 11:14:31,455 [INFO] [Scan:liquidation_fade] trades=0 | cache hits=0 miss=11 err=0 | positions=0
2026-03-29 11:14:45,377 [INFO] [CoinSelect] Volatility top 30 → 0 passed safety filter | rejected: 0
2026-03-29 11:14:50,629 [INFO] [SignalScan] 11 coins | 11 candidates
2026-03-29 11:15:05,481 [INFO] [Scan:cvd_spike] trades=0 | cache hits=0 miss=22 err=0 | positions=0
2026-03-29 11:15:22,988 [INFO] [Heartbeat] equity=$4599.11 | daily=0.00% | pos=0 | notional=$0.00 | kill=False
2026-03-29 11:15:25,992 [INFO] [Scan:asymmetric_sniper] trades=0 | cache hits=11 miss=0 err=0 | positions=0
2026-03-29 11:15:27,897 [INFO] [Scan:liquidation_fade] trades=0 | cache hits=11 miss=0 err=0 | positions=0
2026-03-29 11:16:04,832 [INFO] [Scan:cvd_spike] trades=0 | cache hits=0 miss=11 err=0 | positions=0
2026-03-29 11:16:19,404 [INFO] [Heartbeat] equity=$4599.11 | daily=0.00% | pos=0 | notional=$0.00 | kill=False
2026-03-29 11:16:23,171 [INFO] [Scan:asymmetric_sniper] trades=0 | cache hits=11 miss=0 err=0 | positions=0
2026-03-29 11:16:25,428 [INFO] [Scan:liquidation_fade] trades=0 | cache hits=0 miss=11 err=0 | positions=0
2026-03-29 11:17:01,336 [INFO] [Scan:cvd_spike] trades=0 | cache hits=11 miss=0 err=0 | positions=0
2026-03-29 11:17:15,829 [INFO] [Heartbeat] equity=$4599.11 | daily=0.00% | pos=0 | notional=$0.00 | kill=False
2026-03-29 11:17:21,186 [INFO] [DOT] ASYMMETRIC SNIPER -> SHORT | z=3.20 strength=-1.425
2026-03-29 11:17:21,831 [INFO] [Scan:liquidation_fade] trades=0 | cache hits=11 miss=12 err=0 | positions=0
2026-03-29 11:17:22,008 [INFO] [Leverage] DOT set to 5x (isolated)
2026-03-29 11:17:22,210 [ERROR] [Entry] DOT SELL failed: binanceusdm {"code":-2019,"msg":"Margin is insufficient."}
2026-03-29 11:17:22,211 [INFO] [Scan:asymmetric_sniper] trades=0 | cache hits=0 miss=0 err=0 | positions=0
2026-03-29 11:17:58,062 [INFO] [Scan:cvd_spike] trades=0 | cache hits=11 miss=0 err=0 | positions=0
2026-03-29 11:18:12,268 [INFO] [Heartbeat] equity=$4599.11 | daily=0.00% | pos=0 | notional=$0.00 | kill=False
2026-03-29 11:18:19,364 [INFO] [Scan:liquidation_fade] trades=0 | cache hits=2 miss=11 err=0 | positions=0
2026-03-29 11:18:20,905 [INFO] [Scan:asymmetric_sniper] trades=0 | cache hits=0 miss=9 err=0 | positions=0
2026-03-29 11:18:54,693 [INFO] [Scan:cvd_spike] trades=0 | cache hits=9 miss=2 err=0 | positions=0
2026-03-29 11:19:10,467 [INFO] [Heartbeat] equity=$4599.11 | daily=0.00% | pos=0 | notional=$0.00 | kill=False
2026-03-29 11:19:15,790 [INFO] [Scan:liquidation_fade] trades=0 | cache hits=11 miss=0 err=0 | positions=0
2026-03-29 11:19:18,039 [INFO] [Scan:asymmetric_sniper] trades=0 | cache hits=11 miss=0 err=0 | positions=0
2026-03-29 11:19:51,268 [ERROR] [DataHub] OHLCV fetch failed XRP/1m: binanceusdm 429 Too Many Requests {"code":-1003,"msg":"Too many requests; current limit of IP(15.158.3.40) is 6000 requests per minute. Please use the websocket for live updates to avoid polling the API."}
2026-03-29 11:19:51,721 [ERROR] [DataHub] OHLCV fetch failed BNB/1m: binanceusdm 429 Too Many Requests {"code":-1003,"msg":"Too many requests; current limit of IP(15.158.3.40) is 6000 requests per minute. Please use the websocket for live updates to avoid polling the API."}
2026-03-29 11:19:52,039 [INFO] [Scan:cvd_spike] trades=0 | cache hits=2 miss=7 err=2 | positions=0
2026-03-29 11:20:06,897 [INFO] [Heartbeat] equity=$4599.11 | daily=0.00% | pos=0 | notional=$0.00 | kill=False
2026-03-29 11:20:13,374 [INFO] [Scan:liquidation_fade] trades=0 | cache hits=0 miss=11 err=0 | positions=0
2026-03-29 11:20:15,590 [INFO] [Scan:asymmetric_sniper] trades=0 | cache hits=7 miss=4 err=0 | positions=0
2026-03-29 11:20:48,615 [INFO] [Scan:cvd_spike] trades=0 | cache hits=11 miss=0 err=0 | positions=0
2026-03-29 11:21:03,305 [INFO] [Heartbeat] equity=$4599.11 | daily=0.00% | pos=0 | notional=$0.00 | kill=False
2026-03-29 11:21:12,701 [INFO] [Scan:liquidation_fade] trades=0 | cache hits=0 miss=11 err=0 | positions=0
2026-03-29 11:21:13,395 [INFO] [Scan:asymmetric_sniper] trades=0 | cache hits=4 miss=7 err=0 | positions=0
2026-03-29 11:21:45,483 [INFO] [Scan:cvd_spike] trades=0 | cache hits=7 miss=4 err=0 | positions=0
2026-03-29 11:21:59,700 [INFO] [Heartbeat] equity=$4599.11 | daily=0.00% | pos=0 | notional=$0.00 | kill=False
2026-03-29 11:22:09,102 [INFO] [Scan:liquidation_fade] trades=0 | cache hits=11 miss=0 err=0 | positions=0
2026-03-29 11:22:14,665 [INFO] [Scan:asymmetric_sniper] trades=0 | cache hits=4 miss=7 err=0 | positions=0
2026-03-29 11:22:43,895 [ERROR] [DataHub] OHLCV fetch failed XRP/1m: binanceusdm 429 Too Many Requests {"code":-1003,"msg":"Too many requests; current limit of IP(15.158.3.40) is 6000 requests per minute. Please use the websocket for live updates to avoid polling the API."}
2026-03-29 11:22:43,937 [ERROR] [DataHub] OHLCV fetch failed BNB/1m: binanceusdm 429 Too Many Requests {"code":-1003,"msg":"Too many requests; current limit of IP(15.158.3.40) is 6000 requests per minute. Please use the websocket for live updates to avoid polling the API."}
2026-03-29 11:22:44,145 [ERROR] [DataHub] OHLCV fetch failed SUI/1m: binanceusdm 429 Too Many Requests {"code":-1003,"msg":"Too many requests; current limit of IP(15.158.3.40) is 6000 requests per minute. Please use the websocket for live updates to avoid polling the API."}
2026-03-29 11:22:44,147 [INFO] [Scan:cvd_spike] trades=0 | cache hits=7 miss=1 err=3 | positions=0
2026-03-29 11:22:56,062 [INFO] [Heartbeat] equity=$4599.11 | daily=0.00% | pos=0 | notional=$0.00 | kill=False
2026-03-29 11:23:06,692 [INFO] [Scan:liquidation_fade] trades=0 | cache hits=0 miss=11 err=0 | positions=0
2026-03-29 11:23:12,615 [INFO] [Scan:asymmetric_sniper] trades=0 | cache hits=2 miss=9 err=0 | positions=0
2026-03-29 11:23:40,663 [ERROR] [DataHub] OHLCV fetch failed OP/1m: binanceusdm 429 Too Many Requests {"code":-1003,"msg":"Too many requests; current limit of IP(15.158.3.40) is 6000 requests per minute. Please use the websocket for live updates to avoid polling the API."}
2026-03-29 11:23:40,666 [INFO] [Scan:cvd_spike] trades=0 | cache hits=10 miss=0 err=1 | positions=0
2026-03-29 11:23:45,632 [INFO] [EVGuardian] momentum_breakout: EV=0.0000% tp_rate=0.0% n=7 ok
2026-03-29 11:23:45,632 [INFO] [EVGuardian] cvd_spike: EV=0.0000% tp_rate=0.0% n=66 ok
2026-03-29 11:23:45,632 [INFO] [EVGuardian] asymmetric_sniper: EV=0.0000% tp_rate=0.0% n=32 ok
2026-03-29 11:23:45,632 [INFO] [EVGuardian] liquidation_fade: EV=0.0000% tp_rate=0.0% n=28 ok
2026-03-29 11:23:51,931 [INFO] [CoinSelect] Volatility top 30 → 0 passed safety filter | rejected: 0
2026-03-29 11:23:51,931 [INFO] [CoinRefresh] 11 coins active (base=13 + selective=0) | +{} -{}
2026-03-29 11:23:52,475 [INFO] [Heartbeat] equity=$4599.11 | daily=0.00% | pos=0 | notional=$0.00 | kill=False
2026-03-29 11:24:03,095 [INFO] [Scan:liquidation_fade] trades=0 | cache hits=11 miss=0 err=0 | positions=0
2026-03-29 11:24:11,853 [INFO] [Scan:asymmetric_sniper] trades=0 | cache hits=9 miss=2 err=0 | positions=0
2026-03-29 11:24:38,105 [INFO] [Scan:cvd_spike] trades=0 | cache hits=2 miss=9 err=0 | positions=0
2026-03-29 11:24:48,875 [INFO] [Heartbeat] equity=$4599.11 | daily=0.00% | pos=0 | notional=$0.00 | kill=False
2026-03-29 11:25:00,629 [INFO] [Scan:liquidation_fade] trades=0 | cache hits=0 miss=11 err=0 | positions=0
2026-03-29 11:25:08,941 [INFO] [Scan:asymmetric_sniper] trades=0 | cache hits=11 miss=0 err=0 | positions=0
2026-03-29 11:25:34,876 [INFO] [Scan:cvd_spike] trades=0 | cache hits=9 miss=2 err=0 | positions=0
2026-03-29 11:25:47,072 [INFO] [Heartbeat] equity=$4599.11 | daily=0.00% | pos=0 | notional=$0.00 | kill=False
2026-03-29 11:25:56,980 [INFO] [Scan:liquidation_fade] trades=0 | cache hits=11 miss=0 err=0 | positions=0
2026-03-29 11:26:06,902 [INFO] [Scan:asymmetric_sniper] trades=0 | cache hits=2 miss=9 err=0 | positions=0
2026-03-29 11:26:31,432 [INFO] [Scan:cvd_spike] trades=0 | cache hits=11 miss=0 err=0 | positions=0
2026-03-29 11:26:43,428 [INFO] [Heartbeat] equity=$4599.11 | daily=0.00% | pos=0 | notional=$0.00 | kill=False
2026-03-29 11:26:54,518 [INFO] [Scan:liquidation_fade] trades=0 | cache hits=0 miss=11 err=0 | positions=0
2026-03-29 11:27:04,267 [INFO] [Scan:asymmetric_sniper] trades=0 | cache hits=9 miss=2 err=0 | positions=0
2026-03-29 11:27:28,813 [INFO] [Scan:cvd_spike] trades=0 | cache hits=2 miss=9 err=0 | positions=0
2026-03-29 11:27:39,883 [INFO] [Heartbeat] equity=$4599.11 | daily=0.00% | pos=0 | notional=$0.00 | kill=False
2026-03-29 11:27:50,913 [INFO] [Scan:liquidation_fade] trades=0 | cache hits=11 miss=0 err=0 | positions=0
2026-03-29 11:28:01,435 [INFO] [Scan:asymmetric_sniper] trades=0 | cache hits=11 miss=0 err=0 | positions=0
2026-03-29 11:28:25,458 [INFO] [Scan:cvd_spike] trades=0 | cache hits=9 miss=2 err=0 | positions=0
2026-03-29 11:28:36,294 [INFO] [Heartbeat] equity=$4599.11 | daily=0.00% | pos=0 | notional=$0.00 | kill=False
2026-03-29 11:28:50,270 [INFO] [Scan:liquidation_fade] trades=0 | cache hits=0 miss=11 err=0 | positions=0
2026-03-29 11:28:59,409 [INFO] [Scan:asymmetric_sniper] trades=0 | cache hits=2 miss=9 err=0 | positions=0
2026-03-29 11:29:00,282 [INFO] [CoinSelect] Volatility top 30 → 0 passed safety filter | rejected: 0
2026-03-29 11:29:05,494 [INFO] [SignalScan] 11 coins | 10 candidates
2026-03-29 11:29:24,178 [INFO] [Scan:cvd_spike] trades=0 | cache hits=9 miss=13 err=0 | positions=0
2026-03-29 11:29:32,686 [INFO] [Heartbeat] equity=$4599.11 | daily=0.00% | pos=0 | notional=$0.00 | kill=False
2026-03-29 11:29:46,688 [INFO] [Scan:liquidation_fade] trades=0 | cache hits=11 miss=0 err=0 | positions=0
2026-03-29 11:29:56,536 [INFO] [Scan:asymmetric_sniper] trades=0 | cache hits=11 miss=0 err=0 | positions=0
2026-03-29 11:30:21,515 [INFO] [Scan:cvd_spike] trades=0 | cache hits=2 miss=9 err=0 | positions=0
2026-03-29 11:30:29,098 [INFO] [Heartbeat] equity=$4599.11 | daily=0.00% | pos=0 | notional=$0.00 | kill=False
2026-03-29 11:30:44,254 [INFO] [Scan:liquidation_fade] trades=0 | cache hits=0 miss=11 err=0 | positions=0
2026-03-29 11:30:55,673 [INFO] [Scan:asymmetric_sniper] trades=0 | cache hits=9 miss=2 err=0 | positions=0
2026-03-29 11:31:17,917 [INFO] [Scan:cvd_spike] trades=0 | cache hits=11 miss=0 err=0 | positions=0
2026-03-29 11:31:27,330 [INFO] [Heartbeat] equity=$4599.11 | daily=0.00% | pos=0 | notional=$0.00 | kill=False
2026-03-29 11:31:40,619 [INFO] [Scan:liquidation_fade] trades=0 | cache hits=11 miss=0 err=0 | positions=0
2026-03-29 11:31:53,316 [INFO] [DOGE] ASYMMETRIC SNIPER -> SHORT | z=2.26 strength=-0.488
2026-03-29 11:31:53,661 [INFO] [AVAX] ASYMMETRIC SNIPER -> SHORT | z=2.46 strength=-3.229
2026-03-29 11:31:54,089 [INFO] [Leverage] DOGE set to 5x (isolated)
2026-03-29 11:31:54,311 [ERROR] [Entry] DOGE SELL failed: binanceusdm {"code":-1021,"msg":"Timestamp for this request was 1000ms ahead of the server's time."}
2026-03-29 11:31:54,311 [INFO] [Scan:asymmetric_sniper] trades=0 | cache hits=2 miss=10 err=0 | positions=0
2026-03-29 11:32:14,862 [INFO] [Scan:cvd_spike] trades=0 | cache hits=9 miss=2 err=0 | positions=0
2026-03-29 11:32:23,707 [INFO] [Heartbeat] equity=$4599.11 | daily=0.00% | pos=0 | notional=$0.00 | kill=False
2026-03-29 11:32:38,154 [INFO] [Scan:liquidation_fade] trades=0 | cache hits=0 miss=11 err=0 | positions=0
2026-03-29 11:32:51,447 [INFO] [AVAX] ASYMMETRIC SNIPER -> SHORT | z=2.46 strength=-3.229
2026-03-29 11:32:52,271 [INFO] [Leverage] AVAX set to 5x (isolated)
2026-03-29 11:32:52,486 [ERROR] [Entry] AVAX SELL failed: binanceusdm {"code":-1021,"msg":"Timestamp for this request was 1000ms ahead of the server's time."}
2026-03-29 11:32:52,486 [INFO] [Scan:asymmetric_sniper] trades=0 | cache hits=6 miss=6 err=0 | positions=0
2026-03-29 11:33:11,862 [INFO] [Scan:cvd_spike] trades=0 | cache hits=7 miss=4 err=0 | positions=0
2026-03-29 11:33:20,034 [INFO] [Heartbeat] equity=$4599.11 | daily=0.00% | pos=0 | notional=$0.00 | kill=False
2026-03-29 11:33:34,565 [INFO] [Scan:liquidation_fade] trades=0 | cache hits=11 miss=0 err=0 | positions=0
2026-03-29 11:33:49,868 [INFO] [Scan:asymmetric_sniper] trades=0 | cache hits=8 miss=3 err=0 | positions=0
2026-03-29 11:34:08,985 [INFO] [Scan:cvd_spike] trades=0 | cache hits=7 miss=4 err=0 | positions=0
2026-03-29 11:34:16,456 [INFO] [Heartbeat] equity=$4599.11 | daily=0.00% | pos=0 | notional=$0.00 | kill=False
2026-03-29 11:34:32,073 [INFO] [Scan:liquidation_fade] trades=0 | cache hits=0 miss=11 err=0 | positions=0
2026-03-29 11:34:47,157 [ERROR] [DataHub] OHLCV fetch failed SUI/1m: binanceusdm 429 Too Many Requests {"code":-1003,"msg":"Too many requests; current limit of IP(15.158.3.49) is 6000 requests per minute. Please use the websocket for live updates to avoid polling the API."}
2026-03-29 11:34:47,417 [INFO] [Scan:asymmetric_sniper] trades=0 | cache hits=7 miss=3 err=1 | positions=0
2026-03-29 11:35:05,912 [INFO] [Scan:cvd_spike] trades=0 | cache hits=7 miss=4 err=0 | positions=0
2026-03-29 11:35:12,832 [INFO] [Heartbeat] equity=$4599.11 | daily=0.00% | pos=0 | notional=$0.00 | kill=False
2026-03-29 11:35:31,421 [INFO] [Scan:liquidation_fade] trades=0 | cache hits=0 miss=11 err=0 | positions=0
2026-03-29 11:35:44,118 [ERROR] [DataHub] OHLCV fetch failed DOGE/1m: binanceusdm 429 Too Many Requests {"code":-1003,"msg":"Too many requests; current limit of IP(15.158.3.49) is 6000 requests per minute. Please use the websocket for live updates to avoid polling the API."}
2026-03-29 11:35:44,210 [ERROR] [DataHub] OHLCV fetch failed ADA/1m: binanceusdm 429 Too Many Requests {"code":-1003,"msg":"Too many requests; current limit of IP(15.158.3.49) is 6000 requests per minute. Please use the websocket for live updates to avoid polling the API."}
2026-03-29 11:35:44,998 [INFO] [Scan:asymmetric_sniper] trades=0 | cache hits=7 miss=2 err=2 | positions=0
2026-03-29 11:36:02,827 [INFO] [Scan:cvd_spike] trades=0 | cache hits=6 miss=5 err=0 | positions=0
2026-03-29 11:36:09,235 [INFO] [Heartbeat] equity=$4599.11 | daily=0.00% | pos=0 | notional=$0.00 | kill=False
2026-03-29 11:36:27,812 [INFO] [Scan:liquidation_fade] trades=0 | cache hits=11 miss=0 err=0 | positions=0
2026-03-29 11:36:42,491 [INFO] [Scan:asymmetric_sniper] trades=0 | cache hits=7 miss=4 err=0 | positions=0
2026-03-29 11:37:01,779 [INFO] [Scan:cvd_spike] trades=0 | cache hits=4 miss=7 err=0 | positions=0
2026-03-29 11:37:05,630 [INFO] [Heartbeat] equity=$4599.11 | daily=0.00% | pos=0 | notional=$0.00 | kill=False
2026-03-29 11:37:25,435 [INFO] [Scan:liquidation_fade] trades=0 | cache hits=0 miss=11 err=0 | positions=0
2026-03-29 11:37:39,632 [INFO] [Scan:asymmetric_sniper] trades=0 | cache hits=11 miss=0 err=0 | positions=0
2026-03-29 11:37:58,730 [INFO] [Scan:cvd_spike] trades=0 | cache hits=7 miss=4 err=0 | positions=0
2026-03-29 11:38:03,212 [INFO] [CoinSelect] Volatility top 30 → 0 passed safety filter | rejected: 0
2026-03-29 11:38:03,212 [INFO] [CoinRefresh] 11 coins active (base=13 + selective=0) | +{} -{}
2026-03-29 11:38:03,817 [INFO] [Heartbeat] equity=$4599.11 | daily=0.00% | pos=0 | notional=$0.00 | kill=False
2026-03-29 11:38:21,812 [INFO] [Scan:liquidation_fade] trades=0 | cache hits=11 miss=0 err=0 | positions=0
2026-03-29 11:38:39,467 [INFO] [Scan:asymmetric_sniper] trades=0 | cache hits=4 miss=7 err=0 | positions=0
2026-03-29 11:38:55,351 [INFO] [Scan:cvd_spike] trades=0 | cache hits=11 miss=0 err=0 | positions=0
2026-03-29 11:39:00,206 [INFO] [Heartbeat] equity=$4599.11 | daily=0.00% | pos=0 | notional=$0.00 | kill=False
2026-03-29 11:39:19,400 [INFO] [Scan:liquidation_fade] trades=0 | cache hits=0 miss=11 err=0 | positions=0
2026-03-29 11:39:39,317 [INFO] [DOT] ASYMMETRIC SNIPER -> LONG | z=-2.20 strength=79.245
2026-03-29 11:39:39,944 [INFO] [Leverage] DOT set to 5x (isolated)
2026-03-29 11:39:40,267 [ERROR] [Entry] DOT BUY failed: binanceusdm {"code":-2019,"msg":"Margin is insufficient."}
2026-03-29 11:39:40,267 [INFO] [Scan:asymmetric_sniper] trades=0 | cache hits=0 miss=12 err=0 | positions=0
2026-03-29 11:39:52,163 [INFO] [Scan:cvd_spike] trades=0 | cache hits=11 miss=0 err=0 | positions=0
2026-03-29 11:39:56,634 [INFO] [Heartbeat] equity=$4599.11 | daily=0.00% | pos=0 | notional=$0.00 | kill=False
2026-03-29 11:40:15,771 [INFO] [Scan:liquidation_fade] trades=0 | cache hits=11 miss=0 err=0 | positions=0
2026-03-29 11:40:40,219 [INFO] [Scan:asymmetric_sniper] trades=0 | cache hits=0 miss=11 err=0 | positions=0
2026-03-29 11:40:48,920 [INFO] [Scan:cvd_spike] trades=0 | cache hits=11 miss=0 err=0 | positions=0
2026-03-29 11:40:53,016 [INFO] [Heartbeat] equity=$4599.11 | daily=0.00% | pos=0 | notional=$0.00 | kill=False
2026-03-29 11:41:13,270 [INFO] [Scan:liquidation_fade] trades=0 | cache hits=0 miss=11 err=0 | positions=0
2026-03-29 11:41:40,210 [INFO] [Scan:asymmetric_sniper] trades=0 | cache hits=0 miss=11 err=0 | positions=0
2026-03-29 11:41:45,307 [INFO] [Scan:cvd_spike] trades=0 | cache hits=11 miss=0 err=0 | positions=0
2026-03-29 11:41:49,384 [INFO] [Heartbeat] equity=$4599.11 | daily=0.00% | pos=0 | notional=$0.00 | kill=False
2026-03-29 11:42:12,557 [INFO] [Scan:liquidation_fade] trades=0 | cache hits=0 miss=11 err=0 | positions=0
2026-03-29 11:42:37,270 [INFO] [Scan:asymmetric_sniper] trades=0 | cache hits=11 miss=0 err=0 | positions=0
2026-03-29 11:42:42,931 [INFO] [Scan:cvd_spike] trades=0 | cache hits=0 miss=11 err=0 | positions=0
2026-03-29 11:42:45,770 [INFO] [Heartbeat] equity=$4599.11 | daily=0.00% | pos=0 | notional=$0.00 | kill=False
2026-03-29 11:43:11,937 [INFO] [Scan:liquidation_fade] trades=0 | cache hits=0 miss=11 err=0 | positions=0
2026-03-29 11:43:14,889 [INFO] [CoinSelect] Volatility top 30 → 0 passed safety filter | rejected: 0
2026-03-29 11:43:23,405 [INFO] [SignalScan] 11 coins | 10 candidates
2026-03-29 11:43:34,483 [INFO] [Scan:asymmetric_sniper] trades=0 | cache hits=11 miss=11 err=0 | positions=0
2026-03-29 11:43:42,383 [INFO] [Scan:cvd_spike] trades=0 | cache hits=0 miss=11 err=0 | positions=0
2026-03-29 11:43:42,137 [INFO] [Heartbeat] equity=$4599.11 | daily=0.00% | pos=0 | notional=$0.00 | kill=False
2026-03-29 11:44:08,295 [INFO] [Scan:liquidation_fade] trades=0 | cache hits=11 miss=0 err=0 | positions=0
2026-03-29 11:44:31,579 [INFO] [Scan:asymmetric_sniper] trades=0 | cache hits=11 miss=0 err=0 | positions=0
2026-03-29 11:44:38,891 [INFO] [Scan:cvd_spike] trades=0 | cache hits=11 miss=0 err=0 | positions=0
2026-03-29 11:44:40,350 [INFO] [Heartbeat] equity=$4599.11 | daily=0.00% | pos=0 | notional=$0.00 | kill=False
2026-03-29 11:45:05,773 [INFO] [Scan:liquidation_fade] trades=0 | cache hits=0 miss=11 err=0 | positions=0
2026-03-29 11:45:28,169 [ERROR] [DataHub] OHLCV fetch failed XRP/1m: binanceusdm 429 Too Many Requests {"code":-1003,"msg":"Too many requests; current limit of IP(15.158.3.40) is 6000 requests per minute. Please use the websocket for live updates to avoid polling the API."}
2026-03-29 11:45:29,146 [ERROR] [DataHub] OHLCV fetch failed ARB/1m: binanceusdm 429 Too Many Requests {"code":-1003,"msg":"Too many requests; current limit of IP(15.158.3.40) is 6000 requests per minute. Please use the websocket for live updates to avoid polling the API."}
2026-03-29 11:45:29,857 [INFO] [Scan:asymmetric_sniper] trades=0 | cache hits=0 miss=9 err=2 | positions=0
2026-03-29 11:45:35,540 [INFO] [Scan:cvd_spike] trades=0 | cache hits=9 miss=2 err=0 | positions=0
2026-03-29 11:45:36,720 [INFO] [Heartbeat] equity=$4599.11 | daily=0.00% | pos=0 | notional=$0.00 | kill=False
2026-03-29 11:46:02,148 [INFO] [Scan:liquidation_fade] trades=0 | cache hits=11 miss=0 err=0 | positions=0
2026-03-29 11:46:26,987 [INFO] [Scan:asymmetric_sniper] trades=0 | cache hits=11 miss=0 err=0 | positions=0
2026-03-29 11:46:32,912 [INFO] [Scan:cvd_spike] trades=0 | cache hits=2 miss=9 err=0 | positions=0
2026-03-29 11:46:33,087 [INFO] [Heartbeat] equity=$4599.11 | daily=0.00% | pos=0 | notional=$0.00 | kill=False
2026-03-29 11:46:59,888 [INFO] [Scan:liquidation_fade] trades=0 | cache hits=0 miss=11 err=0 | positions=0
2026-03-29 11:47:24,013 [INFO] [OP] ASYMMETRIC SNIPER -> SHORT | z=2.63 strength=-0.943
2026-03-29 11:47:25,722 [INFO] [Leverage] OP set to 5x (isolated)
2026-03-29 11:47:25,924 [ERROR] [Entry] OP SELL failed: binanceusdm {"code":-2019,"msg":"Margin is insufficient."}
2026-03-29 11:47:25,925 [INFO] [Scan:asymmetric_sniper] trades=0 | cache hits=9 miss=3 err=0 | positions=0
2026-03-29 11:47:29,433 [INFO] [Heartbeat] equity=$4599.11 | daily=0.00% | pos=0 | notional=$0.00 | kill=False
2026-03-29 11:47:29,582 [INFO] [Scan:cvd_spike] trades=0 | cache hits=11 miss=0 err=0 | positions=0
2026-03-29 11:47:56,262 [INFO] [Scan:liquidation_fade] trades=0 | cache hits=11 miss=0 err=0 | positions=0
2026-03-29 11:48:23,987 [INFO] [Scan:asymmetric_sniper] trades=0 | cache hits=1 miss=10 err=0 | positions=0
2026-03-29 11:48:25,820 [INFO] [Heartbeat] equity=$4599.11 | daily=0.00% | pos=0 | notional=$0.00 | kill=False
2026-03-29 11:48:26,220 [INFO] [Scan:cvd_spike] trades=0 | cache hits=10 miss=1 err=0 | positions=0
2026-03-29 11:48:53,733 [INFO] [Scan:liquidation_fade] trades=0 | cache hits=0 miss=11 err=0 | positions=0
2026-03-29 11:49:21,118 [INFO] [Scan:asymmetric_sniper] trades=0 | cache hits=11 miss=0 err=0 | positions=0
2026-03-29 11:49:22,175 [INFO] [Heartbeat] equity=$4599.11 | daily=0.00% | pos=0 | notional=$0.00 | kill=False
2026-03-29 11:49:23,733 [INFO] [Scan:cvd_spike] trades=0 | cache hits=1 miss=10 err=0 | positions=0
2026-03-29 11:49:53,040 [INFO] [Scan:liquidation_fade] trades=0 | cache hits=0 miss=11 err=0 | positions=0
2026-03-29 11:50:20,190 [INFO] [Scan:asymmetric_sniper] trades=0 | cache hits=10 miss=1 err=0 | positions=0
2026-03-29 11:50:20,354 [INFO] [Heartbeat] equity=$4599.11 | daily=0.00% | pos=0 | notional=$0.00 | kill=False
2026-03-29 11:50:23,042 [INFO] [Scan:cvd_spike] trades=0 | cache hits=1 miss=10 err=0 | positions=0
2026-03-29 11:50:52,343 [INFO] [Scan:liquidation_fade] trades=0 | cache hits=0 miss=11 err=0 | positions=0
2026-03-29 11:51:16,698 [INFO] [Heartbeat] equity=$4599.11 | daily=0.00% | pos=0 | notional=$0.00 | kill=False
2026-03-29 11:51:17,266 [INFO] [Scan:asymmetric_sniper] trades=0 | cache hits=11 miss=0 err=0 | positions=0
2026-03-29 11:51:22,466 [INFO] [Scan:cvd_spike] trades=0 | cache hits=0 miss=11 err=0 | positions=0
2026-03-29 11:51:48,684 [INFO] [Scan:liquidation_fade] trades=0 | cache hits=11 miss=0 err=0 | positions=0
2026-03-29 11:52:12,469 [INFO] [CoinSelect] Volatility top 30 → 0 passed safety filter | rejected: 0
2026-03-29 11:52:12,470 [INFO] [CoinRefresh] 11 coins active (base=13 + selective=0) | +{} -{}
2026-03-29 11:52:13,058 [INFO] [Heartbeat] equity=$4599.11 | daily=0.00% | pos=0 | notional=$0.00 | kill=False
2026-03-29 11:52:15,979 [INFO] [DOT] ASYMMETRIC SNIPER -> LONG | z=-2.20 strength=42.681
2026-03-29 11:52:16,581 [INFO] [Leverage] DOT set to 5x (isolated)
2026-03-29 11:52:16,789 [ERROR] [Entry] DOT BUY failed: binanceusdm {"code":-1021,"msg":"Timestamp for this request was 1000ms ahead of the server's time."}
2026-03-29 11:52:16,789 [INFO] [Scan:asymmetric_sniper] trades=0 | cache hits=11 miss=1 err=0 | positions=0
2026-03-29 11:52:19,158 [INFO] [Scan:cvd_spike] trades=0 | cache hits=11 miss=0 err=0 | positions=0
2026-03-29 11:52:46,130 [INFO] [Scan:liquidation_fade] trades=0 | cache hits=0 miss=11 err=0 | positions=0
2026-03-29 11:53:09,379 [INFO] [Heartbeat] equity=$4599.11 | daily=0.00% | pos=0 | notional=$0.00 | kill=False
2026-03-29 11:53:14,940 [INFO] [Scan:asymmetric_sniper] trades=0 | cache hits=0 miss=11 err=0 | positions=0
2026-03-29 11:53:15,516 [INFO] [Scan:cvd_spike] trades=0 | cache hits=11 miss=0 err=0 | positions=0
2026-03-29 11:53:42,500 [INFO] [Scan:liquidation_fade] trades=0 | cache hits=11 miss=0 err=0 | positions=0
2026-03-29 11:54:05,722 [INFO] [Heartbeat] equity=$4599.11 | daily=0.00% | pos=0 | notional=$0.00 | kill=False
2026-03-29 11:54:11,932 [INFO] [Scan:asymmetric_sniper] trades=0 | cache hits=16 miss=0 err=0 | positions=0
2026-03-29 11:54:12,497 [INFO] [Scan:cvd_spike] trades=0 | cache hits=0 miss=6 err=0 | positions=0
2026-03-29 11:54:40,015 [INFO] [Scan:liquidation_fade] trades=0 | cache hits=0 miss=11 err=0 | positions=0
2026-03-29 11:55:02,078 [INFO] [Heartbeat] equity=$4599.11 | daily=0.00% | pos=0 | notional=$0.00 | kill=False
2026-03-29 11:55:09,260 [INFO] [Scan:cvd_spike] trades=0 | cache hits=17 miss=5 err=0 | positions=0
2026-03-29 11:55:09,582 [INFO] [Scan:asymmetric_sniper] trades=0 | cache hits=0 miss=0 err=0 | positions=0
2026-03-29 11:55:36,347 [INFO] [Scan:liquidation_fade] trades=0 | cache hits=11 miss=0 err=0 | positions=0
2026-03-29 11:55:58,412 [INFO] [Heartbeat] equity=$4599.11 | daily=0.00% | pos=0 | notional=$0.00 | kill=False
2026-03-29 11:56:06,228 [INFO] [Scan:cvd_spike] trades=0 | cache hits=16 miss=6 err=0 | positions=0
2026-03-29 11:56:06,867 [INFO] [Scan:asymmetric_sniper] trades=0 | cache hits=0 miss=0 err=0 | positions=0
2026-03-29 11:56:33,796 [INFO] [Scan:liquidation_fade] trades=0 | cache hits=0 miss=11 err=0 | positions=0
2026-03-29 11:56:56,598 [INFO] [Heartbeat] equity=$4599.11 | daily=0.00% | pos=0 | notional=$0.00 | kill=False
2026-03-29 11:57:03,238 [INFO] [Scan:cvd_spike] trades=0 | cache hits=17 miss=5 err=0 | positions=0
2026-03-29 11:57:03,612 [INFO] [DOT] ASYMMETRIC SNIPER -> LONG | z=-2.75 strength=56.342
2026-03-29 11:57:04,240 [INFO] [Leverage] DOT set to 5x (isolated)
2026-03-29 11:57:04,434 [ERROR] [Entry] DOT BUY failed: binanceusdm {"code":-2019,"msg":"Margin is insufficient."}
2026-03-29 11:57:04,434 [INFO] [Scan:asymmetric_sniper] trades=0 | cache hits=0 miss=1 err=0 | positions=0
2026-03-29 11:57:32,439 [INFO] [CoinSelect] Volatility top 30 → 0 passed safety filter | rejected: 0
2026-03-29 11:57:35,206 [INFO] [Scan:liquidation_fade] trades=0 | cache hits=0 miss=11 err=0 | positions=0
2026-03-29 11:57:38,557 [INFO] [SignalScan] 11 coins | 11 candidates
2026-03-29 11:57:52,906 [INFO] [Heartbeat] equity=$4599.11 | daily=0.00% | pos=0 | notional=$0.00 | kill=False
2026-03-29 11:58:02,815 [INFO] [Scan:cvd_spike] trades=0 | cache hits=11 miss=22 err=0 | positions=0
2026-03-29 11:58:03,187 [INFO] [DOT] ASYMMETRIC SNIPER -> LONG | z=-2.75 strength=56.342
2026-03-29 11:58:03,791 [INFO] [Leverage] DOT set to 5x (isolated)
2026-03-29 11:58:03,986 [ERROR] [Entry] DOT BUY failed: binanceusdm {"code":-2019,"msg":"Margin is insufficient."}
2026-03-29 11:58:03,986 [INFO] [Scan:asymmetric_sniper] trades=0 | cache hits=0 miss=1 err=0 | positions=0
2026-03-29 11:58:31,882 [INFO] [Scan:liquidation_fade] trades=0 | cache hits=9 miss=2 err=0 | positions=0
2026-03-29 11:58:49,242 [INFO] [Heartbeat] equity=$4599.11 | daily=0.00% | pos=0 | notional=$0.00 | kill=False
2026-03-29 11:59:02,146 [INFO] [Scan:cvd_spike] trades=0 | cache hits=11 miss=11 err=0 | positions=0
2026-03-29 11:59:02,901 [INFO] [Scan:asymmetric_sniper] trades=0 | cache hits=0 miss=0 err=0 | positions=0
2026-03-29 11:59:31,173 [INFO] [Scan:liquidation_fade] trades=0 | cache hits=0 miss=11 err=0 | positions=0
2026-03-29 11:59:45,582 [INFO] [Heartbeat] equity=$4599.11 | daily=0.00% | pos=0 | notional=$0.00 | kill=False
2026-03-29 11:59:58,499 [INFO] [Scan:cvd_spike] trades=0 | cache hits=11 miss=0 err=0 | positions=0
2026-03-29 12:00:00,118 [INFO] [Scan:asymmetric_sniper] trades=0 | cache hits=9 miss=2 err=0 | positions=0
2026-03-29 12:00:27,518 [INFO] [Scan:liquidation_fade] trades=0 | cache hits=11 miss=0 err=0 | positions=0
2026-03-29 12:00:41,887 [INFO] [Heartbeat] equity=$4599.11 | daily=0.00% | pos=0 | notional=$0.00 | kill=False
2026-03-29 12:00:55,799 [INFO] [Scan:cvd_spike] trades=0 | cache hits=2 miss=9 err=0 | positions=0
2026-03-29 12:00:57,145 [INFO] [Scan:asymmetric_sniper] trades=0 | cache hits=11 miss=0 err=0 | positions=0
2026-03-29 12:01:24,956 [INFO] [Scan:liquidation_fade] trades=0 | cache hits=0 miss=11 err=0 | positions=0
2026-03-29 12:01:38,203 [INFO] [Heartbeat] equity=$4599.11 | daily=0.00% | pos=0 | notional=$0.00 | kill=False
2026-03-29 12:01:52,393 [INFO] [Scan:cvd_spike] trades=0 | cache hits=9 miss=2 err=0 | positions=0
2026-03-29 12:01:54,633 [INFO] [Scan:asymmetric_sniper] trades=0 | cache hits=6 miss=5 err=0 | positions=0
2026-03-29 12:02:21,263 [INFO] [Scan:liquidation_fade] trades=0 | cache hits=11 miss=0 err=0 | positions=0
2026-03-29 12:02:36,378 [INFO] [Heartbeat] equity=$4599.11 | daily=0.00% | pos=0 | notional=$0.00 | kill=False
2026-03-29 12:02:49,186 [INFO] [Scan:cvd_spike] trades=0 | cache hits=7 miss=4 err=0 | positions=0
2026-03-29 12:02:51,853 [INFO] [Scan:asymmetric_sniper] trades=0 | cache hits=9 miss=2 err=0 | positions=0
2026-03-29 12:03:18,688 [INFO] [Scan:liquidation_fade] trades=0 | cache hits=0 miss=11 err=0 | positions=0
2026-03-29 12:03:32,704 [INFO] [Heartbeat] equity=$4599.11 | daily=0.00% | pos=0 | notional=$0.00 | kill=False
2026-03-29 12:03:46,280 [INFO] [Scan:cvd_spike] trades=0 | cache hits=6 miss=5 err=0 | positions=0
2026-03-29 12:03:49,240 [INFO] [Scan:asymmetric_sniper] trades=0 | cache hits=7 miss=4 err=0 | positions=0
2026-03-29 12:04:15,037 [INFO] [Scan:liquidation_fade] trades=0 | cache hits=11 miss=0 err=0 | positions=0
2026-03-29 12:04:29,050 [INFO] [Heartbeat] equity=$4599.11 | daily=0.00% | pos=0 | notional=$0.00 | kill=False
2026-03-29 12:04:42,951 [INFO] [Scan:cvd_spike] trades=0 | cache hits=9 miss=2 err=0 | positions=0
2026-03-29 12:04:46,772 [INFO] [Scan:asymmetric_sniper] trades=0 | cache hits=6 miss=5 err=0 | positions=0
2026-03-29 12:05:12,471 [INFO] [Scan:liquidation_fade] trades=0 | cache hits=0 miss=11 err=0 | positions=0
2026-03-29 12:05:25,416 [INFO] [Heartbeat] equity=$4599.11 | daily=0.00% | pos=0 | notional=$0.00 | kill=False
2026-03-29 12:05:41,827 [INFO] [Scan:cvd_spike] trades=0 | cache hits=5 miss=6 err=0 | positions=0
2026-03-29 12:05:43,795 [INFO] [Scan:asymmetric_sniper] trades=0 | cache hits=11 miss=0 err=0 | positions=0
2026-03-29 12:06:11,802 [INFO] [Scan:liquidation_fade] trades=0 | cache hits=0 miss=11 err=0 | positions=0
2026-03-29 12:06:21,246 [INFO] [CoinSelect] Volatility top 30 → 0 passed safety filter | rejected: 0
2026-03-29 12:06:21,246 [INFO] [CoinRefresh] 11 coins active (base=13 + selective=0) | +{} -{}
2026-03-29 12:06:21,756 [INFO] [Heartbeat] equity=$4599.11 | daily=0.00% | pos=0 | notional=$0.00 | kill=False
2026-03-29 12:06:40,720 [INFO] [Scan:cvd_spike] trades=0 | cache hits=6 miss=5 err=0 | positions=0
2026-03-29 12:06:43,228 [INFO] [Scan:asymmetric_sniper] trades=0 | cache hits=5 miss=6 err=0 | positions=0
2026-03-29 12:07:08,119 [INFO] [Scan:liquidation_fade] trades=0 | cache hits=11 miss=0 err=0 | positions=0
2026-03-29 12:07:18,113 [INFO] [Heartbeat] equity=$4599.11 | daily=0.00% | pos=0 | notional=$0.00 | kill=False
2026-03-29 12:07:37,125 [INFO] [Scan:cvd_spike] trades=0 | cache hits=11 miss=0 err=0 | positions=0
2026-03-29 12:07:40,764 [INFO] [Scan:asymmetric_sniper] trades=0 | cache hits=6 miss=5 err=0 | positions=0
2026-03-29 12:08:05,589 [INFO] [Scan:liquidation_fade] trades=0 | cache hits=0 miss=11 err=0 | positions=0
2026-03-29 12:08:14,445 [INFO] [Heartbeat] equity=$4599.11 | daily=0.00% | pos=0 | notional=$0.00 | kill=False
2026-03-29 12:08:34,123 [INFO] [Scan:cvd_spike] trades=0 | cache hits=5 miss=6 err=0 | positions=0
2026-03-29 12:08:37,852 [INFO] [Scan:asymmetric_sniper] trades=0 | cache hits=11 miss=0 err=0 | positions=0
2026-03-29 12:09:01,931 [INFO] [Scan:liquidation_fade] trades=0 | cache hits=11 miss=0 err=0 | positions=0
2026-03-29 12:09:12,617 [INFO] [Heartbeat] equity=$4599.11 | daily=0.00% | pos=0 | notional=$0.00 | kill=False
2026-03-29 12:09:31,011 [INFO] [Scan:cvd_spike] trades=0 | cache hits=6 miss=5 err=0 | positions=0
2026-03-29 12:09:35,499 [INFO] [Scan:asymmetric_sniper] trades=0 | cache hits=5 miss=6 err=0 | positions=0
2026-03-29 12:09:59,388 [INFO] [Scan:liquidation_fade] trades=0 | cache hits=0 miss=11 err=0 | positions=0
2026-03-29 12:10:09,041 [INFO] [Heartbeat] equity=$4599.11 | daily=0.00% | pos=0 | notional=$0.00 | kill=False
2026-03-29 12:10:27,386 [INFO] [Scan:cvd_spike] trades=0 | cache hits=11 miss=0 err=0 | positions=0
2026-03-29 12:10:33,144 [INFO] [Scan:asymmetric_sniper] trades=0 | cache hits=6 miss=5 err=0 | positions=0
2026-03-29 12:10:55,794 [INFO] [Scan:liquidation_fade] trades=0 | cache hits=11 miss=0 err=0 | positions=0
2026-03-29 12:11:05,400 [INFO] [Heartbeat] equity=$4599.11 | daily=0.00% | pos=0 | notional=$0.00 | kill=False
2026-03-29 12:11:24,482 [INFO] [Scan:cvd_spike] trades=0 | cache hits=5 miss=6 err=0 | positions=0
2026-03-29 12:11:30,191 [INFO] [Scan:asymmetric_sniper] trades=0 | cache hits=11 miss=0 err=0 | positions=0
2026-03-29 12:11:49,146 [INFO] [CoinSelect] Volatility top 30 → 0 passed safety filter | rejected: 0
2026-03-29 12:11:53,469 [INFO] [Scan:liquidation_fade] trades=0 | cache hits=0 miss=15 err=0 | positions=0
2026-03-29 12:11:55,571 [INFO] [SignalScan] 11 coins | 11 candidates
2026-03-29 12:12:01,782 [INFO] [Heartbeat] equity=$4599.11 | daily=0.00% | pos=0 | notional=$0.00 | kill=False
2026-03-29 12:12:21,652 [INFO] [Scan:cvd_spike] trades=0 | cache hits=6 miss=12 err=0 | positions=0
2026-03-29 12:12:27,847 [INFO] [Scan:asymmetric_sniper] trades=0 | cache hits=5 miss=6 err=0 | positions=0
2026-03-29 12:12:52,751 [INFO] [Scan:liquidation_fade] trades=0 | cache hits=0 miss=11 err=0 | positions=0
2026-03-29 12:12:58,147 [INFO] [Heartbeat] equity=$4599.11 | daily=0.00% | pos=0 | notional=$0.00 | kill=False
2026-03-29 12:13:20,478 [INFO] [Scan:cvd_spike] trades=0 | cache hits=6 miss=5 err=0 | positions=0
2026-03-29 12:13:24,891 [INFO] [Scan:asymmetric_sniper] trades=0 | cache hits=11 miss=0 err=0 | positions=0
2026-03-29 12:13:52,100 [INFO] [Scan:liquidation_fade] trades=0 | cache hits=0 miss=11 err=0 | positions=0
2026-03-29 12:13:54,463 [INFO] [Heartbeat] equity=$4599.11 | daily=0.00% | pos=0 | notional=$0.00 | kill=False
2026-03-29 12:14:17,462 [INFO] [Scan:cvd_spike] trades=0 | cache hits=5 miss=6 err=0 | positions=0
2026-03-29 12:14:24,180 [INFO] [BNB] ASYMMETRIC SNIPER -> SHORT | z=1.98 strength=-0.434
2026-03-29 12:14:24,649 [INFO] [Leverage] BNB set to 5x (isolated)
2026-03-29 12:14:24,846 [ERROR] [Entry] BNB SELL failed: binanceusdm {"code":-2019,"msg":"Margin is insufficient."}
2026-03-29 12:14:24,846 [INFO] [Scan:asymmetric_sniper] trades=0 | cache hits=6 miss=6 err=0 | positions=0
2026-03-29 12:14:48,428 [INFO] [Scan:liquidation_fade] trades=0 | cache hits=11 miss=0 err=0 | positions=0
2026-03-29 12:14:52,651 [INFO] [Heartbeat] equity=$4599.11 | daily=0.00% | pos=0 | notional=$0.00 | kill=False
2026-03-29 12:15:14,152 [INFO] [Scan:cvd_spike] trades=0 | cache hits=11 miss=0 err=0 | positions=0
2026-03-29 12:15:24,556 [INFO] [BNB] ASYMMETRIC SNIPER -> SHORT | z=1.98 strength=-0.434
2026-03-29 12:15:24,766 [INFO] [ARB] ASYMMETRIC SNIPER -> LONG | z=-2.41 strength=2037.949
2026-03-29 12:15:25,223 [INFO] [Leverage] BNB set to 5x (isolated)
2026-03-29 12:15:25,416 [ERROR] [Entry] BNB SELL failed: binanceusdm {"code":-2019,"msg":"Margin is insufficient."}
2026-03-29 12:15:25,416 [INFO] [Scan:asymmetric_sniper] trades=0 | cache hits=0 miss=12 err=0 | positions=0
2026-03-29 12:15:46,208 [INFO] [OP] LIQ CASCADE → SHORT | OI_drop=1.43σ taker=1.5x move=0.973%
2026-03-29 12:15:46,690 [INFO] [Leverage] OP set to 5x (isolated)
2026-03-29 12:15:46,888 [ERROR] [Entry] OP SELL failed: binanceusdm {"code":-1021,"msg":"Timestamp for this request was 1000ms ahead of the server's time."}
2026-03-29 12:15:46,888 [INFO] [Scan:liquidation_fade] trades=0 | cache hits=0 miss=13 err=0 | positions=0
2026-03-29 12:15:49,034 [INFO] [Heartbeat] equity=$4599.11 | daily=0.00% | pos=0 | notional=$0.00 | kill=False
2026-03-29 12:16:10,881 [INFO] [Scan:cvd_spike] trades=0 | cache hits=11 miss=0 err=0 | positions=0
2026-03-29 12:16:25,388 [INFO] [ARB] ASYMMETRIC SNIPER -> LONG | z=-2.41 strength=2037.949
2026-03-29 12:16:25,779 [INFO] [Leverage] ARB set to 5x (isolated)
2026-03-29 12:16:25,971 [ERROR] [Entry] ARB BUY failed: binanceusdm {"code":-1021,"msg":"Timestamp for this request was 1000ms ahead of the server's time."}
2026-03-29 12:16:25,971 [INFO] [Scan:asymmetric_sniper] trades=0 | cache hits=0 miss=12 err=0 | positions=0
2026-03-29 12:16:43,260 [INFO] [OP] LIQ CASCADE → SHORT | OI_drop=1.43σ taker=1.5x move=0.973%
2026-03-29 12:16:44,086 [INFO] [Leverage] OP set to 5x (isolated)
2026-03-29 12:16:45,411 [INFO] [Heartbeat] equity=$4599.11 | daily=0.00% | pos=0 | notional=$0.00 | kill=False
2026-03-29 12:17:05,668 [INFO] [WaitFill] OP timeout (20.0s), cancelling
2026-03-29 12:17:05,986 [INFO] [Scan:liquidation_fade] trades=0 | cache hits=11 miss=2 err=0 | positions=0
2026-03-29 12:17:07,382 [INFO] [Scan:cvd_spike] trades=0 | cache hits=11 miss=0 err=0 | positions=0
2026-03-29 12:17:23,240 [INFO] [ARB] ASYMMETRIC SNIPER -> LONG | z=-2.41 strength=2037.949
2026-03-29 12:17:23,552 [INFO] [ETH] ASYMMETRIC SNIPER -> LONG | z=-4.55 strength=2803.106
2026-03-29 12:17:23,972 [INFO] [Leverage] ETH set to 5x (isolated)
2026-03-29 12:17:24,256 [ERROR] [Entry] ETH BUY failed: binanceusdm {"code":-1021,"msg":"Timestamp for this request was 1000ms ahead of the server's time."}
2026-03-29 12:17:24,256 [INFO] [Scan:asymmetric_sniper] trades=0 | cache hits=5 miss=7 err=0 | positions=0
2026-03-29 12:17:41,742 [INFO] [Heartbeat] equity=$4599.11 | daily=0.00% | pos=0 | notional=$0.00 | kill=False
2026-03-29 12:18:03,722 [INFO] [OP] LIQ CASCADE → SHORT | OI_drop=3.17σ taker=2.7x move=1.166%
2026-03-29 12:18:03,788 [INFO] [ARB] LIQ CASCADE → SHORT | OI_drop=2.19σ taker=3.9x move=0.556%
2026-03-29 12:18:04,613 [INFO] [Scan:cvd_spike] trades=0 | cache hits=6 miss=18 err=0 | positions=0
2026-03-29 12:18:04,934 [INFO] [Leverage] OP set to 5x (isolated)
2026-03-29 12:18:21,218 [INFO] [ETH] ASYMMETRIC SNIPER -> LONG | z=-4.55 strength=2803.106
2026-03-29 12:18:21,407 [INFO] [AVAX] ASYMMETRIC SNIPER -> SHORT | z=10.41 strength=-24.289
2026-03-29 12:18:21,695 [INFO] [OP] ASYMMETRIC SNIPER -> SHORT | z=5.18 strength=-3.317
2026-03-29 12:18:21,747 [INFO] [ARB] ASYMMETRIC SNIPER -> SHORT | z=7.78 strength=-6.541
2026-03-29 12:18:25,576 [INFO] [WaitFill] OP timeout (20.0s), cancelling
2026-03-29 12:18:25,988 [INFO] [Leverage] ETH set to 5x (isolated)
2026-03-29 12:18:26,306 [ERROR] [Entry] ETH BUY failed: binanceusdm {"code":-1021,"msg":"Timestamp for this request was 1000ms ahead of the server's time."}
2026-03-29 12:18:26,306 [INFO] [Scan:asymmetric_sniper] trades=0 | cache hits=9 miss=5 err=0 | positions=0
2026-03-29 12:18:26,428 [INFO] [Leverage] ARB set to 5x (isolated)
2026-03-29 12:18:26,777 [ERROR] [Entry] ARB SELL failed: binanceusdm {"code":-1021,"msg":"Timestamp for this request was 1000ms ahead of the server's time."}
2026-03-29 12:18:26,778 [INFO] [Scan:liquidation_fade] trades=0 | cache hits=0 miss=0 err=0 | positions=0
2026-03-29 12:18:38,132 [INFO] [Heartbeat] equity=$4599.11 | daily=0.00% | pos=0 | notional=$0.00 | kill=False
2026-03-29 12:19:01,754 [INFO] [Scan:cvd_spike] trades=0 | cache hits=7 miss=4 err=0 | positions=0
2026-03-29 12:19:22,940 [INFO] [DOGE] ASYMMETRIC SNIPER -> SHORT | z=4.59 strength=-1.805
2026-03-29 12:19:24,970 [INFO] [OP] ASYMMETRIC SNIPER -> SHORT | z=5.18 strength=-3.317
2026-03-29 12:19:25,135 [INFO] [OP] LIQ CASCADE → SHORT | OI_drop=3.40σ taker=2.9x move=1.166%
2026-03-29 12:19:25,187 [INFO] [ARB] LIQ CASCADE → SHORT | OI_drop=4.82σ taker=6.2x move=0.778%
2026-03-29 12:19:25,555 [INFO] [Leverage] DOGE set to 5x (isolated)
2026-03-29 12:19:25,756 [ERROR] [Entry] DOGE SELL failed: binanceusdm {"code":-1021,"msg":"Timestamp for this request was 1000ms ahead of the server's time."}
2026-03-29 12:19:25,756 [INFO] [Scan:asymmetric_sniper] trades=0 | cache hits=4 miss=22 err=0 | positions=0
2026-03-29 12:19:25,857 [INFO] [Leverage] OP set to 5x (isolated)
2026-03-29 12:19:26,293 [ERROR] [Entry] OP SELL failed: binanceusdm {"code":-1021,"msg":"Timestamp for this request was 1000ms ahead of the server's time."}
2026-03-29 12:19:26,819 [INFO] [Leverage] ARB set to 5x (isolated)
2026-03-29 12:19:27,036 [ERROR] [Entry] ARB SELL failed: binanceusdm {"code":-1021,"msg":"Timestamp for this request was 1000ms ahead of the server's time."}
2026-03-29 12:19:27,037 [INFO] [Scan:liquidation_fade] trades=0 | cache hits=0 miss=1 err=0 | positions=0
2026-03-29 12:19:34,510 [INFO] [Heartbeat] equity=$4599.11 | daily=0.00% | pos=0 | notional=$0.00 | kill=False
2026-03-29 12:20:00,647 [INFO] [Scan:cvd_spike] trades=0 | cache hits=7 miss=4 err=0 | positions=0
2026-03-29 12:20:23,147 [INFO] [EVGuardian] momentum_breakout: EV=0.0000% tp_rate=0.0% n=7 ok
2026-03-29 12:20:23,147 [INFO] [EVGuardian] cvd_spike: EV=0.0000% tp_rate=0.0% n=66 ok
2026-03-29 12:20:23,147 [INFO] [EVGuardian] asymmetric_sniper: EV=0.0000% tp_rate=0.0% n=32 ok
2026-03-29 12:20:23,147 [INFO] [EVGuardian] liquidation_fade: EV=0.0000% tp_rate=0.0% n=28 ok
2026-03-29 12:20:23,376 [INFO] [OP] ASYMMETRIC SNIPER -> SHORT | z=5.18 strength=-3.317
2026-03-29 12:20:24,537 [ERROR] [DataHub] OHLCV fetch failed ARB/5m: binanceusdm 429 Too Many Requests {"code":-1003,"msg":"Too many requests; current limit of IP(15.158.3.40) is 6000 requests per minute. Please use the websocket for live updates to avoid polling the API."}
2026-03-29 12:20:24,820 [INFO] [ARB] LIQ CASCADE → SHORT | OI_drop=4.82σ taker=6.2x move=0.778%
2026-03-29 12:20:24,984 [INFO] [Leverage] OP set to 5x (isolated)
2026-03-29 12:20:25,239 [ERROR] [Entry] OP SELL failed: binanceusdm {"code":-1021,"msg":"Timestamp for this request was 1000ms ahead of the server's time."}
2026-03-29 12:20:25,239 [INFO] [Scan:asymmetric_sniper] trades=0 | cache hits=4 miss=20 err=1 | positions=0
2026-03-29 12:20:25,340 [INFO] [Leverage] ARB set to 5x (isolated)
2026-03-29 12:20:25,690 [ERROR] [Entry] ARB SELL failed: binanceusdm {"code":-1021,"msg":"Timestamp for this request was 1000ms ahead of the server's time."}
2026-03-29 12:20:25,690 [INFO] [Scan:liquidation_fade] trades=0 | cache hits=0 miss=0 err=0 | positions=0
2026-03-29 12:20:30,383 [INFO] [CoinSelect] Volatility top 30 → 0 passed safety filter | rejected: 0
2026-03-29 12:20:30,383 [INFO] [CoinRefresh] 11 coins active (base=13 + selective=0) | +{} -{}
2026-03-29 12:20:30,876 [INFO] [Heartbeat] equity=$4599.11 | daily=0.00% | pos=0 | notional=$0.00 | kill=False
2026-03-29 12:20:59,112 [INFO] [Scan:cvd_spike] trades=0 | cache hits=11 miss=0 err=0 | positions=0
2026-03-29 12:21:23,641 [INFO] [ETH] ASYMMETRIC SNIPER -> SHORT | z=2.53 strength=-0.516
2026-03-29 12:21:24,031 [INFO] [ARB] LIQ CASCADE → SHORT | OI_drop=4.13σ taker=6.2x move=0.667%
2026-03-29 12:21:24,388 [INFO] [Leverage] ETH set to 5x (isolated)
2026-03-29 12:21:24,593 [ERROR] [Entry] ETH SELL failed: binanceusdm {"code":-1021,"msg":"Timestamp for this request was 1000ms ahead of the server's time."}
2026-03-29 12:21:24,593 [INFO] [Scan:asymmetric_sniper] trades=0 | cache hits=5 miss=20 err=0 | positions=0
2026-03-29 12:21:24,704 [INFO] [Leverage] ARB set to 5x (isolated)
2026-03-29 12:21:25,064 [ERROR] [Entry] ARB SELL failed: binanceusdm {"code":-1021,"msg":"Timestamp for this request was 1000ms ahead of the server's time."}
2026-03-29 12:21:25,064 [INFO] [Scan:liquidation_fade] trades=0 | cache hits=0 miss=0 err=0 | positions=0
2026-03-29 12:21:29,080 [INFO] [Heartbeat] equity=$4599.11 | daily=0.00% | pos=0 | notional=$0.00 | kill=False
2026-03-29 12:21:55,851 [INFO] [Scan:cvd_spike] trades=0 | cache hits=11 miss=0 err=0 | positions=0
2026-03-29 12:22:21,405 [INFO] [ARB] LIQ CASCADE → SHORT | OI_drop=4.13σ taker=6.2x move=0.667%
2026-03-29 12:22:23,721 [INFO] [Scan:asymmetric_sniper] trades=0 | cache hits=3 miss=20 err=0 | positions=0
2026-03-29 12:22:24,058 [INFO] [Leverage] ARB set to 5x (isolated)
2026-03-29 12:22:24,337 [WARNING] [Entry] ARB Post-Only FAILED, fallback to limit: binanceusdm {"code":-5022,"msg":"Due to the order could not be executed as maker, the Post Only order will be rejected. The order will not be recorded in the order history"}
2026-03-29 12:22:24,585 [ERROR] [Entry] ARB SELL limit fallback failed: binanceusdm {"code":-1021,"msg":"Timestamp for this request was 1000ms ahead of the server's time."}
2026-03-29 12:22:24,585 [INFO] [Scan:liquidation_fade] trades=0 | cache hits=0 miss=1 err=0 | positions=0
2026-03-29 12:22:25,458 [INFO] [Heartbeat] equity=$4599.11 | daily=0.00% | pos=0 | notional=$0.00 | kill=False
2026-03-29 12:22:52,233 [INFO] [Scan:cvd_spike] trades=0 | cache hits=11 miss=0 err=0 | positions=0
2026-03-29 12:23:21,619 [INFO] [ETH] ASYMMETRIC SNIPER -> SHORT | z=2.53 strength=-0.516
2026-03-29 12:23:21,821 [INFO] [Heartbeat] equity=$4599.11 | daily=0.00% | pos=0 | notional=$0.00 | kill=False
2026-03-29 12:23:22,481 [INFO] [Scan:liquidation_fade] trades=0 | cache hits=4 miss=18 err=0 | positions=0
2026-03-29 12:23:22,626 [INFO] [OP] ASYMMETRIC SNIPER -> SHORT | z=2.42 strength=-0.867
2026-03-29 12:23:23,096 [INFO] [Leverage] ETH set to 5x (isolated)
2026-03-29 12:23:23,308 [ERROR] [Entry] ETH SELL failed: binanceusdm {"code":-2019,"msg":"Margin is insufficient."}
2026-03-29 12:23:23,308 [INFO] [Scan:asymmetric_sniper] trades=0 | cache hits=0 miss=1 err=0 | positions=0
2026-03-29 12:23:49,047 [INFO] [Scan:cvd_spike] trades=0 | cache hits=10 miss=1 err=0 | positions=0
2026-03-29 12:24:18,187 [INFO] [Heartbeat] equity=$4599.11 | daily=0.00% | pos=0 | notional=$0.00 | kill=False
2026-03-29 12:24:19,363 [INFO] [OP] LIQ CASCADE → SHORT | OI_drop=1.58σ taker=2.0x move=0.777%
2026-03-29 12:24:19,848 [INFO] [Leverage] OP set to 5x (isolated)
2026-03-29 12:24:21,744 [INFO] [AVAX] ASYMMETRIC SNIPER -> SHORT | z=1.92 strength=-3.455
2026-03-29 12:24:21,794 [INFO] [ARB] ASYMMETRIC SNIPER -> SHORT | z=3.11 strength=-1.521
2026-03-29 12:24:41,624 [INFO] [WaitFill] OP timeout (20.0s), cancelling
2026-03-29 12:24:41,930 [INFO] [Scan:liquidation_fade] trades=0 | cache hits=9 miss=16 err=0 | positions=0
2026-03-29 12:24:42,030 [INFO] [Leverage] AVAX set to 5x (isolated)
2026-03-29 12:24:42,235 [ERROR] [Entry] AVAX SELL failed: binanceusdm {"code":-2019,"msg":"Margin is insufficient."}
2026-03-29 12:24:42,235 [INFO] [Scan:asymmetric_sniper] trades=0 | cache hits=0 miss=0 err=0 | positions=0
2026-03-29 12:24:45,949 [INFO] [Scan:cvd_spike] trades=0 | cache hits=11 miss=0 err=0 | positions=0
2026-03-29 12:25:14,548 [INFO] [Heartbeat] equity=$4599.11 | daily=0.00% | pos=0 | notional=$0.00 | kill=False
2026-03-29 12:25:38,460 [ERROR] [DataHub] OHLCV fetch failed XRP/5m: binanceusdm 429 Too Many Requests {"code":-1003,"msg":"Too many requests; current limit of IP(15.158.3.19) is 6000 requests per minute. Please use the websocket for live updates to avoid polling the API."}
2026-03-29 12:25:39,419 [INFO] [Scan:liquidation_fade] trades=0 | cache hits=0 miss=10 err=1 | positions=0
2026-03-29 12:25:39,607 [ERROR] [DataHub] OHLCV fetch failed SOL/1m: binanceusdm 429 Too Many Requests {"code":-1003,"msg":"Too many requests; current limit of IP(15.158.3.19) is 6000 requests per minute. Please use the websocket for live updates to avoid polling the API."}
2026-03-29 12:25:40,960 [INFO] [AVAX] ASYMMETRIC SNIPER -> SHORT | z=2.66 strength=-5.037
2026-03-29 12:25:41,020 [INFO] [OP] ASYMMETRIC SNIPER -> SHORT | z=6.06 strength=-3.257
2026-03-29 12:25:41,070 [INFO] [ARB] ASYMMETRIC SNIPER -> SHORT | z=3.11 strength=-1.521
2026-03-29 12:25:41,476 [INFO] [Leverage] AVAX set to 5x (isolated)
2026-03-29 12:25:41,672 [ERROR] [Entry] AVAX SELL failed: binanceusdm {"code":-2019,"msg":"Margin is insufficient."}
2026-03-29 12:25:41,673 [INFO] [Scan:asymmetric_sniper] trades=0 | cache hits=0 miss=11 err=1 | positions=0
2026-03-29 12:25:42,874 [INFO] [Scan:cvd_spike] trades=0 | cache hits=10 miss=1 err=0 | positions=0
2026-03-29 12:26:06,535 [INFO] [CoinSelect] Volatility top 30 → 0 passed safety filter | rejected: 0
2026-03-29 12:26:10,911 [INFO] [Heartbeat] equity=$4599.11 | daily=0.00% | pos=0 | notional=$0.00 | kill=False
2026-03-29 12:26:11,787 [INFO] [SignalScan] 11 coins | 11 candidates
2026-03-29 12:26:38,121 [ERROR] [DataHub] OHLCV fetch failed DOGE/5m: binanceusdm 429 Too Many Requests {"code":-1003,"msg":"Too many requests; current limit of IP(15.158.3.19) is 6000 requests per minute. Please use the websocket for live updates to avoid polling the API."}
2026-03-29 12:26:38,923 [INFO] [Scan:liquidation_fade] trades=0 | cache hits=0 miss=21 err=1 | positions=0
2026-03-29 12:26:40,987 [ERROR] [DataHub] OHLCV fetch failed SUI/1m: binanceusdm 429 Too Many Requests {"code":-1003,"msg":"Too many requests; current limit of IP(15.158.3.19) is 6000 requests per minute. Please use the websocket for live updates to avoid polling the API."}
2026-03-29 12:26:41,499 [INFO] [OP] ASYMMETRIC SNIPER -> SHORT | z=6.06 strength=-3.257
2026-03-29 12:26:41,717 [INFO] [Scan:cvd_spike] trades=0 | cache hits=11 miss=10 err=1 | positions=0
2026-03-29 12:26:42,062 [INFO] [Leverage] OP set to 5x (isolated)
2026-03-29 12:26:42,277 [ERROR] [Entry] OP SELL failed: binanceusdm {"code":-2019,"msg":"Margin is insufficient."}
2026-03-29 12:26:42,279 [INFO] [Scan:asymmetric_sniper] trades=0 | cache hits=0 miss=1 err=0 | positions=0
2026-03-29 12:27:09,102 [INFO] [Heartbeat] equity=$4599.11 | daily=0.00% | pos=0 | notional=$0.00 | kill=False
2026-03-29 12:27:35,637 [INFO] [Scan:liquidation_fade] trades=0 | cache hits=10 miss=1 err=0 | positions=0
2026-03-29 12:27:41,166 [INFO] [Scan:cvd_spike] trades=0 | cache hits=11 miss=11 err=0 | positions=0
2026-03-29 12:27:41,748 [INFO] [Scan:asymmetric_sniper] trades=0 | cache hits=0 miss=0 err=0 | positions=0
2026-03-29 12:28:05,464 [INFO] [Heartbeat] equity=$4599.11 | daily=0.00% | pos=0 | notional=$0.00 | kill=False
2026-03-29 12:28:32,996 [INFO] [Scan:liquidation_fade] trades=0 | cache hits=1 miss=10 err=0 | positions=0
2026-03-29 12:28:37,769 [INFO] [Scan:cvd_spike] trades=0 | cache hits=11 miss=0 err=0 | positions=0
2026-03-29 12:28:40,780 [ERROR] [DataHub] OHLCV fetch failed AVAX/1m: binanceusdm 429 Too Many Requests {"code":-1003,"msg":"Too many requests; current limit of IP(15.158.3.19) is 6000 requests per minute. Please use the websocket for live updates to avoid polling the API."}
2026-03-29 12:28:41,732 [INFO] [Scan:asymmetric_sniper] trades=0 | cache hits=0 miss=10 err=1 | positions=0
2026-03-29 12:29:01,846 [INFO] [Heartbeat] equity=$4599.11 | daily=0.00% | pos=0 | notional=$0.00 | kill=False
2026-03-29 12:29:29,538 [INFO] [Scan:liquidation_fade] trades=0 | cache hits=10 miss=1 err=0 | positions=0
2026-03-29 12:29:34,326 [INFO] [Scan:cvd_spike] trades=0 | cache hits=10 miss=1 err=0 | positions=0
2026-03-29 12:29:38,949 [INFO] [Scan:asymmetric_sniper] trades=0 | cache hits=10 miss=1 err=0 | positions=0
2026-03-29 12:29:58,207 [INFO] [Heartbeat] equity=$4599.11 | daily=0.00% | pos=0 | notional=$0.00 | kill=False
2026-03-29 12:30:26,932 [INFO] [Scan:liquidation_fade] trades=0 | cache hits=1 miss=10 err=0 | positions=0
2026-03-29 12:30:31,718 [INFO] [Scan:cvd_spike] trades=0 | cache hits=2 miss=9 err=0 | positions=0
2026-03-29 12:30:36,155 [INFO] [Scan:asymmetric_sniper] trades=0 | cache hits=10 miss=1 err=0 | positions=0
2026-03-29 12:30:54,565 [INFO] [Heartbeat] equity=$4599.11 | daily=0.00% | pos=0 | notional=$0.00 | kill=False
2026-03-29 12:31:23,491 [INFO] [Scan:liquidation_fade] trades=0 | cache hits=10 miss=1 err=0 | positions=0
2026-03-29 12:31:28,271 [INFO] [Scan:cvd_spike] trades=0 | cache hits=10 miss=1 err=0 | positions=0
2026-03-29 12:31:34,089 [INFO] [Scan:asymmetric_sniper] trades=0 | cache hits=2 miss=9 err=0 | positions=0
2026-03-29 12:31:50,923 [INFO] [Heartbeat] equity=$4599.11 | daily=0.00% | pos=0 | notional=$0.00 | kill=False
2026-03-29 12:32:20,858 [INFO] [Scan:liquidation_fade] trades=0 | cache hits=1 miss=10 err=0 | positions=0
2026-03-29 12:32:24,807 [INFO] [Scan:cvd_spike] trades=0 | cache hits=10 miss=1 err=0 | positions=0
2026-03-29 12:32:31,305 [INFO] [Scan:asymmetric_sniper] trades=0 | cache hits=10 miss=1 err=0 | positions=0
2026-03-29 12:32:47,292 [INFO] [Heartbeat] equity=$4599.11 | daily=0.00% | pos=0 | notional=$0.00 | kill=False
2026-03-29 12:33:17,350 [INFO] [Scan:liquidation_fade] trades=0 | cache hits=10 miss=1 err=0 | positions=0
2026-03-29 12:33:22,144 [INFO] [Scan:cvd_spike] trades=0 | cache hits=2 miss=9 err=0 | positions=0
2026-03-29 12:33:28,458 [INFO] [Scan:asymmetric_sniper] trades=0 | cache hits=10 miss=1 err=0 | positions=0
2026-03-29 12:33:45,489 [INFO] [Heartbeat] equity=$4599.11 | daily=0.00% | pos=0 | notional=$0.00 | kill=False
2026-03-29 12:34:16,682 [INFO] [Scan:liquidation_fade] trades=0 | cache hits=0 miss=11 err=0 | positions=0
2026-03-29 12:34:18,667 [INFO] [Scan:cvd_spike] trades=0 | cache hits=10 miss=1 err=0 | positions=0
2026-03-29 12:34:27,322 [INFO] [Scan:asymmetric_sniper] trades=0 | cache hits=2 miss=9 err=0 | positions=0
2026-03-29 12:34:41,389 [INFO] [CoinSelect] Volatility top 30 → 0 passed safety filter | rejected: 0
2026-03-29 12:34:41,389 [INFO] [CoinRefresh] 11 coins active (base=13 + selective=0) | +{} -{}
2026-03-29 12:34:41,836 [INFO] [Heartbeat] equity=$4599.11 | daily=0.00% | pos=0 | notional=$0.00 | kill=False
2026-03-29 12:35:13,024 [INFO] [Scan:liquidation_fade] trades=0 | cache hits=11 miss=0 err=0 | positions=0
2026-03-29 12:35:19,043 [INFO] [Scan:cvd_spike] trades=0 | cache hits=9 miss=2 err=0 | positions=0
2026-03-29 12:35:24,439 [INFO] [Scan:asymmetric_sniper] trades=0 | cache hits=11 miss=0 err=0 | positions=0
2026-03-29 12:35:38,173 [INFO] [Heartbeat] equity=$4599.11 | daily=0.00% | pos=0 | notional=$0.00 | kill=False
2026-03-29 12:36:10,470 [INFO] [Scan:liquidation_fade] trades=0 | cache hits=0 miss=11 err=0 | positions=0
2026-03-29 12:36:16,469 [INFO] [Scan:cvd_spike] trades=0 | cache hits=2 miss=9 err=0 | positions=0
2026-03-29 12:36:23,039 [INFO] [ETH] ASYMMETRIC SNIPER -> SHORT | z=2.36 strength=-0.519
2026-03-29 12:36:23,530 [INFO] [AVAX] ASYMMETRIC SNIPER -> SHORT | z=2.30 strength=-4.473
2026-03-29 12:36:23,930 [INFO] [Leverage] ETH set to 5x (isolated)
2026-03-29 12:36:24,137 [ERROR] [Entry] ETH SELL failed: binanceusdm {"code":-2019,"msg":"Margin is insufficient."}
2026-03-29 12:36:24,138 [INFO] [Scan:asymmetric_sniper] trades=0 | cache hits=9 miss=3 err=0 | positions=0
2026-03-29 12:36:34,505 [INFO] [Heartbeat] equity=$4599.11 | daily=0.00% | pos=0 | notional=$0.00 | kill=False
2026-03-29 12:37:06,793 [INFO] [Scan:liquidation_fade] trades=0 | cache hits=11 miss=0 err=0 | positions=0
2026-03-29 12:37:13,288 [INFO] [Scan:cvd_spike] trades=0 | cache hits=11 miss=0 err=0 | positions=0
2026-03-29 12:37:23,751 [INFO] [ETH] ASYMMETRIC SNIPER -> SHORT | z=2.36 strength=-0.519
2026-03-29 12:37:23,906 [INFO] [AVAX] ASYMMETRIC SNIPER -> SHORT | z=2.30 strength=-4.473
2026-03-29 12:37:22,571 [INFO] [Leverage] ETH set to 5x (isolated)
2026-03-29 12:37:22,767 [ERROR] [Entry] ETH SELL failed: binanceusdm {"code":-2019,"msg":"Margin is insufficient."}
2026-03-29 12:37:22,767 [INFO] [Scan:asymmetric_sniper] trades=0 | cache hits=0 miss=12 err=0 | positions=0
2026-03-29 12:37:30,860 [INFO] [Heartbeat] equity=$4599.11 | daily=0.00% | pos=0 | notional=$0.00 | kill=False
2026-03-29 12:38:04,394 [INFO] [Scan:liquidation_fade] trades=0 | cache hits=0 miss=11 err=0 | positions=0
2026-03-29 12:38:09,868 [INFO] [Scan:cvd_spike] trades=0 | cache hits=11 miss=0 err=0 | positions=0
2026-03-29 12:38:21,718 [INFO] [AVAX] ASYMMETRIC SNIPER -> SHORT | z=2.30 strength=-4.473
2026-03-29 12:38:22,585 [INFO] [Leverage] AVAX set to 5x (isolated)
2026-03-29 12:38:22,783 [ERROR] [Entry] AVAX SELL failed: binanceusdm {"code":-1021,"msg":"Timestamp for this request was 1000ms ahead of the server's time."}
2026-03-29 12:38:22,783 [INFO] [Scan:asymmetric_sniper] trades=0 | cache hits=5 miss=7 err=0 | positions=0
2026-03-29 12:38:27,180 [INFO] [Heartbeat] equity=$4599.11 | daily=0.00% | pos=0 | notional=$0.00 | kill=False
2026-03-29 12:39:00,704 [INFO] [Scan:liquidation_fade] trades=0 | cache hits=11 miss=0 err=0 | positions=0
2026-03-29 12:39:06,971 [INFO] [Scan:cvd_spike] trades=0 | cache hits=6 miss=5 err=0 | positions=0
2026-03-29 12:39:19,934 [INFO] [Scan:asymmetric_sniper] trades=0 | cache hits=10 miss=1 err=0 | positions=0
2026-03-29 12:39:25,387 [INFO] [Heartbeat] equity=$4599.11 | daily=0.00% | pos=0 | notional=$0.00 | kill=False
2026-03-29 12:39:58,189 [INFO] [Scan:liquidation_fade] trades=0 | cache hits=0 miss=11 err=0 | positions=0
2026-03-29 12:40:03,908 [INFO] [Scan:cvd_spike] trades=0 | cache hits=6 miss=5 err=0 | positions=0
2026-03-29 12:40:17,482 [INFO] [Scan:asymmetric_sniper] trades=0 | cache hits=6 miss=5 err=0 | positions=0
2026-03-29 12:40:21,746 [INFO] [Heartbeat] equity=$4599.11 | daily=0.00% | pos=0 | notional=$0.00 | kill=False
2026-03-29 12:40:22,499 [INFO] [CoinSelect] Volatility top 30 → 0 passed safety filter | rejected: 0
2026-03-29 12:40:27,711 [INFO] [SignalScan] 11 coins | 11 candidates
2026-03-29 12:40:57,657 [INFO] [Scan:liquidation_fade] trades=0 | cache hits=0 miss=22 err=0 | positions=0
2026-03-29 12:41:00,713 [INFO] [Scan:cvd_spike] trades=0 | cache hits=10 miss=1 err=0 | positions=0
2026-03-29 12:41:15,047 [INFO] [Scan:asymmetric_sniper] trades=0 | cache hits=6 miss=5 err=0 | positions=0
2026-03-29 12:41:18,121 [INFO] [Heartbeat] equity=$4599.11 | daily=0.00% | pos=0 | notional=$0.00 | kill=False
2026-03-29 12:41:54,025 [INFO] [Scan:liquidation_fade] trades=0 | cache hits=11 miss=0 err=0 | positions=0
2026-03-29 12:41:59,532 [INFO] [Scan:cvd_spike] trades=0 | cache hits=5 miss=6 err=0 | positions=0
2026-03-29 12:42:12,096 [INFO] [Scan:asymmetric_sniper] trades=0 | cache hits=11 miss=0 err=0 | positions=0
2026-03-29 12:42:14,444 [INFO] [Heartbeat] equity=$4599.11 | daily=0.00% | pos=0 | notional=$0.00 | kill=False
2026-03-29 12:42:51,482 [INFO] [Scan:liquidation_fade] trades=0 | cache hits=0 miss=11 err=0 | positions=0
2026-03-29 12:42:56,536 [INFO] [Scan:cvd_spike] trades=0 | cache hits=6 miss=5 err=0 | positions=0
2026-03-29 12:43:09,715 [INFO] [Scan:asymmetric_sniper] trades=0 | cache hits=5 miss=6 err=0 | positions=0
2026-03-29 12:43:10,798 [INFO] [Heartbeat] equity=$4599.11 | daily=0.00% | pos=0 | notional=$0.00 | kill=False
2026-03-29 12:43:47,830 [INFO] [Scan:liquidation_fade] trades=0 | cache hits=11 miss=0 err=0 | positions=0
2026-03-29 12:43:53,042 [INFO] [Scan:cvd_spike] trades=0 | cache hits=11 miss=0 err=0 | positions=0
2026-03-29 12:44:07,130 [INFO] [Heartbeat] equity=$4599.11 | daily=0.00% | pos=0 | notional=$0.00 | kill=False
2026-03-29 12:44:07,220 [INFO] [Scan:asymmetric_sniper] trades=0 | cache hits=6 miss=5 err=0 | positions=0
2026-03-29 12:44:45,287 [INFO] [Scan:liquidation_fade] trades=0 | cache hits=0 miss=11 err=0 | positions=0
2026-03-29 12:44:50,077 [INFO] [Scan:cvd_spike] trades=0 | cache hits=5 miss=6 err=0 | positions=0
2026-03-29 12:45:03,533 [INFO] [Heartbeat] equity=$4599.11 | daily=0.00% | pos=0 | notional=$0.00 | kill=False
2026-03-29 12:45:04,272 [INFO] [Scan:asymmetric_sniper] trades=0 | cache hits=11 miss=0 err=0 | positions=0
2026-03-29 12:45:41,718 [INFO] [Scan:liquidation_fade] trades=0 | cache hits=11 miss=0 err=0 | positions=0
2026-03-29 12:45:46,938 [INFO] [Scan:cvd_spike] trades=0 | cache hits=6 miss=5 err=0 | positions=0
2026-03-29 12:46:01,755 [INFO] [Heartbeat] equity=$4599.11 | daily=0.00% | pos=0 | notional=$0.00 | kill=False
2026-03-29 12:46:03,794 [INFO] [Scan:asymmetric_sniper] trades=0 | cache hits=5 miss=6 err=0 | positions=0
2026-03-29 12:46:39,263 [INFO] [Scan:liquidation_fade] trades=0 | cache hits=0 miss=11 err=0 | positions=0
2026-03-29 12:46:43,344 [INFO] [Scan:cvd_spike] trades=0 | cache hits=11 miss=0 err=0 | positions=0
2026-03-29 12:46:58,167 [INFO] [Heartbeat] equity=$4599.11 | daily=0.00% | pos=0 | notional=$0.00 | kill=False
2026-03-29 12:47:01,380 [INFO] [Scan:asymmetric_sniper] trades=0 | cache hits=6 miss=5 err=0 | positions=0
2026-03-29 12:47:35,635 [INFO] [Scan:liquidation_fade] trades=0 | cache hits=11 miss=0 err=0 | positions=0
2026-03-29 12:47:40,354 [INFO] [Scan:cvd_spike] trades=0 | cache hits=5 miss=6 err=0 | positions=0
2026-03-29 12:47:54,543 [INFO] [Heartbeat] equity=$4599.11 | daily=0.00% | pos=0 | notional=$0.00 | kill=False
2026-03-29 12:47:58,503 [INFO] [Scan:asymmetric_sniper] trades=0 | cache hits=11 miss=0 err=0 | positions=0
2026-03-29 12:48:34,909 [INFO] [Scan:liquidation_fade] trades=0 | cache hits=0 miss=11 err=0 | positions=0
2026-03-29 12:48:39,837 [INFO] [Scan:cvd_spike] trades=0 | cache hits=0 miss=11 err=0 | positions=0
2026-03-29 12:48:50,191 [INFO] [CoinSelect] Volatility top 30 → 0 passed safety filter | rejected: 0
2026-03-29 12:48:50,191 [INFO] [CoinRefresh] 11 coins active (base=13 + selective=0) | +{} -{}
2026-03-29 12:48:50,867 [INFO] [Heartbeat] equity=$4599.11 | daily=0.00% | pos=0 | notional=$0.00 | kill=False
2026-03-29 12:48:57,125 [INFO] [BNB] ASYMMETRIC SNIPER -> SHORT | z=2.62 strength=-0.794
2026-03-29 12:48:57,840 [INFO] [Leverage] BNB set to 5x (isolated)
2026-03-29 12:48:58,050 [ERROR] [Entry] BNB SELL failed: binanceusdm {"code":-2019,"msg":"Margin is insufficient."}
2026-03-29 12:48:58,050 [INFO] [Scan:asymmetric_sniper] trades=0 | cache hits=11 miss=1 err=0 | positions=0
2026-03-29 12:49:31,310 [INFO] [Scan:liquidation_fade] trades=0 | cache hits=11 miss=0 err=0 | positions=0
2026-03-29 12:49:39,423 [INFO] [Scan:cvd_spike] trades=0 | cache hits=0 miss=11 err=0 | positions=0
2026-03-29 12:49:47,188 [INFO] [Heartbeat] equity=$4599.11 | daily=0.00% | pos=0 | notional=$0.00 | kill=False
2026-03-29 12:49:55,096 [INFO] [Scan:asymmetric_sniper] trades=0 | cache hits=11 miss=0 err=0 | positions=0
2026-03-29 12:50:28,723 [INFO] [Scan:liquidation_fade] trades=0 | cache hits=0 miss=11 err=0 | positions=0
2026-03-29 12:50:35,900 [INFO] [Scan:cvd_spike] trades=0 | cache hits=11 miss=0 err=0 | positions=0
2026-03-29 12:50:43,501 [INFO] [Heartbeat] equity=$4599.11 | daily=0.00% | pos=0 | notional=$0.00 | kill=False
2026-03-29 12:50:53,185 [INFO] [Scan:asymmetric_sniper] trades=0 | cache hits=0 miss=11 err=0 | positions=0
2026-03-29 12:51:25,051 [INFO] [Scan:liquidation_fade] trades=0 | cache hits=11 miss=0 err=0 | positions=0
2026-03-29 12:51:32,275 [INFO] [Scan:cvd_spike] trades=0 | cache hits=11 miss=0 err=0 | positions=0
2026-03-29 12:51:41,642 [INFO] [Heartbeat] equity=$4599.11 | daily=0.00% | pos=0 | notional=$0.00 | kill=False
2026-03-29 12:51:50,232 [INFO] [Scan:asymmetric_sniper] trades=0 | cache hits=11 miss=0 err=0 | positions=0
2026-03-29 12:52:22,520 [INFO] [Scan:liquidation_fade] trades=0 | cache hits=0 miss=11 err=0 | positions=0
2026-03-29 12:52:29,769 [INFO] [Scan:cvd_spike] trades=0 | cache hits=0 miss=11 err=0 | positions=0
2026-03-29 12:52:37,979 [INFO] [Heartbeat] equity=$4599.11 | daily=0.00% | pos=0 | notional=$0.00 | kill=False
2026-03-29 12:52:47,334 [INFO] [Scan:asymmetric_sniper] trades=0 | cache hits=11 miss=0 err=0 | positions=0
2026-03-29 12:53:18,846 [INFO] [Scan:liquidation_fade] trades=0 | cache hits=11 miss=0 err=0 | positions=0
2026-03-29 12:53:26,278 [INFO] [Scan:cvd_spike] trades=0 | cache hits=11 miss=0 err=0 | positions=0
2026-03-29 12:53:34,291 [INFO] [Heartbeat] equity=$4599.11 | daily=0.00% | pos=0 | notional=$0.00 | kill=False
2026-03-29 12:53:45,425 [INFO] [Scan:asymmetric_sniper] trades=0 | cache hits=0 miss=11 err=0 | positions=0
2026-03-29 12:54:16,285 [INFO] [Scan:liquidation_fade] trades=0 | cache hits=0 miss=11 err=0 | positions=0
2026-03-29 12:54:22,624 [INFO] [Scan:cvd_spike] trades=0 | cache hits=11 miss=0 err=0 | positions=0
2026-03-29 12:54:30,623 [INFO] [Heartbeat] equity=$4599.11 | daily=0.00% | pos=0 | notional=$0.00 | kill=False
2026-03-29 12:54:36,529 [INFO] [CoinSelect] Volatility top 30 → 0 passed safety filter | rejected: 0
2026-03-29 12:54:41,718 [INFO] [SignalScan] 11 coins | 10 candidates
2026-03-29 12:54:44,386 [ERROR] [DataHub] OHLCV fetch failed BNB/1m: binanceusdm 429 Too Many Requests {"code":-1003,"msg":"Too many requests; current limit of IP(15.158.3.43) is 6000 requests per minute. Please use the websocket for live updates to avoid polling the API."}
2026-03-29 12:54:45,512 [INFO] [Scan:asymmetric_sniper] trades=0 | cache hits=0 miss=21 err=1 | positions=0
2026-03-29 12:55:15,564 [INFO] [Scan:liquidation_fade] trades=0 | cache hits=0 miss=11 err=0 | positions=0
2026-03-29 12:55:19,099 [INFO] [Scan:cvd_spike] trades=0 | cache hits=10 miss=1 err=0 | positions=0
2026-03-29 12:55:26,918 [INFO] [Heartbeat] equity=$4599.11 | daily=0.00% | pos=0 | notional=$0.00 | kill=False
2026-03-29 12:55:42,535 [INFO] [Scan:asymmetric_sniper] trades=0 | cache hits=11 miss=0 err=0 | positions=0
2026-03-29 12:56:11,847 [INFO] [Scan:liquidation_fade] trades=0 | cache hits=11 miss=0 err=0 | positions=0
2026-03-29 12:56:18,382 [INFO] [Scan:cvd_spike] trades=0 | cache hits=0 miss=11 err=0 | positions=0
2026-03-29 12:56:23,276 [INFO] [Heartbeat] equity=$4599.11 | daily=0.00% | pos=0 | notional=$0.00 | kill=False
2026-03-29 12:56:39,627 [INFO] [Scan:asymmetric_sniper] trades=0 | cache hits=11 miss=0 err=0 | positions=0
2026-03-29 12:57:09,324 [INFO] [Scan:liquidation_fade] trades=0 | cache hits=0 miss=11 err=0 | positions=0
2026-03-29 12:57:14,772 [INFO] [Scan:cvd_spike] trades=0 | cache hits=11 miss=0 err=0 | positions=0
2026-03-29 12:57:19,593 [INFO] [Heartbeat] equity=$4599.11 | daily=0.00% | pos=0 | notional=$0.00 | kill=False
2026-03-29 12:57:37,745 [INFO] [Scan:asymmetric_sniper] trades=0 | cache hits=0 miss=11 err=0 | positions=0
2026-03-29 12:58:05,635 [INFO] [Scan:liquidation_fade] trades=0 | cache hits=11 miss=0 err=0 | positions=0
2026-03-29 12:58:11,109 [INFO] [Scan:cvd_spike] trades=0 | cache hits=11 miss=0 err=0 | positions=0
2026-03-29 12:58:17,755 [INFO] [Heartbeat] equity=$4599.11 | daily=0.00% | pos=0 | notional=$0.00 | kill=False
2026-03-29 12:58:34,737 [INFO] [Scan:asymmetric_sniper] trades=0 | cache hits=11 miss=0 err=0 | positions=0
2026-03-29 12:59:03,085 [INFO] [Scan:liquidation_fade] trades=0 | cache hits=0 miss=11 err=0 | positions=0
2026-03-29 12:59:08,657 [INFO] [Scan:cvd_spike] trades=0 | cache hits=0 miss=11 err=0 | positions=0
2026-03-29 12:59:14,105 [INFO] [Heartbeat] equity=$4599.11 | daily=0.00% | pos=0 | notional=$0.00 | kill=False
2026-03-29 12:59:31,794 [INFO] [Scan:asymmetric_sniper] trades=0 | cache hits=11 miss=0 err=0 | positions=0
2026-03-29 12:59:59,366 [INFO] [Scan:liquidation_fade] trades=0 | cache hits=11 miss=0 err=0 | positions=0
2026-03-29 13:00:04,959 [INFO] [Scan:cvd_spike] trades=0 | cache hits=11 miss=0 err=0 | positions=0
2026-03-29 13:00:10,501 [INFO] [Heartbeat] equity=$4599.11 | daily=0.00% | pos=0 | notional=$0.00 | kill=False
2026-03-29 13:00:29,822 [INFO] [Scan:asymmetric_sniper] trades=0 | cache hits=0 miss=11 err=0 | positions=0
2026-03-29 13:00:56,793 [INFO] [Scan:liquidation_fade] trades=0 | cache hits=0 miss=11 err=0 | positions=0
2026-03-29 13:01:01,389 [INFO] [Scan:cvd_spike] trades=0 | cache hits=11 miss=0 err=0 | positions=0
2026-03-29 13:01:06,809 [INFO] [Heartbeat] equity=$4599.11 | daily=0.00% | pos=0 | notional=$0.00 | kill=False
2026-03-29 13:01:26,907 [INFO] [Scan:asymmetric_sniper] trades=0 | cache hits=11 miss=0 err=0 | positions=0
2026-03-29 13:01:56,085 [INFO] [Scan:liquidation_fade] trades=0 | cache hits=0 miss=11 err=0 | positions=0
2026-03-29 13:01:59,006 [INFO] [Scan:cvd_spike] trades=0 | cache hits=0 miss=11 err=0 | positions=0
2026-03-29 13:02:03,128 [INFO] [Heartbeat] equity=$4599.11 | daily=0.00% | pos=0 | notional=$0.00 | kill=False
2026-03-29 13:02:25,679 [INFO] [ARB] ASYMMETRIC SNIPER -> LONG | z=-2.54 strength=2587.013
2026-03-29 13:02:26,147 [INFO] [Leverage] ARB set to 5x (isolated)
2026-03-29 13:02:26,350 [ERROR] [Entry] ARB BUY failed: binanceusdm {"code":-1021,"msg":"Timestamp for this request was 1000ms ahead of the server's time."}
2026-03-29 13:02:26,350 [INFO] [Scan:asymmetric_sniper] trades=0 | cache hits=11 miss=1 err=0 | positions=0
2026-03-29 13:02:55,533 [INFO] [Scan:liquidation_fade] trades=0 | cache hits=0 miss=11 err=0 | positions=0
2026-03-29 13:02:58,496 [INFO] [Scan:cvd_spike] trades=0 | cache hits=0 miss=11 err=0 | positions=0
2026-03-29 13:02:58,716 [INFO] [CoinSelect] Volatility top 30 → 0 passed safety filter | rejected: 0
2026-03-29 13:02:58,717 [INFO] [CoinRefresh] 11 coins active (base=13 + selective=0) | +{} -{}
2026-03-29 13:02:59,449 [INFO] [Heartbeat] equity=$4599.11 | daily=0.00% | pos=0 | notional=$0.00 | kill=False
2026-03-29 13:03:25,269 [INFO] [Scan:asymmetric_sniper] trades=0 | cache hits=11 miss=0 err=0 | positions=0
2026-03-29 13:03:51,886 [INFO] [Scan:liquidation_fade] trades=0 | cache hits=11 miss=0 err=0 | positions=0
2026-03-29 13:03:57,611 [INFO] [Heartbeat] equity=$4599.11 | daily=0.00% | pos=0 | notional=$0.00 | kill=False
2026-03-29 13:03:57,910 [INFO] [Scan:cvd_spike] trades=0 | cache hits=0 miss=11 err=0 | positions=0
2026-03-29 13:04:22,158 [INFO] [AVAX] ASYMMETRIC SNIPER -> SHORT | z=3.48 strength=-3.680
2026-03-29 13:04:22,258 [INFO] [ARB] ASYMMETRIC SNIPER -> LONG | z=-2.54 strength=2587.013
2026-03-29 13:04:22,685 [INFO] [Leverage] AVAX set to 5x (isolated)
2026-03-29 13:04:22,880 [ERROR] [Entry] AVAX SELL failed: binanceusdm {"code":-1021,"msg":"Timestamp for this request was 1000ms ahead of the server's time."}
2026-03-29 13:04:22,880 [INFO] [Scan:asymmetric_sniper] trades=0 | cache hits=11 miss=1 err=0 | positions=0
2026-03-29 13:04:49,498 [INFO] [Scan:liquidation_fade] trades=0 | cache hits=0 miss=11 err=0 | positions=0
2026-03-29 13:04:53,941 [INFO] [Heartbeat] equity=$4599.11 | daily=0.00% | pos=0 | notional=$0.00 | kill=False
2026-03-29 13:04:54,494 [INFO] [Scan:cvd_spike] trades=0 | cache hits=11 miss=0 err=0 | positions=0
2026-03-29 13:05:20,990 [INFO] [ARB] ASYMMETRIC SNIPER -> LONG | z=-2.21 strength=2254.040
2026-03-29 13:05:21,403 [INFO] [Leverage] ARB set to 5x (isolated)
2026-03-29 13:05:21,601 [ERROR] [Entry] ARB BUY failed: binanceusdm {"code":-1021,"msg":"Timestamp for this request was 1000ms ahead of the server's time."}
2026-03-29 13:05:21,601 [INFO] [Scan:asymmetric_sniper] trades=0 | cache hits=0 miss=12 err=0 | positions=0
2026-03-29 13:05:45,833 [INFO] [Scan:liquidation_fade] trades=0 | cache hits=11 miss=0 err=0 | positions=0
2026-03-29 13:05:50,280 [INFO] [Heartbeat] equity=$4599.11 | daily=0.00% | pos=0 | notional=$0.00 | kill=False
2026-03-29 13:05:51,184 [INFO] [Scan:cvd_spike] trades=0 | cache hits=11 miss=0 err=0 | positions=0
2026-03-29 13:06:18,828 [INFO] [ARB] ASYMMETRIC SNIPER -> LONG | z=-2.21 strength=2254.040
2026-03-29 13:06:19,537 [INFO] [Leverage] ARB set to 5x (isolated)
2026-03-29 13:06:19,740 [ERROR] [Entry] ARB BUY failed: binanceusdm {"code":-2019,"msg":"Margin is insufficient."}
2026-03-29 13:06:19,740 [INFO] [Scan:asymmetric_sniper] trades=0 | cache hits=5 miss=7 err=0 | positions=0
2026-03-29 13:06:42,944 [ERROR] [DataHub] OHLCV fetch failed BNB/5m: binanceusdm 429 Too Many Requests {"code":-1003,"msg":"Too many requests; current limit of IP(15.158.3.14) is 6000 requests per minute. Please use the websocket for live updates to avoid polling the API."}
2026-03-29 13:06:43,435 [ERROR] [DataHub] OHLCV fetch failed SUI/5m: binanceusdm 429 Too Many Requests {"code":-1003,"msg":"Too many requests; current limit of IP(15.158.3.14) is 6000 requests per minute. Please use the websocket for live updates to avoid polling the API."}
2026-03-29 13:06:43,435 [INFO] [Scan:liquidation_fade] trades=0 | cache hits=0 miss=9 err=2 | positions=0
2026-03-29 13:06:46,604 [INFO] [Heartbeat] equity=$4599.11 | daily=0.00% | pos=0 | notional=$0.00 | kill=False
2026-03-29 13:06:48,073 [INFO] [Scan:cvd_spike] trades=0 | cache hits=6 miss=5 err=0 | positions=0
2026-03-29 13:07:16,848 [INFO] [Scan:asymmetric_sniper] trades=0 | cache hits=11 miss=0 err=0 | positions=0
2026-03-29 13:07:39,998 [INFO] [Scan:liquidation_fade] trades=0 | cache hits=9 miss=2 err=0 | positions=0
2026-03-29 13:07:42,946 [INFO] [Heartbeat] equity=$4599.11 | daily=0.00% | pos=0 | notional=$0.00 | kill=False
2026-03-29 13:07:45,256 [INFO] [Scan:cvd_spike] trades=0 | cache hits=5 miss=6 err=0 | positions=0
2026-03-29 13:08:14,430 [INFO] [Scan:asymmetric_sniper] trades=0 | cache hits=6 miss=5 err=0 | positions=0
2026-03-29 13:08:37,269 [INFO] [Scan:liquidation_fade] trades=0 | cache hits=2 miss=9 err=0 | positions=0
2026-03-29 13:08:39,285 [INFO] [Heartbeat] equity=$4599.11 | daily=0.00% | pos=0 | notional=$0.00 | kill=False
2026-03-29 13:08:41,703 [INFO] [Scan:cvd_spike] trades=0 | cache hits=11 miss=0 err=0 | positions=0
2026-03-29 13:08:50,378 [INFO] [CoinSelect] Volatility top 30 → 0 passed safety filter | rejected: 0
2026-03-29 13:08:55,688 [INFO] [SignalScan] 11 coins | 9 candidates
2026-03-29 13:09:12,255 [INFO] [Scan:asymmetric_sniper] trades=0 | cache hits=5 miss=17 err=0 | positions=0
2026-03-29 13:09:35,604 [INFO] [Heartbeat] equity=$4599.11 | daily=0.00% | pos=0 | notional=$0.00 | kill=False
2026-03-29 13:09:38,397 [INFO] [Scan:liquidation_fade] trades=0 | cache hits=6 miss=11 err=0 | positions=0
2026-03-29 13:09:38,912 [INFO] [Scan:cvd_spike] trades=0 | cache hits=0 miss=5 err=0 | positions=0
2026-03-29 13:10:09,319 [INFO] [Scan:asymmetric_sniper] trades=0 | cache hits=11 miss=0 err=0 | positions=0
2026-03-29 13:10:33,786 [INFO] [Heartbeat] equity=$4599.11 | daily=0.00% | pos=0 | notional=$0.00 | kill=False
2026-03-29 13:10:37,688 [INFO] [Scan:liquidation_fade] trades=0 | cache hits=5 miss=11 err=0 | positions=0
2026-03-29 13:10:37,881 [ERROR] [DataHub] OHLCV fetch failed SOL/1m: binanceusdm 429 Too Many Requests {"code":-1003,"msg":"Too many requests; current limit of IP(15.158.3.18) is 6000 requests per minute. Please use the websocket for live updates to avoid polling the API."}
2026-03-29 13:10:38,349 [INFO] [Scan:cvd_spike] trades=0 | cache hits=0 miss=5 err=1 | positions=0
2026-03-29 13:11:08,785 [INFO] [Scan:asymmetric_sniper] trades=0 | cache hits=5 miss=6 err=0 | positions=0
2026-03-29 13:11:30,086 [INFO] [Heartbeat] equity=$4599.11 | daily=0.00% | pos=0 | notional=$0.00 | kill=False
2026-03-29 13:11:36,943 [INFO] [Scan:liquidation_fade] trades=0 | cache hits=6 miss=11 err=0 | positions=0
2026-03-29 13:11:37,443 [INFO] [Scan:cvd_spike] trades=0 | cache hits=0 miss=5 err=0 | positions=0
2026-03-29 13:12:08,309 [INFO] [Scan:asymmetric_sniper] trades=0 | cache hits=5 miss=6 err=0 | positions=0
2026-03-29 13:12:26,371 [INFO] [Heartbeat] equity=$4599.11 | daily=0.00% | pos=0 | notional=$0.00 | kill=False
2026-03-29 13:12:33,249 [INFO] [Scan:liquidation_fade] trades=0 | cache hits=11 miss=0 err=0 | positions=0
2026-03-29 13:12:33,754 [INFO] [Scan:cvd_spike] trades=0 | cache hits=11 miss=0 err=0 | positions=0
2026-03-29 13:13:05,764 [INFO] [Scan:asymmetric_sniper] trades=0 | cache hits=6 miss=5 err=0 | positions=0
2026-03-29 13:13:22,687 [INFO] [Heartbeat] equity=$4599.11 | daily=0.00% | pos=0 | notional=$0.00 | kill=False
2026-03-29 13:13:30,673 [INFO] [Scan:liquidation_fade] trades=0 | cache hits=5 miss=11 err=0 | positions=0
2026-03-29 13:13:31,340 [INFO] [Scan:cvd_spike] trades=0 | cache hits=0 miss=6 err=0 | positions=0
2026-03-29 13:14:02,796 [INFO] [Scan:asymmetric_sniper] trades=0 | cache hits=11 miss=0 err=0 | positions=0
2026-03-29 13:14:18,958 [INFO] [Heartbeat] equity=$4599.11 | daily=0.00% | pos=0 | notional=$0.00 | kill=False
2026-03-29 13:14:26,942 [INFO] [Scan:liquidation_fade] trades=0 | cache hits=11 miss=0 err=0 | positions=0
2026-03-29 13:14:28,121 [INFO] [Scan:cvd_spike] trades=0 | cache hits=6 miss=5 err=0 | positions=0
2026-03-29 13:15:00,479 [INFO] [Scan:asymmetric_sniper] trades=0 | cache hits=5 miss=6 err=0 | positions=0
2026-03-29 13:15:15,302 [INFO] [Heartbeat] equity=$4599.11 | daily=0.00% | pos=0 | notional=$0.00 | kill=False
2026-03-29 13:15:24,415 [INFO] [Scan:liquidation_fade] trades=0 | cache hits=0 miss=11 err=0 | positions=0
2026-03-29 13:15:24,478 [INFO] [Scan:cvd_spike] trades=0 | cache hits=11 miss=0 err=0 | positions=0
2026-03-29 13:15:58,035 [INFO] [Scan:asymmetric_sniper] trades=0 | cache hits=6 miss=5 err=0 | positions=0
2026-03-29 13:16:13,465 [INFO] [Heartbeat] equity=$4599.11 | daily=0.00% | pos=0 | notional=$0.00 | kill=False
2026-03-29 13:16:20,726 [INFO] [Scan:liquidation_fade] trades=0 | cache hits=11 miss=0 err=0 | positions=0
2026-03-29 13:16:21,406 [INFO] [Scan:cvd_spike] trades=0 | cache hits=5 miss=6 err=0 | positions=0
2026-03-29 13:16:55,059 [INFO] [Scan:asymmetric_sniper] trades=0 | cache hits=11 miss=0 err=0 | positions=0
2026-03-29 13:16:59,304 [INFO] [EVGuardian] momentum_breakout: EV=0.0000% tp_rate=0.0% n=7 ok
2026-03-29 13:16:59,304 [INFO] [EVGuardian] cvd_spike: EV=0.0000% tp_rate=0.0% n=66 ok
2026-03-29 13:16:59,305 [INFO] [EVGuardian] asymmetric_sniper: EV=0.0000% tp_rate=0.0% n=32 ok
2026-03-29 13:16:59,305 [INFO] [EVGuardian] liquidation_fade: EV=0.0000% tp_rate=0.0% n=28 ok
2026-03-29 13:17:09,168 [INFO] [CoinSelect] Volatility top 30 → 0 passed safety filter | rejected: 0
2026-03-29 13:17:09,168 [INFO] [CoinRefresh] 11 coins active (base=13 + selective=0) | +{} -{}
2026-03-29 13:17:09,774 [INFO] [Heartbeat] equity=$4599.11 | daily=0.00% | pos=0 | notional=$0.00 | kill=False
2026-03-29 13:17:20,102 [INFO] [Scan:liquidation_fade] trades=0 | cache hits=6 miss=11 err=0 | positions=0
2026-03-29 13:17:20,714 [INFO] [Scan:cvd_spike] trades=0 | cache hits=0 miss=5 err=0 | positions=0
2026-03-29 13:17:52,594 [INFO] [ARB] ASYMMETRIC SNIPER -> SHORT | z=3.17 strength=-1.670
2026-03-29 13:17:53,066 [INFO] [Leverage] ARB set to 5x (isolated)
2026-03-29 13:17:53,266 [ERROR] [Entry] ARB SELL failed: binanceusdm {"code":-2019,"msg":"Margin is insufficient."}
2026-03-29 13:17:53,266 [INFO] [Scan:asymmetric_sniper] trades=0 | cache hits=5 miss=7 err=0 | positions=0
2026-03-29 13:18:06,070 [INFO] [Heartbeat] equity=$4599.11 | daily=0.00% | pos=0 | notional=$0.00 | kill=False
2026-03-29 13:18:16,434 [INFO] [Scan:liquidation_fade] trades=0 | cache hits=11 miss=0 err=0 | positions=0
2026-03-29 13:18:17,382 [INFO] [Scan:cvd_spike] trades=0 | cache hits=11 miss=0 err=0 | positions=0
2026-03-29 13:18:50,419 [INFO] [ARB] ASYMMETRIC SNIPER -> SHORT | z=3.17 strength=-1.670
2026-03-29 13:18:51,133 [INFO] [Leverage] ARB set to 5x (isolated)
2026-03-29 13:18:51,345 [ERROR] [Entry] ARB SELL failed: binanceusdm {"code":-2019,"msg":"Margin is insufficient."}
2026-03-29 13:18:51,346 [INFO] [Scan:asymmetric_sniper] trades=0 | cache hits=5 miss=7 err=0 | positions=0
2026-03-29 13:19:02,355 [INFO] [Heartbeat] equity=$4599.11 | daily=0.00% | pos=0 | notional=$0.00 | kill=False
2026-03-29 13:19:15,851 [INFO] [Scan:liquidation_fade] trades=0 | cache hits=6 miss=11 err=0 | positions=0
2026-03-29 13:19:16,361 [INFO] [Scan:cvd_spike] trades=0 | cache hits=0 miss=5 err=0 | positions=0
2026-03-29 13:19:48,404 [INFO] [Scan:asymmetric_sniper] trades=0 | cache hits=11 miss=0 err=0 | positions=0
2026-03-29 13:19:58,653 [INFO] [Heartbeat] equity=$4599.11 | daily=0.00% | pos=0 | notional=$0.00 | kill=False
2026-03-29 13:20:12,146 [INFO] [Scan:liquidation_fade] trades=0 | cache hits=11 miss=0 err=0 | positions=0
2026-03-29 13:20:13,441 [INFO] [Scan:cvd_spike] trades=0 | cache hits=5 miss=6 err=0 | positions=0
2026-03-29 13:20:47,726 [INFO] [Scan:asymmetric_sniper] trades=0 | cache hits=6 miss=5 err=0 | positions=0
2026-03-29 13:20:54,926 [INFO] [Heartbeat] equity=$4599.11 | daily=0.00% | pos=0 | notional=$0.00 | kill=False
2026-03-29 13:21:09,542 [INFO] [Scan:liquidation_fade] trades=0 | cache hits=0 miss=11 err=0 | positions=0
2026-03-29 13:21:09,890 [INFO] [Scan:cvd_spike] trades=0 | cache hits=11 miss=0 err=0 | positions=0
2026-03-29 13:21:45,010 [INFO] [XRP] ASYMMETRIC SNIPER -> SHORT | z=3.21 strength=-1.186
2026-03-29 13:21:45,873 [ERROR] [Entry] XRP SELL failed: binanceusdm {"code":-1021,"msg":"Timestamp for this request was 1000ms ahead of the server's time."}
2026-03-29 13:21:45,873 [INFO] [Scan:asymmetric_sniper] trades=0 | cache hits=5 miss=7 err=0 | positions=0
2026-03-29 13:21:51,201 [INFO] [Heartbeat] equity=$4599.11 | daily=0.00% | pos=0 | notional=$0.00 | kill=False
2026-03-29 13:22:05,837 [INFO] [Scan:liquidation_fade] trades=0 | cache hits=11 miss=0 err=0 | positions=0
2026-03-29 13:22:06,931 [INFO] [Scan:cvd_spike] trades=0 | cache hits=6 miss=5 err=0 | positions=0
2026-03-29 13:22:42,385 [INFO] [XRP] ASYMMETRIC SNIPER -> SHORT | z=3.21 strength=-1.186
2026-03-29 13:22:43,322 [ERROR] [Entry] XRP SELL failed: binanceusdm {"code":-1021,"msg":"Timestamp for this request was 1000ms ahead of the server's time."}
2026-03-29 13:22:43,322 [INFO] [Scan:asymmetric_sniper] trades=0 | cache hits=12 miss=0 err=0 | positions=0
2026-03-29 13:22:49,355 [INFO] [Heartbeat] equity=$4599.11 | daily=0.00% | pos=0 | notional=$0.00 | kill=False
2026-03-29 13:23:03,377 [INFO] [Scan:liquidation_fade] trades=0 | cache hits=5 miss=11 err=0 | positions=0
2026-03-29 13:23:04,108 [INFO] [CoinSelect] Volatility top 30 → 0 passed safety filter | rejected: 0
2026-03-29 13:23:06,150 [INFO] [Scan:cvd_spike] trades=0 | cache hits=0 miss=6 err=0 | positions=0
2026-03-29 13:23:09,398 [INFO] [SignalScan] 11 coins | 10 candidates
2026-03-29 13:23:40,256 [INFO] [BNB] ASYMMETRIC SNIPER -> SHORT | z=2.66 strength=-0.770
2026-03-29 13:23:41,394 [INFO] [Leverage] BNB set to 5x (isolated)
2026-03-29 13:23:41,601 [ERROR] [Entry] BNB SELL failed: binanceusdm {"code":-2019,"msg":"Margin is insufficient."}
2026-03-29 13:23:41,601 [INFO] [Scan:asymmetric_sniper] trades=0 | cache hits=6 miss=17 err=0 | positions=0
2026-03-29 13:23:45,612 [INFO] [Heartbeat] equity=$4599.11 | daily=0.00% | pos=0 | notional=$0.00 | kill=False
2026-03-29 13:23:59,660 [INFO] [Scan:liquidation_fade] trades=0 | cache hits=11 miss=0 err=0 | positions=0
2026-03-29 13:24:03,429 [INFO] [Scan:cvd_spike] trades=0 | cache hits=5 miss=6 err=0 | positions=0
2026-03-29 13:24:38,358 [INFO] [BNB] ASYMMETRIC SNIPER -> SHORT | z=2.96 strength=-0.946
2026-03-29 13:24:38,835 [INFO] [Leverage] BNB set to 5x (isolated)
2026-03-29 13:24:39,036 [ERROR] [Entry] BNB SELL failed: binanceusdm {"code":-2019,"msg":"Margin is insufficient."}
2026-03-29 13:24:39,036 [INFO] [Scan:asymmetric_sniper] trades=0 | cache hits=12 miss=0 err=0 | positions=0
2026-03-29 13:24:41,914 [INFO] [Heartbeat] equity=$4599.11 | daily=0.00% | pos=0 | notional=$0.00 | kill=False
2026-03-29 13:24:57,203 [ERROR] [DataHub] OHLCV fetch failed SUI/5m: binanceusdm 429 Too Many Requests {"code":-1003,"msg":"Too many requests; current limit of IP(15.158.3.54) is 6000 requests per minute. Please use the websocket for live updates to avoid polling the API."}
2026-03-29 13:24:57,508 [INFO] [Scan:liquidation_fade] trades=0 | cache hits=0 miss=10 err=1 | positions=0
2026-03-29 13:25:00,402 [INFO] [Scan:cvd_spike] trades=0 | cache hits=6 miss=5 err=0 | positions=0
2026-03-29 13:25:36,625 [INFO] [Scan:asymmetric_sniper] trades=0 | cache hits=5 miss=6 err=0 | positions=0
2026-03-29 13:25:38,198 [INFO] [Heartbeat] equity=$4599.11 | daily=0.00% | pos=0 | notional=$0.00 | kill=False
2026-03-29 13:25:56,707 [INFO] [Scan:cvd_spike] trades=0 | cache hits=11 miss=10 err=0 | positions=0
2026-03-29 13:25:56,763 [INFO] [Scan:liquidation_fade] trades=0 | cache hits=0 miss=1 err=0 | positions=0
2026-03-29 13:26:34,490 [INFO] [Heartbeat] equity=$4599.11 | daily=0.00% | pos=0 | notional=$0.00 | kill=False
2026-03-29 13:26:35,204 [INFO] [Scan:asymmetric_sniper] trades=0 | cache hits=6 miss=5 err=0 | positions=0
2026-03-29 13:26:55,520 [INFO] [Scan:cvd_spike] trades=0 | cache hits=5 miss=6 err=0 | positions=0
2026-03-29 13:26:56,614 [INFO] [Scan:liquidation_fade] trades=0 | cache hits=0 miss=11 err=0 | positions=0
2026-03-29 13:27:30,788 [INFO] [Heartbeat] equity=$4599.11 | daily=0.00% | pos=0 | notional=$0.00 | kill=False
2026-03-29 13:27:32,244 [INFO] [Scan:asymmetric_sniper] trades=0 | cache hits=11 miss=0 err=0 | positions=0
2026-03-29 13:27:52,432 [INFO] [Scan:cvd_spike] trades=0 | cache hits=6 miss=5 err=0 | positions=0
2026-03-29 13:27:52,916 [INFO] [Scan:liquidation_fade] trades=0 | cache hits=11 miss=0 err=0 | positions=0
2026-03-29 13:28:28,935 [INFO] [Heartbeat] equity=$4599.11 | daily=0.00% | pos=0 | notional=$0.00 | kill=False
2026-03-29 13:28:29,787 [INFO] [Scan:asymmetric_sniper] trades=0 | cache hits=5 miss=6 err=0 | positions=0
2026-03-29 13:28:48,934 [INFO] [Scan:cvd_spike] trades=0 | cache hits=11 miss=0 err=0 | positions=0
2026-03-29 13:28:50,024 [ERROR] [DataHub] OHLCV fetch failed AVAX/5m: binanceusdm 429 Too Many Requests {"code":-1003,"msg":"Too many requests; current limit of IP(15.158.3.14) is 6000 requests per minute. Please use the websocket for live updates to avoid polling the API."}
2026-03-29 13:28:50,337 [INFO] [Scan:liquidation_fade] trades=0 | cache hits=0 miss=10 err=1 | positions=0
2026-03-29 13:29:25,195 [INFO] [Heartbeat] equity=$4599.11 | daily=0.00% | pos=0 | notional=$0.00 | kill=False
2026-03-29 13:29:29,680 [INFO] [Scan:asymmetric_sniper] trades=0 | cache hits=0 miss=11 err=0 | positions=0
2026-03-29 13:29:45,382 [INFO] [Scan:cvd_spike] trades=0 | cache hits=11 miss=0 err=0 | positions=0
2026-03-29 13:29:46,704 [INFO] [Scan:liquidation_fade] trades=0 | cache hits=10 miss=1 err=0 | positions=0
2026-03-29 13:30:21,524 [INFO] [Heartbeat] equity=$4599.11 | daily=0.00% | pos=0 | notional=$0.00 | kill=False
2026-03-29 13:30:26,813 [INFO] [Scan:asymmetric_sniper] trades=0 | cache hits=11 miss=0 err=0 | positions=0
2026-03-29 13:30:42,644 [ERROR] [DataHub] OHLCV fetch failed OP/1m: binanceusdm 429 Too Many Requests {"code":-1003,"msg":"Too many requests; current limit of IP(15.158.3.14) is 6000 requests per minute. Please use the websocket for live updates to avoid polling the API."}
2026-03-29 13:30:42,860 [INFO] [Scan:cvd_spike] trades=0 | cache hits=0 miss=10 err=1 | positions=0
2026-03-29 13:30:43,481 [ERROR] [DataHub] OHLCV fetch failed ADA/5m: binanceusdm 429 Too Many Requests {"code":-1003,"msg":"Too many requests; current limit of IP(15.158.3.14) is 6000 requests per minute. Please use the websocket for live updates to avoid polling the API."}
2026-03-29 13:30:44,094 [INFO] [Scan:liquidation_fade] trades=0 | cache hits=1 miss=9 err=1 | positions=0
2026-03-29 13:31:17,321 [INFO] [CoinSelect] Volatility top 30 → 0 passed safety filter | rejected: 0
2026-03-29 13:31:17,321 [INFO] [CoinRefresh] 11 coins active (base=13 + selective=0) | +{} -{}
2026-03-29 13:31:17,791 [INFO] [Heartbeat] equity=$4599.11 | daily=0.00% | pos=0 | notional=$0.00 | kill=False
2026-03-29 13:31:25,878 [INFO] [Scan:asymmetric_sniper] trades=0 | cache hits=10 miss=1 err=0 | positions=0
2026-03-29 13:31:39,153 [INFO] [Scan:cvd_spike] trades=0 | cache hits=11 miss=0 err=0 | positions=0
2026-03-29 13:31:40,598 [INFO] [Scan:liquidation_fade] trades=0 | cache hits=9 miss=2 err=0 | positions=0
2026-03-29 13:32:14,085 [INFO] [Heartbeat] equity=$4599.11 | daily=0.00% | pos=0 | notional=$0.00 | kill=False
2026-03-29 13:32:23,873 [INFO] [Scan:asymmetric_sniper] trades=0 | cache hits=1 miss=10 err=0 | positions=0
2026-03-29 13:32:35,583 [INFO] [Scan:cvd_spike] trades=0 | cache hits=10 miss=1 err=0 | positions=0
2026-03-29 13:32:37,848 [INFO] [Scan:liquidation_fade] trades=0 | cache hits=2 miss=9 err=0 | positions=0
2026-03-29 13:33:10,352 [INFO] [Heartbeat] equity=$4599.11 | daily=0.00% | pos=0 | notional=$0.00 | kill=False
2026-03-29 13:33:20,902 [INFO] [Scan:asymmetric_sniper] trades=0 | cache hits=11 miss=0 err=0 | positions=0
2026-03-29 13:33:35,029 [INFO] [Scan:cvd_spike] trades=0 | cache hits=0 miss=11 err=0 | positions=0
2026-03-29 13:33:34,322 [INFO] [Scan:liquidation_fade] trades=0 | cache hits=9 miss=2 err=0 | positions=0
2026-03-29 13:34:06,622 [INFO] [Heartbeat] equity=$4599.11 | daily=0.00% | pos=0 | notional=$0.00 | kill=False
2026-03-29 13:34:17,915 [INFO] [Scan:asymmetric_sniper] trades=0 | cache hits=11 miss=0 err=0 | positions=0
2026-03-29 13:34:31,492 [INFO] [Scan:cvd_spike] trades=0 | cache hits=11 miss=0 err=0 | positions=0
2026-03-29 13:34:33,573 [INFO] [Scan:liquidation_fade] trades=0 | cache hits=0 miss=11 err=0 | positions=0
2026-03-29 13:35:04,765 [INFO] [Heartbeat] equity=$4599.11 | daily=0.00% | pos=0 | notional=$0.00 | kill=False
2026-03-29 13:35:15,823 [INFO] [AVAX] ASYMMETRIC SNIPER -> SHORT | z=3.51 strength=-2.310
2026-03-29 13:35:16,468 [INFO] [Leverage] AVAX set to 5x (isolated)
2026-03-29 13:35:16,661 [ERROR] [Entry] AVAX SELL failed: binanceusdm {"code":-2019,"msg":"Margin is insufficient."}
2026-03-29 13:35:16,662 [INFO] [Scan:asymmetric_sniper] trades=0 | cache hits=0 miss=12 err=0 | positions=0
2026-03-29 13:35:28,143 [INFO] [Scan:cvd_spike] trades=0 | cache hits=11 miss=0 err=0 | positions=0
2026-03-29 13:35:29,845 [INFO] [Scan:liquidation_fade] trades=0 | cache hits=11 miss=0 err=0 | positions=0
2026-03-29 13:36:01,063 [INFO] [Heartbeat] equity=$4599.11 | daily=0.00% | pos=0 | notional=$0.00 | kill=False
2026-03-29 13:36:13,703 [INFO] [AVAX] ASYMMETRIC SNIPER -> SHORT | z=3.51 strength=-2.310
2026-03-29 13:36:14,566 [INFO] [Leverage] AVAX set to 5x (isolated)
2026-03-29 13:36:14,966 [ERROR] [Entry] AVAX SELL failed: binanceusdm {"code":-2019,"msg":"Margin is insufficient."}
2026-03-29 13:36:14,967 [INFO] [Scan:asymmetric_sniper] trades=0 | cache hits=5 miss=7 err=0 | positions=0
2026-03-29 13:36:25,335 [INFO] [Scan:cvd_spike] trades=0 | cache hits=6 miss=5 err=0 | positions=0
2026-03-29 13:36:27,291 [INFO] [Scan:liquidation_fade] trades=0 | cache hits=0 miss=11 err=0 | positions=0
2026-03-29 13:36:57,342 [INFO] [Heartbeat] equity=$4599.11 | daily=0.00% | pos=0 | notional=$0.00 | kill=False
2026-03-29 13:37:11,862 [INFO] [AVAX] ASYMMETRIC SNIPER -> SHORT | z=3.51 strength=-2.310
2026-03-29 13:37:11,975 [INFO] [ARB] ASYMMETRIC SNIPER -> LONG | z=-1.85 strength=1853.872
2026-03-29 13:37:12,338 [INFO] [Leverage] AVAX set to 5x (isolated)
2026-03-29 13:37:12,538 [ERROR] [Entry] AVAX SELL failed: binanceusdm {"code":-2019,"msg":"Margin is insufficient."}
2026-03-29 13:37:12,539 [INFO] [Scan:asymmetric_sniper] trades=0 | cache hits=10 miss=2 err=0 | positions=0
2026-03-29 13:37:17,580 [INFO] [CoinSelect] Volatility top 30 → 0 passed safety filter | rejected: 0
2026-03-29 13:37:22,542 [INFO] [Scan:cvd_spike] trades=0 | cache hits=7 miss=12 err=0 | positions=0
2026-03-29 13:37:23,296 [INFO] [SignalScan] 11 coins | 8 candidates
2026-03-29 13:37:23,558 [INFO] [Scan:liquidation_fade] trades=0 | cache hits=11 miss=3 err=0 | positions=0
2026-03-29 13:37:53,634 [INFO] [Heartbeat] equity=$4599.11 | daily=0.00% | pos=0 | notional=$0.00 | kill=False
2026-03-29 13:38:12,488 [INFO] [Scan:asymmetric_sniper] trades=0 | cache hits=4 miss=7 err=0 | positions=0
2026-03-29 13:38:18,855 [INFO] [Scan:cvd_spike] trades=0 | cache hits=11 miss=0 err=0 | positions=0
2026-03-29 13:38:20,977 [INFO] [Scan:liquidation_fade] trades=0 | cache hits=0 miss=11 err=0 | positions=0
2026-03-29 13:38:49,901 [INFO] [Heartbeat] equity=$4599.11 | daily=0.00% | pos=0 | notional=$0.00 | kill=False
2026-03-29 13:39:12,412 [INFO] [Scan:asymmetric_sniper] trades=0 | cache hits=0 miss=11 err=0 | positions=0
2026-03-29 13:39:15,197 [INFO] [Scan:cvd_spike] trades=0 | cache hits=11 miss=0 err=0 | positions=0
2026-03-29 13:39:17,348 [INFO] [Scan:liquidation_fade] trades=0 | cache hits=11 miss=0 err=0 | positions=0
2026-03-29 13:39:46,179 [INFO] [Heartbeat] equity=$4599.11 | daily=0.00% | pos=0 | notional=$0.00 | kill=False
2026-03-29 13:40:09,365 [INFO] [Scan:asymmetric_sniper] trades=0 | cache hits=11 miss=0 err=0 | positions=0
2026-03-29 13:40:14,437 [INFO] [Scan:cvd_spike] trades=0 | cache hits=0 miss=11 err=0 | positions=0
2026-03-29 13:40:15,531 [INFO] [Scan:liquidation_fade] trades=0 | cache hits=0 miss=11 err=0 | positions=0
2026-03-29 13:40:44,321 [INFO] [Heartbeat] equity=$4599.11 | daily=0.00% | pos=0 | notional=$0.00 | kill=False
2026-03-29 13:41:06,398 [INFO] [Scan:asymmetric_sniper] trades=0 | cache hits=11 miss=0 err=0 | positions=0
2026-03-29 13:41:13,694 [INFO] [Scan:cvd_spike] trades=0 | cache hits=0 miss=11 err=0 | positions=0
2026-03-29 13:41:14,838 [INFO] [Scan:liquidation_fade] trades=0 | cache hits=0 miss=11 err=0 | positions=0
2026-03-29 13:41:40,619 [INFO] [Heartbeat] equity=$4599.11 | daily=0.00% | pos=0 | notional=$0.00 | kill=False
2026-03-29 13:42:03,382 [INFO] [Scan:asymmetric_sniper] trades=0 | cache hits=11 miss=0 err=0 | positions=0
2026-03-29 13:42:09,965 [INFO] [Scan:cvd_spike] trades=0 | cache hits=11 miss=0 err=0 | positions=0
2026-03-29 13:42:11,107 [INFO] [Scan:liquidation_fade] trades=0 | cache hits=11 miss=0 err=0 | positions=0
2026-03-29 13:42:36,921 [INFO] [Heartbeat] equity=$4599.11 | daily=0.00% | pos=0 | notional=$0.00 | kill=False
2026-03-29 13:43:00,398 [ERROR] [DataHub] OHLCV fetch failed DOT/1m: binanceusdm 429 Too Many Requests {"code":-1003,"msg":"Too many requests; current limit of IP(15.158.3.49) is 6000 requests per minute. Please use the websocket for live updates to avoid polling the API."}
2026-03-29 13:43:00,696 [ERROR] [DataHub] OHLCV fetch failed ARB/1m: binanceusdm 429 Too Many Requests {"code":-1003,"msg":"Too many requests; current limit of IP(15.158.3.49) is 6000 requests per minute. Please use the websocket for live updates to avoid polling the API."}
2026-03-29 13:43:01,444 [INFO] [Scan:asymmetric_sniper] trades=0 | cache hits=0 miss=9 err=2 | positions=0
2026-03-29 13:43:06,470 [INFO] [Scan:cvd_spike] trades=0 | cache hits=9 miss=2 err=0 | positions=0
2026-03-29 13:43:08,559 [INFO] [Scan:liquidation_fade] trades=0 | cache hits=0 miss=11 err=0 | positions=0
2026-03-29 13:43:33,187 [INFO] [Heartbeat] equity=$4599.11 | daily=0.00% | pos=0 | notional=$0.00 | kill=False
2026-03-29 13:43:58,435 [INFO] [Scan:asymmetric_sniper] trades=0 | cache hits=11 miss=0 err=0 | positions=0
2026-03-29 13:44:03,667 [INFO] [Scan:cvd_spike] trades=0 | cache hits=2 miss=9 err=0 | positions=0
2026-03-29 13:44:04,852 [INFO] [Scan:liquidation_fade] trades=0 | cache hits=11 miss=0 err=0 | positions=0
2026-03-29 13:44:29,461 [INFO] [Heartbeat] equity=$4599.11 | daily=0.00% | pos=0 | notional=$0.00 | kill=False
2026-03-29 13:44:55,663 [INFO] [Scan:asymmetric_sniper] trades=0 | cache hits=9 miss=2 err=0 | positions=0
2026-03-29 13:44:59,985 [INFO] [Scan:cvd_spike] trades=0 | cache hits=11 miss=0 err=0 | positions=0
2026-03-29 13:45:02,291 [INFO] [Scan:liquidation_fade] trades=0 | cache hits=0 miss=11 err=0 | positions=0
2026-03-29 13:45:25,277 [INFO] [CoinSelect] Volatility top 30 → 0 passed safety filter | rejected: 0
2026-03-29 13:45:25,278 [INFO] [CoinRefresh] 11 coins active (base=13 + selective=0) | +{} -{}
2026-03-29 13:45:25,731 [INFO] [Heartbeat] equity=$4599.11 | daily=0.00% | pos=0 | notional=$0.00 | kill=False
2026-03-29 13:45:56,993 [INFO] [Scan:cvd_spike] trades=0 | cache hits=11 miss=11 err=0 | positions=0
2026-03-29 13:45:57,131 [INFO] [Scan:asymmetric_sniper] trades=0 | cache hits=0 miss=0 err=0 | positions=0
2026-03-29 13:45:58,530 [INFO] [Scan:liquidation_fade] trades=0 | cache hits=11 miss=0 err=0 | positions=0
2026-03-29 13:46:22,039 [INFO] [Heartbeat] equity=$4599.11 | daily=0.00% | pos=0 | notional=$0.00 | kill=False
2026-03-29 13:46:54,047 [INFO] [Scan:cvd_spike] trades=0 | cache hits=15 miss=7 err=0 | positions=0
2026-03-29 13:46:54,661 [INFO] [Scan:asymmetric_sniper] trades=0 | cache hits=0 miss=0 err=0 | positions=0
2026-03-29 13:46:54,955 [ERROR] [DataHub] OHLCV fetch failed XRP/5m: binanceusdm 429 Too Many Requests {"code":-1003,"msg":"Too many requests; current limit of IP(15.158.3.44) is 6000 requests per minute. Please use the websocket for live updates to avoid polling the API."}
2026-03-29 13:46:55,955 [INFO] [Scan:liquidation_fade] trades=0 | cache hits=0 miss=10 err=1 | positions=0
2026-03-29 13:47:20,184 [INFO] [Heartbeat] equity=$4599.11 | daily=0.00% | pos=0 | notional=$0.00 | kill=False
2026-03-29 13:47:53,466 [INFO] [Scan:cvd_spike] trades=0 | cache hits=11 miss=11 err=0 | positions=0
2026-03-29 13:47:53,670 [INFO] [ADA] ASYMMETRIC SNIPER -> SHORT | z=6.97 strength=-4.566
2026-03-29 13:47:54,141 [INFO] [Scan:liquidation_fade] trades=0 | cache hits=10 miss=1 err=0 | positions=0
2026-03-29 13:47:54,553 [INFO] [Leverage] ADA set to 5x (isolated)
2026-03-29 13:47:54,755 [ERROR] [Entry] ADA SELL failed: binanceusdm {"code":-2019,"msg":"Margin is insufficient."}
2026-03-29 13:47:54,755 [INFO] [Scan:asymmetric_sniper] trades=0 | cache hits=0 miss=1 err=0 | positions=0
2026-03-29 13:48:16,460 [INFO] [Heartbeat] equity=$4599.11 | daily=0.00% | pos=0 | notional=$0.00 | kill=False
2026-03-29 13:48:50,052 [INFO] [Scan:cvd_spike] trades=0 | cache hits=11 miss=0 err=0 | positions=0
2026-03-29 13:48:53,382 [INFO] [Scan:liquidation_fade] trades=0 | cache hits=0 miss=11 err=0 | positions=0
2026-03-29 13:48:53,974 [ERROR] [DataHub] OHLCV fetch failed BNB/1m: binanceusdm 429 Too Many Requests {"code":-1003,"msg":"Too many requests; current limit of IP(15.158.3.42) is 6000 requests per minute. Please use the websocket for live updates to avoid polling the API."}
2026-03-29 13:48:54,782 [INFO] [ADA] ASYMMETRIC SNIPER -> SHORT | z=2.16 strength=-0.787
2026-03-29 13:48:55,497 [INFO] [Leverage] ADA set to 5x (isolated)
2026-03-29 13:48:55,698 [ERROR] [Entry] ADA SELL failed: binanceusdm {"code":-2019,"msg":"Margin is insufficient."}
2026-03-29 13:48:55,698 [INFO] [Scan:asymmetric_sniper] trades=0 | cache hits=0 miss=11 err=1 | positions=0
2026-03-29 13:49:12,761 [INFO] [Heartbeat] equity=$4599.11 | daily=0.00% | pos=0 | notional=$0.00 | kill=False
2026-03-29 13:49:46,677 [INFO] [Scan:cvd_spike] trades=0 | cache hits=10 miss=1 err=0 | positions=0
2026-03-29 13:49:49,718 [INFO] [Scan:liquidation_fade] trades=0 | cache hits=11 miss=0 err=0 | positions=0
2026-03-29 13:49:55,518 [INFO] [Scan:asymmetric_sniper] trades=0 | cache hits=1 miss=10 err=0 | positions=0
2026-03-29 13:50:09,060 [INFO] [Heartbeat] equity=$4599.11 | daily=0.00% | pos=0 | notional=$0.00 | kill=False
2026-03-29 13:50:42,950 [INFO] [Scan:cvd_spike] trades=0 | cache hits=11 miss=0 err=0 | positions=0
2026-03-29 13:50:47,099 [INFO] [Scan:liquidation_fade] trades=0 | cache hits=0 miss=11 err=0 | positions=0
2026-03-29 13:50:52,590 [INFO] [Scan:asymmetric_sniper] trades=0 | cache hits=10 miss=1 err=0 | positions=0
2026-03-29 13:51:05,315 [INFO] [Heartbeat] equity=$4599.11 | daily=0.00% | pos=0 | notional=$0.00 | kill=False
2026-03-29 13:51:31,193 [INFO] [CoinSelect] Volatility top 30 → 0 passed safety filter | rejected: 0
2026-03-29 13:51:36,372 [INFO] [SignalScan] 11 coins | 8 candidates
2026-03-29 13:51:40,431 [INFO] [Scan:cvd_spike] trades=0 | cache hits=1 miss=21 err=0 | positions=0
2026-03-29 13:51:43,373 [INFO] [Scan:liquidation_fade] trades=0 | cache hits=11 miss=0 err=0 | positions=0
2026-03-29 13:51:49,585 [INFO] [Scan:asymmetric_sniper] trades=0 | cache hits=11 miss=0 err=0 | positions=0
2026-03-29 13:52:01,581 [INFO] [Heartbeat] equity=$4599.11 | daily=0.00% | pos=0 | notional=$0.00 | kill=False
2026-03-29 13:52:36,901 [INFO] [Scan:cvd_spike] trades=0 | cache hits=10 miss=1 err=0 | positions=0
2026-03-29 13:52:40,823 [INFO] [Scan:liquidation_fade] trades=0 | cache hits=0 miss=11 err=0 | positions=0
2026-03-29 13:52:47,543 [INFO] [Scan:asymmetric_sniper] trades=0 | cache hits=1 miss=10 err=0 | positions=0
2026-03-29 13:52:59,735 [INFO] [Heartbeat] equity=$4599.11 | daily=0.00% | pos=0 | notional=$0.00 | kill=False
2026-03-29 13:53:33,192 [INFO] [Scan:cvd_spike] trades=0 | cache hits=11 miss=0 err=0 | positions=0
2026-03-29 13:53:37,087 [INFO] [Scan:liquidation_fade] trades=0 | cache hits=11 miss=0 err=0 | positions=0
2026-03-29 13:53:44,569 [INFO] [Scan:asymmetric_sniper] trades=0 | cache hits=10 miss=1 err=0 | positions=0
2026-03-29 13:53:56,023 [INFO] [Heartbeat] equity=$4599.11 | daily=0.00% | pos=0 | notional=$0.00 | kill=False
2026-03-29 13:54:32,471 [INFO] [Scan:cvd_spike] trades=0 | cache hits=1 miss=10 err=0 | positions=0
2026-03-29 13:54:34,482 [INFO] [Scan:liquidation_fade] trades=0 | cache hits=0 miss=11 err=0 | positions=0
2026-03-29 13:54:41,516 [INFO] [Scan:asymmetric_sniper] trades=0 | cache hits=11 miss=0 err=0 | positions=0
2026-03-29 13:54:52,298 [INFO] [Heartbeat] equity=$4599.11 | daily=0.00% | pos=0 | notional=$0.00 | kill=False
2026-03-29 13:55:31,809 [INFO] [Scan:cvd_spike] trades=0 | cache hits=0 miss=11 err=0 | positions=0
2026-03-29 13:55:33,767 [INFO] [Scan:liquidation_fade] trades=0 | cache hits=0 miss=11 err=0 | positions=0
2026-03-29 13:55:38,506 [INFO] [Scan:asymmetric_sniper] trades=0 | cache hits=11 miss=0 err=0 | positions=0
2026-03-29 13:55:48,596 [INFO] [Heartbeat] equity=$4599.11 | daily=0.00% | pos=0 | notional=$0.00 | kill=False
2026-03-29 13:56:28,145 [INFO] [Scan:cvd_spike] trades=0 | cache hits=11 miss=0 err=0 | positions=0
2026-03-29 13:56:33,094 [INFO] [Scan:liquidation_fade] trades=0 | cache hits=0 miss=11 err=0 | positions=0
2026-03-29 13:56:36,662 [INFO] [Scan:asymmetric_sniper] trades=0 | cache hits=0 miss=11 err=0 | positions=0
2026-03-29 13:56:44,904 [INFO] [Heartbeat] equity=$4599.11 | daily=0.00% | pos=0 | notional=$0.00 | kill=False
2026-03-29 13:57:24,446 [INFO] [Scan:cvd_spike] trades=0 | cache hits=11 miss=0 err=0 | positions=0
2026-03-29 13:57:29,383 [INFO] [Scan:liquidation_fade] trades=0 | cache hits=11 miss=0 err=0 | positions=0
2026-03-29 13:57:36,597 [INFO] [Scan:asymmetric_sniper] trades=0 | cache hits=0 miss=11 err=0 | positions=0
2026-03-29 13:57:41,206 [INFO] [Heartbeat] equity=$4599.11 | daily=0.00% | pos=0 | notional=$0.00 | kill=False
2026-03-29 13:58:20,731 [INFO] [Scan:cvd_spike] trades=0 | cache hits=11 miss=0 err=0 | positions=0
2026-03-29 13:58:26,796 [INFO] [Scan:liquidation_fade] trades=0 | cache hits=0 miss=11 err=0 | positions=0
2026-03-29 13:58:36,486 [INFO] [Scan:asymmetric_sniper] trades=0 | cache hits=0 miss=11 err=0 | positions=0
2026-03-29 13:58:37,485 [INFO] [Heartbeat] equity=$4599.11 | daily=0.00% | pos=0 | notional=$0.00 | kill=False
2026-03-29 13:59:17,197 [INFO] [Scan:cvd_spike] trades=0 | cache hits=11 miss=0 err=0 | positions=0
2026-03-29 13:59:23,072 [INFO] [Scan:liquidation_fade] trades=0 | cache hits=11 miss=0 err=0 | positions=0
2026-03-29 13:59:33,480 [INFO] [Scan:asymmetric_sniper] trades=0 | cache hits=11 miss=0 err=0 | positions=0
2026-03-29 13:59:35,280 [INFO] [CoinSelect] Volatility top 30 → 0 passed safety filter | rejected: 0
2026-03-29 13:59:35,281 [INFO] [CoinRefresh] 11 coins active (base=13 + selective=0) | +{} -{}
2026-03-29 13:59:35,613 [INFO] [Heartbeat] equity=$4599.11 | daily=0.00% | pos=0 | notional=$0.00 | kill=False
2026-03-29 14:00:16,716 [INFO] [Scan:cvd_spike] trades=0 | cache hits=0 miss=11 err=0 | positions=0
2026-03-29 14:00:20,454 [INFO] [Scan:liquidation_fade] trades=0 | cache hits=0 miss=11 err=0 | positions=0
2026-03-29 14:00:30,546 [INFO] [Scan:asymmetric_sniper] trades=0 | cache hits=11 miss=0 err=0 | positions=0
2026-03-29 14:00:31,912 [INFO] [Heartbeat] equity=$4599.11 | daily=0.00% | pos=0 | notional=$0.00 | kill=False
2026-03-29 14:01:13,169 [INFO] [Scan:cvd_spike] trades=0 | cache hits=11 miss=0 err=0 | positions=0
2026-03-29 14:01:16,737 [INFO] [Scan:liquidation_fade] trades=0 | cache hits=11 miss=0 err=0 | positions=0
2026-03-29 14:01:28,167 [INFO] [Heartbeat] equity=$4599.11 | daily=0.00% | pos=0 | notional=$0.00 | kill=False
2026-03-29 14:01:28,638 [INFO] [Scan:asymmetric_sniper] trades=0 | cache hits=0 miss=11 err=0 | positions=0
2026-03-29 14:02:09,592 [INFO] [Scan:cvd_spike] trades=0 | cache hits=11 miss=0 err=0 | positions=0
2026-03-29 14:02:14,118 [INFO] [Scan:liquidation_fade] trades=0 | cache hits=0 miss=11 err=0 | positions=0
2026-03-29 14:02:24,484 [INFO] [Heartbeat] equity=$4599.11 | daily=0.00% | pos=0 | notional=$0.00 | kill=False
2026-03-29 14:02:25,713 [INFO] [Scan:asymmetric_sniper] trades=0 | cache hits=10 miss=1 err=0 | positions=0
2026-03-29 14:03:08,826 [INFO] [Scan:cvd_spike] trades=0 | cache hits=1 miss=10 err=0 | positions=0
2026-03-29 14:03:13,399 [INFO] [Scan:liquidation_fade] trades=0 | cache hits=0 miss=11 err=0 | positions=0
2026-03-29 14:03:20,779 [INFO] [Heartbeat] equity=$4599.11 | daily=0.00% | pos=0 | notional=$0.00 | kill=False
2026-03-29 14:03:22,746 [INFO] [Scan:asymmetric_sniper] trades=0 | cache hits=11 miss=0 err=0 | positions=0
2026-03-29 14:04:05,318 [INFO] [Scan:cvd_spike] trades=0 | cache hits=10 miss=1 err=0 | positions=0
2026-03-29 14:04:12,627 [INFO] [Scan:liquidation_fade] trades=0 | cache hits=0 miss=11 err=0 | positions=0
2026-03-29 14:04:17,050 [INFO] [Heartbeat] equity=$4599.11 | daily=0.00% | pos=0 | notional=$0.00 | kill=False
2026-03-29 14:04:20,653 [INFO] [ARB] ASYMMETRIC SNIPER -> LONG | z=-2.05 strength=2106.404
2026-03-29 14:04:21,217 [INFO] [Leverage] ARB set to 5x (isolated)
2026-03-29 14:04:21,421 [ERROR] [Entry] ARB BUY failed: binanceusdm {"code":-2019,"msg":"Margin is insufficient."}
2026-03-29 14:04:21,421 [INFO] [Scan:asymmetric_sniper] trades=0 | cache hits=1 miss=11 err=0 | positions=0
2026-03-29 14:05:01,933 [INFO] [Scan:cvd_spike] trades=0 | cache hits=11 miss=0 err=0 | positions=0
2026-03-29 14:05:08,941 [INFO] [Scan:liquidation_fade] trades=0 | cache hits=11 miss=0 err=0 | positions=0
2026-03-29 14:05:15,209 [INFO] [Heartbeat] equity=$4599.11 | daily=0.00% | pos=0 | notional=$0.00 | kill=False
2026-03-29 14:05:18,557 [INFO] [ARB] ASYMMETRIC SNIPER -> LONG | z=-2.05 strength=2106.404
2026-03-29 14:05:19,295 [INFO] [Leverage] ARB set to 5x (isolated)
2026-03-29 14:05:19,498 [ERROR] [Entry] ARB BUY failed: binanceusdm {"code":-2019,"msg":"Margin is insufficient."}
2026-03-29 14:05:19,499 [INFO] [Scan:asymmetric_sniper] trades=0 | cache hits=5 miss=7 err=0 | positions=0
2026-03-29 14:05:44,424 [INFO] [CoinSelect] Volatility top 30 → 0 passed safety filter | rejected: 0
2026-03-29 14:05:49,584 [INFO] [SignalScan] 11 coins | 8 candidates
2026-03-29 14:05:58,952 [INFO] [Scan:cvd_spike] trades=0 | cache hits=6 miss=16 err=0 | positions=0
2026-03-29 14:06:06,352 [INFO] [Scan:liquidation_fade] trades=0 | cache hits=0 miss=11 err=0 | positions=0
2026-03-29 14:06:11,463 [INFO] [Heartbeat] equity=$4599.11 | daily=0.00% | pos=0 | notional=$0.00 | kill=False
2026-03-29 14:06:16,522 [INFO] [Scan:asymmetric_sniper] trades=0 | cache hits=11 miss=0 err=0 | positions=0
2026-03-29 14:06:55,841 [INFO] [Scan:cvd_spike] trades=0 | cache hits=5 miss=6 err=0 | positions=0
2026-03-29 14:07:02,628 [INFO] [Scan:liquidation_fade] trades=0 | cache hits=11 miss=0 err=0 | positions=0
2026-03-29 14:07:07,733 [INFO] [Heartbeat] equity=$4599.11 | daily=0.00% | pos=0 | notional=$0.00 | kill=False
2026-03-29 14:07:16,752 [INFO] [Scan:asymmetric_sniper] trades=0 | cache hits=6 miss=5 err=0 | positions=0
2026-03-29 14:07:52,266 [INFO] [Scan:cvd_spike] trades=0 | cache hits=11 miss=0 err=0 | positions=0
2026-03-29 14:08:00,051 [INFO] [Scan:liquidation_fade] trades=0 | cache hits=0 miss=11 err=0 | positions=0
2026-03-29 14:08:03,989 [INFO] [Heartbeat] equity=$4599.11 | daily=0.00% | pos=0 | notional=$0.00 | kill=False
2026-03-29 14:08:14,463 [INFO] [Scan:asymmetric_sniper] trades=0 | cache hits=5 miss=6 err=0 | positions=0
2026-03-29 14:08:49,122 [INFO] [Scan:cvd_spike] trades=0 | cache hits=6 miss=5 err=0 | positions=0
2026-03-29 14:08:56,283 [INFO] [Scan:liquidation_fade] trades=0 | cache hits=11 miss=0 err=0 | positions=0
2026-03-29 14:09:00,215 [INFO] [Heartbeat] equity=$4599.11 | daily=0.00% | pos=0 | notional=$0.00 | kill=False
2026-03-29 14:09:11,398 [INFO] [Scan:asymmetric_sniper] trades=0 | cache hits=11 miss=0 err=0 | positions=0
2026-03-29 14:09:47,585 [ERROR] [DataHub] OHLCV fetch failed DOGE/1m: binanceusdm 429 Too Many Requests {"code":-1003,"msg":"Too many requests; current limit of IP(15.158.3.5) is 6000 requests per minute. Please use the websocket for live updates to avoid polling the API."}
2026-03-29 14:09:47,695 [ERROR] [DataHub] OHLCV fetch failed ADA/1m: binanceusdm 429 Too Many Requests {"code":-1003,"msg":"Too many requests; current limit of IP(15.158.3.5) is 6000 requests per minute. Please use the websocket for live updates to avoid polling the API."}
2026-03-29 14:09:48,413 [INFO] [Scan:cvd_spike] trades=0 | cache hits=0 miss=9 err=2 | positions=0
2026-03-29 14:09:52,870 [ERROR] [DataHub] OHLCV fetch failed DOGE/5m: binanceusdm 429 Too Many Requests {"code":-1003,"msg":"Too many requests; current limit of IP(15.158.3.5) is 6000 requests per minute. Please use the websocket for live updates to avoid polling the API."}
2026-03-29 14:09:53,680 [INFO] [Scan:liquidation_fade] trades=0 | cache hits=0 miss=10 err=1 | positions=0
2026-03-29 14:09:56,479 [INFO] [Heartbeat] equity=$4599.11 | daily=0.00% | pos=0 | notional=$0.00 | kill=False
2026-03-29 14:10:08,566 [INFO] [Scan:asymmetric_sniper] trades=0 | cache hits=9 miss=2 err=0 | positions=0
2026-03-29 14:10:44,789 [INFO] [Scan:cvd_spike] trades=0 | cache hits=11 miss=0 err=0 | positions=0
2026-03-29 14:10:52,725 [INFO] [Heartbeat] equity=$4599.11 | daily=0.00% | pos=0 | notional=$0.00 | kill=False
2026-03-29 14:10:52,918 [INFO] [Scan:liquidation_fade] trades=0 | cache hits=0 miss=11 err=0 | positions=0
2026-03-29 14:11:06,496 [INFO] [Scan:asymmetric_sniper] trades=0 | cache hits=2 miss=9 err=0 | positions=0
2026-03-29 14:11:41,274 [INFO] [Scan:cvd_spike] trades=0 | cache hits=9 miss=2 err=0 | positions=0
2026-03-29 14:11:50,849 [INFO] [Heartbeat] equity=$4599.11 | daily=0.00% | pos=0 | notional=$0.00 | kill=False
2026-03-29 14:11:51,865 [ERROR] [DataHub] OHLCV fetch failed AVAX/5m: binanceusdm 429 Too Many Requests {"code":-1003,"msg":"Too many requests; current limit of IP(15.158.3.5) is 6000 requests per minute. Please use the websocket for live updates to avoid polling the API."}
2026-03-29 14:11:52,166 [ERROR] [DataHub] OHLCV fetch failed SUI/5m: binanceusdm 429 Too Many Requests {"code":-1003,"msg":"Too many requests; current limit of IP(15.158.3.5) is 6000 requests per minute. Please use the websocket for live updates to avoid polling the API."}
2026-03-29 14:11:52,167 [INFO] [Scan:liquidation_fade] trades=0 | cache hits=0 miss=9 err=2 | positions=0
2026-03-29 14:12:03,440 [INFO] [Scan:asymmetric_sniper] trades=0 | cache hits=11 miss=0 err=0 | positions=0
2026-03-29 14:12:38,533 [INFO] [Scan:cvd_spike] trades=0 | cache hits=2 miss=9 err=0 | positions=0
2026-03-29 14:12:47,161 [INFO] [Heartbeat] equity=$4599.11 | daily=0.00% | pos=0 | notional=$0.00 | kill=False
2026-03-29 14:12:48,735 [INFO] [Scan:liquidation_fade] trades=0 | cache hits=9 miss=2 err=0 | positions=0
2026-03-29 14:13:00,603 [INFO] [Scan:asymmetric_sniper] trades=0 | cache hits=9 miss=2 err=0 | positions=0
2026-03-29 14:13:32,097 [INFO] [EVGuardian] momentum_breakout: EV=0.0000% tp_rate=0.0% n=7 ok
2026-03-29 14:13:32,098 [INFO] [EVGuardian] cvd_spike: EV=0.0000% tp_rate=0.0% n=66 ok
2026-03-29 14:13:32,098 [INFO] [EVGuardian] asymmetric_sniper: EV=0.0000% tp_rate=0.0% n=32 ok
2026-03-29 14:13:32,098 [INFO] [EVGuardian] liquidation_fade: EV=0.0000% tp_rate=0.0% n=28 ok
2026-03-29 14:13:34,762 [INFO] [Scan:cvd_spike] trades=0 | cache hits=11 miss=0 err=0 | positions=0
2026-03-29 14:13:43,098 [INFO] [CoinSelect] Volatility top 30 → 0 passed safety filter | rejected: 0
2026-03-29 14:13:43,105 [INFO] [CoinRefresh] 11 coins active (base=13 + selective=0) | +{} -{}
2026-03-29 14:13:43,373 [INFO] [Heartbeat] equity=$4599.11 | daily=0.00% | pos=0 | notional=$0.00 | kill=False
2026-03-29 14:13:47,808 [INFO] [Scan:liquidation_fade] trades=0 | cache hits=2 miss=9 err=0 | positions=0
2026-03-29 14:13:58,586 [INFO] [Scan:asymmetric_sniper] trades=0 | cache hits=2 miss=9 err=0 | positions=0
2026-03-29 14:14:31,290 [INFO] [Scan:cvd_spike] trades=0 | cache hits=9 miss=2 err=0 | positions=0
2026-03-29 14:14:39,660 [INFO] [Heartbeat] equity=$4599.11 | daily=0.00% | pos=0 | notional=$0.00 | kill=False
2026-03-29 14:14:45,409 [INFO] [Scan:liquidation_fade] trades=0 | cache hits=9 miss=2 err=0 | positions=0
2026-03-29 14:14:58,237 [INFO] [Scan:asymmetric_sniper] trades=0 | cache hits=2 miss=9 err=0 | positions=0
2026-03-29 14:15:27,568 [INFO] [Scan:cvd_spike] trades=0 | cache hits=11 miss=0 err=0 | positions=0
2026-03-29 14:15:35,921 [INFO] [Heartbeat] equity=$4599.11 | daily=0.00% | pos=0 | notional=$0.00 | kill=False
2026-03-29 14:15:42,608 [INFO] [Scan:liquidation_fade] trades=0 | cache hits=2 miss=9 err=0 | positions=0
2026-03-29 14:15:58,141 [INFO] [Scan:asymmetric_sniper] trades=0 | cache hits=0 miss=11 err=0 | positions=0
2026-03-29 14:16:25,712 [INFO] [Scan:cvd_spike] trades=0 | cache hits=11 miss=0 err=0 | positions=0
2026-03-29 14:16:32,188 [INFO] [Heartbeat] equity=$4599.11 | daily=0.00% | pos=0 | notional=$0.00 | kill=False
2026-03-29 14:16:39,134 [INFO] [Scan:liquidation_fade] trades=0 | cache hits=9 miss=2 err=0 | positions=0
2026-03-29 14:16:55,098 [INFO] [Scan:asymmetric_sniper] trades=0 | cache hits=11 miss=0 err=0 | positions=0
2026-03-29 14:17:23,199 [INFO] [Scan:cvd_spike] trades=0 | cache hits=0 miss=11 err=0 | positions=0
2026-03-29 14:17:30,338 [INFO] [Heartbeat] equity=$4599.11 | daily=0.00% | pos=0 | notional=$0.00 | kill=False
2026-03-29 14:17:36,293 [INFO] [Scan:liquidation_fade] trades=0 | cache hits=2 miss=9 err=0 | positions=0
2026-03-29 14:17:51,791 [INFO] [ETH] ASYMMETRIC SNIPER -> SHORT | z=1.87 strength=-0.384
2026-03-29 14:17:52,225 [ERROR] [DataHub] OHLCV fetch failed ETH/1m: binanceusdm 429 Too Many Requests {"code":-1003,"msg":"Too many requests; current limit of IP(15.158.3.5) is 6000 requests per minute. Please use the websocket for live updates to avoid polling the API."}
2026-03-29 14:17:52,534 [INFO] [Leverage] ETH set to 5x (isolated)
2026-03-29 14:17:52,741 [ERROR] [Entry] ETH SELL failed: binanceusdm {"code":-1021,"msg":"Timestamp for this request was 1000ms ahead of the server's time."}
2026-03-29 14:17:52,743 [INFO] [Scan:asymmetric_sniper] trades=0 | cache hits=11 miss=0 err=1 | positions=0
2026-03-29 14:18:19,729 [INFO] [Scan:cvd_spike] trades=0 | cache hits=11 miss=0 err=0 | positions=0
2026-03-29 14:18:26,637 [INFO] [Heartbeat] equity=$4599.11 | daily=0.00% | pos=0 | notional=$0.00 | kill=False
2026-03-29 14:18:32,763 [INFO] [Scan:liquidation_fade] trades=0 | cache hits=9 miss=2 err=0 | positions=0
2026-03-29 14:18:50,877 [INFO] [Scan:asymmetric_sniper] trades=0 | cache hits=0 miss=11 err=0 | positions=0
2026-03-29 14:19:15,995 [INFO] [Scan:cvd_spike] trades=0 | cache hits=11 miss=0 err=0 | positions=0
2026-03-29 14:19:22,870 [INFO] [Heartbeat] equity=$4599.11 | daily=0.00% | pos=0 | notional=$0.00 | kill=False
2026-03-29 14:19:31,275 [ERROR] [DataHub] OHLCV fetch failed ADA/5m: binanceusdm 429 Too Many Requests {"code":-1003,"msg":"Too many requests; current limit of IP(15.158.3.5) is 6000 requests per minute. Please use the websocket for live updates to avoid polling the API."}
2026-03-29 14:19:31,581 [ERROR] [DataHub] OHLCV fetch failed DOT/5m: binanceusdm 429 Too Many Requests {"code":-1003,"msg":"Too many requests; current limit of IP(15.158.3.5) is 6000 requests per minute. Please use the websocket for live updates to avoid polling the API."}
2026-03-29 14:19:31,977 [INFO] [Scan:liquidation_fade] trades=0 | cache hits=0 miss=9 err=2 | positions=0
2026-03-29 14:19:47,817 [INFO] [Scan:asymmetric_sniper] trades=0 | cache hits=11 miss=0 err=0 | positions=0
2026-03-29 14:19:59,097 [INFO] [CoinSelect] Volatility top 30 → 0 passed safety filter | rejected: 0
2026-03-29 14:20:02,567 [INFO] [SignalScan] 11 coins | 10 candidates
2026-03-29 14:20:13,697 [INFO] [Scan:cvd_spike] trades=0 | cache hits=0 miss=22 err=0 | positions=0
2026-03-29 14:20:19,117 [INFO] [Heartbeat] equity=$4599.11 | daily=0.00% | pos=0 | notional=$0.00 | kill=False
2026-03-29 14:20:28,430 [INFO] [Scan:liquidation_fade] trades=0 | cache hits=9 miss=2 err=0 | positions=0
2026-03-29 14:20:44,410 [INFO] [DOGE] ASYMMETRIC SNIPER -> SHORT | z=2.42 strength=-0.593
2026-03-29 14:20:45,201 [INFO] [Leverage] DOGE set to 5x (isolated)
2026-03-29 14:20:45,408 [ERROR] [Entry] DOGE SELL failed: binanceusdm {"code":-2019,"msg":"Margin is insufficient."}
2026-03-29 14:20:45,408 [INFO] [Scan:asymmetric_sniper] trades=0 | cache hits=11 miss=1 err=0 | positions=0
2026-03-29 14:21:10,278 [INFO] [Scan:cvd_spike] trades=0 | cache hits=11 miss=0 err=0 | positions=0
2026-03-29 14:21:15,401 [INFO] [Heartbeat] equity=$4599.11 | daily=0.00% | pos=0 | notional=$0.00 | kill=False
2026-03-29 14:21:25,563 [INFO] [Scan:liquidation_fade] trades=0 | cache hits=2 miss=9 err=0 | positions=0
2026-03-29 14:21:43,479 [INFO] [Scan:asymmetric_sniper] trades=0 | cache hits=0 miss=11 err=0 | positions=0
2026-03-29 14:22:06,555 [INFO] [Scan:cvd_spike] trades=0 | cache hits=11 miss=0 err=0 | positions=0
2026-03-29 14:22:11,650 [INFO] [Heartbeat] equity=$4599.11 | daily=0.00% | pos=0 | notional=$0.00 | kill=False
2026-03-29 14:22:22,023 [INFO] [Scan:liquidation_fade] trades=0 | cache hits=9 miss=2 err=0 | positions=0
2026-03-29 14:22:40,421 [INFO] [Scan:asymmetric_sniper] trades=0 | cache hits=11 miss=0 err=0 | positions=0
2026-03-29 14:23:05,848 [INFO] [Scan:cvd_spike] trades=0 | cache hits=0 miss=11 err=0 | positions=0
2026-03-29 14:23:07,910 [INFO] [Heartbeat] equity=$4599.11 | daily=0.00% | pos=0 | notional=$0.00 | kill=False
2026-03-29 14:23:19,208 [INFO] [Scan:liquidation_fade] trades=0 | cache hits=2 miss=9 err=0 | positions=0
2026-03-29 14:23:37,411 [INFO] [Scan:asymmetric_sniper] trades=0 | cache hits=11 miss=0 err=0 | positions=0
2026-03-29 14:24:02,288 [INFO] [Scan:cvd_spike] trades=0 | cache hits=11 miss=0 err=0 | positions=0
2026-03-29 14:24:06,044 [INFO] [Heartbeat] equity=$4599.11 | daily=0.00% | pos=0 | notional=$0.00 | kill=False
2026-03-29 14:24:15,664 [INFO] [Scan:liquidation_fade] trades=0 | cache hits=9 miss=2 err=0 | positions=0
2026-03-29 14:24:37,377 [INFO] [Scan:asymmetric_sniper] trades=0 | cache hits=0 miss=11 err=0 | positions=0
2026-03-29 14:24:58,552 [INFO] [Scan:cvd_spike] trades=0 | cache hits=11 miss=0 err=0 | positions=0
2026-03-29 14:25:02,276 [INFO] [Heartbeat] equity=$4599.11 | daily=0.00% | pos=0 | notional=$0.00 | kill=False
2026-03-29 14:25:12,845 [INFO] [Scan:liquidation_fade] trades=0 | cache hits=2 miss=9 err=0 | positions=0
2026-03-29 14:25:34,332 [INFO] [Scan:asymmetric_sniper] trades=0 | cache hits=11 miss=0 err=0 | positions=0
2026-03-29 14:25:56,143 [INFO] [Scan:cvd_spike] trades=0 | cache hits=0 miss=11 err=0 | positions=0
2026-03-29 14:25:58,566 [INFO] [Heartbeat] equity=$4599.11 | daily=0.00% | pos=0 | notional=$0.00 | kill=False
2026-03-29 14:26:09,374 [INFO] [Scan:liquidation_fade] trades=0 | cache hits=9 miss=2 err=0 | positions=0
2026-03-29 14:26:31,344 [INFO] [Scan:asymmetric_sniper] trades=0 | cache hits=11 miss=0 err=0 | positions=0
2026-03-29 14:26:52,621 [INFO] [Scan:cvd_spike] trades=0 | cache hits=11 miss=0 err=0 | positions=0
2026-03-29 14:26:54,809 [INFO] [Heartbeat] equity=$4599.11 | daily=0.00% | pos=0 | notional=$0.00 | kill=False
2026-03-29 14:27:08,604 [INFO] [Scan:liquidation_fade] trades=0 | cache hits=0 miss=11 err=0 | positions=0
2026-03-29 14:27:29,394 [INFO] [Scan:asymmetric_sniper] trades=0 | cache hits=0 miss=11 err=0 | positions=0
2026-03-29 14:27:49,089 [INFO] [Scan:cvd_spike] trades=0 | cache hits=11 miss=0 err=0 | positions=0
2026-03-29 14:27:50,687 [INFO] [CoinSelect] Volatility top 30 → 0 passed safety filter | rejected: 0
2026-03-29 14:27:50,687 [INFO] [CoinRefresh] 11 coins active (base=13 + selective=0) | +{} -{}
2026-03-29 14:27:51,051 [INFO] [Heartbeat] equity=$4599.11 | daily=0.00% | pos=0 | notional=$0.00 | kill=False
2026-03-29 14:28:04,835 [INFO] [Scan:liquidation_fade] trades=0 | cache hits=11 miss=0 err=0 | positions=0
2026-03-29 14:28:28,239 [INFO] [Scan:asymmetric_sniper] trades=0 | cache hits=11 miss=0 err=0 | positions=0
2026-03-29 14:28:46,523 [INFO] [Scan:cvd_spike] trades=0 | cache hits=0 miss=11 err=0 | positions=0
2026-03-29 14:28:47,301 [INFO] [Heartbeat] equity=$4599.11 | daily=0.00% | pos=0 | notional=$0.00 | kill=False
2026-03-29 14:29:04,232 [INFO] [Scan:liquidation_fade] trades=0 | cache hits=0 miss=11 err=0 | positions=0
2026-03-29 14:29:25,203 [INFO] [Scan:asymmetric_sniper] trades=0 | cache hits=11 miss=0 err=0 | positions=0
2026-03-29 14:29:43,515 [INFO] [Heartbeat] equity=$4599.11 | daily=0.00% | pos=0 | notional=$0.00 | kill=False
2026-03-29 14:29:45,761 [INFO] [Scan:cvd_spike] trades=0 | cache hits=0 miss=11 err=0 | positions=0
2026-03-29 14:30:01,425 [INFO] [Scan:liquidation_fade] trades=0 | cache hits=2 miss=9 err=0 | positions=0
2026-03-29 14:30:22,293 [INFO] [Scan:asymmetric_sniper] trades=0 | cache hits=11 miss=0 err=0 | positions=0
2026-03-29 14:30:41,642 [INFO] [Heartbeat] equity=$4599.11 | daily=0.00% | pos=0 | notional=$0.00 | kill=False
2026-03-29 14:30:45,177 [INFO] [Scan:cvd_spike] trades=0 | cache hits=0 miss=11 err=0 | positions=0
2026-03-29 14:30:57,874 [INFO] [Scan:liquidation_fade] trades=0 | cache hits=9 miss=2 err=0 | positions=0
2026-03-29 14:31:19,281 [INFO] [Scan:asymmetric_sniper] trades=0 | cache hits=11 miss=0 err=0 | positions=0
2026-03-29 14:31:37,884 [INFO] [Heartbeat] equity=$4599.11 | daily=0.00% | pos=0 | notional=$0.00 | kill=False
2026-03-29 14:31:41,584 [INFO] [Scan:cvd_spike] trades=0 | cache hits=11 miss=0 err=0 | positions=0
2026-03-29 14:31:55,036 [INFO] [Scan:liquidation_fade] trades=0 | cache hits=2 miss=9 err=0 | positions=0
2026-03-29 14:32:19,211 [INFO] [Scan:asymmetric_sniper] trades=0 | cache hits=0 miss=11 err=0 | positions=0
2026-03-29 14:32:34,127 [INFO] [Heartbeat] equity=$4599.11 | daily=0.00% | pos=0 | notional=$0.00 | kill=False
2026-03-29 14:32:38,013 [INFO] [Scan:cvd_spike] trades=0 | cache hits=11 miss=0 err=0 | positions=0
2026-03-29 14:32:51,506 [INFO] [Scan:liquidation_fade] trades=0 | cache hits=9 miss=2 err=0 | positions=0
2026-03-29 14:33:19,169 [INFO] [Scan:asymmetric_sniper] trades=0 | cache hits=0 miss=11 err=0 | positions=0
2026-03-29 14:33:30,364 [INFO] [Heartbeat] equity=$4599.11 | daily=0.00% | pos=0 | notional=$0.00 | kill=False
2026-03-29 14:33:34,341 [INFO] [Scan:cvd_spike] trades=0 | cache hits=11 miss=0 err=0 | positions=0
2026-03-29 14:33:50,763 [INFO] [Scan:liquidation_fade] trades=0 | cache hits=0 miss=11 err=0 | positions=0
2026-03-29 14:34:11,927 [INFO] [CoinSelect] Volatility top 30 → 0 passed safety filter | rejected: 0
2026-03-29 14:34:16,344 [INFO] [Scan:asymmetric_sniper] trades=0 | cache hits=11 miss=6 err=0 | positions=0
2026-03-29 14:34:17,740 [INFO] [SignalScan] 11 coins | 10 candidates
2026-03-29 14:34:26,584 [INFO] [Heartbeat] equity=$4599.11 | daily=0.00% | pos=0 | notional=$0.00 | kill=False
2026-03-29 14:34:31,958 [INFO] [Scan:cvd_spike] trades=0 | cache hits=0 miss=16 err=0 | positions=0
2026-03-29 14:34:50,120 [INFO] [Scan:liquidation_fade] trades=0 | cache hits=0 miss=11 err=0 | positions=0
2026-03-29 14:35:13,318 [INFO] [Scan:asymmetric_sniper] trades=0 | cache hits=11 miss=0 err=0 | positions=0
2026-03-29 14:35:22,818 [INFO] [Heartbeat] equity=$4599.11 | daily=0.00% | pos=0 | notional=$0.00 | kill=False
2026-03-29 14:35:28,352 [INFO] [Scan:cvd_spike] trades=0 | cache hits=11 miss=0 err=0 | positions=0
2026-03-29 14:35:46,347 [INFO] [Scan:liquidation_fade] trades=0 | cache hits=11 miss=0 err=0 | positions=0
2026-03-29 14:36:11,236 [INFO] [Scan:asymmetric_sniper] trades=0 | cache hits=0 miss=11 err=0 | positions=0
2026-03-29 14:36:20,919 [INFO] [Heartbeat] equity=$4599.11 | daily=0.00% | pos=0 | notional=$0.00 | kill=False
2026-03-29 14:36:24,590 [INFO] [Scan:cvd_spike] trades=0 | cache hits=11 miss=0 err=0 | positions=0
2026-03-29 14:36:43,701 [INFO] [Scan:liquidation_fade] trades=0 | cache hits=0 miss=11 err=0 | positions=0
2026-03-29 14:37:08,149 [INFO] [Scan:asymmetric_sniper] trades=0 | cache hits=11 miss=0 err=0 | positions=0
2026-03-29 14:37:17,128 [INFO] [Heartbeat] equity=$4599.11 | daily=0.00% | pos=0 | notional=$0.00 | kill=False
2026-03-29 14:37:23,791 [INFO] [Scan:cvd_spike] trades=0 | cache hits=0 miss=11 err=0 | positions=0
2026-03-29 14:37:39,907 [INFO] [Scan:liquidation_fade] trades=0 | cache hits=11 miss=0 err=0 | positions=0
2026-03-29 14:38:05,118 [INFO] [Scan:asymmetric_sniper] trades=0 | cache hits=11 miss=0 err=0 | positions=0
2026-03-29 14:38:13,384 [INFO] [Heartbeat] equity=$4599.11 | daily=0.00% | pos=0 | notional=$0.00 | kill=False
2026-03-29 14:38:20,041 [INFO] [Scan:cvd_spike] trades=0 | cache hits=11 miss=0 err=0 | positions=0
2026-03-29 14:38:37,219 [INFO] [Scan:liquidation_fade] trades=0 | cache hits=0 miss=11 err=0 | positions=0
2026-03-29 14:39:03,283 [INFO] [Scan:asymmetric_sniper] trades=0 | cache hits=0 miss=11 err=0 | positions=0
2026-03-29 14:39:09,607 [INFO] [Heartbeat] equity=$4599.11 | daily=0.00% | pos=0 | notional=$0.00 | kill=False
2026-03-29 14:39:16,257 [INFO] [Scan:cvd_spike] trades=0 | cache hits=11 miss=0 err=0 | positions=0
2026-03-29 14:39:33,447 [INFO] [Scan:liquidation_fade] trades=0 | cache hits=11 miss=0 err=0 | positions=0
2026-03-29 14:40:00,162 [INFO] [Scan:asymmetric_sniper] trades=0 | cache hits=11 miss=0 err=0 | positions=0
2026-03-29 14:40:05,800 [INFO] [Heartbeat] equity=$4599.11 | daily=0.00% | pos=0 | notional=$0.00 | kill=False
2026-03-29 14:40:13,557 [INFO] [Scan:cvd_spike] trades=0 | cache hits=0 miss=11 err=0 | positions=0
2026-03-29 14:40:30,818 [INFO] [Scan:liquidation_fade] trades=0 | cache hits=0 miss=11 err=0 | positions=0
2026-03-29 14:40:59,016 [INFO] [Scan:asymmetric_sniper] trades=0 | cache hits=11 miss=0 err=0 | positions=0
2026-03-29 14:41:02,142 [INFO] [Heartbeat] equity=$4599.11 | daily=0.00% | pos=0 | notional=$0.00 | kill=False
2026-03-29 14:41:09,800 [INFO] [Scan:cvd_spike] trades=0 | cache hits=11 miss=0 err=0 | positions=0
2026-03-29 14:41:30,053 [INFO] [Scan:liquidation_fade] trades=0 | cache hits=0 miss=11 err=0 | positions=0
2026-03-29 14:41:48,081 [INFO] [Analyzer] Analysis complete: 133 trades | PnL=-115.53 USDT | WR=34.6%
2026-03-29 14:41:48,082 [INFO] [Analysis] Report generated: 133 trades
2026-03-29 14:41:59,029 [INFO] [Scan:asymmetric_sniper] trades=0 | cache hits=0 miss=11 err=0 | positions=0
2026-03-29 14:41:59,679 [INFO] [CoinSelect] Volatility top 30 → 0 passed safety filter | rejected: 0
2026-03-29 14:41:59,680 [INFO] [CoinRefresh] 11 coins active (base=13 + selective=0) | +{} -{}
2026-03-29 14:41:58,344 [INFO] [Heartbeat] equity=$4599.11 | daily=0.00% | pos=0 | notional=$0.00 | kill=False
2026-03-29 14:42:06,025 [INFO] [Scan:cvd_spike] trades=0 | cache hits=11 miss=0 err=0 | positions=0
2026-03-29 14:42:31,264 [INFO] [Scan:liquidation_fade] trades=0 | cache hits=0 miss=11 err=0 | positions=0
2026-03-29 14:42:55,982 [INFO] [Scan:asymmetric_sniper] trades=0 | cache hits=11 miss=0 err=0 | positions=0
2026-03-29 14:42:56,453 [INFO] [Heartbeat] equity=$4599.11 | daily=0.00% | pos=0 | notional=$0.00 | kill=False
2026-03-29 14:43:03,350 [INFO] [Scan:cvd_spike] trades=0 | cache hits=0 miss=11 err=0 | positions=0
2026-03-29 14:43:30,562 [INFO] [Scan:liquidation_fade] trades=0 | cache hits=0 miss=11 err=0 | positions=0
2026-03-29 14:43:52,644 [INFO] [Heartbeat] equity=$4599.11 | daily=0.00% | pos=0 | notional=$0.00 | kill=False
2026-03-29 14:43:52,979 [INFO] [Scan:asymmetric_sniper] trades=0 | cache hits=11 miss=0 err=0 | positions=0
2026-03-29 14:44:03,970 [INFO] [Scan:cvd_spike] trades=0 | cache hits=0 miss=11 err=0 | positions=0
2026-03-29 14:44:26,827 [INFO] [Scan:liquidation_fade] trades=0 | cache hits=11 miss=0 err=0 | positions=0
2026-03-29 14:44:48,830 [INFO] [Heartbeat] equity=$4599.11 | daily=0.00% | pos=0 | notional=$0.00 | kill=False
2026-03-29 14:44:49,897 [INFO] [Scan:asymmetric_sniper] trades=0 | cache hits=11 miss=0 err=0 | positions=0
2026-03-29 14:45:03,186 [INFO] [Scan:cvd_spike] trades=0 | cache hits=0 miss=11 err=0 | positions=0
2026-03-29 14:45:24,207 [INFO] [Scan:liquidation_fade] trades=0 | cache hits=0 miss=11 err=0 | positions=0
2026-03-29 14:45:45,047 [INFO] [Heartbeat] equity=$4599.11 | daily=0.00% | pos=0 | notional=$0.00 | kill=False
2026-03-29 14:45:46,842 [INFO] [Scan:asymmetric_sniper] trades=0 | cache hits=11 miss=0 err=0 | positions=0
2026-03-29 14:45:59,413 [INFO] [Scan:cvd_spike] trades=0 | cache hits=11 miss=0 err=0 | positions=0
2026-03-29 14:46:20,428 [INFO] [Scan:liquidation_fade] trades=0 | cache hits=11 miss=0 err=0 | positions=0
2026-03-29 14:46:41,250 [INFO] [Heartbeat] equity=$4599.11 | daily=0.00% | pos=0 | notional=$0.00 | kill=False
2026-03-29 14:46:44,798 [INFO] [Scan:asymmetric_sniper] trades=0 | cache hits=0 miss=11 err=0 | positions=0
2026-03-29 14:46:55,736 [INFO] [Scan:cvd_spike] trades=0 | cache hits=11 miss=0 err=0 | positions=0
2026-03-29 14:47:17,808 [INFO] [Scan:liquidation_fade] trades=0 | cache hits=0 miss=11 err=0 | positions=0
2026-03-29 14:47:37,444 [INFO] [Heartbeat] equity=$4599.11 | daily=0.00% | pos=0 | notional=$0.00 | kill=False
2026-03-29 14:47:41,779 [INFO] [Scan:asymmetric_sniper] trades=0 | cache hits=11 miss=0 err=0 | positions=0
2026-03-29 14:47:53,198 [INFO] [Scan:cvd_spike] trades=0 | cache hits=0 miss=11 err=0 | positions=0
2026-03-29 14:48:14,023 [INFO] [Scan:liquidation_fade] trades=0 | cache hits=11 miss=0 err=0 | positions=0
2026-03-29 14:48:24,759 [INFO] [CoinSelect] Volatility top 30 → 0 passed safety filter | rejected: 0
2026-03-29 14:48:29,986 [INFO] [SignalScan] 11 coins | 10 candidates
2026-03-29 14:48:35,563 [INFO] [Heartbeat] equity=$4599.11 | daily=0.00% | pos=0 | notional=$0.00 | kill=False
2026-03-29 14:48:38,889 [INFO] [Scan:asymmetric_sniper] trades=0 | cache hits=11 miss=11 err=0 | positions=0
2026-03-29 14:48:49,545 [INFO] [Scan:cvd_spike] trades=0 | cache hits=11 miss=0 err=0 | positions=0
2026-03-29 14:49:11,319 [INFO] [Scan:liquidation_fade] trades=0 | cache hits=0 miss=11 err=0 | positions=0
2026-03-29 14:49:31,770 [INFO] [Heartbeat] equity=$4599.11 | daily=0.00% | pos=0 | notional=$0.00 | kill=False
2026-03-29 14:49:38,771 [INFO] [Scan:asymmetric_sniper] trades=0 | cache hits=0 miss=11 err=0 | positions=0
2026-03-29 14:49:45,772 [INFO] [Scan:cvd_spike] trades=0 | cache hits=11 miss=0 err=0 | positions=0
2026-03-29 14:50:07,534 [INFO] [Scan:liquidation_fade] trades=0 | cache hits=11 miss=0 err=0 | positions=0
2026-03-29 14:50:27,997 [INFO] [Heartbeat] equity=$4599.11 | daily=0.00% | pos=0 | notional=$0.00 | kill=False
2026-03-29 14:50:40,715 [INFO] [Scan:asymmetric_sniper] trades=0 | cache hits=0 miss=11 err=0 | positions=0
2026-03-29 14:50:42,005 [INFO] [Scan:cvd_spike] trades=0 | cache hits=11 miss=0 err=0 | positions=0
2026-03-29 14:51:06,749 [INFO] [Scan:liquidation_fade] trades=0 | cache hits=0 miss=11 err=0 | positions=0
2026-03-29 14:51:24,189 [INFO] [Heartbeat] equity=$4599.11 | daily=0.00% | pos=0 | notional=$0.00 | kill=False
2026-03-29 14:51:40,697 [INFO] [Scan:asymmetric_sniper] trades=0 | cache hits=11 miss=11 err=0 | positions=0
2026-03-29 14:51:40,749 [INFO] [Scan:cvd_spike] trades=0 | cache hits=0 miss=0 err=0 | positions=0
2026-03-29 14:52:02,975 [INFO] [Scan:liquidation_fade] trades=0 | cache hits=11 miss=0 err=0 | positions=0
2026-03-29 14:52:20,352 [INFO] [Heartbeat] equity=$4599.11 | daily=0.00% | pos=0 | notional=$0.00 | kill=False
2026-03-29 14:52:37,596 [INFO] [Scan:asymmetric_sniper] trades=0 | cache hits=22 miss=0 err=0 | positions=0
2026-03-29 14:52:37,653 [INFO] [Scan:cvd_spike] trades=0 | cache hits=0 miss=0 err=0 | positions=0
2026-03-29 14:53:00,255 [INFO] [Scan:liquidation_fade] trades=0 | cache hits=0 miss=11 err=0 | positions=0
2026-03-29 14:53:16,602 [INFO] [Heartbeat] equity=$4599.11 | daily=0.00% | pos=0 | notional=$0.00 | kill=False
2026-03-29 14:53:35,014 [INFO] [Scan:cvd_spike] trades=0 | cache hits=11 miss=11 err=0 | positions=0
2026-03-29 14:53:35,662 [INFO] [Scan:asymmetric_sniper] trades=0 | cache hits=0 miss=0 err=0 | positions=0
2026-03-29 14:53:56,496 [INFO] [Scan:liquidation_fade] trades=0 | cache hits=11 miss=0 err=0 | positions=0
2026-03-29 14:54:12,804 [INFO] [Heartbeat] equity=$4599.11 | daily=0.00% | pos=0 | notional=$0.00 | kill=False
2026-03-29 14:54:31,230 [INFO] [Scan:cvd_spike] trades=0 | cache hits=11 miss=0 err=0 | positions=0
2026-03-29 14:54:32,617 [INFO] [Scan:asymmetric_sniper] trades=0 | cache hits=11 miss=0 err=0 | positions=0
2026-03-29 14:54:53,825 [INFO] [Scan:liquidation_fade] trades=0 | cache hits=0 miss=11 err=0 | positions=0
2026-03-29 14:55:10,911 [INFO] [Heartbeat] equity=$4599.11 | daily=0.00% | pos=0 | notional=$0.00 | kill=False
2026-03-29 14:55:28,745 [INFO] [Scan:cvd_spike] trades=0 | cache hits=0 miss=11 err=0 | positions=0
2026-03-29 14:55:29,501 [INFO] [Scan:asymmetric_sniper] trades=0 | cache hits=11 miss=0 err=0 | positions=0
2026-03-29 14:55:50,010 [INFO] [Scan:liquidation_fade] trades=0 | cache hits=11 miss=0 err=0 | positions=0
2026-03-29 14:56:06,637 [INFO] [CoinSelect] Volatility top 30 → 0 passed safety filter | rejected: 0
2026-03-29 14:56:06,637 [INFO] [CoinRefresh] 11 coins active (base=13 + selective=0) | +{} -{}
2026-03-29 14:56:07,094 [INFO] [Heartbeat] equity=$4599.11 | daily=0.00% | pos=0 | notional=$0.00 | kill=False
2026-03-29 14:56:27,242 [INFO] [Scan:cvd_spike] trades=0 | cache hits=21 miss=1 err=0 | positions=0
2026-03-29 14:56:27,822 [INFO] [XRP] ASYMMETRIC SNIPER -> SHORT | z=8.09 strength=-4.432
2026-03-29 14:56:28,561 [ERROR] [Entry] XRP SELL failed: binanceusdm {"code":-2019,"msg":"Margin is insufficient."}
2026-03-29 14:56:28,561 [INFO] [Scan:asymmetric_sniper] trades=0 | cache hits=0 miss=1 err=0 | positions=0
2026-03-29 14:56:47,462 [INFO] [Scan:liquidation_fade] trades=0 | cache hits=0 miss=11 err=0 | positions=0
2026-03-29 14:57:03,301 [INFO] [Heartbeat] equity=$4599.11 | daily=0.00% | pos=0 | notional=$0.00 | kill=False
2026-03-29 14:57:24,669 [INFO] [Scan:cvd_spike] trades=0 | cache hits=1 miss=10 err=0 | positions=0
2026-03-29 14:57:24,855 [INFO] [XRP] ASYMMETRIC SNIPER -> SHORT | z=8.09 strength=-4.432
2026-03-29 14:57:25,855 [ERROR] [Entry] XRP SELL failed: binanceusdm {"code":-2019,"msg":"Margin is insufficient."}
2026-03-29 14:57:25,855 [INFO] [Scan:asymmetric_sniper] trades=0 | cache hits=12 miss=0 err=0 | positions=0
2026-03-29 14:57:46,320 [ERROR] [DataHub] OHLCV fetch failed BNB/5m: binanceusdm 429 Too Many Requests {"code":-1003,"msg":"Too many requests; current limit of IP(15.158.3.7) is 6000 requests per minute. Please use the websocket for live updates to avoid polling the API."}
2026-03-29 14:57:46,841 [INFO] [Scan:liquidation_fade] trades=0 | cache hits=0 miss=10 err=1 | positions=0
2026-03-29 14:57:59,526 [INFO] [Heartbeat] equity=$4599.11 | daily=0.00% | pos=0 | notional=$0.00 | kill=False
2026-03-29 14:58:21,178 [INFO] [Scan:cvd_spike] trades=0 | cache hits=10 miss=1 err=0 | positions=0
2026-03-29 14:58:23,148 [INFO] [Scan:asymmetric_sniper] trades=0 | cache hits=7 miss=4 err=0 | positions=0
2026-03-29 14:58:43,220 [INFO] [Scan:liquidation_fade] trades=0 | cache hits=10 miss=1 err=0 | positions=0
2026-03-29 14:58:55,770 [INFO] [Heartbeat] equity=$4599.11 | daily=0.00% | pos=0 | notional=$0.00 | kill=False
2026-03-29 14:59:20,121 [INFO] [Scan:cvd_spike] trades=0 | cache hits=15 miss=7 err=0 | positions=0
2026-03-29 14:59:20,790 [INFO] [Scan:asymmetric_sniper] trades=0 | cache hits=0 miss=0 err=0 | positions=0
2026-03-29 14:59:40,504 [INFO] [Scan:liquidation_fade] trades=0 | cache hits=1 miss=10 err=0 | positions=0
2026-03-29 14:59:51,949 [INFO] [Heartbeat] equity=$4599.11 | daily=0.00% | pos=0 | notional=$0.00 | kill=False
2026-03-29 15:00:19,586 [INFO] [Scan:cvd_spike] trades=0 | cache hits=11 miss=11 err=0 | positions=0
2026-03-29 15:00:20,179 [INFO] [Scan:asymmetric_sniper] trades=0 | cache hits=0 miss=0 err=0 | positions=0
2026-03-29 15:00:36,868 [INFO] [Scan:liquidation_fade] trades=0 | cache hits=10 miss=1 err=0 | positions=0
2026-03-29 15:00:50,110 [INFO] [Heartbeat] equity=$4599.11 | daily=0.00% | pos=0 | notional=$0.00 | kill=False
2026-03-29 15:01:18,915 [INFO] [Scan:cvd_spike] trades=0 | cache hits=11 miss=11 err=0 | positions=0
2026-03-29 15:01:19,539 [INFO] [Scan:asymmetric_sniper] trades=0 | cache hits=0 miss=0 err=0 | positions=0
2026-03-29 15:01:34,112 [INFO] [Scan:liquidation_fade] trades=0 | cache hits=1 miss=10 err=0 | positions=0
2026-03-29 15:01:46,372 [INFO] [Heartbeat] equity=$4599.11 | daily=0.00% | pos=0 | notional=$0.00 | kill=False
2026-03-29 15:02:15,169 [INFO] [Scan:cvd_spike] trades=0 | cache hits=11 miss=0 err=0 | positions=0
2026-03-29 15:02:16,479 [INFO] [Scan:asymmetric_sniper] trades=0 | cache hits=11 miss=0 err=0 | positions=0
2026-03-29 15:02:33,807 [INFO] [Scan:liquidation_fade] trades=0 | cache hits=10 miss=1 err=0 | positions=0
2026-03-29 15:02:36,917 [INFO] [CoinSelect] Volatility top 30 → 0 passed safety filter | rejected: 0
2026-03-29 15:02:42,087 [INFO] [SignalScan] 11 coins | 10 candidates
2026-03-29 15:02:42,607 [INFO] [Heartbeat] equity=$4599.11 | daily=0.00% | pos=0 | notional=$0.00 | kill=False
2026-03-29 15:03:12,755 [INFO] [Scan:cvd_spike] trades=0 | cache hits=11 miss=22 err=0 | positions=0
2026-03-29 15:03:13,422 [INFO] [Scan:asymmetric_sniper] trades=0 | cache hits=0 miss=0 err=0 | positions=0
2026-03-29 15:03:31,025 [INFO] [Scan:liquidation_fade] trades=0 | cache hits=1 miss=10 err=0 | positions=0
2026-03-29 15:03:38,821 [INFO] [Heartbeat] equity=$4599.11 | daily=0.00% | pos=0 | notional=$0.00 | kill=False
2026-03-29 15:04:09,014 [INFO] [Scan:cvd_spike] trades=0 | cache hits=11 miss=0 err=0 | positions=0
2026-03-29 15:04:10,418 [INFO] [Scan:asymmetric_sniper] trades=0 | cache hits=11 miss=0 err=0 | positions=0
2026-03-29 15:04:27,382 [INFO] [Scan:liquidation_fade] trades=0 | cache hits=10 miss=1 err=0 | positions=0
2026-03-29 15:04:35,056 [INFO] [Heartbeat] equity=$4599.11 | daily=0.00% | pos=0 | notional=$0.00 | kill=False
2026-03-29 15:05:06,638 [INFO] [Scan:cvd_spike] trades=0 | cache hits=0 miss=11 err=0 | positions=0
2026-03-29 15:05:07,286 [INFO] [Scan:asymmetric_sniper] trades=0 | cache hits=11 miss=0 err=0 | positions=0
2026-03-29 15:05:26,553 [INFO] [Scan:liquidation_fade] trades=0 | cache hits=0 miss=11 err=0 | positions=0
2026-03-29 15:05:31,251 [INFO] [Heartbeat] equity=$4599.11 | daily=0.00% | pos=0 | notional=$0.00 | kill=False
2026-03-29 15:06:03,186 [INFO] [Scan:cvd_spike] trades=0 | cache hits=11 miss=0 err=0 | positions=0
2026-03-29 15:06:04,090 [INFO] [Scan:asymmetric_sniper] trades=0 | cache hits=11 miss=0 err=0 | positions=0
2026-03-29 15:06:25,820 [INFO] [Scan:liquidation_fade] trades=0 | cache hits=0 miss=11 err=0 | positions=0
2026-03-29 15:06:27,467 [INFO] [Heartbeat] equity=$4599.11 | daily=0.00% | pos=0 | notional=$0.00 | kill=False
2026-03-29 15:07:00,951 [INFO] [ETH] ASYMMETRIC SNIPER -> SHORT | z=1.85 strength=-0.372
2026-03-29 15:07:01,188 [INFO] [Scan:cvd_spike] trades=0 | cache hits=11 miss=11 err=0 | positions=0
2026-03-29 15:07:01,770 [INFO] [Leverage] ETH set to 5x (isolated)
2026-03-29 15:07:01,973 [ERROR] [Entry] ETH SELL failed: binanceusdm {"code":-2019,"msg":"Margin is insufficient."}
2026-03-29 15:07:01,974 [INFO] [Scan:asymmetric_sniper] trades=0 | cache hits=0 miss=1 err=0 | positions=0
2026-03-29 15:07:22,021 [INFO] [Scan:liquidation_fade] trades=0 | cache hits=11 miss=0 err=0 | positions=0
2026-03-29 15:07:25,680 [INFO] [Heartbeat] equity=$4599.11 | daily=0.00% | pos=0 | notional=$0.00 | kill=False
2026-03-29 15:08:00,750 [INFO] [Scan:cvd_spike] trades=0 | cache hits=11 miss=11 err=0 | positions=0
2026-03-29 15:08:01,052 [INFO] [ETH] ASYMMETRIC SNIPER -> SHORT | z=1.85 strength=-0.372
2026-03-29 15:08:01,843 [INFO] [Leverage] ETH set to 5x (isolated)
2026-03-29 15:08:02,043 [ERROR] [Entry] ETH SELL failed: binanceusdm {"code":-2019,"msg":"Margin is insufficient."}
2026-03-29 15:08:02,043 [INFO] [Scan:asymmetric_sniper] trades=0 | cache hits=0 miss=1 err=0 | positions=0
2026-03-29 15:08:19,495 [INFO] [Scan:liquidation_fade] trades=0 | cache hits=0 miss=11 err=0 | positions=0
2026-03-29 15:08:21,978 [INFO] [Heartbeat] equity=$4599.11 | daily=0.00% | pos=0 | notional=$0.00 | kill=False
2026-03-29 15:09:00,151 [INFO] [Scan:cvd_spike] trades=0 | cache hits=0 miss=11 err=0 | positions=0
2026-03-29 15:09:00,769 [INFO] [Scan:asymmetric_sniper] trades=0 | cache hits=11 miss=0 err=0 | positions=0
2026-03-29 15:09:15,721 [INFO] [Scan:liquidation_fade] trades=0 | cache hits=11 miss=0 err=0 | positions=0
2026-03-29 15:09:18,184 [INFO] [Heartbeat] equity=$4599.11 | daily=0.00% | pos=0 | notional=$0.00 | kill=False
2026-03-29 15:09:56,558 [INFO] [Scan:cvd_spike] trades=0 | cache hits=11 miss=0 err=0 | positions=0
2026-03-29 15:09:57,642 [INFO] [Scan:asymmetric_sniper] trades=0 | cache hits=11 miss=0 err=0 | positions=0
2026-03-29 15:10:01,969 [INFO] [EVGuardian] momentum_breakout: EV=0.0000% tp_rate=0.0% n=7 ok
2026-03-29 15:10:01,969 [INFO] [EVGuardian] cvd_spike: EV=0.0000% tp_rate=0.0% n=66 ok
2026-03-29 15:10:01,969 [INFO] [EVGuardian] asymmetric_sniper: EV=0.0000% tp_rate=0.0% n=32 ok
2026-03-29 15:10:01,969 [INFO] [EVGuardian] liquidation_fade: EV=0.0000% tp_rate=0.0% n=28 ok
2026-03-29 15:10:13,301 [INFO] [Scan:liquidation_fade] trades=0 | cache hits=0 miss=11 err=0 | positions=0
2026-03-29 15:10:13,729 [INFO] [CoinSelect] Volatility top 30 → 0 passed safety filter | rejected: 0
2026-03-29 15:10:13,729 [INFO] [CoinRefresh] 11 coins active (base=13 + selective=0) | +{} -{}
2026-03-29 15:10:14,433 [INFO] [Heartbeat] equity=$4599.11 | daily=0.00% | pos=0 | notional=$0.00 | kill=False
2026-03-29 15:10:55,228 [ERROR] [DataHub] OHLCV fetch failed ETH/1m: binanceusdm 429 Too Many Requests {"code":-1003,"msg":"Too many requests; current limit of IP(15.158.3.51) is 6000 requests per minute. Please use the websocket for live updates to avoid polling the API."}
2026-03-29 15:10:55,329 [ERROR] [DataHub] OHLCV fetch failed BNB/1m: binanceusdm 429 Too Many Requests {"code":-1003,"msg":"Too many requests; current limit of IP(15.158.3.51) is 6000 requests per minute. Please use the websocket for live updates to avoid polling the API."}
2026-03-29 15:10:55,425 [ERROR] [DataHub] OHLCV fetch failed DOT/1m: binanceusdm 429 Too Many Requests {"code":-1003,"msg":"Too many requests; current limit of IP(15.158.3.51) is 6000 requests per minute. Please use the websocket for live updates to avoid polling the API."}
2026-03-29 15:10:55,525 [ERROR] [DataHub] OHLCV fetch failed AVAX/1m: binanceusdm 429 Too Many Requests {"code":-1003,"msg":"Too many requests; current limit of IP(15.158.3.51) is 6000 requests per minute. Please use the websocket for live updates to avoid polling the API."}
2026-03-29 15:10:55,627 [ERROR] [DataHub] OHLCV fetch failed OP/1m: binanceusdm 429 Too Many Requests {"code":-1003,"msg":"Too many requests; current limit of IP(15.158.3.51) is 6000 requests per minute. Please use the websocket for live updates to avoid polling the API."}
2026-03-29 15:10:56,233 [INFO] [Scan:cvd_spike] trades=0 | cache hits=6 miss=7 err=5 | positions=0
2026-03-29 15:10:57,020 [INFO] [Scan:asymmetric_sniper] trades=0 | cache hits=0 miss=4 err=0 | positions=0
2026-03-29 15:11:09,513 [INFO] [Scan:liquidation_fade] trades=0 | cache hits=11 miss=0 err=0 | positions=0
2026-03-29 15:11:10,647 [INFO] [Heartbeat] equity=$4599.11 | daily=0.00% | pos=0 | notional=$0.00 | kill=False
2026-03-29 15:11:52,513 [INFO] [Scan:cvd_spike] trades=0 | cache hits=11 miss=0 err=0 | positions=0
2026-03-29 15:11:54,319 [INFO] [Scan:asymmetric_sniper] trades=0 | cache hits=7 miss=4 err=0 | positions=0
2026-03-29 15:12:06,916 [INFO] [Heartbeat] equity=$4599.11 | daily=0.00% | pos=0 | notional=$0.00 | kill=False
2026-03-29 15:12:08,510 [INFO] [Scan:liquidation_fade] trades=0 | cache hits=0 miss=11 err=0 | positions=0
2026-03-29 15:12:49,256 [ERROR] [DataHub] OHLCV fetch failed OP/1m: binanceusdm 429 Too Many Requests {"code":-1003,"msg":"Too many requests; current limit of IP(15.158.3.51) is 6000 requests per minute. Please use the websocket for live updates to avoid polling the API."}
2026-03-29 15:12:49,454 [ERROR] [DataHub] OHLCV fetch failed SUI/1m: binanceusdm 429 Too Many Requests {"code":-1003,"msg":"Too many requests; current limit of IP(15.158.3.51) is 6000 requests per minute. Please use the websocket for live updates to avoid polling the API."}
2026-03-29 15:12:49,456 [INFO] [Scan:cvd_spike] trades=0 | cache hits=4 miss=5 err=2 | positions=0
2026-03-29 15:12:51,420 [INFO] [Scan:asymmetric_sniper] trades=0 | cache hits=9 miss=2 err=0 | positions=0
2026-03-29 15:13:05,007 [INFO] [Heartbeat] equity=$4599.11 | daily=0.00% | pos=0 | notional=$0.00 | kill=False
2026-03-29 15:13:04,664 [INFO] [Scan:liquidation_fade] trades=0 | cache hits=11 miss=0 err=0 | positions=0
2026-03-29 15:13:46,272 [INFO] [Scan:cvd_spike] trades=0 | cache hits=7 miss=4 err=0 | positions=0
2026-03-29 15:13:48,118 [ERROR] [DataHub] OHLCV fetch failed BNB/1m: binanceusdm 429 Too Many Requests {"code":-1003,"msg":"Too many requests; current limit of IP(15.158.3.51) is 6000 requests per minute. Please use the websocket for live updates to avoid polling the API."}
2026-03-29 15:13:48,897 [INFO] [Scan:asymmetric_sniper] trades=0 | cache hits=6 miss=4 err=1 | positions=0
2026-03-29 15:14:01,245 [INFO] [Heartbeat] equity=$4599.11 | daily=0.00% | pos=0 | notional=$0.00 | kill=False
2026-03-29 15:14:03,908 [INFO] [Scan:liquidation_fade] trades=0 | cache hits=0 miss=11 err=0 | positions=0
2026-03-29 15:14:42,970 [INFO] [Scan:cvd_spike] trades=0 | cache hits=8 miss=3 err=0 | positions=0
2026-03-29 15:14:46,215 [INFO] [Scan:asymmetric_sniper] trades=0 | cache hits=7 miss=4 err=0 | positions=0
2026-03-29 15:14:57,500 [INFO] [Heartbeat] equity=$4599.11 | daily=0.00% | pos=0 | notional=$0.00 | kill=False
2026-03-29 15:15:00,167 [INFO] [Scan:liquidation_fade] trades=0 | cache hits=11 miss=0 err=0 | positions=0
2026-03-29 15:15:39,805 [INFO] [Scan:cvd_spike] trades=0 | cache hits=7 miss=4 err=0 | positions=0
2026-03-29 15:15:43,474 [INFO] [Scan:asymmetric_sniper] trades=0 | cache hits=8 miss=3 err=0 | positions=0
2026-03-29 15:15:53,701 [INFO] [Heartbeat] equity=$4599.11 | daily=0.00% | pos=0 | notional=$0.00 | kill=False
2026-03-29 15:15:57,470 [INFO] [Scan:liquidation_fade] trades=0 | cache hits=0 miss=11 err=0 | positions=0
2026-03-29 15:16:38,786 [INFO] [Scan:cvd_spike] trades=0 | cache hits=3 miss=8 err=0 | positions=0
2026-03-29 15:16:40,400 [INFO] [Scan:asymmetric_sniper] trades=0 | cache hits=11 miss=0 err=0 | positions=0
2026-03-29 15:16:49,121 [INFO] [CoinSelect] Volatility top 30 → 0 passed safety filter | rejected: 0
2026-03-29 15:16:49,909 [INFO] [Heartbeat] equity=$4599.11 | daily=0.00% | pos=0 | notional=$0.00 | kill=False
2026-03-29 15:16:53,679 [INFO] [Scan:liquidation_fade] trades=0 | cache hits=11 miss=8 err=0 | positions=0
2026-03-29 15:16:56,274 [INFO] [SignalScan] 11 coins | 10 candidates
2026-03-29 15:17:35,604 [INFO] [Scan:cvd_spike] trades=0 | cache hits=8 miss=6 err=0 | positions=0
2026-03-29 15:17:40,079 [INFO] [ARB] ASYMMETRIC SNIPER -> SHORT | z=2.32 strength=-0.906
2026-03-29 15:17:40,565 [INFO] [Leverage] ARB set to 5x (isolated)
2026-03-29 15:17:40,777 [ERROR] [Entry] ARB SELL failed: binanceusdm {"code":-1021,"msg":"Timestamp for this request was 1000ms ahead of the server's time."}
2026-03-29 15:17:40,777 [INFO] [Scan:asymmetric_sniper] trades=0 | cache hits=3 miss=9 err=0 | positions=0
2026-03-29 15:17:46,134 [INFO] [Heartbeat] equity=$4599.11 | daily=0.00% | pos=0 | notional=$0.00 | kill=False
2026-03-29 15:17:51,139 [INFO] [Scan:liquidation_fade] trades=0 | cache hits=0 miss=11 err=0 | positions=0
2026-03-29 15:18:32,092 [INFO] [Scan:cvd_spike] trades=0 | cache hits=11 miss=0 err=0 | positions=0
2026-03-29 15:18:37,813 [INFO] [ARB] ASYMMETRIC SNIPER -> SHORT | z=2.32 strength=-0.906
2026-03-29 15:18:38,759 [INFO] [Leverage] ARB set to 5x (isolated)
2026-03-29 15:18:38,957 [ERROR] [Entry] ARB SELL failed: binanceusdm {"code":-1021,"msg":"Timestamp for this request was 1000ms ahead of the server's time."}
2026-03-29 15:18:38,959 [INFO] [Scan:asymmetric_sniper] trades=0 | cache hits=5 miss=7 err=0 | positions=0
2026-03-29 15:18:42,383 [INFO] [Heartbeat] equity=$4599.11 | daily=0.00% | pos=0 | notional=$0.00 | kill=False
2026-03-29 15:18:47,392 [INFO] [Scan:liquidation_fade] trades=0 | cache hits=11 miss=0 err=0 | positions=0
2026-03-29 15:19:29,009 [INFO] [Scan:cvd_spike] trades=0 | cache hits=6 miss=5 err=0 | positions=0
2026-03-29 15:19:36,015 [INFO] [Scan:asymmetric_sniper] trades=0 | cache hits=10 miss=1 err=0 | positions=0
2026-03-29 15:19:40,490 [INFO] [Heartbeat] equity=$4599.11 | daily=0.00% | pos=0 | notional=$0.00 | kill=False
2026-03-29 15:19:44,742 [INFO] [Scan:liquidation_fade] trades=0 | cache hits=0 miss=11 err=0 | positions=0
2026-03-29 15:20:25,802 [INFO] [Scan:cvd_spike] trades=0 | cache hits=6 miss=5 err=0 | positions=0
2026-03-29 15:20:33,475 [INFO] [Scan:asymmetric_sniper] trades=0 | cache hits=6 miss=5 err=0 | positions=0
2026-03-29 15:20:36,702 [INFO] [Heartbeat] equity=$4599.11 | daily=0.00% | pos=0 | notional=$0.00 | kill=False
2026-03-29 15:20:43,956 [INFO] [Scan:liquidation_fade] trades=0 | cache hits=0 miss=11 err=0 | positions=0
2026-03-29 15:21:22,246 [INFO] [Scan:cvd_spike] trades=0 | cache hits=10 miss=1 err=0 | positions=0
2026-03-29 15:21:31,779 [INFO] [Scan:asymmetric_sniper] trades=0 | cache hits=6 miss=5 err=0 | positions=0
2026-03-29 15:21:32,925 [INFO] [Heartbeat] equity=$4599.11 | daily=0.00% | pos=0 | notional=$0.00 | kill=False
2026-03-29 15:21:40,182 [INFO] [Scan:liquidation_fade] trades=0 | cache hits=11 miss=0 err=0 | positions=0
2026-03-29 15:22:18,989 [INFO] [Scan:cvd_spike] trades=0 | cache hits=6 miss=5 err=0 | positions=0
2026-03-29 15:22:28,926 [INFO] [Scan:asymmetric_sniper] trades=0 | cache hits=9 miss=2 err=0 | positions=0
2026-03-29 15:22:29,091 [INFO] [Heartbeat] equity=$4599.11 | daily=0.00% | pos=0 | notional=$0.00 | kill=False
2026-03-29 15:22:37,451 [INFO] [Scan:liquidation_fade] trades=0 | cache hits=0 miss=11 err=0 | positions=0
2026-03-29 15:23:18,177 [INFO] [Scan:cvd_spike] trades=0 | cache hits=2 miss=9 err=0 | positions=0
2026-03-29 15:23:25,296 [INFO] [Heartbeat] equity=$4599.11 | daily=0.00% | pos=0 | notional=$0.00 | kill=False
2026-03-29 15:23:25,840 [INFO] [Scan:asymmetric_sniper] trades=0 | cache hits=11 miss=0 err=0 | positions=0
2026-03-29 15:23:33,673 [INFO] [Scan:liquidation_fade] trades=0 | cache hits=11 miss=0 err=0 | positions=0
2026-03-29 15:24:17,414 [INFO] [Scan:cvd_spike] trades=0 | cache hits=0 miss=11 err=0 | positions=0
2026-03-29 15:24:20,796 [INFO] [CoinSelect] Volatility top 30 → 0 passed safety filter | rejected: 0
2026-03-29 15:24:20,796 [INFO] [CoinRefresh] 11 coins active (base=13 + selective=0) | +{} -{}
2026-03-29 15:24:21,505 [INFO] [Heartbeat] equity=$4599.11 | daily=0.00% | pos=0 | notional=$0.00 | kill=False
2026-03-29 15:24:24,649 [INFO] [Scan:asymmetric_sniper] trades=0 | cache hits=11 miss=0 err=0 | positions=0
2026-03-29 15:24:30,994 [INFO] [Scan:liquidation_fade] trades=0 | cache hits=0 miss=11 err=0 | positions=0
2026-03-29 15:25:13,644 [INFO] [Scan:cvd_spike] trades=0 | cache hits=11 miss=0 err=0 | positions=0
2026-03-29 15:25:19,601 [INFO] [Heartbeat] equity=$4599.11 | daily=0.00% | pos=0 | notional=$0.00 | kill=False
2026-03-29 15:25:22,713 [INFO] [Scan:asymmetric_sniper] trades=0 | cache hits=0 miss=11 err=0 | positions=0
2026-03-29 15:25:27,179 [INFO] [Scan:liquidation_fade] trades=0 | cache hits=11 miss=0 err=0 | positions=0
2026-03-29 15:26:09,888 [INFO] [Scan:cvd_spike] trades=0 | cache hits=11 miss=0 err=0 | positions=0
2026-03-29 15:26:15,805 [INFO] [Heartbeat] equity=$4599.11 | daily=0.00% | pos=0 | notional=$0.00 | kill=False
2026-03-29 15:26:22,410 [INFO] [BNB] ASYMMETRIC SNIPER -> SHORT | z=2.24 strength=-1.518
2026-03-29 15:26:23,078 [INFO] [Leverage] BNB set to 5x (isolated)
2026-03-29 15:26:23,349 [ERROR] [Entry] BNB SELL failed: binanceusdm {"code":-2019,"msg":"Margin is insufficient."}
2026-03-29 15:26:23,349 [INFO] [Scan:asymmetric_sniper] trades=0 | cache hits=0 miss=12 err=0 | positions=0
2026-03-29 15:26:24,626 [INFO] [Scan:liquidation_fade] trades=0 | cache hits=0 miss=11 err=0 | positions=0
2026-03-29 15:27:06,337 [INFO] [Scan:cvd_spike] trades=0 | cache hits=11 miss=0 err=0 | positions=0
2026-03-29 15:27:12,030 [INFO] [Heartbeat] equity=$4599.11 | daily=0.00% | pos=0 | notional=$0.00 | kill=False
2026-03-29 15:27:20,864 [INFO] [Scan:liquidation_fade] trades=0 | cache hits=11 miss=11 err=0 | positions=0
2026-03-29 15:27:21,095 [INFO] [BNB] ASYMMETRIC SNIPER -> SHORT | z=2.24 strength=-1.518
2026-03-29 15:27:21,726 [INFO] [Leverage] BNB set to 5x (isolated)
2026-03-29 15:27:21,964 [ERROR] [Entry] BNB SELL failed: binanceusdm {"code":-2019,"msg":"Margin is insufficient."}
2026-03-29 15:27:21,964 [INFO] [Scan:asymmetric_sniper] trades=0 | cache hits=0 miss=1 err=0 | positions=0
2026-03-29 15:28:03,101 [INFO] [Scan:cvd_spike] trades=0 | cache hits=11 miss=0 err=0 | positions=0
2026-03-29 15:28:08,265 [INFO] [Heartbeat] equity=$4599.11 | daily=0.00% | pos=0 | notional=$0.00 | kill=False
2026-03-29 15:28:20,092 [INFO] [Scan:liquidation_fade] trades=0 | cache hits=6 miss=11 err=0 | positions=0
2026-03-29 15:28:20,710 [INFO] [BNB] ASYMMETRIC SNIPER -> SHORT | z=2.24 strength=-1.518
2026-03-29 15:28:21,662 [INFO] [Leverage] BNB set to 5x (isolated)
2026-03-29 15:28:21,885 [ERROR] [Entry] BNB SELL failed: binanceusdm {"code":-1021,"msg":"Timestamp for this request was 1000ms ahead of the server's time."}
2026-03-29 15:28:21,885 [INFO] [Scan:asymmetric_sniper] trades=0 | cache hits=0 miss=6 err=0 | positions=0
2026-03-29 15:29:00,247 [INFO] [Scan:cvd_spike] trades=0 | cache hits=5 miss=6 err=0 | positions=0
2026-03-29 15:29:04,490 [INFO] [Heartbeat] equity=$4599.11 | daily=0.00% | pos=0 | notional=$0.00 | kill=False
2026-03-29 15:29:16,325 [INFO] [Scan:liquidation_fade] trades=0 | cache hits=11 miss=0 err=0 | positions=0
2026-03-29 15:29:18,873 [INFO] [Scan:asymmetric_sniper] trades=0 | cache hits=11 miss=0 err=0 | positions=0
2026-03-29 15:29:57,088 [INFO] [Scan:cvd_spike] trades=0 | cache hits=6 miss=5 err=0 | positions=0
2026-03-29 15:30:00,699 [INFO] [Heartbeat] equity=$4599.11 | daily=0.00% | pos=0 | notional=$0.00 | kill=False
2026-03-29 15:30:13,671 [INFO] [Scan:liquidation_fade] trades=0 | cache hits=0 miss=11 err=0 | positions=0
2026-03-29 15:30:16,408 [INFO] [Scan:asymmetric_sniper] trades=0 | cache hits=5 miss=6 err=0 | positions=0
2026-03-29 15:30:55,937 [INFO] [Scan:cvd_spike] trades=0 | cache hits=6 miss=5 err=0 | positions=0
2026-03-29 15:30:56,932 [INFO] [Heartbeat] equity=$4599.11 | daily=0.00% | pos=0 | notional=$0.00 | kill=False
2026-03-29 15:31:03,295 [INFO] [CoinSelect] Volatility top 30 → 0 passed safety filter | rejected: 0
2026-03-29 15:31:08,679 [INFO] [SignalScan] 11 coins | 10 candidates
2026-03-29 15:31:09,918 [INFO] [Scan:liquidation_fade] trades=0 | cache hits=11 miss=11 err=0 | positions=0
2026-03-29 15:31:13,475 [INFO] [Scan:asymmetric_sniper] trades=0 | cache hits=11 miss=0 err=0 | positions=0
2026-03-29 15:31:53,016 [INFO] [Scan:cvd_spike] trades=0 | cache hits=5 miss=6 err=0 | positions=0
2026-03-29 15:31:55,067 [INFO] [Heartbeat] equity=$4599.11 | daily=0.00% | pos=0 | notional=$0.00 | kill=False
2026-03-29 15:32:07,296 [INFO] [Scan:liquidation_fade] trades=0 | cache hits=0 miss=11 err=0 | positions=0
2026-03-29 15:32:10,799 [INFO] [DOGE] ASYMMETRIC SNIPER -> SHORT | z=1.91 strength=-0.292
2026-03-29 15:32:11,372 [INFO] [Leverage] DOGE set to 5x (isolated)
2026-03-29 15:32:11,828 [ERROR] [Entry] DOGE SELL failed: binanceusdm {"code":-2019,"msg":"Margin is insufficient."}
2026-03-29 15:32:11,828 [INFO] [Scan:asymmetric_sniper] trades=0 | cache hits=6 miss=6 err=0 | positions=0
2026-03-29 15:32:49,647 [INFO] [Scan:cvd_spike] trades=0 | cache hits=11 miss=0 err=0 | positions=0
2026-03-29 15:32:51,298 [INFO] [Heartbeat] equity=$4599.11 | daily=0.00% | pos=0 | notional=$0.00 | kill=False
2026-03-29 15:33:03,502 [INFO] [Scan:liquidation_fade] trades=0 | cache hits=11 miss=0 err=0 | positions=0
2026-03-29 15:33:08,332 [INFO] [DOGE] ASYMMETRIC SNIPER -> SHORT | z=1.91 strength=-0.292
2026-03-29 15:33:09,291 [INFO] [DOT] ASYMMETRIC SNIPER -> SHORT | z=3.02 strength=-25.777
2026-03-29 15:33:09,854 [INFO] [Leverage] DOGE set to 5x (isolated)
2026-03-29 15:33:10,066 [ERROR] [Entry] DOGE SELL failed: binanceusdm {"code":-2019,"msg":"Margin is insufficient."}
2026-03-29 15:33:10,067 [INFO] [Scan:asymmetric_sniper] trades=0 | cache hits=3 miss=9 err=0 | positions=0
2026-03-29 15:33:46,503 [INFO] [Scan:cvd_spike] trades=0 | cache hits=8 miss=3 err=0 | positions=0
2026-03-29 15:33:47,542 [INFO] [Heartbeat] equity=$4599.11 | daily=0.00% | pos=0 | notional=$0.00 | kill=False
2026-03-29 15:34:00,817 [INFO] [Scan:liquidation_fade] trades=0 | cache hits=0 miss=11 err=0 | positions=0
2026-03-29 15:34:06,919 [INFO] [DOT] ASYMMETRIC SNIPER -> SHORT | z=3.02 strength=-25.777
2026-03-29 15:34:07,600 [INFO] [Leverage] DOT set to 5x (isolated)
2026-03-29 15:34:07,820 [ERROR] [Entry] DOT SELL failed: binanceusdm {"code":-2019,"msg":"Margin is insufficient."}
2026-03-29 15:34:07,820 [INFO] [Scan:asymmetric_sniper] trades=0 | cache hits=9 miss=3 err=0 | positions=0
2026-03-29 15:34:43,728 [INFO] [Heartbeat] equity=$4599.11 | daily=0.00% | pos=0 | notional=$0.00 | kill=False
2026-03-29 15:34:45,211 [INFO] [Scan:cvd_spike] trades=0 | cache hits=5 miss=6 err=0 | positions=0
2026-03-29 15:35:00,024 [INFO] [Scan:liquidation_fade] trades=0 | cache hits=0 miss=11 err=0 | positions=0
2026-03-29 15:35:04,648 [INFO] [DOT] ASYMMETRIC SNIPER -> SHORT | z=3.02 strength=-25.777
2026-03-29 15:35:05,247 [INFO] [Leverage] DOT set to 5x (isolated)
2026-03-29 15:35:05,665 [ERROR] [Entry] DOT SELL failed: binanceusdm {"code":-2019,"msg":"Margin is insufficient."}
2026-03-29 15:35:05,665 [INFO] [Scan:asymmetric_sniper] trades=0 | cache hits=9 miss=3 err=0 | positions=0
2026-03-29 15:35:39,903 [INFO] [Heartbeat] equity=$4599.11 | daily=0.00% | pos=0 | notional=$0.00 | kill=False
2026-03-29 15:35:42,179 [INFO] [Scan:cvd_spike] trades=0 | cache hits=5 miss=6 err=0 | positions=0
2026-03-29 15:35:56,202 [INFO] [Scan:liquidation_fade] trades=0 | cache hits=11 miss=0 err=0 | positions=0
2026-03-29 15:36:02,792 [INFO] [Scan:asymmetric_sniper] trades=0 | cache hits=9 miss=2 err=0 | positions=0
2026-03-29 15:36:36,151 [INFO] [Heartbeat] equity=$4599.11 | daily=0.00% | pos=0 | notional=$0.00 | kill=False
2026-03-29 15:36:38,850 [INFO] [Scan:cvd_spike] trades=0 | cache hits=8 miss=3 err=0 | positions=0
2026-03-29 15:36:53,645 [INFO] [Scan:liquidation_fade] trades=0 | cache hits=0 miss=11 err=0 | positions=0
2026-03-29 15:37:02,860 [INFO] [Scan:asymmetric_sniper] trades=0 | cache hits=3 miss=8 err=0 | positions=0
2026-03-29 15:37:34,243 [INFO] [Heartbeat] equity=$4599.11 | daily=0.00% | pos=0 | notional=$0.00 | kill=False
2026-03-29 15:37:35,092 [INFO] [Scan:cvd_spike] trades=0 | cache hits=11 miss=0 err=0 | positions=0
2026-03-29 15:37:49,885 [INFO] [Scan:liquidation_fade] trades=0 | cache hits=11 miss=0 err=0 | positions=0
2026-03-29 15:37:59,980 [INFO] [ADA] ASYMMETRIC SNIPER -> LONG | z=-1.88 strength=12.210
2026-03-29 15:38:00,427 [INFO] [Leverage] ADA set to 5x (isolated)
2026-03-29 15:38:00,632 [ERROR] [Entry] ADA BUY failed: binanceusdm {"code":-1021,"msg":"Timestamp for this request was 1000ms ahead of the server's time."}
2026-03-29 15:38:00,632 [INFO] [Scan:asymmetric_sniper] trades=0 | cache hits=8 miss=4 err=0 | positions=0
2026-03-29 15:38:29,921 [INFO] [CoinSelect] Volatility top 30 → 0 passed safety filter | rejected: 0
2026-03-29 15:38:29,921 [INFO] [CoinRefresh] 11 coins active (base=13 + selective=0) | +{} -{}
2026-03-29 15:38:30,475 [INFO] [Heartbeat] equity=$4599.11 | daily=0.00% | pos=0 | notional=$0.00 | kill=False
2026-03-29 15:38:34,084 [INFO] [Scan:cvd_spike] trades=0 | cache hits=3 miss=8 err=0 | positions=0
2026-03-29 15:38:47,293 [INFO] [Scan:liquidation_fade] trades=0 | cache hits=0 miss=11 err=0 | positions=0
2026-03-29 15:38:57,149 [INFO] [ADA] ASYMMETRIC SNIPER -> LONG | z=-1.88 strength=12.210
2026-03-29 15:38:57,781 [INFO] [Leverage] ADA set to 5x (isolated)
2026-03-29 15:38:57,984 [ERROR] [Entry] ADA BUY failed: binanceusdm {"code":-1021,"msg":"Timestamp for this request was 1000ms ahead of the server's time."}
2026-03-29 15:38:57,984 [INFO] [Scan:asymmetric_sniper] trades=0 | cache hits=12 miss=0 err=0 | positions=0
2026-03-29 15:39:26,679 [INFO] [Heartbeat] equity=$4599.11 | daily=0.00% | pos=0 | notional=$0.00 | kill=False
2026-03-29 15:39:32,993 [INFO] [Scan:cvd_spike] trades=0 | cache hits=7 miss=4 err=0 | positions=0
2026-03-29 15:39:43,523 [INFO] [Scan:liquidation_fade] trades=0 | cache hits=11 miss=0 err=0 | positions=0
2026-03-29 15:39:54,585 [INFO] [ADA] ASYMMETRIC SNIPER -> LONG | z=-1.88 strength=12.210
2026-03-29 15:39:55,931 [INFO] [Leverage] ADA set to 5x (isolated)
2026-03-29 15:39:56,129 [WARNING] [Entry] ADA Post-Only FAILED, fallback to limit: binanceusdm {"code":-5022,"msg":"Due to the order could not be executed as maker, the Post Only order will be rejected. The order will not be recorded in the order history"}
2026-03-29 15:39:56,885 [INFO] [MultiPos] Added asymmetric_sniper:ADA: BUY ADA @ 0.2451
2026-03-29 15:39:58,201 [ERROR] [SL] ADA SELL @ 0.2435 failed: binanceusdm {"code":-1021,"msg":"Timestamp for this request was 1000ms ahead of the server's time."}
2026-03-29 15:39:59,311 [ERROR] [SL] ADA SELL @ 0.2435 failed: binanceusdm {"code":-1021,"msg":"Timestamp for this request was 1000ms ahead of the server's time."}
2026-03-29 15:40:00,413 [ERROR] [SL] ADA SELL @ 0.2435 failed: binanceusdm {"code":-1021,"msg":"Timestamp for this request was 1000ms ahead of the server's time."}
2026-03-29 15:40:01,524 [ERROR] [SL] ADA SELL @ 0.2435 failed: binanceusdm {"code":-1021,"msg":"Timestamp for this request was 1000ms ahead of the server's time."}
2026-03-29 15:40:02,629 [ERROR] [SL] ADA SELL @ 0.2435 failed: binanceusdm {"code":-1021,"msg":"Timestamp for this request was 1000ms ahead of the server's time."}
2026-03-29 15:40:02,630 [ERROR] [SL_FAIL_CRITICAL] ADA SL 5회 실패 → 강제청산 (err: binanceusdm {"code":-1021,"msg":"Timestamp for this request was 1000ms ahead of the server's time."})
2026-03-29 15:40:02,741 [ERROR] [MKT_CLOSE] ADA SELL failed: binanceusdm {"code":-1021,"msg":"Timestamp for this request was 1000ms ahead of the server's time."}
2026-03-29 15:40:02,741 [INFO] [MultiPos] Removed asymmetric_sniper:ADA
2026-03-29 15:40:02,741 [INFO] [Scan:asymmetric_sniper] trades=0 | cache hits=4 miss=8 err=0 | positions=0
2026-03-29 15:40:19,316 [INFO] Signal 15 received, shutting down...
2026-03-29 15:40:19,316 [INFO] Shutting down...
2026-03-29 15:40:19,317 [INFO] [MonitorV2] Stopped
2026-03-29 15:40:19,317 [INFO] ============================================================
2026-03-29 15:40:19,317 [INFO] Session summary (net of fees):
2026-03-29 15:40:19,317 [INFO]   Trades: 15
2026-03-29 15:40:19,317 [INFO]   Net PnL: $-3.4827 (fee: $105.2344)
2026-03-29 15:40:19,317 [INFO]   Win rate: 33.3%
2026-03-29 15:40:19,317 [INFO]   Final equity: $4599.11
2026-03-29 15:40:19,317 [INFO]   [cvd_spike] trades=0 net_pnl=$+0.0000
2026-03-29 15:40:19,317 [INFO]   [liquidation_fade] trades=6 net_pnl=$+49.7001
2026-03-29 15:40:19,317 [INFO]   [asymmetric_sniper] trades=9 net_pnl=$-53.1828
2026-03-29 15:40:19,317 [INFO] ============================================================
[OK] Discord 연동 확인 완료
