open_time,close_time,open,high,low,close,trade_count
2026-03-13 16:20:00+00:00,2026-03-13 16:24:59.999000+00:00,0.9504,0.95421958,0.95,0.9516,300
2026-03-13 16:25:00+00:00,2026-03-13 16:29:59.999000+00:00,0.9516,0.95235575,0.9444,0.95049658,300
2026-03-13 16:30:00+00:00,2026-03-13 16:34:59.999000+00:00,0.95049658,0.9565,0.95045509,0.956,300
2026-03-13 16:35:00+00:00,2026-03-13 16:39:59.999000+00:00,0.956,0.9577055,0.9545,0.9558,300
2026-03-13 16:40:00+00:00,2026-03-13 16:44:59.999000+00:00,0.956,0.958,0.9557,0.95751917,300
2026-03-13 16:45:00+00:00,2026-03-13 16:49:59.999000+00:00,0.95742142,0.95810414,0.95615586,0.95615586,300
2026-03-13 16:50:00+00:00,2026-03-13 16:54:59.999000+00:00,0.95615586,0.95779217,0.9551,0.9561,300
2026-03-13 16:55:00+00:00,2026-03-13 16:59:59.999000+00:00,0.9561,0.9564,0.95386658,0.95390767,300
2026-03-13 17:00:00+00:00,2026-03-13 17:04:59.999000+00:00,0.95390767,0.95963634,0.95370142,0.9551,300
2026-03-13 17:05:00+00:00,2026-03-13 17:09:59.999000+00:00,0.95520373,0.95738616,0.95449114,0.95686364,300
2026-03-13 17:10:00+00:00,2026-03-13 17:14:59.999000+00:00,0.95686364,0.9582,0.9551505,0.9574,300
2026-03-13 17:15:00+00:00,2026-03-13 17:19:59.999000+00:00,0.9574,0.96046025,0.9552,0.95783093,300
2026-03-13 17:20:00+00:00,2026-03-13 17:24:59.999000+00:00,0.95827094,0.95833033,0.9506,0.951342,300
2026-03-13 17:25:00+00:00,2026-03-13 17:29:59.999000+00:00,0.950842,0.951362,0.9462,0.9473,300
2026-03-13 17:30:00+00:00,2026-03-13 17:34:59.999000+00:00,0.9474,0.9481,0.94317567,0.9433,300
2026-03-13 17:35:00+00:00,2026-03-13 17:39:59.999000+00:00,0.9433,0.94520233,0.9406,0.9448,300
2026-03-13 17:40:00+00:00,2026-03-13 17:44:59.999000+00:00,0.9448,0.9451,0.9367,0.9374,300
2026-03-13 17:45:00+00:00,2026-03-13 17:49:59.999000+00:00,0.93721058,0.9381,0.93245517,0.9342,300
2026-03-13 17:50:00+00:00,2026-03-13 17:54:59.999000+00:00,0.9341,0.93579504,0.9322065,0.9349405,300
2026-03-13 17:55:00+00:00,2026-03-13 17:59:59.999000+00:00,0.9349405,0.9372,0.9327,0.936,300
2026-03-13 18:00:00+00:00,2026-03-13 18:04:59.999000+00:00,0.9361,0.9394,0.9361,0.9394,300
2026-03-13 18:05:00+00:00,2026-03-13 18:09:59.999000+00:00,0.9394,0.94044508,0.9386,0.9402,300
2026-03-13 18:10:00+00:00,2026-03-13 18:14:59.999000+00:00,0.9404731,0.9451,0.938752,0.94472133,300
2026-03-13 18:15:00+00:00,2026-03-13 18:19:59.999000+00:00,0.94472133,0.94472133,0.9339,0.93643875,300
2026-03-13 18:20:00+00:00,2026-03-13 18:24:59.999000+00:00,0.9365,0.938682,0.93236242,0.9329,300
2026-03-13 18:25:00+00:00,2026-03-13 18:29:59.999000+00:00,0.9329,0.93797708,0.93267392,0.93747,300
2026-03-13 18:30:00+00:00,2026-03-13 18:34:59.999000+00:00,0.9379,0.9424,0.9378,0.94201783,300
2026-03-13 18:35:00+00:00,2026-03-13 18:39:59.999000+00:00,0.94201783,0.94369708,0.9407305,0.94199508,300
2026-03-13 18:40:00+00:00,2026-03-13 18:44:59.999000+00:00,0.94199508,0.94585117,0.9415,0.94522583,300
2026-03-13 18:45:00+00:00,2026-03-13 18:49:59.999000+00:00,0.94522583,0.94522583,0.94071742,0.9418,300
2026-03-13 18:50:00+00:00,2026-03-13 18:54:59.999000+00:00,0.9418,0.9418,0.9369,0.938916,300
2026-03-13 18:55:00+00:00,2026-03-13 18:59:59.999000+00:00,0.938916,0.93954383,0.93765967,0.93841276,300
2026-03-13 19:00:00+00:00,2026-03-13 19:04:59.999000+00:00,0.9383855,0.9395,0.93679092,0.93681108,300
2026-03-13 19:05:00+00:00,2026-03-13 19:09:59.999000+00:00,0.93681108,0.94107853,0.9368,0.94076608,300
2026-03-13 19:10:00+00:00,2026-03-13 19:14:59.999000+00:00,0.94076608,0.94106848,0.9383,0.9388,300
2026-03-13 19:15:00+00:00,2026-03-13 19:19:59.999000+00:00,0.9388,0.94086776,0.9387,0.94,300
2026-03-13 19:20:00+00:00,2026-03-13 19:24:59.999000+00:00,0.9398,0.93988283,0.9358,0.939,300
2026-03-13 19:25:00+00:00,2026-03-13 19:29:59.999000+00:00,0.939,0.939,0.93530725,0.936,300
2026-03-13 19:30:00+00:00,2026-03-13 19:34:59.999000+00:00,0.936,0.93829125,0.93516625,0.93637083,300
2026-03-13 19:35:00+00:00,2026-03-13 19:39:59.999000+00:00,0.93637083,0.93652092,0.9349,0.93552367,300
2026-03-13 19:40:00+00:00,2026-03-13 19:44:59.999000+00:00,0.93552367,0.9373106,0.9342,0.93701542,300
2026-03-13 19:45:00+00:00,2026-03-13 19:49:59.999000+00:00,0.93701542,0.93792117,0.9367,0.93683917,300
2026-03-13 19:50:00+00:00,2026-03-13 19:54:59.999000+00:00,0.936877,0.93984507,0.93640733,0.93984507,300
2026-03-13 19:55:00+00:00,2026-03-13 19:59:59.999000+00:00,0.93984507,0.941082,0.9378,0.9383075,300
2026-03-13 20:00:00+00:00,2026-03-13 20:04:59.999000+00:00,0.9386,0.9403185,0.9374,0.9386,300
2026-03-13 20:05:00+00:00,2026-03-13 20:09:59.999000+00:00,0.9387,0.94003977,0.9371,0.93919283,300
2026-03-13 20:10:00+00:00,2026-03-13 20:14:59.999000+00:00,0.93919283,0.93919283,0.93631367,0.9387,300
2026-03-13 20:15:00+00:00,2026-03-13 20:19:59.999000+00:00,0.9387,0.9392,0.93750058,0.9386,300
2026-03-13 20:20:00+00:00,2026-03-13 20:24:59.999000+00:00,0.9386,0.94020608,0.938,0.93861958,300
2026-03-13 20:25:00+00:00,2026-03-13 20:29:59.999000+00:00,0.93861958,0.9386745,0.9366,0.937,300
2026-03-13 20:30:00+00:00,2026-03-13 20:34:59.999000+00:00,0.937,0.93826408,0.93630431,0.9367,300
2026-03-13 20:35:00+00:00,2026-03-13 20:39:59.999000+00:00,0.9367,0.93762655,0.9361,0.93762655,300
2026-03-13 20:40:00+00:00,2026-03-13 20:44:59.999000+00:00,0.93762655,0.93766833,0.936,0.9375,300
2026-03-13 20:45:00+00:00,2026-03-13 20:49:59.999000+00:00,0.9375,0.93950917,0.9365,0.9383,300
2026-03-13 20:50:00+00:00,2026-03-13 20:54:59.999000+00:00,0.9383,0.94089133,0.93770208,0.9399,300
2026-03-13 20:55:00+00:00,2026-03-13 20:59:59.999000+00:00,0.94,0.94106878,0.939881,0.9408,300
2026-03-13 21:00:00+00:00,2026-03-13 21:04:59.999000+00:00,0.9408,0.94397342,0.94,0.94395842,300
2026-03-13 21:05:00+00:00,2026-03-13 21:09:59.999000+00:00,0.94376433,0.94782357,0.9433,0.94643617,300
2026-03-13 21:10:00+00:00,2026-03-13 21:14:59.999000+00:00,0.94643617,0.9471,0.94402008,0.9456,300
2026-03-13 21:15:00+00:00,2026-03-13 21:19:59.999000+00:00,0.9456,0.9456,0.9417,0.94297582,300
2026-03-13 21:20:00+00:00,2026-03-13 21:24:59.999000+00:00,0.94297582,0.94369967,0.9412,0.94203617,300
2026-03-13 21:25:00+00:00,2026-03-13 21:29:59.999000+00:00,0.94203617,0.94210792,0.9381,0.938918,300
2026-03-13 21:30:00+00:00,2026-03-13 21:34:59.999000+00:00,0.938918,0.9395,0.9382,0.9388,300
2026-03-13 21:35:00+00:00,2026-03-13 21:39:59.999000+00:00,0.9388,0.9399,0.9342,0.9348,300
2026-03-13 21:40:00+00:00,2026-03-13 21:44:59.999000+00:00,0.9348,0.9371005,0.93394725,0.9366,300
2026-03-13 21:45:00+00:00,2026-03-13 21:49:59.999000+00:00,0.9366,0.93895017,0.9366,0.93852408,300
2026-03-13 21:50:00+00:00,2026-03-13 21:54:59.999000+00:00,0.93852408,0.93935958,0.9376,0.93900592,300
2026-03-13 21:55:00+00:00,2026-03-13 21:59:59.999000+00:00,0.93900592,0.93901342,0.93668783,0.9371,300
2026-03-13 22:00:00+00:00,2026-03-13 22:04:59.999000+00:00,0.9371,0.9387,0.92773225,0.93156267,300
2026-03-13 22:05:00+00:00,2026-03-13 22:09:59.999000+00:00,0.93156267,0.9316,0.92875675,0.9296,300
2026-03-13 22:10:00+00:00,2026-03-13 22:14:59.999000+00:00,0.9297,0.93114221,0.929,0.9294,300
2026-03-13 22:15:00+00:00,2026-03-13 22:19:59.999000+00:00,0.9294,0.9294,0.9251,0.92582575,300
2026-03-13 22:20:00+00:00,2026-03-13 22:24:59.999000+00:00,0.92582575,0.92582575,0.922684,0.9228,300
2026-03-13 22:25:00+00:00,2026-03-13 22:29:59.999000+00:00,0.9228,0.92326442,0.92079025,0.9213,300
2026-03-13 22:30:00+00:00,2026-03-13 22:34:59.999000+00:00,0.9213,0.92287008,0.9197,0.92287008,300
2026-03-13 22:35:00+00:00,2026-03-13 22:39:59.999000+00:00,0.92287008,0.9239,0.92152658,0.92381833,300
2026-03-13 22:40:00+00:00,2026-03-13 22:44:59.999000+00:00,0.92431833,0.92803833,0.92431833,0.926666,300
2026-03-13 22:45:00+00:00,2026-03-13 22:49:59.999000+00:00,0.9266585,0.9281,0.9255,0.9281,300
2026-03-13 22:50:00+00:00,2026-03-13 22:54:59.999000+00:00,0.92787775,0.93225458,0.92571175,0.93144808,300
2026-03-13 22:55:00+00:00,2026-03-13 22:59:59.999000+00:00,0.93153808,0.9325,0.9301,0.932,300
2026-03-13 23:00:00+00:00,2026-03-13 23:04:59.999000+00:00,0.9321,0.936167,0.9318,0.9361,300
2026-03-13 23:05:00+00:00,2026-03-13 23:09:59.999000+00:00,0.9361,0.9385,0.93530058,0.9385,300
2026-03-13 23:10:00+00:00,2026-03-13 23:14:59.999000+00:00,0.93852775,0.94032817,0.93831775,0.94016707,300
2026-03-13 23:15:00+00:00,2026-03-13 23:19:59.999000+00:00,0.94016707,0.94293775,0.9326,0.934,300
2026-03-13 23:20:00+00:00,2026-03-13 23:24:59.999000+00:00,0.934,0.93502329,0.9336235,0.935,300
2026-03-13 23:25:00+00:00,2026-03-13 23:29:59.999000+00:00,0.935,0.93643192,0.93398908,0.93398908,300
2026-03-13 23:30:00+00:00,2026-03-13 23:34:59.999000+00:00,0.93389908,0.9359,0.9334,0.93582233,300
2026-03-13 23:35:00+00:00,2026-03-13 23:39:59.999000+00:00,0.93582233,0.9366,0.93520333,0.93520333,300
2026-03-13 23:40:00+00:00,2026-03-13 23:44:59.999000+00:00,0.93520333,0.93596034,0.9348,0.9354,300
2026-03-13 23:45:00+00:00,2026-03-13 23:49:59.999000+00:00,0.9354,0.9354,0.9336,0.93363683,300
2026-03-13 23:50:00+00:00,2026-03-13 23:54:59.999000+00:00,0.93361433,0.9344,0.9327275,0.93435,300
2026-03-13 23:55:00+00:00,2026-03-13 23:59:59.999000+00:00,0.93435,0.93545075,0.93349867,0.93349867,300
2026-03-14 00:00:00+00:00,2026-03-14 00:04:59.999000+00:00,0.93349867,0.9337,0.9294,0.9294,300
2026-03-14 00:05:00+00:00,2026-03-14 00:09:59.999000+00:00,0.9294,0.93121659,0.9292,0.9297,300
2026-03-14 00:10:00+00:00,2026-03-14 00:14:59.999000+00:00,0.9297,0.93016517,0.9269185,0.9278,300
2026-03-14 00:15:00+00:00,2026-03-14 00:19:59.999000+00:00,0.9278,0.93009842,0.9277,0.93,300
2026-03-14 00:20:00+00:00,2026-03-14 00:24:59.999000+00:00,0.92992683,0.9313,0.9297,0.93118408,300
2026-03-14 00:25:00+00:00,2026-03-14 00:29:59.999000+00:00,0.93113908,0.93193775,0.9296,0.9313,300
2026-03-14 00:30:00+00:00,2026-03-14 00:34:59.999000+00:00,0.931,0.93231833,0.9304,0.9316,300
2026-03-14 00:35:00+00:00,2026-03-14 00:39:59.999000+00:00,0.9315,0.932,0.9298,0.9298,300
2026-03-14 00:40:00+00:00,2026-03-14 00:44:59.999000+00:00,0.9298,0.9308,0.92483408,0.92483408,300
2026-03-14 00:45:00+00:00,2026-03-14 00:49:59.999000+00:00,0.92490625,0.9257,0.92352283,0.92352283,300
2026-03-14 00:50:00+00:00,2026-03-14 00:54:59.999000+00:00,0.9236,0.9243,0.92215075,0.9225,300
2026-03-14 00:55:00+00:00,2026-03-14 00:59:59.999000+00:00,0.9224,0.92443092,0.922248,0.92311025,300
2026-03-14 01:00:00+00:00,2026-03-14 01:04:59.999000+00:00,0.92311025,0.9258,0.9226,0.9250315,300
2026-03-14 01:05:00+00:00,2026-03-14 01:09:59.999000+00:00,0.925024,0.9255,0.9241,0.92527433,300
2026-03-14 01:10:00+00:00,2026-03-14 01:14:59.999000+00:00,0.92521733,0.92525042,0.92196242,0.9227,300
2026-03-14 01:15:00+00:00,2026-03-14 01:19:59.999000+00:00,0.9227,0.927,0.9227,0.92675108,300
2026-03-14 01:20:00+00:00,2026-03-14 01:24:59.999000+00:00,0.92675108,0.92975181,0.9266,0.9287,300
2026-03-14 01:25:00+00:00,2026-03-14 01:29:59.999000+00:00,0.9287,0.9287,0.92748667,0.928,300
2026-03-14 01:30:00+00:00,2026-03-14 01:34:59.999000+00:00,0.928,0.9285,0.9247,0.9253,300
2026-03-14 01:35:00+00:00,2026-03-14 01:39:59.999000+00:00,0.9253,0.92532658,0.92093083,0.92488308,300
2026-03-14 01:40:00+00:00,2026-03-14 01:44:59.999000+00:00,0.92488308,0.92590875,0.9238,0.9251,300
2026-03-14 01:45:00+00:00,2026-03-14 01:49:59.999000+00:00,0.9251,0.9280475,0.92503883,0.9278,300
2026-03-14 01:50:00+00:00,2026-03-14 01:54:59.999000+00:00,0.9282,0.9283,0.92740042,0.9277,300
2026-03-14 01:55:00+00:00,2026-03-14 01:59:59.999000+00:00,0.9277,0.92866125,0.9268,0.92721333,300
2026-03-14 02:00:00+00:00,2026-03-14 02:04:59.999000+00:00,0.92721333,0.9273,0.9251,0.926,300
2026-03-14 02:05:00+00:00,2026-03-14 02:09:59.999000+00:00,0.926,0.92712542,0.9248,0.92525328,300
2026-03-14 02:10:00+00:00,2026-03-14 02:14:59.999000+00:00,0.92525328,0.92644817,0.9247695,0.92610508,300
2026-03-14 02:15:00+00:00,2026-03-14 02:19:59.999000+00:00,0.92610508,0.9264,0.9256,0.9258,300
2026-03-14 02:20:00+00:00,2026-03-14 02:24:59.999000+00:00,0.9258,0.9258,0.9237,0.9248,300
2026-03-14 02:25:00+00:00,2026-03-14 02:29:59.999000+00:00,0.9249,0.92542583,0.92447817,0.9248,300
2026-03-14 02:30:00+00:00,2026-03-14 02:34:59.999000+00:00,0.9248,0.9248,0.9225,0.924,300
2026-03-14 02:35:00+00:00,2026-03-14 02:39:59.999000+00:00,0.924,0.92460575,0.92265319,0.9239,300
2026-03-14 02:40:00+00:00,2026-03-14 02:44:59.999000+00:00,0.9239,0.9248,0.92384767,0.9244,300
2026-03-14 02:45:00+00:00,2026-03-14 02:49:59.999000+00:00,0.9244,0.9257,0.92420092,0.9257,300
2026-03-14 02:50:00+00:00,2026-03-14 02:54:59.999000+00:00,0.9257,0.926,0.9252,0.92528492,300
2026-03-14 02:55:00+00:00,2026-03-14 02:59:59.999000+00:00,0.92517008,0.9269,0.92485058,0.92660142,300
2026-03-14 03:00:00+00:00,2026-03-14 03:04:59.999000+00:00,0.92660142,0.92660142,0.9239,0.9261,300
2026-03-14 03:05:00+00:00,2026-03-14 03:09:59.999000+00:00,0.9262,0.928718,0.9261,0.928,300
2026-03-14 03:10:00+00:00,2026-03-14 03:14:59.999000+00:00,0.928,0.929,0.928,0.9288,300
2026-03-14 03:15:00+00:00,2026-03-14 03:19:59.999000+00:00,0.9288,0.929,0.92715336,0.92715336,300
2026-03-14 03:20:00+00:00,2026-03-14 03:24:59.999000+00:00,0.92715336,0.9274,0.926627,0.926653,300
2026-03-14 03:25:00+00:00,2026-03-14 03:29:59.999000+00:00,0.926653,0.92844492,0.926653,0.928,300
2026-03-14 03:30:00+00:00,2026-03-14 03:34:59.999000+00:00,0.9281,0.9293,0.92797362,0.92912125,300
2026-03-14 03:35:00+00:00,2026-03-14 03:39:59.999000+00:00,0.92912125,0.92946433,0.9279225,0.92932608,300
2026-03-14 03:40:00+00:00,2026-03-14 03:44:59.999000+00:00,0.92932608,0.931234,0.9288,0.9295,300
2026-03-14 03:45:00+00:00,2026-03-14 03:49:59.999000+00:00,0.92950975,0.9305,0.9288,0.9302,300
2026-03-14 03:50:00+00:00,2026-03-14 03:54:59.999000+00:00,0.9302,0.9302,0.92846333,0.92912542,300
2026-03-14 03:55:00+00:00,2026-03-14 03:59:59.999000+00:00,0.92915542,0.92916542,0.9271,0.9279,300
2026-03-14 04:00:00+00:00,2026-03-14 04:04:59.999000+00:00,0.9279,0.93015983,0.92654567,0.92979158,300
2026-03-14 04:05:00+00:00,2026-03-14 04:09:59.999000+00:00,0.92975008,0.93228216,0.9291,0.9316215,300
2026-03-14 04:10:00+00:00,2026-03-14 04:14:59.999000+00:00,0.9316215,0.93162325,0.93080567,0.93148583,300
2026-03-14 04:15:00+00:00,2026-03-14 04:19:59.999000+00:00,0.93148583,0.93148583,0.92754333,0.92768708,300
2026-03-14 04:20:00+00:00,2026-03-14 04:24:59.999000+00:00,0.92768708,0.9277,0.9262,0.9264705,300
2026-03-14 04:25:00+00:00,2026-03-14 04:29:59.999000+00:00,0.92637717,0.92806328,0.92618267,0.9276,300
2026-03-14 04:30:00+00:00,2026-03-14 04:34:59.999000+00:00,0.9276,0.93085833,0.92695917,0.9298,300
2026-03-14 04:35:00+00:00,2026-03-14 04:39:59.999000+00:00,0.9298,0.93392216,0.9298,0.9322,300
2026-03-14 04:40:00+00:00,2026-03-14 04:44:59.999000+00:00,0.9322,0.9325,0.93125483,0.9315,300
2026-03-14 04:45:00+00:00,2026-03-14 04:49:59.999000+00:00,0.9315,0.9319,0.93027258,0.9306,300
2026-03-14 04:50:00+00:00,2026-03-14 04:54:59.999000+00:00,0.9306,0.9306,0.92195875,0.9225,300
2026-03-14 04:55:00+00:00,2026-03-14 04:59:59.999000+00:00,0.9225,0.92314129,0.9219,0.9223,300
2026-03-14 05:00:00+00:00,2026-03-14 05:04:59.999000+00:00,0.922259,0.9226,0.92083333,0.92083333,300
2026-03-14 05:05:00+00:00,2026-03-14 05:09:59.999000+00:00,0.9209,0.92183603,0.9187,0.9201,300
2026-03-14 05:10:00+00:00,2026-03-14 05:14:59.999000+00:00,0.9204,0.9206,0.919,0.9197,300
2026-03-14 05:15:00+00:00,2026-03-14 05:19:59.999000+00:00,0.9196,0.9208,0.9191,0.92060802,300
2026-03-14 05:20:00+00:00,2026-03-14 05:24:59.999000+00:00,0.92060802,0.92084525,0.919,0.92028375,300
2026-03-14 05:25:00+00:00,2026-03-14 05:29:59.999000+00:00,0.92028375,0.9208,0.9179,0.9188025,300
2026-03-14 05:30:00+00:00,2026-03-14 05:34:59.999000+00:00,0.91878,0.9192,0.9157,0.9167455,300
2026-03-14 05:35:00+00:00,2026-03-14 05:39:59.999000+00:00,0.9167605,0.9179055,0.91376733,0.9172,300
2026-03-14 05:40:00+00:00,2026-03-14 05:44:59.999000+00:00,0.9172,0.917573,0.91632879,0.91704175,300
2026-03-14 05:45:00+00:00,2026-03-14 05:49:59.999000+00:00,0.91704175,0.9175,0.91637767,0.9175,300
2026-03-14 05:50:00+00:00,2026-03-14 05:54:59.999000+00:00,0.9175,0.9186,0.9172,0.91826075,300
2026-03-14 05:55:00+00:00,2026-03-14 05:59:59.999000+00:00,0.91826075,0.91877633,0.918,0.91831833,300
2026-03-14 06:00:00+00:00,2026-03-14 06:04:59.999000+00:00,0.918223,0.9195,0.9172,0.9186,300
2026-03-14 06:05:00+00:00,2026-03-14 06:09:59.999000+00:00,0.9186,0.919115,0.91796933,0.91807258,300
2026-03-14 06:10:00+00:00,2026-03-14 06:14:59.999000+00:00,0.91807258,0.9182,0.917,0.91802908,300
2026-03-14 06:15:00+00:00,2026-03-14 06:19:59.999000+00:00,0.91802908,0.9182,0.9131,0.91331991,300
2026-03-14 06:20:00+00:00,2026-03-14 06:24:59.999000+00:00,0.91331991,0.9147,0.909,0.91000725,300
2026-03-14 06:25:00+00:00,2026-03-14 06:29:59.999000+00:00,0.91000725,0.91069633,0.90895342,0.9094895,300
2026-03-14 06:30:00+00:00,2026-03-14 06:34:59.999000+00:00,0.9094895,0.9102,0.9087,0.9096,300
2026-03-14 06:35:00+00:00,2026-03-14 06:39:59.999000+00:00,0.9097,0.9107,0.90706608,0.90966942,300
2026-03-14 06:40:00+00:00,2026-03-14 06:44:59.999000+00:00,0.90966942,0.9111,0.9084,0.9086,300
2026-03-14 06:45:00+00:00,2026-03-14 06:49:59.999000+00:00,0.9086,0.9126,0.90836475,0.91211375,300
2026-03-14 06:50:00+00:00,2026-03-14 06:54:59.999000+00:00,0.9123,0.9131,0.91207917,0.9122,300
2026-03-14 06:55:00+00:00,2026-03-14 06:59:59.999000+00:00,0.9122,0.91313267,0.9113,0.9114,300
2026-03-14 07:00:00+00:00,2026-03-14 07:04:59.999000+00:00,0.9116,0.91262319,0.9094,0.90948592,300
2026-03-14 07:05:00+00:00,2026-03-14 07:09:59.999000+00:00,0.90938092,0.911,0.90855302,0.911,300
2026-03-14 07:10:00+00:00,2026-03-14 07:14:59.999000+00:00,0.911,0.91215117,0.911,0.912,300
2026-03-14 07:15:00+00:00,2026-03-14 07:19:59.999000+00:00,0.91189783,0.91194283,0.91068908,0.91143,300
2026-03-14 07:20:00+00:00,2026-03-14 07:24:59.999000+00:00,0.91143,0.9115,0.9094,0.9102,300
2026-03-14 07:25:00+00:00,2026-03-14 07:29:59.999000+00:00,0.9102,0.912594,0.90989058,0.9107,300
2026-03-14 07:30:00+00:00,2026-03-14 07:34:59.999000+00:00,0.9107,0.9111,0.909,0.9102145,300
2026-03-14 07:35:00+00:00,2026-03-14 07:39:59.999000+00:00,0.9102145,0.9102145,0.9077,0.90942542,300
2026-03-14 07:40:00+00:00,2026-03-14 07:44:59.999000+00:00,0.90933842,0.9097,0.9076,0.908805,300
2026-03-14 07:45:00+00:00,2026-03-14 07:49:59.999000+00:00,0.908805,0.90886583,0.90736284,0.90886333,300
2026-03-14 07:50:00+00:00,2026-03-14 07:54:59.999000+00:00,0.90886333,0.9107,0.9084,0.91040917,300
2026-03-14 07:55:00+00:00,2026-03-14 07:59:59.999000+00:00,0.91040917,0.9118,0.9102,0.9106,300
2026-03-14 08:00:00+00:00,2026-03-14 08:04:59.999000+00:00,0.9106,0.9113,0.91032525,0.9108,300
2026-03-14 08:05:00+00:00,2026-03-14 08:09:59.999000+00:00,0.9109105,0.91103897,0.9097,0.9098,300
2026-03-14 08:10:00+00:00,2026-03-14 08:14:59.999000+00:00,0.9097,0.9099,0.9093,0.9094,300
2026-03-14 08:15:00+00:00,2026-03-14 08:19:59.999000+00:00,0.9094,0.91020667,0.9082,0.9084,300
2026-03-14 08:20:00+00:00,2026-03-14 08:24:59.999000+00:00,0.9084,0.9101,0.90829958,0.90911075,300
2026-03-14 08:25:00+00:00,2026-03-14 08:29:59.999000+00:00,0.90911075,0.91045583,0.9083,0.91,300
2026-03-14 08:30:00+00:00,2026-03-14 08:34:59.999000+00:00,0.91,0.911,0.90871417,0.9109,300
2026-03-14 08:35:00+00:00,2026-03-14 08:39:59.999000+00:00,0.9109,0.911,0.9091,0.91017025,300
2026-03-14 08:40:00+00:00,2026-03-14 08:44:59.999000+00:00,0.91017025,0.91103558,0.9086,0.9088,300
2026-03-14 08:45:00+00:00,2026-03-14 08:49:59.999000+00:00,0.90875,0.9094,0.9083,0.9087045,300
2026-03-14 08:50:00+00:00,2026-03-14 08:54:59.999000+00:00,0.9087045,0.910917,0.90850567,0.91025275,300
2026-03-14 08:55:00+00:00,2026-03-14 08:59:59.999000+00:00,0.91025275,0.91043767,0.9092,0.9098,300
2026-03-14 09:00:00+00:00,2026-03-14 09:04:59.999000+00:00,0.9098,0.9137,0.9096,0.91353092,300
2026-03-14 09:05:00+00:00,2026-03-14 09:09:59.999000+00:00,0.9135,0.9139,0.91189317,0.9127,300
2026-03-14 09:10:00+00:00,2026-03-14 09:14:59.999000+00:00,0.9126,0.913251,0.9122,0.91310917,300
2026-03-14 09:15:00+00:00,2026-03-14 09:19:59.999000+00:00,0.91310917,0.91310917,0.9109,0.912,300
2026-03-14 09:20:00+00:00,2026-03-14 09:24:59.999000+00:00,0.912,0.91241667,0.9115,0.9121,300
2026-03-14 09:25:00+00:00,2026-03-14 09:29:59.999000+00:00,0.9121,0.9137,0.91196075,0.9137,300
2026-03-14 09:30:00+00:00,2026-03-14 09:34:59.999000+00:00,0.9136,0.9138205,0.91132475,0.9114565,300
2026-03-14 09:35:00+00:00,2026-03-14 09:39:59.999000+00:00,0.9114565,0.91217783,0.9106,0.9116,300
2026-03-14 09:40:00+00:00,2026-03-14 09:44:59.999000+00:00,0.9116,0.913023,0.91133233,0.9127,300
2026-03-14 09:45:00+00:00,2026-03-14 09:49:59.999000+00:00,0.9126,0.91271142,0.90877875,0.909452,300
2026-03-14 09:50:00+00:00,2026-03-14 09:54:59.999000+00:00,0.909452,0.91207233,0.90935883,0.90935883,300
2026-03-14 09:55:00+00:00,2026-03-14 09:59:59.999000+00:00,0.90935883,0.911,0.90930258,0.91043767,300
2026-03-14 10:00:00+00:00,2026-03-14 10:04:59.999000+00:00,0.910326,0.910326,0.9093,0.90959883,300
2026-03-14 10:05:00+00:00,2026-03-14 10:09:59.999000+00:00,0.90959883,0.91093042,0.9086,0.90957658,300
2026-03-14 10:10:00+00:00,2026-03-14 10:14:59.999000+00:00,0.90959908,0.9099,0.908,0.9099,300
2026-03-14 10:15:00+00:00,2026-03-14 10:19:59.999000+00:00,0.9099,0.9102,0.90821717,0.90980342,300
2026-03-14 10:20:00+00:00,2026-03-14 10:24:59.999000+00:00,0.9098,0.9098,0.90856425,0.9093335,300
2026-03-14 10:25:00+00:00,2026-03-14 10:29:59.999000+00:00,0.9093335,0.9094,0.9082,0.9092235,300
2026-03-14 10:30:00+00:00,2026-03-14 10:34:59.999000+00:00,0.9092235,0.9096,0.9076,0.9096,300
2026-03-14 10:35:00+00:00,2026-03-14 10:39:59.999000+00:00,0.9096,0.90966425,0.90857069,0.9095,300
2026-03-14 10:40:00+00:00,2026-03-14 10:44:59.999000+00:00,0.90982275,0.9098925,0.909,0.9095,300
2026-03-14 10:45:00+00:00,2026-03-14 10:49:59.999000+00:00,0.9094,0.9098406,0.9084075,0.90909121,300
2026-03-14 10:50:00+00:00,2026-03-14 10:54:59.999000+00:00,0.90909121,0.909485,0.9085,0.9087,300
2026-03-14 10:55:00+00:00,2026-03-14 10:59:59.999000+00:00,0.9087,0.9089,0.90774408,0.90846692,300
2026-03-14 11:00:00+00:00,2026-03-14 11:04:59.999000+00:00,0.90846692,0.9096,0.90713492,0.9096,300
2026-03-14 11:05:00+00:00,2026-03-14 11:09:59.999000+00:00,0.9096,0.9119,0.90944617,0.9113,300
2026-03-14 11:10:00+00:00,2026-03-14 11:14:59.999000+00:00,0.9113,0.91134675,0.9104,0.9105,300
2026-03-14 11:15:00+00:00,2026-03-14 11:19:59.999000+00:00,0.91051058,0.9115,0.91031925,0.91093133,300
2026-03-14 11:20:00+00:00,2026-03-14 11:24:59.999000+00:00,0.91093133,0.91281175,0.91085925,0.9126,300
2026-03-14 11:25:00+00:00,2026-03-14 11:29:59.999000+00:00,0.9126,0.91334133,0.91110767,0.91297033,300
2026-03-14 11:30:00+00:00,2026-03-14 11:34:59.999000+00:00,0.913,0.91528454,0.9123,0.91393917,300
2026-03-14 11:35:00+00:00,2026-03-14 11:39:59.999000+00:00,0.91393917,0.9145,0.9137,0.9143,300
2026-03-14 11:40:00+00:00,2026-03-14 11:44:59.999000+00:00,0.9143,0.9143,0.9131,0.91385617,300
2026-03-14 11:45:00+00:00,2026-03-14 11:49:59.999000+00:00,0.91380708,0.91574258,0.91346417,0.9151,300
2026-03-14 11:50:00+00:00,2026-03-14 11:54:59.999000+00:00,0.9151,0.9154,0.9145,0.915,300
2026-03-14 11:55:00+00:00,2026-03-14 11:59:59.999000+00:00,0.915,0.915306,0.9145,0.91522142,300
2026-03-14 12:00:00+00:00,2026-03-14 12:04:59.999000+00:00,0.91510892,0.91565492,0.9134,0.9137,300
2026-03-14 12:05:00+00:00,2026-03-14 12:09:59.999000+00:00,0.9137,0.9152,0.9137,0.91477817,300
2026-03-14 12:10:00+00:00,2026-03-14 12:14:59.999000+00:00,0.91475317,0.91496425,0.9135,0.9146,300
2026-03-14 12:15:00+00:00,2026-03-14 12:19:59.999000+00:00,0.9146,0.91531925,0.9138,0.9148,300
2026-03-14 12:20:00+00:00,2026-03-14 12:24:59.999000+00:00,0.9148,0.91541225,0.9146,0.91509183,300
2026-03-14 12:25:00+00:00,2026-03-14 12:29:59.999000+00:00,0.91509183,0.91512192,0.91347617,0.9141,300
2026-03-14 12:30:00+00:00,2026-03-14 12:34:59.999000+00:00,0.9141,0.9149,0.9134,0.9141,300
2026-03-14 12:35:00+00:00,2026-03-14 12:39:59.999000+00:00,0.9141,0.9141,0.9115,0.9115,300
2026-03-14 12:40:00+00:00,2026-03-14 12:44:59.999000+00:00,0.9115,0.91207008,0.9105,0.9108,300
2026-03-14 12:45:00+00:00,2026-03-14 12:49:59.999000+00:00,0.9108,0.91251867,0.9108,0.91220292,300
2026-03-14 12:50:00+00:00,2026-03-14 12:54:59.999000+00:00,0.91220292,0.91264892,0.91087828,0.91178117,300
2026-03-14 12:55:00+00:00,2026-03-14 12:59:59.999000+00:00,0.91178117,0.9122,0.9113,0.9122,300
2026-03-14 13:00:00+00:00,2026-03-14 13:04:59.999000+00:00,0.91222825,0.91225075,0.90951583,0.9108,300
2026-03-14 13:05:00+00:00,2026-03-14 13:09:59.999000+00:00,0.9108,0.91119575,0.90953758,0.91041767,300
2026-03-14 13:10:00+00:00,2026-03-14 13:14:59.999000+00:00,0.91091767,0.91145284,0.9097,0.9109,300
2026-03-14 13:15:00+00:00,2026-03-14 13:19:59.999000+00:00,0.9108,0.91299483,0.9107,0.91299483,300
2026-03-14 13:20:00+00:00,2026-03-14 13:24:59.999000+00:00,0.91307733,0.91491833,0.91235125,0.9148,300
2026-03-14 13:25:00+00:00,2026-03-14 13:29:59.999000+00:00,0.91484042,0.91579083,0.91439125,0.9148,300
2026-03-14 13:30:00+00:00,2026-03-14 13:34:59.999000+00:00,0.9148,0.91685283,0.9147,0.9166,300
2026-03-14 13:35:00+00:00,2026-03-14 13:39:59.999000+00:00,0.9166,0.9169225,0.9156,0.91689017,300
2026-03-14 13:40:00+00:00,2026-03-14 13:44:59.999000+00:00,0.91689017,0.91778275,0.9159,0.91768371,300
2026-03-14 13:45:00+00:00,2026-03-14 13:49:59.999000+00:00,0.91768371,0.91768371,0.9151,0.9157,300
2026-03-14 13:50:00+00:00,2026-03-14 13:54:59.999000+00:00,0.9157,0.9163,0.9153,0.9163,300
2026-03-14 13:55:00+00:00,2026-03-14 13:59:59.999000+00:00,0.9163,0.91637475,0.9153,0.91633225,300
2026-03-14 14:00:00+00:00,2026-03-14 14:04:59.999000+00:00,0.91683225,0.916838,0.9145,0.91638897,300
2026-03-14 14:05:00+00:00,2026-03-14 14:09:59.999000+00:00,0.91638897,0.91642877,0.9144,0.91485183,300
2026-03-14 14:10:00+00:00,2026-03-14 14:14:59.999000+00:00,0.91485183,0.91581383,0.9141,0.915,300
2026-03-14 14:15:00+00:00,2026-03-14 14:19:59.999000+00:00,0.914852,0.9163765,0.91448325,0.9151,300
2026-03-14 14:20:00+00:00,2026-03-14 14:24:59.999000+00:00,0.9151,0.91534414,0.9141,0.9148,300
2026-03-14 14:25:00+00:00,2026-03-14 14:29:59.999000+00:00,0.9148,0.9162,0.91452533,0.91599967,300
2026-03-14 14:30:00+00:00,2026-03-14 14:34:59.999000+00:00,0.916,0.9163,0.9111,0.9119,300
2026-03-14 14:35:00+00:00,2026-03-14 14:39:59.999000+00:00,0.9118,0.91318183,0.9118,0.912,300
2026-03-14 14:40:00+00:00,2026-03-14 14:44:59.999000+00:00,0.912,0.9126,0.90874258,0.9091,300
2026-03-14 14:45:00+00:00,2026-03-14 14:49:59.999000+00:00,0.9091,0.91036633,0.909,0.9094,300
2026-03-14 14:50:00+00:00,2026-03-14 14:54:59.999000+00:00,0.90930858,0.9109,0.909,0.9109,300
2026-03-14 14:55:00+00:00,2026-03-14 14:59:59.999000+00:00,0.9109,0.91194175,0.90969725,0.9098,300
2026-03-14 15:00:00+00:00,2026-03-14 15:04:59.999000+00:00,0.9098,0.91123258,0.90842842,0.90993842,300
2026-03-14 15:05:00+00:00,2026-03-14 15:09:59.999000+00:00,0.91,0.9105,0.9093,0.90957833,300
2026-03-14 15:10:00+00:00,2026-03-14 15:14:59.999000+00:00,0.90957833,0.90965542,0.9087,0.90951667,300
2026-03-14 15:15:00+00:00,2026-03-14 15:19:59.999000+00:00,0.90947917,0.9098,0.9065,0.90782933,300
2026-03-14 15:20:00+00:00,2026-03-14 15:24:59.999000+00:00,0.90782933,0.90821567,0.9069,0.90761367,300
2026-03-14 15:25:00+00:00,2026-03-14 15:29:59.999000+00:00,0.90761367,0.90851242,0.9069,0.90803267,300
2026-03-14 15:30:00+00:00,2026-03-14 15:34:59.999000+00:00,0.90803267,0.90803267,0.906,0.9076,300
2026-03-14 15:35:00+00:00,2026-03-14 15:39:59.999000+00:00,0.9076,0.90898217,0.90655033,0.90783917,300
2026-03-14 15:40:00+00:00,2026-03-14 15:44:59.999000+00:00,0.90783917,0.90830917,0.9074,0.9079,300
2026-03-14 15:45:00+00:00,2026-03-14 15:49:59.999000+00:00,0.9079,0.90913967,0.90789067,0.908541,300
2026-03-14 15:50:00+00:00,2026-03-14 15:54:59.999000+00:00,0.908541,0.91127883,0.908541,0.9105,300
2026-03-14 15:55:00+00:00,2026-03-14 15:59:59.999000+00:00,0.9105,0.9106,0.90959819,0.90959819,300
2026-03-14 16:00:00+00:00,2026-03-14 16:04:59.999000+00:00,0.90959819,0.90959819,0.9084,0.90922558,300
2026-03-14 16:05:00+00:00,2026-03-14 16:09:59.999000+00:00,0.90922558,0.9104,0.908,0.9102,300
2026-03-14 16:10:00+00:00,2026-03-14 16:14:59.999000+00:00,0.9102,0.91197667,0.91,0.91191225,300
2026-03-14 16:15:00+00:00,2026-03-14 16:19:59.999000+00:00,0.91189725,0.91522283,0.9117975,0.91513258,300
2026-03-14 16:20:00+00:00,2026-03-14 16:24:59.999000+00:00,0.91513258,0.91567708,0.91409467,0.91542783,300
2026-03-14 16:25:00+00:00,2026-03-14 16:29:59.999000+00:00,0.91542783,0.91631483,0.91507767,0.91507767,300
2026-03-14 16:30:00+00:00,2026-03-14 16:34:59.999000+00:00,0.91507767,0.9170575,0.9148,0.91701525,300
2026-03-14 16:35:00+00:00,2026-03-14 16:39:59.999000+00:00,0.91701525,0.91701525,0.9152,0.9155485,300
2026-03-14 16:40:00+00:00,2026-03-14 16:44:59.999000+00:00,0.9155485,0.91706775,0.91543,0.915904,300
2026-03-14 16:45:00+00:00,2026-03-14 16:49:59.999000+00:00,0.915904,0.915904,0.91427892,0.91507217,300
2026-03-14 16:50:00+00:00,2026-03-14 16:54:59.999000+00:00,0.91507217,0.91586475,0.9148,0.9151,300
2026-03-14 16:55:00+00:00,2026-03-14 16:59:59.999000+00:00,0.9151,0.91571525,0.91504767,0.91545083,300
2026-03-14 17:00:00+00:00,2026-03-14 17:04:59.999000+00:00,0.91545083,0.91599533,0.91460783,0.9149825,300
2026-03-14 17:05:00+00:00,2026-03-14 17:09:59.999000+00:00,0.9149825,0.915538,0.9142,0.91514383,300
2026-03-14 17:10:00+00:00,2026-03-14 17:14:59.999000+00:00,0.915103,0.915765,0.9145,0.9147,300
2026-03-14 17:15:00+00:00,2026-03-14 17:19:59.999000+00:00,0.9147,0.91535842,0.9139,0.9147,300
2026-03-14 17:20:00+00:00,2026-03-14 17:24:59.999000+00:00,0.9147,0.915253,0.91415725,0.9143,300
2026-03-14 17:25:00+00:00,2026-03-14 17:29:59.999000+00:00,0.9143,0.91552642,0.91422558,0.91487983,300
2026-03-14 17:30:00+00:00,2026-03-14 17:34:59.999000+00:00,0.91479508,0.9148,0.912756,0.912781,300
2026-03-14 17:35:00+00:00,2026-03-14 17:39:59.999000+00:00,0.912781,0.91452775,0.91221092,0.9139,300
2026-03-14 17:40:00+00:00,2026-03-14 17:44:59.999000+00:00,0.91386592,0.91386592,0.913,0.9131,300
2026-03-14 17:45:00+00:00,2026-03-14 17:49:59.999000+00:00,0.9131,0.9132,0.9118845,0.9121,300
2026-03-14 17:50:00+00:00,2026-03-14 17:54:59.999000+00:00,0.9121,0.9121,0.9104,0.911,300
2026-03-14 17:55:00+00:00,2026-03-14 17:59:59.999000+00:00,0.911,0.9124,0.911,0.9118,300
2026-03-14 18:00:00+00:00,2026-03-14 18:04:59.999000+00:00,0.9118,0.9124095,0.9105,0.91120933,300
2026-03-14 18:05:00+00:00,2026-03-14 18:09:59.999000+00:00,0.91120933,0.9119,0.9109,0.9112,300
2026-03-14 18:10:00+00:00,2026-03-14 18:14:59.999000+00:00,0.9112,0.91250767,0.9111515,0.91154892,300
2026-03-14 18:15:00+00:00,2026-03-14 18:19:59.999000+00:00,0.91148233,0.9119055,0.91087142,0.91134425,300
2026-03-14 18:20:00+00:00,2026-03-14 18:24:59.999000+00:00,0.91134425,0.91140375,0.91069733,0.9112,300
2026-03-14 18:25:00+00:00,2026-03-14 18:29:59.999000+00:00,0.91115,0.91155492,0.91109417,0.91124408,300
2026-03-14 18:30:00+00:00,2026-03-14 18:34:59.999000+00:00,0.91124408,0.91325617,0.91123925,0.9132175,300
2026-03-14 18:35:00+00:00,2026-03-14 18:39:59.999000+00:00,0.9132175,0.9132175,0.91159967,0.912204,300
2026-03-14 18:40:00+00:00,2026-03-14 18:44:59.999000+00:00,0.912172,0.91474575,0.91203517,0.91296,300
2026-03-14 18:45:00+00:00,2026-03-14 18:49:59.999000+00:00,0.91296,0.9135,0.9124,0.9132,300
2026-03-14 18:50:00+00:00,2026-03-14 18:54:59.999000+00:00,0.9132,0.91373208,0.9125,0.91256833,300
2026-03-14 18:55:00+00:00,2026-03-14 18:59:59.999000+00:00,0.91256833,0.9129,0.91215009,0.91216043,300
2026-03-14 19:00:00+00:00,2026-03-14 19:04:59.999000+00:00,0.91216043,0.9136,0.91209025,0.91341667,300
2026-03-14 19:05:00+00:00,2026-03-14 19:09:59.999000+00:00,0.91345,0.9140705,0.91325842,0.91393569,300
2026-03-14 19:10:00+00:00,2026-03-14 19:14:59.999000+00:00,0.91393569,0.91422,0.9132,0.91344603,300
2026-03-14 19:15:00+00:00,2026-03-14 19:19:59.999000+00:00,0.91344603,0.915823,0.9134295,0.91392717,300
2026-03-14 19:20:00+00:00,2026-03-14 19:24:59.999000+00:00,0.91392717,0.91437086,0.9134,0.91396975,300
2026-03-14 19:25:00+00:00,2026-03-14 19:29:59.999000+00:00,0.91396975,0.914,0.9132,0.9134,300
2026-03-14 19:30:00+00:00,2026-03-14 19:34:59.999000+00:00,0.9134,0.9142845,0.9124,0.9125,300
2026-03-14 19:35:00+00:00,2026-03-14 19:39:59.999000+00:00,0.9125,0.91280083,0.9118,0.9122,300
2026-03-14 19:40:00+00:00,2026-03-14 19:44:59.999000+00:00,0.9122,0.9129544,0.9122,0.9125,300
2026-03-14 19:45:00+00:00,2026-03-14 19:49:59.999000+00:00,0.9125,0.9133,0.9124,0.9126,300
2026-03-14 19:50:00+00:00,2026-03-14 19:54:59.999000+00:00,0.9126,0.91289525,0.9117,0.9118315,300
2026-03-14 19:55:00+00:00,2026-03-14 19:59:59.999000+00:00,0.9118315,0.9119,0.911,0.91143,300
2026-03-14 20:00:00+00:00,2026-03-14 20:04:59.999000+00:00,0.91143,0.9116,0.91040333,0.9104745,300
2026-03-14 20:05:00+00:00,2026-03-14 20:09:59.999000+00:00,0.9104745,0.91179367,0.91010942,0.91179367,300
2026-03-14 20:10:00+00:00,2026-03-14 20:14:59.999000+00:00,0.91179367,0.91179367,0.9096,0.9103,300
2026-03-14 20:15:00+00:00,2026-03-14 20:19:59.999000+00:00,0.9103,0.910868,0.9098,0.91051867,300
2026-03-14 20:20:00+00:00,2026-03-14 20:24:59.999000+00:00,0.9106,0.91143725,0.910015,0.91090683,300
2026-03-14 20:25:00+00:00,2026-03-14 20:29:59.999000+00:00,0.91088908,0.91109992,0.91013858,0.91013858,300
2026-03-14 20:30:00+00:00,2026-03-14 20:34:59.999000+00:00,0.91013858,0.91131958,0.9101,0.911,300
2026-03-14 20:35:00+00:00,2026-03-14 20:39:59.999000+00:00,0.911,0.9115,0.91056133,0.91092667,300
2026-03-14 20:40:00+00:00,2026-03-14 20:44:59.999000+00:00,0.91092667,0.91263819,0.91089383,0.9125,300
2026-03-14 20:45:00+00:00,2026-03-14 20:49:59.999000+00:00,0.9123,0.91308875,0.91151833,0.9117,300
2026-03-14 20:50:00+00:00,2026-03-14 20:54:59.999000+00:00,0.9117,0.91208583,0.91122625,0.911811,300
2026-03-14 20:55:00+00:00,2026-03-14 20:59:59.999000+00:00,0.911811,0.91232,0.911619,0.9122825,300
2026-03-14 21:00:00+00:00,2026-03-14 21:04:59.999000+00:00,0.91226475,0.91226475,0.911,0.91101775,300
2026-03-14 21:05:00+00:00,2026-03-14 21:09:59.999000+00:00,0.91101775,0.9113,0.9092,0.9098,300
2026-03-14 21:10:00+00:00,2026-03-14 21:14:59.999000+00:00,0.9098,0.91168517,0.9098,0.91087167,300
2026-03-14 21:15:00+00:00,2026-03-14 21:19:59.999000+00:00,0.91084167,0.911842,0.910449,0.91123,300
2026-03-14 21:20:00+00:00,2026-03-14 21:24:59.999000+00:00,0.9112,0.91193125,0.9107,0.91127208,300
2026-03-14 21:25:00+00:00,2026-03-14 21:29:59.999000+00:00,0.91127208,0.91195267,0.91055991,0.9113,300
2026-03-14 21:30:00+00:00,2026-03-14 21:34:59.999000+00:00,0.9113,0.9113,0.91036133,0.91056417,300
2026-03-14 21:35:00+00:00,2026-03-14 21:39:59.999000+00:00,0.91056417,0.911069,0.91038508,0.910654,300
2026-03-14 21:40:00+00:00,2026-03-14 21:44:59.999000+00:00,0.910654,0.9112,0.91056967,0.9112,300
2026-03-14 21:45:00+00:00,2026-03-14 21:49:59.999000+00:00,0.91109608,0.91198698,0.9104,0.9117,300
2026-03-14 21:50:00+00:00,2026-03-14 21:54:59.999000+00:00,0.9117,0.9132,0.91169725,0.9127,300
2026-03-14 21:55:00+00:00,2026-03-14 21:59:59.999000+00:00,0.9127,0.91364358,0.9122,0.913,300
2026-03-14 22:00:00+00:00,2026-03-14 22:04:59.999000+00:00,0.913,0.9131,0.9119355,0.9131,300
2026-03-14 22:05:00+00:00,2026-03-14 22:09:59.999000+00:00,0.91329525,0.9136,0.9122,0.91222925,300
2026-03-14 22:10:00+00:00,2026-03-14 22:14:59.999000+00:00,0.91224974,0.91349817,0.9116,0.91301908,300
2026-03-14 22:15:00+00:00,2026-03-14 22:19:59.999000+00:00,0.91301908,0.91301908,0.91152775,0.91152775,300
2026-03-14 22:20:00+00:00,2026-03-14 22:24:59.999000+00:00,0.91152775,0.9125,0.911,0.9125,300
2026-03-14 22:25:00+00:00,2026-03-14 22:29:59.999000+00:00,0.9125,0.91333375,0.912,0.9128,300
2026-03-14 22:30:00+00:00,2026-03-14 22:34:59.999000+00:00,0.91275,0.9138,0.91274717,0.9131,300
2026-03-14 22:35:00+00:00,2026-03-14 22:39:59.999000+00:00,0.9131,0.9132,0.91247733,0.9132,300
2026-03-14 22:40:00+00:00,2026-03-14 22:44:59.999000+00:00,0.9132,0.9144,0.91306017,0.91410133,300
2026-03-14 22:45:00+00:00,2026-03-14 22:49:59.999000+00:00,0.91410133,0.9143325,0.9131285,0.9132,300
2026-03-14 22:50:00+00:00,2026-03-14 22:54:59.999000+00:00,0.9133,0.9134,0.91243675,0.9132505,300
2026-03-14 22:55:00+00:00,2026-03-14 22:59:59.999000+00:00,0.9132725,0.91329992,0.912333,0.91238083,300
2026-03-14 23:00:00+00:00,2026-03-14 23:04:59.999000+00:00,0.91238083,0.91595058,0.91238083,0.91535875,300
2026-03-14 23:05:00+00:00,2026-03-14 23:09:59.999000+00:00,0.9155,0.9177985,0.9152,0.91725642,300
2026-03-14 23:10:00+00:00,2026-03-14 23:14:59.999000+00:00,0.91723975,0.919078,0.915287,0.91712167,300
2026-03-14 23:15:00+00:00,2026-03-14 23:19:59.999000+00:00,0.91712167,0.91712167,0.91496117,0.91584967,300
2026-03-14 23:20:00+00:00,2026-03-14 23:24:59.999000+00:00,0.91584967,0.91706667,0.91584967,0.9162,300
2026-03-14 23:25:00+00:00,2026-03-14 23:29:59.999000+00:00,0.91611817,0.9173,0.915491,0.91650342,300
2026-03-14 23:30:00+00:00,2026-03-14 23:34:59.999000+00:00,0.9164695,0.91866817,0.9164695,0.91824733,300
2026-03-14 23:35:00+00:00,2026-03-14 23:39:59.999000+00:00,0.91824733,0.91962467,0.91801925,0.9195,300
2026-03-14 23:40:00+00:00,2026-03-14 23:44:59.999000+00:00,0.9195,0.9205,0.91924491,0.9198,300
2026-03-14 23:45:00+00:00,2026-03-14 23:49:59.999000+00:00,0.9198,0.92175242,0.9198,0.92110033,300
2026-03-14 23:50:00+00:00,2026-03-14 23:54:59.999000+00:00,0.92113417,0.9212,0.9201,0.9203,300
2026-03-14 23:55:00+00:00,2026-03-14 23:59:59.999000+00:00,0.9204,0.92102642,0.91946525,0.9199,300
2026-03-15 00:00:00+00:00,2026-03-15 00:04:59.999000+00:00,0.9199,0.92,0.9168,0.91719117,300
2026-03-15 00:05:00+00:00,2026-03-15 00:09:59.999000+00:00,0.91719117,0.9175,0.9154,0.9155,300
2026-03-15 00:10:00+00:00,2026-03-15 00:14:59.999000+00:00,0.9155,0.9157435,0.9149,0.91561617,300
2026-03-15 00:15:00+00:00,2026-03-15 00:19:59.999000+00:00,0.91561617,0.91625183,0.91260167,0.91314083,300
2026-03-15 00:20:00+00:00,2026-03-15 00:24:59.999000+00:00,0.91314083,0.9133,0.91123,0.9121,300
2026-03-15 00:25:00+00:00,2026-03-15 00:29:59.999000+00:00,0.9121,0.91461783,0.9114,0.912123,300
2026-03-15 00:30:00+00:00,2026-03-15 00:34:59.999000+00:00,0.912168,0.91278825,0.9113,0.9120845,300
2026-03-15 00:35:00+00:00,2026-03-15 00:39:59.999000+00:00,0.9120845,0.9120845,0.9107,0.9118,300
2026-03-15 00:40:00+00:00,2026-03-15 00:44:59.999000+00:00,0.91197908,0.91291595,0.9117,0.9119,300
2026-03-15 00:45:00+00:00,2026-03-15 00:49:59.999000+00:00,0.9119,0.91234283,0.91027133,0.91064342,300
2026-03-15 00:50:00+00:00,2026-03-15 00:54:59.999000+00:00,0.91064342,0.91189716,0.910593,0.9112,300
2026-03-15 00:55:00+00:00,2026-03-15 00:59:59.999000+00:00,0.9112,0.91167033,0.9108,0.91115558,300
2026-03-15 01:00:00+00:00,2026-03-15 01:04:59.999000+00:00,0.9111435,0.91274583,0.91111,0.912194,300
2026-03-15 01:05:00+00:00,2026-03-15 01:09:59.999000+00:00,0.912194,0.9124,0.91155121,0.9116,300
2026-03-15 01:10:00+00:00,2026-03-15 01:14:59.999000+00:00,0.9116,0.9116,0.90962617,0.910473,300
2026-03-15 01:15:00+00:00,2026-03-15 01:19:59.999000+00:00,0.910473,0.91272875,0.90995,0.91171233,300
2026-03-15 01:20:00+00:00,2026-03-15 01:24:59.999000+00:00,0.91168583,0.91235617,0.9104,0.9123,300
2026-03-15 01:25:00+00:00,2026-03-15 01:29:59.999000+00:00,0.9123,0.914545,0.9123,0.9142,300
2026-03-15 01:30:00+00:00,2026-03-15 01:34:59.999000+00:00,0.9145,0.9179,0.9145,0.9179,300
2026-03-15 01:35:00+00:00,2026-03-15 01:39:59.999000+00:00,0.9178,0.920007,0.91711025,0.91991333,300
2026-03-15 01:40:00+00:00,2026-03-15 01:44:59.999000+00:00,0.91998833,0.9221,0.91946642,0.92191083,300
2026-03-15 01:45:00+00:00,2026-03-15 01:49:59.999000+00:00,0.92191083,0.9233225,0.92185642,0.9220155,300
2026-03-15 01:50:00+00:00,2026-03-15 01:54:59.999000+00:00,0.9220155,0.92438233,0.922,0.9222,300
2026-03-15 01:55:00+00:00,2026-03-15 01:59:59.999000+00:00,0.9223,0.92295317,0.9213,0.92263167,300
2026-03-15 02:00:00+00:00,2026-03-15 02:04:59.999000+00:00,0.92264667,0.92952108,0.9226,0.9245,300
2026-03-15 02:05:00+00:00,2026-03-15 02:09:59.999000+00:00,0.9245,0.9262115,0.92428892,0.92591717,300
2026-03-15 02:10:00+00:00,2026-03-15 02:14:59.999000+00:00,0.92587217,0.9268,0.92450592,0.9259,300
2026-03-15 02:15:00+00:00,2026-03-15 02:19:59.999000+00:00,0.9259,0.92765858,0.9252,0.92748908,300
2026-03-15 02:20:00+00:00,2026-03-15 02:24:59.999000+00:00,0.92748908,0.9275,0.92489608,0.9249305,300
2026-03-15 02:25:00+00:00,2026-03-15 02:29:59.999000+00:00,0.925,0.92614483,0.9236,0.9238,300
2026-03-15 02:30:00+00:00,2026-03-15 02:34:59.999000+00:00,0.9238,0.92419233,0.9221,0.9223245,300
2026-03-15 02:35:00+00:00,2026-03-15 02:39:59.999000+00:00,0.9223245,0.92442025,0.92198683,0.9243,300
2026-03-15 02:40:00+00:00,2026-03-15 02:44:59.999000+00:00,0.9243,0.92746933,0.92389175,0.92740875,300
2026-03-15 02:45:00+00:00,2026-03-15 02:49:59.999000+00:00,0.92741875,0.9316,0.92741875,0.9316,300
2026-03-15 02:50:00+00:00,2026-03-15 02:54:59.999000+00:00,0.9316,0.93302458,0.9292,0.9298,300
2026-03-15 02:55:00+00:00,2026-03-15 02:59:59.999000+00:00,0.9298,0.932,0.92928308,0.93177842,300
2026-03-15 03:00:00+00:00,2026-03-15 03:04:59.999000+00:00,0.93177842,0.93522158,0.93177842,0.93227167,300
2026-03-15 03:05:00+00:00,2026-03-15 03:09:59.999000+00:00,0.9319,0.93360034,0.93143567,0.93358867,300
2026-03-15 03:10:00+00:00,2026-03-15 03:14:59.999000+00:00,0.93358867,0.93669342,0.9329,0.9352,300
2026-03-15 03:15:00+00:00,2026-03-15 03:19:59.999000+00:00,0.9352,0.93544233,0.92989675,0.9301,300
2026-03-15 03:20:00+00:00,2026-03-15 03:24:59.999000+00:00,0.9301,0.93149124,0.9296,0.9309,300
2026-03-15 03:25:00+00:00,2026-03-15 03:29:59.999000+00:00,0.9309,0.9312,0.92871467,0.92955198,300
2026-03-15 03:30:00+00:00,2026-03-15 03:34:59.999000+00:00,0.92955198,0.92961758,0.92733233,0.9279,300
2026-03-15 03:35:00+00:00,2026-03-15 03:39:59.999000+00:00,0.9279,0.9279,0.92503575,0.925694,300
2026-03-15 03:40:00+00:00,2026-03-15 03:44:59.999000+00:00,0.925694,0.9257,0.9239,0.9239,300
2026-03-15 03:45:00+00:00,2026-03-15 03:49:59.999000+00:00,0.9239,0.924,0.9218,0.923268,300
2026-03-15 03:50:00+00:00,2026-03-15 03:54:59.999000+00:00,0.9233,0.9237,0.92257267,0.9237,300
2026-03-15 03:55:00+00:00,2026-03-15 03:59:59.999000+00:00,0.9237,0.9267,0.9235,0.9267,300
2026-03-15 04:00:00+00:00,2026-03-15 04:04:59.999000+00:00,0.9267,0.9288,0.9255,0.9288,300
2026-03-15 04:05:00+00:00,2026-03-15 04:09:59.999000+00:00,0.9288,0.931195,0.9288,0.93017233,300
2026-03-15 04:10:00+00:00,2026-03-15 04:14:59.999000+00:00,0.93017233,0.9304,0.9287955,0.92944767,300
2026-03-15 04:15:00+00:00,2026-03-15 04:19:59.999000+00:00,0.92894767,0.9293,0.928,0.9289,300
2026-03-15 04:20:00+00:00,2026-03-15 04:24:59.999000+00:00,0.9287,0.92882784,0.9247,0.9256,300
2026-03-15 04:25:00+00:00,2026-03-15 04:29:59.999000+00:00,0.9256,0.9256,0.92397242,0.92411897,300
2026-03-15 04:30:00+00:00,2026-03-15 04:34:59.999000+00:00,0.9242,0.9242,0.9205,0.9207,300
2026-03-15 04:35:00+00:00,2026-03-15 04:39:59.999000+00:00,0.9209,0.9237,0.92084133,0.92323319,300
2026-03-15 04:40:00+00:00,2026-03-15 04:44:59.999000+00:00,0.92319569,0.92319569,0.92145083,0.92291142,300
2026-03-15 04:45:00+00:00,2026-03-15 04:49:59.999000+00:00,0.9236,0.92364875,0.9219,0.92343933,300
2026-03-15 04:50:00+00:00,2026-03-15 04:54:59.999000+00:00,0.92343933,0.92405675,0.9217,0.9238,300
2026-03-15 04:55:00+00:00,2026-03-15 04:59:59.999000+00:00,0.9238,0.9242075,0.9227,0.9238,300
2026-03-15 05:00:00+00:00,2026-03-15 05:04:59.999000+00:00,0.9238,0.924269,0.92171583,0.92171583,300
2026-03-15 05:05:00+00:00,2026-03-15 05:09:59.999000+00:00,0.92171583,0.9233,0.92110509,0.923244,300
2026-03-15 05:10:00+00:00,2026-03-15 05:14:59.999000+00:00,0.923244,0.92325,0.9217,0.9222,300
2026-03-15 05:15:00+00:00,2026-03-15 05:19:59.999000+00:00,0.9222,0.92816667,0.9221,0.9256,300
2026-03-15 05:20:00+00:00,2026-03-15 05:24:59.999000+00:00,0.92540867,0.92628833,0.92447383,0.92616867,300
2026-03-15 05:25:00+00:00,2026-03-15 05:29:59.999000+00:00,0.92616867,0.92616867,0.9217,0.9226,300
2026-03-15 05:30:00+00:00,2026-03-15 05:34:59.999000+00:00,0.9226,0.92408118,0.92238933,0.92349575,300
2026-03-15 05:35:00+00:00,2026-03-15 05:39:59.999000+00:00,0.92347325,0.9252,0.9224,0.9252,300
2026-03-15 05:40:00+00:00,2026-03-15 05:44:59.999000+00:00,0.9253,0.926238,0.924238,0.9248,300
2026-03-15 05:45:00+00:00,2026-03-15 05:49:59.999000+00:00,0.9248,0.9257,0.9235,0.92361983,300
2026-03-15 05:50:00+00:00,2026-03-15 05:54:59.999000+00:00,0.92348567,0.92414108,0.9229,0.92340108,300
2026-03-15 05:55:00+00:00,2026-03-15 05:59:59.999000+00:00,0.92340108,0.9239,0.9227,0.9227,300
2026-03-15 06:00:00+00:00,2026-03-15 06:04:59.999000+00:00,0.9227,0.92346383,0.9218,0.92278975,300
2026-03-15 06:05:00+00:00,2026-03-15 06:09:59.999000+00:00,0.922665,0.922665,0.92140758,0.9215,300
2026-03-15 06:10:00+00:00,2026-03-15 06:14:59.999000+00:00,0.9215,0.92164842,0.9192,0.9202,300
2026-03-15 06:15:00+00:00,2026-03-15 06:19:59.999000+00:00,0.9202,0.9206,0.9191,0.91950167,300
2026-03-15 06:20:00+00:00,2026-03-15 06:24:59.999000+00:00,0.91950167,0.92069208,0.9192,0.9197,300
2026-03-15 06:25:00+00:00,2026-03-15 06:29:59.999000+00:00,0.9197,0.92060667,0.9175,0.9184,300
2026-03-15 06:30:00+00:00,2026-03-15 06:34:59.999000+00:00,0.9184,0.9184,0.91583617,0.9179,300
2026-03-15 06:35:00+00:00,2026-03-15 06:39:59.999000+00:00,0.91829442,0.9185,0.9176,0.9177,300
2026-03-15 06:40:00+00:00,2026-03-15 06:44:59.999000+00:00,0.9177,0.91937542,0.9171381,0.91937542,300
2026-03-15 06:45:00+00:00,2026-03-15 06:49:59.999000+00:00,0.91937542,0.92096583,0.919048,0.92048483,300
2026-03-15 06:50:00+00:00,2026-03-15 06:54:59.999000+00:00,0.92048483,0.92118283,0.91984417,0.921,300
2026-03-15 06:55:00+00:00,2026-03-15 06:59:59.999000+00:00,0.921,0.9213,0.92023975,0.9204,300
2026-03-15 07:00:00+00:00,2026-03-15 07:04:59.999000+00:00,0.9204,0.9219,0.92,0.9219,300
2026-03-15 07:05:00+00:00,2026-03-15 07:09:59.999000+00:00,0.92188392,0.92209367,0.92014167,0.92047158,300
2026-03-15 07:10:00+00:00,2026-03-15 07:14:59.999000+00:00,0.92047158,0.92368175,0.9202615,0.92240942,300
2026-03-15 07:15:00+00:00,2026-03-15 07:19:59.999000+00:00,0.92240942,0.9235375,0.9223,0.9232,300
2026-03-15 07:20:00+00:00,2026-03-15 07:24:59.999000+00:00,0.9233,0.92376425,0.92270558,0.923,300
2026-03-15 07:25:00+00:00,2026-03-15 07:29:59.999000+00:00,0.923,0.9231,0.922043,0.922043,300
2026-03-15 07:30:00+00:00,2026-03-15 07:34:59.999000+00:00,0.922043,0.9224,0.9209,0.9224,300
2026-03-15 07:35:00+00:00,2026-03-15 07:39:59.999000+00:00,0.9224,0.92288483,0.92149658,0.92158792,300
2026-03-15 07:40:00+00:00,2026-03-15 07:44:59.999000+00:00,0.92158042,0.9221,0.921509,0.92162875,300
2026-03-15 07:45:00+00:00,2026-03-15 07:49:59.999000+00:00,0.92162875,0.92447667,0.92105292,0.9239,300
2026-03-15 07:50:00+00:00,2026-03-15 07:54:59.999000+00:00,0.9239,0.9266,0.9234,0.92610892,300
2026-03-15 07:55:00+00:00,2026-03-15 07:59:59.999000+00:00,0.92610892,0.92647658,0.92545658,0.9259,300
2026-03-15 08:00:00+00:00,2026-03-15 08:04:59.999000+00:00,0.9259,0.92783942,0.9259,0.92690183,300
2026-03-15 08:05:00+00:00,2026-03-15 08:09:59.999000+00:00,0.92674058,0.927875,0.92635533,0.92635533,300
2026-03-15 08:10:00+00:00,2026-03-15 08:14:59.999000+00:00,0.92635533,0.92635533,0.9244,0.92535117,300
2026-03-15 08:15:00+00:00,2026-03-15 08:19:59.999000+00:00,0.92535117,0.9257,0.9246,0.9256,300
2026-03-15 08:20:00+00:00,2026-03-15 08:24:59.999000+00:00,0.9256,0.92599632,0.92449083,0.92581833,300
2026-03-15 08:25:00+00:00,2026-03-15 08:29:59.999000+00:00,0.92631833,0.92637333,0.9242,0.9243,300
2026-03-15 08:30:00+00:00,2026-03-15 08:34:59.999000+00:00,0.9243,0.9243,0.92393275,0.924,300
2026-03-15 08:35:00+00:00,2026-03-15 08:39:59.999000+00:00,0.924,0.92490792,0.9234,0.92433342,300
2026-03-15 08:40:00+00:00,2026-03-15 08:44:59.999000+00:00,0.92433342,0.9246,0.923547,0.9239,300
2026-03-15 08:45:00+00:00,2026-03-15 08:49:59.999000+00:00,0.9239,0.92593933,0.9239,0.92430475,300
2026-03-15 08:50:00+00:00,2026-03-15 08:54:59.999000+00:00,0.92430475,0.92441058,0.92359667,0.92413158,300
2026-03-15 08:55:00+00:00,2026-03-15 08:59:59.999000+00:00,0.92401008,0.9250655,0.92397667,0.92504367,300
2026-03-15 09:00:00+00:00,2026-03-15 09:04:59.999000+00:00,0.92504367,0.9268,0.92430233,0.9259,300
2026-03-15 09:05:00+00:00,2026-03-15 09:09:59.999000+00:00,0.9259,0.9278,0.9259,0.9275,300
2026-03-15 09:10:00+00:00,2026-03-15 09:14:59.999000+00:00,0.9274,0.9274,0.92433758,0.92434558,300
2026-03-15 09:15:00+00:00,2026-03-15 09:19:59.999000+00:00,0.92435308,0.926207,0.92400883,0.92555567,300
2026-03-15 09:20:00+00:00,2026-03-15 09:24:59.999000+00:00,0.92555567,0.9264,0.9245,0.92639533,300
2026-03-15 09:25:00+00:00,2026-03-15 09:29:59.999000+00:00,0.92639533,0.92643283,0.9243,0.92441642,300
2026-03-15 09:30:00+00:00,2026-03-15 09:34:59.999000+00:00,0.92441642,0.92613967,0.924354,0.9256,300
2026-03-15 09:35:00+00:00,2026-03-15 09:39:59.999000+00:00,0.9256,0.9256,0.9235,0.92471933,300
2026-03-15 09:40:00+00:00,2026-03-15 09:44:59.999000+00:00,0.92471933,0.92507353,0.9226,0.9231,300
2026-03-15 09:45:00+00:00,2026-03-15 09:49:59.999000+00:00,0.9231,0.9238,0.9213,0.92166317,300
2026-03-15 09:50:00+00:00,2026-03-15 09:54:59.999000+00:00,0.92166317,0.92346458,0.9215,0.9226,300
2026-03-15 09:55:00+00:00,2026-03-15 09:59:59.999000+00:00,0.9227,0.9227,0.9211,0.92192242,300
2026-03-15 10:00:00+00:00,2026-03-15 10:04:59.999000+00:00,0.92192242,0.92219783,0.9206605,0.9207,300
2026-03-15 10:05:00+00:00,2026-03-15 10:09:59.999000+00:00,0.9207,0.9225,0.9207,0.9223,300
2026-03-15 10:10:00+00:00,2026-03-15 10:14:59.999000+00:00,0.9224,0.9248445,0.9222,0.9246,300
2026-03-15 10:15:00+00:00,2026-03-15 10:19:59.999000+00:00,0.9246,0.9269,0.92439617,0.92653692,300
2026-03-15 10:20:00+00:00,2026-03-15 10:24:59.999000+00:00,0.92651526,0.92762375,0.9251,0.9252795,300
2026-03-15 10:25:00+00:00,2026-03-15 10:29:59.999000+00:00,0.9252795,0.9253,0.92475,0.92523333,300
2026-03-15 10:30:00+00:00,2026-03-15 10:34:59.999000+00:00,0.92523333,0.92523333,0.9238,0.92419267,300
2026-03-15 10:35:00+00:00,2026-03-15 10:39:59.999000+00:00,0.92419267,0.92575833,0.9239,0.9256365,300
2026-03-15 10:40:00+00:00,2026-03-15 10:44:59.999000+00:00,0.9256365,0.925659,0.92423283,0.9252,300
2026-03-15 10:45:00+00:00,2026-03-15 10:49:59.999000+00:00,0.9252,0.92585258,0.9249,0.92553967,300
2026-03-15 10:50:00+00:00,2026-03-15 10:54:59.999000+00:00,0.92553967,0.9269225,0.9254795,0.9269225,300
2026-03-15 10:55:00+00:00,2026-03-15 10:59:59.999000+00:00,0.9269225,0.92832017,0.9260045,0.92638117,300
2026-03-15 11:00:00+00:00,2026-03-15 11:04:59.999000+00:00,0.92638117,0.92765933,0.92553517,0.9265,300
2026-03-15 11:05:00+00:00,2026-03-15 11:09:59.999000+00:00,0.9265,0.9273,0.926,0.92644833,300
2026-03-15 11:10:00+00:00,2026-03-15 11:14:59.999000+00:00,0.92644833,0.92672417,0.92535333,0.9257,300
2026-03-15 11:15:00+00:00,2026-03-15 11:19:59.999000+00:00,0.9257,0.926422,0.9251,0.92540275,300
2026-03-15 11:20:00+00:00,2026-03-15 11:24:59.999000+00:00,0.92540275,0.9271,0.92540275,0.9262,300
2026-03-15 11:25:00+00:00,2026-03-15 11:29:59.999000+00:00,0.9263,0.92672083,0.9257,0.92651008,300
2026-03-15 11:30:00+00:00,2026-03-15 11:34:59.999000+00:00,0.92651008,0.9283656,0.9264,0.927657,300
2026-03-15 11:35:00+00:00,2026-03-15 11:39:59.999000+00:00,0.927657,0.92813075,0.9273,0.9277331,300
2026-03-15 11:40:00+00:00,2026-03-15 11:44:59.999000+00:00,0.9276485,0.92922392,0.92727,0.92876042,300
2026-03-15 11:45:00+00:00,2026-03-15 11:49:59.999000+00:00,0.92876042,0.92979967,0.9283,0.9289,300
2026-03-15 11:50:00+00:00,2026-03-15 11:54:59.999000+00:00,0.9289,0.93074917,0.9287,0.9294105,300
2026-03-15 11:55:00+00:00,2026-03-15 11:59:59.999000+00:00,0.9294105,0.9294105,0.92704483,0.9275,300
2026-03-15 12:00:00+00:00,2026-03-15 12:04:59.999000+00:00,0.9276,0.92818833,0.9269,0.9275,300
2026-03-15 12:05:00+00:00,2026-03-15 12:09:59.999000+00:00,0.9275,0.9286,0.92639625,0.92820125,300
2026-03-15 12:10:00+00:00,2026-03-15 12:14:59.999000+00:00,0.92827625,0.9287,0.92685667,0.92685667,300
2026-03-15 12:15:00+00:00,2026-03-15 12:19:59.999000+00:00,0.92685667,0.9286,0.92685667,0.92810025,300
2026-03-15 12:20:00+00:00,2026-03-15 12:24:59.999000+00:00,0.92810025,0.92907775,0.9276,0.9288,300
2026-03-15 12:25:00+00:00,2026-03-15 12:29:59.999000+00:00,0.9288,0.93225308,0.9288,0.9305,300
2026-03-15 12:30:00+00:00,2026-03-15 12:34:59.999000+00:00,0.9305,0.9326,0.92959442,0.932415,300
2026-03-15 12:35:00+00:00,2026-03-15 12:39:59.999000+00:00,0.932405,0.9333785,0.9321,0.93308583,300
2026-03-15 12:40:00+00:00,2026-03-15 12:44:59.999000+00:00,0.93308583,0.93395608,0.9316,0.93296167,300
2026-03-15 12:45:00+00:00,2026-03-15 12:49:59.999000+00:00,0.93284867,0.934,0.93029625,0.93030058,300
2026-03-15 12:50:00+00:00,2026-03-15 12:54:59.999000+00:00,0.93030058,0.9304,0.9292,0.9294,300
2026-03-15 12:55:00+00:00,2026-03-15 12:59:59.999000+00:00,0.9294,0.9301,0.92861583,0.9293,300
2026-03-15 13:00:00+00:00,2026-03-15 13:04:59.999000+00:00,0.9293,0.9299,0.9284,0.92856,300
2026-03-15 13:05:00+00:00,2026-03-15 13:09:59.999000+00:00,0.928515,0.928515,0.9212,0.9212,300
2026-03-15 13:10:00+00:00,2026-03-15 13:14:59.999000+00:00,0.9214,0.9214,0.91712208,0.92043183,300
2026-03-15 13:15:00+00:00,2026-03-15 13:19:59.999000+00:00,0.92034259,0.9204,0.91657067,0.91891537,300
2026-03-15 13:20:00+00:00,2026-03-15 13:24:59.999000+00:00,0.91891538,0.92047942,0.9181,0.9199,300
2026-03-15 13:25:00+00:00,2026-03-15 13:29:59.999000+00:00,0.9199,0.9219,0.9192,0.9208,300
2026-03-15 13:30:00+00:00,2026-03-15 13:34:59.999000+00:00,0.9207,0.92209325,0.9188,0.9195,300
2026-03-15 13:35:00+00:00,2026-03-15 13:39:59.999000+00:00,0.9195,0.9208,0.9168,0.91703042,300
2026-03-15 13:40:00+00:00,2026-03-15 13:44:59.999000+00:00,0.91699475,0.919,0.9159,0.9189,300
2026-03-15 13:45:00+00:00,2026-03-15 13:49:59.999000+00:00,0.91925991,0.9195,0.9177,0.9177,300
2026-03-15 13:50:00+00:00,2026-03-15 13:54:59.999000+00:00,0.9175,0.91995733,0.91730625,0.919293,300
2026-03-15 13:55:00+00:00,2026-03-15 13:59:59.999000+00:00,0.919293,0.9211,0.9185,0.92104883,300
2026-03-15 14:00:00+00:00,2026-03-15 14:04:59.999000+00:00,0.92107133,0.92254567,0.92052583,0.9225,300
2026-03-15 14:05:00+00:00,2026-03-15 14:09:59.999000+00:00,0.9225,0.92493492,0.92238217,0.92470933,300
2026-03-15 14:10:00+00:00,2026-03-15 14:14:59.999000+00:00,0.92470933,0.92470933,0.92245158,0.92435267,300
2026-03-15 14:15:00+00:00,2026-03-15 14:19:59.999000+00:00,0.9244,0.9244,0.92219342,0.92219342,300
2026-03-15 14:20:00+00:00,2026-03-15 14:24:59.999000+00:00,0.92219342,0.9235,0.9211,0.9211,300
2026-03-15 14:25:00+00:00,2026-03-15 14:29:59.999000+00:00,0.9211,0.9219795,0.9205,0.92126733,300
2026-03-15 14:30:00+00:00,2026-03-15 14:34:59.999000+00:00,0.92126733,0.9222,0.92020183,0.9219,300
2026-03-15 14:35:00+00:00,2026-03-15 14:39:59.999000+00:00,0.9219,0.9222,0.918,0.91901417,300
2026-03-15 14:40:00+00:00,2026-03-15 14:44:59.999000+00:00,0.91895217,0.9202815,0.9176,0.92013283,300
2026-03-15 14:45:00+00:00,2026-03-15 14:49:59.999000+00:00,0.92013283,0.9211,0.9189,0.92063642,300
2026-03-15 14:50:00+00:00,2026-03-15 14:54:59.999000+00:00,0.92063642,0.92149442,0.9205,0.9206,300
2026-03-15 14:55:00+00:00,2026-03-15 14:59:59.999000+00:00,0.9206,0.92201558,0.9202,0.9217,300
2026-03-15 15:00:00+00:00,2026-03-15 15:04:59.999000+00:00,0.9217,0.9227,0.921,0.92180625,300
2026-03-15 15:05:00+00:00,2026-03-15 15:09:59.999000+00:00,0.92180625,0.9227,0.9209,0.92101092,300
2026-03-15 15:10:00+00:00,2026-03-15 15:14:59.999000+00:00,0.92101092,0.92144325,0.91941308,0.9195,300
2026-03-15 15:15:00+00:00,2026-03-15 15:19:59.999000+00:00,0.9195,0.9204905,0.918488,0.920316,300
2026-03-15 15:20:00+00:00,2026-03-15 15:24:59.999000+00:00,0.920316,0.920316,0.91846933,0.9199,300
2026-03-15 15:25:00+00:00,2026-03-15 15:29:59.999000+00:00,0.9199,0.92041558,0.9174,0.9178,300
2026-03-15 15:30:00+00:00,2026-03-15 15:34:59.999000+00:00,0.9178,0.91937392,0.91714892,0.9184,300
2026-03-15 15:35:00+00:00,2026-03-15 15:39:59.999000+00:00,0.9184,0.9191,0.918,0.91845567,300
2026-03-15 15:40:00+00:00,2026-03-15 15:44:59.999000+00:00,0.91845708,0.91947172,0.9181,0.9189,300
2026-03-15 15:45:00+00:00,2026-03-15 15:49:59.999000+00:00,0.9189,0.92,0.918715,0.91984033,300
2026-03-15 15:50:00+00:00,2026-03-15 15:54:59.999000+00:00,0.91984033,0.91984033,0.91911917,0.9192485,300
2026-03-15 15:55:00+00:00,2026-03-15 15:59:59.999000+00:00,0.9192485,0.9199,0.9181,0.91920317,300
2026-03-15 16:00:00+00:00,2026-03-15 16:04:59.999000+00:00,0.91920317,0.9221,0.9182,0.9207,300
2026-03-15 16:05:00+00:00,2026-03-15 16:09:59.999000+00:00,0.9207,0.92259783,0.9207,0.92236042,300
2026-03-15 16:10:00+00:00,2026-03-15 16:14:59.999000+00:00,0.92236042,0.9241,0.92216567,0.9241,300
2026-03-15 16:15:00+00:00,2026-03-15 16:19:59.999000+00:00,0.9241,0.92412233,0.9182715,0.9209,300
2026-03-15 16:20:00+00:00,2026-03-15 16:24:59.999000+00:00,0.9209,0.9216,0.92008108,0.921127,300
2026-03-15 16:25:00+00:00,2026-03-15 16:29:59.999000+00:00,0.921127,0.92244767,0.92025667,0.92244767,300
2026-03-15 16:30:00+00:00,2026-03-15 16:34:59.999000+00:00,0.92244767,0.92250017,0.91931275,0.92047833,300
2026-03-15 16:35:00+00:00,2026-03-15 16:39:59.999000+00:00,0.92041125,0.92312742,0.92029333,0.922865,300
2026-03-15 16:40:00+00:00,2026-03-15 16:44:59.999000+00:00,0.922865,0.9237,0.921,0.9211,300
2026-03-15 16:45:00+00:00,2026-03-15 16:49:59.999000+00:00,0.9211,0.9218,0.92086542,0.9210815,300
2026-03-15 16:50:00+00:00,2026-03-15 16:54:59.999000+00:00,0.9210665,0.9210665,0.91862533,0.9206,300
2026-03-15 16:55:00+00:00,2026-03-15 16:59:59.999000+00:00,0.9206,0.9208,0.9195,0.92,300
2026-03-15 17:00:00+00:00,2026-03-15 17:04:59.999000+00:00,0.92,0.92342917,0.91951784,0.92266675,300
2026-03-15 17:05:00+00:00,2026-03-15 17:09:59.999000+00:00,0.92266675,0.9247,0.92260991,0.9247,300
2026-03-15 17:10:00+00:00,2026-03-15 17:14:59.999000+00:00,0.92463467,0.92530817,0.9244,0.9248,300
2026-03-15 17:15:00+00:00,2026-03-15 17:19:59.999000+00:00,0.9248,0.92577734,0.92412517,0.92547642,300
2026-03-15 17:20:00+00:00,2026-03-15 17:24:59.999000+00:00,0.92549142,0.9261,0.9246,0.9251,300
2026-03-15 17:25:00+00:00,2026-03-15 17:29:59.999000+00:00,0.9251,0.9251,0.92380367,0.92383158,300
2026-03-15 17:30:00+00:00,2026-03-15 17:34:59.999000+00:00,0.92381675,0.92501158,0.9236,0.9236025,300
2026-03-15 17:35:00+00:00,2026-03-15 17:39:59.999000+00:00,0.9236025,0.92445275,0.9223,0.9223,300
2026-03-15 17:40:00+00:00,2026-03-15 17:44:59.999000+00:00,0.9223,0.9234,0.9223,0.92298733,300
2026-03-15 17:45:00+00:00,2026-03-15 17:49:59.999000+00:00,0.92298733,0.92365887,0.92231414,0.92365887,300
2026-03-15 17:50:00+00:00,2026-03-15 17:54:59.999000+00:00,0.92367388,0.92989225,0.9225,0.9293,300
2026-03-15 17:55:00+00:00,2026-03-15 17:59:59.999000+00:00,0.92931633,0.92931633,0.9259,0.92646542,300
2026-03-15 18:00:00+00:00,2026-03-15 18:04:59.999000+00:00,0.92646542,0.92762375,0.92620008,0.92660758,300
2026-03-15 18:05:00+00:00,2026-03-15 18:09:59.999000+00:00,0.92660758,0.9276,0.9258,0.927219,300
2026-03-15 18:10:00+00:00,2026-03-15 18:14:59.999000+00:00,0.92713017,0.9298,0.92713017,0.92809325,300
2026-03-15 18:15:00+00:00,2026-03-15 18:19:59.999000+00:00,0.92809325,0.92837917,0.9263,0.9263,300
2026-03-15 18:20:00+00:00,2026-03-15 18:24:59.999000+00:00,0.9263,0.9263,0.92460917,0.92465567,300
2026-03-15 18:25:00+00:00,2026-03-15 18:29:59.999000+00:00,0.92465567,0.9254,0.92446725,0.92489137,300
2026-03-15 18:30:00+00:00,2026-03-15 18:34:59.999000+00:00,0.92489138,0.926279,0.92489138,0.9254,300
2026-03-15 18:35:00+00:00,2026-03-15 18:39:59.999000+00:00,0.9254,0.92679182,0.9252,0.9258,300
2026-03-15 18:40:00+00:00,2026-03-15 18:44:59.999000+00:00,0.9258,0.9267647,0.92574492,0.92664667,300
2026-03-15 18:45:00+00:00,2026-03-15 18:49:59.999000+00:00,0.92664667,0.92664667,0.9206,0.9217,300
2026-03-15 18:50:00+00:00,2026-03-15 18:54:59.999000+00:00,0.9218,0.9221,0.92030375,0.9208,300
2026-03-15 18:55:00+00:00,2026-03-15 18:59:59.999000+00:00,0.9208,0.9209,0.91964675,0.9208,300
2026-03-15 19:00:00+00:00,2026-03-15 19:04:59.999000+00:00,0.9208,0.92147017,0.9203475,0.9214,300
2026-03-15 19:05:00+00:00,2026-03-15 19:09:59.999000+00:00,0.9215,0.9215,0.9201,0.9204165,300
2026-03-15 19:10:00+00:00,2026-03-15 19:14:59.999000+00:00,0.9204165,0.92337151,0.91933092,0.92337151,300
2026-03-15 19:15:00+00:00,2026-03-15 19:19:59.999000+00:00,0.92337151,0.92370667,0.92150208,0.92268631,300
2026-03-15 19:20:00+00:00,2026-03-15 19:24:59.999000+00:00,0.92268632,0.923669,0.92231008,0.9236,300
2026-03-15 19:25:00+00:00,2026-03-15 19:29:59.999000+00:00,0.9236,0.9255221,0.92337767,0.92497792,300
2026-03-15 19:30:00+00:00,2026-03-15 19:34:59.999000+00:00,0.92494802,0.92609083,0.9247,0.92602775,300
2026-03-15 19:35:00+00:00,2026-03-15 19:39:59.999000+00:00,0.92602775,0.92610757,0.9239,0.92470567,300
2026-03-15 19:40:00+00:00,2026-03-15 19:44:59.999000+00:00,0.92470567,0.92580842,0.92470567,0.9254195,300
2026-03-15 19:45:00+00:00,2026-03-15 19:49:59.999000+00:00,0.92536767,0.92590183,0.92484658,0.92576974,300
2026-03-15 19:50:00+00:00,2026-03-15 19:54:59.999000+00:00,0.92576974,0.92576974,0.92262,0.92446108,300
2026-03-15 19:55:00+00:00,2026-03-15 19:59:59.999000+00:00,0.92446108,0.9264,0.9238,0.924948,300
2026-03-15 20:00:00+00:00,2026-03-15 20:04:59.999000+00:00,0.9249,0.92557567,0.9242,0.9253,300
2026-03-15 20:05:00+00:00,2026-03-15 20:09:59.999000+00:00,0.9254,0.9265,0.92479333,0.9263,300
2026-03-15 20:10:00+00:00,2026-03-15 20:14:59.999000+00:00,0.9263,0.9263,0.92395833,0.9244,300
2026-03-15 20:15:00+00:00,2026-03-15 20:19:59.999000+00:00,0.9244,0.9249,0.9233,0.92374542,300
2026-03-15 20:20:00+00:00,2026-03-15 20:24:59.999000+00:00,0.92368267,0.924,0.923048,0.92339342,300
2026-03-15 20:25:00+00:00,2026-03-15 20:29:59.999000+00:00,0.92339342,0.92339342,0.9219,0.9223,300
2026-03-15 20:30:00+00:00,2026-03-15 20:34:59.999000+00:00,0.9223,0.92853957,0.92219358,0.9262,300
2026-03-15 20:35:00+00:00,2026-03-15 20:39:59.999000+00:00,0.9262,0.93018567,0.9262,0.92940433,300
2026-03-15 20:40:00+00:00,2026-03-15 20:44:59.999000+00:00,0.92940433,0.92940433,0.9259,0.92642851,300
2026-03-15 20:45:00+00:00,2026-03-15 20:49:59.999000+00:00,0.92642852,0.9271,0.92526608,0.9262,300
2026-03-15 20:50:00+00:00,2026-03-15 20:54:59.999000+00:00,0.9262,0.92671607,0.92562825,0.9258,300
2026-03-15 20:55:00+00:00,2026-03-15 20:59:59.999000+00:00,0.9258,0.9265,0.92510642,0.9255,300
2026-03-15 21:00:00+00:00,2026-03-15 21:04:59.999000+00:00,0.9255,0.9261,0.92481383,0.92481383,300
2026-03-15 21:05:00+00:00,2026-03-15 21:09:59.999000+00:00,0.92482133,0.92482133,0.9234,0.92420167,300
2026-03-15 21:10:00+00:00,2026-03-15 21:14:59.999000+00:00,0.92420167,0.92432983,0.9229,0.9236,300
2026-03-15 21:15:00+00:00,2026-03-15 21:19:59.999000+00:00,0.9235975,0.92489983,0.9235975,0.9244,300
2026-03-15 21:20:00+00:00,2026-03-15 21:24:59.999000+00:00,0.9246,0.92626917,0.9244,0.9256,300
2026-03-15 21:25:00+00:00,2026-03-15 21:29:59.999000+00:00,0.9256,0.92831325,0.92550333,0.9265,300
2026-03-15 21:30:00+00:00,2026-03-15 21:34:59.999000+00:00,0.9265,0.92865383,0.92598075,0.92824475,300
2026-03-15 21:35:00+00:00,2026-03-15 21:39:59.999000+00:00,0.92821475,0.93216533,0.92754767,0.93173208,300
2026-03-15 21:40:00+00:00,2026-03-15 21:44:59.999000+00:00,0.93173208,0.9326,0.930703,0.9321,300
2026-03-15 21:45:00+00:00,2026-03-15 21:49:59.999000+00:00,0.9321,0.9327,0.9307925,0.9315,300
2026-03-15 21:50:00+00:00,2026-03-15 21:54:59.999000+00:00,0.9315,0.9315,0.93003475,0.9313,300
2026-03-15 21:55:00+00:00,2026-03-15 21:59:59.999000+00:00,0.9313,0.93211442,0.93046183,0.9312,300
2026-03-15 22:00:00+00:00,2026-03-15 22:04:59.999000+00:00,0.9313,0.93573517,0.92974408,0.93506825,300
2026-03-15 22:05:00+00:00,2026-03-15 22:09:59.999000+00:00,0.93506825,0.93506825,0.92940342,0.9297,300
2026-03-15 22:10:00+00:00,2026-03-15 22:14:59.999000+00:00,0.9297,0.92995083,0.92676433,0.9272,300
2026-03-15 22:15:00+00:00,2026-03-15 22:19:59.999000+00:00,0.9272,0.9272,0.92367683,0.92462192,300
2026-03-15 22:20:00+00:00,2026-03-15 22:24:59.999000+00:00,0.92467442,0.92578638,0.9241,0.9241145,300
2026-03-15 22:25:00+00:00,2026-03-15 22:29:59.999000+00:00,0.924,0.9265,0.924,0.9262,300
2026-03-15 22:30:00+00:00,2026-03-15 22:34:59.999000+00:00,0.9262,0.9339,0.9259,0.9308,300
2026-03-15 22:35:00+00:00,2026-03-15 22:39:59.999000+00:00,0.9307,0.933,0.9297,0.9319,300
2026-03-15 22:40:00+00:00,2026-03-15 22:44:59.999000+00:00,0.9317855,0.935488,0.9317855,0.933,300
2026-03-15 22:45:00+00:00,2026-03-15 22:49:59.999000+00:00,0.933,0.936607,0.933,0.934,300
2026-03-15 22:50:00+00:00,2026-03-15 22:54:59.999000+00:00,0.93386275,0.9387,0.93386275,0.9352,300
2026-03-15 22:55:00+00:00,2026-03-15 22:59:59.999000+00:00,0.9352,0.93683257,0.93466567,0.9356,300
2026-03-15 23:00:00+00:00,2026-03-15 23:04:59.999000+00:00,0.9356,0.93787117,0.93536792,0.93613642,300
2026-03-15 23:05:00+00:00,2026-03-15 23:09:59.999000+00:00,0.93613642,0.9371565,0.93478717,0.9354,300
2026-03-15 23:10:00+00:00,2026-03-15 23:14:59.999000+00:00,0.9354,0.9364,0.93389458,0.93496485,300
2026-03-15 23:15:00+00:00,2026-03-15 23:19:59.999000+00:00,0.93496486,0.9365,0.93115067,0.9317,300
2026-03-15 23:20:00+00:00,2026-03-15 23:24:59.999000+00:00,0.931716,0.93201468,0.9265,0.9276,300
2026-03-15 23:25:00+00:00,2026-03-15 23:29:59.999000+00:00,0.9276,0.92894333,0.9271,0.92728417,300
2026-03-15 23:30:00+00:00,2026-03-15 23:34:59.999000+00:00,0.92728417,0.92816639,0.925215,0.92816639,300
2026-03-15 23:35:00+00:00,2026-03-15 23:39:59.999000+00:00,0.92816639,0.9302,0.92800233,0.92880692,300
2026-03-15 23:40:00+00:00,2026-03-15 23:44:59.999000+00:00,0.92880692,0.93107205,0.9283,0.9297,300
2026-03-15 23:45:00+00:00,2026-03-15 23:49:59.999000+00:00,0.9297,0.93209303,0.9297,0.93209303,300
2026-03-15 23:50:00+00:00,2026-03-15 23:54:59.999000+00:00,0.9321,0.93351733,0.9303,0.93336842,300
2026-03-15 23:55:00+00:00,2026-03-15 23:59:59.999000+00:00,0.93336842,0.93530375,0.9332,0.9343,300
2026-03-16 00:00:00+00:00,2026-03-16 00:04:59.999000+00:00,0.9343,0.93812319,0.93401275,0.93690758,300
2026-03-16 00:05:00+00:00,2026-03-16 00:09:59.999000+00:00,0.93640758,0.93808433,0.93513308,0.93732342,300
2026-03-16 00:10:00+00:00,2026-03-16 00:14:59.999000+00:00,0.93732342,0.9374,0.93353658,0.93386908,300
2026-03-16 00:15:00+00:00,2026-03-16 00:19:59.999000+00:00,0.93386908,0.9347,0.9297,0.9303,300
2026-03-16 00:20:00+00:00,2026-03-16 00:24:59.999000+00:00,0.9303,0.93149508,0.9296,0.9299,300
2026-03-16 00:25:00+00:00,2026-03-16 00:29:59.999000+00:00,0.9299,0.93114283,0.92856558,0.9291,300
2026-03-16 00:30:00+00:00,2026-03-16 00:34:59.999000+00:00,0.9291,0.93032925,0.9287915,0.9297,300
2026-03-16 00:35:00+00:00,2026-03-16 00:39:59.999000+00:00,0.93009146,0.93136208,0.9298,0.93007525,300
2026-03-16 00:40:00+00:00,2026-03-16 00:44:59.999000+00:00,0.93007525,0.93135275,0.9289,0.9306,300
2026-03-16 00:45:00+00:00,2026-03-16 00:49:59.999000+00:00,0.9306,0.93343992,0.93045,0.933155,300
2026-03-16 00:50:00+00:00,2026-03-16 00:54:59.999000+00:00,0.933155,0.9338,0.9321,0.9334512,300
2026-03-16 00:55:00+00:00,2026-03-16 00:59:59.999000+00:00,0.93367333,0.93617442,0.93310353,0.933814,300
2026-03-16 01:00:00+00:00,2026-03-16 01:04:59.999000+00:00,0.933814,0.93408075,0.93048758,0.93048758,300
2026-03-16 01:05:00+00:00,2026-03-16 01:09:59.999000+00:00,0.93048758,0.9308,0.9296,0.93057742,300
2026-03-16 01:10:00+00:00,2026-03-16 01:14:59.999000+00:00,0.93057742,0.9307,0.9277,0.92785833,300
2026-03-16 01:15:00+00:00,2026-03-16 01:19:59.999000+00:00,0.92785833,0.93202117,0.92785833,0.93201517,300
2026-03-16 01:20:00+00:00,2026-03-16 01:24:59.999000+00:00,0.93201517,0.9367,0.93201517,0.9351,300
2026-03-16 01:25:00+00:00,2026-03-16 01:29:59.999000+00:00,0.9352,0.93630967,0.9337,0.935881,300
2026-03-16 01:30:00+00:00,2026-03-16 01:34:59.999000+00:00,0.935911,0.935911,0.9318,0.93414775,300
2026-03-16 01:35:00+00:00,2026-03-16 01:39:59.999000+00:00,0.93414775,0.93585117,0.93401458,0.9348,300
2026-03-16 01:40:00+00:00,2026-03-16 01:44:59.999000+00:00,0.9349,0.93669775,0.9342,0.93526358,300
2026-03-16 01:45:00+00:00,2026-03-16 01:49:59.999000+00:00,0.93526358,0.93709077,0.9349,0.9368,300
2026-03-16 01:50:00+00:00,2026-03-16 01:54:59.999000+00:00,0.9369,0.9393,0.9369,0.93914958,300
2026-03-16 01:55:00+00:00,2026-03-16 01:59:59.999000+00:00,0.93916458,0.93916458,0.9365,0.9365,300
2026-03-16 02:00:00+00:00,2026-03-16 02:04:59.999000+00:00,0.9365,0.9388,0.9354,0.938581,300
2026-03-16 02:05:00+00:00,2026-03-16 02:09:59.999000+00:00,0.938581,0.938581,0.93717675,0.9378,300
2026-03-16 02:10:00+00:00,2026-03-16 02:14:59.999000+00:00,0.9378,0.9378,0.9355,0.9359,300
2026-03-16 02:15:00+00:00,2026-03-16 02:19:59.999000+00:00,0.93615436,0.93741442,0.93317792,0.93317792,300
2026-03-16 02:20:00+00:00,2026-03-16 02:24:59.999000+00:00,0.93317792,0.93317792,0.93179783,0.9325,300
2026-03-16 02:25:00+00:00,2026-03-16 02:29:59.999000+00:00,0.9326,0.9327,0.93,0.9306,300
2026-03-16 02:30:00+00:00,2026-03-16 02:34:59.999000+00:00,0.9306,0.93224179,0.9294,0.9306,300
2026-03-16 02:35:00+00:00,2026-03-16 02:39:59.999000+00:00,0.9306,0.93355783,0.9306,0.9324,300
2026-03-16 02:40:00+00:00,2026-03-16 02:44:59.999000+00:00,0.9324,0.9330823,0.9323,0.93273425,300
2026-03-16 02:45:00+00:00,2026-03-16 02:49:59.999000+00:00,0.93273425,0.9335,0.93205052,0.9325,300
2026-03-16 02:50:00+00:00,2026-03-16 02:54:59.999000+00:00,0.9324,0.93499859,0.9324,0.93432908,300
2026-03-16 02:55:00+00:00,2026-03-16 02:59:59.999000+00:00,0.93432908,0.93623233,0.93429825,0.93497067,300
2026-03-16 03:00:00+00:00,2026-03-16 03:04:59.999000+00:00,0.93497067,0.9364,0.9327,0.9364,300
2026-03-16 03:05:00+00:00,2026-03-16 03:09:59.999000+00:00,0.9364,0.93701683,0.935,0.9367,300
2026-03-16 03:10:00+00:00,2026-03-16 03:14:59.999000+00:00,0.9367,0.93824242,0.93584258,0.936,300
2026-03-16 03:15:00+00:00,2026-03-16 03:19:59.999000+00:00,0.9362,0.93836125,0.9349,0.93803808,300
2026-03-16 03:20:00+00:00,2026-03-16 03:24:59.999000+00:00,0.9381,0.9425,0.9371,0.94213,300
2026-03-16 03:25:00+00:00,2026-03-16 03:29:59.999000+00:00,0.94213,0.9423,0.9393,0.94209875,300
2026-03-16 03:30:00+00:00,2026-03-16 03:34:59.999000+00:00,0.94209875,0.95841008,0.94146308,0.95841008,300
2026-03-16 03:35:00+00:00,2026-03-16 03:39:59.999000+00:00,0.95840258,0.96038875,0.9522,0.9598,300
2026-03-16 03:40:00+00:00,2026-03-16 03:44:59.999000+00:00,0.9597,0.96115007,0.9521,0.9526,300
2026-03-16 03:45:00+00:00,2026-03-16 03:49:59.999000+00:00,0.9527,0.9534,0.949,0.9509,300
2026-03-16 03:50:00+00:00,2026-03-16 03:54:59.999000+00:00,0.9509,0.954,0.9507,0.95339125,300
2026-03-16 03:55:00+00:00,2026-03-16 03:59:59.999000+00:00,0.95337625,0.9535,0.9511,0.95167967,300
2026-03-16 04:00:00+00:00,2026-03-16 04:04:59.999000+00:00,0.95167967,0.95441397,0.95167967,0.9535,300
2026-03-16 04:05:00+00:00,2026-03-16 04:09:59.999000+00:00,0.9535,0.9584,0.95349717,0.95726408,300
2026-03-16 04:10:00+00:00,2026-03-16 04:14:59.999000+00:00,0.95714858,0.95999842,0.957,0.95941192,300
2026-03-16 04:15:00+00:00,2026-03-16 04:19:59.999000+00:00,0.9594,0.9638,0.9593,0.9624,300
2026-03-16 04:20:00+00:00,2026-03-16 04:24:59.999000+00:00,0.9624,0.9624,0.958,0.9592,300
2026-03-16 04:25:00+00:00,2026-03-16 04:29:59.999000+00:00,0.9592,0.9592,0.9559,0.9571,300
2026-03-16 04:30:00+00:00,2026-03-16 04:34:59.999000+00:00,0.95684483,0.9594955,0.9562,0.95661717,300
2026-03-16 04:35:00+00:00,2026-03-16 04:39:59.999000+00:00,0.95661717,0.9593675,0.95557675,0.9590783,300
2026-03-16 04:40:00+00:00,2026-03-16 04:44:59.999000+00:00,0.9590783,0.9604735,0.95771017,0.96016507,300
2026-03-16 04:45:00+00:00,2026-03-16 04:49:59.999000+00:00,0.96012006,0.9659625,0.96003067,0.96553175,300
2026-03-16 04:50:00+00:00,2026-03-16 04:54:59.999000+00:00,0.96553175,0.96907129,0.9641,0.96907129,300
2026-03-16 04:55:00+00:00,2026-03-16 04:59:59.999000+00:00,0.969436,0.970841,0.96639075,0.96734033,300
2026-03-16 05:00:00+00:00,2026-03-16 05:04:59.999000+00:00,0.967362,0.9691,0.9644,0.9657,300
2026-03-16 05:05:00+00:00,2026-03-16 05:09:59.999000+00:00,0.9657,0.9698742,0.9657,0.96943975,300
2026-03-16 05:10:00+00:00,2026-03-16 05:14:59.999000+00:00,0.96943975,0.9715095,0.96827025,0.96956983,300
2026-03-16 05:15:00+00:00,2026-03-16 05:19:59.999000+00:00,0.96956983,0.97224533,0.96793276,0.971563,300
2026-03-16 05:20:00+00:00,2026-03-16 05:24:59.999000+00:00,0.971563,0.9748,0.97092983,0.9746735,300
2026-03-16 05:25:00+00:00,2026-03-16 05:29:59.999000+00:00,0.9746735,0.9755,0.9738,0.9753045,300
2026-03-16 05:30:00+00:00,2026-03-16 05:34:59.999000+00:00,0.9753045,0.97680541,0.97266042,0.97588483,300
2026-03-16 05:35:00+00:00,2026-03-16 05:39:59.999000+00:00,0.97588483,0.97724258,0.9738,0.9756,300
2026-03-16 05:40:00+00:00,2026-03-16 05:44:59.999000+00:00,0.9756,0.98050883,0.975032,0.98050883,300
2026-03-16 05:45:00+00:00,2026-03-16 05:49:59.999000+00:00,0.98050883,0.98258675,0.9783,0.982,300
2026-03-16 05:50:00+00:00,2026-03-16 05:54:59.999000+00:00,0.9821,0.98304867,0.98100883,0.98304867,300
2026-03-16 05:55:00+00:00,2026-03-16 05:59:59.999000+00:00,0.98304867,0.98830474,0.98236708,0.984,300
2026-03-16 06:00:00+00:00,2026-03-16 06:04:59.999000+00:00,0.98436647,0.98661558,0.97918075,0.97920325,300
2026-03-16 06:05:00+00:00,2026-03-16 06:09:59.999000+00:00,0.97920325,0.98028783,0.97689292,0.97766533,300
2026-03-16 06:10:00+00:00,2026-03-16 06:14:59.999000+00:00,0.97766533,0.97817474,0.96635426,0.97391392,300
2026-03-16 06:15:00+00:00,2026-03-16 06:19:59.999000+00:00,0.97398892,0.98305087,0.97382175,0.9825,300
2026-03-16 06:20:00+00:00,2026-03-16 06:24:59.999000+00:00,0.9826,0.9838,0.98013508,0.98202998,300
2026-03-16 06:25:00+00:00,2026-03-16 06:29:59.999000+00:00,0.98202998,0.98202998,0.97792283,0.9796,300
2026-03-16 06:30:00+00:00,2026-03-16 06:34:59.999000+00:00,0.9796,0.98530879,0.979485,0.9816,300
2026-03-16 06:35:00+00:00,2026-03-16 06:39:59.999000+00:00,0.9816,0.98568524,0.9813,0.98522625,300
2026-03-16 06:40:00+00:00,2026-03-16 06:44:59.999000+00:00,0.98522625,0.98971117,0.9836,0.98867017,300
2026-03-16 06:45:00+00:00,2026-03-16 06:49:59.999000+00:00,0.98867017,0.98974142,0.98524308,0.98542967,300
2026-03-16 06:50:00+00:00,2026-03-16 06:54:59.999000+00:00,0.98542967,0.98694281,0.9834,0.9869,300
2026-03-16 06:55:00+00:00,2026-03-16 06:59:59.999000+00:00,0.9869,0.9896,0.98569158,0.98882953,300
2026-03-16 07:00:00+00:00,2026-03-16 07:04:59.999000+00:00,0.9887,0.99414592,0.98832951,0.99154958,300
2026-03-16 07:05:00+00:00,2026-03-16 07:09:59.999000+00:00,0.99140133,0.99860883,0.9912012,0.99697458,300
2026-03-16 07:10:00+00:00,2026-03-16 07:14:59.999000+00:00,0.99697458,0.9988,0.99328408,0.99350276,299
2026-03-16 07:15:00+00:00,2026-03-16 07:19:59.999000+00:00,0.993427,0.9955397,0.99116767,0.9955397,300
2026-03-16 07:20:00+00:00,2026-03-16 07:24:59.999000+00:00,0.9955497,0.99783483,0.9951,0.99706783,300
2026-03-16 07:25:00+00:00,2026-03-16 07:29:59.999000+00:00,0.99706783,1.0005,0.99600333,0.99891586,300
2026-03-16 07:30:00+00:00,2026-03-16 07:34:59.999000+00:00,0.99885933,1.00545321,0.99788433,1.0051,300
2026-03-16 07:35:00+00:00,2026-03-16 07:39:59.999000+00:00,1.0051,1.0069175,1.0001,1.00030109,300
2026-03-16 07:40:00+00:00,2026-03-16 07:44:59.999000+00:00,1.00032359,1.00267117,0.99990233,1.00003483,300
2026-03-16 07:45:00+00:00,2026-03-16 07:49:59.999000+00:00,1.00003483,1.0012,0.9911,0.9918,300
2026-03-16 07:50:00+00:00,2026-03-16 07:54:59.999000+00:00,0.9932543,0.99588702,0.99251342,0.9945,300
2026-03-16 07:55:00+00:00,2026-03-16 07:59:59.999000+00:00,0.9945,0.9951,0.9907,0.9907,300
2026-03-16 08:00:00+00:00,2026-03-16 08:04:59.999000+00:00,0.9907,0.9955,0.99064492,0.9942,300
2026-03-16 08:05:00+00:00,2026-03-16 08:09:59.999000+00:00,0.9941,1.00135198,0.99357758,1.00123767,300
2026-03-16 08:10:00+00:00,2026-03-16 08:14:59.999000+00:00,1.00132517,1.0019,0.9965,0.9967,300
2026-03-16 08:15:00+00:00,2026-03-16 08:19:59.999000+00:00,0.9967,0.99769066,0.9916,0.9975,300
2026-03-16 08:20:00+00:00,2026-03-16 08:24:59.999000+00:00,0.99748825,0.9976,0.9935,0.99530934,300
2026-03-16 08:25:00+00:00,2026-03-16 08:29:59.999000+00:00,0.99531684,0.9954,0.99014075,0.9915605,300
2026-03-16 08:30:00+00:00,2026-03-16 08:34:59.999000+00:00,0.9916,0.99367561,0.9889,0.98951833,300
2026-03-16 08:35:00+00:00,2026-03-16 08:39:59.999000+00:00,0.98945967,0.99148617,0.9883,0.98983858,300
2026-03-16 08:40:00+00:00,2026-03-16 08:44:59.999000+00:00,0.98983858,0.99334181,0.98864328,0.98864328,300
2026-03-16 08:45:00+00:00,2026-03-16 08:49:59.999000+00:00,0.98846828,0.9909,0.98742728,0.9882,299
2026-03-16 08:50:00+00:00,2026-03-16 08:54:59.999000+00:00,0.9881,0.99015225,0.9824,0.989,300
2026-03-16 08:55:00+00:00,2026-03-16 08:59:59.999000+00:00,0.989,0.991,0.9846,0.985191,300
2026-03-16 09:00:00+00:00,2026-03-16 09:04:59.999000+00:00,0.985191,0.98912059,0.98511458,0.98894983,300
2026-03-16 09:05:00+00:00,2026-03-16 09:09:59.999000+00:00,0.98881817,0.99010287,0.98670458,0.98844142,300
2026-03-16 09:10:00+00:00,2026-03-16 09:14:59.999000+00:00,0.98844142,0.98955825,0.9848,0.98742308,300
2026-03-16 09:15:00+00:00,2026-03-16 09:19:59.999000+00:00,0.98742308,0.98947388,0.98656983,0.98911742,300
2026-03-16 09:20:00+00:00,2026-03-16 09:24:59.999000+00:00,0.98913242,0.99485938,0.98903738,0.99485937,300
2026-03-16 09:25:00+00:00,2026-03-16 09:29:59.999000+00:00,0.99482936,0.99487357,0.9926,0.9938,300
2026-03-16 09:30:00+00:00,2026-03-16 09:34:59.999000+00:00,0.9937,0.99422567,0.9903,0.99132567,300
2026-03-16 09:35:00+00:00,2026-03-16 09:39:59.999000+00:00,0.99061133,0.99061133,0.98571067,0.98571067,300
2026-03-16 09:40:00+00:00,2026-03-16 09:44:59.999000+00:00,0.98571067,0.98723483,0.985,0.98566883,300
2026-03-16 09:45:00+00:00,2026-03-16 09:49:59.999000+00:00,0.98566883,0.98669717,0.984992,0.98589914,300
2026-03-16 09:50:00+00:00,2026-03-16 09:54:59.999000+00:00,0.98585358,0.98883367,0.9856,0.987495,300
2026-03-16 09:55:00+00:00,2026-03-16 09:59:59.999000+00:00,0.987495,0.987495,0.9853,0.9854,300
2026-03-16 10:00:00+00:00,2026-03-16 10:04:59.999000+00:00,0.9854,0.9861,0.983,0.9831,300
2026-03-16 10:05:00+00:00,2026-03-16 10:09:59.999000+00:00,0.9832,0.9838,0.9813,0.98233992,300
2026-03-16 10:10:00+00:00,2026-03-16 10:14:59.999000+00:00,0.98233992,0.98277,0.98009225,0.98150054,300
2026-03-16 10:15:00+00:00,2026-03-16 10:19:59.999000+00:00,0.98150054,0.9849,0.98150054,0.9839,300
2026-03-16 10:20:00+00:00,2026-03-16 10:24:59.999000+00:00,0.9839,0.98461943,0.98150025,0.9829,300
2026-03-16 10:25:00+00:00,2026-03-16 10:29:59.999000+00:00,0.9829,0.98377333,0.98212667,0.98243483,300
2026-03-16 10:30:00+00:00,2026-03-16 10:34:59.999000+00:00,0.98248504,0.98248504,0.977,0.97753733,300
2026-03-16 10:35:00+00:00,2026-03-16 10:39:59.999000+00:00,0.97751233,0.97795364,0.9752,0.9777,300
2026-03-16 10:40:00+00:00,2026-03-16 10:44:59.999000+00:00,0.9777,0.97844317,0.97624207,0.9766185,300
2026-03-16 10:45:00+00:00,2026-03-16 10:49:59.999000+00:00,0.976656,0.9772,0.97483833,0.9772,300
2026-03-16 10:50:00+00:00,2026-03-16 10:54:59.999000+00:00,0.9772,0.9781,0.9759,0.97760583,300
2026-03-16 10:55:00+00:00,2026-03-16 10:59:59.999000+00:00,0.9776,0.98206141,0.97759483,0.98178483,300
2026-03-16 11:00:00+00:00,2026-03-16 11:04:59.999000+00:00,0.98178483,0.9848,0.98112433,0.98451167,300
2026-03-16 11:05:00+00:00,2026-03-16 11:09:59.999000+00:00,0.98451167,0.9860396,0.98409379,0.98593467,300
2026-03-16 11:10:00+00:00,2026-03-16 11:14:59.999000+00:00,0.98585967,0.98585967,0.9802,0.9806255,300
2026-03-16 11:15:00+00:00,2026-03-16 11:19:59.999000+00:00,0.9806255,0.98208342,0.9802,0.98193478,300
2026-03-16 11:20:00+00:00,2026-03-16 11:24:59.999000+00:00,0.98193478,0.98248728,0.9789,0.9792,300
2026-03-16 11:25:00+00:00,2026-03-16 11:29:59.999000+00:00,0.9792,0.98013208,0.97829158,0.97942931,300
2026-03-16 11:30:00+00:00,2026-03-16 11:34:59.999000+00:00,0.97939333,0.98134133,0.97824431,0.9812131,300
2026-03-16 11:35:00+00:00,2026-03-16 11:39:59.999000+00:00,0.9812131,0.9817131,0.97897138,0.981,300
2026-03-16 11:40:00+00:00,2026-03-16 11:44:59.999000+00:00,0.98102064,0.9826,0.98012133,0.9825175,300
2026-03-16 11:45:00+00:00,2026-03-16 11:49:59.999000+00:00,0.982525,0.98341517,0.98162879,0.98162879,300
2026-03-16 11:50:00+00:00,2026-03-16 11:54:59.999000+00:00,0.98162879,0.98250333,0.97931658,0.9801,300
2026-03-16 11:55:00+00:00,2026-03-16 11:59:59.999000+00:00,0.9801,0.98270199,0.9801,0.9807,300
2026-03-16 12:00:00+00:00,2026-03-16 12:04:59.999000+00:00,0.9807,0.98543343,0.9801,0.98245042,300
2026-03-16 12:05:00+00:00,2026-03-16 12:09:59.999000+00:00,0.98245042,0.98358033,0.97998375,0.98108664,300
2026-03-16 12:10:00+00:00,2026-03-16 12:14:59.999000+00:00,0.98108664,0.98431225,0.981,0.98431225,300
2026-03-16 12:15:00+00:00,2026-03-16 12:19:59.999000+00:00,0.98436475,0.98601948,0.9816,0.98600448,300
2026-03-16 12:20:00+00:00,2026-03-16 12:24:59.999000+00:00,0.985987,0.98882408,0.98299133,0.98587603,300
2026-03-16 12:25:00+00:00,2026-03-16 12:29:59.999000+00:00,0.98587603,0.9867,0.9831,0.98536958,300
2026-03-16 12:30:00+00:00,2026-03-16 12:34:59.999000+00:00,0.98536958,0.98644996,0.98375767,0.9853625,300
2026-03-16 12:35:00+00:00,2026-03-16 12:39:59.999000+00:00,0.985307,0.98637957,0.98346867,0.9851,300
2026-03-16 12:40:00+00:00,2026-03-16 12:44:59.999000+00:00,0.98505354,0.98636046,0.984,0.9855295,300
2026-03-16 12:45:00+00:00,2026-03-16 12:49:59.999000+00:00,0.9855295,0.98847192,0.9854345,0.98717733,300
2026-03-16 12:50:00+00:00,2026-03-16 12:54:59.999000+00:00,0.98713233,0.988,0.9861,0.9862,300
2026-03-16 12:55:00+00:00,2026-03-16 12:59:59.999000+00:00,0.9862,0.98781967,0.9853,0.9857625,300
2026-03-16 13:00:00+00:00,2026-03-16 13:04:59.999000+00:00,0.9857625,0.9875,0.9849,0.9853,300
2026-03-16 13:05:00+00:00,2026-03-16 13:09:59.999000+00:00,0.9853,0.98612051,0.9837,0.9847655,300
2026-03-16 13:10:00+00:00,2026-03-16 13:14:59.999000+00:00,0.9847605,0.99,0.98468975,0.98912983,300
2026-03-16 13:15:00+00:00,2026-03-16 13:19:59.999000+00:00,0.98912983,0.99067145,0.9869,0.98814294,300
2026-03-16 13:20:00+00:00,2026-03-16 13:24:59.999000+00:00,0.98814294,0.99134464,0.98791408,0.990867,300
2026-03-16 13:25:00+00:00,2026-03-16 13:29:59.999000+00:00,0.990912,0.9931435,0.99023517,0.99227217,300
2026-03-16 13:30:00+00:00,2026-03-16 13:34:59.999000+00:00,0.99227217,1.00311783,0.99152931,1.0031128,300
2026-03-16 13:35:00+00:00,2026-03-16 13:39:59.999000+00:00,1.00252778,1.00646744,0.9998,1.00373178,300
2026-03-16 13:40:00+00:00,2026-03-16 13:44:59.999000+00:00,1.00373177,1.00656875,0.99608108,0.99664284,300
2026-03-16 13:45:00+00:00,2026-03-16 13:49:59.999000+00:00,0.99664284,1.0058453,0.99661617,1.0011,300
2026-03-16 13:50:00+00:00,2026-03-16 13:54:59.999000+00:00,1.00137212,1.0053,0.99787408,0.99926242,300
2026-03-16 13:55:00+00:00,2026-03-16 13:59:59.999000+00:00,0.99911242,1.0122,0.99856742,1.0097,300
2026-03-16 14:00:00+00:00,2026-03-16 14:04:59.999000+00:00,1.0099,1.0103,0.99838543,1.00801267,300
2026-03-16 14:05:00+00:00,2026-03-16 14:09:59.999000+00:00,1.007743,1.01408552,1.00305817,1.01347992,300
2026-03-16 14:10:00+00:00,2026-03-16 14:14:59.999000+00:00,1.01347992,1.01664792,1.0047,1.00732433,300
2026-03-16 14:15:00+00:00,2026-03-16 14:19:59.999000+00:00,1.00730433,1.0141,1.00729642,1.0094,300
2026-03-16 14:20:00+00:00,2026-03-16 14:24:59.999000+00:00,1.0094,1.01652842,1.0094,1.01572342,299
2026-03-16 14:25:00+00:00,2026-03-16 14:29:59.999000+00:00,1.01572342,1.0164,1.011145,1.01196967,300
2026-03-16 14:30:00+00:00,2026-03-16 14:34:59.999000+00:00,1.01146967,1.01575591,1.00532042,1.0134,300
2026-03-16 14:35:00+00:00,2026-03-16 14:39:59.999000+00:00,1.01347526,1.0166,1.0061,1.01150042,300
2026-03-16 14:40:00+00:00,2026-03-16 14:44:59.999000+00:00,1.01135042,1.01646433,0.9927,0.9954,300
2026-03-16 14:45:00+00:00,2026-03-16 14:49:59.999000+00:00,0.99575306,0.99696442,0.99096958,0.9917695,300
2026-03-16 14:50:00+00:00,2026-03-16 14:54:59.999000+00:00,0.9915,0.9919,0.9856,0.9908,300
2026-03-16 14:55:00+00:00,2026-03-16 14:59:59.999000+00:00,0.99090275,0.9941,0.98900683,0.99398743,300
2026-03-16 15:00:00+00:00,2026-03-16 15:04:59.999000+00:00,0.99418033,0.99815487,0.99115442,0.99132317,300
2026-03-16 15:05:00+00:00,2026-03-16 15:09:59.999000+00:00,0.99132317,0.99288341,0.9897,0.99263108,300
2026-03-16 15:10:00+00:00,2026-03-16 15:14:59.999000+00:00,0.99254875,0.99441417,0.9892,0.9906,300
2026-03-16 15:15:00+00:00,2026-03-16 15:19:59.999000+00:00,0.9905,0.99311983,0.9864,0.99311983,300
2026-03-16 15:20:00+00:00,2026-03-16 15:24:59.999000+00:00,0.9933,0.99352867,0.9889,0.9917,300
2026-03-16 15:25:00+00:00,2026-03-16 15:29:59.999000+00:00,0.9917,0.99391483,0.99017817,0.9914,300
2026-03-16 15:30:00+00:00,2026-03-16 15:34:59.999000+00:00,0.9918,0.99424354,0.9878,0.98960083,300
2026-03-16 15:35:00+00:00,2026-03-16 15:39:59.999000+00:00,0.98960083,0.9908,0.9884,0.98942125,300
2026-03-16 15:40:00+00:00,2026-03-16 15:44:59.999000+00:00,0.98942125,0.98990583,0.9858,0.98946342,300
2026-03-16 15:45:00+00:00,2026-03-16 15:49:59.999000+00:00,0.98946342,0.99060283,0.9868,0.9875,300
2026-03-16 15:50:00+00:00,2026-03-16 15:54:59.999000+00:00,0.9874085,0.9879,0.9824,0.9834355,300
2026-03-16 15:55:00+00:00,2026-03-16 15:59:59.999000+00:00,0.9836,0.98997011,0.98309242,0.98964242,300
2026-03-16 16:00:00+00:00,2026-03-16 16:04:59.999000+00:00,0.98963492,0.9918205,0.985478,0.9872,300
2026-03-16 16:05:00+00:00,2026-03-16 16:09:59.999000+00:00,0.98705075,0.9936369,0.987,0.9926,300
2026-03-16 16:10:00+00:00,2026-03-16 16:14:59.999000+00:00,0.9926,0.99521375,0.99172942,0.993,300
2026-03-16 16:15:00+00:00,2026-03-16 16:19:59.999000+00:00,0.993,0.99855667,0.99242367,0.99475672,300
2026-03-16 16:20:00+00:00,2026-03-16 16:24:59.999000+00:00,0.99475672,1.00222917,0.9939,1.00065492,300
2026-03-16 16:25:00+00:00,2026-03-16 16:29:59.999000+00:00,1.00065492,1.00074592,0.9982,0.9994,300
2026-03-16 16:30:00+00:00,2026-03-16 16:34:59.999000+00:00,0.9994,1.0069,0.9986,1.0054175,300
2026-03-16 16:35:00+00:00,2026-03-16 16:39:59.999000+00:00,1.0054025,1.00857017,1.0031,1.0045,300
2026-03-16 16:40:00+00:00,2026-03-16 16:44:59.999000+00:00,1.0045,1.0139,1.00418917,1.01363958,300
2026-03-16 16:45:00+00:00,2026-03-16 16:49:59.999000+00:00,1.0138,1.0138,1.0061,1.0079,300
2026-03-16 16:50:00+00:00,2026-03-16 16:54:59.999000+00:00,1.0079,1.00869317,1.0056,1.0067,300
2026-03-16 16:55:00+00:00,2026-03-16 16:59:59.999000+00:00,1.0067,1.00714133,1.00460733,1.0051,300
2026-03-16 17:00:00+00:00,2026-03-16 17:04:59.999000+00:00,1.0052,1.0082,1.0048,1.00674983,300
2026-03-16 17:05:00+00:00,2026-03-16 17:09:59.999000+00:00,1.00674983,1.0094,1.0046,1.0053,300
2026-03-16 17:10:00+00:00,2026-03-16 17:14:59.999000+00:00,1.0053,1.0087,1.0046,1.0073,300
2026-03-16 17:15:00+00:00,2026-03-16 17:19:59.999000+00:00,1.0073,1.0076,1.00274225,1.0039,300
2026-03-16 17:20:00+00:00,2026-03-16 17:24:59.999000+00:00,1.0039,1.00434367,1.00148933,1.0027,300
2026-03-16 17:25:00+00:00,2026-03-16 17:29:59.999000+00:00,1.0027,1.00445158,1.0007,1.0018,300
2026-03-16 17:30:00+00:00,2026-03-16 17:34:59.999000+00:00,1.0018,1.0046,1.0015,1.0033456,300
2026-03-16 17:35:00+00:00,2026-03-16 17:39:59.999000+00:00,1.0033456,1.00818158,1.0033,1.0055,300
2026-03-16 17:40:00+00:00,2026-03-16 17:44:59.999000+00:00,1.0055,1.0056,0.99981958,0.99981958,300
2026-03-16 17:45:00+00:00,2026-03-16 17:49:59.999000+00:00,1.0,1.00340567,0.9993,1.0007,300
2026-03-16 17:50:00+00:00,2026-03-16 17:54:59.999000+00:00,1.0007,1.00105433,0.99883617,1.00052958,300
2026-03-16 17:55:00+00:00,2026-03-16 17:59:59.999000+00:00,1.00061358,1.00343291,1.00035433,1.00190483,300
2026-03-16 18:00:00+00:00,2026-03-16 18:04:59.999000+00:00,1.002,1.00363254,1.00029125,1.001,300
2026-03-16 18:05:00+00:00,2026-03-16 18:09:59.999000+00:00,1.001,1.0096,1.001,1.0089,300
2026-03-16 18:10:00+00:00,2026-03-16 18:14:59.999000+00:00,1.0089,1.0089,1.0053,1.0062,300
2026-03-16 18:15:00+00:00,2026-03-16 18:19:59.999000+00:00,1.0062,1.01126775,1.0062,1.0107,300
2026-03-16 18:20:00+00:00,2026-03-16 18:24:59.999000+00:00,1.0107,1.01335675,1.0091,1.012308,300
2026-03-16 18:25:00+00:00,2026-03-16 18:29:59.999000+00:00,1.012308,1.01350375,1.0092,1.00965175,300
2026-03-16 18:30:00+00:00,2026-03-16 18:34:59.999000+00:00,1.00962925,1.0097,1.00650725,1.00652225,300
2026-03-16 18:35:00+00:00,2026-03-16 18:39:59.999000+00:00,1.00652225,1.0067,1.00371758,1.004269,300
2026-03-16 18:40:00+00:00,2026-03-16 18:44:59.999000+00:00,1.004269,1.00659767,1.00380508,1.00586108,300
2026-03-16 18:45:00+00:00,2026-03-16 18:49:59.999000+00:00,1.00586108,1.007699,1.00423558,1.007699,300
2026-03-16 18:50:00+00:00,2026-03-16 18:54:59.999000+00:00,1.007714,1.007759,1.0033,1.0042165,300
2026-03-16 18:55:00+00:00,2026-03-16 18:59:59.999000+00:00,1.00355129,1.00431319,1.001,1.0013,300
2026-03-16 19:00:00+00:00,2026-03-16 19:04:59.999000+00:00,1.0012,1.00250025,0.999886,1.0003,300
2026-03-16 19:05:00+00:00,2026-03-16 19:09:59.999000+00:00,1.00043898,1.01080417,1.0004,1.01080417,300
2026-03-16 19:10:00+00:00,2026-03-16 19:14:59.999000+00:00,1.01091708,1.01227113,1.009,1.01139892,300
2026-03-16 19:15:00+00:00,2026-03-16 19:19:59.999000+00:00,1.01139892,1.01284219,1.0078,1.0078,300
2026-03-16 19:20:00+00:00,2026-03-16 19:24:59.999000+00:00,1.0078,1.00927397,1.0051,1.00633233,300
2026-03-16 19:25:00+00:00,2026-03-16 19:29:59.999000+00:00,1.00633233,1.00686092,1.0023,1.00573157,300
2026-03-16 19:30:00+00:00,2026-03-16 19:34:59.999000+00:00,1.00558275,1.00841125,1.00548158,1.00632683,300
2026-03-16 19:35:00+00:00,2026-03-16 19:39:59.999000+00:00,1.00582683,1.00757011,1.0048,1.00696233,300
2026-03-16 19:40:00+00:00,2026-03-16 19:44:59.999000+00:00,1.00699716,1.00714716,1.003205,1.0033,300
2026-03-16 19:45:00+00:00,2026-03-16 19:49:59.999000+00:00,1.0033,1.0037,1.0007,1.001,300
2026-03-16 19:50:00+00:00,2026-03-16 19:54:59.999000+00:00,1.001,1.0021,1.0003,1.0010986,300
2026-03-16 19:55:00+00:00,2026-03-16 19:59:59.999000+00:00,1.0010986,1.00604532,1.0010986,1.0060453,300
2026-03-16 20:00:00+00:00,2026-03-16 20:04:59.999000+00:00,1.0060453,1.00665725,1.0043325,1.0045544,300
2026-03-16 20:05:00+00:00,2026-03-16 20:09:59.999000+00:00,1.0045544,1.00621233,1.0031,1.0059175,300
2026-03-16 20:10:00+00:00,2026-03-16 20:14:59.999000+00:00,1.0059175,1.00739583,1.00492092,1.00665767,300
2026-03-16 20:15:00+00:00,2026-03-16 20:19:59.999000+00:00,1.00664333,1.01299667,1.00664333,1.00930383,300
2026-03-16 20:20:00+00:00,2026-03-16 20:24:59.999000+00:00,1.00930383,1.01073458,1.00904733,1.00992925,300
2026-03-16 20:25:00+00:00,2026-03-16 20:29:59.999000+00:00,1.00991425,1.01301183,1.00927842,1.01301182,300
2026-03-16 20:30:00+00:00,2026-03-16 20:34:59.999000+00:00,1.01293681,1.01509088,1.0119,1.01480725,300
2026-03-16 20:35:00+00:00,2026-03-16 20:39:59.999000+00:00,1.01480725,1.01661067,1.0134,1.01661067,300
2026-03-16 20:40:00+00:00,2026-03-16 20:44:59.999000+00:00,1.01661067,1.01661067,1.01177075,1.0124495,300
2026-03-16 20:45:00+00:00,2026-03-16 20:49:59.999000+00:00,1.01239883,1.0139,1.01239883,1.0131,300
2026-03-16 20:50:00+00:00,2026-03-16 20:54:59.999000+00:00,1.0131,1.01622983,1.0131,1.01448475,300
2026-03-16 20:55:00+00:00,2026-03-16 20:59:59.999000+00:00,1.01448475,1.0173575,1.013,1.0173575,300
2026-03-16 21:00:00+00:00,2026-03-16 21:04:59.999000+00:00,1.0174175,1.02291731,1.01667017,1.02241633,300
2026-03-16 21:05:00+00:00,2026-03-16 21:09:59.999000+00:00,1.02241633,1.02282267,1.0172,1.0191,300
2026-03-16 21:10:00+00:00,2026-03-16 21:14:59.999000+00:00,1.0191,1.02459042,1.0185,1.02031042,300
2026-03-16 21:15:00+00:00,2026-03-16 21:19:59.999000+00:00,1.02025042,1.02232008,1.0185,1.019,300
2026-03-16 21:20:00+00:00,2026-03-16 21:24:59.999000+00:00,1.019,1.02210802,1.01798992,1.0221,300
2026-03-16 21:25:00+00:00,2026-03-16 21:29:59.999000+00:00,1.0221,1.023103,1.01668383,1.01737108,300
2026-03-16 21:30:00+00:00,2026-03-16 21:34:59.999000+00:00,1.0175,1.02089875,1.01693217,1.02089875,300
2026-03-16 21:35:00+00:00,2026-03-16 21:39:59.999000+00:00,1.02090625,1.02833142,1.0206,1.02301734,300
2026-03-16 21:40:00+00:00,2026-03-16 21:44:59.999000+00:00,1.02316734,1.02484232,1.02163483,1.0224,300
2026-03-16 21:45:00+00:00,2026-03-16 21:49:59.999000+00:00,1.0224,1.02332692,1.0206,1.02143267,300
2026-03-16 21:50:00+00:00,2026-03-16 21:54:59.999000+00:00,1.0217,1.02310283,1.0201,1.02125983,300
2026-03-16 21:55:00+00:00,2026-03-16 21:59:59.999000+00:00,1.02140983,1.02182433,1.01787633,1.01815067,300
2026-03-16 22:00:00+00:00,2026-03-16 22:04:59.999000+00:00,1.01815067,1.0231,1.01682828,1.02270201,300
2026-03-16 22:05:00+00:00,2026-03-16 22:09:59.999000+00:00,1.02315201,1.02769138,1.02315201,1.02757105,300
2026-03-16 22:10:00+00:00,2026-03-16 22:14:59.999000+00:00,1.02757105,1.02878842,1.02167121,1.02333989,300
2026-03-16 22:15:00+00:00,2026-03-16 22:19:59.999000+00:00,1.02333989,1.02430992,1.01996917,1.02148975,300
2026-03-16 22:20:00+00:00,2026-03-16 22:24:59.999000+00:00,1.02148975,1.02216242,1.0183,1.0192,300
2026-03-16 22:25:00+00:00,2026-03-16 22:29:59.999000+00:00,1.0192,1.02055441,1.01794233,1.019,300
2026-03-16 22:30:00+00:00,2026-03-16 22:34:59.999000+00:00,1.019,1.02140871,1.01638333,1.01776225,300
2026-03-16 22:35:00+00:00,2026-03-16 22:39:59.999000+00:00,1.01776225,1.02005075,1.0175,1.0198015,300
2026-03-16 22:40:00+00:00,2026-03-16 22:44:59.999000+00:00,1.0198015,1.0211,1.01817183,1.02093096,300
2026-03-16 22:45:00+00:00,2026-03-16 22:49:59.999000+00:00,1.02093095,1.02152583,1.01934675,1.02083417,300
2026-03-16 22:50:00+00:00,2026-03-16 22:54:59.999000+00:00,1.02083417,1.0226281,1.02039211,1.021,300
2026-03-16 22:55:00+00:00,2026-03-16 22:59:59.999000+00:00,1.0209,1.02292183,1.01858055,1.0193,300
2026-03-16 23:00:00+00:00,2026-03-16 23:04:59.999000+00:00,1.0193,1.01968933,1.0132725,1.0133,300
2026-03-16 23:05:00+00:00,2026-03-16 23:09:59.999000+00:00,1.0133,1.015,1.01004017,1.01004017,300
2026-03-16 23:10:00+00:00,2026-03-16 23:14:59.999000+00:00,1.01005517,1.01602475,1.01,1.01460517,300
2026-03-16 23:15:00+00:00,2026-03-16 23:19:59.999000+00:00,1.01460517,1.0179,1.0146,1.0162,300
2026-03-16 23:20:00+00:00,2026-03-16 23:24:59.999000+00:00,1.0162,1.0191578,1.01575698,1.0178,300
2026-03-16 23:25:00+00:00,2026-03-16 23:29:59.999000+00:00,1.0178,1.02284867,1.0178,1.02280942,300
2026-03-16 23:30:00+00:00,2026-03-16 23:34:59.999000+00:00,1.02280942,1.02495817,1.021566,1.0236,300
2026-03-16 23:35:00+00:00,2026-03-16 23:39:59.999000+00:00,1.0236,1.02430675,1.0224,1.0238,300
2026-03-16 23:40:00+00:00,2026-03-16 23:44:59.999000+00:00,1.0238,1.025,1.02362608,1.0248,300
2026-03-16 23:45:00+00:00,2026-03-16 23:49:59.999000+00:00,1.0248,1.02669433,1.0228,1.02469275,300
2026-03-16 23:50:00+00:00,2026-03-16 23:54:59.999000+00:00,1.02437963,1.02490698,1.01885033,1.0191,300
2026-03-16 23:55:00+00:00,2026-03-16 23:59:59.999000+00:00,1.0189,1.02044064,1.01853508,1.019,300
2026-03-17 00:00:00+00:00,2026-03-17 00:04:59.999000+00:00,1.019,1.0193469,1.01376569,1.01424319,300
2026-03-17 00:05:00+00:00,2026-03-17 00:09:59.999000+00:00,1.01424319,1.01507708,1.0117,1.01352617,300
2026-03-17 00:10:00+00:00,2026-03-17 00:14:59.999000+00:00,1.01352617,1.0189,1.01352617,1.0173,300
2026-03-17 00:15:00+00:00,2026-03-17 00:19:59.999000+00:00,1.0173,1.01762008,1.0104,1.0115515,300
2026-03-17 00:20:00+00:00,2026-03-17 00:24:59.999000+00:00,1.0114,1.01343258,1.0101,1.01236267,300
2026-03-17 00:25:00+00:00,2026-03-17 00:29:59.999000+00:00,1.01236267,1.01711608,1.01016192,1.01711608,300
2026-03-17 00:30:00+00:00,2026-03-17 00:34:59.999000+00:00,1.01711608,1.02207333,1.0168,1.01742367,300
2026-03-17 00:35:00+00:00,2026-03-17 00:39:59.999000+00:00,1.01742367,1.018538,1.01153233,1.0119,300
2026-03-17 00:40:00+00:00,2026-03-17 00:44:59.999000+00:00,1.0121,1.01304667,1.010742,1.01282167,300
2026-03-17 00:45:00+00:00,2026-03-17 00:49:59.999000+00:00,1.01282167,1.01497377,1.01114967,1.012078,300
2026-03-17 00:50:00+00:00,2026-03-17 00:54:59.999000+00:00,1.012078,1.01297117,1.0091,1.0122,300
2026-03-17 00:55:00+00:00,2026-03-17 00:59:59.999000+00:00,1.01230962,1.01528894,1.0115,1.01505631,300
2026-03-17 01:00:00+00:00,2026-03-17 01:04:59.999000+00:00,1.01511631,1.01515381,1.00856392,1.00940625,300
2026-03-17 01:05:00+00:00,2026-03-17 01:09:59.999000+00:00,1.00940625,1.01254933,1.00707275,1.01134442,300
2026-03-17 01:10:00+00:00,2026-03-17 01:14:59.999000+00:00,1.01134442,1.01692914,1.01046683,1.0111,300
2026-03-17 01:15:00+00:00,2026-03-17 01:19:59.999000+00:00,1.0111,1.01191033,1.0069,1.0091,300
2026-03-17 01:20:00+00:00,2026-03-17 01:24:59.999000+00:00,1.00907392,1.00926159,1.006,1.0073,300
2026-03-17 01:25:00+00:00,2026-03-17 01:29:59.999000+00:00,1.0073,1.0111,1.007211,1.01065925,300
2026-03-17 01:30:00+00:00,2026-03-17 01:34:59.999000+00:00,1.0107,1.011,1.00745817,1.0092,300
2026-03-17 01:35:00+00:00,2026-03-17 01:39:59.999000+00:00,1.0095,1.01182681,1.00863875,1.009,300
2026-03-17 01:40:00+00:00,2026-03-17 01:44:59.999000+00:00,1.009,1.0098,1.00451183,1.00783623,300
2026-03-17 01:45:00+00:00,2026-03-17 01:49:59.999000+00:00,1.00783623,1.0091483,1.00665817,1.0072,300
2026-03-17 01:50:00+00:00,2026-03-17 01:54:59.999000+00:00,1.0072,1.00812026,1.0042,1.0047,300
2026-03-17 01:55:00+00:00,2026-03-17 01:59:59.999000+00:00,1.0047,1.00988592,1.0044,1.0098265,300
2026-03-17 02:00:00+00:00,2026-03-17 02:04:59.999000+00:00,1.0098265,1.0122,1.0093,1.0104,300
2026-03-17 02:05:00+00:00,2026-03-17 02:09:59.999000+00:00,1.01043217,1.01043217,1.00520208,1.0075,300
2026-03-17 02:10:00+00:00,2026-03-17 02:14:59.999000+00:00,1.00745308,1.00942041,1.007,1.00789058,300
2026-03-17 02:15:00+00:00,2026-03-17 02:19:59.999000+00:00,1.00789058,1.00927342,1.00572142,1.0059,300
2026-03-17 02:20:00+00:00,2026-03-17 02:24:59.999000+00:00,1.00568183,1.0065,1.0042,1.00503621,300
2026-03-17 02:25:00+00:00,2026-03-17 02:29:59.999000+00:00,1.00503621,1.00601756,1.0044,1.0044165,300
2026-03-17 02:30:00+00:00,2026-03-17 02:34:59.999000+00:00,1.0047,1.00766775,1.00450483,1.0067375,300
2026-03-17 02:35:00+00:00,2026-03-17 02:39:59.999000+00:00,1.0067375,1.01000259,1.00670667,1.00967208,300
2026-03-17 02:40:00+00:00,2026-03-17 02:44:59.999000+00:00,1.00967208,1.0101795,1.008,1.00800625,300
2026-03-17 02:45:00+00:00,2026-03-17 02:49:59.999000+00:00,1.008,1.00859832,1.006,1.006425,300
2026-03-17 02:50:00+00:00,2026-03-17 02:54:59.999000+00:00,1.00642499,1.00744608,1.0053,1.00709642,300
2026-03-17 02:55:00+00:00,2026-03-17 02:59:59.999000+00:00,1.00709642,1.00709642,1.00386867,1.00386867,300
2026-03-17 03:00:00+00:00,2026-03-17 03:04:59.999000+00:00,1.0039,1.005186,1.00217792,1.00217792,300
2026-03-17 03:05:00+00:00,2026-03-17 03:09:59.999000+00:00,1.00217792,1.00217792,0.9995,0.9995,300
2026-03-17 03:10:00+00:00,2026-03-17 03:14:59.999000+00:00,0.9996,0.99987542,0.99775433,0.9979,300
2026-03-17 03:15:00+00:00,2026-03-17 03:19:59.999000+00:00,0.9978,0.9978,0.9954,0.9972,300
2026-03-17 03:20:00+00:00,2026-03-17 03:24:59.999000+00:00,0.99717625,0.9973,0.9933,0.995,300
2026-03-17 03:25:00+00:00,2026-03-17 03:29:59.999000+00:00,0.9949,0.99816542,0.99460858,0.9975545,300
2026-03-17 03:30:00+00:00,2026-03-17 03:34:59.999000+00:00,0.9975545,0.9975545,0.9924,0.9936,300
2026-03-17 03:35:00+00:00,2026-03-17 03:39:59.999000+00:00,0.9937,0.99528724,0.9928,0.9943,300
2026-03-17 03:40:00+00:00,2026-03-17 03:44:59.999000+00:00,0.9943,0.9943,0.98977103,0.9904,300
2026-03-17 03:45:00+00:00,2026-03-17 03:49:59.999000+00:00,0.99037275,0.99222193,0.98865825,0.9912,300
2026-03-17 03:50:00+00:00,2026-03-17 03:54:59.999000+00:00,0.9913,0.99431372,0.9912,0.99210967,300
2026-03-17 03:55:00+00:00,2026-03-17 03:59:59.999000+00:00,0.99210967,0.99593783,0.991,0.9952,300
2026-03-17 04:00:00+00:00,2026-03-17 04:04:59.999000+00:00,0.99545977,0.9987275,0.99545977,0.99708083,300
2026-03-17 04:05:00+00:00,2026-03-17 04:09:59.999000+00:00,0.9972,0.9995,0.9965,0.9988,300
2026-03-17 04:10:00+00:00,2026-03-17 04:14:59.999000+00:00,0.9988,0.99967192,0.9959,0.99820429,300
2026-03-17 04:15:00+00:00,2026-03-17 04:19:59.999000+00:00,0.99820429,0.9988,0.99322883,0.994,300
2026-03-17 04:20:00+00:00,2026-03-17 04:24:59.999000+00:00,0.994,0.9942,0.9882,0.991,300
2026-03-17 04:25:00+00:00,2026-03-17 04:29:59.999000+00:00,0.991,0.992771,0.990061,0.99016225,300
2026-03-17 04:30:00+00:00,2026-03-17 04:34:59.999000+00:00,0.99016225,0.99103584,0.98518517,0.98710967,300
2026-03-17 04:35:00+00:00,2026-03-17 04:39:59.999000+00:00,0.98710967,0.98715171,0.9828,0.9828,300
2026-03-17 04:40:00+00:00,2026-03-17 04:44:59.999000+00:00,0.9829,0.98606333,0.9812,0.98396108,300
2026-03-17 04:45:00+00:00,2026-03-17 04:49:59.999000+00:00,0.98396108,0.9867,0.98347075,0.98643155,300
2026-03-17 04:50:00+00:00,2026-03-17 04:54:59.999000+00:00,0.98643154,0.98827783,0.98609033,0.98827783,300
2026-03-17 04:55:00+00:00,2026-03-17 04:59:59.999000+00:00,0.98777783,0.98862617,0.9876,0.9876,300
2026-03-17 05:00:00+00:00,2026-03-17 05:04:59.999000+00:00,0.98751008,0.98781625,0.9835,0.98582583,300
2026-03-17 05:05:00+00:00,2026-03-17 05:09:59.999000+00:00,0.98582583,0.98759442,0.98582583,0.986,300
2026-03-17 05:10:00+00:00,2026-03-17 05:14:59.999000+00:00,0.9861,0.98759892,0.98502958,0.98502958,300
2026-03-17 05:15:00+00:00,2026-03-17 05:19:59.999000+00:00,0.98502958,0.9873,0.98492242,0.98622942,300
2026-03-17 05:20:00+00:00,2026-03-17 05:24:59.999000+00:00,0.98622942,0.98622942,0.98430225,0.9850869,300
2026-03-17 05:25:00+00:00,2026-03-17 05:29:59.999000+00:00,0.9850869,0.9869,0.9848,0.98560793,300
2026-03-17 05:30:00+00:00,2026-03-17 05:34:59.999000+00:00,0.98563043,0.9875,0.98501992,0.98576883,300
2026-03-17 05:35:00+00:00,2026-03-17 05:39:59.999000+00:00,0.98576883,0.98771733,0.9833,0.9853,300
2026-03-17 05:40:00+00:00,2026-03-17 05:44:59.999000+00:00,0.9853,0.9879,0.98409892,0.9845,300
2026-03-17 05:45:00+00:00,2026-03-17 05:49:59.999000+00:00,0.9845,0.98516167,0.98213917,0.984,300
2026-03-17 05:50:00+00:00,2026-03-17 05:54:59.999000+00:00,0.9841,0.98956708,0.983969,0.9885,300
2026-03-17 05:55:00+00:00,2026-03-17 05:59:59.999000+00:00,0.9885,0.99005633,0.9874,0.9887,300
2026-03-17 06:00:00+00:00,2026-03-17 06:04:59.999000+00:00,0.9887,0.990049,0.9864,0.986717,300
2026-03-17 06:05:00+00:00,2026-03-17 06:09:59.999000+00:00,0.986717,0.987654,0.98437617,0.98727583,300
2026-03-17 06:10:00+00:00,2026-03-17 06:14:59.999000+00:00,0.98727583,0.99178375,0.986773,0.9914,300
2026-03-17 06:15:00+00:00,2026-03-17 06:19:59.999000+00:00,0.99165417,0.99206417,0.99055875,0.9915,300
2026-03-17 06:20:00+00:00,2026-03-17 06:24:59.999000+00:00,0.9915,0.99489192,0.991369,0.9936,300
2026-03-17 06:25:00+00:00,2026-03-17 06:29:59.999000+00:00,0.9936,0.99484075,0.993,0.99368383,300
2026-03-17 06:30:00+00:00,2026-03-17 06:34:59.999000+00:00,0.994,0.99535625,0.99201958,0.9952,300
2026-03-17 06:35:00+00:00,2026-03-17 06:39:59.999000+00:00,0.9953,0.99696033,0.9949,0.9963,300
2026-03-17 06:40:00+00:00,2026-03-17 06:44:59.999000+00:00,0.9964,0.9964,0.98951808,0.99021858,300
2026-03-17 06:45:00+00:00,2026-03-17 06:49:59.999000+00:00,0.99021858,0.99061792,0.9884,0.98902725,300
2026-03-17 06:50:00+00:00,2026-03-17 06:54:59.999000+00:00,0.98884292,0.99187183,0.98879042,0.9893,300
2026-03-17 06:55:00+00:00,2026-03-17 06:59:59.999000+00:00,0.9893,0.9906,0.9888,0.9903,300
2026-03-17 07:00:00+00:00,2026-03-17 07:04:59.999000+00:00,0.99026308,0.995903,0.9902,0.9942,300
2026-03-17 07:05:00+00:00,2026-03-17 07:09:59.999000+00:00,0.9942,0.9961,0.9942,0.99580033,300
2026-03-17 07:10:00+00:00,2026-03-17 07:14:59.999000+00:00,0.99580033,0.99807358,0.99552917,0.9979,300
2026-03-17 07:15:00+00:00,2026-03-17 07:19:59.999000+00:00,0.9979,1.0005535,0.99735017,0.99907658,300
2026-03-17 07:20:00+00:00,2026-03-17 07:24:59.999000+00:00,0.99906158,0.99943825,0.996,0.9966,300
2026-03-17 07:25:00+00:00,2026-03-17 07:29:59.999000+00:00,0.9966,0.9977345,0.996,0.996,300
2026-03-17 07:30:00+00:00,2026-03-17 07:34:59.999000+00:00,0.996,0.9973,0.99575725,0.9969,300
2026-03-17 07:35:00+00:00,2026-03-17 07:39:59.999000+00:00,0.9971,0.99945392,0.9965,0.99931667,300
2026-03-17 07:40:00+00:00,2026-03-17 07:44:59.999000+00:00,0.99926417,0.99926417,0.9967,0.99805233,300
2026-03-17 07:45:00+00:00,2026-03-17 07:49:59.999000+00:00,0.99855233,0.9989,0.9972,0.99823633,300
2026-03-17 07:50:00+00:00,2026-03-17 07:54:59.999000+00:00,0.99822133,0.999154,0.9968,0.999152,300
2026-03-17 07:55:00+00:00,2026-03-17 07:59:59.999000+00:00,0.999152,0.999152,0.9983,0.99841842,300
2026-03-17 08:00:00+00:00,2026-03-17 08:04:59.999000+00:00,0.99841842,1.00340342,0.99823042,1.00151183,300
2026-03-17 08:05:00+00:00,2026-03-17 08:09:59.999000+00:00,1.00151183,1.0039,1.00151183,1.0019,300
2026-03-17 08:10:00+00:00,2026-03-17 08:14:59.999000+00:00,1.0019,1.00213458,0.9985,1.0016,300
2026-03-17 08:15:00+00:00,2026-03-17 08:19:59.999000+00:00,1.0016,1.0019,0.9991,1.00152667,300
2026-03-17 08:20:00+00:00,2026-03-17 08:24:59.999000+00:00,1.00152667,1.002,0.99843258,0.9988,300
2026-03-17 08:25:00+00:00,2026-03-17 08:29:59.999000+00:00,0.9991,1.00199687,0.9991,1.0009,300
2026-03-17 08:30:00+00:00,2026-03-17 08:34:59.999000+00:00,1.0009,1.0014,0.999,0.9995,300
2026-03-17 08:35:00+00:00,2026-03-17 08:39:59.999000+00:00,0.9995,1.00012961,0.99857667,0.9996005,300
2026-03-17 08:40:00+00:00,2026-03-17 08:44:59.999000+00:00,0.9996005,1.00368725,0.99948008,1.0028,300
2026-03-17 08:45:00+00:00,2026-03-17 08:49:59.999000+00:00,1.0028,1.0031,1.0002,1.002228,300
2026-03-17 08:50:00+00:00,2026-03-17 08:54:59.999000+00:00,1.00215474,1.00215474,1.00048075,1.0007,300
2026-03-17 08:55:00+00:00,2026-03-17 08:59:59.999000+00:00,1.0007,1.0022,0.997,0.9979,300
2026-03-17 09:00:00+00:00,2026-03-17 09:04:59.999000+00:00,0.998,0.99870534,0.9941,0.99441108,300
2026-03-17 09:05:00+00:00,2026-03-17 09:09:59.999000+00:00,0.9943,0.9949,0.9922,0.99342258,300
2026-03-17 09:10:00+00:00,2026-03-17 09:14:59.999000+00:00,0.99342258,0.99719558,0.9925,0.9963,300
2026-03-17 09:15:00+00:00,2026-03-17 09:19:59.999000+00:00,0.9964,1.00112467,0.99454692,1.00112467,300
2026-03-17 09:20:00+00:00,2026-03-17 09:24:59.999000+00:00,1.00112467,1.00112467,0.9984,0.999,300
2026-03-17 09:25:00+00:00,2026-03-17 09:29:59.999000+00:00,0.999,1.002107,0.9985,1.00011733,300
2026-03-17 09:30:00+00:00,2026-03-17 09:34:59.999000+00:00,1.00011733,1.0002385,0.9963,0.9972,300
2026-03-17 09:35:00+00:00,2026-03-17 09:39:59.999000+00:00,0.9972,0.99941942,0.99706133,0.99884125,300
2026-03-17 09:40:00+00:00,2026-03-17 09:44:59.999000+00:00,0.99884125,0.999809,0.9978,0.9995,300
2026-03-17 09:45:00+00:00,2026-03-17 09:49:59.999000+00:00,0.9995,1.00010638,0.9985,0.9992,300
2026-03-17 09:50:00+00:00,2026-03-17 09:54:59.999000+00:00,0.9993,1.00047042,0.99821625,0.9987,300
2026-03-17 09:55:00+00:00,2026-03-17 09:59:59.999000+00:00,0.9987,1.00006558,0.99786175,0.9988,300
2026-03-17 10:00:00+00:00,2026-03-17 10:04:59.999000+00:00,0.9988,0.99961158,0.99846708,0.99939233,300
2026-03-17 10:05:00+00:00,2026-03-17 10:09:59.999000+00:00,0.99931792,0.99931792,0.99640758,0.9976,300
2026-03-17 10:10:00+00:00,2026-03-17 10:14:59.999000+00:00,0.9976,1.00012433,0.9974,0.9988,300
2026-03-17 10:15:00+00:00,2026-03-17 10:19:59.999000+00:00,0.9988,0.999359,0.99637825,0.999,300
2026-03-17 10:20:00+00:00,2026-03-17 10:24:59.999000+00:00,0.999,1.0008,0.99786083,1.0001,300
2026-03-17 10:25:00+00:00,2026-03-17 10:29:59.999000+00:00,1.0001,1.00098991,0.9964,0.99657475,300
2026-03-17 10:30:00+00:00,2026-03-17 10:34:59.999000+00:00,0.99657475,0.99657475,0.9936,0.9948,300
2026-03-17 10:35:00+00:00,2026-03-17 10:39:59.999000+00:00,0.9948,0.99579308,0.99290883,0.99579308,300
2026-03-17 10:40:00+00:00,2026-03-17 10:44:59.999000+00:00,0.99579308,0.99583397,0.9939,0.9946,300
2026-03-17 10:45:00+00:00,2026-03-17 10:49:59.999000+00:00,0.99452625,0.99572417,0.9941,0.99519958,300
2026-03-17 10:50:00+00:00,2026-03-17 10:54:59.999000+00:00,0.99519958,0.9966605,0.99376942,0.99645467,300
2026-03-17 10:55:00+00:00,2026-03-17 10:59:59.999000+00:00,0.99652967,0.997,0.9958,0.9968,300
2026-03-17 11:00:00+00:00,2026-03-17 11:04:59.999000+00:00,0.9968,0.9987,0.99667517,0.9983,300
2026-03-17 11:05:00+00:00,2026-03-17 11:09:59.999000+00:00,0.9985,0.99952567,0.99793183,0.998,300
2026-03-17 11:10:00+00:00,2026-03-17 11:14:59.999000+00:00,0.9981,0.9991,0.998,0.9986,300
2026-03-17 11:15:00+00:00,2026-03-17 11:19:59.999000+00:00,0.9986,1.0008,0.9986,1.0002,300
2026-03-17 11:20:00+00:00,2026-03-17 11:24:59.999000+00:00,1.0002,1.001178,0.9986,1.0001,300
2026-03-17 11:25:00+00:00,2026-03-17 11:29:59.999000+00:00,1.0001,1.0003,0.99850175,0.9986,300
2026-03-17 11:30:00+00:00,2026-03-17 11:34:59.999000+00:00,0.99852092,0.99852092,0.99605858,0.99682883,300
2026-03-17 11:35:00+00:00,2026-03-17 11:39:59.999000+00:00,0.99682883,0.99682883,0.9952,0.996,300
2026-03-17 11:40:00+00:00,2026-03-17 11:44:59.999000+00:00,0.996,0.9961,0.99481925,0.9952,300
2026-03-17 11:45:00+00:00,2026-03-17 11:49:59.999000+00:00,0.9952,0.9965,0.9949,0.9957,300
2026-03-17 11:50:00+00:00,2026-03-17 11:54:59.999000+00:00,0.9957,0.99647681,0.995,0.99533192,300
2026-03-17 11:55:00+00:00,2026-03-17 11:59:59.999000+00:00,0.99533192,0.9954,0.9923,0.9928,300
2026-03-17 12:00:00+00:00,2026-03-17 12:04:59.999000+00:00,0.9928,0.99376333,0.9911,0.9918625,300
2026-03-17 12:05:00+00:00,2026-03-17 12:09:59.999000+00:00,0.9918625,0.99227542,0.9909,0.99164892,300
2026-03-17 12:10:00+00:00,2026-03-17 12:14:59.999000+00:00,0.99164892,0.9917,0.98897642,0.98947642,300
2026-03-17 12:15:00+00:00,2026-03-17 12:19:59.999000+00:00,0.98947642,0.9922,0.9883,0.9922,300
2026-03-17 12:20:00+00:00,2026-03-17 12:24:59.999000+00:00,0.99203458,0.99203458,0.9875,0.9876,300
2026-03-17 12:25:00+00:00,2026-03-17 12:29:59.999000+00:00,0.9876,0.9886,0.98662983,0.9876,300
2026-03-17 12:30:00+00:00,2026-03-17 12:34:59.999000+00:00,0.9875,0.98855767,0.9861,0.9875,300
2026-03-17 12:35:00+00:00,2026-03-17 12:39:59.999000+00:00,0.9875,0.98932825,0.98462767,0.98915667,300
2026-03-17 12:40:00+00:00,2026-03-17 12:44:59.999000+00:00,0.98914167,0.98914167,0.9856,0.98694683,300
2026-03-17 12:45:00+00:00,2026-03-17 12:49:59.999000+00:00,0.9871,0.98730767,0.9857,0.98681692,300
2026-03-17 12:50:00+00:00,2026-03-17 12:54:59.999000+00:00,0.98678692,0.98678692,0.984,0.98614933,300
2026-03-17 12:55:00+00:00,2026-03-17 12:59:59.999000+00:00,0.98614933,0.98729768,0.98583867,0.9868,300
2026-03-17 13:00:00+00:00,2026-03-17 13:04:59.999000+00:00,0.9868,0.988836,0.9861,0.98762353,300
2026-03-17 13:05:00+00:00,2026-03-17 13:09:59.999000+00:00,0.98763853,0.98836117,0.9862,0.9862,300
2026-03-17 13:10:00+00:00,2026-03-17 13:14:59.999000+00:00,0.9862,0.9884,0.9862,0.9884,300
2026-03-17 13:15:00+00:00,2026-03-17 13:19:59.999000+00:00,0.9884,0.9898,0.9872,0.98919817,300
2026-03-17 13:20:00+00:00,2026-03-17 13:24:59.999000+00:00,0.98919817,0.98986422,0.9869,0.9872,300
2026-03-17 13:25:00+00:00,2026-03-17 13:29:59.999000+00:00,0.9872,0.9881,0.986328,0.98788175,300
2026-03-17 13:30:00+00:00,2026-03-17 13:34:59.999000+00:00,0.98788175,0.9948,0.98788175,0.991,300
2026-03-17 13:35:00+00:00,2026-03-17 13:39:59.999000+00:00,0.991,0.99212717,0.9898,0.99180325,300
2026-03-17 13:40:00+00:00,2026-03-17 13:44:59.999000+00:00,0.99180325,0.9925,0.9866,0.9867,300
2026-03-17 13:45:00+00:00,2026-03-17 13:49:59.999000+00:00,0.9867,0.9883,0.98474575,0.9857,300
2026-03-17 13:50:00+00:00,2026-03-17 13:54:59.999000+00:00,0.9856,0.9866,0.9834,0.9866,300
2026-03-17 13:55:00+00:00,2026-03-17 13:59:59.999000+00:00,0.9866,0.988,0.9858,0.9879005,300
2026-03-17 14:00:00+00:00,2026-03-17 14:04:59.999000+00:00,0.9879455,0.9879455,0.9843,0.98628,300
2026-03-17 14:05:00+00:00,2026-03-17 14:09:59.999000+00:00,0.98628,0.98924733,0.98595383,0.98920575,300
2026-03-17 14:10:00+00:00,2026-03-17 14:14:59.999000+00:00,0.98911858,0.9918,0.98829417,0.99068833,300
2026-03-17 14:15:00+00:00,2026-03-17 14:19:59.999000+00:00,0.99064833,0.9911,0.987,0.989,300
2026-03-17 14:20:00+00:00,2026-03-17 14:24:59.999000+00:00,0.989,0.9908,0.98867192,0.99039692,300
2026-03-17 14:25:00+00:00,2026-03-17 14:29:59.999000+00:00,0.99039692,0.99137408,0.9883,0.9913255,300
2026-03-17 14:30:00+00:00,2026-03-17 14:34:59.999000+00:00,0.9913255,0.99449017,0.99120383,0.9942,300
2026-03-17 14:35:00+00:00,2026-03-17 14:39:59.999000+00:00,0.9942,0.99599345,0.9931,0.9933,300
2026-03-17 14:40:00+00:00,2026-03-17 14:44:59.999000+00:00,0.9933,0.9944,0.99181083,0.99260033,300
2026-03-17 14:45:00+00:00,2026-03-17 14:49:59.999000+00:00,0.99269033,0.99380708,0.99085142,0.99086642,300
2026-03-17 14:50:00+00:00,2026-03-17 14:54:59.999000+00:00,0.990846,0.9924,0.988986,0.99196075,300
2026-03-17 14:55:00+00:00,2026-03-17 14:59:59.999000+00:00,0.99196075,0.99329567,0.9915,0.99282817,300
2026-03-17 15:00:00+00:00,2026-03-17 15:04:59.999000+00:00,0.99282817,0.99924975,0.99282817,0.9977,300
2026-03-17 15:05:00+00:00,2026-03-17 15:09:59.999000+00:00,0.9977,0.9978,0.99320025,0.9933,300
2026-03-17 15:10:00+00:00,2026-03-17 15:14:59.999000+00:00,0.9933,0.9935,0.99087741,0.99202308,300
2026-03-17 15:15:00+00:00,2026-03-17 15:19:59.999000+00:00,0.99187558,0.9928,0.99119567,0.99216492,300
2026-03-17 15:20:00+00:00,2026-03-17 15:24:59.999000+00:00,0.9922,0.99391207,0.989,0.9893,300
2026-03-17 15:25:00+00:00,2026-03-17 15:29:59.999000+00:00,0.9895,0.9909,0.9879,0.9879,300
2026-03-17 15:30:00+00:00,2026-03-17 15:34:59.999000+00:00,0.9879,0.98970192,0.98600475,0.98754283,300
2026-03-17 15:35:00+00:00,2026-03-17 15:39:59.999000+00:00,0.98751283,0.9879,0.98320725,0.98675783,300
2026-03-17 15:40:00+00:00,2026-03-17 15:44:59.999000+00:00,0.98675783,0.98707217,0.98432242,0.98606069,300
2026-03-17 15:45:00+00:00,2026-03-17 15:49:59.999000+00:00,0.98606069,0.98657608,0.9849905,0.9856,300
2026-03-17 15:50:00+00:00,2026-03-17 15:54:59.999000+00:00,0.9856,0.99223881,0.9856,0.99140508,300
2026-03-17 15:55:00+00:00,2026-03-17 15:59:59.999000+00:00,0.99140508,0.9917,0.99026292,0.99101358,300
2026-03-17 16:00:00+00:00,2026-03-17 16:04:59.999000+00:00,0.99099858,0.99299824,0.99099858,0.99216625,300
2026-03-17 16:05:00+00:00,2026-03-17 16:09:59.999000+00:00,0.99216625,0.99308815,0.99095725,0.9928,300
2026-03-17 16:10:00+00:00,2026-03-17 16:14:59.999000+00:00,0.9928,0.9935235,0.991872,0.99191275,300
2026-03-17 16:15:00+00:00,2026-03-17 16:19:59.999000+00:00,0.99191275,0.9960355,0.9914,0.9958,300
2026-03-17 16:20:00+00:00,2026-03-17 16:24:59.999000+00:00,0.9958,0.9987,0.9947,0.9987,300
2026-03-17 16:25:00+00:00,2026-03-17 16:29:59.999000+00:00,0.9987,0.9987,0.99524842,0.9957,300
2026-03-17 16:30:00+00:00,2026-03-17 16:34:59.999000+00:00,0.9955,0.996772,0.99178667,0.9929,300
2026-03-17 16:35:00+00:00,2026-03-17 16:39:59.999000+00:00,0.9929,0.993,0.9908,0.9923,300
2026-03-17 16:40:00+00:00,2026-03-17 16:44:59.999000+00:00,0.9923,0.99442492,0.99175667,0.9936,300
2026-03-17 16:45:00+00:00,2026-03-17 16:49:59.999000+00:00,0.9936,0.99463883,0.9926,0.99463883,300
2026-03-17 16:50:00+00:00,2026-03-17 16:54:59.999000+00:00,0.99463883,0.996674,0.9943,0.99557336,300
2026-03-17 16:55:00+00:00,2026-03-17 16:59:59.999000+00:00,0.99557336,0.9957,0.9923,0.99271431,300
2026-03-17 17:00:00+00:00,2026-03-17 17:04:59.999000+00:00,0.9928,0.99634083,0.9923,0.9955,300
2026-03-17 17:05:00+00:00,2026-03-17 17:09:59.999000+00:00,0.9955,0.995783,0.9942,0.99573917,300
2026-03-17 17:10:00+00:00,2026-03-17 17:14:59.999000+00:00,0.99573917,0.99573917,0.99196458,0.99418162,300
2026-03-17 17:15:00+00:00,2026-03-17 17:19:59.999000+00:00,0.99421912,0.99538411,0.9936665,0.9949,300
2026-03-17 17:20:00+00:00,2026-03-17 17:24:59.999000+00:00,0.995,0.99696646,0.99475217,0.99484638,300
2026-03-17 17:25:00+00:00,2026-03-17 17:29:59.999000+00:00,0.99484638,0.9959,0.9934,0.9947,300
2026-03-17 17:30:00+00:00,2026-03-17 17:34:59.999000+00:00,0.9947,0.99523367,0.992,0.99216267,300
2026-03-17 17:35:00+00:00,2026-03-17 17:39:59.999000+00:00,0.9922,0.9934815,0.9922,0.993,300
2026-03-17 17:40:00+00:00,2026-03-17 17:44:59.999000+00:00,0.99303675,0.99443908,0.99303675,0.99443908,300
2026-03-17 17:45:00+00:00,2026-03-17 17:49:59.999000+00:00,0.99443908,0.99583017,0.99345442,0.99583017,300
2026-03-17 17:50:00+00:00,2026-03-17 17:54:59.999000+00:00,0.996,0.99779308,0.99564992,0.99705842,300
2026-03-17 17:55:00+00:00,2026-03-17 17:59:59.999000+00:00,0.99702558,0.99952083,0.99656317,0.999,300
2026-03-17 18:00:00+00:00,2026-03-17 18:04:59.999000+00:00,0.999,0.99920055,0.9967355,0.9988,300
2026-03-17 18:05:00+00:00,2026-03-17 18:09:59.999000+00:00,0.9988,1.00015992,0.99848842,0.99982442,300
2026-03-17 18:10:00+00:00,2026-03-17 18:14:59.999000+00:00,1.00006042,1.00086258,0.9994,0.9995,300
2026-03-17 18:15:00+00:00,2026-03-17 18:19:59.999000+00:00,0.99945525,1.00017776,0.99805642,0.9991,300
2026-03-17 18:20:00+00:00,2026-03-17 18:24:59.999000+00:00,0.9991,0.99980217,0.9972415,0.99769567,300
2026-03-17 18:25:00+00:00,2026-03-17 18:29:59.999000+00:00,0.9975625,0.99782783,0.9962,0.99644138,300
2026-03-17 18:30:00+00:00,2026-03-17 18:34:59.999000+00:00,0.99644138,0.9993,0.99643375,0.9978,300
2026-03-17 18:35:00+00:00,2026-03-17 18:39:59.999000+00:00,0.9978,0.99892975,0.9972,0.99819448,300
2026-03-17 18:40:00+00:00,2026-03-17 18:44:59.999000+00:00,0.99819448,0.9996225,0.9975,0.99853333,300
2026-03-17 18:45:00+00:00,2026-03-17 18:49:59.999000+00:00,0.99853333,0.9993,0.99795917,0.9992,300
2026-03-17 18:50:00+00:00,2026-03-17 18:54:59.999000+00:00,0.9992,0.99974858,0.99887172,0.9997,300
2026-03-17 18:55:00+00:00,2026-03-17 18:59:59.999000+00:00,0.9997,0.9998245,0.9972515,0.9988,300
2026-03-17 19:00:00+00:00,2026-03-17 19:04:59.999000+00:00,0.9988,0.99964483,0.997035,0.99710192,300
2026-03-17 19:05:00+00:00,2026-03-17 19:09:59.999000+00:00,0.99710192,0.9979,0.996889,0.99707862,300
2026-03-17 19:10:00+00:00,2026-03-17 19:14:59.999000+00:00,0.99707862,0.99785592,0.9967,0.9967,300
2026-03-17 19:15:00+00:00,2026-03-17 19:19:59.999000+00:00,0.9967,0.99805817,0.9967,0.99719525,300
2026-03-17 19:20:00+00:00,2026-03-17 19:24:59.999000+00:00,0.99719525,0.99719525,0.9948,0.9957,300
2026-03-17 19:25:00+00:00,2026-03-17 19:29:59.999000+00:00,0.9957,0.9966255,0.99394617,0.9953,300
2026-03-17 19:30:00+00:00,2026-03-17 19:34:59.999000+00:00,0.9953,0.99556333,0.9943,0.9946,300
2026-03-17 19:35:00+00:00,2026-03-17 19:39:59.999000+00:00,0.9946,0.99826138,0.9946,0.9966,300
2026-03-17 19:40:00+00:00,2026-03-17 19:44:59.999000+00:00,0.9966,0.9967,0.995,0.99602025,300
2026-03-17 19:45:00+00:00,2026-03-17 19:49:59.999000+00:00,0.99595776,0.9964,0.9935,0.9952,300
2026-03-17 19:50:00+00:00,2026-03-17 19:54:59.999000+00:00,0.9952,0.99521313,0.9927,0.9934,300
2026-03-17 19:55:00+00:00,2026-03-17 19:59:59.999000+00:00,0.9934,0.9934,0.9918,0.99226467,300
2026-03-17 20:00:00+00:00,2026-03-17 20:04:59.999000+00:00,0.9922395,0.99342958,0.99212342,0.99271525,300
2026-03-17 20:05:00+00:00,2026-03-17 20:09:59.999000+00:00,0.99271525,0.99385792,0.9918,0.9929,300
2026-03-17 20:10:00+00:00,2026-03-17 20:14:59.999000+00:00,0.9929,0.99384783,0.99153467,0.99153467,300
2026-03-17 20:15:00+00:00,2026-03-17 20:19:59.999000+00:00,0.99152967,0.9932,0.99127317,0.9929,300
2026-03-17 20:20:00+00:00,2026-03-17 20:24:59.999000+00:00,0.9929,0.9968,0.9929,0.9966,300
2026-03-17 20:25:00+00:00,2026-03-17 20:29:59.999000+00:00,0.9966,0.9995,0.9964745,0.999333,300
2026-03-17 20:30:00+00:00,2026-03-17 20:34:59.999000+00:00,0.99927633,1.0,0.9964,0.9965,300
2026-03-17 20:35:00+00:00,2026-03-17 20:39:59.999000+00:00,0.9965,0.9988745,0.9965,0.99880167,300
2026-03-17 20:40:00+00:00,2026-03-17 20:44:59.999000+00:00,0.99880167,0.99933733,0.998,0.99922691,300
2026-03-17 20:45:00+00:00,2026-03-17 20:49:59.999000+00:00,0.9992,1.0024,0.9992,1.0024,300
2026-03-17 20:50:00+00:00,2026-03-17 20:54:59.999000+00:00,1.0024,1.00418833,1.0024,1.00294575,300
2026-03-17 20:55:00+00:00,2026-03-17 20:59:59.999000+00:00,1.00297575,1.00457667,1.0029,1.0036,300
2026-03-17 21:00:00+00:00,2026-03-17 21:04:59.999000+00:00,1.0036,1.00518783,1.00268725,1.00298117,300
2026-03-17 21:05:00+00:00,2026-03-17 21:09:59.999000+00:00,1.00295117,1.00434633,1.0028,1.00404883,300
2026-03-17 21:10:00+00:00,2026-03-17 21:14:59.999000+00:00,1.00404883,1.01127925,1.00404725,1.008,300
2026-03-17 21:15:00+00:00,2026-03-17 21:19:59.999000+00:00,1.008,1.01126692,1.0076,1.0104635,300
2026-03-17 21:20:00+00:00,2026-03-17 21:24:59.999000+00:00,1.0104635,1.01245917,1.009778,1.0109,300
2026-03-17 21:25:00+00:00,2026-03-17 21:29:59.999000+00:00,1.0109,1.0109,1.0076,1.0079,300
2026-03-17 21:30:00+00:00,2026-03-17 21:34:59.999000+00:00,1.0079,1.00900583,1.00672683,1.00872675,300
2026-03-17 21:35:00+00:00,2026-03-17 21:39:59.999000+00:00,1.00869675,1.00924258,1.0078,1.00924258,300
2026-03-17 21:40:00+00:00,2026-03-17 21:44:59.999000+00:00,1.00928342,1.01140442,1.00826,1.01098417,300
2026-03-17 21:45:00+00:00,2026-03-17 21:49:59.999000+00:00,1.01098417,1.01101592,1.00931892,1.00931892,300
2026-03-17 21:50:00+00:00,2026-03-17 21:54:59.999000+00:00,1.00931142,1.00933392,1.00745133,1.0078,300
2026-03-17 21:55:00+00:00,2026-03-17 21:59:59.999000+00:00,1.0078,1.008,1.0061,1.008,300
2026-03-17 22:00:00+00:00,2026-03-17 22:04:59.999000+00:00,1.008,1.01037775,1.00698483,1.01005433,300
2026-03-17 22:05:00+00:00,2026-03-17 22:09:59.999000+00:00,1.01005433,1.0102,1.0063,1.0072,300
2026-03-17 22:10:00+00:00,2026-03-17 22:14:59.999000+00:00,1.0072,1.00819942,1.0057,1.0066,300
2026-03-17 22:15:00+00:00,2026-03-17 22:19:59.999000+00:00,1.0066,1.0086,1.0065,1.0081555,300
2026-03-17 22:20:00+00:00,2026-03-17 22:24:59.999000+00:00,1.0081555,1.0108125,1.00803892,1.00841383,300
2026-03-17 22:25:00+00:00,2026-03-17 22:29:59.999000+00:00,1.00841383,1.00858133,1.00689608,1.007,300
2026-03-17 22:30:00+00:00,2026-03-17 22:34:59.999000+00:00,1.0071,1.00747642,1.0035,1.0061,300
2026-03-17 22:35:00+00:00,2026-03-17 22:39:59.999000+00:00,1.0061,1.0063,1.0027,1.00416942,300
2026-03-17 22:40:00+00:00,2026-03-17 22:44:59.999000+00:00,1.00416942,1.00611058,1.00355775,1.0047,300
2026-03-17 22:45:00+00:00,2026-03-17 22:49:59.999000+00:00,1.0047,1.00805867,1.00436358,1.007,300
2026-03-17 22:50:00+00:00,2026-03-17 22:54:59.999000+00:00,1.0071,1.0121,1.00649117,1.0114,300
2026-03-17 22:55:00+00:00,2026-03-17 22:59:59.999000+00:00,1.01134147,1.0124,1.0107,1.0121,300
2026-03-17 23:00:00+00:00,2026-03-17 23:04:59.999000+00:00,1.0121,1.0121,1.00789308,1.0097,300
2026-03-17 23:05:00+00:00,2026-03-17 23:09:59.999000+00:00,1.0097,1.01255616,1.0096,1.0112,300
2026-03-17 23:10:00+00:00,2026-03-17 23:14:59.999000+00:00,1.0114,1.01328863,1.01080292,1.0118,300
2026-03-17 23:15:00+00:00,2026-03-17 23:19:59.999000+00:00,1.0118,1.01180192,1.01,1.01117208,300
2026-03-17 23:20:00+00:00,2026-03-17 23:24:59.999000+00:00,1.01117208,1.011935,1.0073,1.00964917,300
2026-03-17 23:25:00+00:00,2026-03-17 23:29:59.999000+00:00,1.00964917,1.00964917,1.0079,1.0095,300
2026-03-17 23:30:00+00:00,2026-03-17 23:34:59.999000+00:00,1.0096,1.0096,1.006522,1.0071,300
2026-03-17 23:35:00+00:00,2026-03-17 23:39:59.999000+00:00,1.0071,1.0081,1.00641642,1.00802217,300
2026-03-17 23:40:00+00:00,2026-03-17 23:44:59.999000+00:00,1.00802217,1.00802217,1.004392,1.0045,300
2026-03-17 23:45:00+00:00,2026-03-17 23:49:59.999000+00:00,1.0046,1.00606774,1.00429533,1.0059,300
2026-03-17 23:50:00+00:00,2026-03-17 23:54:59.999000+00:00,1.0059,1.0059,1.004142,1.0043,300
2026-03-17 23:55:00+00:00,2026-03-17 23:59:59.999000+00:00,1.0043,1.004867,1.0037,1.004867,300
2026-03-18 00:00:00+00:00,2026-03-18 00:04:59.999000+00:00,1.004867,1.00894634,1.0044,1.0078,300
2026-03-18 00:05:00+00:00,2026-03-18 00:09:59.999000+00:00,1.0078,1.0082,1.00388414,1.0039,300
2026-03-18 00:10:00+00:00,2026-03-18 00:14:59.999000+00:00,1.0039,1.00484033,1.0023,1.0025,300
2026-03-18 00:15:00+00:00,2026-03-18 00:19:59.999000+00:00,1.0025,1.0046,1.0011,1.00407142,300
2026-03-18 00:20:00+00:00,2026-03-18 00:24:59.999000+00:00,1.00407142,1.0044,0.9994745,1.0,300
2026-03-18 00:25:00+00:00,2026-03-18 00:29:59.999000+00:00,1.0,1.0036,0.99937592,1.00109325,300
2026-03-18 00:30:00+00:00,2026-03-18 00:34:59.999000+00:00,1.00116825,1.00137342,0.99757,0.99858033,300
2026-03-18 00:35:00+00:00,2026-03-18 00:39:59.999000+00:00,0.99856533,0.9986,0.99674908,0.997,300
2026-03-18 00:40:00+00:00,2026-03-18 00:44:59.999000+00:00,0.997,0.99963667,0.9967,0.99963667,300
2026-03-18 00:45:00+00:00,2026-03-18 00:49:59.999000+00:00,0.99968917,1.0023,0.99959825,1.0022925,300
2026-03-18 00:50:00+00:00,2026-03-18 00:54:59.999000+00:00,1.0022925,1.0024,1.000989,1.00099367,300
2026-03-18 00:55:00+00:00,2026-03-18 00:59:59.999000+00:00,1.00088867,1.0017,1.00027475,1.0017,300
2026-03-18 01:00:00+00:00,2026-03-18 01:04:59.999000+00:00,1.0017,1.00493367,1.0003,1.0005,300
2026-03-18 01:05:00+00:00,2026-03-18 01:09:59.999000+00:00,1.0005,1.00106075,0.9991,1.0003,300
2026-03-18 01:10:00+00:00,2026-03-18 01:14:59.999000+00:00,1.0003,1.0016275,0.99855258,1.00150925,300
2026-03-18 01:15:00+00:00,2026-03-18 01:19:59.999000+00:00,1.0016,1.0039,1.0016,1.0032,300
2026-03-18 01:20:00+00:00,2026-03-18 01:24:59.999000+00:00,1.0031,1.00430792,1.0022,1.0024,300
2026-03-18 01:25:00+00:00,2026-03-18 01:29:59.999000+00:00,1.00241717,1.006,1.00241717,1.0048,300
2026-03-18 01:30:00+00:00,2026-03-18 01:34:59.999000+00:00,1.0048,1.0067,1.0038,1.0058,300
2026-03-18 01:35:00+00:00,2026-03-18 01:39:59.999000+00:00,1.0058,1.0066,1.00404983,1.0066,300
2026-03-18 01:40:00+00:00,2026-03-18 01:44:59.999000+00:00,1.0066,1.01129317,1.0066,1.00773217,300
2026-03-18 01:45:00+00:00,2026-03-18 01:49:59.999000+00:00,1.00765717,1.0095,1.0076,1.00896483,300
2026-03-18 01:50:00+00:00,2026-03-18 01:54:59.999000+00:00,1.00896483,1.0091,1.0053,1.0055,300
2026-03-18 01:55:00+00:00,2026-03-18 01:59:59.999000+00:00,1.0055,1.0060425,1.00262442,1.00262442,300
2026-03-18 02:00:00+00:00,2026-03-18 02:04:59.999000+00:00,1.00234442,1.0029,1.00059517,1.00210009,300
2026-03-18 02:05:00+00:00,2026-03-18 02:09:59.999000+00:00,1.00210009,1.0052,1.00200283,1.0052,300
2026-03-18 02:10:00+00:00,2026-03-18 02:14:59.999000+00:00,1.0052,1.0068255,1.0048,1.0051,300
2026-03-18 02:15:00+00:00,2026-03-18 02:19:59.999000+00:00,1.0051,1.00661433,1.00490967,1.00579667,300
2026-03-18 02:20:00+00:00,2026-03-18 02:24:59.999000+00:00,1.00579667,1.00702267,1.004916,1.00576125,300
2026-03-18 02:25:00+00:00,2026-03-18 02:29:59.999000+00:00,1.00576875,1.005935,1.004,1.0052,300
2026-03-18 02:30:00+00:00,2026-03-18 02:34:59.999000+00:00,1.0052,1.00861155,1.00353133,1.00712567,300
2026-03-18 02:35:00+00:00,2026-03-18 02:39:59.999000+00:00,1.00712567,1.0097,1.00577525,1.00940642,300
2026-03-18 02:40:00+00:00,2026-03-18 02:44:59.999000+00:00,1.00940642,1.01202583,1.0083,1.01185948,300
2026-03-18 02:45:00+00:00,2026-03-18 02:49:59.999000+00:00,1.01185948,1.0130769,1.01,1.01061967,300
2026-03-18 02:50:00+00:00,2026-03-18 02:54:59.999000+00:00,1.01061967,1.0111,1.0081,1.0083,300
2026-03-18 02:55:00+00:00,2026-03-18 02:59:59.999000+00:00,1.0083,1.0098,1.007,1.0097545,300
2026-03-18 03:00:00+00:00,2026-03-18 03:04:59.999000+00:00,1.0097545,1.0107,1.00916283,1.01017125,300
2026-03-18 03:05:00+00:00,2026-03-18 03:09:59.999000+00:00,1.0097,1.0101,1.00703867,1.00971533,300
2026-03-18 03:10:00+00:00,2026-03-18 03:14:59.999000+00:00,1.00971533,1.0110515,1.009686,1.0098,300
2026-03-18 03:15:00+00:00,2026-03-18 03:19:59.999000+00:00,1.0098,1.013,1.0098,1.01227208,300
2026-03-18 03:20:00+00:00,2026-03-18 03:24:59.999000+00:00,1.01227208,1.0166,1.0117,1.01569425,300
2026-03-18 03:25:00+00:00,2026-03-18 03:29:59.999000+00:00,1.01569425,1.01611667,1.0124,1.01470383,300
2026-03-18 03:30:00+00:00,2026-03-18 03:34:59.999000+00:00,1.01470383,1.0158,1.0136,1.01519425,300
2026-03-18 03:35:00+00:00,2026-03-18 03:39:59.999000+00:00,1.01519425,1.0159585,1.0141,1.0143,300
2026-03-18 03:40:00+00:00,2026-03-18 03:44:59.999000+00:00,1.0143,1.0147,1.0128,1.0132,300
2026-03-18 03:45:00+00:00,2026-03-18 03:49:59.999000+00:00,1.0132,1.01386467,1.0115,1.01273167,300
2026-03-18 03:50:00+00:00,2026-03-18 03:54:59.999000+00:00,1.01273167,1.01306183,1.0117,1.011707,300
2026-03-18 03:55:00+00:00,2026-03-18 03:59:59.999000+00:00,1.0119,1.0125,1.0101,1.01074267,300
2026-03-18 04:00:00+00:00,2026-03-18 04:04:59.999000+00:00,1.01074267,1.01126125,1.0077,1.00845783,300
2026-03-18 04:05:00+00:00,2026-03-18 04:09:59.999000+00:00,1.00845783,1.00845783,1.0056,1.0059,300
2026-03-18 04:10:00+00:00,2026-03-18 04:14:59.999000+00:00,1.0059,1.0069655,1.0055,1.006832,300
2026-03-18 04:15:00+00:00,2026-03-18 04:19:59.999000+00:00,1.006832,1.006832,1.00437767,1.005,300
2026-03-18 04:20:00+00:00,2026-03-18 04:24:59.999000+00:00,1.00529017,1.0067,1.00529017,1.0066,300
2026-03-18 04:25:00+00:00,2026-03-18 04:29:59.999000+00:00,1.0066,1.0066,1.00331108,1.0036,300
2026-03-18 04:30:00+00:00,2026-03-18 04:34:59.999000+00:00,1.0036,1.0038,1.0024,1.0031,300
2026-03-18 04:35:00+00:00,2026-03-18 04:39:59.999000+00:00,1.0031,1.0048,1.00261883,1.004589,300
2026-03-18 04:40:00+00:00,2026-03-18 04:44:59.999000+00:00,1.004589,1.004589,1.0028,1.0032,300
2026-03-18 04:45:00+00:00,2026-03-18 04:49:59.999000+00:00,1.0032,1.005429,1.0031,1.003753,300
2026-03-18 04:50:00+00:00,2026-03-18 04:54:59.999000+00:00,1.003753,1.004603,1.00334155,1.0037,300
2026-03-18 04:55:00+00:00,2026-03-18 04:59:59.999000+00:00,1.0037,1.005,1.0036,1.0048,300
2026-03-18 05:00:00+00:00,2026-03-18 05:04:59.999000+00:00,1.0048,1.009,1.0048,1.00826458,300
2026-03-18 05:05:00+00:00,2026-03-18 05:09:59.999000+00:00,1.00826458,1.0138,1.00826458,1.013716,300
2026-03-18 05:10:00+00:00,2026-03-18 05:14:59.999000+00:00,1.013716,1.01725875,1.01365417,1.0164,300
2026-03-18 05:15:00+00:00,2026-03-18 05:19:59.999000+00:00,1.0164,1.01723992,1.01484483,1.015,300
2026-03-18 05:20:00+00:00,2026-03-18 05:24:59.999000+00:00,1.015,1.015813,1.0137,1.01448325,300
2026-03-18 05:25:00+00:00,2026-03-18 05:29:59.999000+00:00,1.01448325,1.0148,1.0117,1.0121,300
2026-03-18 05:30:00+00:00,2026-03-18 05:34:59.999000+00:00,1.0121,1.0126,1.00892683,1.009,300
2026-03-18 05:35:00+00:00,2026-03-18 05:39:59.999000+00:00,1.00891933,1.009702,1.0083969,1.0089,300
2026-03-18 05:40:00+00:00,2026-03-18 05:44:59.999000+00:00,1.0089,1.01018567,1.0084,1.0091,300
2026-03-18 05:45:00+00:00,2026-03-18 05:49:59.999000+00:00,1.0092,1.0103145,1.00907333,1.00928208,300
2026-03-18 05:50:00+00:00,2026-03-18 05:54:59.999000+00:00,1.00928208,1.00928208,1.0045,1.0046,300
2026-03-18 05:55:00+00:00,2026-03-18 05:59:59.999000+00:00,1.0046,1.00462733,1.00298092,1.0042,300
2026-03-18 06:00:00+00:00,2026-03-18 06:04:59.999000+00:00,1.00413975,1.00626883,1.00413975,1.0054,300
2026-03-18 06:05:00+00:00,2026-03-18 06:09:59.999000+00:00,1.0053,1.006804,1.00519362,1.006804,300
2026-03-18 06:10:00+00:00,2026-03-18 06:14:59.999000+00:00,1.006804,1.00684567,1.0054,1.0061,300
2026-03-18 06:15:00+00:00,2026-03-18 06:19:59.999000+00:00,1.0061,1.0069,1.0052,1.0062,300
2026-03-18 06:20:00+00:00,2026-03-18 06:24:59.999000+00:00,1.0062,1.00852117,1.00566069,1.00852117,300
2026-03-18 06:25:00+00:00,2026-03-18 06:29:59.999000+00:00,1.00852117,1.009645,1.007715,1.008806,300
2026-03-18 06:30:00+00:00,2026-03-18 06:34:59.999000+00:00,1.008806,1.0093,1.0075,1.0077,300
2026-03-18 06:35:00+00:00,2026-03-18 06:39:59.999000+00:00,1.0077,1.0084,1.0048,1.005,300
2026-03-18 06:40:00+00:00,2026-03-18 06:44:59.999000+00:00,1.005,1.0059,1.0049,1.0059,300
2026-03-18 06:45:00+00:00,2026-03-18 06:49:59.999000+00:00,1.006,1.00673417,1.0055,1.0056,300
2026-03-18 06:50:00+00:00,2026-03-18 06:54:59.999000+00:00,1.0056,1.00671792,1.0054,1.00657,300
2026-03-18 06:55:00+00:00,2026-03-18 06:59:59.999000+00:00,1.00657,1.00693367,1.00246938,1.0026,299
2026-03-18 07:00:00+00:00,2026-03-18 07:04:59.999000+00:00,1.0026,1.00268867,1.00099707,1.0021,300
2026-03-18 07:05:00+00:00,2026-03-18 07:09:59.999000+00:00,1.0021,1.00359974,1.00161867,1.00163776,299
2026-03-18 07:10:00+00:00,2026-03-18 07:14:59.999000+00:00,1.00158583,1.00529717,1.00158583,1.0045,300
2026-03-18 07:15:00+00:00,2026-03-18 07:19:59.999000+00:00,1.0045,1.005,1.0036,1.00439583,300
2026-03-18 07:20:00+00:00,2026-03-18 07:24:59.999000+00:00,1.00439583,1.00439583,1.00348083,1.0041,300
2026-03-18 07:25:00+00:00,2026-03-18 07:29:59.999000+00:00,1.0041,1.00418883,1.0005,1.0013,300
2026-03-18 07:30:00+00:00,2026-03-18 07:34:59.999000+00:00,1.0013,1.0023,0.99890067,1.0008,300
2026-03-18 07:35:00+00:00,2026-03-18 07:39:59.999000+00:00,1.0008,1.00406233,1.0002285,1.001,300
2026-03-18 07:40:00+00:00,2026-03-18 07:44:59.999000+00:00,1.001,1.002705,1.0008,1.0011,300
2026-03-18 07:45:00+00:00,2026-03-18 07:49:59.999000+00:00,1.0011,1.00369125,1.0007,1.00354125,300
2026-03-18 07:50:00+00:00,2026-03-18 07:54:59.999000+00:00,1.00348125,1.00454833,1.0023,1.00399108,300
2026-03-18 07:55:00+00:00,2026-03-18 07:59:59.999000+00:00,1.00399108,1.0045735,1.0035,1.0037,300
2026-03-18 08:00:00+00:00,2026-03-18 08:04:59.999000+00:00,1.0037,1.00791267,1.003625,1.0062,300
2026-03-18 08:05:00+00:00,2026-03-18 08:09:59.999000+00:00,1.0062,1.00709058,1.0054555,1.0058,300
2026-03-18 08:10:00+00:00,2026-03-18 08:14:59.999000+00:00,1.00576067,1.0065,1.005,1.0059,300
2026-03-18 08:15:00+00:00,2026-03-18 08:19:59.999000+00:00,1.0059,1.0069,1.00503033,1.0056,300
2026-03-18 08:20:00+00:00,2026-03-18 08:24:59.999000+00:00,1.0056,1.00748883,1.0056,1.0069,300
2026-03-18 08:25:00+00:00,2026-03-18 08:29:59.999000+00:00,1.0069,1.007558,1.0056,1.0064,300
2026-03-18 08:30:00+00:00,2026-03-18 08:34:59.999000+00:00,1.0064,1.00706003,1.0058,1.0063,300
2026-03-18 08:35:00+00:00,2026-03-18 08:39:59.999000+00:00,1.00627026,1.00677026,1.0048,1.0054,300
2026-03-18 08:40:00+00:00,2026-03-18 08:44:59.999000+00:00,1.0054,1.00603219,1.0047,1.00558325,300
2026-03-18 08:45:00+00:00,2026-03-18 08:49:59.999000+00:00,1.00558325,1.00664117,1.00475371,1.00570078,300
2026-03-18 08:50:00+00:00,2026-03-18 08:54:59.999000+00:00,1.00570078,1.00679433,1.0037,1.0038,300
2026-03-18 08:55:00+00:00,2026-03-18 08:59:59.999000+00:00,1.0038,1.00401067,1.00203117,1.0025,300
2026-03-18 09:00:00+00:00,2026-03-18 09:04:59.999000+00:00,1.0025,1.00496525,1.001,1.0048,300
2026-03-18 09:05:00+00:00,2026-03-18 09:09:59.999000+00:00,1.0048,1.0057,1.00358733,1.00471867,300
2026-03-18 09:10:00+00:00,2026-03-18 09:14:59.999000+00:00,1.00471867,1.005745,1.0035,1.00559017,300
2026-03-18 09:15:00+00:00,2026-03-18 09:19:59.999000+00:00,1.00509017,1.00862465,1.005,1.00843875,300
2026-03-18 09:20:00+00:00,2026-03-18 09:24:59.999000+00:00,1.00843875,1.01035812,1.008,1.01031313,300
2026-03-18 09:25:00+00:00,2026-03-18 09:29:59.999000+00:00,1.00981318,1.01222383,1.009,1.011,300
2026-03-18 09:30:00+00:00,2026-03-18 09:34:59.999000+00:00,1.011,1.0144585,1.0107,1.01428033,300
2026-03-18 09:35:00+00:00,2026-03-18 09:39:59.999000+00:00,1.01428033,1.01521067,1.0129575,1.0129575,300
2026-03-18 09:40:00+00:00,2026-03-18 09:44:59.999000+00:00,1.0129575,1.01350775,1.0126,1.0126,300
2026-03-18 09:45:00+00:00,2026-03-18 09:49:59.999000+00:00,1.0126,1.014,1.01192825,1.01328574,300
2026-03-18 09:50:00+00:00,2026-03-18 09:54:59.999000+00:00,1.01328574,1.01389825,1.0101,1.0112485,300
2026-03-18 09:55:00+00:00,2026-03-18 09:59:59.999000+00:00,1.01122417,1.01275034,1.0097,1.01273534,300
2026-03-18 10:00:00+00:00,2026-03-18 10:04:59.999000+00:00,1.01273534,1.01311367,1.00983292,1.00986392,300
2026-03-18 10:05:00+00:00,2026-03-18 10:09:59.999000+00:00,1.00978525,1.0099,1.0082,1.00882,300
2026-03-18 10:10:00+00:00,2026-03-18 10:14:59.999000+00:00,1.00882,1.0125,1.00882,1.01241675,300
2026-03-18 10:15:00+00:00,2026-03-18 10:19:59.999000+00:00,1.01251883,1.01374792,1.01144833,1.01144833,300
2026-03-18 10:20:00+00:00,2026-03-18 10:24:59.999000+00:00,1.01094833,1.01183345,1.0105,1.0116,300
2026-03-18 10:25:00+00:00,2026-03-18 10:29:59.999000+00:00,1.0116,1.0141,1.0116,1.0131,300
2026-03-18 10:30:00+00:00,2026-03-18 10:34:59.999000+00:00,1.0131,1.0137425,1.011,1.0114,300
2026-03-18 10:35:00+00:00,2026-03-18 10:39:59.999000+00:00,1.01140917,1.0117,1.00808725,1.0084,300
2026-03-18 10:40:00+00:00,2026-03-18 10:44:59.999000+00:00,1.0084,1.009434,1.0072,1.0088,300
2026-03-18 10:45:00+00:00,2026-03-18 10:49:59.999000+00:00,1.00879532,1.01059322,1.00812558,1.0098,300
2026-03-18 10:50:00+00:00,2026-03-18 10:54:59.999000+00:00,1.0098,1.012734,1.00940233,1.0119,300
2026-03-18 10:55:00+00:00,2026-03-18 10:59:59.999000+00:00,1.0119,1.0131085,1.00947775,1.0099,300
2026-03-18 11:00:00+00:00,2026-03-18 11:04:59.999000+00:00,1.0098,1.0098,1.0066,1.0066,300
2026-03-18 11:05:00+00:00,2026-03-18 11:09:59.999000+00:00,1.0067,1.00780467,1.0055,1.0078,300
2026-03-18 11:10:00+00:00,2026-03-18 11:14:59.999000+00:00,1.0078,1.01153475,1.0078,1.00839875,300
2026-03-18 11:15:00+00:00,2026-03-18 11:19:59.999000+00:00,1.00839875,1.01124422,1.00805433,1.0111,300
2026-03-18 11:20:00+00:00,2026-03-18 11:24:59.999000+00:00,1.0111,1.01252917,1.0099,1.0099,300
2026-03-18 11:25:00+00:00,2026-03-18 11:29:59.999000+00:00,1.0099,1.0099,1.0031,1.00406267,300
2026-03-18 11:30:00+00:00,2026-03-18 11:34:59.999000+00:00,1.0041,1.0042,0.9928,0.9934,300
2026-03-18 11:35:00+00:00,2026-03-18 11:39:59.999000+00:00,0.9934,0.9934,0.9827235,0.9828,300
2026-03-18 11:40:00+00:00,2026-03-18 11:44:59.999000+00:00,0.9828,0.98714058,0.9811,0.9869,300
2026-03-18 11:45:00+00:00,2026-03-18 11:49:59.999000+00:00,0.9869418,0.98807667,0.98463892,0.98467508,300
2026-03-18 11:50:00+00:00,2026-03-18 11:54:59.999000+00:00,0.98467508,0.98589708,0.98162767,0.98190267,300
2026-03-18 11:55:00+00:00,2026-03-18 11:59:59.999000+00:00,0.98190267,0.98461026,0.98188558,0.983,300
2026-03-18 12:00:00+00:00,2026-03-18 12:04:59.999000+00:00,0.983,0.983,0.9782,0.9803,300
2026-03-18 12:05:00+00:00,2026-03-18 12:09:59.999000+00:00,0.9803,0.9803,0.9766,0.977,300
2026-03-18 12:10:00+00:00,2026-03-18 12:14:59.999000+00:00,0.977,0.97966983,0.976,0.9788,300
2026-03-18 12:15:00+00:00,2026-03-18 12:19:59.999000+00:00,0.9786,0.98293567,0.97858092,0.9821,300
2026-03-18 12:20:00+00:00,2026-03-18 12:24:59.999000+00:00,0.9821,0.98316259,0.9796,0.981462,300
2026-03-18 12:25:00+00:00,2026-03-18 12:29:59.999000+00:00,0.981462,0.9818,0.9786,0.9802,300
2026-03-18 12:30:00+00:00,2026-03-18 12:34:59.999000+00:00,0.9805,0.9806675,0.9647,0.96767317,300
2026-03-18 12:35:00+00:00,2026-03-18 12:39:59.999000+00:00,0.96797,0.9708,0.9669,0.9686,300
2026-03-18 12:40:00+00:00,2026-03-18 12:44:59.999000+00:00,0.96852358,0.97399033,0.96841858,0.9729385,300
2026-03-18 12:45:00+00:00,2026-03-18 12:49:59.999000+00:00,0.9729385,0.9729985,0.96869655,0.9705,300
2026-03-18 12:50:00+00:00,2026-03-18 12:54:59.999000+00:00,0.9705,0.9719762,0.96928675,0.97134567,300
2026-03-18 12:55:00+00:00,2026-03-18 12:59:59.999000+00:00,0.97140567,0.97220867,0.9694,0.97068933,300
2026-03-18 13:00:00+00:00,2026-03-18 13:04:59.999000+00:00,0.9706005,0.97313075,0.9637,0.97231742,300
2026-03-18 13:05:00+00:00,2026-03-18 13:09:59.999000+00:00,0.97239242,0.97440642,0.97171767,0.97283183,300
2026-03-18 13:10:00+00:00,2026-03-18 13:14:59.999000+00:00,0.97280933,0.9729,0.9698,0.9714075,300
2026-03-18 13:15:00+00:00,2026-03-18 13:19:59.999000+00:00,0.97132092,0.97184842,0.96560608,0.96560608,300
2026-03-18 13:20:00+00:00,2026-03-18 13:24:59.999000+00:00,0.96560608,0.97113952,0.9649,0.9681,300
2026-03-18 13:25:00+00:00,2026-03-18 13:29:59.999000+00:00,0.96863983,0.96863983,0.96462992,0.96795183,300
2026-03-18 13:30:00+00:00,2026-03-18 13:34:59.999000+00:00,0.9679,0.9684315,0.9664,0.9676,300
2026-03-18 13:35:00+00:00,2026-03-18 13:39:59.999000+00:00,0.9679,0.975248,0.9676,0.9699015,300
2026-03-18 13:40:00+00:00,2026-03-18 13:44:59.999000+00:00,0.9698715,0.97021342,0.96642317,0.9672,300
2026-03-18 13:45:00+00:00,2026-03-18 13:49:59.999000+00:00,0.9672,0.96802742,0.96307492,0.9635,300
2026-03-18 13:50:00+00:00,2026-03-18 13:54:59.999000+00:00,0.9634,0.96527233,0.96250733,0.9638,300
2026-03-18 13:55:00+00:00,2026-03-18 13:59:59.999000+00:00,0.96383629,0.9646,0.9625,0.96429207,300
2026-03-18 14:00:00+00:00,2026-03-18 14:04:59.999000+00:00,0.96429207,0.96524078,0.95852275,0.9604,300
2026-03-18 14:05:00+00:00,2026-03-18 14:09:59.999000+00:00,0.9603,0.9633,0.9580465,0.96233308,300
2026-03-18 14:10:00+00:00,2026-03-18 14:14:59.999000+00:00,0.96224308,0.96224308,0.95775017,0.9583,300
2026-03-18 14:15:00+00:00,2026-03-18 14:19:59.999000+00:00,0.9582395,0.96041742,0.9554,0.95808733,300
2026-03-18 14:20:00+00:00,2026-03-18 14:24:59.999000+00:00,0.95801233,0.96034283,0.957304,0.9591,300
2026-03-18 14:25:00+00:00,2026-03-18 14:29:59.999000+00:00,0.9591,0.95935333,0.95662717,0.9586895,300
2026-03-18 14:30:00+00:00,2026-03-18 14:34:59.999000+00:00,0.9586895,0.9604,0.9545,0.95582567,300
2026-03-18 14:35:00+00:00,2026-03-18 14:39:59.999000+00:00,0.95582567,0.9565,0.9526,0.9548425,300
2026-03-18 14:40:00+00:00,2026-03-18 14:44:59.999000+00:00,0.9548425,0.9548425,0.9464,0.9474,300
2026-03-18 14:45:00+00:00,2026-03-18 14:49:59.999000+00:00,0.94743917,0.95088692,0.94743917,0.9497,300
2026-03-18 14:50:00+00:00,2026-03-18 14:54:59.999000+00:00,0.9497,0.95109067,0.94546583,0.9469,300
2026-03-18 14:55:00+00:00,2026-03-18 14:59:59.999000+00:00,0.9469,0.95012683,0.94453825,0.9451,300
2026-03-18 15:00:00+00:00,2026-03-18 15:04:59.999000+00:00,0.9451,0.94829879,0.9384819,0.94725442,300
2026-03-18 15:05:00+00:00,2026-03-18 15:09:59.999000+00:00,0.94725442,0.95014936,0.9463445,0.947,300
2026-03-18 15:10:00+00:00,2026-03-18 15:14:59.999000+00:00,0.9472,0.9472,0.94197417,0.943,300
2026-03-18 15:15:00+00:00,2026-03-18 15:19:59.999000+00:00,0.943,0.94564667,0.9422,0.94457069,300
2026-03-18 15:20:00+00:00,2026-03-18 15:24:59.999000+00:00,0.94457069,0.9455725,0.943664,0.9446,300
2026-03-18 15:25:00+00:00,2026-03-18 15:29:59.999000+00:00,0.94465342,0.9473,0.9443,0.9454,300
2026-03-18 15:30:00+00:00,2026-03-18 15:34:59.999000+00:00,0.94526642,0.9503,0.9447,0.94910483,300
2026-03-18 15:35:00+00:00,2026-03-18 15:39:59.999000+00:00,0.94910483,0.94910483,0.9466,0.9488,300
2026-03-18 15:40:00+00:00,2026-03-18 15:44:59.999000+00:00,0.9487,0.94940733,0.947,0.94862575,300
2026-03-18 15:45:00+00:00,2026-03-18 15:49:59.999000+00:00,0.94862575,0.95079534,0.94789758,0.9505,300
2026-03-18 15:50:00+00:00,2026-03-18 15:54:59.999000+00:00,0.9505,0.95226892,0.94890267,0.95138767,300
2026-03-18 15:55:00+00:00,2026-03-18 15:59:59.999000+00:00,0.95138767,0.9521,0.95037925,0.95087828,300
2026-03-18 16:00:00+00:00,2026-03-18 16:04:59.999000+00:00,0.95073867,0.95073867,0.94681058,0.94944225,300
2026-03-18 16:05:00+00:00,2026-03-18 16:09:59.999000+00:00,0.94944225,0.95173717,0.9475,0.9507,300
2026-03-18 16:10:00+00:00,2026-03-18 16:14:59.999000+00:00,0.9507,0.95134276,0.9492335,0.9495,300
2026-03-18 16:15:00+00:00,2026-03-18 16:19:59.999000+00:00,0.9494,0.9517,0.94812,0.951,300
2026-03-18 16:20:00+00:00,2026-03-18 16:24:59.999000+00:00,0.951,0.9517,0.94515508,0.94553075,300
2026-03-18 16:25:00+00:00,2026-03-18 16:29:59.999000+00:00,0.94553075,0.94691578,0.9445,0.94491458,300
2026-03-18 16:30:00+00:00,2026-03-18 16:34:59.999000+00:00,0.94491458,0.9474,0.94389775,0.94402121,300
2026-03-18 16:35:00+00:00,2026-03-18 16:39:59.999000+00:00,0.94394621,0.94878242,0.9427235,0.9484,300
2026-03-18 16:40:00+00:00,2026-03-18 16:44:59.999000+00:00,0.9484,0.9516,0.9484,0.9515645,300
2026-03-18 16:45:00+00:00,2026-03-18 16:49:59.999000+00:00,0.95159475,0.95233216,0.9499,0.9514,300
2026-03-18 16:50:00+00:00,2026-03-18 16:54:59.999000+00:00,0.9514,0.95451492,0.9511,0.95340083,300
2026-03-18 16:55:00+00:00,2026-03-18 16:59:59.999000+00:00,0.95340083,0.95340083,0.94856833,0.9498,300
2026-03-18 17:00:00+00:00,2026-03-18 17:04:59.999000+00:00,0.9498,0.9504,0.94727092,0.9495,300
2026-03-18 17:05:00+00:00,2026-03-18 17:09:59.999000+00:00,0.9495,0.95037103,0.94644525,0.94850367,300
2026-03-18 17:10:00+00:00,2026-03-18 17:14:59.999000+00:00,0.94851867,0.95035771,0.94846183,0.94881792,300
2026-03-18 17:15:00+00:00,2026-03-18 17:19:59.999000+00:00,0.9489,0.9508,0.94704125,0.95065133,300
2026-03-18 17:20:00+00:00,2026-03-18 17:24:59.999000+00:00,0.9505725,0.9561,0.9505725,0.956,300
2026-03-18 17:25:00+00:00,2026-03-18 17:29:59.999000+00:00,0.956,0.9574,0.9538,0.9564,300
2026-03-18 17:30:00+00:00,2026-03-18 17:34:59.999000+00:00,0.9564,0.958,0.9555,0.9578,300
2026-03-18 17:35:00+00:00,2026-03-18 17:39:59.999000+00:00,0.9578,0.96314333,0.95683433,0.96281675,300
2026-03-18 17:40:00+00:00,2026-03-18 17:44:59.999000+00:00,0.96281675,0.96281675,0.95734825,0.95795567,300
2026-03-18 17:45:00+00:00,2026-03-18 17:49:59.999000+00:00,0.95795567,0.9588,0.9566,0.95839233,300
2026-03-18 17:50:00+00:00,2026-03-18 17:54:59.999000+00:00,0.95839233,0.9584,0.9559,0.957,300
2026-03-18 17:55:00+00:00,2026-03-18 17:59:59.999000+00:00,0.957,0.9578,0.9558,0.9578,300
2026-03-18 18:00:00+00:00,2026-03-18 18:04:59.999000+00:00,0.9578,0.96435576,0.95606575,0.95933508,300
2026-03-18 18:05:00+00:00,2026-03-18 18:09:59.999000+00:00,0.95927508,0.96221592,0.95916792,0.961769,300
2026-03-18 18:10:00+00:00,2026-03-18 18:14:59.999000+00:00,0.96152783,0.96222942,0.95955308,0.9602,300
2026-03-18 18:15:00+00:00,2026-03-18 18:19:59.999000+00:00,0.9602,0.9602,0.95462175,0.9553,300
2026-03-18 18:20:00+00:00,2026-03-18 18:24:59.999000+00:00,0.9553,0.9563,0.9524,0.9537,300
2026-03-18 18:25:00+00:00,2026-03-18 18:29:59.999000+00:00,0.9537,0.9539625,0.95274192,0.9539625,300
2026-03-18 18:30:00+00:00,2026-03-18 18:34:59.999000+00:00,0.9539625,0.95774108,0.9539625,0.95402067,300
2026-03-18 18:35:00+00:00,2026-03-18 18:39:59.999000+00:00,0.95402067,0.9575,0.95370583,0.95679225,300
2026-03-18 18:40:00+00:00,2026-03-18 18:44:59.999000+00:00,0.95666225,0.95823652,0.9556,0.9569,300
2026-03-18 18:45:00+00:00,2026-03-18 18:49:59.999000+00:00,0.95686675,0.95686675,0.95390792,0.9546,300
2026-03-18 18:50:00+00:00,2026-03-18 18:54:59.999000+00:00,0.9545,0.95469793,0.9489,0.9490385,300
2026-03-18 18:55:00+00:00,2026-03-18 18:59:59.999000+00:00,0.9490385,0.9501519,0.9459,0.9500769,300
2026-03-18 19:00:00+00:00,2026-03-18 19:04:59.999000+00:00,0.9500769,0.9556,0.9494,0.9556,300
2026-03-18 19:05:00+00:00,2026-03-18 19:09:59.999000+00:00,0.9556,0.95680442,0.9548,0.95680442,300
2026-03-18 19:10:00+00:00,2026-03-18 19:14:59.999000+00:00,0.957,0.95724633,0.95516408,0.956706,300
2026-03-18 19:15:00+00:00,2026-03-18 19:19:59.999000+00:00,0.956706,0.9604,0.956,0.9586,300
2026-03-18 19:20:00+00:00,2026-03-18 19:24:59.999000+00:00,0.95844792,0.95847242,0.95474992,0.95474992,300
2026-03-18 19:25:00+00:00,2026-03-18 19:29:59.999000+00:00,0.9546,0.95612224,0.95392442,0.95555125,300
2026-03-18 19:30:00+00:00,2026-03-18 19:34:59.999000+00:00,0.95546808,0.9576,0.955,0.956716,300
2026-03-18 19:35:00+00:00,2026-03-18 19:39:59.999000+00:00,0.9567,0.95671605,0.95501383,0.95550633,300
2026-03-18 19:40:00+00:00,2026-03-18 19:44:59.999000+00:00,0.95549883,0.9559,0.9543,0.9543,300
2026-03-18 19:45:00+00:00,2026-03-18 19:49:59.999000+00:00,0.9544,0.9544,0.95179578,0.9524,300
2026-03-18 19:50:00+00:00,2026-03-18 19:54:59.999000+00:00,0.9524,0.953,0.95148217,0.95295831,300
2026-03-18 19:55:00+00:00,2026-03-18 19:59:59.999000+00:00,0.95295832,0.95332233,0.95139017,0.9522,300
2026-03-18 20:00:00+00:00,2026-03-18 20:04:59.999000+00:00,0.9523,0.95376605,0.9513065,0.9518,300
2026-03-18 20:05:00+00:00,2026-03-18 20:09:59.999000+00:00,0.9519,0.9519,0.94596358,0.94596358,300
2026-03-18 20:10:00+00:00,2026-03-18 20:14:59.999000+00:00,0.94596358,0.95205767,0.94444172,0.95089,300
2026-03-18 20:15:00+00:00,2026-03-18 20:19:59.999000+00:00,0.95089,0.95271917,0.94996,0.95049567,300
2026-03-18 20:20:00+00:00,2026-03-18 20:24:59.999000+00:00,0.95045067,0.95204058,0.95026625,0.9517,300
2026-03-18 20:25:00+00:00,2026-03-18 20:29:59.999000+00:00,0.9517,0.9546,0.9517,0.95357833,300
2026-03-18 20:30:00+00:00,2026-03-18 20:34:59.999000+00:00,0.95350333,0.97,0.9533995,0.96668883,300
2026-03-18 20:35:00+00:00,2026-03-18 20:39:59.999000+00:00,0.96666633,0.9701,0.9658,0.9695,300
2026-03-18 20:40:00+00:00,2026-03-18 20:44:59.999000+00:00,0.9695,0.971,0.9692,0.97037025,300
2026-03-18 20:45:00+00:00,2026-03-18 20:49:59.999000+00:00,0.97037025,0.9723,0.96898967,0.9718394,300
2026-03-18 20:50:00+00:00,2026-03-18 20:54:59.999000+00:00,0.9718394,0.9749,0.9715,0.97305467,300
2026-03-18 20:55:00+00:00,2026-03-18 20:59:59.999000+00:00,0.97305467,0.97653008,0.97293086,0.97339817,300
2026-03-18 21:00:00+00:00,2026-03-18 21:04:59.999000+00:00,0.97339817,0.97385011,0.9714,0.9717,300
2026-03-18 21:05:00+00:00,2026-03-18 21:09:59.999000+00:00,0.9717,0.97560636,0.97104442,0.97544217,300
2026-03-18 21:10:00+00:00,2026-03-18 21:14:59.999000+00:00,0.97544217,0.97956001,0.975382,0.97886767,300
2026-03-18 21:15:00+00:00,2026-03-18 21:19:59.999000+00:00,0.9789,0.9807,0.9764,0.97945867,300
2026-03-18 21:20:00+00:00,2026-03-18 21:24:59.999000+00:00,0.97949617,0.98178538,0.9773,0.98000867,300
2026-03-18 21:25:00+00:00,2026-03-18 21:29:59.999000+00:00,0.97997867,0.97997867,0.97648275,0.9765,300
2026-03-18 21:30:00+00:00,2026-03-18 21:34:59.999000+00:00,0.9765,0.981,0.9765,0.9791,300
2026-03-18 21:35:00+00:00,2026-03-18 21:39:59.999000+00:00,0.9791,0.98411683,0.9791,0.98404092,300
2026-03-18 21:40:00+00:00,2026-03-18 21:44:59.999000+00:00,0.98396991,0.984273,0.982,0.98382608,300
2026-03-18 21:45:00+00:00,2026-03-18 21:49:59.999000+00:00,0.98382608,0.9845405,0.98192308,0.982,300
2026-03-18 21:50:00+00:00,2026-03-18 21:54:59.999000+00:00,0.982,0.98332917,0.9807,0.98305817,300
2026-03-18 21:55:00+00:00,2026-03-18 21:59:59.999000+00:00,0.98305817,0.98577534,0.9818,0.9831248,300
2026-03-18 22:00:00+00:00,2026-03-18 22:04:59.999000+00:00,0.98312481,0.98312482,0.97935793,0.98199931,300
2026-03-18 22:05:00+00:00,2026-03-18 22:09:59.999000+00:00,0.98202931,0.9822,0.9788,0.98101317,300
2026-03-18 22:10:00+00:00,2026-03-18 22:14:59.999000+00:00,0.98101317,0.98176975,0.9778,0.9813581,300
2026-03-18 22:15:00+00:00,2026-03-18 22:19:59.999000+00:00,0.9813581,0.98550371,0.98105833,0.9844,300
2026-03-18 22:20:00+00:00,2026-03-18 22:24:59.999000+00:00,0.9844,0.9875,0.9842,0.9845,300
2026-03-18 22:25:00+00:00,2026-03-18 22:29:59.999000+00:00,0.9845,0.98610808,0.9824,0.98607308,300
2026-03-18 22:30:00+00:00,2026-03-18 22:34:59.999000+00:00,0.98607308,0.98758097,0.98562163,0.98712108,300
2026-03-18 22:35:00+00:00,2026-03-18 22:39:59.999000+00:00,0.98712108,0.98712108,0.9842,0.9862,300
2026-03-18 22:40:00+00:00,2026-03-18 22:44:59.999000+00:00,0.9862,0.9863,0.98364667,0.9842,300
2026-03-18 22:45:00+00:00,2026-03-18 22:49:59.999000+00:00,0.9842,0.98510567,0.98307433,0.98438817,300
2026-03-18 22:50:00+00:00,2026-03-18 22:54:59.999000+00:00,0.98438817,0.98645697,0.9824,0.98265008,300
2026-03-18 22:55:00+00:00,2026-03-18 22:59:59.999000+00:00,0.9823,0.98554264,0.9823,0.9845,300
2026-03-18 23:00:00+00:00,2026-03-18 23:04:59.999000+00:00,0.9845,0.9856,0.98274683,0.982819,300
2026-03-18 23:05:00+00:00,2026-03-18 23:09:59.999000+00:00,0.982744,0.98732692,0.9825,0.9861,300
2026-03-18 23:10:00+00:00,2026-03-18 23:14:59.999000+00:00,0.9861,0.98921992,0.98540167,0.9874,300
2026-03-18 23:15:00+00:00,2026-03-18 23:19:59.999000+00:00,0.98738,0.98738,0.9831,0.98453823,300
2026-03-18 23:20:00+00:00,2026-03-18 23:24:59.999000+00:00,0.98461324,0.9857,0.98365742,0.98393367,300
2026-03-18 23:25:00+00:00,2026-03-18 23:29:59.999000+00:00,0.98389828,0.98478819,0.98281333,0.98285233,300
2026-03-18 23:30:00+00:00,2026-03-18 23:34:59.999000+00:00,0.98285233,0.9854352,0.9824,0.98542045,300
2026-03-18 23:35:00+00:00,2026-03-18 23:39:59.999000+00:00,0.9853,0.98608283,0.9838175,0.98586535,300
2026-03-18 23:40:00+00:00,2026-03-18 23:44:59.999000+00:00,0.98586536,0.98772225,0.9853,0.98677525,300
2026-03-18 23:45:00+00:00,2026-03-18 23:49:59.999000+00:00,0.986756,0.98858937,0.98592,0.98803442,300
2026-03-18 23:50:00+00:00,2026-03-18 23:54:59.999000+00:00,0.98800442,0.9907204,0.988,0.9884,300
2026-03-18 23:55:00+00:00,2026-03-18 23:59:59.999000+00:00,0.9883,0.98982408,0.9883,0.9894,300
2026-03-19 00:00:00+00:00,2026-03-19 00:04:59.999000+00:00,0.9895,0.99082707,0.98913417,0.98936975,300
2026-03-19 00:05:00+00:00,2026-03-19 00:09:59.999000+00:00,0.98929475,0.9895,0.98751625,0.98809458,300
2026-03-19 00:10:00+00:00,2026-03-19 00:14:59.999000+00:00,0.98809458,0.99304892,0.9873,0.992,300
2026-03-19 00:15:00+00:00,2026-03-19 00:19:59.999000+00:00,0.99225492,0.99247242,0.98980025,0.99088467,300
2026-03-19 00:20:00+00:00,2026-03-19 00:24:59.999000+00:00,0.99088467,0.99088467,0.98753717,0.98935625,300
2026-03-19 00:25:00+00:00,2026-03-19 00:29:59.999000+00:00,0.98935625,0.9899,0.9854,0.9897,300
2026-03-19 00:30:00+00:00,2026-03-19 00:34:59.999000+00:00,0.9897,0.9897,0.98527383,0.98554067,300
2026-03-19 00:35:00+00:00,2026-03-19 00:39:59.999000+00:00,0.98554067,0.98708425,0.9805,0.98212183,300
2026-03-19 00:40:00+00:00,2026-03-19 00:44:59.999000+00:00,0.98212183,0.98404058,0.98178008,0.98383483,300
2026-03-19 00:45:00+00:00,2026-03-19 00:49:59.999000+00:00,0.98383483,0.98514388,0.98273983,0.98296525,300
2026-03-19 00:50:00+00:00,2026-03-19 00:54:59.999000+00:00,0.98296525,0.98296525,0.97726392,0.97921867,300
2026-03-19 00:55:00+00:00,2026-03-19 00:59:59.999000+00:00,0.97921867,0.9794,0.97749608,0.97906925,300
2026-03-19 01:00:00+00:00,2026-03-19 01:04:59.999000+00:00,0.97906925,0.98121067,0.97564567,0.97572067,300
2026-03-19 01:05:00+00:00,2026-03-19 01:09:59.999000+00:00,0.97567567,0.97567567,0.9736,0.9748295,300
2026-03-19 01:10:00+00:00,2026-03-19 01:14:59.999000+00:00,0.9748295,0.9758,0.9747,0.9749,300
2026-03-19 01:15:00+00:00,2026-03-19 01:19:59.999000+00:00,0.9749,0.9784275,0.9749,0.9768,300
2026-03-19 01:20:00+00:00,2026-03-19 01:24:59.999000+00:00,0.97672362,0.977,0.9732,0.9735,300
2026-03-19 01:25:00+00:00,2026-03-19 01:29:59.999000+00:00,0.97342133,0.97594075,0.9729455,0.97548275,300
2026-03-19 01:30:00+00:00,2026-03-19 01:34:59.999000+00:00,0.97548275,0.97956113,0.974903,0.97953533,300
2026-03-19 01:35:00+00:00,2026-03-19 01:39:59.999000+00:00,0.97953533,0.9802681,0.9782,0.9796,300
2026-03-19 01:40:00+00:00,2026-03-19 01:44:59.999000+00:00,0.9798,0.98156106,0.9797,0.98047417,300
2026-03-19 01:45:00+00:00,2026-03-19 01:49:59.999000+00:00,0.98039133,0.9809,0.9778,0.9805,300
2026-03-19 01:50:00+00:00,2026-03-19 01:54:59.999000+00:00,0.9805,0.9807,0.9787,0.98026375,300
2026-03-19 01:55:00+00:00,2026-03-19 01:59:59.999000+00:00,0.98026375,0.9806,0.9779,0.9782,300
2026-03-19 02:00:00+00:00,2026-03-19 02:04:59.999000+00:00,0.9782,0.9786,0.9746,0.97673683,300
2026-03-19 02:05:00+00:00,2026-03-19 02:09:59.999000+00:00,0.97673683,0.97827567,0.97548517,0.975833,300
2026-03-19 02:10:00+00:00,2026-03-19 02:14:59.999000+00:00,0.97564467,0.97932367,0.97564467,0.97839578,300
2026-03-19 02:15:00+00:00,2026-03-19 02:19:59.999000+00:00,0.97839164,0.9795765,0.976019,0.976157,300
2026-03-19 02:20:00+00:00,2026-03-19 02:24:59.999000+00:00,0.9761795,0.97755025,0.9746,0.9753185,300
2026-03-19 02:25:00+00:00,2026-03-19 02:29:59.999000+00:00,0.9753185,0.97556233,0.97378167,0.975,300
2026-03-19 02:30:00+00:00,2026-03-19 02:34:59.999000+00:00,0.975,0.97542325,0.9726,0.9739,300
2026-03-19 02:35:00+00:00,2026-03-19 02:39:59.999000+00:00,0.9739,0.9748,0.9727,0.9727,300
2026-03-19 02:40:00+00:00,2026-03-19 02:44:59.999000+00:00,0.9727,0.9748,0.9726,0.97431967,300
2026-03-19 02:45:00+00:00,2026-03-19 02:49:59.999000+00:00,0.97432025,0.97432025,0.97252567,0.97295425,300
2026-03-19 02:50:00+00:00,2026-03-19 02:54:59.999000+00:00,0.97291675,0.9748,0.9727,0.9727585,300
2026-03-19 02:55:00+00:00,2026-03-19 02:59:59.999000+00:00,0.9727585,0.9746,0.97241933,0.9745,300
2026-03-19 03:00:00+00:00,2026-03-19 03:04:59.999000+00:00,0.9745,0.9757785,0.97436192,0.97541776,300
2026-03-19 03:05:00+00:00,2026-03-19 03:09:59.999000+00:00,0.97541776,0.97541776,0.9729,0.9748,300
2026-03-19 03:10:00+00:00,2026-03-19 03:14:59.999000+00:00,0.9748,0.9762,0.97411716,0.9762,300
2026-03-19 03:15:00+00:00,2026-03-19 03:19:59.999000+00:00,0.9762,0.9865,0.9761,0.98604367,300
2026-03-19 03:20:00+00:00,2026-03-19 03:24:59.999000+00:00,0.98543867,0.98595067,0.98310517,0.98523317,300
2026-03-19 03:25:00+00:00,2026-03-19 03:29:59.999000+00:00,0.98523317,0.9884,0.98476983,0.98767183,300
2026-03-19 03:30:00+00:00,2026-03-19 03:34:59.999000+00:00,0.9877,0.98851276,0.9827,0.9837,300
2026-03-19 03:35:00+00:00,2026-03-19 03:39:59.999000+00:00,0.9837,0.9839,0.98065892,0.9819,300
2026-03-19 03:40:00+00:00,2026-03-19 03:44:59.999000+00:00,0.9819,0.98333817,0.98087542,0.982295,300
2026-03-19 03:45:00+00:00,2026-03-19 03:49:59.999000+00:00,0.98225358,0.9855,0.9806,0.9839,300
2026-03-19 03:50:00+00:00,2026-03-19 03:54:59.999000+00:00,0.9838,0.9839,0.9818,0.98192242,300
2026-03-19 03:55:00+00:00,2026-03-19 03:59:59.999000+00:00,0.98192242,0.98192242,0.9792,0.979238,300
2026-03-19 04:00:00+00:00,2026-03-19 04:04:59.999000+00:00,0.979238,0.98175692,0.97646741,0.98132858,300
2026-03-19 04:05:00+00:00,2026-03-19 04:09:59.999000+00:00,0.98128358,0.98131358,0.9771,0.97801167,300
2026-03-19 04:10:00+00:00,2026-03-19 04:14:59.999000+00:00,0.97801167,0.98035017,0.97720108,0.97911858,300
2026-03-19 04:15:00+00:00,2026-03-19 04:19:59.999000+00:00,0.97911858,0.9793,0.9765,0.97861112,300
2026-03-19 04:20:00+00:00,2026-03-19 04:24:59.999000+00:00,0.9787,0.98114175,0.97835333,0.98078433,300
2026-03-19 04:25:00+00:00,2026-03-19 04:29:59.999000+00:00,0.98080683,0.9815,0.97854625,0.9815,300
2026-03-19 04:30:00+00:00,2026-03-19 04:34:59.999000+00:00,0.9815,0.984891,0.98139975,0.9841,300
2026-03-19 04:35:00+00:00,2026-03-19 04:39:59.999000+00:00,0.9841,0.9868,0.9834,0.9862,300
2026-03-19 04:40:00+00:00,2026-03-19 04:44:59.999000+00:00,0.9862,0.98653808,0.9819,0.98228033,300
2026-03-19 04:45:00+00:00,2026-03-19 04:49:59.999000+00:00,0.98228033,0.9845,0.9813,0.9835,300
2026-03-19 04:50:00+00:00,2026-03-19 04:54:59.999000+00:00,0.9836,0.985449,0.9835,0.9846,300
2026-03-19 04:55:00+00:00,2026-03-19 04:59:59.999000+00:00,0.9846,0.9846,0.98048567,0.98048567,300
2026-03-19 05:00:00+00:00,2026-03-19 05:04:59.999000+00:00,0.98048567,0.98315517,0.9791,0.98272862,300
2026-03-19 05:05:00+00:00,2026-03-19 05:09:59.999000+00:00,0.98272862,0.98514858,0.98272862,0.98454552,300
2026-03-19 05:10:00+00:00,2026-03-19 05:14:59.999000+00:00,0.98454552,0.98454552,0.9817,0.98335,300
2026-03-19 05:15:00+00:00,2026-03-19 05:19:59.999000+00:00,0.98335,0.9854,0.9827505,0.9827505,300
2026-03-19 05:20:00+00:00,2026-03-19 05:24:59.999000+00:00,0.9827505,0.9827505,0.98077267,0.98143392,300
2026-03-19 05:25:00+00:00,2026-03-19 05:29:59.999000+00:00,0.98123293,0.98123293,0.9742,0.9762,300
2026-03-19 05:30:00+00:00,2026-03-19 05:34:59.999000+00:00,0.9762,0.9771,0.97492431,0.97492431,300
2026-03-19 05:35:00+00:00,2026-03-19 05:39:59.999000+00:00,0.97492431,0.9758,0.97315725,0.9746,300
2026-03-19 05:40:00+00:00,2026-03-19 05:44:59.999000+00:00,0.9746,0.97662129,0.97406008,0.97445375,300
2026-03-19 05:45:00+00:00,2026-03-19 05:49:59.999000+00:00,0.97445375,0.9761,0.97435792,0.9755875,300
2026-03-19 05:50:00+00:00,2026-03-19 05:54:59.999000+00:00,0.9755875,0.976,0.97405075,0.9753,300
2026-03-19 05:55:00+00:00,2026-03-19 05:59:59.999000+00:00,0.9753,0.976354,0.97503592,0.9761,300
2026-03-19 06:00:00+00:00,2026-03-19 06:04:59.999000+00:00,0.9761,0.9774,0.974,0.974,300
2026-03-19 06:05:00+00:00,2026-03-19 06:09:59.999000+00:00,0.974,0.97796175,0.973,0.9750055,300
2026-03-19 06:10:00+00:00,2026-03-19 06:14:59.999000+00:00,0.9748705,0.97612408,0.9747,0.97498208,300
2026-03-19 06:15:00+00:00,2026-03-19 06:19:59.999000+00:00,0.97495958,0.97822825,0.97474026,0.97787991,300
2026-03-19 06:20:00+00:00,2026-03-19 06:24:59.999000+00:00,0.97787991,0.9790095,0.97641108,0.9778,300
2026-03-19 06:25:00+00:00,2026-03-19 06:29:59.999000+00:00,0.9778,0.9784,0.97348208,0.97385792,300
2026-03-19 06:30:00+00:00,2026-03-19 06:34:59.999000+00:00,0.97380792,0.97380792,0.97067683,0.97105,300
2026-03-19 06:35:00+00:00,2026-03-19 06:39:59.999000+00:00,0.97105,0.97465825,0.9692,0.97465825,300
2026-03-19 06:40:00+00:00,2026-03-19 06:44:59.999000+00:00,0.97465825,0.97743333,0.97465825,0.97739,300
2026-03-19 06:45:00+00:00,2026-03-19 06:49:59.999000+00:00,0.97739,0.9784,0.97682067,0.9776,300
2026-03-19 06:50:00+00:00,2026-03-19 06:54:59.999000+00:00,0.97747534,0.9778,0.97685621,0.9769,300
2026-03-19 06:55:00+00:00,2026-03-19 06:59:59.999000+00:00,0.9769,0.97757333,0.9749,0.9751,300
2026-03-19 07:00:00+00:00,2026-03-19 07:04:59.999000+00:00,0.9751,0.97669733,0.97423642,0.97477283,300
2026-03-19 07:05:00+00:00,2026-03-19 07:09:59.999000+00:00,0.97466362,0.97466362,0.9692,0.9703,300
2026-03-19 07:10:00+00:00,2026-03-19 07:14:59.999000+00:00,0.9701,0.9706,0.965,0.9652,300
2026-03-19 07:15:00+00:00,2026-03-19 07:19:59.999000+00:00,0.9652,0.96624292,0.963,0.96387333,300
2026-03-19 07:20:00+00:00,2026-03-19 07:24:59.999000+00:00,0.96336583,0.96336583,0.9572,0.96076075,300
2026-03-19 07:25:00+00:00,2026-03-19 07:29:59.999000+00:00,0.96071575,0.9667,0.95990825,0.96313958,300
2026-03-19 07:30:00+00:00,2026-03-19 07:34:59.999000+00:00,0.96313208,0.9652,0.96210725,0.96497117,300
2026-03-19 07:35:00+00:00,2026-03-19 07:39:59.999000+00:00,0.96497117,0.9713,0.96480275,0.971,300
2026-03-19 07:40:00+00:00,2026-03-19 07:44:59.999000+00:00,0.97086025,0.9724,0.9688,0.96904692,300
2026-03-19 07:45:00+00:00,2026-03-19 07:49:59.999000+00:00,0.96903192,0.96903192,0.9645,0.9654,300
2026-03-19 07:50:00+00:00,2026-03-19 07:54:59.999000+00:00,0.9654,0.96706308,0.96444,0.9658,300
2026-03-19 07:55:00+00:00,2026-03-19 07:59:59.999000+00:00,0.9658,0.9668,0.965,0.965,300
2026-03-19 08:00:00+00:00,2026-03-19 08:04:59.999000+00:00,0.965,0.9665,0.96203533,0.96203533,300
2026-03-19 08:05:00+00:00,2026-03-19 08:09:59.999000+00:00,0.96203533,0.9625,0.9599,0.9605,300
2026-03-19 08:10:00+00:00,2026-03-19 08:14:59.999000+00:00,0.9605,0.96270511,0.96039908,0.96182133,300
2026-03-19 08:15:00+00:00,2026-03-19 08:19:59.999000+00:00,0.96182133,0.9626,0.96081892,0.9611705,300
2026-03-19 08:20:00+00:00,2026-03-19 08:24:59.999000+00:00,0.9611705,0.96393858,0.9607,0.9627,300
2026-03-19 08:25:00+00:00,2026-03-19 08:29:59.999000+00:00,0.9627,0.9627,0.96022733,0.962473,300
2026-03-19 08:30:00+00:00,2026-03-19 08:34:59.999000+00:00,0.96245433,0.9642,0.96231692,0.9627,300
2026-03-19 08:35:00+00:00,2026-03-19 08:39:59.999000+00:00,0.9627,0.96534492,0.96215167,0.96534492,300
2026-03-19 08:40:00+00:00,2026-03-19 08:44:59.999000+00:00,0.96525375,0.97073392,0.96520875,0.96835867,300
2026-03-19 08:45:00+00:00,2026-03-19 08:49:59.999000+00:00,0.96835867,0.96835867,0.9666405,0.9676,300
2026-03-19 08:50:00+00:00,2026-03-19 08:54:59.999000+00:00,0.9676,0.96857979,0.96564233,0.96809707,300
2026-03-19 08:55:00+00:00,2026-03-19 08:59:59.999000+00:00,0.96808207,0.96808207,0.96530491,0.9662,300
2026-03-19 09:00:00+00:00,2026-03-19 09:04:59.999000+00:00,0.9662,0.9664,0.9653,0.9661,300
2026-03-19 09:05:00+00:00,2026-03-19 09:09:59.999000+00:00,0.9663,0.96810282,0.96417958,0.9652,300
2026-03-19 09:10:00+00:00,2026-03-19 09:14:59.999000+00:00,0.9652,0.96690725,0.96417033,0.96637558,300
2026-03-19 09:15:00+00:00,2026-03-19 09:19:59.999000+00:00,0.96637558,0.96653408,0.964461,0.96589292,300
2026-03-19 09:20:00+00:00,2026-03-19 09:24:59.999000+00:00,0.9663405,0.97291142,0.96607879,0.96876167,300
2026-03-19 09:25:00+00:00,2026-03-19 09:29:59.999000+00:00,0.9688,0.97051075,0.96765025,0.9688,300
2026-03-19 09:30:00+00:00,2026-03-19 09:34:59.999000+00:00,0.9688,0.9714,0.9688,0.96940767,300
2026-03-19 09:35:00+00:00,2026-03-19 09:39:59.999000+00:00,0.96940767,0.96989799,0.9673,0.96810408,300
2026-03-19 09:40:00+00:00,2026-03-19 09:44:59.999000+00:00,0.968,0.96881224,0.96703967,0.96785792,300
2026-03-19 09:45:00+00:00,2026-03-19 09:49:59.999000+00:00,0.96785792,0.96892129,0.96762592,0.96762592,300
2026-03-19 09:50:00+00:00,2026-03-19 09:54:59.999000+00:00,0.968,0.96896833,0.9666,0.9667,300
2026-03-19 09:55:00+00:00,2026-03-19 09:59:59.999000+00:00,0.9667,0.9684,0.96651879,0.9678,300
2026-03-19 10:00:00+00:00,2026-03-19 10:04:59.999000+00:00,0.9678,0.9706,0.96762974,0.96973629,300
2026-03-19 10:05:00+00:00,2026-03-19 10:09:59.999000+00:00,0.9696,0.97173108,0.969517,0.96977842,300
2026-03-19 10:10:00+00:00,2026-03-19 10:14:59.999000+00:00,0.96977842,0.9704,0.96850367,0.96989125,300
2026-03-19 10:15:00+00:00,2026-03-19 10:19:59.999000+00:00,0.96989125,0.9704,0.9687,0.9687,300
2026-03-19 10:20:00+00:00,2026-03-19 10:24:59.999000+00:00,0.9687,0.9687,0.9659,0.9674,300
2026-03-19 10:25:00+00:00,2026-03-19 10:29:59.999000+00:00,0.9674,0.96750733,0.9656825,0.9668,300
2026-03-19 10:30:00+00:00,2026-03-19 10:34:59.999000+00:00,0.9669,0.96750525,0.9654,0.96626558,300
2026-03-19 10:35:00+00:00,2026-03-19 10:39:59.999000+00:00,0.96626558,0.9668915,0.9648,0.96621025,300
2026-03-19 10:40:00+00:00,2026-03-19 10:44:59.999000+00:00,0.96613575,0.96640267,0.9645,0.96636467,300
2026-03-19 10:45:00+00:00,2026-03-19 10:49:59.999000+00:00,0.96640217,0.9671,0.9655,0.9656,300
2026-03-19 10:50:00+00:00,2026-03-19 10:54:59.999000+00:00,0.9655,0.9655,0.9641,0.96511875,300
2026-03-19 10:55:00+00:00,2026-03-19 10:59:59.999000+00:00,0.965163,0.9652,0.9597565,0.96059492,300
2026-03-19 11:00:00+00:00,2026-03-19 11:04:59.999000+00:00,0.96061742,0.96403258,0.96049575,0.96182592,300
2026-03-19 11:05:00+00:00,2026-03-19 11:09:59.999000+00:00,0.96182592,0.96315708,0.9608,0.96255467,300
2026-03-19 11:10:00+00:00,2026-03-19 11:14:59.999000+00:00,0.96255467,0.96305983,0.961505,0.9622,300
2026-03-19 11:15:00+00:00,2026-03-19 11:19:59.999000+00:00,0.9621,0.96389675,0.9618,0.96389675,300
2026-03-19 11:20:00+00:00,2026-03-19 11:24:59.999000+00:00,0.96399655,0.96516775,0.9639,0.964158,300
2026-03-19 11:25:00+00:00,2026-03-19 11:29:59.999000+00:00,0.964158,0.96486156,0.96378192,0.96417517,300
2026-03-19 11:30:00+00:00,2026-03-19 11:34:59.999000+00:00,0.96417517,0.966087,0.964091,0.96527667,300
2026-03-19 11:35:00+00:00,2026-03-19 11:39:59.999000+00:00,0.96527667,0.9658,0.9644,0.9646,300
2026-03-19 11:40:00+00:00,2026-03-19 11:44:59.999000+00:00,0.9645,0.96532683,0.964466,0.9649,300
2026-03-19 11:45:00+00:00,2026-03-19 11:49:59.999000+00:00,0.9649,0.9656,0.963786,0.963792,300
2026-03-19 11:50:00+00:00,2026-03-19 11:54:59.999000+00:00,0.963792,0.9639,0.96322117,0.9636,300
2026-03-19 11:55:00+00:00,2026-03-19 11:59:59.999000+00:00,0.9636,0.9648,0.96351383,0.9647,300
2026-03-19 12:00:00+00:00,2026-03-19 12:04:59.999000+00:00,0.9648,0.96636638,0.9643,0.96536733,300
2026-03-19 12:05:00+00:00,2026-03-19 12:09:59.999000+00:00,0.96536733,0.9659,0.96305775,0.9634,300
2026-03-19 12:10:00+00:00,2026-03-19 12:14:59.999000+00:00,0.9634,0.9656465,0.9632,0.96526483,300
2026-03-19 12:15:00+00:00,2026-03-19 12:19:59.999000+00:00,0.9653,0.9653,0.96174292,0.96360133,300
2026-03-19 12:20:00+00:00,2026-03-19 12:24:59.999000+00:00,0.96360133,0.9638,0.96145217,0.96145217,300
2026-03-19 12:25:00+00:00,2026-03-19 12:29:59.999000+00:00,0.96135867,0.9614,0.9587,0.9594,300
2026-03-19 12:30:00+00:00,2026-03-19 12:34:59.999000+00:00,0.9594,0.959639,0.957,0.9576,300
2026-03-19 12:35:00+00:00,2026-03-19 12:39:59.999000+00:00,0.9576,0.95991192,0.95725683,0.95956808,300
2026-03-19 12:40:00+00:00,2026-03-19 12:44:59.999000+00:00,0.95958308,0.96139167,0.95954275,0.95975558,300
2026-03-19 12:45:00+00:00,2026-03-19 12:49:59.999000+00:00,0.95975558,0.95975558,0.9553,0.9573,300
2026-03-19 12:50:00+00:00,2026-03-19 12:54:59.999000+00:00,0.9573,0.9588,0.9528,0.95646058,300
2026-03-19 12:55:00+00:00,2026-03-19 12:59:59.999000+00:00,0.95645308,0.95949583,0.95644392,0.9565,300
2026-03-19 13:00:00+00:00,2026-03-19 13:04:59.999000+00:00,0.9566,0.9570135,0.9527735,0.9569,300
2026-03-19 13:05:00+00:00,2026-03-19 13:09:59.999000+00:00,0.9574,0.95839883,0.95401108,0.95401108,300
2026-03-19 13:10:00+00:00,2026-03-19 13:14:59.999000+00:00,0.95386708,0.95386708,0.9488,0.94882067,300
2026-03-19 13:15:00+00:00,2026-03-19 13:19:59.999000+00:00,0.94884567,0.95312542,0.9487,0.95223181,300
2026-03-19 13:20:00+00:00,2026-03-19 13:24:59.999000+00:00,0.9525,0.9561,0.95168325,0.9522,300
2026-03-19 13:25:00+00:00,2026-03-19 13:29:59.999000+00:00,0.9522,0.9522,0.9488,0.9498,300
2026-03-19 13:30:00+00:00,2026-03-19 13:34:59.999000+00:00,0.9497,0.9519,0.94892647,0.9513,300
2026-03-19 13:35:00+00:00,2026-03-19 13:39:59.999000+00:00,0.9512,0.9514,0.946421,0.94675033,300
2026-03-19 13:40:00+00:00,2026-03-19 13:44:59.999000+00:00,0.94677283,0.95606217,0.9456,0.9538,300
2026-03-19 13:45:00+00:00,2026-03-19 13:49:59.999000+00:00,0.9538,0.9543,0.950432,0.9543,300
2026-03-19 13:50:00+00:00,2026-03-19 13:54:59.999000+00:00,0.9544,0.9546885,0.9504,0.9523,300
2026-03-19 13:55:00+00:00,2026-03-19 13:59:59.999000+00:00,0.9523,0.9526,0.9492,0.9516,300
2026-03-19 14:00:00+00:00,2026-03-19 14:04:59.999000+00:00,0.9516,0.9527,0.9482,0.9482,300
2026-03-19 14:05:00+00:00,2026-03-19 14:09:59.999000+00:00,0.9482,0.9493,0.94451675,0.94451675,300
2026-03-19 14:10:00+00:00,2026-03-19 14:14:59.999000+00:00,0.9446,0.9475,0.94130017,0.94130017,300
2026-03-19 14:15:00+00:00,2026-03-19 14:19:59.999000+00:00,0.94054017,0.9422,0.9353,0.9363,300
2026-03-19 14:20:00+00:00,2026-03-19 14:24:59.999000+00:00,0.9363,0.9371,0.9338,0.93506828,300
2026-03-19 14:25:00+00:00,2026-03-19 14:29:59.999000+00:00,0.93504578,0.93682042,0.9322,0.93348425,300
2026-03-19 14:30:00+00:00,2026-03-19 14:34:59.999000+00:00,0.93350925,0.93675348,0.93159558,0.9352,300
2026-03-19 14:35:00+00:00,2026-03-19 14:39:59.999000+00:00,0.9353,0.93615817,0.9331,0.93514871,300
2026-03-19 14:40:00+00:00,2026-03-19 14:44:59.999000+00:00,0.9348625,0.9359155,0.9323,0.93471617,300
2026-03-19 14:45:00+00:00,2026-03-19 14:49:59.999000+00:00,0.93458,0.93460875,0.93233967,0.9334,300
2026-03-19 14:50:00+00:00,2026-03-19 14:54:59.999000+00:00,0.93355425,0.93935442,0.9323,0.93892892,300
2026-03-19 14:55:00+00:00,2026-03-19 14:59:59.999000+00:00,0.93891392,0.93967467,0.9377,0.9382,300
2026-03-19 15:00:00+00:00,2026-03-19 15:04:59.999000+00:00,0.93801517,0.93803917,0.93384845,0.93631317,300
2026-03-19 15:05:00+00:00,2026-03-19 15:09:59.999000+00:00,0.93631317,0.93814317,0.93380358,0.93455052,300
2026-03-19 15:10:00+00:00,2026-03-19 15:14:59.999000+00:00,0.93455052,0.9359,0.93262667,0.9331,300
2026-03-19 15:15:00+00:00,2026-03-19 15:19:59.999000+00:00,0.9331,0.9352,0.92307267,0.92342683,300
2026-03-19 15:20:00+00:00,2026-03-19 15:24:59.999000+00:00,0.92341933,0.92518175,0.9226,0.92345292,300
2026-03-19 15:25:00+00:00,2026-03-19 15:29:59.999000+00:00,0.92345292,0.9271,0.9233,0.9266,300
2026-03-19 15:30:00+00:00,2026-03-19 15:34:59.999000+00:00,0.9266,0.92878517,0.9263,0.92655233,300
2026-03-19 15:35:00+00:00,2026-03-19 15:39:59.999000+00:00,0.92655233,0.92898808,0.9258,0.92702258,300
2026-03-19 15:40:00+00:00,2026-03-19 15:44:59.999000+00:00,0.9271,0.9284,0.92634392,0.9274,300
2026-03-19 15:45:00+00:00,2026-03-19 15:49:59.999000+00:00,0.9273,0.93372192,0.9268,0.9329,300
2026-03-19 15:50:00+00:00,2026-03-19 15:54:59.999000+00:00,0.9329,0.93454923,0.9319,0.93410625,300
2026-03-19 15:55:00+00:00,2026-03-19 15:59:59.999000+00:00,0.9341,0.9386,0.93368425,0.9378,300
2026-03-19 16:00:00+00:00,2026-03-19 16:04:59.999000+00:00,0.9377,0.9377,0.9335,0.9343,300
2026-03-19 16:05:00+00:00,2026-03-19 16:09:59.999000+00:00,0.9343,0.9358734,0.9337,0.9352,300
2026-03-19 16:10:00+00:00,2026-03-19 16:14:59.999000+00:00,0.9352,0.9366,0.9339,0.93651633,300
2026-03-19 16:15:00+00:00,2026-03-19 16:19:59.999000+00:00,0.93651633,0.93812383,0.9343,0.93786167,300
2026-03-19 16:20:00+00:00,2026-03-19 16:24:59.999000+00:00,0.9381,0.93915575,0.9369,0.93905508,300
2026-03-19 16:25:00+00:00,2026-03-19 16:29:59.999000+00:00,0.93905508,0.93906258,0.93603558,0.937148,300
2026-03-19 16:30:00+00:00,2026-03-19 16:34:59.999000+00:00,0.937148,0.93733383,0.9319,0.93377508,300
2026-03-19 16:35:00+00:00,2026-03-19 16:39:59.999000+00:00,0.93375025,0.936,0.9322,0.936,300
2026-03-19 16:40:00+00:00,2026-03-19 16:44:59.999000+00:00,0.9361,0.9391,0.936,0.93685333,300
2026-03-19 16:45:00+00:00,2026-03-19 16:49:59.999000+00:00,0.93685333,0.9388,0.935,0.93868733,300
2026-03-19 16:50:00+00:00,2026-03-19 16:54:59.999000+00:00,0.93868733,0.9388,0.9365,0.9384,300
2026-03-19 16:55:00+00:00,2026-03-19 16:59:59.999000+00:00,0.9384,0.9396,0.9367,0.93717417,300
2026-03-19 17:00:00+00:00,2026-03-19 17:04:59.999000+00:00,0.93716667,0.9382,0.9357,0.9365,300
2026-03-19 17:05:00+00:00,2026-03-19 17:09:59.999000+00:00,0.9364,0.93695783,0.9335,0.9337,300
2026-03-19 17:10:00+00:00,2026-03-19 17:14:59.999000+00:00,0.9337,0.9383,0.93355717,0.9364,300
2026-03-19 17:15:00+00:00,2026-03-19 17:19:59.999000+00:00,0.9363,0.93940555,0.9352,0.93939807,300
2026-03-19 17:20:00+00:00,2026-03-19 17:24:59.999000+00:00,0.93937559,0.94446655,0.93935842,0.9422,300
2026-03-19 17:25:00+00:00,2026-03-19 17:29:59.999000+00:00,0.9422,0.94370117,0.9410775,0.9413,300
2026-03-19 17:30:00+00:00,2026-03-19 17:34:59.999000+00:00,0.9412,0.94230525,0.93814942,0.9398,300
2026-03-19 17:35:00+00:00,2026-03-19 17:39:59.999000+00:00,0.9398,0.93980417,0.93743308,0.9377,300
2026-03-19 17:40:00+00:00,2026-03-19 17:44:59.999000+00:00,0.9377,0.93880586,0.9371,0.93860675,300
2026-03-19 17:45:00+00:00,2026-03-19 17:49:59.999000+00:00,0.93859175,0.93970534,0.9375,0.9394805,300
2026-03-19 17:50:00+00:00,2026-03-19 17:54:59.999000+00:00,0.93936183,0.94371474,0.9385,0.94326758,300
2026-03-19 17:55:00+00:00,2026-03-19 17:59:59.999000+00:00,0.94326758,0.9443,0.9423,0.9434,300
2026-03-19 18:00:00+00:00,2026-03-19 18:04:59.999000+00:00,0.9434,0.9438,0.9412,0.9417,300
2026-03-19 18:05:00+00:00,2026-03-19 18:09:59.999000+00:00,0.94216275,0.9428,0.94153692,0.94202217,300
2026-03-19 18:10:00+00:00,2026-03-19 18:14:59.999000+00:00,0.94202217,0.9432,0.94092508,0.9419,300
2026-03-19 18:15:00+00:00,2026-03-19 18:19:59.999000+00:00,0.9419,0.9426215,0.94043642,0.9413,300
2026-03-19 18:20:00+00:00,2026-03-19 18:24:59.999000+00:00,0.9413,0.94252925,0.9401,0.9401,300
2026-03-19 18:25:00+00:00,2026-03-19 18:29:59.999000+00:00,0.9401,0.9402,0.93919525,0.93919525,300
2026-03-19 18:30:00+00:00,2026-03-19 18:34:59.999000+00:00,0.93921025,0.94,0.93744308,0.93796317,300
2026-03-19 18:35:00+00:00,2026-03-19 18:39:59.999000+00:00,0.9382,0.93846317,0.93564658,0.93565175,300
2026-03-19 18:40:00+00:00,2026-03-19 18:44:59.999000+00:00,0.93565175,0.93565175,0.9336,0.9339255,300
2026-03-19 18:45:00+00:00,2026-03-19 18:49:59.999000+00:00,0.9339255,0.93479708,0.93320583,0.9343,300
2026-03-19 18:50:00+00:00,2026-03-19 18:54:59.999000+00:00,0.9343,0.93655183,0.934,0.9346,300
2026-03-19 18:55:00+00:00,2026-03-19 18:59:59.999000+00:00,0.9346,0.93754338,0.93452017,0.93721133,300
2026-03-19 19:00:00+00:00,2026-03-19 19:04:59.999000+00:00,0.93715883,0.9411,0.9353,0.9409,300
2026-03-19 19:05:00+00:00,2026-03-19 19:09:59.999000+00:00,0.9409,0.9435,0.93971617,0.9414,300
2026-03-19 19:10:00+00:00,2026-03-19 19:14:59.999000+00:00,0.9413,0.946,0.9413,0.943,300
2026-03-19 19:15:00+00:00,2026-03-19 19:19:59.999000+00:00,0.94293741,0.94547258,0.94168862,0.94547258,300
2026-03-19 19:20:00+00:00,2026-03-19 19:24:59.999000+00:00,0.94551758,0.945738,0.94394058,0.94535475,300
2026-03-19 19:25:00+00:00,2026-03-19 19:29:59.999000+00:00,0.94534725,0.94534725,0.9407,0.9416,300
2026-03-19 19:30:00+00:00,2026-03-19 19:34:59.999000+00:00,0.9416,0.94211552,0.9395,0.9396,300
2026-03-19 19:35:00+00:00,2026-03-19 19:39:59.999000+00:00,0.9396,0.9417,0.93795,0.9416,300
2026-03-19 19:40:00+00:00,2026-03-19 19:44:59.999000+00:00,0.9416,0.94403292,0.94130358,0.94327525,300
2026-03-19 19:45:00+00:00,2026-03-19 19:49:59.999000+00:00,0.94327525,0.945,0.94254075,0.9439,300
2026-03-19 19:50:00+00:00,2026-03-19 19:54:59.999000+00:00,0.9441,0.9441,0.94118608,0.94295583,300
2026-03-19 19:55:00+00:00,2026-03-19 19:59:59.999000+00:00,0.94294083,0.94497629,0.94283508,0.9447,300
2026-03-19 20:00:00+00:00,2026-03-19 20:04:59.999000+00:00,0.9447,0.9447,0.94317067,0.944,300
2026-03-19 20:05:00+00:00,2026-03-19 20:09:59.999000+00:00,0.944,0.9454,0.94385858,0.94531267,300
2026-03-19 20:10:00+00:00,2026-03-19 20:14:59.999000+00:00,0.94531267,0.9454,0.94354317,0.9442,300
2026-03-19 20:15:00+00:00,2026-03-19 20:19:59.999000+00:00,0.9442,0.94725283,0.944,0.94617667,300
2026-03-19 20:20:00+00:00,2026-03-19 20:24:59.999000+00:00,0.94617667,0.9472,0.94582925,0.9463,300
2026-03-19 20:25:00+00:00,2026-03-19 20:29:59.999000+00:00,0.9463,0.94862358,0.9452,0.9455,300
2026-03-19 20:30:00+00:00,2026-03-19 20:34:59.999000+00:00,0.9456,0.947212,0.9452265,0.9453006,300
2026-03-19 20:35:00+00:00,2026-03-19 20:39:59.999000+00:00,0.945261,0.94637092,0.9445,0.9461,300
2026-03-19 20:40:00+00:00,2026-03-19 20:44:59.999000+00:00,0.9461,0.947,0.9432,0.94383317,300
2026-03-19 20:45:00+00:00,2026-03-19 20:49:59.999000+00:00,0.94383317,0.9454,0.94343583,0.9452285,300
2026-03-19 20:50:00+00:00,2026-03-19 20:54:59.999000+00:00,0.9452285,0.94575883,0.94431775,0.94560142,300
2026-03-19 20:55:00+00:00,2026-03-19 20:59:59.999000+00:00,0.94560142,0.94564642,0.9441,0.9443,300
2026-03-19 21:00:00+00:00,2026-03-19 21:04:59.999000+00:00,0.9443,0.9446006,0.94266328,0.9441,300
2026-03-19 21:05:00+00:00,2026-03-19 21:09:59.999000+00:00,0.9442,0.9453,0.9436,0.9453,300
2026-03-19 21:10:00+00:00,2026-03-19 21:14:59.999000+00:00,0.9453,0.94644474,0.9446,0.9458185,300
2026-03-19 21:15:00+00:00,2026-03-19 21:19:59.999000+00:00,0.9457345,0.9457345,0.9446,0.94463621,300
2026-03-19 21:20:00+00:00,2026-03-19 21:24:59.999000+00:00,0.94463621,0.9457,0.9431,0.9435,300
2026-03-19 21:25:00+00:00,2026-03-19 21:29:59.999000+00:00,0.9435,0.9435,0.9421,0.94272092,300
2026-03-19 21:30:00+00:00,2026-03-19 21:34:59.999000+00:00,0.9428,0.9435,0.94223183,0.9424,300
2026-03-19 21:35:00+00:00,2026-03-19 21:39:59.999000+00:00,0.9424,0.9433,0.942,0.942,300
2026-03-19 21:40:00+00:00,2026-03-19 21:44:59.999000+00:00,0.942,0.9432495,0.94179708,0.94291883,300
2026-03-19 21:45:00+00:00,2026-03-19 21:49:59.999000+00:00,0.94291883,0.94294883,0.942,0.9424,300
2026-03-19 21:50:00+00:00,2026-03-19 21:54:59.999000+00:00,0.9424,0.9436,0.9424,0.9436,300
2026-03-19 21:55:00+00:00,2026-03-19 21:59:59.999000+00:00,0.9436,0.94532058,0.94359583,0.94468175,300
2026-03-19 22:00:00+00:00,2026-03-19 22:04:59.999000+00:00,0.94468175,0.94468175,0.93958371,0.93992375,300
2026-03-19 22:05:00+00:00,2026-03-19 22:09:59.999000+00:00,0.94,0.94188,0.9391,0.941,300
2026-03-19 22:10:00+00:00,2026-03-19 22:14:59.999000+00:00,0.941,0.94145208,0.93940383,0.94098483,300
2026-03-19 22:15:00+00:00,2026-03-19 22:19:59.999000+00:00,0.94098483,0.9414,0.93856172,0.9414,300
2026-03-19 22:20:00+00:00,2026-03-19 22:24:59.999000+00:00,0.9414,0.94195383,0.94110433,0.9416,300
2026-03-19 22:25:00+00:00,2026-03-19 22:29:59.999000+00:00,0.9416,0.94216375,0.9406,0.94196042,300
2026-03-19 22:30:00+00:00,2026-03-19 22:34:59.999000+00:00,0.94196042,0.94196042,0.93773552,0.939,300
2026-03-19 22:35:00+00:00,2026-03-19 22:39:59.999000+00:00,0.939,0.9392,0.9362,0.9384,300
2026-03-19 22:40:00+00:00,2026-03-19 22:44:59.999000+00:00,0.9384,0.93854483,0.937,0.9379,300
2026-03-19 22:45:00+00:00,2026-03-19 22:49:59.999000+00:00,0.9379,0.9401655,0.93784069,0.9399,300
2026-03-19 22:50:00+00:00,2026-03-19 22:54:59.999000+00:00,0.9401,0.94213716,0.9401,0.942,300
2026-03-19 22:55:00+00:00,2026-03-19 22:59:59.999000+00:00,0.942,0.94314862,0.94070983,0.9431,300
2026-03-19 23:00:00+00:00,2026-03-19 23:04:59.999000+00:00,0.9431,0.9463,0.9431,0.9459,300
2026-03-19 23:05:00+00:00,2026-03-19 23:09:59.999000+00:00,0.9459,0.9462,0.9449055,0.94560991,300
2026-03-19 23:10:00+00:00,2026-03-19 23:14:59.999000+00:00,0.94560991,0.9461005,0.9452,0.94571975,300
2026-03-19 23:15:00+00:00,2026-03-19 23:19:59.999000+00:00,0.94571975,0.94571975,0.944,0.9443,300
2026-03-19 23:20:00+00:00,2026-03-19 23:24:59.999000+00:00,0.9443,0.9453065,0.94413433,0.9445,300
2026-03-19 23:25:00+00:00,2026-03-19 23:29:59.999000+00:00,0.9445,0.94775017,0.9445,0.9477,300
2026-03-19 23:30:00+00:00,2026-03-19 23:34:59.999000+00:00,0.9477,0.94915867,0.9461,0.94684683,300
2026-03-19 23:35:00+00:00,2026-03-19 23:39:59.999000+00:00,0.94684683,0.94759569,0.94500008,0.94500008,300
2026-03-19 23:40:00+00:00,2026-03-19 23:44:59.999000+00:00,0.94500008,0.94523767,0.942654,0.94523767,300
2026-03-19 23:45:00+00:00,2026-03-19 23:49:59.999000+00:00,0.9455,0.94640817,0.94444767,0.94606925,300
2026-03-19 23:50:00+00:00,2026-03-19 23:54:59.999000+00:00,0.94606925,0.94845133,0.94541442,0.9484,300
2026-03-19 23:55:00+00:00,2026-03-19 23:59:59.999000+00:00,0.9484,0.95019717,0.9475,0.9481,300
2026-03-20 00:00:00+00:00,2026-03-20 00:04:59.999000+00:00,0.94800067,0.9496,0.94800067,0.9489,300
2026-03-20 00:05:00+00:00,2026-03-20 00:09:59.999000+00:00,0.9489,0.95055241,0.947,0.947217,300
2026-03-20 00:10:00+00:00,2026-03-20 00:14:59.999000+00:00,0.947217,0.9484175,0.9471795,0.9476385,300
2026-03-20 00:15:00+00:00,2026-03-20 00:19:59.999000+00:00,0.9476385,0.95036483,0.94745983,0.94824034,300
2026-03-20 00:20:00+00:00,2026-03-20 00:24:59.999000+00:00,0.9483,0.948338,0.94583167,0.947,300
2026-03-20 00:25:00+00:00,2026-03-20 00:29:59.999000+00:00,0.947,0.95003683,0.947,0.94912,300
2026-03-20 00:30:00+00:00,2026-03-20 00:34:59.999000+00:00,0.94912,0.94912,0.94708858,0.94846629,300
2026-03-20 00:35:00+00:00,2026-03-20 00:39:59.999000+00:00,0.94846629,0.95136565,0.94803475,0.95136565,300
2026-03-20 00:40:00+00:00,2026-03-20 00:44:59.999000+00:00,0.95142458,0.95177112,0.9501,0.9514,300
2026-03-20 00:45:00+00:00,2026-03-20 00:49:59.999000+00:00,0.9514,0.95370692,0.9514,0.9528,300
2026-03-20 00:50:00+00:00,2026-03-20 00:54:59.999000+00:00,0.9528,0.95467708,0.9518,0.9521545,300
2026-03-20 00:55:00+00:00,2026-03-20 00:59:59.999000+00:00,0.9521545,0.9532,0.9521,0.95233983,300
2026-03-20 01:00:00+00:00,2026-03-20 01:04:59.999000+00:00,0.95233983,0.9561565,0.95233983,0.95456117,300
2026-03-20 01:05:00+00:00,2026-03-20 01:09:59.999000+00:00,0.95456117,0.9572,0.95450117,0.9572,300
2026-03-20 01:10:00+00:00,2026-03-20 01:14:59.999000+00:00,0.9572,0.9578785,0.955798,0.9566035,300
2026-03-20 01:15:00+00:00,2026-03-20 01:19:59.999000+00:00,0.9566035,0.956641,0.9552835,0.95633092,300
2026-03-20 01:20:00+00:00,2026-03-20 01:24:59.999000+00:00,0.95633092,0.95765867,0.9555,0.9570319,300
2026-03-20 01:25:00+00:00,2026-03-20 01:29:59.999000+00:00,0.9570319,0.95792117,0.95632108,0.957,300
2026-03-20 01:30:00+00:00,2026-03-20 01:34:59.999000+00:00,0.9571,0.96096871,0.9571,0.9604,300
2026-03-20 01:35:00+00:00,2026-03-20 01:39:59.999000+00:00,0.9604,0.96547432,0.9604,0.9654,300
2026-03-20 01:40:00+00:00,2026-03-20 01:44:59.999000+00:00,0.9653,0.9674,0.96489692,0.9658,300
2026-03-20 01:45:00+00:00,2026-03-20 01:49:59.999000+00:00,0.9658,0.966261,0.9637,0.964,300
2026-03-20 01:50:00+00:00,2026-03-20 01:54:59.999000+00:00,0.9641,0.96526908,0.964,0.96474283,300
2026-03-20 01:55:00+00:00,2026-03-20 01:59:59.999000+00:00,0.96474283,0.9649475,0.9617,0.9619,300
2026-03-20 02:00:00+00:00,2026-03-20 02:04:59.999000+00:00,0.9619,0.9621,0.959,0.96142217,300
2026-03-20 02:05:00+00:00,2026-03-20 02:09:59.999000+00:00,0.96145683,0.96579992,0.96145683,0.96555302,300
2026-03-20 02:10:00+00:00,2026-03-20 02:14:59.999000+00:00,0.96555303,0.96580583,0.9635,0.9638,300
2026-03-20 02:15:00+00:00,2026-03-20 02:19:59.999000+00:00,0.9638,0.96503961,0.9617,0.96434025,300
2026-03-20 02:20:00+00:00,2026-03-20 02:24:59.999000+00:00,0.96434025,0.9645365,0.9633,0.9641,300
2026-03-20 02:25:00+00:00,2026-03-20 02:29:59.999000+00:00,0.9641,0.96468833,0.95841642,0.95908833,300
2026-03-20 02:30:00+00:00,2026-03-20 02:34:59.999000+00:00,0.9591,0.9593,0.95570138,0.95606942,300
2026-03-20 02:35:00+00:00,2026-03-20 02:39:59.999000+00:00,0.956035,0.9605,0.956035,0.9605,300
2026-03-20 02:40:00+00:00,2026-03-20 02:44:59.999000+00:00,0.9605,0.96220417,0.96,0.9619,300
2026-03-20 02:45:00+00:00,2026-03-20 02:49:59.999000+00:00,0.9619,0.96400923,0.96121983,0.96400923,300
2026-03-20 02:50:00+00:00,2026-03-20 02:54:59.999000+00:00,0.96400924,0.96406707,0.96204833,0.9627,300
2026-03-20 02:55:00+00:00,2026-03-20 02:59:59.999000+00:00,0.963046,0.96447152,0.96293833,0.96359775,300
2026-03-20 03:00:00+00:00,2026-03-20 03:04:59.999000+00:00,0.96364275,0.9637,0.96112433,0.96180169,300
2026-03-20 03:05:00+00:00,2026-03-20 03:09:59.999000+00:00,0.9618017,0.96290067,0.96177181,0.9626,300
2026-03-20 03:10:00+00:00,2026-03-20 03:14:59.999000+00:00,0.9626,0.96325509,0.9617,0.9617,300
2026-03-20 03:15:00+00:00,2026-03-20 03:19:59.999000+00:00,0.9618,0.96426198,0.9615,0.963,300
2026-03-20 03:20:00+00:00,2026-03-20 03:24:59.999000+00:00,0.963,0.96359932,0.96173379,0.9627,300
2026-03-20 03:25:00+00:00,2026-03-20 03:29:59.999000+00:00,0.9627,0.9628,0.96152783,0.96257778,300
2026-03-20 03:30:00+00:00,2026-03-20 03:34:59.999000+00:00,0.9625778,0.96438577,0.96242425,0.96242425,300
2026-03-20 03:35:00+00:00,2026-03-20 03:39:59.999000+00:00,0.96240175,0.96284512,0.96,0.96029,300
2026-03-20 03:40:00+00:00,2026-03-20 03:44:59.999000+00:00,0.9602825,0.96083667,0.959632,0.95975283,300
2026-03-20 03:45:00+00:00,2026-03-20 03:49:59.999000+00:00,0.95975283,0.96094908,0.9593,0.9599,300
2026-03-20 03:50:00+00:00,2026-03-20 03:54:59.999000+00:00,0.9599,0.9607,0.9587,0.96064658,300
2026-03-20 03:55:00+00:00,2026-03-20 03:59:59.999000+00:00,0.96064658,0.96150728,0.96064658,0.96094317,300
2026-03-20 04:00:00+00:00,2026-03-20 04:04:59.999000+00:00,0.96094317,0.9622284,0.95844083,0.9612,300
2026-03-20 04:05:00+00:00,2026-03-20 04:09:59.999000+00:00,0.9612,0.96203724,0.96,0.9618,300
2026-03-20 04:10:00+00:00,2026-03-20 04:14:59.999000+00:00,0.9618,0.96524575,0.96109483,0.96511509,300
2026-03-20 04:15:00+00:00,2026-03-20 04:19:59.999000+00:00,0.96511511,0.96836356,0.9642,0.9683,300
2026-03-20 04:20:00+00:00,2026-03-20 04:24:59.999000+00:00,0.9683,0.9687,0.9671755,0.96757883,300
2026-03-20 04:25:00+00:00,2026-03-20 04:29:59.999000+00:00,0.96757883,0.96941964,0.96757883,0.9688,300
2026-03-20 04:30:00+00:00,2026-03-20 04:34:59.999000+00:00,0.9688,0.96972178,0.96416043,0.96555161,300
2026-03-20 04:35:00+00:00,2026-03-20 04:39:59.999000+00:00,0.96555163,0.9663,0.96519333,0.9662,300
2026-03-20 04:40:00+00:00,2026-03-20 04:44:59.999000+00:00,0.9661,0.96612392,0.964,0.96512475,300
2026-03-20 04:45:00+00:00,2026-03-20 04:49:59.999000+00:00,0.96512475,0.9662455,0.96483284,0.9662455,300
2026-03-20 04:50:00+00:00,2026-03-20 04:54:59.999000+00:00,0.9662455,0.97084043,0.9662455,0.97029542,300
2026-03-20 04:55:00+00:00,2026-03-20 04:59:59.999000+00:00,0.97029542,0.97638575,0.9702,0.97627208,300
2026-03-20 05:00:00+00:00,2026-03-20 05:04:59.999000+00:00,0.97632458,0.98125901,0.97547273,0.97962,300
2026-03-20 05:05:00+00:00,2026-03-20 05:09:59.999000+00:00,0.97962,0.98498179,0.97937579,0.98498179,300
2026-03-20 05:10:00+00:00,2026-03-20 05:14:59.999000+00:00,0.98547422,0.9886975,0.98533939,0.9886975,300
2026-03-20 05:15:00+00:00,2026-03-20 05:19:59.999000+00:00,0.98872857,0.99260617,0.988211,0.99197793,300
2026-03-20 05:20:00+00:00,2026-03-20 05:24:59.999000+00:00,0.99192795,0.99247396,0.9883,0.98987066,300
2026-03-20 05:25:00+00:00,2026-03-20 05:29:59.999000+00:00,0.98987068,0.9931,0.98649917,0.9872,300
2026-03-20 05:30:00+00:00,2026-03-20 05:34:59.999000+00:00,0.9872,0.9878,0.9853,0.9867734,300
2026-03-20 05:35:00+00:00,2026-03-20 05:39:59.999000+00:00,0.98677342,0.9938,0.98595633,0.99240251,300
2026-03-20 05:40:00+00:00,2026-03-20 05:44:59.999000+00:00,0.99240252,0.9978,0.99240252,0.9961,300
2026-03-20 05:45:00+00:00,2026-03-20 05:49:59.999000+00:00,0.9961,0.99669465,0.99064817,0.9926,300
2026-03-20 05:50:00+00:00,2026-03-20 05:54:59.999000+00:00,0.9923,0.99263308,0.9903,0.99249473,300
2026-03-20 05:55:00+00:00,2026-03-20 05:59:59.999000+00:00,0.99249474,0.993617,0.99170458,0.9926,300
2026-03-20 06:00:00+00:00,2026-03-20 06:04:59.999000+00:00,0.9925,0.99468173,0.99043794,0.99456533,300
2026-03-20 06:05:00+00:00,2026-03-20 06:09:59.999000+00:00,0.99456533,1.00095358,0.99456533,1.00084855,300
2026-03-20 06:10:00+00:00,2026-03-20 06:14:59.999000+00:00,1.00084857,1.0047281,1.0001688,1.0047281,300
2026-03-20 06:15:00+00:00,2026-03-20 06:19:59.999000+00:00,1.00478811,1.00717453,1.00375449,1.00631642,300
2026-03-20 06:20:00+00:00,2026-03-20 06:24:59.999000+00:00,1.00627142,1.00753611,1.0053,1.0065585,300
2026-03-20 06:25:00+00:00,2026-03-20 06:29:59.999000+00:00,1.0068,1.0105,1.0068,1.0105,300
2026-03-20 06:30:00+00:00,2026-03-20 06:34:59.999000+00:00,1.0105,1.01132275,1.00714175,1.00832367,300
2026-03-20 06:35:00+00:00,2026-03-20 06:39:59.999000+00:00,1.00832367,1.00941475,1.00765292,1.0085,300
2026-03-20 06:40:00+00:00,2026-03-20 06:44:59.999000+00:00,1.0085,1.0096,1.0034,1.00938842,300
2026-03-20 06:45:00+00:00,2026-03-20 06:49:59.999000+00:00,1.0098,1.01437975,1.00966371,1.0103,300
2026-03-20 06:50:00+00:00,2026-03-20 06:54:59.999000+00:00,1.0104,1.01915167,1.009,1.0187,300
2026-03-20 06:55:00+00:00,2026-03-20 06:59:59.999000+00:00,1.01876198,1.02034155,1.0168,1.018,300
2026-03-20 07:00:00+00:00,2026-03-20 07:04:59.999000+00:00,1.0181,1.01840572,1.0099,1.0178021,300
2026-03-20 07:05:00+00:00,2026-03-20 07:09:59.999000+00:00,1.018,1.02541842,1.0177,1.024686,300
2026-03-20 07:10:00+00:00,2026-03-20 07:14:59.999000+00:00,1.0246035,1.02509515,1.0115,1.0123,300
2026-03-20 07:15:00+00:00,2026-03-20 07:19:59.999000+00:00,1.0123,1.01597953,1.00670075,1.007,300
2026-03-20 07:20:00+00:00,2026-03-20 07:24:59.999000+00:00,1.0071,1.01118258,1.0067735,1.01118258,300
2026-03-20 07:25:00+00:00,2026-03-20 07:29:59.999000+00:00,1.01118258,1.01406158,1.01,1.01393325,300
2026-03-20 07:30:00+00:00,2026-03-20 07:34:59.999000+00:00,1.01393325,1.0176,1.00576833,1.0174,300
2026-03-20 07:35:00+00:00,2026-03-20 07:39:59.999000+00:00,1.0174,1.02176868,1.0128,1.01373175,300
2026-03-20 07:40:00+00:00,2026-03-20 07:44:59.999000+00:00,1.01371075,1.01371075,1.0017,1.00187242,300
2026-03-20 07:45:00+00:00,2026-03-20 07:49:59.999000+00:00,1.0018,1.0026,0.9869,0.9885,300
2026-03-20 07:50:00+00:00,2026-03-20 07:54:59.999000+00:00,0.98870008,0.99,0.98447425,0.9851,300
2026-03-20 07:55:00+00:00,2026-03-20 07:59:59.999000+00:00,0.9851,0.9886,0.98479319,0.9868,300
2026-03-20 08:00:00+00:00,2026-03-20 08:04:59.999000+00:00,0.98727667,0.98928883,0.98220892,0.984,300
2026-03-20 08:05:00+00:00,2026-03-20 08:09:59.999000+00:00,0.984,0.99045942,0.984,0.9888,300
2026-03-20 08:10:00+00:00,2026-03-20 08:14:59.999000+00:00,0.9888,0.99766208,0.98771817,0.99289592,300
2026-03-20 08:15:00+00:00,2026-03-20 08:19:59.999000+00:00,0.99270833,0.99598803,0.99095958,0.9954,300
2026-03-20 08:20:00+00:00,2026-03-20 08:24:59.999000+00:00,0.99537633,0.99886238,0.99298948,0.99672783,300
2026-03-20 08:25:00+00:00,2026-03-20 08:29:59.999000+00:00,0.9967,1.00056592,0.99397558,1.00037517,300
2026-03-20 08:30:00+00:00,2026-03-20 08:34:59.999000+00:00,0.99980767,1.0042,0.9998,1.00223333,300
2026-03-20 08:35:00+00:00,2026-03-20 08:39:59.999000+00:00,1.00223333,1.00319058,0.99670342,1.0025019,300
2026-03-20 08:40:00+00:00,2026-03-20 08:44:59.999000+00:00,1.0025319,1.00547888,1.00010967,1.0004,300
2026-03-20 08:45:00+00:00,2026-03-20 08:49:59.999000+00:00,1.0006,1.0024,0.9988,0.99892042,300
2026-03-20 08:50:00+00:00,2026-03-20 08:54:59.999000+00:00,0.999,0.99920292,0.9932,0.9948,300
2026-03-20 08:55:00+00:00,2026-03-20 08:59:59.999000+00:00,0.9948,0.99481742,0.991553,0.99304939,300
2026-03-20 09:00:00+00:00,2026-03-20 09:04:59.999000+00:00,0.99295938,0.99295938,0.98664492,0.99115042,300
2026-03-20 09:05:00+00:00,2026-03-20 09:09:59.999000+00:00,0.99109792,0.99525028,0.9878,0.992348,300
2026-03-20 09:10:00+00:00,2026-03-20 09:14:59.999000+00:00,0.992348,0.99346672,0.9896,0.99317642,300
2026-03-20 09:15:00+00:00,2026-03-20 09:19:59.999000+00:00,0.99317642,0.9944,0.99092317,0.9936,300
2026-03-20 09:20:00+00:00,2026-03-20 09:24:59.999000+00:00,0.9936,0.99392793,0.98769458,0.98991317,300
2026-03-20 09:25:00+00:00,2026-03-20 09:29:59.999000+00:00,0.98989067,0.9966,0.98989067,0.996,300
2026-03-20 09:30:00+00:00,2026-03-20 09:34:59.999000+00:00,0.996,1.001252,0.99520042,0.9991,300
2026-03-20 09:35:00+00:00,2026-03-20 09:39:59.999000+00:00,0.9991,1.0017,0.998,0.9993,300
2026-03-20 09:40:00+00:00,2026-03-20 09:44:59.999000+00:00,0.9993,1.00213875,0.9974505,1.0006,300
2026-03-20 09:45:00+00:00,2026-03-20 09:49:59.999000+00:00,1.0005,1.0005,0.9953,0.99835892,300
2026-03-20 09:50:00+00:00,2026-03-20 09:54:59.999000+00:00,0.99835892,0.99835892,0.9912,0.9946,300
2026-03-20 09:55:00+00:00,2026-03-20 09:59:59.999000+00:00,0.9946,0.99658304,0.99402922,0.99456742,300
2026-03-20 10:00:00+00:00,2026-03-20 10:04:59.999000+00:00,0.99456742,0.99827138,0.993628,0.99668725,300
2026-03-20 10:05:00+00:00,2026-03-20 10:09:59.999000+00:00,0.99641125,0.99644875,0.99077575,0.9919,300
2026-03-20 10:10:00+00:00,2026-03-20 10:14:59.999000+00:00,0.9919,0.99682431,0.99105467,0.99628492,300
2026-03-20 10:15:00+00:00,2026-03-20 10:19:59.999000+00:00,0.99629992,0.99856611,0.99419783,0.99683561,300
2026-03-20 10:20:00+00:00,2026-03-20 10:24:59.999000+00:00,0.9968356,0.9988,0.9958,0.99698633,300
2026-03-20 10:25:00+00:00,2026-03-20 10:29:59.999000+00:00,0.99698633,0.99727142,0.99583908,0.9962,300
2026-03-20 10:30:00+00:00,2026-03-20 10:34:59.999000+00:00,0.9962,1.00189788,0.9946,1.0018,300
2026-03-20 10:35:00+00:00,2026-03-20 10:39:59.999000+00:00,1.00205742,1.0024,0.99630533,0.9974565,300
2026-03-20 10:40:00+00:00,2026-03-20 10:44:59.999000+00:00,0.9979,1.0009915,0.99709208,0.9991465,300
2026-03-20 10:45:00+00:00,2026-03-20 10:49:59.999000+00:00,0.9991465,0.9991465,0.99564725,0.99648642,300
2026-03-20 10:50:00+00:00,2026-03-20 10:54:59.999000+00:00,0.99640225,1.00125533,0.9953,1.00125533,300
2026-03-20 10:55:00+00:00,2026-03-20 10:59:59.999000+00:00,1.00125533,1.00448855,0.9975,0.99923683,300
2026-03-20 11:00:00+00:00,2026-03-20 11:04:59.999000+00:00,0.99923683,1.00440923,0.99830133,1.00440923,300
2026-03-20 11:05:00+00:00,2026-03-20 11:09:59.999000+00:00,1.0044,1.01258623,1.0044,1.01063275,300
2026-03-20 11:10:00+00:00,2026-03-20 11:14:59.999000+00:00,1.01063275,1.01063275,1.0053,1.0079,300
2026-03-20 11:15:00+00:00,2026-03-20 11:19:59.999000+00:00,1.00829284,1.00947898,1.00619417,1.00908542,300
2026-03-20 11:20:00+00:00,2026-03-20 11:24:59.999000+00:00,1.00908542,1.0091,1.0038,1.00674775,300
2026-03-20 11:25:00+00:00,2026-03-20 11:29:59.999000+00:00,1.00674775,1.006933,1.0012,1.0016,300
2026-03-20 11:30:00+00:00,2026-03-20 11:34:59.999000+00:00,1.0016,1.00366033,1.0001,1.00244492,300
2026-03-20 11:35:00+00:00,2026-03-20 11:39:59.999000+00:00,1.00244492,1.00244492,0.9896,0.9896,300
2026-03-20 11:40:00+00:00,2026-03-20 11:44:59.999000+00:00,0.9898,0.9938878,0.9885205,0.9938878,300
2026-03-20 11:45:00+00:00,2026-03-20 11:49:59.999000+00:00,0.9938878,0.99426281,0.9875,0.9905,300
2026-03-20 11:50:00+00:00,2026-03-20 11:54:59.999000+00:00,0.9905,0.99277183,0.98951183,0.9927,300
2026-03-20 11:55:00+00:00,2026-03-20 11:59:59.999000+00:00,0.9927,0.99384167,0.9924,0.9937,300
2026-03-20 12:00:00+00:00,2026-03-20 12:04:59.999000+00:00,0.99362583,1.0025995,0.99362583,1.0001,300
2026-03-20 12:05:00+00:00,2026-03-20 12:09:59.999000+00:00,0.99983095,1.01068242,0.99983095,1.00785829,300
2026-03-20 12:10:00+00:00,2026-03-20 12:14:59.999000+00:00,1.0079,1.00950567,0.9989,0.9998,300
2026-03-20 12:15:00+00:00,2026-03-20 12:19:59.999000+00:00,0.9998,1.0006,0.99770583,0.99820742,300
2026-03-20 12:20:00+00:00,2026-03-20 12:24:59.999000+00:00,0.99820742,0.99955833,0.99585862,0.99902217,300
2026-03-20 12:25:00+00:00,2026-03-20 12:29:59.999000+00:00,0.99902217,0.99902217,0.9953,0.99729905,300
2026-03-20 12:30:00+00:00,2026-03-20 12:34:59.999000+00:00,0.99729905,0.9986,0.9952305,0.998103,300
2026-03-20 12:35:00+00:00,2026-03-20 12:39:59.999000+00:00,0.998103,1.00372758,0.99808267,1.0035,300
2026-03-20 12:40:00+00:00,2026-03-20 12:44:59.999000+00:00,1.0037,1.0043,1.0006,1.00397233,300
2026-03-20 12:45:00+00:00,2026-03-20 12:49:59.999000+00:00,1.00397233,1.0045,0.998957,1.00281125,300
2026-03-20 12:50:00+00:00,2026-03-20 12:54:59.999000+00:00,1.00281125,1.00281125,0.9984,0.9996,300
2026-03-20 12:55:00+00:00,2026-03-20 12:59:59.999000+00:00,0.9997,1.0016215,0.99769858,0.99774133,300
2026-03-20 13:00:00+00:00,2026-03-20 13:04:59.999000+00:00,0.99766633,1.0036,0.99354125,1.0032,300
2026-03-20 13:05:00+00:00,2026-03-20 13:09:59.999000+00:00,1.0029825,1.0051,0.9996,0.9996,300
2026-03-20 13:10:00+00:00,2026-03-20 13:14:59.999000+00:00,0.9997,1.00296367,0.99954975,1.00152742,300
2026-03-20 13:15:00+00:00,2026-03-20 13:19:59.999000+00:00,1.0016,1.0044045,1.0014,1.0023,300
2026-03-20 13:20:00+00:00,2026-03-20 13:24:59.999000+00:00,1.0023,1.00384835,1.0012,1.0027,300
2026-03-20 13:25:00+00:00,2026-03-20 13:29:59.999000+00:00,1.0027,1.00941488,1.0026,1.008,300
2026-03-20 13:30:00+00:00,2026-03-20 13:34:59.999000+00:00,1.008,1.0087,1.00191466,1.0039,300
2026-03-20 13:35:00+00:00,2026-03-20 13:39:59.999000+00:00,1.004,1.0054,1.00182224,1.00408883,300
2026-03-20 13:40:00+00:00,2026-03-20 13:44:59.999000+00:00,1.00408883,1.01342878,1.003,1.0109,300
2026-03-20 13:45:00+00:00,2026-03-20 13:49:59.999000+00:00,1.0111,1.01431838,1.0082,1.0111,300
2026-03-20 13:50:00+00:00,2026-03-20 13:54:59.999000+00:00,1.01117489,1.01185367,1.0062,1.0074,300
2026-03-20 13:55:00+00:00,2026-03-20 13:59:59.999000+00:00,1.0071,1.0093,1.00303992,1.0041,300
2026-03-20 14:00:00+00:00,2026-03-20 14:04:59.999000+00:00,1.0041,1.01022674,1.00294283,1.00945908,300
2026-03-20 14:05:00+00:00,2026-03-20 14:09:59.999000+00:00,1.00936533,1.0166708,1.0090595,1.0166708,300
2026-03-20 14:10:00+00:00,2026-03-20 14:14:59.999000+00:00,1.0166708,1.02185084,1.007742,1.007742,300
2026-03-20 14:15:00+00:00,2026-03-20 14:19:59.999000+00:00,1.0072045,1.0072045,0.9963,0.9978,300
2026-03-20 14:20:00+00:00,2026-03-20 14:24:59.999000+00:00,0.9978,1.00340358,0.9964,1.00208984,300
2026-03-20 14:25:00+00:00,2026-03-20 14:29:59.999000+00:00,1.0021,1.01033692,1.00034908,1.0073,300
2026-03-20 14:30:00+00:00,2026-03-20 14:34:59.999000+00:00,1.0073,1.0136,1.00634733,1.0077,300
2026-03-20 14:35:00+00:00,2026-03-20 14:39:59.999000+00:00,1.0077,1.01007275,1.00363933,1.00400242,300
2026-03-20 14:40:00+00:00,2026-03-20 14:44:59.999000+00:00,1.00401742,1.00401742,1.0009,1.0012,300
2026-03-20 14:45:00+00:00,2026-03-20 14:49:59.999000+00:00,1.0012,1.0015,0.99823967,0.99834883,300
2026-03-20 14:50:00+00:00,2026-03-20 14:54:59.999000+00:00,0.99834883,0.99834883,0.99002317,0.99002317,300
2026-03-20 14:55:00+00:00,2026-03-20 14:59:59.999000+00:00,0.99,0.99061817,0.9872,0.9875,300
2026-03-20 15:00:00+00:00,2026-03-20 15:04:59.999000+00:00,0.9876,0.99060667,0.9814,0.9839,300
2026-03-20 15:05:00+00:00,2026-03-20 15:09:59.999000+00:00,0.9839,0.98396627,0.97680483,0.97987867,300
2026-03-20 15:10:00+00:00,2026-03-20 15:14:59.999000+00:00,0.97991308,0.9865,0.97991308,0.9861,300
2026-03-20 15:15:00+00:00,2026-03-20 15:19:59.999000+00:00,0.9861,0.98932371,0.9856,0.9865,300
2026-03-20 15:20:00+00:00,2026-03-20 15:24:59.999000+00:00,0.98643717,0.9949,0.98571642,0.99034458,300
2026-03-20 15:25:00+00:00,2026-03-20 15:29:59.999000+00:00,0.99031458,0.99220333,0.98813517,0.99099433,300
2026-03-20 15:30:00+00:00,2026-03-20 15:34:59.999000+00:00,0.99092433,0.99811425,0.99024433,0.9974,300
2026-03-20 15:35:00+00:00,2026-03-20 15:39:59.999000+00:00,0.9975,0.9987,0.9948945,0.9987,300
2026-03-20 15:40:00+00:00,2026-03-20 15:44:59.999000+00:00,0.99837667,1.00088125,0.9943,0.99922069,300
2026-03-20 15:45:00+00:00,2026-03-20 15:49:59.999000+00:00,0.99927558,1.00323442,0.998857,1.00012525,300
2026-03-20 15:50:00+00:00,2026-03-20 15:54:59.999000+00:00,1.00012525,1.00378183,0.99799784,1.0014,300
2026-03-20 15:55:00+00:00,2026-03-20 15:59:59.999000+00:00,1.0014,1.0057655,1.00063925,1.00555367,300
2026-03-20 16:00:00+00:00,2026-03-20 16:04:59.999000+00:00,1.00555367,1.01017793,1.0053,1.0067,300
2026-03-20 16:05:00+00:00,2026-03-20 16:09:59.999000+00:00,1.0065,1.0065,1.00227258,1.0041,300
2026-03-20 16:10:00+00:00,2026-03-20 16:14:59.999000+00:00,1.0041,1.0041,1.00053375,1.00120842,300
2026-03-20 16:15:00+00:00,2026-03-20 16:19:59.999000+00:00,1.00120842,1.00239467,0.99864883,1.00174442,300
2026-03-20 16:20:00+00:00,2026-03-20 16:24:59.999000+00:00,1.00174442,1.00743475,1.0016,1.00567975,300
2026-03-20 16:25:00+00:00,2026-03-20 16:29:59.999000+00:00,1.00559908,1.00795614,1.0026,1.0074675,300
2026-03-20 16:30:00+00:00,2026-03-20 16:34:59.999000+00:00,1.0074675,1.00925098,1.00141078,1.00514775,300
2026-03-20 16:35:00+00:00,2026-03-20 16:39:59.999000+00:00,1.00514775,1.0055,1.0019,1.002,300
2026-03-20 16:40:00+00:00,2026-03-20 16:44:59.999000+00:00,1.002,1.0028,1.0001,1.00085692,300
2026-03-20 16:45:00+00:00,2026-03-20 16:49:59.999000+00:00,1.00085692,1.00223842,0.99853558,0.99853558,300
2026-03-20 16:50:00+00:00,2026-03-20 16:54:59.999000+00:00,0.99852058,0.99919764,0.9939,0.9965735,300
2026-03-20 16:55:00+00:00,2026-03-20 16:59:59.999000+00:00,0.9965735,0.99994737,0.9954,0.9954,300
2026-03-20 17:00:00+00:00,2026-03-20 17:04:59.999000+00:00,0.9953,0.9966,0.9927,0.99497058,300
2026-03-20 17:05:00+00:00,2026-03-20 17:09:59.999000+00:00,0.99497058,0.9955,0.9915,0.9932,300
2026-03-20 17:10:00+00:00,2026-03-20 17:14:59.999000+00:00,0.9933,0.99536629,0.9931,0.995,300
2026-03-20 17:15:00+00:00,2026-03-20 17:19:59.999000+00:00,0.995,0.99981148,0.9949,0.9978,300
2026-03-20 17:20:00+00:00,2026-03-20 17:24:59.999000+00:00,0.9978,1.001,0.99707358,1.00002467,300
2026-03-20 17:25:00+00:00,2026-03-20 17:29:59.999000+00:00,1.00002467,1.00002467,0.99720383,0.99766583,300
2026-03-20 17:30:00+00:00,2026-03-20 17:34:59.999000+00:00,0.99762083,0.99890848,0.99509458,0.9951205,300
2026-03-20 17:35:00+00:00,2026-03-20 17:39:59.999000+00:00,0.9951055,1.000312,0.99314758,0.9988,300
2026-03-20 17:40:00+00:00,2026-03-20 17:44:59.999000+00:00,0.9986,0.99933879,0.99571433,0.99693492,300
2026-03-20 17:45:00+00:00,2026-03-20 17:49:59.999000+00:00,0.99693492,0.99787516,0.99382958,0.99787516,300
2026-03-20 17:50:00+00:00,2026-03-20 17:54:59.999000+00:00,0.99787516,1.00129033,0.99750967,1.00056908,300
2026-03-20 17:55:00+00:00,2026-03-20 17:59:59.999000+00:00,1.00034817,1.00427991,0.9992,1.0018,300
2026-03-20 18:00:00+00:00,2026-03-20 18:04:59.999000+00:00,1.0019,1.00586735,1.00105033,1.00235958,300
2026-03-20 18:05:00+00:00,2026-03-20 18:09:59.999000+00:00,1.00235958,1.00529817,1.002,1.00529817,300
2026-03-20 18:10:00+00:00,2026-03-20 18:14:59.999000+00:00,1.00529817,1.00580437,1.00336483,1.00336483,300
2026-03-20 18:15:00+00:00,2026-03-20 18:19:59.999000+00:00,1.00336483,1.00355034,0.9948,0.9956939,300
2026-03-20 18:20:00+00:00,2026-03-20 18:24:59.999000+00:00,0.9956,1.000518,0.9956,0.99679867,300
2026-03-20 18:25:00+00:00,2026-03-20 18:29:59.999000+00:00,0.9968,0.99828942,0.9947,0.99488083,300
2026-03-20 18:30:00+00:00,2026-03-20 18:34:59.999000+00:00,0.99482558,0.99532558,0.98971092,0.98981625,300
2026-03-20 18:35:00+00:00,2026-03-20 18:39:59.999000+00:00,0.98974875,0.99185304,0.98811433,0.99185304,300
2026-03-20 18:40:00+00:00,2026-03-20 18:44:59.999000+00:00,0.99185304,0.9937,0.9897,0.99200442,300
2026-03-20 18:45:00+00:00,2026-03-20 18:49:59.999000+00:00,0.99207192,0.9983953,0.99156617,0.99518042,300
2026-03-20 18:50:00+00:00,2026-03-20 18:54:59.999000+00:00,0.99525542,0.9982,0.99479017,0.9953,300
2026-03-20 18:55:00+00:00,2026-03-20 18:59:59.999000+00:00,0.9953,0.9967,0.9908335,0.99222325,300
2026-03-20 19:00:00+00:00,2026-03-20 19:04:59.999000+00:00,0.99222325,0.99469959,0.99222325,0.993,300
2026-03-20 19:05:00+00:00,2026-03-20 19:09:59.999000+00:00,0.993,0.994516,0.9917,0.99383184,300
2026-03-20 19:10:00+00:00,2026-03-20 19:14:59.999000+00:00,0.99382434,0.99414417,0.9904,0.99315142,300
2026-03-20 19:15:00+00:00,2026-03-20 19:19:59.999000+00:00,0.9931445,0.99362792,0.9908,0.9909,300
2026-03-20 19:20:00+00:00,2026-03-20 19:24:59.999000+00:00,0.9913,0.9925975,0.98781542,0.9885,300
2026-03-20 19:25:00+00:00,2026-03-20 19:29:59.999000+00:00,0.98825967,0.99074849,0.98781608,0.99074849,300
2026-03-20 19:30:00+00:00,2026-03-20 19:34:59.999000+00:00,0.99074849,0.99214598,0.98631792,0.9868,300
2026-03-20 19:35:00+00:00,2026-03-20 19:39:59.999000+00:00,0.9868,0.98799574,0.9858,0.98795892,300
2026-03-20 19:40:00+00:00,2026-03-20 19:44:59.999000+00:00,0.98795892,0.9930604,0.9874,0.99304025,300
2026-03-20 19:45:00+00:00,2026-03-20 19:49:59.999000+00:00,0.99307775,0.99376808,0.99135225,0.99168192,300
2026-03-20 19:50:00+00:00,2026-03-20 19:54:59.999000+00:00,0.9915,0.99483251,0.99017817,0.99483251,300
2026-03-20 19:55:00+00:00,2026-03-20 19:59:59.999000+00:00,0.99483251,0.999,0.99483251,0.99798008,300
2026-03-20 20:00:00+00:00,2026-03-20 20:04:59.999000+00:00,0.99798008,1.00102125,0.997,0.9994,300
2026-03-20 20:05:00+00:00,2026-03-20 20:09:59.999000+00:00,0.9994,1.001237,0.998239,0.99938125,300
2026-03-20 20:10:00+00:00,2026-03-20 20:14:59.999000+00:00,0.99938125,1.0008,0.9976,0.99922475,300
2026-03-20 20:15:00+00:00,2026-03-20 20:19:59.999000+00:00,0.9995,0.9995,0.99525319,0.9959,300
2026-03-20 20:20:00+00:00,2026-03-20 20:24:59.999000+00:00,0.9959,0.9963,0.99381608,0.99410052,300
2026-03-20 20:25:00+00:00,2026-03-20 20:29:59.999000+00:00,0.99410052,0.9942,0.99184542,0.99317357,300
2026-03-20 20:30:00+00:00,2026-03-20 20:34:59.999000+00:00,0.99317357,0.99350475,0.9874,0.98883129,300
2026-03-20 20:35:00+00:00,2026-03-20 20:39:59.999000+00:00,0.9888545,0.9914,0.9878,0.99014133,300
2026-03-20 20:40:00+00:00,2026-03-20 20:44:59.999000+00:00,0.99016517,0.99037433,0.9887,0.99028117,300
2026-03-20 20:45:00+00:00,2026-03-20 20:49:59.999000+00:00,0.99022767,0.99233267,0.98924819,0.9918,300
2026-03-20 20:50:00+00:00,2026-03-20 20:54:59.999000+00:00,0.9918,0.9921,0.98981175,0.9898325,300
2026-03-20 20:55:00+00:00,2026-03-20 20:59:59.999000+00:00,0.9898325,0.9904,0.9886,0.9887,300
2026-03-20 21:00:00+00:00,2026-03-20 21:04:59.999000+00:00,0.9887,0.99059383,0.98577117,0.9893885,300
2026-03-20 21:05:00+00:00,2026-03-20 21:09:59.999000+00:00,0.9893885,0.9893885,0.9869,0.987,300
2026-03-20 21:10:00+00:00,2026-03-20 21:14:59.999000+00:00,0.9869,0.99025025,0.9851,0.9893175,300
2026-03-20 21:15:00+00:00,2026-03-20 21:19:59.999000+00:00,0.9892725,0.99537658,0.9869,0.99486904,300
2026-03-20 21:20:00+00:00,2026-03-20 21:24:59.999000+00:00,0.9948,0.9952,0.9912,0.99169367,300
2026-03-20 21:25:00+00:00,2026-03-20 21:29:59.999000+00:00,0.99169367,0.99351417,0.99061717,0.99219983,300
2026-03-20 21:30:00+00:00,2026-03-20 21:34:59.999000+00:00,0.99219983,0.99391344,0.9915,0.99259008,300
2026-03-20 21:35:00+00:00,2026-03-20 21:39:59.999000+00:00,0.99259008,0.99490083,0.99124492,0.99124492,300
2026-03-20 21:40:00+00:00,2026-03-20 21:44:59.999000+00:00,0.99124492,0.99124492,0.98601092,0.9867,300
2026-03-20 21:45:00+00:00,2026-03-20 21:49:59.999000+00:00,0.9867,0.98789793,0.9864,0.9872,300
2026-03-20 21:50:00+00:00,2026-03-20 21:54:59.999000+00:00,0.9871,0.9883,0.9862,0.9882,300
2026-03-20 21:55:00+00:00,2026-03-20 21:59:59.999000+00:00,0.9882,0.9916965,0.9879,0.99160458,300
2026-03-20 22:00:00+00:00,2026-03-20 22:04:59.999000+00:00,0.99149108,1.0008,0.99149108,1.00020592,300
2026-03-20 22:05:00+00:00,2026-03-20 22:09:59.999000+00:00,0.99961592,1.004,0.99816433,1.00084192,300
2026-03-20 22:10:00+00:00,2026-03-20 22:14:59.999000+00:00,1.00084192,1.00306083,0.9982,0.9985665,300
2026-03-20 22:15:00+00:00,2026-03-20 22:19:59.999000+00:00,0.998589,0.99993275,0.99733405,0.99818983,300
2026-03-20 22:20:00+00:00,2026-03-20 22:24:59.999000+00:00,0.99818983,0.99818983,0.99683067,0.99684567,300
2026-03-20 22:25:00+00:00,2026-03-20 22:29:59.999000+00:00,0.99672575,0.9972,0.9954,0.99568467,300
2026-03-20 22:30:00+00:00,2026-03-20 22:34:59.999000+00:00,0.99568467,0.9959,0.99350967,0.9936,300
2026-03-20 22:35:00+00:00,2026-03-20 22:39:59.999000+00:00,0.9936,0.99570525,0.9935,0.99569025,300
2026-03-20 22:40:00+00:00,2026-03-20 22:44:59.999000+00:00,0.99569025,0.995814,0.9932,0.99340958,300
2026-03-20 22:45:00+00:00,2026-03-20 22:49:59.999000+00:00,0.9931,0.99572287,0.9926,0.99571536,300
2026-03-20 22:50:00+00:00,2026-03-20 22:54:59.999000+00:00,0.99571536,0.99645535,0.994352,0.9952,300
2026-03-20 22:55:00+00:00,2026-03-20 22:59:59.999000+00:00,0.9952,0.996067,0.99434417,0.99434417,300
2026-03-20 23:00:00+00:00,2026-03-20 23:04:59.999000+00:00,0.99434417,0.9949,0.993,0.9936,300
2026-03-20 23:05:00+00:00,2026-03-20 23:09:59.999000+00:00,0.9936,0.9936,0.9901,0.9902,300
2026-03-20 23:10:00+00:00,2026-03-20 23:14:59.999000+00:00,0.9902,0.991,0.98972325,0.99080608,300
2026-03-20 23:15:00+00:00,2026-03-20 23:19:59.999000+00:00,0.99079108,0.99301067,0.989503,0.99294383,300
2026-03-20 23:20:00+00:00,2026-03-20 23:24:59.999000+00:00,0.99290333,0.99291083,0.99137833,0.9921545,300
2026-03-20 23:25:00+00:00,2026-03-20 23:29:59.999000+00:00,0.9921545,0.9921545,0.9905,0.99160192,300
2026-03-20 23:30:00+00:00,2026-03-20 23:34:59.999000+00:00,0.99160192,0.99482158,0.9912,0.99355542,300
2026-03-20 23:35:00+00:00,2026-03-20 23:39:59.999000+00:00,0.99355542,0.99381433,0.99302317,0.9931,300
2026-03-20 23:40:00+00:00,2026-03-20 23:44:59.999000+00:00,0.9931,0.99436883,0.99240683,0.99240683,300
2026-03-20 23:45:00+00:00,2026-03-20 23:49:59.999000+00:00,0.9924,0.99594767,0.9923,0.9956,300
2026-03-20 23:50:00+00:00,2026-03-20 23:54:59.999000+00:00,0.9956,0.9957,0.9912,0.9913,300
2026-03-20 23:55:00+00:00,2026-03-20 23:59:59.999000+00:00,0.9913,0.9914,0.98999617,0.9903,300
2026-03-21 00:00:00+00:00,2026-03-21 00:04:59.999000+00:00,0.9902,0.99327733,0.99,0.9907175,300
2026-03-21 00:05:00+00:00,2026-03-21 00:09:59.999000+00:00,0.9907175,0.9916,0.9889,0.990155,300
2026-03-21 00:10:00+00:00,2026-03-21 00:14:59.999000+00:00,0.9903,0.9907,0.9884,0.99045017,300
2026-03-21 00:15:00+00:00,2026-03-21 00:19:59.999000+00:00,0.99045017,0.9909,0.989,0.9909,300
2026-03-21 00:20:00+00:00,2026-03-21 00:24:59.999000+00:00,0.9909,0.9948,0.99068167,0.9945,300
2026-03-21 00:25:00+00:00,2026-03-21 00:29:59.999000+00:00,0.99444233,0.996772,0.99434725,0.9954,300
2026-03-21 00:30:00+00:00,2026-03-21 00:34:59.999000+00:00,0.9954,0.9957545,0.99389375,0.99389375,300
2026-03-21 00:35:00+00:00,2026-03-21 00:39:59.999000+00:00,0.99389375,0.99389375,0.9922,0.9924,300
2026-03-21 00:40:00+00:00,2026-03-21 00:44:59.999000+00:00,0.9924,0.9929181,0.9884,0.98879725,300
2026-03-21 00:45:00+00:00,2026-03-21 00:49:59.999000+00:00,0.98879725,0.98879725,0.9859,0.98701517,300
2026-03-21 00:50:00+00:00,2026-03-21 00:54:59.999000+00:00,0.98700017,0.9878,0.98670808,0.9875,300
2026-03-21 00:55:00+00:00,2026-03-21 00:59:59.999000+00:00,0.9875,0.98833457,0.9867,0.9881675,300
2026-03-21 01:00:00+00:00,2026-03-21 01:04:59.999000+00:00,0.9881675,0.9911,0.98757133,0.99096133,300
2026-03-21 01:05:00+00:00,2026-03-21 01:09:59.999000+00:00,0.99096133,0.99255092,0.99092667,0.9919,300
2026-03-21 01:10:00+00:00,2026-03-21 01:14:59.999000+00:00,0.9919,0.99366575,0.9885,0.98869058,300
2026-03-21 01:15:00+00:00,2026-03-21 01:19:59.999000+00:00,0.98857058,0.98860808,0.9873,0.9884,300
2026-03-21 01:20:00+00:00,2026-03-21 01:24:59.999000+00:00,0.9884,0.98901117,0.9873,0.9874,300
2026-03-21 01:25:00+00:00,2026-03-21 01:29:59.999000+00:00,0.9874,0.98806583,0.98734083,0.98747983,300
2026-03-21 01:30:00+00:00,2026-03-21 01:34:59.999000+00:00,0.98747983,0.9875,0.9857,0.9868,300
2026-03-21 01:35:00+00:00,2026-03-21 01:39:59.999000+00:00,0.9868,0.9868,0.986,0.9864,300
2026-03-21 01:40:00+00:00,2026-03-21 01:44:59.999000+00:00,0.9864,0.9864,0.9846,0.9847,300
2026-03-21 01:45:00+00:00,2026-03-21 01:49:59.999000+00:00,0.984625,0.986,0.9836,0.985231,300
2026-03-21 01:50:00+00:00,2026-03-21 01:54:59.999000+00:00,0.985231,0.98676917,0.985231,0.98586492,300
2026-03-21 01:55:00+00:00,2026-03-21 01:59:59.999000+00:00,0.98586492,0.98675647,0.9855,0.9855,300
2026-03-21 02:00:00+00:00,2026-03-21 02:04:59.999000+00:00,0.9855,0.98823155,0.98533208,0.98675208,300
2026-03-21 02:05:00+00:00,2026-03-21 02:09:59.999000+00:00,0.98675208,0.98919569,0.98659808,0.98919569,300
2026-03-21 02:10:00+00:00,2026-03-21 02:14:59.999000+00:00,0.98919569,0.98919569,0.98690125,0.9873,300
2026-03-21 02:15:00+00:00,2026-03-21 02:19:59.999000+00:00,0.9873,0.9889,0.9872,0.9889,300
2026-03-21 02:20:00+00:00,2026-03-21 02:24:59.999000+00:00,0.9889,0.9914,0.9889,0.9912765,300
2026-03-21 02:25:00+00:00,2026-03-21 02:29:59.999000+00:00,0.9912615,0.9924,0.9906965,0.992008,300
2026-03-21 02:30:00+00:00,2026-03-21 02:34:59.999000+00:00,0.992008,0.99293058,0.9913,0.99273092,300
2026-03-21 02:35:00+00:00,2026-03-21 02:39:59.999000+00:00,0.99270842,0.9936,0.991,0.9936,300
2026-03-21 02:40:00+00:00,2026-03-21 02:44:59.999000+00:00,0.9935,0.99409242,0.99096525,0.99160075,300
2026-03-21 02:45:00+00:00,2026-03-21 02:49:59.999000+00:00,0.99160075,0.99216692,0.9906,0.991,300
2026-03-21 02:50:00+00:00,2026-03-21 02:54:59.999000+00:00,0.991,0.9912,0.9901,0.991,300
2026-03-21 02:55:00+00:00,2026-03-21 02:59:59.999000+00:00,0.991,0.991,0.987839,0.98897776,300
2026-03-21 03:00:00+00:00,2026-03-21 03:04:59.999000+00:00,0.98897776,0.9899,0.9871,0.9872,300
2026-03-21 03:05:00+00:00,2026-03-21 03:09:59.999000+00:00,0.9872,0.98874289,0.9872,0.98765284,300
2026-03-21 03:10:00+00:00,2026-03-21 03:14:59.999000+00:00,0.98765284,0.9878,0.9861,0.9867,300
2026-03-21 03:15:00+00:00,2026-03-21 03:19:59.999000+00:00,0.98665225,0.98672958,0.9855,0.9856,300
2026-03-21 03:20:00+00:00,2026-03-21 03:24:59.999000+00:00,0.9856,0.98714717,0.98554431,0.986,300
2026-03-21 03:25:00+00:00,2026-03-21 03:29:59.999000+00:00,0.986,0.9862,0.98565125,0.98575267,300
2026-03-21 03:30:00+00:00,2026-03-21 03:34:59.999000+00:00,0.98575267,0.98575267,0.9843,0.9845,300
2026-03-21 03:35:00+00:00,2026-03-21 03:39:59.999000+00:00,0.9845,0.98578058,0.9843,0.98551958,300
2026-03-21 03:40:00+00:00,2026-03-21 03:44:59.999000+00:00,0.98551958,0.98561958,0.9846065,0.9847,300
2026-03-21 03:45:00+00:00,2026-03-21 03:49:59.999000+00:00,0.9846005,0.98470741,0.9841,0.9846,300
2026-03-21 03:50:00+00:00,2026-03-21 03:54:59.999000+00:00,0.9846,0.9855245,0.9838,0.9846,300
2026-03-21 03:55:00+00:00,2026-03-21 03:59:59.999000+00:00,0.9846,0.9851,0.9845,0.98481192,300
2026-03-21 04:00:00+00:00,2026-03-21 04:04:59.999000+00:00,0.98481192,0.98714879,0.9847,0.98714879,300
2026-03-21 04:05:00+00:00,2026-03-21 04:09:59.999000+00:00,0.98714879,0.98850741,0.98695933,0.9874,300
2026-03-21 04:10:00+00:00,2026-03-21 04:14:59.999000+00:00,0.9874,0.9875,0.9858,0.9861,300
2026-03-21 04:15:00+00:00,2026-03-21 04:19:59.999000+00:00,0.9861,0.98682276,0.98537542,0.98645633,300
2026-03-21 04:20:00+00:00,2026-03-21 04:24:59.999000+00:00,0.98642633,0.98721183,0.98595442,0.98720707,300
2026-03-21 04:25:00+00:00,2026-03-21 04:29:59.999000+00:00,0.987094,0.987094,0.98571367,0.9858,300
2026-03-21 04:30:00+00:00,2026-03-21 04:34:59.999000+00:00,0.9858,0.9858,0.9818,0.9824525,300
2026-03-21 04:35:00+00:00,2026-03-21 04:39:59.999000+00:00,0.9824525,0.98272492,0.98176767,0.9824,300
2026-03-21 04:40:00+00:00,2026-03-21 04:44:59.999000+00:00,0.9824,0.98337625,0.98142,0.98337625,300
2026-03-21 04:45:00+00:00,2026-03-21 04:49:59.999000+00:00,0.98337625,0.98337625,0.9823,0.98314925,300
2026-03-21 04:50:00+00:00,2026-03-21 04:54:59.999000+00:00,0.98314925,0.9845,0.98308117,0.98437983,300
2026-03-21 04:55:00+00:00,2026-03-21 04:59:59.999000+00:00,0.98437983,0.9846,0.982,0.98245759,300
2026-03-21 05:00:00+00:00,2026-03-21 05:04:59.999000+00:00,0.98245759,0.9849,0.9818,0.98428208,300
2026-03-21 05:05:00+00:00,2026-03-21 05:09:59.999000+00:00,0.98428208,0.9863,0.98425608,0.9863,300
2026-03-21 05:10:00+00:00,2026-03-21 05:14:59.999000+00:00,0.9863,0.98898489,0.9863,0.98898489,300
2026-03-21 05:15:00+00:00,2026-03-21 05:19:59.999000+00:00,0.9889,0.9911,0.9889,0.98992633,300
2026-03-21 05:20:00+00:00,2026-03-21 05:24:59.999000+00:00,0.98992633,0.9908,0.98931892,0.99038817,300
2026-03-21 05:25:00+00:00,2026-03-21 05:29:59.999000+00:00,0.99038817,0.99330017,0.9893,0.993,300
2026-03-21 05:30:00+00:00,2026-03-21 05:34:59.999000+00:00,0.993,0.9975,0.993,0.9972,300
2026-03-21 05:35:00+00:00,2026-03-21 05:39:59.999000+00:00,0.99713608,1.00069333,0.99713608,1.00058083,300
2026-03-21 05:40:00+00:00,2026-03-21 05:44:59.999000+00:00,1.00058083,1.00058083,0.9959,0.99692792,300
2026-03-21 05:45:00+00:00,2026-03-21 05:49:59.999000+00:00,0.997,0.9984395,0.9964,0.99713642,300
2026-03-21 05:50:00+00:00,2026-03-21 05:54:59.999000+00:00,0.99713642,0.9987,0.9962,0.99804933,300
2026-03-21 05:55:00+00:00,2026-03-21 05:59:59.999000+00:00,0.99802267,1.0008,0.99728733,0.99980025,300
2026-03-21 06:00:00+00:00,2026-03-21 06:04:59.999000+00:00,0.99980025,1.00178808,0.99829853,0.9988,300
2026-03-21 06:05:00+00:00,2026-03-21 06:09:59.999000+00:00,0.9988,1.004117,0.9988,1.0039,300
2026-03-21 06:10:00+00:00,2026-03-21 06:14:59.999000+00:00,1.0038,1.00665008,1.00214925,1.00589175,300
2026-03-21 06:15:00+00:00,2026-03-21 06:19:59.999000+00:00,1.00589175,1.0107,1.00565842,1.0104075,300
2026-03-21 06:20:00+00:00,2026-03-21 06:24:59.999000+00:00,1.0104075,1.0133,1.00964175,1.01255233,300
2026-03-21 06:25:00+00:00,2026-03-21 06:29:59.999000+00:00,1.01251792,1.0131,1.005,1.0062,300
2026-03-21 06:30:00+00:00,2026-03-21 06:34:59.999000+00:00,1.0059,1.0066,1.0012,1.00516858,300
2026-03-21 06:35:00+00:00,2026-03-21 06:39:59.999000+00:00,1.0052,1.00826242,1.00497767,1.0079,300
2026-03-21 06:40:00+00:00,2026-03-21 06:44:59.999000+00:00,1.0079,1.01230103,1.0079,1.01130233,300
2026-03-21 06:45:00+00:00,2026-03-21 06:49:59.999000+00:00,1.01130233,1.0136,1.01032392,1.01074642,300
2026-03-21 06:50:00+00:00,2026-03-21 06:54:59.999000+00:00,1.01074642,1.011,1.0057365,1.0059,300
2026-03-21 06:55:00+00:00,2026-03-21 06:59:59.999000+00:00,1.0059,1.0067,1.00436608,1.00492033,300
2026-03-21 07:00:00+00:00,2026-03-21 07:04:59.999000+00:00,1.00495783,1.00821655,1.0038,1.005796,300
2026-03-21 07:05:00+00:00,2026-03-21 07:09:59.999000+00:00,1.005796,1.00964419,1.005,1.00958967,300
2026-03-21 07:10:00+00:00,2026-03-21 07:14:59.999000+00:00,1.00953517,1.01141258,1.0042,1.00486931,300
2026-03-21 07:15:00+00:00,2026-03-21 07:19:59.999000+00:00,1.00486931,1.00810935,1.00486931,1.00803867,300
2026-03-21 07:20:00+00:00,2026-03-21 07:24:59.999000+00:00,1.0079355,1.01098938,1.0079355,1.00948408,300
2026-03-21 07:25:00+00:00,2026-03-21 07:29:59.999000+00:00,1.00944842,1.00944842,1.0033,1.00507452,300
2026-03-21 07:30:00+00:00,2026-03-21 07:34:59.999000+00:00,1.00507452,1.00833867,1.00507452,1.0077245,300
2026-03-21 07:35:00+00:00,2026-03-21 07:39:59.999000+00:00,1.0077045,1.0089,1.00566117,1.0083,300
2026-03-21 07:40:00+00:00,2026-03-21 07:44:59.999000+00:00,1.0083,1.01043325,1.007045,1.00831542,300
2026-03-21 07:45:00+00:00,2026-03-21 07:49:59.999000+00:00,1.00831542,1.00880792,1.005,1.00610117,300
2026-03-21 07:50:00+00:00,2026-03-21 07:54:59.999000+00:00,1.005982,1.00674241,1.0048,1.00658733,300
2026-03-21 07:55:00+00:00,2026-03-21 07:59:59.999000+00:00,1.00658733,1.0068,1.0049,1.00613,300
2026-03-21 08:00:00+00:00,2026-03-21 08:04:59.999000+00:00,1.00613,1.00850496,1.0054,1.0056,300
2026-03-21 08:05:00+00:00,2026-03-21 08:09:59.999000+00:00,1.0058,1.00630042,1.0042,1.00471533,300
2026-03-21 08:10:00+00:00,2026-03-21 08:14:59.999000+00:00,1.00475442,1.0048,1.003,1.00389121,300
2026-03-21 08:15:00+00:00,2026-03-21 08:19:59.999000+00:00,1.00389121,1.00857833,1.00365933,1.00830583,300
2026-03-21 08:20:00+00:00,2026-03-21 08:24:59.999000+00:00,1.00830583,1.00963617,1.0058,1.00765102,300
2026-03-21 08:25:00+00:00,2026-03-21 08:29:59.999000+00:00,1.00765102,1.0078865,1.00572183,1.007,300
2026-03-21 08:30:00+00:00,2026-03-21 08:34:59.999000+00:00,1.007,1.0086,1.006,1.0072,300
2026-03-21 08:35:00+00:00,2026-03-21 08:39:59.999000+00:00,1.0072,1.01016025,1.0072,1.00921192,300
2026-03-21 08:40:00+00:00,2026-03-21 08:44:59.999000+00:00,1.00921192,1.017,1.00921192,1.0167,300
2026-03-21 08:45:00+00:00,2026-03-21 08:49:59.999000+00:00,1.0168,1.02109158,1.0158,1.0173,300
2026-03-21 08:50:00+00:00,2026-03-21 08:54:59.999000+00:00,1.0172,1.01870183,1.0157,1.01852225,300
2026-03-21 08:55:00+00:00,2026-03-21 08:59:59.999000+00:00,1.01852225,1.02228069,1.0173,1.01839767,300
2026-03-21 09:00:00+00:00,2026-03-21 09:04:59.999000+00:00,1.01839767,1.02394176,1.0177,1.02184608,300
2026-03-21 09:05:00+00:00,2026-03-21 09:09:59.999000+00:00,1.02184608,1.0225,1.01928775,1.0209215,300
2026-03-21 09:10:00+00:00,2026-03-21 09:14:59.999000+00:00,1.020899,1.02473475,1.01912108,1.0237915,300
2026-03-21 09:15:00+00:00,2026-03-21 09:19:59.999000+00:00,1.0238665,1.0238665,1.0182,1.0182,300
2026-03-21 09:20:00+00:00,2026-03-21 09:24:59.999000+00:00,1.0182,1.02228042,1.0182,1.02214117,300
2026-03-21 09:25:00+00:00,2026-03-21 09:29:59.999000+00:00,1.02214117,1.0226,1.0208,1.0222,300
2026-03-21 09:30:00+00:00,2026-03-21 09:34:59.999000+00:00,1.0222,1.0254,1.017,1.02054836,300
2026-03-21 09:35:00+00:00,2026-03-21 09:39:59.999000+00:00,1.02054836,1.02149147,1.01960842,1.0207085,300
2026-03-21 09:40:00+00:00,2026-03-21 09:44:59.999000+00:00,1.0207085,1.0214,1.01723458,1.01906919,300
2026-03-21 09:45:00+00:00,2026-03-21 09:49:59.999000+00:00,1.01906918,1.02051,1.01847208,1.019,300
2026-03-21 09:50:00+00:00,2026-03-21 09:54:59.999000+00:00,1.019,1.02083612,1.01803033,1.0198,300
2026-03-21 09:55:00+00:00,2026-03-21 09:59:59.999000+00:00,1.0198,1.01983117,1.017,1.017,300
2026-03-21 10:00:00+00:00,2026-03-21 10:04:59.999000+00:00,1.0169,1.0194,1.0121,1.01325791,300
2026-03-21 10:05:00+00:00,2026-03-21 10:09:59.999000+00:00,1.01325791,1.0146,1.0124,1.01437608,300
2026-03-21 10:10:00+00:00,2026-03-21 10:14:59.999000+00:00,1.01417183,1.01417183,1.0051,1.006,300
2026-03-21 10:15:00+00:00,2026-03-21 10:19:59.999000+00:00,1.0064,1.0064,0.998,0.9985,300
2026-03-21 10:20:00+00:00,2026-03-21 10:24:59.999000+00:00,0.9985,0.9985,0.99322375,0.9946,300
2026-03-21 10:25:00+00:00,2026-03-21 10:29:59.999000+00:00,0.9946,0.9952,0.9934,0.99366267,300
2026-03-21 10:30:00+00:00,2026-03-21 10:34:59.999000+00:00,0.99364375,0.996,0.99280475,0.9957,300
2026-03-21 10:35:00+00:00,2026-03-21 10:39:59.999000+00:00,0.9957,0.997167,0.99392525,0.9969,300
2026-03-21 10:40:00+00:00,2026-03-21 10:44:59.999000+00:00,0.9968,0.9998,0.99617542,0.99959583,300
2026-03-21 10:45:00+00:00,2026-03-21 10:49:59.999000+00:00,0.99959583,1.0015,0.99780025,1.00133517,300
2026-03-21 10:50:00+00:00,2026-03-21 10:54:59.999000+00:00,1.00133517,1.0056,1.00118425,1.00471333,300
2026-03-21 10:55:00+00:00,2026-03-21 10:59:59.999000+00:00,1.00469833,1.00630617,1.00408217,1.00555217,300
2026-03-21 11:00:00+00:00,2026-03-21 11:04:59.999000+00:00,1.00555217,1.0065075,1.0015,1.0024,300
2026-03-21 11:05:00+00:00,2026-03-21 11:09:59.999000+00:00,1.0024,1.00737508,1.0024,1.0065,300
2026-03-21 11:10:00+00:00,2026-03-21 11:14:59.999000+00:00,1.0065,1.00848675,1.00590642,1.00737083,300
2026-03-21 11:15:00+00:00,2026-03-21 11:19:59.999000+00:00,1.00737083,1.00821914,1.0068,1.0074,300
2026-03-21 11:20:00+00:00,2026-03-21 11:24:59.999000+00:00,1.0075,1.01186525,1.0067,1.01092758,300
2026-03-21 11:25:00+00:00,2026-03-21 11:29:59.999000+00:00,1.01092758,1.01191142,1.00834192,1.00836883,300
2026-03-21 11:30:00+00:00,2026-03-21 11:34:59.999000+00:00,1.00836883,1.00836883,1.00377725,1.0045,300
2026-03-21 11:35:00+00:00,2026-03-21 11:39:59.999000+00:00,1.0045,1.0045,0.9934,0.9959,300
2026-03-21 11:40:00+00:00,2026-03-21 11:44:59.999000+00:00,0.9959,0.99973043,0.9958,0.99918696,300
2026-03-21 11:45:00+00:00,2026-03-21 11:49:59.999000+00:00,0.9991,0.99971942,0.9958,0.9962,300
2026-03-21 11:50:00+00:00,2026-03-21 11:54:59.999000+00:00,0.9962,0.9979,0.9954,0.9956,300
2026-03-21 11:55:00+00:00,2026-03-21 11:59:59.999000+00:00,0.9956,0.9977,0.995,0.99681917,300
2026-03-21 12:00:00+00:00,2026-03-21 12:04:59.999000+00:00,0.9968,0.999,0.99624342,0.9988,300
2026-03-21 12:05:00+00:00,2026-03-21 12:09:59.999000+00:00,0.9988,1.00199733,0.9988,1.0015,300
2026-03-21 12:10:00+00:00,2026-03-21 12:14:59.999000+00:00,1.0015,1.00387358,1.0014,1.0015,300
2026-03-21 12:15:00+00:00,2026-03-21 12:19:59.999000+00:00,1.0015,1.00312681,0.9989,0.9999,300
2026-03-21 12:20:00+00:00,2026-03-21 12:24:59.999000+00:00,0.9999,1.0019,0.9993,1.0,300
2026-03-21 12:25:00+00:00,2026-03-21 12:29:59.999000+00:00,1.0001,1.00075767,0.9992,0.9999,300
2026-03-21 12:30:00+00:00,2026-03-21 12:34:59.999000+00:00,0.9999,1.00076942,0.9982,0.9988,300
2026-03-21 12:35:00+00:00,2026-03-21 12:39:59.999000+00:00,0.9988,1.00198625,0.9988,0.99885133,300
2026-03-21 12:40:00+00:00,2026-03-21 12:44:59.999000+00:00,0.9988131,1.00069873,0.9982635,1.00045,300
2026-03-21 12:45:00+00:00,2026-03-21 12:49:59.999000+00:00,1.00045,1.00054,0.9983,0.99882167,300
2026-03-21 12:50:00+00:00,2026-03-21 12:54:59.999000+00:00,0.99874667,1.0005075,0.99835948,1.0003785,300
2026-03-21 12:55:00+00:00,2026-03-21 12:59:59.999000+00:00,1.0003785,1.00235328,0.9991,1.0014,300
2026-03-21 13:00:00+00:00,2026-03-21 13:04:59.999000+00:00,1.0013,1.0037,1.0013,1.002234,300
2026-03-21 13:05:00+00:00,2026-03-21 13:09:59.999000+00:00,1.00215375,1.0028,1.00027,1.0011,300
2026-03-21 13:10:00+00:00,2026-03-21 13:14:59.999000+00:00,1.0012,1.001651,1.00026853,1.00026853,300
2026-03-21 13:15:00+00:00,2026-03-21 13:19:59.999000+00:00,1.00026853,1.00142433,1.000252,1.00055383,300
2026-03-21 13:20:00+00:00,2026-03-21 13:24:59.999000+00:00,1.00055383,1.00070724,0.99856742,0.9995,300
2026-03-21 13:25:00+00:00,2026-03-21 13:29:59.999000+00:00,0.9995,1.00073842,0.9991,0.9991,300
2026-03-21 13:30:00+00:00,2026-03-21 13:34:59.999000+00:00,0.9991,0.9991,0.9953,0.9966,300
2026-03-21 13:35:00+00:00,2026-03-21 13:39:59.999000+00:00,0.9967,0.99760867,0.995665,0.99696317,300
2026-03-21 13:40:00+00:00,2026-03-21 13:44:59.999000+00:00,0.99696317,0.99829083,0.99643017,0.99776117,300
2026-03-21 13:45:00+00:00,2026-03-21 13:49:59.999000+00:00,0.99776117,0.99776117,0.9962,0.997,300
2026-03-21 13:50:00+00:00,2026-03-21 13:54:59.999000+00:00,0.997,0.99867033,0.9968275,0.99861433,300
2026-03-21 13:55:00+00:00,2026-03-21 13:59:59.999000+00:00,0.99851069,0.99971425,0.9983,0.9994935,300
2026-03-21 14:00:00+00:00,2026-03-21 14:04:59.999000+00:00,0.9994935,1.00215542,0.99933017,1.0016,300
2026-03-21 14:05:00+00:00,2026-03-21 14:09:59.999000+00:00,1.0017,1.00421908,1.0017,1.0021355,300
2026-03-21 14:10:00+00:00,2026-03-21 14:14:59.999000+00:00,1.0020605,1.00705362,1.00182583,1.0049,300
2026-03-21 14:15:00+00:00,2026-03-21 14:19:59.999000+00:00,1.005,1.0068125,1.0044,1.00600308,300
2026-03-21 14:20:00+00:00,2026-03-21 14:24:59.999000+00:00,1.00594042,1.00594042,1.00432267,1.00485558,300
2026-03-21 14:25:00+00:00,2026-03-21 14:29:59.999000+00:00,1.00485558,1.007001,1.0037,1.0049,300
2026-03-21 14:30:00+00:00,2026-03-21 14:34:59.999000+00:00,1.0049,1.0082125,1.0049,1.0075,300
2026-03-21 14:35:00+00:00,2026-03-21 14:39:59.999000+00:00,1.0074,1.00894567,1.004,1.004,300
2026-03-21 14:40:00+00:00,2026-03-21 14:44:59.999000+00:00,1.004,1.00618567,1.004,1.0048,300
2026-03-21 14:45:00+00:00,2026-03-21 14:49:59.999000+00:00,1.0048,1.0056,1.00280319,1.0043,300
2026-03-21 14:50:00+00:00,2026-03-21 14:54:59.999000+00:00,1.0043,1.0062,1.00330142,1.0056,300
2026-03-21 14:55:00+00:00,2026-03-21 14:59:59.999000+00:00,1.0056,1.0056,1.00362342,1.00446767,300
2026-03-21 15:00:00+00:00,2026-03-21 15:04:59.999000+00:00,1.00442333,1.0048,1.0016,1.00467064,300
2026-03-21 15:05:00+00:00,2026-03-21 15:09:59.999000+00:00,1.00467064,1.00515537,1.001,1.00515417,300
2026-03-21 15:10:00+00:00,2026-03-21 15:14:59.999000+00:00,1.00463917,1.00463917,1.0013,1.00285006,300
2026-03-21 15:15:00+00:00,2026-03-21 15:19:59.999000+00:00,1.00286506,1.00286506,1.00142433,1.0026,300
2026-03-21 15:20:00+00:00,2026-03-21 15:24:59.999000+00:00,1.0026,1.00776542,1.0026,1.00771042,300
2026-03-21 15:25:00+00:00,2026-03-21 15:29:59.999000+00:00,1.00774042,1.0092,1.00583776,1.0059,300
2026-03-21 15:30:00+00:00,2026-03-21 15:34:59.999000+00:00,1.006,1.01072644,1.006,1.01022217,300
2026-03-21 15:35:00+00:00,2026-03-21 15:39:59.999000+00:00,1.01022217,1.01048131,1.0071,1.00799388,300
2026-03-21 15:40:00+00:00,2026-03-21 15:44:59.999000+00:00,1.00807864,1.00851725,1.0057,1.0057,300
2026-03-21 15:45:00+00:00,2026-03-21 15:49:59.999000+00:00,1.0057,1.0079531,1.00533142,1.00743283,300
2026-03-21 15:50:00+00:00,2026-03-21 15:54:59.999000+00:00,1.00726242,1.00960633,1.00661224,1.00862217,300
2026-03-21 15:55:00+00:00,2026-03-21 15:59:59.999000+00:00,1.00862217,1.0096,1.0069,1.0096,300
2026-03-21 16:00:00+00:00,2026-03-21 16:04:59.999000+00:00,1.0097,1.0146,1.0096,1.0144,300
2026-03-21 16:05:00+00:00,2026-03-21 16:09:59.999000+00:00,1.0144,1.0167,1.013,1.0134,300
2026-03-21 16:10:00+00:00,2026-03-21 16:14:59.999000+00:00,1.0134,1.01694792,1.0133,1.01689658,300
2026-03-21 16:15:00+00:00,2026-03-21 16:19:59.999000+00:00,1.01685008,1.01685008,1.0083,1.008865,300
2026-03-21 16:20:00+00:00,2026-03-21 16:24:59.999000+00:00,1.0089175,1.0095,1.00831708,1.0088,300
2026-03-21 16:25:00+00:00,2026-03-21 16:29:59.999000+00:00,1.0088,1.00925683,1.00363317,1.0043,300
2026-03-21 16:30:00+00:00,2026-03-21 16:34:59.999000+00:00,1.0043,1.0048,1.00169742,1.00380033,300
2026-03-21 16:35:00+00:00,2026-03-21 16:39:59.999000+00:00,1.00385283,1.0071755,1.00374224,1.0042,300
2026-03-21 16:40:00+00:00,2026-03-21 16:44:59.999000+00:00,1.0042,1.00444862,1.0007,1.00444862,300
2026-03-21 16:45:00+00:00,2026-03-21 16:49:59.999000+00:00,1.00444862,1.00607545,1.0037585,1.00498,300
2026-03-21 16:50:00+00:00,2026-03-21 16:54:59.999000+00:00,1.00498,1.00498,1.0023375,1.00287117,300
2026-03-21 16:55:00+00:00,2026-03-21 16:59:59.999000+00:00,1.00287117,1.0029,1.0008,1.00225224,300
2026-03-21 17:00:00+00:00,2026-03-21 17:04:59.999000+00:00,1.00225224,1.00399225,1.0021595,1.0027,300
2026-03-21 17:05:00+00:00,2026-03-21 17:09:59.999000+00:00,1.0027,1.003333,0.9973,0.9982,300
2026-03-21 17:10:00+00:00,2026-03-21 17:14:59.999000+00:00,0.9982,1.00016592,0.99573383,0.9964,300
2026-03-21 17:15:00+00:00,2026-03-21 17:19:59.999000+00:00,0.9964,0.99703583,0.99540845,0.9964435,300
2026-03-21 17:20:00+00:00,2026-03-21 17:24:59.999000+00:00,0.996406,0.99787358,0.99582217,0.9974,300
2026-03-21 17:25:00+00:00,2026-03-21 17:29:59.999000+00:00,0.99737358,1.0,0.99652708,0.9968,300
2026-03-21 17:30:00+00:00,2026-03-21 17:34:59.999000+00:00,0.9968,1.0000429,0.9967,0.9996,300
2026-03-21 17:35:00+00:00,2026-03-21 17:39:59.999000+00:00,0.9996,1.00235867,0.99946233,1.00212408,300
2026-03-21 17:40:00+00:00,2026-03-21 17:44:59.999000+00:00,1.00212408,1.0037,1.00212408,1.003207,300
2026-03-21 17:45:00+00:00,2026-03-21 17:49:59.999000+00:00,1.003207,1.00451633,1.0014,1.0022,300
2026-03-21 17:50:00+00:00,2026-03-21 17:54:59.999000+00:00,1.00221067,1.0034585,1.00186,1.0034105,300
2026-03-21 17:55:00+00:00,2026-03-21 17:59:59.999000+00:00,1.0034105,1.0044,1.002445,1.002445,300
2026-03-21 18:00:00+00:00,2026-03-21 18:04:59.999000+00:00,1.002497,1.00283067,1.0,1.0018,300
2026-03-21 18:05:00+00:00,2026-03-21 18:09:59.999000+00:00,1.0018,1.00229787,1.00154825,1.00215625,300
2026-03-21 18:10:00+00:00,2026-03-21 18:14:59.999000+00:00,1.00217175,1.0028,1.00162442,1.00204367,300
2026-03-21 18:15:00+00:00,2026-03-21 18:19:59.999000+00:00,1.00204367,1.00296286,1.00074742,1.00296286,300
2026-03-21 18:20:00+00:00,2026-03-21 18:24:59.999000+00:00,1.00303036,1.0037,1.0026865,1.0035,300
2026-03-21 18:25:00+00:00,2026-03-21 18:29:59.999000+00:00,1.0035,1.00396858,1.0022,1.002515,300
2026-03-21 18:30:00+00:00,2026-03-21 18:34:59.999000+00:00,1.00251133,1.00387681,1.002246,1.00378283,300
2026-03-21 18:35:00+00:00,2026-03-21 18:39:59.999000+00:00,1.00383133,1.00418225,0.9999,1.0008,300
2026-03-21 18:40:00+00:00,2026-03-21 18:44:59.999000+00:00,1.0008,1.00271675,0.9999,1.0017,300
2026-03-21 18:45:00+00:00,2026-03-21 18:49:59.999000+00:00,1.0016,1.0021,1.0011,1.0011,300
2026-03-21 18:50:00+00:00,2026-03-21 18:54:59.999000+00:00,1.0011,1.0013,0.99965858,1.0001,300
2026-03-21 18:55:00+00:00,2026-03-21 18:59:59.999000+00:00,1.0001,1.00082083,1.0001,1.00048233,300
2026-03-21 19:00:00+00:00,2026-03-21 19:04:59.999000+00:00,1.00048233,1.00164533,0.99969942,1.0004,300
2026-03-21 19:05:00+00:00,2026-03-21 19:09:59.999000+00:00,1.0003,1.0008,0.99996417,1.00033075,300
2026-03-21 19:10:00+00:00,2026-03-21 19:14:59.999000+00:00,1.000311,1.000311,0.9995,0.9996,300
2026-03-21 19:15:00+00:00,2026-03-21 19:19:59.999000+00:00,0.9996,0.9997,0.9978,0.998421,300
2026-03-21 19:20:00+00:00,2026-03-21 19:24:59.999000+00:00,0.9986,0.9987,0.9977,0.9987,300
2026-03-21 19:25:00+00:00,2026-03-21 19:29:59.999000+00:00,0.9987,1.00028845,0.9987,0.9993,300
2026-03-21 19:30:00+00:00,2026-03-21 19:34:59.999000+00:00,0.9993,0.9999,0.9978,0.9987,300
2026-03-21 19:35:00+00:00,2026-03-21 19:39:59.999000+00:00,0.9987,0.9992405,0.99773667,0.99777667,300
2026-03-21 19:40:00+00:00,2026-03-21 19:44:59.999000+00:00,0.99777667,0.99822033,0.9973,0.9982,300
2026-03-21 19:45:00+00:00,2026-03-21 19:49:59.999000+00:00,0.9982,1.00005225,0.997674,0.9994,300
2026-03-21 19:50:00+00:00,2026-03-21 19:54:59.999000+00:00,0.9994,1.0001935,0.999,0.9998,300
2026-03-21 19:55:00+00:00,2026-03-21 19:59:59.999000+00:00,0.9998,1.0011,0.99975,0.9999,300
2026-03-21 20:00:00+00:00,2026-03-21 20:04:59.999000+00:00,0.9999,0.9999,0.99870575,0.9992,300
2026-03-21 20:05:00+00:00,2026-03-21 20:09:59.999000+00:00,0.99912167,1.00005175,0.99831267,0.9996,300
2026-03-21 20:10:00+00:00,2026-03-21 20:14:59.999000+00:00,0.9997,1.0005,0.9993,0.9993,300
2026-03-21 20:15:00+00:00,2026-03-21 20:19:59.999000+00:00,0.9993,0.9997,0.99646595,0.99827375,300
2026-03-21 20:20:00+00:00,2026-03-21 20:24:59.999000+00:00,0.99827375,1.00101966,0.99819086,0.9995,300
2026-03-21 20:25:00+00:00,2026-03-21 20:29:59.999000+00:00,0.9995,1.00179217,0.9992,1.00179217,300
2026-03-21 20:30:00+00:00,2026-03-21 20:34:59.999000+00:00,1.00179217,1.0018,0.99969533,0.99971033,300
2026-03-21 20:35:00+00:00,2026-03-21 20:39:59.999000+00:00,0.99971033,1.00174458,0.9993,1.0004,300
2026-03-21 20:40:00+00:00,2026-03-21 20:44:59.999000+00:00,1.0004,1.0016485,0.999932,1.00123825,300
2026-03-21 20:45:00+00:00,2026-03-21 20:49:59.999000+00:00,1.00117825,1.00158405,1.00059608,1.00095408,300
2026-03-21 20:50:00+00:00,2026-03-21 20:54:59.999000+00:00,1.00096158,1.00096158,1.00012433,1.00033276,300
2026-03-21 20:55:00+00:00,2026-03-21 20:59:59.999000+00:00,1.00033276,1.00125133,1.0002,1.0008,300
2026-03-21 21:00:00+00:00,2026-03-21 21:04:59.999000+00:00,1.0009,1.0016,0.99934792,0.9998,300
2026-03-21 21:05:00+00:00,2026-03-21 21:09:59.999000+00:00,0.9998,1.00070333,0.99940258,1.00010392,300
2026-03-21 21:10:00+00:00,2026-03-21 21:14:59.999000+00:00,1.00004358,1.0013,0.99988792,1.00020603,300
2026-03-21 21:15:00+00:00,2026-03-21 21:19:59.999000+00:00,1.00020603,1.001,0.99974117,1.0007,300
2026-03-21 21:20:00+00:00,2026-03-21 21:24:59.999000+00:00,1.0007,1.001,0.9999785,0.9999785,300
2026-03-21 21:25:00+00:00,2026-03-21 21:29:59.999000+00:00,0.9999785,1.00091629,0.99972617,1.00040042,300
2026-03-21 21:30:00+00:00,2026-03-21 21:34:59.999000+00:00,1.0003605,1.0008,0.9992,0.99963817,300
2026-03-21 21:35:00+00:00,2026-03-21 21:39:59.999000+00:00,0.9992,1.00045833,0.9992,0.9995,300
2026-03-21 21:40:00+00:00,2026-03-21 21:44:59.999000+00:00,0.9995,1.00127317,0.99945567,0.99984717,300
2026-03-21 21:45:00+00:00,2026-03-21 21:49:59.999000+00:00,0.99984717,1.00015883,0.9992,0.9995,300
2026-03-21 21:50:00+00:00,2026-03-21 21:54:59.999000+00:00,0.9995,0.99987683,0.99717975,0.998776,300
2026-03-21 21:55:00+00:00,2026-03-21 21:59:59.999000+00:00,0.998776,0.99924492,0.9979,0.9986,300
2026-03-21 22:00:00+00:00,2026-03-21 22:04:59.999000+00:00,0.9986,0.99863117,0.9964444,0.99775717,300
2026-03-21 22:05:00+00:00,2026-03-21 22:09:59.999000+00:00,0.99775717,0.99901083,0.99770283,0.99838667,300
2026-03-21 22:10:00+00:00,2026-03-21 22:14:59.999000+00:00,0.99838667,0.9987,0.9978,0.998,300
2026-03-21 22:15:00+00:00,2026-03-21 22:19:59.999000+00:00,0.998,0.99867233,0.99789942,0.99867233,300
2026-03-21 22:20:00+00:00,2026-03-21 22:24:59.999000+00:00,0.99863983,0.99863983,0.9976515,0.9976515,300
2026-03-21 22:25:00+00:00,2026-03-21 22:29:59.999000+00:00,0.9976515,0.999,0.99681558,0.99884708,300
2026-03-21 22:30:00+00:00,2026-03-21 22:34:59.999000+00:00,0.99884708,1.0001,0.9984,1.00007069,300
2026-03-21 22:35:00+00:00,2026-03-21 22:39:59.999000+00:00,1.00007069,1.0009,0.9986,0.99873317,300
2026-03-21 22:40:00+00:00,2026-03-21 22:44:59.999000+00:00,0.99871817,0.99915,0.9977,0.99823931,300
2026-03-21 22:45:00+00:00,2026-03-21 22:49:59.999000+00:00,0.998131,0.99872833,0.99744717,0.9978,300
2026-03-21 22:50:00+00:00,2026-03-21 22:54:59.999000+00:00,0.9978,0.9978,0.99614158,0.9972,300
2026-03-21 22:55:00+00:00,2026-03-21 22:59:59.999000+00:00,0.9972,0.9973235,0.99663175,0.99719025,300
2026-03-21 23:00:00+00:00,2026-03-21 23:04:59.999000+00:00,0.99719025,0.99784967,0.9966,0.9974,300
2026-03-21 23:05:00+00:00,2026-03-21 23:09:59.999000+00:00,0.9974,0.9978,0.99666112,0.9971,300
2026-03-21 23:10:00+00:00,2026-03-21 23:14:59.999000+00:00,0.9971,0.9973,0.9968,0.9969,300
2026-03-21 23:15:00+00:00,2026-03-21 23:19:59.999000+00:00,0.99684425,0.99776508,0.9964,0.99750842,300
2026-03-21 23:20:00+00:00,2026-03-21 23:24:59.999000+00:00,0.99750842,0.99886942,0.99703167,0.99854405,300
2026-03-21 23:25:00+00:00,2026-03-21 23:29:59.999000+00:00,0.99854405,0.99858336,0.9974505,0.997755,300
2026-03-21 23:30:00+00:00,2026-03-21 23:34:59.999000+00:00,0.997755,0.99992716,0.99714025,0.99942533,300
2026-03-21 23:35:00+00:00,2026-03-21 23:39:59.999000+00:00,0.99942533,1.0004169,0.99898433,1.00018667,300
2026-03-21 23:40:00+00:00,2026-03-21 23:44:59.999000+00:00,1.00026167,1.00211425,1.0002,1.00154069,300
2026-03-21 23:45:00+00:00,2026-03-21 23:49:59.999000+00:00,1.00154069,1.0017,0.99350225,0.9937,300
2026-03-21 23:50:00+00:00,2026-03-21 23:54:59.999000+00:00,0.9937,0.9938,0.9764,0.98191658,300
2026-03-21 23:55:00+00:00,2026-03-21 23:59:59.999000+00:00,0.98191658,0.982,0.96647158,0.97172342,300
2026-03-22 00:00:00+00:00,2026-03-22 00:04:59.999000+00:00,0.97172342,0.97248572,0.95650008,0.9613,300
2026-03-22 00:05:00+00:00,2026-03-22 00:09:59.999000+00:00,0.9611,0.97415725,0.96009617,0.97112583,300
2026-03-22 00:10:00+00:00,2026-03-22 00:14:59.999000+00:00,0.97111083,0.97378527,0.96578975,0.9671,300
2026-03-22 00:15:00+00:00,2026-03-22 00:19:59.999000+00:00,0.9671,0.97835328,0.96656225,0.9765,300
2026-03-22 00:20:00+00:00,2026-03-22 00:24:59.999000+00:00,0.9765,0.97680108,0.9702,0.97095225,300
2026-03-22 00:25:00+00:00,2026-03-22 00:29:59.999000+00:00,0.97095225,0.972,0.968554,0.97171825,300
2026-03-22 00:30:00+00:00,2026-03-22 00:34:59.999000+00:00,0.97171825,0.97598942,0.97171825,0.9752,300
2026-03-22 00:35:00+00:00,2026-03-22 00:39:59.999000+00:00,0.9752,0.9785155,0.97445367,0.97445367,300
2026-03-22 00:40:00+00:00,2026-03-22 00:44:59.999000+00:00,0.97446276,0.97658975,0.97344974,0.97598233,300
2026-03-22 00:45:00+00:00,2026-03-22 00:49:59.999000+00:00,0.97600483,0.98082658,0.97464667,0.97775633,300
2026-03-22 00:50:00+00:00,2026-03-22 00:54:59.999000+00:00,0.97775633,0.97775633,0.97136043,0.9727,300
2026-03-22 00:55:00+00:00,2026-03-22 00:59:59.999000+00:00,0.9728,0.97558925,0.97229133,0.9742,300
2026-03-22 01:00:00+00:00,2026-03-22 01:04:59.999000+00:00,0.9743,0.97976763,0.9742,0.97960575,300
2026-03-22 01:05:00+00:00,2026-03-22 01:09:59.999000+00:00,0.97960575,0.97992629,0.97541958,0.9786,300
2026-03-22 01:10:00+00:00,2026-03-22 01:14:59.999000+00:00,0.97838225,0.97843475,0.97635575,0.9772985,300
2026-03-22 01:15:00+00:00,2026-03-22 01:19:59.999000+00:00,0.9777,0.97900092,0.97462517,0.97868458,300
2026-03-22 01:20:00+00:00,2026-03-22 01:24:59.999000+00:00,0.97868458,0.97868458,0.97457491,0.9746,300
2026-03-22 01:25:00+00:00,2026-03-22 01:29:59.999000+00:00,0.9746,0.97559917,0.97,0.97076608,300
2026-03-22 01:30:00+00:00,2026-03-22 01:34:59.999000+00:00,0.9709,0.97184836,0.97015292,0.97059658,300
2026-03-22 01:35:00+00:00,2026-03-22 01:39:59.999000+00:00,0.9701,0.9710571,0.96287108,0.96337297,300
2026-03-22 01:40:00+00:00,2026-03-22 01:44:59.999000+00:00,0.96337298,0.9656,0.96301117,0.9639,300
2026-03-22 01:45:00+00:00,2026-03-22 01:49:59.999000+00:00,0.9639,0.96640808,0.96381198,0.96628121,300
2026-03-22 01:50:00+00:00,2026-03-22 01:54:59.999000+00:00,0.96628121,0.96678207,0.964533,0.9655,300
2026-03-22 01:55:00+00:00,2026-03-22 01:59:59.999000+00:00,0.9655,0.96833301,0.9655,0.96775667,300
2026-03-22 02:00:00+00:00,2026-03-22 02:04:59.999000+00:00,0.96779378,0.9716,0.96779378,0.97113664,300
2026-03-22 02:05:00+00:00,2026-03-22 02:09:59.999000+00:00,0.97107825,0.9712,0.96895133,0.9695,300
2026-03-22 02:10:00+00:00,2026-03-22 02:14:59.999000+00:00,0.9695,0.97161489,0.96927758,0.97140379,300
2026-03-22 02:15:00+00:00,2026-03-22 02:19:59.999000+00:00,0.97140379,0.97163667,0.96645033,0.97038733,300
2026-03-22 02:20:00+00:00,2026-03-22 02:24:59.999000+00:00,0.97061233,0.97077742,0.9666,0.97070469,300
2026-03-22 02:25:00+00:00,2026-03-22 02:29:59.999000+00:00,0.9707047,0.97838043,0.9702,0.97581302,300
2026-03-22 02:30:00+00:00,2026-03-22 02:34:59.999000+00:00,0.97581302,0.9763,0.9723,0.97345208,300
2026-03-22 02:35:00+00:00,2026-03-22 02:39:59.999000+00:00,0.97345208,0.97420283,0.97164858,0.97164858,300
2026-03-22 02:40:00+00:00,2026-03-22 02:44:59.999000+00:00,0.9717,0.97284089,0.9716,0.97265508,300
2026-03-22 02:45:00+00:00,2026-03-22 02:49:59.999000+00:00,0.97265508,0.97472761,0.9725,0.974,300
2026-03-22 02:50:00+00:00,2026-03-22 02:54:59.999000+00:00,0.974,0.9764,0.97353408,0.9764,300
2026-03-22 02:55:00+00:00,2026-03-22 02:59:59.999000+00:00,0.9764,0.9773,0.97515125,0.97515125,300
2026-03-22 03:00:00+00:00,2026-03-22 03:04:59.999000+00:00,0.97515125,0.97515125,0.97002308,0.9702,300
2026-03-22 03:05:00+00:00,2026-03-22 03:09:59.999000+00:00,0.9702,0.97102458,0.9696,0.9697,300
2026-03-22 03:10:00+00:00,2026-03-22 03:14:59.999000+00:00,0.9697,0.9724,0.9697,0.97210058,300
2026-03-22 03:15:00+00:00,2026-03-22 03:19:59.999000+00:00,0.97210058,0.9731,0.97098508,0.9731,300
2026-03-22 03:20:00+00:00,2026-03-22 03:24:59.999000+00:00,0.97317475,0.9735,0.97203958,0.97264379,300
2026-03-22 03:25:00+00:00,2026-03-22 03:29:59.999000+00:00,0.9727,0.979558,0.9725,0.9776,300
2026-03-22 03:30:00+00:00,2026-03-22 03:34:59.999000+00:00,0.9777,0.97894865,0.97671267,0.97824542,300
2026-03-22 03:35:00+00:00,2026-03-22 03:39:59.999000+00:00,0.97824542,0.98273071,0.9779,0.9799,300
2026-03-22 03:40:00+00:00,2026-03-22 03:44:59.999000+00:00,0.98004027,0.98004027,0.9788,0.9793,300
2026-03-22 03:45:00+00:00,2026-03-22 03:49:59.999000+00:00,0.9793,0.9795,0.97718103,0.9778,300
2026-03-22 03:50:00+00:00,2026-03-22 03:54:59.999000+00:00,0.9777,0.97775017,0.97551767,0.97551767,300
2026-03-22 03:55:00+00:00,2026-03-22 03:59:59.999000+00:00,0.97551767,0.97551767,0.9741,0.9747115,300
2026-03-22 04:00:00+00:00,2026-03-22 04:04:59.999000+00:00,0.9747115,0.9784,0.97341475,0.97810692,300
2026-03-22 04:05:00+00:00,2026-03-22 04:09:59.999000+00:00,0.97810692,0.9808,0.97784817,0.9808,300
2026-03-22 04:10:00+00:00,2026-03-22 04:14:59.999000+00:00,0.9808,0.98173708,0.98,0.9814,300
2026-03-22 04:15:00+00:00,2026-03-22 04:19:59.999000+00:00,0.9815,0.98594923,0.9815,0.98293142,300
2026-03-22 04:20:00+00:00,2026-03-22 04:24:59.999000+00:00,0.98293142,0.98293142,0.9769,0.9773,300
2026-03-22 04:25:00+00:00,2026-03-22 04:29:59.999000+00:00,0.9773,0.977944,0.9752,0.97569883,300
2026-03-22 04:30:00+00:00,2026-03-22 04:34:59.999000+00:00,0.97569883,0.97689525,0.9746,0.97689525,300
2026-03-22 04:35:00+00:00,2026-03-22 04:39:59.999000+00:00,0.97689525,0.97775726,0.97620008,0.97711117,300
2026-03-22 04:40:00+00:00,2026-03-22 04:44:59.999000+00:00,0.9771,0.9771,0.975843,0.9768,300
2026-03-22 04:45:00+00:00,2026-03-22 04:49:59.999000+00:00,0.9768,0.9783,0.97650492,0.97803768,300
2026-03-22 04:50:00+00:00,2026-03-22 04:54:59.999000+00:00,0.97803769,0.97893608,0.97787569,0.97827542,300
2026-03-22 04:55:00+00:00,2026-03-22 04:59:59.999000+00:00,0.97827542,0.9784,0.9757,0.97732733,300
2026-03-22 05:00:00+00:00,2026-03-22 05:04:59.999000+00:00,0.97732734,0.9777,0.9733,0.9737,300
2026-03-22 05:05:00+00:00,2026-03-22 05:09:59.999000+00:00,0.9737,0.97501953,0.9727,0.97486975,300
2026-03-22 05:10:00+00:00,2026-03-22 05:14:59.999000+00:00,0.97486975,0.97564127,0.97316842,0.97490217,300
2026-03-22 05:15:00+00:00,2026-03-22 05:19:59.999000+00:00,0.97490217,0.97647325,0.97383142,0.9752,300
2026-03-22 05:20:00+00:00,2026-03-22 05:24:59.999000+00:00,0.9752,0.9752,0.9709,0.9713,300
2026-03-22 05:25:00+00:00,2026-03-22 05:29:59.999000+00:00,0.9713,0.97255058,0.969,0.9707,300
2026-03-22 05:30:00+00:00,2026-03-22 05:34:59.999000+00:00,0.9707,0.97187041,0.9701,0.97114867,300
2026-03-22 05:35:00+00:00,2026-03-22 05:39:59.999000+00:00,0.97114867,0.97198081,0.97071958,0.9718,300
2026-03-22 05:40:00+00:00,2026-03-22 05:44:59.999000+00:00,0.9718,0.97276129,0.97119967,0.9713,300
2026-03-22 05:45:00+00:00,2026-03-22 05:49:59.999000+00:00,0.9713,0.9725,0.9699,0.97,300
2026-03-22 05:50:00+00:00,2026-03-22 05:54:59.999000+00:00,0.97,0.9709,0.97,0.9703,300
2026-03-22 05:55:00+00:00,2026-03-22 05:59:59.999000+00:00,0.9703,0.97088525,0.969709,0.9699,300
2026-03-22 06:00:00+00:00,2026-03-22 06:04:59.999000+00:00,0.96982317,0.97082197,0.9689,0.9698665,300
2026-03-22 06:05:00+00:00,2026-03-22 06:09:59.999000+00:00,0.9698665,0.9698665,0.96686992,0.96910675,300
2026-03-22 06:10:00+00:00,2026-03-22 06:14:59.999000+00:00,0.96860675,0.96862175,0.96655275,0.9667,300
2026-03-22 06:15:00+00:00,2026-03-22 06:19:59.999000+00:00,0.9667,0.96742633,0.96564167,0.9665,300
2026-03-22 06:20:00+00:00,2026-03-22 06:24:59.999000+00:00,0.9665,0.96721508,0.9649,0.96656917,300
2026-03-22 06:25:00+00:00,2026-03-22 06:29:59.999000+00:00,0.9666,0.96713933,0.96606358,0.96698492,300
2026-03-22 06:30:00+00:00,2026-03-22 06:34:59.999000+00:00,0.96698492,0.96762172,0.9637,0.965,300
2026-03-22 06:35:00+00:00,2026-03-22 06:39:59.999000+00:00,0.965,0.96673117,0.965,0.96553375,300
2026-03-22 06:40:00+00:00,2026-03-22 06:44:59.999000+00:00,0.96553375,0.96726017,0.96499417,0.967,300
2026-03-22 06:45:00+00:00,2026-03-22 06:49:59.999000+00:00,0.96693025,0.96739633,0.96549658,0.9669,300
2026-03-22 06:50:00+00:00,2026-03-22 06:54:59.999000+00:00,0.9669,0.96791367,0.96678083,0.96740836,300
2026-03-22 06:55:00+00:00,2026-03-22 06:59:59.999000+00:00,0.96740836,0.96741586,0.9665,0.96666925,300
2026-03-22 07:00:00+00:00,2026-03-22 07:04:59.999000+00:00,0.96666925,0.97008742,0.96593975,0.96850142,300
2026-03-22 07:05:00+00:00,2026-03-22 07:09:59.999000+00:00,0.96834692,0.9696,0.9668,0.96760317,300
2026-03-22 07:10:00+00:00,2026-03-22 07:14:59.999000+00:00,0.9675435,0.96940867,0.967,0.96889767,300
2026-03-22 07:15:00+00:00,2026-03-22 07:19:59.999000+00:00,0.96889767,0.9716,0.96863583,0.97079167,300
2026-03-22 07:20:00+00:00,2026-03-22 07:24:59.999000+00:00,0.97079167,0.97079167,0.96975475,0.96994325,300
2026-03-22 07:25:00+00:00,2026-03-22 07:29:59.999000+00:00,0.96993575,0.9708,0.9697415,0.9697415,300
2026-03-22 07:30:00+00:00,2026-03-22 07:34:59.999000+00:00,0.9698,0.97,0.96751,0.96885361,300
2026-03-22 07:35:00+00:00,2026-03-22 07:39:59.999000+00:00,0.96896612,0.96954258,0.967427,0.967427,300
2026-03-22 07:40:00+00:00,2026-03-22 07:44:59.999000+00:00,0.9674195,0.9677,0.96509533,0.9666,300
2026-03-22 07:45:00+00:00,2026-03-22 07:49:59.999000+00:00,0.9666,0.96777617,0.96578125,0.96743216,300
2026-03-22 07:50:00+00:00,2026-03-22 07:54:59.999000+00:00,0.96746216,0.96830217,0.965,0.965,300
2026-03-22 07:55:00+00:00,2026-03-22 07:59:59.999000+00:00,0.965,0.96655026,0.96174917,0.96219075,300
2026-03-22 08:00:00+00:00,2026-03-22 08:04:59.999000+00:00,0.96223575,0.96228825,0.95673608,0.9578,300
2026-03-22 08:05:00+00:00,2026-03-22 08:09:59.999000+00:00,0.9578,0.9595,0.9566,0.95660208,300
2026-03-22 08:10:00+00:00,2026-03-22 08:14:59.999000+00:00,0.95658708,0.9605,0.95568033,0.9605,300
2026-03-22 08:15:00+00:00,2026-03-22 08:19:59.999000+00:00,0.9605,0.96062992,0.9549,0.95562308,300
2026-03-22 08:20:00+00:00,2026-03-22 08:24:59.999000+00:00,0.95562308,0.95574798,0.9515,0.95525783,300
2026-03-22 08:25:00+00:00,2026-03-22 08:29:59.999000+00:00,0.95525783,0.9568585,0.9492,0.9522025,300
2026-03-22 08:30:00+00:00,2026-03-22 08:34:59.999000+00:00,0.9522025,0.95510017,0.95096117,0.9529,300
2026-03-22 08:35:00+00:00,2026-03-22 08:39:59.999000+00:00,0.9529,0.9551,0.9525,0.954584,300
2026-03-22 08:40:00+00:00,2026-03-22 08:44:59.999000+00:00,0.95452931,0.9574,0.95452931,0.95667833,300
2026-03-22 08:45:00+00:00,2026-03-22 08:49:59.999000+00:00,0.95667833,0.95667833,0.9542,0.9547,300
2026-03-22 08:50:00+00:00,2026-03-22 08:54:59.999000+00:00,0.9547,0.9559,0.95322092,0.95572267,300
2026-03-22 08:55:00+00:00,2026-03-22 08:59:59.999000+00:00,0.95570767,0.95688458,0.9545,0.95616867,300
2026-03-22 09:00:00+00:00,2026-03-22 09:04:59.999000+00:00,0.95616867,0.95886658,0.9545,0.95759283,300
2026-03-22 09:05:00+00:00,2026-03-22 09:09:59.999000+00:00,0.95759283,0.96074967,0.95714208,0.96039308,300
2026-03-22 09:10:00+00:00,2026-03-22 09:14:59.999000+00:00,0.96028733,0.96176733,0.95966828,0.96102526,300
2026-03-22 09:15:00+00:00,2026-03-22 09:19:59.999000+00:00,0.96102526,0.96220605,0.9558,0.9562,300
2026-03-22 09:20:00+00:00,2026-03-22 09:24:59.999000+00:00,0.95611275,0.95772508,0.95562375,0.95603583,300
2026-03-22 09:25:00+00:00,2026-03-22 09:29:59.999000+00:00,0.956,0.95667043,0.95358966,0.9546,300
2026-03-22 09:30:00+00:00,2026-03-22 09:34:59.999000+00:00,0.9545,0.9554,0.9521,0.95351345,300
2026-03-22 09:35:00+00:00,2026-03-22 09:39:59.999000+00:00,0.95351345,0.9542,0.95272217,0.953227,300
2026-03-22 09:40:00+00:00,2026-03-22 09:44:59.999000+00:00,0.953227,0.95534075,0.9532,0.9536,300
2026-03-22 09:45:00+00:00,2026-03-22 09:49:59.999000+00:00,0.9536,0.95560808,0.9532,0.955508,300
2026-03-22 09:50:00+00:00,2026-03-22 09:54:59.999000+00:00,0.955508,0.95558808,0.95428017,0.95460908,300
2026-03-22 09:55:00+00:00,2026-03-22 09:59:59.999000+00:00,0.95460908,0.955422,0.9539,0.95392242,300
2026-03-22 10:00:00+00:00,2026-03-22 10:04:59.999000+00:00,0.9539,0.954105,0.9524,0.95383533,300
2026-03-22 10:05:00+00:00,2026-03-22 10:09:59.999000+00:00,0.95383533,0.95383533,0.9495,0.95209975,300
2026-03-22 10:10:00+00:00,2026-03-22 10:14:59.999000+00:00,0.95209975,0.95254558,0.9511,0.9521,300
2026-03-22 10:15:00+00:00,2026-03-22 10:19:59.999000+00:00,0.9521,0.9521,0.94899075,0.94899075,300
2026-03-22 10:20:00+00:00,2026-03-22 10:24:59.999000+00:00,0.94899075,0.94987775,0.9487,0.94942683,300
2026-03-22 10:25:00+00:00,2026-03-22 10:29:59.999000+00:00,0.94943433,0.94990792,0.94746733,0.9478,300
2026-03-22 10:30:00+00:00,2026-03-22 10:34:59.999000+00:00,0.9479,0.9492,0.9459,0.94653733,300
2026-03-22 10:35:00+00:00,2026-03-22 10:39:59.999000+00:00,0.94651483,0.9466,0.9449,0.9451,300
2026-03-22 10:40:00+00:00,2026-03-22 10:44:59.999000+00:00,0.9454,0.94581125,0.94364708,0.94572358,300
2026-03-22 10:45:00+00:00,2026-03-22 10:49:59.999000+00:00,0.94572358,0.9464,0.9441,0.9444,300
2026-03-22 10:50:00+00:00,2026-03-22 10:54:59.999000+00:00,0.9444,0.94482508,0.9427,0.9431,300
2026-03-22 10:55:00+00:00,2026-03-22 10:59:59.999000+00:00,0.9431,0.944,0.9417,0.94170742,300
2026-03-22 11:00:00+00:00,2026-03-22 11:04:59.999000+00:00,0.94169242,0.9418,0.939,0.94049425,300
2026-03-22 11:05:00+00:00,2026-03-22 11:09:59.999000+00:00,0.94049425,0.94049425,0.93822483,0.93961133,300
2026-03-22 11:10:00+00:00,2026-03-22 11:14:59.999000+00:00,0.93938569,0.93938569,0.93659567,0.93691457,300
2026-03-22 11:15:00+00:00,2026-03-22 11:19:59.999000+00:00,0.93691457,0.937,0.9353,0.93535225,300
2026-03-22 11:20:00+00:00,2026-03-22 11:24:59.999000+00:00,0.93535225,0.938,0.93534475,0.93544758,300
2026-03-22 11:25:00+00:00,2026-03-22 11:29:59.999000+00:00,0.93544008,0.93551333,0.933,0.9341,300
2026-03-22 11:30:00+00:00,2026-03-22 11:34:59.999000+00:00,0.9341,0.93783078,0.9317,0.93594392,300
2026-03-22 11:35:00+00:00,2026-03-22 11:39:59.999000+00:00,0.93594392,0.93708833,0.9351,0.93672967,300
2026-03-22 11:40:00+00:00,2026-03-22 11:44:59.999000+00:00,0.93672967,0.93701475,0.9333,0.93675717,300
2026-03-22 11:45:00+00:00,2026-03-22 11:49:59.999000+00:00,0.93675717,0.936773,0.9344,0.9353995,300
2026-03-22 11:50:00+00:00,2026-03-22 11:54:59.999000+00:00,0.9353995,0.9353995,0.93247783,0.93456302,300
2026-03-22 11:55:00+00:00,2026-03-22 11:59:59.999000+00:00,0.9344795,0.9344795,0.9329,0.93397858,300
2026-03-22 12:00:00+00:00,2026-03-22 12:04:59.999000+00:00,0.93395158,0.93539267,0.9332,0.93464492,300
2026-03-22 12:05:00+00:00,2026-03-22 12:09:59.999000+00:00,0.93464492,0.93688142,0.93464492,0.9361915,300
2026-03-22 12:10:00+00:00,2026-03-22 12:14:59.999000+00:00,0.9361315,0.9361315,0.9342,0.9349,300
2026-03-22 12:15:00+00:00,2026-03-22 12:19:59.999000+00:00,0.93486183,0.93767433,0.93454825,0.93641567,300
2026-03-22 12:20:00+00:00,2026-03-22 12:24:59.999000+00:00,0.9365,0.9392,0.93572425,0.9372,300
2026-03-22 12:25:00+00:00,2026-03-22 12:29:59.999000+00:00,0.9372,0.937923,0.93603975,0.9363,300
2026-03-22 12:30:00+00:00,2026-03-22 12:34:59.999000+00:00,0.9363,0.93796233,0.9359,0.93600817,300
2026-03-22 12:35:00+00:00,2026-03-22 12:39:59.999000+00:00,0.93600817,0.93651583,0.9289,0.9299,300
2026-03-22 12:40:00+00:00,2026-03-22 12:44:59.999000+00:00,0.9299,0.93003358,0.92848242,0.92854042,300
2026-03-22 12:45:00+00:00,2026-03-22 12:49:59.999000+00:00,0.92851142,0.93176654,0.9281,0.9293,300
2026-03-22 12:50:00+00:00,2026-03-22 12:54:59.999000+00:00,0.9294,0.9299,0.9265,0.9299,300
2026-03-22 12:55:00+00:00,2026-03-22 12:59:59.999000+00:00,0.9299,0.93185817,0.9299,0.9313,300
2026-03-22 13:00:00+00:00,2026-03-22 13:04:59.999000+00:00,0.93124533,0.93514733,0.9309,0.9327,300
2026-03-22 13:05:00+00:00,2026-03-22 13:09:59.999000+00:00,0.9326045,0.93348333,0.932,0.93340125,300
2026-03-22 13:10:00+00:00,2026-03-22 13:14:59.999000+00:00,0.93329617,0.93474417,0.9329,0.9338,300
2026-03-22 13:15:00+00:00,2026-03-22 13:19:59.999000+00:00,0.9338,0.9346415,0.9319,0.9319,300
2026-03-22 13:20:00+00:00,2026-03-22 13:24:59.999000+00:00,0.9322,0.9336,0.9295,0.92981608,300
2026-03-22 13:25:00+00:00,2026-03-22 13:29:59.999000+00:00,0.92981608,0.93185858,0.9298,0.9305,300
2026-03-22 13:30:00+00:00,2026-03-22 13:34:59.999000+00:00,0.93045925,0.93300517,0.9304,0.93108742,300
2026-03-22 13:35:00+00:00,2026-03-22 13:39:59.999000+00:00,0.931,0.93173825,0.93,0.93013025,300
2026-03-22 13:40:00+00:00,2026-03-22 13:44:59.999000+00:00,0.93013025,0.9329435,0.93003758,0.9326,300
2026-03-22 13:45:00+00:00,2026-03-22 13:49:59.999000+00:00,0.9326,0.93482983,0.932271,0.93370333,300
2026-03-22 13:50:00+00:00,2026-03-22 13:54:59.999000+00:00,0.93371508,0.9358,0.93371508,0.9358,300
2026-03-22 13:55:00+00:00,2026-03-22 13:59:59.999000+00:00,0.9358,0.93710292,0.9356,0.9357,300
2026-03-22 14:00:00+00:00,2026-03-22 14:04:59.999000+00:00,0.9356,0.9366,0.93151042,0.9331,300
2026-03-22 14:05:00+00:00,2026-03-22 14:09:59.999000+00:00,0.9331,0.9339,0.93108917,0.9315,300
2026-03-22 14:10:00+00:00,2026-03-22 14:14:59.999000+00:00,0.9316,0.93217558,0.931,0.93216967,300
2026-03-22 14:15:00+00:00,2026-03-22 14:19:59.999000+00:00,0.93216967,0.9325,0.931,0.93195925,300
2026-03-22 14:20:00+00:00,2026-03-22 14:24:59.999000+00:00,0.93195925,0.93482633,0.93156025,0.93424758,300
2026-03-22 14:25:00+00:00,2026-03-22 14:29:59.999000+00:00,0.93418225,0.93424225,0.9325,0.933318,300
2026-03-22 14:30:00+00:00,2026-03-22 14:34:59.999000+00:00,0.933318,0.9339,0.9324,0.93289183,300
2026-03-22 14:35:00+00:00,2026-03-22 14:39:59.999000+00:00,0.93273966,0.9337,0.9318,0.93290817,300
2026-03-22 14:40:00+00:00,2026-03-22 14:44:59.999000+00:00,0.93290817,0.93290817,0.9309,0.93156,300
2026-03-22 14:45:00+00:00,2026-03-22 14:49:59.999000+00:00,0.93159,0.9325,0.93091808,0.931,300
2026-03-22 14:50:00+00:00,2026-03-22 14:54:59.999000+00:00,0.931,0.9314,0.9296,0.9296,300
2026-03-22 14:55:00+00:00,2026-03-22 14:59:59.999000+00:00,0.9296,0.93025375,0.9281,0.9287,300
2026-03-22 15:00:00+00:00,2026-03-22 15:04:59.999000+00:00,0.9287,0.9323,0.9287,0.93064175,300
2026-03-22 15:05:00+00:00,2026-03-22 15:09:59.999000+00:00,0.93064175,0.93405108,0.93064175,0.9329,300
2026-03-22 15:10:00+00:00,2026-03-22 15:14:59.999000+00:00,0.9329,0.93612208,0.9329,0.93537267,300
2026-03-22 15:15:00+00:00,2026-03-22 15:19:59.999000+00:00,0.93537267,0.93583967,0.9337,0.93410642,300
2026-03-22 15:20:00+00:00,2026-03-22 15:24:59.999000+00:00,0.93410642,0.93545802,0.93378319,0.93470867,300
2026-03-22 15:25:00+00:00,2026-03-22 15:29:59.999000+00:00,0.93470867,0.93515083,0.93131692,0.9314,300
2026-03-22 15:30:00+00:00,2026-03-22 15:34:59.999000+00:00,0.9313345,0.9320405,0.93042142,0.93132,300
2026-03-22 15:35:00+00:00,2026-03-22 15:39:59.999000+00:00,0.93132,0.931326,0.9246395,0.92569125,300
2026-03-22 15:40:00+00:00,2026-03-22 15:44:59.999000+00:00,0.92569125,0.9261,0.92482142,0.9259,300
2026-03-22 15:45:00+00:00,2026-03-22 15:49:59.999000+00:00,0.9259,0.9271,0.9259,0.927,300
2026-03-22 15:50:00+00:00,2026-03-22 15:54:59.999000+00:00,0.9273,0.92830892,0.9269,0.92830408,300
2026-03-22 15:55:00+00:00,2026-03-22 15:59:59.999000+00:00,0.92830408,0.9297,0.92767033,0.9296,300
2026-03-22 16:00:00+00:00,2026-03-22 16:04:59.999000+00:00,0.9296,0.93112646,0.92744283,0.9295,300
2026-03-22 16:05:00+00:00,2026-03-22 16:09:59.999000+00:00,0.9295,0.931407,0.9286,0.9303,300
2026-03-22 16:10:00+00:00,2026-03-22 16:14:59.999000+00:00,0.9303,0.93287333,0.9302,0.9318,300
2026-03-22 16:15:00+00:00,2026-03-22 16:19:59.999000+00:00,0.9321,0.93223475,0.9301525,0.9302,300
2026-03-22 16:20:00+00:00,2026-03-22 16:24:59.999000+00:00,0.9301525,0.93148898,0.9289,0.9313,300
2026-03-22 16:25:00+00:00,2026-03-22 16:29:59.999000+00:00,0.9314,0.93150975,0.9298,0.9304,300
2026-03-22 16:30:00+00:00,2026-03-22 16:34:59.999000+00:00,0.9303,0.93152033,0.9299,0.92995625,300
2026-03-22 16:35:00+00:00,2026-03-22 16:39:59.999000+00:00,0.92983625,0.9303,0.9283,0.92842408,300
2026-03-22 16:40:00+00:00,2026-03-22 16:44:59.999000+00:00,0.92842408,0.930473,0.9283305,0.92984367,300
2026-03-22 16:45:00+00:00,2026-03-22 16:49:59.999000+00:00,0.92986117,0.9314,0.92861242,0.93015208,300
2026-03-22 16:50:00+00:00,2026-03-22 16:54:59.999000+00:00,0.93015208,0.9304,0.92909336,0.9295785,300
2026-03-22 16:55:00+00:00,2026-03-22 16:59:59.999000+00:00,0.9295785,0.92960817,0.92785217,0.92785217,300
2026-03-22 17:00:00+00:00,2026-03-22 17:04:59.999000+00:00,0.92785217,0.92785967,0.92343833,0.92380625,300
2026-03-22 17:05:00+00:00,2026-03-22 17:09:59.999000+00:00,0.92380625,0.9257,0.9235,0.92455633,300
2026-03-22 17:10:00+00:00,2026-03-22 17:14:59.999000+00:00,0.9247,0.92562617,0.9241,0.92527358,300
2026-03-22 17:15:00+00:00,2026-03-22 17:19:59.999000+00:00,0.92527358,0.9272,0.92527358,0.9266,300
2026-03-22 17:20:00+00:00,2026-03-22 17:24:59.999000+00:00,0.9266,0.92875242,0.9266,0.928,300
2026-03-22 17:25:00+00:00,2026-03-22 17:29:59.999000+00:00,0.928,0.92915617,0.9275,0.9287,300
2026-03-22 17:30:00+00:00,2026-03-22 17:34:59.999000+00:00,0.929,0.929,0.92504158,0.926,300
2026-03-22 17:35:00+00:00,2026-03-22 17:39:59.999000+00:00,0.926,0.9261,0.9231,0.92437758,300
2026-03-22 17:40:00+00:00,2026-03-22 17:44:59.999000+00:00,0.92428133,0.9244,0.9197,0.9207,300
2026-03-22 17:45:00+00:00,2026-03-22 17:49:59.999000+00:00,0.92083625,0.9228,0.9203,0.9208715,300
2026-03-22 17:50:00+00:00,2026-03-22 17:54:59.999000+00:00,0.9208715,0.92311217,0.9208715,0.9215,300
2026-03-22 17:55:00+00:00,2026-03-22 17:59:59.999000+00:00,0.9215,0.92206569,0.9202,0.9202,300
2026-03-22 18:00:00+00:00,2026-03-22 18:04:59.999000+00:00,0.9202,0.92146317,0.9178,0.9196,300
2026-03-22 18:05:00+00:00,2026-03-22 18:09:59.999000+00:00,0.9196,0.9226375,0.9196,0.92251925,300
2026-03-22 18:10:00+00:00,2026-03-22 18:14:59.999000+00:00,0.92252675,0.9236,0.92168233,0.9228,300
2026-03-22 18:15:00+00:00,2026-03-22 18:19:59.999000+00:00,0.9228,0.9229,0.9213,0.9216385,300
2026-03-22 18:20:00+00:00,2026-03-22 18:24:59.999000+00:00,0.9217,0.92279042,0.9215,0.9215,300
2026-03-22 18:25:00+00:00,2026-03-22 18:29:59.999000+00:00,0.9215,0.92367608,0.92128783,0.92311333,300
2026-03-22 18:30:00+00:00,2026-03-22 18:34:59.999000+00:00,0.92311083,0.9243,0.92081742,0.92081742,300
2026-03-22 18:35:00+00:00,2026-03-22 18:39:59.999000+00:00,0.92019242,0.9202,0.9149,0.91666017,300
2026-03-22 18:40:00+00:00,2026-03-22 18:44:59.999000+00:00,0.9165,0.918,0.9158,0.91715467,300
2026-03-22 18:45:00+00:00,2026-03-22 18:49:59.999000+00:00,0.91715467,0.91825567,0.91552008,0.9179,300
2026-03-22 18:50:00+00:00,2026-03-22 18:54:59.999000+00:00,0.91791525,0.9189,0.9173,0.9173,300
2026-03-22 18:55:00+00:00,2026-03-22 18:59:59.999000+00:00,0.9173,0.9195,0.9173,0.9193,300
2026-03-22 19:00:00+00:00,2026-03-22 19:04:59.999000+00:00,0.9194,0.92032508,0.91622517,0.9193,300
2026-03-22 19:05:00+00:00,2026-03-22 19:09:59.999000+00:00,0.9192,0.9205,0.91900325,0.92005,300
2026-03-22 19:10:00+00:00,2026-03-22 19:14:59.999000+00:00,0.92005,0.9204,0.9166,0.9176,300
2026-03-22 19:15:00+00:00,2026-03-22 19:19:59.999000+00:00,0.9176,0.9182,0.915307,0.91575121,300
2026-03-22 19:20:00+00:00,2026-03-22 19:24:59.999000+00:00,0.91575121,0.9171,0.913477,0.91368575,300
2026-03-22 19:25:00+00:00,2026-03-22 19:29:59.999000+00:00,0.91367825,0.91373333,0.9121,0.91241658,300
2026-03-22 19:30:00+00:00,2026-03-22 19:34:59.999000+00:00,0.91241658,0.91361583,0.9114,0.91361583,300
2026-03-22 19:35:00+00:00,2026-03-22 19:39:59.999000+00:00,0.91376581,0.91566426,0.91376581,0.9151965,300
2026-03-22 19:40:00+00:00,2026-03-22 19:44:59.999000+00:00,0.9151965,0.917,0.9144,0.91652167,300
2026-03-22 19:45:00+00:00,2026-03-22 19:49:59.999000+00:00,0.91652167,0.91671642,0.9139,0.91423008,300
2026-03-22 19:50:00+00:00,2026-03-22 19:54:59.999000+00:00,0.9143,0.9158,0.914,0.91500567,300
2026-03-22 19:55:00+00:00,2026-03-22 19:59:59.999000+00:00,0.9149155,0.9157,0.9148,0.91562767,300
2026-03-22 20:00:00+00:00,2026-03-22 20:04:59.999000+00:00,0.91562767,0.91817367,0.91562767,0.9168,300
2026-03-22 20:05:00+00:00,2026-03-22 20:09:59.999000+00:00,0.9168,0.91758833,0.9157406,0.91646592,300
2026-03-22 20:10:00+00:00,2026-03-22 20:14:59.999000+00:00,0.91646592,0.9173,0.91552617,0.91636692,300
2026-03-22 20:15:00+00:00,2026-03-22 20:19:59.999000+00:00,0.91636692,0.91843392,0.9157,0.91763125,300
2026-03-22 20:20:00+00:00,2026-03-22 20:24:59.999000+00:00,0.91763642,0.920471,0.9176,0.91822708,300
2026-03-22 20:25:00+00:00,2026-03-22 20:29:59.999000+00:00,0.91822708,0.9186,0.9167415,0.9171,300
2026-03-22 20:30:00+00:00,2026-03-22 20:34:59.999000+00:00,0.9172,0.91863575,0.91654758,0.91795517,300
2026-03-22 20:35:00+00:00,2026-03-22 20:39:59.999000+00:00,0.91795517,0.91916942,0.9163115,0.9165,300
2026-03-22 20:40:00+00:00,2026-03-22 20:44:59.999000+00:00,0.9165,0.91905,0.9165,0.918,300
2026-03-22 20:45:00+00:00,2026-03-22 20:49:59.999000+00:00,0.918,0.91874733,0.91764183,0.91824,300
2026-03-22 20:50:00+00:00,2026-03-22 20:54:59.999000+00:00,0.91824,0.92071375,0.9162,0.92056233,300
2026-03-22 20:55:00+00:00,2026-03-22 20:59:59.999000+00:00,0.92056233,0.9218,0.91990667,0.92165175,300
2026-03-22 21:00:00+00:00,2026-03-22 21:04:59.999000+00:00,0.92165175,0.92564466,0.92165175,0.92360858,300
2026-03-22 21:05:00+00:00,2026-03-22 21:09:59.999000+00:00,0.92360858,0.92454717,0.91520725,0.92275017,300
2026-03-22 21:10:00+00:00,2026-03-22 21:14:59.999000+00:00,0.92247242,0.9231715,0.9196,0.9214,300
2026-03-22 21:15:00+00:00,2026-03-22 21:19:59.999000+00:00,0.9214,0.92244925,0.9183,0.9186,300
2026-03-22 21:20:00+00:00,2026-03-22 21:24:59.999000+00:00,0.9186,0.92241675,0.9165,0.92142133,300
2026-03-22 21:25:00+00:00,2026-03-22 21:29:59.999000+00:00,0.92142133,0.92443442,0.9202,0.92362308,300
2026-03-22 21:30:00+00:00,2026-03-22 21:34:59.999000+00:00,0.92327625,0.9236,0.9202,0.9207,300
2026-03-22 21:35:00+00:00,2026-03-22 21:39:59.999000+00:00,0.9208,0.92554992,0.9207,0.9254,300
2026-03-22 21:40:00+00:00,2026-03-22 21:44:59.999000+00:00,0.92519733,0.9253,0.92301717,0.9245,300
2026-03-22 21:45:00+00:00,2026-03-22 21:49:59.999000+00:00,0.9245,0.9249,0.9204,0.9225,300
2026-03-22 21:50:00+00:00,2026-03-22 21:54:59.999000+00:00,0.9225,0.92422333,0.92204408,0.92322258,300
2026-03-22 21:55:00+00:00,2026-03-22 21:59:59.999000+00:00,0.92322258,0.92334992,0.9202,0.9231,300
2026-03-22 22:00:00+00:00,2026-03-22 22:04:59.999000+00:00,0.92311467,0.92311467,0.91611183,0.92192542,300
2026-03-22 22:05:00+00:00,2026-03-22 22:09:59.999000+00:00,0.9221,0.92318013,0.9206,0.92294592,300
2026-03-22 22:10:00+00:00,2026-03-22 22:14:59.999000+00:00,0.92299842,0.92299842,0.91723042,0.91730667,300
2026-03-22 22:15:00+00:00,2026-03-22 22:19:59.999000+00:00,0.91730667,0.9205,0.9169,0.9192,300
2026-03-22 22:20:00+00:00,2026-03-22 22:24:59.999000+00:00,0.9191,0.922831,0.91872767,0.92272625,300
2026-03-22 22:25:00+00:00,2026-03-22 22:29:59.999000+00:00,0.92272625,0.9274,0.9221,0.92404667,300
2026-03-22 22:30:00+00:00,2026-03-22 22:34:59.999000+00:00,0.92398667,0.92666828,0.9238,0.9254,300
2026-03-22 22:35:00+00:00,2026-03-22 22:39:59.999000+00:00,0.9254,0.9269,0.92412817,0.9257,300
2026-03-22 22:40:00+00:00,2026-03-22 22:44:59.999000+00:00,0.9257,0.92659083,0.92373892,0.92434707,300
2026-03-22 22:45:00+00:00,2026-03-22 22:49:59.999000+00:00,0.92434707,0.92676625,0.92434707,0.92674008,300
2026-03-22 22:50:00+00:00,2026-03-22 22:54:59.999000+00:00,0.92674008,0.9279,0.92541083,0.92706625,300
2026-03-22 22:55:00+00:00,2026-03-22 22:59:59.999000+00:00,0.926971,0.9288,0.9269695,0.9286,300
2026-03-22 23:00:00+00:00,2026-03-22 23:04:59.999000+00:00,0.9285,0.9317,0.92751875,0.9293,300
2026-03-22 23:05:00+00:00,2026-03-22 23:09:59.999000+00:00,0.9293,0.9308,0.9288,0.9308,300
2026-03-22 23:10:00+00:00,2026-03-22 23:14:59.999000+00:00,0.9308,0.93155133,0.92960533,0.9302,300
2026-03-22 23:15:00+00:00,2026-03-22 23:19:59.999000+00:00,0.9301,0.9321865,0.92995708,0.9307,300
2026-03-22 23:20:00+00:00,2026-03-22 23:24:59.999000+00:00,0.9307,0.93184617,0.9302,0.9313,300
2026-03-22 23:25:00+00:00,2026-03-22 23:29:59.999000+00:00,0.9313,0.9316,0.9304305,0.9307,300
2026-03-22 23:30:00+00:00,2026-03-22 23:34:59.999000+00:00,0.9307,0.93161667,0.92890692,0.92984175,300
2026-03-22 23:35:00+00:00,2026-03-22 23:39:59.999000+00:00,0.92984175,0.9324,0.92984175,0.93149125,300
2026-03-22 23:40:00+00:00,2026-03-22 23:44:59.999000+00:00,0.93149125,0.93194017,0.93010983,0.93117358,300
2026-03-22 23:45:00+00:00,2026-03-22 23:49:59.999000+00:00,0.93117358,0.9317,0.92936625,0.9297025,300
2026-03-22 23:50:00+00:00,2026-03-22 23:54:59.999000+00:00,0.9296275,0.9296275,0.9271,0.9275,300
2026-03-22 23:55:00+00:00,2026-03-22 23:59:59.999000+00:00,0.9275,0.92829483,0.927205,0.92803967,300
2026-03-23 00:00:00+00:00,2026-03-23 00:04:59.999000+00:00,0.92803967,0.9308,0.92798867,0.92998475,300
2026-03-23 00:05:00+00:00,2026-03-23 00:09:59.999000+00:00,0.92998475,0.92998475,0.92775933,0.9278,300
2026-03-23 00:10:00+00:00,2026-03-23 00:14:59.999000+00:00,0.9278,0.92985533,0.9272,0.9277,300
2026-03-23 00:15:00+00:00,2026-03-23 00:19:59.999000+00:00,0.9276,0.92907945,0.9273,0.92755008,300
2026-03-23 00:20:00+00:00,2026-03-23 00:24:59.999000+00:00,0.92755008,0.92893292,0.927,0.92806967,300
2026-03-23 00:25:00+00:00,2026-03-23 00:29:59.999000+00:00,0.92806967,0.92944476,0.92758534,0.9287405,300
2026-03-23 00:30:00+00:00,2026-03-23 00:34:59.999000+00:00,0.9287405,0.9297,0.92723917,0.92876933,300
2026-03-23 00:35:00+00:00,2026-03-23 00:39:59.999000+00:00,0.9288,0.92935608,0.9266,0.92914525,300
2026-03-23 00:40:00+00:00,2026-03-23 00:44:59.999000+00:00,0.92914525,0.93805243,0.92801458,0.9369,300
2026-03-23 00:45:00+00:00,2026-03-23 00:49:59.999000+00:00,0.9369,0.94139094,0.9368,0.94136107,300
2026-03-23 00:50:00+00:00,2026-03-23 00:54:59.999000+00:00,0.94136108,0.94506625,0.94130517,0.9443205,300
2026-03-23 00:55:00+00:00,2026-03-23 00:59:59.999000+00:00,0.9443205,0.9451796,0.94252642,0.94333325,300
2026-03-23 01:00:00+00:00,2026-03-23 01:04:59.999000+00:00,0.94337075,0.94337075,0.93458208,0.93873533,300
2026-03-23 01:05:00+00:00,2026-03-23 01:09:59.999000+00:00,0.9386,0.94275483,0.93810408,0.94245169,300
2026-03-23 01:10:00+00:00,2026-03-23 01:14:59.999000+00:00,0.9424517,0.94245172,0.9388,0.939,300
2026-03-23 01:15:00+00:00,2026-03-23 01:19:59.999000+00:00,0.9389,0.9427,0.9389,0.94202783,300
2026-03-23 01:20:00+00:00,2026-03-23 01:24:59.999000+00:00,0.94202783,0.9469,0.94202783,0.9469,300
2026-03-23 01:25:00+00:00,2026-03-23 01:29:59.999000+00:00,0.94694583,0.94808043,0.9451,0.9462,300
2026-03-23 01:30:00+00:00,2026-03-23 01:34:59.999000+00:00,0.9461,0.94682583,0.9427,0.94356449,300
2026-03-23 01:35:00+00:00,2026-03-23 01:39:59.999000+00:00,0.94367697,0.94797667,0.94367697,0.94750967,300
2026-03-23 01:40:00+00:00,2026-03-23 01:44:59.999000+00:00,0.94750217,0.94750217,0.9439,0.9446,300
2026-03-23 01:45:00+00:00,2026-03-23 01:49:59.999000+00:00,0.9446,0.94775071,0.9446,0.9456595,300
2026-03-23 01:50:00+00:00,2026-03-23 01:54:59.999000+00:00,0.9456595,0.9487,0.9447,0.94731617,300
2026-03-23 01:55:00+00:00,2026-03-23 01:59:59.999000+00:00,0.947175,0.947175,0.9455,0.94670413,300
2026-03-23 02:00:00+00:00,2026-03-23 02:04:59.999000+00:00,0.94653817,0.94780008,0.9456,0.94750483,300
2026-03-23 02:05:00+00:00,2026-03-23 02:09:59.999000+00:00,0.94756601,0.953,0.9474705,0.953,300
2026-03-23 02:10:00+00:00,2026-03-23 02:14:59.999000+00:00,0.9527,0.95376475,0.9464,0.9468,300
2026-03-23 02:15:00+00:00,2026-03-23 02:19:59.999000+00:00,0.9467,0.9504,0.9396,0.94020748,300
2026-03-23 02:20:00+00:00,2026-03-23 02:24:59.999000+00:00,0.94020749,0.94172825,0.93933754,0.94147919,300
2026-03-23 02:25:00+00:00,2026-03-23 02:29:59.999000+00:00,0.9414792,0.9488,0.94133483,0.94849905,300
2026-03-23 02:30:00+00:00,2026-03-23 02:34:59.999000+00:00,0.94843158,0.9495,0.9472,0.9474,300
2026-03-23 02:35:00+00:00,2026-03-23 02:39:59.999000+00:00,0.94774648,0.95115517,0.94774648,0.94977392,300
2026-03-23 02:40:00+00:00,2026-03-23 02:44:59.999000+00:00,0.94977392,0.9538545,0.94968392,0.95251117,300
2026-03-23 02:45:00+00:00,2026-03-23 02:49:59.999000+00:00,0.95251117,0.95251117,0.94864658,0.949315,300
2026-03-23 02:50:00+00:00,2026-03-23 02:54:59.999000+00:00,0.94933583,0.9514,0.9474,0.9477,300
2026-03-23 02:55:00+00:00,2026-03-23 02:59:59.999000+00:00,0.9477,0.94908467,0.9461,0.94798942,300
2026-03-23 03:00:00+00:00,2026-03-23 03:04:59.999000+00:00,0.94803408,0.9527,0.94803408,0.9488295,300
2026-03-23 03:05:00+00:00,2026-03-23 03:09:59.999000+00:00,0.9488295,0.951,0.94826975,0.95078329,300
2026-03-23 03:10:00+00:00,2026-03-23 03:14:59.999000+00:00,0.95078331,0.95078335,0.94770267,0.94950275,300
2026-03-23 03:15:00+00:00,2026-03-23 03:19:59.999000+00:00,0.94950275,0.95019242,0.9485,0.94983592,300
2026-03-23 03:20:00+00:00,2026-03-23 03:24:59.999000+00:00,0.94983592,0.9529,0.9491,0.95071987,300
2026-03-23 03:25:00+00:00,2026-03-23 03:29:59.999000+00:00,0.95071988,0.95075278,0.94801718,0.9482465,300
2026-03-23 03:30:00+00:00,2026-03-23 03:34:59.999000+00:00,0.948724,0.9488065,0.94624702,0.9481,300
2026-03-23 03:35:00+00:00,2026-03-23 03:39:59.999000+00:00,0.9481,0.94810778,0.94640092,0.9466,300
2026-03-23 03:40:00+00:00,2026-03-23 03:44:59.999000+00:00,0.9466,0.9501,0.94635044,0.94962138,300
2026-03-23 03:45:00+00:00,2026-03-23 03:49:59.999000+00:00,0.9496214,0.949886,0.94797325,0.94966105,300
2026-03-23 03:50:00+00:00,2026-03-23 03:54:59.999000+00:00,0.94972075,0.94980625,0.948,0.94850842,300
2026-03-23 03:55:00+00:00,2026-03-23 03:59:59.999000+00:00,0.94850842,0.9493,0.94805717,0.94872063,300
2026-03-23 04:00:00+00:00,2026-03-23 04:04:59.999000+00:00,0.94872065,0.9500807,0.9465,0.9469,300
2026-03-23 04:05:00+00:00,2026-03-23 04:09:59.999000+00:00,0.9469,0.94825233,0.94497167,0.9452,300
2026-03-23 04:10:00+00:00,2026-03-23 04:14:59.999000+00:00,0.9451,0.94885526,0.945,0.9475,300
2026-03-23 04:15:00+00:00,2026-03-23 04:19:59.999000+00:00,0.9475,0.94801081,0.9449,0.9449,300
2026-03-23 04:20:00+00:00,2026-03-23 04:24:59.999000+00:00,0.9449,0.94544621,0.9444,0.9444,300
2026-03-23 04:25:00+00:00,2026-03-23 04:29:59.999000+00:00,0.9444,0.94499984,0.94385608,0.94444207,300
2026-03-23 04:30:00+00:00,2026-03-23 04:34:59.999000+00:00,0.94444208,0.94489392,0.9408375,0.9413,300
2026-03-23 04:35:00+00:00,2026-03-23 04:39:59.999000+00:00,0.9413,0.9424,0.9412,0.94232922,300
2026-03-23 04:40:00+00:00,2026-03-23 04:44:59.999000+00:00,0.94232922,0.94366829,0.94143508,0.9429955,300
2026-03-23 04:45:00+00:00,2026-03-23 04:49:59.999000+00:00,0.9429955,0.94386457,0.94273034,0.9438,300
2026-03-23 04:50:00+00:00,2026-03-23 04:54:59.999000+00:00,0.9438,0.94887067,0.9438,0.9488,300
2026-03-23 04:55:00+00:00,2026-03-23 04:59:59.999000+00:00,0.9487,0.9503305,0.947,0.9471,300
2026-03-23 05:00:00+00:00,2026-03-23 05:04:59.999000+00:00,0.9474,0.94779101,0.94581492,0.947,300
2026-03-23 05:05:00+00:00,2026-03-23 05:09:59.999000+00:00,0.94686683,0.94753466,0.94609802,0.9465,300
2026-03-23 05:10:00+00:00,2026-03-23 05:14:59.999000+00:00,0.9465,0.94732983,0.9461,0.94680167,300
2026-03-23 05:15:00+00:00,2026-03-23 05:19:59.999000+00:00,0.94680167,0.94680167,0.9415,0.9438337,300
2026-03-23 05:20:00+00:00,2026-03-23 05:24:59.999000+00:00,0.94383371,0.943864,0.94222242,0.9427,300
2026-03-23 05:25:00+00:00,2026-03-23 05:29:59.999000+00:00,0.9428,0.94431342,0.94180683,0.9434,300
2026-03-23 05:30:00+00:00,2026-03-23 05:34:59.999000+00:00,0.9435,0.94370816,0.93882825,0.9389,300
2026-03-23 05:35:00+00:00,2026-03-23 05:39:59.999000+00:00,0.9389,0.94267642,0.9389,0.94083,300
2026-03-23 05:40:00+00:00,2026-03-23 05:44:59.999000+00:00,0.94083,0.941187,0.9397,0.939772,300
2026-03-23 05:45:00+00:00,2026-03-23 05:49:59.999000+00:00,0.939772,0.94062483,0.9383,0.94054442,300
2026-03-23 05:50:00+00:00,2026-03-23 05:54:59.999000+00:00,0.94054442,0.94156365,0.9398,0.94117908,300
2026-03-23 05:55:00+00:00,2026-03-23 05:59:59.999000+00:00,0.94117909,0.94289866,0.9404425,0.9407,300
2026-03-23 06:00:00+00:00,2026-03-23 06:04:59.999000+00:00,0.9406335,0.9407,0.93399117,0.9341,300
2026-03-23 06:05:00+00:00,2026-03-23 06:09:59.999000+00:00,0.9341,0.9341,0.92997867,0.9313,300
2026-03-23 06:10:00+00:00,2026-03-23 06:14:59.999000+00:00,0.9313,0.9323842,0.9262,0.9269,300
2026-03-23 06:15:00+00:00,2026-03-23 06:19:59.999000+00:00,0.9270391,0.928391,0.9263,0.928,300
2026-03-23 06:20:00+00:00,2026-03-23 06:24:59.999000+00:00,0.928,0.92851308,0.92704142,0.92851308,300
2026-03-23 06:25:00+00:00,2026-03-23 06:29:59.999000+00:00,0.9285131,0.929985,0.926819,0.926913,300
2026-03-23 06:30:00+00:00,2026-03-23 06:34:59.999000+00:00,0.927,0.92873808,0.92665408,0.92721817,300
2026-03-23 06:35:00+00:00,2026-03-23 06:39:59.999000+00:00,0.92696342,0.92696342,0.9209,0.9215,300
2026-03-23 06:40:00+00:00,2026-03-23 06:44:59.999000+00:00,0.9217,0.9257,0.92119733,0.92378508,300
2026-03-23 06:45:00+00:00,2026-03-23 06:49:59.999000+00:00,0.92378508,0.9239,0.921,0.9228,300
2026-03-23 06:50:00+00:00,2026-03-23 06:54:59.999000+00:00,0.92260242,0.92269275,0.92107371,0.92139133,300
2026-03-23 06:55:00+00:00,2026-03-23 06:59:59.999000+00:00,0.92139133,0.92270925,0.91900717,0.920962,300
2026-03-23 07:00:00+00:00,2026-03-23 07:04:59.999000+00:00,0.920962,0.9219,0.91568292,0.91568292,300
2026-03-23 07:05:00+00:00,2026-03-23 07:09:59.999000+00:00,0.91573542,0.9162,0.9123,0.9146,300
2026-03-23 07:10:00+00:00,2026-03-23 07:14:59.999000+00:00,0.9146,0.9162,0.91444853,0.91568533,300
2026-03-23 07:15:00+00:00,2026-03-23 07:19:59.999000+00:00,0.91568533,0.91743792,0.9142,0.91720267,300
2026-03-23 07:20:00+00:00,2026-03-23 07:24:59.999000+00:00,0.91720267,0.9175,0.9078,0.90962842,300
2026-03-23 07:25:00+00:00,2026-03-23 07:29:59.999000+00:00,0.90961475,0.91099525,0.90947917,0.91011717,300
2026-03-23 07:30:00+00:00,2026-03-23 07:34:59.999000+00:00,0.9103,0.913,0.90771117,0.9122,300
2026-03-23 07:35:00+00:00,2026-03-23 07:39:59.999000+00:00,0.9121,0.91636624,0.9118,0.91483716,300
2026-03-23 07:40:00+00:00,2026-03-23 07:44:59.999000+00:00,0.91481466,0.9171,0.914,0.9171,300
2026-03-23 07:45:00+00:00,2026-03-23 07:49:59.999000+00:00,0.9171,0.9184,0.91645808,0.91645808,300
2026-03-23 07:50:00+00:00,2026-03-23 07:54:59.999000+00:00,0.91643558,0.9165,0.91433975,0.91545075,300
2026-03-23 07:55:00+00:00,2026-03-23 07:59:59.999000+00:00,0.91545075,0.91586707,0.9145,0.9151,300
2026-03-23 08:00:00+00:00,2026-03-23 08:04:59.999000+00:00,0.9151,0.9191,0.9151,0.9191,277
2026-03-23 08:05:00+00:00,2026-03-23 08:09:59.999000+00:00,0.9191,0.92172853,0.9179,0.92047117,300
2026-03-23 08:10:00+00:00,2026-03-23 08:14:59.999000+00:00,0.92047117,0.921,0.918796,0.9197,300
2026-03-23 08:15:00+00:00,2026-03-23 08:19:59.999000+00:00,0.9197,0.9205,0.91631,0.9168,300
2026-03-23 08:20:00+00:00,2026-03-23 08:24:59.999000+00:00,0.9171,0.9177,0.91453242,0.91514883,300
2026-03-23 08:25:00+00:00,2026-03-23 08:29:59.999000+00:00,0.91511883,0.9155,0.91455675,0.91488302,300
2026-03-23 08:30:00+00:00,2026-03-23 08:34:59.999000+00:00,0.91488302,0.91773441,0.9136,0.9159,300
2026-03-23 08:35:00+00:00,2026-03-23 08:39:59.999000+00:00,0.9162,0.91660125,0.91440667,0.9149,300
2026-03-23 08:40:00+00:00,2026-03-23 08:44:59.999000+00:00,0.9149,0.91659468,0.9144,0.9148,300
2026-03-23 08:45:00+00:00,2026-03-23 08:49:59.999000+00:00,0.9148,0.9155,0.91248167,0.91248167,300
2026-03-23 08:50:00+00:00,2026-03-23 08:54:59.999000+00:00,0.91248167,0.9129,0.9108,0.91171875,300
2026-03-23 08:55:00+00:00,2026-03-23 08:59:59.999000+00:00,0.91179375,0.91180125,0.9081,0.9107,300
2026-03-23 09:00:00+00:00,2026-03-23 09:04:59.999000+00:00,0.91068208,0.9108,0.9075595,0.90906342,300
2026-03-23 09:05:00+00:00,2026-03-23 09:09:59.999000+00:00,0.90893175,0.90907017,0.9055,0.90907017,300
2026-03-23 09:10:00+00:00,2026-03-23 09:14:59.999000+00:00,0.90907017,0.9104,0.90821181,0.9101,300
2026-03-23 09:15:00+00:00,2026-03-23 09:19:59.999000+00:00,0.9101,0.91113133,0.90958974,0.91014517,300
2026-03-23 09:20:00+00:00,2026-03-23 09:24:59.999000+00:00,0.91014517,0.91346525,0.9094,0.9101,300
2026-03-23 09:25:00+00:00,2026-03-23 09:29:59.999000+00:00,0.9102,0.9115,0.91,0.91129375,300
2026-03-23 09:30:00+00:00,2026-03-23 09:34:59.999000+00:00,0.91129375,0.9124,0.90740069,0.9084,300
2026-03-23 09:35:00+00:00,2026-03-23 09:39:59.999000+00:00,0.9083,0.9114,0.90584817,0.910793,300
2026-03-23 09:40:00+00:00,2026-03-23 09:44:59.999000+00:00,0.910793,0.91174592,0.9097,0.911,300
2026-03-23 09:45:00+00:00,2026-03-23 09:49:59.999000+00:00,0.911,0.91275825,0.9109,0.9116,300
2026-03-23 09:50:00+00:00,2026-03-23 09:54:59.999000+00:00,0.9115,0.9125,0.9115,0.9122,300
2026-03-23 09:55:00+00:00,2026-03-23 09:59:59.999000+00:00,0.9122,0.91530717,0.9122,0.9146,300
2026-03-23 10:00:00+00:00,2026-03-23 10:04:59.999000+00:00,0.9146,0.91597412,0.914,0.91588033,300
2026-03-23 10:05:00+00:00,2026-03-23 10:09:59.999000+00:00,0.91588033,0.91645692,0.9132065,0.91586458,300
2026-03-23 10:10:00+00:00,2026-03-23 10:14:59.999000+00:00,0.91586458,0.91638883,0.91523642,0.91523642,300
2026-03-23 10:15:00+00:00,2026-03-23 10:19:59.999000+00:00,0.91523642,0.9163,0.91470793,0.91495371,300
2026-03-23 10:20:00+00:00,2026-03-23 10:24:59.999000+00:00,0.91495371,0.91495371,0.91201125,0.9129,300
2026-03-23 10:25:00+00:00,2026-03-23 10:29:59.999000+00:00,0.913,0.91530308,0.913,0.91515345,300
2026-03-23 10:30:00+00:00,2026-03-23 10:34:59.999000+00:00,0.91515345,0.91599325,0.9137,0.9139,300
2026-03-23 10:35:00+00:00,2026-03-23 10:39:59.999000+00:00,0.9139,0.91555858,0.9124,0.9129,300
2026-03-23 10:40:00+00:00,2026-03-23 10:44:59.999000+00:00,0.9128,0.9144515,0.9125,0.9131,300
2026-03-23 10:45:00+00:00,2026-03-23 10:49:59.999000+00:00,0.9131,0.9131,0.911,0.9114,300
2026-03-23 10:50:00+00:00,2026-03-23 10:54:59.999000+00:00,0.9114,0.9156,0.9114,0.91484175,300
2026-03-23 10:55:00+00:00,2026-03-23 10:59:59.999000+00:00,0.91484175,0.91588038,0.914023,0.91405917,300
2026-03-23 11:00:00+00:00,2026-03-23 11:04:59.999000+00:00,0.91405917,0.9147,0.911935,0.91197575,300
2026-03-23 11:05:00+00:00,2026-03-23 11:09:59.999000+00:00,0.91197575,0.9569,0.91193892,0.9547975,300
2026-03-23 11:10:00+00:00,2026-03-23 11:14:59.999000+00:00,0.9564775,0.96712786,0.95497833,0.95497833,300
2026-03-23 11:15:00+00:00,2026-03-23 11:19:59.999000+00:00,0.955,0.96221475,0.95400042,0.9543,300
2026-03-23 11:20:00+00:00,2026-03-23 11:24:59.999000+00:00,0.9543,0.9546,0.9432,0.94498831,300
2026-03-23 11:25:00+00:00,2026-03-23 11:29:59.999000+00:00,0.9455683,0.9521583,0.9455683,0.95090839,300
2026-03-23 11:30:00+00:00,2026-03-23 11:34:59.999000+00:00,0.95111839,0.96070492,0.95111839,0.958,300
2026-03-23 11:35:00+00:00,2026-03-23 11:39:59.999000+00:00,0.958,0.95813596,0.94711991,0.94740578,300
2026-03-23 11:40:00+00:00,2026-03-23 11:44:59.999000+00:00,0.94739828,0.95103842,0.94665567,0.95017633,300
2026-03-23 11:45:00+00:00,2026-03-23 11:49:59.999000+00:00,0.9499485,0.9505,0.94158033,0.9475,300
2026-03-23 11:50:00+00:00,2026-03-23 11:54:59.999000+00:00,0.9475,0.9475,0.9433,0.94637175,300
2026-03-23 11:55:00+00:00,2026-03-23 11:59:59.999000+00:00,0.94637175,0.94678792,0.9387,0.94099418,300
2026-03-23 12:00:00+00:00,2026-03-23 12:04:59.999000+00:00,0.94105418,0.94470425,0.93544108,0.94287975,300
2026-03-23 12:05:00+00:00,2026-03-23 12:09:59.999000+00:00,0.94287975,0.9459185,0.9389,0.9459185,300
2026-03-23 12:10:00+00:00,2026-03-23 12:14:59.999000+00:00,0.94604333,0.94604333,0.9395,0.93969183,300
2026-03-23 12:15:00+00:00,2026-03-23 12:19:59.999000+00:00,0.93978183,0.94172707,0.93870592,0.94082608,300
2026-03-23 12:20:00+00:00,2026-03-23 12:24:59.999000+00:00,0.94082608,0.94479067,0.9403,0.9411,300
2026-03-23 12:25:00+00:00,2026-03-23 12:29:59.999000+00:00,0.9411,0.94208738,0.9400415,0.9412,300
2026-03-23 12:30:00+00:00,2026-03-23 12:34:59.999000+00:00,0.9411,0.94150252,0.9373,0.94127183,300
2026-03-23 12:35:00+00:00,2026-03-23 12:39:59.999000+00:00,0.9413,0.94397507,0.93994526,0.9402,300
2026-03-23 12:40:00+00:00,2026-03-23 12:44:59.999000+00:00,0.9402,0.9475,0.93912275,0.94609125,300
2026-03-23 12:45:00+00:00,2026-03-23 12:49:59.999000+00:00,0.94609125,0.9467244,0.9422,0.9422,300
2026-03-23 12:50:00+00:00,2026-03-23 12:54:59.999000+00:00,0.9422,0.94387333,0.9411,0.94127025,300
2026-03-23 12:55:00+00:00,2026-03-23 12:59:59.999000+00:00,0.94119525,0.94274284,0.9399,0.9422,300
2026-03-23 13:00:00+00:00,2026-03-23 13:04:59.999000+00:00,0.9421,0.9439,0.9379,0.938367,300
2026-03-23 13:05:00+00:00,2026-03-23 13:09:59.999000+00:00,0.9383145,0.93877983,0.9362,0.9364,300
2026-03-23 13:10:00+00:00,2026-03-23 13:14:59.999000+00:00,0.9364,0.93799844,0.93602925,0.937,300
2026-03-23 13:15:00+00:00,2026-03-23 13:19:59.999000+00:00,0.937,0.93901167,0.9366,0.9381365,300
2026-03-23 13:20:00+00:00,2026-03-23 13:24:59.999000+00:00,0.9381365,0.9414,0.9377,0.9414,300
2026-03-23 13:25:00+00:00,2026-03-23 13:29:59.999000+00:00,0.9414,0.9414,0.93901917,0.93901917,300
2026-03-23 13:30:00+00:00,2026-03-23 13:34:59.999000+00:00,0.9391,0.94010725,0.93695675,0.9384,300
2026-03-23 13:35:00+00:00,2026-03-23 13:39:59.999000+00:00,0.9384,0.94507933,0.9383,0.9441,300
2026-03-23 13:40:00+00:00,2026-03-23 13:44:59.999000+00:00,0.9442,0.9473,0.94323325,0.9451035,300
2026-03-23 13:45:00+00:00,2026-03-23 13:49:59.999000+00:00,0.9451,0.94847017,0.9443,0.94821933,300
2026-03-23 13:50:00+00:00,2026-03-23 13:54:59.999000+00:00,0.94821933,0.9525,0.94815405,0.950166,300
2026-03-23 13:55:00+00:00,2026-03-23 13:59:59.999000+00:00,0.95015317,0.95349703,0.94849717,0.9527,300
2026-03-23 14:00:00+00:00,2026-03-23 14:04:59.999000+00:00,0.9527,0.955,0.9513,0.9514,300
2026-03-23 14:05:00+00:00,2026-03-23 14:09:59.999000+00:00,0.9516,0.95488476,0.94859758,0.9534,300
2026-03-23 14:10:00+00:00,2026-03-23 14:14:59.999000+00:00,0.9535,0.9543,0.94953783,0.9497995,300
2026-03-23 14:15:00+00:00,2026-03-23 14:19:59.999000+00:00,0.94991328,0.95093725,0.94674175,0.94674175,300
2026-03-23 14:20:00+00:00,2026-03-23 14:24:59.999000+00:00,0.94677853,0.95513383,0.94553367,0.9525,300
2026-03-23 14:25:00+00:00,2026-03-23 14:29:59.999000+00:00,0.9525,0.9552135,0.9507,0.95484448,300
2026-03-23 14:30:00+00:00,2026-03-23 14:34:59.999000+00:00,0.95484448,0.96018683,0.9541205,0.95564158,300
2026-03-23 14:35:00+00:00,2026-03-23 14:39:59.999000+00:00,0.95564158,0.95860933,0.9547,0.9553,300
2026-03-23 14:40:00+00:00,2026-03-23 14:44:59.999000+00:00,0.9554,0.95758858,0.95489667,0.9561,300
2026-03-23 14:45:00+00:00,2026-03-23 14:49:59.999000+00:00,0.95626065,0.95773572,0.95424708,0.955898,300
2026-03-23 14:50:00+00:00,2026-03-23 14:54:59.999000+00:00,0.955898,0.95845583,0.95493492,0.95612433,300
2026-03-23 14:55:00+00:00,2026-03-23 14:59:59.999000+00:00,0.95610933,0.95964101,0.955,0.95923758,300
2026-03-23 15:00:00+00:00,2026-03-23 15:04:59.999000+00:00,0.9585675,0.96430125,0.95764275,0.9614015,300
2026-03-23 15:05:00+00:00,2026-03-23 15:09:59.999000+00:00,0.9614015,0.96747625,0.9614015,0.9663,300
2026-03-23 15:10:00+00:00,2026-03-23 15:14:59.999000+00:00,0.9663,0.96755217,0.9633,0.9657,300
2026-03-23 15:15:00+00:00,2026-03-23 15:19:59.999000+00:00,0.9657,0.9666,0.9644,0.9647,300
2026-03-23 15:20:00+00:00,2026-03-23 15:24:59.999000+00:00,0.9647,0.9695515,0.96300492,0.96890367,300
2026-03-23 15:25:00+00:00,2026-03-23 15:29:59.999000+00:00,0.96893367,0.96908165,0.96395267,0.9645,300
2026-03-23 15:30:00+00:00,2026-03-23 15:34:59.999000+00:00,0.9646,0.9653,0.9621,0.96256431,300
2026-03-23 15:35:00+00:00,2026-03-23 15:39:59.999000+00:00,0.9624,0.96993517,0.96213133,0.96854183,300
2026-03-23 15:40:00+00:00,2026-03-23 15:44:59.999000+00:00,0.96854183,0.96974008,0.96643617,0.96967462,300
2026-03-23 15:45:00+00:00,2026-03-23 15:49:59.999000+00:00,0.96967463,0.98074508,0.96773125,0.9807,300
2026-03-23 15:50:00+00:00,2026-03-23 15:54:59.999000+00:00,0.98065225,0.98188767,0.9737,0.975,300
2026-03-23 15:55:00+00:00,2026-03-23 15:59:59.999000+00:00,0.9749,0.9752,0.9711,0.9745525,300
2026-03-23 16:00:00+00:00,2026-03-23 16:04:59.999000+00:00,0.97465675,0.9824947,0.97465675,0.98086183,300
2026-03-23 16:05:00+00:00,2026-03-23 16:09:59.999000+00:00,0.98086183,0.9815,0.97320043,0.9757,300
2026-03-23 16:10:00+00:00,2026-03-23 16:14:59.999000+00:00,0.9757,0.9797,0.9754,0.9796,300
2026-03-23 16:15:00+00:00,2026-03-23 16:19:59.999000+00:00,0.9796,0.98252433,0.97865083,0.9807,300
2026-03-23 16:20:00+00:00,2026-03-23 16:24:59.999000+00:00,0.9808,0.98282892,0.97705025,0.9808,300
2026-03-23 16:25:00+00:00,2026-03-23 16:29:59.999000+00:00,0.9808,0.9809228,0.97541175,0.9765,300
2026-03-23 16:30:00+00:00,2026-03-23 16:34:59.999000+00:00,0.9765,0.982027,0.97426267,0.979,300
2026-03-23 16:35:00+00:00,2026-03-23 16:39:59.999000+00:00,0.97928806,0.98754804,0.9758945,0.9776,300
2026-03-23 16:40:00+00:00,2026-03-23 16:44:59.999000+00:00,0.9778,0.98092829,0.97728625,0.9797,300
2026-03-23 16:45:00+00:00,2026-03-23 16:49:59.999000+00:00,0.9797,0.9915,0.97895216,0.9877865,300
2026-03-23 16:50:00+00:00,2026-03-23 16:54:59.999000+00:00,0.9877865,0.98853099,0.98279808,0.98853099,300
2026-03-23 16:55:00+00:00,2026-03-23 16:59:59.999000+00:00,0.9895,0.99480355,0.98913922,0.9945,300
2026-03-23 17:00:00+00:00,2026-03-23 17:04:59.999000+00:00,0.9944,0.99851854,0.9904,0.9904,300
2026-03-23 17:05:00+00:00,2026-03-23 17:09:59.999000+00:00,0.9906,0.99626381,0.98905225,0.9962,300
2026-03-23 17:10:00+00:00,2026-03-23 17:14:59.999000+00:00,0.9962,1.0009,0.99508534,0.9993,300
2026-03-23 17:15:00+00:00,2026-03-23 17:19:59.999000+00:00,0.9992,1.00153525,0.9946,0.9946,300
2026-03-23 17:20:00+00:00,2026-03-23 17:24:59.999000+00:00,0.9949,0.9949,0.9903,0.9905,300
2026-03-23 17:25:00+00:00,2026-03-23 17:29:59.999000+00:00,0.9903415,0.99682192,0.98046708,0.98046708,300
2026-03-23 17:30:00+00:00,2026-03-23 17:34:59.999000+00:00,0.9805,0.9805,0.9743,0.9757,300
2026-03-23 17:35:00+00:00,2026-03-23 17:39:59.999000+00:00,0.97582633,0.98155972,0.9758,0.9798145,300
2026-03-23 17:40:00+00:00,2026-03-23 17:44:59.999000+00:00,0.9798145,0.9805,0.9776,0.97970493,300
2026-03-23 17:45:00+00:00,2026-03-23 17:49:59.999000+00:00,0.97970493,0.9835675,0.9757,0.9761415,300
2026-03-23 17:50:00+00:00,2026-03-23 17:54:59.999000+00:00,0.9765,0.97967103,0.976,0.97967103,300
2026-03-23 17:55:00+00:00,2026-03-23 17:59:59.999000+00:00,0.97968603,0.9823,0.97923433,0.9823,300
2026-03-23 18:00:00+00:00,2026-03-23 18:04:59.999000+00:00,0.9822,0.99081642,0.9822,0.9901,300
2026-03-23 18:05:00+00:00,2026-03-23 18:09:59.999000+00:00,0.9901,0.9906,0.9841,0.98454958,300
2026-03-23 18:10:00+00:00,2026-03-23 18:14:59.999000+00:00,0.98453458,0.9867,0.98250917,0.98273,300
2026-03-23 18:15:00+00:00,2026-03-23 18:19:59.999000+00:00,0.98273,0.9853,0.98131892,0.985,300
2026-03-23 18:20:00+00:00,2026-03-23 18:24:59.999000+00:00,0.9851,0.99029908,0.9849,0.9889,300
2026-03-23 18:25:00+00:00,2026-03-23 18:29:59.999000+00:00,0.989,0.9954,0.98861302,0.99490775,300
2026-03-23 18:30:00+00:00,2026-03-23 18:34:59.999000+00:00,0.99490775,1.01022375,0.9949,1.010106,300
2026-03-23 18:35:00+00:00,2026-03-23 18:39:59.999000+00:00,1.01010601,1.01301675,1.0081,1.0122,300
2026-03-23 18:40:00+00:00,2026-03-23 18:44:59.999000+00:00,1.01217808,1.0123,0.999,1.0004119,300
2026-03-23 18:45:00+00:00,2026-03-23 18:49:59.999000+00:00,1.0004119,1.00549342,0.9973,1.0005665,300
2026-03-23 18:50:00+00:00,2026-03-23 18:54:59.999000+00:00,1.0005665,1.00623909,0.99759983,1.00623909,300
2026-03-23 18:55:00+00:00,2026-03-23 18:59:59.999000+00:00,1.00625409,1.01660933,1.00623909,1.0127,300
2026-03-23 19:00:00+00:00,2026-03-23 19:04:59.999000+00:00,1.0126,1.01546133,1.00803474,1.01252583,300
2026-03-23 19:05:00+00:00,2026-03-23 19:09:59.999000+00:00,1.01248733,1.0156,1.008,1.0109,300
2026-03-23 19:10:00+00:00,2026-03-23 19:14:59.999000+00:00,1.0109,1.01217196,1.00769358,1.0079,300
2026-03-23 19:15:00+00:00,2026-03-23 19:19:59.999000+00:00,1.0079,1.0096,1.00376879,1.00865726,300
2026-03-23 19:20:00+00:00,2026-03-23 19:24:59.999000+00:00,1.00865726,1.00865726,1.00390026,1.0049,300
2026-03-23 19:25:00+00:00,2026-03-23 19:29:59.999000+00:00,1.0049,1.0057,1.00189043,1.0055,300
2026-03-23 19:30:00+00:00,2026-03-23 19:34:59.999000+00:00,1.0055,1.00774617,1.0038,1.0049,300
2026-03-23 19:35:00+00:00,2026-03-23 19:39:59.999000+00:00,1.005,1.00771274,1.0043,1.0044,300
2026-03-23 19:40:00+00:00,2026-03-23 19:44:59.999000+00:00,1.0044,1.00488225,1.00332058,1.0038531,300
2026-03-23 19:45:00+00:00,2026-03-23 19:49:59.999000+00:00,1.00387067,1.00701801,1.0031995,1.00645397,300
2026-03-23 19:50:00+00:00,2026-03-23 19:54:59.999000+00:00,1.00645397,1.00742008,1.0031,1.00731358,300
2026-03-23 19:55:00+00:00,2026-03-23 19:59:59.999000+00:00,1.007,1.0081,1.0039,1.00514792,300
2026-03-23 20:00:00+00:00,2026-03-23 20:04:59.999000+00:00,1.00511792,1.00839958,1.0034,1.0071,300
2026-03-23 20:05:00+00:00,2026-03-23 20:09:59.999000+00:00,1.0072,1.0174,1.0072,1.0172,300
2026-03-23 20:10:00+00:00,2026-03-23 20:14:59.999000+00:00,1.0172,1.02257408,1.0172,1.02181733,300
2026-03-23 20:15:00+00:00,2026-03-23 20:19:59.999000+00:00,1.02181733,1.03790408,1.0217,1.03755625,300
2026-03-23 20:20:00+00:00,2026-03-23 20:24:59.999000+00:00,1.03755625,1.04082192,1.0331,1.03548517,300
2026-03-23 20:25:00+00:00,2026-03-23 20:29:59.999000+00:00,1.03548517,1.03548517,1.02967058,1.0345,300
2026-03-23 20:30:00+00:00,2026-03-23 20:34:59.999000+00:00,1.0346,1.0528,1.0346,1.0528,300
2026-03-23 20:35:00+00:00,2026-03-23 20:39:59.999000+00:00,1.05295909,1.06796407,1.05295909,1.0589,300
2026-03-23 20:40:00+00:00,2026-03-23 20:44:59.999000+00:00,1.0589,1.064118,1.057,1.05937192,300
2026-03-23 20:45:00+00:00,2026-03-23 20:49:59.999000+00:00,1.05937192,1.05992125,1.0566,1.0575,300
2026-03-23 20:50:00+00:00,2026-03-23 20:54:59.999000+00:00,1.05816199,1.0633,1.0573,1.06160962,300
2026-03-23 20:55:00+00:00,2026-03-23 20:59:59.999000+00:00,1.06160962,1.06530817,1.05873667,1.06200508,300
2026-03-23 21:00:00+00:00,2026-03-23 21:04:59.999000+00:00,1.06141508,1.06802234,1.06141508,1.0636,300
2026-03-23 21:05:00+00:00,2026-03-23 21:09:59.999000+00:00,1.0636,1.06364042,1.0463,1.0475585,300
2026-03-23 21:10:00+00:00,2026-03-23 21:14:59.999000+00:00,1.0476,1.0476,1.037204,1.040312,300
2026-03-23 21:15:00+00:00,2026-03-23 21:19:59.999000+00:00,1.040312,1.0528,1.039244,1.0508,300
2026-03-23 21:20:00+00:00,2026-03-23 21:24:59.999000+00:00,1.0507,1.06297794,1.0507,1.0572,300
2026-03-23 21:25:00+00:00,2026-03-23 21:29:59.999000+00:00,1.0572,1.06193633,1.05272167,1.05646533,300
2026-03-23 21:30:00+00:00,2026-03-23 21:34:59.999000+00:00,1.05596533,1.0573,1.0506,1.0573,300
2026-03-23 21:35:00+00:00,2026-03-23 21:39:59.999000+00:00,1.0576,1.07125933,1.05719958,1.068014,300
2026-03-23 21:40:00+00:00,2026-03-23 21:44:59.999000+00:00,1.068014,1.071,1.0664,1.06909917,300
2026-03-23 21:45:00+00:00,2026-03-23 21:49:59.999000+00:00,1.06909917,1.06912917,1.064115,1.066,300
2026-03-23 21:50:00+00:00,2026-03-23 21:54:59.999000+00:00,1.06582867,1.0761,1.0658,1.0739,300
2026-03-23 21:55:00+00:00,2026-03-23 21:59:59.999000+00:00,1.07423132,1.0755,1.06954175,1.0702,300
2026-03-23 22:00:00+00:00,2026-03-23 22:04:59.999000+00:00,1.0703,1.07433292,1.0598,1.0612,300
2026-03-23 22:05:00+00:00,2026-03-23 22:09:59.999000+00:00,1.0612,1.067,1.061,1.067,300
2026-03-23 22:10:00+00:00,2026-03-23 22:14:59.999000+00:00,1.06706793,1.07095375,1.06626708,1.067853,300
2026-03-23 22:15:00+00:00,2026-03-23 22:19:59.999000+00:00,1.067853,1.06879957,1.0633,1.06879957,300
2026-03-23 22:20:00+00:00,2026-03-23 22:24:59.999000+00:00,1.06862242,1.07096708,1.0671,1.0693,300
2026-03-23 22:25:00+00:00,2026-03-23 22:29:59.999000+00:00,1.0693,1.07032433,1.06710333,1.07018317,300
2026-03-23 22:30:00+00:00,2026-03-23 22:34:59.999000+00:00,1.07017817,1.07094392,1.0648945,1.0683,300
2026-03-23 22:35:00+00:00,2026-03-23 22:39:59.999000+00:00,1.0683,1.07040842,1.06453558,1.0668,300
2026-03-23 22:40:00+00:00,2026-03-23 22:44:59.999000+00:00,1.0668,1.06768117,1.05885567,1.06169225,300
2026-03-23 22:45:00+00:00,2026-03-23 22:49:59.999000+00:00,1.06166975,1.0649081,1.0602,1.0606,300
2026-03-23 22:50:00+00:00,2026-03-23 22:54:59.999000+00:00,1.06108108,1.0618181,1.058055,1.0615,300
2026-03-23 22:55:00+00:00,2026-03-23 22:59:59.999000+00:00,1.0615,1.06167974,1.0505,1.05398058,300
2026-03-23 23:00:00+00:00,2026-03-23 23:04:59.999000+00:00,1.05366117,1.05366117,1.0423,1.047,300
2026-03-23 23:05:00+00:00,2026-03-23 23:09:59.999000+00:00,1.0468,1.049,1.03625586,1.03631586,300
2026-03-23 23:10:00+00:00,2026-03-23 23:14:59.999000+00:00,1.03631586,1.04058358,1.03092208,1.03352283,300
2026-03-23 23:15:00+00:00,2026-03-23 23:19:59.999000+00:00,1.03353783,1.0414325,1.03189283,1.04004083,300
2026-03-23 23:20:00+00:00,2026-03-23 23:24:59.999000+00:00,1.04054083,1.0538045,1.039776,1.0538045,300
2026-03-23 23:25:00+00:00,2026-03-23 23:29:59.999000+00:00,1.0538345,1.06271154,1.0538345,1.0571,300
2026-03-23 23:30:00+00:00,2026-03-23 23:34:59.999000+00:00,1.05702483,1.05702483,1.0476,1.0491,300
2026-03-23 23:35:00+00:00,2026-03-23 23:39:59.999000+00:00,1.0491,1.05360442,1.04675317,1.05360442,300
2026-03-23 23:40:00+00:00,2026-03-23 23:44:59.999000+00:00,1.05431942,1.06533442,1.0543,1.06105117,300
2026-03-23 23:45:00+00:00,2026-03-23 23:49:59.999000+00:00,1.06105117,1.0643,1.05700975,1.06406971,300
2026-03-23 23:50:00+00:00,2026-03-23 23:54:59.999000+00:00,1.064,1.06479319,1.059438,1.06310485,300
2026-03-23 23:55:00+00:00,2026-03-23 23:59:59.999000+00:00,1.06335985,1.07117758,1.0633,1.06878242,300
2026-03-24 00:00:00+00:00,2026-03-24 00:04:59.999000+00:00,1.06878242,1.07346325,1.06451508,1.06451508,300
2026-03-24 00:05:00+00:00,2026-03-24 00:09:59.999000+00:00,1.06451508,1.06451508,1.0491195,1.0561,300
2026-03-24 00:10:00+00:00,2026-03-24 00:14:59.999000+00:00,1.05633342,1.06768458,1.05624341,1.05832125,300
2026-03-24 00:15:00+00:00,2026-03-24 00:19:59.999000+00:00,1.0581,1.06632045,1.0579,1.0635055,300
2026-03-24 00:20:00+00:00,2026-03-24 00:24:59.999000+00:00,1.0635055,1.06814198,1.06136742,1.06548,300
2026-03-24 00:25:00+00:00,2026-03-24 00:29:59.999000+00:00,1.06539,1.06539,1.053456,1.0544,300
2026-03-24 00:30:00+00:00,2026-03-24 00:34:59.999000+00:00,1.0544,1.0557,1.04591675,1.04836219,300
2026-03-24 00:35:00+00:00,2026-03-24 00:39:59.999000+00:00,1.04782463,1.0518,1.04328775,1.04780854,300
2026-03-24 00:40:00+00:00,2026-03-24 00:44:59.999000+00:00,1.04800356,1.05394389,1.04800356,1.05024517,300
2026-03-24 00:45:00+00:00,2026-03-24 00:49:59.999000+00:00,1.05024517,1.05282468,1.0495,1.0499435,300
2026-03-24 00:50:00+00:00,2026-03-24 00:54:59.999000+00:00,1.0498,1.0554,1.04658783,1.05366175,300
2026-03-24 00:55:00+00:00,2026-03-24 00:59:59.999000+00:00,1.05366175,1.0633,1.0536,1.0545,300
2026-03-24 01:00:00+00:00,2026-03-24 01:04:59.999000+00:00,1.0544,1.05603982,1.0524,1.05498433,300
2026-03-24 01:05:00+00:00,2026-03-24 01:09:59.999000+00:00,1.05498433,1.05675377,1.05030217,1.05476259,300
2026-03-24 01:10:00+00:00,2026-03-24 01:14:59.999000+00:00,1.05453007,1.05609265,1.0437,1.04488142,300
2026-03-24 01:15:00+00:00,2026-03-24 01:19:59.999000+00:00,1.0448,1.04743049,1.0422,1.04416683,300
2026-03-24 01:20:00+00:00,2026-03-24 01:24:59.999000+00:00,1.04405617,1.0451,1.0397,1.0401,300
2026-03-24 01:25:00+00:00,2026-03-24 01:29:59.999000+00:00,1.0399,1.0408,1.0372,1.0387,300
2026-03-24 01:30:00+00:00,2026-03-24 01:34:59.999000+00:00,1.0389,1.04127725,1.0373,1.03997591,300
2026-03-24 01:35:00+00:00,2026-03-24 01:39:59.999000+00:00,1.03997591,1.042,1.037,1.037,300
2026-03-24 01:40:00+00:00,2026-03-24 01:44:59.999000+00:00,1.0371,1.04234428,1.0371,1.04114825,300
2026-03-24 01:45:00+00:00,2026-03-24 01:49:59.999000+00:00,1.04114825,1.04464167,1.0408,1.0433,300
2026-03-24 01:50:00+00:00,2026-03-24 01:54:59.999000+00:00,1.0432,1.0463875,1.04268233,1.0461,300
2026-03-24 01:55:00+00:00,2026-03-24 01:59:59.999000+00:00,1.04635206,1.05005458,1.0461,1.04843133,300
2026-03-24 02:00:00+00:00,2026-03-24 02:04:59.999000+00:00,1.04843133,1.06038869,1.0472,1.0571,300
2026-03-24 02:05:00+00:00,2026-03-24 02:09:59.999000+00:00,1.0568,1.05811175,1.0534,1.05569698,300
2026-03-24 02:10:00+00:00,2026-03-24 02:14:59.999000+00:00,1.05569697,1.05613875,1.0517,1.05348925,300
2026-03-24 02:15:00+00:00,2026-03-24 02:19:59.999000+00:00,1.05348925,1.05904525,1.05324433,1.05610767,300
2026-03-24 02:20:00+00:00,2026-03-24 02:24:59.999000+00:00,1.05610767,1.05701435,1.051284,1.05154,300
2026-03-24 02:25:00+00:00,2026-03-24 02:29:59.999000+00:00,1.05154,1.05415342,1.0475,1.04826067,300
2026-03-24 02:30:00+00:00,2026-03-24 02:34:59.999000+00:00,1.0481935,1.04995414,1.0475,1.04990042,300
2026-03-24 02:35:00+00:00,2026-03-24 02:39:59.999000+00:00,1.04990042,1.05251667,1.04716175,1.0483,300
2026-03-24 02:40:00+00:00,2026-03-24 02:44:59.999000+00:00,1.0483,1.0509,1.04722392,1.05060667,300
2026-03-24 02:45:00+00:00,2026-03-24 02:49:59.999000+00:00,1.05060667,1.0518,1.04929792,1.05163383,300
2026-03-24 02:50:00+00:00,2026-03-24 02:54:59.999000+00:00,1.05163383,1.0525,1.04999133,1.0509,300
2026-03-24 02:55:00+00:00,2026-03-24 02:59:59.999000+00:00,1.051,1.0515795,1.0459,1.0464,300
2026-03-24 03:00:00+00:00,2026-03-24 03:04:59.999000+00:00,1.0463545,1.04959986,1.04554817,1.0479,300
2026-03-24 03:05:00+00:00,2026-03-24 03:09:59.999000+00:00,1.0481,1.0505,1.0445,1.045,300
2026-03-24 03:10:00+00:00,2026-03-24 03:14:59.999000+00:00,1.0452,1.0475,1.0452,1.0462,300
2026-03-24 03:15:00+00:00,2026-03-24 03:19:59.999000+00:00,1.0463,1.0479,1.04565533,1.0467,300
2026-03-24 03:20:00+00:00,2026-03-24 03:24:59.999000+00:00,1.0467,1.05145066,1.0442,1.0448,300
2026-03-24 03:25:00+00:00,2026-03-24 03:29:59.999000+00:00,1.0448,1.0453,1.041,1.041743,300
2026-03-24 03:30:00+00:00,2026-03-24 03:34:59.999000+00:00,1.041743,1.04234267,1.0389,1.04005,300
2026-03-24 03:35:00+00:00,2026-03-24 03:39:59.999000+00:00,1.0403,1.0443892,1.04006,1.0426,300
2026-03-24 03:40:00+00:00,2026-03-24 03:44:59.999000+00:00,1.0426,1.0486525,1.0426,1.0477,300
2026-03-24 03:45:00+00:00,2026-03-24 03:49:59.999000+00:00,1.0479,1.05103883,1.0472,1.05050025,300
2026-03-24 03:50:00+00:00,2026-03-24 03:54:59.999000+00:00,1.05050025,1.05839236,1.0504,1.05782417,300
2026-03-24 03:55:00+00:00,2026-03-24 03:59:59.999000+00:00,1.05782417,1.05970083,1.0551,1.0561,300
2026-03-24 04:00:00+00:00,2026-03-24 04:04:59.999000+00:00,1.0561,1.0588,1.0492,1.0493,300
2026-03-24 04:05:00+00:00,2026-03-24 04:09:59.999000+00:00,1.0493,1.05075967,1.04250667,1.04294667,300
2026-03-24 04:10:00+00:00,2026-03-24 04:14:59.999000+00:00,1.04294667,1.0442,1.04050433,1.0437,300
2026-03-24 04:15:00+00:00,2026-03-24 04:19:59.999000+00:00,1.0437,1.0455,1.0419,1.0448,300
2026-03-24 04:20:00+00:00,2026-03-24 04:24:59.999000+00:00,1.0448,1.04783194,1.0448,1.04783194,300
2026-03-24 04:25:00+00:00,2026-03-24 04:29:59.999000+00:00,1.04783193,1.04783193,1.0446,1.0465125,300
2026-03-24 04:30:00+00:00,2026-03-24 04:34:59.999000+00:00,1.0465125,1.0501085,1.0452,1.0489,300
2026-03-24 04:35:00+00:00,2026-03-24 04:39:59.999000+00:00,1.0489,1.05223425,1.0473,1.0489,300
2026-03-24 04:40:00+00:00,2026-03-24 04:44:59.999000+00:00,1.0489,1.05084008,1.0477,1.0494,300
2026-03-24 04:45:00+00:00,2026-03-24 04:49:59.999000+00:00,1.0493,1.05045629,1.049,1.04943392,300
2026-03-24 04:50:00+00:00,2026-03-24 04:54:59.999000+00:00,1.04943392,1.04943392,1.04672983,1.0487,300
2026-03-24 04:55:00+00:00,2026-03-24 04:59:59.999000+00:00,1.0487,1.05247017,1.048,1.05192879,300
2026-03-24 05:00:00+00:00,2026-03-24 05:04:59.999000+00:00,1.05192879,1.05192879,1.0469,1.047833,300
2026-03-24 05:05:00+00:00,2026-03-24 05:09:59.999000+00:00,1.047833,1.04937983,1.0457,1.0489,300
2026-03-24 05:10:00+00:00,2026-03-24 05:14:59.999000+00:00,1.04889067,1.05523417,1.04889067,1.05302925,300
2026-03-24 05:15:00+00:00,2026-03-24 05:19:59.999000+00:00,1.05302925,1.05929967,1.052847,1.05868483,300
2026-03-24 05:20:00+00:00,2026-03-24 05:24:59.999000+00:00,1.05868483,1.0592,1.0553,1.0566,300
2026-03-24 05:25:00+00:00,2026-03-24 05:29:59.999000+00:00,1.0567,1.0607,1.0567,1.05848225,300
2026-03-24 05:30:00+00:00,2026-03-24 05:34:59.999000+00:00,1.0584,1.06441422,1.0576,1.06371,300
2026-03-24 05:35:00+00:00,2026-03-24 05:39:59.999000+00:00,1.0637775,1.06947467,1.06314914,1.06942275,300
2026-03-24 05:40:00+00:00,2026-03-24 05:44:59.999000+00:00,1.06946025,1.0713,1.0674435,1.06811142,300
2026-03-24 05:45:00+00:00,2026-03-24 05:49:59.999000+00:00,1.06811142,1.07092383,1.06725908,1.0699,300
2026-03-24 05:50:00+00:00,2026-03-24 05:54:59.999000+00:00,1.0699,1.07044592,1.06792783,1.06971492,300
2026-03-24 05:55:00+00:00,2026-03-24 05:59:59.999000+00:00,1.06971033,1.0711,1.06768783,1.07,300
2026-03-24 06:00:00+00:00,2026-03-24 06:04:59.999000+00:00,1.07,1.07627183,1.0665,1.0759,300
2026-03-24 06:05:00+00:00,2026-03-24 06:09:59.999000+00:00,1.0758,1.085526,1.07416871,1.085,300
2026-03-24 06:10:00+00:00,2026-03-24 06:14:59.999000+00:00,1.0854,1.0854,1.07876183,1.08321741,300
2026-03-24 06:15:00+00:00,2026-03-24 06:19:59.999000+00:00,1.08321741,1.08321741,1.04092958,1.04092958,300
2026-03-24 06:20:00+00:00,2026-03-24 06:24:59.999000+00:00,1.04049708,1.05059624,1.0392,1.0454,300
2026-03-24 06:25:00+00:00,2026-03-24 06:29:59.999000+00:00,1.0455,1.05131792,1.04516517,1.0491,300
2026-03-24 06:30:00+00:00,2026-03-24 06:34:59.999000+00:00,1.04930967,1.0547555,1.04826083,1.04911942,300
2026-03-24 06:35:00+00:00,2026-03-24 06:39:59.999000+00:00,1.04900058,1.05246347,1.04480284,1.04619758,300
2026-03-24 06:40:00+00:00,2026-03-24 06:44:59.999000+00:00,1.04622758,1.04678418,1.0382,1.0462,300
2026-03-24 06:45:00+00:00,2026-03-24 06:49:59.999000+00:00,1.0462,1.05543342,1.04615883,1.05046808,300
2026-03-24 06:50:00+00:00,2026-03-24 06:54:59.999000+00:00,1.05046808,1.05262955,1.04741692,1.0518,300
2026-03-24 06:55:00+00:00,2026-03-24 06:59:59.999000+00:00,1.0521,1.06420092,1.0521,1.061,300
2026-03-24 07:00:00+00:00,2026-03-24 07:04:59.999000+00:00,1.0611,1.0634,1.0558,1.05664517,300
2026-03-24 07:05:00+00:00,2026-03-24 07:09:59.999000+00:00,1.05664517,1.0695,1.05569575,1.06924083,300
2026-03-24 07:10:00+00:00,2026-03-24 07:14:59.999000+00:00,1.06924083,1.07372617,1.06072842,1.0613,300
2026-03-24 07:15:00+00:00,2026-03-24 07:19:59.999000+00:00,1.0614,1.0623,1.0465,1.0475,300
2026-03-24 07:20:00+00:00,2026-03-24 07:24:59.999000+00:00,1.0477,1.0485,1.04483542,1.04483542,300
2026-03-24 07:25:00+00:00,2026-03-24 07:29:59.999000+00:00,1.04483542,1.0517,1.0448,1.05009217,300
2026-03-24 07:30:00+00:00,2026-03-24 07:34:59.999000+00:00,1.05009217,1.051,1.0461,1.04905417,300
2026-03-24 07:35:00+00:00,2026-03-24 07:39:59.999000+00:00,1.04905417,1.05048067,1.046,1.046,300
2026-03-24 07:40:00+00:00,2026-03-24 07:44:59.999000+00:00,1.04573367,1.0467,1.043,1.04546025,300
2026-03-24 07:45:00+00:00,2026-03-24 07:49:59.999000+00:00,1.04537933,1.047,1.0433,1.04636833,300
2026-03-24 07:50:00+00:00,2026-03-24 07:54:59.999000+00:00,1.04636833,1.0496,1.046241,1.0496,300
2026-03-24 07:55:00+00:00,2026-03-24 07:59:59.999000+00:00,1.04954431,1.05730275,1.04954431,1.0563,300
2026-03-24 08:00:00+00:00,2026-03-24 08:04:59.999000+00:00,1.05618375,1.05654892,1.05219483,1.0559,300
2026-03-24 08:05:00+00:00,2026-03-24 08:09:59.999000+00:00,1.0559,1.06230325,1.0559,1.06005518,300
2026-03-24 08:10:00+00:00,2026-03-24 08:14:59.999000+00:00,1.06005518,1.06142817,1.058569,1.0598,300
2026-03-24 08:15:00+00:00,2026-03-24 08:19:59.999000+00:00,1.0601,1.06183725,1.05777172,1.0596915,300
2026-03-24 08:20:00+00:00,2026-03-24 08:24:59.999000+00:00,1.0597,1.0602515,1.05262578,1.0573,300
2026-03-24 08:25:00+00:00,2026-03-24 08:29:59.999000+00:00,1.0574,1.068,1.0574,1.06712991,300
2026-03-24 08:30:00+00:00,2026-03-24 08:34:59.999000+00:00,1.06712991,1.0701745,1.06390583,1.0653,300
2026-03-24 08:35:00+00:00,2026-03-24 08:39:59.999000+00:00,1.0655,1.073,1.06544942,1.06915283,300
2026-03-24 08:40:00+00:00,2026-03-24 08:44:59.999000+00:00,1.06915283,1.07300892,1.068,1.0696,300
2026-03-24 08:45:00+00:00,2026-03-24 08:49:59.999000+00:00,1.0696,1.0784,1.06944083,1.0771,300
2026-03-24 08:50:00+00:00,2026-03-24 08:54:59.999000+00:00,1.077,1.0803,1.07416225,1.07822758,300
2026-03-24 08:55:00+00:00,2026-03-24 08:59:59.999000+00:00,1.07799108,1.078,1.0707,1.07412353,300
2026-03-24 09:00:00+00:00,2026-03-24 09:04:59.999000+00:00,1.07412353,1.0783,1.0676925,1.0709,300
2026-03-24 09:05:00+00:00,2026-03-24 09:09:59.999000+00:00,1.07097793,1.07628259,1.06400408,1.06451258,300
2026-03-24 09:10:00+00:00,2026-03-24 09:14:59.999000+00:00,1.06451258,1.06643442,1.0624,1.06540049,300
2026-03-24 09:15:00+00:00,2026-03-24 09:19:59.999000+00:00,1.06540049,1.067038,1.0636,1.06465183,300
2026-03-24 09:20:00+00:00,2026-03-24 09:24:59.999000+00:00,1.06465183,1.0652,1.05967008,1.06240033,300
2026-03-24 09:25:00+00:00,2026-03-24 09:29:59.999000+00:00,1.0625,1.06937806,1.0625,1.06873431,300
2026-03-24 09:30:00+00:00,2026-03-24 09:34:59.999000+00:00,1.06811431,1.06858431,1.0644845,1.0665815,300
2026-03-24 09:35:00+00:00,2026-03-24 09:39:59.999000+00:00,1.0667,1.0739,1.0667,1.07218858,300
2026-03-24 09:40:00+00:00,2026-03-24 09:44:59.999000+00:00,1.07218858,1.07805342,1.07154217,1.0763,300
2026-03-24 09:45:00+00:00,2026-03-24 09:49:59.999000+00:00,1.0763,1.0765,1.072,1.07556315,300
2026-03-24 09:50:00+00:00,2026-03-24 09:54:59.999000+00:00,1.075441,1.07572065,1.0681,1.0681,300
2026-03-24 09:55:00+00:00,2026-03-24 09:59:59.999000+00:00,1.0681,1.07509242,1.0681,1.0742,300
2026-03-24 10:00:00+00:00,2026-03-24 10:04:59.999000+00:00,1.0743,1.075217,1.06889958,1.07308208,300
2026-03-24 10:05:00+00:00,2026-03-24 10:09:59.999000+00:00,1.07308208,1.07541183,1.0712375,1.0737225,300
2026-03-24 10:10:00+00:00,2026-03-24 10:14:59.999000+00:00,1.0737225,1.0737225,1.0685575,1.07015567,300
2026-03-24 10:15:00+00:00,2026-03-24 10:19:59.999000+00:00,1.07,1.07084828,1.0659,1.068,300
2026-03-24 10:20:00+00:00,2026-03-24 10:24:59.999000+00:00,1.0681,1.07191581,1.06244908,1.06244908,300
2026-03-24 10:25:00+00:00,2026-03-24 10:29:59.999000+00:00,1.06252408,1.06411335,1.055,1.056,300
2026-03-24 10:30:00+00:00,2026-03-24 10:34:59.999000+00:00,1.0562,1.0581,1.0522,1.0554,300
2026-03-24 10:35:00+00:00,2026-03-24 10:39:59.999000+00:00,1.0553,1.06186342,1.0533,1.06186342,300
2026-03-24 10:40:00+00:00,2026-03-24 10:44:59.999000+00:00,1.06230508,1.06332362,1.05904558,1.0622,300
2026-03-24 10:45:00+00:00,2026-03-24 10:49:59.999000+00:00,1.0623,1.0631,1.060144,1.06291808,300
2026-03-24 10:50:00+00:00,2026-03-24 10:54:59.999000+00:00,1.06291808,1.06625858,1.0595,1.0598,300
2026-03-24 10:55:00+00:00,2026-03-24 10:59:59.999000+00:00,1.0598,1.06182467,1.0592,1.0608,300
2026-03-24 11:00:00+00:00,2026-03-24 11:04:59.999000+00:00,1.0608,1.0636775,1.059,1.06212292,300
2026-03-24 11:05:00+00:00,2026-03-24 11:09:59.999000+00:00,1.06209292,1.06424355,1.0551,1.0553,300
2026-03-24 11:10:00+00:00,2026-03-24 11:14:59.999000+00:00,1.0552,1.05613425,1.053,1.0546665,300
2026-03-24 11:15:00+00:00,2026-03-24 11:19:59.999000+00:00,1.0540615,1.05467567,1.04957233,1.0506,300
2026-03-24 11:20:00+00:00,2026-03-24 11:24:59.999000+00:00,1.0511,1.0547,1.04953017,1.05453233,300
2026-03-24 11:25:00+00:00,2026-03-24 11:29:59.999000+00:00,1.05453233,1.05824867,1.05453233,1.05821783,300
2026-03-24 11:30:00+00:00,2026-03-24 11:34:59.999000+00:00,1.05871783,1.06035667,1.05675958,1.06016517,300
2026-03-24 11:35:00+00:00,2026-03-24 11:39:59.999000+00:00,1.06027517,1.0637,1.0555,1.0568,300
2026-03-24 11:40:00+00:00,2026-03-24 11:44:59.999000+00:00,1.0569,1.0571,1.0544,1.0553,300
2026-03-24 11:45:00+00:00,2026-03-24 11:49:59.999000+00:00,1.0554,1.0585,1.05348793,1.0574,300
2026-03-24 11:50:00+00:00,2026-03-24 11:54:59.999000+00:00,1.0574,1.05822092,1.0535,1.05602793,300
2026-03-24 11:55:00+00:00,2026-03-24 11:59:59.999000+00:00,1.05623379,1.05661433,1.05417367,1.0551,300
2026-03-24 12:00:00+00:00,2026-03-24 12:04:59.999000+00:00,1.0551,1.05815802,1.0544,1.05459933,300
2026-03-24 12:05:00+00:00,2026-03-24 12:09:59.999000+00:00,1.05455433,1.0557,1.0522,1.05340637,300
2026-03-24 12:10:00+00:00,2026-03-24 12:14:59.999000+00:00,1.05340637,1.0557,1.0509,1.05366967,300
2026-03-24 12:15:00+00:00,2026-03-24 12:19:59.999000+00:00,1.05327967,1.05574275,1.05029833,1.05426758,300
2026-03-24 12:20:00+00:00,2026-03-24 12:24:59.999000+00:00,1.05426758,1.05806433,1.05418397,1.05544733,300
2026-03-24 12:25:00+00:00,2026-03-24 12:29:59.999000+00:00,1.0553,1.0573435,1.05221167,1.0532,300
2026-03-24 12:30:00+00:00,2026-03-24 12:34:59.999000+00:00,1.0532,1.0532,1.0459,1.0496,300
2026-03-24 12:35:00+00:00,2026-03-24 12:39:59.999000+00:00,1.0496,1.0529,1.0496,1.05110491,300
2026-03-24 12:40:00+00:00,2026-03-24 12:44:59.999000+00:00,1.05110491,1.0535,1.04813275,1.04813275,300
2026-03-24 12:45:00+00:00,2026-03-24 12:49:59.999000+00:00,1.04811775,1.05173155,1.04747217,1.05074825,300
2026-03-24 12:50:00+00:00,2026-03-24 12:54:59.999000+00:00,1.05074825,1.05406408,1.0488,1.0488,300
2026-03-24 12:55:00+00:00,2026-03-24 12:59:59.999000+00:00,1.0488,1.0497,1.0468,1.0468,300
2026-03-24 13:00:00+00:00,2026-03-24 13:04:59.999000+00:00,1.0468,1.0469,1.04,1.0401,300
2026-03-24 13:05:00+00:00,2026-03-24 13:09:59.999000+00:00,1.0401,1.04590767,1.0401,1.04349292,300
2026-03-24 13:10:00+00:00,2026-03-24 13:14:59.999000+00:00,1.04349292,1.0453,1.04231275,1.0431,300
2026-03-24 13:15:00+00:00,2026-03-24 13:19:59.999000+00:00,1.0431,1.04387792,1.04013198,1.04387792,300
2026-03-24 13:20:00+00:00,2026-03-24 13:24:59.999000+00:00,1.04387792,1.04631552,1.04346922,1.0444695,300
2026-03-24 13:25:00+00:00,2026-03-24 13:29:59.999000+00:00,1.0444695,1.0477,1.0443,1.04706392,300
2026-03-24 13:30:00+00:00,2026-03-24 13:34:59.999000+00:00,1.0473,1.04936078,1.0453055,1.048,300
2026-03-24 13:35:00+00:00,2026-03-24 13:39:59.999000+00:00,1.048,1.0484,1.0401,1.0404,300
2026-03-24 13:40:00+00:00,2026-03-24 13:44:59.999000+00:00,1.0409,1.04428183,1.03824292,1.0421245,300
2026-03-24 13:45:00+00:00,2026-03-24 13:49:59.999000+00:00,1.0421245,1.0431,1.041,1.0427406,300
2026-03-24 13:50:00+00:00,2026-03-24 13:54:59.999000+00:00,1.0428,1.04459437,1.0401,1.0407,300
2026-03-24 13:55:00+00:00,2026-03-24 13:59:59.999000+00:00,1.0408,1.0418,1.0373,1.0401,300
2026-03-24 14:00:00+00:00,2026-03-24 14:04:59.999000+00:00,1.0401,1.04570672,1.0401,1.041,300
2026-03-24 14:05:00+00:00,2026-03-24 14:09:59.999000+00:00,1.0409,1.04238195,1.0379,1.03915267,300
2026-03-24 14:10:00+00:00,2026-03-24 14:14:59.999000+00:00,1.03924817,1.0397,1.0339,1.0372,300
2026-03-24 14:15:00+00:00,2026-03-24 14:19:59.999000+00:00,1.037229,1.037229,1.03171417,1.0348,300
2026-03-24 14:20:00+00:00,2026-03-24 14:24:59.999000+00:00,1.0348,1.0376,1.03470983,1.0365,300
2026-03-24 14:25:00+00:00,2026-03-24 14:29:59.999000+00:00,1.03679108,1.0414,1.03439817,1.038,300
2026-03-24 14:30:00+00:00,2026-03-24 14:34:59.999000+00:00,1.0381,1.0395,1.03728683,1.03925959,300
2026-03-24 14:35:00+00:00,2026-03-24 14:39:59.999000+00:00,1.03925959,1.04059192,1.03449042,1.0345,300
2026-03-24 14:40:00+00:00,2026-03-24 14:44:59.999000+00:00,1.0344,1.0344435,1.0326745,1.03374467,300
2026-03-24 14:45:00+00:00,2026-03-24 14:49:59.999000+00:00,1.03374467,1.03428942,1.0301,1.0305,300
2026-03-24 14:50:00+00:00,2026-03-24 14:54:59.999000+00:00,1.03041042,1.03985025,1.02857672,1.0377,300
2026-03-24 14:55:00+00:00,2026-03-24 14:59:59.999000+00:00,1.0376,1.0433,1.03707708,1.0386,300
2026-03-24 15:00:00+00:00,2026-03-24 15:04:59.999000+00:00,1.0386,1.0408,1.03431133,1.0356,300
2026-03-24 15:05:00+00:00,2026-03-24 15:09:59.999000+00:00,1.03540358,1.0361,1.03064625,1.03068733,300
2026-03-24 15:10:00+00:00,2026-03-24 15:14:59.999000+00:00,1.0308,1.0311,1.0258,1.02833933,300
2026-03-24 15:15:00+00:00,2026-03-24 15:19:59.999000+00:00,1.02833933,1.0287,1.02366633,1.0274405,300
2026-03-24 15:20:00+00:00,2026-03-24 15:24:59.999000+00:00,1.027493,1.0336,1.02428008,1.03323008,300
2026-03-24 15:25:00+00:00,2026-03-24 15:29:59.999000+00:00,1.03323008,1.0341,1.03030095,1.0306,300
2026-03-24 15:30:00+00:00,2026-03-24 15:34:59.999000+00:00,1.0307,1.0313,1.0266,1.02926207,300
2026-03-24 15:35:00+00:00,2026-03-24 15:39:59.999000+00:00,1.02926207,1.0325,1.0283,1.03163612,300
2026-03-24 15:40:00+00:00,2026-03-24 15:44:59.999000+00:00,1.03157425,1.03442792,1.03134208,1.0324,300
2026-03-24 15:45:00+00:00,2026-03-24 15:49:59.999000+00:00,1.03237467,1.03419745,1.031254,1.0338,300
2026-03-24 15:50:00+00:00,2026-03-24 15:54:59.999000+00:00,1.0338,1.03442112,1.03088422,1.03088422,300
2026-03-24 15:55:00+00:00,2026-03-24 15:59:59.999000+00:00,1.03082422,1.032631,1.028796,1.0324,300
2026-03-24 16:00:00+00:00,2026-03-24 16:04:59.999000+00:00,1.0324,1.03606183,1.032145,1.0347,300
2026-03-24 16:05:00+00:00,2026-03-24 16:09:59.999000+00:00,1.0348,1.04098658,1.0348,1.04081825,300
2026-03-24 16:10:00+00:00,2026-03-24 16:14:59.999000+00:00,1.04081825,1.0414,1.03882858,1.04090725,300
2026-03-24 16:15:00+00:00,2026-03-24 16:19:59.999000+00:00,1.04090725,1.04608225,1.03911708,1.04606725,300
2026-03-24 16:20:00+00:00,2026-03-24 16:24:59.999000+00:00,1.04606725,1.049,1.0453,1.0454835,300
2026-03-24 16:25:00+00:00,2026-03-24 16:29:59.999000+00:00,1.0454835,1.04746442,1.04276405,1.047357,300
2026-03-24 16:30:00+00:00,2026-03-24 16:34:59.999000+00:00,1.04717217,1.0514,1.04711217,1.05076375,300
2026-03-24 16:35:00+00:00,2026-03-24 16:39:59.999000+00:00,1.0508,1.0519,1.04264802,1.043,300
2026-03-24 16:40:00+00:00,2026-03-24 16:44:59.999000+00:00,1.043,1.04533442,1.042,1.044,300
2026-03-24 16:45:00+00:00,2026-03-24 16:49:59.999000+00:00,1.0443,1.0454,1.0401,1.04305558,300
2026-03-24 16:50:00+00:00,2026-03-24 16:54:59.999000+00:00,1.04305558,1.0448,1.04151725,1.0442,300
2026-03-24 16:55:00+00:00,2026-03-24 16:59:59.999000+00:00,1.0442,1.0474,1.043952,1.0456,300
2026-03-24 17:00:00+00:00,2026-03-24 17:04:59.999000+00:00,1.0456,1.0471,1.04199433,1.04199433,300
2026-03-24 17:05:00+00:00,2026-03-24 17:09:59.999000+00:00,1.042,1.0431785,1.039,1.04211617,300
2026-03-24 17:10:00+00:00,2026-03-24 17:14:59.999000+00:00,1.04198117,1.04914983,1.04194867,1.049091,300
2026-03-24 17:15:00+00:00,2026-03-24 17:19:59.999000+00:00,1.049091,1.0514,1.048,1.049,300
2026-03-24 17:20:00+00:00,2026-03-24 17:24:59.999000+00:00,1.0493,1.05279932,1.0492,1.0492,300
2026-03-24 17:25:00+00:00,2026-03-24 17:29:59.999000+00:00,1.0491,1.051,1.046,1.0482475,300
2026-03-24 17:30:00+00:00,2026-03-24 17:34:59.999000+00:00,1.0482475,1.0483,1.0423,1.0445,300
2026-03-24 17:35:00+00:00,2026-03-24 17:39:59.999000+00:00,1.0445,1.0484,1.0445,1.0459,300
2026-03-24 17:40:00+00:00,2026-03-24 17:44:59.999000+00:00,1.0459,1.0471,1.04303325,1.04303325,300
2026-03-24 17:45:00+00:00,2026-03-24 17:49:59.999000+00:00,1.04303325,1.0432,1.04115836,1.04227383,300
2026-03-24 17:50:00+00:00,2026-03-24 17:54:59.999000+00:00,1.04227383,1.04395359,1.04100758,1.042,300
2026-03-24 17:55:00+00:00,2026-03-24 17:59:59.999000+00:00,1.042,1.0454,1.04104258,1.0428,300
2026-03-24 18:00:00+00:00,2026-03-24 18:04:59.999000+00:00,1.0428,1.04942642,1.0369,1.03845742,300
2026-03-24 18:05:00+00:00,2026-03-24 18:09:59.999000+00:00,1.03844242,1.03960033,1.03515608,1.0361,300
2026-03-24 18:10:00+00:00,2026-03-24 18:14:59.999000+00:00,1.0361,1.0365,1.0303,1.0344556,300
2026-03-24 18:15:00+00:00,2026-03-24 18:19:59.999000+00:00,1.0344556,1.03531792,1.0328,1.03518766,300
2026-03-24 18:20:00+00:00,2026-03-24 18:24:59.999000+00:00,1.03537625,1.0369,1.03406817,1.0361,300
2026-03-24 18:25:00+00:00,2026-03-24 18:29:59.999000+00:00,1.0361,1.0366,1.0336,1.0342,300
2026-03-24 18:30:00+00:00,2026-03-24 18:34:59.999000+00:00,1.0342,1.03927292,1.03292592,1.038244,300
2026-03-24 18:35:00+00:00,2026-03-24 18:39:59.999000+00:00,1.038244,1.0449,1.0379625,1.0449,300
2026-03-24 18:40:00+00:00,2026-03-24 18:44:59.999000+00:00,1.0449,1.0449,1.04190442,1.0423,300
2026-03-24 18:45:00+00:00,2026-03-24 18:49:59.999000+00:00,1.0423,1.0425,1.0375,1.04000917,300
2026-03-24 18:50:00+00:00,2026-03-24 18:54:59.999000+00:00,1.04000917,1.04164767,1.03967967,1.0414,300
2026-03-24 18:55:00+00:00,2026-03-24 18:59:59.999000+00:00,1.0414,1.0429045,1.0414,1.0426,300
2026-03-24 19:00:00+00:00,2026-03-24 19:04:59.999000+00:00,1.0426,1.0477944,1.04255317,1.04738083,300
2026-03-24 19:05:00+00:00,2026-03-24 19:09:59.999000+00:00,1.04740333,1.0485,1.0442,1.04527233,300
2026-03-24 19:10:00+00:00,2026-03-24 19:14:59.999000+00:00,1.04527233,1.0458,1.04375958,1.04421508,300
2026-03-24 19:15:00+00:00,2026-03-24 19:19:59.999000+00:00,1.04421508,1.0498,1.0441,1.04953375,300
2026-03-24 19:20:00+00:00,2026-03-24 19:24:59.999000+00:00,1.04956375,1.05667017,1.049023,1.05525533,300
2026-03-24 19:25:00+00:00,2026-03-24 19:29:59.999000+00:00,1.05512875,1.0565,1.052,1.05319353,300
2026-03-24 19:30:00+00:00,2026-03-24 19:34:59.999000+00:00,1.05319353,1.05319353,1.0494,1.0528,300
2026-03-24 19:35:00+00:00,2026-03-24 19:39:59.999000+00:00,1.0528,1.06061342,1.0528,1.0601,300
2026-03-24 19:40:00+00:00,2026-03-24 19:44:59.999000+00:00,1.06,1.06144175,1.05733133,1.05786758,300
2026-03-24 19:45:00+00:00,2026-03-24 19:49:59.999000+00:00,1.05786758,1.05786758,1.0552,1.0564,300
2026-03-24 19:50:00+00:00,2026-03-24 19:54:59.999000+00:00,1.0564,1.0583,1.05600325,1.0568,300
2026-03-24 19:55:00+00:00,2026-03-24 19:59:59.999000+00:00,1.0568,1.05732983,1.0525,1.0529,300
2026-03-24 20:00:00+00:00,2026-03-24 20:04:59.999000+00:00,1.0529,1.055,1.0522,1.0533,300
2026-03-24 20:05:00+00:00,2026-03-24 20:09:59.999000+00:00,1.0533,1.0537,1.04998583,1.05052724,300
2026-03-24 20:10:00+00:00,2026-03-24 20:14:59.999000+00:00,1.05052724,1.05499508,1.04947758,1.0525,300
2026-03-24 20:15:00+00:00,2026-03-24 20:19:59.999000+00:00,1.0525,1.05452517,1.0525,1.0543,300
2026-03-24 20:20:00+00:00,2026-03-24 20:24:59.999000+00:00,1.0543,1.072,1.0543,1.07180733,300
2026-03-24 20:25:00+00:00,2026-03-24 20:29:59.999000+00:00,1.0718,1.07758392,1.06956383,1.07460633,300
2026-03-24 20:30:00+00:00,2026-03-24 20:34:59.999000+00:00,1.0748,1.08387466,1.0748,1.0784,300
2026-03-24 20:35:00+00:00,2026-03-24 20:39:59.999000+00:00,1.0781,1.08513267,1.0751765,1.085,300
2026-03-24 20:40:00+00:00,2026-03-24 20:44:59.999000+00:00,1.08458317,1.08522931,1.0695,1.07140397,300
2026-03-24 20:45:00+00:00,2026-03-24 20:49:59.999000+00:00,1.072,1.07337292,1.0702,1.07268845,300
2026-03-24 20:50:00+00:00,2026-03-24 20:54:59.999000+00:00,1.07256845,1.0839,1.07256845,1.0837,300
2026-03-24 20:55:00+00:00,2026-03-24 20:59:59.999000+00:00,1.0837,1.08814021,1.07874275,1.0798,300
2026-03-24 21:00:00+00:00,2026-03-24 21:04:59.999000+00:00,1.0799,1.08829583,1.0799,1.08822083,300
2026-03-24 21:05:00+00:00,2026-03-24 21:09:59.999000+00:00,1.08822083,1.088456,1.08084783,1.081,300
2026-03-24 21:10:00+00:00,2026-03-24 21:14:59.999000+00:00,1.081,1.08702008,1.079578,1.0827,300
2026-03-24 21:15:00+00:00,2026-03-24 21:19:59.999000+00:00,1.0831,1.0849,1.0793,1.0812,300
2026-03-24 21:20:00+00:00,2026-03-24 21:24:59.999000+00:00,1.0807685,1.0828,1.07918792,1.08167158,300
2026-03-24 21:25:00+00:00,2026-03-24 21:29:59.999000+00:00,1.08155542,1.08595319,1.08138617,1.083507,300
2026-03-24 21:30:00+00:00,2026-03-24 21:34:59.999000+00:00,1.083507,1.08563025,1.08033242,1.08085425,300
2026-03-24 21:35:00+00:00,2026-03-24 21:39:59.999000+00:00,1.08085425,1.084,1.07906608,1.08308708,300
2026-03-24 21:40:00+00:00,2026-03-24 21:44:59.999000+00:00,1.08308708,1.08594017,1.08258125,1.08456383,300
2026-03-24 21:45:00+00:00,2026-03-24 21:49:59.999000+00:00,1.08448883,1.0884,1.08357828,1.08831942,300
2026-03-24 21:50:00+00:00,2026-03-24 21:54:59.999000+00:00,1.08828942,1.08828942,1.0818,1.08591433,300
2026-03-24 21:55:00+00:00,2026-03-24 21:59:59.999000+00:00,1.08591433,1.08622458,1.0822,1.0829,300
2026-03-24 22:00:00+00:00,2026-03-24 22:04:59.999000+00:00,1.0829,1.0851,1.0801,1.08117517,300
2026-03-24 22:05:00+00:00,2026-03-24 22:09:59.999000+00:00,1.08128017,1.08682858,1.08108167,1.0837,300
2026-03-24 22:10:00+00:00,2026-03-24 22:14:59.999000+00:00,1.0838,1.0863,1.08166983,1.0853,300
2026-03-24 22:15:00+00:00,2026-03-24 22:19:59.999000+00:00,1.0853,1.086,1.08343617,1.086,300
2026-03-24 22:20:00+00:00,2026-03-24 22:24:59.999000+00:00,1.086,1.0941,1.08529442,1.09279158,300
2026-03-24 22:25:00+00:00,2026-03-24 22:29:59.999000+00:00,1.09258158,1.09422751,1.08879992,1.08879992,300
2026-03-24 22:30:00+00:00,2026-03-24 22:34:59.999000+00:00,1.089,1.089,1.0812,1.08363825,300
2026-03-24 22:35:00+00:00,2026-03-24 22:39:59.999000+00:00,1.08358858,1.0876,1.0819,1.08444025,300
2026-03-24 22:40:00+00:00,2026-03-24 22:44:59.999000+00:00,1.08435025,1.08637892,1.0832,1.0861,300
2026-03-24 22:45:00+00:00,2026-03-24 22:49:59.999000+00:00,1.0861,1.09040683,1.08530405,1.08813708,300
2026-03-24 22:50:00+00:00,2026-03-24 22:54:59.999000+00:00,1.0885,1.08980575,1.08576075,1.0859,300
2026-03-24 22:55:00+00:00,2026-03-24 22:59:59.999000+00:00,1.0858,1.0899,1.0858,1.0893,300
2026-03-24 23:00:00+00:00,2026-03-24 23:04:59.999000+00:00,1.0893,1.09401858,1.0893,1.09307983,300
2026-03-24 23:05:00+00:00,2026-03-24 23:09:59.999000+00:00,1.09307983,1.10039975,1.0915275,1.09980479,300
2026-03-24 23:10:00+00:00,2026-03-24 23:14:59.999000+00:00,1.10013479,1.1009,1.09682225,1.0994,300
2026-03-24 23:15:00+00:00,2026-03-24 23:19:59.999000+00:00,1.0994,1.10217083,1.097,1.10151633,300
2026-03-24 23:20:00+00:00,2026-03-24 23:24:59.999000+00:00,1.10155543,1.10850342,1.10101533,1.1022,300
2026-03-24 23:25:00+00:00,2026-03-24 23:29:59.999000+00:00,1.1023,1.10888824,1.1022,1.1059,300
2026-03-24 23:30:00+00:00,2026-03-24 23:34:59.999000+00:00,1.1062,1.1103,1.10220867,1.1059,300
2026-03-24 23:35:00+00:00,2026-03-24 23:39:59.999000+00:00,1.1059,1.1097,1.1035,1.1071,300
2026-03-24 23:40:00+00:00,2026-03-24 23:44:59.999000+00:00,1.1071,1.1135,1.1071,1.1087,300
2026-03-24 23:45:00+00:00,2026-03-24 23:49:59.999000+00:00,1.1087,1.12064233,1.10680725,1.12064233,300
2026-03-24 23:50:00+00:00,2026-03-24 23:54:59.999000+00:00,1.12071233,1.1229,1.11786233,1.1217855,300
2026-03-24 23:55:00+00:00,2026-03-24 23:59:59.999000+00:00,1.1208155,1.1239795,1.1085,1.11470292,300
2026-03-25 00:00:00+00:00,2026-03-25 00:04:59.999000+00:00,1.11465267,1.11780155,1.1128,1.1154,300
2026-03-25 00:05:00+00:00,2026-03-25 00:09:59.999000+00:00,1.11531517,1.11531517,1.1064,1.1085,300
2026-03-25 00:10:00+00:00,2026-03-25 00:14:59.999000+00:00,1.1086,1.10929183,1.1009,1.10097392,300
2026-03-25 00:15:00+00:00,2026-03-25 00:19:59.999000+00:00,1.1004,1.10074558,1.09479258,1.09756217,300
2026-03-25 00:20:00+00:00,2026-03-25 00:24:59.999000+00:00,1.09756217,1.09756217,1.09012,1.0916,300
2026-03-25 00:25:00+00:00,2026-03-25 00:29:59.999000+00:00,1.0917,1.09206575,1.08431892,1.0875,300
2026-03-25 00:30:00+00:00,2026-03-25 00:34:59.999000+00:00,1.0878,1.0885,1.08322458,1.0863,300
2026-03-25 00:35:00+00:00,2026-03-25 00:39:59.999000+00:00,1.0863,1.096624,1.08606871,1.096624,300
2026-03-25 00:40:00+00:00,2026-03-25 00:44:59.999000+00:00,1.096624,1.09700086,1.0932,1.0966,300
2026-03-25 00:45:00+00:00,2026-03-25 00:49:59.999000+00:00,1.0966,1.1023,1.0966,1.0998,300
2026-03-25 00:50:00+00:00,2026-03-25 00:54:59.999000+00:00,1.0999,1.1017,1.0937,1.0938,300
2026-03-25 00:55:00+00:00,2026-03-25 00:59:59.999000+00:00,1.0938,1.0947,1.0777,1.08361513,300
2026-03-25 01:00:00+00:00,2026-03-25 01:04:59.999000+00:00,1.08361514,1.0837027,1.0807,1.08081871,300
2026-03-25 01:05:00+00:00,2026-03-25 01:09:59.999000+00:00,1.08081871,1.08616645,1.0797,1.08616645,300
2026-03-25 01:10:00+00:00,2026-03-25 01:14:59.999000+00:00,1.0866,1.08859879,1.08484525,1.0857,300
2026-03-25 01:15:00+00:00,2026-03-25 01:19:59.999000+00:00,1.0857,1.0869264,1.08444167,1.0856,300
2026-03-25 01:20:00+00:00,2026-03-25 01:24:59.999000+00:00,1.0856,1.08930305,1.0852,1.08843233,300
2026-03-25 01:25:00+00:00,2026-03-25 01:29:59.999000+00:00,1.08843233,1.0895,1.084,1.0841,300
2026-03-25 01:30:00+00:00,2026-03-25 01:34:59.999000+00:00,1.0841,1.0844,1.0767,1.0771,300
2026-03-25 01:35:00+00:00,2026-03-25 01:39:59.999000+00:00,1.0771,1.08070992,1.0771,1.0801,300
2026-03-25 01:40:00+00:00,2026-03-25 01:44:59.999000+00:00,1.0801,1.0832,1.0778185,1.08093842,300
2026-03-25 01:45:00+00:00,2026-03-25 01:49:59.999000+00:00,1.08085333,1.08198,1.07857333,1.0797,300
2026-03-25 01:50:00+00:00,2026-03-25 01:54:59.999000+00:00,1.0797,1.0813,1.0776035,1.0776035,300
2026-03-25 01:55:00+00:00,2026-03-25 01:59:59.999000+00:00,1.077021,1.07927317,1.07665575,1.077231,300
2026-03-25 02:00:00+00:00,2026-03-25 02:04:59.999000+00:00,1.077156,1.0801,1.07651508,1.0786,300
2026-03-25 02:05:00+00:00,2026-03-25 02:09:59.999000+00:00,1.07858817,1.0824,1.07792733,1.08201629,300
2026-03-25 02:10:00+00:00,2026-03-25 02:14:59.999000+00:00,1.08202379,1.0823,1.07812708,1.08016867,300
2026-03-25 02:15:00+00:00,2026-03-25 02:19:59.999000+00:00,1.08016867,1.08016867,1.07532108,1.07623575,300
2026-03-25 02:20:00+00:00,2026-03-25 02:24:59.999000+00:00,1.0763,1.07852371,1.075,1.0752,300
2026-03-25 02:25:00+00:00,2026-03-25 02:29:59.999000+00:00,1.0752,1.07896917,1.07280867,1.07280867,300
2026-03-25 02:30:00+00:00,2026-03-25 02:34:59.999000+00:00,1.07280867,1.0733,1.07039792,1.07101392,300
2026-03-25 02:35:00+00:00,2026-03-25 02:39:59.999000+00:00,1.07091067,1.07329875,1.0696,1.0729,300
2026-03-25 02:40:00+00:00,2026-03-25 02:44:59.999000+00:00,1.0729,1.07373117,1.072277,1.0736,300
2026-03-25 02:45:00+00:00,2026-03-25 02:49:59.999000+00:00,1.0736,1.07396617,1.06687533,1.06750433,300
2026-03-25 02:50:00+00:00,2026-03-25 02:54:59.999000+00:00,1.06750433,1.0678,1.06328742,1.0635,300
2026-03-25 02:55:00+00:00,2026-03-25 02:59:59.999000+00:00,1.0635,1.06389633,1.06018833,1.06291073,300
2026-03-25 03:00:00+00:00,2026-03-25 03:04:59.999000+00:00,1.063,1.06408433,1.0611,1.063704,300
2026-03-25 03:05:00+00:00,2026-03-25 03:09:59.999000+00:00,1.063704,1.06503758,1.0616,1.0645,300
2026-03-25 03:10:00+00:00,2026-03-25 03:14:59.999000+00:00,1.0645,1.06480383,1.0612,1.06159867,300
2026-03-25 03:15:00+00:00,2026-03-25 03:19:59.999000+00:00,1.0612,1.0637,1.0608,1.06247075,300
2026-03-25 03:20:00+00:00,2026-03-25 03:24:59.999000+00:00,1.06247075,1.06273275,1.06059733,1.06076342,300
2026-03-25 03:25:00+00:00,2026-03-25 03:29:59.999000+00:00,1.06067625,1.06079033,1.0576265,1.06029433,300
2026-03-25 03:30:00+00:00,2026-03-25 03:34:59.999000+00:00,1.06029433,1.06175892,1.05812975,1.0612,300
2026-03-25 03:35:00+00:00,2026-03-25 03:39:59.999000+00:00,1.0612,1.06446008,1.0612,1.063,300
2026-03-25 03:40:00+00:00,2026-03-25 03:44:59.999000+00:00,1.063,1.064,1.06198908,1.06394633,300
2026-03-25 03:45:00+00:00,2026-03-25 03:49:59.999000+00:00,1.064,1.064,1.06075784,1.06214583,300
2026-03-25 03:50:00+00:00,2026-03-25 03:54:59.999000+00:00,1.06231083,1.06291906,1.06055125,1.0607,300
2026-03-25 03:55:00+00:00,2026-03-25 03:59:59.999000+00:00,1.0607,1.06289033,1.06056517,1.0617,300
2026-03-25 04:00:00+00:00,2026-03-25 04:04:59.999000+00:00,1.0618,1.0628,1.061371,1.06196793,300
2026-03-25 04:05:00+00:00,2026-03-25 04:09:59.999000+00:00,1.06246793,1.06334317,1.0585,1.0596,300
2026-03-25 04:10:00+00:00,2026-03-25 04:14:59.999000+00:00,1.0593,1.0593,1.0575,1.05892883,300
2026-03-25 04:15:00+00:00,2026-03-25 04:19:59.999000+00:00,1.0589,1.05891103,1.0554,1.05676392,300
2026-03-25 04:20:00+00:00,2026-03-25 04:24:59.999000+00:00,1.05676392,1.0577,1.0555,1.0571,300
2026-03-25 04:25:00+00:00,2026-03-25 04:29:59.999000+00:00,1.0571,1.06331392,1.0571,1.06147474,300
2026-03-25 04:30:00+00:00,2026-03-25 04:34:59.999000+00:00,1.06133224,1.0621,1.05991475,1.05993525,300
2026-03-25 04:35:00+00:00,2026-03-25 04:39:59.999000+00:00,1.05993525,1.0604,1.0567,1.057574,300
2026-03-25 04:40:00+00:00,2026-03-25 04:44:59.999000+00:00,1.0576,1.0582,1.05056333,1.0519,300
2026-03-25 04:45:00+00:00,2026-03-25 04:49:59.999000+00:00,1.052,1.054964,1.051004,1.0548,300
2026-03-25 04:50:00+00:00,2026-03-25 04:54:59.999000+00:00,1.0548,1.05583125,1.0536,1.05362983,300
2026-03-25 04:55:00+00:00,2026-03-25 04:59:59.999000+00:00,1.05362983,1.05688289,1.05335975,1.05653858,300
2026-03-25 05:00:00+00:00,2026-03-25 05:04:59.999000+00:00,1.05653858,1.05808661,1.0549,1.05728167,300
2026-03-25 05:05:00+00:00,2026-03-25 05:09:59.999000+00:00,1.05728167,1.06148433,1.0555,1.0594,300
2026-03-25 05:10:00+00:00,2026-03-25 05:14:59.999000+00:00,1.0594,1.0597,1.0576375,1.0578,300
2026-03-25 05:15:00+00:00,2026-03-25 05:19:59.999000+00:00,1.0578,1.0591,1.0492,1.0519,300
2026-03-25 05:20:00+00:00,2026-03-25 05:24:59.999000+00:00,1.0519,1.0549,1.05114567,1.054719,300
2026-03-25 05:25:00+00:00,2026-03-25 05:29:59.999000+00:00,1.054719,1.05764567,1.054595,1.05764567,300
2026-03-25 05:30:00+00:00,2026-03-25 05:34:59.999000+00:00,1.05764567,1.05764567,1.05416492,1.05510817,300
2026-03-25 05:35:00+00:00,2026-03-25 05:39:59.999000+00:00,1.05510817,1.05797967,1.0550545,1.05771617,300
2026-03-25 05:40:00+00:00,2026-03-25 05:44:59.999000+00:00,1.05771617,1.0598,1.057,1.05815308,300
2026-03-25 05:45:00+00:00,2026-03-25 05:49:59.999000+00:00,1.05815308,1.0618,1.05808517,1.0598,300
2026-03-25 05:50:00+00:00,2026-03-25 05:54:59.999000+00:00,1.05983025,1.05983025,1.0576,1.0583,300
2026-03-25 05:55:00+00:00,2026-03-25 05:59:59.999000+00:00,1.0583,1.0598,1.05794075,1.05921025,300
2026-03-25 06:00:00+00:00,2026-03-25 06:04:59.999000+00:00,1.05921025,1.05921025,1.056,1.058,300
2026-03-25 06:05:00+00:00,2026-03-25 06:09:59.999000+00:00,1.058,1.0586,1.0547,1.0572,300
2026-03-25 06:10:00+00:00,2026-03-25 06:14:59.999000+00:00,1.0572,1.0583,1.05717658,1.0583,300
2026-03-25 06:15:00+00:00,2026-03-25 06:19:59.999000+00:00,1.0583,1.06158575,1.05703142,1.06079133,300
2026-03-25 06:20:00+00:00,2026-03-25 06:24:59.999000+00:00,1.06079133,1.0624,1.05898825,1.06217683,300
2026-03-25 06:25:00+00:00,2026-03-25 06:29:59.999000+00:00,1.06217683,1.0636,1.06169925,1.0617,300
2026-03-25 06:30:00+00:00,2026-03-25 06:34:59.999000+00:00,1.0614,1.0631,1.0595855,1.0631,300
2026-03-25 06:35:00+00:00,2026-03-25 06:39:59.999000+00:00,1.063,1.06312075,1.06180883,1.062,300
2026-03-25 06:40:00+00:00,2026-03-25 06:44:59.999000+00:00,1.062,1.06387867,1.06192167,1.063,300
2026-03-25 06:45:00+00:00,2026-03-25 06:49:59.999000+00:00,1.0628,1.0643,1.0626,1.06296092,300
2026-03-25 06:50:00+00:00,2026-03-25 06:54:59.999000+00:00,1.06287658,1.06344221,1.062,1.06260842,300
2026-03-25 06:55:00+00:00,2026-03-25 06:59:59.999000+00:00,1.06260842,1.06264092,1.06055183,1.0612,300
2026-03-25 07:00:00+00:00,2026-03-25 07:04:59.999000+00:00,1.0612,1.06569155,1.0612,1.0648,300
2026-03-25 07:05:00+00:00,2026-03-25 07:09:59.999000+00:00,1.0648,1.0685,1.064651,1.0669,300
2026-03-25 07:10:00+00:00,2026-03-25 07:14:59.999000+00:00,1.0669,1.0691,1.0655,1.06728758,300
2026-03-25 07:15:00+00:00,2026-03-25 07:19:59.999000+00:00,1.06728758,1.06965557,1.0645,1.06862069,300
2026-03-25 07:20:00+00:00,2026-03-25 07:24:59.999000+00:00,1.06862069,1.06964217,1.06679033,1.0675,300
2026-03-25 07:25:00+00:00,2026-03-25 07:29:59.999000+00:00,1.0675,1.07330642,1.0674,1.0708225,300
2026-03-25 07:30:00+00:00,2026-03-25 07:34:59.999000+00:00,1.0708375,1.0764,1.0708375,1.07491158,300
2026-03-25 07:35:00+00:00,2026-03-25 07:39:59.999000+00:00,1.07491158,1.076,1.07336567,1.0739,300
2026-03-25 07:40:00+00:00,2026-03-25 07:44:59.999000+00:00,1.0743,1.0747,1.0709325,1.07093767,300
2026-03-25 07:45:00+00:00,2026-03-25 07:49:59.999000+00:00,1.07091517,1.0713,1.0677,1.069735,300
2026-03-25 07:50:00+00:00,2026-03-25 07:54:59.999000+00:00,1.0690315,1.0690315,1.0622,1.06498042,300
2026-03-25 07:55:00+00:00,2026-03-25 07:59:59.999000+00:00,1.065,1.0658,1.0636,1.0636,300
2026-03-25 08:00:00+00:00,2026-03-25 08:04:59.999000+00:00,1.064,1.067929,1.0638,1.06658842,300
2026-03-25 08:05:00+00:00,2026-03-25 08:09:59.999000+00:00,1.06658842,1.0688,1.0652,1.06761867,300
2026-03-25 08:10:00+00:00,2026-03-25 08:14:59.999000+00:00,1.06761867,1.0683,1.0672,1.0678,300
2026-03-25 08:15:00+00:00,2026-03-25 08:19:59.999000+00:00,1.0678,1.0707,1.0677,1.0705,300
2026-03-25 08:20:00+00:00,2026-03-25 08:24:59.999000+00:00,1.0707,1.07443745,1.06994,1.07443745,300
2026-03-25 08:25:00+00:00,2026-03-25 08:29:59.999000+00:00,1.07443746,1.0750245,1.07159617,1.07306052,300
2026-03-25 08:30:00+00:00,2026-03-25 08:34:59.999000+00:00,1.07271552,1.0729,1.0682,1.0722,300
2026-03-25 08:35:00+00:00,2026-03-25 08:39:59.999000+00:00,1.0722,1.07302775,1.0688,1.07034317,300
2026-03-25 08:40:00+00:00,2026-03-25 08:44:59.999000+00:00,1.07034317,1.0715,1.0699,1.07127383,300
2026-03-25 08:45:00+00:00,2026-03-25 08:49:59.999000+00:00,1.07127383,1.07127383,1.067,1.0696,300
2026-03-25 08:50:00+00:00,2026-03-25 08:54:59.999000+00:00,1.0695,1.0757,1.0695,1.0744744,300
2026-03-25 08:55:00+00:00,2026-03-25 08:59:59.999000+00:00,1.07442371,1.0765775,1.07244069,1.07370217,300
2026-03-25 09:00:00+00:00,2026-03-25 09:04:59.999000+00:00,1.0738,1.074,1.0705,1.0709175,300
2026-03-25 09:05:00+00:00,2026-03-25 09:09:59.999000+00:00,1.0708975,1.07448884,1.0708975,1.07346867,300
2026-03-25 09:10:00+00:00,2026-03-25 09:14:59.999000+00:00,1.07346867,1.07346867,1.07081233,1.0715,300
2026-03-25 09:15:00+00:00,2026-03-25 09:19:59.999000+00:00,1.0715,1.07441042,1.0709,1.0716,300
2026-03-25 09:20:00+00:00,2026-03-25 09:24:59.999000+00:00,1.0716,1.07293117,1.0694,1.07080457,300
2026-03-25 09:25:00+00:00,2026-03-25 09:29:59.999000+00:00,1.07080457,1.070925,1.0644,1.0646,300
2026-03-25 09:30:00+00:00,2026-03-25 09:34:59.999000+00:00,1.0646,1.06635414,1.0621,1.0621,300
2026-03-25 09:35:00+00:00,2026-03-25 09:39:59.999000+00:00,1.0622,1.06434483,1.0614,1.06355975,300
2026-03-25 09:40:00+00:00,2026-03-25 09:44:59.999000+00:00,1.06355975,1.06916083,1.06344933,1.0691,300
2026-03-25 09:45:00+00:00,2026-03-25 09:49:59.999000+00:00,1.0691,1.0691,1.06567647,1.06767667,300
2026-03-25 09:50:00+00:00,2026-03-25 09:54:59.999000+00:00,1.06767667,1.0680265,1.0625655,1.06349692,300
2026-03-25 09:55:00+00:00,2026-03-25 09:59:59.999000+00:00,1.06349692,1.06643198,1.0632,1.066,300
2026-03-25 10:00:00+00:00,2026-03-25 10:04:59.999000+00:00,1.066,1.0685,1.06537417,1.06567883,300
2026-03-25 10:05:00+00:00,2026-03-25 10:09:59.999000+00:00,1.06568633,1.0671,1.0645,1.06631483,300
2026-03-25 10:10:00+00:00,2026-03-25 10:14:59.999000+00:00,1.06611724,1.06761192,1.0654,1.0674,300
2026-03-25 10:15:00+00:00,2026-03-25 10:19:59.999000+00:00,1.0674,1.06850067,1.0669,1.068,300
2026-03-25 10:20:00+00:00,2026-03-25 10:24:59.999000+00:00,1.068,1.0688,1.0679,1.068,300
2026-03-25 10:25:00+00:00,2026-03-25 10:29:59.999000+00:00,1.06790241,1.0747,1.06790241,1.0739,300
2026-03-25 10:30:00+00:00,2026-03-25 10:34:59.999000+00:00,1.073818,1.07902658,1.0731,1.0784,300
2026-03-25 10:35:00+00:00,2026-03-25 10:39:59.999000+00:00,1.0784,1.0795,1.07464525,1.0772,300
2026-03-25 10:40:00+00:00,2026-03-25 10:44:59.999000+00:00,1.07690458,1.078,1.0743,1.07490692,300
2026-03-25 10:45:00+00:00,2026-03-25 10:49:59.999000+00:00,1.07495192,1.0768,1.07488808,1.076705,300
2026-03-25 10:50:00+00:00,2026-03-25 10:54:59.999000+00:00,1.076705,1.08224567,1.076705,1.0802,300
2026-03-25 10:55:00+00:00,2026-03-25 10:59:59.999000+00:00,1.0801,1.0813,1.0779,1.0792,300
2026-03-25 11:00:00+00:00,2026-03-25 11:04:59.999000+00:00,1.0792,1.08146067,1.079,1.0808,300
2026-03-25 11:05:00+00:00,2026-03-25 11:09:59.999000+00:00,1.08100952,1.081396,1.07868542,1.0813,300
2026-03-25 11:10:00+00:00,2026-03-25 11:14:59.999000+00:00,1.0813,1.08263972,1.07992328,1.08262503,300
2026-03-25 11:15:00+00:00,2026-03-25 11:19:59.999000+00:00,1.08286502,1.08376767,1.07776433,1.0791,300
2026-03-25 11:20:00+00:00,2026-03-25 11:24:59.999000+00:00,1.07909267,1.0851,1.0774,1.07748217,300
2026-03-25 11:25:00+00:00,2026-03-25 11:29:59.999000+00:00,1.07748217,1.0781,1.0738,1.07533121,300
2026-03-25 11:30:00+00:00,2026-03-25 11:34:59.999000+00:00,1.07533121,1.07780664,1.07524375,1.0762,300
2026-03-25 11:35:00+00:00,2026-03-25 11:39:59.999000+00:00,1.07646442,1.0786,1.076,1.0775,300
2026-03-25 11:40:00+00:00,2026-03-25 11:44:59.999000+00:00,1.0775,1.0795,1.0764,1.0794,300
2026-03-25 11:45:00+00:00,2026-03-25 11:49:59.999000+00:00,1.0794,1.08107142,1.0767,1.0775,300
2026-03-25 11:50:00+00:00,2026-03-25 11:54:59.999000+00:00,1.0776,1.07896375,1.07631125,1.07631125,300
2026-03-25 11:55:00+00:00,2026-03-25 11:59:59.999000+00:00,1.07631125,1.07942184,1.0743,1.07882967,300
2026-03-25 12:00:00+00:00,2026-03-25 12:04:59.999000+00:00,1.07882967,1.0818,1.0779,1.08050467,300
2026-03-25 12:05:00+00:00,2026-03-25 12:09:59.999000+00:00,1.08050467,1.082,1.0795,1.0811,300
2026-03-25 12:10:00+00:00,2026-03-25 12:14:59.999000+00:00,1.0811,1.08117167,1.0793,1.0808,300
2026-03-25 12:15:00+00:00,2026-03-25 12:19:59.999000+00:00,1.0808,1.0834,1.07849133,1.08339192,300
2026-03-25 12:20:00+00:00,2026-03-25 12:24:59.999000+00:00,1.08339192,1.08419508,1.08128458,1.0836,300
2026-03-25 12:25:00+00:00,2026-03-25 12:29:59.999000+00:00,1.0836,1.08436025,1.07650067,1.0792,300
2026-03-25 12:30:00+00:00,2026-03-25 12:34:59.999000+00:00,1.07888775,1.07922492,1.0742,1.07553275,300
2026-03-25 12:35:00+00:00,2026-03-25 12:39:59.999000+00:00,1.07503275,1.07883917,1.07425317,1.07827067,300
2026-03-25 12:40:00+00:00,2026-03-25 12:44:59.999000+00:00,1.0783,1.0797,1.0775,1.07848802,300
2026-03-25 12:45:00+00:00,2026-03-25 12:49:59.999000+00:00,1.07848802,1.07848802,1.0748,1.0778,300
2026-03-25 12:50:00+00:00,2026-03-25 12:54:59.999000+00:00,1.0778,1.0778,1.07097033,1.0717,300
2026-03-25 12:55:00+00:00,2026-03-25 12:59:59.999000+00:00,1.0717605,1.07970812,1.07084595,1.0791,300
2026-03-25 13:00:00+00:00,2026-03-25 13:04:59.999000+00:00,1.079,1.07996167,1.0726,1.0735,300
2026-03-25 13:05:00+00:00,2026-03-25 13:09:59.999000+00:00,1.0735,1.07537617,1.0732,1.07487008,300
2026-03-25 13:10:00+00:00,2026-03-25 13:14:59.999000+00:00,1.07487008,1.07663725,1.0745945,1.07611783,300
2026-03-25 13:15:00+00:00,2026-03-25 13:19:59.999000+00:00,1.07611783,1.07611783,1.0676,1.0686,300
2026-03-25 13:20:00+00:00,2026-03-25 13:24:59.999000+00:00,1.06836975,1.0698,1.067,1.06705342,300
2026-03-25 13:25:00+00:00,2026-03-25 13:29:59.999000+00:00,1.06705342,1.0703994,1.0669,1.07,300
2026-03-25 13:30:00+00:00,2026-03-25 13:34:59.999000+00:00,1.07,1.07574967,1.0699,1.0726,300
2026-03-25 13:35:00+00:00,2026-03-25 13:39:59.999000+00:00,1.0726,1.0742,1.07061633,1.071,300
2026-03-25 13:40:00+00:00,2026-03-25 13:44:59.999000+00:00,1.071,1.0731,1.06964267,1.0708,300
2026-03-25 13:45:00+00:00,2026-03-25 13:49:59.999000+00:00,1.0708,1.072,1.06672475,1.0676105,300
2026-03-25 13:50:00+00:00,2026-03-25 13:54:59.999000+00:00,1.0676105,1.0679195,1.06507475,1.0669,300
2026-03-25 13:55:00+00:00,2026-03-25 13:59:59.999000+00:00,1.0669,1.0694,1.0656435,1.0667,300
2026-03-25 14:00:00+00:00,2026-03-25 14:04:59.999000+00:00,1.0667,1.0691,1.0648,1.06757317,300
2026-03-25 14:05:00+00:00,2026-03-25 14:09:59.999000+00:00,1.0674375,1.0721,1.06654058,1.07188233,300
2026-03-25 14:10:00+00:00,2026-03-25 14:14:59.999000+00:00,1.07188233,1.07197967,1.06354942,1.06471392,300
2026-03-25 14:15:00+00:00,2026-03-25 14:19:59.999000+00:00,1.064703,1.0700315,1.064703,1.06906836,300
2026-03-25 14:20:00+00:00,2026-03-25 14:24:59.999000+00:00,1.06906836,1.0726,1.06906836,1.071265,300
2026-03-25 14:25:00+00:00,2026-03-25 14:29:59.999000+00:00,1.07119,1.0743,1.07070758,1.07093683,300
2026-03-25 14:30:00+00:00,2026-03-25 14:34:59.999000+00:00,1.0711,1.07249367,1.0699,1.0700605,300
2026-03-25 14:35:00+00:00,2026-03-25 14:39:59.999000+00:00,1.0700605,1.0714,1.0693,1.071,300
2026-03-25 14:40:00+00:00,2026-03-25 14:44:59.999000+00:00,1.071,1.074062,1.07060875,1.073,300
2026-03-25 14:45:00+00:00,2026-03-25 14:49:59.999000+00:00,1.0729,1.0776,1.0723,1.0774,300
2026-03-25 14:50:00+00:00,2026-03-25 14:54:59.999000+00:00,1.0773,1.0781,1.07566717,1.07651317,300
2026-03-25 14:55:00+00:00,2026-03-25 14:59:59.999000+00:00,1.07647567,1.07647567,1.07131233,1.07131233,300
2026-03-25 15:00:00+00:00,2026-03-25 15:04:59.999000+00:00,1.07131233,1.0753,1.0711475,1.07348388,300
2026-03-25 15:05:00+00:00,2026-03-25 15:09:59.999000+00:00,1.07348388,1.0762,1.0725,1.07488883,300
2026-03-25 15:10:00+00:00,2026-03-25 15:14:59.999000+00:00,1.07488883,1.0749,1.07230817,1.07355783,300
2026-03-25 15:15:00+00:00,2026-03-25 15:19:59.999000+00:00,1.07355783,1.0753,1.07,1.0748225,300
2026-03-25 15:20:00+00:00,2026-03-25 15:24:59.999000+00:00,1.0748225,1.0776,1.07254108,1.07254108,300
2026-03-25 15:25:00+00:00,2026-03-25 15:29:59.999000+00:00,1.07254108,1.074,1.07105225,1.0715,300
2026-03-25 15:30:00+00:00,2026-03-25 15:34:59.999000+00:00,1.07140542,1.0722,1.0673,1.06972717,300
2026-03-25 15:35:00+00:00,2026-03-25 15:39:59.999000+00:00,1.06972717,1.071,1.068,1.068,300
2026-03-25 15:40:00+00:00,2026-03-25 15:44:59.999000+00:00,1.0681,1.069,1.065257,1.06535758,300
2026-03-25 15:45:00+00:00,2026-03-25 15:49:59.999000+00:00,1.06531092,1.06698983,1.06370567,1.0662,300
2026-03-25 15:50:00+00:00,2026-03-25 15:54:59.999000+00:00,1.0662,1.0682,1.06557958,1.0659,300
2026-03-25 15:55:00+00:00,2026-03-25 15:59:59.999000+00:00,1.0659,1.06825158,1.0659,1.06771692,300
2026-03-25 16:00:00+00:00,2026-03-25 16:04:59.999000+00:00,1.06771692,1.0684,1.0664895,1.06730833,300
2026-03-25 16:05:00+00:00,2026-03-25 16:09:59.999000+00:00,1.067315,1.072038,1.06638633,1.071,300
2026-03-25 16:10:00+00:00,2026-03-25 16:14:59.999000+00:00,1.071,1.0715,1.0691,1.0715,300
2026-03-25 16:15:00+00:00,2026-03-25 16:19:59.999000+00:00,1.0715,1.07322567,1.06980417,1.07283417,300
2026-03-25 16:20:00+00:00,2026-03-25 16:24:59.999000+00:00,1.07283417,1.0752,1.07246828,1.0752,300
2026-03-25 16:25:00+00:00,2026-03-25 16:29:59.999000+00:00,1.0753,1.08276694,1.07482842,1.08276694,300
2026-03-25 16:30:00+00:00,2026-03-25 16:34:59.999000+00:00,1.08266083,1.0846,1.07867675,1.07879233,300
2026-03-25 16:35:00+00:00,2026-03-25 16:39:59.999000+00:00,1.07879233,1.08420912,1.07817767,1.08420912,300
2026-03-25 16:40:00+00:00,2026-03-25 16:44:59.999000+00:00,1.0842365,1.08668095,1.0817,1.082,300
2026-03-25 16:45:00+00:00,2026-03-25 16:49:59.999000+00:00,1.082,1.08358094,1.07559017,1.0764,300
2026-03-25 16:50:00+00:00,2026-03-25 16:54:59.999000+00:00,1.0764,1.07733583,1.0732,1.07702917,300
2026-03-25 16:55:00+00:00,2026-03-25 16:59:59.999000+00:00,1.07702917,1.07702917,1.07352417,1.07449517,300
2026-03-25 17:00:00+00:00,2026-03-25 17:04:59.999000+00:00,1.07449517,1.0778,1.07449517,1.07532217,300
2026-03-25 17:05:00+00:00,2026-03-25 17:09:59.999000+00:00,1.07532217,1.07534317,1.06951793,1.0701,300
2026-03-25 17:10:00+00:00,2026-03-25 17:14:59.999000+00:00,1.0701,1.07126333,1.069227,1.0709,300
2026-03-25 17:15:00+00:00,2026-03-25 17:19:59.999000+00:00,1.071,1.0734,1.07053067,1.07300133,300
2026-03-25 17:20:00+00:00,2026-03-25 17:24:59.999000+00:00,1.07297133,1.07455833,1.07211025,1.0737,300
2026-03-25 17:25:00+00:00,2026-03-25 17:29:59.999000+00:00,1.0737,1.0783,1.0737,1.0769,300
2026-03-25 17:30:00+00:00,2026-03-25 17:34:59.999000+00:00,1.0769,1.0769,1.0739,1.07626741,300
2026-03-25 17:35:00+00:00,2026-03-25 17:39:59.999000+00:00,1.07626741,1.07765375,1.07393408,1.07653017,300
2026-03-25 17:40:00+00:00,2026-03-25 17:44:59.999000+00:00,1.07653017,1.07875567,1.0757,1.07802655,300
2026-03-25 17:45:00+00:00,2026-03-25 17:49:59.999000+00:00,1.07802655,1.07802655,1.076,1.07625117,300
2026-03-25 17:50:00+00:00,2026-03-25 17:54:59.999000+00:00,1.07625117,1.07625117,1.0718,1.0722,300
2026-03-25 17:55:00+00:00,2026-03-25 17:59:59.999000+00:00,1.0723,1.0744,1.07214475,1.0739,300
2026-03-25 18:00:00+00:00,2026-03-25 18:04:59.999000+00:00,1.0739,1.07523617,1.0729,1.07523617,300
2026-03-25 18:05:00+00:00,2026-03-25 18:09:59.999000+00:00,1.07527974,1.0754,1.07139767,1.0717,300
2026-03-25 18:10:00+00:00,2026-03-25 18:14:59.999000+00:00,1.0717,1.07376517,1.0715,1.07164292,300
2026-03-25 18:15:00+00:00,2026-03-25 18:19:59.999000+00:00,1.0719,1.07391067,1.0718,1.07201375,300
2026-03-25 18:20:00+00:00,2026-03-25 18:24:59.999000+00:00,1.07201375,1.07537967,1.0716,1.07412592,300
2026-03-25 18:25:00+00:00,2026-03-25 18:29:59.999000+00:00,1.07412592,1.0757895,1.0737,1.07538908,300
2026-03-25 18:30:00+00:00,2026-03-25 18:34:59.999000+00:00,1.07525408,1.0762645,1.0738,1.07550183,300
2026-03-25 18:35:00+00:00,2026-03-25 18:39:59.999000+00:00,1.07550183,1.0762,1.0745,1.0749,300
2026-03-25 18:40:00+00:00,2026-03-25 18:44:59.999000+00:00,1.0749,1.0751135,1.07424117,1.074682,300
2026-03-25 18:45:00+00:00,2026-03-25 18:49:59.999000+00:00,1.0747,1.0749,1.0726,1.0726,300
2026-03-25 18:50:00+00:00,2026-03-25 18:54:59.999000+00:00,1.0726,1.0756975,1.0721,1.0756975,300
2026-03-25 18:55:00+00:00,2026-03-25 18:59:59.999000+00:00,1.0756975,1.07659142,1.07126533,1.0716,300
2026-03-25 19:00:00+00:00,2026-03-25 19:04:59.999000+00:00,1.0716,1.07470392,1.071,1.07456933,300
2026-03-25 19:05:00+00:00,2026-03-25 19:09:59.999000+00:00,1.07456934,1.07511707,1.0707,1.07132742,300
2026-03-25 19:10:00+00:00,2026-03-25 19:14:59.999000+00:00,1.07132742,1.07615667,1.0712,1.0754,300
2026-03-25 19:15:00+00:00,2026-03-25 19:19:59.999000+00:00,1.0754,1.0755,1.073345,1.0738,300
2026-03-25 19:20:00+00:00,2026-03-25 19:24:59.999000+00:00,1.0738,1.0745,1.07284733,1.0745,300
2026-03-25 19:25:00+00:00,2026-03-25 19:29:59.999000+00:00,1.0745,1.07738966,1.07443792,1.0772,300
2026-03-25 19:30:00+00:00,2026-03-25 19:34:59.999000+00:00,1.0774,1.0775,1.0755,1.0766,300
2026-03-25 19:35:00+00:00,2026-03-25 19:39:59.999000+00:00,1.0766,1.07779272,1.0753,1.07779272,300
2026-03-25 19:40:00+00:00,2026-03-25 19:44:59.999000+00:00,1.0777,1.07831817,1.0758,1.075811,300
2026-03-25 19:45:00+00:00,2026-03-25 19:49:59.999000+00:00,1.0759,1.07836103,1.07578683,1.0777,300
2026-03-25 19:50:00+00:00,2026-03-25 19:54:59.999000+00:00,1.0777,1.07886474,1.0753,1.0759,300
2026-03-25 19:55:00+00:00,2026-03-25 19:59:59.999000+00:00,1.0759,1.07674683,1.0745,1.0761,300
2026-03-25 20:00:00+00:00,2026-03-25 20:04:59.999000+00:00,1.0761,1.07628817,1.0746,1.075376,300
2026-03-25 20:05:00+00:00,2026-03-25 20:09:59.999000+00:00,1.075376,1.075376,1.071,1.071,300
2026-03-25 20:10:00+00:00,2026-03-25 20:14:59.999000+00:00,1.071,1.07478658,1.071,1.0739,300
2026-03-25 20:15:00+00:00,2026-03-25 20:19:59.999000+00:00,1.0738,1.07581783,1.0729535,1.07580088,300
2026-03-25 20:20:00+00:00,2026-03-25 20:24:59.999000+00:00,1.07580089,1.07630083,1.0655,1.0663,300
2026-03-25 20:25:00+00:00,2026-03-25 20:29:59.999000+00:00,1.0667,1.0676,1.0647,1.0654,300
2026-03-25 20:30:00+00:00,2026-03-25 20:34:59.999000+00:00,1.0652,1.06850392,1.06487633,1.06487633,300
2026-03-25 20:35:00+00:00,2026-03-25 20:39:59.999000+00:00,1.06484633,1.06755218,1.06442567,1.065,300
2026-03-25 20:40:00+00:00,2026-03-25 20:44:59.999000+00:00,1.0649,1.0660675,1.0636,1.0646,300
2026-03-25 20:45:00+00:00,2026-03-25 20:49:59.999000+00:00,1.0646,1.06642167,1.063684,1.0655,300
2026-03-25 20:50:00+00:00,2026-03-25 20:54:59.999000+00:00,1.0655,1.0658,1.0603,1.0615,300
2026-03-25 20:55:00+00:00,2026-03-25 20:59:59.999000+00:00,1.0615,1.06396567,1.0615,1.0627,300
2026-03-25 21:00:00+00:00,2026-03-25 21:04:59.999000+00:00,1.0627,1.06388733,1.06082033,1.06223129,300
2026-03-25 21:05:00+00:00,2026-03-25 21:09:59.999000+00:00,1.06223129,1.064905,1.06212275,1.0629,300
2026-03-25 21:10:00+00:00,2026-03-25 21:14:59.999000+00:00,1.0629,1.0644,1.0605,1.0642,300
2026-03-25 21:15:00+00:00,2026-03-25 21:19:59.999000+00:00,1.0642,1.0644,1.06062833,1.06156867,300
2026-03-25 21:20:00+00:00,2026-03-25 21:24:59.999000+00:00,1.0617,1.062,1.0564,1.058,300
2026-03-25 21:25:00+00:00,2026-03-25 21:29:59.999000+00:00,1.058,1.05892977,1.0564,1.057,300
2026-03-25 21:30:00+00:00,2026-03-25 21:34:59.999000+00:00,1.057,1.0574,1.0557,1.0573,300
2026-03-25 21:35:00+00:00,2026-03-25 21:39:59.999000+00:00,1.0573,1.06044767,1.0573,1.06044767,300
2026-03-25 21:40:00+00:00,2026-03-25 21:44:59.999000+00:00,1.06044767,1.06172358,1.0602,1.061,300
2026-03-25 21:45:00+00:00,2026-03-25 21:49:59.999000+00:00,1.0609,1.0614,1.0564,1.0567,300
2026-03-25 21:50:00+00:00,2026-03-25 21:54:59.999000+00:00,1.0567,1.06025567,1.0567,1.05783667,300
2026-03-25 21:55:00+00:00,2026-03-25 21:59:59.999000+00:00,1.05783667,1.05787283,1.0556,1.05620417,300
2026-03-25 22:00:00+00:00,2026-03-25 22:04:59.999000+00:00,1.05626942,1.05874751,1.05626942,1.0582,300
2026-03-25 22:05:00+00:00,2026-03-25 22:09:59.999000+00:00,1.0582,1.05829267,1.05635333,1.05829267,300
2026-03-25 22:10:00+00:00,2026-03-25 22:14:59.999000+00:00,1.05829267,1.05829267,1.0566,1.0569,300
2026-03-25 22:15:00+00:00,2026-03-25 22:19:59.999000+00:00,1.0569,1.0579,1.0559,1.0579,300
2026-03-25 22:20:00+00:00,2026-03-25 22:24:59.999000+00:00,1.058,1.05872517,1.0568,1.05696333,300
2026-03-25 22:25:00+00:00,2026-03-25 22:29:59.999000+00:00,1.05696333,1.0577,1.0562,1.0567,300
2026-03-25 22:30:00+00:00,2026-03-25 22:34:59.999000+00:00,1.0567,1.05936419,1.05533475,1.05898283,300
2026-03-25 22:35:00+00:00,2026-03-25 22:39:59.999000+00:00,1.05898283,1.0614,1.05812233,1.06046883,300
2026-03-25 22:40:00+00:00,2026-03-25 22:44:59.999000+00:00,1.06046883,1.0633,1.0591,1.062,300
2026-03-25 22:45:00+00:00,2026-03-25 22:49:59.999000+00:00,1.06193892,1.0623,1.0608,1.06145867,300
2026-03-25 22:50:00+00:00,2026-03-25 22:54:59.999000+00:00,1.06145867,1.06239569,1.06107308,1.0621,300
2026-03-25 22:55:00+00:00,2026-03-25 22:59:59.999000+00:00,1.0621,1.0626,1.0607,1.06100775,300
2026-03-25 23:00:00+00:00,2026-03-25 23:04:59.999000+00:00,1.06100775,1.06134108,1.0602,1.0606,300
2026-03-25 23:05:00+00:00,2026-03-25 23:09:59.999000+00:00,1.0606,1.0614,1.0589,1.05975,300
2026-03-25 23:10:00+00:00,2026-03-25 23:14:59.999000+00:00,1.05975,1.0611,1.05960448,1.059688,300
2026-03-25 23:15:00+00:00,2026-03-25 23:19:59.999000+00:00,1.0597,1.06026575,1.05849133,1.05985,300
2026-03-25 23:20:00+00:00,2026-03-25 23:24:59.999000+00:00,1.05985,1.06080075,1.0585,1.0589,300
2026-03-25 23:25:00+00:00,2026-03-25 23:29:59.999000+00:00,1.0589,1.0591,1.057,1.0574,300
2026-03-25 23:30:00+00:00,2026-03-25 23:34:59.999000+00:00,1.0574,1.0585,1.05692242,1.0583,300
2026-03-25 23:35:00+00:00,2026-03-25 23:39:59.999000+00:00,1.0583,1.0591,1.0557,1.05577897,300
2026-03-25 23:40:00+00:00,2026-03-25 23:44:59.999000+00:00,1.05577897,1.0558,1.0537,1.0541,300
2026-03-25 23:45:00+00:00,2026-03-25 23:49:59.999000+00:00,1.0542,1.0557,1.05361417,1.0550175,300
2026-03-25 23:50:00+00:00,2026-03-25 23:54:59.999000+00:00,1.0550175,1.05768217,1.0550175,1.0568,300
2026-03-25 23:55:00+00:00,2026-03-25 23:59:59.999000+00:00,1.0568,1.057371,1.05612092,1.0573,300
2026-03-26 00:00:00+00:00,2026-03-26 00:04:59.999000+00:00,1.0574,1.06317433,1.0571815,1.06149525,300
2026-03-26 00:05:00+00:00,2026-03-26 00:09:59.999000+00:00,1.06149525,1.06264654,1.06075817,1.0612,300
2026-03-26 00:10:00+00:00,2026-03-26 00:14:59.999000+00:00,1.0609,1.0623,1.0605,1.0615,300
2026-03-26 00:15:00+00:00,2026-03-26 00:19:59.999000+00:00,1.0615,1.063708,1.0605,1.06153817,300
2026-03-26 00:20:00+00:00,2026-03-26 00:24:59.999000+00:00,1.06153817,1.06153817,1.05973767,1.06020092,300
2026-03-26 00:25:00+00:00,2026-03-26 00:29:59.999000+00:00,1.06020092,1.06020092,1.05752917,1.05980998,300
2026-03-26 00:30:00+00:00,2026-03-26 00:34:59.999000+00:00,1.05980999,1.06081345,1.0576,1.05969442,300
2026-03-26 00:35:00+00:00,2026-03-26 00:39:59.999000+00:00,1.05969442,1.06201377,1.05969442,1.06127283,300
2026-03-26 00:40:00+00:00,2026-03-26 00:44:59.999000+00:00,1.06127283,1.06334,1.0609,1.06334,300
2026-03-26 00:45:00+00:00,2026-03-26 00:49:59.999000+00:00,1.06334,1.0652,1.0626,1.06351433,300
2026-03-26 00:50:00+00:00,2026-03-26 00:54:59.999000+00:00,1.06351433,1.06351433,1.059171,1.060613,300
2026-03-26 00:55:00+00:00,2026-03-26 00:59:59.999000+00:00,1.060613,1.06237967,1.059074,1.0618,300
2026-03-26 01:00:00+00:00,2026-03-26 01:04:59.999000+00:00,1.0618,1.0654,1.0617,1.06284134,300
2026-03-26 01:05:00+00:00,2026-03-26 01:09:59.999000+00:00,1.06284136,1.06390267,1.0621,1.0624,300
2026-03-26 01:10:00+00:00,2026-03-26 01:14:59.999000+00:00,1.0624,1.0659669,1.06023417,1.06549957,300
2026-03-26 01:15:00+00:00,2026-03-26 01:19:59.999000+00:00,1.06549957,1.0668,1.0642,1.0642,300
2026-03-26 01:20:00+00:00,2026-03-26 01:24:59.999000+00:00,1.0642,1.06481975,1.0627,1.0638205,300
2026-03-26 01:25:00+00:00,2026-03-26 01:29:59.999000+00:00,1.0638205,1.0647,1.0599,1.06224667,300
2026-03-26 01:30:00+00:00,2026-03-26 01:34:59.999000+00:00,1.06224667,1.06370975,1.06151433,1.06274802,300
2026-03-26 01:35:00+00:00,2026-03-26 01:39:59.999000+00:00,1.06274802,1.06340833,1.06251875,1.06298625,300
2026-03-26 01:40:00+00:00,2026-03-26 01:44:59.999000+00:00,1.06298625,1.06298625,1.05725508,1.05734842,300
2026-03-26 01:45:00+00:00,2026-03-26 01:49:59.999000+00:00,1.05734842,1.0583,1.0541,1.0546,300
2026-03-26 01:50:00+00:00,2026-03-26 01:54:59.999000+00:00,1.0545,1.0551,1.05369867,1.0548,300
2026-03-26 01:55:00+00:00,2026-03-26 01:59:59.999000+00:00,1.0551,1.05563704,1.0535,1.0538385,300
2026-03-26 02:00:00+00:00,2026-03-26 02:04:59.999000+00:00,1.0538385,1.054406,1.0527,1.053,300
2026-03-26 02:05:00+00:00,2026-03-26 02:09:59.999000+00:00,1.053,1.05371992,1.0491,1.0491,300
2026-03-26 02:10:00+00:00,2026-03-26 02:14:59.999000+00:00,1.0491,1.04974879,1.04828683,1.0489,300
2026-03-26 02:15:00+00:00,2026-03-26 02:19:59.999000+00:00,1.0489,1.049286,1.04546975,1.047836,300
2026-03-26 02:20:00+00:00,2026-03-26 02:24:59.999000+00:00,1.047836,1.0496,1.0476495,1.049549,300
2026-03-26 02:25:00+00:00,2026-03-26 02:29:59.999000+00:00,1.04959467,1.05106617,1.04855333,1.04864767,300
2026-03-26 02:30:00+00:00,2026-03-26 02:34:59.999000+00:00,1.04864767,1.04864767,1.0423,1.04580733,300
2026-03-26 02:35:00+00:00,2026-03-26 02:39:59.999000+00:00,1.04580733,1.04673417,1.0437,1.0437,300
2026-03-26 02:40:00+00:00,2026-03-26 02:44:59.999000+00:00,1.0437,1.04556158,1.0437,1.04556158,300
2026-03-26 02:45:00+00:00,2026-03-26 02:49:59.999000+00:00,1.04556158,1.0461958,1.0419,1.0432,300
2026-03-26 02:50:00+00:00,2026-03-26 02:54:59.999000+00:00,1.0432,1.04495764,1.0431,1.04470933,300
2026-03-26 02:55:00+00:00,2026-03-26 02:59:59.999000+00:00,1.04456836,1.04575333,1.0441,1.04454042,300
2026-03-26 03:00:00+00:00,2026-03-26 03:04:59.999000+00:00,1.04454042,1.04454042,1.0382,1.03821808,300
2026-03-26 03:05:00+00:00,2026-03-26 03:09:59.999000+00:00,1.0389,1.0395,1.03675592,1.03888375,300
2026-03-26 03:10:00+00:00,2026-03-26 03:14:59.999000+00:00,1.03888375,1.0394,1.03624258,1.0394,300
2026-03-26 03:15:00+00:00,2026-03-26 03:19:59.999000+00:00,1.0393,1.03968917,1.03801758,1.03816783,300
2026-03-26 03:20:00+00:00,2026-03-26 03:24:59.999000+00:00,1.03816783,1.03870733,1.0367,1.0374,300
2026-03-26 03:25:00+00:00,2026-03-26 03:29:59.999000+00:00,1.0373,1.0379,1.03657216,1.03730883,300
2026-03-26 03:30:00+00:00,2026-03-26 03:34:59.999000+00:00,1.03730883,1.0404,1.03730883,1.03861017,300
2026-03-26 03:35:00+00:00,2026-03-26 03:39:59.999000+00:00,1.03861017,1.0405,1.03853833,1.03998692,300
2026-03-26 03:40:00+00:00,2026-03-26 03:44:59.999000+00:00,1.03998692,1.03998692,1.0362,1.0363,300
2026-03-26 03:45:00+00:00,2026-03-26 03:49:59.999000+00:00,1.03603658,1.0369,1.03578675,1.0365,300
2026-03-26 03:50:00+00:00,2026-03-26 03:54:59.999000+00:00,1.0365,1.03841317,1.0358,1.03823667,300
2026-03-26 03:55:00+00:00,2026-03-26 03:59:59.999000+00:00,1.03823667,1.0387,1.037497,1.0387,300
2026-03-26 04:00:00+00:00,2026-03-26 04:04:59.999000+00:00,1.0387,1.04053302,1.0385,1.039,300
2026-03-26 04:05:00+00:00,2026-03-26 04:09:59.999000+00:00,1.039,1.0398,1.03816317,1.0388515,300
2026-03-26 04:10:00+00:00,2026-03-26 04:14:59.999000+00:00,1.0388515,1.0398,1.03845667,1.03905225,300
2026-03-26 04:15:00+00:00,2026-03-26 04:19:59.999000+00:00,1.03905225,1.03905225,1.0358,1.03716983,300
2026-03-26 04:20:00+00:00,2026-03-26 04:24:59.999000+00:00,1.03716983,1.0375,1.0369,1.03705267,300
2026-03-26 04:25:00+00:00,2026-03-26 04:29:59.999000+00:00,1.03705267,1.03991117,1.03703914,1.0394,300
2026-03-26 04:30:00+00:00,2026-03-26 04:34:59.999000+00:00,1.0393,1.04062442,1.0389,1.0391,300
2026-03-26 04:35:00+00:00,2026-03-26 04:39:59.999000+00:00,1.03948629,1.0402,1.03907845,1.03961642,300
2026-03-26 04:40:00+00:00,2026-03-26 04:44:59.999000+00:00,1.03961642,1.03961642,1.0382,1.03829417,300
2026-03-26 04:45:00+00:00,2026-03-26 04:49:59.999000+00:00,1.03829417,1.0393,1.0377,1.03905052,300
2026-03-26 04:50:00+00:00,2026-03-26 04:54:59.999000+00:00,1.03906552,1.03956533,1.0376,1.0376,300
2026-03-26 04:55:00+00:00,2026-03-26 04:59:59.999000+00:00,1.0376,1.0383175,1.03719117,1.037715,300
2026-03-26 05:00:00+00:00,2026-03-26 05:04:59.999000+00:00,1.037715,1.0396,1.0373,1.039,300
2026-03-26 05:05:00+00:00,2026-03-26 05:09:59.999000+00:00,1.039,1.03957167,1.0361,1.03957167,300
2026-03-26 05:10:00+00:00,2026-03-26 05:14:59.999000+00:00,1.03948167,1.04042633,1.03822069,1.0387,300
2026-03-26 05:15:00+00:00,2026-03-26 05:19:59.999000+00:00,1.0387,1.0401,1.03753908,1.0401,300
2026-03-26 05:20:00+00:00,2026-03-26 05:24:59.999000+00:00,1.040355,1.04412452,1.040355,1.0417,300
2026-03-26 05:25:00+00:00,2026-03-26 05:29:59.999000+00:00,1.0417,1.0417,1.039,1.0398,300
2026-03-26 05:30:00+00:00,2026-03-26 05:34:59.999000+00:00,1.0398,1.04091832,1.0388,1.0388,300
2026-03-26 05:35:00+00:00,2026-03-26 05:39:59.999000+00:00,1.0388,1.0389,1.0359,1.0377,300
2026-03-26 05:40:00+00:00,2026-03-26 05:44:59.999000+00:00,1.03741333,1.0376,1.0342,1.0347,300
2026-03-26 05:45:00+00:00,2026-03-26 05:49:59.999000+00:00,1.0347,1.03668528,1.0341,1.03668528,300
2026-03-26 05:50:00+00:00,2026-03-26 05:54:59.999000+00:00,1.03667683,1.03667683,1.03242642,1.03246345,300
2026-03-26 05:55:00+00:00,2026-03-26 05:59:59.999000+00:00,1.03246345,1.0326,1.0301,1.0315515,300
2026-03-26 06:00:00+00:00,2026-03-26 06:04:59.999000+00:00,1.0315515,1.0325,1.02992375,1.03232942,300
2026-03-26 06:05:00+00:00,2026-03-26 06:09:59.999000+00:00,1.03232942,1.03425,1.03150933,1.03425,300
2026-03-26 06:10:00+00:00,2026-03-26 06:14:59.999000+00:00,1.03425,1.0357,1.0323,1.0357,300
2026-03-26 06:15:00+00:00,2026-03-26 06:19:59.999000+00:00,1.03578569,1.03586069,1.0336,1.03486042,300
2026-03-26 06:20:00+00:00,2026-03-26 06:24:59.999000+00:00,1.03486042,1.03493617,1.0301,1.0301,300
2026-03-26 06:25:00+00:00,2026-03-26 06:29:59.999000+00:00,1.03010583,1.03010583,1.0275,1.02881725,300
2026-03-26 06:30:00+00:00,2026-03-26 06:34:59.999000+00:00,1.02883225,1.02945642,1.02751633,1.0278,300
2026-03-26 06:35:00+00:00,2026-03-26 06:39:59.999000+00:00,1.0278,1.02825858,1.0261,1.0271,300
2026-03-26 06:40:00+00:00,2026-03-26 06:44:59.999000+00:00,1.0272,1.028341,1.0261,1.0263,300
2026-03-26 06:45:00+00:00,2026-03-26 06:49:59.999000+00:00,1.0263,1.0275644,1.0261,1.02714713,300
2026-03-26 06:50:00+00:00,2026-03-26 06:54:59.999000+00:00,1.0272,1.02735125,1.0251,1.026,300
2026-03-26 06:55:00+00:00,2026-03-26 06:59:59.999000+00:00,1.026,1.02839367,1.026,1.02766017,300
2026-03-26 07:00:00+00:00,2026-03-26 07:04:59.999000+00:00,1.02766017,1.032631,1.0272,1.03127533,300
2026-03-26 07:05:00+00:00,2026-03-26 07:09:59.999000+00:00,1.03117433,1.03117433,1.0299,1.0308,300
2026-03-26 07:10:00+00:00,2026-03-26 07:14:59.999000+00:00,1.0308,1.031263,1.02855275,1.02865367,300
2026-03-26 07:15:00+00:00,2026-03-26 07:19:59.999000+00:00,1.02865367,1.0306,1.028,1.030317,300
2026-03-26 07:20:00+00:00,2026-03-26 07:24:59.999000+00:00,1.030317,1.030317,1.0285325,1.0294115,300
2026-03-26 07:25:00+00:00,2026-03-26 07:29:59.999000+00:00,1.0294115,1.03026683,1.027901,1.0294,300
2026-03-26 07:30:00+00:00,2026-03-26 07:34:59.999000+00:00,1.0294,1.03,1.0282725,1.029046,300
2026-03-26 07:35:00+00:00,2026-03-26 07:39:59.999000+00:00,1.029046,1.0296,1.0273,1.029488,300
2026-03-26 07:40:00+00:00,2026-03-26 07:44:59.999000+00:00,1.029488,1.0307,1.02917567,1.02917567,300
2026-03-26 07:45:00+00:00,2026-03-26 07:49:59.999000+00:00,1.02910067,1.0294,1.0286,1.0293,300
2026-03-26 07:50:00+00:00,2026-03-26 07:54:59.999000+00:00,1.0293,1.03187842,1.0284,1.03152552,300
2026-03-26 07:55:00+00:00,2026-03-26 07:59:59.999000+00:00,1.0316,1.03251,1.0312,1.03149925,300
2026-03-26 08:00:00+00:00,2026-03-26 08:04:59.999000+00:00,1.03149925,1.03220716,1.03,1.0317,300
2026-03-26 08:05:00+00:00,2026-03-26 08:09:59.999000+00:00,1.0314,1.0328,1.0304,1.0306,300
2026-03-26 08:10:00+00:00,2026-03-26 08:14:59.999000+00:00,1.0306,1.0316,1.02982417,1.03059,300
2026-03-26 08:15:00+00:00,2026-03-26 08:19:59.999000+00:00,1.03056667,1.03116724,1.0286,1.0291,300
2026-03-26 08:20:00+00:00,2026-03-26 08:24:59.999000+00:00,1.0291,1.03027458,1.0284,1.0302,300
2026-03-26 08:25:00+00:00,2026-03-26 08:29:59.999000+00:00,1.0302,1.0302,1.02628075,1.0264,300
2026-03-26 08:30:00+00:00,2026-03-26 08:34:59.999000+00:00,1.0264,1.03172967,1.0263,1.0316,300
2026-03-26 08:35:00+00:00,2026-03-26 08:39:59.999000+00:00,1.0316,1.035621,1.0302,1.0302,300
2026-03-26 08:40:00+00:00,2026-03-26 08:44:59.999000+00:00,1.0302,1.0323,1.03,1.03070692,300
2026-03-26 08:45:00+00:00,2026-03-26 08:49:59.999000+00:00,1.03075392,1.03340492,1.0289,1.0303,300
2026-03-26 08:50:00+00:00,2026-03-26 08:54:59.999000+00:00,1.0302,1.0309,1.0293,1.02975183,300
2026-03-26 08:55:00+00:00,2026-03-26 08:59:59.999000+00:00,1.02975183,1.03090317,1.0295,1.0297555,300
2026-03-26 09:00:00+00:00,2026-03-26 09:04:59.999000+00:00,1.0297555,1.03,1.0283155,1.0298,300
2026-03-26 09:05:00+00:00,2026-03-26 09:09:59.999000+00:00,1.0298,1.03217917,1.0292,1.0313,300
2026-03-26 09:10:00+00:00,2026-03-26 09:14:59.999000+00:00,1.031,1.03259208,1.03054533,1.0317,300
2026-03-26 09:15:00+00:00,2026-03-26 09:19:59.999000+00:00,1.0317,1.03211667,1.03072592,1.03209467,300
2026-03-26 09:20:00+00:00,2026-03-26 09:24:59.999000+00:00,1.03209467,1.032372,1.03164533,1.0321,300
2026-03-26 09:25:00+00:00,2026-03-26 09:29:59.999000+00:00,1.0321,1.0351745,1.03183,1.0350425,300
2026-03-26 09:30:00+00:00,2026-03-26 09:34:59.999000+00:00,1.03490833,1.0351,1.0259,1.0281,300
2026-03-26 09:35:00+00:00,2026-03-26 09:39:59.999000+00:00,1.0285,1.03244382,1.0276,1.02940375,300
2026-03-26 09:40:00+00:00,2026-03-26 09:44:59.999000+00:00,1.02940375,1.031,1.02838,1.0293,300
2026-03-26 09:45:00+00:00,2026-03-26 09:49:59.999000+00:00,1.02917842,1.0307585,1.0285,1.0291,300
2026-03-26 09:50:00+00:00,2026-03-26 09:54:59.999000+00:00,1.0291,1.02989533,1.0281,1.0294,300
2026-03-26 09:55:00+00:00,2026-03-26 09:59:59.999000+00:00,1.0294,1.03128683,1.0292,1.03061717,300
2026-03-26 10:00:00+00:00,2026-03-26 10:04:59.999000+00:00,1.03061717,1.03307595,1.02996625,1.0310035,300
2026-03-26 10:05:00+00:00,2026-03-26 10:09:59.999000+00:00,1.0310035,1.0310035,1.02622583,1.0267,300
2026-03-26 10:10:00+00:00,2026-03-26 10:14:59.999000+00:00,1.0268,1.028175,1.0263805,1.0267,300
2026-03-26 10:15:00+00:00,2026-03-26 10:19:59.999000+00:00,1.0267,1.0296,1.0264635,1.02914592,300
2026-03-26 10:20:00+00:00,2026-03-26 10:24:59.999000+00:00,1.0288,1.0289,1.0251885,1.0265,300
2026-03-26 10:25:00+00:00,2026-03-26 10:29:59.999000+00:00,1.0265,1.02786159,1.0264195,1.02753034,300
2026-03-26 10:30:00+00:00,2026-03-26 10:34:59.999000+00:00,1.02753034,1.0287,1.02600167,1.02859775,300
2026-03-26 10:35:00+00:00,2026-03-26 10:39:59.999000+00:00,1.02859775,1.0292,1.0278,1.02826367,300
2026-03-26 10:40:00+00:00,2026-03-26 10:44:59.999000+00:00,1.02826367,1.02930474,1.02797966,1.0283,300
2026-03-26 10:45:00+00:00,2026-03-26 10:49:59.999000+00:00,1.0287,1.0296,1.02711067,1.02711067,300
2026-03-26 10:50:00+00:00,2026-03-26 10:54:59.999000+00:00,1.02711067,1.0292,1.02708067,1.0279,300
2026-03-26 10:55:00+00:00,2026-03-26 10:59:59.999000+00:00,1.0279,1.0282,1.0269,1.027,300
2026-03-26 11:00:00+00:00,2026-03-26 11:04:59.999000+00:00,1.027,1.0288,1.027,1.028361,300
2026-03-26 11:05:00+00:00,2026-03-26 11:09:59.999000+00:00,1.028361,1.0312785,1.0282,1.03124217,300
2026-03-26 11:10:00+00:00,2026-03-26 11:14:59.999000+00:00,1.03124217,1.03124217,1.028,1.030043,300
2026-03-26 11:15:00+00:00,2026-03-26 11:19:59.999000+00:00,1.030043,1.030043,1.0286,1.0297,300
2026-03-26 11:20:00+00:00,2026-03-26 11:24:59.999000+00:00,1.0297,1.03006577,1.02765833,1.02765833,300
2026-03-26 11:25:00+00:00,2026-03-26 11:29:59.999000+00:00,1.02765833,1.0283,1.0261,1.0275,300
2026-03-26 11:30:00+00:00,2026-03-26 11:34:59.999000+00:00,1.0275,1.03063,1.02726883,1.0303,300
2026-03-26 11:35:00+00:00,2026-03-26 11:39:59.999000+00:00,1.0303,1.03301113,1.0303,1.033,300
2026-03-26 11:40:00+00:00,2026-03-26 11:44:59.999000+00:00,1.03301114,1.03362366,1.0305,1.0305,300
2026-03-26 11:45:00+00:00,2026-03-26 11:49:59.999000+00:00,1.0305,1.0322,1.02986567,1.0316,300
2026-03-26 11:50:00+00:00,2026-03-26 11:54:59.999000+00:00,1.0315,1.03293987,1.0311,1.0313,300
2026-03-26 11:55:00+00:00,2026-03-26 11:59:59.999000+00:00,1.0313,1.0313,1.02871333,1.0294,300
2026-03-26 12:00:00+00:00,2026-03-26 12:04:59.999000+00:00,1.0294,1.0294,1.0267,1.0267,300
2026-03-26 12:05:00+00:00,2026-03-26 12:09:59.999000+00:00,1.0267,1.0276,1.02518225,1.0263265,300
2026-03-26 12:10:00+00:00,2026-03-26 12:14:59.999000+00:00,1.0263265,1.03014742,1.02631258,1.02983378,300
2026-03-26 12:15:00+00:00,2026-03-26 12:19:59.999000+00:00,1.02993877,1.03351258,1.02993877,1.0326,300
2026-03-26 12:20:00+00:00,2026-03-26 12:24:59.999000+00:00,1.0326,1.0353,1.0324,1.0336,300
2026-03-26 12:25:00+00:00,2026-03-26 12:29:59.999000+00:00,1.0336,1.03474633,1.0336,1.0337,300
2026-03-26 12:30:00+00:00,2026-03-26 12:34:59.999000+00:00,1.0336,1.03515871,1.0315,1.0315,300
2026-03-26 12:35:00+00:00,2026-03-26 12:39:59.999000+00:00,1.0315,1.03176392,1.0281445,1.0291735,300
2026-03-26 12:40:00+00:00,2026-03-26 12:44:59.999000+00:00,1.0291735,1.02989186,1.0287,1.02942483,300
2026-03-26 12:45:00+00:00,2026-03-26 12:49:59.999000+00:00,1.02942483,1.03124867,1.02942483,1.03083692,300
2026-03-26 12:50:00+00:00,2026-03-26 12:54:59.999000+00:00,1.03083692,1.0322,1.0298,1.03217367,300
2026-03-26 12:55:00+00:00,2026-03-26 12:59:59.999000+00:00,1.03217367,1.03284183,1.03132931,1.03132931,300
2026-03-26 13:00:00+00:00,2026-03-26 13:04:59.999000+00:00,1.03132931,1.03563979,1.0313,1.03560117,300
2026-03-26 13:05:00+00:00,2026-03-26 13:09:59.999000+00:00,1.036,1.0368,1.0325305,1.0327,300
2026-03-26 13:10:00+00:00,2026-03-26 13:14:59.999000+00:00,1.0326,1.03911015,1.032,1.038516,300
2026-03-26 13:15:00+00:00,2026-03-26 13:19:59.999000+00:00,1.03842283,1.04338672,1.03833033,1.0411,300
2026-03-26 13:20:00+00:00,2026-03-26 13:24:59.999000+00:00,1.041,1.04208092,1.0377,1.0377,300
2026-03-26 13:25:00+00:00,2026-03-26 13:29:59.999000+00:00,1.0377,1.0377,1.036,1.0366431,300
2026-03-26 13:30:00+00:00,2026-03-26 13:34:59.999000+00:00,1.0366431,1.0387,1.036,1.036553,300
2026-03-26 13:35:00+00:00,2026-03-26 13:39:59.999000+00:00,1.036553,1.03960234,1.03546724,1.03935408,300
2026-03-26 13:40:00+00:00,2026-03-26 13:44:59.999000+00:00,1.03935408,1.0418,1.0371,1.0418,300
2026-03-26 13:45:00+00:00,2026-03-26 13:49:59.999000+00:00,1.0418,1.0523,1.0418,1.0505,300
2026-03-26 13:50:00+00:00,2026-03-26 13:54:59.999000+00:00,1.0504,1.05741833,1.049681,1.0553,300
2026-03-26 13:55:00+00:00,2026-03-26 13:59:59.999000+00:00,1.0552,1.05635871,1.0501,1.05271026,300
2026-03-26 14:00:00+00:00,2026-03-26 14:04:59.999000+00:00,1.0526,1.05691819,1.05155592,1.053,300
2026-03-26 14:05:00+00:00,2026-03-26 14:09:59.999000+00:00,1.0524,1.05395733,1.047,1.047588,300
2026-03-26 14:10:00+00:00,2026-03-26 14:14:59.999000+00:00,1.047588,1.04839117,1.04503069,1.0456,300
2026-03-26 14:15:00+00:00,2026-03-26 14:19:59.999000+00:00,1.0456,1.0478,1.042346,1.042346,300
2026-03-26 14:20:00+00:00,2026-03-26 14:24:59.999000+00:00,1.042301,1.042301,1.0376,1.04087198,300
2026-03-26 14:25:00+00:00,2026-03-26 14:29:59.999000+00:00,1.04081075,1.0416005,1.0377,1.0388,300
2026-03-26 14:30:00+00:00,2026-03-26 14:34:59.999000+00:00,1.0388,1.04264342,1.03735992,1.04264342,300
2026-03-26 14:35:00+00:00,2026-03-26 14:39:59.999000+00:00,1.04264342,1.04525417,1.04132258,1.0447455,300
2026-03-26 14:40:00+00:00,2026-03-26 14:44:59.999000+00:00,1.04449908,1.04620328,1.04212793,1.0434,300
2026-03-26 14:45:00+00:00,2026-03-26 14:49:59.999000+00:00,1.0434,1.04526508,1.04247633,1.0427,300
2026-03-26 14:50:00+00:00,2026-03-26 14:54:59.999000+00:00,1.0427,1.0439,1.0412,1.0415,300
2026-03-26 14:55:00+00:00,2026-03-26 14:59:59.999000+00:00,1.0415,1.04839242,1.04107353,1.0447,300
2026-03-26 15:00:00+00:00,2026-03-26 15:04:59.999000+00:00,1.0447,1.0449,1.03989683,1.04056083,300
2026-03-26 15:05:00+00:00,2026-03-26 15:09:59.999000+00:00,1.04056083,1.0407,1.0352,1.03606216,300
2026-03-26 15:10:00+00:00,2026-03-26 15:14:59.999000+00:00,1.03609284,1.03609284,1.031751,1.0318485,300
2026-03-26 15:15:00+00:00,2026-03-26 15:19:59.999000+00:00,1.0318485,1.035,1.03,1.0333,300
2026-03-26 15:20:00+00:00,2026-03-26 15:24:59.999000+00:00,1.0333,1.03453917,1.0301855,1.03098442,300
2026-03-26 15:25:00+00:00,2026-03-26 15:29:59.999000+00:00,1.03098442,1.0332,1.03098442,1.0315,300
2026-03-26 15:30:00+00:00,2026-03-26 15:34:59.999000+00:00,1.0315,1.0322,1.02979792,1.03014417,300
2026-03-26 15:35:00+00:00,2026-03-26 15:39:59.999000+00:00,1.0301075,1.0319,1.0298,1.0319,300
2026-03-26 15:40:00+00:00,2026-03-26 15:44:59.999000+00:00,1.0319,1.0328195,1.03002492,1.031298,300
2026-03-26 15:45:00+00:00,2026-03-26 15:49:59.999000+00:00,1.0313,1.0327,1.03,1.0325,300
2026-03-26 15:50:00+00:00,2026-03-26 15:54:59.999000+00:00,1.03241867,1.03278925,1.03014716,1.0309,300
2026-03-26 15:55:00+00:00,2026-03-26 15:59:59.999000+00:00,1.0309,1.0345,1.03050717,1.0345,300
2026-03-26 16:00:00+00:00,2026-03-26 16:04:59.999000+00:00,1.0345,1.03606208,1.03335667,1.03503708,300
2026-03-26 16:05:00+00:00,2026-03-26 16:09:59.999000+00:00,1.03502208,1.0354,1.03435242,1.0352,300
2026-03-26 16:10:00+00:00,2026-03-26 16:14:59.999000+00:00,1.0352,1.0361,1.03377078,1.034,300
2026-03-26 16:15:00+00:00,2026-03-26 16:19:59.999000+00:00,1.0339,1.0386,1.0332,1.03833192,300
2026-03-26 16:20:00+00:00,2026-03-26 16:24:59.999000+00:00,1.03836192,1.0389,1.0351,1.0355,300
2026-03-26 16:25:00+00:00,2026-03-26 16:29:59.999000+00:00,1.0355,1.0357,1.03,1.0305,300
2026-03-26 16:30:00+00:00,2026-03-26 16:34:59.999000+00:00,1.0305,1.03317037,1.03,1.03317037,300
2026-03-26 16:35:00+00:00,2026-03-26 16:39:59.999000+00:00,1.03317037,1.0347462,1.03223842,1.03424033,300
2026-03-26 16:40:00+00:00,2026-03-26 16:44:59.999000+00:00,1.0343,1.03598042,1.0331,1.03531667,300
2026-03-26 16:45:00+00:00,2026-03-26 16:49:59.999000+00:00,1.03531667,1.0355,1.03178667,1.0336,300
2026-03-26 16:50:00+00:00,2026-03-26 16:54:59.999000+00:00,1.0336,1.03428712,1.0304,1.0337,300
2026-03-26 16:55:00+00:00,2026-03-26 16:59:59.999000+00:00,1.0337,1.03438167,1.0333,1.0339,300
2026-03-26 17:00:00+00:00,2026-03-26 17:04:59.999000+00:00,1.03400589,1.037,1.03400589,1.0361,300
2026-03-26 17:05:00+00:00,2026-03-26 17:09:59.999000+00:00,1.0361,1.03807617,1.0359,1.03756336,300
2026-03-26 17:10:00+00:00,2026-03-26 17:14:59.999000+00:00,1.03756336,1.03793608,1.0348,1.03668583,300
2026-03-26 17:15:00+00:00,2026-03-26 17:19:59.999000+00:00,1.03668583,1.03871293,1.0362,1.03774142,300
2026-03-26 17:20:00+00:00,2026-03-26 17:24:59.999000+00:00,1.03774142,1.0381,1.03324017,1.0338,300
2026-03-26 17:25:00+00:00,2026-03-26 17:29:59.999000+00:00,1.0337,1.03440567,1.033,1.0344,300
2026-03-26 17:30:00+00:00,2026-03-26 17:34:59.999000+00:00,1.0344,1.03589597,1.03327233,1.035,300
2026-03-26 17:35:00+00:00,2026-03-26 17:39:59.999000+00:00,1.035,1.036,1.0348,1.03531675,300
2026-03-26 17:40:00+00:00,2026-03-26 17:44:59.999000+00:00,1.03531675,1.03637617,1.03439966,1.0360306,300
2026-03-26 17:45:00+00:00,2026-03-26 17:49:59.999000+00:00,1.03601542,1.0361,1.031,1.03174775,300
2026-03-26 17:50:00+00:00,2026-03-26 17:54:59.999000+00:00,1.03174775,1.032936,1.031,1.03205233,300
2026-03-26 17:55:00+00:00,2026-03-26 17:59:59.999000+00:00,1.03205233,1.03205233,1.0276,1.0307,300
2026-03-26 18:00:00+00:00,2026-03-26 18:04:59.999000+00:00,1.0307,1.0329,1.02967892,1.0301,300
2026-03-26 18:05:00+00:00,2026-03-26 18:09:59.999000+00:00,1.0302,1.032,1.0295,1.0301145,300
2026-03-26 18:10:00+00:00,2026-03-26 18:14:59.999000+00:00,1.03006667,1.03223233,1.0295,1.03082733,300
2026-03-26 18:15:00+00:00,2026-03-26 18:19:59.999000+00:00,1.03060233,1.03113092,1.0282,1.03036967,300
2026-03-26 18:20:00+00:00,2026-03-26 18:24:59.999000+00:00,1.03036967,1.033,1.0294,1.0308,300
2026-03-26 18:25:00+00:00,2026-03-26 18:29:59.999000+00:00,1.0307,1.0308,1.02926379,1.02927283,300
2026-03-26 18:30:00+00:00,2026-03-26 18:34:59.999000+00:00,1.02919783,1.0306095,1.02694333,1.0279,300
2026-03-26 18:35:00+00:00,2026-03-26 18:39:59.999000+00:00,1.0281,1.03049692,1.02779608,1.0302,300
2026-03-26 18:40:00+00:00,2026-03-26 18:44:59.999000+00:00,1.0302,1.030592,1.02957292,1.03043358,300
2026-03-26 18:45:00+00:00,2026-03-26 18:49:59.999000+00:00,1.03038858,1.03141875,1.0299,1.02992717,300
2026-03-26 18:50:00+00:00,2026-03-26 18:54:59.999000+00:00,1.02992717,1.03112389,1.02976,1.0303,300
2026-03-26 18:55:00+00:00,2026-03-26 18:59:59.999000+00:00,1.0303,1.03077933,1.0279,1.029,300
2026-03-26 19:00:00+00:00,2026-03-26 19:04:59.999000+00:00,1.029,1.03028606,1.02872621,1.02872621,300
2026-03-26 19:05:00+00:00,2026-03-26 19:09:59.999000+00:00,1.02872621,1.02872621,1.0266665,1.0277,300
2026-03-26 19:10:00+00:00,2026-03-26 19:14:59.999000+00:00,1.0277,1.0289425,1.0272,1.02804914,300
2026-03-26 19:15:00+00:00,2026-03-26 19:19:59.999000+00:00,1.0280469,1.0305,1.02803,1.02874267,300
2026-03-26 19:20:00+00:00,2026-03-26 19:24:59.999000+00:00,1.0287,1.031,1.0287,1.02975,300
2026-03-26 19:25:00+00:00,2026-03-26 19:29:59.999000+00:00,1.02975,1.03022917,1.0281,1.0281,300
2026-03-26 19:30:00+00:00,2026-03-26 19:34:59.999000+00:00,1.0281,1.0301,1.0281,1.02949138,300
2026-03-26 19:35:00+00:00,2026-03-26 19:39:59.999000+00:00,1.02949138,1.03098628,1.0286285,1.0296,300
2026-03-26 19:40:00+00:00,2026-03-26 19:44:59.999000+00:00,1.0296,1.03105,1.0293585,1.03049917,300
2026-03-26 19:45:00+00:00,2026-03-26 19:49:59.999000+00:00,1.03049917,1.03230333,1.02982292,1.0316,300
2026-03-26 19:50:00+00:00,2026-03-26 19:54:59.999000+00:00,1.0316,1.03170417,1.0301,1.0302,300
2026-03-26 19:55:00+00:00,2026-03-26 19:59:59.999000+00:00,1.0302,1.030712,1.0291,1.0296,300
2026-03-26 20:00:00+00:00,2026-03-26 20:04:59.999000+00:00,1.0295,1.0305,1.02571142,1.02662333,300
2026-03-26 20:05:00+00:00,2026-03-26 20:09:59.999000+00:00,1.02662333,1.02662333,1.0166,1.02203592,300
2026-03-26 20:10:00+00:00,2026-03-26 20:14:59.999000+00:00,1.02203592,1.03987925,1.02112558,1.0374,300
2026-03-26 20:15:00+00:00,2026-03-26 20:19:59.999000+00:00,1.03746442,1.0382,1.0348,1.0361,300
2026-03-26 20:20:00+00:00,2026-03-26 20:24:59.999000+00:00,1.0362,1.0374,1.03412567,1.037,300
2026-03-26 20:25:00+00:00,2026-03-26 20:29:59.999000+00:00,1.0369,1.0369,1.0312,1.0322135,300
2026-03-26 20:30:00+00:00,2026-03-26 20:34:59.999000+00:00,1.0324,1.03736133,1.0324,1.035,300
2026-03-26 20:35:00+00:00,2026-03-26 20:39:59.999000+00:00,1.035,1.03820517,1.035,1.0381,300
2026-03-26 20:40:00+00:00,2026-03-26 20:44:59.999000+00:00,1.0381,1.03815647,1.0357,1.0369,300
2026-03-26 20:45:00+00:00,2026-03-26 20:49:59.999000+00:00,1.0369,1.03753078,1.0345585,1.0345585,300
2026-03-26 20:50:00+00:00,2026-03-26 20:54:59.999000+00:00,1.0345585,1.0345585,1.0295,1.0302,300
2026-03-26 20:55:00+00:00,2026-03-26 20:59:59.999000+00:00,1.0302,1.03166828,1.0295,1.031102,300
2026-03-26 21:00:00+00:00,2026-03-26 21:04:59.999000+00:00,1.031102,1.03111567,1.0296,1.0303,300
2026-03-26 21:05:00+00:00,2026-03-26 21:09:59.999000+00:00,1.0303,1.03063293,1.029,1.02974442,300
2026-03-26 21:10:00+00:00,2026-03-26 21:14:59.999000+00:00,1.02974442,1.0324,1.028833,1.03226733,300
2026-03-26 21:15:00+00:00,2026-03-26 21:19:59.999000+00:00,1.03224133,1.03463058,1.0322,1.03460708,300
2026-03-26 21:20:00+00:00,2026-03-26 21:24:59.999000+00:00,1.03460708,1.0425,1.03460708,1.0412,300
2026-03-26 21:25:00+00:00,2026-03-26 21:29:59.999000+00:00,1.0412,1.04213642,1.03987724,1.04143433,300
2026-03-26 21:30:00+00:00,2026-03-26 21:34:59.999000+00:00,1.04143433,1.04225217,1.03961267,1.04116897,300
2026-03-26 21:35:00+00:00,2026-03-26 21:39:59.999000+00:00,1.0417,1.04288067,1.04065569,1.04065569,300
2026-03-26 21:40:00+00:00,2026-03-26 21:44:59.999000+00:00,1.04065569,1.0417,1.0392,1.03960333,300
2026-03-26 21:45:00+00:00,2026-03-26 21:49:59.999000+00:00,1.03951958,1.03951958,1.03733233,1.03884466,300
2026-03-26 21:50:00+00:00,2026-03-26 21:54:59.999000+00:00,1.03879767,1.03983383,1.0363805,1.0376,300
2026-03-26 21:55:00+00:00,2026-03-26 21:59:59.999000+00:00,1.0378,1.03871167,1.0369,1.03710733,300
2026-03-26 22:00:00+00:00,2026-03-26 22:04:59.999000+00:00,1.03710733,1.03891275,1.03684293,1.03703008,300
2026-03-26 22:05:00+00:00,2026-03-26 22:09:59.999000+00:00,1.037,1.03950983,1.03638742,1.037,300
2026-03-26 22:10:00+00:00,2026-03-26 22:14:59.999000+00:00,1.037,1.03971033,1.0368,1.0377,300
2026-03-26 22:15:00+00:00,2026-03-26 22:19:59.999000+00:00,1.0377,1.0386,1.036702,1.036702,300
2026-03-26 22:20:00+00:00,2026-03-26 22:24:59.999000+00:00,1.036702,1.0368,1.032,1.0335,300
2026-03-26 22:25:00+00:00,2026-03-26 22:29:59.999000+00:00,1.0335,1.0355,1.03202367,1.0349,300
2026-03-26 22:30:00+00:00,2026-03-26 22:34:59.999000+00:00,1.0349,1.0368675,1.03440317,1.03635675,300
2026-03-26 22:35:00+00:00,2026-03-26 22:39:59.999000+00:00,1.03638009,1.03641009,1.0345,1.0355,300
2026-03-26 22:40:00+00:00,2026-03-26 22:44:59.999000+00:00,1.0356,1.037656,1.0356,1.037,300
2026-03-26 22:45:00+00:00,2026-03-26 22:49:59.999000+00:00,1.0371,1.03922067,1.03690833,1.0391,300
2026-03-26 22:50:00+00:00,2026-03-26 22:54:59.999000+00:00,1.03918174,1.03988434,1.03866,1.039,300
2026-03-26 22:55:00+00:00,2026-03-26 22:59:59.999000+00:00,1.039,1.039,1.03762683,1.03785833,300
2026-03-26 23:00:00+00:00,2026-03-26 23:04:59.999000+00:00,1.03785833,1.0389,1.03619392,1.03661367,300
2026-03-26 23:05:00+00:00,2026-03-26 23:09:59.999000+00:00,1.03661367,1.037336,1.03580683,1.036411,300
2026-03-26 23:10:00+00:00,2026-03-26 23:14:59.999000+00:00,1.036411,1.036411,1.0347,1.03530225,300
2026-03-26 23:15:00+00:00,2026-03-26 23:19:59.999000+00:00,1.03530225,1.0364,1.03515217,1.036,300
2026-03-26 23:20:00+00:00,2026-03-26 23:24:59.999000+00:00,1.036,1.03660417,1.0346,1.0347,300
2026-03-26 23:25:00+00:00,2026-03-26 23:29:59.999000+00:00,1.0347,1.035,1.033,1.035,300
2026-03-26 23:30:00+00:00,2026-03-26 23:34:59.999000+00:00,1.035,1.03513417,1.03259017,1.0326,300
2026-03-26 23:35:00+00:00,2026-03-26 23:39:59.999000+00:00,1.0326,1.0337,1.03218492,1.0326515,300
2026-03-26 23:40:00+00:00,2026-03-26 23:44:59.999000+00:00,1.0326515,1.03368776,1.0325,1.03356275,300
2026-03-26 23:45:00+00:00,2026-03-26 23:49:59.999000+00:00,1.03356275,1.03562425,1.03356275,1.03560642,300
2026-03-26 23:50:00+00:00,2026-03-26 23:54:59.999000+00:00,1.03554042,1.03554042,1.03432083,1.0348,300
2026-03-26 23:55:00+00:00,2026-03-26 23:59:59.999000+00:00,1.0348,1.0348,1.03312,1.03312,300
2026-03-27 00:00:00+00:00,2026-03-27 00:04:59.999000+00:00,1.03312,1.036746,1.0322,1.036746,300
2026-03-27 00:05:00+00:00,2026-03-27 00:09:59.999000+00:00,1.03657629,1.03770817,1.036,1.03749333,300
2026-03-27 00:10:00+00:00,2026-03-27 00:14:59.999000+00:00,1.03749333,1.03825258,1.033,1.0331,300
2026-03-27 00:15:00+00:00,2026-03-27 00:19:59.999000+00:00,1.0331,1.03323659,1.0293,1.0293,300
2026-03-27 00:20:00+00:00,2026-03-27 00:24:59.999000+00:00,1.0294,1.0322,1.0283465,1.03180167,300
2026-03-27 00:25:00+00:00,2026-03-27 00:29:59.999000+00:00,1.03184233,1.03184233,1.0305035,1.0305035,300
2026-03-27 00:30:00+00:00,2026-03-27 00:34:59.999000+00:00,1.0305035,1.03097998,1.0294,1.03081367,300
2026-03-27 00:35:00+00:00,2026-03-27 00:39:59.999000+00:00,1.03081367,1.03118983,1.0272,1.0272,300
2026-03-27 00:40:00+00:00,2026-03-27 00:44:59.999000+00:00,1.0272,1.03020517,1.0272,1.027704,300
2026-03-27 00:45:00+00:00,2026-03-27 00:49:59.999000+00:00,1.027704,1.0281939,1.0261,1.0268,300
2026-03-27 00:50:00+00:00,2026-03-27 00:54:59.999000+00:00,1.0268,1.02921793,1.0268,1.0281,300
2026-03-27 00:55:00+00:00,2026-03-27 00:59:59.999000+00:00,1.0281,1.0298,1.0276445,1.0284835,300
2026-03-27 01:00:00+00:00,2026-03-27 01:04:59.999000+00:00,1.0285,1.02989052,1.0270055,1.0270055,300
2026-03-27 01:05:00+00:00,2026-03-27 01:09:59.999000+00:00,1.0270055,1.02768161,1.0257,1.02768161,300
2026-03-27 01:10:00+00:00,2026-03-27 01:14:59.999000+00:00,1.02768161,1.0288,1.02698867,1.02877512,300
2026-03-27 01:15:00+00:00,2026-03-27 01:19:59.999000+00:00,1.02877512,1.0301,1.02801733,1.0289665,300
2026-03-27 01:20:00+00:00,2026-03-27 01:24:59.999000+00:00,1.02905317,1.0301,1.0282,1.02999723,300
2026-03-27 01:25:00+00:00,2026-03-27 01:29:59.999000+00:00,1.02999724,1.0305,1.02927983,1.03034,300
2026-03-27 01:30:00+00:00,2026-03-27 01:34:59.999000+00:00,1.0304,1.03116875,1.02977759,1.0306,300
2026-03-27 01:35:00+00:00,2026-03-27 01:39:59.999000+00:00,1.0306,1.03331083,1.0306,1.0311,300
2026-03-27 01:40:00+00:00,2026-03-27 01:44:59.999000+00:00,1.0311,1.0311,1.03,1.0303,300
2026-03-27 01:45:00+00:00,2026-03-27 01:49:59.999000+00:00,1.0303,1.03090268,1.0293,1.0308925,300
2026-03-27 01:50:00+00:00,2026-03-27 01:54:59.999000+00:00,1.0308925,1.0309,1.0296285,1.0304,300
2026-03-27 01:55:00+00:00,2026-03-27 01:59:59.999000+00:00,1.0304,1.03185931,1.029618,1.029624,300
2026-03-27 02:00:00+00:00,2026-03-27 02:04:59.999000+00:00,1.029624,1.0323,1.029624,1.03126883,300
2026-03-27 02:05:00+00:00,2026-03-27 02:09:59.999000+00:00,1.03126883,1.03185959,1.03022,1.03185959,300
2026-03-27 02:10:00+00:00,2026-03-27 02:14:59.999000+00:00,1.0318596,1.03292333,1.03155,1.03155,300
2026-03-27 02:15:00+00:00,2026-03-27 02:19:59.999000+00:00,1.03155,1.0317,1.0297505,1.0297505,300
2026-03-27 02:20:00+00:00,2026-03-27 02:24:59.999000+00:00,1.0297505,1.0297505,1.0282,1.02855,300
2026-03-27 02:25:00+00:00,2026-03-27 02:29:59.999000+00:00,1.02855,1.0299,1.028,1.0292,300
2026-03-27 02:30:00+00:00,2026-03-27 02:34:59.999000+00:00,1.0293,1.03143603,1.0293,1.0296255,300
2026-03-27 02:35:00+00:00,2026-03-27 02:39:59.999000+00:00,1.0296,1.0303,1.02737792,1.0274,300
2026-03-27 02:40:00+00:00,2026-03-27 02:44:59.999000+00:00,1.0274,1.02822267,1.0269,1.0272,300
2026-03-27 02:45:00+00:00,2026-03-27 02:49:59.999000+00:00,1.0274,1.0283,1.02729233,1.0282,300
2026-03-27 02:50:00+00:00,2026-03-27 02:54:59.999000+00:00,1.0282,1.0285,1.0271405,1.0272,300
2026-03-27 02:55:00+00:00,2026-03-27 02:59:59.999000+00:00,1.0272,1.0279,1.0267,1.02708433,300
2026-03-27 03:00:00+00:00,2026-03-27 03:04:59.999000+00:00,1.02704683,1.0273,1.0259,1.02625833,300
2026-03-27 03:05:00+00:00,2026-03-27 03:09:59.999000+00:00,1.02617417,1.0263,1.0211,1.0211,300
2026-03-27 03:10:00+00:00,2026-03-27 03:14:59.999000+00:00,1.0211,1.0223,1.0171,1.02001267,300
2026-03-27 03:15:00+00:00,2026-03-27 03:19:59.999000+00:00,1.01999267,1.0201,1.0182405,1.0191,300
2026-03-27 03:20:00+00:00,2026-03-27 03:24:59.999000+00:00,1.0191,1.0192,1.0171,1.019,300
2026-03-27 03:25:00+00:00,2026-03-27 03:29:59.999000+00:00,1.0189,1.019936,1.0188,1.01895,300
2026-03-27 03:30:00+00:00,2026-03-27 03:34:59.999000+00:00,1.01895,1.0197,1.01836508,1.01895717,300
2026-03-27 03:35:00+00:00,2026-03-27 03:39:59.999000+00:00,1.01895717,1.02081767,1.0183,1.02081767,300
2026-03-27 03:40:00+00:00,2026-03-27 03:44:59.999000+00:00,1.02081767,1.0213,1.01838417,1.0186,300
2026-03-27 03:45:00+00:00,2026-03-27 03:49:59.999000+00:00,1.0186,1.019575,1.0183,1.0185,300
2026-03-27 03:50:00+00:00,2026-03-27 03:54:59.999000+00:00,1.0185,1.02029883,1.018,1.02029883,300
2026-03-27 03:55:00+00:00,2026-03-27 03:59:59.999000+00:00,1.02015533,1.02137655,1.02011033,1.0210605,300
2026-03-27 04:00:00+00:00,2026-03-27 04:04:59.999000+00:00,1.0210605,1.0211,1.01402948,1.01730633,300
2026-03-27 04:05:00+00:00,2026-03-27 04:09:59.999000+00:00,1.01730633,1.0177,1.013548,1.0137,300
2026-03-27 04:10:00+00:00,2026-03-27 04:14:59.999000+00:00,1.0138,1.01686667,1.0138,1.0167,300
2026-03-27 04:15:00+00:00,2026-03-27 04:19:59.999000+00:00,1.0167,1.02091655,1.015723,1.0209,300
2026-03-27 04:20:00+00:00,2026-03-27 04:24:59.999000+00:00,1.0209,1.02354767,1.0207615,1.02296417,300
2026-03-27 04:25:00+00:00,2026-03-27 04:29:59.999000+00:00,1.02293067,1.02319083,1.02188862,1.0219,300
2026-03-27 04:30:00+00:00,2026-03-27 04:34:59.999000+00:00,1.0219,1.021901,1.02,1.02159533,300
2026-03-27 04:35:00+00:00,2026-03-27 04:39:59.999000+00:00,1.02159533,1.02159533,1.0194,1.02,300
2026-03-27 04:40:00+00:00,2026-03-27 04:44:59.999000+00:00,1.02027017,1.0217,1.02027017,1.0216,300
2026-03-27 04:45:00+00:00,2026-03-27 04:49:59.999000+00:00,1.0216,1.0234,1.0202,1.0202,300
2026-03-27 04:50:00+00:00,2026-03-27 04:54:59.999000+00:00,1.0201,1.0209,1.0192,1.01924552,300
2026-03-27 04:55:00+00:00,2026-03-27 04:59:59.999000+00:00,1.01924552,1.01924552,1.01524758,1.01524758,300
2026-03-27 05:00:00+00:00,2026-03-27 05:04:59.999000+00:00,1.01511158,1.01511158,1.0103,1.0124,300
2026-03-27 05:05:00+00:00,2026-03-27 05:09:59.999000+00:00,1.0124395,1.016,1.0123985,1.01592167,300
2026-03-27 05:10:00+00:00,2026-03-27 05:14:59.999000+00:00,1.015917,1.01775908,1.0158935,1.0175,300
2026-03-27 05:15:00+00:00,2026-03-27 05:19:59.999000+00:00,1.0175,1.02010383,1.01740966,1.0175,300
2026-03-27 05:20:00+00:00,2026-03-27 05:24:59.999000+00:00,1.0175,1.0175,1.015262,1.01631825,300
2026-03-27 05:25:00+00:00,2026-03-27 05:29:59.999000+00:00,1.01618108,1.01729552,1.01418233,1.01678425,300
2026-03-27 05:30:00+00:00,2026-03-27 05:34:59.999000+00:00,1.0169,1.0175,1.0161,1.017,300
2026-03-27 05:35:00+00:00,2026-03-27 05:39:59.999000+00:00,1.017,1.0194,1.01676517,1.01840267,300
2026-03-27 05:40:00+00:00,2026-03-27 05:44:59.999000+00:00,1.01827517,1.0189,1.01729583,1.018044,300
2026-03-27 05:45:00+00:00,2026-03-27 05:49:59.999000+00:00,1.018004,1.01945883,1.01764192,1.01774167,300
2026-03-27 05:50:00+00:00,2026-03-27 05:54:59.999000+00:00,1.01774167,1.01938792,1.01773467,1.0193,300
2026-03-27 05:55:00+00:00,2026-03-27 05:59:59.999000+00:00,1.0193,1.02049716,1.019,1.0201995,300
2026-03-27 06:00:00+00:00,2026-03-27 06:04:59.999000+00:00,1.0201995,1.021,1.019846,1.021,300
2026-03-27 06:05:00+00:00,2026-03-27 06:09:59.999000+00:00,1.0211,1.02240433,1.01999717,1.021629,300
2026-03-27 06:10:00+00:00,2026-03-27 06:14:59.999000+00:00,1.021629,1.021629,1.01790358,1.01896,300
2026-03-27 06:15:00+00:00,2026-03-27 06:19:59.999000+00:00,1.01896,1.01944735,1.0180585,1.0181,300
2026-03-27 06:20:00+00:00,2026-03-27 06:24:59.999000+00:00,1.0181,1.0184,1.01665442,1.0184,300
2026-03-27 06:25:00+00:00,2026-03-27 06:29:59.999000+00:00,1.0184,1.0197,1.0183,1.01936058,300
2026-03-27 06:30:00+00:00,2026-03-27 06:34:59.999000+00:00,1.01927058,1.0193,1.0179,1.01926381,300
2026-03-27 06:35:00+00:00,2026-03-27 06:39:59.999000+00:00,1.01926381,1.01996192,1.01892733,1.0196,300
2026-03-27 06:40:00+00:00,2026-03-27 06:44:59.999000+00:00,1.0196,1.020923,1.0195725,1.0203,300
2026-03-27 06:45:00+00:00,2026-03-27 06:49:59.999000+00:00,1.0203,1.020651,1.01892383,1.02021367,300
2026-03-27 06:50:00+00:00,2026-03-27 06:54:59.999000+00:00,1.02021367,1.02021367,1.0188,1.018931,300
2026-03-27 06:55:00+00:00,2026-03-27 06:59:59.999000+00:00,1.018931,1.018931,1.01722342,1.01741717,300
2026-03-27 07:00:00+00:00,2026-03-27 07:04:59.999000+00:00,1.01741717,1.01783583,1.0165,1.0165,300
2026-03-27 07:05:00+00:00,2026-03-27 07:09:59.999000+00:00,1.0165,1.0169,1.0153,1.01566092,300
2026-03-27 07:10:00+00:00,2026-03-27 07:14:59.999000+00:00,1.01566092,1.01884727,1.014826,1.0167,300
2026-03-27 07:15:00+00:00,2026-03-27 07:19:59.999000+00:00,1.0167,1.017065,1.0153,1.01703872,300
2026-03-27 07:20:00+00:00,2026-03-27 07:24:59.999000+00:00,1.01705967,1.01972465,1.01705967,1.0189,300
2026-03-27 07:25:00+00:00,2026-03-27 07:29:59.999000+00:00,1.0186205,1.0186205,1.0174525,1.01813808,300
2026-03-27 07:30:00+00:00,2026-03-27 07:34:59.999000+00:00,1.01813808,1.0186,1.0171,1.018,300
2026-03-27 07:35:00+00:00,2026-03-27 07:39:59.999000+00:00,1.018,1.01964933,1.01752,1.01911117,300
2026-03-27 07:40:00+00:00,2026-03-27 07:44:59.999000+00:00,1.01911117,1.0207,1.0182,1.01963608,300
2026-03-27 07:45:00+00:00,2026-03-27 07:49:59.999000+00:00,1.01959342,1.02127917,1.0192,1.02114367,300
2026-03-27 07:50:00+00:00,2026-03-27 07:54:59.999000+00:00,1.02114367,1.0224,1.0199,1.0220855,300
2026-03-27 07:55:00+00:00,2026-03-27 07:59:59.999000+00:00,1.022108,1.02345558,1.0212,1.02345558,300
2026-03-27 08:00:00+00:00,2026-03-27 08:04:59.999000+00:00,1.02345558,1.02431443,1.02112125,1.02240608,300
2026-03-27 08:05:00+00:00,2026-03-27 08:09:59.999000+00:00,1.02240608,1.02240608,1.01969033,1.0202,299
2026-03-27 08:10:00+00:00,2026-03-27 08:14:59.999000+00:00,1.0201,1.0207115,1.0193,1.0197,300
2026-03-27 08:15:00+00:00,2026-03-27 08:19:59.999000+00:00,1.019622,1.0199,1.0176,1.0181325,300
2026-03-27 08:20:00+00:00,2026-03-27 08:24:59.999000+00:00,1.01810417,1.01837083,1.0165,1.01752417,300
2026-03-27 08:25:00+00:00,2026-03-27 08:29:59.999000+00:00,1.01752417,1.01759167,1.0158,1.01650517,300
2026-03-27 08:30:00+00:00,2026-03-27 08:34:59.999000+00:00,1.0164425,1.0169,1.0149,1.016254,300
2026-03-27 08:35:00+00:00,2026-03-27 08:39:59.999000+00:00,1.016254,1.016254,1.0073,1.01067133,300
2026-03-27 08:40:00+00:00,2026-03-27 08:44:59.999000+00:00,1.01067133,1.0123,1.0095,1.0122,300
2026-03-27 08:45:00+00:00,2026-03-27 08:49:59.999000+00:00,1.0122,1.01589471,1.01210567,1.0156,300
2026-03-27 08:50:00+00:00,2026-03-27 08:54:59.999000+00:00,1.0157,1.02149729,1.0156,1.0182,300
2026-03-27 08:55:00+00:00,2026-03-27 08:59:59.999000+00:00,1.0182,1.018277,1.0153,1.01572833,300
2026-03-27 09:00:00+00:00,2026-03-27 09:04:59.999000+00:00,1.01572833,1.01572833,1.0122,1.0124515,300
2026-03-27 09:05:00+00:00,2026-03-27 09:09:59.999000+00:00,1.0124515,1.01298083,1.00785742,1.00786784,300
2026-03-27 09:10:00+00:00,2026-03-27 09:14:59.999000+00:00,1.00783784,1.008,1.00265991,1.0053,300
2026-03-27 09:15:00+00:00,2026-03-27 09:19:59.999000+00:00,1.0053,1.00788792,1.0051255,1.0066,300
2026-03-27 09:20:00+00:00,2026-03-27 09:24:59.999000+00:00,1.0066,1.006751,1.0056,1.0062,300
2026-03-27 09:25:00+00:00,2026-03-27 09:29:59.999000+00:00,1.00620167,1.00840257,1.0061,1.00813367,300
2026-03-27 09:30:00+00:00,2026-03-27 09:34:59.999000+00:00,1.00808867,1.00808867,1.0039,1.0039,300
2026-03-27 09:35:00+00:00,2026-03-27 09:39:59.999000+00:00,1.0041,1.005321,1.0033,1.00341583,300
2026-03-27 09:40:00+00:00,2026-03-27 09:44:59.999000+00:00,1.00341583,1.004391,1.0026,1.00398375,300
2026-03-27 09:45:00+00:00,2026-03-27 09:49:59.999000+00:00,1.00398375,1.0053,1.00398375,1.00520664,300
2026-03-27 09:50:00+00:00,2026-03-27 09:54:59.999000+00:00,1.00520664,1.00550308,1.00377833,1.00466603,300
2026-03-27 09:55:00+00:00,2026-03-27 09:59:59.999000+00:00,1.00466603,1.00471608,1.0028,1.004,300
2026-03-27 10:00:00+00:00,2026-03-27 10:04:59.999000+00:00,1.004,1.00527017,1.00187833,1.00382167,300
2026-03-27 10:05:00+00:00,2026-03-27 10:09:59.999000+00:00,1.00382167,1.00482483,1.0031,1.0034745,300
2026-03-27 10:10:00+00:00,2026-03-27 10:14:59.999000+00:00,1.0034745,1.00348608,1.00142317,1.00142317,300
2026-03-27 10:15:00+00:00,2026-03-27 10:19:59.999000+00:00,1.00142317,1.00400621,1.00140817,1.0028,300
2026-03-27 10:20:00+00:00,2026-03-27 10:24:59.999000+00:00,1.0028,1.00693975,1.0028,1.00634883,300
2026-03-27 10:25:00+00:00,2026-03-27 10:29:59.999000+00:00,1.00614408,1.00630908,1.00257492,1.00342724,300
2026-03-27 10:30:00+00:00,2026-03-27 10:34:59.999000+00:00,1.00339724,1.0046,1.00230525,1.0031,300
2026-03-27 10:35:00+00:00,2026-03-27 10:39:59.999000+00:00,1.0034,1.0037,0.9914,0.9958,300
2026-03-27 10:40:00+00:00,2026-03-27 10:44:59.999000+00:00,0.99596215,0.99971033,0.99576333,0.9973,300
2026-03-27 10:45:00+00:00,2026-03-27 10:49:59.999000+00:00,0.99730133,0.99730133,0.99,0.99071,300
2026-03-27 10:50:00+00:00,2026-03-27 10:54:59.999000+00:00,0.9907,0.9929445,0.98461133,0.9868,300
2026-03-27 10:55:00+00:00,2026-03-27 10:59:59.999000+00:00,0.987,0.987,0.98359742,0.9847,300
2026-03-27 11:00:00+00:00,2026-03-27 11:04:59.999000+00:00,0.9847,0.986,0.9811,0.9813,300
2026-03-27 11:05:00+00:00,2026-03-27 11:09:59.999000+00:00,0.9813,0.98428208,0.9813,0.98326217,300
2026-03-27 11:10:00+00:00,2026-03-27 11:14:59.999000+00:00,0.98326217,0.98438533,0.98227767,0.9835,300
2026-03-27 11:15:00+00:00,2026-03-27 11:19:59.999000+00:00,0.9835,0.98642508,0.98337717,0.9848,300
2026-03-27 11:20:00+00:00,2026-03-27 11:24:59.999000+00:00,0.98472033,0.98590797,0.9831,0.98319992,300
2026-03-27 11:25:00+00:00,2026-03-27 11:29:59.999000+00:00,0.98319992,0.9847,0.9825,0.98416026,300
2026-03-27 11:30:00+00:00,2026-03-27 11:34:59.999000+00:00,0.98416026,0.98581858,0.9835,0.98500433,300
2026-03-27 11:35:00+00:00,2026-03-27 11:39:59.999000+00:00,0.98500433,0.98616083,0.9847,0.98534075,300
2026-03-27 11:40:00+00:00,2026-03-27 11:44:59.999000+00:00,0.9853865,0.9857,0.9841,0.9852,300
2026-03-27 11:45:00+00:00,2026-03-27 11:49:59.999000+00:00,0.9852,0.98892767,0.9852,0.9872,300
2026-03-27 11:50:00+00:00,2026-03-27 11:54:59.999000+00:00,0.9872,0.9886,0.9861,0.9871792,300
2026-03-27 11:55:00+00:00,2026-03-27 11:59:59.999000+00:00,0.9871792,0.9877355,0.9854115,0.9876519,300
2026-03-27 12:00:00+00:00,2026-03-27 12:04:59.999000+00:00,0.9876519,0.988,0.9838,0.98426474,300
2026-03-27 12:05:00+00:00,2026-03-27 12:09:59.999000+00:00,0.98430892,0.985,0.9809,0.9809,300
2026-03-27 12:10:00+00:00,2026-03-27 12:14:59.999000+00:00,0.9808,0.981137,0.9784,0.978976,300
2026-03-27 12:15:00+00:00,2026-03-27 12:19:59.999000+00:00,0.978976,0.98252175,0.978129,0.98237638,300
2026-03-27 12:20:00+00:00,2026-03-27 12:24:59.999000+00:00,0.98237638,0.98375583,0.981601,0.98214167,300
2026-03-27 12:25:00+00:00,2026-03-27 12:29:59.999000+00:00,0.9821105,0.98317425,0.9801,0.9804,300
2026-03-27 12:30:00+00:00,2026-03-27 12:34:59.999000+00:00,0.9804,0.98161725,0.97789783,0.9787,300
2026-03-27 12:35:00+00:00,2026-03-27 12:39:59.999000+00:00,0.97864717,0.98335783,0.9785,0.9828,300
2026-03-27 12:40:00+00:00,2026-03-27 12:44:59.999000+00:00,0.9828,0.98453707,0.982,0.98453707,300
2026-03-27 12:45:00+00:00,2026-03-27 12:49:59.999000+00:00,0.98453707,0.9857,0.9816,0.9818,300
2026-03-27 12:50:00+00:00,2026-03-27 12:54:59.999000+00:00,0.9818,0.983089,0.9817,0.982155,300
2026-03-27 12:55:00+00:00,2026-03-27 12:59:59.999000+00:00,0.982155,0.984585,0.982,0.9835919,300
2026-03-27 13:00:00+00:00,2026-03-27 13:04:59.999000+00:00,0.9835919,0.98571367,0.9835,0.98546617,300
2026-03-27 13:05:00+00:00,2026-03-27 13:09:59.999000+00:00,0.98546617,0.98579742,0.98437917,0.9857,300
2026-03-27 13:10:00+00:00,2026-03-27 13:14:59.999000+00:00,0.9857,0.98576725,0.9846,0.9851,300
2026-03-27 13:15:00+00:00,2026-03-27 13:19:59.999000+00:00,0.9851,0.9877045,0.9851,0.9869,300
2026-03-27 13:20:00+00:00,2026-03-27 13:24:59.999000+00:00,0.9869,0.98956542,0.98682292,0.989,300
2026-03-27 13:25:00+00:00,2026-03-27 13:29:59.999000+00:00,0.98913617,0.99123617,0.9878,0.9878,300
2026-03-27 13:30:00+00:00,2026-03-27 13:34:59.999000+00:00,0.9878,0.9888,0.9827,0.9836,300
2026-03-27 13:35:00+00:00,2026-03-27 13:39:59.999000+00:00,0.9836,0.98838619,0.9801615,0.9872,300
2026-03-27 13:40:00+00:00,2026-03-27 13:44:59.999000+00:00,0.9872,0.9908,0.98633117,0.9892,300
2026-03-27 13:45:00+00:00,2026-03-27 13:49:59.999000+00:00,0.9891,0.99156569,0.988695,0.99074192,300
2026-03-27 13:50:00+00:00,2026-03-27 13:54:59.999000+00:00,0.99074192,0.99074192,0.9895,0.9896,300
2026-03-27 13:55:00+00:00,2026-03-27 13:59:59.999000+00:00,0.9896,0.9896,0.987,0.9893,300
2026-03-27 14:00:00+00:00,2026-03-27 14:04:59.999000+00:00,0.9893,0.9965,0.98910925,0.99358414,300
2026-03-27 14:05:00+00:00,2026-03-27 14:09:59.999000+00:00,0.99357664,0.9972,0.99357664,0.9966,300
2026-03-27 14:10:00+00:00,2026-03-27 14:14:59.999000+00:00,0.9963,0.9984235,0.99466267,0.9960535,300
2026-03-27 14:15:00+00:00,2026-03-27 14:19:59.999000+00:00,0.99607767,0.99607767,0.9912,0.9912,300
2026-03-27 14:20:00+00:00,2026-03-27 14:24:59.999000+00:00,0.9913,0.9916,0.9875,0.99030433,300
2026-03-27 14:25:00+00:00,2026-03-27 14:29:59.999000+00:00,0.99030433,0.9905,0.98818642,0.9883,300
2026-03-27 14:30:00+00:00,2026-03-27 14:34:59.999000+00:00,0.9883,0.99271091,0.9881,0.9881,300
2026-03-27 14:35:00+00:00,2026-03-27 14:39:59.999000+00:00,0.9879,0.9908,0.98725533,0.99079092,300
2026-03-27 14:40:00+00:00,2026-03-27 14:44:59.999000+00:00,0.99079092,0.9913,0.989,0.99115842,300
2026-03-27 14:45:00+00:00,2026-03-27 14:49:59.999000+00:00,0.99115842,0.9929,0.98993967,0.9929,300
2026-03-27 14:50:00+00:00,2026-03-27 14:54:59.999000+00:00,0.9929,0.9946,0.992145,0.992145,300
2026-03-27 14:55:00+00:00,2026-03-27 14:59:59.999000+00:00,0.992145,0.99498325,0.992,0.99265667,300
2026-03-27 15:00:00+00:00,2026-03-27 15:04:59.999000+00:00,0.99265667,0.995332,0.99165717,0.994014,300
2026-03-27 15:05:00+00:00,2026-03-27 15:09:59.999000+00:00,0.99386759,0.9939,0.9887885,0.98999083,300
2026-03-27 15:10:00+00:00,2026-03-27 15:14:59.999000+00:00,0.99,0.9913915,0.9898,0.9911,300
2026-03-27 15:15:00+00:00,2026-03-27 15:19:59.999000+00:00,0.9911,0.9916,0.98958075,0.99108442,300
2026-03-27 15:20:00+00:00,2026-03-27 15:24:59.999000+00:00,0.99108442,0.9971,0.988879,0.99341658,300
2026-03-27 15:25:00+00:00,2026-03-27 15:29:59.999000+00:00,0.99347658,0.9935,0.9904,0.99346083,300
2026-03-27 15:30:00+00:00,2026-03-27 15:34:59.999000+00:00,0.9935,0.9989,0.99343083,0.9982,300
2026-03-27 15:35:00+00:00,2026-03-27 15:39:59.999000+00:00,0.9982,1.00318667,0.9982,1.0001,300
2026-03-27 15:40:00+00:00,2026-03-27 15:44:59.999000+00:00,1.0001,1.0001,0.9964,0.99818383,300
2026-03-27 15:45:00+00:00,2026-03-27 15:49:59.999000+00:00,0.99814467,0.9991,0.9957,0.99768942,300
2026-03-27 15:50:00+00:00,2026-03-27 15:54:59.999000+00:00,0.99768942,1.00006275,0.99501225,0.99501225,300
2026-03-27 15:55:00+00:00,2026-03-27 15:59:59.999000+00:00,0.99501225,0.99515817,0.99243508,0.99323125,300
2026-03-27 16:00:00+00:00,2026-03-27 16:04:59.999000+00:00,0.99323125,0.9935,0.9884,0.9900205,300
2026-03-27 16:05:00+00:00,2026-03-27 16:09:59.999000+00:00,0.9900205,0.99082683,0.987933,0.99047417,300
2026-03-27 16:10:00+00:00,2026-03-27 16:14:59.999000+00:00,0.99047417,0.99245933,0.9899,0.9913255,300
2026-03-27 16:15:00+00:00,2026-03-27 16:19:59.999000+00:00,0.9913255,0.99219698,0.99108333,0.9914935,78
