open_time,open,high,low,close,volume,close_time,quote_volume,trade_count,taker_buy_base_vol,taker_buy_quote_vol
2026-03-13 16:30:00+00:00,2118.87,2135.37,2118.49,2132.31,106965.795,2026-03-13 16:44:59.999000+00:00,227506760.94084,141170,61703.643,131234685.99383
2026-03-13 16:45:00+00:00,2132.3,2142.83,2130.08,2132.9,100993.471,2026-03-13 16:59:59.999000+00:00,215752745.94541,135580,46956.41,100330896.10935
2026-03-13 17:00:00+00:00,2132.89,2137.85,2132.02,2136.7,55078.696,2026-03-13 17:14:59.999000+00:00,117561670.27753,86856,31228.402,66657781.88592
2026-03-13 17:15:00+00:00,2136.71,2140.22,2118.78,2120.22,137067.968,2026-03-13 17:29:59.999000+00:00,291673961.78493,132623,65049.881,138462738.42215
2026-03-13 17:30:00+00:00,2120.23,2121.63,2101.45,2106.43,150048.807,2026-03-13 17:44:59.999000+00:00,316770724.07259,173144,69869.022,147521231.58075
2026-03-13 17:45:00+00:00,2106.42,2108.21,2088.44,2102.02,247104.003,2026-03-13 17:59:59.999000+00:00,518317419.08011,217541,120186.885,252092524.73963
2026-03-13 18:00:00+00:00,2102.02,2107.89,2097.74,2103.94,116883.483,2026-03-13 18:14:59.999000+00:00,245900487.61931,127405,59455.088,125088039.24883
2026-03-13 18:15:00+00:00,2103.94,2106.73,2089.56,2103.16,82966.382,2026-03-13 18:29:59.999000+00:00,173967999.57052,112811,40594.968,85133936.10614
2026-03-13 18:30:00+00:00,2103.16,2107.83,2101.99,2104.5,42419.197,2026-03-13 18:44:59.999000+00:00,89273129.04038,73818,24493.145,51550142.05346
2026-03-13 18:45:00+00:00,2104.5,2104.73,2097.72,2099.87,24001.827,2026-03-13 18:59:59.999000+00:00,50426591.14881,57999,11414.389,23982136.89982
2026-03-13 19:00:00+00:00,2099.88,2104.7,2095.0,2103.06,43249.075,2026-03-13 19:14:59.999000+00:00,90842638.57352,72283,25179.025,52895846.12541
2026-03-13 19:15:00+00:00,2103.05,2104.98,2096.36,2098.11,29880.203,2026-03-13 19:29:59.999000+00:00,62764492.40216,61998,14908.002,31315195.02782
2026-03-13 19:30:00+00:00,2098.1,2102.39,2098.1,2102.31,22534.938,2026-03-13 19:44:59.999000+00:00,47332135.06496,41003,12676.308,26626621.28383
2026-03-13 19:45:00+00:00,2102.32,2104.89,2100.26,2101.72,27055.498,2026-03-13 19:59:59.999000+00:00,56889811.79933,52029,14808.831,31140230.31217
2026-03-13 20:00:00+00:00,2101.73,2109.95,2100.03,2108.31,32847.188,2026-03-13 20:14:59.999000+00:00,69122499.08768,42092,20136.787,42381044.61523
2026-03-13 20:15:00+00:00,2108.31,2112.7,2107.5,2109.28,35817.982,2026-03-13 20:29:59.999000+00:00,75585247.31634,45147,18733.122,39533013.10488
2026-03-13 20:30:00+00:00,2109.28,2110.79,2107.83,2109.9,14232.066,2026-03-13 20:44:59.999000+00:00,30016321.63603,21472,7430.233,15671177.12408
2026-03-13 20:45:00+00:00,2109.89,2113.25,2108.96,2110.5,16545.595,2026-03-13 20:59:59.999000+00:00,34930797.5653,29783,8471.371,17884292.7939
2026-03-13 21:00:00+00:00,2110.51,2116.39,2108.81,2112.06,25409.736,2026-03-13 21:14:59.999000+00:00,53688226.9514,35342,13220.983,27938693.36734
2026-03-13 21:15:00+00:00,2112.05,2112.76,2102.53,2104.81,34719.486,2026-03-13 21:29:59.999000+00:00,73181059.91096,33073,10898.559,22972329.05005
2026-03-13 21:30:00+00:00,2104.82,2108.31,2099.05,2102.31,26331.835,2026-03-13 21:44:59.999000+00:00,55386559.91538,38639,11208.332,23581482.07608
2026-03-13 21:45:00+00:00,2102.31,2107.93,2102.0,2102.01,16055.542,2026-03-13 21:59:59.999000+00:00,33789600.09608,39415,8337.191,17544869.80906
2026-03-13 22:00:00+00:00,2102.01,2103.94,2081.11,2090.89,107480.746,2026-03-13 22:14:59.999000+00:00,224622756.69499,113701,37884.896,79176703.41375
2026-03-13 22:15:00+00:00,2090.9,2090.9,2080.24,2081.66,51314.362,2026-03-13 22:29:59.999000+00:00,106985559.21592,88974,24028.735,50096111.34369
2026-03-13 22:30:00+00:00,2081.65,2085.61,2077.03,2082.61,60853.635,2026-03-13 22:44:59.999000+00:00,126649739.12011,101067,31264.401,65078849.20468
2026-03-13 22:45:00+00:00,2082.61,2089.57,2081.13,2088.0,23096.972,2026-03-13 22:59:59.999000+00:00,48187817.68867,44001,12241.629,25539722.19779
2026-03-13 23:00:00+00:00,2088.01,2089.36,2084.33,2088.68,19450.836,2026-03-13 23:14:59.999000+00:00,40597474.19414,44573,10163.004,21212524.85199
2026-03-13 23:15:00+00:00,2088.67,2092.94,2088.29,2090.66,20700.043,2026-03-13 23:29:59.999000+00:00,43286758.45325,41632,11664.53,24392158.98253
2026-03-13 23:30:00+00:00,2090.67,2092.74,2089.2,2091.01,14066.095,2026-03-13 23:44:59.999000+00:00,29409910.73594,26576,8199.11,17143297.66832
2026-03-13 23:45:00+00:00,2091.0,2092.48,2089.0,2091.01,14967.726,2026-03-13 23:59:59.999000+00:00,31295555.78209,24953,8330.157,17417741.28988
2026-03-14 00:00:00+00:00,2091.0,2092.71,2086.79,2092.7,20322.083,2026-03-14 00:14:59.999000+00:00,42466253.26268,38552,10514.728,21974776.15382
2026-03-14 00:15:00+00:00,2092.71,2094.2,2087.26,2091.07,22288.308,2026-03-14 00:29:59.999000+00:00,46619113.8053,35240,10301.043,21548115.94854
2026-03-14 00:30:00+00:00,2091.07,2093.48,2082.0,2082.47,24822.536,2026-03-14 00:44:59.999000+00:00,51803894.73401,45745,10701.316,22340856.56759
2026-03-14 00:45:00+00:00,2082.48,2086.41,2082.0,2084.36,26716.444,2026-03-14 00:59:59.999000+00:00,55679552.37106,47072,14356.772,29920362.124
2026-03-14 01:00:00+00:00,2084.36,2089.18,2084.25,2086.82,15763.289,2026-03-14 01:14:59.999000+00:00,32899103.70428,30252,8019.788,16737208.66698
2026-03-14 01:15:00+00:00,2086.82,2092.63,2086.8,2091.63,19246.79,2026-03-14 01:29:59.999000+00:00,40242555.05996,28003,8651.967,18088074.1544
2026-03-14 01:30:00+00:00,2091.64,2092.8,2080.06,2089.25,51563.852,2026-03-14 01:44:59.999000+00:00,107614205.84014,60417,19260.866,40197322.88644
2026-03-14 01:45:00+00:00,2089.25,2094.99,2089.25,2091.57,25158.865,2026-03-14 01:59:59.999000+00:00,52639958.58448,31998,13609.613,28476979.76559
2026-03-14 02:00:00+00:00,2091.57,2094.8,2089.65,2092.78,25323.47,2026-03-14 02:14:59.999000+00:00,52993592.0702,32508,13988.375,29277444.18066
2026-03-14 02:15:00+00:00,2092.78,2093.82,2088.54,2089.75,10606.707,2026-03-14 02:29:59.999000+00:00,22175489.97219,23206,4365.998,9129328.82986
2026-03-14 02:30:00+00:00,2089.75,2092.4,2088.55,2090.91,10594.243,2026-03-14 02:44:59.999000+00:00,22147875.28069,21400,5150.794,10769036.68578
2026-03-14 02:45:00+00:00,2090.92,2094.45,2090.13,2091.44,16523.361,2026-03-14 02:59:59.999000+00:00,34574710.65596,26678,9829.327,20568149.07412
2026-03-14 03:00:00+00:00,2091.44,2097.54,2091.3,2096.91,26933.84,2026-03-14 03:14:59.999000+00:00,56442379.69596,43320,16891.543,35399024.63999
2026-03-14 03:15:00+00:00,2096.92,2099.26,2094.88,2097.56,29490.129,2026-03-14 03:29:59.999000+00:00,61853399.52192,41138,16470.635,34548188.51863
2026-03-14 03:30:00+00:00,2097.57,2103.62,2097.24,2100.29,44805.533,2026-03-14 03:44:59.999000+00:00,94114177.13059,51495,28535.036,59940252.14705
2026-03-14 03:45:00+00:00,2100.3,2101.05,2098.89,2100.0,11606.517,2026-03-14 03:59:59.999000+00:00,24369704.60328,18722,5968.912,12532553.92529
2026-03-14 04:00:00+00:00,2100.0,2103.8,2098.71,2102.83,18749.495,2026-03-14 04:14:59.999000+00:00,39409674.06789,33975,10827.317,22759087.80758
2026-03-14 04:15:00+00:00,2102.84,2103.57,2099.47,2102.09,17882.452,2026-03-14 04:29:59.999000+00:00,37578835.47771,23568,7926.668,16659744.32554
2026-03-14 04:30:00+00:00,2102.09,2105.75,2100.43,2102.53,19804.507,2026-03-14 04:44:59.999000+00:00,41653979.96663,28089,11709.837,24630828.0288
2026-03-14 04:45:00+00:00,2102.54,2104.35,2086.25,2089.31,108570.865,2026-03-14 04:59:59.999000+00:00,227312548.51491,81449,41274.001,86393460.82316
2026-03-14 05:00:00+00:00,2089.3,2092.99,2088.27,2091.74,35594.315,2026-03-14 05:14:59.999000+00:00,74419220.58436,36326,14438.697,30187986.14629
2026-03-14 05:15:00+00:00,2091.74,2093.54,2089.2,2091.38,14625.557,2026-03-14 05:29:59.999000+00:00,30591909.88791,21599,6482.104,13557569.86277
2026-03-14 05:30:00+00:00,2091.39,2091.67,2084.34,2089.1,32554.573,2026-03-14 05:44:59.999000+00:00,67976908.90719,39292,12284.698,25653371.46234
2026-03-14 05:45:00+00:00,2089.1,2091.85,2088.04,2091.3,16207.118,2026-03-14 05:59:59.999000+00:00,33872068.95822,21520,8870.629,18540061.12017
2026-03-14 06:00:00+00:00,2091.3,2091.3,2087.12,2087.79,13168.162,2026-03-14 06:14:59.999000+00:00,27501225.98151,21695,5390.484,11258290.47593
2026-03-14 06:15:00+00:00,2087.79,2087.8,2080.3,2084.01,46530.249,2026-03-14 06:29:59.999000+00:00,96949871.30582,59701,19436.844,40502149.99261
2026-03-14 06:30:00+00:00,2084.0,2084.62,2067.13,2074.29,126180.197,2026-03-14 06:44:59.999000+00:00,261841074.10252,123907,50873.294,105555772.41717
2026-03-14 06:45:00+00:00,2074.3,2078.42,2073.49,2077.16,30660.789,2026-03-14 06:59:59.999000+00:00,63672709.3052,46383,18311.445,38024056.80538
2026-03-14 07:00:00+00:00,2077.16,2078.57,2074.11,2078.01,31321.653,2026-03-14 07:14:59.999000+00:00,65053796.56578,36194,15022.839,31205073.42281
2026-03-14 07:15:00+00:00,2078.01,2078.77,2074.69,2078.66,15550.933,2026-03-14 07:29:59.999000+00:00,32302117.2627,21029,7350.394,15270357.56016
2026-03-14 07:30:00+00:00,2078.66,2079.43,2075.05,2077.8,17017.517,2026-03-14 07:44:59.999000+00:00,35348714.58106,25843,8548.32,17757499.36321
2026-03-14 07:45:00+00:00,2077.8,2078.0,2075.39,2076.3,11387.042,2026-03-14 07:59:59.999000+00:00,23648976.71068,20587,3998.161,8303849.85139
2026-03-14 08:00:00+00:00,2076.3,2079.99,2075.0,2079.37,19009.342,2026-03-14 08:14:59.999000+00:00,39495898.32052,24654,10438.034,21687212.1294
2026-03-14 08:15:00+00:00,2079.37,2080.22,2076.0,2078.25,20963.938,2026-03-14 08:29:59.999000+00:00,43563739.47624,22170,10532.386,21888369.15948
2026-03-14 08:30:00+00:00,2078.24,2078.52,2071.48,2072.89,25702.031,2026-03-14 08:44:59.999000+00:00,53323824.83089,31735,10857.913,22525276.69109
2026-03-14 08:45:00+00:00,2072.9,2074.3,2071.48,2073.2,20827.159,2026-03-14 08:59:59.999000+00:00,43175307.91164,23614,11056.284,22921081.71192
2026-03-14 09:00:00+00:00,2073.19,2076.83,2072.48,2076.12,17313.455,2026-03-14 09:14:59.999000+00:00,35920535.23206,20630,9401.845,19506437.88353
2026-03-14 09:15:00+00:00,2076.12,2076.12,2073.34,2075.37,9357.76,2026-03-14 09:29:59.999000+00:00,19414701.71768,16416,4386.86,9101119.37559
2026-03-14 09:30:00+00:00,2075.38,2076.2,2071.0,2074.0,20507.641,2026-03-14 09:44:59.999000+00:00,42517112.96034,23172,7851.942,16281433.01647
2026-03-14 09:45:00+00:00,2074.01,2074.13,2062.47,2066.11,77165.698,2026-03-14 09:59:59.999000+00:00,159435810.45803,66535,32790.685,67747501.18528
2026-03-14 10:00:00+00:00,2066.11,2067.88,2064.31,2066.86,20924.181,2026-03-14 10:14:59.999000+00:00,43244484.24134,28645,9627.689,19899505.38472
2026-03-14 10:15:00+00:00,2066.85,2066.86,2062.72,2064.5,16065.592,2026-03-14 10:29:59.999000+00:00,33174702.34355,24366,7480.829,15447630.06356
2026-03-14 10:30:00+00:00,2064.5,2065.3,2060.09,2064.17,45751.337,2026-03-14 10:44:59.999000+00:00,94356891.34838,47456,19777.196,40794892.29338
2026-03-14 10:45:00+00:00,2064.17,2065.93,2062.58,2065.01,20934.065,2026-03-14 10:59:59.999000+00:00,43221660.22897,21710,12119.267,25022820.48107
2026-03-14 11:00:00+00:00,2065.01,2069.5,2064.48,2069.15,26797.066,2026-03-14 11:14:59.999000+00:00,55405628.69997,27510,16583.709,34287762.47577
2026-03-14 11:15:00+00:00,2069.15,2073.83,2068.17,2072.32,26576.451,2026-03-14 11:29:59.999000+00:00,55044069.47988,26114,16423.449,34016710.55698
2026-03-14 11:30:00+00:00,2072.32,2075.54,2071.44,2074.18,24170.836,2026-03-14 11:44:59.999000+00:00,50115654.8432,23577,15715.022,32583327.9314
2026-03-14 11:45:00+00:00,2074.17,2075.58,2070.0,2072.65,29744.603,2026-03-14 11:59:59.999000+00:00,61665386.73361,25885,11978.495,24836824.97476
2026-03-14 12:00:00+00:00,2072.65,2077.3,2071.9,2074.83,30159.287,2026-03-14 12:14:59.999000+00:00,62575157.87803,34923,17756.224,36840456.93711
2026-03-14 12:15:00+00:00,2074.82,2076.47,2073.39,2073.51,12333.538,2026-03-14 12:29:59.999000+00:00,25589223.15297,17150,5192.528,10774062.24822
2026-03-14 12:30:00+00:00,2073.5,2074.28,2068.34,2070.36,29311.307,2026-03-14 12:44:59.999000+00:00,60692070.07515,28968,12934.051,26777727.97723
2026-03-14 12:45:00+00:00,2070.36,2075.59,2070.15,2074.33,20705.118,2026-03-14 12:59:59.999000+00:00,42934068.8162,23266,12625.677,26179952.91441
2026-03-14 13:00:00+00:00,2074.33,2074.33,2071.66,2073.43,13790.96,2026-03-14 13:14:59.999000+00:00,28587807.09318,19928,6983.528,14476570.92285
2026-03-14 13:15:00+00:00,2073.44,2079.55,2073.44,2077.73,25968.817,2026-03-14 13:29:59.999000+00:00,53939137.91873,32912,15456.303,32104376.37483
2026-03-14 13:30:00+00:00,2077.73,2078.46,2076.38,2077.94,13445.571,2026-03-14 13:44:59.999000+00:00,27931322.26869,19220,6116.865,12706756.59315
2026-03-14 13:45:00+00:00,2077.94,2078.59,2075.35,2077.22,12406.048,2026-03-14 13:59:59.999000+00:00,25762931.11419,18293,5235.302,10872670.60336
2026-03-14 14:00:00+00:00,2077.23,2079.49,2071.51,2073.05,20223.981,2026-03-14 14:14:59.999000+00:00,41968736.26936,30596,8421.396,17478120.51511
2026-03-14 14:15:00+00:00,2073.05,2077.32,2071.91,2077.06,13378.023,2026-03-14 14:29:59.999000+00:00,27750052.8906,20789,8458.981,17547064.49866
2026-03-14 14:30:00+00:00,2077.07,2078.33,2068.43,2069.42,22186.69,2026-03-14 14:44:59.999000+00:00,45974952.3204,31999,8506.899,17627695.11529
2026-03-14 14:45:00+00:00,2069.43,2072.82,2069.26,2069.82,15999.787,2026-03-14 14:59:59.999000+00:00,33134551.76283,18954,7845.71,16248690.99019
2026-03-14 15:00:00+00:00,2069.83,2074.83,2068.74,2073.43,19510.243,2026-03-14 15:14:59.999000+00:00,40426358.4789,26293,11820.039,24493332.25767
2026-03-14 15:15:00+00:00,2073.43,2076.91,2073.43,2075.06,20879.856,2026-03-14 15:29:59.999000+00:00,43330649.43388,24227,10071.414,20900106.1662
2026-03-14 15:30:00+00:00,2075.07,2075.07,2070.4,2072.53,17298.683,2026-03-14 15:44:59.999000+00:00,35849804.48307,24863,8788.928,18213825.55882
2026-03-14 15:45:00+00:00,2072.54,2075.12,2071.83,2073.55,7119.694,2026-03-14 15:59:59.999000+00:00,14762365.81913,13537,4080.227,8460337.37485
2026-03-14 16:00:00+00:00,2073.55,2073.69,2067.58,2072.3,35694.208,2026-03-14 16:14:59.999000+00:00,73891319.9906,39305,14989.467,31034684.7451
2026-03-14 16:15:00+00:00,2072.3,2074.78,2071.84,2074.21,8423.503,2026-03-14 16:29:59.999000+00:00,17466648.20244,13344,5485.785,11374918.13137
2026-03-14 16:30:00+00:00,2074.2,2076.44,2073.88,2074.43,12449.904,2026-03-14 16:44:59.999000+00:00,25833681.4482,15830,6554.901,13602013.48068
2026-03-14 16:45:00+00:00,2074.43,2077.58,2073.36,2076.35,10989.054,2026-03-14 16:59:59.999000+00:00,22813101.06459,16763,6479.689,13451860.73738
2026-03-14 17:00:00+00:00,2076.36,2077.0,2075.22,2076.42,13336.4,2026-03-14 17:14:59.999000+00:00,27686952.51485,14098,6858.111,14237355.21308
2026-03-14 17:15:00+00:00,2076.42,2077.31,2074.5,2076.92,11227.731,2026-03-14 17:29:59.999000+00:00,23307436.14472,14180,6487.961,13468788.1254
2026-03-14 17:30:00+00:00,2076.93,2076.93,2074.42,2075.2,5532.016,2026-03-14 17:44:59.999000+00:00,11480934.55862,9757,2200.099,4565839.68596
2026-03-14 17:45:00+00:00,2075.19,2075.25,2072.01,2073.97,11251.249,2026-03-14 17:59:59.999000+00:00,23328881.0558,14427,4926.214,10215111.75795
2026-03-14 18:00:00+00:00,2073.97,2073.97,2072.3,2072.51,6166.722,2026-03-14 18:14:59.999000+00:00,12785026.87296,12524,3259.23,6757180.26381
2026-03-14 18:15:00+00:00,2072.5,2073.79,2071.7,2073.08,4782.356,2026-03-14 18:29:59.999000+00:00,9912077.5673,9238,2558.063,5301717.91064
2026-03-14 18:30:00+00:00,2073.09,2076.0,2073.09,2074.78,7655.076,2026-03-14 18:44:59.999000+00:00,15884889.08711,9614,4095.92,8498584.08381
2026-03-14 18:45:00+00:00,2074.79,2076.97,2074.44,2075.73,5286.279,2026-03-14 18:59:59.999000+00:00,10973278.25502,8013,3233.196,6710943.88933
2026-03-14 19:00:00+00:00,2075.74,2076.34,2073.64,2076.18,6424.933,2026-03-14 19:14:59.999000+00:00,13331565.43981,12505,2910.129,6038734.7034
2026-03-14 19:15:00+00:00,2076.18,2077.45,2075.34,2076.2,6095.289,2026-03-14 19:29:59.999000+00:00,12655249.06145,9229,3016.796,6263657.31731
2026-03-14 19:30:00+00:00,2076.19,2077.8,2075.22,2077.45,5317.267,2026-03-14 19:44:59.999000+00:00,11041659.9599,9345,3173.252,6589666.68451
2026-03-14 19:45:00+00:00,2077.45,2078.44,2075.77,2076.25,8447.118,2026-03-14 19:59:59.999000+00:00,17545247.94183,10345,4435.162,9212640.13443
2026-03-14 20:00:00+00:00,2076.25,2076.93,2074.79,2076.93,6370.904,2026-03-14 20:14:59.999000+00:00,13225440.57708,11303,3399.817,7057631.98187
2026-03-14 20:15:00+00:00,2076.93,2079.26,2076.59,2078.19,12656.63,2026-03-14 20:29:59.999000+00:00,26303481.55097,13360,5665.82,11774560.70769
2026-03-14 20:30:00+00:00,2078.19,2083.94,2077.59,2082.73,22090.032,2026-03-14 20:44:59.999000+00:00,45969422.53631,21301,15838.315,32960558.92994
2026-03-14 20:45:00+00:00,2082.73,2087.4,2080.84,2084.59,40423.692,2026-03-14 20:59:59.999000+00:00,84260585.54933,30699,24669.434,51426552.81637
2026-03-14 21:00:00+00:00,2084.6,2086.1,2081.67,2081.89,13474.65,2026-03-14 21:14:59.999000+00:00,28076941.24078,21048,6301.326,13129842.88736
2026-03-14 21:15:00+00:00,2081.89,2083.86,2080.18,2082.16,13246.539,2026-03-14 21:29:59.999000+00:00,27580037.81432,14104,5504.158,11460700.8093
2026-03-14 21:30:00+00:00,2082.16,2084.84,2081.67,2084.26,8179.7,2026-03-14 21:44:59.999000+00:00,17040129.42679,10006,5403.596,11257796.90358
2026-03-14 21:45:00+00:00,2084.27,2087.99,2083.51,2085.65,12698.165,2026-03-14 21:59:59.999000+00:00,26490999.24971,21593,6586.936,13741772.79602
2026-03-14 22:00:00+00:00,2085.65,2087.21,2083.89,2083.89,8743.162,2026-03-14 22:14:59.999000+00:00,18233239.4511,18219,4014.601,8372082.94951
2026-03-14 22:15:00+00:00,2083.9,2087.21,2083.58,2085.22,7500.444,2026-03-14 22:29:59.999000+00:00,15640100.95077,13081,4175.644,8707926.23842
2026-03-14 22:30:00+00:00,2085.21,2086.7,2084.45,2085.03,5365.907,2026-03-14 22:44:59.999000+00:00,11191163.76085,8879,2442.945,5094976.44833
2026-03-14 22:45:00+00:00,2085.04,2085.04,2080.39,2083.48,14103.405,2026-03-14 22:59:59.999000+00:00,29373347.66175,17249,7193.968,14983602.79761
2026-03-14 23:00:00+00:00,2083.49,2098.58,2082.9,2092.69,100042.572,2026-03-14 23:14:59.999000+00:00,209428401.5297,85996,57757.817,120900278.87052
2026-03-14 23:15:00+00:00,2092.69,2094.88,2086.46,2094.33,32613.675,2026-03-14 23:29:59.999000+00:00,68170335.80833,32035,17155.186,35851624.22732
2026-03-14 23:30:00+00:00,2094.33,2097.96,2092.9,2095.53,17467.133,2026-03-14 23:44:59.999000+00:00,36605460.24681,27556,9461.633,19830247.44447
2026-03-14 23:45:00+00:00,2095.54,2097.54,2093.76,2095.27,19669.86,2026-03-14 23:59:59.999000+00:00,41219384.44572,25824,9547.847,20008161.24507
2026-03-15 00:00:00+00:00,2095.28,2095.76,2090.45,2092.79,22556.853,2026-03-15 00:14:59.999000+00:00,47204874.15394,32998,10360.123,21680040.28589
2026-03-15 00:15:00+00:00,2092.8,2094.0,2087.33,2088.36,31977.131,2026-03-15 00:29:59.999000+00:00,66835929.75409,37475,17411.15,36388725.72737
2026-03-15 00:30:00+00:00,2088.35,2090.38,2085.08,2089.79,15404.966,2026-03-15 00:44:59.999000+00:00,32168084.2488,24796,7778.875,16245775.97331
2026-03-15 00:45:00+00:00,2089.78,2089.78,2084.06,2086.83,15938.126,2026-03-15 00:59:59.999000+00:00,33259262.69973,22952,5906.869,12326136.93266
2026-03-15 01:00:00+00:00,2086.82,2088.62,2081.59,2085.15,16534.66,2026-03-15 01:14:59.999000+00:00,34484663.5903,29793,7733.575,16131501.03709
2026-03-15 01:15:00+00:00,2085.16,2087.43,2083.44,2085.01,9759.824,2026-03-15 01:29:59.999000+00:00,20352943.11308,19355,4893.608,10205194.63065
2026-03-15 01:30:00+00:00,2085.01,2085.76,2082.12,2085.44,13037.353,2026-03-15 01:44:59.999000+00:00,27170762.19019,25615,7333.168,15283325.17143
2026-03-15 01:45:00+00:00,2085.44,2090.3,2084.59,2087.2,13222.327,2026-03-15 01:59:59.999000+00:00,27607429.12746,23504,6730.05,14051756.86991
2026-03-15 02:00:00+00:00,2087.2,2098.44,2087.2,2095.0,45844.151,2026-03-15 02:14:59.999000+00:00,96003915.97184,70123,27954.242,58539541.3519
2026-03-15 02:15:00+00:00,2094.99,2095.68,2090.72,2092.0,13977.898,2026-03-15 02:29:59.999000+00:00,29256859.5796,28926,5587.921,11696605.21672
2026-03-15 02:30:00+00:00,2092.0,2103.72,2088.67,2102.73,62865.273,2026-03-15 02:44:59.999000+00:00,131840754.57238,46471,52687.119,110509383.45157
2026-03-15 02:45:00+00:00,2102.73,2107.0,2098.56,2100.82,61589.732,2026-03-15 02:59:59.999000+00:00,129468185.9368,92181,32975.087,69328489.6214
2026-03-15 03:00:00+00:00,2100.81,2104.2,2100.09,2101.6,18555.816,2026-03-15 03:14:59.999000+00:00,39001819.18594,39651,8500.76,17868118.3061
2026-03-15 03:15:00+00:00,2101.6,2101.94,2093.63,2094.78,35246.301,2026-03-15 03:29:59.999000+00:00,73888318.3697,44106,12742.02,26705305.08752
2026-03-15 03:30:00+00:00,2094.79,2098.0,2092.33,2094.27,18912.758,2026-03-15 03:44:59.999000+00:00,39637485.58414,28291,8716.112,18267404.88422
2026-03-15 03:45:00+00:00,2094.28,2095.34,2092.43,2095.17,10430.15,2026-03-15 03:59:59.999000+00:00,21838968.09048,18090,4784.638,10018510.20448
2026-03-15 04:00:00+00:00,2095.17,2102.4,2095.0,2100.63,22683.783,2026-03-15 04:14:59.999000+00:00,47623628.25291,37374,12313.603,25850925.19638
2026-03-15 04:15:00+00:00,2100.64,2103.12,2098.15,2099.25,16201.859,2026-03-15 04:29:59.999000+00:00,34031619.89042,33961,6813.153,14311129.36355
2026-03-15 04:30:00+00:00,2099.25,2101.3,2097.27,2100.83,12816.604,2026-03-15 04:44:59.999000+00:00,26902740.5683,26076,5705.715,11977567.37496
2026-03-15 04:45:00+00:00,2100.82,2103.58,2098.24,2103.58,11541.037,2026-03-15 04:59:59.999000+00:00,24245634.76067,21155,7066.399,14845976.30911
2026-03-15 05:00:00+00:00,2103.58,2103.58,2100.88,2102.78,12972.556,2026-03-15 05:14:59.999000+00:00,27270886.83185,24122,5580.605,11731819.13228
2026-03-15 05:15:00+00:00,2102.78,2116.35,2101.75,2108.4,98724.486,2026-03-15 05:29:59.999000+00:00,208365070.25014,101180,60110.637,126853912.51767
2026-03-15 05:30:00+00:00,2108.4,2114.99,2107.1,2111.72,28539.773,2026-03-15 05:44:59.999000+00:00,60256185.79811,50588,16496.927,34831970.23308
2026-03-15 05:45:00+00:00,2111.71,2112.4,2105.62,2106.89,53546.15,2026-03-15 05:59:59.999000+00:00,112865535.75038,41823,23577.999,49701035.74313
2026-03-15 06:00:00+00:00,2106.89,2110.17,2106.62,2108.3,14593.549,2026-03-15 06:14:59.999000+00:00,30770246.74524,23691,6149.768,12965956.53638
2026-03-15 06:15:00+00:00,2108.31,2110.32,2104.52,2105.61,16608.284,2026-03-15 06:29:59.999000+00:00,34985788.01604,26583,7560.386,15926637.25951
2026-03-15 06:30:00+00:00,2105.62,2105.62,2102.01,2103.32,15462.758,2026-03-15 06:44:59.999000+00:00,32529858.35095,24922,6056.865,12741720.63429
2026-03-15 06:45:00+00:00,2103.32,2107.29,2103.23,2106.81,14535.526,2026-03-15 06:59:59.999000+00:00,30605819.85431,18683,8913.546,18767994.52519
2026-03-15 07:00:00+00:00,2106.82,2112.97,2106.52,2110.1,29992.915,2026-03-15 07:14:59.999000+00:00,63260482.7177,44179,16721.543,35272465.35695
2026-03-15 07:15:00+00:00,2110.1,2111.18,2107.04,2107.34,13612.377,2026-03-15 07:29:59.999000+00:00,28710433.4964,17896,4983.713,10512691.54205
2026-03-15 07:30:00+00:00,2107.33,2107.34,2104.0,2104.01,12112.005,2026-03-15 07:44:59.999000+00:00,25500937.25484,18790,5414.799,11400975.70345
2026-03-15 07:45:00+00:00,2104.0,2105.5,2102.56,2104.97,13167.051,2026-03-15 07:59:59.999000+00:00,27702200.20258,18794,6982.046,14690320.88218
2026-03-15 08:00:00+00:00,2104.97,2110.87,2104.97,2108.29,19673.526,2026-03-15 08:14:59.999000+00:00,41469378.55653,29169,10869.055,22910358.01952
2026-03-15 08:15:00+00:00,2108.3,2111.36,2107.08,2108.09,15616.338,2026-03-15 08:29:59.999000+00:00,32940560.23415,25686,8084.528,17053858.90479
2026-03-15 08:30:00+00:00,2108.09,2108.79,2106.63,2108.79,6255.042,2026-03-15 08:44:59.999000+00:00,13183669.98927,13853,2696.575,5683553.35115
2026-03-15 08:45:00+00:00,2108.79,2112.29,2108.79,2111.81,16788.241,2026-03-15 08:59:59.999000+00:00,35435633.02085,26055,9403.674,19848345.13234
2026-03-15 09:00:00+00:00,2111.81,2123.25,2111.7,2118.28,100022.517,2026-03-15 09:14:59.999000+00:00,211800952.85143,106543,60907.947,128984608.67554
2026-03-15 09:15:00+00:00,2118.27,2122.71,2115.71,2116.75,46341.744,2026-03-15 09:29:59.999000+00:00,98211368.28406,47421,23371.762,49535797.01133
2026-03-15 09:30:00+00:00,2116.76,2118.06,2114.0,2114.83,17058.457,2026-03-15 09:44:59.999000+00:00,36091249.89638,26887,8066.222,17067820.13117
2026-03-15 09:45:00+00:00,2114.84,2118.49,2113.62,2116.2,12781.493,2026-03-15 09:59:59.999000+00:00,27043434.04959,20482,6915.612,14633667.09718
2026-03-15 10:00:00+00:00,2116.21,2117.31,2113.13,2114.99,16135.233,2026-03-15 10:14:59.999000+00:00,34126576.80749,25400,6397.702,13531400.79156
2026-03-15 10:15:00+00:00,2114.98,2120.57,2114.07,2118.7,17920.158,2026-03-15 10:29:59.999000+00:00,37953758.16717,25816,10076.635,21340983.30084
2026-03-15 10:30:00+00:00,2118.7,2120.3,2116.93,2119.17,11183.686,2026-03-15 10:44:59.999000+00:00,23693282.29972,20028,4916.706,10417068.52657
2026-03-15 10:45:00+00:00,2119.17,2119.88,2117.76,2117.87,14288.187,2026-03-15 10:59:59.999000+00:00,30275661.88996,19501,6077.21,12877376.30072
2026-03-15 11:00:00+00:00,2117.86,2119.45,2115.93,2117.28,14734.936,2026-03-15 11:14:59.999000+00:00,31202759.11072,23462,6244.481,13224001.71218
2026-03-15 11:15:00+00:00,2117.29,2119.35,2114.65,2115.26,12634.495,2026-03-15 11:29:59.999000+00:00,26742029.11661,19779,5159.588,10921460.65777
2026-03-15 11:30:00+00:00,2115.26,2116.22,2113.67,2116.01,13511.25,2026-03-15 11:44:59.999000+00:00,28578455.84285,17627,5476.136,11582812.34585
2026-03-15 11:45:00+00:00,2116.0,2120.46,2115.7,2118.6,15047.853,2026-03-15 11:59:59.999000+00:00,31885010.32055,21520,7338.345,15548662.8625
2026-03-15 12:00:00+00:00,2118.61,2118.96,2114.28,2114.94,14400.897,2026-03-15 12:14:59.999000+00:00,30478140.19824,22191,5388.823,11405097.63541
2026-03-15 12:15:00+00:00,2114.93,2116.9,2113.8,2115.97,13789.031,2026-03-15 12:29:59.999000+00:00,29166105.50185,17676,6661.015,14088614.70034
2026-03-15 12:30:00+00:00,2115.96,2116.44,2108.23,2108.24,36129.758,2026-03-15 12:44:59.999000+00:00,76297372.26306,34478,13221.86,27922628.05569
2026-03-15 12:45:00+00:00,2108.23,2111.23,2106.65,2108.64,38884.914,2026-03-15 12:59:59.999000+00:00,82004312.99105,39037,18087.18,38145062.17013
2026-03-15 13:00:00+00:00,2108.64,2112.16,2090.1,2097.43,142138.772,2026-03-15 13:14:59.999000+00:00,298393191.09244,145715,59768.225,125471823.27708
2026-03-15 13:15:00+00:00,2097.42,2097.43,2087.2,2095.76,83112.951,2026-03-15 13:29:59.999000+00:00,173957158.01894,93551,43182.184,90390589.60249
2026-03-15 13:30:00+00:00,2095.77,2096.82,2085.1,2089.67,78929.046,2026-03-15 13:44:59.999000+00:00,164951950.10909,88718,34561.406,72230560.6865
2026-03-15 13:45:00+00:00,2089.68,2098.01,2088.46,2096.36,47702.193,2026-03-15 13:59:59.999000+00:00,99858568.15548,53090,28690.983,60063933.89794
2026-03-15 14:00:00+00:00,2096.35,2098.3,2093.65,2094.18,28579.441,2026-03-15 14:14:59.999000+00:00,59889380.21297,35298,12538.337,26273014.99306
2026-03-15 14:15:00+00:00,2094.19,2094.44,2089.12,2092.16,20517.395,2026-03-15 14:29:59.999000+00:00,42915133.72162,29953,8651.937,18098738.85246
2026-03-15 14:30:00+00:00,2092.15,2092.16,2085.52,2091.39,41258.606,2026-03-15 14:44:59.999000+00:00,86179231.17631,48322,19253.375,40214841.24689
2026-03-15 14:45:00+00:00,2091.4,2096.05,2090.28,2096.04,25139.581,2026-03-15 14:59:59.999000+00:00,52625008.91276,33007,15559.498,32571867.20987
2026-03-15 15:00:00+00:00,2096.05,2096.25,2091.18,2092.77,15310.334,2026-03-15 15:14:59.999000+00:00,32056101.94031,24565,7873.277,16484197.37023
2026-03-15 15:15:00+00:00,2092.76,2095.64,2090.81,2091.58,17900.256,2026-03-15 15:29:59.999000+00:00,37465286.76771,26654,9405.107,19687443.36942
2026-03-15 15:30:00+00:00,2091.58,2094.45,2088.91,2093.08,17196.581,2026-03-15 15:44:59.999000+00:00,35972855.77618,26918,9479.755,19830913.33348
2026-03-15 15:45:00+00:00,2093.08,2094.4,2092.02,2092.93,7335.764,2026-03-15 15:59:59.999000+00:00,15358133.66286,12600,3106.934,6504681.59095
2026-03-15 16:00:00+00:00,2092.93,2097.94,2091.85,2096.9,24674.418,2026-03-15 16:14:59.999000+00:00,51714916.25559,37355,14334.732,30045866.60853
2026-03-15 16:15:00+00:00,2096.91,2097.2,2088.19,2091.68,26217.989,2026-03-15 16:29:59.999000+00:00,54826030.36131,37736,10378.798,21701929.49752
2026-03-15 16:30:00+00:00,2091.69,2095.3,2088.73,2092.19,24815.953,2026-03-15 16:44:59.999000+00:00,51901298.1268,33015,14183.145,29667148.0663
2026-03-15 16:45:00+00:00,2092.19,2093.5,2087.65,2090.59,12138.572,2026-03-15 16:59:59.999000+00:00,25379075.64384,19823,6028.476,12604928.82229
2026-03-15 17:00:00+00:00,2090.6,2095.46,2090.05,2093.93,13372.98,2026-03-15 17:14:59.999000+00:00,27997761.51432,22286,6893.687,14432339.476
2026-03-15 17:15:00+00:00,2093.93,2095.46,2092.94,2094.02,7338.458,2026-03-15 17:29:59.999000+00:00,15369434.29045,14532,3357.601,7032275.18099
2026-03-15 17:30:00+00:00,2094.02,2096.51,2093.33,2095.85,9039.925,2026-03-15 17:44:59.999000+00:00,18941799.41846,13892,4988.107,10452025.35669
2026-03-15 17:45:00+00:00,2095.85,2117.62,2095.42,2109.65,115212.721,2026-03-15 17:59:59.999000+00:00,242875697.86618,117148,70269.296,148101181.46965
2026-03-15 18:00:00+00:00,2109.65,2112.45,2106.27,2107.6,28621.212,2026-03-15 18:14:59.999000+00:00,60354889.19709,42925,12691.327,26764433.18422
2026-03-15 18:15:00+00:00,2107.6,2109.9,2105.55,2107.36,18370.037,2026-03-15 18:29:59.999000+00:00,38717333.3986,26416,8251.71,17392734.13564
2026-03-15 18:30:00+00:00,2107.37,2112.83,2107.37,2108.53,21535.175,2026-03-15 18:44:59.999000+00:00,45446722.90257,30282,10937.402,23083325.88584
2026-03-15 18:45:00+00:00,2108.54,2109.0,2092.65,2098.05,62194.852,2026-03-15 18:59:59.999000+00:00,130539273.32221,77671,26827.573,56302921.50804
2026-03-15 19:00:00+00:00,2098.06,2110.82,2095.16,2110.28,50525.436,2026-03-15 19:14:59.999000+00:00,106232129.41818,63098,28153.101,59203224.26874
2026-03-15 19:15:00+00:00,2110.27,2111.87,2106.81,2110.6,27492.852,2026-03-15 19:29:59.999000+00:00,57981971.82705,37476,14647.049,30889340.90635
2026-03-15 19:30:00+00:00,2110.6,2113.27,2108.31,2109.19,19826.397,2026-03-15 19:44:59.999000+00:00,41841016.5173,25776,10843.237,22883611.66825
2026-03-15 19:45:00+00:00,2109.18,2113.35,2108.07,2112.33,14211.306,2026-03-15 19:59:59.999000+00:00,29994755.46482,19968,8410.366,17750538.62212
2026-03-15 20:00:00+00:00,2112.32,2113.09,2110.08,2111.04,16109.33,2026-03-15 20:14:59.999000+00:00,34015748.17402,25042,7679.248,16213857.1874
2026-03-15 20:15:00+00:00,2111.04,2113.88,2108.91,2113.2,22535.565,2026-03-15 20:29:59.999000+00:00,47579729.79669,30414,12332.586,26041956.09995
2026-03-15 20:30:00+00:00,2113.19,2139.0,2113.19,2130.1,160836.933,2026-03-15 20:44:59.999000+00:00,342234160.62862,168772,101645.685,216277861.36499
2026-03-15 20:45:00+00:00,2130.1,2132.44,2127.13,2128.0,30524.716,2026-03-15 20:59:59.999000+00:00,64984537.09938,42956,15738.584,33506909.89898
2026-03-15 21:00:00+00:00,2128.01,2132.0,2122.4,2122.79,30427.493,2026-03-15 21:14:59.999000+00:00,64703422.45182,44078,13283.666,28253692.44827
2026-03-15 21:15:00+00:00,2122.79,2131.12,2122.79,2128.52,22742.036,2026-03-15 21:29:59.999000+00:00,48385617.36606,30141,12952.845,27554004.50041
2026-03-15 21:30:00+00:00,2128.52,2144.0,2128.51,2139.65,61993.536,2026-03-15 21:44:59.999000+00:00,132555597.1679,79835,36825.19,78742734.76746
2026-03-15 21:45:00+00:00,2139.65,2143.0,2134.08,2138.41,25040.996,2026-03-15 21:59:59.999000+00:00,53524201.27526,62817,13071.22,27940660.67598
2026-03-15 22:00:00+00:00,2138.42,2148.98,2127.66,2129.04,103106.01,2026-03-15 22:14:59.999000+00:00,220550036.31408,142248,55726.549,119253810.04339
2026-03-15 22:15:00+00:00,2129.04,2135.68,2124.1,2133.22,44707.067,2026-03-15 22:29:59.999000+00:00,95230958.966,74988,23467.68,49991876.48279
2026-03-15 22:30:00+00:00,2133.23,2177.56,2133.23,2171.51,286837.189,2026-03-15 22:44:59.999000+00:00,619065937.34513,283713,174848.594,377211043.46813
2026-03-15 22:45:00+00:00,2171.52,2192.15,2171.01,2183.73,221727.309,2026-03-15 22:59:59.999000+00:00,483893162.31024,266928,130772.702,285396816.39939
2026-03-15 23:00:00+00:00,2183.74,2202.87,2183.74,2195.91,258773.866,2026-03-15 23:14:59.999000+00:00,567834668.49462,316834,150321.194,329860409.45655
2026-03-15 23:15:00+00:00,2195.92,2199.5,2171.59,2172.16,209845.107,2026-03-15 23:29:59.999000+00:00,458167766.0787,213813,96396.641,210484819.09347
2026-03-15 23:30:00+00:00,2172.16,2180.97,2165.24,2178.06,110735.718,2026-03-15 23:44:59.999000+00:00,240538346.79816,163741,55716.353,121042420.89287
2026-03-15 23:45:00+00:00,2178.06,2182.95,2168.46,2177.73,44840.447,2026-03-15 23:59:59.999000+00:00,97530875.05603,96859,21549.641,46873871.02171
2026-03-16 00:00:00+00:00,2177.73,2186.9,2173.25,2173.67,86141.451,2026-03-16 00:14:59.999000+00:00,187852168.88651,143466,41604.486,90746676.82747
2026-03-16 00:15:00+00:00,2173.68,2180.68,2166.56,2167.88,45328.496,2026-03-16 00:29:59.999000+00:00,98457828.60631,82489,18636.801,40494362.94253
2026-03-16 00:30:00+00:00,2167.88,2173.35,2163.32,2169.27,42052.208,2026-03-16 00:44:59.999000+00:00,91198222.7504,86688,20316.831,44070151.39093
2026-03-16 00:45:00+00:00,2169.27,2174.52,2168.97,2170.39,17426.821,2026-03-16 00:59:59.999000+00:00,37843212.91698,49349,8186.518,17778620.17835
2026-03-16 01:00:00+00:00,2170.4,2173.85,2163.56,2164.95,32039.098,2026-03-16 01:14:59.999000+00:00,69475048.223,82814,14688.587,31851768.30209
2026-03-16 01:15:00+00:00,2164.95,2182.0,2164.95,2178.99,56759.489,2026-03-16 01:29:59.999000+00:00,123463303.25272,107304,35738.021,77746183.60693
2026-03-16 01:30:00+00:00,2178.98,2181.73,2173.31,2178.54,34885.835,2026-03-16 01:44:59.999000+00:00,75970241.3765,86931,17645.246,38428388.41823
2026-03-16 01:45:00+00:00,2178.54,2189.98,2177.59,2184.99,58260.482,2026-03-16 01:59:59.999000+00:00,127260517.22197,80272,32528.615,71054143.8981
2026-03-16 02:00:00+00:00,2184.99,2188.45,2177.16,2178.81,42402.618,2026-03-16 02:14:59.999000+00:00,92578398.21794,75791,21401.49,46741195.5378
2026-03-16 02:15:00+00:00,2178.82,2180.61,2169.0,2172.67,52943.462,2026-03-16 02:29:59.999000+00:00,115114636.48996,78551,22230.528,48340254.77591
2026-03-16 02:30:00+00:00,2172.67,2176.71,2169.88,2175.63,24789.361,2026-03-16 02:44:59.999000+00:00,53880157.47598,52113,14144.493,30743893.87001
2026-03-16 02:45:00+00:00,2175.62,2182.72,2172.78,2179.63,27832.501,2026-03-16 02:59:59.999000+00:00,60636520.18313,52553,15426.365,33607103.10093
2026-03-16 03:00:00+00:00,2179.63,2183.38,2176.37,2180.58,29052.538,2026-03-16 03:14:59.999000+00:00,63335386.2782,55876,14708.136,32065102.02875
2026-03-16 03:15:00+00:00,2180.57,2209.0,2178.45,2199.91,217921.585,2026-03-16 03:29:59.999000+00:00,479019420.0642,180549,130420.135,286684448.43835
2026-03-16 03:30:00+00:00,2199.91,2253.6,2199.9,2237.79,578607.317,2026-03-16 03:44:59.999000+00:00,1292331645.42267,554445,354679.44,792187712.4532
2026-03-16 03:45:00+00:00,2237.79,2243.39,2229.01,2235.13,165971.969,2026-03-16 03:59:59.999000+00:00,371154505.52362,187584,84522.871,189033269.33919
2026-03-16 04:00:00+00:00,2235.14,2244.47,2235.13,2243.88,82372.923,2026-03-16 04:14:59.999000+00:00,184533487.02581,130926,45342.143,101578964.15142
2026-03-16 04:15:00+00:00,2243.88,2266.84,2242.1,2248.29,202131.951,2026-03-16 04:29:59.999000+00:00,455036326.24682,209706,103440.792,232961966.95836
2026-03-16 04:30:00+00:00,2248.28,2270.0,2248.0,2260.1,229241.886,2026-03-16 04:44:59.999000+00:00,518186330.79104,251141,123135.655,278349877.89832
2026-03-16 04:45:00+00:00,2260.11,2279.97,2256.91,2262.25,169983.773,2026-03-16 04:59:59.999000+00:00,385158222.69505,192982,86782.215,196722174.06226
2026-03-16 05:00:00+00:00,2262.25,2268.86,2255.61,2262.46,125163.787,2026-03-16 05:14:59.999000+00:00,283094444.72459,149662,64569.502,146050671.01874
2026-03-16 05:15:00+00:00,2262.46,2269.39,2258.52,2267.98,67339.021,2026-03-16 05:29:59.999000+00:00,152513684.44444,99574,33264.007,75344278.80752
2026-03-16 05:30:00+00:00,2267.98,2272.5,2258.56,2269.62,75351.267,2026-03-16 05:44:59.999000+00:00,170669526.47095,93445,35643.448,80736318.42787
2026-03-16 05:45:00+00:00,2269.62,2288.0,2267.14,2279.41,228419.389,2026-03-16 05:59:59.999000+00:00,520395766.74245,222022,133202.604,303496305.50122
2026-03-16 06:00:00+00:00,2279.42,2280.78,2260.0,2262.64,126112.571,2026-03-16 06:14:59.999000+00:00,285838161.91708,137392,55877.917,126648596.53738
2026-03-16 06:15:00+00:00,2262.65,2270.99,2261.91,2264.93,52383.834,2026-03-16 06:29:59.999000+00:00,118721203.12923,76054,28218.377,63957976.09861
2026-03-16 06:30:00+00:00,2264.92,2269.55,2262.56,2265.91,33293.193,2026-03-16 06:44:59.999000+00:00,75439335.4226,52331,17456.18,39556893.40743
2026-03-16 06:45:00+00:00,2265.92,2265.99,2260.0,2261.01,33303.416,2026-03-16 06:59:59.999000+00:00,75349076.04955,46283,13000.15,29414751.77694
2026-03-16 07:00:00+00:00,2261.01,2268.43,2259.6,2265.15,46412.68,2026-03-16 07:14:59.999000+00:00,105123394.54575,61762,24026.8,54412918.29968
2026-03-16 07:15:00+00:00,2265.15,2268.4,2259.72,2266.15,43110.653,2026-03-16 07:29:59.999000+00:00,97635309.86823,55688,22679.92,51359197.34874
2026-03-16 07:30:00+00:00,2266.15,2266.78,2250.1,2252.59,90032.043,2026-03-16 07:44:59.999000+00:00,203088693.09608,85038,36714.175,82804191.88225
2026-03-16 07:45:00+00:00,2252.6,2253.79,2244.68,2248.43,89521.59,2026-03-16 07:59:59.999000+00:00,201340485.3798,79584,38223.876,85967554.33289
2026-03-16 08:00:00+00:00,2248.44,2258.37,2248.44,2249.57,62406.453,2026-03-16 08:14:59.999000+00:00,140705103.73575,84116,35152.794,79257837.41865
2026-03-16 08:15:00+00:00,2249.57,2257.06,2244.18,2250.12,47425.461,2026-03-16 08:29:59.999000+00:00,106737427.83874,80443,25386.443,57143179.01622
2026-03-16 08:30:00+00:00,2250.11,2252.66,2236.0,2236.43,89193.329,2026-03-16 08:44:59.999000+00:00,200082004.80271,115924,36299.67,81449776.87029
2026-03-16 08:45:00+00:00,2236.43,2246.9,2233.0,2242.6,71262.331,2026-03-16 08:59:59.999000+00:00,159672555.18416,101600,35627.289,79841101.9896
2026-03-16 09:00:00+00:00,2242.6,2248.0,2238.37,2245.23,33254.941,2026-03-16 09:14:59.999000+00:00,74619258.24546,55875,18029.055,40462482.36282
2026-03-16 09:15:00+00:00,2245.22,2256.47,2245.22,2254.26,77528.227,2026-03-16 09:29:59.999000+00:00,174503060.75614,87840,45964.446,103458330.31824
2026-03-16 09:30:00+00:00,2254.26,2256.21,2250.57,2252.62,29459.712,2026-03-16 09:44:59.999000+00:00,66382471.63241,49540,15911.603,35856217.58165
2026-03-16 09:45:00+00:00,2252.62,2265.0,2252.33,2259.24,66490.863,2026-03-16 09:59:59.999000+00:00,150298722.38539,80833,36273.059,81986881.65133
2026-03-16 10:00:00+00:00,2259.23,2269.42,2259.17,2265.05,79286.504,2026-03-16 10:14:59.999000+00:00,179645686.25651,85617,41236.581,93433156.61588
2026-03-16 10:15:00+00:00,2265.06,2273.06,2262.78,2264.81,50214.232,2026-03-16 10:29:59.999000+00:00,113846118.42773,73397,27590.549,62560979.82191
2026-03-16 10:30:00+00:00,2264.82,2264.88,2255.17,2258.23,67062.745,2026-03-16 10:44:59.999000+00:00,151504277.21231,73472,34934.749,78924229.23109
2026-03-16 10:45:00+00:00,2258.24,2277.88,2257.35,2277.12,110151.474,2026-03-16 10:59:59.999000+00:00,250130066.61264,120520,64952.883,147514332.05949
2026-03-16 11:00:00+00:00,2277.12,2279.13,2272.23,2273.11,81488.841,2026-03-16 11:14:59.999000+00:00,185422172.5333,90404,43444.699,98862817.71796
2026-03-16 11:15:00+00:00,2273.12,2279.68,2264.8,2266.46,53943.999,2026-03-16 11:29:59.999000+00:00,122518282.86015,76191,25552.911,58037443.26224
2026-03-16 11:30:00+00:00,2266.45,2271.96,2264.81,2270.2,38565.419,2026-03-16 11:44:59.999000+00:00,87485703.64496,51886,21679.559,49180608.25381
2026-03-16 11:45:00+00:00,2270.19,2275.0,2268.58,2268.81,26663.01,2026-03-16 11:59:59.999000+00:00,60560157.98999,40161,12587.1,28593962.15881
2026-03-16 12:00:00+00:00,2268.82,2293.0,2268.67,2280.63,189655.556,2026-03-16 12:14:59.999000+00:00,432411143.43461,167774,104370.793,238005164.09455
2026-03-16 12:15:00+00:00,2280.63,2302.82,2276.25,2299.04,298192.611,2026-03-16 12:29:59.999000+00:00,683420273.44638,259088,181467.253,415958016.0567
2026-03-16 12:30:00+00:00,2299.03,2302.99,2279.01,2282.0,147178.368,2026-03-16 12:44:59.999000+00:00,337032477.11799,168378,68539.402,156998438.45346
2026-03-16 12:45:00+00:00,2282.0,2283.34,2275.74,2278.19,61380.429,2026-03-16 12:59:59.999000+00:00,139868077.1597,82579,32724.497,74570942.66508
2026-03-16 13:00:00+00:00,2278.19,2281.2,2272.29,2278.53,53757.991,2026-03-16 13:14:59.999000+00:00,122388860.39064,81323,25514.541,58093599.40012
2026-03-16 13:15:00+00:00,2278.54,2281.62,2270.52,2279.67,44742.286,2026-03-16 13:29:59.999000+00:00,101857667.53809,67223,22236.713,50633946.24513
2026-03-16 13:30:00+00:00,2279.67,2308.0,2276.1,2290.31,334107.974,2026-03-16 13:44:59.999000+00:00,766817863.23719,333658,191255.584,438995657.73573
2026-03-16 13:45:00+00:00,2290.31,2301.75,2275.68,2287.56,226175.783,2026-03-16 13:59:59.999000+00:00,517208404.36876,241710,120782.43,276199506.81232
2026-03-16 14:00:00+00:00,2287.56,2303.96,2282.59,2296.37,177714.498,2026-03-16 14:14:59.999000+00:00,408055953.36323,208912,106678.256,244953396.69184
2026-03-16 14:15:00+00:00,2296.37,2301.55,2278.1,2279.64,92101.83,2026-03-16 14:29:59.999000+00:00,211179616.12437,164004,39684.072,91015693.15611
2026-03-16 14:30:00+00:00,2279.65,2280.57,2253.51,2262.62,294278.819,2026-03-16 14:44:59.999000+00:00,666355229.04278,338476,137914.616,312306568.3329
2026-03-16 14:45:00+00:00,2262.62,2289.7,2255.0,2286.84,140137.892,2026-03-16 14:59:59.999000+00:00,318479772.41954,210014,76764.513,174474362.20237
2026-03-16 15:00:00+00:00,2286.83,2293.0,2276.03,2285.94,96896.705,2026-03-16 15:14:59.999000+00:00,221309621.94463,168990,50289.362,114879459.59941
2026-03-16 15:15:00+00:00,2285.94,2292.23,2280.88,2290.41,79950.329,2026-03-16 15:29:59.999000+00:00,182937420.21619,132461,39217.44,89736332.30095
2026-03-16 15:30:00+00:00,2290.42,2298.5,2280.61,2282.68,65689.555,2026-03-16 15:44:59.999000+00:00,150307906.76516,129488,34734.964,79503947.26941
2026-03-16 15:45:00+00:00,2282.69,2286.8,2268.62,2272.42,69954.737,2026-03-16 15:59:59.999000+00:00,159263512.20645,119949,33379.758,75984845.75273
2026-03-16 16:00:00+00:00,2272.41,2285.87,2268.62,2276.37,64041.254,2026-03-16 16:14:59.999000+00:00,145803091.11139,125258,34438.025,78403444.32573
2026-03-16 16:15:00+00:00,2276.37,2288.82,2275.51,2281.99,69572.726,2026-03-16 16:29:59.999000+00:00,158738227.47718,113489,42173.995,96225485.27864
2026-03-16 16:30:00+00:00,2281.98,2292.0,2277.0,2290.32,44779.066,2026-03-16 16:44:59.999000+00:00,102351799.0351,105121,24219.724,55365090.80257
2026-03-16 16:45:00+00:00,2290.32,2299.79,2286.44,2296.07,103701.543,2026-03-16 16:59:59.999000+00:00,237905156.44008,136396,57324.203,131501806.20923
2026-03-16 17:00:00+00:00,2296.08,2307.6,2292.19,2303.8,110772.36,2026-03-16 17:14:59.999000+00:00,254917742.72231,166812,58717.197,135132841.96108
2026-03-16 17:15:00+00:00,2303.8,2305.56,2296.79,2299.47,45877.572,2026-03-16 17:29:59.999000+00:00,105594142.66426,89704,19515.98,44923687.84389
2026-03-16 17:30:00+00:00,2299.47,2315.63,2299.46,2311.59,138613.903,2026-03-16 17:44:59.999000+00:00,320228289.83681,150528,86656.98,200229177.90717
2026-03-16 17:45:00+00:00,2311.59,2321.46,2307.5,2313.44,114375.203,2026-03-16 17:59:59.999000+00:00,264830331.50467,135564,71396.961,165374976.47175
2026-03-16 18:00:00+00:00,2313.44,2341.0,2312.67,2333.74,265286.61,2026-03-16 18:14:59.999000+00:00,617858888.6008,240911,168780.396,393126839.79618
2026-03-16 18:15:00+00:00,2333.75,2345.0,2328.86,2336.4,129009.325,2026-03-16 18:29:59.999000+00:00,301385714.04468,170228,65541.148,153173551.56853
2026-03-16 18:30:00+00:00,2336.4,2344.67,2332.32,2338.7,98411.382,2026-03-16 18:44:59.999000+00:00,230105909.32155,134588,46951.884,109799741.9215
2026-03-16 18:45:00+00:00,2338.7,2338.71,2318.0,2320.66,78255.893,2026-03-16 18:59:59.999000+00:00,182102551.87785,107840,33040.984,76880524.8429
2026-03-16 19:00:00+00:00,2320.65,2347.99,2317.15,2337.12,122675.383,2026-03-16 19:14:59.999000+00:00,286293046.63278,172144,68244.107,159282534.00427
2026-03-16 19:15:00+00:00,2337.11,2340.64,2322.99,2331.65,64294.074,2026-03-16 19:29:59.999000+00:00,149886073.05251,109504,30271.275,70568535.56375
2026-03-16 19:30:00+00:00,2331.64,2337.29,2328.34,2333.46,35099.064,2026-03-16 19:44:59.999000+00:00,81891763.6518,72416,15063.15,35147062.73113
2026-03-16 19:45:00+00:00,2333.46,2334.17,2322.83,2329.98,45562.605,2026-03-16 19:59:59.999000+00:00,106096943.77636,91616,20062.128,46720456.26527
2026-03-16 20:00:00+00:00,2329.98,2331.83,2322.37,2325.99,29337.447,2026-03-16 20:14:59.999000+00:00,68234233.97145,58508,14462.318,33636065.95272
2026-03-16 20:15:00+00:00,2325.99,2332.23,2324.08,2330.16,25332.749,2026-03-16 20:29:59.999000+00:00,58977137.42233,53295,13119.552,30543995.9435
2026-03-16 20:30:00+00:00,2330.16,2341.92,2329.69,2336.1,41088.321,2026-03-16 20:44:59.999000+00:00,96010575.61885,63501,25169.498,58811148.56107
2026-03-16 20:45:00+00:00,2336.11,2346.85,2336.0,2344.11,46502.221,2026-03-16 20:59:59.999000+00:00,108924612.97885,70776,28231.939,66128612.73777
2026-03-16 21:00:00+00:00,2344.11,2357.0,2342.38,2349.86,123859.252,2026-03-16 21:14:59.999000+00:00,291049958.37518,142380,72349.543,170053891.40778
2026-03-16 21:15:00+00:00,2349.85,2352.57,2342.61,2346.04,61121.558,2026-03-16 21:29:59.999000+00:00,143501125.41992,74454,27467.768,64492595.26032
2026-03-16 21:30:00+00:00,2346.04,2376.05,2345.0,2358.12,160292.601,2026-03-16 21:44:59.999000+00:00,378814414.24456,169518,93909.017,222008830.54993
2026-03-16 21:45:00+00:00,2358.12,2369.89,2356.0,2359.63,48212.479,2026-03-16 21:59:59.999000+00:00,113848269.3544,122035,24911.53,58825595.37996
2026-03-16 22:00:00+00:00,2359.63,2385.78,2358.34,2375.47,141313.517,2026-03-16 22:14:59.999000+00:00,335656623.48335,187018,80773.881,191887509.58812
2026-03-16 22:15:00+00:00,2375.47,2376.05,2353.97,2358.29,80386.669,2026-03-16 22:29:59.999000+00:00,190053111.32896,125452,29048.472,68679249.64087
2026-03-16 22:30:00+00:00,2358.29,2365.8,2356.8,2364.67,40095.91,2026-03-16 22:44:59.999000+00:00,94701362.48945,71498,22733.76,53697400.52177
2026-03-16 22:45:00+00:00,2364.68,2367.98,2355.0,2356.69,43053.057,2026-03-16 22:59:59.999000+00:00,101648150.15651,71397,18310.847,43243217.38867
2026-03-16 23:00:00+00:00,2356.69,2356.89,2328.85,2338.5,139519.371,2026-03-16 23:14:59.999000+00:00,326460257.74473,157683,58563.373,137016187.41891
2026-03-16 23:15:00+00:00,2338.51,2351.32,2335.52,2350.21,61725.656,2026-03-16 23:29:59.999000+00:00,144638714.69609,87640,32661.928,76547863.74131
2026-03-16 23:30:00+00:00,2350.21,2357.89,2348.79,2356.54,46293.586,2026-03-16 23:44:59.999000+00:00,108965059.75478,82473,24240.398,57060003.70804
2026-03-16 23:45:00+00:00,2356.54,2361.01,2345.25,2351.66,48990.061,2026-03-16 23:59:59.999000+00:00,115235199.31857,91486,22330.611,52537341.47527
2026-03-17 00:00:00+00:00,2351.66,2375.69,2339.0,2366.2,165406.407,2026-03-17 00:14:59.999000+00:00,390051184.72694,241319,101600.117,239776132.69253
2026-03-17 00:15:00+00:00,2366.2,2377.0,2340.62,2353.01,142782.729,2026-03-17 00:29:59.999000+00:00,337046550.34166,214318,70256.433,165994000.88154
2026-03-17 00:30:00+00:00,2353.0,2369.52,2347.09,2352.56,108915.423,2026-03-17 00:44:59.999000+00:00,256882367.28384,191278,61910.205,146086314.36891
2026-03-17 00:45:00+00:00,2352.55,2356.93,2345.39,2356.55,36612.966,2026-03-17 00:59:59.999000+00:00,86062685.73174,100252,18834.57,44276907.35836
2026-03-17 01:00:00+00:00,2356.54,2373.0,2345.57,2363.8,96168.486,2026-03-17 01:14:59.999000+00:00,227102144.50282,205584,50696.577,119753616.26278
2026-03-17 01:15:00+00:00,2363.8,2367.44,2356.07,2363.56,44073.207,2026-03-17 01:29:59.999000+00:00,104108658.91521,117484,19678.989,46489551.66672
2026-03-17 01:30:00+00:00,2363.55,2375.94,2349.57,2359.44,110962.687,2026-03-17 01:44:59.999000+00:00,262085907.69499,179971,55023.5,129994746.02047
2026-03-17 01:45:00+00:00,2359.43,2365.44,2349.68,2359.83,67955.822,2026-03-17 01:59:59.999000+00:00,160164154.14822,105333,29475.521,69467014.04115
2026-03-17 02:00:00+00:00,2359.83,2360.67,2343.43,2348.22,60643.208,2026-03-17 02:14:59.999000+00:00,142497473.84229,105272,26163.257,61469192.72786
2026-03-17 02:15:00+00:00,2348.22,2349.11,2343.39,2346.8,32915.818,2026-03-17 02:29:59.999000+00:00,77205545.4515,62990,16875.324,39582593.04025
2026-03-17 02:30:00+00:00,2346.8,2360.32,2345.13,2357.31,44866.426,2026-03-17 02:44:59.999000+00:00,105646007.94522,73993,22889.165,53895929.88306
2026-03-17 02:45:00+00:00,2357.31,2360.47,2349.25,2349.96,36867.418,2026-03-17 02:59:59.999000+00:00,86827868.95607,65696,17860.849,42075900.70158
2026-03-17 03:00:00+00:00,2349.96,2354.85,2340.04,2341.4,52597.271,2026-03-17 03:14:59.999000+00:00,123373878.64449,86839,20211.585,47412854.44346
2026-03-17 03:15:00+00:00,2341.41,2343.4,2332.44,2335.71,71870.492,2026-03-17 03:29:59.999000+00:00,167994756.65387,101546,34344.648,80268306.11457
2026-03-17 03:30:00+00:00,2335.71,2336.0,2313.0,2315.52,202558.068,2026-03-17 03:44:59.999000+00:00,470556031.62202,208541,98361.385,228479187.37281
2026-03-17 03:45:00+00:00,2315.53,2320.99,2306.87,2319.11,234572.338,2026-03-17 03:59:59.999000+00:00,542595598.44152,185788,121281.471,280659086.66479
2026-03-17 04:00:00+00:00,2319.12,2329.0,2317.58,2326.8,126781.682,2026-03-17 04:14:59.999000+00:00,294585316.64866,124000,75660.992,175810934.15034
2026-03-17 04:15:00+00:00,2326.8,2327.2,2307.75,2311.93,105275.444,2026-03-17 04:29:59.999000+00:00,243666257.45481,106353,48369.552,111921000.3404
2026-03-17 04:30:00+00:00,2311.92,2315.91,2292.57,2303.86,154905.687,2026-03-17 04:44:59.999000+00:00,356856168.76262,181518,62325.942,143587385.59755
2026-03-17 04:45:00+00:00,2303.86,2313.0,2303.12,2310.27,41942.308,2026-03-17 04:59:59.999000+00:00,96850701.3774,72962,22049.184,50914280.11955
2026-03-17 05:00:00+00:00,2310.27,2315.9,2304.13,2311.59,43929.117,2026-03-17 05:14:59.999000+00:00,101500473.27985,78986,19163.123,44285791.75204
2026-03-17 05:15:00+00:00,2311.58,2317.69,2309.05,2314.84,30981.948,2026-03-17 05:29:59.999000+00:00,71693479.66982,65920,16379.192,37908119.2994
2026-03-17 05:30:00+00:00,2314.84,2317.24,2300.8,2301.34,46323.739,2026-03-17 05:44:59.999000+00:00,106920074.35576,87817,17758.219,40995969.65551
2026-03-17 05:45:00+00:00,2301.34,2309.8,2296.67,2306.3,58324.898,2026-03-17 05:59:59.999000+00:00,134265263.49035,114116,28756.438,66204311.69851
2026-03-17 06:00:00+00:00,2306.29,2316.55,2297.21,2314.34,61445.862,2026-03-17 06:14:59.999000+00:00,141729900.92151,114424,33420.779,77100948.72981
2026-03-17 06:15:00+00:00,2314.33,2324.54,2312.0,2320.25,51033.739,2026-03-17 06:29:59.999000+00:00,118305274.18321,99506,29727.033,68929071.90902
2026-03-17 06:30:00+00:00,2320.25,2323.77,2306.34,2309.44,51389.488,2026-03-17 06:44:59.999000+00:00,118985881.40245,71811,21427.832,49654295.11375
2026-03-17 06:45:00+00:00,2309.44,2314.9,2306.64,2314.25,29293.043,2026-03-17 06:59:59.999000+00:00,67692884.73037,53819,13980.811,32315122.13605
2026-03-17 07:00:00+00:00,2314.26,2324.57,2314.21,2323.63,30878.292,2026-03-17 07:14:59.999000+00:00,71636707.30886,56987,16049.358,37239262.82459
2026-03-17 07:15:00+00:00,2323.63,2337.5,2323.54,2334.25,95533.768,2026-03-17 07:29:59.999000+00:00,222804103.71812,118557,57603.766,134332262.07517
2026-03-17 07:30:00+00:00,2334.25,2335.04,2327.01,2329.99,32359.918,2026-03-17 07:44:59.999000+00:00,75420081.03216,64463,13084.657,30493783.37889
2026-03-17 07:45:00+00:00,2329.99,2331.5,2323.99,2326.75,22564.755,2026-03-17 07:59:59.999000+00:00,52492866.93396,45735,11307.79,26305705.54033
2026-03-17 08:00:00+00:00,2326.74,2334.73,2314.1,2321.33,62379.669,2026-03-17 08:14:59.999000+00:00,145010231.87171,105234,25706.459,59779235.28789
2026-03-17 08:15:00+00:00,2321.33,2329.92,2317.4,2325.46,27982.882,2026-03-17 08:29:59.999000+00:00,65029602.95497,65910,14408.749,33487667.35171
2026-03-17 08:30:00+00:00,2325.46,2332.31,2319.1,2330.32,32316.753,2026-03-17 08:44:59.999000+00:00,75177212.83474,70110,18663.298,43424334.2239
2026-03-17 08:45:00+00:00,2330.32,2331.65,2314.65,2319.52,48671.46,2026-03-17 08:59:59.999000+00:00,112999891.354,71260,20521.243,47643312.13783
2026-03-17 09:00:00+00:00,2319.52,2323.82,2308.0,2309.6,90875.352,2026-03-17 09:14:59.999000+00:00,210256048.97365,116808,39721.638,91888071.33905
2026-03-17 09:15:00+00:00,2309.6,2328.87,2305.0,2323.77,88655.609,2026-03-17 09:29:59.999000+00:00,205430109.93016,115648,50057.189,116027712.21329
2026-03-17 09:30:00+00:00,2323.78,2324.99,2316.98,2322.02,40668.746,2026-03-17 09:44:59.999000+00:00,94404004.67963,63965,19455.07,45167088.20379
2026-03-17 09:45:00+00:00,2322.02,2322.36,2309.3,2314.67,40942.631,2026-03-17 09:59:59.999000+00:00,94765157.04585,66693,16059.269,37177012.79924
2026-03-17 10:00:00+00:00,2314.67,2315.99,2305.84,2311.94,40218.726,2026-03-17 10:14:59.999000+00:00,92963594.36541,91820,19627.939,45374698.11755
2026-03-17 10:15:00+00:00,2311.95,2313.42,2301.04,2312.34,51500.356,2026-03-17 10:29:59.999000+00:00,118896894.52569,83089,23406.354,54053171.76746
2026-03-17 10:30:00+00:00,2312.34,2315.74,2308.16,2308.88,35157.618,2026-03-17 10:44:59.999000+00:00,81258739.22094,56987,21610.496,49945558.31297
2026-03-17 10:45:00+00:00,2308.89,2314.42,2305.5,2311.87,39212.299,2026-03-17 10:59:59.999000+00:00,90577378.96109,46446,24831.296,57368180.57502
2026-03-17 11:00:00+00:00,2311.87,2322.37,2310.56,2322.37,45159.125,2026-03-17 11:14:59.999000+00:00,104695258.43519,71335,24323.307,56388111.90337
2026-03-17 11:15:00+00:00,2322.36,2331.71,2322.36,2327.24,81211.744,2026-03-17 11:29:59.999000+00:00,189020596.53156,98630,49142.06,114383373.6147
2026-03-17 11:30:00+00:00,2327.24,2329.82,2324.37,2328.6,24881.123,2026-03-17 11:44:59.999000+00:00,57901325.96206,47751,11719.52,27273600.42686
2026-03-17 11:45:00+00:00,2328.61,2332.22,2323.56,2325.75,35846.989,2026-03-17 11:59:59.999000+00:00,83444586.82674,60734,16395.631,38173615.28391
2026-03-17 12:00:00+00:00,2325.75,2331.41,2324.27,2325.17,27200.596,2026-03-17 12:14:59.999000+00:00,63308977.14279,57417,12985.659,30224654.10354
2026-03-17 12:15:00+00:00,2325.17,2334.43,2314.55,2319.2,85652.515,2026-03-17 12:29:59.999000+00:00,199084693.93285,125460,43299.096,100661045.0559
2026-03-17 12:30:00+00:00,2319.21,2323.2,2311.72,2320.03,35600.459,2026-03-17 12:44:59.999000+00:00,82509738.6543,84032,19015.262,44075344.78319
2026-03-17 12:45:00+00:00,2320.02,2320.02,2312.04,2314.63,36726.127,2026-03-17 12:59:59.999000+00:00,85022450.17071,67212,20067.393,46454488.52647
2026-03-17 13:00:00+00:00,2314.62,2319.44,2312.31,2317.91,23406.689,2026-03-17 13:14:59.999000+00:00,54219780.19827,58978,12872.285,29817953.07719
2026-03-17 13:15:00+00:00,2317.91,2322.0,2314.87,2319.48,32050.101,2026-03-17 13:29:59.999000+00:00,74320502.9838,55228,17590.469,40792589.96406
2026-03-17 13:30:00+00:00,2319.48,2345.19,2317.3,2331.33,172022.512,2026-03-17 13:44:59.999000+00:00,401798804.93074,267676,87531.3,204466307.78244
2026-03-17 13:45:00+00:00,2331.33,2333.13,2314.97,2327.6,141403.919,2026-03-17 13:59:59.999000+00:00,328690166.15532,194387,66258.949,153996482.58656
2026-03-17 14:00:00+00:00,2327.6,2334.36,2316.88,2330.86,67872.117,2026-03-17 14:14:59.999000+00:00,157959411.27062,154425,34467.858,80240463.51846
2026-03-17 14:15:00+00:00,2330.85,2336.52,2321.58,2332.88,46920.901,2026-03-17 14:29:59.999000+00:00,109304874.19331,129155,24223.495,56430089.12932
2026-03-17 14:30:00+00:00,2332.88,2347.82,2332.74,2341.49,104053.879,2026-03-17 14:44:59.999000+00:00,243619353.66512,178899,49884.387,116800293.58617
2026-03-17 14:45:00+00:00,2341.49,2346.1,2335.23,2342.33,52866.289,2026-03-17 14:59:59.999000+00:00,123804347.43342,116754,25591.888,59941380.48175
2026-03-17 15:00:00+00:00,2342.34,2356.66,2326.01,2327.7,163649.454,2026-03-17 15:14:59.999000+00:00,383652584.04766,252335,82753.104,194072931.41246
2026-03-17 15:15:00+00:00,2327.7,2333.76,2318.24,2322.29,77710.699,2026-03-17 15:29:59.999000+00:00,180762420.54819,137680,36407.276,84706460.26665
2026-03-17 15:30:00+00:00,2322.29,2325.87,2303.0,2311.61,148581.961,2026-03-17 15:44:59.999000+00:00,343260076.33591,202927,75011.737,173292327.64893
2026-03-17 15:45:00+00:00,2311.6,2319.6,2305.74,2314.69,68474.947,2026-03-17 15:59:59.999000+00:00,158408295.33386,107243,33982.226,78626887.63283
2026-03-17 16:00:00+00:00,2314.68,2324.81,2311.07,2316.13,46358.433,2026-03-17 16:14:59.999000+00:00,107467727.72514,108358,25179.18,58373552.47761
2026-03-17 16:15:00+00:00,2316.13,2335.81,2315.38,2329.86,73629.44,2026-03-17 16:29:59.999000+00:00,171477546.65484,135404,37273.543,86803134.16333
2026-03-17 16:30:00+00:00,2329.85,2331.81,2319.55,2324.82,50545.774,2026-03-17 16:44:59.999000+00:00,117488834.00322,95919,22262.541,51748341.61006
2026-03-17 16:45:00+00:00,2324.83,2330.57,2320.29,2325.72,33938.709,2026-03-17 16:59:59.999000+00:00,78946865.64224,73778,17280.199,40200244.41833
2026-03-17 17:00:00+00:00,2325.71,2332.94,2319.07,2325.54,33464.177,2026-03-17 17:14:59.999000+00:00,77879546.62885,70993,15563.972,36225770.07844
2026-03-17 17:15:00+00:00,2325.53,2334.3,2322.53,2328.17,29050.416,2026-03-17 17:29:59.999000+00:00,67673985.53419,69271,13827.346,32212311.18966
2026-03-17 17:30:00+00:00,2328.17,2334.51,2324.57,2332.29,24421.587,2026-03-17 17:44:59.999000+00:00,56891385.35021,55956,12710.999,29617674.59814
2026-03-17 17:45:00+00:00,2332.3,2341.83,2331.0,2338.93,56260.203,2026-03-17 17:59:59.999000+00:00,131514294.87946,94636,27782.98,64943600.72664
2026-03-17 18:00:00+00:00,2338.93,2341.66,2335.36,2337.06,30407.428,2026-03-17 18:14:59.999000+00:00,71103543.76146,63172,14203.424,33214857.09936
2026-03-17 18:15:00+00:00,2337.06,2339.82,2330.24,2331.81,25954.148,2026-03-17 18:29:59.999000+00:00,60595555.20923,63110,10568.737,24675679.78675
2026-03-17 18:30:00+00:00,2331.8,2340.46,2331.28,2335.92,27693.964,2026-03-17 18:44:59.999000+00:00,64731450.47707,55281,12076.162,28227314.13795
2026-03-17 18:45:00+00:00,2335.92,2338.61,2327.01,2331.96,25597.407,2026-03-17 18:59:59.999000+00:00,59699858.16208,53638,12644.589,29489275.28965
2026-03-17 19:00:00+00:00,2331.96,2337.73,2330.21,2336.15,20299.951,2026-03-17 19:14:59.999000+00:00,47376886.07732,46186,10471.533,24440477.68806
2026-03-17 19:15:00+00:00,2336.15,2338.99,2330.76,2333.65,17861.354,2026-03-17 19:29:59.999000+00:00,41718081.37546,41735,8323.492,19442322.55956
2026-03-17 19:30:00+00:00,2333.66,2334.36,2323.43,2324.55,29489.841,2026-03-17 19:44:59.999000+00:00,68681425.32166,52496,12567.557,29267114.77695
2026-03-17 19:45:00+00:00,2324.55,2325.0,2315.61,2319.1,55043.955,2026-03-17 19:59:59.999000+00:00,127732536.96946,79422,27523.129,63871884.18391
2026-03-17 20:00:00+00:00,2319.09,2323.12,2316.26,2316.86,38447.064,2026-03-17 20:14:59.999000+00:00,89189886.64417,55264,19571.026,45405652.54747
2026-03-17 20:15:00+00:00,2316.86,2329.15,2316.72,2328.01,23994.1,2026-03-17 20:29:59.999000+00:00,55782188.38991,34412,14680.672,34131428.46295
2026-03-17 20:30:00+00:00,2328.0,2328.1,2324.26,2325.43,10841.233,2026-03-17 20:44:59.999000+00:00,25216890.09209,23912,5075.885,11806138.89596
2026-03-17 20:45:00+00:00,2325.42,2328.0,2322.68,2326.66,10914.756,2026-03-17 20:59:59.999000+00:00,25389222.20018,20510,4683.089,10893487.86377
2026-03-17 21:00:00+00:00,2326.66,2345.0,2326.65,2338.02,45615.757,2026-03-17 21:14:59.999000+00:00,106632597.87387,54527,29070.757,67971002.37532
2026-03-17 21:15:00+00:00,2338.01,2338.72,2334.74,2335.39,20030.847,2026-03-17 21:29:59.999000+00:00,46812961.36059,28369,9503.154,22210426.48091
2026-03-17 21:30:00+00:00,2335.39,2339.79,2331.19,2337.78,16355.124,2026-03-17 21:44:59.999000+00:00,38213254.28244,31855,8385.219,19594664.40904
2026-03-17 21:45:00+00:00,2337.77,2340.36,2335.27,2337.16,15283.191,2026-03-17 21:59:59.999000+00:00,35725219.24645,28153,6241.717,14591127.59432
2026-03-17 22:00:00+00:00,2337.16,2341.09,2331.17,2332.14,22647.839,2026-03-17 22:14:59.999000+00:00,52911716.93391,50568,11756.052,27470242.42967
2026-03-17 22:15:00+00:00,2332.13,2333.46,2327.25,2327.55,11574.563,2026-03-17 22:29:59.999000+00:00,26979551.37008,28863,5153.611,12013819.03799
2026-03-17 22:30:00+00:00,2327.56,2328.28,2317.2,2323.64,35626.804,2026-03-17 22:44:59.999000+00:00,82728160.19339,61829,17066.646,39628947.34814
2026-03-17 22:45:00+00:00,2323.63,2329.38,2321.89,2328.41,14991.928,2026-03-17 22:59:59.999000+00:00,34857777.5795,31809,9259.876,21529814.37472
2026-03-17 23:00:00+00:00,2328.41,2331.79,2325.68,2329.4,15173.177,2026-03-17 23:14:59.999000+00:00,35334845.01417,30034,7816.931,18204647.16771
2026-03-17 23:15:00+00:00,2329.39,2332.15,2323.2,2326.49,22928.938,2026-03-17 23:29:59.999000+00:00,53380007.65486,35439,12768.482,29727796.11815
2026-03-17 23:30:00+00:00,2326.48,2326.48,2316.11,2317.83,24963.728,2026-03-17 23:44:59.999000+00:00,57947007.17837,42116,11460.408,26603095.18466
2026-03-17 23:45:00+00:00,2317.83,2321.52,2315.51,2316.45,22938.854,2026-03-17 23:59:59.999000+00:00,53179282.92286,39106,14453.81,33511887.90024
2026-03-18 00:00:00+00:00,2316.45,2322.5,2313.48,2319.88,27268.396,2026-03-18 00:14:59.999000+00:00,63222451.17749,52199,15017.563,34820205.97644
2026-03-18 00:15:00+00:00,2319.87,2320.86,2306.98,2312.83,55336.884,2026-03-18 00:29:59.999000+00:00,127968911.7842,91931,24254.494,56097924.19413
2026-03-18 00:30:00+00:00,2312.82,2313.75,2305.6,2313.66,33557.384,2026-03-18 00:44:59.999000+00:00,77501113.30305,70479,15278.699,35289123.40244
2026-03-18 00:45:00+00:00,2313.66,2324.77,2313.64,2323.27,37701.919,2026-03-18 00:59:59.999000+00:00,87451554.56983,60689,21377.683,49583544.33368
2026-03-18 01:00:00+00:00,2323.27,2328.84,2321.71,2324.27,41144.1,2026-03-18 01:14:59.999000+00:00,95700412.87929,66008,21116.786,49119684.08742
2026-03-18 01:15:00+00:00,2324.28,2329.99,2322.26,2328.81,20204.432,2026-03-18 01:29:59.999000+00:00,47007085.17928,46520,10044.522,23371783.4738
2026-03-18 01:30:00+00:00,2328.82,2334.15,2326.65,2329.21,29369.965,2026-03-18 01:44:59.999000+00:00,68448186.67733,55850,15559.003,36261194.43495
2026-03-18 01:45:00+00:00,2329.22,2331.48,2321.82,2323.81,19849.915,2026-03-18 01:59:59.999000+00:00,46179867.75465,40143,7947.862,18489087.04304
2026-03-18 02:00:00+00:00,2323.82,2334.09,2323.3,2332.99,22605.96,2026-03-18 02:14:59.999000+00:00,52666512.44644,43704,12214.813,28453205.14709
2026-03-18 02:15:00+00:00,2332.98,2333.67,2328.36,2329.91,14630.498,2026-03-18 02:29:59.999000+00:00,34102755.80047,33339,5726.133,13345740.31957
2026-03-18 02:30:00+00:00,2329.92,2340.93,2328.83,2335.2,52442.412,2026-03-18 02:44:59.999000+00:00,122523628.64681,65396,30805.148,71963465.82275
2026-03-18 02:45:00+00:00,2335.19,2336.37,2329.02,2330.04,20578.26,2026-03-18 02:59:59.999000+00:00,47987421.67636,37496,9349.829,21800592.97176
2026-03-18 03:00:00+00:00,2330.05,2332.73,2327.11,2329.57,27462.813,2026-03-18 03:14:59.999000+00:00,63982358.1329,43297,12040.101,28051915.3421
2026-03-18 03:15:00+00:00,2329.58,2341.96,2328.58,2338.48,45945.013,2026-03-18 03:29:59.999000+00:00,107388287.2772,62913,26429.079,61768594.3265
2026-03-18 03:30:00+00:00,2338.48,2349.99,2338.29,2340.59,93078.799,2026-03-18 03:44:59.999000+00:00,218131274.21864,93452,49141.768,115164957.70543
2026-03-18 03:45:00+00:00,2340.6,2341.7,2338.06,2339.6,23842.959,2026-03-18 03:59:59.999000+00:00,55787389.78921,39630,10243.386,23967818.85974
2026-03-18 04:00:00+00:00,2339.61,2341.0,2337.14,2337.99,20758.958,2026-03-18 04:14:59.999000+00:00,48549367.3732,33928,8947.732,20926985.75282
2026-03-18 04:15:00+00:00,2337.99,2338.18,2331.17,2331.43,27345.346,2026-03-18 04:29:59.999000+00:00,63848206.68805,36862,10425.694,24344480.68871
2026-03-18 04:30:00+00:00,2331.44,2331.64,2326.59,2328.77,33069.244,2026-03-18 04:44:59.999000+00:00,77013046.30975,46420,15887.658,37000726.97543
2026-03-18 04:45:00+00:00,2328.76,2330.59,2325.12,2326.33,18418.141,2026-03-18 04:59:59.999000+00:00,42863839.33391,31033,8714.591,20282498.07044
2026-03-18 05:00:00+00:00,2326.32,2329.99,2324.76,2328.79,44027.59,2026-03-18 05:14:59.999000+00:00,102505015.61426,48803,18566.098,43227125.9417
2026-03-18 05:15:00+00:00,2328.79,2329.5,2323.44,2325.49,17940.508,2026-03-18 05:29:59.999000+00:00,41736517.3792,32127,8026.256,18673140.43215
2026-03-18 05:30:00+00:00,2325.48,2327.54,2321.08,2321.16,29702.808,2026-03-18 05:44:59.999000+00:00,69029970.42156,39109,15601.988,36266203.33607
2026-03-18 05:45:00+00:00,2321.15,2323.2,2312.88,2317.52,83065.477,2026-03-18 05:59:59.999000+00:00,192454699.61837,71142,36495.089,84547663.02753
2026-03-18 06:00:00+00:00,2317.53,2323.24,2317.13,2323.22,49058.567,2026-03-18 06:14:59.999000+00:00,113808924.26896,43255,27920.753,64776473.5311
2026-03-18 06:15:00+00:00,2323.23,2330.55,2321.13,2327.98,46175.405,2026-03-18 06:29:59.999000+00:00,107375493.3586,48254,26427.571,61449585.41671
2026-03-18 06:30:00+00:00,2327.99,2328.84,2321.63,2323.26,25294.018,2026-03-18 06:44:59.999000+00:00,58823690.53184,33332,12560.57,29209498.09722
2026-03-18 06:45:00+00:00,2323.25,2326.69,2321.03,2321.52,15220.776,2026-03-18 06:59:59.999000+00:00,35375484.4181,23306,7616.546,17703782.08941
2026-03-18 07:00:00+00:00,2321.53,2322.45,2315.29,2320.47,28578.968,2026-03-18 07:14:59.999000+00:00,66272719.55821,38625,14272.834,33097739.91862
2026-03-18 07:15:00+00:00,2320.47,2321.0,2314.44,2316.37,20322.712,2026-03-18 07:29:59.999000+00:00,47089614.29986,29908,10489.619,24305601.22232
2026-03-18 07:30:00+00:00,2316.37,2316.37,2310.07,2312.47,34721.039,2026-03-18 07:44:59.999000+00:00,80334539.02071,48225,17855.363,41314650.2995
2026-03-18 07:45:00+00:00,2312.48,2318.16,2311.76,2316.6,30142.202,2026-03-18 07:59:59.999000+00:00,69793856.31978,32463,16863.328,39049218.7942
2026-03-18 08:00:00+00:00,2316.6,2322.79,2316.09,2320.82,27498.375,2026-03-18 08:14:59.999000+00:00,63794450.21952,45112,17453.595,40490144.30973
2026-03-18 08:15:00+00:00,2320.82,2322.2,2318.0,2320.33,14747.38,2026-03-18 08:29:59.999000+00:00,34217876.80404,33504,6940.783,16105263.08537
2026-03-18 08:30:00+00:00,2320.34,2321.82,2317.43,2320.82,16661.694,2026-03-18 08:44:59.999000+00:00,38648508.77656,37424,8642.157,20046706.70296
2026-03-18 08:45:00+00:00,2320.82,2324.75,2318.73,2321.61,16098.776,2026-03-18 08:59:59.999000+00:00,37384326.73343,33630,7356.279,17083098.67101
2026-03-18 09:00:00+00:00,2321.62,2328.86,2320.32,2327.28,29102.833,2026-03-18 09:14:59.999000+00:00,67671907.33072,44883,17577.013,40875207.28515
2026-03-18 09:15:00+00:00,2327.27,2331.35,2326.8,2327.71,27599.944,2026-03-18 09:29:59.999000+00:00,64276137.81941,37040,12070.022,28111030.75535
2026-03-18 09:30:00+00:00,2327.71,2332.98,2327.52,2330.4,18857.584,2026-03-18 09:44:59.999000+00:00,43942967.66555,31464,10089.309,23511776.0669
2026-03-18 09:45:00+00:00,2330.39,2331.6,2325.64,2328.12,22454.129,2026-03-18 09:59:59.999000+00:00,52272709.25041,30376,9963.29,23193476.32184
2026-03-18 10:00:00+00:00,2328.12,2330.52,2323.0,2329.57,18423.859,2026-03-18 10:14:59.999000+00:00,42865721.42872,36751,9676.731,22516529.22517
2026-03-18 10:15:00+00:00,2329.56,2329.85,2325.87,2329.62,12441.368,2026-03-18 10:29:59.999000+00:00,28970157.18925,23575,7291.605,16980179.34321
2026-03-18 10:30:00+00:00,2329.62,2330.88,2311.4,2313.14,57463.302,2026-03-18 10:44:59.999000+00:00,133240562.93823,66031,20605.103,47784504.32805
2026-03-18 10:45:00+00:00,2313.14,2313.68,2305.08,2311.68,103589.464,2026-03-18 10:59:59.999000+00:00,239310297.86715,88467,51635.684,119303690.15041
2026-03-18 11:00:00+00:00,2311.68,2318.43,2302.6,2313.57,96544.002,2026-03-18 11:14:59.999000+00:00,222878634.47109,111707,44052.128,101736650.0718
2026-03-18 11:15:00+00:00,2313.57,2315.97,2291.47,2294.15,121922.749,2026-03-18 11:29:59.999000+00:00,280509915.25948,115713,44341.651,102071866.43385
2026-03-18 11:30:00+00:00,2294.15,2296.85,2262.01,2275.36,553065.859,2026-03-18 11:44:59.999000+00:00,1258272427.82757,445297,248006.176,564120638.49615
2026-03-18 11:45:00+00:00,2275.35,2275.91,2264.54,2268.1,100177.267,2026-03-18 11:59:59.999000+00:00,227420698.68656,139019,48860.518,110930026.87866
2026-03-18 12:00:00+00:00,2268.11,2269.74,2253.0,2259.2,170208.235,2026-03-18 12:14:59.999000+00:00,384674403.39731,199982,72928.508,164844496.50769
2026-03-18 12:15:00+00:00,2259.21,2263.03,2255.0,2262.54,88604.026,2026-03-18 12:29:59.999000+00:00,200194106.4933,143809,53963.809,121925410.04234
2026-03-18 12:30:00+00:00,2262.53,2262.54,2236.4,2240.8,283966.194,2026-03-18 12:44:59.999000+00:00,637267310.75756,281219,133866.686,300389633.89656
2026-03-18 12:45:00+00:00,2240.79,2245.5,2234.1,2236.48,134071.236,2026-03-18 12:59:59.999000+00:00,300240205.48291,173393,70573.56,158074979.54978
2026-03-18 13:00:00+00:00,2236.49,2239.62,2221.23,2236.67,204062.743,2026-03-18 13:14:59.999000+00:00,455443491.24096,221497,97537.662,217741705.51031
2026-03-18 13:15:00+00:00,2236.67,2240.97,2228.64,2237.73,87401.176,2026-03-18 13:29:59.999000+00:00,195435388.5757,121296,45732.891,102266724.70276
2026-03-18 13:30:00+00:00,2237.73,2243.87,2230.76,2237.0,136064.754,2026-03-18 13:44:59.999000+00:00,304484349.20705,204999,65288.007,146106913.35733
2026-03-18 13:45:00+00:00,2236.99,2240.47,2228.27,2234.66,77582.754,2026-03-18 13:59:59.999000+00:00,173285280.85898,143274,42625.061,95201313.37098
2026-03-18 14:00:00+00:00,2234.65,2236.19,2221.18,2222.03,101267.178,2026-03-18 14:14:59.999000+00:00,225558620.08953,180696,47807.587,106512518.41899
2026-03-18 14:15:00+00:00,2222.04,2227.1,2211.26,2214.8,147462.273,2026-03-18 14:29:59.999000+00:00,327250529.89721,165346,67895.419,150720528.3376
2026-03-18 14:30:00+00:00,2214.79,2223.67,2201.85,2203.29,198867.965,2026-03-18 14:44:59.999000+00:00,439735184.74232,200355,88417.146,195613230.34779
2026-03-18 14:45:00+00:00,2203.3,2211.0,2185.0,2189.1,324904.808,2026-03-18 14:59:59.999000+00:00,713684585.86783,268420,153141.043,336498265.23521
2026-03-18 15:00:00+00:00,2189.09,2194.98,2168.0,2179.87,393486.019,2026-03-18 15:14:59.999000+00:00,858605548.61718,336066,183120.7,399661438.50875
2026-03-18 15:15:00+00:00,2179.86,2185.44,2173.17,2181.52,149754.003,2026-03-18 15:29:59.999000+00:00,326415909.1777,191966,71836.902,156580185.09235
2026-03-18 15:30:00+00:00,2181.52,2191.3,2178.01,2181.74,96865.675,2026-03-18 15:44:59.999000+00:00,211606383.66302,142074,49456.571,108051950.67257
2026-03-18 15:45:00+00:00,2181.73,2188.4,2175.77,2186.25,86751.406,2026-03-18 15:59:59.999000+00:00,189392416.81252,114201,49226.867,107476927.33818
2026-03-18 16:00:00+00:00,2186.25,2190.0,2173.79,2176.03,117461.565,2026-03-18 16:14:59.999000+00:00,256251603.01639,144197,59160.328,129078348.26448
2026-03-18 16:15:00+00:00,2176.03,2179.3,2163.03,2173.34,131354.802,2026-03-18 16:29:59.999000+00:00,285367385.34266,163260,61532.023,133709901.38487
2026-03-18 16:30:00+00:00,2173.33,2179.15,2167.28,2178.97,67045.628,2026-03-18 16:44:59.999000+00:00,145773464.06302,115721,37553.14,81656020.31079
2026-03-18 16:45:00+00:00,2178.98,2186.0,2176.8,2180.0,57929.512,2026-03-18 16:59:59.999000+00:00,126350227.9289,77572,31375.272,68439871.73306
2026-03-18 17:00:00+00:00,2180.01,2183.55,2175.83,2181.19,40325.448,2026-03-18 17:14:59.999000+00:00,87903680.45326,81524,21685.256,47271453.50341
2026-03-18 17:15:00+00:00,2181.2,2199.82,2178.56,2197.32,116011.417,2026-03-18 17:29:59.999000+00:00,254121767.5866,126700,66277.202,145226485.62002
2026-03-18 17:30:00+00:00,2197.32,2210.65,2190.61,2203.17,155398.562,2026-03-18 17:44:59.999000+00:00,342136827.43531,158218,91131.832,200699752.23359
2026-03-18 17:45:00+00:00,2203.17,2209.49,2200.12,2202.59,47685.444,2026-03-18 17:59:59.999000+00:00,105087209.56797,91293,24310.652,53571642.88802
2026-03-18 18:00:00+00:00,2202.59,2219.0,2202.17,2213.89,138416.031,2026-03-18 18:14:59.999000+00:00,306366817.78046,223727,76962.226,170363349.03992
2026-03-18 18:15:00+00:00,2213.89,2213.89,2190.69,2197.0,120190.328,2026-03-18 18:29:59.999000+00:00,264181234.39628,171391,53096.816,116676539.69906
2026-03-18 18:30:00+00:00,2197.0,2208.32,2193.01,2199.19,69627.784,2026-03-18 18:44:59.999000+00:00,153237262.10618,179338,35047.294,77139294.69174
2026-03-18 18:45:00+00:00,2199.19,2199.2,2174.55,2180.26,150787.562,2026-03-18 18:59:59.999000+00:00,329221674.87368,192239,66246.281,144644219.55996
2026-03-18 19:00:00+00:00,2180.26,2192.76,2178.36,2187.54,57613.97,2026-03-18 19:14:59.999000+00:00,125996092.35217,115130,32623.062,71336295.28812
2026-03-18 19:15:00+00:00,2187.55,2196.15,2186.43,2192.43,30739.024,2026-03-18 19:29:59.999000+00:00,67380479.4793,76821,16065.955,35217105.33133
2026-03-18 19:30:00+00:00,2192.43,2195.33,2188.08,2190.67,35044.56,2026-03-18 19:44:59.999000+00:00,76782908.35832,69658,12900.82,28268881.84102
2026-03-18 19:45:00+00:00,2190.67,2191.81,2176.3,2184.91,50364.9,2026-03-18 19:59:59.999000+00:00,109948451.63942,85958,23190.399,50636393.92646
2026-03-18 20:00:00+00:00,2184.9,2188.03,2150.7,2170.55,230317.567,2026-03-18 20:14:59.999000+00:00,499046167.80401,217916,103783.939,224881629.73658
2026-03-18 20:15:00+00:00,2170.55,2177.94,2168.13,2175.87,54207.882,2026-03-18 20:29:59.999000+00:00,117788333.62348,90290,32177.393,69918730.27143
2026-03-18 20:30:00+00:00,2175.87,2185.03,2174.8,2180.04,41379.815,2026-03-18 20:44:59.999000+00:00,90251917.85121,68647,23710.192,51713391.98303
2026-03-18 20:45:00+00:00,2180.05,2195.14,2177.17,2186.41,56405.674,2026-03-18 20:59:59.999000+00:00,123348789.80588,72327,32824.004,71773608.79402
2026-03-18 21:00:00+00:00,2186.41,2194.35,2184.54,2187.91,30335.928,2026-03-18 21:14:59.999000+00:00,66459145.73551,49189,16459.987,36062241.9723
2026-03-18 21:15:00+00:00,2187.92,2200.0,2187.18,2196.3,37140.422,2026-03-18 21:29:59.999000+00:00,81529621.01961,43718,18574.235,40782772.08618
2026-03-18 21:30:00+00:00,2196.29,2203.45,2190.41,2200.52,35503.985,2026-03-18 21:44:59.999000+00:00,78033163.09607,51844,16585.039,36455190.13258
2026-03-18 21:45:00+00:00,2200.52,2205.9,2197.27,2201.55,24906.055,2026-03-18 21:59:59.999000+00:00,54859098.0156,47318,13735.34,30258357.68063
2026-03-18 22:00:00+00:00,2201.55,2202.48,2185.59,2189.28,51483.97,2026-03-18 22:14:59.999000+00:00,112896312.53109,74038,19543.644,42843663.73571
2026-03-18 22:15:00+00:00,2189.28,2194.97,2187.58,2193.0,19302.844,2026-03-18 22:29:59.999000+00:00,42319333.14991,40924,11395.998,24984734.62776
2026-03-18 22:30:00+00:00,2193.0,2193.72,2186.47,2190.5,15738.137,2026-03-18 22:44:59.999000+00:00,34455187.6423,39364,8309.247,18191301.37868
2026-03-18 22:45:00+00:00,2190.5,2193.53,2188.36,2193.43,14080.253,2026-03-18 22:59:59.999000+00:00,30849867.48479,29014,7802.693,17095813.25504
2026-03-18 23:00:00+00:00,2193.44,2198.57,2189.5,2192.42,35840.264,2026-03-18 23:14:59.999000+00:00,78622732.24937,55309,15756.834,34569812.23161
2026-03-18 23:15:00+00:00,2192.42,2194.19,2187.88,2193.55,16905.705,2026-03-18 23:29:59.999000+00:00,37036315.83353,38304,8448.005,18508779.11952
2026-03-18 23:30:00+00:00,2193.54,2203.37,2193.54,2200.74,34427.472,2026-03-18 23:44:59.999000+00:00,75745844.86887,58417,18552.742,40815314.74668
2026-03-18 23:45:00+00:00,2200.74,2205.9,2198.67,2201.95,34199.417,2026-03-18 23:59:59.999000+00:00,75330011.70014,65105,15378.621,33876546.83475
2026-03-19 00:00:00+00:00,2201.96,2208.15,2192.6,2200.15,52904.171,2026-03-19 00:14:59.999000+00:00,116412605.21587,81303,23712.0,52188739.858
2026-03-19 00:15:00+00:00,2200.15,2203.36,2195.09,2202.27,22025.975,2026-03-19 00:29:59.999000+00:00,48428095.07118,53786,11469.846,25221395.47989
2026-03-19 00:30:00+00:00,2202.26,2203.22,2190.21,2191.39,28334.621,2026-03-19 00:44:59.999000+00:00,62171984.26791,64556,13509.522,29647621.70288
2026-03-19 00:45:00+00:00,2191.38,2194.87,2189.41,2192.11,24755.816,2026-03-19 00:59:59.999000+00:00,54263242.81575,53244,13262.644,29071991.02389
2026-03-19 01:00:00+00:00,2192.1,2196.25,2187.0,2190.02,27125.174,2026-03-19 01:14:59.999000+00:00,59434489.95216,64546,13664.858,29943548.35474
2026-03-19 01:15:00+00:00,2190.03,2193.09,2186.12,2191.62,19634.066,2026-03-19 01:29:59.999000+00:00,42984073.07482,48505,11097.579,24297572.69907
2026-03-19 01:30:00+00:00,2191.61,2200.5,2189.7,2198.62,27652.517,2026-03-19 01:44:59.999000+00:00,60717904.65723,61830,17525.128,38483435.77986
2026-03-19 01:45:00+00:00,2198.62,2200.89,2195.56,2195.69,21844.865,2026-03-19 01:59:59.999000+00:00,48026009.87176,39781,10914.475,23999495.74571
2026-03-19 02:00:00+00:00,2195.7,2200.4,2187.58,2198.93,36920.526,2026-03-19 02:14:59.999000+00:00,81035049.7749,74677,19891.18,43656058.34166
2026-03-19 02:15:00+00:00,2198.94,2202.67,2197.79,2200.97,17913.511,2026-03-19 02:29:59.999000+00:00,39408393.12021,44048,11203.484,24646395.85414
2026-03-19 02:30:00+00:00,2200.97,2203.87,2198.06,2202.98,14765.019,2026-03-19 02:44:59.999000+00:00,32513916.95508,33879,8569.306,18871601.57871
2026-03-19 02:45:00+00:00,2202.99,2203.21,2194.81,2195.59,17867.932,2026-03-19 02:59:59.999000+00:00,39274502.55771,38824,7444.743,16363606.35269
2026-03-19 03:00:00+00:00,2195.6,2206.0,2195.6,2204.35,33684.204,2026-03-19 03:14:59.999000+00:00,74157496.59431,39210,20276.238,44636551.15113
2026-03-19 03:15:00+00:00,2204.36,2232.64,2203.77,2227.27,195861.344,2026-03-19 03:29:59.999000+00:00,435252757.44672,198188,116249.189,258273354.54412
2026-03-19 03:30:00+00:00,2227.27,2228.55,2207.79,2208.99,92623.637,2026-03-19 03:44:59.999000+00:00,205265730.28729,111978,41295.784,91509945.37352
2026-03-19 03:45:00+00:00,2208.99,2213.98,2205.36,2210.87,39565.521,2026-03-19 03:59:59.999000+00:00,87454523.00344,62339,22023.677,48682590.76148
2026-03-19 04:00:00+00:00,2210.86,2212.0,2196.36,2200.0,61002.373,2026-03-19 04:14:59.999000+00:00,134378651.58519,109958,28582.775,62961951.46681
2026-03-19 04:15:00+00:00,2200.0,2201.99,2191.43,2193.84,51675.614,2026-03-19 04:29:59.999000+00:00,113492957.86635,79696,23419.057,51442805.66997
2026-03-19 04:30:00+00:00,2193.84,2197.7,2188.59,2193.39,38499.195,2026-03-19 04:44:59.999000+00:00,84466581.52913,61719,18532.229,40667693.58478
2026-03-19 04:45:00+00:00,2193.39,2196.78,2190.0,2192.49,21275.573,2026-03-19 04:59:59.999000+00:00,46680509.48424,40103,9942.013,21811809.32363
2026-03-19 05:00:00+00:00,2192.49,2195.25,2189.69,2192.25,21305.979,2026-03-19 05:14:59.999000+00:00,46714826.55773,46529,10612.128,23268189.22331
2026-03-19 05:15:00+00:00,2192.25,2197.56,2188.02,2189.69,20498.22,2026-03-19 05:29:59.999000+00:00,44965696.90576,43113,8818.058,19348248.50772
2026-03-19 05:30:00+00:00,2189.7,2193.66,2185.3,2189.66,40242.52,2026-03-19 05:44:59.999000+00:00,88053138.21245,68577,19578.431,42844029.64731
2026-03-19 05:45:00+00:00,2189.65,2191.07,2186.1,2188.01,18169.695,2026-03-19 05:59:59.999000+00:00,39771370.7386,40921,7896.821,17286753.91684
2026-03-19 06:00:00+00:00,2188.01,2192.67,2181.17,2190.1,54049.746,2026-03-19 06:14:59.999000+00:00,118145643.60018,79155,26060.953,56980920.29815
2026-03-19 06:15:00+00:00,2190.1,2194.8,2186.1,2186.1,24102.477,2026-03-19 06:29:59.999000+00:00,52816289.96363,49193,11913.321,26111399.86119
2026-03-19 06:30:00+00:00,2186.1,2187.75,2176.61,2185.72,68797.258,2026-03-19 06:44:59.999000+00:00,150069504.44503,96447,28509.083,62199598.25217
2026-03-19 06:45:00+00:00,2185.71,2187.36,2176.81,2179.73,55304.907,2026-03-19 06:59:59.999000+00:00,120617609.08009,75475,23050.909,50267708.283
2026-03-19 07:00:00+00:00,2179.72,2181.51,2157.95,2159.49,219356.941,2026-03-19 07:14:59.999000+00:00,475699531.12345,200178,77073.788,167202929.48003
2026-03-19 07:15:00+00:00,2159.49,2162.49,2141.79,2153.95,240009.469,2026-03-19 07:29:59.999000+00:00,516440101.27752,254097,107274.399,230855966.26957
2026-03-19 07:30:00+00:00,2153.94,2174.83,2152.56,2166.72,138123.92,2026-03-19 07:44:59.999000+00:00,299038489.92169,176017,72013.778,155921302.50565
2026-03-19 07:45:00+00:00,2166.72,2172.5,2162.9,2165.27,58251.822,2026-03-19 07:59:59.999000+00:00,126224407.10876,103483,31063.571,67321138.05096
2026-03-19 08:00:00+00:00,2165.27,2169.96,2160.23,2164.51,51072.429,2026-03-19 08:14:59.999000+00:00,110559326.43178,114863,23777.375,51473420.15785
2026-03-19 08:15:00+00:00,2164.5,2167.99,2157.07,2158.23,39540.376,2026-03-19 08:29:59.999000+00:00,85507561.6114,88430,19441.587,42053491.83469
2026-03-19 08:30:00+00:00,2158.24,2166.23,2156.84,2159.74,56454.89,2026-03-19 08:44:59.999000+00:00,121941873.05517,92417,30524.925,65937074.21912
2026-03-19 08:45:00+00:00,2159.73,2164.16,2157.26,2159.64,35524.355,2026-03-19 08:59:59.999000+00:00,76753739.21991,62861,19296.424,41700013.99496
2026-03-19 09:00:00+00:00,2159.63,2167.21,2159.43,2162.85,36970.99,2026-03-19 09:14:59.999000+00:00,80000681.23085,76243,20807.946,45027711.22906
2026-03-19 09:15:00+00:00,2162.85,2187.24,2161.81,2178.53,157107.924,2026-03-19 09:29:59.999000+00:00,342212071.96272,160085,89576.754,195106511.13097
2026-03-19 09:30:00+00:00,2178.54,2185.75,2175.13,2181.71,53091.87,2026-03-19 09:44:59.999000+00:00,115762395.56646,98265,29007.995,63251818.96941
2026-03-19 09:45:00+00:00,2181.72,2189.8,2180.11,2188.22,57494.425,2026-03-19 09:59:59.999000+00:00,125653191.70022,104770,35145.937,76814843.66012
2026-03-19 10:00:00+00:00,2188.22,2191.99,2181.4,2183.16,47628.9,2026-03-19 10:14:59.999000+00:00,104113898.72644,66894,24228.301,52970456.98074
2026-03-19 10:15:00+00:00,2183.16,2186.0,2180.56,2181.1,22872.315,2026-03-19 10:29:59.999000+00:00,49938798.978,48498,11133.663,24310959.25872
2026-03-19 10:30:00+00:00,2181.09,2181.74,2175.03,2177.16,42191.147,2026-03-19 10:44:59.999000+00:00,91874231.68581,60424,20029.753,43617374.49564
2026-03-19 10:45:00+00:00,2177.16,2177.64,2171.28,2171.72,29496.179,2026-03-19 10:59:59.999000+00:00,64128039.74095,46284,13171.813,28636600.49637
2026-03-19 11:00:00+00:00,2171.73,2175.62,2166.19,2169.48,38467.945,2026-03-19 11:14:59.999000+00:00,83485927.69551,59614,18658.369,40501008.90199
2026-03-19 11:15:00+00:00,2169.49,2174.82,2167.85,2173.76,30823.756,2026-03-19 11:29:59.999000+00:00,66953495.03691,50102,15848.3,34423868.72087
2026-03-19 11:30:00+00:00,2173.77,2176.67,2164.55,2166.53,39483.588,2026-03-19 11:44:59.999000+00:00,85646649.86617,58402,17660.154,38308731.62773
2026-03-19 11:45:00+00:00,2166.53,2169.14,2164.7,2166.0,30266.296,2026-03-19 11:59:59.999000+00:00,65580609.80637,44165,18011.855,39028935.79787
2026-03-19 12:00:00+00:00,2165.99,2166.58,2154.82,2161.11,102493.545,2026-03-19 12:14:59.999000+00:00,221353648.52579,130289,48029.441,103719732.633
2026-03-19 12:15:00+00:00,2161.12,2161.7,2151.9,2154.69,59246.387,2026-03-19 12:29:59.999000+00:00,127762998.57751,76451,25971.625,56016442.74662
2026-03-19 12:30:00+00:00,2154.69,2157.44,2152.0,2153.03,52884.57,2026-03-19 12:44:59.999000+00:00,113943081.59686,70608,29077.924,62654367.96141
2026-03-19 12:45:00+00:00,2153.04,2153.31,2128.45,2131.34,268194.817,2026-03-19 12:59:59.999000+00:00,573336754.94867,224961,110196.339,235435685.4414
2026-03-19 13:00:00+00:00,2131.35,2135.37,2116.03,2118.36,222270.848,2026-03-19 13:14:59.999000+00:00,472464562.16612,246353,98949.4,210344351.46017
2026-03-19 13:15:00+00:00,2118.36,2136.34,2106.9,2128.79,178735.046,2026-03-19 13:29:59.999000+00:00,379648164.1555,175033,81995.877,174324280.99794
2026-03-19 13:30:00+00:00,2128.79,2141.67,2110.0,2136.93,233665.657,2026-03-19 13:44:59.999000+00:00,496415174.76986,329298,123038.933,261477903.76855
2026-03-19 13:45:00+00:00,2136.92,2142.47,2126.88,2136.67,121367.234,2026-03-19 13:59:59.999000+00:00,259186460.68013,189151,62360.966,133191282.7481
2026-03-19 14:00:00+00:00,2136.68,2146.5,2124.44,2126.29,95823.845,2026-03-19 14:14:59.999000+00:00,204535656.53226,189711,46280.168,98826300.95025
2026-03-19 14:15:00+00:00,2126.28,2128.18,2107.0,2108.48,127428.207,2026-03-19 14:29:59.999000+00:00,269882092.0962,192787,55782.025,118174613.97024
2026-03-19 14:30:00+00:00,2108.48,2116.95,2101.0,2113.77,175529.874,2026-03-19 14:44:59.999000+00:00,370152003.41037,205396,92555.971,195218548.17564
2026-03-19 14:45:00+00:00,2113.77,2130.84,2110.19,2120.6,126185.921,2026-03-19 14:59:59.999000+00:00,267799194.22269,161503,71285.456,151286947.00174
2026-03-19 15:00:00+00:00,2120.6,2135.89,2119.21,2127.43,88386.173,2026-03-19 15:14:59.999000+00:00,188059905.25133,151989,43218.565,91962233.51893
2026-03-19 15:15:00+00:00,2127.43,2134.39,2109.38,2111.27,111259.353,2026-03-19 15:29:59.999000+00:00,235716729.20407,164890,53545.246,113484784.43747
2026-03-19 15:30:00+00:00,2111.26,2115.65,2103.88,2104.01,82448.078,2026-03-19 15:44:59.999000+00:00,173982272.21843,153724,38571.184,81412013.89278
2026-03-19 15:45:00+00:00,2104.02,2126.05,2098.02,2117.62,167670.393,2026-03-19 15:59:59.999000+00:00,354116182.16585,217195,87188.264,184169437.50715
2026-03-19 16:00:00+00:00,2117.63,2120.99,2111.24,2114.94,87277.405,2026-03-19 16:14:59.999000+00:00,184613339.15698,134611,37960.216,80304471.97551
2026-03-19 16:15:00+00:00,2114.94,2116.25,2105.28,2111.63,135811.449,2026-03-19 16:29:59.999000+00:00,286464391.4532,144019,66893.824,141092471.58579
2026-03-19 16:30:00+00:00,2111.63,2121.7,2105.68,2115.84,69042.504,2026-03-19 16:44:59.999000+00:00,145980233.20239,111350,38010.679,80386102.36194
2026-03-19 16:45:00+00:00,2115.85,2116.89,2107.24,2113.95,37416.468,2026-03-19 16:59:59.999000+00:00,79037548.02052,82922,18375.819,38810874.65746
2026-03-19 17:00:00+00:00,2113.96,2115.51,2103.43,2108.27,46102.25,2026-03-19 17:14:59.999000+00:00,97223812.5496,91723,23396.488,49335218.06158
2026-03-19 17:15:00+00:00,2108.26,2126.63,2106.0,2124.36,92046.961,2026-03-19 17:29:59.999000+00:00,195168181.19256,125443,53646.278,113740763.98161
2026-03-19 17:30:00+00:00,2124.36,2128.03,2112.42,2116.56,53213.403,2026-03-19 17:44:59.999000+00:00,112794983.07664,87156,26192.545,55544621.79164
2026-03-19 17:45:00+00:00,2116.57,2130.98,2115.26,2126.09,39923.711,2026-03-19 17:59:59.999000+00:00,84858848.47916,76315,23266.25,49450831.09281
2026-03-19 18:00:00+00:00,2126.09,2128.55,2121.0,2124.66,26814.638,2026-03-19 18:14:59.999000+00:00,56964204.41115,58598,13180.569,28000537.34541
2026-03-19 18:15:00+00:00,2124.67,2126.32,2116.73,2117.68,23129.726,2026-03-19 18:29:59.999000+00:00,49063546.71533,53773,9103.187,19312384.35314
2026-03-19 18:30:00+00:00,2117.69,2119.19,2113.01,2115.71,24184.21,2026-03-19 18:44:59.999000+00:00,51167187.99733,48702,13722.585,29032280.4704
2026-03-19 18:45:00+00:00,2115.71,2125.24,2113.34,2123.98,26662.16,2026-03-19 18:59:59.999000+00:00,56507473.79341,52977,15925.823,33753641.56992
2026-03-19 19:00:00+00:00,2123.98,2151.11,2123.67,2140.65,180295.386,2026-03-19 19:14:59.999000+00:00,385895551.44271,232244,101031.077,216258333.15399
2026-03-19 19:15:00+00:00,2140.64,2155.9,2137.67,2144.04,117048.87,2026-03-19 19:29:59.999000+00:00,251422106.74554,182929,65939.302,141663715.58467
2026-03-19 19:30:00+00:00,2144.04,2146.91,2136.52,2144.37,52056.727,2026-03-19 19:44:59.999000+00:00,111516067.23304,107934,24791.275,53107151.1428
2026-03-19 19:45:00+00:00,2144.36,2147.0,2137.4,2139.99,27286.149,2026-03-19 19:59:59.999000+00:00,58440992.60322,74353,13213.667,28300634.42621
2026-03-19 20:00:00+00:00,2139.99,2144.09,2138.3,2143.22,16992.046,2026-03-19 20:14:59.999000+00:00,36369153.41748,41017,9500.698,20336909.94125
2026-03-19 20:15:00+00:00,2143.22,2148.42,2138.18,2139.65,33066.458,2026-03-19 20:29:59.999000+00:00,70878567.33176,46208,12193.184,26141970.85036
2026-03-19 20:30:00+00:00,2139.64,2151.75,2138.64,2146.28,30931.688,2026-03-19 20:44:59.999000+00:00,66383818.89246,47592,15768.0,33836085.0861
2026-03-19 20:45:00+00:00,2146.28,2147.67,2141.59,2145.03,21681.192,2026-03-19 20:59:59.999000+00:00,46493024.96119,33704,7908.104,16959421.48588
2026-03-19 21:00:00+00:00,2145.03,2154.43,2144.29,2152.5,32880.138,2026-03-19 21:14:59.999000+00:00,70694470.6593,48160,13236.377,28460748.7162
2026-03-19 21:15:00+00:00,2152.5,2152.66,2143.34,2147.42,28449.748,2026-03-19 21:29:59.999000+00:00,61099513.88849,38836,10433.164,22409505.62679
2026-03-19 21:30:00+00:00,2147.42,2149.72,2144.44,2147.45,12751.351,2026-03-19 21:44:59.999000+00:00,27383628.89479,25867,6448.985,13849024.52749
2026-03-19 21:45:00+00:00,2147.46,2152.12,2143.87,2148.68,17696.506,2026-03-19 21:59:59.999000+00:00,38015559.87399,36354,7601.136,16326555.17169
2026-03-19 22:00:00+00:00,2148.68,2150.76,2142.02,2149.19,21627.5,2026-03-19 22:14:59.999000+00:00,46438770.44321,46476,8838.425,18980943.71444
2026-03-19 22:15:00+00:00,2149.19,2151.27,2145.85,2148.32,11824.288,2026-03-19 22:29:59.999000+00:00,25408724.84039,30892,4806.258,10327948.74816
2026-03-19 22:30:00+00:00,2148.31,2149.46,2131.13,2137.61,63070.127,2026-03-19 22:44:59.999000+00:00,134889273.05305,94128,22185.649,47434738.06924
2026-03-19 22:45:00+00:00,2137.6,2141.19,2134.0,2139.05,22554.209,2026-03-19 22:59:59.999000+00:00,48208354.76731,39805,10990.807,23493529.96849
2026-03-19 23:00:00+00:00,2139.05,2146.36,2139.0,2145.12,21066.13,2026-03-19 23:14:59.999000+00:00,45168234.27122,51568,12627.926,27073102.69278
2026-03-19 23:15:00+00:00,2145.13,2145.13,2135.23,2141.39,23317.568,2026-03-19 23:29:59.999000+00:00,49892168.97332,50907,10467.785,22398437.38406
2026-03-19 23:30:00+00:00,2141.38,2143.42,2129.37,2133.58,32816.128,2026-03-19 23:44:59.999000+00:00,70028770.53304,63685,13132.1,28026781.6415
2026-03-19 23:45:00+00:00,2133.57,2138.58,2132.29,2136.56,17449.873,2026-03-19 23:59:59.999000+00:00,37266297.35492,37633,9991.71,21338488.23523
2026-03-20 00:00:00+00:00,2136.56,2145.13,2133.35,2143.16,27346.942,2026-03-20 00:14:59.999000+00:00,58521318.85814,59014,12320.402,26367535.9109
2026-03-20 00:15:00+00:00,2143.16,2147.22,2137.03,2141.84,27016.951,2026-03-20 00:29:59.999000+00:00,57885412.85608,63116,14974.215,32085495.64203
2026-03-20 00:30:00+00:00,2141.85,2148.0,2140.17,2144.8,25719.376,2026-03-20 00:44:59.999000+00:00,55174022.16379,54618,14218.55,30503836.12744
2026-03-20 00:45:00+00:00,2144.8,2147.0,2141.37,2144.5,12367.875,2026-03-20 00:59:59.999000+00:00,26518216.88705,36362,6448.627,13828024.6468
2026-03-20 01:00:00+00:00,2144.51,2153.01,2143.63,2150.92,39153.411,2026-03-20 01:14:59.999000+00:00,84176763.04012,78945,21996.17,47292017.24505
2026-03-20 01:15:00+00:00,2150.91,2152.0,2145.91,2148.48,23451.992,2026-03-20 01:29:59.999000+00:00,50403311.15696,47849,9415.094,20234871.59044
2026-03-20 01:30:00+00:00,2148.47,2159.67,2148.47,2157.68,46596.755,2026-03-20 01:44:59.999000+00:00,100445901.17261,79292,29217.217,62982084.61166
2026-03-20 01:45:00+00:00,2157.69,2159.39,2149.59,2149.76,23819.141,2026-03-20 01:59:59.999000+00:00,51318416.78287,47282,9895.968,21326938.55862
2026-03-20 02:00:00+00:00,2149.76,2150.71,2144.0,2144.42,24352.321,2026-03-20 02:14:59.999000+00:00,52278200.83498,51798,10433.855,22400838.94907
2026-03-20 02:15:00+00:00,2144.42,2144.87,2135.44,2138.1,36705.837,2026-03-20 02:29:59.999000+00:00,78525811.02171,62314,15903.988,34025117.96725
2026-03-20 02:30:00+00:00,2138.1,2142.91,2131.07,2141.67,44742.082,2026-03-20 02:44:59.999000+00:00,95572581.81227,66503,20819.203,44483776.95548
2026-03-20 02:45:00+00:00,2141.66,2148.72,2138.46,2143.31,30066.248,2026-03-20 02:59:59.999000+00:00,64457820.66365,46896,14381.781,30834459.3314
2026-03-20 03:00:00+00:00,2143.31,2147.82,2142.17,2144.23,13301.363,2026-03-20 03:14:59.999000+00:00,28530700.47539,36114,7032.453,15085016.04419
2026-03-20 03:15:00+00:00,2144.22,2152.0,2143.58,2151.75,21183.751,2026-03-20 03:29:59.999000+00:00,45520821.1545,45415,13252.493,28479117.80705
2026-03-20 03:30:00+00:00,2151.75,2156.0,2146.82,2147.67,36570.047,2026-03-20 03:44:59.999000+00:00,78705121.59882,62356,17357.575,37359890.93166
2026-03-20 03:45:00+00:00,2147.66,2153.19,2146.42,2150.2,23706.34,2026-03-20 03:59:59.999000+00:00,50986266.34929,40146,12268.654,26385047.7597
2026-03-20 04:00:00+00:00,2150.2,2158.53,2148.35,2156.05,32849.962,2026-03-20 04:14:59.999000+00:00,70794761.31275,52537,20526.096,44236124.18486
2026-03-20 04:15:00+00:00,2156.04,2156.04,2150.17,2153.25,16642.45,2026-03-20 04:29:59.999000+00:00,35830435.15055,32916,6202.974,13354827.90563
2026-03-20 04:30:00+00:00,2153.25,2153.6,2138.01,2139.3,50897.369,2026-03-20 04:44:59.999000+00:00,109074288.35938,72203,20312.52,43523148.16561
2026-03-20 04:45:00+00:00,2139.29,2147.86,2138.73,2147.27,27172.887,2026-03-20 04:59:59.999000+00:00,58237539.11865,39968,17487.507,37477474.6467
2026-03-20 05:00:00+00:00,2147.27,2151.69,2144.16,2149.72,30462.481,2026-03-20 05:14:59.999000+00:00,65426730.09018,49767,16482.047,35403987.70071
2026-03-20 05:15:00+00:00,2149.72,2150.36,2141.37,2142.24,18379.9,2026-03-20 05:29:59.999000+00:00,39444719.36192,35319,6351.675,13632867.22629
2026-03-20 05:30:00+00:00,2142.24,2144.68,2136.15,2143.53,36805.041,2026-03-20 05:44:59.999000+00:00,78768875.48519,58930,18928.115,40514391.61388
2026-03-20 05:45:00+00:00,2143.52,2144.91,2137.37,2139.33,19293.559,2026-03-20 05:59:59.999000+00:00,41297717.28255,32315,7023.924,15034565.76278
2026-03-20 06:00:00+00:00,2139.32,2140.8,2135.43,2137.9,32690.5,2026-03-20 06:14:59.999000+00:00,69880234.51414,49336,14813.862,31668162.59652
2026-03-20 06:15:00+00:00,2137.9,2137.9,2132.3,2137.23,30908.237,2026-03-20 06:29:59.999000+00:00,65982476.2111,48348,14237.842,30397319.16656
2026-03-20 06:30:00+00:00,2137.23,2139.45,2130.42,2135.7,27167.081,2026-03-20 06:44:59.999000+00:00,58008449.66696,51931,12130.131,25906729.37563
2026-03-20 06:45:00+00:00,2135.71,2139.0,2134.52,2135.65,17371.74,2026-03-20 06:59:59.999000+00:00,37114868.71055,35116,10127.091,21638384.53822
2026-03-20 07:00:00+00:00,2135.65,2135.65,2120.04,2127.34,102539.734,2026-03-20 07:14:59.999000+00:00,217971191.88163,121839,43698.8,92889969.65615
2026-03-20 07:15:00+00:00,2127.34,2141.61,2126.79,2137.33,42512.284,2026-03-20 07:29:59.999000+00:00,90806176.11234,65529,23927.922,51106139.98336
2026-03-20 07:30:00+00:00,2137.33,2152.0,2135.39,2151.76,88716.807,2026-03-20 07:44:59.999000+00:00,190414999.17985,88390,57229.875,122833506.07224
2026-03-20 07:45:00+00:00,2151.76,2152.6,2147.6,2149.3,47605.123,2026-03-20 07:59:59.999000+00:00,102332621.06078,54519,22043.165,47384709.49237
2026-03-20 08:00:00+00:00,2149.3,2175.64,2145.13,2169.54,196611.178,2026-03-20 08:14:59.999000+00:00,425396287.27336,205248,120208.214,260082589.66689
2026-03-20 08:15:00+00:00,2169.53,2169.85,2161.38,2163.73,70906.044,2026-03-20 08:29:59.999000+00:00,153575483.86111,109424,34046.446,73742669.21738
2026-03-20 08:30:00+00:00,2163.72,2166.85,2159.68,2163.01,34327.793,2026-03-20 08:44:59.999000+00:00,74250680.29605,71880,16076.196,34777680.90281
2026-03-20 08:45:00+00:00,2163.0,2165.54,2159.36,2162.74,29846.855,2026-03-20 08:59:59.999000+00:00,64537949.01137,55910,13287.178,28734678.2833
2026-03-20 09:00:00+00:00,2162.74,2162.91,2153.37,2153.68,47482.54,2026-03-20 09:14:59.999000+00:00,102403476.56605,81334,23209.563,50051979.21194
2026-03-20 09:15:00+00:00,2153.68,2154.57,2137.85,2141.23,101219.093,2026-03-20 09:29:59.999000+00:00,217102318.26689,126868,39870.281,85521196.65584
2026-03-20 09:30:00+00:00,2141.24,2147.56,2141.23,2144.52,42609.299,2026-03-20 09:44:59.999000+00:00,91389695.95015,74340,19667.841,42183958.88429
2026-03-20 09:45:00+00:00,2144.52,2145.05,2133.65,2140.18,49800.466,2026-03-20 09:59:59.999000+00:00,106504336.76315,87082,24023.695,51377972.77529
2026-03-20 10:00:00+00:00,2140.18,2140.49,2131.03,2134.11,44373.555,2026-03-20 10:14:59.999000+00:00,94725264.47273,77000,18828.893,40198360.48864
2026-03-20 10:15:00+00:00,2134.11,2137.55,2130.23,2134.69,36816.084,2026-03-20 10:29:59.999000+00:00,78550335.88648,63844,19436.6,41468832.96415
2026-03-20 10:30:00+00:00,2134.7,2150.29,2134.33,2146.78,65926.379,2026-03-20 10:44:59.999000+00:00,141299310.10193,78103,40769.23,87388835.79474
2026-03-20 10:45:00+00:00,2146.79,2149.5,2145.4,2147.09,24216.736,2026-03-20 10:59:59.999000+00:00,52005802.87593,41895,10004.587,21486073.32334
2026-03-20 11:00:00+00:00,2147.09,2157.67,2145.62,2156.89,59013.314,2026-03-20 11:14:59.999000+00:00,126981602.51774,72028,36790.973,79174178.70568
2026-03-20 11:15:00+00:00,2156.88,2156.89,2147.19,2148.77,31124.634,2026-03-20 11:29:59.999000+00:00,66949242.74025,49154,10213.012,21965974.21913
2026-03-20 11:30:00+00:00,2148.78,2149.27,2133.23,2138.25,66946.457,2026-03-20 11:44:59.999000+00:00,143228561.50142,82021,28245.667,60436263.76
2026-03-20 11:45:00+00:00,2138.24,2141.6,2135.42,2140.37,26996.336,2026-03-20 11:59:59.999000+00:00,57725021.24243,40150,12951.6,27695764.65206
2026-03-20 12:00:00+00:00,2140.36,2151.99,2138.92,2144.73,63310.539,2026-03-20 12:14:59.999000+00:00,135898506.30669,86734,35107.141,75368400.65433
2026-03-20 12:15:00+00:00,2144.74,2147.69,2138.5,2141.6,27447.763,2026-03-20 12:29:59.999000+00:00,58819715.74031,54455,13415.67,28754808.64657
2026-03-20 12:30:00+00:00,2141.6,2141.88,2133.92,2138.25,34868.445,2026-03-20 12:44:59.999000+00:00,74534901.87824,65937,17298.071,36979802.67923
2026-03-20 12:45:00+00:00,2138.25,2141.38,2135.54,2139.96,16934.78,2026-03-20 12:59:59.999000+00:00,36217536.87036,38141,10041.819,21475536.69946
2026-03-20 13:00:00+00:00,2139.96,2144.4,2134.37,2138.13,36279.327,2026-03-20 13:14:59.999000+00:00,77610675.18814,66735,19013.541,40684979.69968
2026-03-20 13:15:00+00:00,2138.12,2152.0,2136.96,2145.92,51016.59,2026-03-20 13:29:59.999000+00:00,109506217.13211,70648,28911.978,62060544.18925
2026-03-20 13:30:00+00:00,2145.92,2145.92,2121.93,2140.04,175049.05,2026-03-20 13:44:59.999000+00:00,373147931.48672,267351,84389.004,179927439.67676
2026-03-20 13:45:00+00:00,2140.05,2142.37,2123.34,2126.27,94334.001,2026-03-20 13:59:59.999000+00:00,201078822.23432,170125,41040.845,87477006.76387
2026-03-20 14:00:00+00:00,2126.26,2135.0,2114.2,2123.88,173176.323,2026-03-20 14:14:59.999000+00:00,368101270.63191,233453,93593.698,199029934.12964
2026-03-20 14:15:00+00:00,2123.89,2141.36,2118.26,2134.45,184219.463,2026-03-20 14:29:59.999000+00:00,392279075.2931,210837,103232.006,219865472.91349
2026-03-20 14:30:00+00:00,2134.46,2148.0,2134.46,2135.24,114560.734,2026-03-20 14:44:59.999000+00:00,245313955.63371,163936,61860.966,132468701.47662
2026-03-20 14:45:00+00:00,2135.24,2139.0,2125.01,2128.15,65901.959,2026-03-20 14:59:59.999000+00:00,140420064.58748,127739,29743.748,63378305.31589
2026-03-20 15:00:00+00:00,2128.15,2134.6,2119.11,2129.21,88846.072,2026-03-20 15:14:59.999000+00:00,188774461.5354,141504,39443.922,83849356.91995
2026-03-20 15:15:00+00:00,2129.2,2137.88,2121.0,2129.35,76099.781,2026-03-20 15:29:59.999000+00:00,162019121.27925,127595,37229.767,79276396.31368
2026-03-20 15:30:00+00:00,2129.34,2134.71,2126.0,2131.51,34431.409,2026-03-20 15:44:59.999000+00:00,73381578.72805,97962,19304.327,41147009.64388
2026-03-20 15:45:00+00:00,2131.51,2136.41,2128.24,2133.09,24974.472,2026-03-20 15:59:59.999000+00:00,53275146.46696,71514,13595.935,29004371.0187
2026-03-20 16:00:00+00:00,2133.09,2141.78,2132.56,2138.32,45475.892,2026-03-20 16:14:59.999000+00:00,97194241.15597,83432,24509.416,52385669.82017
2026-03-20 16:15:00+00:00,2138.33,2144.0,2134.59,2139.43,43081.576,2026-03-20 16:29:59.999000+00:00,92190388.59528,80390,21879.699,46822816.44148
2026-03-20 16:30:00+00:00,2139.44,2139.57,2129.51,2134.01,30986.021,2026-03-20 16:44:59.999000+00:00,66103731.55553,75044,15034.149,32070356.43421
2026-03-20 16:45:00+00:00,2134.0,2139.75,2129.48,2136.32,28022.539,2026-03-20 16:59:59.999000+00:00,59826877.07998,60977,12645.905,26997459.39349
2026-03-20 17:00:00+00:00,2136.33,2140.25,2130.52,2132.19,39447.495,2026-03-20 17:14:59.999000+00:00,84229573.19092,85600,20505.322,43789057.64821
2026-03-20 17:15:00+00:00,2132.19,2134.98,2129.5,2129.99,29029.109,2026-03-20 17:29:59.999000+00:00,61883030.93906,63633,16504.179,35185431.23797
2026-03-20 17:30:00+00:00,2129.99,2131.24,2118.31,2124.09,79927.721,2026-03-20 17:44:59.999000+00:00,169829934.92541,101159,34817.319,74007661.95954
2026-03-20 17:45:00+00:00,2124.09,2139.21,2122.78,2135.91,54362.406,2026-03-20 17:59:59.999000+00:00,115927348.46433,75546,30839.227,65754616.91062
2026-03-20 18:00:00+00:00,2135.92,2136.71,2131.47,2134.36,39288.241,2026-03-20 18:14:59.999000+00:00,83853227.59492,65981,18747.723,40011687.57543
2026-03-20 18:15:00+00:00,2134.37,2135.4,2123.14,2124.66,43629.667,2026-03-20 18:29:59.999000+00:00,92829000.79622,86144,20576.231,43778257.17439
2026-03-20 18:30:00+00:00,2124.65,2126.36,2116.36,2122.68,67892.916,2026-03-20 18:44:59.999000+00:00,143986863.6563,101027,33535.575,71124550.31664
2026-03-20 18:45:00+00:00,2122.68,2128.36,2119.22,2122.39,30515.277,2026-03-20 18:59:59.999000+00:00,64810509.70878,85304,15403.228,32713585.53302
2026-03-20 19:00:00+00:00,2122.4,2127.17,2120.0,2124.88,25976.596,2026-03-20 19:14:59.999000+00:00,55165114.54117,78057,11448.175,24313243.37482
2026-03-20 19:15:00+00:00,2124.88,2127.5,2120.85,2124.25,16861.468,2026-03-20 19:29:59.999000+00:00,35824375.35795,59577,9230.835,19612261.81731
2026-03-20 19:30:00+00:00,2124.25,2128.97,2116.28,2128.34,55728.73,2026-03-20 19:44:59.999000+00:00,118275419.51601,85181,25619.917,54365420.78778
2026-03-20 19:45:00+00:00,2128.33,2133.93,2123.0,2132.1,51589.055,2026-03-20 19:59:59.999000+00:00,109849175.17358,88452,28680.387,61074713.87015
2026-03-20 20:00:00+00:00,2132.1,2135.99,2130.13,2134.02,33753.13,2026-03-20 20:14:59.999000+00:00,71991661.49731,51270,18742.613,39975978.48212
2026-03-20 20:15:00+00:00,2134.02,2134.08,2128.32,2129.94,20585.513,2026-03-20 20:29:59.999000+00:00,43854407.23639,32889,9074.989,19330841.02209
2026-03-20 20:30:00+00:00,2129.94,2130.29,2122.9,2127.55,30541.202,2026-03-20 20:44:59.999000+00:00,64914839.82759,41059,14926.643,31727643.03811
2026-03-20 20:45:00+00:00,2127.54,2134.71,2126.18,2132.1,22074.479,2026-03-20 20:59:59.999000+00:00,47041345.20777,31935,10474.28,22321967.57638
2026-03-20 21:00:00+00:00,2132.09,2134.45,2129.59,2133.21,17992.842,2026-03-20 21:14:59.999000+00:00,38367090.57007,25067,10680.694,22774917.26452
2026-03-20 21:15:00+00:00,2133.2,2152.79,2132.93,2151.22,108799.503,2026-03-20 21:29:59.999000+00:00,233421010.50456,93888,61624.714,132178781.54851
2026-03-20 21:30:00+00:00,2151.21,2157.61,2141.59,2143.99,50607.139,2026-03-20 21:44:59.999000+00:00,108814246.18653,61858,25275.366,54361310.25042
2026-03-20 21:45:00+00:00,2144.0,2149.29,2143.33,2146.7,13454.324,2026-03-20 21:59:59.999000+00:00,28877028.94236,31900,7165.581,15379458.17905
2026-03-20 22:00:00+00:00,2146.69,2167.53,2146.69,2159.65,86963.672,2026-03-20 22:14:59.999000+00:00,187915822.09065,110080,54907.782,118652424.82043
2026-03-20 22:15:00+00:00,2159.64,2162.0,2154.85,2155.59,15998.405,2026-03-20 22:29:59.999000+00:00,34520476.58916,33580,7142.009,15409151.48148
2026-03-20 22:30:00+00:00,2155.59,2157.25,2152.51,2153.34,20061.198,2026-03-20 22:44:59.999000+00:00,43220735.26994,31871,9421.025,20298568.47685
2026-03-20 22:45:00+00:00,2153.34,2158.94,2151.3,2153.52,21060.406,2026-03-20 22:59:59.999000+00:00,45394961.43493,32505,9833.879,21195857.11462
2026-03-20 23:00:00+00:00,2153.52,2154.68,2143.76,2144.01,35242.27,2026-03-20 23:14:59.999000+00:00,75690105.65913,52380,12803.971,27497781.41761
2026-03-20 23:15:00+00:00,2144.02,2147.88,2141.89,2145.81,19013.524,2026-03-20 23:29:59.999000+00:00,40796447.48312,36479,9836.303,21106283.87932
2026-03-20 23:30:00+00:00,2145.81,2147.41,2144.4,2145.12,10111.499,2026-03-20 23:44:59.999000+00:00,21697415.09312,21219,5491.531,11783642.88399
2026-03-20 23:45:00+00:00,2145.11,2147.48,2143.74,2145.08,9316.778,2026-03-20 23:59:59.999000+00:00,19989358.29117,19943,5174.624,11102594.34631
2026-03-21 00:00:00+00:00,2145.08,2148.75,2142.88,2145.62,16741.33,2026-03-21 00:14:59.999000+00:00,35924717.9119,28829,8112.071,17407426.69246
2026-03-21 00:15:00+00:00,2145.62,2155.78,2144.79,2149.76,36950.417,2026-03-21 00:29:59.999000+00:00,79491723.5745,53697,22190.976,47736399.41499
2026-03-21 00:30:00+00:00,2149.76,2153.03,2147.57,2149.2,13038.279,2026-03-21 00:44:59.999000+00:00,28038578.87116,26732,7031.372,15121161.68892
2026-03-21 00:45:00+00:00,2149.19,2152.83,2148.2,2152.46,8357.116,2026-03-21 00:59:59.999000+00:00,17975156.99909,18951,4289.617,9227517.14307
2026-03-21 01:00:00+00:00,2152.46,2159.0,2150.88,2154.42,24837.607,2026-03-21 01:14:59.999000+00:00,53533464.21945,39396,12761.347,27508095.38568
2026-03-21 01:15:00+00:00,2154.41,2154.92,2150.37,2152.37,13266.587,2026-03-21 01:29:59.999000+00:00,28559413.20889,23492,5823.508,12536426.95364
2026-03-21 01:30:00+00:00,2152.37,2152.47,2148.13,2148.41,17930.339,2026-03-21 01:44:59.999000+00:00,38551534.61574,27298,7100.789,15268523.69183
2026-03-21 01:45:00+00:00,2148.41,2150.0,2146.0,2146.62,10817.816,2026-03-21 01:59:59.999000+00:00,23232213.94958,23557,4747.4,10195907.95166
2026-03-21 02:00:00+00:00,2146.62,2149.44,2145.13,2147.3,12445.794,2026-03-21 02:14:59.999000+00:00,26722362.07668,24948,5388.564,11569456.98196
2026-03-21 02:15:00+00:00,2147.29,2152.27,2147.29,2151.03,10227.078,2026-03-21 02:29:59.999000+00:00,21988528.14364,18083,6131.377,13181744.05667
2026-03-21 02:30:00+00:00,2151.04,2153.67,2148.57,2152.9,8181.01,2026-03-21 02:44:59.999000+00:00,17597083.55337,19709,4414.618,9496026.45019
2026-03-21 02:45:00+00:00,2152.9,2155.54,2151.75,2154.08,12271.135,2026-03-21 02:59:59.999000+00:00,26428072.81414,23025,7048.59,15181277.86001
2026-03-21 03:00:00+00:00,2154.08,2155.0,2151.53,2152.89,9150.724,2026-03-21 03:14:59.999000+00:00,19702577.10257,20425,4092.642,8812169.16476
2026-03-21 03:15:00+00:00,2152.89,2153.19,2151.1,2152.21,8267.261,2026-03-21 03:29:59.999000+00:00,17793064.99799,13140,4707.07,10130942.11919
2026-03-21 03:30:00+00:00,2152.2,2152.2,2149.77,2151.23,7216.105,2026-03-21 03:44:59.999000+00:00,15521409.93456,11913,2822.445,6070858.35336
2026-03-21 03:45:00+00:00,2151.23,2153.33,2150.91,2152.41,5000.66,2026-03-21 03:59:59.999000+00:00,10762163.23335,11547,2736.563,5889661.68029
2026-03-21 04:00:00+00:00,2152.4,2157.41,2152.4,2154.54,19546.107,2026-03-21 04:14:59.999000+00:00,42125176.81367,27821,11209.578,24158252.34726
2026-03-21 04:15:00+00:00,2154.53,2156.97,2153.58,2155.37,10020.793,2026-03-21 04:29:59.999000+00:00,21597333.71898,17459,5052.942,10891483.34532
2026-03-21 04:30:00+00:00,2155.36,2155.36,2149.06,2151.17,26364.738,2026-03-21 04:44:59.999000+00:00,56713720.05958,28363,11490.116,24713442.54677
2026-03-21 04:45:00+00:00,2151.17,2151.97,2150.59,2150.82,5086.82,2026-03-21 04:59:59.999000+00:00,10942685.70034,9177,2421.984,5210073.19344
2026-03-21 05:00:00+00:00,2150.82,2154.59,2150.81,2152.44,10725.629,2026-03-21 05:14:59.999000+00:00,23089563.41011,14535,6533.264,14063309.43011
2026-03-21 05:15:00+00:00,2152.43,2155.49,2152.43,2154.86,10344.997,2026-03-21 05:29:59.999000+00:00,22288727.72177,16638,5388.191,11608774.15461
2026-03-21 05:30:00+00:00,2154.87,2156.94,2152.71,2154.17,9550.986,2026-03-21 05:44:59.999000+00:00,20580492.87997,17998,5062.003,10909043.27855
2026-03-21 05:45:00+00:00,2154.17,2154.33,2151.46,2152.14,10770.882,2026-03-21 05:59:59.999000+00:00,23187324.57579,13790,3525.504,7589026.54557
2026-03-21 06:00:00+00:00,2152.14,2153.13,2151.3,2151.46,7744.37,2026-03-21 06:14:59.999000+00:00,16666265.45052,13164,3421.952,7364463.48003
2026-03-21 06:15:00+00:00,2151.46,2153.95,2151.03,2153.73,8857.254,2026-03-21 06:29:59.999000+00:00,19068965.39066,14934,4913.158,10578040.23233
2026-03-21 06:30:00+00:00,2153.74,2155.25,2153.18,2154.41,9451.788,2026-03-21 06:44:59.999000+00:00,20360860.43836,12151,5971.786,12864567.44905
2026-03-21 06:45:00+00:00,2154.41,2154.68,2153.08,2154.6,5509.614,2026-03-21 06:59:59.999000+00:00,11867304.52582,9433,2781.639,5991318.23057
2026-03-21 07:00:00+00:00,2154.59,2155.45,2153.8,2154.72,7185.118,2026-03-21 07:14:59.999000+00:00,15480922.01278,10540,3518.427,7580771.91878
2026-03-21 07:15:00+00:00,2154.72,2160.71,2154.54,2159.0,26598.186,2026-03-21 07:29:59.999000+00:00,57407894.05784,30987,14875.652,32105136.57589
2026-03-21 07:30:00+00:00,2159.01,2159.07,2155.69,2156.46,10240.648,2026-03-21 07:44:59.999000+00:00,22091328.55178,15801,4706.223,10152495.56667
2026-03-21 07:45:00+00:00,2156.46,2156.46,2152.42,2154.4,12755.488,2026-03-21 07:59:59.999000+00:00,27479826.26553,16432,4850.613,10449440.74578
2026-03-21 08:00:00+00:00,2154.4,2156.17,2153.6,2154.99,10707.864,2026-03-21 08:14:59.999000+00:00,23072097.45281,15813,6134.013,13217081.13271
2026-03-21 08:15:00+00:00,2154.99,2155.26,2149.11,2149.32,27512.038,2026-03-21 08:29:59.999000+00:00,59193605.74536,26526,10787.711,23212478.27801
2026-03-21 08:30:00+00:00,2149.32,2153.15,2148.45,2152.59,16006.112,2026-03-21 08:44:59.999000+00:00,34424494.20506,19725,7870.465,16928942.6926
2026-03-21 08:45:00+00:00,2152.59,2153.8,2151.43,2153.0,6792.995,2026-03-21 08:59:59.999000+00:00,14623850.30099,9316,3250.003,6996697.01432
2026-03-21 09:00:00+00:00,2153.0,2157.66,2152.73,2156.68,23829.369,2026-03-21 09:14:59.999000+00:00,51366415.71096,25878,11898.499,25647291.6706
2026-03-21 09:15:00+00:00,2156.68,2156.68,2153.79,2153.99,9772.8,2026-03-21 09:29:59.999000+00:00,21058542.59782,12605,2984.707,6431331.18225
2026-03-21 09:30:00+00:00,2154.0,2157.98,2153.91,2156.8,11560.763,2026-03-21 09:44:59.999000+00:00,24925118.23799,13788,7537.394,16248927.84835
2026-03-21 09:45:00+00:00,2156.79,2158.0,2156.17,2157.5,8687.399,2026-03-21 09:59:59.999000+00:00,18740546.84489,11466,4679.008,10093576.71356
2026-03-21 10:00:00+00:00,2157.49,2158.16,2154.24,2155.04,13530.624,2026-03-21 10:14:59.999000+00:00,29170983.56897,14563,6639.705,14315417.56582
2026-03-21 10:15:00+00:00,2155.04,2155.05,2152.55,2154.09,13094.826,2026-03-21 10:29:59.999000+00:00,28201995.62976,16642,6399.951,13783091.55813
2026-03-21 10:30:00+00:00,2154.1,2156.1,2153.41,2154.36,10451.323,2026-03-21 10:44:59.999000+00:00,22518147.96378,12687,4586.72,9883184.17894
2026-03-21 10:45:00+00:00,2154.37,2154.37,2151.89,2153.19,10342.883,2026-03-21 10:59:59.999000+00:00,22266466.59736,14306,5298.418,11406242.57429
2026-03-21 11:00:00+00:00,2153.19,2153.67,2152.0,2152.0,7139.145,2026-03-21 11:14:59.999000+00:00,15367976.91749,10447,3657.679,7873946.34424
2026-03-21 11:15:00+00:00,2152.0,2155.24,2151.78,2154.4,10216.113,2026-03-21 11:29:59.999000+00:00,22003587.70393,13602,7238.487,15590861.65692
2026-03-21 11:30:00+00:00,2154.39,2156.28,2153.05,2155.85,9482.475,2026-03-21 11:44:59.999000+00:00,20436968.25354,13099,6494.639,13997243.10228
2026-03-21 11:45:00+00:00,2155.84,2156.92,2155.0,2156.53,10897.219,2026-03-21 11:59:59.999000+00:00,23491577.7952,12911,5705.299,12299018.0041
2026-03-21 12:00:00+00:00,2156.54,2158.51,2156.54,2157.83,18172.972,2026-03-21 12:14:59.999000+00:00,39212366.874,18415,10203.263,22015280.20326
2026-03-21 12:15:00+00:00,2157.84,2159.86,2156.55,2158.49,15986.472,2026-03-21 12:29:59.999000+00:00,34503659.63007,20146,10311.768,22256284.65091
2026-03-21 12:30:00+00:00,2158.49,2158.5,2156.22,2157.55,9059.99,2026-03-21 12:44:59.999000+00:00,19544547.82257,13014,4615.231,9956363.48406
2026-03-21 12:45:00+00:00,2157.54,2157.95,2155.75,2156.97,8090.005,2026-03-21 12:59:59.999000+00:00,17447882.61417,11746,4104.375,8852052.15061
2026-03-21 13:00:00+00:00,2156.96,2157.43,2155.86,2156.52,7724.423,2026-03-21 13:14:59.999000+00:00,16657716.97577,12409,4317.821,9311280.64248
2026-03-21 13:15:00+00:00,2156.53,2159.0,2154.61,2154.99,11341.064,2026-03-21 13:29:59.999000+00:00,24457892.35335,15197,5587.122,12048884.80618
2026-03-21 13:30:00+00:00,2154.98,2156.85,2153.89,2154.15,9830.989,2026-03-21 13:44:59.999000+00:00,21185760.49746,13812,4573.437,9856095.43377
2026-03-21 13:45:00+00:00,2154.15,2155.49,2153.83,2154.89,7649.876,2026-03-21 13:59:59.999000+00:00,16483125.74292,11389,3252.96,7009235.52982
2026-03-21 14:00:00+00:00,2154.9,2168.0,2154.7,2163.88,57128.424,2026-03-21 14:14:59.999000+00:00,123563562.93445,59055,36214.803,78323059.03855
2026-03-21 14:15:00+00:00,2163.89,2165.71,2160.0,2160.99,29709.65,2026-03-21 14:29:59.999000+00:00,64237219.11094,38689,14866.917,32146811.48373
2026-03-21 14:30:00+00:00,2160.99,2164.37,2159.43,2160.35,17799.213,2026-03-21 14:44:59.999000+00:00,38470349.07915,24836,8749.941,18912545.65296
2026-03-21 14:45:00+00:00,2160.35,2160.35,2149.09,2151.08,58021.259,2026-03-21 14:59:59.999000+00:00,124920500.01641,58971,25581.313,55065055.70029
2026-03-21 15:00:00+00:00,2151.08,2153.38,2149.61,2152.88,30715.566,2026-03-21 15:14:59.999000+00:00,66095082.25239,35096,15880.909,34173346.2515
2026-03-21 15:15:00+00:00,2152.88,2153.28,2145.0,2151.78,60163.616,2026-03-21 15:29:59.999000+00:00,129259590.15001,54118,26093.922,56062359.81908
2026-03-21 15:30:00+00:00,2151.79,2156.87,2151.08,2153.08,25744.622,2026-03-21 15:44:59.999000+00:00,55457027.1472,33532,13386.294,28835539.70398
2026-03-21 15:45:00+00:00,2153.07,2155.0,2152.47,2154.25,11317.099,2026-03-21 15:59:59.999000+00:00,24377930.59439,15821,4967.307,10699056.23899
2026-03-21 16:00:00+00:00,2154.25,2154.61,2150.36,2151.21,18525.163,2026-03-21 16:14:59.999000+00:00,39872525.79501,23371,7191.338,15477922.33141
2026-03-21 16:15:00+00:00,2151.2,2153.45,2145.06,2147.62,30516.565,2026-03-21 16:29:59.999000+00:00,65593632.16496,35879,11567.177,24862543.81691
2026-03-21 16:30:00+00:00,2147.62,2150.2,2146.04,2147.62,13279.053,2026-03-21 16:44:59.999000+00:00,28525558.06714,22922,5971.253,12827486.11195
2026-03-21 16:45:00+00:00,2147.61,2149.91,2143.27,2145.61,20937.582,2026-03-21 16:59:59.999000+00:00,44929048.82688,25474,8975.454,19262040.31481
2026-03-21 17:00:00+00:00,2145.6,2147.67,2140.15,2143.81,25216.526,2026-03-21 17:14:59.999000+00:00,54060501.95927,31742,10733.901,23017034.42994
2026-03-21 17:15:00+00:00,2143.81,2147.66,2142.84,2146.72,12406.105,2026-03-21 17:29:59.999000+00:00,26621494.54869,20282,7602.088,16313999.09584
2026-03-21 17:30:00+00:00,2146.73,2149.66,2146.72,2148.55,10655.463,2026-03-21 17:44:59.999000+00:00,22889545.53601,16146,6825.316,14661480.54214
2026-03-21 17:45:00+00:00,2148.55,2149.68,2145.92,2147.22,6647.057,2026-03-21 17:59:59.999000+00:00,14277411.98824,11471,2499.364,5368552.41061
2026-03-21 18:00:00+00:00,2147.22,2148.92,2146.47,2148.81,6179.542,2026-03-21 18:14:59.999000+00:00,13272230.42465,11804,3089.202,6634976.78293
2026-03-21 18:15:00+00:00,2148.81,2151.88,2148.3,2150.2,14129.218,2026-03-21 18:29:59.999000+00:00,30382746.93376,19239,8326.218,17903665.1518
2026-03-21 18:30:00+00:00,2150.2,2154.66,2150.2,2153.8,20052.243,2026-03-21 18:44:59.999000+00:00,43167075.57771,20594,12042.838,25924650.48084
2026-03-21 18:45:00+00:00,2153.8,2153.8,2149.11,2150.1,10595.161,2026-03-21 18:59:59.999000+00:00,22797675.53048,12890,5331.479,11472998.69979
2026-03-21 19:00:00+00:00,2150.11,2151.97,2150.1,2151.12,4158.515,2026-03-21 19:14:59.999000+00:00,8944966.96009,11532,2345.578,5045244.78837
2026-03-21 19:15:00+00:00,2151.13,2152.25,2150.0,2151.35,4267.057,2026-03-21 19:29:59.999000+00:00,9179525.66966,8786,2113.138,4545923.55124
2026-03-21 19:30:00+00:00,2151.36,2151.55,2148.07,2149.3,5702.549,2026-03-21 19:44:59.999000+00:00,12255302.02463,9943,2127.126,4571371.1844
2026-03-21 19:45:00+00:00,2149.3,2151.71,2149.29,2151.19,4641.19,2026-03-21 19:59:59.999000+00:00,9979363.02415,8260,2932.148,6304684.02563
2026-03-21 20:00:00+00:00,2151.19,2152.48,2149.77,2151.58,6593.511,2026-03-21 20:14:59.999000+00:00,14183994.45344,11287,3372.365,7254904.96578
2026-03-21 20:15:00+00:00,2151.59,2154.49,2149.4,2152.91,10424.585,2026-03-21 20:29:59.999000+00:00,22434331.80045,13649,4617.339,9937414.29547
2026-03-21 20:30:00+00:00,2152.92,2155.6,2151.84,2154.47,25535.842,2026-03-21 20:44:59.999000+00:00,55006812.78021,21525,14609.098,31472806.57519
2026-03-21 20:45:00+00:00,2154.47,2155.75,2153.63,2154.57,8843.297,2026-03-21 20:59:59.999000+00:00,19054357.12761,12851,4167.197,8978929.87472
2026-03-21 21:00:00+00:00,2154.57,2156.12,2152.3,2153.49,10897.694,2026-03-21 21:14:59.999000+00:00,23477739.47079,14036,5499.615,11848613.63896
2026-03-21 21:15:00+00:00,2153.49,2154.1,2152.4,2153.17,4856.751,2026-03-21 21:29:59.999000+00:00,10458326.39856,7733,2110.332,4544319.11617
2026-03-21 21:30:00+00:00,2153.16,2155.55,2152.41,2153.98,6356.47,2026-03-21 21:44:59.999000+00:00,13692050.68768,9315,3523.614,7589824.69355
2026-03-21 21:45:00+00:00,2153.99,2155.06,2151.1,2152.67,6242.995,2026-03-21 21:59:59.999000+00:00,13440693.77145,15286,3198.391,6886052.53197
2026-03-21 22:00:00+00:00,2152.66,2152.69,2149.02,2151.55,11461.516,2026-03-21 22:14:59.999000+00:00,24646742.4749,19453,4072.764,8758002.27223
2026-03-21 22:15:00+00:00,2151.55,2151.79,2149.11,2149.4,4988.379,2026-03-21 22:29:59.999000+00:00,10726628.07517,9259,1948.434,4189775.17672
2026-03-21 22:30:00+00:00,2149.4,2152.47,2149.13,2150.57,6195.974,2026-03-21 22:44:59.999000+00:00,13329272.40791,10647,4020.191,8648576.44226
2026-03-21 22:45:00+00:00,2150.58,2150.58,2148.24,2148.77,7384.776,2026-03-21 22:59:59.999000+00:00,15870707.1152,10976,3164.746,6801418.20962
2026-03-21 23:00:00+00:00,2148.78,2148.99,2143.92,2145.2,16546.936,2026-03-21 23:14:59.999000+00:00,35513640.01733,24215,7268.938,15600199.55035
2026-03-21 23:15:00+00:00,2145.21,2146.91,2143.25,2143.35,13973.869,2026-03-21 23:29:59.999000+00:00,29971725.15511,20234,4954.965,10628447.97348
2026-03-21 23:30:00+00:00,2143.35,2146.98,2143.0,2145.74,12625.846,2026-03-21 23:44:59.999000+00:00,27084256.12301,17346,6952.733,14914477.601
2026-03-21 23:45:00+00:00,2145.74,2145.74,2068.78,2083.37,543299.252,2026-03-21 23:59:59.999000+00:00,1142086199.05743,569739,215975.583,453556367.64624
2026-03-22 00:00:00+00:00,2083.37,2084.14,2045.57,2070.4,340068.863,2026-03-22 00:14:59.999000+00:00,701344682.48155,473083,152720.805,315110168.78884
2026-03-22 00:15:00+00:00,2070.41,2085.0,2068.76,2084.59,103721.545,2026-03-22 00:29:59.999000+00:00,215454175.90903,166424,58344.38,121215844.70417
2026-03-22 00:30:00+00:00,2084.59,2094.0,2084.59,2089.44,89495.209,2026-03-22 00:44:59.999000+00:00,186911364.42453,149374,48245.653,100765263.34907
2026-03-22 00:45:00+00:00,2089.44,2093.72,2078.59,2086.25,64818.318,2026-03-22 00:59:59.999000+00:00,135117598.52741,110889,32558.037,67876777.11784
2026-03-22 01:00:00+00:00,2086.25,2093.1,2081.71,2087.01,52788.569,2026-03-22 01:14:59.999000+00:00,110183495.44024,91826,24130.924,50369630.91538
2026-03-22 01:15:00+00:00,2087.0,2092.0,2084.54,2089.14,28345.291,2026-03-22 01:29:59.999000+00:00,59216378.28608,61659,14532.569,30362322.9909
2026-03-22 01:30:00+00:00,2089.15,2090.93,2080.55,2082.94,42952.797,2026-03-22 01:44:59.999000+00:00,89592064.02797,70461,19389.132,40451415.24761
2026-03-22 01:45:00+00:00,2082.93,2091.46,2082.93,2089.99,23777.877,2026-03-22 01:59:59.999000+00:00,49648244.23478,41073,15244.83,31833040.14685
2026-03-22 02:00:00+00:00,2089.99,2091.8,2086.6,2090.25,25146.977,2026-03-22 02:14:59.999000+00:00,52551258.81543,45813,11421.716,23867747.8386
2026-03-22 02:15:00+00:00,2090.25,2108.68,2087.8,2104.67,70918.43,2026-03-22 02:29:59.999000+00:00,148878326.93186,95972,46779.734,98218213.32985
2026-03-22 02:30:00+00:00,2104.68,2105.64,2097.59,2099.37,46670.065,2026-03-22 02:44:59.999000+00:00,98054333.83198,68384,17973.43,37763490.54076
2026-03-22 02:45:00+00:00,2099.36,2105.33,2096.8,2101.15,29034.218,2026-03-22 02:59:59.999000+00:00,61022040.53992,51715,13630.135,28646211.96255
2026-03-22 03:00:00+00:00,2101.16,2104.99,2096.98,2103.05,21427.547,2026-03-22 03:14:59.999000+00:00,45009767.59418,39462,10432.733,21914366.6918
2026-03-22 03:15:00+00:00,2103.04,2118.0,2101.59,2112.94,52099.278,2026-03-22 03:29:59.999000+00:00,109953315.13732,83195,34252.167,72285286.10969
2026-03-22 03:30:00+00:00,2112.94,2126.38,2111.6,2117.29,108772.267,2026-03-22 03:44:59.999000+00:00,230523271.83326,147223,60667.861,128574643.71999
2026-03-22 03:45:00+00:00,2117.3,2117.9,2111.41,2112.84,26279.07,2026-03-22 03:59:59.999000+00:00,55543637.06006,43058,10988.137,23225027.52004
2026-03-22 04:00:00+00:00,2112.83,2121.75,2112.4,2115.44,35527.184,2026-03-22 04:14:59.999000+00:00,75205099.36485,56699,20779.105,43989128.2401
2026-03-22 04:15:00+00:00,2115.45,2122.16,2105.22,2111.68,71140.457,2026-03-22 04:29:59.999000+00:00,150280782.26291,89441,35398.693,74785248.46459
2026-03-22 04:30:00+00:00,2111.68,2118.99,2109.07,2115.86,34819.896,2026-03-22 04:44:59.999000+00:00,73650643.37543,61801,22931.857,48504976.24669
2026-03-22 04:45:00+00:00,2115.85,2121.57,2115.85,2118.39,38159.414,2026-03-22 04:59:59.999000+00:00,80854938.15489,51520,21789.473,46168320.54085
2026-03-22 05:00:00+00:00,2118.39,2120.0,2115.18,2117.27,23591.403,2026-03-22 05:14:59.999000+00:00,49955489.382,41903,13909.147,29453431.84256
2026-03-22 05:15:00+00:00,2117.27,2118.55,2113.87,2115.47,30972.835,2026-03-22 05:29:59.999000+00:00,65545086.01353,45433,16287.22,34470322.72774
2026-03-22 05:30:00+00:00,2115.48,2117.57,2113.4,2113.48,19673.27,2026-03-22 05:44:59.999000+00:00,41612491.08906,31754,10170.472,21512994.38577
2026-03-22 05:45:00+00:00,2113.48,2116.7,2111.36,2112.01,23503.256,2026-03-22 05:59:59.999000+00:00,49675598.84811,30961,11679.897,24687798.31236
2026-03-22 06:00:00+00:00,2112.02,2112.02,2106.5,2109.01,35821.561,2026-03-22 06:14:59.999000+00:00,75559260.95397,49862,18566.162,39162114.72844
2026-03-22 06:15:00+00:00,2109.0,2111.35,2106.84,2111.35,14362.449,2026-03-22 06:29:59.999000+00:00,30294932.13698,27943,7368.675,15543913.77184
2026-03-22 06:30:00+00:00,2111.35,2112.59,2108.36,2110.85,11020.497,2026-03-22 06:44:59.999000+00:00,23258144.99546,24109,5265.673,11113451.08299
2026-03-22 06:45:00+00:00,2110.86,2110.86,2106.52,2107.58,14995.267,2026-03-22 06:59:59.999000+00:00,31612418.82144,24141,5859.477,12352558.08031
2026-03-22 07:00:00+00:00,2107.57,2111.2,2106.68,2108.41,13854.692,2026-03-22 07:14:59.999000+00:00,29215586.58903,29430,7503.612,15822905.66524
2026-03-22 07:15:00+00:00,2108.41,2111.28,2108.41,2109.89,7573.835,2026-03-22 07:29:59.999000+00:00,15982382.14743,15274,4231.619,8929571.56339
2026-03-22 07:30:00+00:00,2109.89,2109.89,2096.03,2097.83,78344.344,2026-03-22 07:44:59.999000+00:00,164637376.73597,79602,25401.004,53377210.29981
2026-03-22 07:45:00+00:00,2097.83,2103.49,2091.39,2092.82,64782.416,2026-03-22 07:59:59.999000+00:00,135872953.53614,76277,27417.871,57535217.7015
2026-03-22 08:00:00+00:00,2092.82,2095.0,2081.43,2091.27,128518.122,2026-03-22 08:14:59.999000+00:00,268312975.26947,141242,55207.524,115269288.52884
2026-03-22 08:15:00+00:00,2091.27,2091.31,2072.78,2076.1,109020.191,2026-03-22 08:29:59.999000+00:00,226859955.70797,155239,39790.58,82802132.42756
2026-03-22 08:30:00+00:00,2076.09,2084.2,2074.98,2082.1,45653.735,2026-03-22 08:44:59.999000+00:00,94926894.80824,73723,24885.506,51753554.83898
2026-03-22 08:45:00+00:00,2082.09,2087.22,2080.58,2085.29,36768.946,2026-03-22 08:59:59.999000+00:00,76631287.20395,51158,20935.239,43636650.52302
2026-03-22 09:00:00+00:00,2085.28,2091.59,2084.0,2091.17,38137.408,2026-03-22 09:14:59.999000+00:00,79627337.07116,48612,20030.797,41825206.14176
2026-03-22 09:15:00+00:00,2091.18,2096.73,2078.03,2080.4,67110.615,2026-03-22 09:29:59.999000+00:00,139962509.38178,88159,32869.465,68564032.2445
2026-03-22 09:30:00+00:00,2080.39,2085.98,2080.26,2083.85,17809.937,2026-03-22 09:44:59.999000+00:00,37100169.29241,32827,9754.762,20321233.70478
2026-03-22 09:45:00+00:00,2083.85,2086.19,2080.76,2083.82,16533.828,2026-03-22 09:59:59.999000+00:00,34447084.21427,28227,8409.49,17521031.63553
2026-03-22 10:00:00+00:00,2083.82,2085.9,2079.08,2082.2,16059.742,2026-03-22 10:14:59.999000+00:00,33436637.34366,28761,6653.243,13855214.02576
2026-03-22 10:15:00+00:00,2082.2,2083.35,2078.68,2082.0,12069.168,2026-03-22 10:29:59.999000+00:00,25122014.21709,23941,5916.779,12317494.88364
2026-03-22 10:30:00+00:00,2082.0,2084.0,2075.78,2078.87,30355.007,2026-03-22 10:44:59.999000+00:00,63116808.93068,46120,12621.023,26250014.34503
2026-03-22 10:45:00+00:00,2078.87,2082.09,2077.93,2080.13,13685.302,2026-03-22 10:59:59.999000+00:00,28466045.54141,25911,8172.824,16999797.80601
2026-03-22 11:00:00+00:00,2080.12,2082.84,2077.5,2080.72,17862.969,2026-03-22 11:14:59.999000+00:00,37162333.42459,33423,10514.649,21874261.79722
2026-03-22 11:15:00+00:00,2080.71,2082.44,2073.18,2075.17,34037.382,2026-03-22 11:29:59.999000+00:00,70702136.31641,49462,14837.792,30825355.00885
2026-03-22 11:30:00+00:00,2075.17,2080.0,2065.21,2074.04,73948.068,2026-03-22 11:44:59.999000+00:00,153188821.0766,87614,31863.466,66015806.17046
2026-03-22 11:45:00+00:00,2074.04,2075.0,2065.45,2068.97,47123.913,2026-03-22 11:59:59.999000+00:00,97544792.59687,77138,25320.457,52411112.14618
2026-03-22 12:00:00+00:00,2068.96,2073.45,2066.87,2072.71,35339.409,2026-03-22 12:14:59.999000+00:00,73180241.32687,55483,18356.879,38016356.57853
2026-03-22 12:15:00+00:00,2072.7,2087.3,2071.65,2083.34,88701.057,2026-03-22 12:29:59.999000+00:00,184437439.859,101187,53999.221,112284727.68773
2026-03-22 12:30:00+00:00,2083.35,2083.9,2079.3,2080.95,22596.627,2026-03-22 12:44:59.999000+00:00,47034765.38437,37312,11694.575,24342848.4052
2026-03-22 12:45:00+00:00,2080.95,2084.28,2076.38,2081.38,32044.301,2026-03-22 12:59:59.999000+00:00,66661163.83519,47154,17557.245,36525975.57512
2026-03-22 13:00:00+00:00,2081.38,2092.6,2081.11,2085.4,65583.206,2026-03-22 13:14:59.999000+00:00,136877767.19888,80506,40660.256,84871358.33545
2026-03-22 13:15:00+00:00,2085.39,2088.78,2083.32,2084.73,26900.624,2026-03-22 13:29:59.999000+00:00,56100888.62092,36086,11334.463,23639832.8345
2026-03-22 13:30:00+00:00,2084.74,2086.64,2070.83,2075.27,51088.779,2026-03-22 13:44:59.999000+00:00,106130843.5199,71755,22095.432,45899918.35479
2026-03-22 13:45:00+00:00,2075.26,2079.81,2073.78,2077.58,23490.201,2026-03-22 13:59:59.999000+00:00,48795584.73111,37690,13814.47,28696027.84383
2026-03-22 14:00:00+00:00,2077.58,2079.7,2070.47,2078.02,34505.546,2026-03-22 14:14:59.999000+00:00,71597152.29144,54503,15722.975,32627001.01897
2026-03-22 14:15:00+00:00,2078.02,2084.31,2076.06,2079.99,31004.198,2026-03-22 14:29:59.999000+00:00,64492354.58486,43373,17203.741,35785450.25485
2026-03-22 14:30:00+00:00,2080.0,2083.74,2077.16,2080.36,27964.322,2026-03-22 14:44:59.999000+00:00,58182838.55676,39935,16124.09,33547640.98185
2026-03-22 14:45:00+00:00,2080.36,2080.36,2074.28,2076.98,16084.674,2026-03-22 14:59:59.999000+00:00,33407918.07024,30955,6496.044,13492836.49148
2026-03-22 15:00:00+00:00,2076.97,2082.38,2076.97,2081.39,17258.656,2026-03-22 15:14:59.999000+00:00,35905558.26081,34711,8948.281,18617134.05799
2026-03-22 15:15:00+00:00,2081.39,2083.5,2076.06,2078.77,24769.648,2026-03-22 15:29:59.999000+00:00,51500324.09385,37463,10613.625,22065758.49229
2026-03-22 15:30:00+00:00,2078.76,2079.93,2074.58,2079.36,24738.285,2026-03-22 15:44:59.999000+00:00,51384508.27535,35173,14476.876,30071888.8288
2026-03-22 15:45:00+00:00,2079.37,2082.77,2077.51,2081.96,23278.081,2026-03-22 15:59:59.999000+00:00,48432347.55939,35882,14390.033,29940199.52784
2026-03-22 16:00:00+00:00,2081.97,2083.56,2079.18,2080.63,17413.225,2026-03-22 16:14:59.999000+00:00,36238577.93838,31734,8250.159,17170086.26229
2026-03-22 16:15:00+00:00,2080.62,2082.55,2077.06,2078.01,14920.172,2026-03-22 16:29:59.999000+00:00,31028972.24468,28835,6308.354,13120940.8786
2026-03-22 16:30:00+00:00,2078.0,2081.3,2076.6,2079.09,17060.498,2026-03-22 16:44:59.999000+00:00,35468999.26787,27330,10417.071,21658164.28753
2026-03-22 16:45:00+00:00,2079.09,2082.47,2079.09,2080.96,9285.691,2026-03-22 16:59:59.999000+00:00,19325924.05912,17893,4578.226,9528112.66198
2026-03-22 17:00:00+00:00,2080.96,2082.14,2078.58,2081.91,9660.527,2026-03-22 17:14:59.999000+00:00,20103289.81258,22776,5108.177,10630160.36577
2026-03-22 17:15:00+00:00,2081.91,2083.48,2079.3,2081.29,15811.121,2026-03-22 17:29:59.999000+00:00,32912778.58587,30438,7664.311,15954246.79761
2026-03-22 17:30:00+00:00,2081.28,2082.43,2076.18,2077.48,13749.731,2026-03-22 17:44:59.999000+00:00,28587631.26708,26018,6177.939,12843870.37108
2026-03-22 17:45:00+00:00,2077.48,2080.48,2077.48,2078.46,9148.294,2026-03-22 17:59:59.999000+00:00,19020275.77051,18273,5271.039,10958993.87294
2026-03-22 18:00:00+00:00,2078.46,2079.54,2074.14,2079.0,15773.297,2026-03-22 18:14:59.999000+00:00,32755272.70749,29810,7283.607,15127815.18243
2026-03-22 18:15:00+00:00,2078.99,2079.0,2075.61,2077.29,9883.506,2026-03-22 18:29:59.999000+00:00,20529879.81925,19330,4679.568,9720893.26495
2026-03-22 18:30:00+00:00,2077.28,2078.96,2054.29,2064.03,125411.217,2026-03-22 18:44:59.999000+00:00,258901327.6219,144411,53953.386,111375634.63235
2026-03-22 18:45:00+00:00,2064.03,2071.63,2063.39,2070.94,20239.209,2026-03-22 18:59:59.999000+00:00,41855968.96052,38896,12754.727,26378421.25613
2026-03-22 19:00:00+00:00,2070.93,2071.88,2058.14,2060.12,46378.757,2026-03-22 19:14:59.999000+00:00,95712406.04046,72100,21605.762,44582418.34388
2026-03-22 19:15:00+00:00,2060.11,2062.34,2057.4,2058.5,24329.642,2026-03-22 19:29:59.999000+00:00,50124459.74181,46674,11619.818,23942189.60183
2026-03-22 19:30:00+00:00,2058.5,2066.41,2053.01,2064.42,46508.45,2026-03-22 19:44:59.999000+00:00,95732496.8343,71809,20036.665,41257464.58212
2026-03-22 19:45:00+00:00,2064.43,2065.56,2057.59,2062.0,17046.329,2026-03-22 19:59:59.999000+00:00,35133444.81485,36599,9692.451,19976709.38891
2026-03-22 20:00:00+00:00,2062.0,2067.78,2061.87,2066.11,21595.548,2026-03-22 20:14:59.999000+00:00,44607056.65489,39731,12765.808,26368859.73146
2026-03-22 20:15:00+00:00,2066.1,2071.31,2061.78,2063.48,24607.392,2026-03-22 20:29:59.999000+00:00,50861711.26318,40342,14271.335,29505105.86816
2026-03-22 20:30:00+00:00,2063.47,2065.68,2058.22,2064.73,16994.579,2026-03-22 20:44:59.999000+00:00,35044787.06831,36586,8976.484,18511742.59544
2026-03-22 20:45:00+00:00,2064.73,2064.73,2054.73,2057.56,32445.487,2026-03-22 20:59:59.999000+00:00,66776906.61318,50077,13542.516,27865524.28607
2026-03-22 21:00:00+00:00,2057.55,2059.55,2027.68,2039.05,252492.272,2026-03-22 21:14:59.999000+00:00,515096308.21755,258582,115257.569,235215233.31999
2026-03-22 21:15:00+00:00,2039.04,2042.4,2024.11,2040.79,95576.544,2026-03-22 21:29:59.999000+00:00,194327945.82475,146910,50417.552,102549688.89459
2026-03-22 21:30:00+00:00,2040.78,2047.74,2036.0,2044.08,38584.16,2026-03-22 21:44:59.999000+00:00,78810581.41829,71463,20316.519,41498526.31683
2026-03-22 21:45:00+00:00,2044.08,2046.35,2038.05,2044.83,20436.514,2026-03-22 21:59:59.999000+00:00,41731401.47024,52300,10313.835,21062438.37231
2026-03-22 22:00:00+00:00,2044.83,2051.99,2031.14,2041.92,87608.562,2026-03-22 22:14:59.999000+00:00,178956219.36278,167571,45524.466,93011136.69317
2026-03-22 22:15:00+00:00,2041.92,2064.0,2040.2,2058.8,83331.295,2026-03-22 22:29:59.999000+00:00,171062481.68257,130801,53359.783,109559498.37815
2026-03-22 22:30:00+00:00,2058.8,2062.0,2052.74,2053.78,40213.365,2026-03-22 22:44:59.999000+00:00,82758298.63587,73781,16152.024,33242429.81972
2026-03-22 22:45:00+00:00,2053.78,2064.84,2053.78,2061.73,22387.423,2026-03-22 22:59:59.999000+00:00,46113912.2901,59312,11348.007,23374390.98176
2026-03-22 23:00:00+00:00,2061.74,2074.71,2059.17,2068.1,71744.006,2026-03-22 23:14:59.999000+00:00,148274563.7407,102701,42193.202,87214355.2166
2026-03-22 23:15:00+00:00,2068.1,2068.55,2059.01,2061.3,35991.096,2026-03-22 23:29:59.999000+00:00,74237905.9128,60176,15922.652,32844190.42954
2026-03-22 23:30:00+00:00,2061.3,2064.15,2056.42,2059.91,23651.871,2026-03-22 23:44:59.999000+00:00,48722168.8547,50290,12982.156,26746230.5901
2026-03-22 23:45:00+00:00,2059.91,2060.0,2050.01,2052.85,39585.474,2026-03-22 23:59:59.999000+00:00,81309004.38852,73595,15413.112,31658000.2981
2026-03-23 00:00:00+00:00,2052.86,2062.22,2047.0,2056.22,53238.853,2026-03-23 00:14:59.999000+00:00,109426296.8491,107627,31428.646,64605464.3437
2026-03-23 00:15:00+00:00,2056.23,2058.99,2050.51,2052.93,35574.313,2026-03-23 00:29:59.999000+00:00,73101579.45055,86034,18598.081,38218550.55866
2026-03-23 00:30:00+00:00,2052.93,2053.79,2034.38,2044.98,104423.275,2026-03-23 00:44:59.999000+00:00,213239862.63129,168486,49040.966,100162168.79628
2026-03-23 00:45:00+00:00,2044.98,2052.62,2040.59,2042.51,44452.606,2026-03-23 00:59:59.999000+00:00,90975706.57441,97718,21197.334,43385164.71918
2026-03-23 01:00:00+00:00,2042.51,2054.72,2038.4,2049.68,39873.355,2026-03-23 01:14:59.999000+00:00,81637483.74673,103061,22701.456,46478042.8249
2026-03-23 01:15:00+00:00,2049.69,2061.75,2049.51,2058.58,49315.986,2026-03-23 01:29:59.999000+00:00,101468281.82131,88060,26959.478,55462099.72633
2026-03-23 01:30:00+00:00,2058.58,2061.0,2050.49,2054.14,27926.104,2026-03-23 01:44:59.999000+00:00,57408815.96413,75284,12886.598,26495696.75613
2026-03-23 01:45:00+00:00,2054.15,2058.67,2046.05,2046.62,33739.564,2026-03-23 01:59:59.999000+00:00,69189624.83224,70793,18031.799,36985224.22013
2026-03-23 02:00:00+00:00,2046.63,2057.56,2045.55,2048.04,50135.443,2026-03-23 02:14:59.999000+00:00,102829973.79205,82885,31762.6,65154362.97688
2026-03-23 02:15:00+00:00,2048.03,2070.83,2046.55,2067.1,83039.058,2026-03-23 02:29:59.999000+00:00,171093395.19092,115620,55973.319,115342855.52539
2026-03-23 02:30:00+00:00,2067.1,2067.71,2059.21,2059.44,33040.783,2026-03-23 02:44:59.999000+00:00,68201846.72524,70358,14863.674,30683614.71408
2026-03-23 02:45:00+00:00,2059.45,2063.0,2056.28,2062.35,23144.576,2026-03-23 02:59:59.999000+00:00,47664362.09686,52794,13056.936,26891517.46101
2026-03-23 03:00:00+00:00,2062.35,2071.92,2058.01,2058.23,42793.493,2026-03-23 03:14:59.999000+00:00,88417539.55282,89486,22989.341,47505540.90534
2026-03-23 03:15:00+00:00,2058.23,2059.63,2054.57,2055.71,25476.362,2026-03-23 03:29:59.999000+00:00,52406228.95724,47677,12823.264,26377675.38641
2026-03-23 03:30:00+00:00,2055.71,2057.11,2051.22,2054.97,19183.632,2026-03-23 03:44:59.999000+00:00,39402216.18312,48883,9219.647,18937620.16296
2026-03-23 03:45:00+00:00,2054.97,2056.54,2050.64,2051.55,17700.331,2026-03-23 03:59:59.999000+00:00,36344215.20451,43230,7455.941,15309900.59557
2026-03-23 04:00:00+00:00,2051.55,2054.53,2049.54,2051.81,25389.245,2026-03-23 04:14:59.999000+00:00,52099957.85291,53817,10289.576,21116327.34506
2026-03-23 04:15:00+00:00,2051.8,2056.11,2050.66,2054.75,19982.075,2026-03-23 04:29:59.999000+00:00,41042174.54542,44607,8844.157,18166991.14572
2026-03-23 04:30:00+00:00,2054.75,2060.38,2054.35,2055.01,20687.327,2026-03-23 04:44:59.999000+00:00,42559004.01729,50543,9417.969,19376896.649
2026-03-23 04:45:00+00:00,2055.01,2066.0,2054.9,2064.72,29629.958,2026-03-23 04:59:59.999000+00:00,61064250.94735,49535,19196.781,39570355.12193
2026-03-23 05:00:00+00:00,2064.71,2069.87,2064.71,2069.64,51524.781,2026-03-23 05:14:59.999000+00:00,106526640.97003,87288,29913.836,61849048.48008
2026-03-23 05:15:00+00:00,2069.64,2071.3,2062.87,2064.54,32780.254,2026-03-23 05:29:59.999000+00:00,67749702.38195,55339,16494.201,34095537.9156
2026-03-23 05:30:00+00:00,2064.54,2069.3,2060.7,2062.44,26606.6,2026-03-23 05:44:59.999000+00:00,54922841.60023,53809,13766.411,28422708.05571
2026-03-23 05:45:00+00:00,2062.45,2069.07,2059.62,2068.28,24998.87,2026-03-23 05:59:59.999000+00:00,51599136.35018,50032,12466.101,25736337.84393
2026-03-23 06:00:00+00:00,2068.27,2068.27,2056.05,2057.7,35537.508,2026-03-23 06:14:59.999000+00:00,73223558.45539,60884,16490.538,33980663.79915
2026-03-23 06:15:00+00:00,2057.7,2060.63,2053.92,2058.09,30848.279,2026-03-23 06:29:59.999000+00:00,63446538.45296,56205,13889.455,28568742.37417
2026-03-23 06:30:00+00:00,2058.1,2058.1,2026.59,2032.61,199531.349,2026-03-23 06:44:59.999000+00:00,406890910.56269,205215,88819.206,181094810.56514
2026-03-23 06:45:00+00:00,2032.62,2037.92,2027.32,2036.2,69325.431,2026-03-23 06:59:59.999000+00:00,140977726.16491,131500,33917.095,68977181.43427
2026-03-23 07:00:00+00:00,2036.2,2038.74,2021.58,2036.16,102509.082,2026-03-23 07:14:59.999000+00:00,208097228.7301,171079,47713.518,96883903.44329
2026-03-23 07:15:00+00:00,2036.16,2038.5,2025.0,2031.54,48745.394,2026-03-23 07:29:59.999000+00:00,99020489.68342,108570,21666.732,44019494.0672
2026-03-23 07:30:00+00:00,2031.54,2049.34,2029.4,2046.73,77457.48,2026-03-23 07:44:59.999000+00:00,158166398.65678,128724,44198.475,90259828.31329
2026-03-23 07:45:00+00:00,2046.73,2048.9,2042.3,2043.65,41170.281,2026-03-23 07:59:59.999000+00:00,84231691.86585,77073,19519.175,39933822.47338
2026-03-23 08:00:00+00:00,2043.65,2055.83,2043.46,2055.81,55527.515,2026-03-23 08:14:59.999000+00:00,113868536.78481,109202,33792.531,69299748.24189
2026-03-23 08:15:00+00:00,2055.81,2058.45,2050.78,2052.19,42643.46,2026-03-23 08:29:59.999000+00:00,87602603.08916,94404,21703.195,44586147.20713
2026-03-23 08:30:00+00:00,2052.19,2056.72,2048.37,2050.37,25122.723,2026-03-23 08:44:59.999000+00:00,51564751.45917,64794,12479.835,25616589.93097
2026-03-23 08:45:00+00:00,2050.37,2053.17,2042.3,2046.85,38610.229,2026-03-23 08:59:59.999000+00:00,79092323.97113,65052,17824.196,36513752.25589
2026-03-23 09:00:00+00:00,2046.85,2048.08,2036.5,2041.75,48082.8,2026-03-23 09:14:59.999000+00:00,98122300.88111,77937,22915.251,46763781.93332
2026-03-23 09:15:00+00:00,2041.74,2045.75,2037.89,2042.66,30131.778,2026-03-23 09:29:59.999000+00:00,61538574.2841,60351,15321.201,31295195.54496
2026-03-23 09:30:00+00:00,2042.65,2042.69,2027.57,2037.4,96987.085,2026-03-23 09:44:59.999000+00:00,197270247.1564,112945,40304.306,81984298.11285
2026-03-23 09:45:00+00:00,2037.39,2042.79,2036.9,2042.63,26401.167,2026-03-23 09:59:59.999000+00:00,53842385.56299,46294,14274.506,29113079.78144
2026-03-23 10:00:00+00:00,2042.63,2053.3,2040.75,2049.01,58274.2,2026-03-23 10:14:59.999000+00:00,119334511.45835,84237,35019.566,71717277.70104
2026-03-23 10:15:00+00:00,2049.02,2049.06,2041.1,2043.93,40837.802,2026-03-23 10:29:59.999000+00:00,83485729.10566,55173,24176.433,49409961.68384
2026-03-23 10:30:00+00:00,2043.92,2045.0,2039.13,2043.58,17668.007,2026-03-23 10:44:59.999000+00:00,36084075.17194,40500,9104.918,18597831.97629
2026-03-23 10:45:00+00:00,2043.58,2049.22,2040.0,2047.83,27830.322,2026-03-23 10:59:59.999000+00:00,56928104.62519,55311,16583.616,33925577.60749
2026-03-23 11:00:00+00:00,2047.84,2199.0,2047.84,2168.91,1316950.562,2026-03-23 11:14:59.999000+00:00,2818538576.73575,1171782,763693.036,1632007136.3831
2026-03-23 11:15:00+00:00,2168.9,2193.6,2146.06,2166.74,498155.375,2026-03-23 11:29:59.999000+00:00,1082013847.04215,678804,255349.51,554894842.82628
2026-03-23 11:30:00+00:00,2166.74,2179.5,2153.11,2154.31,195868.869,2026-03-23 11:44:59.999000+00:00,423842657.05653,309477,95636.581,206991783.88869
2026-03-23 11:45:00+00:00,2154.31,2157.66,2131.63,2133.89,320165.911,2026-03-23 11:59:59.999000+00:00,685862407.21776,350143,150516.871,322539212.43108
2026-03-23 12:00:00+00:00,2133.9,2139.39,2105.39,2116.0,434973.615,2026-03-23 12:14:59.999000+00:00,922188757.34101,446806,187411.862,397357887.51045
2026-03-23 12:15:00+00:00,2116.01,2133.13,2114.31,2124.23,148180.17,2026-03-23 12:29:59.999000+00:00,314718137.74956,216273,69447.538,147528692.05594
2026-03-23 12:30:00+00:00,2124.24,2147.38,2119.7,2144.18,131282.907,2026-03-23 12:44:59.999000+00:00,280086605.25477,244891,71568.943,152733051.92081
2026-03-23 12:45:00+00:00,2144.18,2146.99,2138.39,2143.0,70992.043,2026-03-23 12:59:59.999000+00:00,152138182.87622,149624,33731.609,72298140.65702
2026-03-23 13:00:00+00:00,2143.0,2154.0,2139.06,2145.05,80705.559,2026-03-23 13:14:59.999000+00:00,173147447.03472,166260,41364.692,88756085.26045
2026-03-23 13:15:00+00:00,2145.05,2152.89,2144.67,2149.15,49906.717,2026-03-23 13:29:59.999000+00:00,107265497.14958,117571,23308.769,50099002.56051
2026-03-23 13:30:00+00:00,2149.14,2176.99,2141.8,2167.84,225597.629,2026-03-23 13:44:59.999000+00:00,487513505.91206,370841,133408.727,288486457.91028
2026-03-23 13:45:00+00:00,2168.07,2188.77,2162.68,2184.74,279815.047,2026-03-23 13:59:59.999000+00:00,608939777.67534,395107,167180.007,363880063.6628
2026-03-23 14:00:00+00:00,2184.74,2192.54,2177.3,2180.38,189519.049,2026-03-23 14:14:59.999000+00:00,414187064.22334,304919,103062.599,225288661.57877
2026-03-23 14:15:00+00:00,2180.38,2186.91,2174.66,2179.17,89232.758,2026-03-23 14:29:59.999000+00:00,194592137.28454,172967,43713.42,95330799.74626
2026-03-23 14:30:00+00:00,2179.17,2182.51,2171.0,2174.28,89280.801,2026-03-23 14:44:59.999000+00:00,194245898.80283,163623,44501.368,96831992.8099
2026-03-23 14:45:00+00:00,2174.29,2183.0,2168.0,2180.37,79177.603,2026-03-23 14:59:59.999000+00:00,172108699.95065,149625,41248.321,89685456.16655
2026-03-23 15:00:00+00:00,2180.37,2187.7,2177.44,2177.78,62497.68,2026-03-23 15:14:59.999000+00:00,136380577.84545,126015,30835.891,67305270.63012
2026-03-23 15:15:00+00:00,2177.79,2179.0,2161.71,2163.57,96578.526,2026-03-23 15:29:59.999000+00:00,209462047.47827,149328,39697.777,86080865.92425
2026-03-23 15:30:00+00:00,2163.57,2166.21,2145.43,2149.08,133168.404,2026-03-23 15:44:59.999000+00:00,287130826.78457,163974,52438.479,113094285.39976
2026-03-23 15:45:00+00:00,2149.07,2156.99,2123.04,2127.55,270211.583,2026-03-23 15:59:59.999000+00:00,577595743.8988,298969,125162.966,267627909.64879
2026-03-23 16:00:00+00:00,2127.54,2138.78,2126.61,2137.82,144429.684,2026-03-23 16:14:59.999000+00:00,308061333.74741,211354,72389.461,154420822.36249
2026-03-23 16:15:00+00:00,2137.81,2139.26,2116.0,2119.44,184871.779,2026-03-23 16:29:59.999000+00:00,392670771.50325,246172,71922.244,152794759.25017
2026-03-23 16:30:00+00:00,2119.43,2132.71,2116.01,2130.43,85582.462,2026-03-23 16:44:59.999000+00:00,181878735.7951,159171,46622.513,99087463.95577
2026-03-23 16:45:00+00:00,2130.43,2141.55,2129.39,2134.82,110587.554,2026-03-23 16:59:59.999000+00:00,236198955.79029,165655,50515.327,107898575.49596
2026-03-23 17:00:00+00:00,2134.82,2139.05,2130.53,2134.44,46530.517,2026-03-23 17:14:59.999000+00:00,99356704.54178,119612,21806.132,46564475.68935
2026-03-23 17:15:00+00:00,2134.45,2136.26,2123.13,2130.25,41430.281,2026-03-23 17:29:59.999000+00:00,88240432.14132,106513,17662.182,37617940.94008
2026-03-23 17:30:00+00:00,2130.24,2157.98,2129.7,2146.03,129284.057,2026-03-23 17:44:59.999000+00:00,277689857.70883,186509,72403.565,155535001.26388
2026-03-23 17:45:00+00:00,2146.03,2152.88,2145.23,2151.45,36088.699,2026-03-23 17:59:59.999000+00:00,77577205.21847,75591,17886.468,38448133.78603
2026-03-23 18:00:00+00:00,2151.45,2155.43,2144.13,2149.25,50515.007,2026-03-23 18:14:59.999000+00:00,108636402.39767,99578,20385.662,43835302.84374
2026-03-23 18:15:00+00:00,2149.26,2151.34,2144.37,2145.18,26421.203,2026-03-23 18:29:59.999000+00:00,56758811.38202,65572,10045.097,21575899.38811
2026-03-23 18:30:00+00:00,2145.19,2157.0,2145.19,2154.93,45469.592,2026-03-23 18:44:59.999000+00:00,97887032.59125,89806,24027.262,51717343.17056
2026-03-23 18:45:00+00:00,2154.94,2171.3,2154.46,2167.68,128589.838,2026-03-23 18:59:59.999000+00:00,278216102.80606,158847,80585.886,174372032.46944
2026-03-23 19:00:00+00:00,2167.68,2179.0,2159.58,2163.38,106375.643,2026-03-23 19:14:59.999000+00:00,230637131.92768,145515,58262.325,126355110.87999
2026-03-23 19:15:00+00:00,2163.38,2167.3,2159.52,2164.52,22266.752,2026-03-23 19:29:59.999000+00:00,48177277.33955,60616,9948.819,21526790.8259
2026-03-23 19:30:00+00:00,2164.52,2166.31,2157.92,2160.02,20130.727,2026-03-23 19:44:59.999000+00:00,43512248.68679,44814,8508.649,18393658.79176
2026-03-23 19:45:00+00:00,2160.01,2162.36,2148.66,2153.37,41242.969,2026-03-23 19:59:59.999000+00:00,88868697.68016,69256,19509.82,42045426.60163
2026-03-23 20:00:00+00:00,2153.36,2159.73,2149.49,2158.8,28232.521,2026-03-23 20:14:59.999000+00:00,60822870.9983,54394,15803.731,34052538.53749
2026-03-23 20:15:00+00:00,2158.81,2161.4,2156.86,2159.16,15539.453,2026-03-23 20:29:59.999000+00:00,33554276.5176,24660,7876.368,17007267.10192
2026-03-23 20:30:00+00:00,2159.15,2165.87,2158.2,2163.14,24970.673,2026-03-23 20:44:59.999000+00:00,53989121.33673,38697,13730.896,29687292.36133
2026-03-23 20:45:00+00:00,2163.14,2163.34,2159.0,2160.51,7163.664,2026-03-23 20:59:59.999000+00:00,15481083.80767,16228,2706.599,5849054.14425
2026-03-23 21:00:00+00:00,2160.52,2162.75,2153.52,2153.67,13274.996,2026-03-23 21:14:59.999000+00:00,28638320.3056,23176,6275.118,13535296.73007
2026-03-23 21:15:00+00:00,2153.68,2157.77,2153.6,2155.57,8401.445,2026-03-23 21:29:59.999000+00:00,18108529.1219,14447,5111.732,11017946.0871
2026-03-23 21:30:00+00:00,2155.57,2161.61,2155.04,2160.02,15699.459,2026-03-23 21:44:59.999000+00:00,33904911.76233,20761,8909.771,19241277.64826
2026-03-23 21:45:00+00:00,2160.02,2162.72,2155.57,2156.96,11221.3,2026-03-23 21:59:59.999000+00:00,24231360.4941,27542,5800.909,12528582.61146
2026-03-23 22:00:00+00:00,2156.96,2158.74,2145.12,2149.8,33400.727,2026-03-23 22:14:59.999000+00:00,71804866.1163,62864,14789.644,31795620.03378
2026-03-23 22:15:00+00:00,2149.8,2150.58,2146.0,2148.13,9893.019,2026-03-23 22:29:59.999000+00:00,21256459.01554,28217,4739.932,10184175.15926
2026-03-23 22:30:00+00:00,2148.13,2153.25,2142.51,2150.74,23442.778,2026-03-23 22:44:59.999000+00:00,50346212.47677,49542,10905.778,23427437.86259
2026-03-23 22:45:00+00:00,2150.74,2153.58,2148.94,2151.61,11944.302,2026-03-23 22:59:59.999000+00:00,25694839.17419,32704,6242.131,13428587.35973
2026-03-23 23:00:00+00:00,2151.6,2153.01,2142.71,2145.21,22385.399,2026-03-23 23:14:59.999000+00:00,48058787.85169,50817,10324.302,22165749.33268
2026-03-23 23:15:00+00:00,2145.22,2149.62,2139.06,2148.17,28159.449,2026-03-23 23:29:59.999000+00:00,60394437.69923,53299,14938.064,32052797.77919
2026-03-23 23:30:00+00:00,2148.16,2150.81,2143.65,2149.44,11742.344,2026-03-23 23:44:59.999000+00:00,25217064.1714,35337,6881.99,14781154.4418
2026-03-23 23:45:00+00:00,2149.44,2154.58,2144.21,2151.01,18061.461,2026-03-23 23:59:59.999000+00:00,38812684.55428,51265,8876.525,19078395.88267
2026-03-24 00:00:00+00:00,2151.0,2155.36,2145.05,2146.1,36484.837,2026-03-24 00:14:59.999000+00:00,78465950.2888,80378,18152.273,39037679.3962
2026-03-24 00:15:00+00:00,2146.09,2146.75,2136.97,2141.38,44535.495,2026-03-24 00:29:59.999000+00:00,95351942.25143,82010,19476.201,41696875.49773
2026-03-24 00:30:00+00:00,2141.38,2143.55,2127.62,2139.72,78494.685,2026-03-24 00:44:59.999000+00:00,167717130.59128,123920,35285.869,75448443.84132
2026-03-24 00:45:00+00:00,2139.72,2147.58,2139.5,2142.0,27685.489,2026-03-24 00:59:59.999000+00:00,59338114.80184,63558,16444.38,35243890.19813
2026-03-24 01:00:00+00:00,2142.0,2144.5,2137.55,2139.54,23851.362,2026-03-24 01:14:59.999000+00:00,51054876.45657,69113,11343.131,24281544.13493
2026-03-24 01:15:00+00:00,2139.53,2148.87,2136.14,2146.33,23702.505,2026-03-24 01:29:59.999000+00:00,50811513.64103,60015,12390.918,26564829.42942
2026-03-24 01:30:00+00:00,2146.33,2147.47,2122.78,2129.95,72587.541,2026-03-24 01:44:59.999000+00:00,154787211.25446,122008,30093.683,64187063.22683
2026-03-24 01:45:00+00:00,2129.95,2139.83,2127.82,2136.58,47278.023,2026-03-24 01:59:59.999000+00:00,100924554.15166,83930,24593.034,52494652.1967
2026-03-24 02:00:00+00:00,2136.58,2144.96,2132.66,2134.65,36724.543,2026-03-24 02:14:59.999000+00:00,78494623.00147,81506,17760.06,37967264.13893
2026-03-24 02:15:00+00:00,2134.65,2141.8,2133.01,2138.31,19139.51,2026-03-24 02:29:59.999000+00:00,40904384.15719,58227,9609.768,20537801.87831
2026-03-24 02:30:00+00:00,2138.32,2142.28,2131.11,2137.94,19135.443,2026-03-24 02:44:59.999000+00:00,40897588.05545,58653,10286.877,21987996.83769
2026-03-24 02:45:00+00:00,2137.93,2140.0,2134.08,2134.87,13593.892,2026-03-24 02:59:59.999000+00:00,29043595.09121,40021,7567.258,16166411.48777
2026-03-24 03:00:00+00:00,2134.87,2137.03,2129.41,2133.2,30411.856,2026-03-24 03:14:59.999000+00:00,64870735.91966,53922,13920.848,29697094.46553
2026-03-24 03:15:00+00:00,2133.2,2139.0,2133.2,2138.52,17416.447,2026-03-24 03:29:59.999000+00:00,37201983.90037,37568,9087.461,19411577.07682
2026-03-24 03:30:00+00:00,2138.52,2139.3,2134.02,2137.98,20553.946,2026-03-24 03:44:59.999000+00:00,43915552.93311,46983,10658.926,22774788.97643
2026-03-24 03:45:00+00:00,2137.98,2142.56,2136.92,2140.4,23880.225,2026-03-24 03:59:59.999000+00:00,51088873.52753,44097,13490.636,28860968.94678
2026-03-24 04:00:00+00:00,2140.41,2152.49,2140.16,2145.13,48809.66,2026-03-24 04:14:59.999000+00:00,104746948.36635,80191,27098.169,58154454.90075
2026-03-24 04:15:00+00:00,2145.13,2145.33,2139.14,2139.39,15725.976,2026-03-24 04:29:59.999000+00:00,33681100.19763,33393,6728.287,14409435.1942
2026-03-24 04:30:00+00:00,2139.39,2139.4,2131.16,2134.31,29740.696,2026-03-24 04:44:59.999000+00:00,63482068.67674,54179,14326.759,30580179.77678
2026-03-24 04:45:00+00:00,2134.3,2138.41,2130.7,2135.22,22726.387,2026-03-24 04:59:59.999000+00:00,48513480.98539,46037,11506.014,24561417.10092
2026-03-24 05:00:00+00:00,2135.23,2135.5,2127.82,2129.12,43805.884,2026-03-24 05:14:59.999000+00:00,93319402.02209,72119,20065.995,42748813.94759
2026-03-24 05:15:00+00:00,2129.13,2137.73,2128.19,2128.74,25103.645,2026-03-24 05:29:59.999000+00:00,53505936.66427,59246,13355.388,28465564.55558
2026-03-24 05:30:00+00:00,2128.74,2137.18,2128.51,2134.92,29287.485,2026-03-24 05:44:59.999000+00:00,62468772.67764,44949,16411.477,35008585.76548
2026-03-24 05:45:00+00:00,2134.92,2137.68,2131.8,2132.81,14007.319,2026-03-24 05:59:59.999000+00:00,29903515.64699,33115,6922.968,14779921.51304
2026-03-24 06:00:00+00:00,2132.81,2136.9,2130.67,2136.75,18286.28,2026-03-24 06:14:59.999000+00:00,39035365.22777,42676,10855.442,23175712.39423
2026-03-24 06:15:00+00:00,2136.76,2139.94,2134.0,2136.53,22428.298,2026-03-24 06:29:59.999000+00:00,47930296.94424,44932,12242.045,26163379.98016
2026-03-24 06:30:00+00:00,2136.53,2143.26,2136.53,2141.78,37254.365,2026-03-24 06:44:59.999000+00:00,79751559.30103,49086,20967.433,44880866.80859
2026-03-24 06:45:00+00:00,2141.77,2145.41,2139.45,2144.21,27378.113,2026-03-24 06:59:59.999000+00:00,58667426.87807,36917,16578.544,35526142.41147
2026-03-24 07:00:00+00:00,2144.2,2165.37,2143.0,2159.73,132758.938,2026-03-24 07:14:59.999000+00:00,286271506.84038,158090,74713.914,161093335.30877
2026-03-24 07:15:00+00:00,2159.72,2164.38,2157.46,2159.8,58889.566,2026-03-24 07:29:59.999000+00:00,127253982.91962,90191,32179.734,69540477.36887
2026-03-24 07:30:00+00:00,2159.8,2161.0,2151.0,2154.76,66979.989,2026-03-24 07:44:59.999000+00:00,144353869.73249,81912,32348.788,69722506.34632
2026-03-24 07:45:00+00:00,2154.77,2169.9,2151.7,2164.33,73300.232,2026-03-24 07:59:59.999000+00:00,158360946.82989,86312,44881.745,96965601.12353
2026-03-24 08:00:00+00:00,2164.34,2166.5,2159.81,2162.65,49979.22,2026-03-24 08:14:59.999000+00:00,108130550.74473,90372,25367.526,54883432.47699
2026-03-24 08:15:00+00:00,2162.64,2162.97,2151.05,2154.01,47508.503,2026-03-24 08:29:59.999000+00:00,102403976.58817,73411,22165.344,47770605.06559
2026-03-24 08:30:00+00:00,2154.0,2162.24,2152.15,2159.42,33756.754,2026-03-24 08:44:59.999000+00:00,72859164.30947,57523,20289.305,43790855.49132
2026-03-24 08:45:00+00:00,2159.41,2160.0,2152.0,2153.88,27174.557,2026-03-24 08:59:59.999000+00:00,58580691.18112,55713,13067.258,28171306.03219
2026-03-24 09:00:00+00:00,2153.87,2157.0,2146.66,2146.84,42282.029,2026-03-24 09:14:59.999000+00:00,90965740.88864,56614,16330.959,35140628.27956
2026-03-24 09:15:00+00:00,2146.85,2153.0,2146.01,2151.75,28748.393,2026-03-24 09:29:59.999000+00:00,61789303.67446,50568,15838.054,34039907.30985
2026-03-24 09:30:00+00:00,2151.75,2161.71,2150.27,2161.54,39263.634,2026-03-24 09:44:59.999000+00:00,84702991.77909,56002,19646.774,42379082.1535
2026-03-24 09:45:00+00:00,2161.54,2166.2,2157.67,2163.68,43964.881,2026-03-24 09:59:59.999000+00:00,95073247.06168,56541,23739.01,51338088.3454
2026-03-24 10:00:00+00:00,2163.68,2163.77,2159.63,2159.79,23119.621,2026-03-24 10:14:59.999000+00:00,49976383.40602,43363,11412.225,24669064.67075
2026-03-24 10:15:00+00:00,2159.8,2160.96,2154.34,2155.2,32375.764,2026-03-24 10:29:59.999000+00:00,69863513.87004,49280,13653.165,29464978.30271
2026-03-24 10:30:00+00:00,2155.2,2161.88,2154.0,2159.69,19452.433,2026-03-24 10:44:59.999000+00:00,41974956.02671,43354,11013.844,23766051.54027
2026-03-24 10:45:00+00:00,2159.7,2160.97,2156.33,2160.26,11123.543,2026-03-24 10:59:59.999000+00:00,24014385.25009,29605,5687.904,12279947.46425
2026-03-24 11:00:00+00:00,2160.26,2162.51,2150.63,2158.24,48071.804,2026-03-24 11:14:59.999000+00:00,103661640.34775,73105,22957.197,49515072.66508
2026-03-24 11:15:00+00:00,2158.23,2160.35,2153.06,2159.79,26166.447,2026-03-24 11:29:59.999000+00:00,56426170.81596,44879,13325.848,28735648.26086
2026-03-24 11:30:00+00:00,2159.79,2174.71,2158.94,2170.54,96187.901,2026-03-24 11:44:59.999000+00:00,208585927.54518,118585,51862.887,112475299.76959
2026-03-24 11:45:00+00:00,2170.54,2172.67,2158.75,2164.75,61370.003,2026-03-24 11:59:59.999000+00:00,132900637.71035,85976,29894.824,64746111.85742
2026-03-24 12:00:00+00:00,2164.74,2169.37,2160.58,2165.94,34169.821,2026-03-24 12:14:59.999000+00:00,73952746.73278,66014,18005.945,38972260.28323
2026-03-24 12:15:00+00:00,2165.94,2167.64,2163.01,2166.02,16778.254,2026-03-24 12:29:59.999000+00:00,36331452.13193,43213,8512.988,18434010.41003
2026-03-24 12:30:00+00:00,2166.03,2166.03,2157.5,2160.4,37111.768,2026-03-24 12:44:59.999000+00:00,80183418.97287,61520,14977.436,32360722.79771
2026-03-24 12:45:00+00:00,2160.4,2164.0,2159.01,2161.39,40018.847,2026-03-24 12:59:59.999000+00:00,86483304.12349,48454,22808.676,49289238.16913
2026-03-24 13:00:00+00:00,2161.39,2164.75,2150.12,2155.91,51259.539,2026-03-24 13:14:59.999000+00:00,110489565.38701,94714,23960.393,51649451.9281
2026-03-24 13:15:00+00:00,2155.91,2158.74,2147.3,2149.27,65466.189,2026-03-24 13:29:59.999000+00:00,140803605.60398,89166,32747.01,70443457.84438
2026-03-24 13:30:00+00:00,2149.28,2159.73,2134.07,2137.16,195101.484,2026-03-24 13:44:59.999000+00:00,418315648.75185,284053,86350.512,185142228.69653
2026-03-24 13:45:00+00:00,2137.16,2143.92,2129.0,2137.34,131569.337,2026-03-24 13:59:59.999000+00:00,281048949.9319,214308,63705.831,136099827.54037
2026-03-24 14:00:00+00:00,2137.34,2147.48,2124.59,2129.42,113749.888,2026-03-24 14:14:59.999000+00:00,242867572.38312,201248,57662.882,123146196.38259
2026-03-24 14:15:00+00:00,2129.42,2136.0,2123.55,2132.47,83053.601,2026-03-24 14:29:59.999000+00:00,176918533.82041,170462,45410.992,96745310.22844
2026-03-24 14:30:00+00:00,2132.46,2139.42,2127.68,2132.66,53069.742,2026-03-24 14:44:59.999000+00:00,113218611.93935,126120,25983.347,55434629.96023
2026-03-24 14:45:00+00:00,2132.66,2142.5,2117.71,2133.15,202001.501,2026-03-24 14:59:59.999000+00:00,430383281.99141,281398,98299.31,209528043.71162
2026-03-24 15:00:00+00:00,2133.15,2139.64,2131.03,2135.69,52379.275,2026-03-24 15:14:59.999000+00:00,111860724.13264,137066,24840.302,53048175.52038
2026-03-24 15:15:00+00:00,2135.69,2146.55,2135.1,2137.97,72200.496,2026-03-24 15:29:59.999000+00:00,154588125.56505,117751,34834.706,74595823.11779
2026-03-24 15:30:00+00:00,2137.97,2144.1,2130.06,2138.53,52192.831,2026-03-24 15:44:59.999000+00:00,111537725.38802,100848,25370.767,54221510.65374
2026-03-24 15:45:00+00:00,2138.52,2141.48,2131.76,2134.13,43452.692,2026-03-24 15:59:59.999000+00:00,92805695.39738,79259,22443.576,47942283.65276
2026-03-24 16:00:00+00:00,2134.13,2138.5,2131.75,2137.1,45979.354,2026-03-24 16:14:59.999000+00:00,98162371.00838,97908,28295.776,60414768.6419
2026-03-24 16:15:00+00:00,2137.1,2139.88,2130.86,2134.65,34458.137,2026-03-24 16:29:59.999000+00:00,73579380.80462,68693,16256.18,34717385.96019
2026-03-24 16:30:00+00:00,2134.66,2135.8,2120.0,2129.81,103104.511,2026-03-24 16:44:59.999000+00:00,219173626.55804,134954,50020.412,106317167.56764
2026-03-24 16:45:00+00:00,2129.81,2130.79,2123.2,2126.6,37775.521,2026-03-24 16:59:59.999000+00:00,80348636.50777,63515,19578.55,41643983.50793
2026-03-24 17:00:00+00:00,2126.59,2128.09,2110.39,2116.18,152375.112,2026-03-24 17:14:59.999000+00:00,322505020.25225,175839,67234.029,142293395.93008
2026-03-24 17:15:00+00:00,2116.18,2118.56,2110.69,2113.04,38267.359,2026-03-24 17:29:59.999000+00:00,80915225.34917,86386,18838.388,39836675.06379
2026-03-24 17:30:00+00:00,2113.04,2115.61,2102.0,2103.66,105389.896,2026-03-24 17:44:59.999000+00:00,222221108.19505,135989,49761.042,104946991.21128
2026-03-24 17:45:00+00:00,2103.66,2112.2,2102.35,2108.38,102991.055,2026-03-24 17:59:59.999000+00:00,217029296.91343,134992,47242.45,99556094.7066
2026-03-24 18:00:00+00:00,2108.38,2111.83,2103.52,2110.34,60319.003,2026-03-24 18:14:59.999000+00:00,127182077.88436,90478,34043.514,71793326.48463
2026-03-24 18:15:00+00:00,2110.34,2118.24,2108.3,2116.43,56660.022,2026-03-24 18:29:59.999000+00:00,119788442.99736,83662,28286.585,59797543.74865
2026-03-24 18:30:00+00:00,2116.43,2127.62,2115.42,2119.41,79132.822,2026-03-24 18:44:59.999000+00:00,167856256.33557,106402,46861.167,99403133.77787
2026-03-24 18:45:00+00:00,2119.4,2121.69,2117.0,2118.05,23360.922,2026-03-24 18:59:59.999000+00:00,49498315.58255,46956,9466.499,20060298.39492
2026-03-24 19:00:00+00:00,2118.05,2126.41,2118.05,2124.99,28088.814,2026-03-24 19:14:59.999000+00:00,59637124.78121,53076,14373.759,30515032.29179
2026-03-24 19:15:00+00:00,2124.98,2127.19,2118.53,2119.55,22038.732,2026-03-24 19:29:59.999000+00:00,46788138.4871,44202,10499.524,22296087.21815
2026-03-24 19:30:00+00:00,2119.56,2120.69,2114.86,2119.27,27028.381,2026-03-24 19:44:59.999000+00:00,57233499.84886,48314,11848.569,25092767.34781
2026-03-24 19:45:00+00:00,2119.26,2119.43,2113.23,2115.96,21918.989,2026-03-24 19:59:59.999000+00:00,46363632.37876,45058,9613.24,20334030.63576
2026-03-24 20:00:00+00:00,2115.96,2119.79,2114.7,2119.79,17417.326,2026-03-24 20:14:59.999000+00:00,36870677.20505,30457,8951.664,18951218.60015
2026-03-24 20:15:00+00:00,2119.79,2154.36,2119.3,2140.72,184945.595,2026-03-24 20:29:59.999000+00:00,395843983.34167,229502,105242.645,225211822.53372
2026-03-24 20:30:00+00:00,2140.72,2151.63,2140.67,2148.28,88915.544,2026-03-24 20:44:59.999000+00:00,190880255.89641,134972,45225.51,97090419.47647
2026-03-24 20:45:00+00:00,2148.28,2153.78,2142.09,2147.63,54250.952,2026-03-24 20:59:59.999000+00:00,116519199.90083,89370,26877.166,57735226.42765
2026-03-24 21:00:00+00:00,2147.63,2150.22,2141.84,2143.3,30298.406,2026-03-24 21:14:59.999000+00:00,65026114.58404,49578,13411.489,28789300.38879
2026-03-24 21:15:00+00:00,2143.29,2144.98,2139.01,2143.65,24839.338,2026-03-24 21:29:59.999000+00:00,53193556.63331,33831,9664.749,20701539.84147
2026-03-24 21:30:00+00:00,2143.64,2150.96,2141.21,2146.78,34109.082,2026-03-24 21:44:59.999000+00:00,73191950.05577,48265,20882.971,44809754.13659
2026-03-24 21:45:00+00:00,2146.77,2149.0,2143.47,2147.84,11498.569,2026-03-24 21:59:59.999000+00:00,24679766.99651,35338,5545.969,11904337.91273
2026-03-24 22:00:00+00:00,2147.84,2154.99,2143.67,2153.41,37090.97,2026-03-24 22:14:59.999000+00:00,79770014.9187,79400,18089.966,38914043.3716
2026-03-24 22:15:00+00:00,2153.42,2153.42,2144.19,2145.53,24093.584,2026-03-24 22:29:59.999000+00:00,51772258.24786,47136,12475.445,26806140.46147
2026-03-24 22:30:00+00:00,2145.53,2146.63,2139.11,2143.1,36766.936,2026-03-24 22:44:59.999000+00:00,78781746.7891,49338,15074.843,32304563.51317
2026-03-24 22:45:00+00:00,2143.1,2146.65,2142.11,2144.25,13586.89,2026-03-24 22:59:59.999000+00:00,29138066.349,30505,8054.942,17274670.3733
2026-03-24 23:00:00+00:00,2144.25,2151.32,2141.66,2149.43,17958.521,2026-03-24 23:14:59.999000+00:00,38560420.251,41323,9712.965,20854792.98015
2026-03-24 23:15:00+00:00,2149.44,2159.92,2148.43,2158.49,46713.149,2026-03-24 23:29:59.999000+00:00,100658826.3483,68776,30226.005,65135860.49152
2026-03-24 23:30:00+00:00,2158.48,2162.9,2158.48,2159.67,49099.002,2026-03-24 23:44:59.999000+00:00,106088980.46577,61335,24673.843,53313277.5201
2026-03-24 23:45:00+00:00,2159.67,2160.53,2154.99,2155.29,24842.218,2026-03-24 23:59:59.999000+00:00,53589762.72945,37307,9939.585,21440133.77728
2026-03-25 00:00:00+00:00,2155.3,2160.19,2153.8,2159.26,30956.538,2026-03-25 00:14:59.999000+00:00,66778696.31284,51220,13757.325,29680788.90711
2026-03-25 00:15:00+00:00,2159.26,2159.75,2152.26,2153.93,23031.671,2026-03-25 00:29:59.999000+00:00,49629269.4691,49232,8698.374,18741125.91432
2026-03-25 00:30:00+00:00,2153.94,2168.0,2142.66,2164.09,101688.614,2026-03-25 00:44:59.999000+00:00,219361237.88573,120050,53603.549,115746862.18641
2026-03-25 00:45:00+00:00,2164.1,2167.82,2159.0,2160.64,29292.759,2026-03-25 00:59:59.999000+00:00,63344955.58561,46309,13172.703,28491667.8903
2026-03-25 01:00:00+00:00,2160.64,2166.08,2156.46,2161.26,35064.613,2026-03-25 01:14:59.999000+00:00,75784643.86097,65794,13354.656,28865637.16334
2026-03-25 01:15:00+00:00,2161.26,2162.0,2156.92,2159.89,17403.576,2026-03-25 01:29:59.999000+00:00,37575008.75314,40724,8005.258,17284106.17493
2026-03-25 01:30:00+00:00,2159.89,2164.16,2155.98,2160.28,30196.437,2026-03-25 01:44:59.999000+00:00,65216043.79748,51921,17295.436,37358901.10659
2026-03-25 01:45:00+00:00,2160.29,2161.45,2155.5,2155.5,15708.444,2026-03-25 01:59:59.999000+00:00,33919048.21027,33563,7017.11,15152531.33137
2026-03-25 02:00:00+00:00,2155.51,2156.74,2152.66,2153.49,31066.729,2026-03-25 02:14:59.999000+00:00,66936134.20455,51514,15127.666,32594634.21683
2026-03-25 02:15:00+00:00,2153.5,2157.5,2152.34,2155.01,17909.947,2026-03-25 02:29:59.999000+00:00,38587663.63867,35766,9781.184,21074025.41061
2026-03-25 02:30:00+00:00,2155.0,2160.5,2153.79,2159.05,21381.502,2026-03-25 02:44:59.999000+00:00,46145769.86818,40844,11683.181,25215505.02715
2026-03-25 02:45:00+00:00,2159.05,2160.6,2153.4,2154.58,19407.43,2026-03-25 02:59:59.999000+00:00,41845279.22332,32758,9984.618,21526184.40852
2026-03-25 03:00:00+00:00,2154.58,2155.44,2146.49,2150.69,46380.635,2026-03-25 03:14:59.999000+00:00,99783412.05386,49166,16582.194,35681683.02952
2026-03-25 03:15:00+00:00,2150.69,2152.27,2145.12,2151.48,33590.643,2026-03-25 03:29:59.999000+00:00,72169966.82776,41860,16604.661,35683584.30264
2026-03-25 03:30:00+00:00,2151.48,2158.94,2151.48,2156.77,27728.002,2026-03-25 03:44:59.999000+00:00,59776261.36253,42406,17436.969,37586676.89921
2026-03-25 03:45:00+00:00,2156.76,2159.88,2155.29,2157.5,20898.238,2026-03-25 03:59:59.999000+00:00,45092849.35202,30013,11716.483,25282964.45329
2026-03-25 04:00:00+00:00,2157.49,2162.98,2155.57,2161.69,27257.638,2026-03-25 04:14:59.999000+00:00,58881111.01809,37212,15722.138,33965082.42628
2026-03-25 04:15:00+00:00,2161.68,2163.77,2158.2,2162.48,19749.43,2026-03-25 04:29:59.999000+00:00,42672589.005,32502,9161.309,19797559.1956
2026-03-25 04:30:00+00:00,2162.48,2163.68,2159.04,2159.62,18805.954,2026-03-25 04:44:59.999000+00:00,40635888.0492,27603,8855.528,19134687.52035
2026-03-25 04:45:00+00:00,2159.63,2167.09,2158.73,2165.22,28097.356,2026-03-25 04:59:59.999000+00:00,60769478.79939,33448,18524.64,40069678.09332
2026-03-25 05:00:00+00:00,2165.23,2179.72,2163.32,2173.46,132647.246,2026-03-25 05:14:59.999000+00:00,288215397.73099,146431,70419.933,153019560.51911
2026-03-25 05:15:00+00:00,2173.46,2173.48,2168.26,2171.01,33496.87,2026-03-25 05:29:59.999000+00:00,72704933.57243,36804,14579.934,31645357.58294
2026-03-25 05:30:00+00:00,2171.02,2172.73,2168.64,2172.11,30254.527,2026-03-25 05:44:59.999000+00:00,65672357.26286,31782,17472.355,37926328.79738
2026-03-25 05:45:00+00:00,2172.1,2172.46,2167.1,2167.78,20352.038,2026-03-25 05:59:59.999000+00:00,44148191.66995,26975,9572.525,20763083.03912
2026-03-25 06:00:00+00:00,2167.78,2169.45,2162.02,2164.3,35040.94,2026-03-25 06:14:59.999000+00:00,75866234.29421,41505,15749.625,34098666.73985
2026-03-25 06:15:00+00:00,2164.3,2171.55,2163.83,2171.09,31005.895,2026-03-25 06:29:59.999000+00:00,67226313.19043,40105,20252.318,43909502.92482
2026-03-25 06:30:00+00:00,2171.09,2171.97,2168.79,2169.78,19315.672,2026-03-25 06:44:59.999000+00:00,41921368.46407,34531,8801.027,19101741.66577
2026-03-25 06:45:00+00:00,2169.77,2172.0,2161.58,2162.46,33761.327,2026-03-25 06:59:59.999000+00:00,73130746.2506,37902,10832.623,23469112.67507
2026-03-25 07:00:00+00:00,2162.46,2171.39,2161.68,2170.88,37011.981,2026-03-25 07:14:59.999000+00:00,80143274.2488,39370,22608.441,48947805.22841
2026-03-25 07:15:00+00:00,2170.89,2171.04,2166.65,2166.88,19552.232,2026-03-25 07:29:59.999000+00:00,42400708.79281,27326,6641.606,14403792.40275
2026-03-25 07:30:00+00:00,2166.89,2176.66,2166.88,2168.98,29895.387,2026-03-25 07:44:59.999000+00:00,64933278.1188,42558,17287.154,37547404.01883
2026-03-25 07:45:00+00:00,2168.97,2169.49,2158.15,2163.7,55110.741,2026-03-25 07:59:59.999000+00:00,119223699.46462,59783,29796.226,64455895.36677
2026-03-25 08:00:00+00:00,2163.71,2169.85,2163.03,2163.73,30285.174,2026-03-25 08:14:59.999000+00:00,65598259.79768,52890,13525.149,29297641.54003
2026-03-25 08:15:00+00:00,2163.74,2184.65,2163.73,2178.43,85993.07,2026-03-25 08:29:59.999000+00:00,187166409.17378,85626,59415.405,129336268.38806
2026-03-25 08:30:00+00:00,2178.44,2189.99,2178.0,2182.35,129355.511,2026-03-25 08:44:59.999000+00:00,282516411.54827,144834,66019.094,144225169.04347
2026-03-25 08:45:00+00:00,2182.35,2182.44,2173.69,2175.31,43111.5,2026-03-25 08:59:59.999000+00:00,93884743.75883,54470,18924.877,41208764.89818
2026-03-25 09:00:00+00:00,2175.31,2180.0,2173.78,2178.33,32616.87,2026-03-25 09:14:59.999000+00:00,71022830.55682,48728,15197.933,33091937.22146
2026-03-25 09:15:00+00:00,2178.32,2183.35,2176.01,2179.8,43090.635,2026-03-25 09:29:59.999000+00:00,93959521.3978,49354,19814.74,43209933.52838
2026-03-25 09:30:00+00:00,2179.8,2182.4,2179.13,2179.61,21852.786,2026-03-25 09:44:59.999000+00:00,47654549.70604,32734,8844.531,19287743.93852
2026-03-25 09:45:00+00:00,2179.61,2188.0,2174.28,2185.25,54569.573,2026-03-25 09:59:59.999000+00:00,119095726.26244,57969,32811.199,71627851.23154
2026-03-25 10:00:00+00:00,2185.25,2187.51,2181.77,2184.99,41943.41,2026-03-25 10:14:59.999000+00:00,91638507.90965,55864,18911.637,41318794.13395
2026-03-25 10:15:00+00:00,2185.0,2186.72,2182.71,2183.33,22132.034,2026-03-25 10:29:59.999000+00:00,48344362.32986,34059,9506.911,20766902.06161
2026-03-25 10:30:00+00:00,2183.32,2184.56,2180.0,2181.37,29944.583,2026-03-25 10:44:59.999000+00:00,65343601.55325,39104,12602.19,27498879.23429
2026-03-25 10:45:00+00:00,2181.37,2186.5,2181.36,2184.02,22102.312,2026-03-25 10:59:59.999000+00:00,48283822.49848,35292,11244.772,24565715.28259
2026-03-25 11:00:00+00:00,2184.02,2185.92,2182.18,2185.76,21846.091,2026-03-25 11:14:59.999000+00:00,47715438.18779,35702,12345.529,26965262.63332
2026-03-25 11:15:00+00:00,2185.77,2194.73,2185.76,2191.74,90454.982,2026-03-25 11:29:59.999000+00:00,198130688.5777,88622,46747.883,102405903.23978
2026-03-25 11:30:00+00:00,2191.74,2200.11,2189.1,2189.99,138359.007,2026-03-25 11:44:59.999000+00:00,303693277.21376,125440,63839.651,140173864.49769
2026-03-25 11:45:00+00:00,2189.99,2190.14,2177.07,2185.01,97675.997,2026-03-25 11:59:59.999000+00:00,213327590.36808,101427,48521.069,105984233.57953
2026-03-25 12:00:00+00:00,2185.01,2192.58,2185.01,2189.71,60617.596,2026-03-25 12:14:59.999000+00:00,132722977.56029,60284,30301.868,66342388.76513
2026-03-25 12:15:00+00:00,2189.72,2190.59,2165.37,2170.98,213719.228,2026-03-25 12:29:59.999000+00:00,464701179.28624,223009,88725.065,192881139.52668
2026-03-25 12:30:00+00:00,2170.98,2177.0,2163.33,2171.01,88000.015,2026-03-25 12:44:59.999000+00:00,191064899.46905,122026,43088.027,93569470.1067
2026-03-25 12:45:00+00:00,2171.0,2194.29,2169.0,2182.26,113156.587,2026-03-25 12:59:59.999000+00:00,246822378.25052,131148,62322.253,135922836.45327
2026-03-25 13:00:00+00:00,2182.27,2187.84,2178.2,2183.88,51357.701,2026-03-25 13:14:59.999000+00:00,112137024.59621,89866,26120.21,57040678.19113
2026-03-25 13:15:00+00:00,2183.89,2185.8,2179.68,2181.5,25908.496,2026-03-25 13:29:59.999000+00:00,56535715.63486,46757,14147.969,30874797.43971
2026-03-25 13:30:00+00:00,2181.5,2197.3,2181.24,2188.27,132307.926,2026-03-25 13:44:59.999000+00:00,289941169.7088,198199,66840.353,146496578.0413
2026-03-25 13:45:00+00:00,2188.26,2192.0,2180.86,2183.3,55161.511,2026-03-25 13:59:59.999000+00:00,120596744.24677,131340,25858.944,56540398.42803
2026-03-25 14:00:00+00:00,2183.31,2187.17,2175.0,2178.0,93656.335,2026-03-25 14:14:59.999000+00:00,204127550.34092,156565,41948.934,91424927.68906
2026-03-25 14:15:00+00:00,2177.99,2183.2,2174.23,2179.17,46832.226,2026-03-25 14:29:59.999000+00:00,102052607.78382,112573,25288.587,55110080.37718
2026-03-25 14:30:00+00:00,2179.19,2185.2,2176.65,2177.51,27538.38,2026-03-25 14:44:59.999000+00:00,60048261.14548,82412,14256.917,31089442.13415
2026-03-25 14:45:00+00:00,2177.51,2179.84,2172.06,2173.13,39839.87,2026-03-25 14:59:59.999000+00:00,86688427.69844,76422,17176.464,37377678.5083
2026-03-25 15:00:00+00:00,2173.14,2176.0,2156.3,2160.01,114174.616,2026-03-25 15:14:59.999000+00:00,247191357.32575,164072,51399.929,111300126.7477
2026-03-25 15:15:00+00:00,2160.0,2166.82,2145.59,2165.01,176810.667,2026-03-25 15:29:59.999000+00:00,380988367.14615,207229,87890.209,189437525.24452
2026-03-25 15:30:00+00:00,2165.0,2167.0,2156.88,2161.3,59045.129,2026-03-25 15:44:59.999000+00:00,127604288.07355,93577,26996.903,58341771.87953
2026-03-25 15:45:00+00:00,2161.3,2165.0,2158.29,2161.67,47316.066,2026-03-25 15:59:59.999000+00:00,102301123.0061,75134,19388.234,41922195.96944
2026-03-25 16:00:00+00:00,2161.68,2163.21,2155.08,2159.23,57318.623,2026-03-25 16:14:59.999000+00:00,123799565.81399,84912,27922.784,60315361.09402
2026-03-25 16:15:00+00:00,2159.22,2187.63,2157.47,2174.76,153944.144,2026-03-25 16:29:59.999000+00:00,334549322.03757,182235,90515.626,196717170.76003
2026-03-25 16:30:00+00:00,2174.76,2181.8,2171.06,2177.09,72559.818,2026-03-25 16:44:59.999000+00:00,157962562.78981,104945,37380.354,81376583.56387
2026-03-25 16:45:00+00:00,2177.1,2177.65,2170.56,2173.0,31655.618,2026-03-25 16:59:59.999000+00:00,68816915.34646,60716,15136.964,32905422.32483
2026-03-25 17:00:00+00:00,2173.01,2175.55,2167.21,2169.78,31429.371,2026-03-25 17:14:59.999000+00:00,68226264.55292,70997,15206.98,33011315.87915
2026-03-25 17:15:00+00:00,2169.78,2173.37,2163.73,2167.7,34540.311,2026-03-25 17:29:59.999000+00:00,74878122.94693,67023,18072.329,39179564.17977
2026-03-25 17:30:00+00:00,2167.7,2168.42,2161.0,2164.43,32087.754,2026-03-25 17:44:59.999000+00:00,69459294.13598,67869,16567.393,35865420.86327
2026-03-25 17:45:00+00:00,2164.43,2166.92,2159.19,2163.09,27860.011,2026-03-25 17:59:59.999000+00:00,60245412.64689,63834,13614.127,29442905.55731
2026-03-25 18:00:00+00:00,2163.08,2168.67,2162.0,2167.65,28720.327,2026-03-25 18:14:59.999000+00:00,62208313.6212,56181,17308.918,37489787.58225
2026-03-25 18:15:00+00:00,2167.64,2172.72,2167.32,2168.48,28233.175,2026-03-25 18:29:59.999000+00:00,61269165.62499,51394,14885.491,32306053.01225
2026-03-25 18:30:00+00:00,2168.49,2170.0,2162.23,2163.32,16141.57,2026-03-25 18:44:59.999000+00:00,34952114.64089,35294,6180.988,13384292.00582
2026-03-25 18:45:00+00:00,2163.31,2167.35,2156.46,2161.5,26385.017,2026-03-25 18:59:59.999000+00:00,57031318.40611,53046,13212.59,28562595.14987
2026-03-25 19:00:00+00:00,2161.5,2169.28,2158.57,2168.44,51695.469,2026-03-25 19:14:59.999000+00:00,111900587.69556,81762,33741.158,73037053.6172
2026-03-25 19:15:00+00:00,2168.45,2172.6,2167.57,2169.93,22290.47,2026-03-25 19:29:59.999000+00:00,48355610.98399,40332,12570.47,27270362.7983
2026-03-25 19:30:00+00:00,2169.92,2176.33,2168.27,2170.87,18013.071,2026-03-25 19:44:59.999000+00:00,39131388.40364,42448,8798.162,19116624.68477
2026-03-25 19:45:00+00:00,2170.88,2173.71,2166.68,2171.73,15354.804,2026-03-25 19:59:59.999000+00:00,33321924.36131,37242,6635.44,14399769.56895
2026-03-25 20:00:00+00:00,2171.73,2172.1,2164.08,2165.04,15055.711,2026-03-25 20:14:59.999000+00:00,32615919.31435,29394,7668.715,16610752.18618
2026-03-25 20:15:00+00:00,2165.03,2167.46,2158.01,2160.41,26463.311,2026-03-25 20:29:59.999000+00:00,57198629.8957,27864,9411.486,20345173.58092
2026-03-25 20:30:00+00:00,2160.4,2165.0,2159.62,2165.0,11019.732,2026-03-25 20:44:59.999000+00:00,23825374.23409,21632,6753.741,14602426.41072
2026-03-25 20:45:00+00:00,2164.99,2166.89,2163.57,2165.77,9445.518,2026-03-25 20:59:59.999000+00:00,20456053.16501,17975,5155.554,11165432.15167
2026-03-25 21:00:00+00:00,2165.78,2168.35,2163.5,2168.34,12522.825,2026-03-25 21:14:59.999000+00:00,27127884.56626,19521,7886.68,17086267.31519
2026-03-25 21:15:00+00:00,2168.34,2168.75,2160.04,2163.0,17047.565,2026-03-25 21:29:59.999000+00:00,36887360.49423,23941,5459.429,11816333.84269
2026-03-25 21:30:00+00:00,2163.0,2164.68,2161.64,2162.56,8141.35,2026-03-25 21:44:59.999000+00:00,17609571.19225,12929,4904.277,10607426.70518
2026-03-25 21:45:00+00:00,2162.57,2164.19,2161.0,2163.01,7155.597,2026-03-25 21:59:59.999000+00:00,15474216.26057,15528,3882.376,8395396.23151
2026-03-25 22:00:00+00:00,2163.0,2166.77,2160.63,2162.43,10208.354,2026-03-25 22:14:59.999000+00:00,22088505.60312,29954,5287.606,11440900.08576
2026-03-25 22:15:00+00:00,2162.43,2165.22,2160.72,2163.03,8038.717,2026-03-25 22:29:59.999000+00:00,17387394.05395,22639,4301.104,9304240.48546
2026-03-25 22:30:00+00:00,2163.04,2184.99,2162.38,2174.36,76103.171,2026-03-25 22:44:59.999000+00:00,165475952.7981,98794,44628.479,97043771.1822
2026-03-25 22:45:00+00:00,2174.36,2176.53,2171.94,2173.29,21874.902,2026-03-25 22:59:59.999000+00:00,47552986.61127,30448,12194.674,26508103.52805
2026-03-25 23:00:00+00:00,2173.29,2176.36,2172.03,2172.32,16854.735,2026-03-25 23:14:59.999000+00:00,36646850.61101,29944,7905.498,17190120.73969
2026-03-25 23:15:00+00:00,2172.32,2173.74,2169.0,2172.18,15250.744,2026-03-25 23:29:59.999000+00:00,33113647.33493,28861,6569.8,14266475.6438
2026-03-25 23:30:00+00:00,2172.18,2172.42,2164.11,2165.0,21365.784,2026-03-25 23:44:59.999000+00:00,46323153.45552,37629,8662.425,18780558.89846
2026-03-25 23:45:00+00:00,2165.01,2169.0,2163.63,2168.0,18879.589,2026-03-25 23:59:59.999000+00:00,40899763.19922,26966,11501.154,24917699.43114
2026-03-26 00:00:00+00:00,2168.0,2169.0,2164.12,2165.99,21593.17,2026-03-26 00:14:59.999000+00:00,46789433.60478,30143,13134.472,28460781.40906
2026-03-26 00:15:00+00:00,2166.0,2169.99,2163.29,2164.9,27252.495,2026-03-26 00:29:59.999000+00:00,59046892.85616,42046,16125.481,34940820.074
2026-03-26 00:30:00+00:00,2164.9,2168.39,2164.0,2166.78,11224.271,2026-03-26 00:44:59.999000+00:00,24317268.19786,27266,6036.023,13076691.42409
2026-03-26 00:45:00+00:00,2166.79,2171.32,2161.21,2165.23,22694.958,2026-03-26 00:59:59.999000+00:00,49159773.86148,47838,10802.68,23401444.65941
2026-03-26 01:00:00+00:00,2165.23,2168.4,2161.0,2162.72,21542.43,2026-03-26 01:14:59.999000+00:00,46615265.71223,43735,11118.962,24064202.79651
2026-03-26 01:15:00+00:00,2162.72,2167.68,2158.89,2165.91,33693.309,2026-03-26 01:29:59.999000+00:00,72866549.60941,45209,17393.792,37615612.94832
2026-03-26 01:30:00+00:00,2165.91,2168.09,2163.24,2163.59,12724.162,2026-03-26 01:44:59.999000+00:00,27558597.41403,31050,5414.111,11727355.49054
2026-03-26 01:45:00+00:00,2163.59,2165.49,2161.14,2163.7,12504.068,2026-03-26 01:59:59.999000+00:00,27049152.3448,23809,5448.882,11787119.82019
2026-03-26 02:00:00+00:00,2163.7,2164.8,2156.87,2159.0,36072.094,2026-03-26 02:14:59.999000+00:00,77902573.1605,43433,13443.739,29035999.61452
2026-03-26 02:15:00+00:00,2159.01,2159.27,2151.48,2153.01,49832.83,2026-03-26 02:29:59.999000+00:00,107361666.14706,66283,22926.382,49394305.94017
2026-03-26 02:30:00+00:00,2153.01,2153.51,2142.15,2148.23,86307.181,2026-03-26 02:44:59.999000+00:00,185277389.80535,100432,42312.856,90830494.67797
2026-03-26 02:45:00+00:00,2148.24,2150.0,2146.31,2149.06,31594.022,2026-03-26 02:59:59.999000+00:00,67876131.44295,34920,17910.559,38481547.13866
2026-03-26 03:00:00+00:00,2149.05,2154.9,2143.73,2154.7,35947.936,2026-03-26 03:14:59.999000+00:00,77221117.96781,50030,18959.676,40734870.09592
2026-03-26 03:15:00+00:00,2154.7,2154.7,2144.52,2146.83,35175.881,2026-03-26 03:29:59.999000+00:00,75561429.29516,46917,14735.049,31654168.55371
2026-03-26 03:30:00+00:00,2146.83,2152.72,2146.54,2151.28,20993.915,2026-03-26 03:44:59.999000+00:00,45138761.10268,35410,11520.863,24770656.14475
2026-03-26 03:45:00+00:00,2151.27,2153.32,2149.21,2152.15,12165.485,2026-03-26 03:59:59.999000+00:00,26172850.18778,22003,6383.497,13733636.09639
2026-03-26 04:00:00+00:00,2152.15,2152.64,2146.55,2147.45,12204.011,2026-03-26 04:14:59.999000+00:00,26239521.23245,25309,5342.852,11489459.33389
2026-03-26 04:15:00+00:00,2147.46,2151.97,2146.66,2151.64,12978.356,2026-03-26 04:29:59.999000+00:00,27886604.83784,21432,8239.252,17703976.92078
2026-03-26 04:30:00+00:00,2151.64,2153.3,2150.0,2151.3,24082.686,2026-03-26 04:44:59.999000+00:00,51816882.9701,23734,9567.436,20586019.18412
2026-03-26 04:45:00+00:00,2151.3,2153.52,2147.2,2148.45,15047.52,2026-03-26 04:59:59.999000+00:00,32362618.75361,22018,6409.57,13786704.32936
2026-03-26 05:00:00+00:00,2148.44,2149.91,2136.57,2139.64,86468.718,2026-03-26 05:14:59.999000+00:00,185062066.01933,83278,33360.801,71400394.97808
2026-03-26 05:15:00+00:00,2139.63,2142.5,2136.08,2141.41,44967.301,2026-03-26 05:29:59.999000+00:00,96229503.88978,57831,22423.003,47992643.48942
2026-03-26 05:30:00+00:00,2141.4,2144.25,2125.75,2129.0,110391.475,2026-03-26 05:44:59.999000+00:00,235489257.34775,94455,34006.204,72579093.78893
2026-03-26 05:45:00+00:00,2129.0,2129.74,2111.67,2118.63,244465.892,2026-03-26 05:59:59.999000+00:00,518550948.96945,197169,109834.854,233004540.47121
2026-03-26 06:00:00+00:00,2118.63,2120.48,2110.72,2119.9,86791.308,2026-03-26 06:14:59.999000+00:00,183655038.74166,93431,44128.315,93380761.28468
2026-03-26 06:15:00+00:00,2119.9,2123.88,2116.32,2121.69,57030.118,2026-03-26 06:29:59.999000+00:00,120941996.09992,61083,31725.994,67283200.59899
2026-03-26 06:30:00+00:00,2121.68,2123.46,2118.63,2118.8,20263.262,2026-03-26 06:44:59.999000+00:00,42978711.27194,36771,11126.565,23600186.55122
2026-03-26 06:45:00+00:00,2118.81,2122.24,2117.08,2120.7,26744.532,2026-03-26 06:59:59.999000+00:00,56707773.57773,36127,12318.624,26119876.72735
2026-03-26 07:00:00+00:00,2120.71,2123.66,2118.82,2119.14,28330.581,2026-03-26 07:14:59.999000+00:00,60077736.66416,45323,14968.333,31742863.31404
2026-03-26 07:15:00+00:00,2119.15,2121.81,2114.01,2116.77,37935.631,2026-03-26 07:29:59.999000+00:00,80351936.05741,56852,18099.642,38338845.56411
2026-03-26 07:30:00+00:00,2116.77,2121.71,2112.0,2119.46,47834.842,2026-03-26 07:44:59.999000+00:00,101244993.9992,56836,22877.464,48434431.04027
2026-03-26 07:45:00+00:00,2119.47,2123.66,2119.39,2122.37,21643.699,2026-03-26 07:59:59.999000+00:00,45925256.77282,26387,11918.981,25289505.91971
2026-03-26 08:00:00+00:00,2122.36,2126.24,2115.42,2116.21,40273.751,2026-03-26 08:14:59.999000+00:00,85425986.62203,60215,19243.966,40832397.32875
2026-03-26 08:15:00+00:00,2116.2,2119.68,2113.0,2114.66,41013.254,2026-03-26 08:29:59.999000+00:00,86767254.80646,56143,17700.013,37453782.24587
2026-03-26 08:30:00+00:00,2114.67,2117.81,2113.3,2115.2,31404.33,2026-03-26 08:44:59.999000+00:00,66419807.33502,41420,16629.858,35172595.45985
2026-03-26 08:45:00+00:00,2115.2,2120.78,2114.47,2118.61,23629.006,2026-03-26 08:59:59.999000+00:00,50053217.91802,44413,13093.364,27736444.9801
2026-03-26 09:00:00+00:00,2118.61,2120.89,2115.13,2117.82,23239.771,2026-03-26 09:14:59.999000+00:00,49232089.47276,44323,10779.708,22834930.62216
2026-03-26 09:15:00+00:00,2117.82,2117.82,2113.88,2115.81,17384.16,2026-03-26 09:29:59.999000+00:00,36780364.43194,31345,7917.156,16751649.20624
2026-03-26 09:30:00+00:00,2115.8,2115.8,2073.0,2082.49,496019.284,2026-03-26 09:44:59.999000+00:00,1035824392.16334,349344,201047.606,419534592.02505
2026-03-26 09:45:00+00:00,2082.49,2083.74,2075.61,2081.29,75485.156,2026-03-26 09:59:59.999000+00:00,157016168.2351,86993,36713.28,76370203.1258
2026-03-26 10:00:00+00:00,2081.29,2081.45,2070.6,2076.0,96946.474,2026-03-26 10:14:59.999000+00:00,201277784.41808,95888,44813.796,93041641.11585
2026-03-26 10:15:00+00:00,2076.0,2082.39,2075.93,2081.51,45259.484,2026-03-26 10:29:59.999000+00:00,94139821.37711,56428,26541.384,55204923.84011
2026-03-26 10:30:00+00:00,2081.51,2082.0,2073.38,2075.84,50166.646,2026-03-26 10:44:59.999000+00:00,104197316.38398,69039,26239.416,54494719.13056
2026-03-26 10:45:00+00:00,2075.85,2077.58,2075.01,2077.38,20590.276,2026-03-26 10:59:59.999000+00:00,42758817.46626,37332,10555.807,21920574.72961
2026-03-26 11:00:00+00:00,2077.38,2080.32,2061.0,2070.31,114829.959,2026-03-26 11:14:59.999000+00:00,237612933.58525,106910,47944.799,99234817.24465
2026-03-26 11:15:00+00:00,2070.32,2072.23,2063.35,2066.94,67899.492,2026-03-26 11:29:59.999000+00:00,140410968.17268,83444,30924.902,63948074.13648
2026-03-26 11:30:00+00:00,2066.95,2072.47,2066.46,2069.93,54174.231,2026-03-26 11:44:59.999000+00:00,112157526.66959,57538,33277.869,68897553.60599
2026-03-26 11:45:00+00:00,2069.93,2072.3,2066.28,2067.33,29237.557,2026-03-26 11:59:59.999000+00:00,60486008.07287,38321,13310.605,27538424.52563
2026-03-26 12:00:00+00:00,2067.34,2071.81,2064.57,2070.46,60228.35,2026-03-26 12:14:59.999000+00:00,124565603.31368,70020,28032.276,57993126.26286
2026-03-26 12:15:00+00:00,2070.46,2071.77,2068.93,2070.3,25913.578,2026-03-26 12:29:59.999000+00:00,53655282.99394,36982,11606.691,24033343.00935
2026-03-26 12:30:00+00:00,2070.3,2073.15,2065.22,2070.6,35746.634,2026-03-26 12:44:59.999000+00:00,73986379.15487,58093,18619.661,38537586.34238
2026-03-26 12:45:00+00:00,2070.6,2074.3,2070.0,2072.13,26136.119,2026-03-26 12:59:59.999000+00:00,54160320.32068,37370,15037.374,31160693.29137
2026-03-26 13:00:00+00:00,2072.13,2078.5,2071.0,2077.65,54653.688,2026-03-26 13:14:59.999000+00:00,113409547.39954,61963,31814.264,66014144.06134
2026-03-26 13:15:00+00:00,2077.65,2079.61,2074.18,2075.19,31670.779,2026-03-26 13:29:59.999000+00:00,65789097.2239,40220,15043.744,31256425.66399
2026-03-26 13:30:00+00:00,2075.19,2082.5,2068.13,2082.5,86574.206,2026-03-26 13:44:59.999000+00:00,179599051.47427,150187,47393.176,98356466.61037
2026-03-26 13:45:00+00:00,2082.51,2093.64,2076.01,2080.07,255318.712,2026-03-26 13:59:59.999000+00:00,532699867.04981,249916,139433.369,290988613.76279
2026-03-26 14:00:00+00:00,2080.08,2084.85,2075.21,2078.88,62489.921,2026-03-26 14:14:59.999000+00:00,129945676.40118,107402,35385.96,73595009.41909
2026-03-26 14:15:00+00:00,2078.88,2081.0,2070.29,2074.71,51919.979,2026-03-26 14:29:59.999000+00:00,107729023.04947,92614,23282.929,48312893.1366
2026-03-26 14:30:00+00:00,2074.72,2083.87,2074.71,2076.21,44394.651,2026-03-26 14:44:59.999000+00:00,92306536.33808,100564,25458.908,52941592.26754
2026-03-26 14:45:00+00:00,2076.21,2078.0,2066.0,2075.05,86224.411,2026-03-26 14:59:59.999000+00:00,178695373.09664,137008,44810.193,92891947.74494
2026-03-26 15:00:00+00:00,2075.04,2075.9,2057.49,2058.31,125003.194,2026-03-26 15:14:59.999000+00:00,258099860.92917,157930,51902.625,107195439.29729
2026-03-26 15:15:00+00:00,2058.31,2067.53,2050.54,2064.7,136840.3,2026-03-26 15:29:59.999000+00:00,281902564.70239,160671,70402.369,145062296.61065
2026-03-26 15:30:00+00:00,2064.7,2066.6,2061.3,2063.23,44290.067,2026-03-26 15:44:59.999000+00:00,91400042.45963,75959,24536.257,50635700.36574
2026-03-26 15:45:00+00:00,2063.23,2077.12,2062.21,2069.43,86370.296,2026-03-26 15:59:59.999000+00:00,178834506.3327,105182,49934.496,103411859.91021
2026-03-26 16:00:00+00:00,2069.43,2070.0,2065.42,2068.99,24879.174,2026-03-26 16:14:59.999000+00:00,51446259.27957,57568,12584.403,26024023.35018
2026-03-26 16:15:00+00:00,2068.99,2069.38,2063.0,2063.88,37465.63,2026-03-26 16:29:59.999000+00:00,77401381.43407,70477,18337.589,37885642.01196
2026-03-26 16:30:00+00:00,2063.89,2067.62,2062.0,2064.9,33993.452,2026-03-26 16:44:59.999000+00:00,70169636.76739,61542,20258.718,41819498.59812
2026-03-26 16:45:00+00:00,2064.89,2065.96,2058.61,2060.12,31151.967,2026-03-26 16:59:59.999000+00:00,64227469.79851,51618,14068.139,29008168.57677
2026-03-26 17:00:00+00:00,2060.11,2066.66,2059.05,2062.12,28543.479,2026-03-26 17:14:59.999000+00:00,58897705.41063,53765,14918.405,30785055.70232
2026-03-26 17:15:00+00:00,2062.13,2067.59,2062.0,2067.59,15408.372,2026-03-26 17:29:59.999000+00:00,31820696.42944,35253,8984.519,18555032.09483
2026-03-26 17:30:00+00:00,2067.59,2070.0,2065.25,2066.06,21646.336,2026-03-26 17:44:59.999000+00:00,44759383.0217,37652,12026.687,24869422.43159
2026-03-26 17:45:00+00:00,2066.06,2066.25,2042.43,2048.22,162481.688,2026-03-26 17:59:59.999000+00:00,333443377.95702,147249,69675.092,143020821.37022
2026-03-26 18:00:00+00:00,2048.22,2054.91,2042.09,2049.98,92793.152,2026-03-26 18:14:59.999000+00:00,190126480.65806,132303,47568.814,97477429.75072
2026-03-26 18:15:00+00:00,2049.97,2050.0,2033.22,2036.25,151414.44,2026-03-26 18:29:59.999000+00:00,308850400.60254,167098,67528.163,137760975.79355
2026-03-26 18:30:00+00:00,2036.26,2042.32,2036.0,2041.01,35682.663,2026-03-26 18:44:59.999000+00:00,72788899.89051,63511,18974.78,38706261.71068
2026-03-26 18:45:00+00:00,2041.0,2046.5,2040.0,2045.82,39329.051,2026-03-26 18:59:59.999000+00:00,80376654.14532,54261,18897.618,38617935.28357
2026-03-26 19:00:00+00:00,2045.82,2046.3,2039.39,2042.23,32049.995,2026-03-26 19:14:59.999000+00:00,65473627.19659,46301,12098.329,24714148.49994
2026-03-26 19:15:00+00:00,2042.24,2046.6,2039.01,2040.84,33605.247,2026-03-26 19:29:59.999000+00:00,68678517.15715,42442,19895.973,40668435.23047
2026-03-26 19:30:00+00:00,2040.84,2051.58,2038.19,2050.29,49118.344,2026-03-26 19:44:59.999000+00:00,100536373.22628,64012,30704.933,62855977.52671
2026-03-26 19:45:00+00:00,2050.29,2053.0,2045.73,2047.86,48744.992,2026-03-26 19:59:59.999000+00:00,99897624.63268,57702,22047.221,45187900.24508
2026-03-26 20:00:00+00:00,2047.85,2080.25,2045.17,2070.87,296482.142,2026-03-26 20:14:59.999000+00:00,613824377.96053,226806,175191.376,362676805.19805
2026-03-26 20:15:00+00:00,2070.86,2078.12,2065.07,2067.66,113058.387,2026-03-26 20:29:59.999000+00:00,234126325.55802,132519,62170.847,128784864.01766
2026-03-26 20:30:00+00:00,2067.65,2072.67,2067.65,2070.57,27470.583,2026-03-26 20:44:59.999000+00:00,56865413.56538,47010,13545.757,28041345.76915
2026-03-26 20:45:00+00:00,2070.56,2071.0,2061.49,2063.83,28001.648,2026-03-26 20:59:59.999000+00:00,57820645.71587,39581,12956.437,26751404.90871
2026-03-26 21:00:00+00:00,2063.83,2065.7,2058.81,2064.83,37822.431,2026-03-26 21:14:59.999000+00:00,77981631.16196,41661,17691.729,36481635.82731
2026-03-26 21:15:00+00:00,2064.82,2077.99,2063.74,2072.41,63691.918,2026-03-26 21:29:59.999000+00:00,131930408.81987,59551,37790.874,78287692.55441
2026-03-26 21:30:00+00:00,2072.4,2074.21,2068.29,2069.85,25709.611,2026-03-26 21:44:59.999000+00:00,53232523.54192,30232,9569.538,19816262.90739
2026-03-26 21:45:00+00:00,2069.84,2070.33,2067.07,2067.08,8941.788,2026-03-26 21:59:59.999000+00:00,18497189.16942,26592,3862.333,7989419.32582
2026-03-26 22:00:00+00:00,2067.08,2072.06,2065.5,2068.26,25644.769,2026-03-26 22:14:59.999000+00:00,53043846.6876,56970,10255.02,21213821.95022
2026-03-26 22:15:00+00:00,2068.26,2068.86,2053.4,2061.38,58772.695,2026-03-26 22:29:59.999000+00:00,121128488.04324,73811,24836.002,51188710.01482
2026-03-26 22:30:00+00:00,2061.38,2064.32,2057.68,2063.62,24379.262,2026-03-26 22:44:59.999000+00:00,50249930.56228,49473,12039.527,24817877.89599
2026-03-26 22:45:00+00:00,2063.62,2064.72,2061.29,2064.67,11943.545,2026-03-26 22:59:59.999000+00:00,24642005.33171,26877,5446.449,11237465.0198
2026-03-26 23:00:00+00:00,2064.66,2068.63,2060.85,2062.3,21654.774,2026-03-26 23:14:59.999000+00:00,44723545.66928,39229,11446.753,23642281.18299
2026-03-26 23:15:00+00:00,2062.31,2065.0,2057.4,2060.94,25224.846,2026-03-26 23:29:59.999000+00:00,51963181.54513,42885,10000.592,20602987.98285
2026-03-26 23:30:00+00:00,2060.95,2061.15,2054.54,2058.64,38185.092,2026-03-26 23:44:59.999000+00:00,78575254.36882,50801,13698.028,28187215.64459
2026-03-26 23:45:00+00:00,2058.64,2060.95,2057.6,2059.17,10797.123,2026-03-26 23:59:59.999000+00:00,22233329.15176,21625,6036.958,12431285.09952
2026-03-27 00:00:00+00:00,2059.18,2066.73,2056.78,2065.52,38528.681,2026-03-27 00:14:59.999000+00:00,79445012.2145,53045,21705.655,44751708.22016
2026-03-27 00:15:00+00:00,2065.52,2066.65,2057.79,2059.19,19477.035,2026-03-27 00:29:59.999000+00:00,40152224.22757,48716,8370.294,17252333.66354
2026-03-27 00:30:00+00:00,2059.2,2065.13,2055.5,2061.31,23742.381,2026-03-27 00:44:59.999000+00:00,48901338.13846,61759,12108.576,24937881.63669
2026-03-27 00:45:00+00:00,2061.3,2065.6,2058.34,2064.11,16951.486,2026-03-27 00:59:59.999000+00:00,34965455.14398,40489,9009.229,18584212.44477
2026-03-27 01:00:00+00:00,2064.1,2069.87,2062.03,2068.36,20126.679,2026-03-27 01:14:59.999000+00:00,41591368.9996,50990,10300.946,21287862.65521
2026-03-27 01:15:00+00:00,2068.37,2071.74,2066.23,2070.86,29016.906,2026-03-27 01:29:59.999000+00:00,60046780.86715,50859,16486.99,34119955.60752
2026-03-27 01:30:00+00:00,2070.86,2072.68,2067.06,2069.59,14951.061,2026-03-27 01:44:59.999000+00:00,30943216.0304,36775,6612.4,13686361.70701
2026-03-27 01:45:00+00:00,2069.59,2073.84,2067.64,2073.18,25727.081,2026-03-27 01:59:59.999000+00:00,53269678.9393,41267,11969.428,24787717.3839
2026-03-27 02:00:00+00:00,2073.19,2076.43,2071.77,2071.9,37326.704,2026-03-27 02:14:59.999000+00:00,77418580.56336,57328,19772.891,41012683.69822
2026-03-27 02:15:00+00:00,2071.9,2072.26,2069.07,2071.97,13260.21,2026-03-27 02:29:59.999000+00:00,27455382.01819,30855,6642.384,13753317.54823
2026-03-27 02:30:00+00:00,2071.98,2074.77,2066.49,2068.18,18696.449,2026-03-27 02:44:59.999000+00:00,38710714.42704,34131,8329.665,17248993.31123
2026-03-27 02:45:00+00:00,2068.17,2069.45,2065.77,2067.12,12150.64,2026-03-27 02:59:59.999000+00:00,25125601.25952,22380,5497.872,11369231.52778
2026-03-27 03:00:00+00:00,2067.11,2068.0,2058.06,2060.6,39220.032,2026-03-27 03:14:59.999000+00:00,80861631.69827,54997,15212.791,31364963.32916
2026-03-27 03:15:00+00:00,2060.61,2063.44,2058.62,2062.23,12947.46,2026-03-27 03:29:59.999000+00:00,26690493.45047,29335,6061.346,12495440.4283
2026-03-27 03:30:00+00:00,2062.23,2064.48,2058.31,2062.21,18086.226,2026-03-27 03:44:59.999000+00:00,37294841.08398,30609,10218.069,21069324.29729
2026-03-27 03:45:00+00:00,2062.2,2062.56,2059.25,2060.45,14720.724,2026-03-27 03:59:59.999000+00:00,30339079.56522,22953,8631.806,17790552.33396
2026-03-27 04:00:00+00:00,2060.44,2060.99,2041.32,2045.7,187186.705,2026-03-27 04:14:59.999000+00:00,383444581.91599,148092,80642.606,165176301.02205
2026-03-27 04:15:00+00:00,2045.7,2052.12,2044.0,2050.53,38183.765,2026-03-27 04:29:59.999000+00:00,78233438.00111,44915,23431.998,48014903.05334
2026-03-27 04:30:00+00:00,2050.53,2053.17,2048.68,2051.44,20466.711,2026-03-27 04:44:59.999000+00:00,41982009.31134,31116,10771.734,22097296.3934
2026-03-27 04:45:00+00:00,2051.44,2053.6,2050.93,2052.13,15411.886,2026-03-27 04:59:59.999000+00:00,31630256.46256,21684,9314.082,19115682.12551
2026-03-27 05:00:00+00:00,2052.12,2063.0,2050.91,2061.92,42328.149,2026-03-27 05:14:59.999000+00:00,87070310.04438,58523,25496.462,52454928.73394
2026-03-27 05:15:00+00:00,2061.92,2065.58,2055.72,2057.96,34181.168,2026-03-27 05:29:59.999000+00:00,70443292.71611,54978,16372.929,33738795.86338
2026-03-27 05:30:00+00:00,2057.96,2062.0,2055.12,2057.72,18305.805,2026-03-27 05:44:59.999000+00:00,37685065.50258,42027,9870.917,20323249.61831
2026-03-27 05:45:00+00:00,2057.72,2060.48,2056.7,2060.18,7868.262,2026-03-27 05:59:59.999000+00:00,16197393.13911,22879,4171.284,8586966.30817
2026-03-27 06:00:00+00:00,2060.18,2062.69,2057.32,2062.69,14790.809,2026-03-27 06:14:59.999000+00:00,30473265.08454,30636,7274.423,14989423.10892
2026-03-27 06:15:00+00:00,2062.68,2066.88,2061.64,2063.66,26282.947,2026-03-27 06:29:59.999000+00:00,54241960.81353,36303,12100.94,24977130.2115
2026-03-27 06:30:00+00:00,2063.66,2067.11,2062.23,2063.85,20542.252,2026-03-27 06:44:59.999000+00:00,42411446.01488,34215,10191.007,21040681.88419
2026-03-27 06:45:00+00:00,2063.85,2063.85,2059.6,2061.4,22233.638,2026-03-27 06:59:59.999000+00:00,45846298.55721,34670,8258.276,17029348.20396
2026-03-27 07:00:00+00:00,2061.4,2068.52,2058.77,2066.67,24469.534,2026-03-27 07:14:59.999000+00:00,50489564.05996,49003,13905.742,28696886.94188
2026-03-27 07:15:00+00:00,2066.68,2071.59,2065.09,2069.33,39933.273,2026-03-27 07:29:59.999000+00:00,82605885.37396,47043,18273.742,37800576.44734
2026-03-27 07:30:00+00:00,2069.33,2070.5,2061.13,2066.55,60530.563,2026-03-27 07:44:59.999000+00:00,125064210.83726,66405,35857.164,74084156.21236
2026-03-27 07:45:00+00:00,2066.56,2069.84,2063.24,2064.95,40385.052,2026-03-27 07:59:59.999000+00:00,83475645.38724,43244,22068.442,45614133.83079
2026-03-27 08:00:00+00:00,2064.94,2068.6,2060.38,2062.0,34293.915,2026-03-27 08:14:59.999000+00:00,70764786.74108,62828,16271.806,33579172.77148
2026-03-27 08:15:00+00:00,2062.01,2063.23,2053.25,2053.35,59186.804,2026-03-27 08:29:59.999000+00:00,121789779.00866,81789,24520.575,50459510.00331
2026-03-27 08:30:00+00:00,2053.34,2056.63,2032.1,2041.76,219357.056,2026-03-27 08:44:59.999000+00:00,447878688.12558,207298,98639.535,201365964.16129
2026-03-27 08:45:00+00:00,2041.75,2052.5,2041.62,2046.5,82311.403,2026-03-27 08:59:59.999000+00:00,168497661.26892,87856,53831.291,110205573.89821
2026-03-27 09:00:00+00:00,2046.51,2048.68,2033.04,2040.56,76318.252,2026-03-27 09:14:59.999000+00:00,155779418.22397,91277,27863.085,56884948.80487
2026-03-27 09:15:00+00:00,2040.57,2051.11,2040.07,2049.32,46866.752,2026-03-27 09:29:59.999000+00:00,95879881.59039,61823,29611.506,60575681.29943
2026-03-27 09:30:00+00:00,2049.31,2049.36,2042.22,2043.3,25943.499,2026-03-27 09:44:59.999000+00:00,53065802.69283,42657,10347.714,21165045.60354
2026-03-27 09:45:00+00:00,2043.29,2045.94,2039.08,2039.89,29372.658,2026-03-27 09:59:59.999000+00:00,59995665.91122,42099,13842.204,28279455.96592
2026-03-27 10:00:00+00:00,2039.9,2043.11,2036.01,2038.71,36120.663,2026-03-27 10:14:59.999000+00:00,73656822.95919,58148,16954.921,34577827.80439
2026-03-27 10:15:00+00:00,2038.72,2043.72,2038.18,2041.85,21341.286,2026-03-27 10:29:59.999000+00:00,43547783.49371,41238,11097.163,22645477.44694
2026-03-27 10:30:00+00:00,2041.85,2043.19,2002.2,2009.82,388249.091,2026-03-27 10:44:59.999000+00:00,782340020.02389,318029,144781.548,291650854.33865
2026-03-27 10:45:00+00:00,2009.82,2012.14,1981.35,1989.7,326270.823,2026-03-27 10:59:59.999000+00:00,650868202.27842,280977,139034.894,277347420.03285
2026-03-27 11:00:00+00:00,1989.69,1994.74,1980.28,1993.01,148627.552,2026-03-27 11:14:59.999000+00:00,295682242.56187,174404,79814.091,158820194.7467
2026-03-27 11:15:00+00:00,1993.01,1996.68,1991.0,1995.64,65118.559,2026-03-27 11:29:59.999000+00:00,129829700.60867,89203,31025.806,61857045.22572
2026-03-27 11:30:00+00:00,1995.63,1997.04,1992.19,1993.41,43130.852,2026-03-27 11:44:59.999000+00:00,86009246.30844,64645,19890.52,39664729.88261
2026-03-27 11:45:00+00:00,1993.4,1995.89,1988.08,1990.24,53009.878,2026-03-27 11:59:59.999000+00:00,105558670.82952,69304,27980.163,55723173.06066
2026-03-27 12:00:00+00:00,1990.24,1992.13,1987.57,1989.08,54866.717,2026-03-27 12:14:59.999000+00:00,109172568.67024,61798,27709.804,55139014.52418
2026-03-27 12:15:00+00:00,1989.09,1990.6,1984.76,1986.0,44205.371,2026-03-27 12:29:59.999000+00:00,87851689.41989,56271,22493.477,44705558.58442
2026-03-27 12:30:00+00:00,1985.99,1988.12,1980.23,1986.9,76969.767,2026-03-27 12:44:59.999000+00:00,152734035.20575,95727,38507.286,76409441.63616
2026-03-27 12:45:00+00:00,1986.9,1989.91,1982.5,1987.71,45385.769,2026-03-27 12:59:59.999000+00:00,90145247.30436,60736,24133.294,47941286.03078
2026-03-27 13:00:00+00:00,1987.71,1992.16,1985.53,1988.59,38304.18,2026-03-27 13:14:59.999000+00:00,76188607.95708,62054,20523.724,40826095.98181
2026-03-27 13:15:00+00:00,1988.59,1995.9,1988.0,1994.09,50088.699,2026-03-27 13:29:59.999000+00:00,99818901.68761,68466,27260.573,54329360.41536
2026-03-27 13:30:00+00:00,1994.09,1995.9,1966.2,1985.79,228281.703,2026-03-27 13:44:59.999000+00:00,452106745.98638,263788,102900.943,203848851.7797
2026-03-27 13:45:00+00:00,1985.78,1988.82,1972.39,1977.94,106859.348,2026-03-27 13:59:59.999000+00:00,211525340.62228,164294,52629.788,104169388.5649
2026-03-27 14:00:00+00:00,1977.94,1987.82,1975.95,1985.26,77526.548,2026-03-27 14:14:59.999000+00:00,153688491.62991,133038,42864.956,84976574.30282
2026-03-27 14:15:00+00:00,1985.26,1986.4,1970.4,1972.67,91038.165,2026-03-27 14:29:59.999000+00:00,179862734.31368,152980,42169.618,83313643.18587
2026-03-27 14:30:00+00:00,1972.67,1980.92,1972.0,1977.59,64597.421,2026-03-27 14:44:59.999000+00:00,127677298.57765,109449,36578.919,72301268.03151
2026-03-27 14:45:00+00:00,1977.59,1988.71,1975.02,1988.15,111907.754,2026-03-27 14:59:59.999000+00:00,222037890.73283,112253,49645.203,98501117.94797
2026-03-27 15:00:00+00:00,1988.15,1993.5,1987.77,1988.72,94166.951,2026-03-27 15:14:59.999000+00:00,187426681.28627,106788,46139.997,91843275.38479
2026-03-27 15:15:00+00:00,1988.71,1999.95,1982.11,1994.37,125066.235,2026-03-27 15:29:59.999000+00:00,249076327.01414,142454,65265.818,130017616.89243
2026-03-27 15:30:00+00:00,1994.3,2009.46,1992.79,1998.61,143110.072,2026-03-27 15:44:59.999000+00:00,286597329.82384,144720,78052.016,156323819.07728
2026-03-27 15:45:00+00:00,1998.61,2001.61,1987.65,1990.12,85869.739,2026-03-27 15:59:59.999000+00:00,171165753.38699,93743,36875.574,73497929.22048
2026-03-27 16:00:00+00:00,1990.11,1990.29,1980.52,1986.11,83374.488,2026-03-27 16:14:59.999000+00:00,165483729.01224,115685,38452.874,76319791.03349
2026-03-27 16:15:00+00:00,1986.12,1986.4,1982.79,1982.8,5879.667,2026-03-27 16:29:59.999000+00:00,11670568.29958,12744,2808.853,5575511.32256
