open_time,close_time,open,high,low,close,trade_count
2026-03-13 16:30:00+00:00,2026-03-13 16:44:59.999000+00:00,2118.9,2133.07955039,2118.5,2132.03,900
2026-03-13 16:45:00+00:00,2026-03-13 16:59:59.999000+00:00,2132.62,2142.45341085,2130.54732558,2132.89,900
2026-03-13 17:00:00+00:00,2026-03-13 17:14:59.999000+00:00,2132.9,2137.7,2132.43490698,2135.99,900
2026-03-13 17:15:00+00:00,2026-03-13 17:29:59.999000+00:00,2136.46,2140.22,2119.3,2120.22,900
2026-03-13 17:30:00+00:00,2026-03-13 17:44:59.999000+00:00,2120.22,2121.34,2102.27,2106.25518605,900
2026-03-13 17:45:00+00:00,2026-03-13 17:59:59.999000+00:00,2106.25518605,2108.02,2090.35818217,2102.17,900
2026-03-13 18:00:00+00:00,2026-03-13 18:14:59.999000+00:00,2102.02334109,2107.82906977,2098.19,2103.97625581,900
2026-03-13 18:15:00+00:00,2026-03-13 18:29:59.999000+00:00,2103.99137209,2106.46533333,2090.68,2102.51,900
2026-03-13 18:30:00+00:00,2026-03-13 18:44:59.999000+00:00,2102.95,2107.78,2102.17822481,2104.7024186,900
2026-03-13 18:45:00+00:00,2026-03-13 18:59:59.999000+00:00,2104.7024186,2104.72,2097.73,2099.91878295,900
2026-03-13 19:00:00+00:00,2026-03-13 19:14:59.999000+00:00,2099.90796899,2104.82488372,2095.49651163,2103.17516279,900
2026-03-13 19:15:00+00:00,2026-03-13 19:29:59.999000+00:00,2103.1095814,2104.99728682,2096.70318605,2098.1,900
2026-03-13 19:30:00+00:00,2026-03-13 19:44:59.999000+00:00,2098.11,2102.31,2098.11,2102.28,900
2026-03-13 19:45:00+00:00,2026-03-13 19:59:59.999000+00:00,2102.28,2104.77,2100.48828682,2101.4,900
2026-03-13 20:00:00+00:00,2026-03-13 20:14:59.999000+00:00,2101.4,2108.45,2100.2,2108.36930233,900
2026-03-13 20:15:00+00:00,2026-03-13 20:29:59.999000+00:00,2108.36930233,2112.7,2107.82609302,2109.28,900
2026-03-13 20:30:00+00:00,2026-03-13 20:44:59.999000+00:00,2109.27003609,2110.61527132,2107.83,2109.9,900
2026-03-13 20:45:00+00:00,2026-03-13 20:59:59.999000+00:00,2109.94516279,2113.23,2108.99867442,2110.51,900
2026-03-13 21:00:00+00:00,2026-03-13 21:14:59.999000+00:00,2110.5,2115.50873643,2109.47768217,2112.21403876,900
2026-03-13 21:15:00+00:00,2026-03-13 21:29:59.999000+00:00,2112.21357364,2112.88848837,2103.43,2104.47,900
2026-03-13 21:30:00+00:00,2026-03-13 21:44:59.999000+00:00,2104.81,2108.49032558,2100.61818605,2103.01439535,900
2026-03-13 21:45:00+00:00,2026-03-13 21:59:59.999000+00:00,2102.9385814,2107.50115504,2102.0,2102.01,900
2026-03-13 22:00:00+00:00,2026-03-13 22:14:59.999000+00:00,2102.0,2103.92,2084.77414729,2090.89,900
2026-03-13 22:15:00+00:00,2026-03-13 22:29:59.999000+00:00,2090.89,2090.9606124,2081.02,2081.66,900
2026-03-13 22:30:00+00:00,2026-03-13 22:44:59.999000+00:00,2081.66,2085.94244186,2077.88,2082.6,900
2026-03-13 22:45:00+00:00,2026-03-13 22:59:59.999000+00:00,2082.61,2088.95,2081.3449845,2087.7905969,900
2026-03-13 23:00:00+00:00,2026-03-13 23:14:59.999000+00:00,2087.7678062,2089.36,2084.38,2088.72403101,900
2026-03-13 23:15:00+00:00,2026-03-13 23:29:59.999000+00:00,2088.72403101,2092.94,2088.42,2090.84073643,900
2026-03-13 23:30:00+00:00,2026-03-13 23:44:59.999000+00:00,2090.68155039,2092.74,2089.27687597,2091.01,900
2026-03-13 23:45:00+00:00,2026-03-13 23:59:59.999000+00:00,2091.0,2092.47,2089.39568992,2091.60681395,900
2026-03-14 00:00:00+00:00,2026-03-14 00:14:59.999000+00:00,2091.60681395,2092.7394031,2086.97032558,2092.69935659,900
2026-03-14 00:15:00+00:00,2026-03-14 00:29:59.999000+00:00,2092.72237984,2094.18,2087.46348062,2091.18,900
2026-03-14 00:30:00+00:00,2026-03-14 00:44:59.999000+00:00,2091.31632558,2093.48,2082.13,2082.47,900
2026-03-14 00:45:00+00:00,2026-03-14 00:59:59.999000+00:00,2082.47,2086.41,2082.09,2084.78926126,900
2026-03-14 01:00:00+00:00,2026-03-14 01:14:59.999000+00:00,2084.68872072,2089.18,2084.43616667,2086.91623256,900
2026-03-14 01:15:00+00:00,2026-03-14 01:29:59.999000+00:00,2086.91762791,2092.67223256,2086.87515504,2091.63,900
2026-03-14 01:30:00+00:00,2026-03-14 01:44:59.999000+00:00,2091.65074419,2092.79,2080.45,2089.25,900
2026-03-14 01:45:00+00:00,2026-03-14 01:59:59.999000+00:00,2089.26,2094.1203876,2089.26,2091.66,900
2026-03-14 02:00:00+00:00,2026-03-14 02:14:59.999000+00:00,2091.58,2094.8,2090.05910853,2092.86,900
2026-03-14 02:15:00+00:00,2026-03-14 02:29:59.999000+00:00,2092.86,2093.8409845,2088.81,2089.78258621,900
2026-03-14 02:30:00+00:00,2026-03-14 02:44:59.999000+00:00,2089.78258621,2092.4,2088.62,2090.91,900
2026-03-14 02:45:00+00:00,2026-03-14 02:59:59.999000+00:00,2090.92,2094.52587597,2090.31870489,2091.23,900
2026-03-14 03:00:00+00:00,2026-03-14 03:14:59.999000+00:00,2091.23,2097.51,2091.23,2096.91,900
2026-03-14 03:15:00+00:00,2026-03-14 03:29:59.999000+00:00,2096.92,2099.17,2094.94172868,2097.57,900
2026-03-14 03:30:00+00:00,2026-03-14 03:44:59.999000+00:00,2097.57,2101.99769767,2097.30375702,2100.3,900
2026-03-14 03:45:00+00:00,2026-03-14 03:59:59.999000+00:00,2100.29,2100.99,2099.0,2100.03379845,900
2026-03-14 04:00:00+00:00,2026-03-14 04:14:59.999000+00:00,2100.02984496,2103.58,2098.85,2102.69,900
2026-03-14 04:15:00+00:00,2026-03-14 04:29:59.999000+00:00,2102.69,2103.53,2099.81925581,2102.22568217,900
2026-03-14 04:30:00+00:00,2026-03-14 04:44:59.999000+00:00,2102.22568217,2104.91,2100.51758915,2102.58627132,900
2026-03-14 04:45:00+00:00,2026-03-14 04:59:59.999000+00:00,2102.58627132,2104.1,2086.64,2089.3,900
2026-03-14 05:00:00+00:00,2026-03-14 05:14:59.999000+00:00,2089.31,2092.99,2088.33496899,2091.74,900
2026-03-14 05:15:00+00:00,2026-03-14 05:29:59.999000+00:00,2091.74,2093.54,2089.43,2091.39,900
2026-03-14 05:30:00+00:00,2026-03-14 05:44:59.999000+00:00,2091.38,2091.67174775,2084.86403101,2089.15133333,900
2026-03-14 05:45:00+00:00,2026-03-14 05:59:59.999000+00:00,2089.15133333,2091.90434109,2088.18,2091.32146512,900
2026-03-14 06:00:00+00:00,2026-03-14 06:14:59.999000+00:00,2091.31,2091.31,2087.12,2087.85796124,900
2026-03-14 06:15:00+00:00,2026-03-14 06:29:59.999000+00:00,2087.85767442,2087.85767442,2080.56949612,2084.0,900
2026-03-14 06:30:00+00:00,2026-03-14 06:44:59.999000+00:00,2084.0,2084.2937907,2068.85,2074.3,900
2026-03-14 06:45:00+00:00,2026-03-14 06:59:59.999000+00:00,2074.3,2078.30677519,2073.54,2077.12831008,900
2026-03-14 07:00:00+00:00,2026-03-14 07:14:59.999000+00:00,2077.16,2078.52184496,2074.75937209,2078.10255039,900
2026-03-14 07:15:00+00:00,2026-03-14 07:29:59.999000+00:00,2078.10255039,2078.91707752,2074.91677519,2078.66,900
2026-03-14 07:30:00+00:00,2026-03-14 07:44:59.999000+00:00,2078.66,2079.39,2075.27286047,2077.87595349,900
2026-03-14 07:45:00+00:00,2026-03-14 07:59:59.999000+00:00,2077.87525581,2078.01772093,2075.7,2076.46232663,900
2026-03-14 08:00:00+00:00,2026-03-14 08:14:59.999000+00:00,2076.46232663,2079.72683721,2075.14,2079.5,900
2026-03-14 08:15:00+00:00,2026-03-14 08:29:59.999000+00:00,2079.46063566,2079.79,2076.0,2078.23,900
2026-03-14 08:30:00+00:00,2026-03-14 08:44:59.999000+00:00,2078.25,2078.41385271,2072.54,2072.9,900
2026-03-14 08:45:00+00:00,2026-03-14 08:59:59.999000+00:00,2072.9,2074.14,2071.73627907,2073.31296899,900
2026-03-14 09:00:00+00:00,2026-03-14 09:14:59.999000+00:00,2073.31645736,2076.83,2072.63537209,2076.12,900
2026-03-14 09:15:00+00:00,2026-03-14 09:29:59.999000+00:00,2076.12,2076.12,2073.34,2075.37,900
2026-03-14 09:30:00+00:00,2026-03-14 09:44:59.999000+00:00,2075.38,2075.97,2071.32,2074.07073308,900
2026-03-14 09:45:00+00:00,2026-03-14 09:59:59.999000+00:00,2074.07073308,2074.13,2063.35737209,2066.41029457,900
2026-03-14 10:00:00+00:00,2026-03-14 10:14:59.999000+00:00,2066.39982171,2067.88345946,2064.47006977,2066.90071318,900
2026-03-14 10:15:00+00:00,2026-03-14 10:29:59.999000+00:00,2066.89606202,2066.98164341,2063.34,2064.5,900
2026-03-14 10:30:00+00:00,2026-03-14 10:44:59.999000+00:00,2064.49,2065.3,2060.42228682,2064.62351319,900
2026-03-14 10:45:00+00:00,2026-03-14 10:59:59.999000+00:00,2064.44891859,2065.87,2062.81,2065.14482946,900
2026-03-14 11:00:00+00:00,2026-03-14 11:14:59.999000+00:00,2065.1173876,2069.5,2064.77,2069.15,900
2026-03-14 11:15:00+00:00,2026-03-14 11:29:59.999000+00:00,2069.15,2073.4,2068.17,2072.40989147,900
2026-03-14 11:30:00+00:00,2026-03-14 11:44:59.999000+00:00,2072.41454264,2075.54,2071.44,2074.22,900
2026-03-14 11:45:00+00:00,2026-03-14 11:59:59.999000+00:00,2074.17,2075.56,2071.71,2072.65,900
2026-03-14 12:00:00+00:00,2026-03-14 12:14:59.999000+00:00,2072.64,2076.68941085,2072.09099225,2074.83296899,900
2026-03-14 12:15:00+00:00,2026-03-14 12:29:59.999000+00:00,2074.83296899,2076.09426357,2073.4258741,2073.64611468,900
2026-03-14 12:30:00+00:00,2026-03-14 12:44:59.999000+00:00,2073.64611468,2074.28393023,2069.15,2070.55903876,900
2026-03-14 12:45:00+00:00,2026-03-14 12:59:59.999000+00:00,2070.5543876,2075.61756202,2070.5543876,2074.32,900
2026-03-14 13:00:00+00:00,2026-03-14 13:14:59.999000+00:00,2074.33,2074.33,2071.79503876,2073.4811938,900
2026-03-14 13:15:00+00:00,2026-03-14 13:29:59.999000+00:00,2073.47305426,2079.49,2073.47305426,2077.74,900
2026-03-14 13:30:00+00:00,2026-03-14 13:44:59.999000+00:00,2077.77146512,2078.2124031,2076.38,2078.05,900
2026-03-14 13:45:00+00:00,2026-03-14 13:59:59.999000+00:00,2078.03258915,2078.49,2075.35,2077.53916279,900
2026-03-14 14:00:00+00:00,2026-03-14 14:14:59.999000+00:00,2077.41939535,2079.12855814,2072.02,2073.04,900
2026-03-14 14:15:00+00:00,2026-03-14 14:29:59.999000+00:00,2073.05,2076.47803876,2071.93397674,2076.46,900
2026-03-14 14:30:00+00:00,2026-03-14 14:44:59.999000+00:00,2077.14935659,2078.30389147,2068.60106202,2069.4569845,900
2026-03-14 14:45:00+00:00,2026-03-14 14:59:59.999000+00:00,2069.43000775,2072.75,2069.39856589,2069.90927907,900
2026-03-14 15:00:00+00:00,2026-03-14 15:14:59.999000+00:00,2069.90927907,2074.12248837,2068.83777519,2073.44,900
2026-03-14 15:15:00+00:00,2026-03-14 15:29:59.999000+00:00,2073.43,2076.62,2073.43,2075.06,900
2026-03-14 15:30:00+00:00,2026-03-14 15:44:59.999000+00:00,2075.07,2075.07,2070.70958915,2072.59567442,900
2026-03-14 15:45:00+00:00,2026-03-14 15:59:59.999000+00:00,2072.60275194,2075.24442636,2071.91310078,2073.65757364,900
2026-03-14 16:00:00+00:00,2026-03-14 16:14:59.999000+00:00,2073.66222481,2073.70373643,2068.20724806,2072.32577477,900
2026-03-14 16:15:00+00:00,2026-03-14 16:29:59.999000+00:00,2072.32388288,2074.83568217,2071.93122523,2074.31184496,900
2026-03-14 16:30:00+00:00,2026-03-14 16:44:59.999000+00:00,2074.31137984,2076.44,2073.97806202,2074.43,900
2026-03-14 16:45:00+00:00,2026-03-14 16:59:59.999000+00:00,2074.43,2077.57522481,2073.44,2076.35183721,900
2026-03-14 17:00:00+00:00,2026-03-14 17:14:59.999000+00:00,2076.36,2077.0,2075.22,2076.26,900
2026-03-14 17:15:00+00:00,2026-03-14 17:29:59.999000+00:00,2076.42,2077.0,2074.75,2076.85,900
2026-03-14 17:30:00+00:00,2026-03-14 17:44:59.999000+00:00,2076.93,2076.99758915,2074.55849612,2075.2,900
2026-03-14 17:45:00+00:00,2026-03-14 17:59:59.999000+00:00,2075.2,2075.26322481,2072.33,2073.99639535,900
2026-03-14 18:00:00+00:00,2026-03-14 18:14:59.999000+00:00,2073.99639535,2074.00173617,2072.41686822,2072.51,900
2026-03-14 18:15:00+00:00,2026-03-14 18:29:59.999000+00:00,2072.51,2073.88002619,2071.7,2072.9,900
2026-03-14 18:30:00+00:00,2026-03-14 18:44:59.999000+00:00,2072.9,2076.00988288,2072.9,2074.7107027,900
2026-03-14 18:45:00+00:00,2026-03-14 18:59:59.999000+00:00,2074.79,2076.9,2074.44,2075.75472093,900
2026-03-14 19:00:00+00:00,2026-03-14 19:14:59.999000+00:00,2075.75472093,2076.34,2073.84975541,2076.18058915,900
2026-03-14 19:15:00+00:00,2026-03-14 19:29:59.999000+00:00,2076.19,2077.33,2075.35,2076.22268992,900
2026-03-14 19:30:00+00:00,2026-03-14 19:44:59.999000+00:00,2076.22268992,2077.63,2075.22,2077.46857364,900
2026-03-14 19:45:00+00:00,2026-03-14 19:59:59.999000+00:00,2077.46857364,2078.37,2075.77,2076.26,900
2026-03-14 20:00:00+00:00,2026-03-14 20:14:59.999000+00:00,2076.25,2076.93,2075.02423423,2076.93,900
2026-03-14 20:15:00+00:00,2026-03-14 20:29:59.999000+00:00,2076.92,2079.30841085,2076.66078295,2078.19,900
2026-03-14 20:30:00+00:00,2026-03-14 20:44:59.999000+00:00,2078.19,2083.40714227,2077.59,2083.17304651,900
2026-03-14 20:45:00+00:00,2026-03-14 20:59:59.999000+00:00,2083.16025581,2085.98,2081.17,2084.77937209,900
2026-03-14 21:00:00+00:00,2026-03-14 21:14:59.999000+00:00,2084.71824031,2086.07,2081.82639535,2081.94112403,900
2026-03-14 21:15:00+00:00,2026-03-14 21:29:59.999000+00:00,2081.95786822,2083.87299225,2081.4242093,2082.20170543,900
2026-03-14 21:30:00+00:00,2026-03-14 21:44:59.999000+00:00,2082.17153488,2085.03997674,2081.67,2084.3435969,900
2026-03-14 21:45:00+00:00,2026-03-14 21:59:59.999000+00:00,2084.26220155,2087.88,2083.52,2085.46,900
2026-03-14 22:00:00+00:00,2026-03-14 22:14:59.999000+00:00,2085.64,2087.21,2084.01742636,2084.01742636,900
2026-03-14 22:15:00+00:00,2026-03-14 22:29:59.999000+00:00,2084.01742636,2086.63,2083.58,2085.23468217,900
2026-03-14 22:30:00+00:00,2026-03-14 22:44:59.999000+00:00,2085.23468217,2086.55,2084.6957907,2085.03022481,900
2026-03-14 22:45:00+00:00,2026-03-14 22:59:59.999000+00:00,2085.03022481,2085.03910078,2081.7,2083.49,900
2026-03-14 23:00:00+00:00,2026-03-14 23:14:59.999000+00:00,2083.48,2097.88877132,2083.15093023,2092.87,900
2026-03-14 23:15:00+00:00,2026-03-14 23:29:59.999000+00:00,2092.74455814,2094.88558559,2087.36897674,2094.32,900
2026-03-14 23:30:00+00:00,2026-03-14 23:44:59.999000+00:00,2094.33,2097.57,2092.9,2095.61937984,900
2026-03-14 23:45:00+00:00,2026-03-14 23:59:59.999000+00:00,2095.61937984,2097.34116279,2093.89713178,2095.28,900
2026-03-15 00:00:00+00:00,2026-03-15 00:14:59.999000+00:00,2095.28,2095.76,2090.68730233,2092.79,900
2026-03-15 00:15:00+00:00,2026-03-15 00:29:59.999000+00:00,2092.79,2094.0,2087.7,2088.55,900
2026-03-15 00:30:00+00:00,2026-03-15 00:44:59.999000+00:00,2088.3851938,2090.38,2086.66,2090.02637209,900
2026-03-15 00:45:00+00:00,2026-03-15 00:59:59.999000+00:00,2089.99172093,2089.99172093,2085.75,2086.83,900
2026-03-15 01:00:00+00:00,2026-03-15 01:14:59.999000+00:00,2086.83,2088.55,2083.16621705,2085.27496899,900
2026-03-15 01:15:00+00:00,2026-03-15 01:29:59.999000+00:00,2085.1693876,2087.17948649,2083.65526587,2084.83,900
2026-03-15 01:30:00+00:00,2026-03-15 01:44:59.999000+00:00,2084.83,2085.73568217,2082.21387597,2085.47239535,900
2026-03-15 01:45:00+00:00,2026-03-15 01:59:59.999000+00:00,2085.47193023,2090.2007907,2084.59,2087.44282171,900
2026-03-15 02:00:00+00:00,2026-03-15 02:14:59.999000+00:00,2087.41026357,2097.05,2087.31042636,2095.0,900
2026-03-15 02:15:00+00:00,2026-03-15 02:29:59.999000+00:00,2095.0275969,2095.76596124,2090.73,2092.10912189,900
2026-03-15 02:30:00+00:00,2026-03-15 02:44:59.999000+00:00,2092.10912189,2102.79,2089.08,2102.08389922,900
2026-03-15 02:45:00+00:00,2026-03-15 02:59:59.999000+00:00,2102.6779947,2106.72,2098.93,2100.78927907,900
2026-03-15 03:00:00+00:00,2026-03-15 03:14:59.999000+00:00,2100.82,2104.00869767,2100.16087597,2101.6,900
2026-03-15 03:15:00+00:00,2026-03-15 03:29:59.999000+00:00,2101.62624031,2101.83,2093.75,2094.79,900
2026-03-15 03:30:00+00:00,2026-03-15 03:44:59.999000+00:00,2094.78,2098.01129457,2092.80917054,2094.27,900
2026-03-15 03:45:00+00:00,2026-03-15 03:59:59.999000+00:00,2094.27,2095.34,2092.54808527,2095.15,900
2026-03-15 04:00:00+00:00,2026-03-15 04:14:59.999000+00:00,2095.18,2102.33212403,2095.17,2100.61306202,900
2026-03-15 04:15:00+00:00,2026-03-15 04:29:59.999000+00:00,2100.64,2103.12,2098.38786047,2099.25800775,900
2026-03-15 04:30:00+00:00,2026-03-15 04:44:59.999000+00:00,2099.25800775,2101.29,2097.41,2100.81,900
2026-03-15 04:45:00+00:00,2026-03-15 04:59:59.999000+00:00,2100.83,2103.38,2098.24969767,2103.38,900
2026-03-15 05:00:00+00:00,2026-03-15 05:14:59.999000+00:00,2103.37,2103.52,2100.88,2102.8817907,900
2026-03-15 05:15:00+00:00,2026-03-15 05:29:59.999000+00:00,2102.8817907,2114.61305814,2101.85023256,2108.34,900
2026-03-15 05:30:00+00:00,2026-03-15 05:44:59.999000+00:00,2108.4,2114.97681395,2107.36813178,2111.74030233,900
2026-03-15 05:45:00+00:00,2026-03-15 05:59:59.999000+00:00,2111.74030233,2112.07226357,2106.20016667,2106.93869767,900
2026-03-15 06:00:00+00:00,2026-03-15 06:14:59.999000+00:00,2106.93869767,2110.16,2106.78981395,2108.3,900
2026-03-15 06:15:00+00:00,2026-03-15 06:29:59.999000+00:00,2108.31,2110.23895349,2105.01,2105.61,900
2026-03-15 06:30:00+00:00,2026-03-15 06:44:59.999000+00:00,2105.61,2105.62,2102.01,2103.31,900
2026-03-15 06:45:00+00:00,2026-03-15 06:59:59.999000+00:00,2103.31,2107.29,2103.23,2106.82,900
2026-03-15 07:00:00+00:00,2026-03-15 07:14:59.999000+00:00,2106.81,2112.82723256,2106.63988372,2110.25,900
2026-03-15 07:15:00+00:00,2026-03-15 07:29:59.999000+00:00,2110.14717054,2111.27487597,2107.34568217,2107.35312403,900
2026-03-15 07:30:00+00:00,2026-03-15 07:44:59.999000+00:00,2107.35312403,2107.37312403,2104.04345736,2104.04345736,900
2026-03-15 07:45:00+00:00,2026-03-15 07:59:59.999000+00:00,2104.04345736,2105.16449612,2102.56,2104.97,900
2026-03-15 08:00:00+00:00,2026-03-15 08:14:59.999000+00:00,2104.96,2110.41,2104.96,2108.47753488,900
2026-03-15 08:15:00+00:00,2026-03-15 08:29:59.999000+00:00,2108.40753488,2111.24,2107.09,2108.09,900
2026-03-15 08:30:00+00:00,2026-03-15 08:44:59.999000+00:00,2108.08,2108.74,2106.87471318,2108.50018919,900
2026-03-15 08:45:00+00:00,2026-03-15 08:59:59.999000+00:00,2108.79,2112.26,2108.79,2111.89436434,900
2026-03-15 09:00:00+00:00,2026-03-15 09:14:59.999000+00:00,2111.89366667,2121.9,2111.87227132,2118.4971938,900
2026-03-15 09:15:00+00:00,2026-03-15 09:29:59.999000+00:00,2118.48393798,2122.57712403,2115.8375814,2116.76,900
2026-03-15 09:30:00+00:00,2026-03-15 09:44:59.999000+00:00,2116.76,2117.96951938,2114.28,2114.90439535,900
2026-03-15 09:45:00+00:00,2026-03-15 09:59:59.999000+00:00,2114.90439535,2118.28,2113.74,2116.21,900
2026-03-15 10:00:00+00:00,2026-03-15 10:14:59.999000+00:00,2116.2,2117.1,2113.24589147,2115.03327132,900
2026-03-15 10:15:00+00:00,2026-03-15 10:29:59.999000+00:00,2115.03327132,2120.19156589,2114.0869845,2118.7,900
2026-03-15 10:30:00+00:00,2026-03-15 10:44:59.999000+00:00,2118.7,2120.2775969,2117.15299225,2119.18855814,900
2026-03-15 10:45:00+00:00,2026-03-15 10:59:59.999000+00:00,2119.17782946,2119.88,2117.91626357,2117.91626357,900
2026-03-15 11:00:00+00:00,2026-03-15 11:14:59.999000+00:00,2117.91626357,2119.12,2115.9624186,2117.28,900
2026-03-15 11:15:00+00:00,2026-03-15 11:29:59.999000+00:00,2117.28,2119.27,2114.97,2115.35842636,900
2026-03-15 11:30:00+00:00,2026-03-15 11:44:59.999000+00:00,2115.35563566,2116.28093798,2113.89,2116.12078682,900
2026-03-15 11:45:00+00:00,2026-03-15 11:59:59.999000+00:00,2116.12078682,2120.39,2115.8826938,2118.53,900
2026-03-15 12:00:00+00:00,2026-03-15 12:14:59.999000+00:00,2118.6,2118.96,2114.58745736,2114.94,900
2026-03-15 12:15:00+00:00,2026-03-15 12:29:59.999000+00:00,2114.94,2116.84202486,2113.84177519,2116.26674062,900
2026-03-15 12:30:00+00:00,2026-03-15 12:44:59.999000+00:00,2116.07273602,2116.50395349,2108.35,2108.36,900
2026-03-15 12:45:00+00:00,2026-03-15 12:59:59.999000+00:00,2108.36,2111.23,2107.24791473,2108.75173617,900
2026-03-15 13:00:00+00:00,2026-03-15 13:14:59.999000+00:00,2108.73034082,2111.67147287,2091.11,2097.23,900
2026-03-15 13:15:00+00:00,2026-03-15 13:29:59.999000+00:00,2097.25,2097.25,2087.97,2095.88870543,900
2026-03-15 13:30:00+00:00,2026-03-15 13:44:59.999000+00:00,2095.88963566,2096.82,2085.80439535,2089.08636434,900
2026-03-15 13:45:00+00:00,2026-03-15 13:59:59.999000+00:00,2089.6,2097.33975194,2088.6,2096.90794574,900
2026-03-15 14:00:00+00:00,2026-03-15 14:14:59.999000+00:00,2096.80524806,2097.73,2093.86879845,2094.34811628,900
2026-03-15 14:15:00+00:00,2026-03-15 14:29:59.999000+00:00,2094.34811628,2094.34811628,2089.4424186,2092.16657364,900
2026-03-15 14:30:00+00:00,2026-03-15 14:44:59.999000+00:00,2092.16727132,2092.16796899,2085.8,2091.37908527,900
2026-03-15 14:45:00+00:00,2026-03-15 14:59:59.999000+00:00,2091.39234109,2096.05,2090.37044186,2096.04,900
2026-03-15 15:00:00+00:00,2026-03-15 15:14:59.999000+00:00,2096.04,2096.25,2091.32063566,2092.76,900
2026-03-15 15:15:00+00:00,2026-03-15 15:29:59.999000+00:00,2092.76,2095.63,2090.81,2091.58,900
2026-03-15 15:30:00+00:00,2026-03-15 15:44:59.999000+00:00,2091.58,2094.45,2089.4418062,2093.08,900
2026-03-15 15:45:00+00:00,2026-03-15 15:59:59.999000+00:00,2093.09,2094.40036937,2092.13,2092.92,900
2026-03-15 16:00:00+00:00,2026-03-15 16:14:59.999000+00:00,2092.93,2098.06146512,2092.03477519,2096.9,900
2026-03-15 16:15:00+00:00,2026-03-15 16:29:59.999000+00:00,2096.9,2097.0,2088.75,2091.81,900
2026-03-15 16:30:00+00:00,2026-03-15 16:44:59.999000+00:00,2091.84685271,2094.69,2088.73,2092.34966667,900
2026-03-15 16:45:00+00:00,2026-03-15 16:59:59.999000+00:00,2092.34641085,2093.18,2087.88679845,2090.59,900
2026-03-15 17:00:00+00:00,2026-03-15 17:14:59.999000+00:00,2090.59,2095.37466667,2090.19031783,2093.93,900
2026-03-15 17:15:00+00:00,2026-03-15 17:29:59.999000+00:00,2093.93,2095.51384436,2093.0,2094.15221705,900
2026-03-15 17:30:00+00:00,2026-03-15 17:44:59.999000+00:00,2094.11253488,2096.33,2093.33,2095.85,900
2026-03-15 17:45:00+00:00,2026-03-15 17:59:59.999000+00:00,2095.85,2117.17,2095.67239535,2109.87264341,900
2026-03-15 18:00:00+00:00,2026-03-15 18:14:59.999000+00:00,2109.87264341,2112.17,2106.45,2107.63724031,900
2026-03-15 18:15:00+00:00,2026-03-15 18:29:59.999000+00:00,2107.63724031,2109.9,2105.91,2107.37,900
2026-03-15 18:30:00+00:00,2026-03-15 18:44:59.999000+00:00,2107.36,2112.55527132,2107.36,2108.53,900
2026-03-15 18:45:00+00:00,2026-03-15 18:59:59.999000+00:00,2108.54,2109.0,2094.38,2098.23210505,900
2026-03-15 19:00:00+00:00,2026-03-15 19:14:59.999000+00:00,2098.23210505,2110.66,2096.10537984,2110.53590698,900
2026-03-15 19:15:00+00:00,2026-03-15 19:29:59.999000+00:00,2110.45172093,2111.87,2106.95848062,2110.6,900
2026-03-15 19:30:00+00:00,2026-03-15 19:44:59.999000+00:00,2110.59,2113.26,2108.39,2109.19,900
2026-03-15 19:45:00+00:00,2026-03-15 19:59:59.999000+00:00,2109.19,2113.35,2108.07,2112.33,900
2026-03-15 20:00:00+00:00,2026-03-15 20:14:59.999000+00:00,2112.32,2113.13517054,2110.12,2111.04524806,900
2026-03-15 20:15:00+00:00,2026-03-15 20:29:59.999000+00:00,2111.04524806,2113.37,2108.96307752,2113.19,900
2026-03-15 20:30:00+00:00,2026-03-15 20:44:59.999000+00:00,2113.19,2137.91505039,2113.19,2130.1,900
2026-03-15 20:45:00+00:00,2026-03-15 20:59:59.999000+00:00,2130.1,2132.43,2127.31,2128.12517829,900
2026-03-15 21:00:00+00:00,2026-03-15 21:14:59.999000+00:00,2128.00378295,2131.79,2122.79,2122.8,900
2026-03-15 21:15:00+00:00,2026-03-15 21:29:59.999000+00:00,2122.79,2131.12420155,2122.79,2128.6155814,900
2026-03-15 21:30:00+00:00,2026-03-15 21:44:59.999000+00:00,2128.62023256,2143.85,2128.61953488,2139.62,900
2026-03-15 21:45:00+00:00,2026-03-15 21:59:59.999000+00:00,2139.9,2143.0,2134.3049845,2138.26,900
2026-03-15 22:00:00+00:00,2026-03-15 22:14:59.999000+00:00,2138.26,2148.06576744,2128.22,2129.05,900
2026-03-15 22:15:00+00:00,2026-03-15 22:29:59.999000+00:00,2129.05,2135.68,2124.85,2133.23,900
2026-03-15 22:30:00+00:00,2026-03-15 22:44:59.999000+00:00,2133.27524031,2177.18784109,2133.27524031,2171.28,900
2026-03-15 22:45:00+00:00,2026-03-15 22:59:59.999000+00:00,2171.51,2192.03753007,2171.4,2182.86246449,900
2026-03-15 23:00:00+00:00,2026-03-15 23:14:59.999000+00:00,2183.63,2202.38,2183.63,2195.05665603,900
2026-03-15 23:15:00+00:00,2026-03-15 23:29:59.999000+00:00,2195.32223565,2199.29551938,2172.27,2172.27,900
2026-03-15 23:30:00+00:00,2026-03-15 23:44:59.999000+00:00,2172.25,2180.79932237,2165.51,2177.89211628,900
2026-03-15 23:45:00+00:00,2026-03-15 23:59:59.999000+00:00,2177.88653488,2182.21,2168.96277519,2177.73,900
2026-03-16 00:00:00+00:00,2026-03-16 00:14:59.999000+00:00,2177.73,2186.35232558,2173.26,2173.59,900
2026-03-16 00:15:00+00:00,2026-03-16 00:29:59.999000+00:00,2173.54,2180.43,2167.19,2167.87,900
2026-03-16 00:30:00+00:00,2026-03-16 00:44:59.999000+00:00,2167.88,2173.0,2164.5,2169.4,900
2026-03-16 00:45:00+00:00,2026-03-16 00:59:59.999000+00:00,2169.27,2174.52,2169.13,2170.26862791,900
2026-03-16 01:00:00+00:00,2026-03-16 01:14:59.999000+00:00,2170.26862791,2173.84,2164.06,2165.00815504,900
2026-03-16 01:15:00+00:00,2026-03-16 01:29:59.999000+00:00,2165.00815504,2182.07242636,2165.00815504,2178.99,900
2026-03-16 01:30:00+00:00,2026-03-16 01:44:59.999000+00:00,2178.99,2180.84815504,2173.53,2178.24,900
2026-03-16 01:45:00+00:00,2026-03-16 01:59:59.999000+00:00,2178.55,2189.56473643,2177.72942636,2184.99,900
2026-03-16 02:00:00+00:00,2026-03-16 02:14:59.999000+00:00,2185.0,2188.38352446,2177.39720155,2177.98451163,900
2026-03-16 02:15:00+00:00,2026-03-16 02:29:59.999000+00:00,2178.81,2180.6,2169.26765116,2172.91717054,900
2026-03-16 02:30:00+00:00,2026-03-16 02:44:59.999000+00:00,2172.90375969,2176.71,2169.94869767,2175.63,900
2026-03-16 02:45:00+00:00,2026-03-16 02:59:59.999000+00:00,2175.63,2182.72,2173.12704651,2179.71060465,900
2026-03-16 03:00:00+00:00,2026-03-16 03:14:59.999000+00:00,2179.63153488,2183.37,2176.45603876,2180.6221938,900
2026-03-16 03:15:00+00:00,2026-03-16 03:29:59.999000+00:00,2180.61754264,2208.68169767,2178.99345736,2200.0,900
2026-03-16 03:30:00+00:00,2026-03-16 03:44:59.999000+00:00,2200.01,2252.26203217,2200.01,2237.36,900
2026-03-16 03:45:00+00:00,2026-03-16 03:59:59.999000+00:00,2237.79,2243.02,2230.08,2235.12,900
2026-03-16 04:00:00+00:00,2026-03-16 04:14:59.999000+00:00,2235.13,2244.47,2235.13,2243.62,900
2026-03-16 04:15:00+00:00,2026-03-16 04:29:59.999000+00:00,2243.62,2264.12674427,2242.59864341,2248.28,900
2026-03-16 04:30:00+00:00,2026-03-16 04:44:59.999000+00:00,2248.29,2268.62060545,2248.29,2260.11,900
2026-03-16 04:45:00+00:00,2026-03-16 04:59:59.999000+00:00,2260.1,2275.06983561,2258.0,2262.25,900
2026-03-16 05:00:00+00:00,2026-03-16 05:14:59.999000+00:00,2262.25,2268.62,2257.53,2262.41,900
2026-03-16 05:15:00+00:00,2026-03-16 05:29:59.999000+00:00,2262.41,2269.27,2258.94523256,2267.98,900
2026-03-16 05:30:00+00:00,2026-03-16 05:44:59.999000+00:00,2267.98,2271.10974419,2258.90387597,2269.64,900
2026-03-16 05:45:00+00:00,2026-03-16 05:59:59.999000+00:00,2269.62,2287.52749122,2267.4423876,2279.42,900
2026-03-16 06:00:00+00:00,2026-03-16 06:14:59.999000+00:00,2279.56,2280.57,2260.43,2262.64,900
2026-03-16 06:15:00+00:00,2026-03-16 06:29:59.999000+00:00,2262.7214186,2270.31,2262.33283721,2264.73,900
2026-03-16 06:30:00+00:00,2026-03-16 06:44:59.999000+00:00,2264.93,2269.29495349,2263.05889147,2265.91717054,900
2026-03-16 06:45:00+00:00,2026-03-16 06:59:59.999000+00:00,2265.96647287,2265.99,2260.59,2261.01,900
2026-03-16 07:00:00+00:00,2026-03-16 07:14:59.999000+00:00,2261.01,2268.41,2260.19579845,2265.35526357,899
2026-03-16 07:15:00+00:00,2026-03-16 07:29:59.999000+00:00,2265.35526357,2268.25517829,2259.76,2266.3393876,900
2026-03-16 07:30:00+00:00,2026-03-16 07:44:59.999000+00:00,2266.31846431,2266.53434109,2251.14,2252.61455039,900
2026-03-16 07:45:00+00:00,2026-03-16 07:59:59.999000+00:00,2252.61478295,2253.75,2245.43,2248.25,900
2026-03-16 08:00:00+00:00,2026-03-16 08:14:59.999000+00:00,2248.44,2258.35,2248.44,2249.99,900
2026-03-16 08:15:00+00:00,2026-03-16 08:29:59.999000+00:00,2250.0,2257.01,2244.93525581,2250.12,900
2026-03-16 08:30:00+00:00,2026-03-16 08:44:59.999000+00:00,2250.16520155,2251.5,2238.50331783,2238.50331783,900
2026-03-16 08:45:00+00:00,2026-03-16 08:59:59.999000+00:00,2238.48796899,2245.57733333,2235.29,2242.6746231,899
2026-03-16 09:00:00+00:00,2026-03-16 09:14:59.999000+00:00,2242.67532077,2247.4,2239.31,2245.26070543,900
2026-03-16 09:15:00+00:00,2026-03-16 09:29:59.999000+00:00,2245.26210078,2255.6,2245.26210078,2254.49,900
2026-03-16 09:30:00+00:00,2026-03-16 09:44:59.999000+00:00,2254.5,2255.77778268,2250.81894574,2252.61,900
2026-03-16 09:45:00+00:00,2026-03-16 09:59:59.999000+00:00,2252.61,2264.0,2252.39974739,2259.6,900
2026-03-16 10:00:00+00:00,2026-03-16 10:14:59.999000+00:00,2259.61,2268.35402326,2259.3714031,2265.15089922,900
2026-03-16 10:15:00+00:00,2026-03-16 10:29:59.999000+00:00,2265.18907752,2271.21280273,2263.16275194,2264.93884496,900
2026-03-16 10:30:00+00:00,2026-03-16 10:44:59.999000+00:00,2264.93326357,2264.93326357,2255.25496124,2258.24196899,900
2026-03-16 10:45:00+00:00,2026-03-16 10:59:59.999000+00:00,2258.2280155,2277.76,2257.65111628,2277.12,900
2026-03-16 11:00:00+00:00,2026-03-16 11:14:59.999000+00:00,2277.12,2278.43,2272.75,2273.13,900
2026-03-16 11:15:00+00:00,2026-03-16 11:29:59.999000+00:00,2273.15,2278.83,2265.00178295,2266.46916199,900
2026-03-16 11:30:00+00:00,2026-03-16 11:44:59.999000+00:00,2266.49796124,2271.55,2265.0,2270.17207752,900
2026-03-16 11:45:00+00:00,2026-03-16 11:59:59.999000+00:00,2270.19600775,2273.3002927,2268.74330233,2268.99,900
2026-03-16 12:00:00+00:00,2026-03-16 12:14:59.999000+00:00,2268.87,2288.59318286,2268.78696899,2281.9,900
2026-03-16 12:15:00+00:00,2026-03-16 12:29:59.999000+00:00,2281.45936434,2301.78,2276.77953488,2300.04597943,900
2026-03-16 12:30:00+00:00,2026-03-16 12:44:59.999000+00:00,2299.78689034,2301.39224419,2280.27,2282.0336124,900
2026-03-16 12:45:00+00:00,2026-03-16 12:59:59.999000+00:00,2282.0336124,2283.34,2276.24647287,2278.33396512,900
2026-03-16 13:00:00+00:00,2026-03-16 13:14:59.999000+00:00,2278.32280233,2281.07,2272.66,2278.5,900
2026-03-16 13:15:00+00:00,2026-03-16 13:29:59.999000+00:00,2278.55997674,2281.28,2271.30159182,2279.84,900
2026-03-16 13:30:00+00:00,2026-03-16 13:44:59.999000+00:00,2279.84,2307.06457364,2276.84488372,2290.37187597,900
2026-03-16 13:45:00+00:00,2026-03-16 13:59:59.999000+00:00,2290.31606202,2301.71575969,2276.67,2287.0,900
2026-03-16 14:00:00+00:00,2026-03-16 14:14:59.999000+00:00,2287.92,2303.15526464,2283.18912189,2297.05544186,900
2026-03-16 14:15:00+00:00,2026-03-16 14:29:59.999000+00:00,2296.85474419,2301.27293483,2280.29897287,2280.29897287,899
2026-03-16 14:30:00+00:00,2026-03-16 14:44:59.999000+00:00,2279.75,2279.75,2254.30496124,2262.61,900
2026-03-16 14:45:00+00:00,2026-03-16 14:59:59.999000+00:00,2262.63876744,2287.85989535,2255.6,2286.85,900
2026-03-16 15:00:00+00:00,2026-03-16 15:14:59.999000+00:00,2286.86317829,2291.666,2276.51,2286.12,900
2026-03-16 15:15:00+00:00,2026-03-16 15:29:59.999000+00:00,2286.27,2292.31195349,2281.4075814,2290.06366667,900
2026-03-16 15:30:00+00:00,2026-03-16 15:44:59.999000+00:00,2290.41,2297.21375969,2281.37,2283.32462791,900
2026-03-16 15:45:00+00:00,2026-03-16 15:59:59.999000+00:00,2283.12555814,2286.54,2268.98322481,2272.65307752,900
2026-03-16 16:00:00+00:00,2026-03-16 16:14:59.999000+00:00,2272.54772868,2284.94,2269.16782946,2276.29,900
2026-03-16 16:15:00+00:00,2026-03-16 16:29:59.999000+00:00,2276.37,2285.73882171,2275.63,2281.99,900
2026-03-16 16:30:00+00:00,2026-03-16 16:44:59.999000+00:00,2281.98,2291.84,2277.21049612,2290.31,900
2026-03-16 16:45:00+00:00,2026-03-16 16:59:59.999000+00:00,2290.31,2299.38,2286.89324806,2296.07,900
2026-03-16 17:00:00+00:00,2026-03-16 17:14:59.999000+00:00,2296.08,2307.23032558,2292.34,2304.03479845,900
2026-03-16 17:15:00+00:00,2026-03-16 17:29:59.999000+00:00,2304.03479845,2305.56,2297.64646512,2299.46,900
2026-03-16 17:30:00+00:00,2026-03-16 17:44:59.999000+00:00,2299.46,2315.29613953,2299.46,2311.59,900
2026-03-16 17:45:00+00:00,2026-03-16 17:59:59.999000+00:00,2311.59,2320.39,2307.90168992,2313.32,900
2026-03-16 18:00:00+00:00,2026-03-16 18:14:59.999000+00:00,2313.43,2340.98,2312.99906202,2333.69327907,900
2026-03-16 18:15:00+00:00,2026-03-16 18:29:59.999000+00:00,2333.65,2343.93973643,2329.34058527,2336.36976744,900
2026-03-16 18:30:00+00:00,2026-03-16 18:44:59.999000+00:00,2336.46511628,2344.47,2332.49133333,2338.80997674,900
2026-03-16 18:45:00+00:00,2026-03-16 18:59:59.999000+00:00,2338.7749845,2338.7749845,2319.44,2320.59,900
2026-03-16 19:00:00+00:00,2026-03-16 19:14:59.999000+00:00,2320.65,2347.53957703,2318.0,2338.00236434,900
2026-03-16 19:15:00+00:00,2026-03-16 19:29:59.999000+00:00,2338.00236434,2340.55086822,2324.2,2331.62,900
2026-03-16 19:30:00+00:00,2026-03-16 19:44:59.999000+00:00,2331.62,2337.24,2328.41244961,2333.56,900
2026-03-16 19:45:00+00:00,2026-03-16 19:59:59.999000+00:00,2333.46,2334.16,2323.65634884,2329.87,900
2026-03-16 20:00:00+00:00,2026-03-16 20:14:59.999000+00:00,2329.56,2331.38,2322.73806977,2326.06845736,900
2026-03-16 20:15:00+00:00,2026-03-16 20:29:59.999000+00:00,2326.06058915,2332.01,2324.46214729,2330.73020155,900
2026-03-16 20:30:00+00:00,2026-03-16 20:44:59.999000+00:00,2330.67337984,2341.87110853,2329.72,2335.72,900
2026-03-16 20:45:00+00:00,2026-03-16 20:59:59.999000+00:00,2335.72,2346.65,2335.72,2344.4,900
2026-03-16 21:00:00+00:00,2026-03-16 21:14:59.999000+00:00,2344.35082999,2356.03036822,2342.5,2349.93704651,900
2026-03-16 21:15:00+00:00,2026-03-16 21:29:59.999000+00:00,2349.941,2352.39,2344.0,2345.945,900
2026-03-16 21:30:00+00:00,2026-03-16 21:44:59.999000+00:00,2345.94965116,2375.11516279,2345.51303876,2358.1,900
2026-03-16 21:45:00+00:00,2026-03-16 21:59:59.999000+00:00,2358.12,2369.86,2356.12967442,2359.65386822,900
2026-03-16 22:00:00+00:00,2026-03-16 22:14:59.999000+00:00,2359.65386822,2384.59,2358.95495349,2375.65353488,900
2026-03-16 22:15:00+00:00,2026-03-16 22:29:59.999000+00:00,2375.62097674,2376.0758062,2354.12,2358.54665891,900
2026-03-16 22:30:00+00:00,2026-03-16 22:44:59.999000+00:00,2358.54200775,2365.61,2357.41,2364.82652713,900
2026-03-16 22:45:00+00:00,2026-03-16 22:59:59.999000+00:00,2364.83094574,2367.93762229,2355.67048516,2356.97,900
2026-03-16 23:00:00+00:00,2026-03-16 23:14:59.999000+00:00,2356.82121705,2356.82121705,2329.29878295,2338.65,900
2026-03-16 23:15:00+00:00,2026-03-16 23:29:59.999000+00:00,2338.53554264,2350.61,2336.52124419,2350.3638062,900
2026-03-16 23:30:00+00:00,2026-03-16 23:44:59.999000+00:00,2350.25962016,2357.88,2349.11962016,2357.0,900
2026-03-16 23:45:00+00:00,2026-03-16 23:59:59.999000+00:00,2356.76192248,2360.53,2345.94,2351.66,900
2026-03-17 00:00:00+00:00,2026-03-17 00:14:59.999000+00:00,2351.67,2372.35413178,2339.48,2366.34615116,900
2026-03-17 00:15:00+00:00,2026-03-17 00:29:59.999000+00:00,2366.28824419,2375.31,2341.62517442,2353.02329457,900
2026-03-17 00:30:00+00:00,2026-03-17 00:44:59.999000+00:00,2353.02329457,2366.62,2348.07143411,2353.25777519,900
2026-03-17 00:45:00+00:00,2026-03-17 00:59:59.999000+00:00,2352.84079845,2356.79,2345.84,2356.79,900
2026-03-17 01:00:00+00:00,2026-03-17 01:14:59.999000+00:00,2356.67478295,2372.52206589,2346.4,2364.0,900
2026-03-17 01:15:00+00:00,2026-03-17 01:29:59.999000+00:00,2363.8,2367.41593798,2357.25414729,2363.34,900
2026-03-17 01:30:00+00:00,2026-03-17 01:44:59.999000+00:00,2363.56,2373.99,2350.18,2358.89941085,900
2026-03-17 01:45:00+00:00,2026-03-17 01:59:59.999000+00:00,2358.9180155,2365.43,2350.72262791,2359.88884496,900
2026-03-17 02:00:00+00:00,2026-03-17 02:14:59.999000+00:00,2359.88884496,2360.62,2343.88639535,2348.05,900
2026-03-17 02:15:00+00:00,2026-03-17 02:29:59.999000+00:00,2348.19,2348.92,2343.68,2346.16,900
2026-03-17 02:30:00+00:00,2026-03-17 02:44:59.999000+00:00,2346.81,2360.0,2345.13,2357.32,900
2026-03-17 02:45:00+00:00,2026-03-17 02:59:59.999000+00:00,2357.31,2360.56163566,2349.4,2349.95,900
2026-03-17 03:00:00+00:00,2026-03-17 03:14:59.999000+00:00,2350.03162016,2354.67,2340.54089147,2341.73093798,900
2026-03-17 03:15:00+00:00,2026-03-17 03:29:59.999000+00:00,2341.74047287,2343.39,2333.0133876,2335.01496899,900
2026-03-17 03:30:00+00:00,2026-03-17 03:44:59.999000+00:00,2335.01496899,2335.62,2313.51296124,2315.52,900
2026-03-17 03:45:00+00:00,2026-03-17 03:59:59.999000+00:00,2315.52,2320.29,2307.09,2319.11,900
2026-03-17 04:00:00+00:00,2026-03-17 04:14:59.999000+00:00,2319.12,2329.03482946,2317.81,2326.66042636,900
2026-03-17 04:15:00+00:00,2026-03-17 04:29:59.999000+00:00,2326.8,2327.29023256,2308.05078295,2311.93,900
2026-03-17 04:30:00+00:00,2026-03-17 04:44:59.999000+00:00,2311.92426223,2315.63,2296.0,2303.98265838,900
2026-03-17 04:45:00+00:00,2026-03-17 04:59:59.999000+00:00,2303.90800722,2312.49,2303.87382117,2310.28,900
2026-03-17 05:00:00+00:00,2026-03-17 05:14:59.999000+00:00,2310.27,2315.21148062,2304.72,2311.74,900
2026-03-17 05:15:00+00:00,2026-03-17 05:29:59.999000+00:00,2311.58,2316.97887597,2309.23084496,2314.84,900
2026-03-17 05:30:00+00:00,2026-03-17 05:44:59.999000+00:00,2314.83,2316.89,2301.25624031,2302.54,900
2026-03-17 05:45:00+00:00,2026-03-17 05:59:59.999000+00:00,2302.54,2309.63,2297.06926357,2306.48751163,900
2026-03-17 06:00:00+00:00,2026-03-17 06:14:59.999000+00:00,2306.48751163,2316.55,2297.865,2315.12,900
2026-03-17 06:15:00+00:00,2026-03-17 06:29:59.999000+00:00,2314.88414729,2321.2171938,2312.73,2320.62071318,900
2026-03-17 06:30:00+00:00,2026-03-17 06:44:59.999000+00:00,2320.52225581,2322.41695349,2308.94762791,2309.49483721,900
2026-03-17 06:45:00+00:00,2026-03-17 06:59:59.999000+00:00,2309.49065116,2314.68,2307.66,2314.40751938,900
2026-03-17 07:00:00+00:00,2026-03-17 07:14:59.999000+00:00,2314.40751938,2324.10724806,2314.3074186,2323.63,900
2026-03-17 07:15:00+00:00,2026-03-17 07:29:59.999000+00:00,2323.63,2336.79,2323.62,2334.24287597,900
2026-03-17 07:30:00+00:00,2026-03-17 07:44:59.999000+00:00,2334.25613178,2335.15300775,2327.76,2329.99,900
2026-03-17 07:45:00+00:00,2026-03-17 07:59:59.999000+00:00,2330.0,2331.54925581,2323.99,2326.89070543,900
2026-03-17 08:00:00+00:00,2026-03-17 08:14:59.999000+00:00,2326.94489147,2334.3069845,2316.89,2321.33334109,900
2026-03-17 08:15:00+00:00,2026-03-17 08:29:59.999000+00:00,2321.33334109,2329.68,2317.4,2325.69,900
2026-03-17 08:30:00+00:00,2026-03-17 08:44:59.999000+00:00,2325.7,2331.99,2319.95,2330.33,900
2026-03-17 08:45:00+00:00,2026-03-17 08:59:59.999000+00:00,2330.33,2331.70995349,2315.44,2319.79046512,900
2026-03-17 09:00:00+00:00,2026-03-17 09:14:59.999000+00:00,2319.79046512,2323.17969767,2308.3,2309.6,900
2026-03-17 09:15:00+00:00,2026-03-17 09:29:59.999000+00:00,2309.61,2327.89376744,2306.65,2324.17063566,900
2026-03-17 09:30:00+00:00,2026-03-17 09:44:59.999000+00:00,2323.99737984,2324.88418217,2317.98839535,2322.19842636,900
2026-03-17 09:45:00+00:00,2026-03-17 09:59:59.999000+00:00,2322.30889147,2322.35,2310.42928682,2314.76497674,900
2026-03-17 10:00:00+00:00,2026-03-17 10:14:59.999000+00:00,2314.76497674,2315.99,2307.69,2311.95,900
2026-03-17 10:15:00+00:00,2026-03-17 10:29:59.999000+00:00,2311.94,2313.42,2305.14,2312.44,900
2026-03-17 10:30:00+00:00,2026-03-17 10:44:59.999000+00:00,2312.54,2315.73482946,2308.23282171,2309.45,900
2026-03-17 10:45:00+00:00,2026-03-17 10:59:59.999000+00:00,2309.35282678,2314.23,2305.62778295,2311.88,900
2026-03-17 11:00:00+00:00,2026-03-17 11:14:59.999000+00:00,2311.88,2322.37,2310.68382171,2322.36,900
2026-03-17 11:15:00+00:00,2026-03-17 11:29:59.999000+00:00,2322.37,2331.30824347,2322.37,2327.25,900
2026-03-17 11:30:00+00:00,2026-03-17 11:44:59.999000+00:00,2327.24,2329.69,2324.58082171,2328.71,900
2026-03-17 11:45:00+00:00,2026-03-17 11:59:59.999000+00:00,2328.67697674,2331.41,2323.96,2325.74,900
2026-03-17 12:00:00+00:00,2026-03-17 12:14:59.999000+00:00,2325.75,2331.45539535,2324.56334109,2325.29297674,900
2026-03-17 12:15:00+00:00,2026-03-17 12:29:59.999000+00:00,2325.29367442,2334.1,2315.84,2319.2,900
2026-03-17 12:30:00+00:00,2026-03-17 12:44:59.999000+00:00,2319.2,2323.10812403,2312.98596124,2319.97242636,900
2026-03-17 12:45:00+00:00,2026-03-17 12:59:59.999000+00:00,2320.13,2320.13,2312.55,2314.95388372,900
2026-03-17 13:00:00+00:00,2026-03-17 13:14:59.999000+00:00,2314.85318605,2319.43,2312.47317829,2317.91,900
2026-03-17 13:15:00+00:00,2026-03-17 13:29:59.999000+00:00,2317.9,2321.11,2314.87,2319.4901938,900
2026-03-17 13:30:00+00:00,2026-03-17 13:44:59.999000+00:00,2319.4901938,2345.01612791,2317.90844828,2331.49,900
2026-03-17 13:45:00+00:00,2026-03-17 13:59:59.999000+00:00,2331.33,2333.01,2316.33206202,2327.13,900
2026-03-17 14:00:00+00:00,2026-03-17 14:14:59.999000+00:00,2327.59,2334.29193023,2317.67,2332.04122294,900
2026-03-17 14:15:00+00:00,2026-03-17 14:29:59.999000+00:00,2331.32819968,2335.99824806,2321.97067442,2332.91,900
2026-03-17 14:30:00+00:00,2026-03-17 14:44:59.999000+00:00,2332.8815814,2347.44,2332.8815814,2341.79574419,900
2026-03-17 14:45:00+00:00,2026-03-17 14:59:59.999000+00:00,2341.86388372,2346.13278295,2335.75468992,2342.34,900
2026-03-17 15:00:00+00:00,2026-03-17 15:14:59.999000+00:00,2342.33,2356.3302093,2327.56668992,2327.67780674,900
2026-03-17 15:15:00+00:00,2026-03-17 15:29:59.999000+00:00,2327.84,2333.77365116,2319.94521705,2322.33,900
2026-03-17 15:30:00+00:00,2026-03-17 15:44:59.999000+00:00,2322.41,2325.9979992,2303.22,2312.16464341,900
2026-03-17 15:45:00+00:00,2026-03-17 15:59:59.999000+00:00,2312.14603876,2319.59,2306.11068217,2315.09386822,900
2026-03-17 16:00:00+00:00,2026-03-17 16:14:59.999000+00:00,2314.99944961,2323.62,2311.64,2316.26189922,900
2026-03-17 16:15:00+00:00,2026-03-17 16:29:59.999000+00:00,2316.26189922,2335.70565891,2315.75922481,2329.91,900
2026-03-17 16:30:00+00:00,2026-03-17 16:44:59.999000+00:00,2329.9,2331.58,2320.19081395,2325.20005426,900
2026-03-17 16:45:00+00:00,2026-03-17 16:59:59.999000+00:00,2325.20005426,2330.56,2321.05,2325.71,900
2026-03-17 17:00:00+00:00,2026-03-17 17:14:59.999000+00:00,2325.72,2332.78282324,2319.51,2325.54,900
2026-03-17 17:15:00+00:00,2026-03-17 17:29:59.999000+00:00,2325.54,2334.13,2322.99,2328.17,900
2026-03-17 17:30:00+00:00,2026-03-17 17:44:59.999000+00:00,2328.18,2334.50858915,2324.67,2332.19289896,900
2026-03-17 17:45:00+00:00,2026-03-17 17:59:59.999000+00:00,2332.15522454,2341.43,2331.32,2338.8315969,900
2026-03-17 18:00:00+00:00,2026-03-17 18:14:59.999000+00:00,2338.92,2341.66,2335.45900775,2337.23229457,900
2026-03-17 18:15:00+00:00,2026-03-17 18:29:59.999000+00:00,2337.23229457,2339.82,2330.83989922,2331.89,900
2026-03-17 18:30:00+00:00,2026-03-17 18:44:59.999000+00:00,2331.87462016,2340.3,2331.51,2335.82,900
2026-03-17 18:45:00+00:00,2026-03-17 18:59:59.999000+00:00,2335.92,2338.61,2327.58,2332.02510078,900
2026-03-17 19:00:00+00:00,2026-03-17 19:14:59.999000+00:00,2331.97393798,2337.7,2330.21634884,2336.06,900
2026-03-17 19:15:00+00:00,2026-03-17 19:29:59.999000+00:00,2336.06,2338.99,2330.96,2333.75127907,900
2026-03-17 19:30:00+00:00,2026-03-17 19:44:59.999000+00:00,2333.75127907,2334.36,2324.06,2324.56,900
2026-03-17 19:45:00+00:00,2026-03-17 19:59:59.999000+00:00,2324.55,2325.24848837,2315.80946512,2319.51712403,900
2026-03-17 20:00:00+00:00,2026-03-17 20:14:59.999000+00:00,2319.27,2322.95375969,2316.47,2317.20236822,900
2026-03-17 20:15:00+00:00,2026-03-17 20:29:59.999000+00:00,2317.08967054,2329.15,2316.95083333,2328.2208062,900
2026-03-17 20:30:00+00:00,2026-03-17 20:44:59.999000+00:00,2328.22406977,2328.22406977,2324.51093798,2325.83,900
2026-03-17 20:45:00+00:00,2026-03-17 20:59:59.999000+00:00,2325.62396124,2327.79,2323.07,2326.83286047,900
2026-03-17 21:00:00+00:00,2026-03-17 21:14:59.999000+00:00,2326.83286047,2343.71,2326.73,2338.16162016,900
2026-03-17 21:15:00+00:00,2026-03-17 21:29:59.999000+00:00,2338.10743411,2338.68923416,2335.26785271,2335.39,900
2026-03-17 21:30:00+00:00,2026-03-17 21:44:59.999000+00:00,2335.39,2339.8885814,2332.07,2337.9198757,900
2026-03-17 21:45:00+00:00,2026-03-17 21:59:59.999000+00:00,2337.91917803,2340.14,2335.52,2337.37522481,900
2026-03-17 22:00:00+00:00,2026-03-17 22:14:59.999000+00:00,2337.37522481,2341.02,2331.43,2332.16613953,900
2026-03-17 22:15:00+00:00,2026-03-17 22:29:59.999000+00:00,2332.15863272,2333.46,2327.622,2327.62665116,900
2026-03-17 22:30:00+00:00,2026-03-17 22:44:59.999000+00:00,2327.62502326,2328.28,2317.39462791,2323.81247287,900
2026-03-17 22:45:00+00:00,2026-03-17 22:59:59.999000+00:00,2323.81247287,2329.37,2322.08,2328.41,900
2026-03-17 23:00:00+00:00,2026-03-17 23:14:59.999000+00:00,2328.4,2331.7,2326.12464341,2329.4470155,900
2026-03-17 23:15:00+00:00,2026-03-17 23:29:59.999000+00:00,2329.4470155,2332.15,2323.35455814,2326.62,900
2026-03-17 23:30:00+00:00,2026-03-17 23:44:59.999000+00:00,2326.49,2326.49,2317.42654264,2317.78,900
2026-03-17 23:45:00+00:00,2026-03-17 23:59:59.999000+00:00,2317.83,2321.52,2315.66918605,2316.44,900
2026-03-18 00:00:00+00:00,2026-03-18 00:14:59.999000+00:00,2316.45,2322.60017829,2315.25,2319.91595349,900
2026-03-18 00:15:00+00:00,2026-03-18 00:29:59.999000+00:00,2319.90804651,2320.86,2309.48,2313.03349612,900
2026-03-18 00:30:00+00:00,2026-03-18 00:44:59.999000+00:00,2312.99372868,2313.75,2306.57,2313.75,900
2026-03-18 00:45:00+00:00,2026-03-18 00:59:59.999000+00:00,2313.67,2324.57,2313.67,2323.27,900
2026-03-18 01:00:00+00:00,2026-03-18 01:14:59.999000+00:00,2323.27,2328.86847287,2322.31697674,2324.28,900
2026-03-18 01:15:00+00:00,2026-03-18 01:29:59.999000+00:00,2324.27,2329.99,2322.38398156,2328.88793504,900
2026-03-18 01:30:00+00:00,2026-03-18 01:44:59.999000+00:00,2328.88793504,2334.15,2326.87986047,2329.22,900
2026-03-18 01:45:00+00:00,2026-03-18 01:59:59.999000+00:00,2329.21,2331.62079845,2322.00657364,2323.81,900
2026-03-18 02:00:00+00:00,2026-03-18 02:14:59.999000+00:00,2323.81,2334.03,2323.32317829,2332.98,900
2026-03-18 02:15:00+00:00,2026-03-18 02:29:59.999000+00:00,2332.98,2333.69815504,2328.58,2330.09042636,900
2026-03-18 02:30:00+00:00,2026-03-18 02:44:59.999000+00:00,2330.08135659,2340.2604031,2328.97,2335.2,900
2026-03-18 02:45:00+00:00,2026-03-18 02:59:59.999000+00:00,2335.2,2336.37,2329.64,2330.06969767,900
2026-03-18 03:00:00+00:00,2026-03-18 03:14:59.999000+00:00,2330.10610078,2332.73,2327.53152713,2329.64075969,900
2026-03-18 03:15:00+00:00,2026-03-18 03:29:59.999000+00:00,2329.64541085,2341.58106202,2328.58,2338.69,900
2026-03-18 03:30:00+00:00,2026-03-18 03:44:59.999000+00:00,2338.63318605,2348.05170657,2338.43806977,2341.16644961,900
2026-03-18 03:45:00+00:00,2026-03-18 03:59:59.999000+00:00,2341.12342636,2341.7,2338.26497594,2339.61,900
2026-03-18 04:00:00+00:00,2026-03-18 04:14:59.999000+00:00,2339.61,2341.0,2337.23248062,2338.00017054,900
2026-03-18 04:15:00+00:00,2026-03-18 04:29:59.999000+00:00,2338.00017054,2338.18,2331.48,2331.48741085,900
2026-03-18 04:30:00+00:00,2026-03-18 04:44:59.999000+00:00,2331.48694574,2331.64,2326.9634186,2328.77351938,900
2026-03-18 04:45:00+00:00,2026-03-18 04:59:59.999000+00:00,2328.77014729,2329.79322481,2325.41,2326.46796899,900
2026-03-18 05:00:00+00:00,2026-03-18 05:14:59.999000+00:00,2326.46796899,2330.00254264,2324.77792248,2328.98044186,900
2026-03-18 05:15:00+00:00,2026-03-18 05:29:59.999000+00:00,2328.98881395,2329.5,2323.96183721,2325.48464341,900
2026-03-18 05:30:00+00:00,2026-03-18 05:44:59.999000+00:00,2325.48,2327.53,2321.13105426,2321.20317829,900
2026-03-18 05:45:00+00:00,2026-03-18 05:59:59.999000+00:00,2321.17204651,2323.16,2313.0,2317.53,900
2026-03-18 06:00:00+00:00,2026-03-18 06:14:59.999000+00:00,2317.53,2323.24,2317.20294574,2323.14086047,900
2026-03-18 06:15:00+00:00,2026-03-18 06:29:59.999000+00:00,2323.15248837,2330.33,2321.21,2327.98,900
2026-03-18 06:30:00+00:00,2026-03-18 06:44:59.999000+00:00,2327.98,2328.83,2321.63,2323.11,900
2026-03-18 06:45:00+00:00,2026-03-18 06:59:59.999000+00:00,2323.26,2326.69,2321.33,2321.52,899
2026-03-18 07:00:00+00:00,2026-03-18 07:14:59.999000+00:00,2321.52,2322.23,2315.29,2320.46,899
2026-03-18 07:15:00+00:00,2026-03-18 07:29:59.999000+00:00,2320.47,2320.92,2314.75764341,2316.78384496,900
2026-03-18 07:30:00+00:00,2026-03-18 07:44:59.999000+00:00,2316.78384496,2316.78384496,2311.04711628,2312.55034884,900
2026-03-18 07:45:00+00:00,2026-03-18 07:59:59.999000+00:00,2312.55034884,2318.15,2311.77,2316.6,900
2026-03-18 08:00:00+00:00,2026-03-18 08:14:59.999000+00:00,2316.6,2322.87415504,2316.19829353,2321.14868992,900
2026-03-18 08:15:00+00:00,2026-03-18 08:29:59.999000+00:00,2321.14868992,2322.2,2318.40372093,2320.51779845,900
2026-03-18 08:30:00+00:00,2026-03-18 08:44:59.999000+00:00,2320.35384496,2321.82646512,2317.85,2320.83,900
2026-03-18 08:45:00+00:00,2026-03-18 08:59:59.999000+00:00,2320.82,2324.68,2318.95289896,2321.62,900
2026-03-18 09:00:00+00:00,2026-03-18 09:14:59.999000+00:00,2321.61,2328.86,2320.66809302,2327.42706977,900
2026-03-18 09:15:00+00:00,2026-03-18 09:29:59.999000+00:00,2327.3607907,2331.16314729,2327.09855039,2327.71,900
2026-03-18 09:30:00+00:00,2026-03-18 09:44:59.999000+00:00,2327.71,2332.69076744,2327.56162016,2330.4,900
2026-03-18 09:45:00+00:00,2026-03-18 09:59:59.999000+00:00,2330.39,2331.66946672,2325.86455814,2328.31015504,900
2026-03-18 10:00:00+00:00,2026-03-18 10:14:59.999000+00:00,2328.3148062,2330.51,2323.1095814,2329.62096899,900
2026-03-18 10:15:00+00:00,2026-03-18 10:29:59.999000+00:00,2329.61120155,2329.85,2326.4,2329.62,900
2026-03-18 10:30:00+00:00,2026-03-18 10:44:59.999000+00:00,2329.61,2330.87,2311.73,2313.25,900
2026-03-18 10:45:00+00:00,2026-03-18 10:59:59.999000+00:00,2313.17512403,2313.49,2308.10131008,2311.69813178,900
2026-03-18 11:00:00+00:00,2026-03-18 11:14:59.999000+00:00,2311.69813178,2317.56542248,2302.99739535,2313.66517829,900
2026-03-18 11:15:00+00:00,2026-03-18 11:29:59.999000+00:00,2313.65285271,2315.97,2293.31,2293.49,900
2026-03-18 11:30:00+00:00,2026-03-18 11:44:59.999000+00:00,2293.26,2296.73,2262.25110078,2275.11,900
2026-03-18 11:45:00+00:00,2026-03-18 11:59:59.999000+00:00,2275.01410853,2275.92421411,2265.56289535,2268.38636434,900
2026-03-18 12:00:00+00:00,2026-03-18 12:14:59.999000+00:00,2268.37148062,2269.74,2253.33,2259.27314729,900
2026-03-18 12:15:00+00:00,2026-03-18 12:29:59.999000+00:00,2259.27314729,2262.95,2255.38017054,2262.69491473,900
2026-03-18 12:30:00+00:00,2026-03-18 12:44:59.999000+00:00,2262.68026357,2262.68026357,2236.52,2241.48468605,900
2026-03-18 12:45:00+00:00,2026-03-18 12:59:59.999000+00:00,2241.26561628,2245.45632318,2235.13467442,2236.89306202,900
2026-03-18 13:00:00+00:00,2026-03-18 13:14:59.999000+00:00,2236.52468992,2239.42198087,2222.40486822,2236.9891938,900
2026-03-18 13:15:00+00:00,2026-03-18 13:29:59.999000+00:00,2236.95645736,2240.84,2229.0118062,2237.97,900
2026-03-18 13:30:00+00:00,2026-03-18 13:44:59.999000+00:00,2237.76671612,2243.35,2230.78,2236.74,900
2026-03-18 13:45:00+00:00,2026-03-18 13:59:59.999000+00:00,2236.95,2240.28386047,2228.8675814,2234.60283721,900
2026-03-18 14:00:00+00:00,2026-03-18 14:14:59.999000+00:00,2234.60283721,2236.19,2221.42412403,2222.03,900
2026-03-18 14:15:00+00:00,2026-03-18 14:29:59.999000+00:00,2222.03,2226.83328351,2211.64084109,2215.2431938,900
2026-03-18 14:30:00+00:00,2026-03-18 14:44:59.999000+00:00,2214.84691473,2223.37,2202.58342636,2203.03,900
2026-03-18 14:45:00+00:00,2026-03-18 14:59:59.999000+00:00,2203.29,2211.0,2186.65,2188.92494186,900
2026-03-18 15:00:00+00:00,2026-03-18 15:14:59.999000+00:00,2188.92494186,2194.61,2168.16,2179.96,900
2026-03-18 15:15:00+00:00,2026-03-18 15:29:59.999000+00:00,2179.87,2185.50862791,2173.79893798,2181.79,900
2026-03-18 15:30:00+00:00,2026-03-18 15:44:59.999000+00:00,2181.79,2190.86462814,2178.62,2182.82510853,900
2026-03-18 15:45:00+00:00,2026-03-18 15:59:59.999000+00:00,2182.43929457,2187.95,2176.34,2186.25,900
2026-03-18 16:00:00+00:00,2026-03-18 16:14:59.999000+00:00,2186.25,2189.62,2174.09781395,2176.15698877,900
2026-03-18 16:15:00+00:00,2026-03-18 16:29:59.999000+00:00,2176.03,2179.05841085,2166.91227907,2173.5,900
2026-03-18 16:30:00+00:00,2026-03-18 16:44:59.999000+00:00,2173.5,2178.93,2167.60193023,2178.79,900
2026-03-18 16:45:00+00:00,2026-03-18 16:59:59.999000+00:00,2178.97,2185.35,2177.01052713,2180.0,900
2026-03-18 17:00:00+00:00,2026-03-18 17:14:59.999000+00:00,2180.0,2183.06,2175.99652713,2181.04,900
2026-03-18 17:15:00+00:00,2026-03-18 17:29:59.999000+00:00,2181.04,2198.65,2178.75230233,2197.0663876,900
2026-03-18 17:30:00+00:00,2026-03-18 17:44:59.999000+00:00,2197.16941085,2210.29,2190.73970543,2203.18031008,900
2026-03-18 17:45:00+00:00,2026-03-18 17:59:59.999000+00:00,2203.24263566,2209.49,2200.3990155,2202.86,900
2026-03-18 18:00:00+00:00,2026-03-18 18:14:59.999000+00:00,2202.91,2218.4,2202.65582946,2214.08,900
2026-03-18 18:15:00+00:00,2026-03-18 18:29:59.999000+00:00,2213.89,2213.89,2191.29,2196.76,900
2026-03-18 18:30:00+00:00,2026-03-18 18:44:59.999000+00:00,2197.0,2208.21753408,2193.70655814,2198.71306977,900
2026-03-18 18:45:00+00:00,2026-03-18 18:59:59.999000+00:00,2198.71306977,2199.0,2175.23880112,2180.51850388,900
2026-03-18 19:00:00+00:00,2026-03-18 19:14:59.999000+00:00,2180.38175969,2192.22346899,2179.06710078,2187.58053488,900
2026-03-18 19:15:00+00:00,2026-03-18 19:29:59.999000+00:00,2187.5882093,2196.00692239,2186.68121492,2192.42,900
2026-03-18 19:30:00+00:00,2026-03-18 19:44:59.999000+00:00,2192.42,2195.15,2188.36924806,2190.4781938,900
2026-03-18 19:45:00+00:00,2026-03-18 19:59:59.999000+00:00,2190.67,2191.81,2178.63,2184.62,900
2026-03-18 20:00:00+00:00,2026-03-18 20:14:59.999000+00:00,2184.83,2187.28,2152.41,2171.18,900
2026-03-18 20:15:00+00:00,2026-03-18 20:29:59.999000+00:00,2170.7873876,2177.79,2168.43,2176.10935659,900
2026-03-18 20:30:00+00:00,2026-03-18 20:44:59.999000+00:00,2176.10935659,2184.74,2175.37,2179.87072093,900
2026-03-18 20:45:00+00:00,2026-03-18 20:59:59.999000+00:00,2180.06,2192.46302326,2177.36,2186.97445736,900
2026-03-18 21:00:00+00:00,2026-03-18 21:14:59.999000+00:00,2186.97223256,2193.92,2185.3,2187.92,900
2026-03-18 21:15:00+00:00,2026-03-18 21:29:59.999000+00:00,2187.91,2197.85,2187.72,2196.30055039,900
2026-03-18 21:30:00+00:00,2026-03-18 21:44:59.999000+00:00,2196.30334109,2203.45,2190.76743411,2200.52,900
2026-03-18 21:45:00+00:00,2026-03-18 21:59:59.999000+00:00,2200.52,2205.9,2197.46599225,2202.17865891,900
2026-03-18 22:00:00+00:00,2026-03-18 22:14:59.999000+00:00,2202.05703876,2202.48,2187.32,2189.29047287,900
2026-03-18 22:15:00+00:00,2026-03-18 22:29:59.999000+00:00,2189.29000775,2194.97,2187.86362016,2193.0,900
2026-03-18 22:30:00+00:00,2026-03-18 22:44:59.999000+00:00,2193.0,2193.72,2186.81,2190.56375969,900
2026-03-18 22:45:00+00:00,2026-03-18 22:59:59.999000+00:00,2190.56329457,2193.53,2188.72,2193.43,900
2026-03-18 23:00:00+00:00,2026-03-18 23:14:59.999000+00:00,2193.44,2197.84217054,2189.6725814,2192.84,900
2026-03-18 23:15:00+00:00,2026-03-18 23:29:59.999000+00:00,2192.82972093,2194.10993798,2187.88,2193.55,900
2026-03-18 23:30:00+00:00,2026-03-18 23:44:59.999000+00:00,2193.54,2203.29,2193.54,2201.83485271,900
2026-03-18 23:45:00+00:00,2026-03-18 23:59:59.999000+00:00,2201.10741085,2204.91,2199.06571318,2202.12944186,900
2026-03-19 00:00:00+00:00,2026-03-19 00:14:59.999000+00:00,2202.12944186,2206.96590698,2193.06,2200.32,900
2026-03-19 00:15:00+00:00,2026-03-19 00:29:59.999000+00:00,2200.21930233,2203.42834884,2195.3468062,2202.37381395,900
2026-03-19 00:30:00+00:00,2026-03-19 00:44:59.999000+00:00,2202.37381395,2203.01,2190.84372868,2191.66867442,900
2026-03-19 00:45:00+00:00,2026-03-19 00:59:59.999000+00:00,2191.62064341,2194.77,2189.97,2192.67693023,900
2026-03-19 01:00:00+00:00,2026-03-19 01:14:59.999000+00:00,2192.44646512,2196.22,2188.45,2190.04180032,900
2026-03-19 01:15:00+00:00,2026-03-19 01:29:59.999000+00:00,2190.04180032,2193.09,2186.42,2191.85635659,900
2026-03-19 01:30:00+00:00,2026-03-19 01:44:59.999000+00:00,2191.85077519,2200.5,2190.06351163,2198.61,900
2026-03-19 01:45:00+00:00,2026-03-19 01:59:59.999000+00:00,2198.61,2200.84,2195.70851243,2195.75494574,900
2026-03-19 02:00:00+00:00,2026-03-19 02:14:59.999000+00:00,2195.75494574,2200.4,2187.69156589,2199.16,900
2026-03-19 02:15:00+00:00,2026-03-19 02:29:59.999000+00:00,2199.16,2202.67,2198.17,2200.68,900
2026-03-19 02:30:00+00:00,2026-03-19 02:44:59.999000+00:00,2200.71,2203.97712424,2198.41824806,2202.99,900
2026-03-19 02:45:00+00:00,2026-03-19 02:59:59.999000+00:00,2202.99,2203.21,2194.91569767,2195.62092248,900
2026-03-19 03:00:00+00:00,2026-03-19 03:14:59.999000+00:00,2195.61208527,2205.88,2195.61208527,2204.4,900
2026-03-19 03:15:00+00:00,2026-03-19 03:29:59.999000+00:00,2204.35,2232.51993023,2203.98082999,2227.0,900
2026-03-19 03:30:00+00:00,2026-03-19 03:44:59.999000+00:00,2227.27,2228.46,2208.6386648,2209.74748837,900
2026-03-19 03:45:00+00:00,2026-03-19 03:59:59.999000+00:00,2209.67134109,2213.88,2205.85,2211.11261828,900
2026-03-19 04:00:00+00:00,2026-03-19 04:14:59.999000+00:00,2211.09936247,2212.0,2197.45,2199.99,900
2026-03-19 04:15:00+00:00,2026-03-19 04:29:59.999000+00:00,2200.00313953,2201.96,2191.78218605,2193.79,900
2026-03-19 04:30:00+00:00,2026-03-19 04:44:59.999000+00:00,2193.89,2197.59,2190.0694031,2193.65328682,900
2026-03-19 04:45:00+00:00,2026-03-19 04:59:59.999000+00:00,2193.61886822,2196.77,2190.27,2192.41,900
2026-03-19 05:00:00+00:00,2026-03-19 05:14:59.999000+00:00,2192.4,2195.21419006,2189.98848837,2192.31422213,900
2026-03-19 05:15:00+00:00,2026-03-19 05:29:59.999000+00:00,2192.31422213,2197.56,2189.02084496,2189.83652713,900
2026-03-19 05:30:00+00:00,2026-03-19 05:44:59.999000+00:00,2189.83652713,2193.44,2185.54857364,2189.24,900
2026-03-19 05:45:00+00:00,2026-03-19 05:59:59.999000+00:00,2189.38,2191.31116279,2186.33,2188.05101855,900
2026-03-19 06:00:00+00:00,2026-03-19 06:14:59.999000+00:00,2188.03078599,2192.67792248,2181.82,2190.54651163,900
2026-03-19 06:15:00+00:00,2026-03-19 06:29:59.999000+00:00,2190.48837209,2194.63,2186.55348062,2186.61872868,900
2026-03-19 06:30:00+00:00,2026-03-19 06:44:59.999000+00:00,2186.5215814,2187.74,2177.4,2185.95,900
2026-03-19 06:45:00+00:00,2026-03-19 06:59:59.999000+00:00,2185.8503876,2187.24,2177.32707752,2180.03366667,900
2026-03-19 07:00:00+00:00,2026-03-19 07:14:59.999000+00:00,2180.06831783,2181.33441341,2158.76,2159.27,900
2026-03-19 07:15:00+00:00,2026-03-19 07:29:59.999000+00:00,2159.36,2162.22,2142.2,2153.91981395,900
2026-03-19 07:30:00+00:00,2026-03-19 07:44:59.999000+00:00,2154.0195814,2174.13,2153.22932237,2166.73526357,900
2026-03-19 07:45:00+00:00,2026-03-19 07:59:59.999000+00:00,2166.72,2172.57292248,2162.96699225,2165.24586434,900
2026-03-19 08:00:00+00:00,2026-03-19 08:14:59.999000+00:00,2165.24121318,2169.95,2160.71,2164.75782171,900
2026-03-19 08:15:00+00:00,2026-03-19 08:29:59.999000+00:00,2164.75782171,2168.01199225,2157.26664341,2158.47355039,900
2026-03-19 08:30:00+00:00,2026-03-19 08:44:59.999000+00:00,2158.36515237,2165.67206493,2157.43064341,2159.87082946,900
2026-03-19 08:45:00+00:00,2026-03-19 08:59:59.999000+00:00,2159.87129457,2164.16,2157.5638062,2159.66175194,900
2026-03-19 09:00:00+00:00,2026-03-19 09:14:59.999000+00:00,2159.65431008,2167.21,2159.65431008,2163.16477519,900
2026-03-19 09:15:00+00:00,2026-03-19 09:29:59.999000+00:00,2163.11291473,2186.3544774,2161.86548062,2178.7595969,900
2026-03-19 09:30:00+00:00,2026-03-19 09:44:59.999000+00:00,2178.7695969,2185.4,2175.28228295,2181.71,900
2026-03-19 09:45:00+00:00,2026-03-19 09:59:59.999000+00:00,2181.72,2189.79,2180.43965116,2187.92176744,900
2026-03-19 10:00:00+00:00,2026-03-19 10:14:59.999000+00:00,2187.96432558,2190.25,2182.12903101,2183.17,900
2026-03-19 10:15:00+00:00,2026-03-19 10:29:59.999000+00:00,2183.16,2186.0,2181.01,2181.1,900
2026-03-19 10:30:00+00:00,2026-03-19 10:44:59.999000+00:00,2181.1,2181.67,2175.38113953,2177.18194574,900
2026-03-19 10:45:00+00:00,2026-03-19 10:59:59.999000+00:00,2177.19589922,2177.61,2171.61996899,2171.63996899,900
2026-03-19 11:00:00+00:00,2026-03-19 11:14:59.999000+00:00,2171.72,2175.53852713,2166.39363566,2169.49,900
2026-03-19 11:15:00+00:00,2026-03-19 11:29:59.999000+00:00,2169.49,2174.82,2167.85,2173.77,900
2026-03-19 11:30:00+00:00,2026-03-19 11:44:59.999000+00:00,2173.77,2176.67,2165.56658781,2166.76989147,900
2026-03-19 11:45:00+00:00,2026-03-19 11:59:59.999000+00:00,2166.74537209,2169.06,2164.96820155,2166.0,900
2026-03-19 12:00:00+00:00,2026-03-19 12:14:59.999000+00:00,2165.99,2166.46164341,2155.11902326,2161.11,900
2026-03-19 12:15:00+00:00,2026-03-19 12:29:59.999000+00:00,2161.11,2161.7,2152.93830233,2154.69,900
2026-03-19 12:30:00+00:00,2026-03-19 12:44:59.999000+00:00,2154.69,2157.44,2152.5,2153.07786047,900
2026-03-19 12:45:00+00:00,2026-03-19 12:59:59.999000+00:00,2153.03,2153.03,2129.28881395,2130.98,900
2026-03-19 13:00:00+00:00,2026-03-19 13:14:59.999000+00:00,2131.26,2135.14920155,2117.08,2118.527,900
2026-03-19 13:15:00+00:00,2026-03-19 13:29:59.999000+00:00,2118.61,2135.24312011,2118.01351163,2128.93564956,900
2026-03-19 13:30:00+00:00,2026-03-19 13:44:59.999000+00:00,2128.93797514,2140.48853876,2110.51,2137.72992248,900
2026-03-19 13:45:00+00:00,2026-03-19 13:59:59.999000+00:00,2137.72992248,2141.90856202,2127.53141085,2136.33,900
2026-03-19 14:00:00+00:00,2026-03-19 14:14:59.999000+00:00,2136.68,2145.03274419,2125.03617054,2127.05895349,900
2026-03-19 14:15:00+00:00,2026-03-19 14:29:59.999000+00:00,2126.45569767,2128.18,2108.28441085,2108.28441085,900
2026-03-19 14:30:00+00:00,2026-03-19 14:44:59.999000+00:00,2108.55734964,2116.51797664,2101.38,2114.22489147,900
2026-03-19 14:45:00+00:00,2026-03-19 14:59:59.999000+00:00,2114.02675194,2130.46,2110.88,2121.58162791,900
2026-03-19 15:00:00+00:00,2026-03-19 15:14:59.999000+00:00,2121.3655814,2135.68175969,2119.53720155,2127.44,900
2026-03-19 15:15:00+00:00,2026-03-19 15:29:59.999000+00:00,2127.43,2134.35996344,2109.8643876,2111.7573876,900
2026-03-19 15:30:00+00:00,2026-03-19 15:44:59.999000+00:00,2111.52529457,2115.56,2104.40062016,2104.40062016,900
2026-03-19 15:45:00+00:00,2026-03-19 15:59:59.999000+00:00,2104.24689922,2125.88,2099.05300722,2117.6,900
2026-03-19 16:00:00+00:00,2026-03-19 16:14:59.999000+00:00,2117.61,2120.98,2111.75524031,2114.73,900
2026-03-19 16:15:00+00:00,2026-03-19 16:29:59.999000+00:00,2114.94,2115.75,2105.52901938,2111.98,900
2026-03-19 16:30:00+00:00,2026-03-19 16:44:59.999000+00:00,2111.95,2120.73,2106.04,2115.91,900
2026-03-19 16:45:00+00:00,2026-03-19 16:59:59.999000+00:00,2115.9,2116.88,2107.36921705,2114.85155814,900
2026-03-19 17:00:00+00:00,2026-03-19 17:14:59.999000+00:00,2114.72062791,2115.5,2103.9,2108.47820155,900
2026-03-19 17:15:00+00:00,2026-03-19 17:29:59.999000+00:00,2108.44,2126.63,2106.06,2124.35,900
2026-03-19 17:30:00+00:00,2026-03-19 17:44:59.999000+00:00,2124.36,2127.81,2114.26,2116.71760465,900
2026-03-19 17:45:00+00:00,2026-03-19 17:59:59.999000+00:00,2116.7162093,2130.73148062,2115.57927907,2126.09,900
2026-03-19 18:00:00+00:00,2026-03-19 18:14:59.999000+00:00,2126.09882518,2128.55,2121.15600775,2124.66,900
2026-03-19 18:15:00+00:00,2026-03-19 18:29:59.999000+00:00,2124.67,2126.32,2117.07,2117.69,900
2026-03-19 18:30:00+00:00,2026-03-19 18:44:59.999000+00:00,2117.68,2119.28254264,2113.44475969,2115.8991938,900
2026-03-19 18:45:00+00:00,2026-03-19 18:59:59.999000+00:00,2115.8991938,2125.04,2113.55050922,2124.0,900
2026-03-19 19:00:00+00:00,2026-03-19 19:14:59.999000+00:00,2124.0,2150.89,2123.91094226,2140.82,900
2026-03-19 19:15:00+00:00,2026-03-19 19:29:59.999000+00:00,2140.82,2155.76,2138.31948062,2144.00600775,900
2026-03-19 19:30:00+00:00,2026-03-19 19:44:59.999000+00:00,2144.04,2146.80824031,2136.95488372,2144.52958915,900
2026-03-19 19:45:00+00:00,2026-03-19 19:59:59.999000+00:00,2144.52958915,2147.0,2137.68548062,2140.61,900
2026-03-19 20:00:00+00:00,2026-03-19 20:14:59.999000+00:00,2140.30654264,2143.65364475,2138.46532558,2143.22,900
2026-03-19 20:15:00+00:00,2026-03-19 20:29:59.999000+00:00,2143.21,2148.3971781,2138.34505426,2139.49,900
2026-03-19 20:30:00+00:00,2026-03-19 20:44:59.999000+00:00,2139.65,2151.33,2138.86048062,2146.50985271,900
2026-03-19 20:45:00+00:00,2026-03-19 20:59:59.999000+00:00,2146.49822481,2147.75569767,2142.22,2145.22932558,900
2026-03-19 21:00:00+00:00,2026-03-19 21:14:59.999000+00:00,2145.22862791,2154.29094186,2144.56548062,2152.51610853,900
2026-03-19 21:15:00+00:00,2026-03-19 21:29:59.999000+00:00,2152.51796899,2152.51796899,2144.9,2147.47683721,900
2026-03-19 21:30:00+00:00,2026-03-19 21:44:59.999000+00:00,2147.47683721,2149.71,2144.89,2147.45,900
2026-03-19 21:45:00+00:00,2026-03-19 21:59:59.999000+00:00,2147.45,2152.32156589,2144.35,2148.68,900
2026-03-19 22:00:00+00:00,2026-03-19 22:14:59.999000+00:00,2148.68,2150.76303101,2142.15899225,2149.2111938,900
2026-03-19 22:15:00+00:00,2026-03-19 22:29:59.999000+00:00,2149.21072868,2151.43928682,2146.05512403,2148.59843224,900
2026-03-19 22:30:00+00:00,2026-03-19 22:44:59.999000+00:00,2148.59657177,2149.39246512,2131.82165597,2137.87,900
2026-03-19 22:45:00+00:00,2026-03-19 22:59:59.999000+00:00,2137.61,2140.87314729,2134.08000775,2139.04,900
2026-03-19 23:00:00+00:00,2026-03-19 23:14:59.999000+00:00,2139.05,2146.35,2139.05,2145.13,900
2026-03-19 23:15:00+00:00,2026-03-19 23:29:59.999000+00:00,2145.13,2145.13,2135.42255814,2141.371,900
2026-03-19 23:30:00+00:00,2026-03-19 23:44:59.999000+00:00,2141.39,2143.42,2130.64,2133.26,900
2026-03-19 23:45:00+00:00,2026-03-19 23:59:59.999000+00:00,2133.49,2138.51,2132.62752713,2136.69,900
2026-03-20 00:00:00+00:00,2026-03-20 00:14:59.999000+00:00,2136.68,2145.13,2133.36,2143.16417054,900
2026-03-20 00:15:00+00:00,2026-03-20 00:29:59.999000+00:00,2143.16858915,2147.13,2137.28,2141.85,900
2026-03-20 00:30:00+00:00,2026-03-20 00:44:59.999000+00:00,2141.85,2147.88612403,2140.38614729,2144.8,900
2026-03-20 00:45:00+00:00,2026-03-20 00:59:59.999000+00:00,2144.8,2147.0,2141.79695349,2144.28855814,900
2026-03-20 01:00:00+00:00,2026-03-20 01:14:59.999000+00:00,2144.51,2152.87,2144.01197674,2150.85,900
2026-03-20 01:15:00+00:00,2026-03-20 01:29:59.999000+00:00,2150.91,2152.0,2146.03889147,2148.47,900
2026-03-20 01:30:00+00:00,2026-03-20 01:44:59.999000+00:00,2148.47,2159.66,2148.47,2157.76106977,900
2026-03-20 01:45:00+00:00,2026-03-20 01:59:59.999000+00:00,2157.76572093,2159.32,2149.6,2149.61,900
2026-03-20 02:00:00+00:00,2026-03-20 02:14:59.999000+00:00,2149.77,2150.4,2144.29676744,2144.44397674,900
2026-03-20 02:15:00+00:00,2026-03-20 02:29:59.999000+00:00,2144.43211628,2144.84,2135.81960465,2138.1,900
2026-03-20 02:30:00+00:00,2026-03-20 02:44:59.999000+00:00,2138.1,2142.91,2131.5492093,2142.10703876,900
2026-03-20 02:45:00+00:00,2026-03-20 02:59:59.999000+00:00,2142.07145736,2148.46383721,2138.78472868,2143.54213953,900
2026-03-20 03:00:00+00:00,2026-03-20 03:14:59.999000+00:00,2143.40539535,2147.62034884,2142.62,2144.23537838,900
2026-03-20 03:15:00+00:00,2026-03-20 03:29:59.999000+00:00,2144.23537838,2151.8,2143.76324324,2151.75,900
2026-03-20 03:30:00+00:00,2026-03-20 03:44:59.999000+00:00,2151.76,2156.03572093,2146.96,2147.67,900
2026-03-20 03:45:00+00:00,2026-03-20 03:59:59.999000+00:00,2147.67,2153.04,2146.50826357,2150.24450388,900
2026-03-20 04:00:00+00:00,2026-03-20 04:14:59.999000+00:00,2150.25008527,2157.85,2148.56739535,2156.23,900
2026-03-20 04:15:00+00:00,2026-03-20 04:29:59.999000+00:00,2156.04,2156.05,2151.17,2153.32029457,900
2026-03-20 04:30:00+00:00,2026-03-20 04:44:59.999000+00:00,2153.32494574,2153.6,2138.8258062,2139.386,900
2026-03-20 04:45:00+00:00,2026-03-20 04:59:59.999000+00:00,2139.386,2147.77560946,2138.85,2147.45229457,900
2026-03-20 05:00:00+00:00,2026-03-20 05:14:59.999000+00:00,2147.38462016,2150.11232558,2144.25528869,2149.77,900
2026-03-20 05:15:00+00:00,2026-03-20 05:29:59.999000+00:00,2149.72,2150.36,2141.54935445,2141.92,900
2026-03-20 05:30:00+00:00,2026-03-20 05:44:59.999000+00:00,2142.25,2144.68,2136.71662016,2143.61492248,900
2026-03-20 05:45:00+00:00,2026-03-20 05:59:59.999000+00:00,2143.61492248,2144.9,2137.84,2139.33,900
2026-03-20 06:00:00+00:00,2026-03-20 06:14:59.999000+00:00,2139.33,2141.02408527,2135.52,2137.95,900
2026-03-20 06:15:00+00:00,2026-03-20 06:29:59.999000+00:00,2137.95064341,2137.95064341,2132.62,2136.57,900
2026-03-20 06:30:00+00:00,2026-03-20 06:44:59.999000+00:00,2136.59373643,2139.56023256,2131.35358915,2135.75426357,900
2026-03-20 06:45:00+00:00,2026-03-20 06:59:59.999000+00:00,2135.75217054,2138.31,2134.84182438,2135.66,900
2026-03-20 07:00:00+00:00,2026-03-20 07:14:59.999000+00:00,2135.66,2135.66,2120.99,2127.53535285,900
2026-03-20 07:15:00+00:00,2026-03-20 07:29:59.999000+00:00,2127.51710906,2141.51,2127.10300775,2137.36488372,900
2026-03-20 07:30:00+00:00,2026-03-20 07:44:59.999000+00:00,2137.36627907,2152.0,2135.85741085,2151.81930233,900
2026-03-20 07:45:00+00:00,2026-03-20 07:59:59.999000+00:00,2151.80865116,2152.29,2147.99172093,2149.63910078,900
2026-03-20 08:00:00+00:00,2026-03-20 08:14:59.999000+00:00,2149.3539845,2175.37187006,2145.35403101,2170.14174419,900
2026-03-20 08:15:00+00:00,2026-03-20 08:29:59.999000+00:00,2169.83086822,2169.83086822,2161.45082946,2163.96400775,900
2026-03-20 08:30:00+00:00,2026-03-20 08:44:59.999000+00:00,2163.95307752,2166.26612403,2160.41551938,2163.32374098,900
2026-03-20 08:45:00+00:00,2026-03-20 08:59:59.999000+00:00,2163.23397354,2165.04609302,2159.69,2163.22552713,900
2026-03-20 09:00:00+00:00,2026-03-20 09:14:59.999000+00:00,2163.15436434,2163.15436434,2153.4,2153.69,900
2026-03-20 09:15:00+00:00,2026-03-20 09:29:59.999000+00:00,2153.68,2154.51,2138.55,2141.38537984,900
2026-03-20 09:30:00+00:00,2026-03-20 09:44:59.999000+00:00,2141.34979845,2147.15,2141.34979845,2144.79465116,900
2026-03-20 09:45:00+00:00,2026-03-20 09:59:59.999000+00:00,2144.68930233,2145.05,2133.90551163,2140.18,900
2026-03-20 10:00:00+00:00,2026-03-20 10:14:59.999000+00:00,2140.18,2140.35,2131.50379845,2134.19452713,900
2026-03-20 10:15:00+00:00,2026-03-20 10:29:59.999000+00:00,2134.19382946,2137.19264234,2130.51,2134.69,900
2026-03-20 10:30:00+00:00,2026-03-20 10:44:59.999000+00:00,2134.69,2150.06,2134.54,2146.55,900
2026-03-20 10:45:00+00:00,2026-03-20 10:59:59.999000+00:00,2146.55,2149.29,2145.79,2147.28167568,900
2026-03-20 11:00:00+00:00,2026-03-20 11:14:59.999000+00:00,2147.28167568,2157.51643411,2145.82013953,2157.11037984,900
2026-03-20 11:15:00+00:00,2026-03-20 11:29:59.999000+00:00,2156.9734031,2156.9734031,2147.8654031,2148.80299225,900
2026-03-20 11:30:00+00:00,2026-03-20 11:44:59.999000+00:00,2148.79927132,2149.27,2133.79008915,2138.28,900
2026-03-20 11:45:00+00:00,2026-03-20 11:59:59.999000+00:00,2138.27,2141.25,2136.16803101,2140.57,900
2026-03-20 12:00:00+00:00,2026-03-20 12:14:59.999000+00:00,2140.57,2151.85,2139.45667442,2144.68,900
2026-03-20 12:15:00+00:00,2026-03-20 12:29:59.999000+00:00,2144.74,2147.69,2139.25,2141.61,900
2026-03-20 12:30:00+00:00,2026-03-20 12:44:59.999000+00:00,2141.6,2141.87,2133.92,2137.88,900
2026-03-20 12:45:00+00:00,2026-03-20 12:59:59.999000+00:00,2137.88,2141.37,2135.79075194,2140.07788372,900
2026-03-20 13:00:00+00:00,2026-03-20 13:14:59.999000+00:00,2140.07788372,2144.22,2134.6428062,2138.06288372,900
2026-03-20 13:15:00+00:00,2026-03-20 13:29:59.999000+00:00,2138.08730233,2151.6,2137.39651938,2145.55,900
2026-03-20 13:30:00+00:00,2026-03-20 13:44:59.999000+00:00,2145.66,2145.66,2122.51785271,2140.0,900
2026-03-20 13:45:00+00:00,2026-03-20 13:59:59.999000+00:00,2139.99,2142.29,2124.09,2126.60518605,900
2026-03-20 14:00:00+00:00,2026-03-20 14:14:59.999000+00:00,2126.571,2134.45598195,2118.30048062,2123.79,900
2026-03-20 14:15:00+00:00,2026-03-20 14:29:59.999000+00:00,2123.89,2140.66305814,2118.90189922,2134.74,900
2026-03-20 14:30:00+00:00,2026-03-20 14:44:59.999000+00:00,2134.75462791,2146.66,2134.75462791,2135.93,900
2026-03-20 14:45:00+00:00,2026-03-20 14:59:59.999000+00:00,2135.48582946,2138.66046157,2125.07160465,2128.33,900
2026-03-20 15:00:00+00:00,2026-03-20 15:14:59.999000+00:00,2128.21179845,2134.11216279,2119.49024031,2129.63406175,900
2026-03-20 15:15:00+00:00,2026-03-20 15:29:59.999000+00:00,2129.44359663,2137.72109463,2121.20285271,2129.55,900
2026-03-20 15:30:00+00:00,2026-03-20 15:44:59.999000+00:00,2129.40395349,2134.46,2126.27989147,2131.49,900
2026-03-20 15:45:00+00:00,2026-03-20 15:59:59.999000+00:00,2131.5,2136.22,2128.40568217,2133.09,900
2026-03-20 16:00:00+00:00,2026-03-20 16:14:59.999000+00:00,2133.08,2141.39,2132.89478295,2139.11436434,900
2026-03-20 16:15:00+00:00,2026-03-20 16:29:59.999000+00:00,2139.09110853,2143.99,2135.01,2139.43,900
2026-03-20 16:30:00+00:00,2026-03-20 16:44:59.999000+00:00,2139.43,2139.57,2129.93607752,2134.12390698,900
2026-03-20 16:45:00+00:00,2026-03-20 16:59:59.999000+00:00,2134.12390698,2139.74,2129.58,2136.33,900
2026-03-20 17:00:00+00:00,2026-03-20 17:14:59.999000+00:00,2136.32,2140.24,2131.09493023,2132.18,900
2026-03-20 17:15:00+00:00,2026-03-20 17:29:59.999000+00:00,2132.2,2134.83,2129.6,2129.99,900
2026-03-20 17:30:00+00:00,2026-03-20 17:44:59.999000+00:00,2129.99,2131.23,2119.00113178,2124.0,900
2026-03-20 17:45:00+00:00,2026-03-20 17:59:59.999000+00:00,2124.0,2139.21,2123.36988372,2135.65,900
2026-03-20 18:00:00+00:00,2026-03-20 18:14:59.999000+00:00,2135.91,2136.71,2131.72468217,2134.4420008,900
2026-03-20 18:15:00+00:00,2026-03-20 18:29:59.999000+00:00,2134.44130313,2135.34655814,2123.32,2124.47,900
2026-03-20 18:30:00+00:00,2026-03-20 18:44:59.999000+00:00,2124.77,2126.16,2116.5742093,2122.63056589,900
2026-03-20 18:45:00+00:00,2026-03-20 18:59:59.999000+00:00,2122.67,2128.17,2119.34408527,2122.39,900
2026-03-20 19:00:00+00:00,2026-03-20 19:14:59.999000+00:00,2122.39,2127.16,2120.0,2125.19721705,900
2026-03-20 19:15:00+00:00,2026-03-20 19:29:59.999000+00:00,2125.1490155,2127.49,2121.25,2124.25,900
2026-03-20 19:30:00+00:00,2026-03-20 19:44:59.999000+00:00,2124.26,2128.97,2116.50734884,2128.83109302,900
2026-03-20 19:45:00+00:00,2026-03-20 19:59:59.999000+00:00,2128.83109302,2133.9600155,2123.01,2131.72,900
2026-03-20 20:00:00+00:00,2026-03-20 20:14:59.999000+00:00,2131.88,2135.63,2130.42845736,2133.98508527,900
2026-03-20 20:15:00+00:00,2026-03-20 20:29:59.999000+00:00,2134.03,2134.07,2128.34812403,2130.0028062,900
2026-03-20 20:30:00+00:00,2026-03-20 20:44:59.999000+00:00,2130.0028062,2130.29,2122.9,2127.59870543,900
2026-03-20 20:45:00+00:00,2026-03-20 20:59:59.999000+00:00,2127.54367442,2134.71,2126.38529457,2132.09,900
2026-03-20 21:00:00+00:00,2026-03-20 21:14:59.999000+00:00,2132.1,2133.91086047,2129.74193023,2133.41973643,900
2026-03-20 21:15:00+00:00,2026-03-20 21:29:59.999000+00:00,2133.44639535,2152.32858197,2133.18670543,2151.22,900
2026-03-20 21:30:00+00:00,2026-03-20 21:44:59.999000+00:00,2151.21,2154.89,2142.77,2144.0,900
2026-03-20 21:45:00+00:00,2026-03-20 21:59:59.999000+00:00,2143.99,2148.79,2143.37051163,2146.69,900
2026-03-20 22:00:00+00:00,2026-03-20 22:14:59.999000+00:00,2146.7,2166.54030233,2146.7,2159.65,900
2026-03-20 22:15:00+00:00,2026-03-20 22:29:59.999000+00:00,2159.64,2162.0,2155.12229457,2155.66,900
2026-03-20 22:30:00+00:00,2026-03-20 22:44:59.999000+00:00,2155.66,2157.25,2152.68472868,2153.59137209,900
2026-03-20 22:45:00+00:00,2026-03-20 22:59:59.999000+00:00,2153.59183721,2158.6,2151.54423256,2153.82985271,900
2026-03-20 23:00:00+00:00,2026-03-20 23:14:59.999000+00:00,2153.73217829,2154.54,2144.20781395,2144.54670543,900
2026-03-20 23:15:00+00:00,2026-03-20 23:29:59.999000+00:00,2144.29763566,2147.88,2142.12007752,2145.8,900
2026-03-20 23:30:00+00:00,2026-03-20 23:44:59.999000+00:00,2145.8,2147.42504651,2144.4,2145.16050388,900
2026-03-20 23:45:00+00:00,2026-03-20 23:59:59.999000+00:00,2145.16050388,2147.36,2143.79795349,2145.20941085,900
2026-03-21 00:00:00+00:00,2026-03-21 00:14:59.999000+00:00,2145.21475969,2148.65,2143.18737984,2145.79,900
2026-03-21 00:15:00+00:00,2026-03-21 00:29:59.999000+00:00,2145.67289147,2155.66,2145.00969767,2149.77,900
2026-03-21 00:30:00+00:00,2026-03-21 00:44:59.999000+00:00,2149.76,2153.03,2147.87907752,2149.17,900
2026-03-21 00:45:00+00:00,2026-03-21 00:59:59.999000+00:00,2149.19,2152.83,2148.31391473,2152.47,900
2026-03-21 01:00:00+00:00,2026-03-21 01:14:59.999000+00:00,2152.47,2158.93,2150.88,2154.41,900
2026-03-21 01:15:00+00:00,2026-03-21 01:29:59.999000+00:00,2154.42,2154.92,2150.39020155,2152.40573643,900
2026-03-21 01:30:00+00:00,2026-03-21 01:44:59.999000+00:00,2152.40573643,2152.47,2148.55684496,2148.82926524,900
2026-03-21 01:45:00+00:00,2026-03-21 01:59:59.999000+00:00,2148.82926524,2150.04851938,2146.61637984,2146.61637984,900
2026-03-21 02:00:00+00:00,2026-03-21 02:14:59.999000+00:00,2146.62126357,2149.16,2145.27269767,2147.28,900
2026-03-21 02:15:00+00:00,2026-03-21 02:29:59.999000+00:00,2147.29,2152.27,2147.29,2151.03,900
2026-03-21 02:30:00+00:00,2026-03-21 02:44:59.999000+00:00,2151.03,2153.5389845,2148.78358915,2152.9,900
2026-03-21 02:45:00+00:00,2026-03-21 02:59:59.999000+00:00,2152.9,2155.54,2151.87,2154.15,900
2026-03-21 03:00:00+00:00,2026-03-21 03:14:59.999000+00:00,2154.08,2155.0111267,2151.58,2152.88,900
2026-03-21 03:15:00+00:00,2026-03-21 03:29:59.999000+00:00,2152.89,2153.19,2151.1029845,2152.35515504,900
2026-03-21 03:30:00+00:00,2026-03-21 03:44:59.999000+00:00,2152.34189922,2152.34189922,2149.93944144,2151.23027907,900
2026-03-21 03:45:00+00:00,2026-03-21 03:59:59.999000+00:00,2151.22562791,2153.33,2151.01,2152.46390698,900
2026-03-21 04:00:00+00:00,2026-03-21 04:14:59.999000+00:00,2152.48972093,2157.4,2152.4,2154.53,900
2026-03-21 04:15:00+00:00,2026-03-21 04:29:59.999000+00:00,2154.54,2156.95,2153.66546512,2155.44169767,900
2026-03-21 04:30:00+00:00,2026-03-21 04:44:59.999000+00:00,2155.40457364,2155.40457364,2149.46880914,2151.18,900
2026-03-21 04:45:00+00:00,2026-03-21 04:59:59.999000+00:00,2151.17,2151.97,2150.60961909,2150.81,900
2026-03-21 05:00:00+00:00,2026-03-21 05:14:59.999000+00:00,2150.81,2154.23,2150.81,2152.43,900
2026-03-21 05:15:00+00:00,2026-03-21 05:29:59.999000+00:00,2152.44,2155.55969767,2152.43,2154.89012403,900
2026-03-21 05:30:00+00:00,2026-03-21 05:44:59.999000+00:00,2154.89012403,2156.71,2153.06,2154.16,900
2026-03-21 05:45:00+00:00,2026-03-21 05:59:59.999000+00:00,2154.17,2154.42215504,2151.46613873,2152.31204651,900
2026-03-21 06:00:00+00:00,2026-03-21 06:14:59.999000+00:00,2152.306,2153.13,2151.39,2151.81374586,900
2026-03-21 06:15:00+00:00,2026-03-21 06:29:59.999000+00:00,2151.80104316,2154.03591473,2151.0393964,2153.73,900
2026-03-21 06:30:00+00:00,2026-03-21 06:44:59.999000+00:00,2153.73,2155.31390991,2153.30113953,2154.41,900
2026-03-21 06:45:00+00:00,2026-03-21 06:59:59.999000+00:00,2154.41,2154.68,2153.11943411,2154.66,900
2026-03-21 07:00:00+00:00,2026-03-21 07:14:59.999000+00:00,2154.65453488,2155.43,2153.8327907,2154.73,900
2026-03-21 07:15:00+00:00,2026-03-21 07:29:59.999000+00:00,2154.72,2160.6465969,2154.54,2159.01,900
2026-03-21 07:30:00+00:00,2026-03-21 07:44:59.999000+00:00,2159.01,2159.07,2155.70290698,2156.60845045,900
2026-03-21 07:45:00+00:00,2026-03-21 07:59:59.999000+00:00,2156.61385586,2156.61466667,2152.54482171,2154.39,900
2026-03-21 08:00:00+00:00,2026-03-21 08:14:59.999000+00:00,2154.4,2156.20748837,2153.6,2155.08593798,900
2026-03-21 08:15:00+00:00,2026-03-21 08:29:59.999000+00:00,2155.07634109,2155.26,2149.41552713,2149.42816279,900
2026-03-21 08:30:00+00:00,2026-03-21 08:44:59.999000+00:00,2149.42816279,2153.14,2148.61968992,2152.51,900
2026-03-21 08:45:00+00:00,2026-03-21 08:59:59.999000+00:00,2152.59,2153.93764341,2151.43,2153.01,900
2026-03-21 09:00:00+00:00,2026-03-21 09:14:59.999000+00:00,2153.01,2157.63,2152.90800775,2156.68,900
2026-03-21 09:15:00+00:00,2026-03-21 09:29:59.999000+00:00,2156.67,2156.68,2153.85,2154.0,900
2026-03-21 09:30:00+00:00,2026-03-21 09:44:59.999000+00:00,2153.99,2157.98,2153.98276179,2156.79,900
2026-03-21 09:45:00+00:00,2026-03-21 09:59:59.999000+00:00,2156.79,2157.96,2156.17,2157.5,900
2026-03-21 10:00:00+00:00,2026-03-21 10:14:59.999000+00:00,2157.5,2158.15,2154.88824806,2155.05,900
2026-03-21 10:15:00+00:00,2026-03-21 10:29:59.999000+00:00,2155.05,2155.05,2152.75,2154.17,900
2026-03-21 10:30:00+00:00,2026-03-21 10:44:59.999000+00:00,2154.17,2156.11532432,2153.84,2154.36515504,900
2026-03-21 10:45:00+00:00,2026-03-21 10:59:59.999000+00:00,2154.37,2154.37,2152.02827132,2153.22004065,900
2026-03-21 11:00:00+00:00,2026-03-21 11:14:59.999000+00:00,2153.24097088,2153.5,2152.00163566,2152.00163566,900
2026-03-21 11:15:00+00:00,2026-03-21 11:29:59.999000+00:00,2152.0,2155.24,2151.78774107,2154.4,900
2026-03-21 11:30:00+00:00,2026-03-21 11:44:59.999000+00:00,2154.4,2156.28,2153.05,2156.00872093,900
2026-03-21 11:45:00+00:00,2026-03-21 11:59:59.999000+00:00,2156.01011628,2156.88463063,2155.0,2156.54,900
2026-03-21 12:00:00+00:00,2026-03-21 12:14:59.999000+00:00,2156.54,2158.6526476,2156.54,2157.95507982,900
2026-03-21 12:15:00+00:00,2026-03-21 12:29:59.999000+00:00,2157.95507982,2159.86,2156.58,2158.49314729,900
2026-03-21 12:30:00+00:00,2026-03-21 12:44:59.999000+00:00,2158.49314729,2158.54729457,2156.29,2157.55,900
2026-03-21 12:45:00+00:00,2026-03-21 12:59:59.999000+00:00,2157.55,2157.97113514,2155.76827185,2156.97,900
2026-03-21 13:00:00+00:00,2026-03-21 13:14:59.999000+00:00,2156.97,2157.43,2155.91431783,2156.53,900
2026-03-21 13:15:00+00:00,2026-03-21 13:29:59.999000+00:00,2156.53,2158.76,2154.63,2154.99103101,900
2026-03-21 13:30:00+00:00,2026-03-21 13:44:59.999000+00:00,2154.99103101,2156.73097674,2153.89,2154.30087597,900
2026-03-21 13:45:00+00:00,2026-03-21 13:59:59.999000+00:00,2154.30087597,2155.49044144,2153.95,2154.9,900
2026-03-21 14:00:00+00:00,2026-03-21 14:14:59.999000+00:00,2154.9,2167.0,2154.7,2163.88,900
2026-03-21 14:15:00+00:00,2026-03-21 14:29:59.999000+00:00,2163.89,2165.61,2160.0540155,2160.98,900
2026-03-21 14:30:00+00:00,2026-03-21 14:44:59.999000+00:00,2160.99,2164.36,2159.75,2160.35,900
2026-03-21 14:45:00+00:00,2026-03-21 14:59:59.999000+00:00,2160.35,2160.35,2149.55436434,2151.06220155,900
2026-03-21 15:00:00+00:00,2026-03-21 15:14:59.999000+00:00,2151.06287597,2153.26,2149.80135659,2152.89,900
2026-03-21 15:15:00+00:00,2026-03-21 15:29:59.999000+00:00,2152.88,2153.11039695,2145.26809302,2151.78,900
2026-03-21 15:30:00+00:00,2026-03-21 15:44:59.999000+00:00,2151.79,2156.84,2151.36352713,2153.2629845,900
2026-03-21 15:45:00+00:00,2026-03-21 15:59:59.999000+00:00,2153.27484496,2155.05382925,2152.60070168,2154.25,900
2026-03-21 16:00:00+00:00,2026-03-21 16:14:59.999000+00:00,2154.26,2154.75550388,2150.62517829,2151.21,900
2026-03-21 16:15:00+00:00,2026-03-21 16:29:59.999000+00:00,2151.2,2153.45,2146.21433333,2147.62,900
2026-03-21 16:30:00+00:00,2026-03-21 16:44:59.999000+00:00,2147.61,2150.21216279,2146.23172868,2147.62,900
2026-03-21 16:45:00+00:00,2026-03-21 16:59:59.999000+00:00,2147.62,2149.91,2143.62886822,2145.6,900
2026-03-21 17:00:00+00:00,2026-03-21 17:14:59.999000+00:00,2145.6,2147.85876199,2141.98,2143.96080593,900
2026-03-21 17:15:00+00:00,2026-03-21 17:29:59.999000+00:00,2143.98041085,2147.66,2143.02886047,2146.72,900
2026-03-21 17:30:00+00:00,2026-03-21 17:44:59.999000+00:00,2146.73,2149.39,2146.73,2148.60155039,900
2026-03-21 17:45:00+00:00,2026-03-21 17:59:59.999000+00:00,2148.59945736,2149.68,2146.26944961,2147.40123256,900
2026-03-21 18:00:00+00:00,2026-03-21 18:14:59.999000+00:00,2147.28030233,2148.92,2146.47,2148.92,900
2026-03-21 18:15:00+00:00,2026-03-21 18:29:59.999000+00:00,2148.92,2151.82365277,2148.31123256,2150.26186822,900
2026-03-21 18:30:00+00:00,2026-03-21 18:44:59.999000+00:00,2150.26210078,2154.66,2150.24326357,2153.6,900
2026-03-21 18:45:00+00:00,2026-03-21 18:59:59.999000+00:00,2153.79,2153.8035969,2149.26,2150.52146512,900
2026-03-21 19:00:00+00:00,2026-03-21 19:14:59.999000+00:00,2150.36797674,2151.97,2150.20518605,2151.17372973,900
2026-03-21 19:15:00+00:00,2026-03-21 19:29:59.999000+00:00,2151.16881081,2152.25,2150.0,2151.4805814,900
2026-03-21 19:30:00+00:00,2026-03-21 19:44:59.999000+00:00,2151.4805814,2151.58957364,2148.25,2149.29,900
2026-03-21 19:45:00+00:00,2026-03-21 19:59:59.999000+00:00,2149.29,2151.69,2149.29,2151.2,900
2026-03-21 20:00:00+00:00,2026-03-21 20:14:59.999000+00:00,2151.2,2152.42405426,2149.77,2151.58,900
2026-03-21 20:15:00+00:00,2026-03-21 20:29:59.999000+00:00,2151.58,2154.17834884,2149.51,2152.89,900
2026-03-21 20:30:00+00:00,2026-03-21 20:44:59.999000+00:00,2152.89,2155.38,2152.85866667,2154.48,900
2026-03-21 20:45:00+00:00,2026-03-21 20:59:59.999000+00:00,2154.48,2155.58,2153.7278062,2154.57,900
2026-03-21 21:00:00+00:00,2026-03-21 21:14:59.999000+00:00,2154.57,2156.1136124,2152.49651564,2153.53254264,900
2026-03-21 21:15:00+00:00,2026-03-21 21:29:59.999000+00:00,2153.52742636,2154.08068217,2152.4,2153.24991473,900
2026-03-21 21:30:00+00:00,2026-03-21 21:44:59.999000+00:00,2153.21791473,2155.55,2152.44000775,2154.39531008,900
2026-03-21 21:45:00+00:00,2026-03-21 21:59:59.999000+00:00,2154.19670543,2155.10043411,2151.3954186,2152.72186906,900
2026-03-21 22:00:00+00:00,2026-03-21 22:14:59.999000+00:00,2152.72186906,2152.74898408,2149.02100775,2151.60484496,900
2026-03-21 22:15:00+00:00,2026-03-21 22:29:59.999000+00:00,2151.60817829,2151.79,2149.2,2149.56675969,900
2026-03-21 22:30:00+00:00,2026-03-21 22:44:59.999000+00:00,2149.56629457,2152.47,2149.14,2150.58896124,900
2026-03-21 22:45:00+00:00,2026-03-21 22:59:59.999000+00:00,2150.58621893,2150.58621893,2148.38,2148.95824031,900
2026-03-21 23:00:00+00:00,2026-03-21 23:14:59.999000+00:00,2148.95824031,2148.99,2144.01403101,2145.21,900
2026-03-21 23:15:00+00:00,2026-03-21 23:29:59.999000+00:00,2145.2,2146.92088613,2143.35,2143.36,900
2026-03-21 23:30:00+00:00,2026-03-21 23:44:59.999000+00:00,2143.36,2146.85,2143.04141085,2145.94,900
2026-03-21 23:45:00+00:00,2026-03-21 23:59:59.999000+00:00,2145.75915504,2145.75915504,2069.67184496,2084.10146512,900
2026-03-22 00:00:00+00:00,2026-03-22 00:14:59.999000+00:00,2084.01704651,2084.01704651,2049.09591287,2070.5,900
2026-03-22 00:15:00+00:00,2026-03-22 00:29:59.999000+00:00,2070.5,2085.10893023,2069.06,2084.88029457,900
2026-03-22 00:30:00+00:00,2026-03-22 00:44:59.999000+00:00,2084.74866667,2093.37,2084.74866667,2089.43,900
2026-03-22 00:45:00+00:00,2026-03-22 00:59:59.999000+00:00,2089.43,2093.72,2079.486,2086.26019767,900
2026-03-22 01:00:00+00:00,2026-03-22 01:14:59.999000+00:00,2086.26019767,2093.1,2082.69306977,2087.13600775,900
2026-03-22 01:15:00+00:00,2026-03-22 01:29:59.999000+00:00,2087.13600775,2091.89,2084.54,2088.97,900
2026-03-22 01:30:00+00:00,2026-03-22 01:44:59.999000+00:00,2089.14,2090.70522481,2081.14,2082.99,900
2026-03-22 01:45:00+00:00,2026-03-22 01:59:59.999000+00:00,2082.96588372,2091.05,2082.94588372,2089.99,900
2026-03-22 02:00:00+00:00,2026-03-22 02:14:59.999000+00:00,2090.0,2091.8,2086.67,2090.60489922,900
2026-03-22 02:15:00+00:00,2026-03-22 02:29:59.999000+00:00,2090.6300155,2108.23582946,2088.14625902,2104.4086124,900
2026-03-22 02:30:00+00:00,2026-03-22 02:44:59.999000+00:00,2104.34,2105.5,2098.26033333,2099.32364341,900
2026-03-22 02:45:00+00:00,2026-03-22 02:59:59.999000+00:00,2099.32364341,2105.14,2097.44372868,2101.17716279,900
2026-03-22 03:00:00+00:00,2026-03-22 03:14:59.999000+00:00,2101.17716279,2104.65,2097.0264186,2103.04,900
2026-03-22 03:15:00+00:00,2026-03-22 03:29:59.999000+00:00,2103.05,2116.92774419,2101.79883721,2112.95282946,900
2026-03-22 03:30:00+00:00,2026-03-22 03:44:59.999000+00:00,2113.01,2125.72400388,2111.89397674,2117.11,900
2026-03-22 03:45:00+00:00,2026-03-22 03:59:59.999000+00:00,2117.12,2117.79,2111.75865891,2112.88,900
2026-03-22 04:00:00+00:00,2026-03-22 04:14:59.999000+00:00,2112.89,2121.3,2112.62155974,2115.14,900
2026-03-22 04:15:00+00:00,2026-03-22 04:29:59.999000+00:00,2115.44,2121.71,2106.45,2111.78539535,900
2026-03-22 04:30:00+00:00,2026-03-22 04:44:59.999000+00:00,2111.90865116,2118.75,2109.2665969,2116.02849612,900
2026-03-22 04:45:00+00:00,2026-03-22 04:59:59.999000+00:00,2116.0291938,2120.85,2115.95965891,2118.38,900
2026-03-22 05:00:00+00:00,2026-03-22 05:14:59.999000+00:00,2118.38,2119.35912403,2115.18765116,2117.28164341,900
2026-03-22 05:15:00+00:00,2026-03-22 05:29:59.999000+00:00,2117.27745736,2118.57520155,2113.87,2115.48,900
2026-03-22 05:30:00+00:00,2026-03-22 05:44:59.999000+00:00,2115.47,2117.25,2113.56500775,2113.613332,900
2026-03-22 05:45:00+00:00,2026-03-22 05:59:59.999000+00:00,2113.613332,2116.60024806,2111.71,2112.01,900
2026-03-22 06:00:00+00:00,2026-03-22 06:14:59.999000+00:00,2112.01,2112.01,2106.75303876,2109.03062016,900
2026-03-22 06:15:00+00:00,2026-03-22 06:29:59.999000+00:00,2109.02852713,2111.3462093,2107.14427907,2111.26827907,900
2026-03-22 06:30:00+00:00,2026-03-22 06:44:59.999000+00:00,2111.35,2112.47,2108.50971318,2110.86,900
2026-03-22 06:45:00+00:00,2026-03-22 06:59:59.999000+00:00,2110.86,2110.86,2106.52,2107.81462016,900
2026-03-22 07:00:00+00:00,2026-03-22 07:14:59.999000+00:00,2107.81462016,2111.18,2106.9773876,2109.07962016,900
2026-03-22 07:15:00+00:00,2026-03-22 07:29:59.999000+00:00,2109.06636434,2111.27,2108.7387907,2109.94899225,900
2026-03-22 07:30:00+00:00,2026-03-22 07:44:59.999000+00:00,2109.91462791,2109.91462791,2097.28651938,2097.7800155,900
2026-03-22 07:45:00+00:00,2026-03-22 07:59:59.999000+00:00,2097.84,2103.49,2092.3,2092.97,900
2026-03-22 08:00:00+00:00,2026-03-22 08:14:59.999000+00:00,2092.89450388,2095.00454264,2082.88976744,2091.27,900
2026-03-22 08:15:00+00:00,2026-03-22 08:29:59.999000+00:00,2091.27,2091.35854264,2073.93,2077.54,900
2026-03-22 08:30:00+00:00,2026-03-22 08:44:59.999000+00:00,2077.29187597,2083.96,2075.55433333,2082.09,900
2026-03-22 08:45:00+00:00,2026-03-22 08:59:59.999000+00:00,2082.09,2086.76,2081.12974419,2085.28,900
2026-03-22 09:00:00+00:00,2026-03-22 09:14:59.999000+00:00,2085.28,2091.31966667,2084.0,2090.90934884,900
2026-03-22 09:15:00+00:00,2026-03-22 09:29:59.999000+00:00,2091.18,2093.9366938,2078.54878295,2080.4,900
2026-03-22 09:30:00+00:00,2026-03-22 09:44:59.999000+00:00,2080.4,2085.98,2080.3264186,2083.86,900
2026-03-22 09:45:00+00:00,2026-03-22 09:59:59.999000+00:00,2083.87496124,2085.74331783,2081.12,2084.05,900
2026-03-22 10:00:00+00:00,2026-03-22 10:14:59.999000+00:00,2083.95733333,2085.65,2079.53,2082.22358861,900
2026-03-22 10:15:00+00:00,2026-03-22 10:29:59.999000+00:00,2082.22358861,2083.36302326,2078.98406977,2081.99,900
2026-03-22 10:30:00+00:00,2026-03-22 10:44:59.999000+00:00,2082.0,2083.748,2076.19,2078.88,900
2026-03-22 10:45:00+00:00,2026-03-22 10:59:59.999000+00:00,2078.87,2082.09,2078.00965891,2080.14521705,900
2026-03-22 11:00:00+00:00,2026-03-22 11:14:59.999000+00:00,2080.13684496,2082.84,2077.84183721,2080.75200775,900
2026-03-22 11:15:00+00:00,2026-03-22 11:29:59.999000+00:00,2080.7561938,2082.44,2074.38,2075.26806977,900
2026-03-22 11:30:00+00:00,2026-03-22 11:44:59.999000+00:00,2075.17,2080.23212403,2066.32303876,2074.04,900
2026-03-22 11:45:00+00:00,2026-03-22 11:59:59.999000+00:00,2074.04,2074.95,2066.89267442,2068.91,900
2026-03-22 12:00:00+00:00,2026-03-22 12:14:59.999000+00:00,2068.91003101,2073.51310078,2067.31648062,2072.75558915,900
2026-03-22 12:15:00+00:00,2026-03-22 12:29:59.999000+00:00,2072.74447287,2086.70418151,2071.86747287,2083.34,900
2026-03-22 12:30:00+00:00,2026-03-22 12:44:59.999000+00:00,2083.34,2083.44,2079.93,2081.35,900
2026-03-22 12:45:00+00:00,2026-03-22 12:59:59.999000+00:00,2081.34,2084.24,2077.31,2081.43529457,900
2026-03-22 13:00:00+00:00,2026-03-22 13:14:59.999000+00:00,2081.41787597,2090.632264,2081.41787597,2085.23,900
2026-03-22 13:15:00+00:00,2026-03-22 13:29:59.999000+00:00,2085.4,2088.65,2083.48110853,2084.73,900
2026-03-22 13:30:00+00:00,2026-03-22 13:44:59.999000+00:00,2084.73,2086.63,2072.29,2075.54620155,900
2026-03-22 13:45:00+00:00,2026-03-22 13:59:59.999000+00:00,2075.43596899,2079.74,2074.25295349,2077.58,900
2026-03-22 14:00:00+00:00,2026-03-22 14:14:59.999000+00:00,2077.59,2079.98317054,2070.87645736,2078.32803876,900
2026-03-22 14:15:00+00:00,2026-03-22 14:29:59.999000+00:00,2078.32803876,2084.36394574,2076.53928682,2079.9,900
2026-03-22 14:30:00+00:00,2026-03-22 14:44:59.999000+00:00,2079.99,2083.71,2077.33464341,2080.64997674,900
2026-03-22 14:45:00+00:00,2026-03-22 14:59:59.999000+00:00,2080.64602326,2080.64602326,2074.6532093,2077.01355814,900
2026-03-22 15:00:00+00:00,2026-03-22 15:14:59.999000+00:00,2076.97,2082.35,2076.97,2081.67924806,900
2026-03-22 15:15:00+00:00,2026-03-22 15:29:59.999000+00:00,2081.67924806,2082.9540155,2076.16913178,2078.77,900
2026-03-22 15:30:00+00:00,2026-03-22 15:44:59.999000+00:00,2078.77,2079.42282946,2074.82,2079.39616279,900
2026-03-22 15:45:00+00:00,2026-03-22 15:59:59.999000+00:00,2079.37022481,2082.45703101,2077.51,2081.97,900
2026-03-22 16:00:00+00:00,2026-03-22 16:14:59.999000+00:00,2082.05153488,2083.65525581,2079.38018605,2080.52,900
2026-03-22 16:15:00+00:00,2026-03-22 16:29:59.999000+00:00,2080.62,2082.57908982,2077.72,2078.04431008,900
2026-03-22 16:30:00+00:00,2026-03-22 16:44:59.999000+00:00,2078.04431008,2081.35973643,2076.75554264,2079.1,900
2026-03-22 16:45:00+00:00,2026-03-22 16:59:59.999000+00:00,2079.09,2082.63288372,2079.09,2080.95,900
2026-03-22 17:00:00+00:00,2026-03-22 17:14:59.999000+00:00,2080.96,2082.16432558,2078.76,2081.93978295,900
2026-03-22 17:15:00+00:00,2026-03-22 17:29:59.999000+00:00,2081.92,2083.48,2079.3,2080.92,900
2026-03-22 17:30:00+00:00,2026-03-22 17:44:59.999000+00:00,2081.28,2082.45788372,2076.45200775,2077.48,900
2026-03-22 17:45:00+00:00,2026-03-22 17:59:59.999000+00:00,2077.48,2080.52362016,2077.48,2078.62,900
2026-03-22 18:00:00+00:00,2026-03-22 18:14:59.999000+00:00,2078.46,2079.47,2074.43872093,2078.99499225,900
2026-03-22 18:15:00+00:00,2026-03-22 18:29:59.999000+00:00,2079.0,2079.0,2075.82,2077.29,900
2026-03-22 18:30:00+00:00,2026-03-22 18:44:59.999000+00:00,2077.29,2079.09279124,2057.31,2064.51422481,900
2026-03-22 18:45:00+00:00,2026-03-22 18:59:59.999000+00:00,2064.23585271,2071.49,2063.66,2071.21814729,900
2026-03-22 19:00:00+00:00,2026-03-22 19:14:59.999000+00:00,2071.03814729,2071.72,2058.6,2060.09,900
2026-03-22 19:15:00+00:00,2026-03-22 19:29:59.999000+00:00,2059.97506977,2062.42334109,2058.12258915,2058.86248062,900
2026-03-22 19:30:00+00:00,2026-03-22 19:44:59.999000+00:00,2058.85131783,2066.41206977,2053.50083721,2064.53032558,900
2026-03-22 19:45:00+00:00,2026-03-22 19:59:59.999000+00:00,2064.53032558,2065.5794186,2058.03046913,2062.05633333,900
2026-03-22 20:00:00+00:00,2026-03-22 20:14:59.999000+00:00,2062.05633333,2067.67,2062.04354264,2066.22848837,900
2026-03-22 20:15:00+00:00,2026-03-22 20:29:59.999000+00:00,2066.22383721,2070.99,2061.78,2063.42,900
2026-03-22 20:30:00+00:00,2026-03-22 20:44:59.999000+00:00,2063.48,2065.67,2058.81,2064.82732558,900
2026-03-22 20:45:00+00:00,2026-03-22 20:59:59.999000+00:00,2064.8277907,2064.8277907,2055.15669767,2057.55,900
2026-03-22 21:00:00+00:00,2026-03-22 21:14:59.999000+00:00,2057.55,2059.54,2028.17,2038.57265891,900
2026-03-22 21:15:00+00:00,2026-03-22 21:29:59.999000+00:00,2038.61544961,2042.53998797,2024.81,2040.74444961,900
2026-03-22 21:30:00+00:00,2026-03-22 21:44:59.999000+00:00,2040.78,2047.74,2036.9,2044.09,900
2026-03-22 21:45:00+00:00,2026-03-22 21:59:59.999000+00:00,2044.08,2046.34,2038.39707752,2044.99,900
2026-03-22 22:00:00+00:00,2026-03-22 22:14:59.999000+00:00,2044.87383721,2051.51712403,2031.57308527,2041.64030874,900
2026-03-22 22:15:00+00:00,2026-03-22 22:29:59.999000+00:00,2041.92,2063.69,2040.50436434,2058.51,900
2026-03-22 22:30:00+00:00,2026-03-22 22:44:59.999000+00:00,2058.79,2061.99,2053.01403876,2054.40086047,900
2026-03-22 22:45:00+00:00,2026-03-22 22:59:59.999000+00:00,2054.21039535,2064.6,2054.09094574,2061.55,900
2026-03-22 23:00:00+00:00,2026-03-22 23:14:59.999000+00:00,2061.74,2072.91,2059.82037984,2068.55,900
2026-03-22 23:15:00+00:00,2026-03-22 23:29:59.999000+00:00,2068.11,2068.54,2059.34757418,2061.34,900
2026-03-22 23:30:00+00:00,2026-03-22 23:44:59.999000+00:00,2061.33,2064.15,2056.54,2059.62351163,900
2026-03-22 23:45:00+00:00,2026-03-22 23:59:59.999000+00:00,2059.8,2060.0,2050.24,2053.04,900
2026-03-23 00:00:00+00:00,2026-03-23 00:14:59.999000+00:00,2052.99970543,2062.22,2047.92,2056.29,900
2026-03-23 00:15:00+00:00,2026-03-23 00:29:59.999000+00:00,2056.22,2058.65,2050.79,2053.2,900
2026-03-23 00:30:00+00:00,2026-03-23 00:44:59.999000+00:00,2052.97910853,2053.79,2034.94,2045.22427656,900
2026-03-23 00:45:00+00:00,2026-03-23 00:59:59.999000+00:00,2045.21869968,2052.61,2040.94,2042.42,900
2026-03-23 01:00:00+00:00,2026-03-23 01:14:59.999000+00:00,2042.42,2054.70475194,2038.61103101,2049.68,900
2026-03-23 01:15:00+00:00,2026-03-23 01:29:59.999000+00:00,2049.68,2061.7,2049.68,2058.62848062,900
2026-03-23 01:30:00+00:00,2026-03-23 01:44:59.999000+00:00,2058.62848062,2061.02355039,2051.02,2054.15,900
2026-03-23 01:45:00+00:00,2026-03-23 01:59:59.999000+00:00,2054.15,2058.57256589,2046.62,2046.62,900
2026-03-23 02:00:00+00:00,2026-03-23 02:14:59.999000+00:00,2046.62,2057.16772868,2045.64364341,2048.37,900
2026-03-23 02:15:00+00:00,2026-03-23 02:29:59.999000+00:00,2048.36,2068.94872868,2046.60087597,2067.04,900
2026-03-23 02:30:00+00:00,2026-03-23 02:44:59.999000+00:00,2067.1,2067.51072093,2059.82279471,2059.84535285,900
2026-03-23 02:45:00+00:00,2026-03-23 02:59:59.999000+00:00,2059.65186447,2063.09145736,2056.49716279,2062.79913178,900
2026-03-23 03:00:00+00:00,2026-03-23 03:14:59.999000+00:00,2062.64130233,2071.39584144,2058.21502406,2058.32591419,900
2026-03-23 03:15:00+00:00,2026-03-23 03:29:59.999000+00:00,2058.32591419,2059.43,2054.81692248,2056.04,900
2026-03-23 03:30:00+00:00,2026-03-23 03:44:59.999000+00:00,2055.96,2057.07,2051.22,2055.18,900
2026-03-23 03:45:00+00:00,2026-03-23 03:59:59.999000+00:00,2054.97956589,2056.54,2050.87,2051.54,900
2026-03-23 04:00:00+00:00,2026-03-23 04:14:59.999000+00:00,2051.55,2053.9,2049.81,2051.81,900
2026-03-23 04:15:00+00:00,2026-03-23 04:29:59.999000+00:00,2051.8,2056.1,2050.75734162,2054.75,900
2026-03-23 04:30:00+00:00,2026-03-23 04:44:59.999000+00:00,2054.75,2060.38,2054.71042636,2055.01,900
2026-03-23 04:45:00+00:00,2026-03-23 04:59:59.999000+00:00,2055.02,2065.16,2055.02,2064.71,900
2026-03-23 05:00:00+00:00,2026-03-23 05:14:59.999000+00:00,2064.72,2069.87,2064.72,2069.64,900
2026-03-23 05:15:00+00:00,2026-03-23 05:29:59.999000+00:00,2069.64,2071.29,2063.05551938,2064.55,900
2026-03-23 05:30:00+00:00,2026-03-23 05:44:59.999000+00:00,2064.54,2069.3,2060.87937049,2062.45,900
2026-03-23 05:45:00+00:00,2026-03-23 05:59:59.999000+00:00,2062.45,2069.07,2060.0,2068.59162791,900
2026-03-23 06:00:00+00:00,2026-03-23 06:14:59.999000+00:00,2068.57465116,2068.57465116,2056.28,2057.8,900
2026-03-23 06:15:00+00:00,2026-03-23 06:29:59.999000+00:00,2057.82484496,2060.71390698,2054.08,2057.74,900
2026-03-23 06:30:00+00:00,2026-03-23 06:44:59.999000+00:00,2058.09,2058.09,2027.47756616,2032.42860788,900
2026-03-23 06:45:00+00:00,2026-03-23 06:59:59.999000+00:00,2032.52,2037.83,2028.52326357,2036.37551163,900
2026-03-23 07:00:00+00:00,2026-03-23 07:14:59.999000+00:00,2036.37551163,2038.15227132,2022.32,2036.63228682,900
2026-03-23 07:15:00+00:00,2026-03-23 07:29:59.999000+00:00,2036.5346124,2038.49,2025.57,2031.6,900
2026-03-23 07:30:00+00:00,2026-03-23 07:44:59.999000+00:00,2031.54,2048.82,2030.63475194,2046.73,900
2026-03-23 07:45:00+00:00,2026-03-23 07:59:59.999000+00:00,2046.74,2048.85120155,2042.52975541,2043.48162016,900
2026-03-23 08:00:00+00:00,2026-03-23 08:14:59.999000+00:00,2043.32076744,2055.87153488,2043.32076744,2055.47,877
2026-03-23 08:15:00+00:00,2026-03-23 08:29:59.999000+00:00,2055.48,2058.03,2050.97885271,2052.33877519,900
2026-03-23 08:30:00+00:00,2026-03-23 08:44:59.999000+00:00,2052.33877519,2056.7,2048.94034884,2050.15043411,900
2026-03-23 08:45:00+00:00,2026-03-23 08:59:59.999000+00:00,2050.38,2053.17,2044.0786939,2046.93804651,900
2026-03-23 09:00:00+00:00,2026-03-23 09:14:59.999000+00:00,2046.9347907,2048.08,2036.57983721,2041.76439535,900
2026-03-23 09:15:00+00:00,2026-03-23 09:29:59.999000+00:00,2041.78878508,2045.72,2038.11586047,2042.68,900
2026-03-23 09:30:00+00:00,2026-03-23 09:44:59.999000+00:00,2042.66,2042.67096396,2028.01,2037.4,900
2026-03-23 09:45:00+00:00,2026-03-23 09:59:59.999000+00:00,2037.4,2042.79,2037.08797674,2042.63326357,900
2026-03-23 10:00:00+00:00,2026-03-23 10:14:59.999000+00:00,2042.63,2053.3,2041.13711628,2048.85,900
2026-03-23 10:15:00+00:00,2026-03-23 10:29:59.999000+00:00,2049.0,2049.05,2041.28822481,2044.11418605,900
2026-03-23 10:30:00+00:00,2026-03-23 10:44:59.999000+00:00,2044.1044186,2045.0,2039.35399225,2043.59,900
2026-03-23 10:45:00+00:00,2026-03-23 10:59:59.999000+00:00,2043.59,2049.22,2040.07860866,2047.88751938,900
2026-03-23 11:00:00+00:00,2026-03-23 11:14:59.999000+00:00,2047.88751938,2197.54724202,2047.88751938,2166.7603876,900
2026-03-23 11:15:00+00:00,2026-03-23 11:29:59.999000+00:00,2167.68,2188.29,2146.93841473,2167.39,900
2026-03-23 11:30:00+00:00,2026-03-23 11:44:59.999000+00:00,2167.22,2179.15525526,2153.39,2154.24,900
2026-03-23 11:45:00+00:00,2026-03-23 11:59:59.999000+00:00,2154.24,2155.84613178,2132.36,2133.59152713,900
2026-03-23 12:00:00+00:00,2026-03-23 12:14:59.999000+00:00,2134.07,2138.14,2107.25,2118.20127132,900
2026-03-23 12:15:00+00:00,2026-03-23 12:29:59.999000+00:00,2117.40662016,2132.87221705,2116.06692248,2124.45717054,900
2026-03-23 12:30:00+00:00,2026-03-23 12:44:59.999000+00:00,2124.40786822,2145.84,2119.87291901,2143.82760465,900
2026-03-23 12:45:00+00:00,2026-03-23 12:59:59.999000+00:00,2143.98388372,2146.84,2139.17,2143.1919845,900
2026-03-23 13:00:00+00:00,2026-03-23 13:14:59.999000+00:00,2143.24454264,2152.66257682,2139.35051163,2145.05049612,900
2026-03-23 13:15:00+00:00,2026-03-23 13:29:59.999000+00:00,2145.04,2152.79,2145.01,2149.03,900
2026-03-23 13:30:00+00:00,2026-03-23 13:44:59.999000+00:00,2149.29,2176.56,2142.52970543,2168.23591419,900
2026-03-23 13:45:00+00:00,2026-03-23 13:59:59.999000+00:00,2168.18,2187.55,2162.92589147,2184.60302326,900
2026-03-23 14:00:00+00:00,2026-03-23 14:14:59.999000+00:00,2184.86,2191.59,2178.26,2180.39,900
2026-03-23 14:15:00+00:00,2026-03-23 14:29:59.999000+00:00,2180.39444961,2186.38,2175.01,2179.29582171,900
2026-03-23 14:30:00+00:00,2026-03-23 14:44:59.999000+00:00,2179.29582171,2181.66999225,2171.21,2174.69,900
2026-03-23 14:45:00+00:00,2026-03-23 14:59:59.999000+00:00,2174.46,2182.58886822,2168.88,2180.60685271,900
2026-03-23 15:00:00+00:00,2026-03-23 15:14:59.999000+00:00,2180.54644961,2186.04545875,2178.08,2178.08,900
2026-03-23 15:15:00+00:00,2026-03-23 15:29:59.999000+00:00,2178.09848035,2178.99,2162.65,2163.73178295,900
2026-03-23 15:30:00+00:00,2026-03-23 15:44:59.999000+00:00,2163.70434109,2166.06,2146.62610465,2149.24,900
2026-03-23 15:45:00+00:00,2026-03-23 15:59:59.999000+00:00,2149.24,2156.87472093,2124.29172868,2127.55,900
2026-03-23 16:00:00+00:00,2026-03-23 16:14:59.999000+00:00,2127.55,2138.51,2127.07889922,2137.83234884,900
2026-03-23 16:15:00+00:00,2026-03-23 16:29:59.999000+00:00,2137.83374419,2139.2,2117.01273643,2119.4,900
2026-03-23 16:30:00+00:00,2026-03-23 16:44:59.999000+00:00,2119.67,2132.7,2117.06,2130.69,900
2026-03-23 16:45:00+00:00,2026-03-23 16:59:59.999000+00:00,2130.68,2141.55,2130.13217054,2134.82,900
2026-03-23 17:00:00+00:00,2026-03-23 17:14:59.999000+00:00,2134.82,2139.11303876,2130.55,2134.55373643,900
2026-03-23 17:15:00+00:00,2026-03-23 17:29:59.999000+00:00,2134.47806202,2136.13,2123.89,2130.8632919,900
2026-03-23 17:30:00+00:00,2026-03-23 17:44:59.999000+00:00,2130.7539845,2156.93360773,2130.09,2146.14,900
2026-03-23 17:45:00+00:00,2026-03-23 17:59:59.999000+00:00,2146.03,2152.83,2145.56886047,2151.46,900
2026-03-23 18:00:00+00:00,2026-03-23 18:14:59.999000+00:00,2151.46,2155.29,2145.00049612,2149.92922481,900
2026-03-23 18:15:00+00:00,2026-03-23 18:29:59.999000+00:00,2149.91945736,2151.34,2144.60975969,2145.17589147,900
2026-03-23 18:30:00+00:00,2026-03-23 18:44:59.999000+00:00,2145.18,2156.86,2145.18,2154.88,900
2026-03-23 18:45:00+00:00,2026-03-23 18:59:59.999000+00:00,2154.88,2169.69543411,2154.6476124,2168.42,900
2026-03-23 19:00:00+00:00,2026-03-23 19:14:59.999000+00:00,2168.08925581,2177.0027907,2160.08,2163.80787387,900
2026-03-23 19:15:00+00:00,2026-03-23 19:29:59.999000+00:00,2163.80327928,2167.29,2159.64,2164.52,900
2026-03-23 19:30:00+00:00,2026-03-23 19:44:59.999000+00:00,2164.52,2166.29,2158.46181395,2160.01,900
2026-03-23 19:45:00+00:00,2026-03-23 19:59:59.999000+00:00,2160.01,2162.35,2152.04037209,2154.86175969,900
2026-03-23 20:00:00+00:00,2026-03-23 20:14:59.999000+00:00,2154.00524806,2159.21323256,2149.85,2159.15360465,900
2026-03-23 20:15:00+00:00,2026-03-23 20:29:59.999000+00:00,2159.14662791,2161.1160111,2156.99,2159.18660465,900
2026-03-23 20:30:00+00:00,2026-03-23 20:44:59.999000+00:00,2159.18370543,2165.38,2158.36587597,2163.36201802,900
2026-03-23 20:45:00+00:00,2026-03-23 20:59:59.999000+00:00,2163.36201802,2163.40742342,2159.29269767,2160.51,900
2026-03-23 21:00:00+00:00,2026-03-23 21:14:59.999000+00:00,2160.51,2162.75,2153.52,2153.67,900
2026-03-23 21:15:00+00:00,2026-03-23 21:29:59.999000+00:00,2153.67,2157.24,2153.6,2155.57,900
2026-03-23 21:30:00+00:00,2026-03-23 21:44:59.999000+00:00,2155.57,2161.56048757,2155.19054264,2160.22115878,900
2026-03-23 21:45:00+00:00,2026-03-23 21:59:59.999000+00:00,2160.21139134,2162.47920155,2155.88,2156.96,900
2026-03-23 22:00:00+00:00,2026-03-23 22:14:59.999000+00:00,2156.96,2158.74,2146.09994574,2149.91927928,900
2026-03-23 22:15:00+00:00,2026-03-23 22:29:59.999000+00:00,2149.91927928,2150.58,2146.07,2148.1191982,900
2026-03-23 22:30:00+00:00,2026-03-23 22:44:59.999000+00:00,2148.1646036,2153.08,2143.51,2150.78855814,900
2026-03-23 22:45:00+00:00,2026-03-23 22:59:59.999000+00:00,2150.78809302,2153.26,2148.94,2152.05212403,900
2026-03-23 23:00:00+00:00,2026-03-23 23:14:59.999000+00:00,2152.01514729,2153.01,2142.80532558,2145.48536087,900
2026-03-23 23:15:00+00:00,2026-03-23 23:29:59.999000+00:00,2145.49001203,2149.47,2140.38,2148.19858915,900
2026-03-23 23:30:00+00:00,2026-03-23 23:44:59.999000+00:00,2148.17556589,2150.8,2144.07099225,2149.44,900
2026-03-23 23:45:00+00:00,2026-03-23 23:59:59.999000+00:00,2149.44,2154.04,2144.54231783,2151.06048062,900
2026-03-24 00:00:00+00:00,2026-03-24 00:14:59.999000+00:00,2151.06048062,2154.99,2145.34344186,2146.57307752,900
2026-03-24 00:15:00+00:00,2026-03-24 00:29:59.999000+00:00,2146.44028682,2146.75,2138.05,2141.48773643,900
2026-03-24 00:30:00+00:00,2026-03-24 00:44:59.999000+00:00,2141.42145736,2143.54,2130.41378295,2140.08942636,900
2026-03-24 00:45:00+00:00,2026-03-24 00:59:59.999000+00:00,2139.91384496,2147.58,2139.91384496,2142.13658781,900
2026-03-24 01:00:00+00:00,2026-03-24 01:14:59.999000+00:00,2142.10519246,2144.67632558,2138.02768992,2139.72303876,900
2026-03-24 01:15:00+00:00,2026-03-24 01:29:59.999000+00:00,2139.62843411,2148.77692248,2136.33,2146.42052713,900
2026-03-24 01:30:00+00:00,2026-03-24 01:44:59.999000+00:00,2146.44703876,2146.44703876,2124.71,2129.82,900
2026-03-24 01:45:00+00:00,2026-03-24 01:59:59.999000+00:00,2129.95,2139.83,2128.04120155,2136.58,900
2026-03-24 02:00:00+00:00,2026-03-24 02:14:59.999000+00:00,2136.58,2144.42568992,2133.40512403,2134.65,900
2026-03-24 02:15:00+00:00,2026-03-24 02:29:59.999000+00:00,2134.65,2141.85510853,2133.42934109,2138.55,900
2026-03-24 02:30:00+00:00,2026-03-24 02:44:59.999000+00:00,2138.43812403,2142.28,2131.11,2138.20775194,900
2026-03-24 02:45:00+00:00,2026-03-24 02:59:59.999000+00:00,2138.20775194,2140.00427907,2134.49669767,2135.01835659,900
2026-03-24 03:00:00+00:00,2026-03-24 03:14:59.999000+00:00,2135.01603101,2137.03371318,2129.83492248,2133.47172868,900
2026-03-24 03:15:00+00:00,2026-03-24 03:29:59.999000+00:00,2133.47172868,2139.03768217,2133.39297113,2138.53,900
2026-03-24 03:30:00+00:00,2026-03-24 03:44:59.999000+00:00,2138.52,2139.29,2134.09903876,2137.83,900
2026-03-24 03:45:00+00:00,2026-03-24 03:59:59.999000+00:00,2137.83,2142.05,2137.16289189,2140.62,900
2026-03-24 04:00:00+00:00,2026-03-24 04:14:59.999000+00:00,2140.60002326,2150.44220543,2140.34,2145.13,900
2026-03-24 04:15:00+00:00,2026-03-24 04:29:59.999000+00:00,2145.13,2145.25,2139.15,2139.43186047,900
2026-03-24 04:30:00+00:00,2026-03-24 04:44:59.999000+00:00,2139.43186047,2139.43186047,2131.80632558,2134.47235638,900
2026-03-24 04:45:00+00:00,2026-03-24 04:59:59.999000+00:00,2134.42787932,2138.44075888,2131.02,2135.04,900
2026-03-24 05:00:00+00:00,2026-03-24 05:14:59.999000+00:00,2135.23,2135.49,2127.97572093,2129.42944961,900
2026-03-24 05:15:00+00:00,2026-03-24 05:29:59.999000+00:00,2129.42851938,2136.91158543,2128.38692248,2128.77915273,900
2026-03-24 05:30:00+00:00,2026-03-24 05:44:59.999000+00:00,2128.76564467,2136.8838062,2128.59308653,2134.91,900
2026-03-24 05:45:00+00:00,2026-03-24 05:59:59.999000+00:00,2134.92,2137.68,2131.88939535,2132.85858915,900
2026-03-24 06:00:00+00:00,2026-03-24 06:14:59.999000+00:00,2132.8746124,2136.9,2131.13683721,2136.76,900
2026-03-24 06:15:00+00:00,2026-03-24 06:29:59.999000+00:00,2136.75,2139.85683721,2134.09165891,2136.51,900
2026-03-24 06:30:00+00:00,2026-03-24 06:44:59.999000+00:00,2136.53,2143.35387953,2136.53,2141.79,900
2026-03-24 06:45:00+00:00,2026-03-24 06:59:59.999000+00:00,2141.83,2145.36,2139.73,2144.34670543,900
2026-03-24 07:00:00+00:00,2026-03-24 07:14:59.999000+00:00,2144.35972868,2165.20306898,2143.33072868,2159.83171318,900
2026-03-24 07:15:00+00:00,2026-03-24 07:29:59.999000+00:00,2159.79388372,2164.22,2158.25,2159.95052713,900
2026-03-24 07:30:00+00:00,2026-03-24 07:44:59.999000+00:00,2159.93936434,2160.99,2152.04625581,2154.77,900
2026-03-24 07:45:00+00:00,2026-03-24 07:59:59.999000+00:00,2154.77,2169.63,2151.71,2164.62,900
2026-03-24 08:00:00+00:00,2026-03-24 08:14:59.999000+00:00,2164.49,2166.49,2160.51,2162.7163876,900
2026-03-24 08:15:00+00:00,2026-03-24 08:29:59.999000+00:00,2162.69592248,2162.97,2151.48,2154.06920155,900
2026-03-24 08:30:00+00:00,2026-03-24 08:44:59.999000+00:00,2154.05129457,2162.24,2152.452915,2159.52873643,900
2026-03-24 08:45:00+00:00,2026-03-24 08:59:59.999000+00:00,2159.48,2160.0,2152.22410184,2154.34247287,900
2026-03-24 09:00:00+00:00,2026-03-24 09:14:59.999000+00:00,2154.14131008,2156.99,2146.85162791,2146.96,900
2026-03-24 09:15:00+00:00,2026-03-24 09:29:59.999000+00:00,2146.78031008,2153.0124955,2146.20422213,2152.13,900
2026-03-24 09:30:00+00:00,2026-03-24 09:44:59.999000+00:00,2151.98,2161.71,2150.60358915,2161.62005426,900
2026-03-24 09:45:00+00:00,2026-03-24 09:59:59.999000+00:00,2161.6154031,2166.19,2157.98093798,2163.76,900
2026-03-24 10:00:00+00:00,2026-03-24 10:14:59.999000+00:00,2163.63577519,2163.77,2159.63,2159.9,900
2026-03-24 10:15:00+00:00,2026-03-24 10:29:59.999000+00:00,2159.88410853,2160.88,2154.67585271,2155.01,900
2026-03-24 10:30:00+00:00,2026-03-24 10:44:59.999000+00:00,2155.2,2161.21702326,2154.17224806,2159.36,900
2026-03-24 10:45:00+00:00,2026-03-24 10:59:59.999000+00:00,2159.69,2160.77,2156.45534234,2160.27,900
2026-03-24 11:00:00+00:00,2026-03-24 11:14:59.999000+00:00,2160.26,2162.03330233,2150.99,2158.58,900
2026-03-24 11:15:00+00:00,2026-03-24 11:29:59.999000+00:00,2158.46467923,2160.6758062,2153.09,2159.7933876,900
2026-03-24 11:30:00+00:00,2026-03-24 11:44:59.999000+00:00,2159.99,2174.31,2159.11,2170.55,900
2026-03-24 11:45:00+00:00,2026-03-24 11:59:59.999000+00:00,2170.54,2172.0,2159.28358915,2164.79192248,900
2026-03-24 12:00:00+00:00,2026-03-24 12:14:59.999000+00:00,2164.79145736,2169.1806124,2160.71117054,2165.88162791,900
2026-03-24 12:15:00+00:00,2026-03-24 12:29:59.999000+00:00,2165.95,2167.13,2163.19163994,2166.21,900
2026-03-24 12:30:00+00:00,2026-03-24 12:44:59.999000+00:00,2166.19072973,2166.19072973,2157.74,2160.51095349,900
2026-03-24 12:45:00+00:00,2026-03-24 12:59:59.999000+00:00,2160.50304651,2164.0,2159.02131783,2161.4,900
2026-03-24 13:00:00+00:00,2026-03-24 13:14:59.999000+00:00,2161.4,2164.74,2150.39332171,2155.9,900
2026-03-24 13:15:00+00:00,2026-03-24 13:29:59.999000+00:00,2155.9,2157.67,2147.76528682,2149.18,900
2026-03-24 13:30:00+00:00,2026-03-24 13:44:59.999000+00:00,2149.21,2159.44,2134.81749399,2138.02,900
2026-03-24 13:45:00+00:00,2026-03-24 13:59:59.999000+00:00,2137.88915397,2143.02730233,2130.05134884,2137.27426744,900
2026-03-24 14:00:00+00:00,2026-03-24 14:14:59.999000+00:00,2137.3,2147.32,2125.49734884,2130.17993798,900
2026-03-24 14:15:00+00:00,2026-03-24 14:29:59.999000+00:00,2130.16854264,2135.85378295,2123.96,2132.43,900
2026-03-24 14:30:00+00:00,2026-03-24 14:44:59.999000+00:00,2132.47,2139.37134109,2127.9613876,2132.06,900
2026-03-24 14:45:00+00:00,2026-03-24 14:59:59.999000+00:00,2132.48,2141.38880233,2119.68568992,2133.06853876,900
2026-03-24 15:00:00+00:00,2026-03-24 15:14:59.999000+00:00,2133.06644574,2138.99,2131.75356589,2136.18,900
2026-03-24 15:15:00+00:00,2026-03-24 15:29:59.999000+00:00,2135.69,2146.5,2135.36,2137.97,900
2026-03-24 15:30:00+00:00,2026-03-24 15:44:59.999000+00:00,2137.97,2144.24467442,2130.35736434,2138.53,900
2026-03-24 15:45:00+00:00,2026-03-24 15:59:59.999000+00:00,2138.53,2141.36,2132.01862871,2134.66,900
2026-03-24 16:00:00+00:00,2026-03-24 16:14:59.999000+00:00,2134.52,2138.49,2131.9209845,2137.3130433,900
2026-03-24 16:15:00+00:00,2026-03-24 16:29:59.999000+00:00,2137.30908982,2139.87,2130.9964595,2134.45,900
2026-03-24 16:30:00+00:00,2026-03-24 16:44:59.999000+00:00,2134.61,2135.79,2120.32,2129.7,900
2026-03-24 16:45:00+00:00,2026-03-24 16:59:59.999000+00:00,2129.73,2130.78911628,2123.85872093,2126.26,900
2026-03-24 17:00:00+00:00,2026-03-24 17:14:59.999000+00:00,2126.6,2128.09,2112.49215504,2116.4,900
2026-03-24 17:15:00+00:00,2026-03-24 17:29:59.999000+00:00,2116.4,2118.55,2111.07991473,2113.04,900
2026-03-24 17:30:00+00:00,2026-03-24 17:44:59.999000+00:00,2113.05,2115.12306977,2102.5431235,2103.69644186,900
2026-03-24 17:45:00+00:00,2026-03-24 17:59:59.999000+00:00,2103.69644186,2111.32506202,2102.74511628,2108.14,900
2026-03-24 18:00:00+00:00,2026-03-24 18:14:59.999000+00:00,2108.15,2111.38,2104.87,2110.58565891,900
2026-03-24 18:15:00+00:00,2026-03-24 18:29:59.999000+00:00,2110.38217054,2118.04,2108.65424619,2116.38733333,900
2026-03-24 18:30:00+00:00,2026-03-24 18:44:59.999000+00:00,2116.39058915,2126.59868125,2115.7758741,2119.5883761,900
2026-03-24 18:45:00+00:00,2026-03-24 18:59:59.999000+00:00,2119.49977145,2121.27,2117.11217054,2118.05,900
2026-03-24 19:00:00+00:00,2026-03-24 19:14:59.999000+00:00,2118.05,2126.36,2118.05,2124.88,900
2026-03-24 19:15:00+00:00,2026-03-24 19:29:59.999000+00:00,2124.98,2126.67,2119.1262093,2119.56,900
2026-03-24 19:30:00+00:00,2026-03-24 19:44:59.999000+00:00,2119.55,2121.1856124,2115.37,2119.45706897,900
2026-03-24 19:45:00+00:00,2026-03-24 19:59:59.999000+00:00,2119.45706897,2119.45706897,2113.62148837,2116.12730233,900
2026-03-24 20:00:00+00:00,2026-03-24 20:14:59.999000+00:00,2116.09683721,2119.85543304,2115.01841085,2119.85543304,900
2026-03-24 20:15:00+00:00,2026-03-24 20:29:59.999000+00:00,2119.82660465,2153.33506701,2119.40423817,2140.58391473,900
2026-03-24 20:30:00+00:00,2026-03-24 20:44:59.999000+00:00,2140.64879845,2151.17291642,2140.64879845,2148.27422481,900
2026-03-24 20:45:00+00:00,2026-03-24 20:59:59.999000+00:00,2148.28,2153.33,2142.20323256,2147.62,900
2026-03-24 21:00:00+00:00,2026-03-24 21:14:59.999000+00:00,2147.63,2150.1140155,2141.86,2143.09432558,900
2026-03-24 21:15:00+00:00,2026-03-24 21:29:59.999000+00:00,2143.15362791,2144.44,2139.80014729,2143.64,900
2026-03-24 21:30:00+00:00,2026-03-24 21:44:59.999000+00:00,2143.64,2150.74,2142.79133333,2146.77173643,900
2026-03-24 21:45:00+00:00,2026-03-24 21:59:59.999000+00:00,2146.77,2149.0,2143.79,2147.91147287,900
2026-03-24 22:00:00+00:00,2026-03-24 22:14:59.999000+00:00,2147.91147287,2154.89,2144.03333333,2153.55853488,900
2026-03-24 22:15:00+00:00,2026-03-24 22:29:59.999000+00:00,2153.66248837,2153.66248837,2144.44147287,2145.1,900
2026-03-24 22:30:00+00:00,2026-03-24 22:44:59.999000+00:00,2145.53,2146.29925581,2139.68,2143.10753216,900
2026-03-24 22:45:00+00:00,2026-03-24 22:59:59.999000+00:00,2143.10753216,2146.65,2142.4,2144.51358059,900
2026-03-24 23:00:00+00:00,2026-03-24 23:14:59.999000+00:00,2144.50590617,2151.03,2142.75,2149.3,900
2026-03-24 23:15:00+00:00,2026-03-24 23:29:59.999000+00:00,2149.43,2159.46,2148.85,2158.48,900
2026-03-24 23:30:00+00:00,2026-03-24 23:44:59.999000+00:00,2158.48,2162.9,2158.48,2159.67,900
2026-03-24 23:45:00+00:00,2026-03-24 23:59:59.999000+00:00,2159.67,2160.31,2155.13499225,2155.3,900
2026-03-25 00:00:00+00:00,2026-03-25 00:14:59.999000+00:00,2155.29,2160.19,2153.88,2159.32144961,900
2026-03-25 00:15:00+00:00,2026-03-25 00:29:59.999000+00:00,2159.31772868,2159.66,2152.5992101,2154.34873643,900
2026-03-25 00:30:00+00:00,2026-03-25 00:44:59.999000+00:00,2154.27920155,2167.96,2147.16,2164.31,900
2026-03-25 00:45:00+00:00,2026-03-25 00:59:59.999000+00:00,2164.1,2167.29,2159.08317161,2160.64,900
2026-03-25 01:00:00+00:00,2026-03-25 01:14:59.999000+00:00,2160.64,2166.14909302,2157.06,2161.06332558,900
2026-03-25 01:15:00+00:00,2026-03-25 01:29:59.999000+00:00,2161.26,2162.0,2157.3755814,2159.95,900
2026-03-25 01:30:00+00:00,2026-03-25 01:44:59.999000+00:00,2159.96,2164.26236434,2157.04263566,2160.43986822,900
2026-03-25 01:45:00+00:00,2026-03-25 01:59:59.999000+00:00,2160.4535969,2161.44,2156.3202093,2156.3202093,900
2026-03-25 02:00:00+00:00,2026-03-25 02:14:59.999000+00:00,2155.79672093,2156.74,2152.68,2153.41,900
2026-03-25 02:15:00+00:00,2026-03-25 02:29:59.999000+00:00,2153.5,2157.5,2152.44058915,2155.08062791,900
2026-03-25 02:30:00+00:00,2026-03-25 02:44:59.999000+00:00,2155.08760465,2160.5,2153.80292248,2159.06,900
2026-03-25 02:45:00+00:00,2026-03-25 02:59:59.999000+00:00,2159.06,2160.6,2153.4943876,2154.58,900
2026-03-25 03:00:00+00:00,2026-03-25 03:14:59.999000+00:00,2154.58,2155.28,2148.39,2150.84755039,900
2026-03-25 03:15:00+00:00,2026-03-25 03:29:59.999000+00:00,2150.81964341,2152.27,2146.28,2151.65652713,900
2026-03-25 03:30:00+00:00,2026-03-25 03:44:59.999000+00:00,2151.65652713,2158.94,2151.65652713,2156.56,900
2026-03-25 03:45:00+00:00,2026-03-25 03:59:59.999000+00:00,2156.76,2159.81,2156.21426223,2157.49,900
2026-03-25 04:00:00+00:00,2026-03-25 04:14:59.999000+00:00,2157.49,2162.98,2155.76888372,2161.97892248,900
2026-03-25 04:15:00+00:00,2026-03-25 04:29:59.999000+00:00,2161.79752713,2163.77,2159.12,2162.5577907,900
2026-03-25 04:30:00+00:00,2026-03-25 04:44:59.999000+00:00,2162.54662791,2163.61,2159.20017829,2159.63,900
2026-03-25 04:45:00+00:00,2026-03-25 04:59:59.999000+00:00,2159.62,2166.05,2158.8,2165.41,900
2026-03-25 05:00:00+00:00,2026-03-25 05:14:59.999000+00:00,2165.42,2178.74,2163.36835659,2173.23980353,900
2026-03-25 05:15:00+00:00,2026-03-25 05:29:59.999000+00:00,2173.21957097,2173.44,2168.28042903,2171.06,900
2026-03-25 05:30:00+00:00,2026-03-25 05:44:59.999000+00:00,2171.05491473,2172.73,2168.68015315,2172.11,900
2026-03-25 05:45:00+00:00,2026-03-25 05:59:59.999000+00:00,2172.1,2172.46,2167.27278378,2167.81949208,900
2026-03-25 06:00:00+00:00,2026-03-25 06:14:59.999000+00:00,2167.82003262,2169.19837984,2162.81517829,2164.45266667,900
2026-03-25 06:15:00+00:00,2026-03-25 06:29:59.999000+00:00,2164.41428829,2171.54,2163.88,2171.19007207,900
2026-03-25 06:30:00+00:00,2026-03-25 06:44:59.999000+00:00,2171.1629124,2171.75,2168.85,2169.86996396,900
2026-03-25 06:45:00+00:00,2026-03-25 06:59:59.999000+00:00,2169.85455856,2172.0,2162.43055814,2162.48,900
2026-03-25 07:00:00+00:00,2026-03-25 07:14:59.999000+00:00,2162.42,2171.40673874,2161.98,2170.93604505,900
2026-03-25 07:15:00+00:00,2026-03-25 07:29:59.999000+00:00,2170.93523423,2171.04,2166.65,2166.83,900
2026-03-25 07:30:00+00:00,2026-03-25 07:44:59.999000+00:00,2166.88,2176.27983336,2166.88,2169.06883721,900
2026-03-25 07:45:00+00:00,2026-03-25 07:59:59.999000+00:00,2169.08627907,2169.49906977,2158.78,2163.7,900
2026-03-25 08:00:00+00:00,2026-03-25 08:14:59.999000+00:00,2163.7,2169.85,2163.53558726,2163.64,900
2026-03-25 08:15:00+00:00,2026-03-25 08:29:59.999000+00:00,2163.73,2181.71,2163.73,2179.21286047,900
2026-03-25 08:30:00+00:00,2026-03-25 08:44:59.999000+00:00,2178.81844186,2189.75288372,2178.40972093,2182.54927132,900
2026-03-25 08:45:00+00:00,2026-03-25 08:59:59.999000+00:00,2182.54927132,2182.55392248,2174.31413953,2175.57022523,900
2026-03-25 09:00:00+00:00,2026-03-25 09:14:59.999000+00:00,2175.52157658,2180.00437984,2174.02274419,2178.46283721,900
2026-03-25 09:15:00+00:00,2026-03-25 09:29:59.999000+00:00,2178.4667907,2183.35,2176.37832171,2179.45,900
2026-03-25 09:30:00+00:00,2026-03-25 09:44:59.999000+00:00,2179.81,2182.29,2179.34352713,2179.62,900
2026-03-25 09:45:00+00:00,2026-03-25 09:59:59.999000+00:00,2179.61,2187.8,2174.37226357,2185.28605426,900
2026-03-25 10:00:00+00:00,2026-03-25 10:14:59.999000+00:00,2185.36372868,2187.51,2181.85325581,2184.99,900
2026-03-25 10:15:00+00:00,2026-03-25 10:29:59.999000+00:00,2184.99,2186.71,2182.90303185,2183.27,900
2026-03-25 10:30:00+00:00,2026-03-25 10:44:59.999000+00:00,2183.27,2184.56,2180.03183721,2181.47799118,900
2026-03-25 10:45:00+00:00,2026-03-25 10:59:59.999000+00:00,2181.47403769,2186.38,2181.42891473,2184.02430233,900
2026-03-25 11:00:00+00:00,2026-03-25 11:14:59.999000+00:00,2184.03,2185.9,2182.33293798,2185.81484496,900
2026-03-25 11:15:00+00:00,2026-03-25 11:29:59.999000+00:00,2185.81065891,2194.117,2185.81065891,2192.03015504,900
2026-03-25 11:30:00+00:00,2026-03-25 11:44:59.999000+00:00,2191.96899225,2198.00547287,2189.46831395,2189.98,900
2026-03-25 11:45:00+00:00,2026-03-25 11:59:59.999000+00:00,2189.99,2190.0,2179.74908527,2185.2770155,900
2026-03-25 12:00:00+00:00,2026-03-25 12:14:59.999000+00:00,2185.27003876,2192.58,2185.21485271,2189.72,900
2026-03-25 12:15:00+00:00,2026-03-25 12:29:59.999000+00:00,2189.71,2190.51,2166.53,2170.98,900
2026-03-25 12:30:00+00:00,2026-03-25 12:44:59.999000+00:00,2170.98,2176.55,2164.20427827,2171.0,900
2026-03-25 12:45:00+00:00,2026-03-25 12:59:59.999000+00:00,2171.01,2193.62859262,2169.01,2182.48585271,900
2026-03-25 13:00:00+00:00,2026-03-25 13:14:59.999000+00:00,2182.38,2187.18615504,2179.4698062,2183.78,900
2026-03-25 13:15:00+00:00,2026-03-25 13:29:59.999000+00:00,2183.88,2185.66810345,2180.16,2181.66,900
2026-03-25 13:30:00+00:00,2026-03-25 13:44:59.999000+00:00,2181.58923256,2196.85008527,2181.54411628,2187.96,900
2026-03-25 13:45:00+00:00,2026-03-25 13:59:59.999000+00:00,2187.96,2192.0,2181.02045349,2183.48,900
2026-03-25 14:00:00+00:00,2026-03-25 14:14:59.999000+00:00,2183.47,2186.52,2175.46903101,2177.99,900
2026-03-25 14:15:00+00:00,2026-03-25 14:29:59.999000+00:00,2177.99,2183.07744622,2174.23,2179.04,900
2026-03-25 14:30:00+00:00,2026-03-25 14:44:59.999000+00:00,2179.04,2184.90726143,2177.01,2177.63,900
2026-03-25 14:45:00+00:00,2026-03-25 14:59:59.999000+00:00,2177.56211307,2179.64,2172.35765891,2173.02,900
2026-03-25 15:00:00+00:00,2026-03-25 15:14:59.999000+00:00,2173.02,2176.0,2157.39246512,2160.11,900
2026-03-25 15:15:00+00:00,2026-03-25 15:29:59.999000+00:00,2160.0254571,2166.24434884,2146.87357364,2165.87676744,900
2026-03-25 15:30:00+00:00,2026-03-25 15:44:59.999000+00:00,2165.44457498,2166.97,2157.06042636,2161.35,900
2026-03-25 15:45:00+00:00,2026-03-25 15:59:59.999000+00:00,2161.3,2164.99,2158.43614729,2161.67,900
2026-03-25 16:00:00+00:00,2026-03-25 16:14:59.999000+00:00,2161.67,2163.21,2155.39903876,2159.45169767,900
2026-03-25 16:15:00+00:00,2026-03-25 16:29:59.999000+00:00,2159.43030233,2183.83829484,2157.56174419,2174.5,900
2026-03-25 16:30:00+00:00,2026-03-25 16:44:59.999000+00:00,2174.49,2181.17231008,2171.54,2177.31,900
2026-03-25 16:45:00+00:00,2026-03-25 16:59:59.999000+00:00,2177.24976744,2177.64,2170.84905426,2173.01,900
2026-03-25 17:00:00+00:00,2026-03-25 17:14:59.999000+00:00,2173.0,2175.55,2167.52209302,2170.15867442,900
2026-03-25 17:15:00+00:00,2026-03-25 17:29:59.999000+00:00,2170.09774419,2173.11608986,2164.28584202,2167.9650155,900
2026-03-25 17:30:00+00:00,2026-03-25 17:44:59.999000+00:00,2167.88006977,2167.92017054,2161.65703101,2164.43,900
2026-03-25 17:45:00+00:00,2026-03-25 17:59:59.999000+00:00,2164.43,2166.87,2159.8,2163.21,900
2026-03-25 18:00:00+00:00,2026-03-25 18:14:59.999000+00:00,2163.09,2168.66,2162.09342021,2167.45,900
2026-03-25 18:15:00+00:00,2026-03-25 18:29:59.999000+00:00,2167.64,2172.72,2167.43,2168.5055814,900
2026-03-25 18:30:00+00:00,2026-03-25 18:44:59.999000+00:00,2168.5055814,2170.0,2162.37246512,2163.33160465,900
2026-03-25 18:45:00+00:00,2026-03-25 18:59:59.999000+00:00,2163.33160465,2167.35,2157.6834758,2161.5,900
2026-03-25 19:00:00+00:00,2026-03-25 19:14:59.999000+00:00,2161.5,2168.88,2158.72,2168.49,900
2026-03-25 19:15:00+00:00,2026-03-25 19:29:59.999000+00:00,2168.45,2172.46,2167.80379845,2169.91,900
2026-03-25 19:30:00+00:00,2026-03-25 19:44:59.999000+00:00,2170.08,2175.64,2168.27,2170.7,900
2026-03-25 19:45:00+00:00,2026-03-25 19:59:59.999000+00:00,2170.7,2173.83173643,2166.95551163,2171.36,900
2026-03-25 20:00:00+00:00,2026-03-25 20:14:59.999000+00:00,2171.52,2172.1,2164.08975969,2165.03,900
2026-03-25 20:15:00+00:00,2026-03-25 20:29:59.999000+00:00,2165.04,2167.39,2158.44666667,2160.43402967,900
2026-03-25 20:30:00+00:00,2026-03-25 20:44:59.999000+00:00,2160.43402967,2165.32050136,2159.77,2165.27000859,900
2026-03-25 20:45:00+00:00,2026-03-25 20:59:59.999000+00:00,2165.27000859,2166.74,2163.66466667,2165.78,900
2026-03-25 21:00:00+00:00,2026-03-25 21:14:59.999000+00:00,2165.77,2168.35,2163.50125581,2168.35,900
2026-03-25 21:15:00+00:00,2026-03-25 21:29:59.999000+00:00,2168.34,2168.75,2161.29989976,2163.01712403,900
2026-03-25 21:30:00+00:00,2026-03-25 21:44:59.999000+00:00,2163.01712403,2164.68,2161.74163566,2162.56,900
2026-03-25 21:45:00+00:00,2026-03-25 21:59:59.999000+00:00,2162.56,2164.19,2161.10688372,2163.01,900
2026-03-25 22:00:00+00:00,2026-03-25 22:14:59.999000+00:00,2163.0,2166.73,2160.7173876,2162.43,900
2026-03-25 22:15:00+00:00,2026-03-25 22:29:59.999000+00:00,2162.43,2165.18,2160.78107207,2163.03,900
2026-03-25 22:30:00+00:00,2026-03-25 22:44:59.999000+00:00,2163.03,2180.84,2162.46,2174.16,900
2026-03-25 22:45:00+00:00,2026-03-25 22:59:59.999000+00:00,2174.37,2176.53981081,2172.18737984,2173.57637984,900
2026-03-25 23:00:00+00:00,2026-03-25 23:14:59.999000+00:00,2173.52893798,2176.36,2172.34112403,2172.35182946,900
2026-03-25 23:15:00+00:00,2026-03-25 23:29:59.999000+00:00,2172.35182946,2173.74,2169.1495969,2172.18,900
2026-03-25 23:30:00+00:00,2026-03-25 23:44:59.999000+00:00,2172.18,2172.41,2164.67,2165.04785271,900
2026-03-25 23:45:00+00:00,2026-03-25 23:59:59.999000+00:00,2165.04785271,2169.122,2163.88584496,2168.08242636,900
2026-03-26 00:00:00+00:00,2026-03-26 00:14:59.999000+00:00,2168.08242636,2169.0,2164.24964341,2165.99,900
2026-03-26 00:15:00+00:00,2026-03-26 00:29:59.999000+00:00,2165.99,2169.9985969,2163.29,2164.95313514,900
2026-03-26 00:30:00+00:00,2026-03-26 00:44:59.999000+00:00,2164.95259459,2168.39,2164.06,2166.86257364,900
2026-03-26 00:45:00+00:00,2026-03-26 00:59:59.999000+00:00,2166.86257364,2171.32,2161.49622481,2165.5407907,900
2026-03-26 01:00:00+00:00,2026-03-26 01:14:59.999000+00:00,2165.55823256,2168.36937984,2161.38,2162.7,900
2026-03-26 01:15:00+00:00,2026-03-26 01:29:59.999000+00:00,2162.72,2167.53163054,2159.95134109,2165.91,900
2026-03-26 01:30:00+00:00,2026-03-26 01:44:59.999000+00:00,2165.91,2168.04,2163.41287387,2163.70889189,900
2026-03-26 01:45:00+00:00,2026-03-26 01:59:59.999000+00:00,2163.59,2165.6022753,2161.56,2163.88795495,900
2026-03-26 02:00:00+00:00,2026-03-26 02:14:59.999000+00:00,2163.88795495,2164.8,2157.60349612,2159.03479952,900
2026-03-26 02:15:00+00:00,2026-03-26 02:29:59.999000+00:00,2159.03665998,2159.26,2151.85891473,2153.33049318,900
2026-03-26 02:30:00+00:00,2026-03-26 02:44:59.999000+00:00,2153.27863272,2153.48,2143.04370543,2148.58729457,900
2026-03-26 02:45:00+00:00,2026-03-26 02:59:59.999000+00:00,2148.57473643,2149.99,2146.31,2149.33628308,900
2026-03-26 03:00:00+00:00,2026-03-26 03:14:59.999000+00:00,2149.22186447,2154.7651202,2143.93024031,2154.75,900
2026-03-26 03:15:00+00:00,2026-03-26 03:29:59.999000+00:00,2154.72500775,2154.72500775,2145.06472868,2146.84,900
2026-03-26 03:30:00+00:00,2026-03-26 03:44:59.999000+00:00,2146.84,2152.71,2146.83,2151.29,900
2026-03-26 03:45:00+00:00,2026-03-26 03:59:59.999000+00:00,2151.28226357,2153.32,2149.37503101,2152.03134884,900
2026-03-26 04:00:00+00:00,2026-03-26 04:14:59.999000+00:00,2152.04204651,2152.64,2147.29,2147.60976744,900
2026-03-26 04:15:00+00:00,2026-03-26 04:29:59.999000+00:00,2147.60976744,2151.99830233,2146.75542636,2151.89467169,900
2026-03-26 04:30:00+00:00,2026-03-26 04:44:59.999000+00:00,2151.81139996,2153.29,2150.25437984,2151.48889147,900
2026-03-26 04:45:00+00:00,2026-03-26 04:59:59.999000+00:00,2151.48889147,2153.72426189,2147.6,2148.61791473,900
2026-03-26 05:00:00+00:00,2026-03-26 05:14:59.999000+00:00,2148.61791473,2149.91,2137.22,2139.82986047,900
2026-03-26 05:15:00+00:00,2026-03-26 05:29:59.999000+00:00,2139.82986047,2142.41,2136.63433333,2141.46172093,900
2026-03-26 05:30:00+00:00,2026-03-26 05:44:59.999000+00:00,2141.46125581,2143.93,2126.87,2128.84,900
2026-03-26 05:45:00+00:00,2026-03-26 05:59:59.999000+00:00,2129.0,2129.39,2112.58412403,2118.71,900
2026-03-26 06:00:00+00:00,2026-03-26 06:14:59.999000+00:00,2118.63819968,2120.2,2110.97,2119.69,900
2026-03-26 06:15:00+00:00,2026-03-26 06:29:59.999000+00:00,2119.71368992,2123.78,2116.54843411,2121.69,900
2026-03-26 06:30:00+00:00,2026-03-26 06:44:59.999000+00:00,2121.74,2123.46,2118.72841085,2118.93825581,900
2026-03-26 06:45:00+00:00,2026-03-26 06:59:59.999000+00:00,2118.93267442,2122.2,2117.21607207,2120.72925707,900
2026-03-26 07:00:00+00:00,2026-03-26 07:14:59.999000+00:00,2120.71060842,2123.66,2118.86134322,2119.14,900
2026-03-26 07:15:00+00:00,2026-03-26 07:29:59.999000+00:00,2119.14,2121.65122677,2114.86,2116.62,900
2026-03-26 07:30:00+00:00,2026-03-26 07:44:59.999000+00:00,2116.77,2121.56,2112.09634109,2119.5910155,900
2026-03-26 07:45:00+00:00,2026-03-26 07:59:59.999000+00:00,2119.59520155,2123.61,2119.5938062,2122.43552713,900
2026-03-26 08:00:00+00:00,2026-03-26 08:14:59.999000+00:00,2122.43552713,2124.99345736,2115.51065504,2116.03,900
2026-03-26 08:15:00+00:00,2026-03-26 08:29:59.999000+00:00,2116.21,2119.68,2113.53,2115.05776744,900
2026-03-26 08:30:00+00:00,2026-03-26 08:44:59.999000+00:00,2115.05776744,2117.82162791,2113.46,2115.12,900
2026-03-26 08:45:00+00:00,2026-03-26 08:59:59.999000+00:00,2115.16013953,2120.7,2114.77196124,2118.63186859,900
2026-03-26 09:00:00+00:00,2026-03-26 09:14:59.999000+00:00,2118.62,2120.83117389,2115.59685271,2117.82,900
2026-03-26 09:15:00+00:00,2026-03-26 09:29:59.999000+00:00,2117.81,2117.82,2114.14724806,2115.88988372,900
2026-03-26 09:30:00+00:00,2026-03-26 09:44:59.999000+00:00,2115.90431008,2115.90431008,2074.03082171,2083.18543304,900
2026-03-26 09:45:00+00:00,2026-03-26 09:59:59.999000+00:00,2083.18543304,2083.39,2076.2596124,2081.69741085,900
2026-03-26 10:00:00+00:00,2026-03-26 10:14:59.999000+00:00,2081.65973643,2081.65973643,2071.85196899,2075.98,900
2026-03-26 10:15:00+00:00,2026-03-26 10:29:59.999000+00:00,2075.99,2082.41875194,2075.99,2081.71871318,900
2026-03-26 10:30:00+00:00,2026-03-26 10:44:59.999000+00:00,2081.71685271,2082.0,2073.68608527,2075.84,900
2026-03-26 10:45:00+00:00,2026-03-26 10:59:59.999000+00:00,2075.85,2077.58,2075.06418605,2077.39,900
2026-03-26 11:00:00+00:00,2026-03-26 11:14:59.999000+00:00,2077.38,2080.31,2064.80794186,2070.3,900
2026-03-26 11:15:00+00:00,2026-03-26 11:29:59.999000+00:00,2070.32,2072.22,2063.50624806,2066.97622481,900
2026-03-26 11:30:00+00:00,2026-03-26 11:44:59.999000+00:00,2066.98087597,2072.50717829,2066.69458915,2069.94,900
2026-03-26 11:45:00+00:00,2026-03-26 11:59:59.999000+00:00,2069.93,2072.29,2066.2947907,2067.40627132,900
2026-03-26 12:00:00+00:00,2026-03-26 12:14:59.999000+00:00,2067.39567442,2071.58,2064.93930233,2070.46,900
2026-03-26 12:15:00+00:00,2026-03-26 12:29:59.999000+00:00,2070.46,2071.68,2069.15891473,2070.31,900
2026-03-26 12:30:00+00:00,2026-03-26 12:44:59.999000+00:00,2070.3,2072.7964186,2065.44939535,2070.69467442,900
2026-03-26 12:45:00+00:00,2026-03-26 12:59:59.999000+00:00,2070.69467442,2074.0630433,2070.14247287,2072.24808527,900
2026-03-26 13:00:00+00:00,2026-03-26 13:14:59.999000+00:00,2072.24808527,2078.25,2071.2,2077.63,900
2026-03-26 13:15:00+00:00,2026-03-26 13:29:59.999000+00:00,2077.65,2079.25,2074.59,2075.69900775,900
2026-03-26 13:30:00+00:00,2026-03-26 13:44:59.999000+00:00,2075.48643411,2082.43,2069.12096124,2082.26275969,900
2026-03-26 13:45:00+00:00,2026-03-26 13:59:59.999000+00:00,2082.38,2091.50237209,2076.44,2080.14,900
2026-03-26 14:00:00+00:00,2026-03-26 14:14:59.999000+00:00,2080.07,2084.38443184,2075.26,2078.88,900
2026-03-26 14:15:00+00:00,2026-03-26 14:29:59.999000+00:00,2078.88,2080.83,2071.52402967,2074.74403876,900
2026-03-26 14:30:00+00:00,2026-03-26 14:44:59.999000+00:00,2074.71613178,2083.72,2074.71613178,2076.41,900
2026-03-26 14:45:00+00:00,2026-03-26 14:59:59.999000+00:00,2076.41,2077.79,2066.42564341,2075.26470543,900
2026-03-26 15:00:00+00:00,2026-03-26 15:14:59.999000+00:00,2075.26470543,2075.71,2058.37372481,2059.12531395,900
2026-03-26 15:15:00+00:00,2026-03-26 15:29:59.999000+00:00,2058.9650814,2067.52,2053.35,2064.77,900
2026-03-26 15:30:00+00:00,2026-03-26 15:44:59.999000+00:00,2064.71,2066.6,2061.65431783,2063.12,900
2026-03-26 15:45:00+00:00,2026-03-26 15:59:59.999000+00:00,2063.23,2074.22647434,2062.65882171,2069.58,900
2026-03-26 16:00:00+00:00,2026-03-26 16:14:59.999000+00:00,2069.60991473,2070.0,2065.62628682,2069.06898557,900
2026-03-26 16:15:00+00:00,2026-03-26 16:29:59.999000+00:00,2069.01038091,2069.58833333,2063.33,2063.92820155,900
2026-03-26 16:30:00+00:00,2026-03-26 16:44:59.999000+00:00,2063.93285271,2067.62,2062.50789922,2064.89,900
2026-03-26 16:45:00+00:00,2026-03-26 16:59:59.999000+00:00,2064.9,2065.71,2059.06,2060.11,900
2026-03-26 17:00:00+00:00,2026-03-26 17:14:59.999000+00:00,2060.12,2066.06,2059.06,2062.43627132,900
2026-03-26 17:15:00+00:00,2026-03-26 17:29:59.999000+00:00,2062.33,2067.49,2062.24311628,2067.49,900
2026-03-26 17:30:00+00:00,2026-03-26 17:44:59.999000+00:00,2067.56,2069.79,2065.28,2066.07924031,900
2026-03-26 17:45:00+00:00,2026-03-26 17:59:59.999000+00:00,2066.07924031,2066.25,2046.24,2047.45,900
2026-03-26 18:00:00+00:00,2026-03-26 18:14:59.999000+00:00,2048.09,2054.91,2043.47,2049.98,900
2026-03-26 18:15:00+00:00,2026-03-26 18:29:59.999000+00:00,2049.98,2049.98,2033.69362791,2036.91772868,900
2026-03-26 18:30:00+00:00,2026-03-26 18:44:59.999000+00:00,2036.57703101,2042.32,2036.43307752,2041.27834884,900
2026-03-26 18:45:00+00:00,2026-03-26 18:59:59.999000+00:00,2041.25090698,2046.16,2040.3158062,2045.92424806,900
2026-03-26 19:00:00+00:00,2026-03-26 19:14:59.999000+00:00,2045.88471318,2046.29,2039.45103101,2042.23,900
2026-03-26 19:15:00+00:00,2026-03-26 19:29:59.999000+00:00,2042.23,2046.46,2039.05,2040.85900775,900
2026-03-26 19:30:00+00:00,2026-03-26 19:44:59.999000+00:00,2040.83,2051.14359663,2038.19,2050.30308527,900
2026-03-26 19:45:00+00:00,2026-03-26 19:59:59.999000+00:00,2050.32122481,2052.62,2046.27237209,2048.55991473,900
2026-03-26 20:00:00+00:00,2026-03-26 20:14:59.999000+00:00,2048.2934031,2079.43,2045.44,2070.78,900
2026-03-26 20:15:00+00:00,2026-03-26 20:29:59.999000+00:00,2071.0,2077.02,2065.4454186,2067.52134884,900
2026-03-26 20:30:00+00:00,2026-03-26 20:44:59.999000+00:00,2067.53,2072.77774419,2067.53,2070.57,900
2026-03-26 20:45:00+00:00,2026-03-26 20:59:59.999000+00:00,2070.57,2070.64,2061.58,2063.87127907,900
2026-03-26 21:00:00+00:00,2026-03-26 21:14:59.999000+00:00,2063.87127907,2065.7,2059.15178295,2065.32742983,900
2026-03-26 21:15:00+00:00,2026-03-26 21:29:59.999000+00:00,2065.28012403,2075.49629457,2063.92495349,2072.5735814,900
2026-03-26 21:30:00+00:00,2026-03-26 21:44:59.999000+00:00,2072.58055814,2074.17854264,2068.6,2069.85,900
2026-03-26 21:45:00+00:00,2026-03-26 21:59:59.999000+00:00,2069.85,2070.33,2067.27289922,2067.27289922,900
2026-03-26 22:00:00+00:00,2026-03-26 22:14:59.999000+00:00,2067.31429457,2071.76,2065.68,2068.26075969,900
2026-03-26 22:15:00+00:00,2026-03-26 22:29:59.999000+00:00,2068.26,2068.72323256,2054.41,2061.48227907,900
2026-03-26 22:30:00+00:00,2026-03-26 22:44:59.999000+00:00,2061.44437209,2064.31,2057.8061938,2063.67285084,900
2026-03-26 22:45:00+00:00,2026-03-26 22:59:59.999000+00:00,2063.67285084,2064.75949612,2061.65,2064.70567362,900
2026-03-26 23:00:00+00:00,2026-03-26 23:14:59.999000+00:00,2064.70567362,2068.62090698,2061.12735659,2062.3,900
2026-03-26 23:15:00+00:00,2026-03-26 23:29:59.999000+00:00,2062.31,2065.0,2057.54936434,2060.95,900
2026-03-26 23:30:00+00:00,2026-03-26 23:44:59.999000+00:00,2060.95,2061.19551938,2055.33955814,2058.63,900
2026-03-26 23:45:00+00:00,2026-03-26 23:59:59.999000+00:00,2058.64,2060.95,2057.68960465,2059.17,900
2026-03-27 00:00:00+00:00,2026-03-27 00:14:59.999000+00:00,2059.18,2066.55,2056.96,2065.60617081,900
2026-03-27 00:15:00+00:00,2026-03-27 00:29:59.999000+00:00,2065.60617081,2066.65,2058.30551163,2059.19,900
2026-03-27 00:30:00+00:00,2026-03-27 00:44:59.999000+00:00,2059.19,2065.09611628,2055.69615477,2061.49146512,900
2026-03-27 00:45:00+00:00,2026-03-27 00:59:59.999000+00:00,2061.48169767,2065.53,2058.61,2064.14174419,900
2026-03-27 01:00:00+00:00,2026-03-27 01:14:59.999000+00:00,2064.14686047,2069.86,2062.5,2068.36,900
2026-03-27 01:15:00+00:00,2026-03-27 01:29:59.999000+00:00,2068.37,2071.61,2066.56593798,2070.56,900
2026-03-27 01:30:00+00:00,2026-03-27 01:44:59.999000+00:00,2070.86,2072.49,2067.2371938,2069.80736434,900
2026-03-27 01:45:00+00:00,2026-03-27 01:59:59.999000+00:00,2069.80736434,2073.6,2068.53255039,2072.97,900
2026-03-27 02:00:00+00:00,2026-03-27 02:14:59.999000+00:00,2072.97,2076.05965116,2071.99376744,2072.16239374,900
2026-03-27 02:15:00+00:00,2026-03-27 02:29:59.999000+00:00,2071.97588212,2072.18,2069.23,2071.99785271,900
2026-03-27 02:30:00+00:00,2026-03-27 02:44:59.999000+00:00,2071.99645736,2074.86141085,2066.74,2068.25,900
2026-03-27 02:45:00+00:00,2026-03-27 02:59:59.999000+00:00,2068.5,2069.49196899,2066.11,2067.11,900
2026-03-27 03:00:00+00:00,2026-03-27 03:14:59.999000+00:00,2067.11,2068.0,2058.17,2060.62223256,900
2026-03-27 03:15:00+00:00,2026-03-27 03:29:59.999000+00:00,2060.6,2063.38478378,2058.77658559,2062.35760465,900
2026-03-27 03:30:00+00:00,2026-03-27 03:44:59.999000+00:00,2062.35760465,2064.45,2060.46,2062.42,900
2026-03-27 03:45:00+00:00,2026-03-27 03:59:59.999000+00:00,2062.42,2062.42,2059.54,2060.30663566,900
2026-03-27 04:00:00+00:00,2026-03-27 04:14:59.999000+00:00,2060.44,2060.99,2042.1440814,2045.78,900
2026-03-27 04:15:00+00:00,2026-03-27 04:29:59.999000+00:00,2045.71768992,2051.40855814,2044.09928682,2050.54208901,900
2026-03-27 04:30:00+00:00,2026-03-27 04:44:59.999000+00:00,2050.54208901,2053.16,2049.28123256,2051.51805426,900
2026-03-27 04:45:00+00:00,2026-03-27 04:59:59.999000+00:00,2051.51805426,2053.6,2051.43,2052.12,900
2026-03-27 05:00:00+00:00,2026-03-27 05:14:59.999000+00:00,2052.13,2062.54907752,2051.07694868,2061.92,900
2026-03-27 05:15:00+00:00,2026-03-27 05:29:59.999000+00:00,2061.92,2065.58,2055.78,2057.84,900
2026-03-27 05:30:00+00:00,2026-03-27 05:44:59.999000+00:00,2057.85,2062.02681395,2055.51,2057.71,900
2026-03-27 05:45:00+00:00,2026-03-27 05:59:59.999000+00:00,2057.72,2060.48,2056.75065116,2060.19,900
2026-03-27 06:00:00+00:00,2026-03-27 06:14:59.999000+00:00,2060.19,2062.69,2057.57,2062.68,900
2026-03-27 06:15:00+00:00,2026-03-27 06:29:59.999000+00:00,2062.69,2066.85,2061.71908527,2065.86244186,900
2026-03-27 06:30:00+00:00,2026-03-27 06:44:59.999000+00:00,2064.59755814,2066.843,2062.5,2063.87902703,900
2026-03-27 06:45:00+00:00,2026-03-27 06:59:59.999000+00:00,2063.87902703,2063.87902703,2060.5,2061.40693023,900
2026-03-27 07:00:00+00:00,2026-03-27 07:14:59.999000+00:00,2061.41367442,2068.33,2058.84024806,2066.5,900
2026-03-27 07:15:00+00:00,2026-03-27 07:29:59.999000+00:00,2066.51,2070.68871291,2065.35438252,2069.2077907,900
2026-03-27 07:30:00+00:00,2026-03-27 07:44:59.999000+00:00,2069.32,2070.42,2061.39,2066.56,900
2026-03-27 07:45:00+00:00,2026-03-27 07:59:59.999000+00:00,2066.55,2069.84848837,2063.39,2064.96,900
2026-03-27 08:00:00+00:00,2026-03-27 08:14:59.999000+00:00,2064.86,2067.67968217,2060.54431008,2062.11439535,899
2026-03-27 08:15:00+00:00,2026-03-27 08:29:59.999000+00:00,2062.09323256,2063.21,2053.26,2053.26,900
2026-03-27 08:30:00+00:00,2026-03-27 08:44:59.999000+00:00,2053.26,2056.4,2033.66763566,2042.23,900
2026-03-27 08:45:00+00:00,2026-03-27 08:59:59.999000+00:00,2042.06232157,2052.42587209,2041.80371692,2046.55,900
2026-03-27 09:00:00+00:00,2026-03-27 09:14:59.999000+00:00,2046.52334109,2048.67,2035.83,2040.30639535,900
2026-03-27 09:15:00+00:00,2026-03-27 09:29:59.999000+00:00,2040.4,2050.86,2040.20021251,2049.44096124,900
2026-03-27 09:30:00+00:00,2026-03-27 09:44:59.999000+00:00,2049.43631008,2049.43631008,2042.25170543,2043.3,900
2026-03-27 09:45:00+00:00,2026-03-27 09:59:59.999000+00:00,2043.3,2045.93,2039.44622481,2039.79,900
2026-03-27 10:00:00+00:00,2026-03-27 10:14:59.999000+00:00,2039.89,2042.64,2036.16835659,2038.87976343,900
2026-03-27 10:15:00+00:00,2026-03-27 10:29:59.999000+00:00,2038.87976343,2043.41988372,2038.34281075,2042.02177626,900
2026-03-27 10:30:00+00:00,2026-03-27 10:44:59.999000+00:00,2042.02177626,2043.19,2004.33,2009.88669767,900
2026-03-27 10:45:00+00:00,2026-03-27 10:59:59.999000+00:00,2009.84844961,2011.87,1985.5196124,1990.16574419,900
2026-03-27 11:00:00+00:00,2026-03-27 11:14:59.999000+00:00,1990.07644186,1994.23,1981.90061347,1993.0,900
2026-03-27 11:15:00+00:00,2026-03-27 11:29:59.999000+00:00,1993.0,1996.38,1991.0,1995.6,900
2026-03-27 11:30:00+00:00,2026-03-27 11:44:59.999000+00:00,1995.61,1996.86183721,1992.48548837,1993.77096124,900
2026-03-27 11:45:00+00:00,2026-03-27 11:59:59.999000+00:00,1993.77096124,1995.73,1988.63,1990.23,900
2026-03-27 12:00:00+00:00,2026-03-27 12:14:59.999000+00:00,1990.23,1992.12,1987.78,1989.09,900
2026-03-27 12:15:00+00:00,2026-03-27 12:29:59.999000+00:00,1989.22,1990.63082946,1985.38,1986.03568217,900
2026-03-27 12:30:00+00:00,2026-03-27 12:44:59.999000+00:00,1986.01917054,1988.12,1980.45,1986.76,900
2026-03-27 12:45:00+00:00,2026-03-27 12:59:59.999000+00:00,1986.75,1990.00386822,1982.72108527,1987.83089147,900
2026-03-27 13:00:00+00:00,2026-03-27 13:14:59.999000+00:00,1987.82577519,1991.09,1985.53,1988.70079845,900
2026-03-27 13:15:00+00:00,2026-03-27 13:29:59.999000+00:00,1988.6690417,1995.68,1988.19109302,1994.1,900
2026-03-27 13:30:00+00:00,2026-03-27 13:44:59.999000+00:00,1994.1,1995.58,1970.37348837,1985.87,900
2026-03-27 13:45:00+00:00,2026-03-27 13:59:59.999000+00:00,1985.78973643,1988.8,1973.46817562,1977.55,900
2026-03-27 14:00:00+00:00,2026-03-27 14:14:59.999000+00:00,1977.94,1987.81,1976.16,1985.95,900
2026-03-27 14:15:00+00:00,2026-03-27 14:29:59.999000+00:00,1985.84,1986.19,1971.09,1972.78,900
2026-03-27 14:30:00+00:00,2026-03-27 14:44:59.999000+00:00,1972.78,1980.52,1972.2093876,1977.47,900
2026-03-27 14:45:00+00:00,2026-03-27 14:59:59.999000+00:00,1977.47,1988.57,1975.49,1988.34,900
2026-03-27 15:00:00+00:00,2026-03-27 15:14:59.999000+00:00,1988.34,1993.26964341,1988.01972093,1988.83662791,900
2026-03-27 15:15:00+00:00,2026-03-27 15:29:59.999000+00:00,1988.81709302,1998.74551854,1982.40621091,1993.62332558,900
2026-03-27 15:30:00+00:00,2026-03-27 15:44:59.999000+00:00,1994.01,2009.22,1993.01660465,1998.61,900
2026-03-27 15:45:00+00:00,2026-03-27 15:59:59.999000+00:00,1998.6,2001.44,1988.16,1990.36113953,900
2026-03-27 16:00:00+00:00,2026-03-27 16:14:59.999000+00:00,1990.35509302,1990.35509302,1980.99305426,1985.93,900
2026-03-27 16:15:00+00:00,2026-03-27 16:29:59.999000+00:00,1986.21,1986.39,1984.69,1985.51,102
